
*** Running vivado
    with args -log bd_0_hls_inst_0.vds -m64 -product Vivado -mode batch -messageDb vivado.pb -notrace -source bd_0_hls_inst_0.tcl

!! WARNING !!
"PYTHONPATH" variable is set greater than default max string limit of "519" characters.
Please ignore this, if you have already made changes to your system registry to accept more than
default limit of 519 characters.
!! WARNING !!


****** Vivado v2025.2 (64-bit)
  **** SW Build 6299465 on Fri Nov 14 19:35:11 GMT 2025
  **** IP Build 6300035 on Fri Nov 14 10:48:45 MST 2025
  **** SharedData Build 6298862 on Thu Nov 13 04:50:51 MST 2025
  **** Start of session at: Wed Apr  8 12:51:27 2026
    ** Copyright 1986-2022 Xilinx, Inc. All Rights Reserved.
    ** Copyright 2022-2025 Advanced Micro Devices, Inc. All Rights Reserved.

source bd_0_hls_inst_0.tcl -notrace
INFO: Dispatch client connection id - 51998
create_project: Time (s): cpu = 00:00:08 ; elapsed = 00:00:06 . Memory (MB): peak = 555.254 ; gain = 221.891
INFO: [IP_Flow 19-234] Refreshing IP repositories
INFO: [IP_Flow 19-1700] Loaded user IP repository 'z:/Labs/clab/baseline_blockedMM/baseline_blockedMM/hls/impl/ip'.
INFO: [IP_Flow 19-2313] Loaded Vivado IP repository 'T:/AMDDesignTools/2025.2/Vivado/data/ip'.
WARNING: [IP_Flow 19-4995] The host OS only allows 260 characters in a normal path. The IP cache path is more than 80 characters. If you experience issues with IP caching, please consider changing the IP cache to a location with a shorter path. Alternately consider using the OS subst command to map part of the path to a drive letter. 
Current IP cache path is z:/Labs/clab/baseline_blockedMM/baseline_blockedMM/hls/impl/verilog/project.cache/ip 
Command: synth_design -top bd_0_hls_inst_0 -part xc7z020clg400-1 -directive sdx_optimization_effort_high -incremental_mode off -mode out_of_context
Starting synth_design
Attempting to get a license for feature 'Synthesis' and/or device 'xc7z020'
INFO: [Common 17-349] Got license for feature 'Synthesis' and/or device 'xc7z020'
INFO: [Device 21-403] Loading part xc7z020clg400-1
INFO: [Synth 8-7079] Multithreading enabled for synth_design using a maximum of 2 processes.
INFO: [Synth 8-7078] Launching helper process for spawning children vivado processes
INFO: [Synth 8-7075] Helper process launched with PID 6824
---------------------------------------------------------------------------------
Starting RTL Elaboration : Time (s): cpu = 00:00:05 ; elapsed = 00:00:07 . Memory (MB): peak = 1335.871 ; gain = 540.277
---------------------------------------------------------------------------------
INFO: [Synth 8-6157] synthesizing module 'bd_0_hls_inst_0' [z:/Labs/clab/baseline_blockedMM/baseline_blockedMM/hls/impl/verilog/project.gen/sources_1/bd/bd_0/ip/bd_0_hls_inst_0/synth/bd_0_hls_inst_0.v:53]
INFO: [Synth 8-6157] synthesizing module 'MM' [z:/Labs/clab/baseline_blockedMM/baseline_blockedMM/hls/impl/verilog/project.gen/sources_1/bd/bd_0/ipshared/eab9/hdl/verilog/MM.v:9]
INFO: [Synth 8-6157] synthesizing module 'MM_MM_Pipeline_i_loop' [z:/Labs/clab/baseline_blockedMM/baseline_blockedMM/hls/impl/verilog/project.gen/sources_1/bd/bd_0/ipshared/eab9/hdl/verilog/MM_MM_Pipeline_i_loop.v:9]
INFO: [Synth 8-6157] synthesizing module 'MM_mul_32s_32s_32_1_1' [z:/Labs/clab/baseline_blockedMM/baseline_blockedMM/hls/impl/verilog/project.gen/sources_1/bd/bd_0/ipshared/eab9/hdl/verilog/MM_mul_32s_32s_32_1_1.v:5]
INFO: [Synth 8-6155] done synthesizing module 'MM_mul_32s_32s_32_1_1' (0#1) [z:/Labs/clab/baseline_blockedMM/baseline_blockedMM/hls/impl/verilog/project.gen/sources_1/bd/bd_0/ipshared/eab9/hdl/verilog/MM_mul_32s_32s_32_1_1.v:5]
INFO: [Synth 8-6157] synthesizing module 'MM_sparsemux_33_4_32_1_1' [z:/Labs/clab/baseline_blockedMM/baseline_blockedMM/hls/impl/verilog/project.gen/sources_1/bd/bd_0/ipshared/eab9/hdl/verilog/MM_sparsemux_33_4_32_1_1.v:8]
INFO: [Synth 8-226] default block is never used [z:/Labs/clab/baseline_blockedMM/baseline_blockedMM/hls/impl/verilog/project.gen/sources_1/bd/bd_0/ipshared/eab9/hdl/verilog/MM_sparsemux_33_4_32_1_1.v:126]
INFO: [Synth 8-6155] done synthesizing module 'MM_sparsemux_33_4_32_1_1' (0#1) [z:/Labs/clab/baseline_blockedMM/baseline_blockedMM/hls/impl/verilog/project.gen/sources_1/bd/bd_0/ipshared/eab9/hdl/verilog/MM_sparsemux_33_4_32_1_1.v:8]
INFO: [Synth 8-6157] synthesizing module 'MM_flow_control_loop_pipe_sequential_init' [z:/Labs/clab/baseline_blockedMM/baseline_blockedMM/hls/impl/verilog/project.gen/sources_1/bd/bd_0/ipshared/eab9/hdl/verilog/MM_flow_control_loop_pipe_sequential_init.v:11]
INFO: [Synth 8-6155] done synthesizing module 'MM_flow_control_loop_pipe_sequential_init' (0#1) [z:/Labs/clab/baseline_blockedMM/baseline_blockedMM/hls/impl/verilog/project.gen/sources_1/bd/bd_0/ipshared/eab9/hdl/verilog/MM_flow_control_loop_pipe_sequential_init.v:11]
INFO: [Synth 8-6155] done synthesizing module 'MM_MM_Pipeline_i_loop' (0#1) [z:/Labs/clab/baseline_blockedMM/baseline_blockedMM/hls/impl/verilog/project.gen/sources_1/bd/bd_0/ipshared/eab9/hdl/verilog/MM_MM_Pipeline_i_loop.v:9]
INFO: [Synth 8-6157] synthesizing module 'MM_control_s_axi' [z:/Labs/clab/baseline_blockedMM/baseline_blockedMM/hls/impl/verilog/project.gen/sources_1/bd/bd_0/ipshared/eab9/hdl/verilog/MM_control_s_axi.v:9]
INFO: [Synth 8-155] case statement is not full and has no default [z:/Labs/clab/baseline_blockedMM/baseline_blockedMM/hls/impl/verilog/project.gen/sources_1/bd/bd_0/ipshared/eab9/hdl/verilog/MM_control_s_axi.v:258]
INFO: [Synth 8-6155] done synthesizing module 'MM_control_s_axi' (0#1) [z:/Labs/clab/baseline_blockedMM/baseline_blockedMM/hls/impl/verilog/project.gen/sources_1/bd/bd_0/ipshared/eab9/hdl/verilog/MM_control_s_axi.v:9]
INFO: [Synth 8-6157] synthesizing module 'MM_gmem_m_axi' [z:/Labs/clab/baseline_blockedMM/baseline_blockedMM/hls/impl/verilog/project.gen/sources_1/bd/bd_0/ipshared/eab9/hdl/verilog/MM_gmem_m_axi.v:9]
INFO: [Synth 8-6157] synthesizing module 'MM_gmem_m_axi_store' [z:/Labs/clab/baseline_blockedMM/baseline_blockedMM/hls/impl/verilog/project.gen/sources_1/bd/bd_0/ipshared/eab9/hdl/verilog/MM_gmem_m_axi.v:917]
INFO: [Synth 8-6157] synthesizing module 'MM_gmem_m_axi_fifo' [z:/Labs/clab/baseline_blockedMM/baseline_blockedMM/hls/impl/verilog/project.gen/sources_1/bd/bd_0/ipshared/eab9/hdl/verilog/MM_gmem_m_axi.v:3630]
INFO: [Synth 8-6157] synthesizing module 'MM_gmem_m_axi_srl' [z:/Labs/clab/baseline_blockedMM/baseline_blockedMM/hls/impl/verilog/project.gen/sources_1/bd/bd_0/ipshared/eab9/hdl/verilog/MM_gmem_m_axi.v:3843]
INFO: [Synth 8-6155] done synthesizing module 'MM_gmem_m_axi_srl' (0#1) [z:/Labs/clab/baseline_blockedMM/baseline_blockedMM/hls/impl/verilog/project.gen/sources_1/bd/bd_0/ipshared/eab9/hdl/verilog/MM_gmem_m_axi.v:3843]
INFO: [Synth 8-6155] done synthesizing module 'MM_gmem_m_axi_fifo' (0#1) [z:/Labs/clab/baseline_blockedMM/baseline_blockedMM/hls/impl/verilog/project.gen/sources_1/bd/bd_0/ipshared/eab9/hdl/verilog/MM_gmem_m_axi.v:3630]
INFO: [Synth 8-6157] synthesizing module 'MM_gmem_m_axi_fifo__parameterized0' [z:/Labs/clab/baseline_blockedMM/baseline_blockedMM/hls/impl/verilog/project.gen/sources_1/bd/bd_0/ipshared/eab9/hdl/verilog/MM_gmem_m_axi.v:3630]
INFO: [Synth 8-6157] synthesizing module 'MM_gmem_m_axi_srl__parameterized0' [z:/Labs/clab/baseline_blockedMM/baseline_blockedMM/hls/impl/verilog/project.gen/sources_1/bd/bd_0/ipshared/eab9/hdl/verilog/MM_gmem_m_axi.v:3843]
INFO: [Synth 8-6155] done synthesizing module 'MM_gmem_m_axi_srl__parameterized0' (0#1) [z:/Labs/clab/baseline_blockedMM/baseline_blockedMM/hls/impl/verilog/project.gen/sources_1/bd/bd_0/ipshared/eab9/hdl/verilog/MM_gmem_m_axi.v:3843]
INFO: [Synth 8-6155] done synthesizing module 'MM_gmem_m_axi_fifo__parameterized0' (0#1) [z:/Labs/clab/baseline_blockedMM/baseline_blockedMM/hls/impl/verilog/project.gen/sources_1/bd/bd_0/ipshared/eab9/hdl/verilog/MM_gmem_m_axi.v:3630]
INFO: [Synth 8-6157] synthesizing module 'MM_gmem_m_axi_fifo__parameterized1' [z:/Labs/clab/baseline_blockedMM/baseline_blockedMM/hls/impl/verilog/project.gen/sources_1/bd/bd_0/ipshared/eab9/hdl/verilog/MM_gmem_m_axi.v:3630]
INFO: [Synth 8-6157] synthesizing module 'MM_gmem_m_axi_srl__parameterized1' [z:/Labs/clab/baseline_blockedMM/baseline_blockedMM/hls/impl/verilog/project.gen/sources_1/bd/bd_0/ipshared/eab9/hdl/verilog/MM_gmem_m_axi.v:3843]
INFO: [Synth 8-6155] done synthesizing module 'MM_gmem_m_axi_srl__parameterized1' (0#1) [z:/Labs/clab/baseline_blockedMM/baseline_blockedMM/hls/impl/verilog/project.gen/sources_1/bd/bd_0/ipshared/eab9/hdl/verilog/MM_gmem_m_axi.v:3843]
INFO: [Synth 8-6155] done synthesizing module 'MM_gmem_m_axi_fifo__parameterized1' (0#1) [z:/Labs/clab/baseline_blockedMM/baseline_blockedMM/hls/impl/verilog/project.gen/sources_1/bd/bd_0/ipshared/eab9/hdl/verilog/MM_gmem_m_axi.v:3630]
INFO: [Synth 8-6157] synthesizing module 'MM_gmem_m_axi_fifo__parameterized2' [z:/Labs/clab/baseline_blockedMM/baseline_blockedMM/hls/impl/verilog/project.gen/sources_1/bd/bd_0/ipshared/eab9/hdl/verilog/MM_gmem_m_axi.v:3630]
INFO: [Synth 8-6157] synthesizing module 'MM_gmem_m_axi_srl__parameterized2' [z:/Labs/clab/baseline_blockedMM/baseline_blockedMM/hls/impl/verilog/project.gen/sources_1/bd/bd_0/ipshared/eab9/hdl/verilog/MM_gmem_m_axi.v:3843]
INFO: [Synth 8-6155] done synthesizing module 'MM_gmem_m_axi_srl__parameterized2' (0#1) [z:/Labs/clab/baseline_blockedMM/baseline_blockedMM/hls/impl/verilog/project.gen/sources_1/bd/bd_0/ipshared/eab9/hdl/verilog/MM_gmem_m_axi.v:3843]
INFO: [Synth 8-6155] done synthesizing module 'MM_gmem_m_axi_fifo__parameterized2' (0#1) [z:/Labs/clab/baseline_blockedMM/baseline_blockedMM/hls/impl/verilog/project.gen/sources_1/bd/bd_0/ipshared/eab9/hdl/verilog/MM_gmem_m_axi.v:3630]
INFO: [Synth 8-6157] synthesizing module 'MM_gmem_m_axi_fifo__parameterized3' [z:/Labs/clab/baseline_blockedMM/baseline_blockedMM/hls/impl/verilog/project.gen/sources_1/bd/bd_0/ipshared/eab9/hdl/verilog/MM_gmem_m_axi.v:3630]
INFO: [Synth 8-6157] synthesizing module 'MM_gmem_m_axi_srl__parameterized3' [z:/Labs/clab/baseline_blockedMM/baseline_blockedMM/hls/impl/verilog/project.gen/sources_1/bd/bd_0/ipshared/eab9/hdl/verilog/MM_gmem_m_axi.v:3843]
INFO: [Synth 8-6155] done synthesizing module 'MM_gmem_m_axi_srl__parameterized3' (0#1) [z:/Labs/clab/baseline_blockedMM/baseline_blockedMM/hls/impl/verilog/project.gen/sources_1/bd/bd_0/ipshared/eab9/hdl/verilog/MM_gmem_m_axi.v:3843]
INFO: [Synth 8-6155] done synthesizing module 'MM_gmem_m_axi_fifo__parameterized3' (0#1) [z:/Labs/clab/baseline_blockedMM/baseline_blockedMM/hls/impl/verilog/project.gen/sources_1/bd/bd_0/ipshared/eab9/hdl/verilog/MM_gmem_m_axi.v:3630]
INFO: [Synth 8-6155] done synthesizing module 'MM_gmem_m_axi_store' (0#1) [z:/Labs/clab/baseline_blockedMM/baseline_blockedMM/hls/impl/verilog/project.gen/sources_1/bd/bd_0/ipshared/eab9/hdl/verilog/MM_gmem_m_axi.v:917]
INFO: [Synth 8-6157] synthesizing module 'MM_gmem_m_axi_load' [z:/Labs/clab/baseline_blockedMM/baseline_blockedMM/hls/impl/verilog/project.gen/sources_1/bd/bd_0/ipshared/eab9/hdl/verilog/MM_gmem_m_axi.v:413]
INFO: [Synth 8-6157] synthesizing module 'MM_gmem_m_axi_fifo__parameterized4' [z:/Labs/clab/baseline_blockedMM/baseline_blockedMM/hls/impl/verilog/project.gen/sources_1/bd/bd_0/ipshared/eab9/hdl/verilog/MM_gmem_m_axi.v:3630]
INFO: [Synth 8-6157] synthesizing module 'MM_gmem_m_axi_mem' [z:/Labs/clab/baseline_blockedMM/baseline_blockedMM/hls/impl/verilog/project.gen/sources_1/bd/bd_0/ipshared/eab9/hdl/verilog/MM_gmem_m_axi.v:3883]
INFO: [Synth 8-6155] done synthesizing module 'MM_gmem_m_axi_mem' (0#1) [z:/Labs/clab/baseline_blockedMM/baseline_blockedMM/hls/impl/verilog/project.gen/sources_1/bd/bd_0/ipshared/eab9/hdl/verilog/MM_gmem_m_axi.v:3883]
INFO: [Synth 8-6155] done synthesizing module 'MM_gmem_m_axi_fifo__parameterized4' (0#1) [z:/Labs/clab/baseline_blockedMM/baseline_blockedMM/hls/impl/verilog/project.gen/sources_1/bd/bd_0/ipshared/eab9/hdl/verilog/MM_gmem_m_axi.v:3630]
INFO: [Synth 8-6155] done synthesizing module 'MM_gmem_m_axi_load' (0#1) [z:/Labs/clab/baseline_blockedMM/baseline_blockedMM/hls/impl/verilog/project.gen/sources_1/bd/bd_0/ipshared/eab9/hdl/verilog/MM_gmem_m_axi.v:413]
INFO: [Synth 8-6157] synthesizing module 'MM_gmem_m_axi_write' [z:/Labs/clab/baseline_blockedMM/baseline_blockedMM/hls/impl/verilog/project.gen/sources_1/bd/bd_0/ipshared/eab9/hdl/verilog/MM_gmem_m_axi.v:1961]
INFO: [Synth 8-6157] synthesizing module 'MM_gmem_m_axi_burst_converter' [z:/Labs/clab/baseline_blockedMM/baseline_blockedMM/hls/impl/verilog/project.gen/sources_1/bd/bd_0/ipshared/eab9/hdl/verilog/MM_gmem_m_axi.v:2256]
INFO: [Synth 8-6157] synthesizing module 'MM_gmem_m_axi_burst_sequential' [z:/Labs/clab/baseline_blockedMM/baseline_blockedMM/hls/impl/verilog/project.gen/sources_1/bd/bd_0/ipshared/eab9/hdl/verilog/MM_gmem_m_axi.v:2862]
INFO: [Synth 8-6157] synthesizing module 'MM_gmem_m_axi_reg_slice' [z:/Labs/clab/baseline_blockedMM/baseline_blockedMM/hls/impl/verilog/project.gen/sources_1/bd/bd_0/ipshared/eab9/hdl/verilog/MM_gmem_m_axi.v:3526]
INFO: [Synth 8-6155] done synthesizing module 'MM_gmem_m_axi_reg_slice' (0#1) [z:/Labs/clab/baseline_blockedMM/baseline_blockedMM/hls/impl/verilog/project.gen/sources_1/bd/bd_0/ipshared/eab9/hdl/verilog/MM_gmem_m_axi.v:3526]
INFO: [Synth 8-6155] done synthesizing module 'MM_gmem_m_axi_burst_sequential' (0#1) [z:/Labs/clab/baseline_blockedMM/baseline_blockedMM/hls/impl/verilog/project.gen/sources_1/bd/bd_0/ipshared/eab9/hdl/verilog/MM_gmem_m_axi.v:2862]
INFO: [Synth 8-6155] done synthesizing module 'MM_gmem_m_axi_burst_converter' (0#1) [z:/Labs/clab/baseline_blockedMM/baseline_blockedMM/hls/impl/verilog/project.gen/sources_1/bd/bd_0/ipshared/eab9/hdl/verilog/MM_gmem_m_axi.v:2256]
INFO: [Synth 8-6157] synthesizing module 'MM_gmem_m_axi_throttle' [z:/Labs/clab/baseline_blockedMM/baseline_blockedMM/hls/impl/verilog/project.gen/sources_1/bd/bd_0/ipshared/eab9/hdl/verilog/MM_gmem_m_axi.v:3257]
INFO: [Synth 8-6157] synthesizing module 'MM_gmem_m_axi_fifo__parameterized5' [z:/Labs/clab/baseline_blockedMM/baseline_blockedMM/hls/impl/verilog/project.gen/sources_1/bd/bd_0/ipshared/eab9/hdl/verilog/MM_gmem_m_axi.v:3630]
INFO: [Synth 8-6157] synthesizing module 'MM_gmem_m_axi_srl__parameterized4' [z:/Labs/clab/baseline_blockedMM/baseline_blockedMM/hls/impl/verilog/project.gen/sources_1/bd/bd_0/ipshared/eab9/hdl/verilog/MM_gmem_m_axi.v:3843]
INFO: [Synth 8-6155] done synthesizing module 'MM_gmem_m_axi_srl__parameterized4' (0#1) [z:/Labs/clab/baseline_blockedMM/baseline_blockedMM/hls/impl/verilog/project.gen/sources_1/bd/bd_0/ipshared/eab9/hdl/verilog/MM_gmem_m_axi.v:3843]
INFO: [Synth 8-6155] done synthesizing module 'MM_gmem_m_axi_fifo__parameterized5' (0#1) [z:/Labs/clab/baseline_blockedMM/baseline_blockedMM/hls/impl/verilog/project.gen/sources_1/bd/bd_0/ipshared/eab9/hdl/verilog/MM_gmem_m_axi.v:3630]
INFO: [Synth 8-6157] synthesizing module 'MM_gmem_m_axi_reg_slice__parameterized0' [z:/Labs/clab/baseline_blockedMM/baseline_blockedMM/hls/impl/verilog/project.gen/sources_1/bd/bd_0/ipshared/eab9/hdl/verilog/MM_gmem_m_axi.v:3526]
INFO: [Synth 8-6155] done synthesizing module 'MM_gmem_m_axi_reg_slice__parameterized0' (0#1) [z:/Labs/clab/baseline_blockedMM/baseline_blockedMM/hls/impl/verilog/project.gen/sources_1/bd/bd_0/ipshared/eab9/hdl/verilog/MM_gmem_m_axi.v:3526]
INFO: [Synth 8-6157] synthesizing module 'MM_gmem_m_axi_reg_slice__parameterized1' [z:/Labs/clab/baseline_blockedMM/baseline_blockedMM/hls/impl/verilog/project.gen/sources_1/bd/bd_0/ipshared/eab9/hdl/verilog/MM_gmem_m_axi.v:3526]
INFO: [Synth 8-6155] done synthesizing module 'MM_gmem_m_axi_reg_slice__parameterized1' (0#1) [z:/Labs/clab/baseline_blockedMM/baseline_blockedMM/hls/impl/verilog/project.gen/sources_1/bd/bd_0/ipshared/eab9/hdl/verilog/MM_gmem_m_axi.v:3526]
INFO: [Synth 8-6155] done synthesizing module 'MM_gmem_m_axi_throttle' (0#1) [z:/Labs/clab/baseline_blockedMM/baseline_blockedMM/hls/impl/verilog/project.gen/sources_1/bd/bd_0/ipshared/eab9/hdl/verilog/MM_gmem_m_axi.v:3257]
INFO: [Synth 8-6157] synthesizing module 'MM_gmem_m_axi_reg_slice__parameterized2' [z:/Labs/clab/baseline_blockedMM/baseline_blockedMM/hls/impl/verilog/project.gen/sources_1/bd/bd_0/ipshared/eab9/hdl/verilog/MM_gmem_m_axi.v:3526]
INFO: [Synth 8-6155] done synthesizing module 'MM_gmem_m_axi_reg_slice__parameterized2' (0#1) [z:/Labs/clab/baseline_blockedMM/baseline_blockedMM/hls/impl/verilog/project.gen/sources_1/bd/bd_0/ipshared/eab9/hdl/verilog/MM_gmem_m_axi.v:3526]
INFO: [Synth 8-6155] done synthesizing module 'MM_gmem_m_axi_write' (0#1) [z:/Labs/clab/baseline_blockedMM/baseline_blockedMM/hls/impl/verilog/project.gen/sources_1/bd/bd_0/ipshared/eab9/hdl/verilog/MM_gmem_m_axi.v:1961]
INFO: [Synth 8-6157] synthesizing module 'MM_gmem_m_axi_read' [z:/Labs/clab/baseline_blockedMM/baseline_blockedMM/hls/impl/verilog/project.gen/sources_1/bd/bd_0/ipshared/eab9/hdl/verilog/MM_gmem_m_axi.v:1709]
INFO: [Synth 8-6157] synthesizing module 'MM_gmem_m_axi_reg_slice__parameterized3' [z:/Labs/clab/baseline_blockedMM/baseline_blockedMM/hls/impl/verilog/project.gen/sources_1/bd/bd_0/ipshared/eab9/hdl/verilog/MM_gmem_m_axi.v:3526]
INFO: [Synth 8-6155] done synthesizing module 'MM_gmem_m_axi_reg_slice__parameterized3' (0#1) [z:/Labs/clab/baseline_blockedMM/baseline_blockedMM/hls/impl/verilog/project.gen/sources_1/bd/bd_0/ipshared/eab9/hdl/verilog/MM_gmem_m_axi.v:3526]
INFO: [Synth 8-6155] done synthesizing module 'MM_gmem_m_axi_read' (0#1) [z:/Labs/clab/baseline_blockedMM/baseline_blockedMM/hls/impl/verilog/project.gen/sources_1/bd/bd_0/ipshared/eab9/hdl/verilog/MM_gmem_m_axi.v:1709]
INFO: [Synth 8-6155] done synthesizing module 'MM_gmem_m_axi' (0#1) [z:/Labs/clab/baseline_blockedMM/baseline_blockedMM/hls/impl/verilog/project.gen/sources_1/bd/bd_0/ipshared/eab9/hdl/verilog/MM_gmem_m_axi.v:9]
INFO: [Synth 8-6157] synthesizing module 'MM_mul_31ns_32s_32_1_1' [z:/Labs/clab/baseline_blockedMM/baseline_blockedMM/hls/impl/verilog/project.gen/sources_1/bd/bd_0/ipshared/eab9/hdl/verilog/MM_mul_31ns_32s_32_1_1.v:5]
INFO: [Synth 8-6155] done synthesizing module 'MM_mul_31ns_32s_32_1_1' (0#1) [z:/Labs/clab/baseline_blockedMM/baseline_blockedMM/hls/impl/verilog/project.gen/sources_1/bd/bd_0/ipshared/eab9/hdl/verilog/MM_mul_31ns_32s_32_1_1.v:5]
INFO: [Synth 8-6155] done synthesizing module 'MM' (0#1) [z:/Labs/clab/baseline_blockedMM/baseline_blockedMM/hls/impl/verilog/project.gen/sources_1/bd/bd_0/ipshared/eab9/hdl/verilog/MM.v:9]
INFO: [Synth 8-6155] done synthesizing module 'bd_0_hls_inst_0' (0#1) [z:/Labs/clab/baseline_blockedMM/baseline_blockedMM/hls/impl/verilog/project.gen/sources_1/bd/bd_0/ip/bd_0_hls_inst_0/synth/bd_0_hls_inst_0.v:53]
INFO: [Synth 8-6014] Unused sequential element int_ap_done_reg was removed.  [z:/Labs/clab/baseline_blockedMM/baseline_blockedMM/hls/impl/verilog/project.gen/sources_1/bd/bd_0/ipshared/eab9/hdl/verilog/MM_control_s_axi.v:355]
INFO: [Synth 8-4490] FSM extraction disabled for register 'ap_CS_fsm_reg' through user attribute
INFO: [Synth 8-7129] Port in_BUS_RID[0] in module MM_gmem_m_axi_read is either unconnected or has no load
INFO: [Synth 8-7129] Port in_BUS_RRESP[1] in module MM_gmem_m_axi_read is either unconnected or has no load
INFO: [Synth 8-7129] Port in_BUS_RRESP[0] in module MM_gmem_m_axi_read is either unconnected or has no load
INFO: [Synth 8-7129] Port in_BUS_RUSER[0] in module MM_gmem_m_axi_read is either unconnected or has no load
INFO: [Synth 8-7129] Port in_BURST_AWLEN[7] in module MM_gmem_m_axi_throttle is either unconnected or has no load
INFO: [Synth 8-7129] Port in_BURST_AWLEN[6] in module MM_gmem_m_axi_throttle is either unconnected or has no load
INFO: [Synth 8-7129] Port in_BURST_AWLEN[5] in module MM_gmem_m_axi_throttle is either unconnected or has no load
INFO: [Synth 8-7129] Port in_BURST_AWLEN[4] in module MM_gmem_m_axi_throttle is either unconnected or has no load
INFO: [Synth 8-7129] Port in_BURST_AWLEN[3] in module MM_gmem_m_axi_throttle is either unconnected or has no load
INFO: [Synth 8-7129] Port in_BURST_AWLEN[2] in module MM_gmem_m_axi_throttle is either unconnected or has no load
INFO: [Synth 8-7129] Port in_BURST_AWLEN[1] in module MM_gmem_m_axi_throttle is either unconnected or has no load
INFO: [Synth 8-7129] Port in_BURST_AWLEN[0] in module MM_gmem_m_axi_throttle is either unconnected or has no load
INFO: [Synth 8-7129] Port in_BUS_BID[0] in module MM_gmem_m_axi_write is either unconnected or has no load
INFO: [Synth 8-7129] Port in_BUS_BRESP[1] in module MM_gmem_m_axi_write is either unconnected or has no load
INFO: [Synth 8-7129] Port in_BUS_BRESP[0] in module MM_gmem_m_axi_write is either unconnected or has no load
INFO: [Synth 8-7129] Port in_BUS_BUSER[0] in module MM_gmem_m_axi_write is either unconnected or has no load
INFO: [Synth 8-7129] Port AWADDR[1] in module MM_control_s_axi is either unconnected or has no load
INFO: [Synth 8-7129] Port AWADDR[0] in module MM_control_s_axi is either unconnected or has no load
---------------------------------------------------------------------------------
Finished RTL Elaboration : Time (s): cpu = 00:00:09 ; elapsed = 00:00:11 . Memory (MB): peak = 1553.453 ; gain = 757.859
---------------------------------------------------------------------------------
---------------------------------------------------------------------------------
Start Handling Custom Attributes
---------------------------------------------------------------------------------
---------------------------------------------------------------------------------
Finished Handling Custom Attributes : Time (s): cpu = 00:00:09 ; elapsed = 00:00:11 . Memory (MB): peak = 1553.453 ; gain = 757.859
---------------------------------------------------------------------------------
---------------------------------------------------------------------------------
Finished RTL Optimization Phase 1 : Time (s): cpu = 00:00:09 ; elapsed = 00:00:11 . Memory (MB): peak = 1553.453 ; gain = 757.859
---------------------------------------------------------------------------------
Netlist sorting complete. Time (s): cpu = 00:00:01 ; elapsed = 00:00:00.968 . Memory (MB): peak = 1553.453 ; gain = 0.000
INFO: [Project 1-570] Preparing netlist for logic optimization

Processing XDC Constraints
Initializing timing engine
Parsing XDC File [z:/Labs/clab/baseline_blockedMM/baseline_blockedMM/hls/impl/verilog/project.gen/sources_1/bd/bd_0/ip/bd_0_hls_inst_0/constraints/MM_ooc.xdc] for cell 'inst'
Finished Parsing XDC File [z:/Labs/clab/baseline_blockedMM/baseline_blockedMM/hls/impl/verilog/project.gen/sources_1/bd/bd_0/ip/bd_0_hls_inst_0/constraints/MM_ooc.xdc] for cell 'inst'
Parsing XDC File [Z:/Labs/clab/baseline_blockedMM/baseline_blockedMM/hls/impl/verilog/project.runs/bd_0_hls_inst_0_synth_1/dont_touch.xdc]
Finished Parsing XDC File [Z:/Labs/clab/baseline_blockedMM/baseline_blockedMM/hls/impl/verilog/project.runs/bd_0_hls_inst_0_synth_1/dont_touch.xdc]
Completed Processing XDC Constraints

Netlist sorting complete. Time (s): cpu = 00:00:00 ; elapsed = 00:00:00.046 . Memory (MB): peak = 1707.762 ; gain = 0.000
INFO: [Project 1-111] Unisim Transformation Summary:
No Unisim elements were transformed.

---------------------------------------------------------------------------------
Finished Constraint Validation : Time (s): cpu = 00:00:31 ; elapsed = 00:00:33 . Memory (MB): peak = 1725.512 ; gain = 929.918
---------------------------------------------------------------------------------
---------------------------------------------------------------------------------
Start Loading Part and Timing Information
---------------------------------------------------------------------------------
Loading part: xc7z020clg400-1
---------------------------------------------------------------------------------
Finished Loading Part and Timing Information : Time (s): cpu = 00:00:31 ; elapsed = 00:00:33 . Memory (MB): peak = 1725.512 ; gain = 929.918
---------------------------------------------------------------------------------
---------------------------------------------------------------------------------
Start Applying 'set_property' XDC Constraints
---------------------------------------------------------------------------------
---------------------------------------------------------------------------------
Finished applying 'set_property' XDC Constraints : Time (s): cpu = 00:00:31 ; elapsed = 00:00:33 . Memory (MB): peak = 1725.512 ; gain = 929.918
---------------------------------------------------------------------------------
INFO: [Synth 8-802] inferred FSM for state register 'wstate_reg' in module 'MM_control_s_axi'
INFO: [Synth 8-802] inferred FSM for state register 'rstate_reg' in module 'MM_control_s_axi'
INFO: [Synth 8-802] inferred FSM for state register 'state_reg' in module 'MM_gmem_m_axi_reg_slice'
INFO: [Synth 8-802] inferred FSM for state register 'state_reg' in module 'MM_gmem_m_axi_reg_slice__parameterized0'
INFO: [Synth 8-802] inferred FSM for state register 'state_reg' in module 'MM_gmem_m_axi_reg_slice__parameterized1'
INFO: [Synth 8-802] inferred FSM for state register 'state_reg' in module 'MM_gmem_m_axi_reg_slice__parameterized2'
INFO: [Synth 8-802] inferred FSM for state register 'state_reg' in module 'MM_gmem_m_axi_reg_slice__parameterized3'
INFO: [Synth 8-4490] FSM extraction disabled for register 'ap_CS_fsm_reg' through user attribute
INFO: [Synth 8-4490] FSM extraction disabled for register 'ap_CS_fsm_reg' through user attribute
INFO: [Synth 8-4490] FSM extraction disabled for register 'ap_CS_fsm_reg' through user attribute
---------------------------------------------------------------------------------------------------
                   State |                     New Encoding |                Previous Encoding 
---------------------------------------------------------------------------------------------------
                  iSTATE |                             0001 |                               11
*
                  WRIDLE |                             0010 |                               00
                  WRDATA |                             0100 |                               01
                  WRRESP |                             1000 |                               10
---------------------------------------------------------------------------------------------------
INFO: [Synth 8-3354] encoded FSM with state register 'wstate_reg' using encoding 'one-hot' in module 'MM_control_s_axi'
---------------------------------------------------------------------------------------------------
                   State |                     New Encoding |                Previous Encoding 
---------------------------------------------------------------------------------------------------
                  iSTATE |                              001 |                               10
*
                  RDIDLE |                              010 |                               00
                  RDDATA |                              100 |                               01
---------------------------------------------------------------------------------------------------
INFO: [Synth 8-3354] encoded FSM with state register 'rstate_reg' using encoding 'one-hot' in module 'MM_control_s_axi'
---------------------------------------------------------------------------------------------------
                   State |                     New Encoding |                Previous Encoding 
---------------------------------------------------------------------------------------------------
                    ZERO |                               00 |                               10
                     ONE |                               10 |                               11
                     TWO |                               01 |                               01
---------------------------------------------------------------------------------------------------
INFO: [Synth 8-3354] encoded FSM with state register 'state_reg' using encoding 'sequential' in module 'MM_gmem_m_axi_reg_slice'
---------------------------------------------------------------------------------------------------
                   State |                     New Encoding |                Previous Encoding 
---------------------------------------------------------------------------------------------------
                    ZERO |                               00 |                               10
                     ONE |                               10 |                               11
                     TWO |                               01 |                               01
---------------------------------------------------------------------------------------------------
INFO: [Synth 8-3354] encoded FSM with state register 'state_reg' using encoding 'sequential' in module 'MM_gmem_m_axi_reg_slice__parameterized0'
---------------------------------------------------------------------------------------------------
                   State |                     New Encoding |                Previous Encoding 
---------------------------------------------------------------------------------------------------
                    ZERO |                               00 |                               10
                     ONE |                               10 |                               11
                     TWO |                               01 |                               01
---------------------------------------------------------------------------------------------------
INFO: [Synth 8-3354] encoded FSM with state register 'state_reg' using encoding 'sequential' in module 'MM_gmem_m_axi_reg_slice__parameterized1'
---------------------------------------------------------------------------------------------------
                   State |                     New Encoding |                Previous Encoding 
---------------------------------------------------------------------------------------------------
                    ZERO |                               00 |                               10
                     ONE |                               10 |                               11
                     TWO |                               01 |                               01
---------------------------------------------------------------------------------------------------
INFO: [Synth 8-3354] encoded FSM with state register 'state_reg' using encoding 'sequential' in module 'MM_gmem_m_axi_reg_slice__parameterized2'
---------------------------------------------------------------------------------------------------
                   State |                     New Encoding |                Previous Encoding 
---------------------------------------------------------------------------------------------------
                    ZERO |                               00 |                               10
                     ONE |                               10 |                               11
                     TWO |                               01 |                               01
---------------------------------------------------------------------------------------------------
INFO: [Synth 8-3354] encoded FSM with state register 'state_reg' using encoding 'sequential' in module 'MM_gmem_m_axi_reg_slice__parameterized3'
---------------------------------------------------------------------------------
Finished RTL Optimization Phase 2 : Time (s): cpu = 00:00:33 ; elapsed = 00:00:36 . Memory (MB): peak = 1725.512 ; gain = 929.918
---------------------------------------------------------------------------------
---------------------------------------------------------------------------------
Start RTL Component Statistics 
---------------------------------------------------------------------------------
Detailed RTL Component Info : 
+---Adders : 
	   2 Input   64 Bit       Adders := 19    
	   2 Input   32 Bit       Adders := 25    
	   2 Input   31 Bit       Adders := 2     
	   2 Input   28 Bit       Adders := 6     
	   2 Input   27 Bit       Adders := 3     
	   2 Input   20 Bit       Adders := 2     
	   2 Input   12 Bit       Adders := 2     
	   3 Input    9 Bit       Adders := 1     
	   2 Input    9 Bit       Adders := 2     
	   3 Input    8 Bit       Adders := 1     
	   2 Input    8 Bit       Adders := 3     
	   2 Input    6 Bit       Adders := 16    
	   2 Input    5 Bit       Adders := 17    
	   2 Input    4 Bit       Adders := 12    
	   2 Input    3 Bit       Adders := 6     
	   2 Input    2 Bit       Adders := 4     
+---XORs : 
	   2 Input    512 Bit         XORs := 1     
	   2 Input      1 Bit         XORs := 3     
+---Registers : 
	              576 Bit    Registers := 1     
	              514 Bit    Registers := 3     
	              512 Bit    Registers := 51    
	              503 Bit    Registers := 1     
	               97 Bit    Registers := 4     
	               96 Bit    Registers := 2     
	               73 Bit    Registers := 2     
	               64 Bit    Registers := 12    
	               59 Bit    Registers := 16    
	               58 Bit    Registers := 4     
	               52 Bit    Registers := 2     
	               32 Bit    Registers := 87    
	               31 Bit    Registers := 2     
	               28 Bit    Registers := 3     
	               27 Bit    Registers := 9     
	               26 Bit    Registers := 1     
	               20 Bit    Registers := 4     
	               12 Bit    Registers := 2     
	                9 Bit    Registers := 4     
	                8 Bit    Registers := 8     
	                7 Bit    Registers := 1     
	                6 Bit    Registers := 24    
	                5 Bit    Registers := 20    
	                4 Bit    Registers := 17    
	                3 Bit    Registers := 4     
	                2 Bit    Registers := 9     
	                1 Bit    Registers := 100   
+---Multipliers : 
	              32x32  Multipliers := 18    
+---RAMs : 
	             127K Bit	(255 X 514 bit)          RAMs := 1     
+---Muxes : 
	   2 Input  514 Bit        Muxes := 1     
	   2 Input  512 Bit        Muxes := 50    
	   2 Input   97 Bit        Muxes := 2     
	   2 Input   73 Bit        Muxes := 1     
	   2 Input   64 Bit        Muxes := 8     
	   2 Input   58 Bit        Muxes := 1     
	   2 Input   54 Bit        Muxes := 1     
	   2 Input   53 Bit        Muxes := 1     
	   2 Input   49 Bit        Muxes := 1     
	   2 Input   48 Bit        Muxes := 1     
	   2 Input   47 Bit        Muxes := 1     
	   2 Input   46 Bit        Muxes := 1     
	   2 Input   44 Bit        Muxes := 1     
	   2 Input   43 Bit        Muxes := 1     
	   2 Input   36 Bit        Muxes := 1     
	   2 Input   35 Bit        Muxes := 1     
	   2 Input   32 Bit        Muxes := 3     
	   2 Input   31 Bit        Muxes := 2     
	   2 Input   28 Bit        Muxes := 7     
	   2 Input   27 Bit        Muxes := 1     
	   2 Input   26 Bit        Muxes := 1     
	   2 Input   25 Bit        Muxes := 1     
	   2 Input   24 Bit        Muxes := 1     
	   2 Input   23 Bit        Muxes := 1     
	   2 Input   22 Bit        Muxes := 1     
	   2 Input   21 Bit        Muxes := 1     
	   2 Input   20 Bit        Muxes := 5     
	   2 Input   19 Bit        Muxes := 1     
	   2 Input   18 Bit        Muxes := 1     
	   2 Input   17 Bit        Muxes := 1     
	   2 Input   16 Bit        Muxes := 1     
	   2 Input   15 Bit        Muxes := 1     
	   2 Input   14 Bit        Muxes := 1     
	   2 Input   13 Bit        Muxes := 1     
	   4 Input   12 Bit        Muxes := 4     
	   2 Input   12 Bit        Muxes := 3     
	   2 Input   11 Bit        Muxes := 1     
	   2 Input   10 Bit        Muxes := 1     
	   2 Input    9 Bit        Muxes := 3     
	   4 Input    8 Bit        Muxes := 4     
	   2 Input    8 Bit        Muxes := 5     
	   2 Input    7 Bit        Muxes := 1     
	   2 Input    6 Bit        Muxes := 12    
	   2 Input    5 Bit        Muxes := 9     
	   2 Input    4 Bit        Muxes := 7     
	   4 Input    4 Bit        Muxes := 1     
	   2 Input    3 Bit        Muxes := 6     
	   3 Input    3 Bit        Muxes := 1     
	   2 Input    2 Bit        Muxes := 92    
	   3 Input    2 Bit        Muxes := 18    
	   4 Input    2 Bit        Muxes := 6     
	   2 Input    1 Bit        Muxes := 146   
	   4 Input    1 Bit        Muxes := 1     
---------------------------------------------------------------------------------
Finished RTL Component Statistics 
---------------------------------------------------------------------------------
---------------------------------------------------------------------------------
Start Part Resource Summary
---------------------------------------------------------------------------------
Part Resources:
DSPs: 220 (col length:60)
BRAMs: 280 (col length: RAMB18 60 RAMB36 30)
---------------------------------------------------------------------------------
Finished Part Resource Summary
---------------------------------------------------------------------------------
---------------------------------------------------------------------------------
Start Cross Boundary and Area Optimization
---------------------------------------------------------------------------------
INFO: [Synth 8-12192] Not enough pipeline registers after wide multiplier. Pipeline registers present is 1. Recommended levels of pipeline registers is 4. [z:/Labs/clab/baseline_blockedMM/baseline_blockedMM/hls/impl/verilog/project.gen/sources_1/bd/bd_0/ipshared/eab9/hdl/verilog/MM_mul_32s_32s_32_1_1.v:44]
INFO: [Synth 8-12192] Not enough pipeline registers after wide multiplier. Pipeline registers present is 1. Recommended levels of pipeline registers is 4. [z:/Labs/clab/baseline_blockedMM/baseline_blockedMM/hls/impl/verilog/project.gen/sources_1/bd/bd_0/ipshared/eab9/hdl/verilog/MM_mul_32s_32s_32_1_1.v:44]
INFO: [Synth 8-12192] Not enough pipeline registers after wide multiplier. Pipeline registers present is 1. Recommended levels of pipeline registers is 4. [z:/Labs/clab/baseline_blockedMM/baseline_blockedMM/hls/impl/verilog/project.gen/sources_1/bd/bd_0/ipshared/eab9/hdl/verilog/MM_mul_32s_32s_32_1_1.v:44]
INFO: [Synth 8-12192] Not enough pipeline registers after wide multiplier. Pipeline registers present is 1. Recommended levels of pipeline registers is 4. [z:/Labs/clab/baseline_blockedMM/baseline_blockedMM/hls/impl/verilog/project.gen/sources_1/bd/bd_0/ipshared/eab9/hdl/verilog/MM_mul_32s_32s_32_1_1.v:44]
INFO: [Synth 8-12192] Not enough pipeline registers after wide multiplier. Pipeline registers present is 1. Recommended levels of pipeline registers is 4. [z:/Labs/clab/baseline_blockedMM/baseline_blockedMM/hls/impl/verilog/project.gen/sources_1/bd/bd_0/ipshared/eab9/hdl/verilog/MM_mul_32s_32s_32_1_1.v:44]
INFO: [Synth 8-12192] Not enough pipeline registers after wide multiplier. Pipeline registers present is 1. Recommended levels of pipeline registers is 4. [z:/Labs/clab/baseline_blockedMM/baseline_blockedMM/hls/impl/verilog/project.gen/sources_1/bd/bd_0/ipshared/eab9/hdl/verilog/MM_mul_32s_32s_32_1_1.v:44]
INFO: [Synth 8-12192] Not enough pipeline registers after wide multiplier. Pipeline registers present is 1. Recommended levels of pipeline registers is 4. [z:/Labs/clab/baseline_blockedMM/baseline_blockedMM/hls/impl/verilog/project.gen/sources_1/bd/bd_0/ipshared/eab9/hdl/verilog/MM_mul_32s_32s_32_1_1.v:44]
INFO: [Synth 8-12192] Not enough pipeline registers after wide multiplier. Pipeline registers present is 1. Recommended levels of pipeline registers is 4. [z:/Labs/clab/baseline_blockedMM/baseline_blockedMM/hls/impl/verilog/project.gen/sources_1/bd/bd_0/ipshared/eab9/hdl/verilog/MM_mul_32s_32s_32_1_1.v:44]
INFO: [Synth 8-12192] Not enough pipeline registers after wide multiplier. Pipeline registers present is 1. Recommended levels of pipeline registers is 4. [z:/Labs/clab/baseline_blockedMM/baseline_blockedMM/hls/impl/verilog/project.gen/sources_1/bd/bd_0/ipshared/eab9/hdl/verilog/MM_mul_32s_32s_32_1_1.v:44]
INFO: [Synth 8-12192] Not enough pipeline registers after wide multiplier. Pipeline registers present is 1. Recommended levels of pipeline registers is 4. [z:/Labs/clab/baseline_blockedMM/baseline_blockedMM/hls/impl/verilog/project.gen/sources_1/bd/bd_0/ipshared/eab9/hdl/verilog/MM_mul_32s_32s_32_1_1.v:44]
INFO: [Synth 8-12192] Not enough pipeline registers after wide multiplier. Pipeline registers present is 1. Recommended levels of pipeline registers is 4. [z:/Labs/clab/baseline_blockedMM/baseline_blockedMM/hls/impl/verilog/project.gen/sources_1/bd/bd_0/ipshared/eab9/hdl/verilog/MM_mul_32s_32s_32_1_1.v:44]
INFO: [Synth 8-12192] Not enough pipeline registers after wide multiplier. Pipeline registers present is 1. Recommended levels of pipeline registers is 4. [z:/Labs/clab/baseline_blockedMM/baseline_blockedMM/hls/impl/verilog/project.gen/sources_1/bd/bd_0/ipshared/eab9/hdl/verilog/MM_mul_32s_32s_32_1_1.v:44]
INFO: [Synth 8-12192] Not enough pipeline registers after wide multiplier. Pipeline registers present is 1. Recommended levels of pipeline registers is 4. [z:/Labs/clab/baseline_blockedMM/baseline_blockedMM/hls/impl/verilog/project.gen/sources_1/bd/bd_0/ipshared/eab9/hdl/verilog/MM_mul_32s_32s_32_1_1.v:44]
INFO: [Synth 8-12192] Not enough pipeline registers after wide multiplier. Pipeline registers present is 1. Recommended levels of pipeline registers is 4. [z:/Labs/clab/baseline_blockedMM/baseline_blockedMM/hls/impl/verilog/project.gen/sources_1/bd/bd_0/ipshared/eab9/hdl/verilog/MM_mul_32s_32s_32_1_1.v:44]
INFO: [Synth 8-12192] Not enough pipeline registers after wide multiplier. Pipeline registers present is 1. Recommended levels of pipeline registers is 4. [z:/Labs/clab/baseline_blockedMM/baseline_blockedMM/hls/impl/verilog/project.gen/sources_1/bd/bd_0/ipshared/eab9/hdl/verilog/MM_mul_32s_32s_32_1_1.v:44]
INFO: [Synth 8-12192] Not enough pipeline registers after wide multiplier. Pipeline registers present is 1. Recommended levels of pipeline registers is 4. [z:/Labs/clab/baseline_blockedMM/baseline_blockedMM/hls/impl/verilog/project.gen/sources_1/bd/bd_0/ipshared/eab9/hdl/verilog/MM_mul_32s_32s_32_1_1.v:44]
DSP Report: Generating DSP mul_32s_32s_32_1_1_U1/tmp_product, operation Mode is: A*B2.
DSP Report: register trunc_ln72_reg_4984_reg is absorbed into DSP mul_32s_32s_32_1_1_U1/tmp_product.
DSP Report: operator mul_32s_32s_32_1_1_U1/tmp_product is absorbed into DSP mul_32s_32s_32_1_1_U1/tmp_product.
DSP Report: operator mul_32s_32s_32_1_1_U1/tmp_product is absorbed into DSP mul_32s_32s_32_1_1_U1/tmp_product.
DSP Report: Generating DSP mul_ln72_reg_5004_reg, operation Mode is: (PCIN>>17)+A2*B.
DSP Report: register trunc_ln72_reg_4984_reg is absorbed into DSP mul_ln72_reg_5004_reg.
DSP Report: register mul_ln72_reg_5004_reg is absorbed into DSP mul_ln72_reg_5004_reg.
DSP Report: operator mul_32s_32s_32_1_1_U1/tmp_product is absorbed into DSP mul_ln72_reg_5004_reg.
DSP Report: operator mul_32s_32s_32_1_1_U1/tmp_product is absorbed into DSP mul_ln72_reg_5004_reg.
DSP Report: Generating DSP mul_32s_32s_32_1_1_U1/tmp_product, operation Mode is: A2*B.
DSP Report: register mul_32s_32s_32_1_1_U1/tmp_product is absorbed into DSP mul_32s_32s_32_1_1_U1/tmp_product.
DSP Report: operator mul_32s_32s_32_1_1_U1/tmp_product is absorbed into DSP mul_32s_32s_32_1_1_U1/tmp_product.
DSP Report: operator mul_32s_32s_32_1_1_U1/tmp_product is absorbed into DSP mul_32s_32s_32_1_1_U1/tmp_product.
DSP Report: Generating DSP mul_ln72_reg_5004_reg, operation Mode is: (PCIN>>17)+A2*B.
DSP Report: register mul_ln72_reg_5004_reg is absorbed into DSP mul_ln72_reg_5004_reg.
DSP Report: register mul_ln72_reg_5004_reg is absorbed into DSP mul_ln72_reg_5004_reg.
DSP Report: operator mul_32s_32s_32_1_1_U1/tmp_product is absorbed into DSP mul_ln72_reg_5004_reg.
DSP Report: operator mul_32s_32s_32_1_1_U1/tmp_product is absorbed into DSP mul_ln72_reg_5004_reg.
DSP Report: Generating DSP mul_32s_32s_32_1_1_U2/tmp_product, operation Mode is: A*B2.
DSP Report: register trunc_ln72_reg_4984_reg is absorbed into DSP mul_32s_32s_32_1_1_U2/tmp_product.
DSP Report: operator mul_32s_32s_32_1_1_U2/tmp_product is absorbed into DSP mul_32s_32s_32_1_1_U2/tmp_product.
DSP Report: operator mul_32s_32s_32_1_1_U2/tmp_product is absorbed into DSP mul_32s_32s_32_1_1_U2/tmp_product.
DSP Report: Generating DSP mul_ln72_1_reg_5009_reg, operation Mode is: (PCIN>>17)+A2*B.
DSP Report: register trunc_ln72_reg_4984_reg is absorbed into DSP mul_ln72_1_reg_5009_reg.
DSP Report: register mul_ln72_1_reg_5009_reg is absorbed into DSP mul_ln72_1_reg_5009_reg.
DSP Report: operator mul_32s_32s_32_1_1_U2/tmp_product is absorbed into DSP mul_ln72_1_reg_5009_reg.
DSP Report: operator mul_32s_32s_32_1_1_U2/tmp_product is absorbed into DSP mul_ln72_1_reg_5009_reg.
DSP Report: Generating DSP mul_32s_32s_32_1_1_U2/tmp_product, operation Mode is: A2*B.
DSP Report: register mul_32s_32s_32_1_1_U2/tmp_product is absorbed into DSP mul_32s_32s_32_1_1_U2/tmp_product.
DSP Report: operator mul_32s_32s_32_1_1_U2/tmp_product is absorbed into DSP mul_32s_32s_32_1_1_U2/tmp_product.
DSP Report: operator mul_32s_32s_32_1_1_U2/tmp_product is absorbed into DSP mul_32s_32s_32_1_1_U2/tmp_product.
DSP Report: Generating DSP mul_ln72_1_reg_5009_reg, operation Mode is: (PCIN>>17)+A2*B.
DSP Report: register mul_ln72_1_reg_5009_reg is absorbed into DSP mul_ln72_1_reg_5009_reg.
DSP Report: register mul_ln72_1_reg_5009_reg is absorbed into DSP mul_ln72_1_reg_5009_reg.
DSP Report: operator mul_32s_32s_32_1_1_U2/tmp_product is absorbed into DSP mul_ln72_1_reg_5009_reg.
DSP Report: operator mul_32s_32s_32_1_1_U2/tmp_product is absorbed into DSP mul_ln72_1_reg_5009_reg.
DSP Report: Generating DSP mul_32s_32s_32_1_1_U3/tmp_product, operation Mode is: A*B2.
DSP Report: register trunc_ln72_reg_4984_reg is absorbed into DSP mul_32s_32s_32_1_1_U3/tmp_product.
DSP Report: operator mul_32s_32s_32_1_1_U3/tmp_product is absorbed into DSP mul_32s_32s_32_1_1_U3/tmp_product.
DSP Report: operator mul_32s_32s_32_1_1_U3/tmp_product is absorbed into DSP mul_32s_32s_32_1_1_U3/tmp_product.
DSP Report: Generating DSP mul_ln72_2_reg_5014_reg, operation Mode is: (PCIN>>17)+A2*B.
DSP Report: register trunc_ln72_reg_4984_reg is absorbed into DSP mul_ln72_2_reg_5014_reg.
DSP Report: register mul_ln72_2_reg_5014_reg is absorbed into DSP mul_ln72_2_reg_5014_reg.
DSP Report: operator mul_32s_32s_32_1_1_U3/tmp_product is absorbed into DSP mul_ln72_2_reg_5014_reg.
DSP Report: operator mul_32s_32s_32_1_1_U3/tmp_product is absorbed into DSP mul_ln72_2_reg_5014_reg.
DSP Report: Generating DSP mul_32s_32s_32_1_1_U3/tmp_product, operation Mode is: A2*B.
DSP Report: register mul_32s_32s_32_1_1_U3/tmp_product is absorbed into DSP mul_32s_32s_32_1_1_U3/tmp_product.
DSP Report: operator mul_32s_32s_32_1_1_U3/tmp_product is absorbed into DSP mul_32s_32s_32_1_1_U3/tmp_product.
DSP Report: operator mul_32s_32s_32_1_1_U3/tmp_product is absorbed into DSP mul_32s_32s_32_1_1_U3/tmp_product.
DSP Report: Generating DSP mul_ln72_2_reg_5014_reg, operation Mode is: (PCIN>>17)+A2*B.
DSP Report: register mul_ln72_2_reg_5014_reg is absorbed into DSP mul_ln72_2_reg_5014_reg.
DSP Report: register mul_ln72_2_reg_5014_reg is absorbed into DSP mul_ln72_2_reg_5014_reg.
DSP Report: operator mul_32s_32s_32_1_1_U3/tmp_product is absorbed into DSP mul_ln72_2_reg_5014_reg.
DSP Report: operator mul_32s_32s_32_1_1_U3/tmp_product is absorbed into DSP mul_ln72_2_reg_5014_reg.
DSP Report: Generating DSP mul_32s_32s_32_1_1_U4/tmp_product, operation Mode is: A*B2.
DSP Report: register trunc_ln72_reg_4984_reg is absorbed into DSP mul_32s_32s_32_1_1_U4/tmp_product.
DSP Report: operator mul_32s_32s_32_1_1_U4/tmp_product is absorbed into DSP mul_32s_32s_32_1_1_U4/tmp_product.
DSP Report: operator mul_32s_32s_32_1_1_U4/tmp_product is absorbed into DSP mul_32s_32s_32_1_1_U4/tmp_product.
DSP Report: Generating DSP mul_ln72_3_reg_5019_reg, operation Mode is: (PCIN>>17)+A2*B.
DSP Report: register trunc_ln72_reg_4984_reg is absorbed into DSP mul_ln72_3_reg_5019_reg.
DSP Report: register mul_ln72_3_reg_5019_reg is absorbed into DSP mul_ln72_3_reg_5019_reg.
DSP Report: operator mul_32s_32s_32_1_1_U4/tmp_product is absorbed into DSP mul_ln72_3_reg_5019_reg.
DSP Report: operator mul_32s_32s_32_1_1_U4/tmp_product is absorbed into DSP mul_ln72_3_reg_5019_reg.
DSP Report: Generating DSP mul_32s_32s_32_1_1_U4/tmp_product, operation Mode is: A2*B.
DSP Report: register mul_32s_32s_32_1_1_U4/tmp_product is absorbed into DSP mul_32s_32s_32_1_1_U4/tmp_product.
DSP Report: operator mul_32s_32s_32_1_1_U4/tmp_product is absorbed into DSP mul_32s_32s_32_1_1_U4/tmp_product.
DSP Report: operator mul_32s_32s_32_1_1_U4/tmp_product is absorbed into DSP mul_32s_32s_32_1_1_U4/tmp_product.
DSP Report: Generating DSP mul_ln72_3_reg_5019_reg, operation Mode is: (PCIN>>17)+A2*B.
DSP Report: register mul_ln72_3_reg_5019_reg is absorbed into DSP mul_ln72_3_reg_5019_reg.
DSP Report: register mul_ln72_3_reg_5019_reg is absorbed into DSP mul_ln72_3_reg_5019_reg.
DSP Report: operator mul_32s_32s_32_1_1_U4/tmp_product is absorbed into DSP mul_ln72_3_reg_5019_reg.
DSP Report: operator mul_32s_32s_32_1_1_U4/tmp_product is absorbed into DSP mul_ln72_3_reg_5019_reg.
DSP Report: Generating DSP mul_32s_32s_32_1_1_U5/tmp_product, operation Mode is: A*B2.
DSP Report: register trunc_ln72_reg_4984_reg is absorbed into DSP mul_32s_32s_32_1_1_U5/tmp_product.
DSP Report: operator mul_32s_32s_32_1_1_U5/tmp_product is absorbed into DSP mul_32s_32s_32_1_1_U5/tmp_product.
DSP Report: operator mul_32s_32s_32_1_1_U5/tmp_product is absorbed into DSP mul_32s_32s_32_1_1_U5/tmp_product.
DSP Report: Generating DSP mul_ln72_4_reg_5024_reg, operation Mode is: (PCIN>>17)+A2*B.
DSP Report: register trunc_ln72_reg_4984_reg is absorbed into DSP mul_ln72_4_reg_5024_reg.
DSP Report: register mul_ln72_4_reg_5024_reg is absorbed into DSP mul_ln72_4_reg_5024_reg.
DSP Report: operator mul_32s_32s_32_1_1_U5/tmp_product is absorbed into DSP mul_ln72_4_reg_5024_reg.
DSP Report: operator mul_32s_32s_32_1_1_U5/tmp_product is absorbed into DSP mul_ln72_4_reg_5024_reg.
DSP Report: Generating DSP mul_32s_32s_32_1_1_U5/tmp_product, operation Mode is: A2*B.
DSP Report: register mul_32s_32s_32_1_1_U5/tmp_product is absorbed into DSP mul_32s_32s_32_1_1_U5/tmp_product.
DSP Report: operator mul_32s_32s_32_1_1_U5/tmp_product is absorbed into DSP mul_32s_32s_32_1_1_U5/tmp_product.
DSP Report: operator mul_32s_32s_32_1_1_U5/tmp_product is absorbed into DSP mul_32s_32s_32_1_1_U5/tmp_product.
DSP Report: Generating DSP mul_ln72_4_reg_5024_reg, operation Mode is: (PCIN>>17)+A2*B.
DSP Report: register mul_ln72_4_reg_5024_reg is absorbed into DSP mul_ln72_4_reg_5024_reg.
DSP Report: register mul_ln72_4_reg_5024_reg is absorbed into DSP mul_ln72_4_reg_5024_reg.
DSP Report: operator mul_32s_32s_32_1_1_U5/tmp_product is absorbed into DSP mul_ln72_4_reg_5024_reg.
DSP Report: operator mul_32s_32s_32_1_1_U5/tmp_product is absorbed into DSP mul_ln72_4_reg_5024_reg.
DSP Report: Generating DSP mul_32s_32s_32_1_1_U6/tmp_product, operation Mode is: A*B2.
DSP Report: register trunc_ln72_reg_4984_reg is absorbed into DSP mul_32s_32s_32_1_1_U6/tmp_product.
DSP Report: operator mul_32s_32s_32_1_1_U6/tmp_product is absorbed into DSP mul_32s_32s_32_1_1_U6/tmp_product.
DSP Report: operator mul_32s_32s_32_1_1_U6/tmp_product is absorbed into DSP mul_32s_32s_32_1_1_U6/tmp_product.
DSP Report: Generating DSP mul_ln72_5_reg_5029_reg, operation Mode is: (PCIN>>17)+A2*B.
DSP Report: register trunc_ln72_reg_4984_reg is absorbed into DSP mul_ln72_5_reg_5029_reg.
DSP Report: register mul_ln72_5_reg_5029_reg is absorbed into DSP mul_ln72_5_reg_5029_reg.
DSP Report: operator mul_32s_32s_32_1_1_U6/tmp_product is absorbed into DSP mul_ln72_5_reg_5029_reg.
DSP Report: operator mul_32s_32s_32_1_1_U6/tmp_product is absorbed into DSP mul_ln72_5_reg_5029_reg.
DSP Report: Generating DSP mul_32s_32s_32_1_1_U6/tmp_product, operation Mode is: A2*B.
DSP Report: register mul_32s_32s_32_1_1_U6/tmp_product is absorbed into DSP mul_32s_32s_32_1_1_U6/tmp_product.
DSP Report: operator mul_32s_32s_32_1_1_U6/tmp_product is absorbed into DSP mul_32s_32s_32_1_1_U6/tmp_product.
DSP Report: operator mul_32s_32s_32_1_1_U6/tmp_product is absorbed into DSP mul_32s_32s_32_1_1_U6/tmp_product.
DSP Report: Generating DSP mul_ln72_5_reg_5029_reg, operation Mode is: (PCIN>>17)+A2*B.
DSP Report: register mul_ln72_5_reg_5029_reg is absorbed into DSP mul_ln72_5_reg_5029_reg.
DSP Report: register mul_ln72_5_reg_5029_reg is absorbed into DSP mul_ln72_5_reg_5029_reg.
DSP Report: operator mul_32s_32s_32_1_1_U6/tmp_product is absorbed into DSP mul_ln72_5_reg_5029_reg.
DSP Report: operator mul_32s_32s_32_1_1_U6/tmp_product is absorbed into DSP mul_ln72_5_reg_5029_reg.
DSP Report: Generating DSP mul_32s_32s_32_1_1_U7/tmp_product, operation Mode is: A*B2.
DSP Report: register trunc_ln72_reg_4984_reg is absorbed into DSP mul_32s_32s_32_1_1_U7/tmp_product.
DSP Report: operator mul_32s_32s_32_1_1_U7/tmp_product is absorbed into DSP mul_32s_32s_32_1_1_U7/tmp_product.
DSP Report: operator mul_32s_32s_32_1_1_U7/tmp_product is absorbed into DSP mul_32s_32s_32_1_1_U7/tmp_product.
DSP Report: Generating DSP mul_ln72_6_reg_5034_reg, operation Mode is: (PCIN>>17)+A2*B.
DSP Report: register trunc_ln72_reg_4984_reg is absorbed into DSP mul_ln72_6_reg_5034_reg.
DSP Report: register mul_ln72_6_reg_5034_reg is absorbed into DSP mul_ln72_6_reg_5034_reg.
DSP Report: operator mul_32s_32s_32_1_1_U7/tmp_product is absorbed into DSP mul_ln72_6_reg_5034_reg.
DSP Report: operator mul_32s_32s_32_1_1_U7/tmp_product is absorbed into DSP mul_ln72_6_reg_5034_reg.
DSP Report: Generating DSP mul_32s_32s_32_1_1_U7/tmp_product, operation Mode is: A2*B.
DSP Report: register mul_32s_32s_32_1_1_U7/tmp_product is absorbed into DSP mul_32s_32s_32_1_1_U7/tmp_product.
DSP Report: operator mul_32s_32s_32_1_1_U7/tmp_product is absorbed into DSP mul_32s_32s_32_1_1_U7/tmp_product.
DSP Report: operator mul_32s_32s_32_1_1_U7/tmp_product is absorbed into DSP mul_32s_32s_32_1_1_U7/tmp_product.
DSP Report: Generating DSP mul_ln72_6_reg_5034_reg, operation Mode is: (PCIN>>17)+A2*B.
DSP Report: register mul_ln72_6_reg_5034_reg is absorbed into DSP mul_ln72_6_reg_5034_reg.
DSP Report: register mul_ln72_6_reg_5034_reg is absorbed into DSP mul_ln72_6_reg_5034_reg.
DSP Report: operator mul_32s_32s_32_1_1_U7/tmp_product is absorbed into DSP mul_ln72_6_reg_5034_reg.
DSP Report: operator mul_32s_32s_32_1_1_U7/tmp_product is absorbed into DSP mul_ln72_6_reg_5034_reg.
DSP Report: Generating DSP mul_32s_32s_32_1_1_U8/tmp_product, operation Mode is: A*B2.
DSP Report: register trunc_ln72_reg_4984_reg is absorbed into DSP mul_32s_32s_32_1_1_U8/tmp_product.
DSP Report: operator mul_32s_32s_32_1_1_U8/tmp_product is absorbed into DSP mul_32s_32s_32_1_1_U8/tmp_product.
DSP Report: operator mul_32s_32s_32_1_1_U8/tmp_product is absorbed into DSP mul_32s_32s_32_1_1_U8/tmp_product.
DSP Report: Generating DSP mul_ln72_7_reg_5039_reg, operation Mode is: (PCIN>>17)+A2*B.
DSP Report: register trunc_ln72_reg_4984_reg is absorbed into DSP mul_ln72_7_reg_5039_reg.
DSP Report: register mul_ln72_7_reg_5039_reg is absorbed into DSP mul_ln72_7_reg_5039_reg.
DSP Report: operator mul_32s_32s_32_1_1_U8/tmp_product is absorbed into DSP mul_ln72_7_reg_5039_reg.
DSP Report: operator mul_32s_32s_32_1_1_U8/tmp_product is absorbed into DSP mul_ln72_7_reg_5039_reg.
DSP Report: Generating DSP mul_32s_32s_32_1_1_U8/tmp_product, operation Mode is: A2*B.
DSP Report: register mul_32s_32s_32_1_1_U8/tmp_product is absorbed into DSP mul_32s_32s_32_1_1_U8/tmp_product.
DSP Report: operator mul_32s_32s_32_1_1_U8/tmp_product is absorbed into DSP mul_32s_32s_32_1_1_U8/tmp_product.
DSP Report: operator mul_32s_32s_32_1_1_U8/tmp_product is absorbed into DSP mul_32s_32s_32_1_1_U8/tmp_product.
DSP Report: Generating DSP mul_ln72_7_reg_5039_reg, operation Mode is: (PCIN>>17)+A2*B.
DSP Report: register mul_ln72_7_reg_5039_reg is absorbed into DSP mul_ln72_7_reg_5039_reg.
DSP Report: register mul_ln72_7_reg_5039_reg is absorbed into DSP mul_ln72_7_reg_5039_reg.
DSP Report: operator mul_32s_32s_32_1_1_U8/tmp_product is absorbed into DSP mul_ln72_7_reg_5039_reg.
DSP Report: operator mul_32s_32s_32_1_1_U8/tmp_product is absorbed into DSP mul_ln72_7_reg_5039_reg.
DSP Report: Generating DSP mul_32s_32s_32_1_1_U9/tmp_product, operation Mode is: A*B2.
DSP Report: register trunc_ln72_reg_4984_reg is absorbed into DSP mul_32s_32s_32_1_1_U9/tmp_product.
DSP Report: operator mul_32s_32s_32_1_1_U9/tmp_product is absorbed into DSP mul_32s_32s_32_1_1_U9/tmp_product.
DSP Report: operator mul_32s_32s_32_1_1_U9/tmp_product is absorbed into DSP mul_32s_32s_32_1_1_U9/tmp_product.
DSP Report: Generating DSP mul_ln72_8_reg_5044_reg, operation Mode is: (PCIN>>17)+A2*B.
DSP Report: register trunc_ln72_reg_4984_reg is absorbed into DSP mul_ln72_8_reg_5044_reg.
DSP Report: register mul_ln72_8_reg_5044_reg is absorbed into DSP mul_ln72_8_reg_5044_reg.
DSP Report: operator mul_32s_32s_32_1_1_U9/tmp_product is absorbed into DSP mul_ln72_8_reg_5044_reg.
DSP Report: operator mul_32s_32s_32_1_1_U9/tmp_product is absorbed into DSP mul_ln72_8_reg_5044_reg.
DSP Report: Generating DSP mul_32s_32s_32_1_1_U9/tmp_product, operation Mode is: A2*B.
DSP Report: register mul_32s_32s_32_1_1_U9/tmp_product is absorbed into DSP mul_32s_32s_32_1_1_U9/tmp_product.
DSP Report: operator mul_32s_32s_32_1_1_U9/tmp_product is absorbed into DSP mul_32s_32s_32_1_1_U9/tmp_product.
DSP Report: operator mul_32s_32s_32_1_1_U9/tmp_product is absorbed into DSP mul_32s_32s_32_1_1_U9/tmp_product.
DSP Report: Generating DSP mul_ln72_8_reg_5044_reg, operation Mode is: (PCIN>>17)+A2*B.
DSP Report: register mul_ln72_8_reg_5044_reg is absorbed into DSP mul_ln72_8_reg_5044_reg.
DSP Report: register mul_ln72_8_reg_5044_reg is absorbed into DSP mul_ln72_8_reg_5044_reg.
DSP Report: operator mul_32s_32s_32_1_1_U9/tmp_product is absorbed into DSP mul_ln72_8_reg_5044_reg.
DSP Report: operator mul_32s_32s_32_1_1_U9/tmp_product is absorbed into DSP mul_ln72_8_reg_5044_reg.
DSP Report: Generating DSP mul_32s_32s_32_1_1_U10/tmp_product, operation Mode is: A*B2.
DSP Report: register trunc_ln72_reg_4984_reg is absorbed into DSP mul_32s_32s_32_1_1_U10/tmp_product.
DSP Report: operator mul_32s_32s_32_1_1_U10/tmp_product is absorbed into DSP mul_32s_32s_32_1_1_U10/tmp_product.
DSP Report: operator mul_32s_32s_32_1_1_U10/tmp_product is absorbed into DSP mul_32s_32s_32_1_1_U10/tmp_product.
DSP Report: Generating DSP mul_ln72_9_reg_5049_reg, operation Mode is: (PCIN>>17)+A2*B.
DSP Report: register trunc_ln72_reg_4984_reg is absorbed into DSP mul_ln72_9_reg_5049_reg.
DSP Report: register mul_ln72_9_reg_5049_reg is absorbed into DSP mul_ln72_9_reg_5049_reg.
DSP Report: operator mul_32s_32s_32_1_1_U10/tmp_product is absorbed into DSP mul_ln72_9_reg_5049_reg.
DSP Report: operator mul_32s_32s_32_1_1_U10/tmp_product is absorbed into DSP mul_ln72_9_reg_5049_reg.
DSP Report: Generating DSP mul_32s_32s_32_1_1_U10/tmp_product, operation Mode is: A2*B.
DSP Report: register mul_32s_32s_32_1_1_U10/tmp_product is absorbed into DSP mul_32s_32s_32_1_1_U10/tmp_product.
DSP Report: operator mul_32s_32s_32_1_1_U10/tmp_product is absorbed into DSP mul_32s_32s_32_1_1_U10/tmp_product.
DSP Report: operator mul_32s_32s_32_1_1_U10/tmp_product is absorbed into DSP mul_32s_32s_32_1_1_U10/tmp_product.
DSP Report: Generating DSP mul_ln72_9_reg_5049_reg, operation Mode is: (PCIN>>17)+A2*B.
DSP Report: register mul_ln72_9_reg_5049_reg is absorbed into DSP mul_ln72_9_reg_5049_reg.
DSP Report: register mul_ln72_9_reg_5049_reg is absorbed into DSP mul_ln72_9_reg_5049_reg.
DSP Report: operator mul_32s_32s_32_1_1_U10/tmp_product is absorbed into DSP mul_ln72_9_reg_5049_reg.
DSP Report: operator mul_32s_32s_32_1_1_U10/tmp_product is absorbed into DSP mul_ln72_9_reg_5049_reg.
DSP Report: Generating DSP mul_32s_32s_32_1_1_U11/tmp_product, operation Mode is: A*B2.
DSP Report: register trunc_ln72_reg_4984_reg is absorbed into DSP mul_32s_32s_32_1_1_U11/tmp_product.
DSP Report: operator mul_32s_32s_32_1_1_U11/tmp_product is absorbed into DSP mul_32s_32s_32_1_1_U11/tmp_product.
DSP Report: operator mul_32s_32s_32_1_1_U11/tmp_product is absorbed into DSP mul_32s_32s_32_1_1_U11/tmp_product.
DSP Report: Generating DSP mul_ln72_10_reg_5054_reg, operation Mode is: (PCIN>>17)+A2*B.
DSP Report: register trunc_ln72_reg_4984_reg is absorbed into DSP mul_ln72_10_reg_5054_reg.
DSP Report: register mul_ln72_10_reg_5054_reg is absorbed into DSP mul_ln72_10_reg_5054_reg.
DSP Report: operator mul_32s_32s_32_1_1_U11/tmp_product is absorbed into DSP mul_ln72_10_reg_5054_reg.
DSP Report: operator mul_32s_32s_32_1_1_U11/tmp_product is absorbed into DSP mul_ln72_10_reg_5054_reg.
DSP Report: Generating DSP mul_32s_32s_32_1_1_U11/tmp_product, operation Mode is: A2*B.
DSP Report: register mul_32s_32s_32_1_1_U11/tmp_product is absorbed into DSP mul_32s_32s_32_1_1_U11/tmp_product.
DSP Report: operator mul_32s_32s_32_1_1_U11/tmp_product is absorbed into DSP mul_32s_32s_32_1_1_U11/tmp_product.
DSP Report: operator mul_32s_32s_32_1_1_U11/tmp_product is absorbed into DSP mul_32s_32s_32_1_1_U11/tmp_product.
DSP Report: Generating DSP mul_ln72_10_reg_5054_reg, operation Mode is: (PCIN>>17)+A2*B.
DSP Report: register mul_ln72_10_reg_5054_reg is absorbed into DSP mul_ln72_10_reg_5054_reg.
DSP Report: register mul_ln72_10_reg_5054_reg is absorbed into DSP mul_ln72_10_reg_5054_reg.
DSP Report: operator mul_32s_32s_32_1_1_U11/tmp_product is absorbed into DSP mul_ln72_10_reg_5054_reg.
DSP Report: operator mul_32s_32s_32_1_1_U11/tmp_product is absorbed into DSP mul_ln72_10_reg_5054_reg.
DSP Report: Generating DSP mul_32s_32s_32_1_1_U12/tmp_product, operation Mode is: A*B2.
DSP Report: register trunc_ln72_reg_4984_reg is absorbed into DSP mul_32s_32s_32_1_1_U12/tmp_product.
DSP Report: operator mul_32s_32s_32_1_1_U12/tmp_product is absorbed into DSP mul_32s_32s_32_1_1_U12/tmp_product.
DSP Report: operator mul_32s_32s_32_1_1_U12/tmp_product is absorbed into DSP mul_32s_32s_32_1_1_U12/tmp_product.
DSP Report: Generating DSP mul_ln72_11_reg_5059_reg, operation Mode is: (PCIN>>17)+A2*B.
DSP Report: register trunc_ln72_reg_4984_reg is absorbed into DSP mul_ln72_11_reg_5059_reg.
DSP Report: register mul_ln72_11_reg_5059_reg is absorbed into DSP mul_ln72_11_reg_5059_reg.
DSP Report: operator mul_32s_32s_32_1_1_U12/tmp_product is absorbed into DSP mul_ln72_11_reg_5059_reg.
DSP Report: operator mul_32s_32s_32_1_1_U12/tmp_product is absorbed into DSP mul_ln72_11_reg_5059_reg.
DSP Report: Generating DSP mul_32s_32s_32_1_1_U12/tmp_product, operation Mode is: A2*B.
DSP Report: register mul_32s_32s_32_1_1_U12/tmp_product is absorbed into DSP mul_32s_32s_32_1_1_U12/tmp_product.
DSP Report: operator mul_32s_32s_32_1_1_U12/tmp_product is absorbed into DSP mul_32s_32s_32_1_1_U12/tmp_product.
DSP Report: operator mul_32s_32s_32_1_1_U12/tmp_product is absorbed into DSP mul_32s_32s_32_1_1_U12/tmp_product.
DSP Report: Generating DSP mul_ln72_11_reg_5059_reg, operation Mode is: (PCIN>>17)+A2*B.
DSP Report: register mul_ln72_11_reg_5059_reg is absorbed into DSP mul_ln72_11_reg_5059_reg.
DSP Report: register mul_ln72_11_reg_5059_reg is absorbed into DSP mul_ln72_11_reg_5059_reg.
DSP Report: operator mul_32s_32s_32_1_1_U12/tmp_product is absorbed into DSP mul_ln72_11_reg_5059_reg.
DSP Report: operator mul_32s_32s_32_1_1_U12/tmp_product is absorbed into DSP mul_ln72_11_reg_5059_reg.
DSP Report: Generating DSP mul_32s_32s_32_1_1_U13/tmp_product, operation Mode is: A*B2.
DSP Report: register trunc_ln72_reg_4984_reg is absorbed into DSP mul_32s_32s_32_1_1_U13/tmp_product.
DSP Report: operator mul_32s_32s_32_1_1_U13/tmp_product is absorbed into DSP mul_32s_32s_32_1_1_U13/tmp_product.
DSP Report: operator mul_32s_32s_32_1_1_U13/tmp_product is absorbed into DSP mul_32s_32s_32_1_1_U13/tmp_product.
DSP Report: Generating DSP mul_ln72_12_reg_5064_reg, operation Mode is: (PCIN>>17)+A2*B.
DSP Report: register trunc_ln72_reg_4984_reg is absorbed into DSP mul_ln72_12_reg_5064_reg.
DSP Report: register mul_ln72_12_reg_5064_reg is absorbed into DSP mul_ln72_12_reg_5064_reg.
DSP Report: operator mul_32s_32s_32_1_1_U13/tmp_product is absorbed into DSP mul_ln72_12_reg_5064_reg.
DSP Report: operator mul_32s_32s_32_1_1_U13/tmp_product is absorbed into DSP mul_ln72_12_reg_5064_reg.
DSP Report: Generating DSP mul_32s_32s_32_1_1_U13/tmp_product, operation Mode is: A2*B.
DSP Report: register mul_32s_32s_32_1_1_U13/tmp_product is absorbed into DSP mul_32s_32s_32_1_1_U13/tmp_product.
DSP Report: operator mul_32s_32s_32_1_1_U13/tmp_product is absorbed into DSP mul_32s_32s_32_1_1_U13/tmp_product.
DSP Report: operator mul_32s_32s_32_1_1_U13/tmp_product is absorbed into DSP mul_32s_32s_32_1_1_U13/tmp_product.
DSP Report: Generating DSP mul_ln72_12_reg_5064_reg, operation Mode is: (PCIN>>17)+A2*B.
DSP Report: register mul_ln72_12_reg_5064_reg is absorbed into DSP mul_ln72_12_reg_5064_reg.
DSP Report: register mul_ln72_12_reg_5064_reg is absorbed into DSP mul_ln72_12_reg_5064_reg.
DSP Report: operator mul_32s_32s_32_1_1_U13/tmp_product is absorbed into DSP mul_ln72_12_reg_5064_reg.
DSP Report: operator mul_32s_32s_32_1_1_U13/tmp_product is absorbed into DSP mul_ln72_12_reg_5064_reg.
DSP Report: Generating DSP mul_32s_32s_32_1_1_U14/tmp_product, operation Mode is: A*B2.
DSP Report: register trunc_ln72_reg_4984_reg is absorbed into DSP mul_32s_32s_32_1_1_U14/tmp_product.
DSP Report: operator mul_32s_32s_32_1_1_U14/tmp_product is absorbed into DSP mul_32s_32s_32_1_1_U14/tmp_product.
DSP Report: operator mul_32s_32s_32_1_1_U14/tmp_product is absorbed into DSP mul_32s_32s_32_1_1_U14/tmp_product.
DSP Report: Generating DSP mul_ln72_13_reg_5069_reg, operation Mode is: (PCIN>>17)+A2*B.
DSP Report: register trunc_ln72_reg_4984_reg is absorbed into DSP mul_ln72_13_reg_5069_reg.
DSP Report: register mul_ln72_13_reg_5069_reg is absorbed into DSP mul_ln72_13_reg_5069_reg.
DSP Report: operator mul_32s_32s_32_1_1_U14/tmp_product is absorbed into DSP mul_ln72_13_reg_5069_reg.
DSP Report: operator mul_32s_32s_32_1_1_U14/tmp_product is absorbed into DSP mul_ln72_13_reg_5069_reg.
DSP Report: Generating DSP mul_32s_32s_32_1_1_U14/tmp_product, operation Mode is: A2*B.
DSP Report: register mul_32s_32s_32_1_1_U14/tmp_product is absorbed into DSP mul_32s_32s_32_1_1_U14/tmp_product.
DSP Report: operator mul_32s_32s_32_1_1_U14/tmp_product is absorbed into DSP mul_32s_32s_32_1_1_U14/tmp_product.
DSP Report: operator mul_32s_32s_32_1_1_U14/tmp_product is absorbed into DSP mul_32s_32s_32_1_1_U14/tmp_product.
DSP Report: Generating DSP mul_ln72_13_reg_5069_reg, operation Mode is: (PCIN>>17)+A2*B.
DSP Report: register mul_ln72_13_reg_5069_reg is absorbed into DSP mul_ln72_13_reg_5069_reg.
DSP Report: register mul_ln72_13_reg_5069_reg is absorbed into DSP mul_ln72_13_reg_5069_reg.
DSP Report: operator mul_32s_32s_32_1_1_U14/tmp_product is absorbed into DSP mul_ln72_13_reg_5069_reg.
DSP Report: operator mul_32s_32s_32_1_1_U14/tmp_product is absorbed into DSP mul_ln72_13_reg_5069_reg.
DSP Report: Generating DSP mul_32s_32s_32_1_1_U15/tmp_product, operation Mode is: A*B2.
DSP Report: register trunc_ln72_reg_4984_reg is absorbed into DSP mul_32s_32s_32_1_1_U15/tmp_product.
DSP Report: operator mul_32s_32s_32_1_1_U15/tmp_product is absorbed into DSP mul_32s_32s_32_1_1_U15/tmp_product.
DSP Report: operator mul_32s_32s_32_1_1_U15/tmp_product is absorbed into DSP mul_32s_32s_32_1_1_U15/tmp_product.
DSP Report: Generating DSP mul_ln72_14_reg_5074_reg, operation Mode is: (PCIN>>17)+A2*B.
DSP Report: register trunc_ln72_reg_4984_reg is absorbed into DSP mul_ln72_14_reg_5074_reg.
DSP Report: register mul_ln72_14_reg_5074_reg is absorbed into DSP mul_ln72_14_reg_5074_reg.
DSP Report: operator mul_32s_32s_32_1_1_U15/tmp_product is absorbed into DSP mul_ln72_14_reg_5074_reg.
DSP Report: operator mul_32s_32s_32_1_1_U15/tmp_product is absorbed into DSP mul_ln72_14_reg_5074_reg.
DSP Report: Generating DSP mul_32s_32s_32_1_1_U15/tmp_product, operation Mode is: A2*B.
DSP Report: register mul_32s_32s_32_1_1_U15/tmp_product is absorbed into DSP mul_32s_32s_32_1_1_U15/tmp_product.
DSP Report: operator mul_32s_32s_32_1_1_U15/tmp_product is absorbed into DSP mul_32s_32s_32_1_1_U15/tmp_product.
DSP Report: operator mul_32s_32s_32_1_1_U15/tmp_product is absorbed into DSP mul_32s_32s_32_1_1_U15/tmp_product.
DSP Report: Generating DSP mul_ln72_14_reg_5074_reg, operation Mode is: (PCIN>>17)+A2*B.
DSP Report: register mul_ln72_14_reg_5074_reg is absorbed into DSP mul_ln72_14_reg_5074_reg.
DSP Report: register mul_ln72_14_reg_5074_reg is absorbed into DSP mul_ln72_14_reg_5074_reg.
DSP Report: operator mul_32s_32s_32_1_1_U15/tmp_product is absorbed into DSP mul_ln72_14_reg_5074_reg.
DSP Report: operator mul_32s_32s_32_1_1_U15/tmp_product is absorbed into DSP mul_ln72_14_reg_5074_reg.
DSP Report: Generating DSP mul_32s_32s_32_1_1_U16/tmp_product, operation Mode is: A*B2.
DSP Report: register trunc_ln72_reg_4984_reg is absorbed into DSP mul_32s_32s_32_1_1_U16/tmp_product.
DSP Report: operator mul_32s_32s_32_1_1_U16/tmp_product is absorbed into DSP mul_32s_32s_32_1_1_U16/tmp_product.
DSP Report: operator mul_32s_32s_32_1_1_U16/tmp_product is absorbed into DSP mul_32s_32s_32_1_1_U16/tmp_product.
DSP Report: Generating DSP mul_ln72_15_reg_5079_reg, operation Mode is: (PCIN>>17)+A2*B.
DSP Report: register trunc_ln72_reg_4984_reg is absorbed into DSP mul_ln72_15_reg_5079_reg.
DSP Report: register mul_ln72_15_reg_5079_reg is absorbed into DSP mul_ln72_15_reg_5079_reg.
DSP Report: operator mul_32s_32s_32_1_1_U16/tmp_product is absorbed into DSP mul_ln72_15_reg_5079_reg.
DSP Report: operator mul_32s_32s_32_1_1_U16/tmp_product is absorbed into DSP mul_ln72_15_reg_5079_reg.
DSP Report: Generating DSP mul_32s_32s_32_1_1_U16/tmp_product, operation Mode is: A2*B.
DSP Report: register mul_32s_32s_32_1_1_U16/tmp_product is absorbed into DSP mul_32s_32s_32_1_1_U16/tmp_product.
DSP Report: operator mul_32s_32s_32_1_1_U16/tmp_product is absorbed into DSP mul_32s_32s_32_1_1_U16/tmp_product.
DSP Report: operator mul_32s_32s_32_1_1_U16/tmp_product is absorbed into DSP mul_32s_32s_32_1_1_U16/tmp_product.
DSP Report: Generating DSP mul_ln72_15_reg_5079_reg, operation Mode is: (PCIN>>17)+A2*B.
DSP Report: register mul_ln72_15_reg_5079_reg is absorbed into DSP mul_ln72_15_reg_5079_reg.
DSP Report: register mul_ln72_15_reg_5079_reg is absorbed into DSP mul_ln72_15_reg_5079_reg.
DSP Report: operator mul_32s_32s_32_1_1_U16/tmp_product is absorbed into DSP mul_ln72_15_reg_5079_reg.
DSP Report: operator mul_32s_32s_32_1_1_U16/tmp_product is absorbed into DSP mul_ln72_15_reg_5079_reg.
INFO: [Synth 8-3333] propagating constant 1 across sequential element (grp_MM_Pipeline_i_loop_fu_879/\ap_CS_fsm_reg[0] )
INFO: [Synth 8-3333] propagating constant 0 across sequential element (grp_MM_Pipeline_i_loop_fu_879/ap_done_reg_reg)
INFO: [Synth 8-3332] Sequential element (mul_ln72_reg_5004_reg[47]) is unused and will be removed from module MM_MM_Pipeline_i_loop.
INFO: [Synth 8-3332] Sequential element (mul_ln72_reg_5004_reg[46]) is unused and will be removed from module MM_MM_Pipeline_i_loop.
INFO: [Synth 8-3332] Sequential element (mul_ln72_reg_5004_reg[45]) is unused and will be removed from module MM_MM_Pipeline_i_loop.
INFO: [Synth 8-3332] Sequential element (mul_ln72_reg_5004_reg[44]) is unused and will be removed from module MM_MM_Pipeline_i_loop.
INFO: [Synth 8-3332] Sequential element (mul_ln72_reg_5004_reg[43]) is unused and will be removed from module MM_MM_Pipeline_i_loop.
INFO: [Synth 8-3332] Sequential element (mul_ln72_reg_5004_reg[42]) is unused and will be removed from module MM_MM_Pipeline_i_loop.
INFO: [Synth 8-3332] Sequential element (mul_ln72_reg_5004_reg[41]) is unused and will be removed from module MM_MM_Pipeline_i_loop.
INFO: [Synth 8-3332] Sequential element (mul_ln72_reg_5004_reg[40]) is unused and will be removed from module MM_MM_Pipeline_i_loop.
INFO: [Synth 8-3332] Sequential element (mul_ln72_reg_5004_reg[39]) is unused and will be removed from module MM_MM_Pipeline_i_loop.
INFO: [Synth 8-3332] Sequential element (mul_ln72_reg_5004_reg[38]) is unused and will be removed from module MM_MM_Pipeline_i_loop.
INFO: [Synth 8-3332] Sequential element (mul_ln72_reg_5004_reg[37]) is unused and will be removed from module MM_MM_Pipeline_i_loop.
INFO: [Synth 8-3332] Sequential element (mul_ln72_reg_5004_reg[36]) is unused and will be removed from module MM_MM_Pipeline_i_loop.
INFO: [Synth 8-3332] Sequential element (mul_ln72_reg_5004_reg[35]) is unused and will be removed from module MM_MM_Pipeline_i_loop.
INFO: [Synth 8-3332] Sequential element (mul_ln72_reg_5004_reg[34]) is unused and will be removed from module MM_MM_Pipeline_i_loop.
INFO: [Synth 8-3332] Sequential element (mul_ln72_reg_5004_reg[33]) is unused and will be removed from module MM_MM_Pipeline_i_loop.
INFO: [Synth 8-3332] Sequential element (mul_ln72_reg_5004_reg[32]) is unused and will be removed from module MM_MM_Pipeline_i_loop.
INFO: [Synth 8-3332] Sequential element (mul_ln72_reg_5004_reg[31]) is unused and will be removed from module MM_MM_Pipeline_i_loop.
INFO: [Synth 8-3332] Sequential element (mul_ln72_reg_5004_reg[30]) is unused and will be removed from module MM_MM_Pipeline_i_loop.
INFO: [Synth 8-3332] Sequential element (mul_ln72_reg_5004_reg[29]) is unused and will be removed from module MM_MM_Pipeline_i_loop.
INFO: [Synth 8-3332] Sequential element (mul_ln72_reg_5004_reg[28]) is unused and will be removed from module MM_MM_Pipeline_i_loop.
INFO: [Synth 8-3332] Sequential element (mul_ln72_reg_5004_reg[27]) is unused and will be removed from module MM_MM_Pipeline_i_loop.
INFO: [Synth 8-3332] Sequential element (mul_ln72_reg_5004_reg[26]) is unused and will be removed from module MM_MM_Pipeline_i_loop.
INFO: [Synth 8-3332] Sequential element (mul_ln72_reg_5004_reg[25]) is unused and will be removed from module MM_MM_Pipeline_i_loop.
INFO: [Synth 8-3332] Sequential element (mul_ln72_reg_5004_reg[24]) is unused and will be removed from module MM_MM_Pipeline_i_loop.
INFO: [Synth 8-3332] Sequential element (mul_ln72_reg_5004_reg[23]) is unused and will be removed from module MM_MM_Pipeline_i_loop.
INFO: [Synth 8-3332] Sequential element (mul_ln72_reg_5004_reg[22]) is unused and will be removed from module MM_MM_Pipeline_i_loop.
INFO: [Synth 8-3332] Sequential element (mul_ln72_reg_5004_reg[21]) is unused and will be removed from module MM_MM_Pipeline_i_loop.
INFO: [Synth 8-3332] Sequential element (mul_ln72_reg_5004_reg[20]) is unused and will be removed from module MM_MM_Pipeline_i_loop.
INFO: [Synth 8-3332] Sequential element (mul_ln72_reg_5004_reg[19]) is unused and will be removed from module MM_MM_Pipeline_i_loop.
INFO: [Synth 8-3332] Sequential element (mul_ln72_reg_5004_reg[18]) is unused and will be removed from module MM_MM_Pipeline_i_loop.
INFO: [Synth 8-3332] Sequential element (mul_ln72_reg_5004_reg[17]) is unused and will be removed from module MM_MM_Pipeline_i_loop.
INFO: [Synth 8-3332] Sequential element (mul_ln72_reg_5004_reg[16]) is unused and will be removed from module MM_MM_Pipeline_i_loop.
INFO: [Synth 8-3332] Sequential element (mul_ln72_reg_5004_reg[15]) is unused and will be removed from module MM_MM_Pipeline_i_loop.
INFO: [Synth 8-3332] Sequential element (mul_ln72_reg_5004_reg[47]__0) is unused and will be removed from module MM_MM_Pipeline_i_loop.
INFO: [Synth 8-3332] Sequential element (mul_ln72_reg_5004_reg[46]__0) is unused and will be removed from module MM_MM_Pipeline_i_loop.
INFO: [Synth 8-3332] Sequential element (mul_ln72_reg_5004_reg[45]__0) is unused and will be removed from module MM_MM_Pipeline_i_loop.
INFO: [Synth 8-3332] Sequential element (mul_ln72_reg_5004_reg[44]__0) is unused and will be removed from module MM_MM_Pipeline_i_loop.
INFO: [Synth 8-3332] Sequential element (mul_ln72_reg_5004_reg[43]__0) is unused and will be removed from module MM_MM_Pipeline_i_loop.
INFO: [Synth 8-3332] Sequential element (mul_ln72_reg_5004_reg[42]__0) is unused and will be removed from module MM_MM_Pipeline_i_loop.
INFO: [Synth 8-3332] Sequential element (mul_ln72_reg_5004_reg[41]__0) is unused and will be removed from module MM_MM_Pipeline_i_loop.
INFO: [Synth 8-3332] Sequential element (mul_ln72_reg_5004_reg[40]__0) is unused and will be removed from module MM_MM_Pipeline_i_loop.
INFO: [Synth 8-3332] Sequential element (mul_ln72_reg_5004_reg[39]__0) is unused and will be removed from module MM_MM_Pipeline_i_loop.
INFO: [Synth 8-3332] Sequential element (mul_ln72_reg_5004_reg[38]__0) is unused and will be removed from module MM_MM_Pipeline_i_loop.
INFO: [Synth 8-3332] Sequential element (mul_ln72_reg_5004_reg[37]__0) is unused and will be removed from module MM_MM_Pipeline_i_loop.
INFO: [Synth 8-3332] Sequential element (mul_ln72_reg_5004_reg[36]__0) is unused and will be removed from module MM_MM_Pipeline_i_loop.
INFO: [Synth 8-3332] Sequential element (mul_ln72_reg_5004_reg[35]__0) is unused and will be removed from module MM_MM_Pipeline_i_loop.
INFO: [Synth 8-3332] Sequential element (mul_ln72_reg_5004_reg[34]__0) is unused and will be removed from module MM_MM_Pipeline_i_loop.
INFO: [Synth 8-3332] Sequential element (mul_ln72_reg_5004_reg[33]__0) is unused and will be removed from module MM_MM_Pipeline_i_loop.
INFO: [Synth 8-3332] Sequential element (mul_ln72_reg_5004_reg[32]__0) is unused and will be removed from module MM_MM_Pipeline_i_loop.
INFO: [Synth 8-3332] Sequential element (mul_ln72_reg_5004_reg[31]__0) is unused and will be removed from module MM_MM_Pipeline_i_loop.
INFO: [Synth 8-3332] Sequential element (mul_ln72_reg_5004_reg[30]__0) is unused and will be removed from module MM_MM_Pipeline_i_loop.
INFO: [Synth 8-3332] Sequential element (mul_ln72_reg_5004_reg[29]__0) is unused and will be removed from module MM_MM_Pipeline_i_loop.
INFO: [Synth 8-3332] Sequential element (mul_ln72_reg_5004_reg[28]__0) is unused and will be removed from module MM_MM_Pipeline_i_loop.
INFO: [Synth 8-3332] Sequential element (mul_ln72_reg_5004_reg[27]__0) is unused and will be removed from module MM_MM_Pipeline_i_loop.
INFO: [Synth 8-3332] Sequential element (mul_ln72_reg_5004_reg[26]__0) is unused and will be removed from module MM_MM_Pipeline_i_loop.
INFO: [Synth 8-3332] Sequential element (mul_ln72_reg_5004_reg[25]__0) is unused and will be removed from module MM_MM_Pipeline_i_loop.
INFO: [Synth 8-3332] Sequential element (mul_ln72_reg_5004_reg[24]__0) is unused and will be removed from module MM_MM_Pipeline_i_loop.
INFO: [Synth 8-3332] Sequential element (mul_ln72_reg_5004_reg[23]__0) is unused and will be removed from module MM_MM_Pipeline_i_loop.
INFO: [Synth 8-3332] Sequential element (mul_ln72_reg_5004_reg[22]__0) is unused and will be removed from module MM_MM_Pipeline_i_loop.
INFO: [Synth 8-3332] Sequential element (mul_ln72_reg_5004_reg[21]__0) is unused and will be removed from module MM_MM_Pipeline_i_loop.
INFO: [Synth 8-3332] Sequential element (mul_ln72_reg_5004_reg[20]__0) is unused and will be removed from module MM_MM_Pipeline_i_loop.
INFO: [Synth 8-3332] Sequential element (mul_ln72_reg_5004_reg[19]__0) is unused and will be removed from module MM_MM_Pipeline_i_loop.
INFO: [Synth 8-3332] Sequential element (mul_ln72_reg_5004_reg[18]__0) is unused and will be removed from module MM_MM_Pipeline_i_loop.
INFO: [Synth 8-3332] Sequential element (mul_ln72_reg_5004_reg[17]__0) is unused and will be removed from module MM_MM_Pipeline_i_loop.
INFO: [Synth 8-3332] Sequential element (mul_ln72_1_reg_5009_reg[47]) is unused and will be removed from module MM_MM_Pipeline_i_loop.
INFO: [Synth 8-3332] Sequential element (mul_ln72_1_reg_5009_reg[46]) is unused and will be removed from module MM_MM_Pipeline_i_loop.
INFO: [Synth 8-3332] Sequential element (mul_ln72_1_reg_5009_reg[45]) is unused and will be removed from module MM_MM_Pipeline_i_loop.
INFO: [Synth 8-3332] Sequential element (mul_ln72_1_reg_5009_reg[44]) is unused and will be removed from module MM_MM_Pipeline_i_loop.
INFO: [Synth 8-3332] Sequential element (mul_ln72_1_reg_5009_reg[43]) is unused and will be removed from module MM_MM_Pipeline_i_loop.
INFO: [Synth 8-3332] Sequential element (mul_ln72_1_reg_5009_reg[42]) is unused and will be removed from module MM_MM_Pipeline_i_loop.
INFO: [Synth 8-3332] Sequential element (mul_ln72_1_reg_5009_reg[41]) is unused and will be removed from module MM_MM_Pipeline_i_loop.
INFO: [Synth 8-3332] Sequential element (mul_ln72_1_reg_5009_reg[40]) is unused and will be removed from module MM_MM_Pipeline_i_loop.
INFO: [Synth 8-3332] Sequential element (mul_ln72_1_reg_5009_reg[39]) is unused and will be removed from module MM_MM_Pipeline_i_loop.
INFO: [Synth 8-3332] Sequential element (mul_ln72_1_reg_5009_reg[38]) is unused and will be removed from module MM_MM_Pipeline_i_loop.
INFO: [Synth 8-3332] Sequential element (mul_ln72_1_reg_5009_reg[37]) is unused and will be removed from module MM_MM_Pipeline_i_loop.
INFO: [Synth 8-3332] Sequential element (mul_ln72_1_reg_5009_reg[36]) is unused and will be removed from module MM_MM_Pipeline_i_loop.
INFO: [Synth 8-3332] Sequential element (mul_ln72_1_reg_5009_reg[35]) is unused and will be removed from module MM_MM_Pipeline_i_loop.
INFO: [Synth 8-3332] Sequential element (mul_ln72_1_reg_5009_reg[34]) is unused and will be removed from module MM_MM_Pipeline_i_loop.
INFO: [Synth 8-3332] Sequential element (mul_ln72_1_reg_5009_reg[33]) is unused and will be removed from module MM_MM_Pipeline_i_loop.
INFO: [Synth 8-3332] Sequential element (mul_ln72_1_reg_5009_reg[32]) is unused and will be removed from module MM_MM_Pipeline_i_loop.
INFO: [Synth 8-3332] Sequential element (mul_ln72_1_reg_5009_reg[31]) is unused and will be removed from module MM_MM_Pipeline_i_loop.
INFO: [Synth 8-3332] Sequential element (mul_ln72_1_reg_5009_reg[30]) is unused and will be removed from module MM_MM_Pipeline_i_loop.
INFO: [Synth 8-3332] Sequential element (mul_ln72_1_reg_5009_reg[29]) is unused and will be removed from module MM_MM_Pipeline_i_loop.
INFO: [Synth 8-3332] Sequential element (mul_ln72_1_reg_5009_reg[28]) is unused and will be removed from module MM_MM_Pipeline_i_loop.
INFO: [Synth 8-3332] Sequential element (mul_ln72_1_reg_5009_reg[27]) is unused and will be removed from module MM_MM_Pipeline_i_loop.
INFO: [Synth 8-3332] Sequential element (mul_ln72_1_reg_5009_reg[26]) is unused and will be removed from module MM_MM_Pipeline_i_loop.
INFO: [Synth 8-3332] Sequential element (mul_ln72_1_reg_5009_reg[25]) is unused and will be removed from module MM_MM_Pipeline_i_loop.
INFO: [Synth 8-3332] Sequential element (mul_ln72_1_reg_5009_reg[24]) is unused and will be removed from module MM_MM_Pipeline_i_loop.
INFO: [Synth 8-3332] Sequential element (mul_ln72_1_reg_5009_reg[23]) is unused and will be removed from module MM_MM_Pipeline_i_loop.
INFO: [Synth 8-3332] Sequential element (mul_ln72_1_reg_5009_reg[22]) is unused and will be removed from module MM_MM_Pipeline_i_loop.
INFO: [Synth 8-3332] Sequential element (mul_ln72_1_reg_5009_reg[21]) is unused and will be removed from module MM_MM_Pipeline_i_loop.
INFO: [Synth 8-3332] Sequential element (mul_ln72_1_reg_5009_reg[20]) is unused and will be removed from module MM_MM_Pipeline_i_loop.
INFO: [Synth 8-3332] Sequential element (mul_ln72_1_reg_5009_reg[19]) is unused and will be removed from module MM_MM_Pipeline_i_loop.
INFO: [Synth 8-3332] Sequential element (mul_ln72_1_reg_5009_reg[18]) is unused and will be removed from module MM_MM_Pipeline_i_loop.
INFO: [Synth 8-3332] Sequential element (mul_ln72_1_reg_5009_reg[17]) is unused and will be removed from module MM_MM_Pipeline_i_loop.
INFO: [Synth 8-3332] Sequential element (mul_ln72_1_reg_5009_reg[16]) is unused and will be removed from module MM_MM_Pipeline_i_loop.
INFO: [Synth 8-3332] Sequential element (mul_ln72_1_reg_5009_reg[15]) is unused and will be removed from module MM_MM_Pipeline_i_loop.
INFO: [Synth 8-3332] Sequential element (mul_ln72_1_reg_5009_reg[47]__0) is unused and will be removed from module MM_MM_Pipeline_i_loop.
INFO: [Synth 8-3332] Sequential element (mul_ln72_1_reg_5009_reg[46]__0) is unused and will be removed from module MM_MM_Pipeline_i_loop.
INFO: [Synth 8-3332] Sequential element (mul_ln72_1_reg_5009_reg[45]__0) is unused and will be removed from module MM_MM_Pipeline_i_loop.
INFO: [Common 17-14] Message 'Synth 8-3332' appears 100 times and further instances of the messages will be disabled. Use the Tcl command set_msg_config to change the current settings.
INFO: [Common 17-14] Message 'Synth 8-3332' appears 100 times and further instances of the messages will be disabled. Use the Tcl command set_msg_config to change the current settings.
INFO: [Synth 8-7129] Port in_BURST_AWLEN[7] in module MM_gmem_m_axi_throttle is either unconnected or has no load
INFO: [Synth 8-7129] Port in_BURST_AWLEN[6] in module MM_gmem_m_axi_throttle is either unconnected or has no load
INFO: [Synth 8-7129] Port in_BURST_AWLEN[5] in module MM_gmem_m_axi_throttle is either unconnected or has no load
INFO: [Synth 8-7129] Port in_BURST_AWLEN[4] in module MM_gmem_m_axi_throttle is either unconnected or has no load
INFO: [Synth 8-7129] Port in_BURST_AWLEN[3] in module MM_gmem_m_axi_throttle is either unconnected or has no load
INFO: [Synth 8-7129] Port in_BURST_AWLEN[2] in module MM_gmem_m_axi_throttle is either unconnected or has no load
INFO: [Synth 8-7129] Port in_BURST_AWLEN[1] in module MM_gmem_m_axi_throttle is either unconnected or has no load
INFO: [Synth 8-7129] Port in_BURST_AWLEN[0] in module MM_gmem_m_axi_throttle is either unconnected or has no load
INFO: [Synth 8-7129] Port in_BUS_BID[0] in module MM_gmem_m_axi_write is either unconnected or has no load
INFO: [Synth 8-7129] Port in_BUS_BRESP[1] in module MM_gmem_m_axi_write is either unconnected or has no load
INFO: [Synth 8-7129] Port in_BUS_BRESP[0] in module MM_gmem_m_axi_write is either unconnected or has no load
INFO: [Synth 8-7129] Port in_BUS_BUSER[0] in module MM_gmem_m_axi_write is either unconnected or has no load
INFO: [Synth 8-7129] Port RID[0] in module MM_gmem_m_axi is either unconnected or has no load
INFO: [Synth 8-7129] Port RRESP[1] in module MM_gmem_m_axi is either unconnected or has no load
INFO: [Synth 8-7129] Port RRESP[0] in module MM_gmem_m_axi is either unconnected or has no load
INFO: [Synth 8-7129] Port RUSER[0] in module MM_gmem_m_axi is either unconnected or has no load
INFO: [Synth 8-3333] propagating constant 0 across sequential element (gmem_m_axi_U/bus_write/\wreq_burst_conv/burst_sequential/rs_req/data_p2_reg[96] )
INFO: [Synth 8-3333] propagating constant 0 across sequential element (gmem_m_axi_U/\bus_read/rreq_burst_conv/burst_sequential/rs_req/data_p2_reg[96] )
INFO: [Synth 8-3886] merging instance 'gmem_m_axi_U/bus_write/wreq_burst_conv/burst_sequential/start_addr_reg[0]' (FDRE) to 'gmem_m_axi_U/bus_write/wreq_burst_conv/burst_sequential/start_addr_reg[1]'
INFO: [Synth 8-3886] merging instance 'gmem_m_axi_U/bus_write/wreq_burst_conv/burst_sequential/start_addr_reg[1]' (FDRE) to 'gmem_m_axi_U/bus_write/wreq_burst_conv/burst_sequential/start_addr_reg[2]'
INFO: [Synth 8-3886] merging instance 'gmem_m_axi_U/bus_write/wreq_burst_conv/burst_sequential/start_addr_reg[2]' (FDRE) to 'gmem_m_axi_U/bus_write/wreq_burst_conv/burst_sequential/start_addr_reg[3]'
INFO: [Synth 8-3886] merging instance 'gmem_m_axi_U/bus_write/wreq_burst_conv/burst_sequential/start_addr_reg[3]' (FDRE) to 'gmem_m_axi_U/bus_write/wreq_burst_conv/burst_sequential/start_addr_reg[4]'
INFO: [Synth 8-3886] merging instance 'gmem_m_axi_U/bus_write/wreq_burst_conv/burst_sequential/start_addr_reg[4]' (FDRE) to 'gmem_m_axi_U/bus_write/wreq_burst_conv/burst_sequential/start_addr_reg[5]'
INFO: [Synth 8-3333] propagating constant 0 across sequential element (gmem_m_axi_U/bus_write/\wreq_burst_conv/burst_sequential/start_addr_reg[5] )
INFO: [Synth 8-3886] merging instance 'gmem_m_axi_U/bus_write/wreq_burst_conv/burst_sequential/could_multi_bursts.burst_len_reg[4]' (FDRE) to 'gmem_m_axi_U/bus_write/wreq_burst_conv/burst_sequential/could_multi_bursts.burst_len_reg[5]'
INFO: [Synth 8-3886] merging instance 'gmem_m_axi_U/bus_write/wreq_burst_conv/burst_sequential/could_multi_bursts.burst_len_reg[5]' (FDRE) to 'gmem_m_axi_U/bus_write/wreq_burst_conv/burst_sequential/could_multi_bursts.burst_len_reg[6]'
INFO: [Synth 8-3886] merging instance 'gmem_m_axi_U/bus_write/wreq_burst_conv/burst_sequential/could_multi_bursts.burst_len_reg[6]' (FDRE) to 'gmem_m_axi_U/bus_write/wreq_burst_conv/burst_sequential/could_multi_bursts.burst_len_reg[7]'
INFO: [Synth 8-3333] propagating constant 0 across sequential element (gmem_m_axi_U/bus_write/\wreq_burst_conv/burst_sequential/could_multi_bursts.burst_len_reg[7] )
INFO: [Synth 8-3886] merging instance 'gmem_m_axi_U/store_unit_0/tmp_len_reg[0]' (FDRE) to 'gmem_m_axi_U/store_unit_0/tmp_len_reg[5]'
INFO: [Synth 8-3886] merging instance 'gmem_m_axi_U/store_unit_0/tmp_addr_reg[0]' (FDRE) to 'gmem_m_axi_U/store_unit_0/tmp_addr_reg[5]'
INFO: [Synth 8-3886] merging instance 'gmem_m_axi_U/store_unit_0/tmp_len_reg[1]' (FDRE) to 'gmem_m_axi_U/store_unit_0/tmp_len_reg[5]'
INFO: [Synth 8-3886] merging instance 'gmem_m_axi_U/store_unit_0/tmp_addr_reg[1]' (FDRE) to 'gmem_m_axi_U/store_unit_0/tmp_addr_reg[5]'
INFO: [Synth 8-3886] merging instance 'gmem_m_axi_U/store_unit_0/tmp_len_reg[2]' (FDRE) to 'gmem_m_axi_U/store_unit_0/tmp_len_reg[5]'
INFO: [Synth 8-3886] merging instance 'gmem_m_axi_U/store_unit_0/tmp_addr_reg[2]' (FDRE) to 'gmem_m_axi_U/store_unit_0/tmp_addr_reg[5]'
INFO: [Synth 8-3886] merging instance 'gmem_m_axi_U/store_unit_0/tmp_len_reg[3]' (FDRE) to 'gmem_m_axi_U/store_unit_0/tmp_len_reg[5]'
INFO: [Synth 8-3886] merging instance 'gmem_m_axi_U/store_unit_0/tmp_addr_reg[3]' (FDRE) to 'gmem_m_axi_U/store_unit_0/tmp_addr_reg[5]'
INFO: [Synth 8-3886] merging instance 'gmem_m_axi_U/store_unit_0/tmp_len_reg[4]' (FDRE) to 'gmem_m_axi_U/store_unit_0/tmp_len_reg[5]'
INFO: [Synth 8-3886] merging instance 'gmem_m_axi_U/store_unit_0/tmp_addr_reg[4]' (FDRE) to 'gmem_m_axi_U/store_unit_0/tmp_addr_reg[5]'
INFO: [Synth 8-3333] propagating constant 0 across sequential element (gmem_m_axi_U/\store_unit_0/tmp_addr_reg[5] )
INFO: [Synth 8-3886] merging instance 'gmem_m_axi_U/load_unit_0/tmp_len_reg[0]' (FDRE) to 'gmem_m_axi_U/load_unit_0/tmp_len_reg[5]'
INFO: [Synth 8-3886] merging instance 'gmem_m_axi_U/bus_read/rreq_burst_conv/burst_sequential/rs_req/data_p2_reg[64]' (FDE) to 'gmem_m_axi_U/bus_read/rreq_burst_conv/burst_sequential/rs_req/data_p2_reg[69]'
INFO: [Synth 8-3886] merging instance 'gmem_m_axi_U/load_unit_0/tmp_addr_reg[0]' (FDRE) to 'gmem_m_axi_U/load_unit_0/tmp_addr_reg[5]'
INFO: [Synth 8-3886] merging instance 'gmem_m_axi_U/bus_read/rreq_burst_conv/burst_sequential/rs_req/data_p2_reg[0]' (FDE) to 'gmem_m_axi_U/bus_read/rreq_burst_conv/burst_sequential/rs_req/data_p2_reg[5]'
INFO: [Synth 8-3886] merging instance 'gmem_m_axi_U/load_unit_0/tmp_len_reg[1]' (FDRE) to 'gmem_m_axi_U/load_unit_0/tmp_len_reg[5]'
INFO: [Synth 8-3886] merging instance 'gmem_m_axi_U/bus_read/rreq_burst_conv/burst_sequential/rs_req/data_p2_reg[65]' (FDE) to 'gmem_m_axi_U/bus_read/rreq_burst_conv/burst_sequential/rs_req/data_p2_reg[69]'
INFO: [Synth 8-3886] merging instance 'gmem_m_axi_U/load_unit_0/tmp_addr_reg[1]' (FDRE) to 'gmem_m_axi_U/load_unit_0/tmp_addr_reg[5]'
INFO: [Synth 8-3886] merging instance 'gmem_m_axi_U/bus_read/rreq_burst_conv/burst_sequential/rs_req/data_p2_reg[1]' (FDE) to 'gmem_m_axi_U/bus_read/rreq_burst_conv/burst_sequential/rs_req/data_p2_reg[5]'
INFO: [Synth 8-3886] merging instance 'gmem_m_axi_U/load_unit_0/tmp_len_reg[2]' (FDRE) to 'gmem_m_axi_U/load_unit_0/tmp_len_reg[5]'
INFO: [Synth 8-3886] merging instance 'gmem_m_axi_U/bus_read/rreq_burst_conv/burst_sequential/rs_req/data_p2_reg[66]' (FDE) to 'gmem_m_axi_U/bus_read/rreq_burst_conv/burst_sequential/rs_req/data_p2_reg[69]'
INFO: [Synth 8-3886] merging instance 'gmem_m_axi_U/load_unit_0/tmp_addr_reg[2]' (FDRE) to 'gmem_m_axi_U/load_unit_0/tmp_addr_reg[5]'
INFO: [Synth 8-3886] merging instance 'gmem_m_axi_U/bus_read/rreq_burst_conv/burst_sequential/rs_req/data_p2_reg[2]' (FDE) to 'gmem_m_axi_U/bus_read/rreq_burst_conv/burst_sequential/rs_req/data_p2_reg[5]'
INFO: [Synth 8-3886] merging instance 'gmem_m_axi_U/load_unit_0/tmp_len_reg[3]' (FDRE) to 'gmem_m_axi_U/load_unit_0/tmp_len_reg[5]'
INFO: [Synth 8-3886] merging instance 'gmem_m_axi_U/bus_read/rreq_burst_conv/burst_sequential/rs_req/data_p2_reg[67]' (FDE) to 'gmem_m_axi_U/bus_read/rreq_burst_conv/burst_sequential/rs_req/data_p2_reg[69]'
INFO: [Synth 8-3886] merging instance 'gmem_m_axi_U/load_unit_0/tmp_addr_reg[3]' (FDRE) to 'gmem_m_axi_U/load_unit_0/tmp_addr_reg[5]'
INFO: [Synth 8-3886] merging instance 'gmem_m_axi_U/bus_read/rreq_burst_conv/burst_sequential/rs_req/data_p2_reg[3]' (FDE) to 'gmem_m_axi_U/bus_read/rreq_burst_conv/burst_sequential/rs_req/data_p2_reg[5]'
INFO: [Synth 8-3886] merging instance 'gmem_m_axi_U/load_unit_0/tmp_len_reg[4]' (FDRE) to 'gmem_m_axi_U/load_unit_0/tmp_len_reg[5]'
INFO: [Synth 8-3886] merging instance 'gmem_m_axi_U/bus_read/rreq_burst_conv/burst_sequential/rs_req/data_p2_reg[68]' (FDE) to 'gmem_m_axi_U/bus_read/rreq_burst_conv/burst_sequential/rs_req/data_p2_reg[69]'
INFO: [Synth 8-3886] merging instance 'gmem_m_axi_U/load_unit_0/tmp_addr_reg[4]' (FDRE) to 'gmem_m_axi_U/load_unit_0/tmp_addr_reg[5]'
INFO: [Synth 8-3886] merging instance 'gmem_m_axi_U/bus_read/rreq_burst_conv/burst_sequential/rs_req/data_p2_reg[4]' (FDE) to 'gmem_m_axi_U/bus_read/rreq_burst_conv/burst_sequential/rs_req/data_p2_reg[5]'
INFO: [Synth 8-3333] propagating constant 0 across sequential element (gmem_m_axi_U/\load_unit_0/tmp_addr_reg[5] )
INFO: [Synth 8-3886] merging instance 'gmem_m_axi_U/bus_read/rreq_burst_conv/burst_sequential/rs_req/data_p2_reg[5]' (FDE) to 'gmem_m_axi_U/bus_read/rreq_burst_conv/burst_sequential/rs_req/data_p2_reg[96]'
INFO: [Synth 8-3333] propagating constant 0 across sequential element (gmem_m_axi_U/bus_write/\rs_resp/data_p2_reg[0] )
INFO: [Synth 8-3333] propagating constant 0 across sequential element (gmem_m_axi_U/bus_write/\wreq_throttle/rs_burst/data_p2_reg[8] )
INFO: [Synth 8-3886] merging instance 'gmem_m_axi_U/bus_read/rreq_burst_conv/burst_sequential/start_addr_reg[0]' (FDRE) to 'gmem_m_axi_U/bus_read/rreq_burst_conv/burst_sequential/start_addr_reg[1]'
INFO: [Synth 8-3886] merging instance 'gmem_m_axi_U/bus_read/rreq_burst_conv/burst_sequential/start_addr_reg[1]' (FDRE) to 'gmem_m_axi_U/bus_read/rreq_burst_conv/burst_sequential/start_addr_reg[2]'
INFO: [Synth 8-3886] merging instance 'gmem_m_axi_U/bus_read/rreq_burst_conv/burst_sequential/start_addr_reg[2]' (FDRE) to 'gmem_m_axi_U/bus_read/rreq_burst_conv/burst_sequential/start_addr_reg[3]'
INFO: [Synth 8-3886] merging instance 'gmem_m_axi_U/bus_read/rreq_burst_conv/burst_sequential/start_addr_reg[3]' (FDRE) to 'gmem_m_axi_U/bus_read/rreq_burst_conv/burst_sequential/start_addr_reg[4]'
INFO: [Synth 8-3886] merging instance 'gmem_m_axi_U/bus_read/rreq_burst_conv/burst_sequential/start_addr_reg[4]' (FDRE) to 'gmem_m_axi_U/bus_read/rreq_burst_conv/burst_sequential/start_addr_reg[5]'
INFO: [Synth 8-3333] propagating constant 0 across sequential element (gmem_m_axi_U/\bus_read/rreq_burst_conv/burst_sequential/start_addr_reg[5] )
INFO: [Synth 8-3886] merging instance 'zext_ln57_3_reg_3375_reg[5]' (FDE) to 'zext_ln57_5_reg_3385_reg[5]'
INFO: [Synth 8-3886] merging instance 'zext_ln57_3_reg_3375_reg[4]' (FDE) to 'zext_ln57_4_reg_3380_reg[4]'
INFO: [Synth 8-3886] merging instance 'zext_ln57_3_reg_3375_reg[3]' (FDE) to 'zext_ln57_4_reg_3380_reg[3]'
INFO: [Synth 8-3886] merging instance 'zext_ln57_4_reg_3380_reg[7]' (FDE) to 'zext_ln57_12_reg_3420_reg[7]'
INFO: [Synth 8-3886] merging instance 'zext_ln57_4_reg_3380_reg[6]' (FDE) to 'zext_ln57_8_reg_3400_reg[6]'
INFO: [Synth 8-3886] merging instance 'zext_ln57_4_reg_3380_reg[5]' (FDE) to 'zext_ln57_2_reg_3370_reg[5]'
INFO: [Synth 8-3886] merging instance 'zext_ln57_4_reg_3380_reg[4]' (FDE) to 'zext_ln57_2_reg_3370_reg[4]'
INFO: [Synth 8-3886] merging instance 'zext_ln57_4_reg_3380_reg[3]' (FDE) to 'zext_ln57_2_reg_3370_reg[3]'
INFO: [Synth 8-3886] merging instance 'zext_ln57_2_reg_3370_reg[6]' (FDE) to 'zext_ln57_6_reg_3390_reg[6]'
INFO: [Synth 8-3886] merging instance 'zext_ln57_2_reg_3370_reg[5]' (FDE) to 'zext_ln57_6_reg_3390_reg[5]'
INFO: [Synth 8-3886] merging instance 'zext_ln57_2_reg_3370_reg[4]' (FDE) to 'zext_ln57_5_reg_3385_reg[4]'
INFO: [Synth 8-3886] merging instance 'zext_ln57_2_reg_3370_reg[3]' (FDE) to 'zext_ln57_5_reg_3385_reg[3]'
INFO: [Synth 8-3886] merging instance 'zext_ln57_5_reg_3385_reg[5]' (FDE) to 'zext_ln57_1_reg_3365_reg[5]'
INFO: [Synth 8-3886] merging instance 'zext_ln57_5_reg_3385_reg[4]' (FDE) to 'zext_ln57_6_reg_3390_reg[4]'
INFO: [Synth 8-3886] merging instance 'zext_ln57_5_reg_3385_reg[3]' (FDE) to 'zext_ln57_6_reg_3390_reg[3]'
INFO: [Synth 8-3886] merging instance 'zext_ln57_6_reg_3390_reg[6]' (FDE) to 'zext_ln57_10_reg_3410_reg[6]'
INFO: [Synth 8-3886] merging instance 'zext_ln57_6_reg_3390_reg[5]' (FDE) to 'zext_ln57_8_reg_3400_reg[5]'
INFO: [Synth 8-3886] merging instance 'zext_ln57_6_reg_3390_reg[4]' (FDE) to 'zext_ln57_1_reg_3365_reg[4]'
INFO: [Synth 8-3886] merging instance 'zext_ln57_6_reg_3390_reg[3]' (FDE) to 'zext_ln57_1_reg_3365_reg[3]'
INFO: [Synth 8-3886] merging instance 'zext_ln57_1_reg_3365_reg[5]' (FDE) to 'zext_ln57_7_reg_3395_reg[5]'
INFO: [Synth 8-3886] merging instance 'zext_ln57_1_reg_3365_reg[4]' (FDE) to 'zext_ln57_7_reg_3395_reg[4]'
INFO: [Synth 8-3886] merging instance 'zext_ln57_1_reg_3365_reg[3]' (FDE) to 'zext_ln57_7_reg_3395_reg[3]'
INFO: [Synth 8-3886] merging instance 'zext_ln57_7_reg_3395_reg[5]' (FDE) to 'zext_ln57_9_reg_3405_reg[5]'
INFO: [Synth 8-3886] merging instance 'zext_ln57_7_reg_3395_reg[4]' (FDE) to 'zext_ln57_8_reg_3400_reg[4]'
INFO: [Synth 8-3886] merging instance 'zext_ln57_7_reg_3395_reg[3]' (FDE) to 'zext_ln57_8_reg_3400_reg[3]'
INFO: [Synth 8-3886] merging instance 'zext_ln57_reg_3360_reg[7]' (FDE) to 'zext_ln57_8_reg_3400_reg[7]'
INFO: [Synth 8-3886] merging instance 'zext_ln57_reg_3360_reg[6]' (FDE) to 'zext_ln57_8_reg_3400_reg[6]'
INFO: [Synth 8-3886] merging instance 'zext_ln57_reg_3360_reg[5]' (FDE) to 'zext_ln57_8_reg_3400_reg[5]'
INFO: [Synth 8-3886] merging instance 'zext_ln57_reg_3360_reg[4]' (FDE) to 'zext_ln57_8_reg_3400_reg[4]'
INFO: [Synth 8-3886] merging instance 'zext_ln57_reg_3360_reg[3]' (FDE) to 'zext_ln57_8_reg_3400_reg[3]'
INFO: [Synth 8-3886] merging instance 'zext_ln57_8_reg_3400_reg[6]' (FDE) to 'zext_ln57_12_reg_3420_reg[6]'
INFO: [Synth 8-3886] merging instance 'zext_ln57_8_reg_3400_reg[5]' (FDE) to 'zext_ln57_10_reg_3410_reg[5]'
INFO: [Synth 8-3886] merging instance 'zext_ln57_8_reg_3400_reg[4]' (FDE) to 'zext_ln57_9_reg_3405_reg[4]'
INFO: [Synth 8-3886] merging instance 'zext_ln57_8_reg_3400_reg[3]' (FDE) to 'zext_ln57_9_reg_3405_reg[3]'
INFO: [Synth 8-3886] merging instance 'zext_ln57_9_reg_3405_reg[5]' (FDE) to 'zext_ln57_11_reg_3415_reg[5]'
INFO: [Synth 8-3886] merging instance 'zext_ln57_9_reg_3405_reg[4]' (FDE) to 'zext_ln57_10_reg_3410_reg[4]'
INFO: [Synth 8-3886] merging instance 'zext_ln57_9_reg_3405_reg[3]' (FDE) to 'zext_ln57_10_reg_3410_reg[3]'
INFO: [Synth 8-3886] merging instance 'zext_ln57_10_reg_3410_reg[6]' (FDE) to 'zext_ln57_14_reg_3430_reg[6]'
INFO: [Synth 8-3886] merging instance 'zext_ln57_10_reg_3410_reg[5]' (FDE) to 'zext_ln57_12_reg_3420_reg[5]'
INFO: [Synth 8-3886] merging instance 'zext_ln57_10_reg_3410_reg[4]' (FDE) to 'zext_ln57_11_reg_3415_reg[4]'
INFO: [Synth 8-3886] merging instance 'zext_ln57_10_reg_3410_reg[3]' (FDE) to 'zext_ln57_11_reg_3415_reg[3]'
INFO: [Synth 8-3886] merging instance 'zext_ln57_11_reg_3415_reg[5]' (FDE) to 'zext_ln57_13_reg_3425_reg[5]'
INFO: [Synth 8-3886] merging instance 'zext_ln57_11_reg_3415_reg[4]' (FDE) to 'zext_ln57_12_reg_3420_reg[4]'
INFO: [Synth 8-3886] merging instance 'zext_ln57_11_reg_3415_reg[3]' (FDE) to 'zext_ln57_12_reg_3420_reg[3]'
INFO: [Synth 8-3886] merging instance 'zext_ln57_12_reg_3420_reg[5]' (FDE) to 'zext_ln57_14_reg_3430_reg[5]'
INFO: [Synth 8-3886] merging instance 'zext_ln57_12_reg_3420_reg[4]' (FDE) to 'zext_ln57_13_reg_3425_reg[4]'
INFO: [Synth 8-3886] merging instance 'zext_ln57_12_reg_3420_reg[3]' (FDE) to 'zext_ln57_13_reg_3425_reg[3]'
INFO: [Synth 8-3886] merging instance 'zext_ln57_13_reg_3425_reg[5]' (FDE) to 'zext_ln48_reg_3435_reg[5]'
INFO: [Synth 8-3886] merging instance 'zext_ln57_13_reg_3425_reg[4]' (FDE) to 'zext_ln57_14_reg_3430_reg[4]'
INFO: [Synth 8-3886] merging instance 'zext_ln57_13_reg_3425_reg[3]' (FDE) to 'zext_ln57_14_reg_3430_reg[3]'
INFO: [Synth 8-3886] merging instance 'zext_ln57_14_reg_3430_reg[4]' (FDE) to 'zext_ln48_reg_3435_reg[4]'
INFO: [Synth 8-3886] merging instance 'zext_ln57_14_reg_3430_reg[3]' (FDE) to 'zext_ln48_reg_3435_reg[3]'
INFO: [Synth 8-3886] merging instance 'zext_ln57_reg_3360_reg[511]' (FD) to 'zext_ln57_reg_3360_reg[510]'
INFO: [Synth 8-3886] merging instance 'zext_ln57_reg_3360_reg[510]' (FD) to 'zext_ln57_reg_3360_reg[509]'
INFO: [Synth 8-3886] merging instance 'zext_ln57_reg_3360_reg[509]' (FD) to 'zext_ln57_reg_3360_reg[508]'
INFO: [Synth 8-3886] merging instance 'zext_ln57_reg_3360_reg[508]' (FD) to 'zext_ln57_reg_3360_reg[507]'
INFO: [Common 17-14] Message 'Synth 8-3886' appears 100 times and further instances of the messages will be disabled. Use the Tcl command set_msg_config to change the current settings.
INFO: [Common 17-14] Message 'Synth 8-3886' appears 100 times and further instances of the messages will be disabled. Use the Tcl command set_msg_config to change the current settings.
INFO: [Synth 8-3333] propagating constant 0 across sequential element (\zext_ln57_reg_3360_reg[0] )
INFO: [Synth 8-3333] propagating constant 0 across sequential element (gmem_m_axi_U/\bus_read/rreq_burst_conv/burst_sequential/could_multi_bursts.burst_len_reg[7] )
INFO: [Synth 8-3333] propagating constant 0 across sequential element (gmem_m_axi_U/bus_write/\wreq_burst_conv/burst_sequential/rs_req/data_p1_reg[96] )
INFO: [Synth 8-3333] propagating constant 0 across sequential element (gmem_m_axi_U/bus_write/\wreq_burst_conv/burst_sequential/rs_req/data_p2_reg[5] )
INFO: [Synth 8-3333] propagating constant 0 across sequential element (gmem_m_axi_U/\bus_read/rreq_burst_conv/burst_sequential/rs_req/data_p2_reg[96] )
INFO: [Synth 8-3333] propagating constant 0 across sequential element (gmem_m_axi_U/\bus_read/rreq_burst_conv/burst_sequential/rs_req/data_p1_reg[96] )
INFO: [Synth 8-3333] propagating constant 0 across sequential element (gmem_m_axi_U/bus_write/\wreq_burst_conv/burst_sequential/sect_addr_buf_reg[5] )
INFO: [Synth 8-3333] propagating constant 0 across sequential element (gmem_m_axi_U/\load_unit_0/fifo_rreq/U_fifo_srl/dout_reg[95] )
INFO: [Synth 8-3333] propagating constant 0 across sequential element (gmem_m_axi_U/\store_unit_0/fifo_wreq/U_fifo_srl/dout_reg[95] )
INFO: [Synth 8-3333] propagating constant 0 across sequential element (gmem_m_axi_U/bus_write/\rs_resp/data_p1_reg[0] )
INFO: [Synth 8-3333] propagating constant 0 across sequential element (gmem_m_axi_U/bus_write/\wreq_throttle/rs_burst/data_p1_reg[8] )
INFO: [Synth 8-3333] propagating constant 0 across sequential element (gmem_m_axi_U/\bus_read/rreq_burst_conv/burst_sequential/sect_addr_buf_reg[5] )
INFO: [Synth 8-3333] propagating constant 0 across sequential element (gmem_m_axi_U/bus_write/\wreq_burst_conv/burst_sequential/req_id_reg[0] )
INFO: [Synth 8-3333] propagating constant 0 across sequential element (gmem_m_axi_U/bus_write/\wreq_burst_conv/burst_sequential/rs_req/data_p1_reg[5] )
INFO: [Synth 8-3333] propagating constant 0 across sequential element (gmem_m_axi_U/\bus_read/rreq_burst_conv/burst_sequential/rs_req/data_p1_reg[5] )
INFO: [Synth 8-3333] propagating constant 0 across sequential element (gmem_m_axi_U/\bus_read/rreq_burst_conv/burst_sequential/req_id_reg[0] )
INFO: [Synth 8-3333] propagating constant 0 across sequential element (gmem_m_axi_U/bus_write/\wreq_burst_conv/burst_sequential/could_multi_bursts.burst_addr_reg[5] )
INFO: [Synth 8-3333] propagating constant 0 across sequential element (gmem_m_axi_U/\store_unit_0/conservative_gen.fifo_burst/U_fifo_srl/dout_reg[7] )
INFO: [Synth 8-3333] propagating constant 0 across sequential element (gmem_m_axi_U/\bus_read/rreq_burst_conv/burst_sequential/could_multi_bursts.burst_addr_reg[5] )
INFO: [Synth 8-3333] propagating constant 0 across sequential element (gmem_m_axi_U/bus_write/\wreq_burst_conv/burst_sequential/req_id_buf_reg[0] )
INFO: [Synth 8-3333] propagating constant 0 across sequential element (gmem_m_axi_U/\bus_read/rreq_burst_conv/burst_sequential/req_id_buf_reg[0] )
INFO: [Synth 8-3333] propagating constant 0 across sequential element (gmem_m_axi_U/\store_unit_0/conservative_gen.local_BURST_WLEN_reg[7] )
INFO: [Synth 8-3333] propagating constant 0 across sequential element (gmem_m_axi_U/bus_write/\wreq_burst_conv/burst_sequential/could_multi_bursts.burst_id_reg[0] )
INFO: [Synth 8-3333] propagating constant 0 across sequential element (gmem_m_axi_U/bus_write/\wreq_throttle/rs_burst/data_p2_reg[7] )
INFO: [Synth 8-3333] propagating constant 0 across sequential element (gmem_m_axi_U/bus_write/\wreq_throttle/fifo_burst_gen[0].fifo_req/U_fifo_srl/dout_reg[5] )
INFO: [Synth 8-3333] propagating constant 0 across sequential element (gmem_m_axi_U/bus_write/\wreq_throttle/rs_burst/data_p1_reg[7] )
INFO: [Synth 8-3333] propagating constant 0 across sequential element (gmem_m_axi_U/bus_write/\wreq_throttle/rs_req/data_p2_reg[5] )
INFO: [Synth 8-3333] propagating constant 0 across sequential element (gmem_m_axi_U/bus_write/\wreq_throttle/rs_req/data_p1_reg[5] )
INFO: [Synth 8-12192] Not enough pipeline registers after wide multiplier. Pipeline registers present is 1. Recommended levels of pipeline registers is 4. [z:/Labs/clab/baseline_blockedMM/baseline_blockedMM/hls/impl/verilog/project.gen/sources_1/bd/bd_0/ipshared/eab9/hdl/verilog/MM_mul_31ns_32s_32_1_1.v:42]
INFO: [Synth 8-12192] Not enough pipeline registers after wide multiplier. Pipeline registers present is 1. Recommended levels of pipeline registers is 4. [z:/Labs/clab/baseline_blockedMM/baseline_blockedMM/hls/impl/verilog/project.gen/sources_1/bd/bd_0/ipshared/eab9/hdl/verilog/MM_mul_31ns_32s_32_1_1.v:42]
DSP Report: Generating DSP mul_31ns_32s_32_1_1_U84/tmp_product, operation Mode is: A*B.
DSP Report: operator mul_31ns_32s_32_1_1_U84/tmp_product is absorbed into DSP mul_31ns_32s_32_1_1_U84/tmp_product.
DSP Report: operator mul_31ns_32s_32_1_1_U84/tmp_product is absorbed into DSP mul_31ns_32s_32_1_1_U84/tmp_product.
DSP Report: Generating DSP reg_961_reg, operation Mode is: (PCIN>>17)+A*B.
DSP Report: register reg_961_reg is absorbed into DSP reg_961_reg.
DSP Report: operator mul_31ns_32s_32_1_1_U84/tmp_product is absorbed into DSP reg_961_reg.
DSP Report: operator mul_31ns_32s_32_1_1_U84/tmp_product is absorbed into DSP reg_961_reg.
DSP Report: Generating DSP mul_31ns_32s_32_1_1_U84/tmp_product, operation Mode is: A*B.
DSP Report: operator mul_31ns_32s_32_1_1_U84/tmp_product is absorbed into DSP mul_31ns_32s_32_1_1_U84/tmp_product.
DSP Report: operator mul_31ns_32s_32_1_1_U84/tmp_product is absorbed into DSP mul_31ns_32s_32_1_1_U84/tmp_product.
DSP Report: Generating DSP reg_961_reg, operation Mode is: (PCIN>>17)+A*B.
DSP Report: register reg_961_reg is absorbed into DSP reg_961_reg.
DSP Report: operator mul_31ns_32s_32_1_1_U84/tmp_product is absorbed into DSP reg_961_reg.
DSP Report: operator mul_31ns_32s_32_1_1_U84/tmp_product is absorbed into DSP reg_961_reg.
DSP Report: Generating DSP mul_31ns_32s_32_1_1_U85/tmp_product, operation Mode is: A2*B2.
DSP Report: register add_ln63_reg_3969_reg is absorbed into DSP mul_31ns_32s_32_1_1_U85/tmp_product.
DSP Report: register mul_31ns_32s_32_1_1_U85/tmp_product is absorbed into DSP mul_31ns_32s_32_1_1_U85/tmp_product.
DSP Report: operator mul_31ns_32s_32_1_1_U85/tmp_product is absorbed into DSP mul_31ns_32s_32_1_1_U85/tmp_product.
DSP Report: operator mul_31ns_32s_32_1_1_U85/tmp_product is absorbed into DSP mul_31ns_32s_32_1_1_U85/tmp_product.
DSP Report: Generating DSP mul_ln66_reg_3974_reg, operation Mode is: (PCIN>>17)+A2*B.
DSP Report: register add_ln63_reg_3969_reg is absorbed into DSP mul_ln66_reg_3974_reg.
DSP Report: register mul_ln66_reg_3974_reg is absorbed into DSP mul_ln66_reg_3974_reg.
DSP Report: operator mul_31ns_32s_32_1_1_U85/tmp_product is absorbed into DSP mul_ln66_reg_3974_reg.
DSP Report: operator mul_31ns_32s_32_1_1_U85/tmp_product is absorbed into DSP mul_ln66_reg_3974_reg.
DSP Report: Generating DSP mul_31ns_32s_32_1_1_U85/tmp_product, operation Mode is: A2*B2.
DSP Report: register mul_31ns_32s_32_1_1_U85/tmp_product is absorbed into DSP mul_31ns_32s_32_1_1_U85/tmp_product.
DSP Report: register mul_31ns_32s_32_1_1_U85/tmp_product is absorbed into DSP mul_31ns_32s_32_1_1_U85/tmp_product.
DSP Report: operator mul_31ns_32s_32_1_1_U85/tmp_product is absorbed into DSP mul_31ns_32s_32_1_1_U85/tmp_product.
DSP Report: operator mul_31ns_32s_32_1_1_U85/tmp_product is absorbed into DSP mul_31ns_32s_32_1_1_U85/tmp_product.
DSP Report: Generating DSP mul_ln66_reg_3974_reg, operation Mode is: (PCIN>>17)+A2*B.
DSP Report: register mul_ln66_reg_3974_reg is absorbed into DSP mul_ln66_reg_3974_reg.
DSP Report: register mul_ln66_reg_3974_reg is absorbed into DSP mul_ln66_reg_3974_reg.
DSP Report: operator mul_31ns_32s_32_1_1_U85/tmp_product is absorbed into DSP mul_ln66_reg_3974_reg.
DSP Report: operator mul_31ns_32s_32_1_1_U85/tmp_product is absorbed into DSP mul_ln66_reg_3974_reg.
INFO: [Synth 8-7129] Port AWADDR[1] in module MM_control_s_axi is either unconnected or has no load
INFO: [Synth 8-7129] Port AWADDR[0] in module MM_control_s_axi is either unconnected or has no load
INFO: [Synth 8-3333] propagating constant 0 across sequential element (\zext_ln57_16_reg_3448_reg[3] )
INFO: [Synth 8-3333] propagating constant 0 across sequential element (control_s_axi_U/\waddr_reg[1] )
---------------------------------------------------------------------------------
Finished Cross Boundary and Area Optimization : Time (s): cpu = 00:00:55 ; elapsed = 00:01:07 . Memory (MB): peak = 1725.512 ; gain = 929.918
---------------------------------------------------------------------------------
 Sort Area is MM__GB6 mul_31ns_32s_32_1_1_U85/tmp_product_6 : 0 0 : 3137 5856 : Used 1 time 0
 Sort Area is MM__GB6 mul_31ns_32s_32_1_1_U85/tmp_product_6 : 0 1 : 2719 5856 : Used 1 time 0
 Sort Area is MM__GB0 mul_32s_32s_32_1_1_U1/tmp_product_0 : 0 0 : 3119 5838 : Used 1 time 0
 Sort Area is MM__GB0 mul_32s_32s_32_1_1_U1/tmp_product_0 : 0 1 : 2719 5838 : Used 1 time 0
 Sort Area is MM__GB0 mul_32s_32s_32_1_1_U10/tmp_product_16 : 0 0 : 3119 5838 : Used 1 time 0
 Sort Area is MM__GB0 mul_32s_32s_32_1_1_U10/tmp_product_16 : 0 1 : 2719 5838 : Used 1 time 0
 Sort Area is MM__GB0 mul_32s_32s_32_1_1_U11/tmp_product_18 : 0 0 : 3119 5838 : Used 1 time 0
 Sort Area is MM__GB0 mul_32s_32s_32_1_1_U11/tmp_product_18 : 0 1 : 2719 5838 : Used 1 time 0
 Sort Area is MM__GB0 mul_32s_32s_32_1_1_U12/tmp_product_1a : 0 0 : 3119 5838 : Used 1 time 0
 Sort Area is MM__GB0 mul_32s_32s_32_1_1_U12/tmp_product_1a : 0 1 : 2719 5838 : Used 1 time 0
 Sort Area is MM__GB0 mul_32s_32s_32_1_1_U13/tmp_product_1c : 0 0 : 3119 5838 : Used 1 time 0
 Sort Area is MM__GB0 mul_32s_32s_32_1_1_U13/tmp_product_1c : 0 1 : 2719 5838 : Used 1 time 0
 Sort Area is MM__GB0 mul_32s_32s_32_1_1_U14/tmp_product_1e : 0 0 : 3119 5838 : Used 1 time 0
 Sort Area is MM__GB0 mul_32s_32s_32_1_1_U14/tmp_product_1e : 0 1 : 2719 5838 : Used 1 time 0
 Sort Area is MM__GB0 mul_32s_32s_32_1_1_U15/tmp_product_20 : 0 0 : 3119 5838 : Used 1 time 0
 Sort Area is MM__GB0 mul_32s_32s_32_1_1_U15/tmp_product_20 : 0 1 : 2719 5838 : Used 1 time 0
 Sort Area is MM__GB0 mul_32s_32s_32_1_1_U16/tmp_product_22 : 0 0 : 3119 5838 : Used 1 time 0
 Sort Area is MM__GB0 mul_32s_32s_32_1_1_U16/tmp_product_22 : 0 1 : 2719 5838 : Used 1 time 0
 Sort Area is MM__GB0 mul_32s_32s_32_1_1_U2/tmp_product_6 : 0 0 : 3119 5838 : Used 1 time 0
 Sort Area is MM__GB0 mul_32s_32s_32_1_1_U2/tmp_product_6 : 0 1 : 2719 5838 : Used 1 time 0
 Sort Area is MM__GB0 mul_32s_32s_32_1_1_U3/tmp_product_8 : 0 0 : 3119 5838 : Used 1 time 0
 Sort Area is MM__GB0 mul_32s_32s_32_1_1_U3/tmp_product_8 : 0 1 : 2719 5838 : Used 1 time 0
 Sort Area is MM__GB0 mul_32s_32s_32_1_1_U4/tmp_product_a : 0 0 : 3119 5838 : Used 1 time 0
 Sort Area is MM__GB0 mul_32s_32s_32_1_1_U4/tmp_product_a : 0 1 : 2719 5838 : Used 1 time 0
 Sort Area is MM__GB0 mul_32s_32s_32_1_1_U5/tmp_product_c : 0 0 : 3119 5838 : Used 1 time 0
 Sort Area is MM__GB0 mul_32s_32s_32_1_1_U5/tmp_product_c : 0 1 : 2719 5838 : Used 1 time 0
 Sort Area is MM__GB0 mul_32s_32s_32_1_1_U6/tmp_product_e : 0 0 : 3119 5838 : Used 1 time 0
 Sort Area is MM__GB0 mul_32s_32s_32_1_1_U6/tmp_product_e : 0 1 : 2719 5838 : Used 1 time 0
 Sort Area is MM__GB0 mul_32s_32s_32_1_1_U7/tmp_product_10 : 0 0 : 3119 5838 : Used 1 time 0
 Sort Area is MM__GB0 mul_32s_32s_32_1_1_U7/tmp_product_10 : 0 1 : 2719 5838 : Used 1 time 0
 Sort Area is MM__GB0 mul_32s_32s_32_1_1_U8/tmp_product_12 : 0 0 : 3119 5838 : Used 1 time 0
 Sort Area is MM__GB0 mul_32s_32s_32_1_1_U8/tmp_product_12 : 0 1 : 2719 5838 : Used 1 time 0
 Sort Area is MM__GB0 mul_32s_32s_32_1_1_U9/tmp_product_14 : 0 0 : 3119 5838 : Used 1 time 0
 Sort Area is MM__GB0 mul_32s_32s_32_1_1_U9/tmp_product_14 : 0 1 : 2719 5838 : Used 1 time 0
 Sort Area is MM__GB6 mul_31ns_32s_32_1_1_U85/tmp_product_9 : 0 0 : 2667 5215 : Used 1 time 0
 Sort Area is MM__GB6 mul_31ns_32s_32_1_1_U85/tmp_product_9 : 0 1 : 2548 5215 : Used 1 time 0
 Sort Area is MM__GB0 mul_32s_32s_32_1_1_U1/tmp_product_3 : 0 0 : 2649 5197 : Used 1 time 0
 Sort Area is MM__GB0 mul_32s_32s_32_1_1_U1/tmp_product_3 : 0 1 : 2548 5197 : Used 1 time 0
 Sort Area is MM__GB0 mul_32s_32s_32_1_1_U10/tmp_product_17 : 0 0 : 2649 5197 : Used 1 time 0
 Sort Area is MM__GB0 mul_32s_32s_32_1_1_U10/tmp_product_17 : 0 1 : 2548 5197 : Used 1 time 0
 Sort Area is MM__GB0 mul_32s_32s_32_1_1_U11/tmp_product_19 : 0 0 : 2649 5197 : Used 1 time 0
 Sort Area is MM__GB0 mul_32s_32s_32_1_1_U11/tmp_product_19 : 0 1 : 2548 5197 : Used 1 time 0
 Sort Area is MM__GB0 mul_32s_32s_32_1_1_U12/tmp_product_1b : 0 0 : 2649 5197 : Used 1 time 0
 Sort Area is MM__GB0 mul_32s_32s_32_1_1_U12/tmp_product_1b : 0 1 : 2548 5197 : Used 1 time 0
 Sort Area is MM__GB0 mul_32s_32s_32_1_1_U13/tmp_product_1d : 0 0 : 2649 5197 : Used 1 time 0
 Sort Area is MM__GB0 mul_32s_32s_32_1_1_U13/tmp_product_1d : 0 1 : 2548 5197 : Used 1 time 0
 Sort Area is MM__GB0 mul_32s_32s_32_1_1_U14/tmp_product_1f : 0 0 : 2649 5197 : Used 1 time 0
 Sort Area is MM__GB0 mul_32s_32s_32_1_1_U14/tmp_product_1f : 0 1 : 2548 5197 : Used 1 time 0
 Sort Area is MM__GB0 mul_32s_32s_32_1_1_U15/tmp_product_21 : 0 0 : 2649 5197 : Used 1 time 0
 Sort Area is MM__GB0 mul_32s_32s_32_1_1_U15/tmp_product_21 : 0 1 : 2548 5197 : Used 1 time 0
 Sort Area is MM__GB0 mul_32s_32s_32_1_1_U16/tmp_product_23 : 0 0 : 2649 5197 : Used 1 time 0
 Sort Area is MM__GB0 mul_32s_32s_32_1_1_U16/tmp_product_23 : 0 1 : 2548 5197 : Used 1 time 0
 Sort Area is MM__GB0 mul_32s_32s_32_1_1_U2/tmp_product_7 : 0 0 : 2649 5197 : Used 1 time 0
 Sort Area is MM__GB0 mul_32s_32s_32_1_1_U2/tmp_product_7 : 0 1 : 2548 5197 : Used 1 time 0
 Sort Area is MM__GB0 mul_32s_32s_32_1_1_U3/tmp_product_9 : 0 0 : 2649 5197 : Used 1 time 0
 Sort Area is MM__GB0 mul_32s_32s_32_1_1_U3/tmp_product_9 : 0 1 : 2548 5197 : Used 1 time 0
 Sort Area is MM__GB0 mul_32s_32s_32_1_1_U4/tmp_product_b : 0 0 : 2649 5197 : Used 1 time 0
 Sort Area is MM__GB0 mul_32s_32s_32_1_1_U4/tmp_product_b : 0 1 : 2548 5197 : Used 1 time 0
 Sort Area is MM__GB0 mul_32s_32s_32_1_1_U5/tmp_product_d : 0 0 : 2649 5197 : Used 1 time 0
 Sort Area is MM__GB0 mul_32s_32s_32_1_1_U5/tmp_product_d : 0 1 : 2548 5197 : Used 1 time 0
 Sort Area is MM__GB0 mul_32s_32s_32_1_1_U6/tmp_product_f : 0 0 : 2649 5197 : Used 1 time 0
 Sort Area is MM__GB0 mul_32s_32s_32_1_1_U6/tmp_product_f : 0 1 : 2548 5197 : Used 1 time 0
 Sort Area is MM__GB0 mul_32s_32s_32_1_1_U7/tmp_product_11 : 0 0 : 2649 5197 : Used 1 time 0
 Sort Area is MM__GB0 mul_32s_32s_32_1_1_U7/tmp_product_11 : 0 1 : 2548 5197 : Used 1 time 0
 Sort Area is MM__GB0 mul_32s_32s_32_1_1_U8/tmp_product_13 : 0 0 : 2649 5197 : Used 1 time 0
 Sort Area is MM__GB0 mul_32s_32s_32_1_1_U8/tmp_product_13 : 0 1 : 2548 5197 : Used 1 time 0
 Sort Area is MM__GB0 mul_32s_32s_32_1_1_U9/tmp_product_15 : 0 0 : 2649 5197 : Used 1 time 0
 Sort Area is MM__GB0 mul_32s_32s_32_1_1_U9/tmp_product_15 : 0 1 : 2548 5197 : Used 1 time 0
 Sort Area is MM__GB6 mul_31ns_32s_32_1_1_U84/tmp_product_0 : 0 0 : 2701 4912 : Used 1 time 0
 Sort Area is MM__GB6 mul_31ns_32s_32_1_1_U84/tmp_product_0 : 0 1 : 2211 4912 : Used 1 time 0
 Sort Area is MM__GB6 mul_31ns_32s_32_1_1_U84/tmp_product_3 : 0 0 : 2158 4062 : Used 1 time 0
 Sort Area is MM__GB6 mul_31ns_32s_32_1_1_U84/tmp_product_3 : 0 1 : 1904 4062 : Used 1 time 0
---------------------------------------------------------------------------------
Start ROM, RAM, DSP, Shift Register and Retiming Reporting
---------------------------------------------------------------------------------

Block RAM: Preliminary Mapping Report (see note below)
+-------------+-------------------------------------------+------------------------+---+---+------------------------+---+---+------------------+--------+--------+
|Module Name  | RTL Object                                | PORT A (Depth x Width) | W | R | PORT B (Depth x Width) | W | R | Ports driving FF | RAMB18 | RAMB36 | 
+-------------+-------------------------------------------+------------------------+---+---+------------------------+---+---+------------------+--------+--------+
|gmem_m_axi_U | load_unit_0/buff_rdata/U_fifo_mem/mem_reg | 255 x 514(READ_FIRST)  | W |   | 255 x 514(WRITE_FIRST) |   | R | Port A and B     | 1      | 7      | 
+-------------+-------------------------------------------+------------------------+---+---+------------------------+---+---+------------------+--------+--------+

Note: The table above is a preliminary report that shows the Block RAMs at the current stage of the synthesis flow. Some Block RAMs may be reimplemented as non Block RAM primitives later in the synthesis flow. Multiple instantiated Block RAMs are reported only once. 

DSP: Preliminary Mapping Report (see note below. The ' indicates corresponding REG is set)
+----------------------+-----------------+--------+--------+--------+--------+--------+------+------+------+------+-------+------+------+
|Module Name           | DSP Mapping     | A Size | B Size | C Size | D Size | P Size | AREG | BREG | CREG | DREG | ADREG | MREG | PREG | 
+----------------------+-----------------+--------+--------+--------+--------+--------+------+------+------+------+-------+------+------+
|MM_MM_Pipeline_i_loop | A*B2            | 18     | 15     | -      | -      | 48     | 0    | 1    | -    | -    | -     | 0    | 0    | 
|MM_MM_Pipeline_i_loop | (PCIN>>17)+A2*B | 15     | 15     | -      | -      | 48     | 1    | 0    | -    | -    | -     | 0    | 1    | 
|MM_MM_Pipeline_i_loop | A2*B            | 18     | 18     | -      | -      | 48     | 1    | 0    | -    | -    | -     | 0    | 0    | 
|MM_MM_Pipeline_i_loop | (PCIN>>17)+A2*B | 18     | 15     | -      | -      | 48     | 1    | 0    | -    | -    | -     | 0    | 1    | 
|MM_MM_Pipeline_i_loop | A*B2            | 18     | 15     | -      | -      | 48     | 0    | 1    | -    | -    | -     | 0    | 0    | 
|MM_MM_Pipeline_i_loop | (PCIN>>17)+A2*B | 15     | 15     | -      | -      | 48     | 1    | 0    | -    | -    | -     | 0    | 1    | 
|MM_MM_Pipeline_i_loop | A2*B            | 18     | 18     | -      | -      | 48     | 1    | 0    | -    | -    | -     | 0    | 0    | 
|MM_MM_Pipeline_i_loop | (PCIN>>17)+A2*B | 18     | 15     | -      | -      | 48     | 1    | 0    | -    | -    | -     | 0    | 1    | 
|MM_MM_Pipeline_i_loop | A*B2            | 18     | 15     | -      | -      | 48     | 0    | 1    | -    | -    | -     | 0    | 0    | 
|MM_MM_Pipeline_i_loop | (PCIN>>17)+A2*B | 15     | 15     | -      | -      | 48     | 1    | 0    | -    | -    | -     | 0    | 1    | 
|MM_MM_Pipeline_i_loop | A2*B            | 18     | 18     | -      | -      | 48     | 1    | 0    | -    | -    | -     | 0    | 0    | 
|MM_MM_Pipeline_i_loop | (PCIN>>17)+A2*B | 18     | 15     | -      | -      | 48     | 1    | 0    | -    | -    | -     | 0    | 1    | 
|MM_MM_Pipeline_i_loop | A*B2            | 18     | 15     | -      | -      | 48     | 0    | 1    | -    | -    | -     | 0    | 0    | 
|MM_MM_Pipeline_i_loop | (PCIN>>17)+A2*B | 15     | 15     | -      | -      | 48     | 1    | 0    | -    | -    | -     | 0    | 1    | 
|MM_MM_Pipeline_i_loop | A2*B            | 18     | 18     | -      | -      | 48     | 1    | 0    | -    | -    | -     | 0    | 0    | 
|MM_MM_Pipeline_i_loop | (PCIN>>17)+A2*B | 18     | 15     | -      | -      | 48     | 1    | 0    | -    | -    | -     | 0    | 1    | 
|MM_MM_Pipeline_i_loop | A*B2            | 18     | 15     | -      | -      | 48     | 0    | 1    | -    | -    | -     | 0    | 0    | 
|MM_MM_Pipeline_i_loop | (PCIN>>17)+A2*B | 15     | 15     | -      | -      | 48     | 1    | 0    | -    | -    | -     | 0    | 1    | 
|MM_MM_Pipeline_i_loop | A2*B            | 18     | 18     | -      | -      | 48     | 1    | 0    | -    | -    | -     | 0    | 0    | 
|MM_MM_Pipeline_i_loop | (PCIN>>17)+A2*B | 18     | 15     | -      | -      | 48     | 1    | 0    | -    | -    | -     | 0    | 1    | 
|MM_MM_Pipeline_i_loop | A*B2            | 18     | 15     | -      | -      | 48     | 0    | 1    | -    | -    | -     | 0    | 0    | 
|MM_MM_Pipeline_i_loop | (PCIN>>17)+A2*B | 15     | 15     | -      | -      | 48     | 1    | 0    | -    | -    | -     | 0    | 1    | 
|MM_MM_Pipeline_i_loop | A2*B            | 18     | 18     | -      | -      | 48     | 1    | 0    | -    | -    | -     | 0    | 0    | 
|MM_MM_Pipeline_i_loop | (PCIN>>17)+A2*B | 18     | 15     | -      | -      | 48     | 1    | 0    | -    | -    | -     | 0    | 1    | 
|MM_MM_Pipeline_i_loop | A*B2            | 18     | 15     | -      | -      | 48     | 0    | 1    | -    | -    | -     | 0    | 0    | 
|MM_MM_Pipeline_i_loop | (PCIN>>17)+A2*B | 15     | 15     | -      | -      | 48     | 1    | 0    | -    | -    | -     | 0    | 1    | 
|MM_MM_Pipeline_i_loop | A2*B            | 18     | 18     | -      | -      | 48     | 1    | 0    | -    | -    | -     | 0    | 0    | 
|MM_MM_Pipeline_i_loop | (PCIN>>17)+A2*B | 18     | 15     | -      | -      | 48     | 1    | 0    | -    | -    | -     | 0    | 1    | 
|MM_MM_Pipeline_i_loop | A*B2            | 18     | 15     | -      | -      | 48     | 0    | 1    | -    | -    | -     | 0    | 0    | 
|MM_MM_Pipeline_i_loop | (PCIN>>17)+A2*B | 15     | 15     | -      | -      | 48     | 1    | 0    | -    | -    | -     | 0    | 1    | 
|MM_MM_Pipeline_i_loop | A2*B            | 18     | 18     | -      | -      | 48     | 1    | 0    | -    | -    | -     | 0    | 0    | 
|MM_MM_Pipeline_i_loop | (PCIN>>17)+A2*B | 18     | 15     | -      | -      | 48     | 1    | 0    | -    | -    | -     | 0    | 1    | 
|MM_MM_Pipeline_i_loop | A*B2            | 18     | 15     | -      | -      | 48     | 0    | 1    | -    | -    | -     | 0    | 0    | 
|MM_MM_Pipeline_i_loop | (PCIN>>17)+A2*B | 15     | 15     | -      | -      | 48     | 1    | 0    | -    | -    | -     | 0    | 1    | 
|MM_MM_Pipeline_i_loop | A2*B            | 18     | 18     | -      | -      | 48     | 1    | 0    | -    | -    | -     | 0    | 0    | 
|MM_MM_Pipeline_i_loop | (PCIN>>17)+A2*B | 18     | 15     | -      | -      | 48     | 1    | 0    | -    | -    | -     | 0    | 1    | 
|MM_MM_Pipeline_i_loop | A*B2            | 18     | 15     | -      | -      | 48     | 0    | 1    | -    | -    | -     | 0    | 0    | 
|MM_MM_Pipeline_i_loop | (PCIN>>17)+A2*B | 15     | 15     | -      | -      | 48     | 1    | 0    | -    | -    | -     | 0    | 1    | 
|MM_MM_Pipeline_i_loop | A2*B            | 18     | 18     | -      | -      | 48     | 1    | 0    | -    | -    | -     | 0    | 0    | 
|MM_MM_Pipeline_i_loop | (PCIN>>17)+A2*B | 18     | 15     | -      | -      | 48     | 1    | 0    | -    | -    | -     | 0    | 1    | 
|MM_MM_Pipeline_i_loop | A*B2            | 18     | 15     | -      | -      | 48     | 0    | 1    | -    | -    | -     | 0    | 0    | 
|MM_MM_Pipeline_i_loop | (PCIN>>17)+A2*B | 15     | 15     | -      | -      | 48     | 1    | 0    | -    | -    | -     | 0    | 1    | 
|MM_MM_Pipeline_i_loop | A2*B            | 18     | 18     | -      | -      | 48     | 1    | 0    | -    | -    | -     | 0    | 0    | 
|MM_MM_Pipeline_i_loop | (PCIN>>17)+A2*B | 18     | 15     | -      | -      | 48     | 1    | 0    | -    | -    | -     | 0    | 1    | 
|MM_MM_Pipeline_i_loop | A*B2            | 18     | 15     | -      | -      | 48     | 0    | 1    | -    | -    | -     | 0    | 0    | 
|MM_MM_Pipeline_i_loop | (PCIN>>17)+A2*B | 15     | 15     | -      | -      | 48     | 1    | 0    | -    | -    | -     | 0    | 1    | 
|MM_MM_Pipeline_i_loop | A2*B            | 18     | 18     | -      | -      | 48     | 1    | 0    | -    | -    | -     | 0    | 0    | 
|MM_MM_Pipeline_i_loop | (PCIN>>17)+A2*B | 18     | 15     | -      | -      | 48     | 1    | 0    | -    | -    | -     | 0    | 1    | 
|MM_MM_Pipeline_i_loop | A*B2            | 18     | 15     | -      | -      | 48     | 0    | 1    | -    | -    | -     | 0    | 0    | 
|MM_MM_Pipeline_i_loop | (PCIN>>17)+A2*B | 15     | 15     | -      | -      | 48     | 1    | 0    | -    | -    | -     | 0    | 1    | 
|MM_MM_Pipeline_i_loop | A2*B            | 18     | 18     | -      | -      | 48     | 1    | 0    | -    | -    | -     | 0    | 0    | 
|MM_MM_Pipeline_i_loop | (PCIN>>17)+A2*B | 18     | 15     | -      | -      | 48     | 1    | 0    | -    | -    | -     | 0    | 1    | 
|MM_MM_Pipeline_i_loop | A*B2            | 18     | 15     | -      | -      | 48     | 0    | 1    | -    | -    | -     | 0    | 0    | 
|MM_MM_Pipeline_i_loop | (PCIN>>17)+A2*B | 15     | 15     | -      | -      | 48     | 1    | 0    | -    | -    | -     | 0    | 1    | 
|MM_MM_Pipeline_i_loop | A2*B            | 18     | 18     | -      | -      | 48     | 1    | 0    | -    | -    | -     | 0    | 0    | 
|MM_MM_Pipeline_i_loop | (PCIN>>17)+A2*B | 18     | 15     | -      | -      | 48     | 1    | 0    | -    | -    | -     | 0    | 1    | 
|MM_MM_Pipeline_i_loop | A*B2            | 18     | 15     | -      | -      | 48     | 0    | 1    | -    | -    | -     | 0    | 0    | 
|MM_MM_Pipeline_i_loop | (PCIN>>17)+A2*B | 15     | 15     | -      | -      | 48     | 1    | 0    | -    | -    | -     | 0    | 1    | 
|MM_MM_Pipeline_i_loop | A2*B            | 18     | 18     | -      | -      | 48     | 1    | 0    | -    | -    | -     | 0    | 0    | 
|MM_MM_Pipeline_i_loop | (PCIN>>17)+A2*B | 18     | 15     | -      | -      | 48     | 1    | 0    | -    | -    | -     | 0    | 1    | 
|MM_MM_Pipeline_i_loop | A*B2            | 18     | 15     | -      | -      | 48     | 0    | 1    | -    | -    | -     | 0    | 0    | 
|MM_MM_Pipeline_i_loop | (PCIN>>17)+A2*B | 15     | 15     | -      | -      | 48     | 1    | 0    | -    | -    | -     | 0    | 1    | 
|MM_MM_Pipeline_i_loop | A2*B            | 18     | 18     | -      | -      | 48     | 1    | 0    | -    | -    | -     | 0    | 0    | 
|MM_MM_Pipeline_i_loop | (PCIN>>17)+A2*B | 18     | 15     | -      | -      | 48     | 1    | 0    | -    | -    | -     | 0    | 1    | 
|MM__GB6               | A*B             | 18     | 15     | -      | -      | 48     | 0    | 0    | -    | -    | -     | 0    | 0    | 
|MM__GB6               | (PCIN>>17)+A*B  | 15     | 15     | -      | -      | 48     | 0    | 0    | -    | -    | -     | 0    | 1    | 
|MM__GB6               | A*B             | 18     | 18     | -      | -      | 48     | 0    | 0    | -    | -    | -     | 0    | 0    | 
|MM__GB6               | (PCIN>>17)+A*B  | 18     | 15     | -      | -      | 48     | 0    | 0    | -    | -    | -     | 0    | 1    | 
|MM__GB6               | A2*B2           | 18     | 15     | -      | -      | 48     | 1    | 1    | -    | -    | -     | 0    | 0    | 
|MM__GB6               | (PCIN>>17)+A2*B | 15     | 15     | -      | -      | 48     | 1    | 0    | -    | -    | -     | 0    | 1    | 
|MM__GB6               | A2*B2           | 18     | 18     | -      | -      | 48     | 1    | 1    | -    | -    | -     | 0    | 0    | 
|MM__GB6               | (PCIN>>17)+A2*B | 18     | 15     | -      | -      | 48     | 1    | 0    | -    | -    | -     | 0    | 1    | 
+----------------------+-----------------+--------+--------+--------+--------+--------+------+------+------+------+-------+------+------+

Note: The table above is a preliminary report that shows the DSPs inferred at the current stage of the synthesis flow. Some DSP may be reimplemented as non DSP primitives later in the synthesis flow. Multiple instantiated DSPs are reported only once.
---------------------------------------------------------------------------------
Finished ROM, RAM, DSP, Shift Register and Retiming Reporting
---------------------------------------------------------------------------------
---------------------------------------------------------------------------------
Start Applying XDC Timing Constraints
---------------------------------------------------------------------------------
---------------------------------------------------------------------------------
Finished Applying XDC Timing Constraints : Time (s): cpu = 00:01:07 ; elapsed = 00:01:19 . Memory (MB): peak = 1899.898 ; gain = 1104.305
---------------------------------------------------------------------------------
---------------------------------------------------------------------------------
Start Timing Optimization
---------------------------------------------------------------------------------
---------------------------------------------------------------------------------
Finished Timing Optimization : Time (s): cpu = 00:01:25 ; elapsed = 00:01:37 . Memory (MB): peak = 2349.473 ; gain = 1553.879
---------------------------------------------------------------------------------
---------------------------------------------------------------------------------
Start ROM, RAM, DSP, Shift Register and Retiming Reporting
---------------------------------------------------------------------------------

Block RAM: Final Mapping Report
+-------------+-------------------------------------------+------------------------+---+---+------------------------+---+---+------------------+--------+--------+
|Module Name  | RTL Object                                | PORT A (Depth x Width) | W | R | PORT B (Depth x Width) | W | R | Ports driving FF | RAMB18 | RAMB36 | 
+-------------+-------------------------------------------+------------------------+---+---+------------------------+---+---+------------------+--------+--------+
|gmem_m_axi_U | load_unit_0/buff_rdata/U_fifo_mem/mem_reg | 255 x 514(READ_FIRST)  | W |   | 255 x 514(WRITE_FIRST) |   | R | Port A and B     | 1      | 7      | 
+-------------+-------------------------------------------+------------------------+---+---+------------------------+---+---+------------------+--------+--------+

---------------------------------------------------------------------------------
Finished ROM, RAM, DSP, Shift Register and Retiming Reporting
---------------------------------------------------------------------------------
---------------------------------------------------------------------------------
Start Technology Mapping
---------------------------------------------------------------------------------
INFO: [Synth 8-7052] The timing for the instance inst/i_5/gmem_m_axi_U/load_unit_0/buff_rdata/U_fifo_mem/mem_reg_0 (implemented as a Block RAM) might be sub-optimal as no optional output register could be merged into the ram block. Providing additional output register may help in improving timing.
INFO: [Synth 8-7052] The timing for the instance inst/i_5/gmem_m_axi_U/load_unit_0/buff_rdata/U_fifo_mem/mem_reg_1 (implemented as a Block RAM) might be sub-optimal as no optional output register could be merged into the ram block. Providing additional output register may help in improving timing.
INFO: [Synth 8-7052] The timing for the instance inst/i_5/gmem_m_axi_U/load_unit_0/buff_rdata/U_fifo_mem/mem_reg_2 (implemented as a Block RAM) might be sub-optimal as no optional output register could be merged into the ram block. Providing additional output register may help in improving timing.
INFO: [Synth 8-7052] The timing for the instance inst/i_5/gmem_m_axi_U/load_unit_0/buff_rdata/U_fifo_mem/mem_reg_3 (implemented as a Block RAM) might be sub-optimal as no optional output register could be merged into the ram block. Providing additional output register may help in improving timing.
INFO: [Synth 8-7052] The timing for the instance inst/i_5/gmem_m_axi_U/load_unit_0/buff_rdata/U_fifo_mem/mem_reg_4 (implemented as a Block RAM) might be sub-optimal as no optional output register could be merged into the ram block. Providing additional output register may help in improving timing.
INFO: [Synth 8-7052] The timing for the instance inst/i_5/gmem_m_axi_U/load_unit_0/buff_rdata/U_fifo_mem/mem_reg_5 (implemented as a Block RAM) might be sub-optimal as no optional output register could be merged into the ram block. Providing additional output register may help in improving timing.
INFO: [Synth 8-7052] The timing for the instance inst/i_5/gmem_m_axi_U/load_unit_0/buff_rdata/U_fifo_mem/mem_reg_6 (implemented as a Block RAM) might be sub-optimal as no optional output register could be merged into the ram block. Providing additional output register may help in improving timing.
INFO: [Synth 8-7052] The timing for the instance inst/i_5/gmem_m_axi_U/load_unit_0/buff_rdata/U_fifo_mem/mem_reg_7 (implemented as a Block RAM) might be sub-optimal as no optional output register could be merged into the ram block. Providing additional output register may help in improving timing.
---------------------------------------------------------------------------------
Finished Technology Mapping : Time (s): cpu = 00:01:49 ; elapsed = 00:02:13 . Memory (MB): peak = 2362.117 ; gain = 1566.523
---------------------------------------------------------------------------------
---------------------------------------------------------------------------------
Start IO Insertion
---------------------------------------------------------------------------------
---------------------------------------------------------------------------------
Start Flattening Before IO Insertion
---------------------------------------------------------------------------------
---------------------------------------------------------------------------------
Finished Flattening Before IO Insertion
---------------------------------------------------------------------------------
---------------------------------------------------------------------------------
Start Final Netlist Cleanup
---------------------------------------------------------------------------------
INFO: [Synth 8-7052] The timing for the instance inst/gmem_m_axi_U/load_unit_0/buff_rdata/U_fifo_mem/mem_reg_0 (implemented as a Block RAM) might be sub-optimal as no optional output register could be merged into the ram block. Providing additional output register may help in improving timing.
INFO: [Synth 8-7052] The timing for the instance inst/gmem_m_axi_U/load_unit_0/buff_rdata/U_fifo_mem/mem_reg_1 (implemented as a Block RAM) might be sub-optimal as no optional output register could be merged into the ram block. Providing additional output register may help in improving timing.
INFO: [Synth 8-7052] The timing for the instance inst/gmem_m_axi_U/load_unit_0/buff_rdata/U_fifo_mem/mem_reg_2 (implemented as a Block RAM) might be sub-optimal as no optional output register could be merged into the ram block. Providing additional output register may help in improving timing.
INFO: [Synth 8-7052] The timing for the instance inst/gmem_m_axi_U/load_unit_0/buff_rdata/U_fifo_mem/mem_reg_3 (implemented as a Block RAM) might be sub-optimal as no optional output register could be merged into the ram block. Providing additional output register may help in improving timing.
INFO: [Synth 8-7052] The timing for the instance inst/gmem_m_axi_U/load_unit_0/buff_rdata/U_fifo_mem/mem_reg_4 (implemented as a Block RAM) might be sub-optimal as no optional output register could be merged into the ram block. Providing additional output register may help in improving timing.
INFO: [Synth 8-7052] The timing for the instance inst/gmem_m_axi_U/load_unit_0/buff_rdata/U_fifo_mem/mem_reg_5 (implemented as a Block RAM) might be sub-optimal as no optional output register could be merged into the ram block. Providing additional output register may help in improving timing.
INFO: [Synth 8-7052] The timing for the instance inst/gmem_m_axi_U/load_unit_0/buff_rdata/U_fifo_mem/mem_reg_6 (implemented as a Block RAM) might be sub-optimal as no optional output register could be merged into the ram block. Providing additional output register may help in improving timing.
INFO: [Synth 8-7052] The timing for the instance inst/gmem_m_axi_U/load_unit_0/buff_rdata/U_fifo_mem/mem_reg_7 (implemented as a Block RAM) might be sub-optimal as no optional output register could be merged into the ram block. Providing additional output register may help in improving timing.
---------------------------------------------------------------------------------
Finished Final Netlist Cleanup
---------------------------------------------------------------------------------
---------------------------------------------------------------------------------
Finished IO Insertion : Time (s): cpu = 00:02:04 ; elapsed = 00:02:28 . Memory (MB): peak = 2384.969 ; gain = 1589.375
---------------------------------------------------------------------------------
---------------------------------------------------------------------------------
Start Renaming Generated Instances
---------------------------------------------------------------------------------
---------------------------------------------------------------------------------
Finished Renaming Generated Instances : Time (s): cpu = 00:02:04 ; elapsed = 00:02:29 . Memory (MB): peak = 2384.969 ; gain = 1589.375
---------------------------------------------------------------------------------
---------------------------------------------------------------------------------
Start Rebuilding User Hierarchy
---------------------------------------------------------------------------------
---------------------------------------------------------------------------------
Finished Rebuilding User Hierarchy : Time (s): cpu = 00:02:10 ; elapsed = 00:02:34 . Memory (MB): peak = 2384.969 ; gain = 1589.375
---------------------------------------------------------------------------------
---------------------------------------------------------------------------------
Start Renaming Generated Ports
---------------------------------------------------------------------------------
---------------------------------------------------------------------------------
Finished Renaming Generated Ports : Time (s): cpu = 00:02:10 ; elapsed = 00:02:34 . Memory (MB): peak = 2384.969 ; gain = 1589.375
---------------------------------------------------------------------------------
---------------------------------------------------------------------------------
Start Handling Custom Attributes
---------------------------------------------------------------------------------
---------------------------------------------------------------------------------
Finished Handling Custom Attributes : Time (s): cpu = 00:02:12 ; elapsed = 00:02:37 . Memory (MB): peak = 2384.969 ; gain = 1589.375
---------------------------------------------------------------------------------
---------------------------------------------------------------------------------
Start Renaming Generated Nets
---------------------------------------------------------------------------------
---------------------------------------------------------------------------------
Finished Renaming Generated Nets : Time (s): cpu = 00:02:12 ; elapsed = 00:02:37 . Memory (MB): peak = 2384.969 ; gain = 1589.375
---------------------------------------------------------------------------------
---------------------------------------------------------------------------------
Start ROM, RAM, DSP, Shift Register and Retiming Reporting
---------------------------------------------------------------------------------

Static Shift Register Report:
+------------+-------------------+--------+-------+--------------+--------------------+-------------------+--------+---------+
|Module Name | RTL Name          | Length | Width | Reset Signal | Pull out first Reg | Pull out last Reg | SRL16E | SRLC32E | 
+------------+-------------------+--------+-------+--------------+--------------------+-------------------+--------+---------+
|MM          | ap_CS_fsm_reg[56] | 4      | 1     | YES          | NO                 | YES               | 1      | 0       | 
|MM          | ap_CS_fsm_reg[40] | 6      | 1     | YES          | NO                 | YES               | 1      | 0       | 
+------------+-------------------+--------+-------+--------------+--------------------+-------------------+--------+---------+


Dynamic Shift Register Report:
+------------+-------------+--------+------------+--------+---------+--------+--------+--------+
|Module Name | RTL Name    | Length | Data Width | SRL16E | SRLC32E | Mux F7 | Mux F8 | Mux F9 | 
+------------+-------------+--------+------------+--------+---------+--------+--------+--------+
|dsrl        | mem_reg[14] | 8      | 8          | 8      | 0       | 0      | 0      | 0      | 
|dsrl__1     | mem_reg[5]  | 96     | 96         | 96     | 0       | 0      | 0      | 0      | 
|dsrl__2     | mem_reg[30] | 576    | 576        | 0      | 576     | 0      | 0      | 0      | 
|dsrl__3     | mem_reg[14] | 1      | 1          | 1      | 0       | 0      | 0      | 0      | 
|dsrl__4     | mem_reg[5]  | 1      | 1          | 1      | 0       | 0      | 0      | 0      | 
|dsrl__5     | mem_reg[14] | 64     | 64         | 64     | 0       | 0      | 0      | 0      | 
+------------+-------------+--------+------------+--------+---------+--------+--------+--------+

---------------------------------------------------------------------------------
Finished ROM, RAM, DSP, Shift Register and Retiming Reporting
---------------------------------------------------------------------------------
---------------------------------------------------------------------------------
Start Writing Synthesis Report
---------------------------------------------------------------------------------

DSP Final Report (the ' indicates corresponding REG is set)
+----------------------+-------------------+--------+--------+--------+--------+--------+------+------+------+------+-------+------+------+
|Module Name           | DSP Mapping       | A Size | B Size | C Size | D Size | P Size | AREG | BREG | CREG | DREG | ADREG | MREG | PREG | 
+----------------------+-------------------+--------+--------+--------+--------+--------+------+------+------+------+-------+------+------+
|MM__GB6               | (PCIN>>17+A*B)'   | 0      | 18     | -      | -      | 48     | 0    | 0    | -    | -    | -     | 0    | 1    | 
|MM__GB6               | (PCIN>>17+A'*B')' | 17     | 18     | -      | -      | 48     | 1    | 1    | -    | -    | -     | 0    | 1    | 
|MM_MM_Pipeline_i_loop | (PCIN>>17+A'*B')' | 17     | 18     | -      | -      | 48     | 1    | 1    | -    | -    | -     | 0    | 1    | 
|MM_MM_Pipeline_i_loop | (PCIN>>17+A'*B')' | 17     | 18     | -      | -      | 48     | 1    | 1    | -    | -    | -     | 0    | 1    | 
|MM_MM_Pipeline_i_loop | (PCIN>>17+A'*B')' | 17     | 18     | -      | -      | 48     | 1    | 1    | -    | -    | -     | 0    | 1    | 
|MM_MM_Pipeline_i_loop | (PCIN>>17+A'*B')' | 17     | 18     | -      | -      | 48     | 1    | 1    | -    | -    | -     | 0    | 1    | 
|MM_MM_Pipeline_i_loop | (PCIN>>17+A'*B')' | 17     | 18     | -      | -      | 48     | 1    | 1    | -    | -    | -     | 0    | 1    | 
|MM_MM_Pipeline_i_loop | (PCIN>>17+A'*B')' | 17     | 18     | -      | -      | 48     | 1    | 1    | -    | -    | -     | 0    | 1    | 
|MM_MM_Pipeline_i_loop | (PCIN>>17+A'*B')' | 17     | 18     | -      | -      | 48     | 1    | 1    | -    | -    | -     | 0    | 1    | 
|MM_MM_Pipeline_i_loop | (PCIN>>17+A'*B')' | 17     | 18     | -      | -      | 48     | 1    | 1    | -    | -    | -     | 0    | 1    | 
|MM_MM_Pipeline_i_loop | (PCIN>>17+A'*B')' | 17     | 18     | -      | -      | 48     | 1    | 1    | -    | -    | -     | 0    | 1    | 
|MM_MM_Pipeline_i_loop | (PCIN>>17+A'*B')' | 17     | 18     | -      | -      | 48     | 1    | 1    | -    | -    | -     | 0    | 1    | 
|MM_MM_Pipeline_i_loop | (PCIN>>17+A'*B')' | 17     | 18     | -      | -      | 48     | 1    | 1    | -    | -    | -     | 0    | 1    | 
|MM_MM_Pipeline_i_loop | (PCIN>>17+A'*B')' | 17     | 18     | -      | -      | 48     | 1    | 1    | -    | -    | -     | 0    | 1    | 
|MM_MM_Pipeline_i_loop | (PCIN>>17+A'*B')' | 17     | 18     | -      | -      | 48     | 1    | 1    | -    | -    | -     | 0    | 1    | 
|MM_MM_Pipeline_i_loop | (PCIN>>17+A'*B')' | 17     | 18     | -      | -      | 48     | 1    | 1    | -    | -    | -     | 0    | 1    | 
|MM_MM_Pipeline_i_loop | (PCIN>>17+A'*B')' | 17     | 18     | -      | -      | 48     | 1    | 1    | -    | -    | -     | 0    | 1    | 
|MM_MM_Pipeline_i_loop | (PCIN>>17+A'*B')' | 17     | 18     | -      | -      | 48     | 1    | 1    | -    | -    | -     | 0    | 1    | 
|MM_MM_Pipeline_i_loop | (A'*B')'          | 17     | 18     | -      | -      | 48     | 1    | 1    | -    | -    | -     | 0    | 1    | 
|MM_MM_Pipeline_i_loop | A'*B'             | 17     | 17     | -      | -      | 48     | 1    | 1    | -    | -    | -     | 0    | 0    | 
|MM_MM_Pipeline_i_loop | (A'*B')'          | 17     | 18     | -      | -      | 48     | 1    | 1    | -    | -    | -     | 0    | 1    | 
|MM_MM_Pipeline_i_loop | A'*B'             | 17     | 17     | -      | -      | 48     | 1    | 1    | -    | -    | -     | 0    | 0    | 
|MM_MM_Pipeline_i_loop | (A'*B')'          | 17     | 18     | -      | -      | 48     | 1    | 1    | -    | -    | -     | 0    | 1    | 
|MM_MM_Pipeline_i_loop | A'*B'             | 17     | 17     | -      | -      | 48     | 1    | 1    | -    | -    | -     | 0    | 0    | 
|MM_MM_Pipeline_i_loop | (A'*B')'          | 17     | 18     | -      | -      | 48     | 1    | 1    | -    | -    | -     | 0    | 1    | 
|MM_MM_Pipeline_i_loop | A'*B'             | 17     | 17     | -      | -      | 48     | 1    | 1    | -    | -    | -     | 0    | 0    | 
|MM_MM_Pipeline_i_loop | (A'*B')'          | 17     | 18     | -      | -      | 48     | 1    | 1    | -    | -    | -     | 0    | 1    | 
|MM_MM_Pipeline_i_loop | A'*B'             | 17     | 17     | -      | -      | 48     | 1    | 1    | -    | -    | -     | 0    | 0    | 
|MM_MM_Pipeline_i_loop | (A'*B')'          | 17     | 18     | -      | -      | 48     | 1    | 1    | -    | -    | -     | 0    | 1    | 
|MM_MM_Pipeline_i_loop | A'*B'             | 17     | 17     | -      | -      | 48     | 1    | 1    | -    | -    | -     | 0    | 0    | 
|MM_MM_Pipeline_i_loop | (A'*B')'          | 17     | 18     | -      | -      | 48     | 1    | 1    | -    | -    | -     | 0    | 1    | 
|MM_MM_Pipeline_i_loop | A'*B'             | 17     | 17     | -      | -      | 48     | 1    | 1    | -    | -    | -     | 0    | 0    | 
|MM_MM_Pipeline_i_loop | (A'*B')'          | 17     | 18     | -      | -      | 48     | 1    | 1    | -    | -    | -     | 0    | 1    | 
|MM_MM_Pipeline_i_loop | A'*B'             | 17     | 17     | -      | -      | 48     | 1    | 1    | -    | -    | -     | 0    | 0    | 
|MM_MM_Pipeline_i_loop | (A'*B')'          | 17     | 18     | -      | -      | 48     | 1    | 1    | -    | -    | -     | 0    | 1    | 
|MM_MM_Pipeline_i_loop | A'*B'             | 17     | 17     | -      | -      | 48     | 1    | 1    | -    | -    | -     | 0    | 0    | 
|MM_MM_Pipeline_i_loop | (A'*B')'          | 17     | 18     | -      | -      | 48     | 1    | 1    | -    | -    | -     | 0    | 1    | 
|MM_MM_Pipeline_i_loop | A'*B'             | 17     | 17     | -      | -      | 48     | 1    | 1    | -    | -    | -     | 0    | 0    | 
|MM_MM_Pipeline_i_loop | (A'*B')'          | 17     | 18     | -      | -      | 48     | 1    | 1    | -    | -    | -     | 0    | 1    | 
|MM_MM_Pipeline_i_loop | A'*B'             | 17     | 17     | -      | -      | 48     | 1    | 1    | -    | -    | -     | 0    | 0    | 
|MM_MM_Pipeline_i_loop | (A'*B')'          | 17     | 18     | -      | -      | 48     | 1    | 1    | -    | -    | -     | 0    | 1    | 
|MM_MM_Pipeline_i_loop | A'*B'             | 17     | 17     | -      | -      | 48     | 1    | 1    | -    | -    | -     | 0    | 0    | 
|MM_MM_Pipeline_i_loop | (A'*B')'          | 17     | 18     | -      | -      | 48     | 1    | 1    | -    | -    | -     | 0    | 1    | 
|MM_MM_Pipeline_i_loop | A'*B'             | 17     | 17     | -      | -      | 48     | 1    | 1    | -    | -    | -     | 0    | 0    | 
|MM_MM_Pipeline_i_loop | (A'*B')'          | 17     | 18     | -      | -      | 48     | 1    | 1    | -    | -    | -     | 0    | 1    | 
|MM_MM_Pipeline_i_loop | A'*B'             | 17     | 17     | -      | -      | 48     | 1    | 1    | -    | -    | -     | 0    | 0    | 
|MM_MM_Pipeline_i_loop | (A'*B')'          | 17     | 18     | -      | -      | 48     | 1    | 1    | -    | -    | -     | 0    | 1    | 
|MM_MM_Pipeline_i_loop | A'*B'             | 17     | 17     | -      | -      | 48     | 1    | 1    | -    | -    | -     | 0    | 0    | 
|MM_MM_Pipeline_i_loop | (A'*B')'          | 17     | 18     | -      | -      | 48     | 1    | 1    | -    | -    | -     | 0    | 1    | 
|MM_MM_Pipeline_i_loop | A'*B'             | 17     | 17     | -      | -      | 48     | 1    | 1    | -    | -    | -     | 0    | 0    | 
|MM__GB6               | (A*B)'            | 17     | 14     | -      | -      | 48     | 0    | 0    | -    | -    | -     | 0    | 1    | 
|MM__GB6               | A*B               | 17     | 17     | -      | -      | 48     | 0    | 0    | -    | -    | -     | 0    | 0    | 
|MM__GB6               | (A'*B')'          | 17     | 14     | -      | -      | 48     | 1    | 1    | -    | -    | -     | 0    | 1    | 
|MM__GB6               | A'*B'             | 17     | 17     | -      | -      | 48     | 1    | 1    | -    | -    | -     | 0    | 0    | 
+----------------------+-------------------+--------+--------+--------+--------+--------+------+------+------+------+-------+------+------+


Report BlackBoxes: 
+-+--------------+----------+
| |BlackBox name |Instances |
+-+--------------+----------+
+-+--------------+----------+

Report Cell Usage: 
+------+---------+------+
|      |Cell     |Count |
+------+---------+------+
|1     |CARRY4   |   718|
|2     |DSP48E1  |    54|
|7     |LUT1     |   462|
|8     |LUT2     |   620|
|9     |LUT3     | 25683|
|10    |LUT4     |  1007|
|11    |LUT5     |  1784|
|12    |LUT6     |  8312|
|13    |MUXF7    |  2304|
|14    |MUXF8    |   704|
|15    |RAMB18E1 |     1|
|16    |RAMB36E1 |     7|
|17    |SRL16E   |   185|
|18    |SRLC32E  |   576|
|19    |FDRE     | 33126|
|20    |FDSE     |    18|
+------+---------+------+
---------------------------------------------------------------------------------
Finished Writing Synthesis Report : Time (s): cpu = 00:02:12 ; elapsed = 00:02:37 . Memory (MB): peak = 2384.969 ; gain = 1589.375
---------------------------------------------------------------------------------
Synthesis finished with 0 errors, 0 critical warnings and 0 warnings.
Synthesis Optimization Runtime : Time (s): cpu = 00:01:51 ; elapsed = 00:02:25 . Memory (MB): peak = 2384.969 ; gain = 1417.316
Synthesis Optimization Complete : Time (s): cpu = 00:02:13 ; elapsed = 00:02:39 . Memory (MB): peak = 2384.969 ; gain = 1589.375
INFO: [Project 1-571] Translating synthesized netlist
Netlist sorting complete. Time (s): cpu = 00:00:01 ; elapsed = 00:00:01 . Memory (MB): peak = 2384.969 ; gain = 0.000
INFO: [Netlist 29-17] Analyzing 3788 Unisim elements for replacement
INFO: [Netlist 29-28] Unisim Transformation completed in 1 CPU seconds
INFO: [Project 1-570] Preparing netlist for logic optimization
INFO: [Opt 31-138] Pushed 0 inverter(s) to 0 load pin(s).
Netlist sorting complete. Time (s): cpu = 00:00:00 ; elapsed = 00:00:00.041 . Memory (MB): peak = 2400.164 ; gain = 0.000
INFO: [Project 1-111] Unisim Transformation Summary:
No Unisim elements were transformed.

Synth Design complete | Checksum: 5c2710ce
INFO: [Common 17-83] Releasing license: Synthesis
424 Infos, 1 Warnings, 0 Critical Warnings and 0 Errors encountered.
synth_design completed successfully
synth_design: Time (s): cpu = 00:02:34 ; elapsed = 00:03:01 . Memory (MB): peak = 2400.164 ; gain = 1827.059
Write ShapeDB Complete: Time (s): cpu = 00:00:00 ; elapsed = 00:00:00.162 . Memory (MB): peak = 2400.164 ; gain = 0.000
INFO: [Common 17-1381] The checkpoint 'Z:/Labs/clab/baseline_blockedMM/baseline_blockedMM/hls/impl/verilog/project.runs/bd_0_hls_inst_0_synth_1/bd_0_hls_inst_0.dcp' has been generated.
write_vhdl: Time (s): cpu = 00:00:07 ; elapsed = 00:00:07 . Memory (MB): peak = 2400.164 ; gain = 0.000
INFO: [Coretcl 2-1648] Added synthesis output to IP cache for IP bd_0_hls_inst_0, cache-ID = 70fbc42750dfbf35
INFO: [Coretcl 2-1174] Renamed 58 cell refs.
Write ShapeDB Complete: Time (s): cpu = 00:00:01 ; elapsed = 00:00:00.180 . Memory (MB): peak = 2400.164 ; gain = 0.000
INFO: [Common 17-1381] The checkpoint 'Z:/Labs/clab/baseline_blockedMM/baseline_blockedMM/hls/impl/verilog/project.runs/bd_0_hls_inst_0_synth_1/bd_0_hls_inst_0.dcp' has been generated.
INFO: [Vivado 12-24828] Executing command : report_utilization -file bd_0_hls_inst_0_utilization_synth.rpt -pb bd_0_hls_inst_0_utilization_synth.pb
write_vhdl: Time (s): cpu = 00:00:08 ; elapsed = 00:00:08 . Memory (MB): peak = 2400.164 ; gain = 0.000
INFO: [Common 17-206] Exiting Vivado at Wed Apr  8 12:55:09 2026...
