Copyright 1986-2022 Xilinx, Inc. All Rights Reserved. Copyright 2022-2025 Advanced Micro Devices, Inc. All Rights Reserved.
------------------------------------------------------------------------------------------------------------------------------------------------------------------------------------------------------------------------------------------------
| Tool Version : Vivado v.2025.1 (win64) Build 6140274 Thu May 22 00:12:29 MDT 2025
| Date         : Thu Apr  9 09:50:13 2026
| Host         : LAPTOP-L6H807T2 running 64-bit major release  (build 9200)
| Command      : report_timing_summary -max_paths 10 -routable_nets -report_unconstrained -file bd_0_wrapper_timing_summary_routed.rpt -pb bd_0_wrapper_timing_summary_routed.pb -rpx bd_0_wrapper_timing_summary_routed.rpx -warn_on_violation
| Design       : bd_0_wrapper
| Device       : 7z020-clg400
| Speed File   : -1  PRODUCTION 1.12 2019-11-22
| Design State : Routed
------------------------------------------------------------------------------------------------------------------------------------------------------------------------------------------------------------------------------------------------

Timing Summary Report

------------------------------------------------------------------------------------------------
| Timer Settings
| --------------
------------------------------------------------------------------------------------------------

  Enable Multi Corner Analysis               :  Yes
  Enable Pessimism Removal                   :  Yes
  Pessimism Removal Resolution               :  Nearest Common Node
  Enable Input Delay Default Clock           :  No
  Enable Preset / Clear Arcs                 :  No
  Disable Flight Delays                      :  No
  Ignore I/O Paths                           :  No
  Timing Early Launch at Borrowing Latches   :  No
  Borrow Time for Max Delay Exceptions       :  Yes
  Merge Timing Exceptions                    :  Yes
  Inter-SLR Compensation                     :  Conservative

  Corner  Analyze    Analyze    
  Name    Max Paths  Min Paths  
  ------  ---------  ---------  
  Slow    Yes        Yes        
  Fast    Yes        Yes        


------------------------------------------------------------------------------------------------
| Report Methodology
| ------------------
------------------------------------------------------------------------------------------------

Rule       Severity  Description                    Violations  
---------  --------  -----------------------------  ----------  
TIMING-18  Warning   Missing input or output delay  1000        

Note: This report is based on the most recent report_methodology run and may not be up-to-date. Run report_methodology on the current design for the latest report.



check_timing report

Table of Contents
-----------------
1. checking no_clock (0)
2. checking constant_clock (0)
3. checking pulse_width_clock (0)
4. checking unconstrained_internal_endpoints (0)
5. checking no_input_delay (1122)
6. checking no_output_delay (876)
7. checking multiple_clock (0)
8. checking generated_clocks (0)
9. checking loops (0)
10. checking partial_input_delay (0)
11. checking partial_output_delay (0)
12. checking latch_loops (0)

1. checking no_clock (0)
------------------------
 There are 0 register/latch pins with no clock.


2. checking constant_clock (0)
------------------------------
 There are 0 register/latch pins with constant_clock.


3. checking pulse_width_clock (0)
---------------------------------
 There are 0 register/latch pins which need pulse_width check


4. checking unconstrained_internal_endpoints (0)
------------------------------------------------
 There are 0 pins that are not constrained for maximum delay.

 There are 0 pins that are not constrained for maximum delay due to constant clock.


5. checking no_input_delay (1122)
---------------------------------
 There are 1122 input ports with no input delay specified. (HIGH)

 There are 0 input ports with no input delay but user has a false path constraint.


6. checking no_output_delay (876)
---------------------------------
 There are 876 ports with no output delay specified. (HIGH)

 There are 0 ports with no output delay but user has a false path constraint

 There are 0 ports with no output delay but with a timing clock defined on it or propagating through it


7. checking multiple_clock (0)
------------------------------
 There are 0 register/latch pins with multiple clocks.


8. checking generated_clocks (0)
--------------------------------
 There are 0 generated clocks that are not connected to a clock source.


9. checking loops (0)
---------------------
 There are 0 combinational loops in the design.


10. checking partial_input_delay (0)
------------------------------------
 There are 0 input ports with partial input delay specified.


11. checking partial_output_delay (0)
-------------------------------------
 There are 0 ports with partial output delay specified.


12. checking latch_loops (0)
----------------------------
 There are 0 combinational latch loops in the design through latch input



------------------------------------------------------------------------------------------------
| Design Timing Summary
| ---------------------
------------------------------------------------------------------------------------------------

    WNS(ns)      TNS(ns)  TNS Failing Endpoints  TNS Total Endpoints      WHS(ns)      THS(ns)  THS Failing Endpoints  THS Total Endpoints     WPWS(ns)     TPWS(ns)  TPWS Failing Endpoints  TPWS Total Endpoints  
    -------      -------  ---------------------  -------------------      -------      -------  ---------------------  -------------------     --------     --------  ----------------------  --------------------  
      2.284        0.000                      0                56314        0.055        0.000                      0                56314        6.520        0.000                       0                 20371  


All user specified timing constraints are met.


------------------------------------------------------------------------------------------------
| Clock Summary
| -------------
------------------------------------------------------------------------------------------------

Clock   Waveform(ns)       Period(ns)      Frequency(MHz)
-----   ------------       ----------      --------------
ap_clk  {0.000 7.500}      15.000          66.667          


------------------------------------------------------------------------------------------------
| Intra Clock Table
| -----------------
------------------------------------------------------------------------------------------------

Clock             WNS(ns)      TNS(ns)  TNS Failing Endpoints  TNS Total Endpoints      WHS(ns)      THS(ns)  THS Failing Endpoints  THS Total Endpoints     WPWS(ns)     TPWS(ns)  TPWS Failing Endpoints  TPWS Total Endpoints  
-----             -------      -------  ---------------------  -------------------      -------      -------  ---------------------  -------------------     --------     --------  ----------------------  --------------------  
ap_clk              2.284        0.000                      0                56314        0.055        0.000                      0                56314        6.520        0.000                       0                 20371  


------------------------------------------------------------------------------------------------
| Inter Clock Table
| -----------------
------------------------------------------------------------------------------------------------

From Clock    To Clock          WNS(ns)      TNS(ns)  TNS Failing Endpoints  TNS Total Endpoints      WHS(ns)      THS(ns)  THS Failing Endpoints  THS Total Endpoints  
----------    --------          -------      -------  ---------------------  -------------------      -------      -------  ---------------------  -------------------  


------------------------------------------------------------------------------------------------
| Other Path Groups Table
| -----------------------
------------------------------------------------------------------------------------------------

Path Group    From Clock    To Clock          WNS(ns)      TNS(ns)  TNS Failing Endpoints  TNS Total Endpoints      WHS(ns)      THS(ns)  THS Failing Endpoints  THS Total Endpoints  
----------    ----------    --------          -------      -------  ---------------------  -------------------      -------      -------  ---------------------  -------------------  


------------------------------------------------------------------------------------------------
| User Ignored Path Table
| -----------------------
------------------------------------------------------------------------------------------------

Path Group    From Clock    To Clock    
----------    ----------    --------    


------------------------------------------------------------------------------------------------
| Unconstrained Path Table
| ------------------------
------------------------------------------------------------------------------------------------

Path Group    From Clock    To Clock    
----------    ----------    --------    
(none)        ap_clk                      
(none)                      ap_clk        


------------------------------------------------------------------------------------------------
| Timing Details
| --------------
------------------------------------------------------------------------------------------------


---------------------------------------------------------------------------------------------------
From Clock:  ap_clk
  To Clock:  ap_clk

Setup :            0  Failing Endpoints,  Worst Slack        2.284ns,  Total Violation        0.000ns
Hold  :            0  Failing Endpoints,  Worst Slack        0.055ns,  Total Violation        0.000ns
PW    :            0  Failing Endpoints,  Worst Slack        6.520ns,  Total Violation        0.000ns
---------------------------------------------------------------------------------------------------


Max Delay Paths
--------------------------------------------------------------------------------------
Slack (MET) :             2.284ns  (required time - arrival time)
  Source:                 bd_0_i/hls_inst/inst/computeTiles_U0/grp_computeTiles_Pipeline_j_output_loop_fu_284_ap_start_reg_reg/C
                            (rising edge-triggered cell FDRE clocked by ap_clk  {rise@0.000ns fall@7.500ns period=15.000ns})
  Destination:            bd_0_i/hls_inst/inst/computeTiles_U0/grp_computeTiles_Pipeline_j_output_loop_fu_284/trunc_ln107_1_reg_414_reg[22]/D
                            (rising edge-triggered cell FDRE clocked by ap_clk  {rise@0.000ns fall@7.500ns period=15.000ns})
  Path Group:             ap_clk
  Path Type:              Setup (Max at Slow Process Corner)
  Requirement:            15.000ns  (ap_clk rise@15.000ns - ap_clk rise@0.000ns)
  Data Path Delay:        12.696ns  (logic 1.340ns (10.555%)  route 11.356ns (89.445%))
  Logic Levels:           4  (LUT3=1 LUT6=1 MUXF7=1 MUXF8=1)
  Clock Path Skew:        -0.049ns (DCD - SCD + CPR)
    Destination Clock Delay (DCD):    0.924ns = ( 15.924 - 15.000 ) 
    Source Clock Delay      (SCD):    0.973ns
    Clock Pessimism Removal (CPR):    0.000ns
  Clock Uncertainty:      0.035ns  ((TSJ^2 + TIJ^2)^1/2 + DJ) / 2 + PE
    Total System Jitter     (TSJ):    0.071ns
    Total Input Jitter      (TIJ):    0.000ns
    Discrete Jitter          (DJ):    0.000ns
    Phase Error              (PE):    0.000ns

    Location             Delay type                Incr(ns)  Path(ns)    Netlist Resource(s)
  -------------------------------------------------------------------    -------------------
                         (clock ap_clk rise edge)     0.000     0.000 r  
                                                      0.000     0.000 r  ap_clk (IN)
                         net (fo=20385, unset)        0.973     0.973    bd_0_i/hls_inst/inst/computeTiles_U0/ap_clk
    SLICE_X36Y38         FDRE                                         r  bd_0_i/hls_inst/inst/computeTiles_U0/grp_computeTiles_Pipeline_j_output_loop_fu_284_ap_start_reg_reg/C
  -------------------------------------------------------------------    -------------------
    SLICE_X36Y38         FDRE (Prop_fdre_C_Q)         0.518     1.491 f  bd_0_i/hls_inst/inst/computeTiles_U0/grp_computeTiles_Pipeline_j_output_loop_fu_284_ap_start_reg_reg/Q
                         net (fo=50, routed)          4.283     5.774    bd_0_i/hls_inst/inst/computeTiles_U0/grp_computeTiles_Pipeline_j_output_loop_fu_284/flow_control_loop_pipe_sequential_init_U/grp_computeTiles_Pipeline_j_output_loop_fu_284_ap_start_reg
    SLICE_X90Y43         LUT3 (Prop_lut3_I1_O)        0.156     5.930 r  bd_0_i/hls_inst/inst/computeTiles_U0/grp_computeTiles_Pipeline_j_output_loop_fu_284/flow_control_loop_pipe_sequential_init_U/trunc_ln107_reg_409[7]_i_9/O
                         net (fo=96, routed)          7.073    13.003    bd_0_i/hls_inst/inst/computeTiles_U0/grp_computeTiles_Pipeline_k_BLOCK_loop_k_loop_i_loop_fu_243/trunc_ln107_reg_409_reg[7]_i_3_0
    SLICE_X45Y95         LUT6 (Prop_lut6_I4_O)        0.355    13.358 r  bd_0_i/hls_inst/inst/computeTiles_U0/grp_computeTiles_Pipeline_k_BLOCK_loop_k_loop_i_loop_fu_243/trunc_ln107_1_reg_414[22]_i_7/O
                         net (fo=1, routed)           0.000    13.358    bd_0_i/hls_inst/inst/computeTiles_U0/grp_computeTiles_Pipeline_k_BLOCK_loop_k_loop_i_loop_fu_243/trunc_ln107_1_reg_414[22]_i_7_n_0
    SLICE_X45Y95         MUXF7 (Prop_muxf7_I1_O)      0.217    13.575 r  bd_0_i/hls_inst/inst/computeTiles_U0/grp_computeTiles_Pipeline_k_BLOCK_loop_k_loop_i_loop_fu_243/trunc_ln107_1_reg_414_reg[22]_i_3/O
                         net (fo=1, routed)           0.000    13.575    bd_0_i/hls_inst/inst/computeTiles_U0/grp_computeTiles_Pipeline_k_BLOCK_loop_k_loop_i_loop_fu_243/trunc_ln107_1_reg_414_reg[22]_i_3_n_0
    SLICE_X45Y95         MUXF8 (Prop_muxf8_I1_O)      0.094    13.669 r  bd_0_i/hls_inst/inst/computeTiles_U0/grp_computeTiles_Pipeline_k_BLOCK_loop_k_loop_i_loop_fu_243/trunc_ln107_1_reg_414_reg[22]_i_1/O
                         net (fo=1, routed)           0.000    13.669    bd_0_i/hls_inst/inst/computeTiles_U0/grp_computeTiles_Pipeline_j_output_loop_fu_284/trunc_ln107_1_reg_414_reg[31]_0[22]
    SLICE_X45Y95         FDRE                                         r  bd_0_i/hls_inst/inst/computeTiles_U0/grp_computeTiles_Pipeline_j_output_loop_fu_284/trunc_ln107_1_reg_414_reg[22]/D
  -------------------------------------------------------------------    -------------------

                         (clock ap_clk rise edge)    15.000    15.000 r  
                                                      0.000    15.000 r  ap_clk (IN)
                         net (fo=20385, unset)        0.924    15.924    bd_0_i/hls_inst/inst/computeTiles_U0/grp_computeTiles_Pipeline_j_output_loop_fu_284/ap_clk
    SLICE_X45Y95         FDRE                                         r  bd_0_i/hls_inst/inst/computeTiles_U0/grp_computeTiles_Pipeline_j_output_loop_fu_284/trunc_ln107_1_reg_414_reg[22]/C
                         clock pessimism              0.000    15.924    
                         clock uncertainty           -0.035    15.889    
    SLICE_X45Y95         FDRE (Setup_fdre_C_D)        0.064    15.953    bd_0_i/hls_inst/inst/computeTiles_U0/grp_computeTiles_Pipeline_j_output_loop_fu_284/trunc_ln107_1_reg_414_reg[22]
  -------------------------------------------------------------------
                         required time                         15.953    
                         arrival time                         -13.669    
  -------------------------------------------------------------------
                         slack                                  2.284    

Slack (MET) :             2.344ns  (required time - arrival time)
  Source:                 bd_0_i/hls_inst/inst/computeTiles_U0/grp_computeTiles_Pipeline_j_output_loop_fu_284_ap_start_reg_reg/C
                            (rising edge-triggered cell FDRE clocked by ap_clk  {rise@0.000ns fall@7.500ns period=15.000ns})
  Destination:            bd_0_i/hls_inst/inst/computeTiles_U0/grp_computeTiles_Pipeline_j_output_loop_fu_284/trunc_ln107_7_reg_444_reg[22]/D
                            (rising edge-triggered cell FDRE clocked by ap_clk  {rise@0.000ns fall@7.500ns period=15.000ns})
  Path Group:             ap_clk
  Path Type:              Setup (Max at Slow Process Corner)
  Requirement:            15.000ns  (ap_clk rise@15.000ns - ap_clk rise@0.000ns)
  Data Path Delay:        12.636ns  (logic 1.327ns (10.502%)  route 11.309ns (89.498%))
  Logic Levels:           4  (LUT3=1 LUT6=1 MUXF7=1 MUXF8=1)
  Clock Path Skew:        -0.049ns (DCD - SCD + CPR)
    Destination Clock Delay (DCD):    0.924ns = ( 15.924 - 15.000 ) 
    Source Clock Delay      (SCD):    0.973ns
    Clock Pessimism Removal (CPR):    0.000ns
  Clock Uncertainty:      0.035ns  ((TSJ^2 + TIJ^2)^1/2 + DJ) / 2 + PE
    Total System Jitter     (TSJ):    0.071ns
    Total Input Jitter      (TIJ):    0.000ns
    Discrete Jitter          (DJ):    0.000ns
    Phase Error              (PE):    0.000ns

    Location             Delay type                Incr(ns)  Path(ns)    Netlist Resource(s)
  -------------------------------------------------------------------    -------------------
                         (clock ap_clk rise edge)     0.000     0.000 r  
                                                      0.000     0.000 r  ap_clk (IN)
                         net (fo=20385, unset)        0.973     0.973    bd_0_i/hls_inst/inst/computeTiles_U0/ap_clk
    SLICE_X36Y38         FDRE                                         r  bd_0_i/hls_inst/inst/computeTiles_U0/grp_computeTiles_Pipeline_j_output_loop_fu_284_ap_start_reg_reg/C
  -------------------------------------------------------------------    -------------------
    SLICE_X36Y38         FDRE (Prop_fdre_C_Q)         0.518     1.491 f  bd_0_i/hls_inst/inst/computeTiles_U0/grp_computeTiles_Pipeline_j_output_loop_fu_284_ap_start_reg_reg/Q
                         net (fo=50, routed)          3.842     5.333    bd_0_i/hls_inst/inst/computeTiles_U0/grp_computeTiles_Pipeline_j_output_loop_fu_284/flow_control_loop_pipe_sequential_init_U/grp_computeTiles_Pipeline_j_output_loop_fu_284_ap_start_reg
    SLICE_X90Y43         LUT3 (Prop_lut3_I1_O)        0.150     5.483 r  bd_0_i/hls_inst/inst/computeTiles_U0/grp_computeTiles_Pipeline_j_output_loop_fu_284/flow_control_loop_pipe_sequential_init_U/trunc_ln107_6_reg_439[31]_i_8/O
                         net (fo=120, routed)         7.467    12.950    bd_0_i/hls_inst/inst/computeTiles_U0/grp_computeTiles_Pipeline_k_BLOCK_loop_k_loop_i_loop_fu_243/trunc_ln107_6_reg_439_reg[11]_i_2_0
    SLICE_X43Y96         LUT6 (Prop_lut6_I2_O)        0.348    13.298 r  bd_0_i/hls_inst/inst/computeTiles_U0/grp_computeTiles_Pipeline_k_BLOCK_loop_k_loop_i_loop_fu_243/trunc_ln107_7_reg_444[22]_i_7/O
                         net (fo=1, routed)           0.000    13.298    bd_0_i/hls_inst/inst/computeTiles_U0/grp_computeTiles_Pipeline_k_BLOCK_loop_k_loop_i_loop_fu_243/trunc_ln107_7_reg_444[22]_i_7_n_0
    SLICE_X43Y96         MUXF7 (Prop_muxf7_I1_O)      0.217    13.515 r  bd_0_i/hls_inst/inst/computeTiles_U0/grp_computeTiles_Pipeline_k_BLOCK_loop_k_loop_i_loop_fu_243/trunc_ln107_7_reg_444_reg[22]_i_3/O
                         net (fo=1, routed)           0.000    13.515    bd_0_i/hls_inst/inst/computeTiles_U0/grp_computeTiles_Pipeline_k_BLOCK_loop_k_loop_i_loop_fu_243/trunc_ln107_7_reg_444_reg[22]_i_3_n_0
    SLICE_X43Y96         MUXF8 (Prop_muxf8_I1_O)      0.094    13.609 r  bd_0_i/hls_inst/inst/computeTiles_U0/grp_computeTiles_Pipeline_k_BLOCK_loop_k_loop_i_loop_fu_243/trunc_ln107_7_reg_444_reg[22]_i_1/O
                         net (fo=1, routed)           0.000    13.609    bd_0_i/hls_inst/inst/computeTiles_U0/grp_computeTiles_Pipeline_j_output_loop_fu_284/trunc_ln107_7_reg_444_reg[31]_0[22]
    SLICE_X43Y96         FDRE                                         r  bd_0_i/hls_inst/inst/computeTiles_U0/grp_computeTiles_Pipeline_j_output_loop_fu_284/trunc_ln107_7_reg_444_reg[22]/D
  -------------------------------------------------------------------    -------------------

                         (clock ap_clk rise edge)    15.000    15.000 r  
                                                      0.000    15.000 r  ap_clk (IN)
                         net (fo=20385, unset)        0.924    15.924    bd_0_i/hls_inst/inst/computeTiles_U0/grp_computeTiles_Pipeline_j_output_loop_fu_284/ap_clk
    SLICE_X43Y96         FDRE                                         r  bd_0_i/hls_inst/inst/computeTiles_U0/grp_computeTiles_Pipeline_j_output_loop_fu_284/trunc_ln107_7_reg_444_reg[22]/C
                         clock pessimism              0.000    15.924    
                         clock uncertainty           -0.035    15.889    
    SLICE_X43Y96         FDRE (Setup_fdre_C_D)        0.064    15.953    bd_0_i/hls_inst/inst/computeTiles_U0/grp_computeTiles_Pipeline_j_output_loop_fu_284/trunc_ln107_7_reg_444_reg[22]
  -------------------------------------------------------------------
                         required time                         15.953    
                         arrival time                         -13.609    
  -------------------------------------------------------------------
                         slack                                  2.344    

Slack (MET) :             2.463ns  (required time - arrival time)
  Source:                 bd_0_i/hls_inst/inst/computeTiles_U0/grp_computeTiles_Pipeline_j_output_loop_fu_284_ap_start_reg_reg/C
                            (rising edge-triggered cell FDRE clocked by ap_clk  {rise@0.000ns fall@7.500ns period=15.000ns})
  Destination:            bd_0_i/hls_inst/inst/computeTiles_U0/grp_computeTiles_Pipeline_j_output_loop_fu_284/trunc_ln107_15_reg_484_reg[24]/D
                            (rising edge-triggered cell FDRE clocked by ap_clk  {rise@0.000ns fall@7.500ns period=15.000ns})
  Path Group:             ap_clk
  Path Type:              Setup (Max at Slow Process Corner)
  Requirement:            15.000ns  (ap_clk rise@15.000ns - ap_clk rise@0.000ns)
  Data Path Delay:        12.517ns  (logic 1.343ns (10.730%)  route 11.174ns (89.270%))
  Logic Levels:           4  (LUT3=1 LUT6=1 MUXF7=1 MUXF8=1)
  Clock Path Skew:        -0.049ns (DCD - SCD + CPR)
    Destination Clock Delay (DCD):    0.924ns = ( 15.924 - 15.000 ) 
    Source Clock Delay      (SCD):    0.973ns
    Clock Pessimism Removal (CPR):    0.000ns
  Clock Uncertainty:      0.035ns  ((TSJ^2 + TIJ^2)^1/2 + DJ) / 2 + PE
    Total System Jitter     (TSJ):    0.071ns
    Total Input Jitter      (TIJ):    0.000ns
    Discrete Jitter          (DJ):    0.000ns
    Phase Error              (PE):    0.000ns

    Location             Delay type                Incr(ns)  Path(ns)    Netlist Resource(s)
  -------------------------------------------------------------------    -------------------
                         (clock ap_clk rise edge)     0.000     0.000 r  
                                                      0.000     0.000 r  ap_clk (IN)
                         net (fo=20385, unset)        0.973     0.973    bd_0_i/hls_inst/inst/computeTiles_U0/ap_clk
    SLICE_X36Y38         FDRE                                         r  bd_0_i/hls_inst/inst/computeTiles_U0/grp_computeTiles_Pipeline_j_output_loop_fu_284_ap_start_reg_reg/C
  -------------------------------------------------------------------    -------------------
    SLICE_X36Y38         FDRE (Prop_fdre_C_Q)         0.518     1.491 f  bd_0_i/hls_inst/inst/computeTiles_U0/grp_computeTiles_Pipeline_j_output_loop_fu_284_ap_start_reg_reg/Q
                         net (fo=50, routed)          4.250     5.741    bd_0_i/hls_inst/inst/computeTiles_U0/grp_computeTiles_Pipeline_j_output_loop_fu_284/flow_control_loop_pipe_sequential_init_U/grp_computeTiles_Pipeline_j_output_loop_fu_284_ap_start_reg
    SLICE_X90Y51         LUT3 (Prop_lut3_I1_O)        0.148     5.889 r  bd_0_i/hls_inst/inst/computeTiles_U0/grp_computeTiles_Pipeline_j_output_loop_fu_284/flow_control_loop_pipe_sequential_init_U/trunc_ln107_reg_409[31]_i_9/O
                         net (fo=120, routed)         6.923    12.813    bd_0_i/hls_inst/inst/computeTiles_U0/grp_computeTiles_Pipeline_k_BLOCK_loop_k_loop_i_loop_fu_243/trunc_ln107_15_reg_484_reg[29]_i_2_0
    SLICE_X31Y100        LUT6 (Prop_lut6_I2_O)        0.328    13.141 r  bd_0_i/hls_inst/inst/computeTiles_U0/grp_computeTiles_Pipeline_k_BLOCK_loop_k_loop_i_loop_fu_243/trunc_ln107_15_reg_484[24]_i_5/O
                         net (fo=1, routed)           0.000    13.141    bd_0_i/hls_inst/inst/computeTiles_U0/grp_computeTiles_Pipeline_k_BLOCK_loop_k_loop_i_loop_fu_243/trunc_ln107_15_reg_484[24]_i_5_n_0
    SLICE_X31Y100        MUXF7 (Prop_muxf7_I1_O)      0.245    13.386 r  bd_0_i/hls_inst/inst/computeTiles_U0/grp_computeTiles_Pipeline_k_BLOCK_loop_k_loop_i_loop_fu_243/trunc_ln107_15_reg_484_reg[24]_i_2/O
                         net (fo=1, routed)           0.000    13.386    bd_0_i/hls_inst/inst/computeTiles_U0/grp_computeTiles_Pipeline_k_BLOCK_loop_k_loop_i_loop_fu_243/trunc_ln107_15_reg_484_reg[24]_i_2_n_0
    SLICE_X31Y100        MUXF8 (Prop_muxf8_I0_O)      0.104    13.490 r  bd_0_i/hls_inst/inst/computeTiles_U0/grp_computeTiles_Pipeline_k_BLOCK_loop_k_loop_i_loop_fu_243/trunc_ln107_15_reg_484_reg[24]_i_1/O
                         net (fo=1, routed)           0.000    13.490    bd_0_i/hls_inst/inst/computeTiles_U0/grp_computeTiles_Pipeline_j_output_loop_fu_284/trunc_ln107_15_reg_484_reg[31]_0[24]
    SLICE_X31Y100        FDRE                                         r  bd_0_i/hls_inst/inst/computeTiles_U0/grp_computeTiles_Pipeline_j_output_loop_fu_284/trunc_ln107_15_reg_484_reg[24]/D
  -------------------------------------------------------------------    -------------------

                         (clock ap_clk rise edge)    15.000    15.000 r  
                                                      0.000    15.000 r  ap_clk (IN)
                         net (fo=20385, unset)        0.924    15.924    bd_0_i/hls_inst/inst/computeTiles_U0/grp_computeTiles_Pipeline_j_output_loop_fu_284/ap_clk
    SLICE_X31Y100        FDRE                                         r  bd_0_i/hls_inst/inst/computeTiles_U0/grp_computeTiles_Pipeline_j_output_loop_fu_284/trunc_ln107_15_reg_484_reg[24]/C
                         clock pessimism              0.000    15.924    
                         clock uncertainty           -0.035    15.889    
    SLICE_X31Y100        FDRE (Setup_fdre_C_D)        0.064    15.953    bd_0_i/hls_inst/inst/computeTiles_U0/grp_computeTiles_Pipeline_j_output_loop_fu_284/trunc_ln107_15_reg_484_reg[24]
  -------------------------------------------------------------------
                         required time                         15.953    
                         arrival time                         -13.490    
  -------------------------------------------------------------------
                         slack                                  2.463    

Slack (MET) :             2.541ns  (required time - arrival time)
  Source:                 bd_0_i/hls_inst/inst/computeTiles_U0/grp_computeTiles_Pipeline_j_output_loop_fu_284/ap_enable_reg_pp0_iter1_reg/C
                            (rising edge-triggered cell FDRE clocked by ap_clk  {rise@0.000ns fall@7.500ns period=15.000ns})
  Destination:            bd_0_i/hls_inst/inst/computeTiles_U0/grp_computeTiles_Pipeline_j_output_loop_fu_284/trunc_ln107_reg_409_reg[22]/CE
                            (rising edge-triggered cell FDRE clocked by ap_clk  {rise@0.000ns fall@7.500ns period=15.000ns})
  Path Group:             ap_clk
  Path Type:              Setup (Max at Slow Process Corner)
  Requirement:            15.000ns  (ap_clk rise@15.000ns - ap_clk rise@0.000ns)
  Data Path Delay:        12.170ns  (logic 0.580ns (4.766%)  route 11.590ns (95.234%))
  Logic Levels:           1  (LUT2=1)
  Clock Path Skew:        -0.049ns (DCD - SCD + CPR)
    Destination Clock Delay (DCD):    0.924ns = ( 15.924 - 15.000 ) 
    Source Clock Delay      (SCD):    0.973ns
    Clock Pessimism Removal (CPR):    0.000ns
  Clock Uncertainty:      0.035ns  ((TSJ^2 + TIJ^2)^1/2 + DJ) / 2 + PE
    Total System Jitter     (TSJ):    0.071ns
    Total Input Jitter      (TIJ):    0.000ns
    Discrete Jitter          (DJ):    0.000ns
    Phase Error              (PE):    0.000ns

    Location             Delay type                Incr(ns)  Path(ns)    Netlist Resource(s)
  -------------------------------------------------------------------    -------------------
                         (clock ap_clk rise edge)     0.000     0.000 r  
                                                      0.000     0.000 r  ap_clk (IN)
                         net (fo=20385, unset)        0.973     0.973    bd_0_i/hls_inst/inst/computeTiles_U0/grp_computeTiles_Pipeline_j_output_loop_fu_284/ap_clk
    SLICE_X33Y40         FDRE                                         r  bd_0_i/hls_inst/inst/computeTiles_U0/grp_computeTiles_Pipeline_j_output_loop_fu_284/ap_enable_reg_pp0_iter1_reg/C
  -------------------------------------------------------------------    -------------------
    SLICE_X33Y40         FDRE (Prop_fdre_C_Q)         0.456     1.429 f  bd_0_i/hls_inst/inst/computeTiles_U0/grp_computeTiles_Pipeline_j_output_loop_fu_284/ap_enable_reg_pp0_iter1_reg/Q
                         net (fo=26, routed)          1.493     2.922    bd_0_i/hls_inst/inst/AB_stream_U/ap_enable_reg_pp0_iter1
    SLICE_X39Y36         LUT2 (Prop_lut2_I1_O)        0.124     3.046 r  bd_0_i/hls_inst/inst/AB_stream_U/trunc_ln107_reg_409[31]_i_1/O
                         net (fo=512, routed)        10.097    13.143    bd_0_i/hls_inst/inst/computeTiles_U0/grp_computeTiles_Pipeline_j_output_loop_fu_284/trunc_ln107_reg_409_reg[31]_0[0]
    SLICE_X43Y99         FDRE                                         r  bd_0_i/hls_inst/inst/computeTiles_U0/grp_computeTiles_Pipeline_j_output_loop_fu_284/trunc_ln107_reg_409_reg[22]/CE
  -------------------------------------------------------------------    -------------------

                         (clock ap_clk rise edge)    15.000    15.000 r  
                                                      0.000    15.000 r  ap_clk (IN)
                         net (fo=20385, unset)        0.924    15.924    bd_0_i/hls_inst/inst/computeTiles_U0/grp_computeTiles_Pipeline_j_output_loop_fu_284/ap_clk
    SLICE_X43Y99         FDRE                                         r  bd_0_i/hls_inst/inst/computeTiles_U0/grp_computeTiles_Pipeline_j_output_loop_fu_284/trunc_ln107_reg_409_reg[22]/C
                         clock pessimism              0.000    15.924    
                         clock uncertainty           -0.035    15.889    
    SLICE_X43Y99         FDRE (Setup_fdre_C_CE)      -0.205    15.684    bd_0_i/hls_inst/inst/computeTiles_U0/grp_computeTiles_Pipeline_j_output_loop_fu_284/trunc_ln107_reg_409_reg[22]
  -------------------------------------------------------------------
                         required time                         15.684    
                         arrival time                         -13.143    
  -------------------------------------------------------------------
                         slack                                  2.541    

Slack (MET) :             2.546ns  (required time - arrival time)
  Source:                 bd_0_i/hls_inst/inst/computeTiles_U0/grp_computeTiles_Pipeline_j_output_loop_fu_284_ap_start_reg_reg/C
                            (rising edge-triggered cell FDRE clocked by ap_clk  {rise@0.000ns fall@7.500ns period=15.000ns})
  Destination:            bd_0_i/hls_inst/inst/computeTiles_U0/grp_computeTiles_Pipeline_j_output_loop_fu_284/trunc_ln107_1_reg_414_reg[28]/D
                            (rising edge-triggered cell FDRE clocked by ap_clk  {rise@0.000ns fall@7.500ns period=15.000ns})
  Path Group:             ap_clk
  Path Type:              Setup (Max at Slow Process Corner)
  Requirement:            15.000ns  (ap_clk rise@15.000ns - ap_clk rise@0.000ns)
  Data Path Delay:        12.434ns  (logic 1.378ns (11.082%)  route 11.056ns (88.918%))
  Logic Levels:           4  (LUT3=1 LUT6=1 MUXF7=1 MUXF8=1)
  Clock Path Skew:        -0.049ns (DCD - SCD + CPR)
    Destination Clock Delay (DCD):    0.924ns = ( 15.924 - 15.000 ) 
    Source Clock Delay      (SCD):    0.973ns
    Clock Pessimism Removal (CPR):    0.000ns
  Clock Uncertainty:      0.035ns  ((TSJ^2 + TIJ^2)^1/2 + DJ) / 2 + PE
    Total System Jitter     (TSJ):    0.071ns
    Total Input Jitter      (TIJ):    0.000ns
    Discrete Jitter          (DJ):    0.000ns
    Phase Error              (PE):    0.000ns

    Location             Delay type                Incr(ns)  Path(ns)    Netlist Resource(s)
  -------------------------------------------------------------------    -------------------
                         (clock ap_clk rise edge)     0.000     0.000 r  
                                                      0.000     0.000 r  ap_clk (IN)
                         net (fo=20385, unset)        0.973     0.973    bd_0_i/hls_inst/inst/computeTiles_U0/ap_clk
    SLICE_X36Y38         FDRE                                         r  bd_0_i/hls_inst/inst/computeTiles_U0/grp_computeTiles_Pipeline_j_output_loop_fu_284_ap_start_reg_reg/C
  -------------------------------------------------------------------    -------------------
    SLICE_X36Y38         FDRE (Prop_fdre_C_Q)         0.518     1.491 f  bd_0_i/hls_inst/inst/computeTiles_U0/grp_computeTiles_Pipeline_j_output_loop_fu_284_ap_start_reg_reg/Q
                         net (fo=50, routed)          4.283     5.774    bd_0_i/hls_inst/inst/computeTiles_U0/grp_computeTiles_Pipeline_j_output_loop_fu_284/flow_control_loop_pipe_sequential_init_U/grp_computeTiles_Pipeline_j_output_loop_fu_284_ap_start_reg
    SLICE_X90Y43         LUT3 (Prop_lut3_I1_O)        0.156     5.930 r  bd_0_i/hls_inst/inst/computeTiles_U0/grp_computeTiles_Pipeline_j_output_loop_fu_284/flow_control_loop_pipe_sequential_init_U/trunc_ln107_reg_409[7]_i_9/O
                         net (fo=96, routed)          6.773    12.703    bd_0_i/hls_inst/inst/computeTiles_U0/grp_computeTiles_Pipeline_k_BLOCK_loop_k_loop_i_loop_fu_243/trunc_ln107_reg_409_reg[7]_i_3_0
    SLICE_X53Y103        LUT6 (Prop_lut6_I4_O)        0.355    13.058 r  bd_0_i/hls_inst/inst/computeTiles_U0/grp_computeTiles_Pipeline_k_BLOCK_loop_k_loop_i_loop_fu_243/trunc_ln107_1_reg_414[28]_i_5/O
                         net (fo=1, routed)           0.000    13.058    bd_0_i/hls_inst/inst/computeTiles_U0/grp_computeTiles_Pipeline_k_BLOCK_loop_k_loop_i_loop_fu_243/trunc_ln107_1_reg_414[28]_i_5_n_0
    SLICE_X53Y103        MUXF7 (Prop_muxf7_I1_O)      0.245    13.303 r  bd_0_i/hls_inst/inst/computeTiles_U0/grp_computeTiles_Pipeline_k_BLOCK_loop_k_loop_i_loop_fu_243/trunc_ln107_1_reg_414_reg[28]_i_2/O
                         net (fo=1, routed)           0.000    13.303    bd_0_i/hls_inst/inst/computeTiles_U0/grp_computeTiles_Pipeline_k_BLOCK_loop_k_loop_i_loop_fu_243/trunc_ln107_1_reg_414_reg[28]_i_2_n_0
    SLICE_X53Y103        MUXF8 (Prop_muxf8_I0_O)      0.104    13.407 r  bd_0_i/hls_inst/inst/computeTiles_U0/grp_computeTiles_Pipeline_k_BLOCK_loop_k_loop_i_loop_fu_243/trunc_ln107_1_reg_414_reg[28]_i_1/O
                         net (fo=1, routed)           0.000    13.407    bd_0_i/hls_inst/inst/computeTiles_U0/grp_computeTiles_Pipeline_j_output_loop_fu_284/trunc_ln107_1_reg_414_reg[31]_0[28]
    SLICE_X53Y103        FDRE                                         r  bd_0_i/hls_inst/inst/computeTiles_U0/grp_computeTiles_Pipeline_j_output_loop_fu_284/trunc_ln107_1_reg_414_reg[28]/D
  -------------------------------------------------------------------    -------------------

                         (clock ap_clk rise edge)    15.000    15.000 r  
                                                      0.000    15.000 r  ap_clk (IN)
                         net (fo=20385, unset)        0.924    15.924    bd_0_i/hls_inst/inst/computeTiles_U0/grp_computeTiles_Pipeline_j_output_loop_fu_284/ap_clk
    SLICE_X53Y103        FDRE                                         r  bd_0_i/hls_inst/inst/computeTiles_U0/grp_computeTiles_Pipeline_j_output_loop_fu_284/trunc_ln107_1_reg_414_reg[28]/C
                         clock pessimism              0.000    15.924    
                         clock uncertainty           -0.035    15.889    
    SLICE_X53Y103        FDRE (Setup_fdre_C_D)        0.064    15.953    bd_0_i/hls_inst/inst/computeTiles_U0/grp_computeTiles_Pipeline_j_output_loop_fu_284/trunc_ln107_1_reg_414_reg[28]
  -------------------------------------------------------------------
                         required time                         15.953    
                         arrival time                         -13.407    
  -------------------------------------------------------------------
                         slack                                  2.546    

Slack (MET) :             2.687ns  (required time - arrival time)
  Source:                 bd_0_i/hls_inst/inst/computeTiles_U0/grp_computeTiles_Pipeline_j_output_loop_fu_284/ap_enable_reg_pp0_iter1_reg/C
                            (rising edge-triggered cell FDRE clocked by ap_clk  {rise@0.000ns fall@7.500ns period=15.000ns})
  Destination:            bd_0_i/hls_inst/inst/computeTiles_U0/grp_computeTiles_Pipeline_j_output_loop_fu_284/trunc_ln107_14_reg_479_reg[25]/CE
                            (rising edge-triggered cell FDRE clocked by ap_clk  {rise@0.000ns fall@7.500ns period=15.000ns})
  Path Group:             ap_clk
  Path Type:              Setup (Max at Slow Process Corner)
  Requirement:            15.000ns  (ap_clk rise@15.000ns - ap_clk rise@0.000ns)
  Data Path Delay:        12.024ns  (logic 0.580ns (4.824%)  route 11.444ns (95.176%))
  Logic Levels:           1  (LUT2=1)
  Clock Path Skew:        -0.049ns (DCD - SCD + CPR)
    Destination Clock Delay (DCD):    0.924ns = ( 15.924 - 15.000 ) 
    Source Clock Delay      (SCD):    0.973ns
    Clock Pessimism Removal (CPR):    0.000ns
  Clock Uncertainty:      0.035ns  ((TSJ^2 + TIJ^2)^1/2 + DJ) / 2 + PE
    Total System Jitter     (TSJ):    0.071ns
    Total Input Jitter      (TIJ):    0.000ns
    Discrete Jitter          (DJ):    0.000ns
    Phase Error              (PE):    0.000ns

    Location             Delay type                Incr(ns)  Path(ns)    Netlist Resource(s)
  -------------------------------------------------------------------    -------------------
                         (clock ap_clk rise edge)     0.000     0.000 r  
                                                      0.000     0.000 r  ap_clk (IN)
                         net (fo=20385, unset)        0.973     0.973    bd_0_i/hls_inst/inst/computeTiles_U0/grp_computeTiles_Pipeline_j_output_loop_fu_284/ap_clk
    SLICE_X33Y40         FDRE                                         r  bd_0_i/hls_inst/inst/computeTiles_U0/grp_computeTiles_Pipeline_j_output_loop_fu_284/ap_enable_reg_pp0_iter1_reg/C
  -------------------------------------------------------------------    -------------------
    SLICE_X33Y40         FDRE (Prop_fdre_C_Q)         0.456     1.429 f  bd_0_i/hls_inst/inst/computeTiles_U0/grp_computeTiles_Pipeline_j_output_loop_fu_284/ap_enable_reg_pp0_iter1_reg/Q
                         net (fo=26, routed)          1.493     2.922    bd_0_i/hls_inst/inst/AB_stream_U/ap_enable_reg_pp0_iter1
    SLICE_X39Y36         LUT2 (Prop_lut2_I1_O)        0.124     3.046 r  bd_0_i/hls_inst/inst/AB_stream_U/trunc_ln107_reg_409[31]_i_1/O
                         net (fo=512, routed)         9.951    12.997    bd_0_i/hls_inst/inst/computeTiles_U0/grp_computeTiles_Pipeline_j_output_loop_fu_284/trunc_ln107_reg_409_reg[31]_0[0]
    SLICE_X45Y100        FDRE                                         r  bd_0_i/hls_inst/inst/computeTiles_U0/grp_computeTiles_Pipeline_j_output_loop_fu_284/trunc_ln107_14_reg_479_reg[25]/CE
  -------------------------------------------------------------------    -------------------

                         (clock ap_clk rise edge)    15.000    15.000 r  
                                                      0.000    15.000 r  ap_clk (IN)
                         net (fo=20385, unset)        0.924    15.924    bd_0_i/hls_inst/inst/computeTiles_U0/grp_computeTiles_Pipeline_j_output_loop_fu_284/ap_clk
    SLICE_X45Y100        FDRE                                         r  bd_0_i/hls_inst/inst/computeTiles_U0/grp_computeTiles_Pipeline_j_output_loop_fu_284/trunc_ln107_14_reg_479_reg[25]/C
                         clock pessimism              0.000    15.924    
                         clock uncertainty           -0.035    15.889    
    SLICE_X45Y100        FDRE (Setup_fdre_C_CE)      -0.205    15.684    bd_0_i/hls_inst/inst/computeTiles_U0/grp_computeTiles_Pipeline_j_output_loop_fu_284/trunc_ln107_14_reg_479_reg[25]
  -------------------------------------------------------------------
                         required time                         15.684    
                         arrival time                         -12.997    
  -------------------------------------------------------------------
                         slack                                  2.687    

Slack (MET) :             2.741ns  (required time - arrival time)
  Source:                 bd_0_i/hls_inst/inst/computeTiles_U0/grp_computeTiles_Pipeline_k_BLOCK_loop_k_loop_i_loop_fu_243/trunc_ln87_reg_5103_pp0_iter4_reg_reg[1]/C
                            (rising edge-triggered cell FDRE clocked by ap_clk  {rise@0.000ns fall@7.500ns period=15.000ns})
  Destination:            bd_0_i/hls_inst/inst/computeTiles_U0/grp_computeTiles_Pipeline_k_BLOCK_loop_k_loop_i_loop_fu_243/AB_block_1_2_fu_240_reg[441]/D
                            (rising edge-triggered cell FDSE clocked by ap_clk  {rise@0.000ns fall@7.500ns period=15.000ns})
  Path Group:             ap_clk
  Path Type:              Setup (Max at Slow Process Corner)
  Requirement:            15.000ns  (ap_clk rise@15.000ns - ap_clk rise@0.000ns)
  Data Path Delay:        11.912ns  (logic 2.287ns (19.200%)  route 9.625ns (80.800%))
  Logic Levels:           6  (CARRY4=2 LUT3=1 LUT6=2 MUXF7=1)
  Clock Path Skew:        -0.049ns (DCD - SCD + CPR)
    Destination Clock Delay (DCD):    0.924ns = ( 15.924 - 15.000 ) 
    Source Clock Delay      (SCD):    0.973ns
    Clock Pessimism Removal (CPR):    0.000ns
  Clock Uncertainty:      0.035ns  ((TSJ^2 + TIJ^2)^1/2 + DJ) / 2 + PE
    Total System Jitter     (TSJ):    0.071ns
    Total Input Jitter      (TIJ):    0.000ns
    Discrete Jitter          (DJ):    0.000ns
    Phase Error              (PE):    0.000ns

    Location             Delay type                Incr(ns)  Path(ns)    Netlist Resource(s)
  -------------------------------------------------------------------    -------------------
                         (clock ap_clk rise edge)     0.000     0.000 r  
                                                      0.000     0.000 r  ap_clk (IN)
                         net (fo=20385, unset)        0.973     0.973    bd_0_i/hls_inst/inst/computeTiles_U0/grp_computeTiles_Pipeline_k_BLOCK_loop_k_loop_i_loop_fu_243/ap_clk
    SLICE_X79Y31         FDRE                                         r  bd_0_i/hls_inst/inst/computeTiles_U0/grp_computeTiles_Pipeline_k_BLOCK_loop_k_loop_i_loop_fu_243/trunc_ln87_reg_5103_pp0_iter4_reg_reg[1]/C
  -------------------------------------------------------------------    -------------------
    SLICE_X79Y31         FDRE (Prop_fdre_C_Q)         0.419     1.392 r  bd_0_i/hls_inst/inst/computeTiles_U0/grp_computeTiles_Pipeline_k_BLOCK_loop_k_loop_i_loop_fu_243/trunc_ln87_reg_5103_pp0_iter4_reg_reg[1]/Q
                         net (fo=2056, routed)        4.095     5.487    bd_0_i/hls_inst/inst/computeTiles_U0/grp_computeTiles_Pipeline_k_BLOCK_loop_k_loop_i_loop_fu_243/trunc_ln87_reg_5103_pp0_iter4_reg[1]
    SLICE_X43Y97         LUT6 (Prop_lut6_I2_O)        0.296     5.783 r  bd_0_i/hls_inst/inst/computeTiles_U0/grp_computeTiles_Pipeline_k_BLOCK_loop_k_loop_i_loop_fu_243/AB_block_1_2_fu_240[439]_i_21/O
                         net (fo=1, routed)           0.000     5.783    bd_0_i/hls_inst/inst/computeTiles_U0/grp_computeTiles_Pipeline_k_BLOCK_loop_k_loop_i_loop_fu_243/AB_block_1_2_fu_240[439]_i_21_n_0
    SLICE_X43Y97         MUXF7 (Prop_muxf7_I0_O)      0.212     5.995 r  bd_0_i/hls_inst/inst/computeTiles_U0/grp_computeTiles_Pipeline_k_BLOCK_loop_k_loop_i_loop_fu_243/AB_block_1_2_fu_240_reg[439]_i_10/O
                         net (fo=1, routed)           1.845     7.840    bd_0_i/hls_inst/inst/computeTiles_U0/grp_computeTiles_Pipeline_k_BLOCK_loop_k_loop_i_loop_fu_243/AB_block_1_2_fu_240_reg[439]_i_10_n_0
    SLICE_X41Y62         LUT6 (Prop_lut6_I0_O)        0.299     8.139 r  bd_0_i/hls_inst/inst/computeTiles_U0/grp_computeTiles_Pipeline_k_BLOCK_loop_k_loop_i_loop_fu_243/AB_block_1_2_fu_240[439]_i_4/O
                         net (fo=1, routed)           0.000     8.139    bd_0_i/hls_inst/inst/computeTiles_U0/grp_computeTiles_Pipeline_k_BLOCK_loop_k_loop_i_loop_fu_243/AB_block_1_2_fu_240[439]_i_4_n_0
    SLICE_X41Y62         CARRY4 (Prop_carry4_S[2]_CO[3])
                                                      0.398     8.537 r  bd_0_i/hls_inst/inst/computeTiles_U0/grp_computeTiles_Pipeline_k_BLOCK_loop_k_loop_i_loop_fu_243/AB_block_1_2_fu_240_reg[439]_i_2/CO[3]
                         net (fo=1, routed)           0.000     8.537    bd_0_i/hls_inst/inst/computeTiles_U0/grp_computeTiles_Pipeline_k_BLOCK_loop_k_loop_i_loop_fu_243/AB_block_1_2_fu_240_reg[439]_i_2_n_0
    SLICE_X41Y63         CARRY4 (Prop_carry4_CI_O[1])
                                                      0.334     8.871 r  bd_0_i/hls_inst/inst/computeTiles_U0/grp_computeTiles_Pipeline_k_BLOCK_loop_k_loop_i_loop_fu_243/AB_block_1_2_fu_240_reg[443]_i_2/O[1]
                         net (fo=1, routed)           1.441    10.312    bd_0_i/hls_inst/inst/computeTiles_U0/grp_computeTiles_Pipeline_k_BLOCK_loop_k_loop_i_loop_fu_243/flow_control_loop_pipe_sequential_init_U/or_ln92_s_fu_4749_p17[441]
    SLICE_X41Y82         LUT3 (Prop_lut3_I2_O)        0.329    10.641 r  bd_0_i/hls_inst/inst/computeTiles_U0/grp_computeTiles_Pipeline_k_BLOCK_loop_k_loop_i_loop_fu_243/flow_control_loop_pipe_sequential_init_U/AB_block_1_2_fu_240[441]_i_1/O
                         net (fo=16, routed)          2.244    12.885    bd_0_i/hls_inst/inst/computeTiles_U0/grp_computeTiles_Pipeline_k_BLOCK_loop_k_loop_i_loop_fu_243/flow_control_loop_pipe_sequential_init_U_n_80
    SLICE_X88Y99         FDSE                                         r  bd_0_i/hls_inst/inst/computeTiles_U0/grp_computeTiles_Pipeline_k_BLOCK_loop_k_loop_i_loop_fu_243/AB_block_1_2_fu_240_reg[441]/D
  -------------------------------------------------------------------    -------------------

                         (clock ap_clk rise edge)    15.000    15.000 r  
                                                      0.000    15.000 r  ap_clk (IN)
                         net (fo=20385, unset)        0.924    15.924    bd_0_i/hls_inst/inst/computeTiles_U0/grp_computeTiles_Pipeline_k_BLOCK_loop_k_loop_i_loop_fu_243/ap_clk
    SLICE_X88Y99         FDSE                                         r  bd_0_i/hls_inst/inst/computeTiles_U0/grp_computeTiles_Pipeline_k_BLOCK_loop_k_loop_i_loop_fu_243/AB_block_1_2_fu_240_reg[441]/C
                         clock pessimism              0.000    15.924    
                         clock uncertainty           -0.035    15.889    
    SLICE_X88Y99         FDSE (Setup_fdse_C_D)       -0.263    15.626    bd_0_i/hls_inst/inst/computeTiles_U0/grp_computeTiles_Pipeline_k_BLOCK_loop_k_loop_i_loop_fu_243/AB_block_1_2_fu_240_reg[441]
  -------------------------------------------------------------------
                         required time                         15.626    
                         arrival time                         -12.885    
  -------------------------------------------------------------------
                         slack                                  2.741    

Slack (MET) :             2.748ns  (required time - arrival time)
  Source:                 bd_0_i/hls_inst/inst/computeTiles_U0/grp_computeTiles_Pipeline_k_BLOCK_loop_k_loop_i_loop_fu_243/trunc_ln87_reg_5103_pp0_iter4_reg_reg[0]/C
                            (rising edge-triggered cell FDRE clocked by ap_clk  {rise@0.000ns fall@7.500ns period=15.000ns})
  Destination:            bd_0_i/hls_inst/inst/computeTiles_U0/grp_computeTiles_Pipeline_k_BLOCK_loop_k_loop_i_loop_fu_243/AB_block_4_2_fu_252_reg[154]/D
                            (rising edge-triggered cell FDSE clocked by ap_clk  {rise@0.000ns fall@7.500ns period=15.000ns})
  Path Group:             ap_clk
  Path Type:              Setup (Max at Slow Process Corner)
  Requirement:            15.000ns  (ap_clk rise@15.000ns - ap_clk rise@0.000ns)
  Data Path Delay:        11.869ns  (logic 1.745ns (14.702%)  route 10.124ns (85.298%))
  Logic Levels:           4  (CARRY4=1 LUT3=1 LUT6=2)
  Clock Path Skew:        -0.049ns (DCD - SCD + CPR)
    Destination Clock Delay (DCD):    0.924ns = ( 15.924 - 15.000 ) 
    Source Clock Delay      (SCD):    0.973ns
    Clock Pessimism Removal (CPR):    0.000ns
  Clock Uncertainty:      0.035ns  ((TSJ^2 + TIJ^2)^1/2 + DJ) / 2 + PE
    Total System Jitter     (TSJ):    0.071ns
    Total Input Jitter      (TIJ):    0.000ns
    Discrete Jitter          (DJ):    0.000ns
    Phase Error              (PE):    0.000ns

    Location             Delay type                Incr(ns)  Path(ns)    Netlist Resource(s)
  -------------------------------------------------------------------    -------------------
                         (clock ap_clk rise edge)     0.000     0.000 r  
                                                      0.000     0.000 r  ap_clk (IN)
                         net (fo=20385, unset)        0.973     0.973    bd_0_i/hls_inst/inst/computeTiles_U0/grp_computeTiles_Pipeline_k_BLOCK_loop_k_loop_i_loop_fu_243/ap_clk
    SLICE_X79Y31         FDRE                                         r  bd_0_i/hls_inst/inst/computeTiles_U0/grp_computeTiles_Pipeline_k_BLOCK_loop_k_loop_i_loop_fu_243/trunc_ln87_reg_5103_pp0_iter4_reg_reg[0]/C
  -------------------------------------------------------------------    -------------------
    SLICE_X79Y31         FDRE (Prop_fdre_C_Q)         0.419     1.392 r  bd_0_i/hls_inst/inst/computeTiles_U0/grp_computeTiles_Pipeline_k_BLOCK_loop_k_loop_i_loop_fu_243/trunc_ln87_reg_5103_pp0_iter4_reg_reg[0]/Q
                         net (fo=2064, routed)        4.435     5.827    bd_0_i/hls_inst/inst/computeTiles_U0/grp_computeTiles_Pipeline_k_BLOCK_loop_k_loop_i_loop_fu_243/trunc_ln87_reg_5103_pp0_iter4_reg[0]
    SLICE_X47Y101        LUT6 (Prop_lut6_I4_O)        0.299     6.126 r  bd_0_i/hls_inst/inst/computeTiles_U0/grp_computeTiles_Pipeline_k_BLOCK_loop_k_loop_i_loop_fu_243/AB_block_1_2_fu_240[155]_i_15/O
                         net (fo=1, routed)           2.016     8.142    bd_0_i/hls_inst/inst/computeTiles_U0/grp_computeTiles_Pipeline_k_BLOCK_loop_k_loop_i_loop_fu_243/AB_block_1_2_fu_240[155]_i_15_n_0
    SLICE_X62Y63         LUT6 (Prop_lut6_I4_O)        0.124     8.266 r  bd_0_i/hls_inst/inst/computeTiles_U0/grp_computeTiles_Pipeline_k_BLOCK_loop_k_loop_i_loop_fu_243/AB_block_1_2_fu_240[155]_i_5/O
                         net (fo=1, routed)           0.000     8.266    bd_0_i/hls_inst/inst/computeTiles_U0/grp_computeTiles_Pipeline_k_BLOCK_loop_k_loop_i_loop_fu_243/AB_block_1_2_fu_240[155]_i_5_n_0
    SLICE_X62Y63         CARRY4 (Prop_carry4_S[1]_O[2])
                                                      0.578     8.844 r  bd_0_i/hls_inst/inst/computeTiles_U0/grp_computeTiles_Pipeline_k_BLOCK_loop_k_loop_i_loop_fu_243/AB_block_1_2_fu_240_reg[155]_i_2/O[2]
                         net (fo=1, routed)           1.454    10.298    bd_0_i/hls_inst/inst/computeTiles_U0/grp_computeTiles_Pipeline_k_BLOCK_loop_k_loop_i_loop_fu_243/flow_control_loop_pipe_sequential_init_U/or_ln92_s_fu_4749_p17[154]
    SLICE_X62Y84         LUT3 (Prop_lut3_I2_O)        0.325    10.623 r  bd_0_i/hls_inst/inst/computeTiles_U0/grp_computeTiles_Pipeline_k_BLOCK_loop_k_loop_i_loop_fu_243/flow_control_loop_pipe_sequential_init_U/AB_block_1_2_fu_240[154]_i_1/O
                         net (fo=16, routed)          2.220    12.842    bd_0_i/hls_inst/inst/computeTiles_U0/grp_computeTiles_Pipeline_k_BLOCK_loop_k_loop_i_loop_fu_243/flow_control_loop_pipe_sequential_init_U_n_367
    SLICE_X99Y94         FDSE                                         r  bd_0_i/hls_inst/inst/computeTiles_U0/grp_computeTiles_Pipeline_k_BLOCK_loop_k_loop_i_loop_fu_243/AB_block_4_2_fu_252_reg[154]/D
  -------------------------------------------------------------------    -------------------

                         (clock ap_clk rise edge)    15.000    15.000 r  
                                                      0.000    15.000 r  ap_clk (IN)
                         net (fo=20385, unset)        0.924    15.924    bd_0_i/hls_inst/inst/computeTiles_U0/grp_computeTiles_Pipeline_k_BLOCK_loop_k_loop_i_loop_fu_243/ap_clk
    SLICE_X99Y94         FDSE                                         r  bd_0_i/hls_inst/inst/computeTiles_U0/grp_computeTiles_Pipeline_k_BLOCK_loop_k_loop_i_loop_fu_243/AB_block_4_2_fu_252_reg[154]/C
                         clock pessimism              0.000    15.924    
                         clock uncertainty           -0.035    15.889    
    SLICE_X99Y94         FDSE (Setup_fdse_C_D)       -0.299    15.590    bd_0_i/hls_inst/inst/computeTiles_U0/grp_computeTiles_Pipeline_k_BLOCK_loop_k_loop_i_loop_fu_243/AB_block_4_2_fu_252_reg[154]
  -------------------------------------------------------------------
                         required time                         15.590    
                         arrival time                         -12.842    
  -------------------------------------------------------------------
                         slack                                  2.748    

Slack (MET) :             2.766ns  (required time - arrival time)
  Source:                 bd_0_i/hls_inst/inst/computeTiles_U0/grp_computeTiles_Pipeline_k_BLOCK_loop_k_loop_i_loop_fu_243_ap_start_reg_reg_rep__3/C
                            (rising edge-triggered cell FDRE clocked by ap_clk  {rise@0.000ns fall@7.500ns period=15.000ns})
  Destination:            bd_0_i/hls_inst/inst/computeTiles_U0/grp_computeTiles_Pipeline_k_BLOCK_loop_k_loop_i_loop_fu_243/AB_block_0_2_fu_236_reg[124]/S
                            (rising edge-triggered cell FDSE clocked by ap_clk  {rise@0.000ns fall@7.500ns period=15.000ns})
  Path Group:             ap_clk
  Path Type:              Setup (Max at Slow Process Corner)
  Requirement:            15.000ns  (ap_clk rise@15.000ns - ap_clk rise@0.000ns)
  Data Path Delay:        11.626ns  (logic 0.642ns (5.522%)  route 10.984ns (94.478%))
  Logic Levels:           1  (LUT4=1)
  Clock Path Skew:        -0.049ns (DCD - SCD + CPR)
    Destination Clock Delay (DCD):    0.924ns = ( 15.924 - 15.000 ) 
    Source Clock Delay      (SCD):    0.973ns
    Clock Pessimism Removal (CPR):    0.000ns
  Clock Uncertainty:      0.035ns  ((TSJ^2 + TIJ^2)^1/2 + DJ) / 2 + PE
    Total System Jitter     (TSJ):    0.071ns
    Total Input Jitter      (TIJ):    0.000ns
    Discrete Jitter          (DJ):    0.000ns
    Phase Error              (PE):    0.000ns

    Location             Delay type                Incr(ns)  Path(ns)    Netlist Resource(s)
  -------------------------------------------------------------------    -------------------
                         (clock ap_clk rise edge)     0.000     0.000 r  
                                                      0.000     0.000 r  ap_clk (IN)
                         net (fo=20385, unset)        0.973     0.973    bd_0_i/hls_inst/inst/computeTiles_U0/ap_clk
    SLICE_X62Y31         FDRE                                         r  bd_0_i/hls_inst/inst/computeTiles_U0/grp_computeTiles_Pipeline_k_BLOCK_loop_k_loop_i_loop_fu_243_ap_start_reg_reg_rep__3/C
  -------------------------------------------------------------------    -------------------
    SLICE_X62Y31         FDRE (Prop_fdre_C_Q)         0.518     1.491 r  bd_0_i/hls_inst/inst/computeTiles_U0/grp_computeTiles_Pipeline_k_BLOCK_loop_k_loop_i_loop_fu_243_ap_start_reg_reg_rep__3/Q
                         net (fo=116, routed)         9.099    10.590    bd_0_i/hls_inst/inst/computeTiles_U0/grp_computeTiles_Pipeline_k_BLOCK_loop_k_loop_i_loop_fu_243/AB_block_0_2_fu_236_reg[0]_0
    SLICE_X56Y100        LUT4 (Prop_lut4_I0_O)        0.124    10.714 r  bd_0_i/hls_inst/inst/computeTiles_U0/grp_computeTiles_Pipeline_k_BLOCK_loop_k_loop_i_loop_fu_243/i___6__3/O
                         net (fo=16, routed)          1.885    12.599    bd_0_i/hls_inst/inst/computeTiles_U0/grp_computeTiles_Pipeline_k_BLOCK_loop_k_loop_i_loop_fu_243/i___6__3_n_0
    SLICE_X50Y107        FDSE                                         r  bd_0_i/hls_inst/inst/computeTiles_U0/grp_computeTiles_Pipeline_k_BLOCK_loop_k_loop_i_loop_fu_243/AB_block_0_2_fu_236_reg[124]/S
  -------------------------------------------------------------------    -------------------

                         (clock ap_clk rise edge)    15.000    15.000 r  
                                                      0.000    15.000 r  ap_clk (IN)
                         net (fo=20385, unset)        0.924    15.924    bd_0_i/hls_inst/inst/computeTiles_U0/grp_computeTiles_Pipeline_k_BLOCK_loop_k_loop_i_loop_fu_243/ap_clk
    SLICE_X50Y107        FDSE                                         r  bd_0_i/hls_inst/inst/computeTiles_U0/grp_computeTiles_Pipeline_k_BLOCK_loop_k_loop_i_loop_fu_243/AB_block_0_2_fu_236_reg[124]/C
                         clock pessimism              0.000    15.924    
                         clock uncertainty           -0.035    15.889    
    SLICE_X50Y107        FDSE (Setup_fdse_C_S)       -0.524    15.365    bd_0_i/hls_inst/inst/computeTiles_U0/grp_computeTiles_Pipeline_k_BLOCK_loop_k_loop_i_loop_fu_243/AB_block_0_2_fu_236_reg[124]
  -------------------------------------------------------------------
                         required time                         15.365    
                         arrival time                         -12.599    
  -------------------------------------------------------------------
                         slack                                  2.766    

Slack (MET) :             2.766ns  (required time - arrival time)
  Source:                 bd_0_i/hls_inst/inst/computeTiles_U0/grp_computeTiles_Pipeline_k_BLOCK_loop_k_loop_i_loop_fu_243_ap_start_reg_reg_rep__3/C
                            (rising edge-triggered cell FDRE clocked by ap_clk  {rise@0.000ns fall@7.500ns period=15.000ns})
  Destination:            bd_0_i/hls_inst/inst/computeTiles_U0/grp_computeTiles_Pipeline_k_BLOCK_loop_k_loop_i_loop_fu_243/AB_block_0_2_fu_236_reg[220]/S
                            (rising edge-triggered cell FDSE clocked by ap_clk  {rise@0.000ns fall@7.500ns period=15.000ns})
  Path Group:             ap_clk
  Path Type:              Setup (Max at Slow Process Corner)
  Requirement:            15.000ns  (ap_clk rise@15.000ns - ap_clk rise@0.000ns)
  Data Path Delay:        11.626ns  (logic 0.642ns (5.522%)  route 10.984ns (94.478%))
  Logic Levels:           1  (LUT4=1)
  Clock Path Skew:        -0.049ns (DCD - SCD + CPR)
    Destination Clock Delay (DCD):    0.924ns = ( 15.924 - 15.000 ) 
    Source Clock Delay      (SCD):    0.973ns
    Clock Pessimism Removal (CPR):    0.000ns
  Clock Uncertainty:      0.035ns  ((TSJ^2 + TIJ^2)^1/2 + DJ) / 2 + PE
    Total System Jitter     (TSJ):    0.071ns
    Total Input Jitter      (TIJ):    0.000ns
    Discrete Jitter          (DJ):    0.000ns
    Phase Error              (PE):    0.000ns

    Location             Delay type                Incr(ns)  Path(ns)    Netlist Resource(s)
  -------------------------------------------------------------------    -------------------
                         (clock ap_clk rise edge)     0.000     0.000 r  
                                                      0.000     0.000 r  ap_clk (IN)
                         net (fo=20385, unset)        0.973     0.973    bd_0_i/hls_inst/inst/computeTiles_U0/ap_clk
    SLICE_X62Y31         FDRE                                         r  bd_0_i/hls_inst/inst/computeTiles_U0/grp_computeTiles_Pipeline_k_BLOCK_loop_k_loop_i_loop_fu_243_ap_start_reg_reg_rep__3/C
  -------------------------------------------------------------------    -------------------
    SLICE_X62Y31         FDRE (Prop_fdre_C_Q)         0.518     1.491 r  bd_0_i/hls_inst/inst/computeTiles_U0/grp_computeTiles_Pipeline_k_BLOCK_loop_k_loop_i_loop_fu_243_ap_start_reg_reg_rep__3/Q
                         net (fo=116, routed)         9.099    10.590    bd_0_i/hls_inst/inst/computeTiles_U0/grp_computeTiles_Pipeline_k_BLOCK_loop_k_loop_i_loop_fu_243/AB_block_0_2_fu_236_reg[0]_0
    SLICE_X56Y100        LUT4 (Prop_lut4_I0_O)        0.124    10.714 r  bd_0_i/hls_inst/inst/computeTiles_U0/grp_computeTiles_Pipeline_k_BLOCK_loop_k_loop_i_loop_fu_243/i___6__3/O
                         net (fo=16, routed)          1.885    12.599    bd_0_i/hls_inst/inst/computeTiles_U0/grp_computeTiles_Pipeline_k_BLOCK_loop_k_loop_i_loop_fu_243/i___6__3_n_0
    SLICE_X50Y107        FDSE                                         r  bd_0_i/hls_inst/inst/computeTiles_U0/grp_computeTiles_Pipeline_k_BLOCK_loop_k_loop_i_loop_fu_243/AB_block_0_2_fu_236_reg[220]/S
  -------------------------------------------------------------------    -------------------

                         (clock ap_clk rise edge)    15.000    15.000 r  
                                                      0.000    15.000 r  ap_clk (IN)
                         net (fo=20385, unset)        0.924    15.924    bd_0_i/hls_inst/inst/computeTiles_U0/grp_computeTiles_Pipeline_k_BLOCK_loop_k_loop_i_loop_fu_243/ap_clk
    SLICE_X50Y107        FDSE                                         r  bd_0_i/hls_inst/inst/computeTiles_U0/grp_computeTiles_Pipeline_k_BLOCK_loop_k_loop_i_loop_fu_243/AB_block_0_2_fu_236_reg[220]/C
                         clock pessimism              0.000    15.924    
                         clock uncertainty           -0.035    15.889    
    SLICE_X50Y107        FDSE (Setup_fdse_C_S)       -0.524    15.365    bd_0_i/hls_inst/inst/computeTiles_U0/grp_computeTiles_Pipeline_k_BLOCK_loop_k_loop_i_loop_fu_243/AB_block_0_2_fu_236_reg[220]
  -------------------------------------------------------------------
                         required time                         15.365    
                         arrival time                         -12.599    
  -------------------------------------------------------------------
                         slack                                  2.766    





Min Delay Paths
--------------------------------------------------------------------------------------
Slack (MET) :             0.055ns  (arrival time - required time)
  Source:                 bd_0_i/hls_inst/inst/computeTiles_U0/gmem2_addr_reg_1114_reg[15]/C
                            (rising edge-triggered cell FDRE clocked by ap_clk  {rise@0.000ns fall@7.500ns period=15.000ns})
  Destination:            bd_0_i/hls_inst/inst/gmem2_m_axi_U/load_unit_0/fifo_rreq/U_fifo_srl/mem_reg[5][15]_srl6/D
                            (rising edge-triggered cell SRL16E clocked by ap_clk  {rise@0.000ns fall@7.500ns period=15.000ns})
  Path Group:             ap_clk
  Path Type:              Hold (Min at Fast Process Corner)
  Requirement:            0.000ns  (ap_clk rise@0.000ns - ap_clk rise@0.000ns)
  Data Path Delay:        0.260ns  (logic 0.141ns (54.227%)  route 0.119ns (45.772%))
  Logic Levels:           0  
  Clock Path Skew:        0.022ns (DCD - SCD - CPR)
    Destination Clock Delay (DCD):    0.432ns
    Source Clock Delay      (SCD):    0.410ns
    Clock Pessimism Removal (CPR):    -0.000ns

    Location             Delay type                Incr(ns)  Path(ns)    Netlist Resource(s)
  -------------------------------------------------------------------    -------------------
                         (clock ap_clk rise edge)     0.000     0.000 r  
                                                      0.000     0.000 r  ap_clk (IN)
                         net (fo=20385, unset)        0.410     0.410    bd_0_i/hls_inst/inst/computeTiles_U0/ap_clk
    SLICE_X28Y22         FDRE                                         r  bd_0_i/hls_inst/inst/computeTiles_U0/gmem2_addr_reg_1114_reg[15]/C
  -------------------------------------------------------------------    -------------------
    SLICE_X28Y22         FDRE (Prop_fdre_C_Q)         0.141     0.551 r  bd_0_i/hls_inst/inst/computeTiles_U0/gmem2_addr_reg_1114_reg[15]/Q
                         net (fo=1, routed)           0.119     0.670    bd_0_i/hls_inst/inst/gmem2_m_axi_U/load_unit_0/fifo_rreq/U_fifo_srl/in[15]
    SLICE_X26Y21         SRL16E                                       r  bd_0_i/hls_inst/inst/gmem2_m_axi_U/load_unit_0/fifo_rreq/U_fifo_srl/mem_reg[5][15]_srl6/D
  -------------------------------------------------------------------    -------------------

                         (clock ap_clk rise edge)     0.000     0.000 r  
                                                      0.000     0.000 r  ap_clk (IN)
                         net (fo=20385, unset)        0.432     0.432    bd_0_i/hls_inst/inst/gmem2_m_axi_U/load_unit_0/fifo_rreq/U_fifo_srl/ap_clk
    SLICE_X26Y21         SRL16E                                       r  bd_0_i/hls_inst/inst/gmem2_m_axi_U/load_unit_0/fifo_rreq/U_fifo_srl/mem_reg[5][15]_srl6/CLK
                         clock pessimism              0.000     0.432    
    SLICE_X26Y21         SRL16E (Hold_srl16e_CLK_D)
                                                      0.183     0.615    bd_0_i/hls_inst/inst/gmem2_m_axi_U/load_unit_0/fifo_rreq/U_fifo_srl/mem_reg[5][15]_srl6
  -------------------------------------------------------------------
                         required time                         -0.615    
                         arrival time                           0.670    
  -------------------------------------------------------------------
                         slack                                  0.055    

Slack (MET) :             0.055ns  (arrival time - required time)
  Source:                 bd_0_i/hls_inst/inst/computeTiles_U0/gmem2_addr_reg_1114_reg[23]/C
                            (rising edge-triggered cell FDRE clocked by ap_clk  {rise@0.000ns fall@7.500ns period=15.000ns})
  Destination:            bd_0_i/hls_inst/inst/gmem2_m_axi_U/load_unit_0/fifo_rreq/U_fifo_srl/mem_reg[5][23]_srl6/D
                            (rising edge-triggered cell SRL16E clocked by ap_clk  {rise@0.000ns fall@7.500ns period=15.000ns})
  Path Group:             ap_clk
  Path Type:              Hold (Min at Fast Process Corner)
  Requirement:            0.000ns  (ap_clk rise@0.000ns - ap_clk rise@0.000ns)
  Data Path Delay:        0.260ns  (logic 0.141ns (54.227%)  route 0.119ns (45.772%))
  Logic Levels:           0  
  Clock Path Skew:        0.022ns (DCD - SCD - CPR)
    Destination Clock Delay (DCD):    0.432ns
    Source Clock Delay      (SCD):    0.410ns
    Clock Pessimism Removal (CPR):    -0.000ns

    Location             Delay type                Incr(ns)  Path(ns)    Netlist Resource(s)
  -------------------------------------------------------------------    -------------------
                         (clock ap_clk rise edge)     0.000     0.000 r  
                                                      0.000     0.000 r  ap_clk (IN)
                         net (fo=20385, unset)        0.410     0.410    bd_0_i/hls_inst/inst/computeTiles_U0/ap_clk
    SLICE_X28Y24         FDRE                                         r  bd_0_i/hls_inst/inst/computeTiles_U0/gmem2_addr_reg_1114_reg[23]/C
  -------------------------------------------------------------------    -------------------
    SLICE_X28Y24         FDRE (Prop_fdre_C_Q)         0.141     0.551 r  bd_0_i/hls_inst/inst/computeTiles_U0/gmem2_addr_reg_1114_reg[23]/Q
                         net (fo=1, routed)           0.119     0.670    bd_0_i/hls_inst/inst/gmem2_m_axi_U/load_unit_0/fifo_rreq/U_fifo_srl/in[23]
    SLICE_X26Y23         SRL16E                                       r  bd_0_i/hls_inst/inst/gmem2_m_axi_U/load_unit_0/fifo_rreq/U_fifo_srl/mem_reg[5][23]_srl6/D
  -------------------------------------------------------------------    -------------------

                         (clock ap_clk rise edge)     0.000     0.000 r  
                                                      0.000     0.000 r  ap_clk (IN)
                         net (fo=20385, unset)        0.432     0.432    bd_0_i/hls_inst/inst/gmem2_m_axi_U/load_unit_0/fifo_rreq/U_fifo_srl/ap_clk
    SLICE_X26Y23         SRL16E                                       r  bd_0_i/hls_inst/inst/gmem2_m_axi_U/load_unit_0/fifo_rreq/U_fifo_srl/mem_reg[5][23]_srl6/CLK
                         clock pessimism              0.000     0.432    
    SLICE_X26Y23         SRL16E (Hold_srl16e_CLK_D)
                                                      0.183     0.615    bd_0_i/hls_inst/inst/gmem2_m_axi_U/load_unit_0/fifo_rreq/U_fifo_srl/mem_reg[5][23]_srl6
  -------------------------------------------------------------------
                         required time                         -0.615    
                         arrival time                           0.670    
  -------------------------------------------------------------------
                         slack                                  0.055    

Slack (MET) :             0.055ns  (arrival time - required time)
  Source:                 bd_0_i/hls_inst/inst/computeTiles_U0/gmem2_addr_reg_1114_reg[31]/C
                            (rising edge-triggered cell FDRE clocked by ap_clk  {rise@0.000ns fall@7.500ns period=15.000ns})
  Destination:            bd_0_i/hls_inst/inst/gmem2_m_axi_U/load_unit_0/fifo_rreq/U_fifo_srl/mem_reg[5][31]_srl6/D
                            (rising edge-triggered cell SRL16E clocked by ap_clk  {rise@0.000ns fall@7.500ns period=15.000ns})
  Path Group:             ap_clk
  Path Type:              Hold (Min at Fast Process Corner)
  Requirement:            0.000ns  (ap_clk rise@0.000ns - ap_clk rise@0.000ns)
  Data Path Delay:        0.260ns  (logic 0.141ns (54.227%)  route 0.119ns (45.772%))
  Logic Levels:           0  
  Clock Path Skew:        0.022ns (DCD - SCD - CPR)
    Destination Clock Delay (DCD):    0.432ns
    Source Clock Delay      (SCD):    0.410ns
    Clock Pessimism Removal (CPR):    -0.000ns

    Location             Delay type                Incr(ns)  Path(ns)    Netlist Resource(s)
  -------------------------------------------------------------------    -------------------
                         (clock ap_clk rise edge)     0.000     0.000 r  
                                                      0.000     0.000 r  ap_clk (IN)
                         net (fo=20385, unset)        0.410     0.410    bd_0_i/hls_inst/inst/computeTiles_U0/ap_clk
    SLICE_X28Y26         FDRE                                         r  bd_0_i/hls_inst/inst/computeTiles_U0/gmem2_addr_reg_1114_reg[31]/C
  -------------------------------------------------------------------    -------------------
    SLICE_X28Y26         FDRE (Prop_fdre_C_Q)         0.141     0.551 r  bd_0_i/hls_inst/inst/computeTiles_U0/gmem2_addr_reg_1114_reg[31]/Q
                         net (fo=1, routed)           0.119     0.670    bd_0_i/hls_inst/inst/gmem2_m_axi_U/load_unit_0/fifo_rreq/U_fifo_srl/in[31]
    SLICE_X26Y25         SRL16E                                       r  bd_0_i/hls_inst/inst/gmem2_m_axi_U/load_unit_0/fifo_rreq/U_fifo_srl/mem_reg[5][31]_srl6/D
  -------------------------------------------------------------------    -------------------

                         (clock ap_clk rise edge)     0.000     0.000 r  
                                                      0.000     0.000 r  ap_clk (IN)
                         net (fo=20385, unset)        0.432     0.432    bd_0_i/hls_inst/inst/gmem2_m_axi_U/load_unit_0/fifo_rreq/U_fifo_srl/ap_clk
    SLICE_X26Y25         SRL16E                                       r  bd_0_i/hls_inst/inst/gmem2_m_axi_U/load_unit_0/fifo_rreq/U_fifo_srl/mem_reg[5][31]_srl6/CLK
                         clock pessimism              0.000     0.432    
    SLICE_X26Y25         SRL16E (Hold_srl16e_CLK_D)
                                                      0.183     0.615    bd_0_i/hls_inst/inst/gmem2_m_axi_U/load_unit_0/fifo_rreq/U_fifo_srl/mem_reg[5][31]_srl6
  -------------------------------------------------------------------
                         required time                         -0.615    
                         arrival time                           0.670    
  -------------------------------------------------------------------
                         slack                                  0.055    

Slack (MET) :             0.055ns  (arrival time - required time)
  Source:                 bd_0_i/hls_inst/inst/computeTiles_U0/gmem2_addr_reg_1114_reg[39]/C
                            (rising edge-triggered cell FDRE clocked by ap_clk  {rise@0.000ns fall@7.500ns period=15.000ns})
  Destination:            bd_0_i/hls_inst/inst/gmem2_m_axi_U/load_unit_0/fifo_rreq/U_fifo_srl/mem_reg[5][39]_srl6/D
                            (rising edge-triggered cell SRL16E clocked by ap_clk  {rise@0.000ns fall@7.500ns period=15.000ns})
  Path Group:             ap_clk
  Path Type:              Hold (Min at Fast Process Corner)
  Requirement:            0.000ns  (ap_clk rise@0.000ns - ap_clk rise@0.000ns)
  Data Path Delay:        0.260ns  (logic 0.141ns (54.227%)  route 0.119ns (45.772%))
  Logic Levels:           0  
  Clock Path Skew:        0.022ns (DCD - SCD - CPR)
    Destination Clock Delay (DCD):    0.432ns
    Source Clock Delay      (SCD):    0.410ns
    Clock Pessimism Removal (CPR):    -0.000ns

    Location             Delay type                Incr(ns)  Path(ns)    Netlist Resource(s)
  -------------------------------------------------------------------    -------------------
                         (clock ap_clk rise edge)     0.000     0.000 r  
                                                      0.000     0.000 r  ap_clk (IN)
                         net (fo=20385, unset)        0.410     0.410    bd_0_i/hls_inst/inst/computeTiles_U0/ap_clk
    SLICE_X28Y28         FDRE                                         r  bd_0_i/hls_inst/inst/computeTiles_U0/gmem2_addr_reg_1114_reg[39]/C
  -------------------------------------------------------------------    -------------------
    SLICE_X28Y28         FDRE (Prop_fdre_C_Q)         0.141     0.551 r  bd_0_i/hls_inst/inst/computeTiles_U0/gmem2_addr_reg_1114_reg[39]/Q
                         net (fo=1, routed)           0.119     0.670    bd_0_i/hls_inst/inst/gmem2_m_axi_U/load_unit_0/fifo_rreq/U_fifo_srl/in[39]
    SLICE_X26Y27         SRL16E                                       r  bd_0_i/hls_inst/inst/gmem2_m_axi_U/load_unit_0/fifo_rreq/U_fifo_srl/mem_reg[5][39]_srl6/D
  -------------------------------------------------------------------    -------------------

                         (clock ap_clk rise edge)     0.000     0.000 r  
                                                      0.000     0.000 r  ap_clk (IN)
                         net (fo=20385, unset)        0.432     0.432    bd_0_i/hls_inst/inst/gmem2_m_axi_U/load_unit_0/fifo_rreq/U_fifo_srl/ap_clk
    SLICE_X26Y27         SRL16E                                       r  bd_0_i/hls_inst/inst/gmem2_m_axi_U/load_unit_0/fifo_rreq/U_fifo_srl/mem_reg[5][39]_srl6/CLK
                         clock pessimism              0.000     0.432    
    SLICE_X26Y27         SRL16E (Hold_srl16e_CLK_D)
                                                      0.183     0.615    bd_0_i/hls_inst/inst/gmem2_m_axi_U/load_unit_0/fifo_rreq/U_fifo_srl/mem_reg[5][39]_srl6
  -------------------------------------------------------------------
                         required time                         -0.615    
                         arrival time                           0.670    
  -------------------------------------------------------------------
                         slack                                  0.055    

Slack (MET) :             0.055ns  (arrival time - required time)
  Source:                 bd_0_i/hls_inst/inst/computeTiles_U0/gmem2_addr_reg_1114_reg[47]/C
                            (rising edge-triggered cell FDRE clocked by ap_clk  {rise@0.000ns fall@7.500ns period=15.000ns})
  Destination:            bd_0_i/hls_inst/inst/gmem2_m_axi_U/load_unit_0/fifo_rreq/U_fifo_srl/mem_reg[5][47]_srl6/D
                            (rising edge-triggered cell SRL16E clocked by ap_clk  {rise@0.000ns fall@7.500ns period=15.000ns})
  Path Group:             ap_clk
  Path Type:              Hold (Min at Fast Process Corner)
  Requirement:            0.000ns  (ap_clk rise@0.000ns - ap_clk rise@0.000ns)
  Data Path Delay:        0.260ns  (logic 0.141ns (54.227%)  route 0.119ns (45.772%))
  Logic Levels:           0  
  Clock Path Skew:        0.022ns (DCD - SCD - CPR)
    Destination Clock Delay (DCD):    0.432ns
    Source Clock Delay      (SCD):    0.410ns
    Clock Pessimism Removal (CPR):    -0.000ns

    Location             Delay type                Incr(ns)  Path(ns)    Netlist Resource(s)
  -------------------------------------------------------------------    -------------------
                         (clock ap_clk rise edge)     0.000     0.000 r  
                                                      0.000     0.000 r  ap_clk (IN)
                         net (fo=20385, unset)        0.410     0.410    bd_0_i/hls_inst/inst/computeTiles_U0/ap_clk
    SLICE_X28Y30         FDRE                                         r  bd_0_i/hls_inst/inst/computeTiles_U0/gmem2_addr_reg_1114_reg[47]/C
  -------------------------------------------------------------------    -------------------
    SLICE_X28Y30         FDRE (Prop_fdre_C_Q)         0.141     0.551 r  bd_0_i/hls_inst/inst/computeTiles_U0/gmem2_addr_reg_1114_reg[47]/Q
                         net (fo=1, routed)           0.119     0.670    bd_0_i/hls_inst/inst/gmem2_m_axi_U/load_unit_0/fifo_rreq/U_fifo_srl/in[47]
    SLICE_X26Y29         SRL16E                                       r  bd_0_i/hls_inst/inst/gmem2_m_axi_U/load_unit_0/fifo_rreq/U_fifo_srl/mem_reg[5][47]_srl6/D
  -------------------------------------------------------------------    -------------------

                         (clock ap_clk rise edge)     0.000     0.000 r  
                                                      0.000     0.000 r  ap_clk (IN)
                         net (fo=20385, unset)        0.432     0.432    bd_0_i/hls_inst/inst/gmem2_m_axi_U/load_unit_0/fifo_rreq/U_fifo_srl/ap_clk
    SLICE_X26Y29         SRL16E                                       r  bd_0_i/hls_inst/inst/gmem2_m_axi_U/load_unit_0/fifo_rreq/U_fifo_srl/mem_reg[5][47]_srl6/CLK
                         clock pessimism              0.000     0.432    
    SLICE_X26Y29         SRL16E (Hold_srl16e_CLK_D)
                                                      0.183     0.615    bd_0_i/hls_inst/inst/gmem2_m_axi_U/load_unit_0/fifo_rreq/U_fifo_srl/mem_reg[5][47]_srl6
  -------------------------------------------------------------------
                         required time                         -0.615    
                         arrival time                           0.670    
  -------------------------------------------------------------------
                         slack                                  0.055    

Slack (MET) :             0.055ns  (arrival time - required time)
  Source:                 bd_0_i/hls_inst/inst/computeTiles_U0/gmem2_addr_reg_1114_reg[55]/C
                            (rising edge-triggered cell FDRE clocked by ap_clk  {rise@0.000ns fall@7.500ns period=15.000ns})
  Destination:            bd_0_i/hls_inst/inst/gmem2_m_axi_U/load_unit_0/fifo_rreq/U_fifo_srl/mem_reg[5][55]_srl6/D
                            (rising edge-triggered cell SRL16E clocked by ap_clk  {rise@0.000ns fall@7.500ns period=15.000ns})
  Path Group:             ap_clk
  Path Type:              Hold (Min at Fast Process Corner)
  Requirement:            0.000ns  (ap_clk rise@0.000ns - ap_clk rise@0.000ns)
  Data Path Delay:        0.260ns  (logic 0.141ns (54.227%)  route 0.119ns (45.772%))
  Logic Levels:           0  
  Clock Path Skew:        0.022ns (DCD - SCD - CPR)
    Destination Clock Delay (DCD):    0.432ns
    Source Clock Delay      (SCD):    0.410ns
    Clock Pessimism Removal (CPR):    -0.000ns

    Location             Delay type                Incr(ns)  Path(ns)    Netlist Resource(s)
  -------------------------------------------------------------------    -------------------
                         (clock ap_clk rise edge)     0.000     0.000 r  
                                                      0.000     0.000 r  ap_clk (IN)
                         net (fo=20385, unset)        0.410     0.410    bd_0_i/hls_inst/inst/computeTiles_U0/ap_clk
    SLICE_X28Y32         FDRE                                         r  bd_0_i/hls_inst/inst/computeTiles_U0/gmem2_addr_reg_1114_reg[55]/C
  -------------------------------------------------------------------    -------------------
    SLICE_X28Y32         FDRE (Prop_fdre_C_Q)         0.141     0.551 r  bd_0_i/hls_inst/inst/computeTiles_U0/gmem2_addr_reg_1114_reg[55]/Q
                         net (fo=1, routed)           0.119     0.670    bd_0_i/hls_inst/inst/gmem2_m_axi_U/load_unit_0/fifo_rreq/U_fifo_srl/in[55]
    SLICE_X26Y31         SRL16E                                       r  bd_0_i/hls_inst/inst/gmem2_m_axi_U/load_unit_0/fifo_rreq/U_fifo_srl/mem_reg[5][55]_srl6/D
  -------------------------------------------------------------------    -------------------

                         (clock ap_clk rise edge)     0.000     0.000 r  
                                                      0.000     0.000 r  ap_clk (IN)
                         net (fo=20385, unset)        0.432     0.432    bd_0_i/hls_inst/inst/gmem2_m_axi_U/load_unit_0/fifo_rreq/U_fifo_srl/ap_clk
    SLICE_X26Y31         SRL16E                                       r  bd_0_i/hls_inst/inst/gmem2_m_axi_U/load_unit_0/fifo_rreq/U_fifo_srl/mem_reg[5][55]_srl6/CLK
                         clock pessimism              0.000     0.432    
    SLICE_X26Y31         SRL16E (Hold_srl16e_CLK_D)
                                                      0.183     0.615    bd_0_i/hls_inst/inst/gmem2_m_axi_U/load_unit_0/fifo_rreq/U_fifo_srl/mem_reg[5][55]_srl6
  -------------------------------------------------------------------
                         required time                         -0.615    
                         arrival time                           0.670    
  -------------------------------------------------------------------
                         slack                                  0.055    

Slack (MET) :             0.060ns  (arrival time - required time)
  Source:                 bd_0_i/hls_inst/inst/writeTiles_U0/grp_writeTiles_Pipeline_i_BLOCK_loop_j_BLOCK_loop_j_output_loop_fu_78/trunc_ln130_1_reg_550_reg[15]/C
                            (rising edge-triggered cell FDRE clocked by ap_clk  {rise@0.000ns fall@7.500ns period=15.000ns})
  Destination:            bd_0_i/hls_inst/inst/gmem3_m_axi_U/store_unit_0/fifo_wreq/U_fifo_srl/mem_reg[2][15]_srl3/D
                            (rising edge-triggered cell SRL16E clocked by ap_clk  {rise@0.000ns fall@7.500ns period=15.000ns})
  Path Group:             ap_clk
  Path Type:              Hold (Min at Fast Process Corner)
  Requirement:            0.000ns  (ap_clk rise@0.000ns - ap_clk rise@0.000ns)
  Data Path Delay:        0.265ns  (logic 0.164ns (61.886%)  route 0.101ns (38.114%))
  Logic Levels:           0  
  Clock Path Skew:        0.022ns (DCD - SCD - CPR)
    Destination Clock Delay (DCD):    0.432ns
    Source Clock Delay      (SCD):    0.410ns
    Clock Pessimism Removal (CPR):    -0.000ns

    Location             Delay type                Incr(ns)  Path(ns)    Netlist Resource(s)
  -------------------------------------------------------------------    -------------------
                         (clock ap_clk rise edge)     0.000     0.000 r  
                                                      0.000     0.000 r  ap_clk (IN)
                         net (fo=20385, unset)        0.410     0.410    bd_0_i/hls_inst/inst/writeTiles_U0/grp_writeTiles_Pipeline_i_BLOCK_loop_j_BLOCK_loop_j_output_loop_fu_78/ap_clk
    SLICE_X36Y22         FDRE                                         r  bd_0_i/hls_inst/inst/writeTiles_U0/grp_writeTiles_Pipeline_i_BLOCK_loop_j_BLOCK_loop_j_output_loop_fu_78/trunc_ln130_1_reg_550_reg[15]/C
  -------------------------------------------------------------------    -------------------
    SLICE_X36Y22         FDRE (Prop_fdre_C_Q)         0.164     0.574 r  bd_0_i/hls_inst/inst/writeTiles_U0/grp_writeTiles_Pipeline_i_BLOCK_loop_j_BLOCK_loop_j_output_loop_fu_78/trunc_ln130_1_reg_550_reg[15]/Q
                         net (fo=1, routed)           0.101     0.675    bd_0_i/hls_inst/inst/gmem3_m_axi_U/store_unit_0/fifo_wreq/U_fifo_srl/dout_reg[57]_0[15]
    SLICE_X38Y21         SRL16E                                       r  bd_0_i/hls_inst/inst/gmem3_m_axi_U/store_unit_0/fifo_wreq/U_fifo_srl/mem_reg[2][15]_srl3/D
  -------------------------------------------------------------------    -------------------

                         (clock ap_clk rise edge)     0.000     0.000 r  
                                                      0.000     0.000 r  ap_clk (IN)
                         net (fo=20385, unset)        0.432     0.432    bd_0_i/hls_inst/inst/gmem3_m_axi_U/store_unit_0/fifo_wreq/U_fifo_srl/ap_clk
    SLICE_X38Y21         SRL16E                                       r  bd_0_i/hls_inst/inst/gmem3_m_axi_U/store_unit_0/fifo_wreq/U_fifo_srl/mem_reg[2][15]_srl3/CLK
                         clock pessimism              0.000     0.432    
    SLICE_X38Y21         SRL16E (Hold_srl16e_CLK_D)
                                                      0.183     0.615    bd_0_i/hls_inst/inst/gmem3_m_axi_U/store_unit_0/fifo_wreq/U_fifo_srl/mem_reg[2][15]_srl3
  -------------------------------------------------------------------
                         required time                         -0.615    
                         arrival time                           0.675    
  -------------------------------------------------------------------
                         slack                                  0.060    

Slack (MET) :             0.060ns  (arrival time - required time)
  Source:                 bd_0_i/hls_inst/inst/writeTiles_U0/grp_writeTiles_Pipeline_i_BLOCK_loop_j_BLOCK_loop_j_output_loop_fu_78/trunc_ln130_1_reg_550_reg[31]/C
                            (rising edge-triggered cell FDRE clocked by ap_clk  {rise@0.000ns fall@7.500ns period=15.000ns})
  Destination:            bd_0_i/hls_inst/inst/gmem3_m_axi_U/store_unit_0/fifo_wreq/U_fifo_srl/mem_reg[2][31]_srl3/D
                            (rising edge-triggered cell SRL16E clocked by ap_clk  {rise@0.000ns fall@7.500ns period=15.000ns})
  Path Group:             ap_clk
  Path Type:              Hold (Min at Fast Process Corner)
  Requirement:            0.000ns  (ap_clk rise@0.000ns - ap_clk rise@0.000ns)
  Data Path Delay:        0.265ns  (logic 0.164ns (61.886%)  route 0.101ns (38.114%))
  Logic Levels:           0  
  Clock Path Skew:        0.022ns (DCD - SCD - CPR)
    Destination Clock Delay (DCD):    0.432ns
    Source Clock Delay      (SCD):    0.410ns
    Clock Pessimism Removal (CPR):    -0.000ns

    Location             Delay type                Incr(ns)  Path(ns)    Netlist Resource(s)
  -------------------------------------------------------------------    -------------------
                         (clock ap_clk rise edge)     0.000     0.000 r  
                                                      0.000     0.000 r  ap_clk (IN)
                         net (fo=20385, unset)        0.410     0.410    bd_0_i/hls_inst/inst/writeTiles_U0/grp_writeTiles_Pipeline_i_BLOCK_loop_j_BLOCK_loop_j_output_loop_fu_78/ap_clk
    SLICE_X36Y26         FDRE                                         r  bd_0_i/hls_inst/inst/writeTiles_U0/grp_writeTiles_Pipeline_i_BLOCK_loop_j_BLOCK_loop_j_output_loop_fu_78/trunc_ln130_1_reg_550_reg[31]/C
  -------------------------------------------------------------------    -------------------
    SLICE_X36Y26         FDRE (Prop_fdre_C_Q)         0.164     0.574 r  bd_0_i/hls_inst/inst/writeTiles_U0/grp_writeTiles_Pipeline_i_BLOCK_loop_j_BLOCK_loop_j_output_loop_fu_78/trunc_ln130_1_reg_550_reg[31]/Q
                         net (fo=1, routed)           0.101     0.675    bd_0_i/hls_inst/inst/gmem3_m_axi_U/store_unit_0/fifo_wreq/U_fifo_srl/dout_reg[57]_0[31]
    SLICE_X38Y25         SRL16E                                       r  bd_0_i/hls_inst/inst/gmem3_m_axi_U/store_unit_0/fifo_wreq/U_fifo_srl/mem_reg[2][31]_srl3/D
  -------------------------------------------------------------------    -------------------

                         (clock ap_clk rise edge)     0.000     0.000 r  
                                                      0.000     0.000 r  ap_clk (IN)
                         net (fo=20385, unset)        0.432     0.432    bd_0_i/hls_inst/inst/gmem3_m_axi_U/store_unit_0/fifo_wreq/U_fifo_srl/ap_clk
    SLICE_X38Y25         SRL16E                                       r  bd_0_i/hls_inst/inst/gmem3_m_axi_U/store_unit_0/fifo_wreq/U_fifo_srl/mem_reg[2][31]_srl3/CLK
                         clock pessimism              0.000     0.432    
    SLICE_X38Y25         SRL16E (Hold_srl16e_CLK_D)
                                                      0.183     0.615    bd_0_i/hls_inst/inst/gmem3_m_axi_U/store_unit_0/fifo_wreq/U_fifo_srl/mem_reg[2][31]_srl3
  -------------------------------------------------------------------
                         required time                         -0.615    
                         arrival time                           0.675    
  -------------------------------------------------------------------
                         slack                                  0.060    

Slack (MET) :             0.060ns  (arrival time - required time)
  Source:                 bd_0_i/hls_inst/inst/writeTiles_U0/grp_writeTiles_Pipeline_i_BLOCK_loop_j_BLOCK_loop_j_output_loop_fu_78/trunc_ln130_1_reg_550_reg[39]/C
                            (rising edge-triggered cell FDRE clocked by ap_clk  {rise@0.000ns fall@7.500ns period=15.000ns})
  Destination:            bd_0_i/hls_inst/inst/gmem3_m_axi_U/store_unit_0/fifo_wreq/U_fifo_srl/mem_reg[2][39]_srl3/D
                            (rising edge-triggered cell SRL16E clocked by ap_clk  {rise@0.000ns fall@7.500ns period=15.000ns})
  Path Group:             ap_clk
  Path Type:              Hold (Min at Fast Process Corner)
  Requirement:            0.000ns  (ap_clk rise@0.000ns - ap_clk rise@0.000ns)
  Data Path Delay:        0.265ns  (logic 0.164ns (61.886%)  route 0.101ns (38.114%))
  Logic Levels:           0  
  Clock Path Skew:        0.022ns (DCD - SCD - CPR)
    Destination Clock Delay (DCD):    0.432ns
    Source Clock Delay      (SCD):    0.410ns
    Clock Pessimism Removal (CPR):    -0.000ns

    Location             Delay type                Incr(ns)  Path(ns)    Netlist Resource(s)
  -------------------------------------------------------------------    -------------------
                         (clock ap_clk rise edge)     0.000     0.000 r  
                                                      0.000     0.000 r  ap_clk (IN)
                         net (fo=20385, unset)        0.410     0.410    bd_0_i/hls_inst/inst/writeTiles_U0/grp_writeTiles_Pipeline_i_BLOCK_loop_j_BLOCK_loop_j_output_loop_fu_78/ap_clk
    SLICE_X36Y28         FDRE                                         r  bd_0_i/hls_inst/inst/writeTiles_U0/grp_writeTiles_Pipeline_i_BLOCK_loop_j_BLOCK_loop_j_output_loop_fu_78/trunc_ln130_1_reg_550_reg[39]/C
  -------------------------------------------------------------------    -------------------
    SLICE_X36Y28         FDRE (Prop_fdre_C_Q)         0.164     0.574 r  bd_0_i/hls_inst/inst/writeTiles_U0/grp_writeTiles_Pipeline_i_BLOCK_loop_j_BLOCK_loop_j_output_loop_fu_78/trunc_ln130_1_reg_550_reg[39]/Q
                         net (fo=1, routed)           0.101     0.675    bd_0_i/hls_inst/inst/gmem3_m_axi_U/store_unit_0/fifo_wreq/U_fifo_srl/dout_reg[57]_0[39]
    SLICE_X38Y27         SRL16E                                       r  bd_0_i/hls_inst/inst/gmem3_m_axi_U/store_unit_0/fifo_wreq/U_fifo_srl/mem_reg[2][39]_srl3/D
  -------------------------------------------------------------------    -------------------

                         (clock ap_clk rise edge)     0.000     0.000 r  
                                                      0.000     0.000 r  ap_clk (IN)
                         net (fo=20385, unset)        0.432     0.432    bd_0_i/hls_inst/inst/gmem3_m_axi_U/store_unit_0/fifo_wreq/U_fifo_srl/ap_clk
    SLICE_X38Y27         SRL16E                                       r  bd_0_i/hls_inst/inst/gmem3_m_axi_U/store_unit_0/fifo_wreq/U_fifo_srl/mem_reg[2][39]_srl3/CLK
                         clock pessimism              0.000     0.432    
    SLICE_X38Y27         SRL16E (Hold_srl16e_CLK_D)
                                                      0.183     0.615    bd_0_i/hls_inst/inst/gmem3_m_axi_U/store_unit_0/fifo_wreq/U_fifo_srl/mem_reg[2][39]_srl3
  -------------------------------------------------------------------
                         required time                         -0.615    
                         arrival time                           0.675    
  -------------------------------------------------------------------
                         slack                                  0.060    

Slack (MET) :             0.068ns  (arrival time - required time)
  Source:                 bd_0_i/hls_inst/inst/gmem3_m_axi_U/bus_write/wreq_burst_conv/burst_sequential/could_multi_bursts.burst_addr_reg[45]/C
                            (rising edge-triggered cell FDRE clocked by ap_clk  {rise@0.000ns fall@7.500ns period=15.000ns})
  Destination:            bd_0_i/hls_inst/inst/gmem3_m_axi_U/bus_write/wreq_throttle/fifo_burst_gen[0].fifo_req/U_fifo_srl/mem_reg[14][45]_srl15/D
                            (rising edge-triggered cell SRL16E clocked by ap_clk  {rise@0.000ns fall@7.500ns period=15.000ns})
  Path Group:             ap_clk
  Path Type:              Hold (Min at Fast Process Corner)
  Requirement:            0.000ns  (ap_clk rise@0.000ns - ap_clk rise@0.000ns)
  Data Path Delay:        0.273ns  (logic 0.141ns (51.669%)  route 0.132ns (48.331%))
  Logic Levels:           0  
  Clock Path Skew:        0.022ns (DCD - SCD - CPR)
    Destination Clock Delay (DCD):    0.432ns
    Source Clock Delay      (SCD):    0.410ns
    Clock Pessimism Removal (CPR):    -0.000ns

    Location             Delay type                Incr(ns)  Path(ns)    Netlist Resource(s)
  -------------------------------------------------------------------    -------------------
                         (clock ap_clk rise edge)     0.000     0.000 r  
                                                      0.000     0.000 r  ap_clk (IN)
                         net (fo=20385, unset)        0.410     0.410    bd_0_i/hls_inst/inst/gmem3_m_axi_U/bus_write/wreq_burst_conv/burst_sequential/ap_clk
    SLICE_X48Y29         FDRE                                         r  bd_0_i/hls_inst/inst/gmem3_m_axi_U/bus_write/wreq_burst_conv/burst_sequential/could_multi_bursts.burst_addr_reg[45]/C
  -------------------------------------------------------------------    -------------------
    SLICE_X48Y29         FDRE (Prop_fdre_C_Q)         0.141     0.551 r  bd_0_i/hls_inst/inst/gmem3_m_axi_U/bus_write/wreq_burst_conv/burst_sequential/could_multi_bursts.burst_addr_reg[45]/Q
                         net (fo=2, routed)           0.132     0.683    bd_0_i/hls_inst/inst/gmem3_m_axi_U/bus_write/wreq_throttle/fifo_burst_gen[0].fifo_req/U_fifo_srl/in[39]
    SLICE_X46Y29         SRL16E                                       r  bd_0_i/hls_inst/inst/gmem3_m_axi_U/bus_write/wreq_throttle/fifo_burst_gen[0].fifo_req/U_fifo_srl/mem_reg[14][45]_srl15/D
  -------------------------------------------------------------------    -------------------

                         (clock ap_clk rise edge)     0.000     0.000 r  
                                                      0.000     0.000 r  ap_clk (IN)
                         net (fo=20385, unset)        0.432     0.432    bd_0_i/hls_inst/inst/gmem3_m_axi_U/bus_write/wreq_throttle/fifo_burst_gen[0].fifo_req/U_fifo_srl/ap_clk
    SLICE_X46Y29         SRL16E                                       r  bd_0_i/hls_inst/inst/gmem3_m_axi_U/bus_write/wreq_throttle/fifo_burst_gen[0].fifo_req/U_fifo_srl/mem_reg[14][45]_srl15/CLK
                         clock pessimism              0.000     0.432    
    SLICE_X46Y29         SRL16E (Hold_srl16e_CLK_D)
                                                      0.183     0.615    bd_0_i/hls_inst/inst/gmem3_m_axi_U/bus_write/wreq_throttle/fifo_burst_gen[0].fifo_req/U_fifo_srl/mem_reg[14][45]_srl15
  -------------------------------------------------------------------
                         required time                         -0.615    
                         arrival time                           0.683    
  -------------------------------------------------------------------
                         slack                                  0.068    





Pulse Width Checks
--------------------------------------------------------------------------------------
Clock Name:         ap_clk
Waveform(ns):       { 0.000 7.500 }
Period(ns):         15.000
Sources:            { ap_clk }

Check Type        Corner  Lib Pin      Reference Pin  Required(ns)  Actual(ns)  Slack(ns)  Location      Pin
Min Period        n/a     DSP48E1/CLK  n/a            3.884         15.000      11.116     DSP48_X0Y16   bd_0_i/hls_inst/inst/computeTiles_U0/grp_computeTiles_Pipeline_k_BLOCK_loop_k_loop_i_loop_fu_243/mul_ln92_10_reg_5274_reg/CLK
Min Period        n/a     DSP48E1/CLK  n/a            3.884         15.000      11.116     DSP48_X2Y24   bd_0_i/hls_inst/inst/computeTiles_U0/grp_computeTiles_Pipeline_k_BLOCK_loop_k_loop_i_loop_fu_243/mul_ln92_11_reg_5279_reg/CLK
Min Period        n/a     DSP48E1/CLK  n/a            3.884         15.000      11.116     DSP48_X0Y19   bd_0_i/hls_inst/inst/computeTiles_U0/grp_computeTiles_Pipeline_k_BLOCK_loop_k_loop_i_loop_fu_243/mul_ln92_12_reg_5284_reg/CLK
Min Period        n/a     DSP48E1/CLK  n/a            3.884         15.000      11.116     DSP48_X1Y15   bd_0_i/hls_inst/inst/computeTiles_U0/grp_computeTiles_Pipeline_k_BLOCK_loop_k_loop_i_loop_fu_243/mul_ln92_13_reg_5289_reg/CLK
Min Period        n/a     DSP48E1/CLK  n/a            3.884         15.000      11.116     DSP48_X1Y13   bd_0_i/hls_inst/inst/computeTiles_U0/grp_computeTiles_Pipeline_k_BLOCK_loop_k_loop_i_loop_fu_243/mul_ln92_14_reg_5294_reg/CLK
Min Period        n/a     DSP48E1/CLK  n/a            3.884         15.000      11.116     DSP48_X2Y14   bd_0_i/hls_inst/inst/computeTiles_U0/grp_computeTiles_Pipeline_k_BLOCK_loop_k_loop_i_loop_fu_243/mul_ln92_15_reg_5299_reg/CLK
Min Period        n/a     DSP48E1/CLK  n/a            3.884         15.000      11.116     DSP48_X2Y21   bd_0_i/hls_inst/inst/computeTiles_U0/grp_computeTiles_Pipeline_k_BLOCK_loop_k_loop_i_loop_fu_243/mul_ln92_1_reg_5229_reg/CLK
Min Period        n/a     DSP48E1/CLK  n/a            3.884         15.000      11.116     DSP48_X3Y22   bd_0_i/hls_inst/inst/computeTiles_U0/grp_computeTiles_Pipeline_k_BLOCK_loop_k_loop_i_loop_fu_243/mul_ln92_2_reg_5234_reg/CLK
Min Period        n/a     DSP48E1/CLK  n/a            3.884         15.000      11.116     DSP48_X3Y16   bd_0_i/hls_inst/inst/computeTiles_U0/grp_computeTiles_Pipeline_k_BLOCK_loop_k_loop_i_loop_fu_243/mul_ln92_3_reg_5239_reg/CLK
Min Period        n/a     DSP48E1/CLK  n/a            3.884         15.000      11.116     DSP48_X4Y18   bd_0_i/hls_inst/inst/computeTiles_U0/grp_computeTiles_Pipeline_k_BLOCK_loop_k_loop_i_loop_fu_243/mul_ln92_4_reg_5244_reg/CLK
Low Pulse Width   Slow    SRL16E/CLK   n/a            0.980         7.500       6.520      SLICE_X82Y2   bd_0_i/hls_inst/inst/bus_read/ost_ctrl_gen[0].fifo_burst/U_fifo_srl/mem_reg[14][0]_srl15/CLK
Low Pulse Width   Fast    SRL16E/CLK   n/a            0.980         7.500       6.520      SLICE_X82Y2   bd_0_i/hls_inst/inst/bus_read/ost_ctrl_gen[0].fifo_burst/U_fifo_srl/mem_reg[14][0]_srl15/CLK
Low Pulse Width   Slow    SRL16E/CLK   n/a            0.980         7.500       6.520      SLICE_X30Y33  bd_0_i/hls_inst/inst/bus_read/ost_ctrl_gen[0].fifo_burst/U_fifo_srl/mem_reg[14][0]_srl15__0/CLK
Low Pulse Width   Fast    SRL16E/CLK   n/a            0.980         7.500       6.520      SLICE_X30Y33  bd_0_i/hls_inst/inst/bus_read/ost_ctrl_gen[0].fifo_burst/U_fifo_srl/mem_reg[14][0]_srl15__0/CLK
Low Pulse Width   Slow    SRL16E/CLK   n/a            0.980         7.500       6.520      SLICE_X66Y30  bd_0_i/hls_inst/inst/bus_read/ost_ctrl_gen[0].fifo_burst/U_fifo_srl/mem_reg[14][0]_srl15__1/CLK
Low Pulse Width   Fast    SRL16E/CLK   n/a            0.980         7.500       6.520      SLICE_X66Y30  bd_0_i/hls_inst/inst/bus_read/ost_ctrl_gen[0].fifo_burst/U_fifo_srl/mem_reg[14][0]_srl15__1/CLK
Low Pulse Width   Slow    SRL16E/CLK   n/a            0.980         7.500       6.520      SLICE_X36Y16  bd_0_i/hls_inst/inst/ABC_c_U/U_MM_fifo_w64_d4_S_ShiftReg/SRL_SIG_reg[3][10]_srl4/CLK
Low Pulse Width   Fast    SRL16E/CLK   n/a            0.980         7.500       6.520      SLICE_X36Y16  bd_0_i/hls_inst/inst/ABC_c_U/U_MM_fifo_w64_d4_S_ShiftReg/SRL_SIG_reg[3][10]_srl4/CLK
Low Pulse Width   Slow    SRL16E/CLK   n/a            0.980         7.500       6.520      SLICE_X36Y16  bd_0_i/hls_inst/inst/ABC_c_U/U_MM_fifo_w64_d4_S_ShiftReg/SRL_SIG_reg[3][11]_srl4/CLK
Low Pulse Width   Fast    SRL16E/CLK   n/a            0.980         7.500       6.520      SLICE_X36Y16  bd_0_i/hls_inst/inst/ABC_c_U/U_MM_fifo_w64_d4_S_ShiftReg/SRL_SIG_reg[3][11]_srl4/CLK
High Pulse Width  Slow    SRL16E/CLK   n/a            0.980         7.500       6.520      SLICE_X82Y2   bd_0_i/hls_inst/inst/bus_read/ost_ctrl_gen[0].fifo_burst/U_fifo_srl/mem_reg[14][0]_srl15/CLK
High Pulse Width  Fast    SRL16E/CLK   n/a            0.980         7.500       6.520      SLICE_X82Y2   bd_0_i/hls_inst/inst/bus_read/ost_ctrl_gen[0].fifo_burst/U_fifo_srl/mem_reg[14][0]_srl15/CLK
High Pulse Width  Slow    SRL16E/CLK   n/a            0.980         7.500       6.520      SLICE_X30Y33  bd_0_i/hls_inst/inst/bus_read/ost_ctrl_gen[0].fifo_burst/U_fifo_srl/mem_reg[14][0]_srl15__0/CLK
High Pulse Width  Fast    SRL16E/CLK   n/a            0.980         7.500       6.520      SLICE_X30Y33  bd_0_i/hls_inst/inst/bus_read/ost_ctrl_gen[0].fifo_burst/U_fifo_srl/mem_reg[14][0]_srl15__0/CLK
High Pulse Width  Slow    SRL16E/CLK   n/a            0.980         7.500       6.520      SLICE_X66Y30  bd_0_i/hls_inst/inst/bus_read/ost_ctrl_gen[0].fifo_burst/U_fifo_srl/mem_reg[14][0]_srl15__1/CLK
High Pulse Width  Fast    SRL16E/CLK   n/a            0.980         7.500       6.520      SLICE_X66Y30  bd_0_i/hls_inst/inst/bus_read/ost_ctrl_gen[0].fifo_burst/U_fifo_srl/mem_reg[14][0]_srl15__1/CLK
High Pulse Width  Slow    SRL16E/CLK   n/a            0.980         7.500       6.520      SLICE_X36Y16  bd_0_i/hls_inst/inst/ABC_c_U/U_MM_fifo_w64_d4_S_ShiftReg/SRL_SIG_reg[3][10]_srl4/CLK
High Pulse Width  Fast    SRL16E/CLK   n/a            0.980         7.500       6.520      SLICE_X36Y16  bd_0_i/hls_inst/inst/ABC_c_U/U_MM_fifo_w64_d4_S_ShiftReg/SRL_SIG_reg[3][10]_srl4/CLK
High Pulse Width  Slow    SRL16E/CLK   n/a            0.980         7.500       6.520      SLICE_X36Y16  bd_0_i/hls_inst/inst/ABC_c_U/U_MM_fifo_w64_d4_S_ShiftReg/SRL_SIG_reg[3][11]_srl4/CLK
High Pulse Width  Fast    SRL16E/CLK   n/a            0.980         7.500       6.520      SLICE_X36Y16  bd_0_i/hls_inst/inst/ABC_c_U/U_MM_fifo_w64_d4_S_ShiftReg/SRL_SIG_reg[3][11]_srl4/CLK



--------------------------------------------------------------------------------------
Path Group:  (none)
From Clock:  ap_clk
  To Clock:  

Max Delay           876 Endpoints
Min Delay           876 Endpoints
--------------------------------------------------------------------------------------


Max Delay Paths
--------------------------------------------------------------------------------------
Slack:                    inf
  Source:                 bd_0_i/hls_inst/inst/control_s_axi_U/int_interrupt_reg/C
                            (rising edge-triggered cell FDRE clocked by ap_clk  {rise@0.000ns fall@7.500ns period=15.000ns})
  Destination:            interrupt
                            (output port)
  Path Group:             (none)
  Path Type:              Max at Slow Process Corner
  Data Path Delay:        1.491ns  (logic 0.518ns (34.742%)  route 0.973ns (65.258%))
  Logic Levels:           0  
  Clock Uncertainty:      0.025ns  ((TSJ^2 + TIJ^2)^1/2 + DJ) / 2 + PE
    Total System Jitter     (TSJ):    0.050ns
    Total Input Jitter      (TIJ):    0.000ns
    Discrete Jitter          (DJ):    0.000ns
    Phase Error              (PE):    0.000ns

    Location             Delay type                Incr(ns)  Path(ns)    Netlist Resource(s)
  -------------------------------------------------------------------    -------------------
                         (clock ap_clk rise edge)     0.000     0.000 r  
                                                      0.000     0.000 r  ap_clk (IN)
                         net (fo=20385, unset)        0.973     0.973    bd_0_i/hls_inst/inst/control_s_axi_U/ap_clk
    SLICE_X38Y8          FDRE                                         r  bd_0_i/hls_inst/inst/control_s_axi_U/int_interrupt_reg/C
  -------------------------------------------------------------------    -------------------
    SLICE_X38Y8          FDRE (Prop_fdre_C_Q)         0.518     1.491 r  bd_0_i/hls_inst/inst/control_s_axi_U/int_interrupt_reg/Q
                         net (fo=1, unset)            0.973     2.464    interrupt
                                                                      r  interrupt (OUT)
  -------------------------------------------------------------------    -------------------

Slack:                    inf
  Source:                 bd_0_i/hls_inst/inst/gmem0_m_axi_U/bus_read/rs_rdata/s_ready_t_reg/C
                            (rising edge-triggered cell FDRE clocked by ap_clk  {rise@0.000ns fall@7.500ns period=15.000ns})
  Destination:            m_axi_gmem0_rready
                            (output port)
  Path Group:             (none)
  Path Type:              Max at Slow Process Corner
  Data Path Delay:        1.491ns  (logic 0.518ns (34.742%)  route 0.973ns (65.258%))
  Logic Levels:           0  
  Clock Uncertainty:      0.025ns  ((TSJ^2 + TIJ^2)^1/2 + DJ) / 2 + PE
    Total System Jitter     (TSJ):    0.050ns
    Total Input Jitter      (TIJ):    0.000ns
    Discrete Jitter          (DJ):    0.000ns
    Phase Error              (PE):    0.000ns

    Location             Delay type                Incr(ns)  Path(ns)    Netlist Resource(s)
  -------------------------------------------------------------------    -------------------
                         (clock ap_clk rise edge)     0.000     0.000 r  
                                                      0.000     0.000 r  ap_clk (IN)
                         net (fo=20385, unset)        0.973     0.973    bd_0_i/hls_inst/inst/gmem0_m_axi_U/bus_read/rs_rdata/ap_clk
    SLICE_X94Y12         FDRE                                         r  bd_0_i/hls_inst/inst/gmem0_m_axi_U/bus_read/rs_rdata/s_ready_t_reg/C
  -------------------------------------------------------------------    -------------------
    SLICE_X94Y12         FDRE (Prop_fdre_C_Q)         0.518     1.491 r  bd_0_i/hls_inst/inst/gmem0_m_axi_U/bus_read/rs_rdata/s_ready_t_reg/Q
                         net (fo=9, unset)            0.973     2.464    m_axi_gmem0_rready
                                                                      r  m_axi_gmem0_rready (OUT)
  -------------------------------------------------------------------    -------------------

Slack:                    inf
  Source:                 bd_0_i/hls_inst/inst/gmem1_m_axi_U/bus_read/rreq_burst_conv/burst_sequential/could_multi_bursts.burst_valid_reg/C
                            (rising edge-triggered cell FDRE clocked by ap_clk  {rise@0.000ns fall@7.500ns period=15.000ns})
  Destination:            m_axi_gmem1_arvalid
                            (output port)
  Path Group:             (none)
  Path Type:              Max at Slow Process Corner
  Data Path Delay:        1.491ns  (logic 0.518ns (34.742%)  route 0.973ns (65.258%))
  Logic Levels:           0  
  Clock Uncertainty:      0.025ns  ((TSJ^2 + TIJ^2)^1/2 + DJ) / 2 + PE
    Total System Jitter     (TSJ):    0.050ns
    Total Input Jitter      (TIJ):    0.000ns
    Discrete Jitter          (DJ):    0.000ns
    Phase Error              (PE):    0.000ns

    Location             Delay type                Incr(ns)  Path(ns)    Netlist Resource(s)
  -------------------------------------------------------------------    -------------------
                         (clock ap_clk rise edge)     0.000     0.000 r  
                                                      0.000     0.000 r  ap_clk (IN)
                         net (fo=20385, unset)        0.973     0.973    bd_0_i/hls_inst/inst/gmem1_m_axi_U/bus_read/rreq_burst_conv/burst_sequential/ap_clk
    SLICE_X32Y31         FDRE                                         r  bd_0_i/hls_inst/inst/gmem1_m_axi_U/bus_read/rreq_burst_conv/burst_sequential/could_multi_bursts.burst_valid_reg/C
  -------------------------------------------------------------------    -------------------
    SLICE_X32Y31         FDRE (Prop_fdre_C_Q)         0.518     1.491 r  bd_0_i/hls_inst/inst/gmem1_m_axi_U/bus_read/rreq_burst_conv/burst_sequential/could_multi_bursts.burst_valid_reg/Q
                         net (fo=8, unset)            0.973     2.464    m_axi_gmem1_arvalid
                                                                      r  m_axi_gmem1_arvalid (OUT)
  -------------------------------------------------------------------    -------------------

Slack:                    inf
  Source:                 bd_0_i/hls_inst/inst/gmem3_m_axi_U/bus_write/wreq_throttle/rs_req/data_p1_reg[11]/C
                            (rising edge-triggered cell FDRE clocked by ap_clk  {rise@0.000ns fall@7.500ns period=15.000ns})
  Destination:            m_axi_gmem3_awaddr[11]
                            (output port)
  Path Group:             (none)
  Path Type:              Max at Slow Process Corner
  Data Path Delay:        1.491ns  (logic 0.518ns (34.742%)  route 0.973ns (65.258%))
  Logic Levels:           0  
  Clock Uncertainty:      0.025ns  ((TSJ^2 + TIJ^2)^1/2 + DJ) / 2 + PE
    Total System Jitter     (TSJ):    0.050ns
    Total Input Jitter      (TIJ):    0.000ns
    Discrete Jitter          (DJ):    0.000ns
    Phase Error              (PE):    0.000ns

    Location             Delay type                Incr(ns)  Path(ns)    Netlist Resource(s)
  -------------------------------------------------------------------    -------------------
                         (clock ap_clk rise edge)     0.000     0.000 r  
                                                      0.000     0.000 r  ap_clk (IN)
                         net (fo=20385, unset)        0.973     0.973    bd_0_i/hls_inst/inst/gmem3_m_axi_U/bus_write/wreq_throttle/rs_req/ap_clk
    SLICE_X46Y26         FDRE                                         r  bd_0_i/hls_inst/inst/gmem3_m_axi_U/bus_write/wreq_throttle/rs_req/data_p1_reg[11]/C
  -------------------------------------------------------------------    -------------------
    SLICE_X46Y26         FDRE (Prop_fdre_C_Q)         0.518     1.491 r  bd_0_i/hls_inst/inst/gmem3_m_axi_U/bus_write/wreq_throttle/rs_req/data_p1_reg[11]/Q
                         net (fo=0)                   0.973     2.464    m_axi_gmem3_awaddr[11]
                                                                      r  m_axi_gmem3_awaddr[11] (OUT)
  -------------------------------------------------------------------    -------------------

Slack:                    inf
  Source:                 bd_0_i/hls_inst/inst/gmem3_m_axi_U/bus_write/wreq_throttle/rs_req/data_p1_reg[12]/C
                            (rising edge-triggered cell FDRE clocked by ap_clk  {rise@0.000ns fall@7.500ns period=15.000ns})
  Destination:            m_axi_gmem3_awaddr[12]
                            (output port)
  Path Group:             (none)
  Path Type:              Max at Slow Process Corner
  Data Path Delay:        1.491ns  (logic 0.518ns (34.742%)  route 0.973ns (65.258%))
  Logic Levels:           0  
  Clock Uncertainty:      0.025ns  ((TSJ^2 + TIJ^2)^1/2 + DJ) / 2 + PE
    Total System Jitter     (TSJ):    0.050ns
    Total Input Jitter      (TIJ):    0.000ns
    Discrete Jitter          (DJ):    0.000ns
    Phase Error              (PE):    0.000ns

    Location             Delay type                Incr(ns)  Path(ns)    Netlist Resource(s)
  -------------------------------------------------------------------    -------------------
                         (clock ap_clk rise edge)     0.000     0.000 r  
                                                      0.000     0.000 r  ap_clk (IN)
                         net (fo=20385, unset)        0.973     0.973    bd_0_i/hls_inst/inst/gmem3_m_axi_U/bus_write/wreq_throttle/rs_req/ap_clk
    SLICE_X50Y29         FDRE                                         r  bd_0_i/hls_inst/inst/gmem3_m_axi_U/bus_write/wreq_throttle/rs_req/data_p1_reg[12]/C
  -------------------------------------------------------------------    -------------------
    SLICE_X50Y29         FDRE (Prop_fdre_C_Q)         0.518     1.491 r  bd_0_i/hls_inst/inst/gmem3_m_axi_U/bus_write/wreq_throttle/rs_req/data_p1_reg[12]/Q
                         net (fo=0)                   0.973     2.464    m_axi_gmem3_awaddr[12]
                                                                      r  m_axi_gmem3_awaddr[12] (OUT)
  -------------------------------------------------------------------    -------------------

Slack:                    inf
  Source:                 bd_0_i/hls_inst/inst/gmem3_m_axi_U/bus_write/wreq_throttle/rs_req/data_p1_reg[16]/C
                            (rising edge-triggered cell FDRE clocked by ap_clk  {rise@0.000ns fall@7.500ns period=15.000ns})
  Destination:            m_axi_gmem3_awaddr[16]
                            (output port)
  Path Group:             (none)
  Path Type:              Max at Slow Process Corner
  Data Path Delay:        1.491ns  (logic 0.518ns (34.742%)  route 0.973ns (65.258%))
  Logic Levels:           0  
  Clock Uncertainty:      0.025ns  ((TSJ^2 + TIJ^2)^1/2 + DJ) / 2 + PE
    Total System Jitter     (TSJ):    0.050ns
    Total Input Jitter      (TIJ):    0.000ns
    Discrete Jitter          (DJ):    0.000ns
    Phase Error              (PE):    0.000ns

    Location             Delay type                Incr(ns)  Path(ns)    Netlist Resource(s)
  -------------------------------------------------------------------    -------------------
                         (clock ap_clk rise edge)     0.000     0.000 r  
                                                      0.000     0.000 r  ap_clk (IN)
                         net (fo=20385, unset)        0.973     0.973    bd_0_i/hls_inst/inst/gmem3_m_axi_U/bus_write/wreq_throttle/rs_req/ap_clk
    SLICE_X46Y26         FDRE                                         r  bd_0_i/hls_inst/inst/gmem3_m_axi_U/bus_write/wreq_throttle/rs_req/data_p1_reg[16]/C
  -------------------------------------------------------------------    -------------------
    SLICE_X46Y26         FDRE (Prop_fdre_C_Q)         0.518     1.491 r  bd_0_i/hls_inst/inst/gmem3_m_axi_U/bus_write/wreq_throttle/rs_req/data_p1_reg[16]/Q
                         net (fo=0)                   0.973     2.464    m_axi_gmem3_awaddr[16]
                                                                      r  m_axi_gmem3_awaddr[16] (OUT)
  -------------------------------------------------------------------    -------------------

Slack:                    inf
  Source:                 bd_0_i/hls_inst/inst/gmem3_m_axi_U/bus_write/wreq_throttle/rs_req/data_p1_reg[19]/C
                            (rising edge-triggered cell FDRE clocked by ap_clk  {rise@0.000ns fall@7.500ns period=15.000ns})
  Destination:            m_axi_gmem3_awaddr[19]
                            (output port)
  Path Group:             (none)
  Path Type:              Max at Slow Process Corner
  Data Path Delay:        1.491ns  (logic 0.518ns (34.742%)  route 0.973ns (65.258%))
  Logic Levels:           0  
  Clock Uncertainty:      0.025ns  ((TSJ^2 + TIJ^2)^1/2 + DJ) / 2 + PE
    Total System Jitter     (TSJ):    0.050ns
    Total Input Jitter      (TIJ):    0.000ns
    Discrete Jitter          (DJ):    0.000ns
    Phase Error              (PE):    0.000ns

    Location             Delay type                Incr(ns)  Path(ns)    Netlist Resource(s)
  -------------------------------------------------------------------    -------------------
                         (clock ap_clk rise edge)     0.000     0.000 r  
                                                      0.000     0.000 r  ap_clk (IN)
                         net (fo=20385, unset)        0.973     0.973    bd_0_i/hls_inst/inst/gmem3_m_axi_U/bus_write/wreq_throttle/rs_req/ap_clk
    SLICE_X46Y26         FDRE                                         r  bd_0_i/hls_inst/inst/gmem3_m_axi_U/bus_write/wreq_throttle/rs_req/data_p1_reg[19]/C
  -------------------------------------------------------------------    -------------------
    SLICE_X46Y26         FDRE (Prop_fdre_C_Q)         0.518     1.491 r  bd_0_i/hls_inst/inst/gmem3_m_axi_U/bus_write/wreq_throttle/rs_req/data_p1_reg[19]/Q
                         net (fo=0)                   0.973     2.464    m_axi_gmem3_awaddr[19]
                                                                      r  m_axi_gmem3_awaddr[19] (OUT)
  -------------------------------------------------------------------    -------------------

Slack:                    inf
  Source:                 bd_0_i/hls_inst/inst/gmem3_m_axi_U/bus_write/wreq_throttle/rs_req/data_p1_reg[21]/C
                            (rising edge-triggered cell FDRE clocked by ap_clk  {rise@0.000ns fall@7.500ns period=15.000ns})
  Destination:            m_axi_gmem3_awaddr[21]
                            (output port)
  Path Group:             (none)
  Path Type:              Max at Slow Process Corner
  Data Path Delay:        1.491ns  (logic 0.518ns (34.742%)  route 0.973ns (65.258%))
  Logic Levels:           0  
  Clock Uncertainty:      0.025ns  ((TSJ^2 + TIJ^2)^1/2 + DJ) / 2 + PE
    Total System Jitter     (TSJ):    0.050ns
    Total Input Jitter      (TIJ):    0.000ns
    Discrete Jitter          (DJ):    0.000ns
    Phase Error              (PE):    0.000ns

    Location             Delay type                Incr(ns)  Path(ns)    Netlist Resource(s)
  -------------------------------------------------------------------    -------------------
                         (clock ap_clk rise edge)     0.000     0.000 r  
                                                      0.000     0.000 r  ap_clk (IN)
                         net (fo=20385, unset)        0.973     0.973    bd_0_i/hls_inst/inst/gmem3_m_axi_U/bus_write/wreq_throttle/rs_req/ap_clk
    SLICE_X46Y26         FDRE                                         r  bd_0_i/hls_inst/inst/gmem3_m_axi_U/bus_write/wreq_throttle/rs_req/data_p1_reg[21]/C
  -------------------------------------------------------------------    -------------------
    SLICE_X46Y26         FDRE (Prop_fdre_C_Q)         0.518     1.491 r  bd_0_i/hls_inst/inst/gmem3_m_axi_U/bus_write/wreq_throttle/rs_req/data_p1_reg[21]/Q
                         net (fo=0)                   0.973     2.464    m_axi_gmem3_awaddr[21]
                                                                      r  m_axi_gmem3_awaddr[21] (OUT)
  -------------------------------------------------------------------    -------------------

Slack:                    inf
  Source:                 bd_0_i/hls_inst/inst/gmem3_m_axi_U/bus_write/wreq_throttle/rs_req/data_p1_reg[30]/C
                            (rising edge-triggered cell FDRE clocked by ap_clk  {rise@0.000ns fall@7.500ns period=15.000ns})
  Destination:            m_axi_gmem3_awaddr[30]
                            (output port)
  Path Group:             (none)
  Path Type:              Max at Slow Process Corner
  Data Path Delay:        1.491ns  (logic 0.518ns (34.742%)  route 0.973ns (65.258%))
  Logic Levels:           0  
  Clock Uncertainty:      0.025ns  ((TSJ^2 + TIJ^2)^1/2 + DJ) / 2 + PE
    Total System Jitter     (TSJ):    0.050ns
    Total Input Jitter      (TIJ):    0.000ns
    Discrete Jitter          (DJ):    0.000ns
    Phase Error              (PE):    0.000ns

    Location             Delay type                Incr(ns)  Path(ns)    Netlist Resource(s)
  -------------------------------------------------------------------    -------------------
                         (clock ap_clk rise edge)     0.000     0.000 r  
                                                      0.000     0.000 r  ap_clk (IN)
                         net (fo=20385, unset)        0.973     0.973    bd_0_i/hls_inst/inst/gmem3_m_axi_U/bus_write/wreq_throttle/rs_req/ap_clk
    SLICE_X50Y29         FDRE                                         r  bd_0_i/hls_inst/inst/gmem3_m_axi_U/bus_write/wreq_throttle/rs_req/data_p1_reg[30]/C
  -------------------------------------------------------------------    -------------------
    SLICE_X50Y29         FDRE (Prop_fdre_C_Q)         0.518     1.491 r  bd_0_i/hls_inst/inst/gmem3_m_axi_U/bus_write/wreq_throttle/rs_req/data_p1_reg[30]/Q
                         net (fo=0)                   0.973     2.464    m_axi_gmem3_awaddr[30]
                                                                      r  m_axi_gmem3_awaddr[30] (OUT)
  -------------------------------------------------------------------    -------------------

Slack:                    inf
  Source:                 bd_0_i/hls_inst/inst/gmem3_m_axi_U/bus_write/wreq_throttle/rs_req/data_p1_reg[31]/C
                            (rising edge-triggered cell FDRE clocked by ap_clk  {rise@0.000ns fall@7.500ns period=15.000ns})
  Destination:            m_axi_gmem3_awaddr[31]
                            (output port)
  Path Group:             (none)
  Path Type:              Max at Slow Process Corner
  Data Path Delay:        1.491ns  (logic 0.518ns (34.742%)  route 0.973ns (65.258%))
  Logic Levels:           0  
  Clock Uncertainty:      0.025ns  ((TSJ^2 + TIJ^2)^1/2 + DJ) / 2 + PE
    Total System Jitter     (TSJ):    0.050ns
    Total Input Jitter      (TIJ):    0.000ns
    Discrete Jitter          (DJ):    0.000ns
    Phase Error              (PE):    0.000ns

    Location             Delay type                Incr(ns)  Path(ns)    Netlist Resource(s)
  -------------------------------------------------------------------    -------------------
                         (clock ap_clk rise edge)     0.000     0.000 r  
                                                      0.000     0.000 r  ap_clk (IN)
                         net (fo=20385, unset)        0.973     0.973    bd_0_i/hls_inst/inst/gmem3_m_axi_U/bus_write/wreq_throttle/rs_req/ap_clk
    SLICE_X50Y28         FDRE                                         r  bd_0_i/hls_inst/inst/gmem3_m_axi_U/bus_write/wreq_throttle/rs_req/data_p1_reg[31]/C
  -------------------------------------------------------------------    -------------------
    SLICE_X50Y28         FDRE (Prop_fdre_C_Q)         0.518     1.491 r  bd_0_i/hls_inst/inst/gmem3_m_axi_U/bus_write/wreq_throttle/rs_req/data_p1_reg[31]/Q
                         net (fo=0)                   0.973     2.464    m_axi_gmem3_awaddr[31]
                                                                      r  m_axi_gmem3_awaddr[31] (OUT)
  -------------------------------------------------------------------    -------------------





Min Delay Paths
--------------------------------------------------------------------------------------
Slack:                    inf
  Source:                 bd_0_i/hls_inst/inst/gmem0_m_axi_U/bus_read/rreq_burst_conv/burst_sequential/could_multi_bursts.burst_len_reg[1]/C
                            (rising edge-triggered cell FDRE clocked by ap_clk  {rise@0.000ns fall@7.500ns period=15.000ns})
  Destination:            m_axi_gmem0_arlen[1]
                            (output port)
  Path Group:             (none)
  Path Type:              Min at Fast Process Corner
  Data Path Delay:        0.538ns  (logic 0.128ns (23.786%)  route 0.410ns (76.214%))
  Logic Levels:           0  
  Clock Uncertainty:      0.025ns  ((TSJ^2 + TIJ^2)^1/2 + DJ) / 2 + PE
    Total System Jitter     (TSJ):    0.050ns
    Total Input Jitter      (TIJ):    0.000ns
    Discrete Jitter          (DJ):    0.000ns
    Phase Error              (PE):    0.000ns

    Location             Delay type                Incr(ns)  Path(ns)    Netlist Resource(s)
  -------------------------------------------------------------------    -------------------
                         (clock ap_clk rise edge)     0.000     0.000 r  
                                                      0.000     0.000 r  ap_clk (IN)
                         net (fo=20385, unset)        0.410     0.410    bd_0_i/hls_inst/inst/gmem0_m_axi_U/bus_read/rreq_burst_conv/burst_sequential/ap_clk
    SLICE_X63Y0          FDRE                                         r  bd_0_i/hls_inst/inst/gmem0_m_axi_U/bus_read/rreq_burst_conv/burst_sequential/could_multi_bursts.burst_len_reg[1]/C
  -------------------------------------------------------------------    -------------------
    SLICE_X63Y0          FDRE (Prop_fdre_C_Q)         0.128     0.538 r  bd_0_i/hls_inst/inst/gmem0_m_axi_U/bus_read/rreq_burst_conv/burst_sequential/could_multi_bursts.burst_len_reg[1]/Q
                         net (fo=0)                   0.410     0.948    m_axi_gmem0_arlen[1]
                                                                      r  m_axi_gmem0_arlen[1] (OUT)
  -------------------------------------------------------------------    -------------------

Slack:                    inf
  Source:                 bd_0_i/hls_inst/inst/gmem0_m_axi_U/bus_read/rreq_burst_conv/burst_sequential/could_multi_bursts.burst_len_reg[3]/C
                            (rising edge-triggered cell FDRE clocked by ap_clk  {rise@0.000ns fall@7.500ns period=15.000ns})
  Destination:            m_axi_gmem0_arlen[3]
                            (output port)
  Path Group:             (none)
  Path Type:              Min at Fast Process Corner
  Data Path Delay:        0.538ns  (logic 0.128ns (23.786%)  route 0.410ns (76.214%))
  Logic Levels:           0  
  Clock Uncertainty:      0.025ns  ((TSJ^2 + TIJ^2)^1/2 + DJ) / 2 + PE
    Total System Jitter     (TSJ):    0.050ns
    Total Input Jitter      (TIJ):    0.000ns
    Discrete Jitter          (DJ):    0.000ns
    Phase Error              (PE):    0.000ns

    Location             Delay type                Incr(ns)  Path(ns)    Netlist Resource(s)
  -------------------------------------------------------------------    -------------------
                         (clock ap_clk rise edge)     0.000     0.000 r  
                                                      0.000     0.000 r  ap_clk (IN)
                         net (fo=20385, unset)        0.410     0.410    bd_0_i/hls_inst/inst/gmem0_m_axi_U/bus_read/rreq_burst_conv/burst_sequential/ap_clk
    SLICE_X63Y0          FDRE                                         r  bd_0_i/hls_inst/inst/gmem0_m_axi_U/bus_read/rreq_burst_conv/burst_sequential/could_multi_bursts.burst_len_reg[3]/C
  -------------------------------------------------------------------    -------------------
    SLICE_X63Y0          FDRE (Prop_fdre_C_Q)         0.128     0.538 r  bd_0_i/hls_inst/inst/gmem0_m_axi_U/bus_read/rreq_burst_conv/burst_sequential/could_multi_bursts.burst_len_reg[3]/Q
                         net (fo=0)                   0.410     0.948    m_axi_gmem0_arlen[3]
                                                                      r  m_axi_gmem0_arlen[3] (OUT)
  -------------------------------------------------------------------    -------------------

Slack:                    inf
  Source:                 bd_0_i/hls_inst/inst/gmem1_m_axi_U/bus_read/rreq_burst_conv/burst_sequential/could_multi_bursts.burst_len_reg[1]/C
                            (rising edge-triggered cell FDRE clocked by ap_clk  {rise@0.000ns fall@7.500ns period=15.000ns})
  Destination:            m_axi_gmem1_arlen[1]
                            (output port)
  Path Group:             (none)
  Path Type:              Min at Fast Process Corner
  Data Path Delay:        0.538ns  (logic 0.128ns (23.786%)  route 0.410ns (76.214%))
  Logic Levels:           0  
  Clock Uncertainty:      0.025ns  ((TSJ^2 + TIJ^2)^1/2 + DJ) / 2 + PE
    Total System Jitter     (TSJ):    0.050ns
    Total Input Jitter      (TIJ):    0.000ns
    Discrete Jitter          (DJ):    0.000ns
    Phase Error              (PE):    0.000ns

    Location             Delay type                Incr(ns)  Path(ns)    Netlist Resource(s)
  -------------------------------------------------------------------    -------------------
                         (clock ap_clk rise edge)     0.000     0.000 r  
                                                      0.000     0.000 r  ap_clk (IN)
                         net (fo=20385, unset)        0.410     0.410    bd_0_i/hls_inst/inst/gmem1_m_axi_U/bus_read/rreq_burst_conv/burst_sequential/ap_clk
    SLICE_X64Y8          FDRE                                         r  bd_0_i/hls_inst/inst/gmem1_m_axi_U/bus_read/rreq_burst_conv/burst_sequential/could_multi_bursts.burst_len_reg[1]/C
  -------------------------------------------------------------------    -------------------
    SLICE_X64Y8          FDRE (Prop_fdre_C_Q)         0.128     0.538 r  bd_0_i/hls_inst/inst/gmem1_m_axi_U/bus_read/rreq_burst_conv/burst_sequential/could_multi_bursts.burst_len_reg[1]/Q
                         net (fo=0)                   0.410     0.948    m_axi_gmem1_arlen[1]
                                                                      r  m_axi_gmem1_arlen[1] (OUT)
  -------------------------------------------------------------------    -------------------

Slack:                    inf
  Source:                 bd_0_i/hls_inst/inst/gmem1_m_axi_U/bus_read/rreq_burst_conv/burst_sequential/could_multi_bursts.burst_len_reg[3]/C
                            (rising edge-triggered cell FDRE clocked by ap_clk  {rise@0.000ns fall@7.500ns period=15.000ns})
  Destination:            m_axi_gmem1_arlen[3]
                            (output port)
  Path Group:             (none)
  Path Type:              Min at Fast Process Corner
  Data Path Delay:        0.538ns  (logic 0.128ns (23.786%)  route 0.410ns (76.214%))
  Logic Levels:           0  
  Clock Uncertainty:      0.025ns  ((TSJ^2 + TIJ^2)^1/2 + DJ) / 2 + PE
    Total System Jitter     (TSJ):    0.050ns
    Total Input Jitter      (TIJ):    0.000ns
    Discrete Jitter          (DJ):    0.000ns
    Phase Error              (PE):    0.000ns

    Location             Delay type                Incr(ns)  Path(ns)    Netlist Resource(s)
  -------------------------------------------------------------------    -------------------
                         (clock ap_clk rise edge)     0.000     0.000 r  
                                                      0.000     0.000 r  ap_clk (IN)
                         net (fo=20385, unset)        0.410     0.410    bd_0_i/hls_inst/inst/gmem1_m_axi_U/bus_read/rreq_burst_conv/burst_sequential/ap_clk
    SLICE_X64Y8          FDRE                                         r  bd_0_i/hls_inst/inst/gmem1_m_axi_U/bus_read/rreq_burst_conv/burst_sequential/could_multi_bursts.burst_len_reg[3]/C
  -------------------------------------------------------------------    -------------------
    SLICE_X64Y8          FDRE (Prop_fdre_C_Q)         0.128     0.538 r  bd_0_i/hls_inst/inst/gmem1_m_axi_U/bus_read/rreq_burst_conv/burst_sequential/could_multi_bursts.burst_len_reg[3]/Q
                         net (fo=0)                   0.410     0.948    m_axi_gmem1_arlen[3]
                                                                      r  m_axi_gmem1_arlen[3] (OUT)
  -------------------------------------------------------------------    -------------------

Slack:                    inf
  Source:                 bd_0_i/hls_inst/inst/gmem2_m_axi_U/bus_read/rreq_burst_conv/burst_sequential/could_multi_bursts.burst_len_reg[1]/C
                            (rising edge-triggered cell FDRE clocked by ap_clk  {rise@0.000ns fall@7.500ns period=15.000ns})
  Destination:            m_axi_gmem2_arlen[1]
                            (output port)
  Path Group:             (none)
  Path Type:              Min at Fast Process Corner
  Data Path Delay:        0.538ns  (logic 0.128ns (23.786%)  route 0.410ns (76.214%))
  Logic Levels:           0  
  Clock Uncertainty:      0.025ns  ((TSJ^2 + TIJ^2)^1/2 + DJ) / 2 + PE
    Total System Jitter     (TSJ):    0.050ns
    Total Input Jitter      (TIJ):    0.000ns
    Discrete Jitter          (DJ):    0.000ns
    Phase Error              (PE):    0.000ns

    Location             Delay type                Incr(ns)  Path(ns)    Netlist Resource(s)
  -------------------------------------------------------------------    -------------------
                         (clock ap_clk rise edge)     0.000     0.000 r  
                                                      0.000     0.000 r  ap_clk (IN)
                         net (fo=20385, unset)        0.410     0.410    bd_0_i/hls_inst/inst/gmem2_m_axi_U/bus_read/rreq_burst_conv/burst_sequential/ap_clk
    SLICE_X44Y22         FDRE                                         r  bd_0_i/hls_inst/inst/gmem2_m_axi_U/bus_read/rreq_burst_conv/burst_sequential/could_multi_bursts.burst_len_reg[1]/C
  -------------------------------------------------------------------    -------------------
    SLICE_X44Y22         FDRE (Prop_fdre_C_Q)         0.128     0.538 r  bd_0_i/hls_inst/inst/gmem2_m_axi_U/bus_read/rreq_burst_conv/burst_sequential/could_multi_bursts.burst_len_reg[1]/Q
                         net (fo=0)                   0.410     0.948    m_axi_gmem2_arlen[1]
                                                                      r  m_axi_gmem2_arlen[1] (OUT)
  -------------------------------------------------------------------    -------------------

Slack:                    inf
  Source:                 bd_0_i/hls_inst/inst/gmem2_m_axi_U/bus_read/rreq_burst_conv/burst_sequential/could_multi_bursts.burst_len_reg[3]/C
                            (rising edge-triggered cell FDRE clocked by ap_clk  {rise@0.000ns fall@7.500ns period=15.000ns})
  Destination:            m_axi_gmem2_arlen[3]
                            (output port)
  Path Group:             (none)
  Path Type:              Min at Fast Process Corner
  Data Path Delay:        0.538ns  (logic 0.128ns (23.786%)  route 0.410ns (76.214%))
  Logic Levels:           0  
  Clock Uncertainty:      0.025ns  ((TSJ^2 + TIJ^2)^1/2 + DJ) / 2 + PE
    Total System Jitter     (TSJ):    0.050ns
    Total Input Jitter      (TIJ):    0.000ns
    Discrete Jitter          (DJ):    0.000ns
    Phase Error              (PE):    0.000ns

    Location             Delay type                Incr(ns)  Path(ns)    Netlist Resource(s)
  -------------------------------------------------------------------    -------------------
                         (clock ap_clk rise edge)     0.000     0.000 r  
                                                      0.000     0.000 r  ap_clk (IN)
                         net (fo=20385, unset)        0.410     0.410    bd_0_i/hls_inst/inst/gmem2_m_axi_U/bus_read/rreq_burst_conv/burst_sequential/ap_clk
    SLICE_X44Y22         FDRE                                         r  bd_0_i/hls_inst/inst/gmem2_m_axi_U/bus_read/rreq_burst_conv/burst_sequential/could_multi_bursts.burst_len_reg[3]/C
  -------------------------------------------------------------------    -------------------
    SLICE_X44Y22         FDRE (Prop_fdre_C_Q)         0.128     0.538 r  bd_0_i/hls_inst/inst/gmem2_m_axi_U/bus_read/rreq_burst_conv/burst_sequential/could_multi_bursts.burst_len_reg[3]/Q
                         net (fo=0)                   0.410     0.948    m_axi_gmem2_arlen[3]
                                                                      r  m_axi_gmem2_arlen[3] (OUT)
  -------------------------------------------------------------------    -------------------

Slack:                    inf
  Source:                 bd_0_i/hls_inst/inst/gmem3_m_axi_U/bus_write/rs_resp/s_ready_t_reg/C
                            (rising edge-triggered cell FDRE clocked by ap_clk  {rise@0.000ns fall@7.500ns period=15.000ns})
  Destination:            m_axi_gmem3_bready
                            (output port)
  Path Group:             (none)
  Path Type:              Min at Fast Process Corner
  Data Path Delay:        0.538ns  (logic 0.128ns (23.786%)  route 0.410ns (76.214%))
  Logic Levels:           0  
  Clock Uncertainty:      0.025ns  ((TSJ^2 + TIJ^2)^1/2 + DJ) / 2 + PE
    Total System Jitter     (TSJ):    0.050ns
    Total Input Jitter      (TIJ):    0.000ns
    Discrete Jitter          (DJ):    0.000ns
    Phase Error              (PE):    0.000ns

    Location             Delay type                Incr(ns)  Path(ns)    Netlist Resource(s)
  -------------------------------------------------------------------    -------------------
                         (clock ap_clk rise edge)     0.000     0.000 r  
                                                      0.000     0.000 r  ap_clk (IN)
                         net (fo=20385, unset)        0.410     0.410    bd_0_i/hls_inst/inst/gmem3_m_axi_U/bus_write/rs_resp/ap_clk
    SLICE_X64Y28         FDRE                                         r  bd_0_i/hls_inst/inst/gmem3_m_axi_U/bus_write/rs_resp/s_ready_t_reg/C
  -------------------------------------------------------------------    -------------------
    SLICE_X64Y28         FDRE (Prop_fdre_C_Q)         0.128     0.538 r  bd_0_i/hls_inst/inst/gmem3_m_axi_U/bus_write/rs_resp/s_ready_t_reg/Q
                         net (fo=3, unset)            0.410     0.948    m_axi_gmem3_bready
                                                                      r  m_axi_gmem3_bready (OUT)
  -------------------------------------------------------------------    -------------------

Slack:                    inf
  Source:                 bd_0_i/hls_inst/inst/gmem3_m_axi_U/bus_write/wreq_throttle/local_BUS_WDATA_reg[132]/C
                            (rising edge-triggered cell FDRE clocked by ap_clk  {rise@0.000ns fall@7.500ns period=15.000ns})
  Destination:            m_axi_gmem3_wdata[132]
                            (output port)
  Path Group:             (none)
  Path Type:              Min at Fast Process Corner
  Data Path Delay:        0.538ns  (logic 0.128ns (23.786%)  route 0.410ns (76.214%))
  Logic Levels:           0  
  Clock Uncertainty:      0.025ns  ((TSJ^2 + TIJ^2)^1/2 + DJ) / 2 + PE
    Total System Jitter     (TSJ):    0.050ns
    Total Input Jitter      (TIJ):    0.000ns
    Discrete Jitter          (DJ):    0.000ns
    Phase Error              (PE):    0.000ns

    Location             Delay type                Incr(ns)  Path(ns)    Netlist Resource(s)
  -------------------------------------------------------------------    -------------------
                         (clock ap_clk rise edge)     0.000     0.000 r  
                                                      0.000     0.000 r  ap_clk (IN)
                         net (fo=20385, unset)        0.410     0.410    bd_0_i/hls_inst/inst/gmem3_m_axi_U/bus_write/wreq_throttle/ap_clk
    SLICE_X59Y50         FDRE                                         r  bd_0_i/hls_inst/inst/gmem3_m_axi_U/bus_write/wreq_throttle/local_BUS_WDATA_reg[132]/C
  -------------------------------------------------------------------    -------------------
    SLICE_X59Y50         FDRE (Prop_fdre_C_Q)         0.128     0.538 r  bd_0_i/hls_inst/inst/gmem3_m_axi_U/bus_write/wreq_throttle/local_BUS_WDATA_reg[132]/Q
                         net (fo=0)                   0.410     0.948    m_axi_gmem3_wdata[132]
                                                                      r  m_axi_gmem3_wdata[132] (OUT)
  -------------------------------------------------------------------    -------------------

Slack:                    inf
  Source:                 bd_0_i/hls_inst/inst/gmem3_m_axi_U/bus_write/wreq_throttle/local_BUS_WDATA_reg[141]/C
                            (rising edge-triggered cell FDRE clocked by ap_clk  {rise@0.000ns fall@7.500ns period=15.000ns})
  Destination:            m_axi_gmem3_wdata[141]
                            (output port)
  Path Group:             (none)
  Path Type:              Min at Fast Process Corner
  Data Path Delay:        0.538ns  (logic 0.128ns (23.786%)  route 0.410ns (76.214%))
  Logic Levels:           0  
  Clock Uncertainty:      0.025ns  ((TSJ^2 + TIJ^2)^1/2 + DJ) / 2 + PE
    Total System Jitter     (TSJ):    0.050ns
    Total Input Jitter      (TIJ):    0.000ns
    Discrete Jitter          (DJ):    0.000ns
    Phase Error              (PE):    0.000ns

    Location             Delay type                Incr(ns)  Path(ns)    Netlist Resource(s)
  -------------------------------------------------------------------    -------------------
                         (clock ap_clk rise edge)     0.000     0.000 r  
                                                      0.000     0.000 r  ap_clk (IN)
                         net (fo=20385, unset)        0.410     0.410    bd_0_i/hls_inst/inst/gmem3_m_axi_U/bus_write/wreq_throttle/ap_clk
    SLICE_X67Y49         FDRE                                         r  bd_0_i/hls_inst/inst/gmem3_m_axi_U/bus_write/wreq_throttle/local_BUS_WDATA_reg[141]/C
  -------------------------------------------------------------------    -------------------
    SLICE_X67Y49         FDRE (Prop_fdre_C_Q)         0.128     0.538 r  bd_0_i/hls_inst/inst/gmem3_m_axi_U/bus_write/wreq_throttle/local_BUS_WDATA_reg[141]/Q
                         net (fo=0)                   0.410     0.948    m_axi_gmem3_wdata[141]
                                                                      r  m_axi_gmem3_wdata[141] (OUT)
  -------------------------------------------------------------------    -------------------

Slack:                    inf
  Source:                 bd_0_i/hls_inst/inst/gmem3_m_axi_U/bus_write/wreq_throttle/local_BUS_WDATA_reg[143]/C
                            (rising edge-triggered cell FDRE clocked by ap_clk  {rise@0.000ns fall@7.500ns period=15.000ns})
  Destination:            m_axi_gmem3_wdata[143]
                            (output port)
  Path Group:             (none)
  Path Type:              Min at Fast Process Corner
  Data Path Delay:        0.538ns  (logic 0.128ns (23.786%)  route 0.410ns (76.214%))
  Logic Levels:           0  
  Clock Uncertainty:      0.025ns  ((TSJ^2 + TIJ^2)^1/2 + DJ) / 2 + PE
    Total System Jitter     (TSJ):    0.050ns
    Total Input Jitter      (TIJ):    0.000ns
    Discrete Jitter          (DJ):    0.000ns
    Phase Error              (PE):    0.000ns

    Location             Delay type                Incr(ns)  Path(ns)    Netlist Resource(s)
  -------------------------------------------------------------------    -------------------
                         (clock ap_clk rise edge)     0.000     0.000 r  
                                                      0.000     0.000 r  ap_clk (IN)
                         net (fo=20385, unset)        0.410     0.410    bd_0_i/hls_inst/inst/gmem3_m_axi_U/bus_write/wreq_throttle/ap_clk
    SLICE_X59Y50         FDRE                                         r  bd_0_i/hls_inst/inst/gmem3_m_axi_U/bus_write/wreq_throttle/local_BUS_WDATA_reg[143]/C
  -------------------------------------------------------------------    -------------------
    SLICE_X59Y50         FDRE (Prop_fdre_C_Q)         0.128     0.538 r  bd_0_i/hls_inst/inst/gmem3_m_axi_U/bus_write/wreq_throttle/local_BUS_WDATA_reg[143]/Q
                         net (fo=0)                   0.410     0.948    m_axi_gmem3_wdata[143]
                                                                      r  m_axi_gmem3_wdata[143] (OUT)
  -------------------------------------------------------------------    -------------------





--------------------------------------------------------------------------------------
Path Group:  (none)
From Clock:  
  To Clock:  ap_clk

Max Delay         12171 Endpoints
Min Delay         12171 Endpoints
--------------------------------------------------------------------------------------


Max Delay Paths
--------------------------------------------------------------------------------------
Slack:                    inf
  Source:                 ap_rst_n
                            (input port)
  Destination:            bd_0_i/hls_inst/inst/gmem0_m_axi_U/bus_read/rs_rdata/FSM_sequential_state_reg[0]_rep__0/R
                            (rising edge-triggered cell FDRE clocked by ap_clk  {rise@0.000ns fall@7.500ns period=15.000ns})
  Path Group:             (none)
  Path Type:              Setup (Max at Slow Process Corner)
  Data Path Delay:        13.993ns  (logic 0.124ns (0.886%)  route 13.869ns (99.114%))
  Logic Levels:           1  (LUT1=1)
  Clock Path Skew:        0.924ns (DCD - SCD + CPR)
    Destination Clock Delay (DCD):    0.924ns
    Source Clock Delay      (SCD):    0.000ns
    Clock Pessimism Removal (CPR):    0.000ns
  Clock Uncertainty:      0.025ns  ((TSJ^2 + TIJ^2)^1/2 + DJ) / 2 + PE
    Total System Jitter     (TSJ):    0.050ns
    Total Input Jitter      (TIJ):    0.000ns
    Discrete Jitter          (DJ):    0.000ns
    Phase Error              (PE):    0.000ns

    Location             Delay type                Incr(ns)  Path(ns)    Netlist Resource(s)
  -------------------------------------------------------------------    -------------------
                                                      0.000     0.000 f  ap_rst_n (IN)
                         net (fo=110, unset)          0.973     0.973    bd_0_i/hls_inst/inst/gmem3_m_axi_U/store_unit_0/buff_wdata/U_fifo_srl/ap_rst_n
    SLICE_X27Y64         LUT1 (Prop_lut1_I0_O)        0.124     1.097 r  bd_0_i/hls_inst/inst/gmem3_m_axi_U/store_unit_0/buff_wdata/U_fifo_srl/FSM_onehot_wstate[1]_i_1/O
                         net (fo=3352, routed)       12.896    13.993    bd_0_i/hls_inst/inst/gmem0_m_axi_U/bus_read/rs_rdata/ap_rst_n_inv
    SLICE_X94Y11         FDRE                                         r  bd_0_i/hls_inst/inst/gmem0_m_axi_U/bus_read/rs_rdata/FSM_sequential_state_reg[0]_rep__0/R
  -------------------------------------------------------------------    -------------------

                         (clock ap_clk rise edge)     0.000     0.000 r  
                                                      0.000     0.000 r  ap_clk (IN)
                         net (fo=20385, unset)        0.924     0.924    bd_0_i/hls_inst/inst/gmem0_m_axi_U/bus_read/rs_rdata/ap_clk
    SLICE_X94Y11         FDRE                                         r  bd_0_i/hls_inst/inst/gmem0_m_axi_U/bus_read/rs_rdata/FSM_sequential_state_reg[0]_rep__0/C

Slack:                    inf
  Source:                 ap_rst_n
                            (input port)
  Destination:            bd_0_i/hls_inst/inst/gmem0_m_axi_U/bus_read/rs_rdata/FSM_sequential_state_reg[0]_rep__3/R
                            (rising edge-triggered cell FDRE clocked by ap_clk  {rise@0.000ns fall@7.500ns period=15.000ns})
  Path Group:             (none)
  Path Type:              Setup (Max at Slow Process Corner)
  Data Path Delay:        13.993ns  (logic 0.124ns (0.886%)  route 13.869ns (99.114%))
  Logic Levels:           1  (LUT1=1)
  Clock Path Skew:        0.924ns (DCD - SCD + CPR)
    Destination Clock Delay (DCD):    0.924ns
    Source Clock Delay      (SCD):    0.000ns
    Clock Pessimism Removal (CPR):    0.000ns
  Clock Uncertainty:      0.025ns  ((TSJ^2 + TIJ^2)^1/2 + DJ) / 2 + PE
    Total System Jitter     (TSJ):    0.050ns
    Total Input Jitter      (TIJ):    0.000ns
    Discrete Jitter          (DJ):    0.000ns
    Phase Error              (PE):    0.000ns

    Location             Delay type                Incr(ns)  Path(ns)    Netlist Resource(s)
  -------------------------------------------------------------------    -------------------
                                                      0.000     0.000 f  ap_rst_n (IN)
                         net (fo=110, unset)          0.973     0.973    bd_0_i/hls_inst/inst/gmem3_m_axi_U/store_unit_0/buff_wdata/U_fifo_srl/ap_rst_n
    SLICE_X27Y64         LUT1 (Prop_lut1_I0_O)        0.124     1.097 r  bd_0_i/hls_inst/inst/gmem3_m_axi_U/store_unit_0/buff_wdata/U_fifo_srl/FSM_onehot_wstate[1]_i_1/O
                         net (fo=3352, routed)       12.896    13.993    bd_0_i/hls_inst/inst/gmem0_m_axi_U/bus_read/rs_rdata/ap_rst_n_inv
    SLICE_X94Y11         FDRE                                         r  bd_0_i/hls_inst/inst/gmem0_m_axi_U/bus_read/rs_rdata/FSM_sequential_state_reg[0]_rep__3/R
  -------------------------------------------------------------------    -------------------

                         (clock ap_clk rise edge)     0.000     0.000 r  
                                                      0.000     0.000 r  ap_clk (IN)
                         net (fo=20385, unset)        0.924     0.924    bd_0_i/hls_inst/inst/gmem0_m_axi_U/bus_read/rs_rdata/ap_clk
    SLICE_X94Y11         FDRE                                         r  bd_0_i/hls_inst/inst/gmem0_m_axi_U/bus_read/rs_rdata/FSM_sequential_state_reg[0]_rep__3/C

Slack:                    inf
  Source:                 ap_rst_n
                            (input port)
  Destination:            bd_0_i/hls_inst/inst/gmem0_m_axi_U/bus_read/rs_rdata/FSM_sequential_state_reg[1]/R
                            (rising edge-triggered cell FDRE clocked by ap_clk  {rise@0.000ns fall@7.500ns period=15.000ns})
  Path Group:             (none)
  Path Type:              Setup (Max at Slow Process Corner)
  Data Path Delay:        13.993ns  (logic 0.124ns (0.886%)  route 13.869ns (99.114%))
  Logic Levels:           1  (LUT1=1)
  Clock Path Skew:        0.924ns (DCD - SCD + CPR)
    Destination Clock Delay (DCD):    0.924ns
    Source Clock Delay      (SCD):    0.000ns
    Clock Pessimism Removal (CPR):    0.000ns
  Clock Uncertainty:      0.025ns  ((TSJ^2 + TIJ^2)^1/2 + DJ) / 2 + PE
    Total System Jitter     (TSJ):    0.050ns
    Total Input Jitter      (TIJ):    0.000ns
    Discrete Jitter          (DJ):    0.000ns
    Phase Error              (PE):    0.000ns

    Location             Delay type                Incr(ns)  Path(ns)    Netlist Resource(s)
  -------------------------------------------------------------------    -------------------
                                                      0.000     0.000 f  ap_rst_n (IN)
                         net (fo=110, unset)          0.973     0.973    bd_0_i/hls_inst/inst/gmem3_m_axi_U/store_unit_0/buff_wdata/U_fifo_srl/ap_rst_n
    SLICE_X27Y64         LUT1 (Prop_lut1_I0_O)        0.124     1.097 r  bd_0_i/hls_inst/inst/gmem3_m_axi_U/store_unit_0/buff_wdata/U_fifo_srl/FSM_onehot_wstate[1]_i_1/O
                         net (fo=3352, routed)       12.896    13.993    bd_0_i/hls_inst/inst/gmem0_m_axi_U/bus_read/rs_rdata/ap_rst_n_inv
    SLICE_X94Y11         FDRE                                         r  bd_0_i/hls_inst/inst/gmem0_m_axi_U/bus_read/rs_rdata/FSM_sequential_state_reg[1]/R
  -------------------------------------------------------------------    -------------------

                         (clock ap_clk rise edge)     0.000     0.000 r  
                                                      0.000     0.000 r  ap_clk (IN)
                         net (fo=20385, unset)        0.924     0.924    bd_0_i/hls_inst/inst/gmem0_m_axi_U/bus_read/rs_rdata/ap_clk
    SLICE_X94Y11         FDRE                                         r  bd_0_i/hls_inst/inst/gmem0_m_axi_U/bus_read/rs_rdata/FSM_sequential_state_reg[1]/C

Slack:                    inf
  Source:                 ap_rst_n
                            (input port)
  Destination:            bd_0_i/hls_inst/inst/gmem0_m_axi_U/bus_read/rs_rdata/FSM_sequential_state_reg[1]_rep__0/R
                            (rising edge-triggered cell FDRE clocked by ap_clk  {rise@0.000ns fall@7.500ns period=15.000ns})
  Path Group:             (none)
  Path Type:              Setup (Max at Slow Process Corner)
  Data Path Delay:        13.993ns  (logic 0.124ns (0.886%)  route 13.869ns (99.114%))
  Logic Levels:           1  (LUT1=1)
  Clock Path Skew:        0.924ns (DCD - SCD + CPR)
    Destination Clock Delay (DCD):    0.924ns
    Source Clock Delay      (SCD):    0.000ns
    Clock Pessimism Removal (CPR):    0.000ns
  Clock Uncertainty:      0.025ns  ((TSJ^2 + TIJ^2)^1/2 + DJ) / 2 + PE
    Total System Jitter     (TSJ):    0.050ns
    Total Input Jitter      (TIJ):    0.000ns
    Discrete Jitter          (DJ):    0.000ns
    Phase Error              (PE):    0.000ns

    Location             Delay type                Incr(ns)  Path(ns)    Netlist Resource(s)
  -------------------------------------------------------------------    -------------------
                                                      0.000     0.000 f  ap_rst_n (IN)
                         net (fo=110, unset)          0.973     0.973    bd_0_i/hls_inst/inst/gmem3_m_axi_U/store_unit_0/buff_wdata/U_fifo_srl/ap_rst_n
    SLICE_X27Y64         LUT1 (Prop_lut1_I0_O)        0.124     1.097 r  bd_0_i/hls_inst/inst/gmem3_m_axi_U/store_unit_0/buff_wdata/U_fifo_srl/FSM_onehot_wstate[1]_i_1/O
                         net (fo=3352, routed)       12.896    13.993    bd_0_i/hls_inst/inst/gmem0_m_axi_U/bus_read/rs_rdata/ap_rst_n_inv
    SLICE_X94Y11         FDRE                                         r  bd_0_i/hls_inst/inst/gmem0_m_axi_U/bus_read/rs_rdata/FSM_sequential_state_reg[1]_rep__0/R
  -------------------------------------------------------------------    -------------------

                         (clock ap_clk rise edge)     0.000     0.000 r  
                                                      0.000     0.000 r  ap_clk (IN)
                         net (fo=20385, unset)        0.924     0.924    bd_0_i/hls_inst/inst/gmem0_m_axi_U/bus_read/rs_rdata/ap_clk
    SLICE_X94Y11         FDRE                                         r  bd_0_i/hls_inst/inst/gmem0_m_axi_U/bus_read/rs_rdata/FSM_sequential_state_reg[1]_rep__0/C

Slack:                    inf
  Source:                 ap_rst_n
                            (input port)
  Destination:            bd_0_i/hls_inst/inst/gmem0_m_axi_U/load_unit_0/buff_rdata/waddr_reg[1]/R
                            (rising edge-triggered cell FDRE clocked by ap_clk  {rise@0.000ns fall@7.500ns period=15.000ns})
  Path Group:             (none)
  Path Type:              Setup (Max at Slow Process Corner)
  Data Path Delay:        13.931ns  (logic 0.124ns (0.890%)  route 13.807ns (99.110%))
  Logic Levels:           1  (LUT1=1)
  Clock Path Skew:        0.924ns (DCD - SCD + CPR)
    Destination Clock Delay (DCD):    0.924ns
    Source Clock Delay      (SCD):    0.000ns
    Clock Pessimism Removal (CPR):    0.000ns
  Clock Uncertainty:      0.025ns  ((TSJ^2 + TIJ^2)^1/2 + DJ) / 2 + PE
    Total System Jitter     (TSJ):    0.050ns
    Total Input Jitter      (TIJ):    0.000ns
    Discrete Jitter          (DJ):    0.000ns
    Phase Error              (PE):    0.000ns

    Location             Delay type                Incr(ns)  Path(ns)    Netlist Resource(s)
  -------------------------------------------------------------------    -------------------
                                                      0.000     0.000 f  ap_rst_n (IN)
                         net (fo=110, unset)          0.973     0.973    bd_0_i/hls_inst/inst/gmem3_m_axi_U/store_unit_0/buff_wdata/U_fifo_srl/ap_rst_n
    SLICE_X27Y64         LUT1 (Prop_lut1_I0_O)        0.124     1.097 r  bd_0_i/hls_inst/inst/gmem3_m_axi_U/store_unit_0/buff_wdata/U_fifo_srl/FSM_onehot_wstate[1]_i_1/O
                         net (fo=3352, routed)       12.834    13.931    bd_0_i/hls_inst/inst/gmem0_m_axi_U/load_unit_0/buff_rdata/ap_rst_n_inv
    SLICE_X96Y6          FDRE                                         r  bd_0_i/hls_inst/inst/gmem0_m_axi_U/load_unit_0/buff_rdata/waddr_reg[1]/R
  -------------------------------------------------------------------    -------------------

                         (clock ap_clk rise edge)     0.000     0.000 r  
                                                      0.000     0.000 r  ap_clk (IN)
                         net (fo=20385, unset)        0.924     0.924    bd_0_i/hls_inst/inst/gmem0_m_axi_U/load_unit_0/buff_rdata/ap_clk
    SLICE_X96Y6          FDRE                                         r  bd_0_i/hls_inst/inst/gmem0_m_axi_U/load_unit_0/buff_rdata/waddr_reg[1]/C

Slack:                    inf
  Source:                 ap_rst_n
                            (input port)
  Destination:            bd_0_i/hls_inst/inst/gmem0_m_axi_U/load_unit_0/buff_rdata/waddr_reg[4]/R
                            (rising edge-triggered cell FDRE clocked by ap_clk  {rise@0.000ns fall@7.500ns period=15.000ns})
  Path Group:             (none)
  Path Type:              Setup (Max at Slow Process Corner)
  Data Path Delay:        13.931ns  (logic 0.124ns (0.890%)  route 13.807ns (99.110%))
  Logic Levels:           1  (LUT1=1)
  Clock Path Skew:        0.924ns (DCD - SCD + CPR)
    Destination Clock Delay (DCD):    0.924ns
    Source Clock Delay      (SCD):    0.000ns
    Clock Pessimism Removal (CPR):    0.000ns
  Clock Uncertainty:      0.025ns  ((TSJ^2 + TIJ^2)^1/2 + DJ) / 2 + PE
    Total System Jitter     (TSJ):    0.050ns
    Total Input Jitter      (TIJ):    0.000ns
    Discrete Jitter          (DJ):    0.000ns
    Phase Error              (PE):    0.000ns

    Location             Delay type                Incr(ns)  Path(ns)    Netlist Resource(s)
  -------------------------------------------------------------------    -------------------
                                                      0.000     0.000 f  ap_rst_n (IN)
                         net (fo=110, unset)          0.973     0.973    bd_0_i/hls_inst/inst/gmem3_m_axi_U/store_unit_0/buff_wdata/U_fifo_srl/ap_rst_n
    SLICE_X27Y64         LUT1 (Prop_lut1_I0_O)        0.124     1.097 r  bd_0_i/hls_inst/inst/gmem3_m_axi_U/store_unit_0/buff_wdata/U_fifo_srl/FSM_onehot_wstate[1]_i_1/O
                         net (fo=3352, routed)       12.834    13.931    bd_0_i/hls_inst/inst/gmem0_m_axi_U/load_unit_0/buff_rdata/ap_rst_n_inv
    SLICE_X96Y6          FDRE                                         r  bd_0_i/hls_inst/inst/gmem0_m_axi_U/load_unit_0/buff_rdata/waddr_reg[4]/R
  -------------------------------------------------------------------    -------------------

                         (clock ap_clk rise edge)     0.000     0.000 r  
                                                      0.000     0.000 r  ap_clk (IN)
                         net (fo=20385, unset)        0.924     0.924    bd_0_i/hls_inst/inst/gmem0_m_axi_U/load_unit_0/buff_rdata/ap_clk
    SLICE_X96Y6          FDRE                                         r  bd_0_i/hls_inst/inst/gmem0_m_axi_U/load_unit_0/buff_rdata/waddr_reg[4]/C

Slack:                    inf
  Source:                 ap_rst_n
                            (input port)
  Destination:            bd_0_i/hls_inst/inst/gmem0_m_axi_U/load_unit_0/buff_rdata/waddr_reg[5]/R
                            (rising edge-triggered cell FDRE clocked by ap_clk  {rise@0.000ns fall@7.500ns period=15.000ns})
  Path Group:             (none)
  Path Type:              Setup (Max at Slow Process Corner)
  Data Path Delay:        13.931ns  (logic 0.124ns (0.890%)  route 13.807ns (99.110%))
  Logic Levels:           1  (LUT1=1)
  Clock Path Skew:        0.924ns (DCD - SCD + CPR)
    Destination Clock Delay (DCD):    0.924ns
    Source Clock Delay      (SCD):    0.000ns
    Clock Pessimism Removal (CPR):    0.000ns
  Clock Uncertainty:      0.025ns  ((TSJ^2 + TIJ^2)^1/2 + DJ) / 2 + PE
    Total System Jitter     (TSJ):    0.050ns
    Total Input Jitter      (TIJ):    0.000ns
    Discrete Jitter          (DJ):    0.000ns
    Phase Error              (PE):    0.000ns

    Location             Delay type                Incr(ns)  Path(ns)    Netlist Resource(s)
  -------------------------------------------------------------------    -------------------
                                                      0.000     0.000 f  ap_rst_n (IN)
                         net (fo=110, unset)          0.973     0.973    bd_0_i/hls_inst/inst/gmem3_m_axi_U/store_unit_0/buff_wdata/U_fifo_srl/ap_rst_n
    SLICE_X27Y64         LUT1 (Prop_lut1_I0_O)        0.124     1.097 r  bd_0_i/hls_inst/inst/gmem3_m_axi_U/store_unit_0/buff_wdata/U_fifo_srl/FSM_onehot_wstate[1]_i_1/O
                         net (fo=3352, routed)       12.834    13.931    bd_0_i/hls_inst/inst/gmem0_m_axi_U/load_unit_0/buff_rdata/ap_rst_n_inv
    SLICE_X96Y6          FDRE                                         r  bd_0_i/hls_inst/inst/gmem0_m_axi_U/load_unit_0/buff_rdata/waddr_reg[5]/R
  -------------------------------------------------------------------    -------------------

                         (clock ap_clk rise edge)     0.000     0.000 r  
                                                      0.000     0.000 r  ap_clk (IN)
                         net (fo=20385, unset)        0.924     0.924    bd_0_i/hls_inst/inst/gmem0_m_axi_U/load_unit_0/buff_rdata/ap_clk
    SLICE_X96Y6          FDRE                                         r  bd_0_i/hls_inst/inst/gmem0_m_axi_U/load_unit_0/buff_rdata/waddr_reg[5]/C

Slack:                    inf
  Source:                 ap_rst_n
                            (input port)
  Destination:            bd_0_i/hls_inst/inst/gmem0_m_axi_U/bus_read/rs_rdata/FSM_sequential_state_reg[0]/R
                            (rising edge-triggered cell FDRE clocked by ap_clk  {rise@0.000ns fall@7.500ns period=15.000ns})
  Path Group:             (none)
  Path Type:              Setup (Max at Slow Process Corner)
  Data Path Delay:        13.860ns  (logic 0.124ns (0.895%)  route 13.736ns (99.105%))
  Logic Levels:           1  (LUT1=1)
  Clock Path Skew:        0.924ns (DCD - SCD + CPR)
    Destination Clock Delay (DCD):    0.924ns
    Source Clock Delay      (SCD):    0.000ns
    Clock Pessimism Removal (CPR):    0.000ns
  Clock Uncertainty:      0.025ns  ((TSJ^2 + TIJ^2)^1/2 + DJ) / 2 + PE
    Total System Jitter     (TSJ):    0.050ns
    Total Input Jitter      (TIJ):    0.000ns
    Discrete Jitter          (DJ):    0.000ns
    Phase Error              (PE):    0.000ns

    Location             Delay type                Incr(ns)  Path(ns)    Netlist Resource(s)
  -------------------------------------------------------------------    -------------------
                                                      0.000     0.000 f  ap_rst_n (IN)
                         net (fo=110, unset)          0.973     0.973    bd_0_i/hls_inst/inst/gmem3_m_axi_U/store_unit_0/buff_wdata/U_fifo_srl/ap_rst_n
    SLICE_X27Y64         LUT1 (Prop_lut1_I0_O)        0.124     1.097 r  bd_0_i/hls_inst/inst/gmem3_m_axi_U/store_unit_0/buff_wdata/U_fifo_srl/FSM_onehot_wstate[1]_i_1/O
                         net (fo=3352, routed)       12.763    13.860    bd_0_i/hls_inst/inst/gmem0_m_axi_U/bus_read/rs_rdata/ap_rst_n_inv
    SLICE_X95Y12         FDRE                                         r  bd_0_i/hls_inst/inst/gmem0_m_axi_U/bus_read/rs_rdata/FSM_sequential_state_reg[0]/R
  -------------------------------------------------------------------    -------------------

                         (clock ap_clk rise edge)     0.000     0.000 r  
                                                      0.000     0.000 r  ap_clk (IN)
                         net (fo=20385, unset)        0.924     0.924    bd_0_i/hls_inst/inst/gmem0_m_axi_U/bus_read/rs_rdata/ap_clk
    SLICE_X95Y12         FDRE                                         r  bd_0_i/hls_inst/inst/gmem0_m_axi_U/bus_read/rs_rdata/FSM_sequential_state_reg[0]/C

Slack:                    inf
  Source:                 ap_rst_n
                            (input port)
  Destination:            bd_0_i/hls_inst/inst/gmem0_m_axi_U/bus_read/rs_rdata/FSM_sequential_state_reg[0]_rep/R
                            (rising edge-triggered cell FDRE clocked by ap_clk  {rise@0.000ns fall@7.500ns period=15.000ns})
  Path Group:             (none)
  Path Type:              Setup (Max at Slow Process Corner)
  Data Path Delay:        13.860ns  (logic 0.124ns (0.895%)  route 13.736ns (99.105%))
  Logic Levels:           1  (LUT1=1)
  Clock Path Skew:        0.924ns (DCD - SCD + CPR)
    Destination Clock Delay (DCD):    0.924ns
    Source Clock Delay      (SCD):    0.000ns
    Clock Pessimism Removal (CPR):    0.000ns
  Clock Uncertainty:      0.025ns  ((TSJ^2 + TIJ^2)^1/2 + DJ) / 2 + PE
    Total System Jitter     (TSJ):    0.050ns
    Total Input Jitter      (TIJ):    0.000ns
    Discrete Jitter          (DJ):    0.000ns
    Phase Error              (PE):    0.000ns

    Location             Delay type                Incr(ns)  Path(ns)    Netlist Resource(s)
  -------------------------------------------------------------------    -------------------
                                                      0.000     0.000 f  ap_rst_n (IN)
                         net (fo=110, unset)          0.973     0.973    bd_0_i/hls_inst/inst/gmem3_m_axi_U/store_unit_0/buff_wdata/U_fifo_srl/ap_rst_n
    SLICE_X27Y64         LUT1 (Prop_lut1_I0_O)        0.124     1.097 r  bd_0_i/hls_inst/inst/gmem3_m_axi_U/store_unit_0/buff_wdata/U_fifo_srl/FSM_onehot_wstate[1]_i_1/O
                         net (fo=3352, routed)       12.763    13.860    bd_0_i/hls_inst/inst/gmem0_m_axi_U/bus_read/rs_rdata/ap_rst_n_inv
    SLICE_X95Y12         FDRE                                         r  bd_0_i/hls_inst/inst/gmem0_m_axi_U/bus_read/rs_rdata/FSM_sequential_state_reg[0]_rep/R
  -------------------------------------------------------------------    -------------------

                         (clock ap_clk rise edge)     0.000     0.000 r  
                                                      0.000     0.000 r  ap_clk (IN)
                         net (fo=20385, unset)        0.924     0.924    bd_0_i/hls_inst/inst/gmem0_m_axi_U/bus_read/rs_rdata/ap_clk
    SLICE_X95Y12         FDRE                                         r  bd_0_i/hls_inst/inst/gmem0_m_axi_U/bus_read/rs_rdata/FSM_sequential_state_reg[0]_rep/C

Slack:                    inf
  Source:                 ap_rst_n
                            (input port)
  Destination:            bd_0_i/hls_inst/inst/gmem0_m_axi_U/bus_read/rs_rdata/FSM_sequential_state_reg[1]_rep__3/R
                            (rising edge-triggered cell FDRE clocked by ap_clk  {rise@0.000ns fall@7.500ns period=15.000ns})
  Path Group:             (none)
  Path Type:              Setup (Max at Slow Process Corner)
  Data Path Delay:        13.860ns  (logic 0.124ns (0.895%)  route 13.736ns (99.105%))
  Logic Levels:           1  (LUT1=1)
  Clock Path Skew:        0.924ns (DCD - SCD + CPR)
    Destination Clock Delay (DCD):    0.924ns
    Source Clock Delay      (SCD):    0.000ns
    Clock Pessimism Removal (CPR):    0.000ns
  Clock Uncertainty:      0.025ns  ((TSJ^2 + TIJ^2)^1/2 + DJ) / 2 + PE
    Total System Jitter     (TSJ):    0.050ns
    Total Input Jitter      (TIJ):    0.000ns
    Discrete Jitter          (DJ):    0.000ns
    Phase Error              (PE):    0.000ns

    Location             Delay type                Incr(ns)  Path(ns)    Netlist Resource(s)
  -------------------------------------------------------------------    -------------------
                                                      0.000     0.000 f  ap_rst_n (IN)
                         net (fo=110, unset)          0.973     0.973    bd_0_i/hls_inst/inst/gmem3_m_axi_U/store_unit_0/buff_wdata/U_fifo_srl/ap_rst_n
    SLICE_X27Y64         LUT1 (Prop_lut1_I0_O)        0.124     1.097 r  bd_0_i/hls_inst/inst/gmem3_m_axi_U/store_unit_0/buff_wdata/U_fifo_srl/FSM_onehot_wstate[1]_i_1/O
                         net (fo=3352, routed)       12.763    13.860    bd_0_i/hls_inst/inst/gmem0_m_axi_U/bus_read/rs_rdata/ap_rst_n_inv
    SLICE_X94Y12         FDRE                                         r  bd_0_i/hls_inst/inst/gmem0_m_axi_U/bus_read/rs_rdata/FSM_sequential_state_reg[1]_rep__3/R
  -------------------------------------------------------------------    -------------------

                         (clock ap_clk rise edge)     0.000     0.000 r  
                                                      0.000     0.000 r  ap_clk (IN)
                         net (fo=20385, unset)        0.924     0.924    bd_0_i/hls_inst/inst/gmem0_m_axi_U/bus_read/rs_rdata/ap_clk
    SLICE_X94Y12         FDRE                                         r  bd_0_i/hls_inst/inst/gmem0_m_axi_U/bus_read/rs_rdata/FSM_sequential_state_reg[1]_rep__3/C





Min Delay Paths
--------------------------------------------------------------------------------------
Slack:                    inf
  Source:                 bd_0_i/hls_inst/inst/readAtTiles_U0/mul_27ns_31ns_58_1_1_U13/tmp_product__0/ACOUT[0]
                            (internal pin)
  Destination:            bd_0_i/hls_inst/inst/readAtTiles_U0/bound6_reg_344_reg__0/ACIN[0]
                            (rising edge-triggered cell DSP48E1 clocked by ap_clk  {rise@0.000ns fall@7.500ns period=15.000ns})
  Path Group:             (none)
  Path Type:              Hold (Min at Slow Process Corner)
  Data Path Delay:        0.002ns  (logic 0.000ns (0.000%)  route 0.002ns (100.000%))
  Logic Levels:           0  
  Clock Uncertainty:      0.025ns  ((TSJ^2 + TIJ^2)^1/2 + DJ) / 2 + PE
    Total System Jitter     (TSJ):    0.050ns
    Total Input Jitter      (TIJ):    0.000ns
    Discrete Jitter          (DJ):    0.000ns
    Phase Error              (PE):    0.000ns

    Location             Delay type                Incr(ns)  Path(ns)    Netlist Resource(s)
  -------------------------------------------------------------------    -------------------
    DSP48_X1Y5           DSP48E1                      0.000     0.000 r  bd_0_i/hls_inst/inst/readAtTiles_U0/mul_27ns_31ns_58_1_1_U13/tmp_product__0/ACOUT[0]
                         net (fo=1, routed)           0.002     0.002    bd_0_i/hls_inst/inst/readAtTiles_U0/mul_27ns_31ns_58_1_1_U13_n_112
    DSP48_X1Y6           DSP48E1                                      r  bd_0_i/hls_inst/inst/readAtTiles_U0/bound6_reg_344_reg__0/ACIN[0]
  -------------------------------------------------------------------    -------------------

                         (clock ap_clk rise edge)     0.000     0.000 r  
                                                      0.000     0.000 r  ap_clk (IN)
                         net (fo=20385, unset)        0.973     0.973    bd_0_i/hls_inst/inst/readAtTiles_U0/ap_clk
    DSP48_X1Y6           DSP48E1                                      r  bd_0_i/hls_inst/inst/readAtTiles_U0/bound6_reg_344_reg__0/CLK

Slack:                    inf
  Source:                 bd_0_i/hls_inst/inst/readAtTiles_U0/mul_27ns_31ns_58_1_1_U13/tmp_product__0/ACOUT[10]
                            (internal pin)
  Destination:            bd_0_i/hls_inst/inst/readAtTiles_U0/bound6_reg_344_reg__0/ACIN[10]
                            (rising edge-triggered cell DSP48E1 clocked by ap_clk  {rise@0.000ns fall@7.500ns period=15.000ns})
  Path Group:             (none)
  Path Type:              Hold (Min at Slow Process Corner)
  Data Path Delay:        0.002ns  (logic 0.000ns (0.000%)  route 0.002ns (100.000%))
  Logic Levels:           0  
  Clock Uncertainty:      0.025ns  ((TSJ^2 + TIJ^2)^1/2 + DJ) / 2 + PE
    Total System Jitter     (TSJ):    0.050ns
    Total Input Jitter      (TIJ):    0.000ns
    Discrete Jitter          (DJ):    0.000ns
    Phase Error              (PE):    0.000ns

    Location             Delay type                Incr(ns)  Path(ns)    Netlist Resource(s)
  -------------------------------------------------------------------    -------------------
    DSP48_X1Y5           DSP48E1                      0.000     0.000 r  bd_0_i/hls_inst/inst/readAtTiles_U0/mul_27ns_31ns_58_1_1_U13/tmp_product__0/ACOUT[10]
                         net (fo=1, routed)           0.002     0.002    bd_0_i/hls_inst/inst/readAtTiles_U0/mul_27ns_31ns_58_1_1_U13_n_102
    DSP48_X1Y6           DSP48E1                                      r  bd_0_i/hls_inst/inst/readAtTiles_U0/bound6_reg_344_reg__0/ACIN[10]
  -------------------------------------------------------------------    -------------------

                         (clock ap_clk rise edge)     0.000     0.000 r  
                                                      0.000     0.000 r  ap_clk (IN)
                         net (fo=20385, unset)        0.973     0.973    bd_0_i/hls_inst/inst/readAtTiles_U0/ap_clk
    DSP48_X1Y6           DSP48E1                                      r  bd_0_i/hls_inst/inst/readAtTiles_U0/bound6_reg_344_reg__0/CLK

Slack:                    inf
  Source:                 bd_0_i/hls_inst/inst/readAtTiles_U0/mul_27ns_31ns_58_1_1_U13/tmp_product__0/ACOUT[11]
                            (internal pin)
  Destination:            bd_0_i/hls_inst/inst/readAtTiles_U0/bound6_reg_344_reg__0/ACIN[11]
                            (rising edge-triggered cell DSP48E1 clocked by ap_clk  {rise@0.000ns fall@7.500ns period=15.000ns})
  Path Group:             (none)
  Path Type:              Hold (Min at Slow Process Corner)
  Data Path Delay:        0.002ns  (logic 0.000ns (0.000%)  route 0.002ns (100.000%))
  Logic Levels:           0  
  Clock Uncertainty:      0.025ns  ((TSJ^2 + TIJ^2)^1/2 + DJ) / 2 + PE
    Total System Jitter     (TSJ):    0.050ns
    Total Input Jitter      (TIJ):    0.000ns
    Discrete Jitter          (DJ):    0.000ns
    Phase Error              (PE):    0.000ns

    Location             Delay type                Incr(ns)  Path(ns)    Netlist Resource(s)
  -------------------------------------------------------------------    -------------------
    DSP48_X1Y5           DSP48E1                      0.000     0.000 r  bd_0_i/hls_inst/inst/readAtTiles_U0/mul_27ns_31ns_58_1_1_U13/tmp_product__0/ACOUT[11]
                         net (fo=1, routed)           0.002     0.002    bd_0_i/hls_inst/inst/readAtTiles_U0/mul_27ns_31ns_58_1_1_U13_n_101
    DSP48_X1Y6           DSP48E1                                      r  bd_0_i/hls_inst/inst/readAtTiles_U0/bound6_reg_344_reg__0/ACIN[11]
  -------------------------------------------------------------------    -------------------

                         (clock ap_clk rise edge)     0.000     0.000 r  
                                                      0.000     0.000 r  ap_clk (IN)
                         net (fo=20385, unset)        0.973     0.973    bd_0_i/hls_inst/inst/readAtTiles_U0/ap_clk
    DSP48_X1Y6           DSP48E1                                      r  bd_0_i/hls_inst/inst/readAtTiles_U0/bound6_reg_344_reg__0/CLK

Slack:                    inf
  Source:                 bd_0_i/hls_inst/inst/readAtTiles_U0/mul_27ns_31ns_58_1_1_U13/tmp_product__0/ACOUT[12]
                            (internal pin)
  Destination:            bd_0_i/hls_inst/inst/readAtTiles_U0/bound6_reg_344_reg__0/ACIN[12]
                            (rising edge-triggered cell DSP48E1 clocked by ap_clk  {rise@0.000ns fall@7.500ns period=15.000ns})
  Path Group:             (none)
  Path Type:              Hold (Min at Slow Process Corner)
  Data Path Delay:        0.002ns  (logic 0.000ns (0.000%)  route 0.002ns (100.000%))
  Logic Levels:           0  
  Clock Uncertainty:      0.025ns  ((TSJ^2 + TIJ^2)^1/2 + DJ) / 2 + PE
    Total System Jitter     (TSJ):    0.050ns
    Total Input Jitter      (TIJ):    0.000ns
    Discrete Jitter          (DJ):    0.000ns
    Phase Error              (PE):    0.000ns

    Location             Delay type                Incr(ns)  Path(ns)    Netlist Resource(s)
  -------------------------------------------------------------------    -------------------
    DSP48_X1Y5           DSP48E1                      0.000     0.000 r  bd_0_i/hls_inst/inst/readAtTiles_U0/mul_27ns_31ns_58_1_1_U13/tmp_product__0/ACOUT[12]
                         net (fo=1, routed)           0.002     0.002    bd_0_i/hls_inst/inst/readAtTiles_U0/mul_27ns_31ns_58_1_1_U13_n_100
    DSP48_X1Y6           DSP48E1                                      r  bd_0_i/hls_inst/inst/readAtTiles_U0/bound6_reg_344_reg__0/ACIN[12]
  -------------------------------------------------------------------    -------------------

                         (clock ap_clk rise edge)     0.000     0.000 r  
                                                      0.000     0.000 r  ap_clk (IN)
                         net (fo=20385, unset)        0.973     0.973    bd_0_i/hls_inst/inst/readAtTiles_U0/ap_clk
    DSP48_X1Y6           DSP48E1                                      r  bd_0_i/hls_inst/inst/readAtTiles_U0/bound6_reg_344_reg__0/CLK

Slack:                    inf
  Source:                 bd_0_i/hls_inst/inst/readAtTiles_U0/mul_27ns_31ns_58_1_1_U13/tmp_product__0/ACOUT[13]
                            (internal pin)
  Destination:            bd_0_i/hls_inst/inst/readAtTiles_U0/bound6_reg_344_reg__0/ACIN[13]
                            (rising edge-triggered cell DSP48E1 clocked by ap_clk  {rise@0.000ns fall@7.500ns period=15.000ns})
  Path Group:             (none)
  Path Type:              Hold (Min at Slow Process Corner)
  Data Path Delay:        0.002ns  (logic 0.000ns (0.000%)  route 0.002ns (100.000%))
  Logic Levels:           0  
  Clock Uncertainty:      0.025ns  ((TSJ^2 + TIJ^2)^1/2 + DJ) / 2 + PE
    Total System Jitter     (TSJ):    0.050ns
    Total Input Jitter      (TIJ):    0.000ns
    Discrete Jitter          (DJ):    0.000ns
    Phase Error              (PE):    0.000ns

    Location             Delay type                Incr(ns)  Path(ns)    Netlist Resource(s)
  -------------------------------------------------------------------    -------------------
    DSP48_X1Y5           DSP48E1                      0.000     0.000 r  bd_0_i/hls_inst/inst/readAtTiles_U0/mul_27ns_31ns_58_1_1_U13/tmp_product__0/ACOUT[13]
                         net (fo=1, routed)           0.002     0.002    bd_0_i/hls_inst/inst/readAtTiles_U0/mul_27ns_31ns_58_1_1_U13_n_99
    DSP48_X1Y6           DSP48E1                                      r  bd_0_i/hls_inst/inst/readAtTiles_U0/bound6_reg_344_reg__0/ACIN[13]
  -------------------------------------------------------------------    -------------------

                         (clock ap_clk rise edge)     0.000     0.000 r  
                                                      0.000     0.000 r  ap_clk (IN)
                         net (fo=20385, unset)        0.973     0.973    bd_0_i/hls_inst/inst/readAtTiles_U0/ap_clk
    DSP48_X1Y6           DSP48E1                                      r  bd_0_i/hls_inst/inst/readAtTiles_U0/bound6_reg_344_reg__0/CLK

Slack:                    inf
  Source:                 bd_0_i/hls_inst/inst/readAtTiles_U0/mul_27ns_31ns_58_1_1_U13/tmp_product__0/ACOUT[14]
                            (internal pin)
  Destination:            bd_0_i/hls_inst/inst/readAtTiles_U0/bound6_reg_344_reg__0/ACIN[14]
                            (rising edge-triggered cell DSP48E1 clocked by ap_clk  {rise@0.000ns fall@7.500ns period=15.000ns})
  Path Group:             (none)
  Path Type:              Hold (Min at Slow Process Corner)
  Data Path Delay:        0.002ns  (logic 0.000ns (0.000%)  route 0.002ns (100.000%))
  Logic Levels:           0  
  Clock Uncertainty:      0.025ns  ((TSJ^2 + TIJ^2)^1/2 + DJ) / 2 + PE
    Total System Jitter     (TSJ):    0.050ns
    Total Input Jitter      (TIJ):    0.000ns
    Discrete Jitter          (DJ):    0.000ns
    Phase Error              (PE):    0.000ns

    Location             Delay type                Incr(ns)  Path(ns)    Netlist Resource(s)
  -------------------------------------------------------------------    -------------------
    DSP48_X1Y5           DSP48E1                      0.000     0.000 r  bd_0_i/hls_inst/inst/readAtTiles_U0/mul_27ns_31ns_58_1_1_U13/tmp_product__0/ACOUT[14]
                         net (fo=1, routed)           0.002     0.002    bd_0_i/hls_inst/inst/readAtTiles_U0/mul_27ns_31ns_58_1_1_U13_n_98
    DSP48_X1Y6           DSP48E1                                      r  bd_0_i/hls_inst/inst/readAtTiles_U0/bound6_reg_344_reg__0/ACIN[14]
  -------------------------------------------------------------------    -------------------

                         (clock ap_clk rise edge)     0.000     0.000 r  
                                                      0.000     0.000 r  ap_clk (IN)
                         net (fo=20385, unset)        0.973     0.973    bd_0_i/hls_inst/inst/readAtTiles_U0/ap_clk
    DSP48_X1Y6           DSP48E1                                      r  bd_0_i/hls_inst/inst/readAtTiles_U0/bound6_reg_344_reg__0/CLK

Slack:                    inf
  Source:                 bd_0_i/hls_inst/inst/readAtTiles_U0/mul_27ns_31ns_58_1_1_U13/tmp_product__0/ACOUT[15]
                            (internal pin)
  Destination:            bd_0_i/hls_inst/inst/readAtTiles_U0/bound6_reg_344_reg__0/ACIN[15]
                            (rising edge-triggered cell DSP48E1 clocked by ap_clk  {rise@0.000ns fall@7.500ns period=15.000ns})
  Path Group:             (none)
  Path Type:              Hold (Min at Slow Process Corner)
  Data Path Delay:        0.002ns  (logic 0.000ns (0.000%)  route 0.002ns (100.000%))
  Logic Levels:           0  
  Clock Uncertainty:      0.025ns  ((TSJ^2 + TIJ^2)^1/2 + DJ) / 2 + PE
    Total System Jitter     (TSJ):    0.050ns
    Total Input Jitter      (TIJ):    0.000ns
    Discrete Jitter          (DJ):    0.000ns
    Phase Error              (PE):    0.000ns

    Location             Delay type                Incr(ns)  Path(ns)    Netlist Resource(s)
  -------------------------------------------------------------------    -------------------
    DSP48_X1Y5           DSP48E1                      0.000     0.000 r  bd_0_i/hls_inst/inst/readAtTiles_U0/mul_27ns_31ns_58_1_1_U13/tmp_product__0/ACOUT[15]
                         net (fo=1, routed)           0.002     0.002    bd_0_i/hls_inst/inst/readAtTiles_U0/mul_27ns_31ns_58_1_1_U13_n_97
    DSP48_X1Y6           DSP48E1                                      r  bd_0_i/hls_inst/inst/readAtTiles_U0/bound6_reg_344_reg__0/ACIN[15]
  -------------------------------------------------------------------    -------------------

                         (clock ap_clk rise edge)     0.000     0.000 r  
                                                      0.000     0.000 r  ap_clk (IN)
                         net (fo=20385, unset)        0.973     0.973    bd_0_i/hls_inst/inst/readAtTiles_U0/ap_clk
    DSP48_X1Y6           DSP48E1                                      r  bd_0_i/hls_inst/inst/readAtTiles_U0/bound6_reg_344_reg__0/CLK

Slack:                    inf
  Source:                 bd_0_i/hls_inst/inst/readAtTiles_U0/mul_27ns_31ns_58_1_1_U13/tmp_product__0/ACOUT[16]
                            (internal pin)
  Destination:            bd_0_i/hls_inst/inst/readAtTiles_U0/bound6_reg_344_reg__0/ACIN[16]
                            (rising edge-triggered cell DSP48E1 clocked by ap_clk  {rise@0.000ns fall@7.500ns period=15.000ns})
  Path Group:             (none)
  Path Type:              Hold (Min at Slow Process Corner)
  Data Path Delay:        0.002ns  (logic 0.000ns (0.000%)  route 0.002ns (100.000%))
  Logic Levels:           0  
  Clock Uncertainty:      0.025ns  ((TSJ^2 + TIJ^2)^1/2 + DJ) / 2 + PE
    Total System Jitter     (TSJ):    0.050ns
    Total Input Jitter      (TIJ):    0.000ns
    Discrete Jitter          (DJ):    0.000ns
    Phase Error              (PE):    0.000ns

    Location             Delay type                Incr(ns)  Path(ns)    Netlist Resource(s)
  -------------------------------------------------------------------    -------------------
    DSP48_X1Y5           DSP48E1                      0.000     0.000 r  bd_0_i/hls_inst/inst/readAtTiles_U0/mul_27ns_31ns_58_1_1_U13/tmp_product__0/ACOUT[16]
                         net (fo=1, routed)           0.002     0.002    bd_0_i/hls_inst/inst/readAtTiles_U0/mul_27ns_31ns_58_1_1_U13_n_96
    DSP48_X1Y6           DSP48E1                                      r  bd_0_i/hls_inst/inst/readAtTiles_U0/bound6_reg_344_reg__0/ACIN[16]
  -------------------------------------------------------------------    -------------------

                         (clock ap_clk rise edge)     0.000     0.000 r  
                                                      0.000     0.000 r  ap_clk (IN)
                         net (fo=20385, unset)        0.973     0.973    bd_0_i/hls_inst/inst/readAtTiles_U0/ap_clk
    DSP48_X1Y6           DSP48E1                                      r  bd_0_i/hls_inst/inst/readAtTiles_U0/bound6_reg_344_reg__0/CLK

Slack:                    inf
  Source:                 bd_0_i/hls_inst/inst/readAtTiles_U0/mul_27ns_31ns_58_1_1_U13/tmp_product__0/ACOUT[17]
                            (internal pin)
  Destination:            bd_0_i/hls_inst/inst/readAtTiles_U0/bound6_reg_344_reg__0/ACIN[17]
                            (rising edge-triggered cell DSP48E1 clocked by ap_clk  {rise@0.000ns fall@7.500ns period=15.000ns})
  Path Group:             (none)
  Path Type:              Hold (Min at Slow Process Corner)
  Data Path Delay:        0.002ns  (logic 0.000ns (0.000%)  route 0.002ns (100.000%))
  Logic Levels:           0  
  Clock Uncertainty:      0.025ns  ((TSJ^2 + TIJ^2)^1/2 + DJ) / 2 + PE
    Total System Jitter     (TSJ):    0.050ns
    Total Input Jitter      (TIJ):    0.000ns
    Discrete Jitter          (DJ):    0.000ns
    Phase Error              (PE):    0.000ns

    Location             Delay type                Incr(ns)  Path(ns)    Netlist Resource(s)
  -------------------------------------------------------------------    -------------------
    DSP48_X1Y5           DSP48E1                      0.000     0.000 r  bd_0_i/hls_inst/inst/readAtTiles_U0/mul_27ns_31ns_58_1_1_U13/tmp_product__0/ACOUT[17]
                         net (fo=1, routed)           0.002     0.002    bd_0_i/hls_inst/inst/readAtTiles_U0/mul_27ns_31ns_58_1_1_U13_n_95
    DSP48_X1Y6           DSP48E1                                      r  bd_0_i/hls_inst/inst/readAtTiles_U0/bound6_reg_344_reg__0/ACIN[17]
  -------------------------------------------------------------------    -------------------

                         (clock ap_clk rise edge)     0.000     0.000 r  
                                                      0.000     0.000 r  ap_clk (IN)
                         net (fo=20385, unset)        0.973     0.973    bd_0_i/hls_inst/inst/readAtTiles_U0/ap_clk
    DSP48_X1Y6           DSP48E1                                      r  bd_0_i/hls_inst/inst/readAtTiles_U0/bound6_reg_344_reg__0/CLK

Slack:                    inf
  Source:                 bd_0_i/hls_inst/inst/readAtTiles_U0/mul_27ns_31ns_58_1_1_U13/tmp_product__0/ACOUT[18]
                            (internal pin)
  Destination:            bd_0_i/hls_inst/inst/readAtTiles_U0/bound6_reg_344_reg__0/ACIN[18]
                            (rising edge-triggered cell DSP48E1 clocked by ap_clk  {rise@0.000ns fall@7.500ns period=15.000ns})
  Path Group:             (none)
  Path Type:              Hold (Min at Slow Process Corner)
  Data Path Delay:        0.002ns  (logic 0.000ns (0.000%)  route 0.002ns (100.000%))
  Logic Levels:           0  
  Clock Uncertainty:      0.025ns  ((TSJ^2 + TIJ^2)^1/2 + DJ) / 2 + PE
    Total System Jitter     (TSJ):    0.050ns
    Total Input Jitter      (TIJ):    0.000ns
    Discrete Jitter          (DJ):    0.000ns
    Phase Error              (PE):    0.000ns

    Location             Delay type                Incr(ns)  Path(ns)    Netlist Resource(s)
  -------------------------------------------------------------------    -------------------
    DSP48_X1Y5           DSP48E1                      0.000     0.000 r  bd_0_i/hls_inst/inst/readAtTiles_U0/mul_27ns_31ns_58_1_1_U13/tmp_product__0/ACOUT[18]
                         net (fo=1, routed)           0.002     0.002    bd_0_i/hls_inst/inst/readAtTiles_U0/mul_27ns_31ns_58_1_1_U13_n_94
    DSP48_X1Y6           DSP48E1                                      r  bd_0_i/hls_inst/inst/readAtTiles_U0/bound6_reg_344_reg__0/ACIN[18]
  -------------------------------------------------------------------    -------------------

                         (clock ap_clk rise edge)     0.000     0.000 r  
                                                      0.000     0.000 r  ap_clk (IN)
                         net (fo=20385, unset)        0.973     0.973    bd_0_i/hls_inst/inst/readAtTiles_U0/ap_clk
    DSP48_X1Y6           DSP48E1                                      r  bd_0_i/hls_inst/inst/readAtTiles_U0/bound6_reg_344_reg__0/CLK





