0 0 0 0 0 0 0 0 0 0 0 0 0 0 0 0 0 0 0 0 0 0 0 0 0 0 0 0 0 0 0 0 0 0 0 0 0 0 0 0 0 0 0 0 0 0 0 0 0 0 0 0 0 0 0 0 0 0 0 0 0 0 0 0 0 0 0 0 0 0 0 0 0 0 0 0 0 0 0 0 0 0 0 0 0 0 0 0 0 0 0 0 0 0 0 0 0 0 0 0 0 0 0 0 0 0 0 0 0 0 0 0 0 0 0 0 0 0 0 0 0 0 0 0 0 0 0 0 0 0 6425 11051 10023 0 0 0 0 0 0 0 0 0 0 0 0 0 0 0 0 0 0 0 0 0 0 0 0 9252 58340 64765 63480 36495 0 0 0 0 0 0 0 0 0 0 0 0 0 0 0 0 0 0 15934 59882 59625 34696 50630 61938 65022 64765 64765 63480 48317 0 0 0 0 0 0 0 0 0 0 0 0 0 0 0 0 4112 56798 65022 64765 64765 64765 58083 21588 21588 54485 64765 46775 0 0 0 0 0 0 0 0 0 0 0 0 0 0 0 13878 47803 64765 65022 64765 39836 31097 6168 0 0 55256 64765 37780 0 0 0 0 0 0 0 0 0 0 0 0 0 0 0 32897 65022 65022 49859 6939 0 0 0 0 0 59882 65022 33154 0 0 0 0 0 0 0 0 0 0 0 0 0 0 0 21845 43177 31868 0 0 0 0 0 0 25700 63480 64765 10794 0 0 0 0 0 0 0 0 0 0 0 0 0 0 0 0 0 0 0 0 0 0 0 0 48831 64765 47546 1028 0 0 0 0 0 0 0 0 0 0 0 0 0 0 0 0 0 0 0 0 0 0 0 14135 59625 64765 21588 0 0 0 0 0 0 0 0 0 0 0 0 0 0 0 0 0 0 0 0 0 0 0 11565 60653 64765 48831 3598 0 0 0 0 0 0 0 0 0 0 0 0 0 0 11051 31611 51658 65022 65022 65536 65022 51401 38037 60653 65536 61424 15934 0 0 0 0 0 0 0 0 0 0 0 0 0 21588 48831 65022 64765 64765 64765 64765 65022 64765 64765 64765 64765 65022 22873 0 0 0 0 0 0 0 0 0 0 0 0 0 21074 63223 64765 59625 59368 34439 32382 9766 5397 38808 64765 64765 64765 65022 16191 0 0 0 0 0 0 0 0 0 0 0 0 21588 63223 64765 39836 0 0 0 0 0 32382 59625 64765 64765 64765 65022 39579 1542 0 0 0 0 0 0 0 0 0 0 0 48831 64765 39836 1799 0 0 0 6939 38551 65022 64765 51144 19789 44719 65022 64765 28013 0 0 0 0 0 0 0 0 0 0 15677 65022 54999 0 0 0 8224 24672 56027 65022 63480 33668 13621 0 0 60910 65022 49088 3598 0 0 0 0 0 0 0 0 0 47032 64765 32382 0 9252 26471 60910 64765 64765 46775 13621 0 0 0 0 14135 59368 64765 41892 0 0 0 0 0 0 0 0 0 65022 64765 48574 50630 61938 65022 62966 57055 14392 1028 0 0 0 0 0 0 44719 64508 56798 19018 0 0 0 0 0 0 0 0 40093 64765 64765 53971 37266 21588 14392 0 0 0 0 0 0 0 0 0 0 41378 64765 31097 0 0 0 0 0 0 0 0 1799 10794 10794 3598 0 0 0 0 0 0 0 0 0 0 0 0 0 5397 10794 1799 0 0 0 0 0 0 0 0 0 0 0 0 0 0 0 0 0 0 0 0 0 0 0 0 0 0 0 0 0 0 0 0 0 0 0 0 0 0 0 0 0 0 0 0 0 0 0 0 0 0 0 0 0 0 0 0 0 0 0 0 0 0 0 0 0 0 0 0 0 0 0 0 0 0 0 0 0 0 0 0 0 0 0 0 0 0 0 0 0 0 0 0 0 0 0 0 0 0 0 0 0 0 0 0 0 0 0 0 0 0 0 0 0 0 0 0 0 
0 0 0 0 0 0 0 0 0 0 0 0 0 0 0 0 0 0 0 0 0 0 0 0 0 0 0 0 0 0 0 0 0 0 0 0 0 0 0 0 0 0 0 0 0 0 0 0 0 0 0 0 0 0 0 0 0 0 0 0 0 0 0 0 0 0 0 0 0 0 0 0 0 0 0 0 0 0 0 0 0 0 0 0 0 0 0 0 0 0 0 0 0 0 0 0 0 0 0 0 0 0 0 0 0 0 0 0 0 0 0 0 0 0 0 0 0 0 0 0 0 12850 38294 65279 44976 26985 26985 26985 16191 0 0 0 0 0 0 0 0 0 0 0 0 0 0 0 0 0 0 0 12336 59111 65022 65022 65022 65022 65022 65022 60653 44719 15420 8224 0 0 0 0 0 0 0 0 0 0 0 0 0 0 0 12336 57055 65022 65022 65022 65022 65022 65022 65022 65279 65022 65022 54228 31097 1285 0 0 0 0 0 0 0 0 0 0 0 0 0 53714 65022 65022 65022 65022 65022 65022 65022 65022 65279 65022 65022 65022 65022 37009 0 0 0 0 0 0 0 0 0 0 0 0 0 53714 65022 65022 65022 65022 54742 9509 7453 30326 46004 50373 65022 65022 65022 64251 37266 1028 0 0 0 0 0 0 0 0 0 0 19275 61681 65022 65022 65022 59625 8995 0 0 0 0 4626 21331 60910 65022 65022 65022 8224 0 0 0 0 0 0 0 0 0 0 26985 65022 65022 65022 65022 36752 0 0 0 0 0 0 0 30840 65022 65022 65022 54228 8224 0 0 0 0 0 0 0 0 0 63480 65022 65022 65022 65022 55256 0 0 0 0 0 0 0 1799 21845 65022 65022 65022 51401 0 0 0 0 0 0 0 0 0 65279 65022 65022 65022 65022 63223 23644 0 0 0 0 0 0 0 4626 50373 65022 65022 53457 0 0 0 0 0 0 0 0 0 65279 65022 65022 65022 65022 65022 30583 0 0 0 0 0 0 0 0 46004 65022 65022 53457 0 0 0 0 0 0 0 0 0 49859 65279 65279 65279 65279 65279 30840 0 0 0 0 0 0 0 0 7967 65279 65536 65279 26985 0 0 0 0 0 0 0 0 26985 65022 65022 65022 51401 44976 5397 0 0 0 0 0 0 0 0 16962 65022 65022 65022 26728 0 0 0 0 0 0 0 0 26985 65022 65022 65022 7453 0 0 0 0 0 0 0 0 0 0 46004 65022 65022 57569 9509 0 0 0 0 0 0 0 0 26985 65022 65022 65022 7453 0 0 0 0 0 0 0 0 0 9252 54999 65022 65022 53457 0 0 0 0 0 0 0 0 0 3084 54999 65022 65022 41378 0 0 0 0 0 0 0 0 9252 55513 65022 65022 65022 42149 0 0 0 0 0 0 0 0 0 0 53714 65022 65022 59368 41635 3855 0 0 0 0 2056 10023 54999 65022 65022 65022 57826 13364 0 0 0 0 0 0 0 0 0 0 33411 65022 65022 65022 65022 48831 34439 14392 34439 34696 41892 65022 65022 65022 65022 65022 3598 0 0 0 0 0 0 0 0 0 0 0 1028 30069 65022 65022 65022 65022 65022 62966 65022 65536 65022 65022 65022 65022 43948 3598 257 0 0 0 0 0 0 0 0 0 0 0 0 1028 33154 63737 65022 65022 65022 65022 65022 65279 65022 65022 59625 42149 4369 0 0 0 0 0 0 0 0 0 0 0 0 0 0 0 0 23644 31354 65022 65022 65022 65022 65536 55770 26728 14135 0 0 0 0 0 0 0 0 0 0 0 0 0 0 0 0 0 0 0 0 0 0 0 0 0 0 0 0 0 0 0 0 0 0 0 0 0 0 0 0 0 0 0 0 0 0 0 0 0 0 0 0 0 0 0 0 0 0 0 0 0 0 0 0 0 0 0 0 0 0 0 0 0 0 0 0 0 0 0 0 0 0 0 0 0 0 0 0 0 0 0 0 0 0 0 0 0 0 0 0 0 0 0 0 0 0 0 0 0 0 0 0 0 0 0 0 0 0 0 0 
0 0 0 0 0 0 0 0 0 0 0 0 0 0 0 0 0 0 0 0 0 0 0 0 0 0 0 0 0 0 0 0 0 0 0 0 0 0 0 0 0 0 0 0 0 0 0 0 0 0 0 0 0 0 0 0 0 0 0 0 0 0 0 0 0 0 0 0 0 0 0 0 0 0 0 0 0 0 0 0 0 0 0 0 0 0 0 0 0 0 0 0 0 0 0 0 0 0 0 0 0 0 0 0 0 0 0 0 0 0 0 0 0 0 0 0 0 0 0 0 0 0 0 0 0 0 0 0 0 0 0 0 0 0 0 0 0 0 0 0 0 0 0 0 0 0 0 0 0 0 0 0 0 0 0 0 0 0 0 0 0 0 0 0 0 0 0 0 0 0 0 0 0 0 11565 59882 33668 0 0 0 0 0 0 0 0 0 23644 45233 4883 0 0 0 0 0 0 0 0 0 0 0 0 0 36238 65279 53457 8481 0 0 0 0 0 0 0 0 54485 65279 43691 0 0 0 0 0 0 0 0 0 0 0 0 4112 43434 65279 57569 10023 0 0 0 0 0 0 0 8481 57055 65279 60910 0 0 0 0 0 0 0 0 0 0 0 0 15934 65279 65279 33668 0 0 0 0 0 0 0 0 33925 65279 65279 60910 0 0 0 0 0 0 0 0 0 0 0 0 55256 65279 65279 33668 0 0 0 0 0 0 0 12079 61167 65279 65279 52943 0 0 0 0 0 0 0 0 0 0 0 0 61424 65279 65279 33668 0 0 0 0 0 0 0 13878 65279 65279 65279 15677 0 0 0 0 0 0 0 0 0 0 0 32897 64508 65279 56284 6939 0 0 0 0 0 0 0 13878 65279 65279 65279 15677 0 0 0 0 0 0 0 0 0 0 0 40864 65279 65279 58854 14135 0 0 0 0 0 0 0 13878 65279 65279 65279 15677 0 0 0 0 0 0 0 0 0 0 0 11308 60910 65279 65279 56798 47546 47546 47546 47546 47546 47546 47546 51401 65279 65279 65279 48574 1542 0 0 0 0 0 0 0 0 0 0 0 10537 55256 65279 65279 65279 65279 65279 65279 65279 65279 65279 65279 65279 65279 65279 65279 40350 0 0 0 0 0 0 0 0 0 0 0 0 12593 29812 65279 65279 65279 65279 65279 65279 65279 65279 65279 65279 65279 65279 62452 13878 0 0 0 0 0 0 0 0 0 0 0 0 0 514 2056 38037 28527 2056 17733 47289 47289 47289 63737 65279 65279 36752 1799 0 0 0 0 0 0 0 0 0 0 0 0 0 0 0 0 0 0 0 0 0 0 0 59111 65279 60139 14906 0 0 0 0 0 0 0 0 0 0 0 0 0 0 0 0 0 0 0 0 0 0 0 0 59111 65279 56284 0 0 0 0 0 0 0 0 0 0 0 0 0 0 0 0 0 0 0 0 0 0 0 0 0 59111 65279 56284 0 0 0 0 0 0 0 0 0 0 0 0 0 0 0 0 0 0 0 0 0 0 0 0 32382 64251 65279 56284 0 0 0 0 0 0 0 0 0 0 0 0 0 0 0 0 0 0 0 0 0 0 0 0 38551 65279 65279 35724 0 0 0 0 0 0 0 0 0 0 0 0 0 0 0 0 0 0 0 0 0 0 0 0 38551 65279 65279 11051 0 0 0 0 0 0 0 0 0 0 0 0 0 0 0 0 0 0 0 0 0 0 0 0 38551 65279 65279 11051 0 0 0 0 0 0 0 0 0 0 0 0 0 0 0 0 0 0 0 0 0 0 0 0 11822 51401 20046 3341 0 0 0 0 0 0 0 0 0 0 0 0 0 0 0 0 0 0 0 0 0 0 0 0 0 0 0 0 0 0 0 0 0 0 0 0 0 0 0 0 0 0 0 0 0 0 0 0 0 0 0 0 0 0 0 0 0 0 0 0 0 0 0 0 0 
0 0 0 0 0 0 0 0 0 0 0 0 0 0 0 0 0 0 0 0 0 0 0 0 0 0 0 0 0 0 0 0 0 0 0 0 0 0 0 0 0 0 0 0 0 0 0 0 0 0 0 0 0 0 0 0 0 0 0 0 0 0 0 0 0 0 0 0 0 0 0 0 0 0 0 0 0 0 0 0 0 0 0 0 0 0 0 0 0 0 0 0 0 0 0 0 0 0 0 0 0 0 0 0 0 0 0 0 0 0 0 0 0 0 0 0 0 0 0 0 0 0 0 0 0 0 0 0 0 0 0 0 0 0 0 0 0 0 0 0 0 0 0 0 0 0 0 0 0 0 0 0 0 0 0 0 0 0 0 0 0 0 0 0 0 0 0 0 0 0 0 0 0 0 0 0 0 0 0 0 0 0 0 0 0 5911 29041 41378 41378 13364 0 0 0 0 0 0 0 0 0 0 0 0 0 0 0 0 0 0 0 0 0 771 31097 60396 60653 65279 65279 48060 0 0 0 0 0 0 0 0 0 0 0 0 0 0 0 0 0 0 0 0 12079 44976 65279 40864 8224 771 42406 59368 0 0 6168 0 0 0 0 0 0 0 0 0 0 0 0 0 0 0 0 14649 55513 64508 25443 514 0 0 6939 53971 13107 45747 33925 0 0 0 0 0 0 0 0 0 0 0 0 0 0 0 0 43948 65536 20046 0 0 0 0 4112 60653 65279 31868 2570 0 0 0 0 0 0 0 0 0 0 0 0 0 0 0 8481 65022 39065 257 0 0 0 7710 45490 65022 38808 2056 0 0 0 0 0 0 0 0 0 0 0 0 0 0 0 0 14649 65279 22873 0 1028 28013 44976 63480 54228 20817 0 0 0 0 0 0 0 0 0 0 0 0 0 0 0 0 0 0 26728 65279 17733 26728 54228 65279 60910 32897 4883 0 0 0 0 0 0 0 0 0 0 0 0 0 0 0 0 0 0 0 31611 65279 63994 65022 52429 24415 1799 0 0 0 0 0 0 0 0 0 0 0 0 0 0 0 0 0 0 0 0 17990 62195 65279 62452 18504 0 0 0 0 0 0 0 0 0 0 0 0 0 0 0 0 0 0 0 0 0 0 25443 65022 55770 50373 63223 19789 0 0 0 0 0 0 0 0 0 0 0 0 0 0 0 0 0 0 0 0 5911 41378 60396 24672 1542 9252 50116 57826 6168 0 0 0 0 0 0 0 0 0 0 0 0 0 0 0 0 0 0 1028 61938 62195 13364 0 0 0 22102 65279 20303 0 0 0 0 0 0 0 0 0 0 0 0 0 0 0 0 0 1285 51144 60139 12593 0 0 0 0 27242 65279 15163 0 0 0 0 0 0 0 0 0 0 0 0 0 0 0 0 5140 38808 65279 14392 0 0 0 0 1799 50887 63737 5397 0 0 0 0 0 0 0 0 0 0 0 0 0 0 0 0 0 41378 60653 16448 1028 1028 13621 21074 57312 64765 32382 0 0 0 0 0 0 0 0 0 0 0 0 0 0 0 0 0 0 12336 52686 65279 65279 65279 65279 64765 48574 11051 0 0 0 0 0 0 0 0 0 0 0 0 0 0 0 0 0 0 0 0 6168 23387 23387 23387 15677 5140 0 0 0 0 0 0 0 0 0 0 0 0 0 0 0 0 0 0 0 0 0 0 0 0 0 0 0 0 0 0 0 0 0 0 0 0 0 0 0 0 0 0 0 0 0 0 0 0 0 0 0 0 0 0 0 0 0 0 0 0 0 0 0 0 0 0 0 0 0 0 0 0 0 0 0 0 0 0 0 0 0 0 0 0 0 0 0 0 0 0 0 0 0 0 0 0 0 0 0 0 0 0 0 0 0 0 0 0 0 0 0 0 0 0 0 0 0 0 0 0 0 0 0 0 0 0 0 
0 0 0 0 0 0 0 0 0 0 0 0 0 0 0 0 0 0 0 0 0 0 0 0 0 0 0 0 0 0 0 0 0 0 0 0 0 0 0 0 0 0 0 0 0 0 0 0 0 0 0 0 0 0 0 0 0 0 0 0 0 0 0 0 0 0 0 0 0 0 0 0 0 0 0 0 0 0 0 0 0 0 0 0 0 0 0 0 0 0 0 0 0 0 0 0 0 0 0 0 0 0 0 0 0 0 0 0 0 0 0 0 0 0 0 0 0 0 0 0 0 0 0 0 0 0 0 0 0 0 0 0 0 0 0 0 0 0 0 0 0 0 0 0 0 0 0 0 0 0 0 0 0 0 0 0 0 0 0 0 0 0 0 0 0 0 0 0 0 0 0 0 0 0 0 0 0 0 0 0 0 0 0 0 0 0 0 0 0 0 0 0 0 0 0 0 0 0 0 0 0 0 10537 47032 54228 40607 12079 0 0 0 0 0 0 0 0 0 0 0 0 0 0 0 0 0 0 0 0 0 0 0 16191 65279 65279 65279 64251 54485 39065 39065 39065 20303 17990 38808 16191 16191 16191 7967 0 0 0 0 0 0 0 0 0 0 0 0 1799 42406 65279 65279 65279 65279 65279 65279 65279 65279 65279 65279 65279 65279 65279 61938 48060 0 0 0 0 0 0 0 0 0 0 0 0 2056 10280 28527 25186 48831 56284 56284 56284 56284 56284 62709 62452 65279 65279 65279 35467 0 0 0 0 0 0 0 0 0 0 0 0 0 0 0 0 0 0 0 0 0 0 9766 20303 64765 65279 64508 24415 0 0 0 0 0 0 0 0 0 0 0 0 0 0 0 0 0 0 0 0 0 0 257 44462 65279 65022 29041 0 0 0 0 0 0 0 0 0 0 0 0 0 0 0 0 0 0 0 0 0 0 0 16705 65279 65279 35724 0 0 0 0 0 0 0 0 0 0 0 0 0 0 0 0 0 0 0 0 0 0 0 25700 65279 65279 60653 4369 0 0 0 0 0 0 0 0 0 0 0 0 0 0 0 0 0 0 0 0 0 0 7196 53971 65279 65279 21588 0 0 0 0 0 0 0 0 0 0 0 0 0 0 0 0 0 0 0 0 0 0 0 51401 65279 65279 38551 1028 0 0 0 0 0 0 0 0 0 0 0 0 0 0 0 0 0 0 0 0 0 0 15420 63480 65279 50373 0 0 0 0 0 0 0 0 0 0 0 0 0 0 0 0 0 0 0 0 0 0 0 13364 63737 65279 42406 4112 0 0 0 0 0 0 0 0 0 0 0 0 0 0 0 0 0 0 0 0 0 0 514 54742 65279 51144 4112 0 0 0 0 0 0 0 0 0 0 0 0 0 0 0 0 0 0 0 0 0 0 0 41121 65279 61681 15420 0 0 0 0 0 0 0 0 0 0 0 0 0 0 0 0 0 0 0 0 0 0 0 27499 65279 65279 33668 0 0 0 0 0 0 0 0 0 0 0 0 0 0 0 0 0 0 0 0 0 0 0 2313 63737 65279 47289 3598 0 0 0 0 0 0 0 0 0 0 0 0 0 0 0 0 0 0 0 0 0 0 0 33925 65279 56027 2313 0 0 0 0 0 0 0 0 0 0 0 0 0 0 0 0 0 0 0 0 0 0 0 4883 62195 65279 17990 0 0 0 0 0 0 0 0 0 0 0 0 0 0 0 0 0 0 0 0 0 0 0 0 24672 65279 65279 2313 0 0 0 0 0 0 0 0 0 0 0 0 0 0 0 0 0 0 0 0 0 0 0 0 27756 65279 65279 32125 0 0 0 0 0 0 0 0 0 0 0 0 0 0 0 0 0 0 0 0 0 0 0 0 0 0 0 0 0 0 0 0 0 0 0 0 0 0 0 0 0 0 0 
0 0 0 0 0 0 0 0 0 0 0 0 0 0 0 0 0 0 0 0 0 0 0 0 0 0 0 0 0 0 0 0 0 0 0 0 0 0 0 0 0 0 0 0 0 0 0 0 0 0 0 0 0 0 0 0 0 0 0 0 0 0 0 0 0 0 0 0 0 0 0 0 0 0 0 0 0 0 0 0 0 0 0 0 0 0 0 0 0 0 0 0 0 0 0 0 0 0 0 0 0 17733 45233 65279 34953 0 0 0 0 0 0 0 0 0 0 0 0 0 0 0 0 0 0 0 0 0 0 6425 24672 61167 65022 65022 63737 25443 0 0 0 0 0 0 0 0 0 0 0 0 0 0 0 0 0 0 0 3084 26728 51915 65022 65022 65022 65022 64508 28784 0 0 0 0 0 0 0 0 0 0 0 0 0 0 0 0 0 0 0 49859 65022 65279 65022 63223 34182 61681 57312 0 0 0 0 0 0 0 0 0 0 0 0 0 0 0 0 0 0 10280 55770 63223 65022 65279 60396 20560 0 40607 17733 0 0 0 0 0 0 0 0 0 0 0 0 0 0 0 0 0 1028 38294 65022 65022 65022 57569 21074 0 0 0 0 0 0 0 0 0 0 0 0 0 0 0 0 0 0 0 0 10280 38294 65022 65022 65022 65022 0 0 0 0 0 0 0 0 0 0 0 0 0 0 0 0 0 0 0 0 0 0 19275 65022 65022 65022 47289 19275 0 0 0 0 0 0 0 0 0 0 0 0 0 0 0 0 0 0 0 0 0 0 48831 65022 65022 60910 12593 0 0 0 0 0 0 0 0 0 0 0 0 0 0 0 0 0 0 0 0 0 0 0 57569 65022 65022 19275 0 0 0 0 0 0 0 0 0 0 0 0 0 0 0 0 0 0 0 0 0 0 0 31097 65279 65279 65279 3598 0 0 11308 26985 26985 45233 65279 65279 44976 1542 0 0 0 0 0 0 0 0 0 0 0 0 1028 38808 65022 65022 36238 771 12079 15420 58854 65022 65022 65022 65022 65022 65022 3598 0 0 0 0 0 0 0 0 0 0 0 0 3855 65022 65022 65022 32639 17733 59882 65022 65279 65022 65022 63223 64508 65022 65022 3598 0 0 0 0 0 0 0 0 0 0 0 0 3855 65022 65022 65022 65022 65022 65022 65022 65279 65022 44976 18247 57569 65022 65022 3598 0 0 0 0 0 0 0 0 0 0 0 0 3855 65022 65022 65022 65022 65022 65022 65022 46004 18504 21845 37523 64251 65022 54742 2570 0 0 0 0 0 0 0 0 0 0 0 0 3855 65022 65022 65022 65022 65022 63737 34439 3341 21331 65022 65022 65022 54999 8995 0 0 0 0 0 0 0 0 0 0 0 0 0 3855 65022 65022 65022 65022 65022 59625 34439 47289 65022 65022 65022 65022 19018 0 0 0 0 0 0 0 0 0 0 0 0 0 0 4112 65022 65022 65022 65022 65022 65022 65022 65536 65022 65022 53971 30840 1028 0 0 0 0 0 0 0 0 0 0 0 0 0 0 1028 15163 52429 65022 65022 65022 65022 65022 65279 65022 55256 7967 0 0 0 0 0 0 0 0 0 0 0 0 0 0 0 0 0 0 7967 53971 65022 65022 65022 65022 49345 26728 9509 0 0 0 0 0 0 0 0 0 0 0 0 0 0 0 0 0 0 0 0 0 0 0 0 0 0 0 0 0 0 0 0 0 0 0 0 0 0 0 0 0 0 0 0 0 0 0 0 0 0 0 0 0 0 0 0 0 0 0 0 0 0 0 0 0 0 0 0 0 0 0 0 0 0 0 0 0 0 0 0 0 0 0 0 0 0 0 0 0 0 0 0 0 0 0 0 0 0 0 0 0 0 0 0 0 0 0 0 0 0 0 0 0 0 0 0 0 0 0 0 0 0 0 0 0 0 0 0 0 0 0 0 0 0 0 0 0 0 0 0 0 0 0 0 0 0 0 0 0 0 
0 0 0 0 0 0 0 0 0 0 0 0 0 0 0 0 0 0 0 0 0 0 0 0 0 0 0 0 0 0 0 0 0 0 0 0 0 0 0 0 0 0 0 0 0 0 0 0 0 0 0 0 0 0 0 0 0 0 0 0 0 0 0 0 0 0 0 0 0 0 0 0 0 0 0 0 0 0 0 0 0 0 0 0 0 0 0 0 0 0 0 0 0 0 0 0 0 0 0 0 0 0 0 0 0 0 0 0 0 0 0 0 0 0 0 0 0 0 0 0 0 0 0 0 0 0 0 0 0 0 0 0 0 0 0 0 0 0 0 0 0 0 0 0 0 0 0 0 0 1028 26728 36238 36238 33154 7453 1799 0 0 0 0 0 0 0 0 0 0 0 0 0 0 0 0 0 0 0 0 0 32897 64765 64765 64765 65022 64765 48060 30583 13107 0 0 0 0 0 0 0 0 0 0 0 0 0 0 0 0 0 0 22873 65022 64765 64765 64765 65022 64765 64765 64765 63480 50630 28270 12079 0 0 0 0 0 0 0 0 0 0 0 0 0 0 0 54742 65022 64765 64765 64765 65022 64765 64765 64765 65022 64765 64765 61681 38808 0 0 0 0 0 0 0 0 0 0 0 0 0 37780 65022 65536 65022 65022 65022 64508 57826 35210 16191 0 6682 29041 58083 65279 58597 13621 1028 0 0 0 0 0 0 0 0 0 3341 53714 64765 65022 61681 37266 50373 32125 0 0 0 0 0 0 22616 65022 64765 64765 26471 0 0 0 0 0 0 0 0 0 24415 64765 64765 65022 28013 0 0 0 0 0 0 0 0 0 0 42406 64765 64765 45490 0 0 0 0 0 0 0 0 6682 62452 64765 64765 58597 2313 0 0 0 0 0 0 0 0 0 0 36238 64765 64765 51915 0 0 0 0 0 0 0 0 23644 65022 65022 65022 54999 0 0 0 0 0 0 0 0 0 0 0 39579 65022 65022 35981 0 0 0 0 0 0 0 0 36238 64765 64765 64765 29041 0 0 0 0 0 0 0 0 0 0 19532 65022 64765 64765 35724 0 0 0 0 0 0 0 0 36238 64765 64765 64765 6425 0 0 0 0 0 0 0 0 0 0 38551 65022 64765 64765 26471 0 0 0 0 0 0 0 0 49088 64765 64765 51915 0 0 0 0 0 0 0 0 0 0 32382 63994 65022 64765 54999 3855 0 0 0 0 0 0 0 0 65279 65022 65022 35981 0 0 0 0 0 0 0 0 0 11565 58854 65022 65279 63480 12850 0 0 0 0 0 0 0 0 0 65022 64765 64765 35724 0 0 0 0 0 0 0 0 11565 57826 64765 64765 63480 26471 0 0 0 0 0 0 0 0 0 0 55513 64765 64765 35724 0 0 0 0 0 0 0 32382 58854 64765 64765 64765 25700 0 0 0 0 0 0 0 0 0 0 0 36238 64765 64765 35724 0 0 0 0 0 19532 51401 63994 65022 64765 64765 26214 0 0 0 0 0 0 0 0 0 0 0 0 33154 65022 65022 39322 0 0 2570 7453 39579 65022 65022 65022 65279 63480 25700 0 0 0 0 0 0 0 0 0 0 0 0 0 5654 60139 64765 64765 43434 43434 50630 64765 65022 64765 64765 64765 47289 16705 0 0 0 0 0 0 0 0 0 0 0 0 0 0 0 9766 36752 62452 65022 64765 64765 64765 65022 64765 47803 30326 0 0 0 0 0 0 0 0 0 0 0 0 0 0 0 0 0 0 0 6425 23387 35724 35724 35724 32897 7196 1542 0 0 0 0 0 0 0 0 0 0 0 0 0 0 0 0 0 0 0 0 0 0 0 0 0 0 0 0 0 0 0 0 0 0 0 0 0 0 0 0 0 0 0 0 0 0 0 0 0 0 0 0 0 0 0 0 0 0 0 0 0 0 0 0 0 0 0 0 0 0 0 0 0 0 0 0 0 0 0 0 0 0 0 0 0 0 0 0 0 0 0 0 0 0 0 0 
0 0 0 0 0 0 0 0 0 0 0 0 0 0 0 0 0 0 0 0 0 0 0 0 0 0 0 0 0 0 0 0 0 0 0 0 0 0 0 0 0 0 0 0 0 0 0 0 0 0 0 0 0 0 0 0 0 0 0 0 0 0 0 0 0 0 0 0 0 0 0 0 0 0 0 0 0 0 0 0 0 0 0 0 0 0 0 0 0 0 0 0 0 0 0 0 0 0 0 0 0 0 0 0 0 0 0 0 0 0 0 0 0 0 0 0 0 0 0 0 0 0 0 0 0 0 0 0 3084 42920 65536 51144 3598 0 0 0 0 0 0 0 0 0 0 0 0 0 0 0 0 0 0 0 0 0 0 10537 57055 65279 65279 65279 27499 0 0 0 0 0 0 0 0 0 0 0 0 0 0 0 0 0 0 0 0 0 6425 57826 65279 39065 6682 63223 28527 0 0 0 0 0 0 0 0 0 0 0 0 0 0 0 0 0 0 0 0 2313 43177 65279 46775 2827 0 43691 17219 0 0 0 0 0 0 0 0 0 0 0 0 0 0 0 0 0 0 0 0 27242 65279 56798 3084 0 0 8481 1285 0 0 0 0 0 0 0 0 0 0 0 0 0 0 0 0 0 0 0 13621 63994 60653 13107 0 0 0 0 0 0 0 0 0 0 0 0 0 0 0 0 0 0 0 0 0 0 0 0 41635 65279 46004 0 0 0 0 0 0 0 0 0 0 0 0 0 0 0 0 0 0 0 0 0 0 0 0 13878 64765 55770 3341 0 0 0 0 0 0 0 0 0 0 0 0 0 0 0 0 0 0 0 0 0 0 0 1542 54999 65279 31868 0 2056 3598 0 0 0 0 0 0 0 0 0 0 0 0 0 0 0 0 0 0 0 0 0 22616 65279 65279 41635 57312 58340 59111 57055 34439 1285 0 0 0 0 0 0 0 0 0 0 0 0 0 0 0 0 0 0 35981 65279 65279 65279 63737 38037 35724 60139 65279 15934 0 0 0 0 0 0 0 0 0 0 0 0 0 0 0 0 0 2570 55256 65279 65279 57312 23130 0 0 14649 65279 55256 2570 0 0 0 0 0 0 0 0 0 0 0 0 0 0 0 0 22359 65279 65279 58340 9252 0 0 0 1285 65279 65279 5654 0 0 0 0 0 0 0 0 0 0 0 0 0 0 0 0 28784 65279 65279 39579 0 0 0 0 1285 65279 65279 5654 0 0 0 0 0 0 0 0 0 0 0 0 0 0 0 0 28784 65279 65279 17990 0 0 0 0 7453 65279 54485 2313 0 0 0 0 0 0 0 0 0 0 0 0 0 0 0 0 23901 65279 65279 1028 0 0 0 1028 48831 65279 30326 0 0 0 0 0 0 0 0 0 0 0 0 0 0 0 0 0 5911 65279 65279 4626 0 0 1285 22359 65279 58340 1799 0 0 0 0 0 0 0 0 0 0 0 0 0 0 0 0 0 1285 49088 65279 34439 0 1285 22359 65279 62195 11822 0 0 0 0 0 0 0 0 0 0 0 0 0 0 0 0 0 0 0 15934 62966 60653 49345 52172 65279 62195 16448 0 0 0 0 0 0 0 0 0 0 0 0 0 0 0 0 0 0 0 0 0 6682 48317 65279 61167 39322 11308 0 0 0 0 0 0 0 0 0 0 0 0 0 0 0 0 0 0 0 0 0 0 0 0 0 0 0 0 0 0 0 0 0 0 0 0 0 0 0 0 0 0 0 0 0 0 0 0 0 0 0 0 0 0 0 0 0 0 0 0 0 0 0 0 0 0 0 0 0 0 0 0 0 0 0 0 0 0 0 0 0 0 0 0 0 0 0 0 0 0 0 0 0 0 0 0 0 0 0 0 0 0 0 0 0 0 0 0 0 0 0 0 0 0 0 0 0 0 0 0 0 0 0 
0 0 0 0 0 0 0 0 0 0 0 0 0 0 0 0 0 0 0 0 0 0 0 0 0 0 0 0 0 0 0 0 0 0 0 0 0 0 0 0 0 0 0 0 0 0 0 0 0 0 0 0 0 0 0 0 0 0 0 0 0 0 0 0 0 0 0 0 0 0 0 0 0 0 0 0 0 0 0 0 0 0 0 0 0 0 0 0 0 0 0 0 0 0 0 0 0 0 0 0 0 0 0 0 0 0 0 0 0 0 0 0 0 0 0 0 0 0 0 0 0 0 0 0 0 1542 3341 3341 21074 53457 65022 65022 31868 0 0 0 0 0 0 0 0 0 0 0 0 0 771 10794 37266 37266 37266 37266 37266 49088 64765 65022 64765 64765 64765 64765 46261 0 0 0 0 0 0 0 0 0 0 0 0 0 6425 64765 64765 64765 64765 64765 64765 64765 64765 65022 64765 64765 64765 62452 24929 0 0 0 0 0 0 0 0 0 0 0 0 0 6425 64765 64765 64765 64765 64765 64765 64765 64765 65022 64765 64765 64765 28784 0 0 0 0 0 0 0 0 0 0 0 0 0 0 1799 39836 64765 64765 64765 52172 62709 64765 64765 65022 64765 62452 28784 5397 0 0 0 0 0 0 0 0 0 0 0 0 0 0 0 2313 15420 15420 15420 3084 55770 64765 64765 65022 62966 24929 0 0 0 0 0 0 0 0 0 0 0 0 0 0 0 0 0 0 0 0 0 28270 63223 64765 64765 63994 24415 0 0 0 0 0 0 0 0 0 0 0 0 0 0 0 0 0 0 0 0 0 28013 63223 64765 64765 64765 23644 0 0 0 0 0 0 0 0 0 0 0 0 0 0 0 0 0 0 0 0 0 27499 63480 64765 64765 64765 64765 0 0 0 0 0 0 0 0 0 0 0 0 0 0 0 0 0 0 0 0 0 20817 55256 64765 64765 64765 64765 64765 31354 31097 31097 10280 0 0 0 0 0 0 0 0 0 0 0 0 0 0 0 0 9509 65022 65022 65022 65022 65022 65022 65022 65536 65022 65022 65022 42920 9509 0 0 0 0 0 0 0 0 0 0 0 0 0 0 9509 64765 64765 64765 64765 64765 64765 64765 65022 64765 64765 64765 64765 56798 12079 1028 0 0 0 0 0 0 0 0 0 0 0 0 3598 30583 55513 58083 61681 63480 60653 55513 55770 60910 64765 64765 64765 64765 64765 13621 0 0 0 0 0 0 0 0 0 0 0 0 0 0 0 6168 14392 18504 12336 0 0 12336 25957 54742 64765 64765 64765 44719 1285 0 0 0 0 0 0 0 0 0 0 0 0 0 0 0 0 0 0 0 0 0 0 6682 56027 64765 64765 64765 5911 0 0 0 0 0 0 0 0 0 0 1799 23130 49602 42149 13364 0 0 0 0 0 0 11822 42149 64765 64765 64765 57569 4369 0 0 0 0 0 0 0 0 0 0 31611 64765 64765 64765 61424 52686 40864 21845 21845 52943 52686 60139 64765 64765 64765 64765 14906 0 0 0 0 0 0 0 0 0 0 0 37266 64765 64765 64765 64765 64765 64765 64765 64765 65022 64765 64765 64765 64765 57569 29812 1285 0 0 0 0 0 0 0 0 0 0 0 37266 64765 64765 64765 64765 64765 64765 64765 64765 65022 64765 64765 64765 44719 11565 0 0 0 0 0 0 0 0 0 0 0 0 0 1799 2827 2827 25186 33668 33668 60396 64765 64765 48831 33668 29555 2827 1028 0 0 0 0 0 0 0 0 0 0 0 0 0 0 0 0 0 0 0 0 0 0 0 0 0 0 0 0 0 0 0 0 0 0 0 0 0 0 0 0 0 0 0 0 0 0 0 0 0 0 0 0 0 0 0 0 0 0 0 0 0 0 0 0 0 0 0 0 0 0 0 0 0 0 0 0 0 0 0 0 0 0 0 0 0 0 0 0 0 0 0 0 0 0 0 0 0 0 0 0 0 0 0 0 0 0 0 0 0 0 0 0 0 0 0 0 0 0 0 0 
0 0 0 0 0 0 0 0 0 0 0 0 0 0 0 0 0 0 0 0 0 0 0 0 0 0 0 0 0 0 0 0 0 0 0 0 0 0 0 0 0 0 0 0 0 0 0 0 0 0 0 0 0 0 0 0 0 0 0 0 0 0 0 0 0 0 0 0 0 0 0 0 0 0 0 0 0 0 0 0 0 0 0 0 0 0 0 0 0 0 0 0 0 0 0 0 0 0 0 0 0 0 0 0 0 0 0 0 0 0 0 0 0 0 0 0 0 0 0 0 0 0 0 0 0 0 0 0 65536 32897 0 0 0 0 0 0 0 0 0 0 0 0 0 0 0 0 0 0 0 0 0 0 0 0 0 32897 65536 49088 0 0 0 0 0 0 0 0 0 0 0 0 0 0 0 0 0 0 0 0 0 0 0 0 0 32897 65536 65536 0 0 0 0 0 0 0 0 0 0 0 0 0 0 0 0 0 0 0 0 0 0 0 0 0 49088 65536 65536 0 0 0 0 0 0 0 0 0 0 0 0 0 0 0 0 0 0 0 0 0 0 0 0 16448 65536 65536 32897 0 0 0 0 0 0 0 0 0 0 0 0 0 0 0 0 0 0 0 0 0 0 0 0 32897 65536 65536 32897 0 0 0 0 0 0 0 0 0 0 0 0 0 0 0 0 0 0 0 0 0 0 0 0 32897 65536 65536 0 0 0 0 0 0 0 0 0 0 0 0 0 0 0 0 0 0 0 0 0 0 0 0 0 65536 65536 49088 0 0 0 0 0 0 0 0 0 0 0 0 0 0 0 0 0 0 0 0 0 0 0 0 32897 65536 65536 0 0 0 0 0 0 0 0 0 0 0 0 0 0 0 0 0 0 0 0 0 0 0 0 0 65536 65536 65536 0 0 0 0 0 0 0 0 0 0 0 0 0 0 0 0 0 0 0 0 0 0 0 0 0 65536 65536 65536 0 0 0 0 0 0 0 0 0 0 0 0 0 0 0 0 0 0 0 0 0 0 0 0 32897 65536 65536 32897 0 0 0 0 0 0 0 0 0 0 0 0 0 0 0 0 0 0 0 0 0 0 0 16448 65536 65536 65536 0 0 0 0 0 0 0 0 0 0 0 0 0 0 0 0 0 0 0 0 0 0 0 0 32897 65536 65536 32897 0 0 0 0 0 0 0 0 0 0 0 0 0 0 0 0 0 0 0 0 0 0 0 0 49088 65536 65536 16448 0 0 0 0 0 0 0 0 0 0 0 0 0 0 0 0 0 0 0 0 0 0 0 16448 65536 65536 65536 0 0 0 0 0 0 0 0 0 0 0 0 0 0 0 0 0 0 0 0 0 0 0 0 32897 65536 65536 65536 0 0 0 0 0 0 0 0 0 0 0 0 0 0 0 0 0 0 0 0 0 0 0 0 49088 65536 65536 65536 32897 0 0 0 0 0 0 0 0 0 0 0 0 0 0 0 0 0 0 0 0 0 0 0 65536 65536 65536 65536 16448 0 0 0 0 0 0 0 0 0 0 0 0 0 0 0 0 0 0 0 0 0 0 0 65536 65536 65536 0 0 0 0 0 0 0 0 0 0 0 0 0 0 0 0 0 0 0 0 0 0 0 0 0 0 0 0 0 0 0 0 0 0 0 0 0 0 0 0 0 0 0 0 0 0 0 0 0 0 0 0 0 0 0 0 0 0 0 0 0 0 0 0 0 0 0 0 0 0 0 0 0 0 0 0 0 0 0 0 0 0 0 0 0 0 0 0 0 0 0 0 0 0 0 0 0 0 0 0 0 0 0 0 0 0 0 0 0 0 0 0 0 0 0 0 0 0 0 0 0 0 0 0 0 0 0 
0 0 0 0 0 0 0 0 0 0 0 0 0 0 0 0 0 0 0 0 0 0 0 0 0 0 0 0 0 0 0 0 0 0 0 0 0 0 0 0 0 0 0 0 0 0 0 0 0 0 0 0 0 0 0 0 0 0 0 0 0 0 0 0 0 0 0 0 0 0 0 0 0 0 0 0 0 0 0 0 0 0 0 0 0 0 0 0 0 0 0 0 0 0 0 0 0 0 0 29041 65279 24415 0 0 0 0 0 0 0 0 0 0 0 0 0 0 0 0 0 0 0 0 0 0 0 0 47032 64251 48831 2827 0 0 0 0 0 0 0 0 0 0 0 0 0 0 0 0 0 0 0 0 0 0 4883 50887 64765 60396 10023 0 0 0 0 0 0 0 0 0 0 0 0 0 0 0 0 0 0 0 0 0 0 15420 53200 65279 40864 3341 0 0 0 0 0 0 0 0 0 0 0 0 0 0 0 0 0 0 0 0 0 514 35467 63223 64251 28013 257 0 0 0 0 0 0 0 0 0 0 0 0 0 0 0 0 0 0 0 0 0 6168 39322 65279 57826 24672 0 0 0 0 0 0 0 0 0 0 0 0 0 2056 0 0 0 0 0 0 0 0 5911 53457 65279 58597 10280 0 0 0 0 0 0 0 0 0 0 0 0 0 21588 53200 0 0 0 0 0 0 0 0 40350 65279 53714 1542 0 0 0 0 0 0 0 0 0 0 0 1285 14649 52429 63223 23901 0 0 0 0 0 0 0 0 21331 59111 64765 48574 16705 0 0 0 0 0 0 3855 8224 31611 53971 56284 60139 34439 12079 0 0 0 0 0 0 0 0 0 0 12336 50887 65279 61938 37523 7196 0 2827 24415 48574 57055 65279 57826 40864 30326 5140 0 0 0 0 0 0 0 0 0 0 0 0 0 1028 31611 57826 65279 65279 41892 61938 65279 61167 35724 14392 0 0 0 0 0 0 0 0 0 0 0 0 0 0 0 0 0 4112 9766 40607 65279 65279 65279 65279 43434 14392 0 0 0 0 0 0 0 0 0 0 0 0 0 0 0 0 0 0 14135 51401 65279 64765 60910 38551 43948 64765 59882 11051 0 0 0 0 0 0 0 0 0 0 0 0 0 0 0 0 0 0 50116 65279 59368 28527 0 0 0 32382 65279 59882 12079 0 0 0 0 0 0 0 0 0 0 0 0 0 0 0 0 29555 64765 64765 19532 0 0 0 0 771 49602 65279 35724 0 0 0 0 0 0 0 0 0 0 0 0 0 0 0 0 50116 65279 42920 0 0 0 0 0 0 48317 65279 59111 5397 0 0 0 0 0 0 0 0 0 0 0 0 0 0 0 41121 65279 38551 0 0 0 0 0 0 48317 65536 47289 0 0 0 0 0 0 0 0 0 0 0 0 0 0 0 0 26985 65279 43948 0 0 0 0 14135 37780 64508 61681 15420 0 0 0 0 0 0 0 0 0 0 0 0 0 0 0 0 2570 44719 64765 48574 31611 33154 55770 64765 65279 59625 16191 0 0 0 0 0 0 0 0 0 0 0 0 0 0 0 0 0 0 2570 26728 57055 65279 65279 65279 41635 29298 4369 0 0 0 0 0 0 0 0 0 0 0 0 0 0 0 0 0 0 0 0 0 0 0 0 0 0 0 0 0 0 0 0 0 0 0 0 0 0 0 0 0 0 0 0 0 0 0 0 0 0 0 0 0 0 0 0 0 0 0 0 0 0 0 0 0 0 0 0 0 0 0 0 0 0 0 0 0 0 0 0 0 0 0 0 0 0 0 0 0 0 0 0 0 0 0 0 0 0 0 0 0 0 0 0 0 0 0 0 0 0 0 0 0 0 0 0 0 0 0 0 0 0 0 0 0 0 0 0 0 0 0 0 0 0 0 0 0 0 0 0 0 0 0 0 0 0 0 0 0 0 0 
0 0 0 0 0 0 0 0 0 0 0 0 0 0 0 0 0 0 0 0 0 0 0 0 0 0 0 0 0 0 0 0 0 0 0 0 0 0 0 0 0 0 0 0 0 0 0 0 0 0 0 0 0 0 0 0 0 0 0 0 0 0 0 0 0 0 0 0 0 0 0 0 0 0 0 0 0 0 0 0 0 0 0 0 0 0 0 0 0 0 0 0 0 0 0 0 0 0 0 0 0 0 0 0 0 0 0 0 0 0 0 0 0 0 0 0 0 0 0 0 0 0 0 0 0 0 24929 56798 65279 65536 65279 43691 12336 0 0 0 0 0 0 0 0 0 0 0 0 0 0 0 0 0 0 0 35210 63737 64765 65022 65022 65022 65022 65022 60653 12336 0 0 0 0 0 0 0 0 0 0 0 0 0 0 0 0 0 52686 64508 65022 65022 65022 65022 65022 65022 65022 65022 41121 0 0 0 0 0 0 0 0 0 0 0 0 0 0 0 0 0 55256 65022 65022 65022 65022 65022 65022 65022 65022 65022 62195 11822 0 0 0 0 0 0 0 0 0 0 0 0 0 0 0 0 38037 65022 65022 65022 65022 65022 65022 65022 65022 65022 65022 28270 0 0 0 0 0 0 0 0 0 0 0 0 0 0 0 8738 58854 65022 65022 65022 65022 65022 65022 65022 65022 65022 62452 13878 0 0 0 0 0 0 0 0 0 0 0 0 0 0 21588 58854 65022 65022 65022 65022 65022 65022 65022 53714 65022 65022 65022 28270 0 0 0 0 0 0 0 0 0 0 0 0 0 8481 54742 65022 65022 65022 65022 65022 42149 11565 11565 10794 57826 65022 65022 55770 0 0 0 0 0 0 0 0 0 0 0 0 0 53714 65022 65022 65022 65022 65022 60396 11822 0 0 0 41892 65022 65022 64508 23901 0 0 0 0 0 0 0 0 0 0 0 22102 63994 65022 65022 65022 65022 51658 18761 0 0 0 7967 59882 65022 65022 62452 6939 0 0 0 0 0 0 0 0 0 0 22616 55770 65022 65022 65022 65022 42149 3341 0 0 0 0 17990 65022 65022 65022 61681 0 0 0 0 0 0 0 0 0 0 0 30326 65022 65022 65022 65022 25186 3341 0 0 0 0 15420 59111 65022 65022 65022 37523 0 0 0 0 0 0 0 0 0 0 0 30326 65022 65022 65022 60910 8224 0 0 0 0 15420 59111 65022 65022 65022 61681 8738 0 0 0 0 0 0 0 0 0 0 0 30326 65022 65022 65022 41635 0 0 0 7967 17990 59111 65022 65022 65022 65022 60139 0 0 0 0 0 0 0 0 0 0 0 0 30326 65022 65022 65022 44462 1285 2827 17990 59882 65022 65022 65022 65022 65022 65022 55770 0 0 0 0 0 0 0 0 0 0 0 0 30326 65022 65022 65022 65022 43948 47803 65022 65022 65022 65022 65022 65022 65022 40093 10280 0 0 0 0 0 0 0 0 0 0 0 0 30326 65022 65022 65022 65022 65022 65022 65022 65022 65022 65022 65022 56541 26728 10280 0 0 0 0 0 0 0 0 0 0 0 0 0 13107 60139 64765 65022 65022 65022 65022 65022 65022 65022 65022 56541 9509 0 0 0 0 0 0 0 0 0 0 0 0 0 0 0 0 0 27756 60653 65022 65022 65022 64508 64765 63737 39065 9252 0 0 0 0 0 0 0 0 0 0 0 0 0 0 0 0 0 0 0 12336 31611 60139 54742 22873 24672 8224 0 0 0 0 0 0 0 0 0 0 0 0 0 0 0 0 0 0 0 0 0 0 0 0 0 0 0 0 0 0 0 0 0 0 0 0 0 0 0 0 0 0 0 0 0 0 0 0 0 0 0 0 0 0 0 0 0 0 0 0 0 0 0 0 0 0 0 0 0 0 0 0 0 0 0 0 0 0 0 0 0 0 0 0 0 0 0 0 0 0 0 0 0 0 0 0 0 0 0 0 0 0 0 0 0 0 0 0 0 0 0 0 0 0 0 0 0 0 0 0 0 0 0 0 
0 0 0 0 0 0 0 0 0 0 0 0 0 0 0 0 0 0 0 0 0 0 0 0 0 0 0 0 0 0 0 0 0 0 0 0 0 0 0 0 0 0 0 0 0 0 0 0 0 0 0 0 0 0 0 0 0 0 0 0 0 0 0 0 0 0 0 0 0 0 0 0 0 0 0 0 0 0 0 0 0 0 0 0 0 0 0 0 0 0 0 0 0 0 0 0 0 0 0 0 0 0 0 0 0 0 0 0 0 0 0 0 0 0 0 0 0 0 0 0 0 0 0 0 0 0 0 0 0 0 0 0 0 0 0 0 0 0 0 0 0 0 0 0 0 0 0 0 0 0 0 0 0 0 0 0 0 0 0 0 0 0 0 0 0 0 0 0 0 0 0 0 0 0 0 0 0 0 0 0 0 0 0 0 0 0 0 0 0 0 0 0 0 0 0 0 0 0 0 0 0 257 9766 30840 37523 37523 58854 65279 65536 65536 65279 47032 37523 5654 0 0 0 0 0 0 0 0 0 0 0 0 0 0 0 1542 65022 65022 65022 65022 65022 65022 65022 65022 65022 65022 65022 40607 6425 0 0 0 0 0 0 0 0 0 0 0 0 0 0 13364 65022 65022 65022 65022 64765 61938 53714 63737 63737 65022 65022 65022 32897 0 0 0 0 0 0 0 0 0 0 0 0 0 0 771 42663 53971 52686 26214 17476 0 0 0 2313 47289 65022 65022 51144 2056 0 0 0 0 0 0 0 0 0 0 0 0 0 0 0 0 0 0 0 0 0 0 0 4112 56027 65022 65022 31868 0 0 0 0 0 0 0 0 0 0 0 0 0 0 0 0 0 0 0 0 0 0 0 0 39836 65022 65022 51144 771 0 0 0 0 0 0 0 0 0 0 0 0 0 0 0 0 0 0 0 0 0 0 0 25186 65022 65022 65022 1285 0 0 0 0 0 0 0 0 0 0 0 0 0 0 0 0 0 0 0 0 0 0 0 25186 65022 65022 44719 514 0 0 0 0 0 0 0 0 0 0 0 0 0 0 0 0 0 0 0 0 0 0 0 26985 65022 65022 38551 0 0 0 0 0 0 0 0 0 0 0 0 0 0 0 0 0 0 0 0 0 0 0 0 52943 65022 65022 32897 0 0 0 0 0 0 0 0 0 0 0 0 0 0 0 0 0 0 0 0 0 0 0 5654 57312 65022 59111 6939 0 0 0 0 0 0 0 0 0 0 0 0 0 0 0 0 0 0 0 0 0 0 0 29812 65022 65022 46004 0 0 0 0 0 0 0 0 0 0 0 0 0 0 0 0 0 0 0 0 0 0 0 3855 57569 65022 63480 15934 0 0 0 0 0 0 0 0 0 0 0 0 0 0 0 0 0 0 0 0 0 0 0 28270 65022 65022 47546 0 0 0 0 0 0 0 0 0 0 0 0 0 0 0 0 0 0 0 0 0 0 0 12850 62195 65022 65022 27499 0 0 0 0 0 0 0 0 0 0 0 0 0 0 0 0 0 0 0 0 0 0 0 31097 65022 65022 58597 2056 0 0 0 0 0 0 0 0 0 0 0 0 0 0 0 0 0 0 0 0 0 0 23130 62966 65022 65022 16962 0 0 0 0 0 0 0 0 0 0 0 0 0 0 0 0 0 0 0 0 0 0 771 44719 65022 65022 50116 257 0 0 0 0 0 0 0 0 0 0 0 0 0 0 0 0 0 0 0 0 0 0 4369 65022 65022 65022 49859 0 0 0 0 0 0 0 0 0 0 0 0 0 0 0 0 0 0 0 0 0 0 0 771 33154 65022 48317 7453 0 0 0 0 0 0 0 0 0 0 0 0 0 0 0 0 0 0 0 0 0 0 0 0 0 0 0 0 0 0 0 0 0 0 0 0 0 0 0 0 
0 0 0 0 0 0 0 0 0 0 0 0 0 0 0 0 0 0 0 0 0 0 0 0 0 0 0 0 0 0 0 0 0 0 0 0 0 0 0 0 0 0 0 0 0 0 0 0 0 0 0 0 0 0 0 0 0 0 0 0 0 0 0 0 0 0 0 0 0 0 0 0 0 0 0 0 0 0 0 0 0 0 0 0 0 0 0 0 0 0 0 0 0 0 0 0 0 0 0 0 0 0 0 0 0 0 0 0 0 0 0 0 0 0 0 0 0 0 0 0 0 0 0 0 0 0 0 0 0 0 0 0 0 0 0 0 0 0 0 0 0 0 0 0 0 0 0 0 0 0 0 0 0 0 0 0 0 0 0 0 0 0 0 0 0 0 0 0 0 0 0 0 0 0 0 0 0 0 0 0 0 13107 33925 39065 59882 65279 54742 33925 2570 0 0 0 0 0 0 0 0 0 0 0 0 0 0 0 0 0 0 15934 47032 65022 64765 65022 64765 65022 64765 65022 23387 0 0 0 0 0 0 0 0 0 0 0 0 0 0 0 0 2827 44462 65279 65022 65279 65022 65279 65022 65279 65022 65279 65022 5397 0 0 0 0 0 0 0 0 0 0 0 0 0 0 0 33925 64765 65022 64765 65022 43948 23387 44205 65022 64765 65022 64765 26214 0 0 0 0 0 0 0 0 0 0 0 0 0 0 21074 65536 65022 65279 44205 0 0 0 52172 65279 65022 65279 65022 26214 0 0 0 0 0 0 0 0 0 0 0 0 0 0 52172 65022 64765 44205 2570 0 0 0 52172 65022 64765 65022 64765 5140 0 0 0 0 0 0 0 0 0 0 0 0 0 0 52172 65279 65022 44462 13107 13107 33925 54999 65022 65279 65022 65279 12850 0 0 0 0 0 0 0 0 0 0 0 0 0 0 0 52172 65022 64765 65022 64765 65022 64765 65022 64765 65022 64765 44205 2570 0 0 0 0 0 0 0 0 0 0 0 0 0 0 0 41892 65279 65022 65279 65022 65279 65022 65279 65022 65279 59882 0 0 0 0 0 0 0 0 0 0 0 0 0 0 0 0 0 0 12850 23387 12850 12850 23387 64765 65022 64765 65022 28527 0 0 0 0 0 0 0 0 0 0 0 0 0 0 0 0 0 0 0 0 0 0 33925 65022 65279 65022 47032 0 0 0 0 0 0 0 0 0 0 0 0 0 0 0 0 0 0 0 0 0 0 0 65022 64765 65022 64765 5140 0 0 0 0 0 0 0 0 0 0 0 0 0 0 0 0 0 0 0 0 0 0 41892 65279 65022 65279 38808 0 0 0 0 0 0 0 0 0 0 0 0 0 0 0 0 0 0 0 0 0 0 10537 62452 65022 64765 59882 12850 0 0 0 0 0 0 0 0 0 0 0 0 0 0 0 0 0 0 0 0 0 0 29041 65022 65279 65022 36495 0 0 0 0 0 0 0 0 0 0 0 0 0 0 0 0 0 0 0 0 0 0 0 49602 64765 65022 64765 5140 0 0 0 0 0 0 0 0 0 0 0 0 0 0 0 0 0 0 0 0 0 0 26471 65536 65022 65536 23387 0 0 0 0 0 0 0 0 0 0 0 0 0 0 0 0 0 0 0 0 0 0 5397 52172 65022 64765 65022 12850 0 0 0 0 0 0 0 0 0 0 0 0 0 0 0 0 0 0 0 0 0 0 13364 65022 65536 65022 52172 5140 0 0 0 0 0 0 0 0 0 0 0 0 0 0 0 0 0 0 0 0 0 0 2570 54485 65022 43948 5140 0 0 0 0 0 0 0 0 0 0 0 0 0 0 0 0 0 0 0 0 0 0 0 0 0 0 0 0 0 0 0 0 0 0 0 0 0 0 0 0 0 0 0 0 0 0 0 0 0 0 0 0 0 0 0 0 0 0 0 0 0 0 0 0 0 0 0 0 0 0 
0 0 0 0 0 0 0 0 0 0 0 0 0 0 0 0 0 0 0 0 0 0 0 0 0 0 0 0 0 0 0 0 0 0 0 0 0 0 0 0 0 0 0 0 0 0 0 0 0 0 0 0 0 0 0 0 0 0 0 0 0 0 0 0 0 0 0 0 0 0 0 0 0 0 0 0 0 0 0 0 0 0 0 0 0 0 0 0 0 0 0 0 0 0 0 0 0 0 0 0 0 0 0 0 0 0 0 0 0 0 0 0 0 0 0 0 0 0 0 0 0 0 0 0 0 0 0 0 0 0 0 0 0 0 0 0 0 0 0 0 0 0 0 0 0 0 0 0 0 0 0 0 0 0 0 0 3341 30326 30326 63737 65536 30326 0 0 0 0 0 0 0 0 0 0 0 0 0 0 0 0 0 0 0 0 20303 50630 60653 65022 65022 65022 65022 63737 34953 9509 0 0 0 0 0 0 0 0 0 0 0 0 0 0 0 0 34439 54742 63223 65022 65022 65022 65022 46518 51915 65022 65022 54228 0 0 0 0 0 0 0 0 0 0 0 0 0 0 10537 49345 64765 65022 65022 62452 50887 30840 15677 771 29041 65022 65022 51915 0 0 0 0 0 0 0 0 0 0 0 0 0 30326 56541 65022 65022 61938 27499 16962 0 0 0 3855 57826 65022 63737 21331 0 0 0 0 0 0 0 0 0 0 0 0 8481 56541 65022 65022 46261 16962 0 0 0 0 0 47546 65022 65022 33154 0 0 0 0 0 0 0 0 0 0 0 0 0 14392 65022 65022 47803 771 0 0 0 0 0 16705 63480 65022 56798 9509 0 0 0 0 0 0 0 0 0 0 0 0 0 14392 65022 65022 31611 0 0 0 0 0 36238 64251 65022 55770 8738 0 0 0 0 0 0 0 0 0 0 0 0 0 0 1542 46261 65022 61681 13878 0 0 23644 58340 62195 65022 65022 31611 0 0 0 0 0 0 0 0 0 0 0 0 0 0 0 0 34439 65022 65022 44462 17733 46518 61938 65022 65022 56284 13878 1799 0 0 0 0 0 0 0 0 0 0 0 0 0 0 0 0 2570 45747 65022 65022 65022 65022 65022 63737 32639 8995 0 0 0 0 0 0 0 0 0 0 0 0 0 0 0 0 0 1542 12079 56027 65022 65022 65022 65022 33925 20303 0 0 0 0 0 0 0 0 0 0 0 0 0 0 0 0 0 0 11308 43177 65022 65022 65022 63994 65022 65022 17476 0 0 0 0 0 0 0 0 0 0 0 0 0 0 0 0 0 0 0 36752 65022 65022 63223 33154 29298 65022 65022 34439 0 0 0 0 0 0 0 0 0 0 0 0 0 0 0 0 0 0 37780 64508 65022 42149 3084 0 28527 65022 65022 52686 0 0 0 0 0 0 0 0 0 0 0 0 0 0 0 0 0 0 60139 65022 52686 2827 0 0 28527 65022 65022 41121 0 0 0 0 0 0 0 0 0 0 0 0 0 0 0 0 0 0 60139 65022 50887 0 0 0 36752 65022 65022 17476 0 0 0 0 0 0 0 0 0 0 0 0 0 0 0 0 0 0 31354 63480 60910 22102 10794 29041 64765 65022 46775 5140 0 0 0 0 0 0 0 0 0 0 0 0 0 0 0 0 0 0 0 31354 63737 65022 65022 65022 65022 63223 11308 0 0 0 0 0 0 0 0 0 0 0 0 0 0 0 0 0 0 0 0 0 22873 53714 65022 65022 49602 19275 0 0 0 0 0 0 0 0 0 0 0 0 0 0 0 0 0 0 0 0 0 0 0 0 0 0 0 0 0 0 0 0 0 0 0 0 0 0 0 0 0 0 0 0 0 0 0 0 0 0 0 0 0 0 0 0 0 0 0 0 0 0 0 0 0 0 0 0 0 0 0 0 0 0 0 0 0 0 0 0 0 0 0 0 0 0 0 0 0 0 0 0 0 0 0 0 0 0 
0 0 0 0 0 0 0 0 0 0 0 0 0 0 0 0 0 0 0 0 0 0 0 0 0 0 0 0 0 0 0 0 0 0 0 0 0 0 0 0 0 0 0 0 0 0 0 0 0 0 0 0 0 0 0 0 0 0 0 0 0 0 0 0 0 0 0 0 0 0 0 0 0 0 0 0 0 0 0 0 0 0 0 0 0 0 0 0 0 0 0 0 0 0 0 0 0 0 0 0 0 0 0 0 0 0 0 0 0 0 0 0 0 0 0 0 0 0 0 0 0 0 0 0 0 0 0 0 0 0 0 0 0 0 0 0 0 0 0 0 0 0 0 0 0 0 0 0 0 0 0 0 0 0 32897 16448 0 0 0 0 0 0 0 0 0 0 0 0 0 0 0 0 0 0 0 0 0 0 0 0 16448 49088 65536 65536 0 0 0 0 0 0 0 16448 32897 16448 0 0 0 0 0 0 0 0 0 0 0 0 0 0 32897 65536 65536 65536 0 0 0 0 0 0 16448 65536 65536 65536 0 0 0 0 0 0 0 0 0 0 0 0 16448 32897 65536 65536 65536 32897 0 0 0 0 16448 32897 65536 65536 65536 32897 0 0 0 0 0 0 0 0 0 0 0 16448 49088 65536 65536 65536 32897 0 0 0 0 0 49088 65536 65536 65536 49088 0 0 0 0 0 0 0 0 0 0 0 32897 49088 65536 65536 65536 32897 0 0 0 0 16448 49088 65536 65536 65536 49088 0 0 0 0 0 0 0 0 0 0 0 0 65536 65536 65536 65536 65536 0 0 0 0 0 49088 65536 65536 65536 65536 0 0 0 0 0 0 0 0 0 0 0 16448 49088 65536 65536 65536 65536 16448 0 0 0 16448 65536 65536 65536 65536 49088 16448 0 0 0 0 0 0 0 0 0 0 0 32897 65536 65536 65536 65536 49088 0 0 0 16448 65536 65536 65536 65536 65536 32897 0 32897 0 0 0 0 0 0 0 0 0 0 49088 65536 65536 65536 32897 0 0 0 16448 49088 65536 65536 65536 65536 65536 65536 65536 49088 16448 0 0 0 0 0 0 0 0 0 32897 65536 65536 65536 65536 32897 49088 65536 65536 65536 65536 65536 65536 65536 65536 65536 65536 16448 0 0 0 0 0 0 0 0 0 0 49088 65536 65536 65536 65536 65536 65536 65536 65536 65536 65536 65536 65536 65536 65536 32897 16448 0 0 0 0 0 0 0 0 0 0 0 0 49088 65536 65536 65536 65536 65536 65536 65536 65536 65536 65536 32897 32897 0 0 0 0 0 0 0 0 0 0 0 0 0 0 0 0 32897 49088 65536 65536 65536 65536 65536 49088 32897 0 0 0 0 0 0 0 0 0 0 0 0 0 0 0 0 0 0 0 0 32897 65536 65536 65536 65536 65536 16448 0 0 0 0 0 0 0 0 0 0 0 0 0 0 0 0 0 0 0 0 16448 65536 65536 65536 65536 49088 16448 0 0 0 0 0 0 0 0 0 0 0 0 0 0 0 0 0 0 0 0 0 65536 65536 65536 65536 65536 32897 0 0 0 0 0 0 0 0 0 0 0 0 0 0 0 0 0 0 0 0 0 16448 65536 65536 65536 65536 49088 0 0 0 0 0 0 0 0 0 0 0 0 0 0 0 0 0 0 0 0 0 0 0 65536 65536 65536 65536 16448 0 0 0 0 0 0 0 0 0 0 0 0 0 0 0 0 0 0 0 0 0 0 0 16448 32897 32897 0 0 0 0 0 0 0 0 0 0 0 0 0 0 0 0 0 0 0 0 0 0 0 0 0 0 0 0 0 0 0 0 0 0 0 0 0 0 0 0 0 0 0 0 0 0 0 0 0 0 0 0 0 0 0 0 0 0 0 0 0 0 0 0 0 0 0 0 0 0 0 0 0 0 0 0 0 0 0 0 0 0 0 0 0 0 0 0 0 0 0 0 0 0 0 0 0 0 0 0 0 
0 0 0 0 0 0 0 0 0 0 0 0 0 0 0 0 0 0 0 0 0 0 0 0 0 0 0 0 0 0 0 0 0 0 0 0 0 0 0 0 0 0 0 0 0 0 0 0 0 0 0 0 0 0 0 0 0 0 0 0 0 0 0 0 0 0 0 0 0 0 0 0 0 0 0 0 0 0 0 0 0 0 0 0 0 0 0 0 0 0 0 0 0 0 0 0 0 0 0 0 0 0 0 0 0 0 0 0 0 0 0 0 0 0 0 0 0 0 0 0 0 0 0 0 0 0 0 0 0 0 0 0 0 0 0 0 0 0 0 0 0 0 0 0 0 0 0 0 0 0 0 0 0 0 0 0 0 0 0 0 0 0 0 0 0 0 0 0 0 0 0 0 0 0 0 0 0 0 0 0 0 0 0 0 0 0 0 0 0 0 0 0 0 0 0 0 0 0 0 0 0 0 0 0 0 0 0 0 0 0 0 0 0 0 3341 6168 3855 6168 6168 6168 1799 0 0 0 0 0 0 0 0 0 0 0 0 0 0 0 0 30583 47289 47289 47289 47546 57055 65022 58597 65279 65022 65022 52172 0 0 0 0 0 0 0 0 0 0 0 0 0 0 0 0 65279 65279 65279 65279 65279 65279 65279 65279 65536 65279 65279 58597 0 0 0 0 0 0 0 0 0 0 0 0 0 0 3341 52943 65279 65022 55256 52943 38037 29555 38037 29555 29555 29555 18761 3855 0 0 0 0 0 0 0 0 0 0 0 0 0 5654 41378 65022 65279 25186 2313 0 0 0 0 0 0 0 0 0 0 0 0 0 0 0 0 0 0 0 0 0 0 37780 65022 65022 65279 27499 4369 0 0 0 0 0 0 0 0 0 0 0 0 0 0 0 0 0 0 0 0 0 39322 65279 65279 65279 65279 65279 65279 47803 15420 0 0 0 0 0 0 0 0 0 0 0 0 0 0 0 0 0 0 17476 65279 65022 65022 65022 65279 53971 62709 65022 54999 3341 0 0 0 0 0 0 0 0 0 0 0 0 0 0 0 0 0 0 26985 52686 33154 11822 11822 1028 16705 65022 63480 5397 0 0 0 0 0 0 0 0 0 0 0 0 0 0 0 0 0 0 0 0 0 0 0 0 29812 65022 53971 2313 0 0 0 0 0 0 0 0 0 0 0 0 0 0 11565 54485 35467 0 0 0 0 0 0 0 53457 65279 53971 2313 0 0 0 0 0 0 0 0 0 0 0 0 0 0 56798 65022 18247 0 0 2313 7710 12079 33411 59111 63994 65022 8738 0 0 0 0 0 0 0 0 0 0 0 0 0 0 0 43691 65022 59625 53200 36238 55513 60653 65022 65279 65022 64508 50373 4369 0 0 0 0 0 0 0 0 0 0 0 0 0 0 0 39065 65022 65022 65022 65279 65022 65022 65022 65279 60653 20303 0 0 0 0 0 0 0 0 0 0 0 0 0 0 0 0 0 0 4369 23901 32639 47546 47289 47289 47289 23901 2313 0 0 0 0 0 0 0 0 0 0 0 0 0 0 0 0 0 0 0 0 0 0 0 0 0 0 0 0 0 0 0 0 0 0 0 0 0 0 0 0 0 0 0 0 0 0 0 0 0 0 0 0 0 0 0 0 0 0 0 0 0 0 0 0 0 0 0 0 0 0 0 0 0 0 0 0 0 0 0 0 0 0 0 0 0 0 0 0 0 0 0 0 0 0 0 0 0 0 0 0 0 0 0 0 0 0 0 0 0 0 0 0 0 0 0 0 0 0 0 0 0 0 0 0 0 0 0 0 0 0 0 0 0 0 0 0 0 0 0 0 0 0 0 0 0 0 0 0 0 0 0 0 0 0 0 0 0 0 0 0 0 0 0 0 0 0 0 0 0 0 0 0 0 0 0 0 0 0 0 0 0 
0 0 0 0 0 0 0 0 0 0 0 0 0 0 0 0 0 0 0 0 0 0 0 0 0 0 0 0 0 0 0 0 0 0 0 0 0 0 0 0 0 0 0 0 0 0 0 0 0 0 0 0 0 0 0 0 0 0 0 0 0 0 0 0 0 0 0 0 0 0 0 0 0 0 0 0 0 0 0 0 0 0 0 0 0 0 0 0 0 0 0 0 0 0 0 0 0 0 0 0 0 0 0 0 0 0 0 0 0 0 0 0 0 0 0 0 0 0 0 0 0 0 0 17990 41892 65279 52943 44719 0 0 0 0 0 0 0 0 0 0 0 0 0 0 0 0 0 0 0 0 0 0 0 51144 65022 65022 65022 62709 21331 0 0 0 0 0 0 0 0 0 0 0 0 0 0 0 0 0 0 0 0 0 0 59625 65022 65022 65022 65279 48060 0 0 0 0 0 0 0 0 0 0 0 0 0 0 0 0 0 0 0 0 0 0 30069 65022 65022 65022 65279 49602 1028 0 0 0 0 0 0 0 0 0 0 0 0 0 0 0 0 0 0 0 0 0 1028 48574 65022 65022 65279 65022 11308 0 0 0 0 0 0 0 0 0 0 0 0 0 0 0 0 0 0 0 0 0 12336 59625 65022 65022 65279 51658 2570 0 0 0 0 0 0 0 0 0 0 0 0 0 0 0 0 0 0 0 0 11051 59882 65022 65022 65022 65279 63737 35981 2570 0 0 0 0 0 0 0 0 0 0 0 0 0 0 0 0 0 0 0 22873 65022 65022 65022 65022 65279 65022 65022 49345 4112 0 0 0 0 0 0 0 0 0 0 0 0 0 0 0 0 0 0 22873 65022 65022 65022 65022 65279 65022 65022 65022 43434 0 0 0 0 0 0 0 0 0 0 0 0 0 0 0 0 0 0 22873 65022 65022 65022 65022 65279 65022 65022 65022 63223 12336 0 0 0 0 0 0 0 0 0 0 0 0 0 0 0 0 0 10023 28527 28527 7453 12593 28784 48317 63994 65279 65279 26471 0 0 0 0 0 0 0 0 0 0 0 0 0 0 0 0 0 0 0 0 0 0 0 0 46518 65022 65022 14135 0 0 0 0 0 0 0 0 0 0 0 0 0 0 0 0 0 0 0 0 0 0 0 0 49088 65022 65022 14135 0 0 0 0 0 0 0 0 0 0 0 0 0 0 0 0 3855 5911 514 0 0 0 4626 41635 64765 65022 63994 12850 0 0 0 0 0 0 0 0 0 0 0 0 0 0 0 0 42663 65022 30326 0 4369 14392 45747 65022 65022 65022 50887 0 0 0 0 0 0 0 0 0 0 0 0 0 0 0 0 0 42663 65022 64508 51144 55513 65022 65279 65022 65022 53200 20817 0 0 0 0 0 0 0 0 0 0 0 0 0 0 0 0 0 42663 65022 65022 65022 65022 65022 65279 65022 63994 17476 0 0 0 0 0 0 0 0 0 0 0 0 0 0 0 0 0 0 42663 65022 65022 65022 65022 65022 65536 62195 20303 0 0 0 0 0 0 0 0 0 0 0 0 0 0 0 0 0 0 0 21588 65022 65022 65022 65022 56541 41635 12593 0 0 0 0 0 0 0 0 0 0 0 0 0 0 0 0 0 0 0 0 2056 40607 65022 65022 43948 8481 0 0 0 0 0 0 0 0 0 0 0 0 0 0 0 0 0 0 0 0 0 0 0 0 0 0 0 0 0 0 0 0 0 0 0 0 0 0 0 0 0 0 0 0 0 0 0 0 0 0 0 0 0 0 0 0 0 0 0 0 0 0 0 0 0 0 0 0 0 0 0 0 0 0 0 0 0 0 0 0 0 0 0 0 0 0 0 0 0 0 0 0 0 0 0 0 0 0 0 0 0 0 0 0 0 0 0 0 0 0 0 0 0 0 0 0 0 0 0 0 0 0 0 0 0 
0 0 0 0 0 0 0 0 0 0 0 0 0 0 0 0 0 0 0 0 0 0 0 0 0 0 0 0 0 0 0 0 0 0 0 0 0 0 0 0 0 0 0 0 0 0 0 0 0 0 0 0 0 0 0 0 0 0 0 0 0 0 0 0 0 0 0 0 0 0 0 0 0 0 0 0 0 0 0 0 0 0 0 0 0 0 0 0 0 0 0 0 0 0 0 0 0 0 0 0 0 0 0 0 0 0 0 0 0 0 0 0 0 0 0 0 0 0 0 0 0 0 0 0 0 0 0 0 0 0 0 0 0 0 0 0 0 0 0 0 0 0 0 0 0 0 0 0 0 0 0 0 0 0 0 0 37780 14649 0 0 0 0 0 0 0 0 0 0 0 0 0 0 0 0 0 0 0 11051 41635 20560 0 0 0 29555 64765 50373 0 0 0 0 0 0 0 0 0 0 0 0 0 0 0 0 0 0 0 22359 65279 62195 7196 0 0 44462 65279 64765 16448 0 0 0 0 0 0 0 0 0 0 0 0 0 0 0 0 0 0 22359 65279 65279 43948 0 0 44462 65279 65279 46518 0 0 0 0 0 0 0 0 0 0 0 0 0 0 0 0 0 0 33925 65279 65279 44205 0 514 46518 65279 65279 44462 0 0 0 0 0 0 0 0 0 0 0 0 0 0 0 0 0 0 47032 65279 65279 44205 0 12336 65279 65279 65279 22102 0 0 0 0 0 0 0 0 0 0 0 0 0 0 0 0 0 0 47032 65279 65279 30069 13878 54999 65279 65279 65279 22102 0 0 0 0 0 0 0 0 0 0 0 0 0 0 0 0 0 0 35724 65279 65279 65279 65279 65279 65279 65279 65279 20560 0 0 0 0 0 0 0 0 0 0 0 0 0 0 0 0 0 0 22359 65279 65279 65279 65279 65279 65279 65279 62966 0 0 0 0 0 0 0 0 0 0 0 0 0 0 0 0 0 0 0 9766 54742 65279 65279 65279 65279 65279 65279 53457 0 0 0 0 0 0 0 0 0 0 0 0 0 0 0 0 0 0 0 0 7710 27756 36752 60396 53971 65279 65279 62966 0 0 0 0 0 0 0 0 0 0 0 0 0 0 0 0 0 0 0 0 0 0 0 0 28784 65279 65279 62966 0 0 0 0 0 0 0 0 0 0 0 0 0 0 0 0 0 0 0 0 0 0 0 0 28784 65279 65279 62966 0 0 0 0 0 0 0 0 0 0 0 0 0 0 0 0 0 0 0 0 0 0 0 0 8995 65279 65279 65022 17733 0 0 0 0 0 0 0 0 0 0 0 0 0 0 0 0 0 0 0 0 0 0 0 10794 65279 65279 65279 22102 0 0 0 0 0 0 0 0 0 0 0 0 0 0 0 0 0 0 0 0 0 0 0 6168 65279 65279 65279 22102 0 0 0 0 0 0 0 0 0 0 0 0 0 0 0 0 0 0 0 0 0 0 0 1028 49088 65279 65279 22616 0 0 0 0 0 0 0 0 0 0 0 0 0 0 0 0 0 0 0 0 0 0 0 1028 50116 65279 65279 46775 0 0 0 0 0 0 0 0 0 0 0 0 0 0 0 0 0 0 0 0 0 0 0 3341 62709 65279 65279 46775 0 0 0 0 0 0 0 0 0 0 0 0 0 0 0 0 0 0 0 0 0 0 0 0 44462 65279 65279 46775 0 0 0 0 0 0 0 0 0 0 0 0 0 0 0 0 0 0 0 0 0 0 0 0 0 0 0 0 0 0 0 0 0 0 0 0 0 0 0 0 0 0 0 0 0 0 0 0 0 0 0 0 0 0 0 0 0 0 0 0 0 0 0 0 0 0 0 0 0 0 0 0 0 0 0 0 0 0 0 0 0 0 0 0 0 0 0 0 0 0 0 0 0 
0 0 0 0 0 0 0 0 0 0 0 0 0 0 0 0 0 0 0 0 0 0 0 0 0 0 0 0 0 0 0 0 0 0 0 0 0 0 0 0 0 0 0 0 0 0 0 0 0 0 0 0 0 0 0 0 0 0 0 0 0 0 0 0 0 0 0 0 0 0 0 0 0 0 0 0 0 0 0 0 0 0 0 0 0 0 0 0 0 0 0 0 0 0 0 0 0 0 0 0 0 0 0 0 0 0 0 0 0 0 0 0 0 0 0 0 0 0 0 0 0 0 0 0 0 0 0 0 0 0 0 0 0 0 0 0 0 0 0 0 0 0 0 0 0 0 0 0 0 0 0 0 0 0 0 0 0 0 28270 38551 65022 65022 65536 8995 0 0 0 0 0 0 0 0 0 0 0 0 0 0 0 0 0 0 0 5397 45233 55770 65022 64765 64765 64765 65022 30583 0 0 0 0 0 0 0 0 0 0 0 0 0 0 0 0 0 0 25443 51658 64765 64765 65022 64765 64765 64765 65022 8995 0 0 0 0 0 0 0 0 0 0 0 0 0 0 0 0 5397 37009 65022 64765 64765 64765 65022 64765 64765 64765 65022 8995 0 0 0 0 0 0 0 0 0 0 0 0 0 0 0 24158 54228 64765 65022 64765 44719 15934 0 0 25443 64765 65022 8995 0 0 0 0 0 0 0 0 0 0 0 0 0 257 34439 63480 64765 64765 57055 14135 2570 0 0 16191 62195 64765 40864 1285 0 0 0 0 0 0 0 0 0 0 0 0 0 26985 64765 64765 64765 64765 32125 0 0 0 0 45233 64765 59368 10537 0 0 0 0 0 0 0 0 0 0 0 0 0 0 37009 64765 64765 64765 43177 0 0 0 0 16191 60910 59368 11822 0 0 0 0 0 0 0 0 0 0 0 0 0 0 0 257 65022 65022 55770 0 0 0 0 0 65536 65022 39579 0 0 0 0 0 0 0 0 0 0 0 0 0 0 0 0 32125 64765 59368 18247 0 0 0 2827 39836 65022 48574 2570 0 0 0 0 0 0 0 0 0 0 0 0 0 0 0 1542 41121 64765 40607 0 0 0 0 35981 64765 65022 19532 0 0 0 0 0 0 0 0 0 0 0 0 0 0 0 0 9509 64765 64765 8995 0 0 0 10794 56798 64765 49088 3855 0 0 0 0 0 0 0 0 0 0 0 0 0 0 0 0 9509 65022 65022 8995 0 0 12079 59882 65022 49088 0 0 0 0 0 0 0 0 0 0 0 0 0 0 0 0 0 0 41378 64765 40607 1285 0 0 38551 64765 46004 3855 0 0 0 0 0 0 0 0 0 0 0 0 0 0 0 0 0 13621 59625 64765 36752 0 1542 9509 65022 61938 15677 0 0 0 0 0 0 0 0 0 0 0 0 0 0 0 0 0 0 18761 64765 64765 36752 0 9509 64765 65022 24929 0 0 0 0 0 0 0 0 0 0 0 0 0 0 0 0 0 0 0 18761 65022 65022 37009 34696 65022 65022 21588 0 0 0 0 0 0 0 0 0 0 0 0 0 0 0 0 0 0 0 0 18761 64765 64765 60910 63480 61938 46004 0 0 0 0 0 0 0 0 0 0 0 0 0 0 0 0 0 0 0 0 0 16191 61938 64765 64765 64765 50116 0 0 0 0 0 0 0 0 0 0 0 0 0 0 0 0 0 0 0 0 0 0 0 25186 64765 64765 32897 7967 0 0 0 0 0 0 0 0 0 0 0 0 0 0 0 0 0 0 0 0 0 0 0 0 0 0 0 0 0 0 0 0 0 0 0 0 0 0 0 0 0 0 0 0 0 0 0 0 0 0 0 0 0 0 0 0 0 0 0 0 0 0 0 0 0 0 0 0 0 0 0 0 0 0 0 0 0 0 0 0 0 0 0 0 0 0 0 0 0 0 0 0 0 0 0 0 0 0 0 
0 0 0 0 0 0 0 0 0 0 0 0 0 0 0 0 0 0 0 0 0 0 0 0 0 0 0 0 0 0 0 0 0 0 0 0 0 0 0 0 0 0 0 0 0 0 0 0 0 0 0 0 0 0 0 0 0 0 0 0 0 0 0 0 0 0 0 0 0 0 0 0 17990 45747 63480 12850 0 0 0 0 0 0 0 0 0 0 0 0 0 0 0 0 0 0 0 0 0 0 0 17476 62966 53971 9509 0 0 0 0 0 0 0 0 0 0 0 0 0 0 0 0 0 0 0 0 0 0 0 7196 61681 46261 5397 0 0 0 0 0 0 0 0 0 0 0 0 0 0 0 0 0 0 0 0 0 0 0 13107 51144 38808 0 0 0 0 0 0 0 0 0 0 0 0 0 0 0 0 0 0 0 0 0 0 0 0 0 42149 52686 0 0 0 0 0 0 0 0 0 0 0 0 0 0 0 0 0 0 0 0 0 0 0 0 4369 42149 62195 29041 0 0 0 0 0 0 0 0 0 0 0 0 0 0 0 0 0 0 0 0 0 0 0 771 44719 63480 22359 0 0 0 0 0 0 0 0 0 0 0 0 0 0 0 0 0 0 0 0 0 0 0 0 40350 65022 30326 0 0 0 0 0 0 0 0 0 0 0 0 0 0 0 0 0 0 0 0 0 0 0 0 42149 65279 34953 0 0 0 0 0 0 0 0 0 0 0 0 0 0 0 0 0 0 0 0 0 0 0 0 9766 62452 42149 1542 0 0 0 0 0 0 0 0 0 0 0 0 0 0 0 0 0 0 0 0 0 0 0 0 56798 63737 10794 0 0 0 0 0 0 9766 29812 29812 13107 0 0 0 0 0 0 0 0 0 0 0 0 0 0 0 65279 27242 0 0 0 0 0 0 21845 63480 65022 65022 53971 2313 0 0 0 0 0 0 0 0 0 0 0 0 1799 43691 60653 4369 0 0 0 0 1799 26728 65279 65279 50630 47289 65536 5911 0 0 0 0 0 0 0 0 0 0 0 0 6168 65022 34439 0 0 0 0 0 23387 65022 57569 27242 1028 4369 65279 5911 0 0 0 0 0 0 0 0 0 0 0 0 6168 65022 4369 0 0 0 1799 40350 62195 32897 4369 0 17990 57569 48317 1028 0 0 0 0 0 0 0 0 0 0 0 0 1799 52172 17476 0 0 0 17990 65022 61167 6425 0 4369 57569 56284 15163 0 0 0 0 0 0 0 0 0 0 0 0 0 0 47546 30583 0 0 0 48060 57569 4369 0 24415 54485 63480 21588 0 0 0 0 0 0 0 0 0 0 0 0 0 0 0 21588 63737 24929 2313 13107 65279 18761 7710 52943 65279 49859 9509 0 0 0 0 0 0 0 0 0 0 0 0 0 0 0 0 0 33154 62195 55256 57569 65279 54228 58597 43177 20560 1028 0 0 0 0 0 0 0 0 0 0 0 0 0 0 0 0 0 0 0 14135 41121 41121 50116 41121 21845 4883 0 0 0 0 0 0 0 0 0 0 0 0 0 0 0 0 0 0 0 0 0 0 0 0 0 0 0 0 0 0 0 0 0 0 0 0 0 0 0 0 0 0 0 0 0 0 0 0 0 0 0 0 0 0 0 0 0 0 0 0 0 0 0 0 0 0 0 0 0 0 0 0 0 0 0 0 0 0 0 0 0 0 0 0 0 0 0 0 0 0 0 0 0 0 0 0 0 0 0 0 0 0 0 0 0 0 0 0 0 0 0 0 0 0 0 0 0 0 0 0 0 0 0 0 0 0 0 0 0 0 0 0 0 0 0 0 0 0 0 0 0 0 0 0 0 0 0 0 0 0 0 0 0 0 0 0 0 0 0 0 0 0 0 0 0 0 0 0 0 0 0 0 0 0 0 0 0 0 0 0 
0 0 0 0 0 0 0 0 0 0 0 0 0 0 0 0 0 0 0 0 0 0 0 0 0 0 0 0 0 0 0 0 0 0 0 0 0 0 0 0 0 0 0 0 0 0 0 0 0 0 0 0 0 0 0 0 0 0 0 0 0 0 0 0 0 0 0 0 0 0 8224 51144 19789 0 0 0 0 0 0 0 0 0 0 0 0 0 0 0 0 0 0 0 0 0 0 0 0 2056 50116 40607 514 0 0 0 0 0 0 0 0 0 0 0 0 0 0 0 0 0 0 0 0 0 0 0 0 25957 55256 3084 0 0 0 0 0 0 0 0 0 0 0 0 0 0 0 0 0 0 0 0 0 0 0 0 9252 61681 30583 0 0 0 0 0 0 0 0 0 0 0 0 0 0 0 0 0 0 0 0 0 0 0 0 0 42663 50630 771 0 0 0 0 0 0 0 0 0 0 0 0 0 0 0 0 0 0 0 0 0 0 0 0 15420 63994 8995 0 0 0 0 0 0 0 0 0 0 0 0 0 0 0 0 0 0 0 0 0 0 0 0 0 42663 41121 0 0 0 0 0 0 0 0 0 0 0 0 0 0 0 0 0 0 0 0 0 0 0 0 0 20817 64765 16448 0 0 0 0 0 0 0 0 0 0 0 0 0 0 0 0 0 0 0 0 0 0 0 0 0 22873 53971 771 0 0 0 0 0 0 0 0 0 0 0 0 0 0 0 0 0 0 0 0 0 0 0 0 0 38808 31868 0 0 0 0 0 0 0 0 0 0 0 0 0 0 0 0 0 0 0 0 0 0 0 0 0 0 53457 31868 0 0 0 13878 46261 62452 61681 14135 0 0 0 0 0 0 0 0 0 0 0 0 0 0 0 0 0 0 45490 31868 0 0 13621 57826 60653 48574 63480 38551 0 0 0 0 0 0 0 0 0 0 0 0 0 0 0 0 0 0 51144 41635 0 1799 49088 47803 5140 0 34182 38551 0 0 0 0 0 0 0 0 0 0 0 0 0 0 0 0 0 0 30583 61424 1285 14135 61424 9252 0 0 18247 38551 0 0 0 0 0 0 0 0 0 0 0 0 0 0 0 0 0 0 21331 65279 20817 23130 47546 0 0 0 39065 38551 0 0 0 0 0 0 0 0 0 0 0 0 0 0 0 0 0 0 9766 60653 50887 25443 47546 0 0 1542 63223 27499 0 0 0 0 0 0 0 0 0 0 0 0 0 0 0 0 0 0 0 42149 65279 52943 47546 0 0 24415 57826 1799 0 0 0 0 0 0 0 0 0 0 0 0 0 0 0 0 0 0 0 14392 61681 65279 64765 33154 34953 61938 28527 0 0 0 0 0 0 0 0 0 0 0 0 0 0 0 0 0 0 0 0 0 25186 61424 65279 65536 65279 54228 0 0 0 0 0 0 0 0 0 0 0 0 0 0 0 0 0 0 0 0 0 0 0 9252 34696 60653 56541 4883 0 0 0 0 0 0 0 0 0 0 0 0 0 0 0 0 0 0 0 0 0 0 0 0 0 0 0 0 0 0 0 0 0 0 0 0 0 0 0 0 0 0 0 0 0 0 0 0 0 0 0 0 0 0 0 0 0 0 0 0 0 0 0 0 0 0 0 0 0 0 0 0 0 0 0 0 0 0 0 0 0 0 0 0 0 0 0 0 0 0 0 0 0 0 0 0 0 0 0 0 0 0 0 0 0 0 0 0 0 0 0 0 0 0 0 0 0 0 0 0 0 0 0 0 0 0 0 0 0 0 0 0 0 0 0 0 0 0 0 0 0 0 0 0 0 0 0 0 0 0 0 0 0 0 0 0 0 0 0 0 0 0 0 0 0 0 0 0 0 0 0 0 0 0 0 0 0 0 
0 0 0 0 0 0 0 0 0 0 0 0 0 0 0 0 0 0 0 0 0 0 0 0 0 0 0 0 0 0 0 0 0 0 0 0 0 0 0 0 0 0 0 0 0 0 0 0 0 0 0 0 0 0 0 0 0 0 0 0 0 0 0 0 0 0 0 0 0 0 0 0 0 0 0 0 0 0 0 0 0 0 0 0 0 0 0 0 0 0 0 0 0 0 0 0 0 0 0 0 0 0 0 0 0 0 0 0 0 0 0 0 0 0 0 0 0 0 0 9252 11051 20046 40093 65022 65022 60910 29041 5654 0 0 0 0 0 0 0 0 0 0 0 0 0 0 0 0 0 33668 48831 62195 65022 64765 62966 43177 61424 65022 64765 52686 0 0 0 0 0 0 0 0 0 0 0 0 0 0 0 0 9252 59625 64765 64765 57312 32382 29812 10537 59625 65022 64765 54999 0 0 0 0 0 0 0 0 0 0 0 0 0 0 0 0 0 25957 64765 28784 8995 0 3855 57826 64765 65022 50373 1799 0 0 0 0 0 0 0 0 0 0 0 0 0 0 0 0 0 1028 10794 1799 0 0 5654 64765 64765 65022 31868 0 0 0 0 0 0 0 0 0 0 0 0 0 0 0 0 0 0 0 0 0 0 0 0 25186 63480 65279 47032 5654 0 0 0 0 0 0 0 0 0 0 0 0 0 0 0 0 0 0 0 0 0 0 0 0 35981 65022 64765 54485 16448 0 0 0 0 0 0 0 0 0 0 0 0 0 0 0 0 0 0 0 0 0 0 0 0 25700 61167 64765 63480 25700 0 0 0 0 0 0 0 0 0 0 0 0 0 0 0 0 0 0 0 0 0 0 0 0 7196 47803 64765 64765 25186 0 0 0 0 0 0 0 0 0 0 0 0 0 0 0 0 0 0 0 0 0 0 0 0 1028 35467 64765 63480 24929 0 0 0 0 0 0 0 0 0 0 0 0 0 0 0 0 0 0 0 0 0 0 0 0 0 49859 65536 65022 25700 0 0 0 0 0 0 0 0 0 0 0 0 0 0 0 0 0 0 0 0 0 0 0 0 6939 65022 64765 59368 0 0 0 0 0 0 0 0 0 0 0 0 0 0 0 0 0 0 0 0 0 0 0 0 0 65022 64765 61681 8995 0 0 0 0 0 0 0 0 0 0 0 0 0 0 0 0 0 0 0 0 0 0 0 6939 65022 64765 62966 14392 0 0 0 0 0 0 0 0 0 0 0 0 0 0 0 0 0 0 0 0 0 0 6939 54228 65022 64765 60396 3598 0 0 0 0 0 0 0 0 0 0 0 0 0 0 6425 7453 0 0 0 0 0 12336 56027 65022 65536 65022 28013 0 0 0 0 0 0 0 0 0 0 0 0 0 0 9252 58340 50373 1799 0 0 22102 31097 63480 64765 64765 65022 64765 5397 0 0 0 0 0 0 0 0 0 0 0 0 0 0 49859 65022 64765 34953 39322 59625 65022 64765 64765 64765 64765 61938 41121 514 0 0 0 0 0 0 0 0 0 0 0 0 0 0 8995 58340 64765 64765 64765 64765 65022 64765 64765 64765 39836 8995 0 0 0 0 0 0 0 0 0 0 0 0 0 0 0 0 0 10794 46775 64765 64765 64765 60653 28784 10794 10794 1799 0 0 0 0 0 0 0 0 0 0 0 0 0 0 0 0 0 0 0 0 0 0 0 0 0 0 0 0 0 0 0 0 0 0 0 0 0 0 0 0 0 0 0 0 0 0 0 0 0 0 0 0 0 0 0 0 0 0 0 0 0 0 0 0 0 0 0 0 0 0 0 0 0 0 0 0 0 0 0 0 0 0 0 0 0 0 0 0 0 0 0 0 0 0 0 0 0 0 0 0 0 0 0 0 0 0 0 0 0 0 0 0 0 0 0 0 0 0 0 0 0 0 
0 0 0 0 0 0 0 0 0 0 0 0 0 0 0 0 0 0 0 0 0 0 0 0 0 0 0 0 0 0 0 0 0 0 0 0 0 0 0 0 0 0 0 0 0 0 0 0 0 0 0 0 0 0 0 0 0 0 0 0 0 0 0 0 0 0 0 0 0 0 0 0 0 0 0 0 0 0 0 0 0 0 0 0 0 0 0 0 0 0 0 0 0 0 0 0 0 0 0 0 0 0 0 0 0 0 0 0 0 0 0 0 0 0 0 0 0 0 0 0 7196 50630 65279 65279 51658 32125 8738 1285 0 0 0 0 0 0 0 0 0 0 0 0 0 0 0 0 0 0 0 0 53971 63737 55513 61424 65022 65022 65022 48060 7710 0 0 0 0 0 0 0 0 0 0 0 0 0 0 0 0 0 0 0 20560 23901 4883 8738 48060 65022 65022 65022 59111 16448 0 0 0 0 0 0 0 0 0 0 0 0 0 0 0 0 0 0 0 0 7710 43948 65022 61681 50630 55770 65536 63223 25700 0 0 0 0 0 0 0 0 0 0 0 0 0 0 0 0 0 0 1285 37780 65022 58340 20046 0 0 26471 60910 56284 14135 0 0 0 0 0 0 0 0 0 0 0 0 0 0 0 0 0 28270 65022 65022 11565 0 0 0 0 35467 65022 61424 7967 0 0 0 0 0 0 0 0 0 0 0 0 0 0 0 26214 61424 64508 30069 514 0 0 0 0 1542 40093 65022 55256 6939 0 0 0 0 0 0 0 0 0 0 0 0 0 0 53971 65022 50887 0 0 0 0 0 0 0 0 45233 65022 31611 0 0 0 0 0 0 0 0 0 0 0 0 0 5397 57312 65022 30069 0 0 0 0 0 0 0 0 13107 65022 59368 12850 0 0 0 0 0 0 0 0 0 0 0 0 17219 65022 62709 12850 0 0 0 0 0 0 0 0 771 32897 65022 33668 0 0 0 0 0 0 0 0 0 0 0 0 17219 65279 59625 0 0 0 0 0 0 0 0 0 0 6425 57569 50116 0 0 0 0 0 0 0 0 0 0 0 0 17219 65022 59368 0 0 0 0 0 0 0 0 0 0 0 31611 64251 17733 0 0 0 0 0 0 0 0 0 0 0 17219 65022 64251 18761 0 0 0 0 0 0 0 0 0 0 22873 65022 48831 0 0 0 0 0 0 0 0 0 0 0 771 54485 65022 25186 0 0 0 0 0 0 0 0 0 0 22873 65022 53714 0 0 0 0 0 0 0 0 0 0 0 0 53971 65022 50887 0 0 0 0 0 0 0 0 0 0 29041 65022 53714 0 0 0 0 0 0 0 0 0 0 0 0 22873 64251 62195 21074 0 0 0 0 0 0 0 0 0 51144 65022 31611 0 0 0 0 0 0 0 0 0 0 0 0 0 34953 64251 63223 33668 14135 771 0 0 0 0 4112 37523 63994 61167 2313 0 0 0 0 0 0 0 0 0 0 0 0 0 0 22873 62709 65022 65022 37523 11565 10023 0 20817 52943 65022 61167 28013 0 0 0 0 0 0 0 0 0 0 0 0 0 0 0 0 13364 43691 65022 65022 65022 63223 48317 62195 65022 65022 21331 0 0 0 0 0 0 0 0 0 0 0 0 0 0 0 0 0 0 514 8481 17219 36752 36752 56541 53971 36752 18247 1799 0 0 0 0 0 0 0 0 0 0 0 0 0 0 0 0 0 0 0 0 0 0 0 0 0 0 0 0 0 0 0 0 0 0 0 0 0 0 0 0 0 0 0 0 0 0 0 0 0 0 0 0 0 0 0 0 0 0 0 0 0 0 0 0 0 0 0 0 0 0 0 0 0 0 0 0 0 0 0 0 0 0 0 0 0 0 0 0 0 0 0 0 0 0 0 0 0 0 0 0 0 0 0 0 0 0 0 0 0 0 0 0 0 0 0 0 0 0 
0 0 0 0 0 0 0 0 0 0 0 0 0 0 0 0 0 0 0 0 0 0 0 0 0 0 0 0 0 0 0 0 0 0 0 0 0 0 0 0 0 0 0 0 0 0 0 0 0 0 0 0 0 0 0 0 0 0 0 0 0 0 0 0 0 0 0 0 0 0 0 0 0 0 0 0 0 0 0 0 0 0 0 0 0 0 0 0 0 0 0 3341 33411 52943 65536 59882 33411 26728 1285 0 0 0 0 0 0 0 0 0 0 0 0 0 0 0 0 0 0 0 1799 51915 65022 65022 65022 65022 65022 65022 57826 34953 9252 0 0 0 0 0 0 0 0 0 0 0 0 0 0 0 0 0 1542 46261 57055 28527 28527 33925 60396 63737 65022 65022 56798 9509 0 0 0 0 0 0 0 0 0 0 0 0 0 0 0 0 0 0 0 0 0 0 0 19275 50116 63480 65022 46261 1285 0 0 0 0 0 0 0 0 0 0 0 0 0 0 0 0 0 0 0 0 0 0 0 0 49345 65022 65022 11051 0 0 0 0 0 0 0 0 0 0 0 0 0 0 0 0 0 0 0 0 0 0 0 0 44719 65022 65022 11051 0 0 0 0 0 0 0 0 0 0 0 0 0 0 0 0 0 0 0 0 0 0 0 0 38551 65022 65022 11051 0 0 0 0 0 0 0 0 0 0 0 0 0 0 0 0 0 0 0 0 0 0 0 11051 60139 65022 60910 8738 0 0 0 0 0 0 0 0 0 0 0 0 0 0 0 0 0 0 0 0 0 0 3341 42406 65022 65022 37266 0 0 0 0 0 0 0 0 0 0 0 0 0 0 0 0 0 0 0 0 0 0 0 37780 65022 65022 43177 3341 0 0 0 0 0 0 0 0 0 0 0 0 0 0 0 0 0 0 0 0 0 3084 39322 60653 65022 60396 10280 0 0 0 0 0 0 0 0 0 0 0 0 0 0 0 0 0 0 0 0 0 2827 42663 65022 65022 60396 17990 0 0 0 0 0 0 0 0 0 0 0 0 0 0 0 0 0 0 0 0 0 2570 42920 65022 65022 60396 17990 0 0 0 0 0 0 0 0 0 0 0 0 0 0 0 0 0 0 0 0 0 2313 43177 65022 65022 60653 17733 0 0 0 0 0 0 0 0 0 0 0 0 0 0 0 0 0 0 0 0 0 0 18247 65022 65022 60910 17733 0 0 0 0 0 0 0 0 0 0 0 0 0 0 0 0 0 0 0 0 0 0 4369 61938 65022 65022 25957 0 0 0 0 0 0 0 0 0 0 0 0 0 0 0 0 0 0 0 0 0 0 0 4883 65022 65022 65022 39836 22102 0 0 0 0 0 0 10023 27242 56027 32897 0 0 0 0 0 0 0 0 0 0 0 0 514 26214 65022 65022 65022 64251 60653 60653 60653 60653 60653 60653 62195 65022 65022 36238 0 0 0 0 0 0 0 0 0 0 0 0 0 514 26214 65022 65022 65022 65022 65022 65022 65022 65022 65022 65022 65022 65022 36238 0 0 0 0 0 0 0 0 0 0 0 0 0 0 257 6168 33154 33154 40093 65022 65022 40093 33154 33154 33154 20817 1285 771 0 0 0 0 0 0 0 0 0 0 0 0 0 0 0 0 0 0 0 0 0 0 0 0 0 0 0 0 0 0 0 0 0 0 0 0 0 0 0 0 0 0 0 0 0 0 0 0 0 0 0 0 0 0 0 0 0 0 0 0 0 0 0 0 0 0 0 0 0 0 0 0 0 0 0 0 0 0 0 0 0 0 0 0 0 0 0 0 0 0 0 0 0 0 0 0 0 0 0 0 0 0 0 0 0 0 0 0 0 0 0 0 0 0 0 0 0 0 0 0 0 0 0 0 0 0 0 0 0 0 0 0 0 0 0 0 0 0 0 0 0 0 0 0 0 
0 0 0 0 0 0 0 0 0 0 0 0 0 0 0 0 0 0 0 0 0 0 0 0 0 0 0 0 0 0 0 0 0 0 0 0 0 0 0 0 0 0 0 0 0 0 0 0 0 0 0 0 0 0 0 0 0 0 0 0 0 0 0 0 0 0 0 0 0 0 0 0 0 0 0 0 0 0 0 0 0 0 0 0 0 0 0 0 0 0 0 0 0 0 0 0 0 0 0 0 0 0 0 0 0 0 0 0 0 0 0 0 0 0 0 0 0 0 0 0 0 0 1285 44462 35467 34182 51915 50116 44205 12079 771 0 0 0 0 0 0 0 0 0 0 0 0 0 0 0 0 0 0 0 28013 64765 64765 65022 64765 64765 64765 64765 34696 1285 0 0 0 0 0 0 0 0 0 0 0 0 0 0 0 0 0 0 51401 64765 64765 65022 64765 64765 64765 64765 64765 44719 5654 0 0 0 0 0 0 0 0 0 0 0 0 0 0 0 0 0 20303 57826 64765 65022 64765 57055 54742 64765 64765 64765 15163 0 0 0 0 0 0 0 0 0 0 0 0 0 0 0 0 0 0 7967 33154 18504 18504 6939 3598 36752 64765 64765 46004 1542 0 0 0 0 0 0 0 0 0 0 0 0 0 0 0 0 0 0 0 0 0 0 3598 51658 64765 64765 64765 14906 0 0 0 0 0 0 0 0 0 0 0 0 0 0 0 0 0 0 0 21845 21845 26214 54999 64765 64765 64765 64765 11822 0 0 0 0 0 0 0 0 0 0 0 0 0 0 0 0 0 24158 55770 65022 64765 64765 64765 64765 64765 64765 55256 3855 0 0 0 0 0 0 0 0 0 0 0 0 0 0 0 0 24158 58597 64765 65022 64765 64765 64765 64765 64765 55513 7967 0 0 0 0 0 0 0 0 0 0 0 0 0 0 0 0 0 55770 64765 64765 65022 64765 64765 64765 64765 64765 42920 0 0 0 0 0 0 0 0 0 0 0 0 0 0 0 0 0 0 56027 65022 65022 65536 65022 64765 62709 65022 65022 54742 4883 0 0 0 0 0 0 0 0 0 0 0 0 0 0 0 0 0 50373 61167 64765 65022 58340 23901 5397 51401 64765 64765 12079 0 0 0 0 0 0 0 0 0 0 0 0 0 0 0 0 0 0 10794 24672 24672 10537 0 0 34696 64765 64765 43434 1028 0 0 0 0 0 0 0 0 0 0 0 12336 14392 0 0 0 0 0 0 0 0 0 14392 58854 64765 64765 64765 5911 0 0 0 0 0 0 0 0 0 0 26985 55513 16448 0 0 0 0 0 0 0 8995 20046 58854 64765 64765 64765 47032 1799 0 0 0 0 0 0 0 0 0 1028 44976 55513 0 0 0 0 0 8224 18761 20303 58340 64765 64765 64765 64765 64765 31354 0 0 0 0 0 0 0 0 0 0 3341 64765 62966 32125 21845 30840 52686 52686 57826 64765 65022 64765 64765 64765 64765 64765 47032 1799 0 0 0 0 0 0 0 0 0 0 3341 64765 64765 64765 64765 64765 64765 64765 64765 64765 65022 64765 64765 64765 47032 16448 6168 0 0 0 0 0 0 0 0 0 0 0 1799 52943 64765 64765 64765 64765 64765 64765 64765 64765 65022 64765 60653 31097 1799 0 0 0 0 0 0 0 0 0 0 0 0 0 0 19532 52943 64765 64765 64765 64765 64765 64765 64765 48831 16191 2570 0 0 0 0 0 0 0 0 0 0 0 0 0 0 0 0 0 0 0 0 0 0 0 0 0 0 0 0 0 0 0 0 0 0 0 0 0 0 0 0 0 0 0 0 0 0 0 0 0 0 0 0 0 0 0 0 0 0 0 0 0 0 0 0 0 0 0 0 0 0 0 0 0 0 0 0 0 0 0 0 0 0 0 0 0 0 0 0 0 0 0 0 0 0 0 0 0 0 0 0 0 0 0 0 0 0 0 0 0 0 0 0 0 0 0 0 0 0 0 0 0 0 0 0 
0 0 0 0 0 0 0 0 0 0 0 0 0 0 0 0 0 0 0 0 0 0 0 0 0 0 0 0 0 0 0 0 0 0 0 0 0 0 0 0 0 0 0 0 0 0 0 0 0 0 0 0 0 0 0 0 0 0 0 0 0 0 0 0 0 0 0 0 0 0 0 0 0 0 0 0 0 0 0 0 0 0 0 0 0 0 0 0 0 0 0 0 0 0 0 0 0 0 0 2570 32897 65536 34439 0 0 0 0 0 0 0 0 0 0 0 0 0 0 0 0 0 0 0 0 0 0 0 0 28270 64765 53714 7196 0 0 0 0 0 0 0 0 0 0 0 0 0 0 0 0 0 0 0 0 0 0 0 11565 61681 42149 6425 0 0 0 0 0 0 0 0 0 0 0 0 0 0 0 0 0 0 0 0 0 0 0 0 14649 64765 10280 0 0 0 0 0 0 0 0 0 0 0 0 0 0 0 0 0 0 0 0 0 0 0 0 4112 55513 52943 3341 0 0 0 0 0 0 0 0 0 0 0 0 0 0 0 0 0 0 0 0 0 0 0 0 26728 64765 23901 0 0 0 0 0 0 0 0 0 0 0 0 0 0 0 0 0 0 0 0 0 0 0 0 0 45747 53457 3341 0 0 0 0 0 0 0 0 0 0 0 0 0 0 0 0 0 0 0 0 0 0 0 0 13107 65022 50373 0 0 0 0 0 0 0 0 0 0 0 0 0 0 0 0 0 0 0 0 0 0 0 0 0 58083 61424 9766 0 0 0 0 0 0 0 0 0 0 0 0 0 0 0 0 0 0 0 0 0 0 0 0 14649 62452 38551 0 0 0 0 0 0 0 0 0 0 0 0 0 0 0 0 0 0 0 0 0 0 0 0 0 21845 64765 41121 21845 4883 0 0 0 0 0 0 0 0 0 0 0 0 0 0 0 0 0 0 0 0 0 0 0 47546 64765 65022 64765 59368 32125 0 0 0 0 0 0 0 0 0 0 0 0 0 0 0 0 0 0 0 0 0 14649 65022 61938 62195 65022 65022 65022 29298 0 0 0 0 0 0 0 0 0 0 0 0 0 0 0 0 0 0 0 0 14649 64765 29555 12079 21588 43948 63223 48317 0 0 0 0 0 0 0 0 0 0 0 0 0 0 0 0 0 0 0 0 14649 64765 7196 0 0 0 57826 57826 0 0 0 0 0 0 0 0 0 0 0 0 0 0 0 0 0 0 0 0 14649 64765 7196 0 0 0 57826 44976 0 0 0 0 0 0 0 0 0 0 0 0 0 0 0 0 0 0 0 0 14649 65022 10280 0 1799 39579 65022 25957 0 0 0 0 0 0 0 0 0 0 0 0 0 0 0 0 0 0 0 0 14649 64765 55256 27756 38551 64765 38808 0 0 0 0 0 0 0 0 0 0 0 0 0 0 0 0 0 0 0 0 0 3341 53714 64765 65022 64765 57569 4883 0 0 0 0 0 0 0 0 0 0 0 0 0 0 0 0 0 0 0 0 0 0 15163 48831 65022 51915 4883 0 0 0 0 0 0 0 0 0 0 0 0 0 0 0 0 0 0 0 0 0 0 0 0 0 0 0 0 0 0 0 0 0 0 0 0 0 0 0 0 0 0 0 0 0 0 0 0 0 0 0 0 0 0 0 0 0 0 0 0 0 0 0 0 0 0 0 0 0 0 0 0 0 0 0 0 0 0 0 0 0 0 0 0 0 0 0 0 0 0 0 0 0 0 0 0 0 0 0 0 0 0 0 0 0 0 0 0 0 0 0 0 0 0 0 0 0 0 0 0 0 0 0 0 0 0 0 0 0 0 0 0 0 0 0 0 0 0 0 0 0 0 0 0 0 0 0 0 0 0 0 0 
0 0 0 0 0 0 0 0 0 0 0 0 0 0 0 0 0 0 0 0 0 0 0 0 0 0 0 0 0 0 0 0 0 0 0 0 0 0 0 0 0 0 0 0 0 0 0 0 0 0 0 0 0 0 0 0 0 0 0 0 0 0 0 0 0 0 0 0 0 0 0 0 0 2056 21845 65536 65279 18247 0 0 0 0 0 0 0 0 0 0 0 0 0 0 0 0 0 0 0 0 0 0 0 33154 65022 65022 53457 7196 0 0 0 0 0 0 0 0 0 0 0 0 0 0 0 0 0 0 0 0 0 4369 39322 63223 65022 63480 17990 0 0 0 0 0 0 0 0 0 0 0 0 0 0 0 0 0 0 0 0 0 4369 46775 65022 65022 54228 14649 0 0 0 0 0 0 0 0 0 0 0 0 0 0 0 0 0 0 0 0 0 3855 46775 65022 65022 54999 20817 0 0 0 0 0 0 0 0 0 0 0 0 0 0 0 0 0 0 0 0 0 0 37523 65022 65022 42149 6939 0 0 0 0 0 0 0 0 0 0 0 0 0 0 0 0 0 0 0 0 0 257 18761 52943 65022 54742 5397 0 0 0 0 0 0 0 0 0 0 0 0 0 0 0 0 0 0 0 0 0 2570 35724 65022 65022 53714 6682 0 0 0 0 0 0 0 0 0 0 0 0 0 0 0 0 0 0 0 0 0 0 46518 65022 65022 53457 7453 0 0 0 0 0 0 0 0 0 0 0 0 0 0 0 0 0 0 0 0 0 0 23387 62966 65022 53714 7453 0 0 0 0 0 0 0 0 0 0 0 0 0 0 0 0 0 0 0 0 0 0 5654 56798 65022 63994 6682 0 0 0 16705 20046 35467 46518 20046 33925 13364 0 0 0 0 0 0 0 0 0 0 0 0 5140 49859 65022 65022 52172 0 0 24415 54742 63480 65022 65022 65022 65022 65022 61681 7453 0 0 0 0 0 0 0 0 0 0 0 27499 65022 65022 52943 4369 2827 48060 63480 65022 65022 25443 35467 18504 25957 57055 65022 36495 0 0 0 0 0 0 0 0 0 0 20560 54999 65022 63994 7710 17219 63994 65022 64508 52686 6168 257 0 0 0 17476 65022 25186 0 0 0 0 0 0 0 0 0 0 39579 65022 65022 24672 3341 35724 65022 55256 20817 0 0 0 0 0 0 20560 65022 39065 0 0 0 0 0 0 0 0 0 0 39579 65022 65022 12079 27499 65022 55513 8481 0 0 0 0 0 0 13878 58854 65022 33411 0 0 0 0 0 0 0 0 0 0 39579 65022 65022 25700 37009 64508 15420 0 0 0 6425 16962 32639 47032 58854 65022 41892 2570 0 0 0 0 0 0 0 0 0 0 39579 65022 65022 65022 65022 65022 57569 51658 51658 51658 56798 65022 65022 65022 65022 51658 2827 0 0 0 0 0 0 0 0 0 0 0 9766 56798 65022 65022 65022 65022 65022 65022 65022 65022 65022 65022 51658 39065 19532 6682 0 0 0 0 0 0 0 0 0 0 0 0 0 3084 12850 34696 47546 65022 65022 65022 43691 25700 4369 4369 2313 0 0 0 0 0 0 0 0 0 0 0 0 0 0 0 0 0 0 0 0 0 0 0 0 0 0 0 0 0 0 0 0 0 0 0 0 0 0 0 0 0 0 0 0 0 0 0 0 0 0 0 0 0 0 0 0 0 0 0 0 0 0 0 0 0 0 0 0 0 0 0 0 0 0 0 0 0 0 0 0 0 0 0 0 0 0 0 0 0 0 0 0 0 0 0 0 0 0 0 0 0 0 0 0 0 0 0 0 0 0 0 0 0 0 0 0 0 0 0 0 0 0 0 0 0 0 0 0 0 0 0 0 0 0 0 0 0 0 0 0 0 0 0 0 0 0 0 0 0 0 0 0 0 0 0 0 0 0 0 0 0 0 0 0 0 0 0 0 0 0 0 0 0 0 0 0 0 
0 0 0 0 0 0 0 0 0 0 0 0 0 0 0 0 0 0 0 0 0 0 0 0 0 0 0 0 0 0 0 0 0 0 0 0 0 0 0 0 0 0 0 0 0 0 0 0 0 0 0 0 0 0 0 0 0 0 0 0 0 0 0 0 0 0 0 0 0 0 0 0 0 0 0 0 0 0 0 0 0 0 0 0 0 0 0 0 0 0 0 0 0 0 0 0 0 0 0 0 0 0 0 0 0 0 0 0 0 0 0 0 0 0 0 0 0 0 0 0 0 0 0 0 0 0 0 0 0 0 0 0 0 0 0 0 0 0 0 0 0 0 0 0 0 0 0 0 0 0 0 0 0 0 0 0 0 0 0 0 0 0 0 0 0 0 0 0 0 0 0 0 0 0 0 0 0 0 0 0 0 0 0 0 0 0 0 0 0 0 0 0 0 0 0 0 0 0 0 0 0 0 0 0 0 0 0 0 0 0 0 0 0 0 0 0 0 0 0 0 0 0 0 0 0 0 0 0 18761 18761 18761 18761 18761 18761 18761 18761 10794 0 0 0 0 0 0 0 0 0 0 0 0 0 0 0 0 0 0 0 65022 64765 64765 64765 64765 64765 64765 64765 57055 46518 46518 46518 30840 9509 9509 9509 9509 9509 9509 4112 0 0 0 0 0 0 0 0 43691 53971 27756 48831 48574 59625 64765 64765 65022 64765 64765 64765 65022 64765 64765 64765 65022 64765 64765 48831 0 0 0 0 0 0 0 0 0 0 0 0 0 0 0 0 0 0 5397 36752 37009 36752 56798 64765 65022 64765 64765 64765 0 0 0 0 0 0 0 0 0 0 0 0 0 0 0 0 0 0 0 0 0 0 25186 64765 65022 64765 51401 24929 0 0 0 0 0 0 0 0 0 0 0 0 0 0 0 0 0 0 0 0 0 18761 59625 64765 60910 44719 5140 0 0 0 0 0 0 0 0 0 0 0 0 0 0 0 0 0 0 0 0 0 16191 60910 64765 64765 15934 0 0 0 0 0 0 0 0 0 0 0 0 0 0 0 0 0 0 0 0 0 4112 28013 65536 65022 60910 15934 0 0 0 0 0 0 0 0 0 0 0 0 0 0 0 0 0 0 0 0 0 5397 46518 64765 65022 59368 18247 0 0 0 0 0 0 0 0 0 0 0 0 0 0 0 0 0 0 0 0 0 9509 46518 64765 64765 39579 13107 0 0 0 0 0 0 0 0 0 0 0 0 0 0 0 0 0 0 0 0 0 21588 65022 64765 59368 27756 0 0 0 0 0 0 0 0 0 0 0 0 0 0 0 0 0 0 0 0 0 0 4112 49088 65536 57055 10537 0 0 0 0 0 0 0 0 0 0 0 0 0 0 0 0 0 0 0 0 0 0 5397 46518 64765 57055 11565 0 0 0 0 0 0 0 0 0 0 0 0 0 0 0 0 0 0 0 0 0 0 0 24158 64765 59368 10537 0 0 0 0 0 0 0 0 0 0 0 0 0 0 0 0 0 0 0 0 0 0 0 0 55770 64765 48831 37266 37009 32125 0 0 0 0 0 0 0 0 0 0 0 0 0 0 0 0 0 0 0 0 0 0 56027 65022 65022 65536 40864 32125 0 0 0 0 0 0 0 0 0 0 0 0 0 0 0 0 0 0 0 0 0 0 18504 46004 46004 30583 1285 0 0 0 0 0 0 0 0 0 0 0 0 0 0 0 0 0 0 0 0 0 0 0 0 0 0 0 0 0 0 0 0 0 0 0 0 0 0 0 0 0 0 0 0 0 0 0 0 0 0 0 0 0 0 0 0 0 0 0 0 0 0 0 0 0 0 0 0 0 0 0 0 0 0 0 0 0 0 0 0 0 0 0 0 0 0 0 0 0 0 0 0 0 0 0 0 0 0 
0 0 0 0 0 0 0 0 0 0 0 0 0 0 0 0 0 0 0 0 0 0 0 0 0 0 0 0 0 0 0 0 0 0 0 0 0 0 0 0 0 0 0 0 0 0 0 0 0 0 0 0 0 0 0 0 0 0 0 0 0 0 0 0 0 0 0 0 0 0 0 0 0 0 0 0 0 0 0 0 0 0 0 0 0 0 0 0 0 0 0 0 0 0 0 0 0 0 0 0 0 0 0 0 0 0 0 0 0 0 0 0 0 0 0 0 0 0 0 0 0 0 0 0 0 0 0 0 0 0 0 0 0 0 0 0 0 0 0 0 0 0 0 0 0 0 0 0 0 0 0 257 51915 62452 15420 0 0 0 0 0 0 0 0 0 0 0 0 0 0 0 0 0 0 0 0 0 0 0 0 7710 65279 65279 46518 0 0 0 6425 23901 23901 17733 257 0 0 0 0 0 0 0 0 0 0 0 0 0 0 0 0 7710 65279 57569 3598 0 0 5397 54485 65279 65279 65536 17219 0 0 0 0 0 0 0 0 0 0 0 0 0 0 0 0 23387 65279 32897 0 0 0 38037 64508 29555 18247 18247 1028 0 0 0 0 0 0 0 0 0 0 0 0 0 0 0 771 46261 59111 3341 0 0 9766 63223 50373 0 0 0 0 0 0 0 0 0 0 0 0 0 0 0 0 0 0 0 13621 65279 49602 0 0 0 13107 65279 43177 0 0 0 0 0 0 0 0 0 0 0 0 0 0 0 0 0 0 0 32897 65279 37523 0 0 0 13107 65279 47803 0 0 0 0 0 0 0 0 0 0 0 0 0 0 0 0 0 0 0 49345 61938 7453 0 0 0 22873 65279 29041 0 0 2570 514 0 0 0 0 0 0 0 0 0 0 0 0 0 0 7710 62195 47546 0 0 0 0 44719 65279 18761 0 14649 52172 2827 0 0 0 0 0 0 0 0 0 0 0 0 0 0 37523 65279 18761 0 0 0 0 56027 65279 35981 51658 61681 18247 0 0 0 0 0 0 0 0 0 0 0 0 0 0 18761 62709 56027 2570 0 0 2056 15934 60653 65279 65279 49345 9509 0 0 0 0 0 0 0 0 0 0 0 0 0 0 0 47289 64251 15934 5911 22873 44719 57569 65279 65279 65279 22873 1028 0 0 0 0 0 0 0 0 0 0 0 0 0 0 0 7453 62966 62966 44719 60653 65279 65279 53971 39836 65279 53200 1028 0 0 0 0 0 0 0 0 0 0 0 0 0 0 0 0 36752 65279 65279 65279 53714 33411 11565 1542 12079 65279 51401 0 0 0 0 0 0 0 0 0 0 0 0 0 0 0 0 0 40093 47803 19018 6425 1542 0 0 0 24415 65279 39065 0 0 0 0 0 0 0 0 0 0 0 0 0 0 0 0 0 1799 0 0 0 0 0 0 0 53200 65279 10280 0 0 0 0 0 0 0 0 0 0 0 0 0 0 0 0 0 0 0 0 0 0 0 0 0 54742 65279 8481 0 0 0 0 0 0 0 0 0 0 0 0 0 0 0 0 0 0 0 0 0 0 0 0 0 54742 57312 3341 0 0 0 0 0 0 0 0 0 0 0 0 0 0 0 0 0 0 0 0 0 0 0 0 0 54742 56541 2827 0 0 0 0 0 0 0 0 0 0 0 0 0 0 0 0 0 0 0 0 0 0 0 0 0 40607 53971 5654 0 0 0 0 0 0 0 0 0 0 0 0 0 0 0 0 0 0 0 0 0 0 0 0 0 0 0 0 0 0 0 0 0 0 0 0 0 0 0 0 0 0 0 0 0 0 0 0 0 0 0 0 0 0 0 0 0 0 0 0 0 0 0 0 0 0 0 0 0 0 0 0 0 0 0 0 0 0 0 0 0 0 0 0 0 0 0 0 0 0 0 0 0 0 
0 0 0 0 0 0 0 0 0 0 0 0 0 0 0 0 0 0 0 0 0 0 0 0 0 0 0 0 0 0 0 0 0 0 0 0 0 0 0 0 0 0 0 0 0 0 0 0 0 0 0 0 0 0 0 0 0 0 0 0 0 0 0 0 0 0 0 0 0 0 0 0 0 0 0 0 0 0 0 0 0 0 0 0 0 0 0 0 0 0 0 0 0 0 0 0 0 0 0 0 0 0 0 0 0 0 0 0 0 0 0 0 0 0 0 0 0 0 0 0 0 0 0 0 0 0 0 0 0 0 0 0 0 0 0 0 0 0 0 0 0 0 0 0 0 0 0 0 0 0 0 0 0 0 0 0 0 0 0 0 0 0 0 0 0 0 0 0 0 0 0 0 0 0 0 0 0 0 0 0 0 0 0 257 3341 7710 34182 56541 65279 29812 2056 0 0 0 0 0 0 0 0 0 0 0 0 0 0 0 0 0 0 0 6168 38808 65022 61167 58854 36495 28013 54999 54485 3598 0 0 0 0 0 0 0 0 0 0 0 0 0 0 0 0 3598 37523 63994 65022 52686 9509 0 0 0 22102 65022 6168 0 0 0 0 0 0 0 0 0 0 0 0 0 0 0 14649 51915 65022 59111 35467 0 0 0 0 0 22102 60396 4883 0 0 0 0 0 0 0 0 0 0 0 0 0 0 12079 47032 65022 65022 33925 0 0 0 0 0 0 44205 40093 0 0 0 0 0 0 0 0 0 0 0 0 0 3598 26214 61424 58854 34439 60653 33925 0 0 0 0 0 14392 62195 16448 0 0 0 0 0 0 0 0 0 0 0 0 0 12593 65022 48317 14135 8481 61167 33925 0 0 0 0 0 43948 57826 6168 0 0 0 0 0 0 0 0 0 0 0 0 3598 47546 65022 15420 19018 59625 54228 6168 0 0 0 0 25443 62966 43177 0 0 0 0 0 0 0 0 0 0 0 0 0 37523 65022 37523 9509 55256 54228 6425 0 0 0 0 5397 54485 65022 15163 0 0 0 0 0 0 0 0 0 0 0 0 6168 63994 53200 23387 55770 54742 6168 0 0 0 0 0 12593 65022 32382 771 0 0 0 0 0 0 0 0 0 0 0 0 6425 65279 65536 65279 62966 26728 0 0 0 0 0 6425 54999 55770 7453 0 0 0 0 0 0 0 0 0 0 0 0 0 5654 62709 63994 58854 13878 0 0 0 0 0 3598 42920 65022 18504 0 0 0 0 0 0 0 0 0 0 0 0 0 0 0 15420 20046 0 0 0 0 0 0 2056 54485 65022 57312 7196 0 0 0 0 0 0 0 0 0 0 0 0 0 0 0 0 0 0 0 0 0 0 0 30069 65022 63223 27756 0 0 0 0 0 0 0 0 0 0 0 0 0 0 0 0 0 0 0 0 0 0 0 30069 65279 56027 27756 0 0 0 0 0 0 0 0 0 0 0 0 0 0 0 0 0 0 0 0 0 0 0 30583 64508 64508 20046 0 0 0 0 0 0 0 0 0 0 0 0 0 0 0 0 0 0 0 0 0 0 0 45490 63994 65022 26728 0 0 0 0 0 0 0 0 0 0 0 0 0 0 0 0 0 0 0 0 0 0 7196 35210 63737 54228 10537 0 0 0 0 0 0 0 0 0 0 0 0 0 0 0 0 0 0 0 0 0 0 6939 53457 65022 54228 6425 0 0 0 0 0 0 0 0 0 0 0 0 0 0 0 0 0 0 0 0 0 0 0 8224 57826 39836 6168 0 0 0 0 0 0 0 0 0 0 0 0 0 0 0 0 0 0 0 0 0 0 0 0 0 0 0 0 0 0 0 0 0 0 0 0 0 0 0 0 0 0 0 0 0 0 0 0 0 0 0 0 0 0 0 0 0 0 0 0 0 0 0 0 0 0 0 0 0 0 0 
0 0 0 0 0 0 0 0 0 0 0 0 0 0 0 0 0 0 0 0 0 0 0 0 0 0 0 0 0 0 0 0 0 0 0 0 0 0 0 0 0 0 0 0 0 0 0 0 0 0 0 0 0 0 0 0 0 0 0 0 0 0 0 0 0 0 0 0 0 0 0 0 0 0 0 0 0 0 0 0 0 0 0 0 0 0 0 0 0 0 0 0 0 0 0 0 0 0 0 0 0 0 0 0 0 0 0 0 0 0 0 0 0 0 0 0 0 0 0 0 0 0 0 0 0 0 0 0 0 0 0 0 0 0 0 0 0 0 0 0 0 0 0 0 0 0 0 0 29041 39065 39065 39065 54999 65022 65279 65022 65279 44205 5397 0 0 0 0 0 0 0 0 0 0 0 0 0 0 0 0 21074 65022 64765 65022 64765 65022 64765 65022 64765 65022 64765 47032 0 0 0 0 0 0 0 0 0 0 0 0 0 0 0 0 47032 65279 65022 65279 65022 65279 65022 60139 65022 65279 65022 60139 7710 0 0 0 0 0 0 0 0 0 0 0 0 0 0 0 5140 12850 33668 33668 12850 12850 12850 7710 12850 44205 64765 65022 12850 0 0 0 0 0 0 0 0 0 0 0 0 0 0 0 0 0 0 0 0 0 0 0 15934 54999 65022 62709 10280 0 0 0 0 0 0 0 0 0 0 0 0 0 0 0 0 0 0 0 0 0 0 0 36495 65022 64765 52172 0 0 0 0 0 0 0 0 0 0 0 0 0 0 0 0 0 0 0 0 0 0 10537 33925 65022 65279 65022 21074 0 0 0 0 0 0 0 0 0 0 0 0 0 0 0 0 0 0 0 0 0 31611 62452 65022 64765 65022 64765 0 0 0 0 0 0 0 0 0 0 0 0 0 0 0 0 0 0 0 0 13107 49602 65279 65022 65279 65022 65279 65022 54999 2570 0 0 0 0 0 0 0 0 0 0 0 0 0 0 0 0 0 0 49602 64765 65022 64765 65022 64765 65022 64765 65022 23387 0 0 0 0 0 0 0 0 0 0 0 0 0 0 0 0 0 0 44462 65022 65279 54742 26214 26214 44462 65022 65279 65022 5397 0 0 0 0 0 0 0 0 0 0 0 0 0 0 0 0 0 2570 12850 12850 2570 0 0 13107 64765 65022 64765 15677 0 0 0 0 0 0 0 0 0 0 0 0 0 0 0 0 0 0 0 0 0 0 0 0 52172 65279 65022 26214 0 0 0 0 0 0 0 0 0 0 0 0 0 0 0 0 0 0 0 0 0 0 0 5397 57312 65022 64765 26214 0 0 0 0 0 0 0 0 0 0 0 0 0 0 0 0 0 0 0 0 0 0 0 13107 65022 65279 65022 26214 0 0 0 0 0 0 0 0 0 0 0 0 0 0 0 0 0 0 0 0 0 0 10537 44462 64765 65022 64765 5140 0 0 0 0 0 0 0 0 0 0 0 0 0 0 0 7967 13107 18504 28784 39322 39065 44462 65022 65279 65022 65279 23387 0 0 0 0 0 0 0 0 0 0 0 0 0 0 0 0 49602 64765 65022 64765 65022 64765 65022 64765 65022 64765 44205 2570 0 0 0 0 0 0 0 0 0 0 0 0 0 0 0 52172 65536 65022 65279 65022 65279 65022 65279 65022 47032 5140 0 0 0 0 0 0 0 0 0 0 0 0 0 0 0 0 0 31354 65022 64765 65022 64765 59882 49345 38808 17990 0 0 0 0 0 0 0 0 0 0 0 0 0 0 0 0 0 0 0 0 0 0 0 0 0 0 0 0 0 0 0 0 0 0 0 0 0 0 0 0 0 0 0 0 0 0 0 0 0 0 0 0 0 0 0 0 0 0 0 0 0 0 0 0 0 0 0 0 0 0 0 0 0 0 0 0 0 0 0 0 0 0 0 0 0 0 0 0 0 0 0 0 0 0 0 0 
0 0 0 0 0 0 0 0 0 0 0 0 0 0 0 0 0 0 0 0 0 0 0 0 0 0 0 0 0 0 0 0 0 0 0 0 0 0 0 0 0 0 0 0 0 0 0 0 0 0 0 0 0 0 0 0 0 0 0 0 0 0 0 0 0 0 0 0 0 0 0 0 0 0 0 0 0 0 0 0 0 0 0 0 0 0 0 0 0 0 0 0 0 0 0 0 0 0 0 0 0 0 0 0 0 0 0 0 0 0 0 0 0 0 0 0 0 0 0 0 0 0 0 0 0 514 1799 1799 1799 1799 514 771 42149 65279 36495 0 0 0 0 0 0 0 0 0 0 0 0 0 0 0 514 3341 25186 41635 65022 65022 65022 65022 29298 24672 65022 65022 36238 0 0 0 0 0 0 0 0 0 0 0 0 0 0 3084 29555 65022 65022 65022 65022 65022 65022 65022 65022 51144 65022 65022 36238 0 0 0 0 0 0 0 0 0 0 0 0 0 6939 54742 65022 65022 65022 65022 65022 65022 65022 65022 65022 65022 65022 65022 36238 0 0 0 0 0 0 0 0 0 0 0 0 6939 54742 65022 65022 65022 65022 59368 49345 25443 27756 43177 65022 65022 65022 65022 36238 0 0 0 0 0 0 0 0 0 0 0 0 36752 65022 65022 65022 63480 33668 6939 0 0 23901 65022 65022 65022 65022 61167 15420 0 0 0 0 0 0 0 0 0 0 0 2313 55513 65022 65022 63480 29298 0 0 0 32897 60396 65022 65022 65022 65022 16962 0 0 0 0 0 0 0 0 0 0 0 0 1028 45490 65022 65022 62195 15163 0 2827 36238 60139 65022 65022 65022 60396 24415 2056 0 0 0 0 0 0 0 0 0 0 0 0 0 14135 65022 65022 65022 47032 14392 41121 65022 65022 65022 65022 60139 16705 0 0 0 0 0 0 0 0 0 0 0 0 0 0 0 3855 58597 65022 65022 65022 65022 65022 65022 65022 65022 59882 16705 0 0 0 0 0 0 0 0 0 0 0 0 0 0 0 0 0 12593 58340 65022 65022 65022 65022 65022 65022 59882 16962 0 0 0 0 0 0 0 0 0 0 0 0 0 0 0 0 0 0 0 24415 65022 65022 65022 65022 65022 65022 46004 0 0 0 0 0 0 0 0 0 0 0 0 0 0 0 0 0 0 0 2056 47803 65022 65022 65022 65022 65022 65022 51915 14392 0 0 0 0 0 0 0 0 0 0 0 0 0 0 0 0 0 1799 42149 65022 65022 65022 65022 65022 65022 65022 65022 61681 27756 3341 0 0 0 0 0 0 0 0 0 0 0 0 0 0 0 4883 65022 65022 65022 60910 19532 9509 38551 65022 65022 65022 65022 45490 2827 0 0 0 0 0 0 0 0 0 0 0 0 0 0 32897 65022 65022 65022 53971 0 0 2056 32125 47032 65022 65022 65022 45747 2570 0 0 0 0 0 0 0 0 0 0 0 0 0 23644 65022 65022 65022 63994 37009 21331 13364 7453 29041 58854 65022 65022 65022 19532 0 0 0 0 0 0 0 0 0 0 0 0 0 2827 53200 65022 65022 65022 65022 63994 62709 61938 65022 65022 65022 65022 65022 63223 4369 0 0 0 0 0 0 0 0 0 0 0 0 0 4883 53200 65022 65022 65022 65022 65022 65022 65022 65022 65022 65022 65022 39065 257 0 0 0 0 0 0 0 0 0 0 0 0 0 0 1028 6168 33154 54999 65022 65022 65022 65022 65022 65022 53457 33154 3855 0 0 0 0 0 0 0 0 0 0 0 0 0 0 0 0 0 0 0 0 0 0 0 0 0 0 0 0 0 0 0 0 0 0 0 0 0 0 0 0 0 0 0 0 0 0 0 0 0 0 0 0 0 0 0 0 0 0 0 0 0 0 0 0 0 0 0 0 0 0 0 0 0 0 0 0 0 0 0 0 0 0 0 0 0 0 0 0 0 0 0 0 0 0 0 0 0 0 0 0 0 0 0 0 0 0 0 0 0 0 0 0 0 0 0 0 0 0 
0 0 0 0 0 0 0 0 0 0 0 0 0 0 0 0 0 0 0 0 0 0 0 0 0 0 0 0 0 0 0 0 0 0 0 0 0 0 0 0 0 0 0 0 0 0 0 0 0 0 0 0 0 0 0 0 0 0 0 0 0 0 0 0 0 0 0 0 0 0 0 0 0 0 0 0 0 0 0 0 0 0 0 0 0 0 0 0 0 0 0 0 0 0 0 0 0 0 0 0 0 0 0 0 0 0 0 0 0 0 0 0 0 0 0 0 0 0 0 0 0 0 0 0 0 0 0 0 0 0 0 0 0 0 0 0 0 0 0 0 0 0 0 0 0 0 0 0 0 0 0 0 0 0 0 0 0 0 0 0 0 0 0 0 0 0 0 0 0 0 0 0 0 0 0 0 0 0 0 0 0 0 10537 63480 51915 514 0 0 0 0 0 0 0 0 0 0 0 0 0 0 0 0 0 0 0 0 0 0 0 6425 53714 61938 21588 0 0 0 0 0 0 0 0 0 0 0 0 0 0 0 0 0 0 0 0 0 0 0 16191 47032 65279 21331 0 0 0 0 0 0 0 0 0 0 0 0 0 0 0 0 0 0 0 0 4112 0 257 28527 61167 32897 57055 28013 0 0 0 0 0 0 0 0 0 0 0 0 0 0 0 0 0 0 0 5140 41121 17476 49602 58083 19275 0 50116 28013 0 0 0 0 0 0 0 0 0 0 0 0 0 0 0 0 0 0 0 32639 64765 65536 46261 9509 0 0 34182 28013 0 0 0 0 0 0 0 0 0 0 0 0 0 0 0 0 0 0 0 11822 29555 10280 771 0 0 0 34182 28527 0 0 0 0 0 0 0 0 0 0 0 0 0 0 0 0 0 0 0 0 0 0 0 0 0 0 20046 49859 257 0 0 0 0 0 0 0 0 0 0 0 0 0 0 0 0 0 0 0 0 0 0 0 0 0 3598 60139 4112 0 0 0 0 0 0 0 0 0 0 0 0 0 0 0 0 0 0 0 0 0 0 0 0 0 0 58340 20817 0 0 0 0 0 0 0 0 0 0 0 0 0 0 0 0 0 0 0 0 0 0 0 0 0 0 36495 52686 514 0 0 0 0 0 0 0 0 0 0 0 0 0 0 0 0 0 0 0 0 0 0 12593 33154 37523 44462 65279 58340 16705 0 0 0 0 0 0 0 0 0 0 0 0 0 0 0 0 0 0 0 0 23644 64508 65279 65279 47803 64251 63994 7196 0 0 0 0 0 0 0 0 0 0 0 0 0 0 0 0 0 0 0 0 1799 21845 21845 4112 257 32897 63480 771 0 0 0 0 0 0 0 0 0 0 0 0 0 0 0 0 0 0 0 0 0 0 0 0 0 0 64508 20303 0 0 0 0 0 0 0 0 0 0 0 0 0 0 0 0 0 0 0 0 0 0 0 0 0 0 39322 55256 0 0 0 0 0 0 0 0 0 0 0 0 0 0 0 0 0 0 0 0 0 0 0 0 0 0 6168 62709 11308 0 0 0 0 0 0 0 0 0 0 0 0 0 0 0 0 0 0 0 0 0 0 0 0 0 1028 50630 47546 0 0 0 0 0 0 0 0 0 0 0 0 0 0 0 0 0 0 0 0 0 0 0 0 0 0 5911 57826 7453 0 0 0 0 0 0 0 0 0 0 0 0 0 0 0 0 0 0 0 0 0 0 0 0 0 0 38037 4626 0 0 0 0 0 0 0 0 0 0 0 0 0 0 0 0 0 0 0 0 0 0 0 0 0 0 0 0 0 0 0 0 0 0 0 0 0 0 0 0 0 0 0 0 0 0 0 0 0 0 0 0 0 0 0 0 0 0 0 0 0 0 0 
0 0 0 0 0 0 0 0 0 0 0 0 0 0 0 0 0 0 0 0 0 0 0 0 0 0 0 0 0 0 0 0 0 0 0 0 0 0 0 0 0 0 0 0 0 0 0 0 0 0 0 0 0 0 0 0 0 0 0 0 0 0 0 0 0 0 0 0 0 0 0 0 0 0 0 0 0 0 0 0 0 0 0 0 0 0 0 0 0 0 0 0 0 0 0 0 0 0 0 0 0 0 0 0 0 0 0 0 0 0 0 0 0 0 0 0 0 0 0 0 0 0 0 0 0 1542 3341 4626 33925 48831 40093 42920 8224 0 0 0 0 0 0 0 0 0 0 0 0 0 0 0 0 0 1799 6425 32897 49088 64765 65022 64765 64765 64765 63223 13878 0 0 0 0 0 0 0 0 0 0 0 0 0 0 0 0 14135 47289 64765 64765 64765 64765 65022 64765 59111 49602 18761 0 0 0 0 0 0 0 0 0 0 0 0 0 0 0 1799 18504 58854 64765 64765 64765 64765 64765 52686 34439 8224 0 0 0 0 0 0 0 0 0 0 0 0 0 0 0 0 0 9509 64765 64765 64765 64765 51401 49345 19789 0 0 0 0 0 0 0 0 0 0 0 0 0 0 0 0 0 0 0 0 32897 64765 64765 59368 35724 2313 0 0 0 0 0 0 0 0 0 0 0 0 0 0 0 0 0 0 0 0 0 2313 48574 64765 64765 46261 0 0 0 0 0 0 0 0 0 0 0 0 0 0 0 0 0 0 0 0 0 0 0 6425 64765 64765 64765 46261 0 0 0 0 0 0 0 0 0 0 0 0 0 0 0 0 0 0 0 0 0 0 0 771 42406 64765 64765 54228 28013 4112 0 0 0 0 0 0 0 0 0 0 0 0 0 0 0 0 0 0 0 0 0 6168 63737 64765 64765 64765 64765 62452 48574 31097 31354 13364 0 0 0 0 0 0 0 0 0 0 0 0 0 0 0 0 0 3084 50630 65022 65022 65022 65022 65022 65022 65022 65536 65022 41378 3341 1028 0 0 0 0 0 0 0 0 0 0 0 0 0 0 0 4112 27756 27756 27756 27756 54228 58597 61424 65022 64765 64765 64765 44976 11822 0 0 0 0 0 0 0 0 0 0 0 0 0 0 0 0 0 0 0 0 0 11822 26214 56284 64765 64765 64765 57826 30069 1542 0 0 0 0 0 0 0 0 0 0 0 0 0 0 0 0 0 0 0 0 0 2056 25957 52429 61167 64765 64765 9252 0 0 0 0 0 0 0 0 0 0 0 0 0 0 0 0 0 0 0 0 0 0 0 0 46518 64765 64765 16448 0 0 0 0 0 0 0 0 0 0 0 0 0 0 0 0 0 0 0 0 0 0 2827 24672 60396 64765 64765 16448 0 0 0 0 0 0 0 0 0 0 0 0 0 0 0 15163 52686 52686 4883 10537 22102 39322 54485 64765 64765 58597 32897 1799 0 0 0 0 0 0 0 0 0 0 0 0 0 0 0 18761 64765 64765 56541 60139 65022 64765 64765 64765 47032 13878 0 0 0 0 0 0 0 0 0 0 0 0 0 0 0 0 0 1799 53714 64765 64765 64765 65022 64765 64765 59368 10537 0 0 0 0 0 0 0 0 0 0 0 0 0 0 0 0 0 0 0 12850 33668 33668 63480 48831 33668 14649 2313 0 0 0 0 0 0 0 0 0 0 0 0 0 0 0 0 0 0 0 0 0 0 0 0 0 0 0 0 0 0 0 0 0 0 0 0 0 0 0 0 0 0 0 0 0 0 0 0 0 0 0 0 0 0 0 0 0 0 0 0 0 0 0 0 0 0 0 0 0 0 0 0 0 0 0 0 0 0 0 0 0 0 0 0 0 0 0 0 0 0 0 0 0 0 0 0 0 0 0 0 0 0 0 0 0 0 0 0 0 0 0 0 0 0 0 0 0 0 0 0 0 
0 0 0 0 0 0 0 0 0 0 0 0 0 0 0 0 0 0 0 0 0 0 0 0 0 0 0 0 0 0 0 0 0 0 0 0 0 0 0 0 0 0 0 0 0 0 0 0 0 0 0 0 0 0 0 0 0 0 0 0 0 0 0 0 0 0 0 0 0 0 0 0 0 0 0 0 0 0 0 0 0 0 0 0 0 0 0 0 0 0 0 0 0 0 0 0 0 0 0 0 0 0 0 0 0 0 0 0 0 0 0 0 0 0 0 0 0 0 0 0 0 0 0 0 0 0 0 0 0 0 0 0 0 0 0 0 0 0 0 0 0 0 0 0 0 0 0 0 0 0 0 0 0 0 0 0 0 0 0 0 0 0 0 0 0 0 0 0 0 0 0 0 0 0 0 0 0 9509 22102 0 0 0 0 0 0 0 0 0 0 0 16705 42663 57055 10280 0 0 0 0 0 0 0 0 0 0 0 55256 62966 23387 0 0 0 0 0 0 0 0 5654 21845 60139 65022 53971 5397 0 0 0 0 0 0 0 0 0 0 22102 64251 65022 29555 0 0 0 0 0 0 0 0 29812 65022 65022 65022 51144 0 0 0 0 0 0 0 0 0 0 11822 64251 65022 65022 29555 0 0 0 0 0 0 0 18504 64251 65022 65022 48060 29812 0 0 0 0 0 0 0 0 0 0 12079 65022 65022 65022 29555 0 0 0 0 0 0 13878 59882 65022 65022 64765 54999 9766 0 0 0 0 0 0 0 0 0 0 33668 65022 65022 59625 13364 0 0 0 0 0 0 39579 65022 65022 65022 41121 0 0 0 0 0 0 0 0 0 0 0 37523 64251 65022 29298 3084 0 0 0 0 0 0 30069 64508 65022 65022 46261 15677 0 0 0 0 0 0 0 0 0 0 0 65279 65022 65022 1799 0 0 0 0 0 2570 11822 56027 65022 65022 43177 2570 0 0 0 0 0 0 0 0 0 0 0 0 65536 65022 45490 771 0 0 0 24929 33668 43177 65022 65022 65022 65022 35210 0 0 0 0 0 0 0 0 0 0 0 0 0 65279 65022 38808 20046 20046 20046 57312 63480 65022 65022 65022 65022 59625 18761 3084 0 0 0 0 0 0 0 0 0 0 0 0 0 65279 65022 65022 65022 65022 65022 65022 65022 65022 65022 65022 65022 47032 0 0 0 0 0 0 0 0 0 0 0 0 0 0 0 46004 65022 65022 65022 65022 65022 65022 65022 65022 65022 65022 65022 28013 0 0 0 0 0 0 0 0 0 0 0 0 0 0 0 3084 42149 65022 65022 65022 55256 63994 54228 65022 65022 59625 7710 1028 0 0 0 0 0 0 0 0 0 0 0 0 0 0 0 0 4112 44205 60910 54999 9766 20303 40093 65022 65022 56541 0 0 0 0 0 0 0 0 0 0 0 0 0 0 0 0 0 0 0 0 0 0 0 0 47546 65022 37780 10794 0 0 0 0 0 0 0 0 0 0 0 0 0 0 0 0 0 0 0 0 0 0 0 28527 62452 65022 5654 0 0 0 0 0 0 0 0 0 0 0 0 0 0 0 0 0 0 0 0 0 0 0 23130 63737 65022 63994 5397 0 0 0 0 0 0 0 0 0 0 0 0 0 0 0 0 0 0 0 0 0 0 0 35724 65022 61681 17990 0 0 0 0 0 0 0 0 0 0 0 0 0 0 0 0 0 0 0 0 0 0 0 8224 59882 65022 24672 0 0 0 0 0 0 0 0 0 0 0 0 0 0 0 0 0 0 0 0 0 0 0 0 4112 47032 51658 6939 0 0 0 0 0 0 0 0 0 0 0 0 0 0 0 0 0 0 0 0 0 0 0 0 0 0 0 0 0 0 0 0 0 0 0 0 0 0 0 0 0 0 0 0 0 0 0 0 0 0 0 0 0 0 0 0 0 0 0 0 0 0 0 0 0 0 0 0 0 0 
0 0 0 0 0 0 0 0 0 0 0 0 0 0 0 0 0 0 0 0 0 0 0 0 0 0 0 0 0 0 0 0 0 0 0 0 0 0 0 0 0 0 0 0 0 0 0 0 0 0 0 0 0 0 0 0 0 0 0 0 0 0 0 0 0 0 0 0 0 0 0 0 0 0 0 0 0 0 0 0 0 0 0 0 0 0 0 0 0 0 0 0 0 0 0 0 0 0 0 0 0 0 0 0 0 0 0 0 0 0 0 0 0 0 0 0 0 0 0 0 0 0 1028 11051 22359 42663 65022 40093 38037 15420 0 0 0 0 0 0 0 0 0 0 0 0 0 0 0 0 0 0 0 0 34953 64765 64765 65022 64765 64765 64765 64765 29812 0 0 0 0 0 0 0 0 0 0 0 0 0 0 0 0 2313 25957 59625 64508 61167 48060 32639 32382 34439 60910 64765 64251 17219 0 0 0 0 0 0 0 0 0 0 0 0 0 0 0 45233 65022 64765 47546 7196 0 0 0 0 5397 50887 65022 57569 3598 0 0 0 0 0 0 0 0 0 0 0 0 0 25186 63223 56027 10794 1028 0 0 0 0 0 0 27242 65022 64765 5397 0 0 0 0 0 0 0 0 0 0 0 0 0 36238 54228 33925 0 0 0 0 0 0 0 0 11565 65279 65022 32639 0 0 0 0 0 0 0 0 0 0 0 0 0 0 0 0 0 0 0 0 0 0 0 0 0 65022 64765 32382 0 0 0 0 0 0 0 0 0 0 0 0 0 0 0 0 0 0 0 0 0 0 0 0 13878 65022 64765 7453 0 0 0 0 0 0 0 0 0 0 0 0 0 0 0 0 0 0 0 0 0 0 0 0 27242 65022 64765 5397 0 0 0 0 0 0 0 0 0 0 0 0 0 0 0 0 0 0 18247 27242 27499 27242 2313 0 27242 65022 64765 5397 0 0 0 0 0 0 0 0 0 0 0 0 0 0 0 6425 31611 62966 65022 65022 65536 65022 62966 20046 44976 65536 61424 4369 0 0 0 0 0 0 0 0 0 0 0 0 0 14649 32897 58340 64765 44719 25186 16191 32125 59368 64765 64765 64765 65022 43177 0 0 0 0 0 0 0 0 0 0 0 0 0 18761 54228 62709 39322 5397 514 0 0 0 4112 44205 64765 64765 65022 29812 0 0 0 0 0 0 0 0 0 0 0 0 0 59625 60653 16962 0 0 0 0 0 0 0 12336 64765 64765 65022 22873 0 0 0 0 0 0 0 0 0 0 0 0 18247 63994 25957 0 0 0 0 0 0 0 9252 57312 64765 64765 65022 61424 4369 0 0 0 0 0 0 0 0 0 0 0 21845 65022 26214 0 0 0 0 0 4626 31611 65022 65022 65022 60653 65536 65022 9766 0 0 0 0 0 0 0 0 0 0 0 5397 60910 60910 37523 9252 0 11051 39836 55513 65022 64765 62966 25186 9509 65022 64765 32382 0 0 0 0 0 0 0 0 0 0 0 0 32125 62966 64765 62195 59625 62195 64765 64765 57312 32382 6939 0 0 40093 64765 57312 0 0 0 0 0 0 0 0 0 0 0 0 0 14392 44205 55513 60910 63480 48574 37266 8995 0 0 0 0 31354 64765 59368 0 0 0 0 0 0 0 0 0 0 0 0 0 0 0 4626 8224 9766 0 0 0 0 0 0 0 11051 64765 48060 0 0 0 0 0 0 0 0 0 0 0 0 0 0 0 0 0 0 0 0 0 0 0 0 0 0 0 0 0 0 0 0 0 0 0 0 0 0 0 0 0 0 0 0 0 0 0 0 0 0 0 0 0 0 0 0 0 0 0 0 0 0 0 0 0 0 0 0 0 0 0 0 0 0 0 0 0 0 0 0 0 0 0 0 0 0 0 0 0 0 0 0 0 0 0 0 0 0 0 0 0 0 0 0 0 0 0 0 0 0 0 0 0 0 0 0 0 0 0 
0 0 0 0 0 0 0 0 0 0 0 0 0 0 0 0 0 0 0 0 0 0 0 0 0 0 0 0 0 0 0 0 0 0 0 0 0 0 0 0 0 0 0 0 0 0 0 0 0 0 0 0 0 0 0 0 0 0 0 0 0 0 0 0 0 0 0 0 0 0 0 0 0 0 0 0 0 0 0 0 0 0 0 0 0 0 0 0 0 0 0 0 0 0 0 0 0 0 0 0 0 0 0 0 0 0 0 0 0 0 0 0 0 0 0 0 0 0 0 0 0 0 0 0 0 0 0 0 0 0 0 0 0 0 0 0 0 0 0 0 0 0 0 0 0 0 0 0 0 0 0 0 0 0 0 0 0 0 0 0 0 0 0 0 0 0 0 0 0 0 0 0 0 0 0 0 0 0 0 0 0 0 0 0 0 0 0 0 0 0 0 0 0 0 0 0 0 0 0 0 0 0 0 0 0 0 0 0 0 0 0 0 0 0 0 0 0 0 0 0 0 0 0 0 0 0 0 0 0 0 0 0 0 0 3855 39322 39322 39322 39322 39322 39322 39322 39322 39322 55770 54742 64251 64251 64251 35981 0 0 0 0 0 0 0 0 0 0 0 1542 49088 65279 65279 65279 65279 65279 65279 65279 65279 65279 65279 65279 65279 65279 64251 31097 0 0 0 0 0 0 0 0 0 0 0 23387 65279 65279 65279 65279 65279 65279 65279 65279 65279 65279 65279 53457 42920 36238 15934 0 0 0 0 0 0 0 0 0 0 0 0 30326 65279 65279 65279 53714 34182 26985 26985 26985 36238 26985 10794 1285 0 0 0 0 0 0 0 0 0 0 0 0 0 0 0 19018 65279 65279 65279 42663 0 0 0 0 0 0 0 0 0 0 0 0 0 0 0 0 0 0 0 0 0 0 0 14906 65279 65279 65279 63737 31097 0 0 0 0 0 0 0 0 0 0 0 0 0 0 0 0 0 0 0 0 0 0 1028 56027 65279 65279 65279 63994 31611 0 0 0 0 0 0 0 0 0 0 0 0 0 0 0 0 0 0 0 0 0 0 12850 45233 65022 65279 65279 62966 42149 9252 0 0 0 0 0 0 0 0 0 0 0 0 0 0 0 0 0 0 0 0 0 0 38551 65279 65279 65279 65279 43434 1542 0 0 0 0 0 0 0 0 0 0 0 0 0 0 0 0 0 0 0 0 0 6168 45490 65279 65279 65279 50116 1285 0 0 0 0 0 0 0 0 0 0 0 0 0 0 0 42663 51915 51915 51915 51915 51915 51915 57826 65279 65279 65279 48574 1028 0 0 0 0 0 0 0 0 0 0 0 0 0 0 0 65536 65279 65279 65279 65279 65279 65279 65279 65279 65279 62709 7196 0 0 0 0 0 0 0 0 0 0 0 0 0 0 0 0 48574 65279 65279 65279 65279 65279 65279 65279 65279 54742 10280 0 0 0 0 0 0 0 0 0 0 0 0 0 0 0 0 0 9766 41892 63994 63994 42920 57055 49345 39065 22102 6425 0 0 0 0 0 0 0 0 0 0 0 0 0 0 0 0 0 0 0 0 0 0 0 0 0 0 0 0 0 0 0 0 0 0 0 0 0 0 0 0 0 0 0 0 0 0 0 0 0 0 0 0 0 0 0 0 0 0 0 0 0 0 0 0 0 0 0 0 0 0 0 0 0 0 0 0 0 0 0 0 0 0 0 0 0 0 0 0 0 0 0 0 0 0 0 0 0 0 0 0 0 0 0 0 0 0 0 0 0 0 0 0 0 0 0 0 0 0 0 0 0 0 0 0 0 0 0 0 0 0 0 0 0 0 0 0 0 0 0 0 0 0 0 0 0 0 0 0 0 0 0 0 0 0 0 0 0 0 0 0 0 0 0 0 0 0 0 0 0 0 0 0 0 0 0 0 0 0 0 0 
0 0 0 0 0 0 0 0 0 0 0 0 0 0 0 0 0 0 0 0 0 0 0 0 0 0 0 0 0 0 0 0 0 0 0 0 0 0 0 0 0 0 0 0 0 0 0 0 0 0 0 0 0 0 0 0 0 0 0 0 0 0 0 0 0 0 0 0 0 0 0 0 0 0 0 0 0 0 0 0 0 0 0 0 0 0 0 0 0 0 0 0 0 0 0 0 0 0 0 0 0 0 0 0 0 0 0 0 0 0 0 0 0 0 0 0 0 0 0 0 0 0 0 0 0 0 0 0 0 0 0 0 0 0 0 0 0 0 0 0 0 0 0 0 0 0 0 0 0 0 0 0 0 0 0 0 0 0 0 0 0 0 0 0 0 0 0 0 0 0 0 0 0 0 0 0 0 0 0 0 0 0 0 0 0 0 0 0 13107 14649 13107 0 0 0 0 0 0 0 0 0 0 0 0 0 0 0 0 0 0 0 0 0 14906 42406 53457 61681 58083 57826 55256 36238 0 0 0 0 0 0 0 0 0 0 0 0 0 0 0 0 0 0 8224 40350 62709 45747 29041 15934 1285 0 0 0 0 0 0 0 0 0 0 0 0 0 0 0 0 0 0 0 1285 41121 65536 57569 18247 0 0 0 0 0 0 0 0 0 0 0 0 0 0 0 0 0 0 0 0 0 0 26214 24158 56284 17219 2827 0 0 0 0 0 0 0 0 0 0 0 0 0 0 0 0 0 0 0 0 0 0 16191 54485 1799 0 0 0 0 0 0 0 0 0 0 0 0 0 0 0 0 0 0 0 0 0 0 0 0 0 46775 55256 36238 10280 0 0 0 0 0 0 0 0 0 0 0 0 0 0 0 0 0 0 0 0 0 0 0 0 20817 32897 53971 65022 46518 9252 0 0 0 0 0 0 0 0 0 0 0 0 0 0 0 0 0 0 0 0 0 0 0 0 0 20303 54228 59111 16705 0 0 0 0 0 0 0 0 0 0 0 0 0 0 0 0 0 0 0 0 0 0 0 0 0 3341 40607 63480 21331 0 0 0 0 0 0 0 0 0 0 0 0 0 0 4112 0 0 0 0 0 0 0 0 0 0 1028 37523 58597 6682 0 0 0 0 0 0 0 0 0 0 0 0 0 39579 6939 0 0 0 0 0 0 0 0 0 0 0 47546 29041 0 0 0 0 0 0 0 0 0 0 0 0 0 19018 54485 40093 17219 0 0 0 0 0 0 0 0 0 35467 29041 0 0 0 0 0 0 0 0 0 0 0 0 0 0 6168 32382 54485 65279 57312 47032 32897 29298 29298 29298 40093 56284 63994 19275 0 0 0 0 0 0 0 0 0 0 0 0 0 0 0 0 1028 12336 25443 36238 43177 48317 58340 61681 56284 43177 17476 0 0 0 0 0 0 0 0 0 0 0 0 0 0 0 0 0 0 0 0 0 0 0 0 0 0 0 0 0 0 0 0 0 0 0 0 0 0 0 0 0 0 0 0 0 0 0 0 0 0 0 0 0 0 0 0 0 0 0 0 0 0 0 0 0 0 0 0 0 0 0 0 0 0 0 0 0 0 0 0 0 0 0 0 0 0 0 0 0 0 0 0 0 0 0 0 0 0 0 0 0 0 0 0 0 0 0 0 0 0 0 0 0 0 0 0 0 0 0 0 0 0 0 0 0 0 0 0 0 0 0 0 0 0 0 0 0 0 0 0 0 0 0 0 0 0 0 0 0 0 0 0 0 0 0 0 0 0 0 0 0 0 0 0 0 0 0 0 0 0 0 0 0 0 0 0 0 0 0 0 0 0 0 0 0 0 0 0 0 0 0 0 0 0 0 0 0 0 0 0 0 0 0 0 0 0 
0 0 0 0 0 0 0 0 0 0 0 0 0 0 0 0 0 0 0 0 0 0 0 0 0 0 0 0 0 0 0 0 0 0 0 0 0 0 0 0 0 0 0 0 0 0 0 0 0 0 0 0 0 0 0 0 0 0 0 0 0 0 0 0 0 0 0 0 0 0 0 0 0 0 0 0 0 0 0 0 0 0 0 0 0 0 0 0 0 0 0 0 0 0 0 0 0 0 0 0 0 0 0 0 0 0 0 0 0 0 0 0 0 0 0 0 0 0 0 0 0 0 0 0 3341 23644 55513 55513 7196 0 0 0 0 0 43434 32897 1028 0 0 0 0 0 0 0 0 0 0 0 0 0 0 4883 49859 65022 64765 53457 28013 0 0 0 0 0 43434 64765 7196 0 0 0 0 0 0 0 0 0 0 0 0 0 4883 49088 64765 62709 36495 3341 0 0 0 0 0 15420 60139 64765 7196 0 0 0 0 0 0 0 0 0 0 0 0 0 14649 64765 64765 19275 0 0 0 0 0 0 0 49088 64765 64765 7196 0 0 0 0 0 0 0 0 0 0 0 0 0 14649 65022 65022 0 0 0 0 0 0 0 19532 65536 65022 62709 6425 0 0 0 0 0 0 0 0 0 0 0 0 0 14649 64765 64765 0 0 0 0 0 0 21074 62452 65022 61681 20817 0 0 0 0 0 0 0 0 0 0 0 0 0 0 9766 60139 64765 0 0 0 0 21845 41121 61681 64765 62709 33411 0 0 0 0 0 0 0 0 0 0 0 0 0 0 0 0 37780 64765 13107 0 0 25957 65022 64765 64765 38808 6425 0 0 0 0 0 0 0 0 0 0 0 0 0 0 0 0 0 9766 61167 46004 13878 45747 65022 65279 63480 35210 3341 0 0 0 0 0 0 0 0 0 0 0 0 0 0 0 0 0 0 0 38551 65022 64765 64765 64765 53714 16705 0 0 0 0 0 0 0 0 0 0 0 0 0 0 0 0 0 0 0 0 7453 53971 65022 64765 57569 30326 6425 0 0 0 0 0 0 0 0 0 0 0 0 0 0 0 0 0 0 0 0 13107 60139 64765 65022 64765 17476 0 0 0 0 0 0 0 0 0 0 0 0 0 0 0 0 0 0 0 0 0 23644 55513 65022 58597 29298 49859 32897 1028 0 0 0 0 0 0 0 0 0 0 0 0 0 0 0 0 0 0 4883 40350 65022 61681 28013 2313 0 14649 64765 7196 0 0 0 0 0 0 0 0 0 0 0 0 0 0 0 0 0 11565 55256 64765 52943 20817 0 0 0 14649 64765 39322 0 0 0 0 0 0 0 0 0 0 0 0 0 0 0 0 3341 49859 64765 51915 3341 0 0 0 0 1799 52172 64765 13107 0 0 0 0 0 0 0 0 0 0 0 0 0 0 0 36238 65022 62709 19275 0 0 0 0 1028 20303 65022 65022 13107 0 0 0 0 0 0 0 0 0 0 0 0 0 0 0 29812 64765 57569 17733 14649 14649 14649 14649 46004 64765 64765 58340 0 0 0 0 0 0 0 0 0 0 0 0 0 0 0 0 4883 57569 64765 64765 65022 64765 64765 64765 65022 64765 64765 13364 0 0 0 0 0 0 0 0 0 0 0 0 0 0 0 0 0 11308 35724 48831 65022 64765 64765 64765 61938 35724 13364 771 0 0 0 0 0 0 0 0 0 0 0 0 0 0 0 0 0 0 0 0 0 0 0 0 0 0 0 0 0 0 0 0 0 0 0 0 0 0 0 0 0 0 0 0 0 0 0 0 0 0 0 0 0 0 0 0 0 0 0 0 0 0 0 0 0 0 0 0 0 0 0 0 0 0 0 0 0 0 0 0 0 0 0 0 0 0 0 0 0 0 0 0 0 0 0 0 0 0 0 0 0 0 0 0 0 0 0 0 0 0 0 0 0 0 0 0 0 0 0 0 0 0 0 
0 0 0 0 0 0 0 0 0 0 0 0 0 0 0 0 0 0 0 0 0 0 0 0 0 0 0 0 0 0 0 0 0 0 0 0 0 0 0 0 0 0 0 0 0 0 0 0 0 0 0 0 0 0 0 0 0 0 0 0 0 0 0 0 0 0 0 0 0 0 0 0 0 0 0 0 0 0 0 0 0 0 0 0 0 0 0 0 0 0 0 0 0 0 0 0 0 0 0 0 0 0 0 0 0 0 0 0 0 0 0 0 0 0 0 0 0 0 0 0 0 0 0 0 0 0 0 0 0 0 0 0 0 0 0 0 0 0 0 0 0 0 0 0 0 0 0 0 0 0 0 0 0 2313 6168 6168 11565 35724 35724 35724 52172 65279 65279 38808 0 0 0 0 0 0 0 0 0 0 0 0 0 5654 41892 41635 41635 50116 65022 65279 65022 65022 65022 65022 65279 65022 56284 9509 0 0 0 0 0 0 0 0 0 0 0 0 0 51401 65279 65022 65022 65022 65022 65279 65022 65022 65022 65022 47546 28527 4883 0 0 0 0 0 0 0 0 0 0 0 0 0 19789 63994 65279 60653 41378 41378 41378 41378 41378 41378 16962 11822 0 0 0 0 0 0 0 0 0 0 0 0 0 0 0 8224 56284 65022 65279 26214 0 0 0 0 0 0 0 0 0 0 0 0 0 0 0 0 0 0 0 0 0 0 1285 49345 65279 65279 60139 6168 4369 0 0 0 0 0 0 0 0 0 0 0 0 0 0 0 0 0 0 0 0 0 17476 65022 65022 65022 65279 65022 58597 41635 41635 12079 9766 0 0 0 0 0 0 0 0 0 0 0 0 0 0 0 0 0 33411 65022 65022 65022 65279 65022 65022 65022 65022 65279 61938 39322 3341 0 0 0 0 0 0 0 0 0 0 0 0 0 0 0 2313 33154 49859 43434 41378 41378 41378 28013 41378 65279 65022 65022 44719 2313 0 0 0 0 0 0 0 0 0 0 0 0 0 0 0 0 2313 514 0 0 0 0 0 5911 30326 65022 65022 32897 0 0 0 0 0 0 0 0 0 0 0 0 0 0 0 0 0 0 0 0 0 0 0 0 5654 52943 65279 65279 2827 0 0 0 0 0 0 0 0 0 0 0 0 0 0 0 0 0 0 0 0 0 0 0 0 17990 65022 65022 29812 0 0 0 0 0 0 0 0 0 0 0 0 0 0 0 0 0 0 0 0 0 0 0 0 17990 65022 65022 29812 0 0 0 0 0 0 0 0 0 0 0 0 0 0 0 8738 23901 0 0 0 0 0 0 0 17990 65022 65022 29812 0 0 0 0 0 0 0 0 0 0 0 0 0 0 0 23901 65022 13621 0 0 0 0 0 5654 52943 65022 65022 29812 0 0 0 0 0 0 0 0 0 0 0 0 0 0 0 24158 65279 46004 0 0 0 0 771 30583 65279 65279 62709 0 0 0 0 0 0 0 0 0 0 0 0 0 0 0 0 23901 65022 60653 4369 0 0 0 30583 65022 65022 65022 35210 0 0 0 0 0 0 0 0 0 0 0 0 0 0 0 0 23901 65022 65536 53971 25957 28784 47546 65536 65022 65022 58597 12336 0 0 0 0 0 0 0 0 0 0 0 0 0 0 0 0 4369 49602 65279 65022 65022 65022 65022 65279 65022 58597 12850 0 0 0 0 0 0 0 0 0 0 0 0 0 0 0 0 0 0 2827 35467 40864 65022 65022 65022 65279 40607 4112 0 0 0 0 0 0 0 0 0 0 0 0 0 0 0 0 0 0 0 0 0 0 0 0 0 0 0 0 0 0 0 0 0 0 0 0 0 0 0 0 0 0 0 0 0 0 0 0 0 0 0 0 0 0 0 0 0 0 0 0 0 0 0 0 0 0 0 0 0 0 0 0 0 0 0 0 0 0 0 0 0 0 0 0 0 0 0 0 0 0 0 0 0 0 
0 0 0 0 0 0 0 0 0 0 0 0 0 0 0 0 0 0 0 0 0 0 0 0 0 0 0 0 0 0 0 0 0 0 0 0 0 0 0 0 0 0 0 0 0 0 0 0 0 0 0 0 0 0 0 0 0 0 0 0 0 0 0 0 0 0 0 0 0 0 0 0 0 0 0 0 0 0 0 0 0 0 0 0 0 0 0 0 0 0 0 0 0 0 0 0 0 0 0 0 0 0 0 0 0 0 0 0 0 0 0 0 0 0 0 0 0 0 0 0 0 0 0 0 0 0 0 0 0 0 0 0 0 0 0 0 0 0 0 0 0 0 0 0 0 0 0 0 0 0 0 0 0 0 0 1799 24415 28270 25957 1799 0 0 0 0 0 0 0 0 0 0 0 0 0 0 0 0 0 0 0 0 0 16448 37266 56798 65022 65022 65022 57826 3341 0 0 0 0 0 0 0 0 0 0 0 0 0 0 0 0 0 0 13107 56284 65022 65022 65022 65022 65022 65279 65022 19275 0 0 0 0 0 0 0 0 0 0 0 0 0 0 0 5911 22359 44719 63994 65022 65022 65022 52943 44462 20303 60139 65022 56284 0 0 0 0 0 0 0 0 0 0 0 0 0 0 17990 60910 65022 65022 65022 65022 65022 40607 2313 0 0 57569 65022 53200 0 0 0 0 0 0 0 0 0 0 0 0 0 0 30840 65022 65022 65022 44462 60139 52172 15420 0 0 13107 63223 65022 30840 0 0 0 0 0 0 0 0 0 0 0 0 0 0 15934 54742 31868 10794 257 2827 1542 0 0 16448 53971 65022 61938 15677 0 0 0 0 0 0 0 0 0 0 0 0 0 0 0 0 0 0 0 0 0 0 21588 56798 65022 62709 17990 0 0 0 0 0 0 0 0 0 0 0 0 0 0 0 0 0 0 0 0 0 0 31868 64765 65022 65022 43434 0 0 0 0 0 0 0 0 0 0 0 0 0 0 0 0 0 0 0 0 0 0 31868 62709 65022 65022 56798 9509 0 0 0 0 0 0 0 0 0 0 0 0 0 0 0 0 0 0 0 0 8738 34953 64765 65022 65022 39065 0 0 0 0 0 0 0 0 0 0 0 0 0 0 0 0 0 0 0 1285 27242 38037 60653 65022 65022 65022 52943 3855 0 0 0 0 0 0 0 0 0 0 0 0 0 0 0 0 0 0 8738 41892 65022 65022 65022 65022 65022 65022 65022 52686 0 0 0 0 0 0 0 0 0 0 0 0 0 0 0 0 257 23130 57826 65022 65022 65022 61681 49088 38037 63994 65279 64765 43434 6682 6682 30326 32382 32382 19532 0 0 0 0 0 0 0 0 4626 42406 65022 65022 65022 62709 35981 8738 0 0 26471 65022 65022 65022 65022 65022 65022 65022 65022 39322 0 0 0 0 0 0 0 0 41378 65022 65022 64508 48574 16962 0 0 0 0 257 11051 56284 65022 65279 65022 65279 58340 41378 28784 0 0 0 0 0 0 0 0 65536 65022 65022 31868 0 0 0 0 0 0 0 0 7453 33411 41892 41892 28527 4369 0 0 0 0 0 0 0 0 0 0 18247 28013 11565 514 0 0 0 0 0 0 0 0 0 0 0 0 0 0 0 0 0 0 0 0 0 0 0 0 0 0 0 0 0 0 0 0 0 0 0 0 0 0 0 0 0 0 0 0 0 0 0 0 0 0 0 0 0 0 0 0 0 0 0 0 0 0 0 0 0 0 0 0 0 0 0 0 0 0 0 0 0 0 0 0 0 0 0 0 0 0 0 0 0 0 0 0 0 0 0 0 0 0 0 0 0 0 0 0 0 0 0 0 0 0 0 0 0 0 0 0 0 0 0 0 0 0 0 0 0 0 0 0 0 0 0 0 0 0 0 0 0 0 0 0 0 0 0 0 0 0 0 0 0 0 0 0 0 0 0 0 0 0 0 0 
0 0 0 0 0 0 0 0 0 0 0 0 0 0 0 0 0 0 0 0 0 0 0 0 0 0 0 0 0 0 0 0 0 0 0 0 0 0 0 0 0 0 0 0 0 0 0 0 0 0 0 0 0 0 0 0 0 0 0 0 0 0 0 0 0 0 0 0 0 0 0 0 0 0 0 0 0 0 0 0 0 0 0 0 0 0 0 0 0 0 0 0 0 0 0 0 0 0 0 0 0 0 0 0 0 0 0 0 0 0 0 0 0 0 0 0 0 0 0 0 0 0 0 0 0 0 0 0 0 0 0 0 0 0 0 0 0 0 0 0 0 0 0 0 0 0 0 0 0 0 0 0 0 0 29812 65279 56284 41892 1285 0 0 0 0 0 0 0 0 0 0 0 0 0 0 0 0 0 0 0 0 0 7453 42663 62709 42663 32639 65022 4626 0 0 0 0 0 0 0 0 0 0 0 0 0 0 0 0 0 0 0 0 1542 50630 65022 47289 0 2570 65022 14649 0 0 0 0 0 0 0 0 0 0 0 0 0 0 0 0 0 0 0 0 38551 65022 48831 8224 0 2570 65022 44719 0 0 0 0 0 0 0 0 0 0 0 0 0 0 0 0 0 0 0 25700 62195 56284 9252 0 0 11565 65022 52943 0 0 0 0 0 0 0 0 0 0 0 0 0 0 0 0 0 0 0 36752 65022 51401 0 0 6168 57055 65022 58340 5397 0 0 0 0 0 0 0 0 0 0 0 0 0 0 0 0 0 20560 59368 60139 13621 0 0 50887 65022 65022 65022 12079 0 0 0 0 0 0 0 0 0 0 0 0 0 0 0 0 0 34182 65022 35981 0 0 21845 64765 65022 65022 53200 514 0 0 0 0 0 0 0 0 0 0 0 0 0 0 0 0 5911 58854 62452 5654 0 0 52686 63737 51658 65022 52943 0 0 0 0 0 0 0 0 0 0 0 0 0 0 0 0 0 30326 65022 43177 0 0 8995 65279 55256 26728 65022 52943 0 0 0 0 0 0 0 0 0 0 0 0 0 0 0 0 0 36238 65279 37009 0 4626 58854 65536 16191 26728 65279 46775 0 0 0 0 0 0 0 0 0 0 0 0 0 0 0 0 0 36238 65022 19275 2313 42663 65022 33925 771 26728 65022 28784 0 0 0 0 0 0 0 0 0 0 0 0 0 0 0 0 0 35210 65022 46775 43948 65022 54228 0 0 36238 65022 28784 0 0 0 0 0 0 0 0 0 0 0 0 0 0 0 0 0 8738 61424 65022 65022 60139 5654 0 0 50630 65022 28784 0 0 0 0 0 0 0 0 0 0 0 0 0 0 0 0 0 0 5654 36752 47546 16705 0 0 0 50630 65022 15420 0 0 0 0 0 0 0 0 0 0 0 0 0 0 0 0 0 0 0 0 0 0 0 0 0 50630 65022 4626 0 0 0 0 0 0 0 0 0 0 0 0 0 0 0 0 0 0 0 0 0 0 0 0 0 50630 65022 12850 0 0 0 0 0 0 0 0 0 0 0 0 0 0 0 0 0 0 0 0 0 0 0 0 0 50630 65022 28784 0 0 0 0 0 0 0 0 0 0 0 0 0 0 0 0 0 0 0 0 0 0 0 0 0 50630 65022 28784 0 0 0 0 0 0 0 0 0 0 0 0 0 0 0 0 0 0 0 0 0 0 0 0 0 41635 57826 9252 0 0 0 0 0 0 0 0 0 0 0 0 0 0 0 0 0 0 0 0 0 0 0 0 0 0 0 0 0 0 0 0 0 0 0 0 0 0 0 0 0 0 0 0 0 0 0 0 0 0 0 0 0 0 0 0 0 0 0 0 0 0 0 0 0 0 0 0 0 0 0 0 0 0 0 0 0 0 0 0 0 0 0 0 0 0 0 0 0 0 0 0 0 
0 0 0 0 0 0 0 0 0 0 0 0 0 0 0 0 0 0 0 0 0 0 0 0 0 0 0 0 0 0 0 0 0 0 0 0 0 0 0 0 0 0 0 0 0 0 0 0 0 0 0 0 0 0 0 0 0 0 0 0 0 0 0 0 0 0 0 37266 65536 54228 24158 0 0 0 0 0 0 0 0 0 0 0 0 0 0 0 0 0 0 0 0 0 0 0 0 26728 65022 64765 58083 7967 0 0 0 0 0 0 0 0 0 0 0 0 0 0 0 0 0 0 0 0 0 0 0 0 18504 52943 64765 54228 5397 0 0 0 0 0 0 0 0 0 0 0 0 0 0 0 0 0 0 0 0 0 0 0 0 7967 54228 64765 53200 5140 0 0 0 0 0 0 0 0 0 0 0 0 0 0 0 0 0 0 0 0 0 0 0 0 5397 52686 65022 53971 7967 0 0 0 0 0 0 0 0 0 0 0 0 0 0 0 0 0 0 0 0 0 0 0 0 5140 54228 64765 29041 0 0 0 0 0 0 0 0 0 0 0 0 0 0 0 0 0 0 0 0 0 0 0 0 0 24158 63480 61938 25186 0 0 0 0 0 0 0 0 0 0 0 0 0 0 0 0 0 0 0 0 0 0 0 0 0 55770 64765 64765 0 0 0 0 0 0 0 0 0 0 0 0 0 0 0 0 0 0 0 0 0 0 0 0 0 18761 65022 65022 0 0 0 0 0 0 0 0 0 0 0 0 0 0 0 0 0 0 0 0 0 0 0 0 0 18761 64765 64765 0 0 0 0 0 0 0 0 0 0 0 0 0 0 0 0 0 0 0 0 0 0 0 0 0 18761 64765 64765 0 0 0 0 0 0 0 0 0 0 0 0 0 0 0 0 0 0 0 0 0 0 0 0 0 39836 64765 64765 0 0 0 0 0 0 0 0 0 0 0 0 0 0 0 0 0 8224 28013 28013 16191 0 0 0 0 56027 65022 65022 0 0 0 0 0 0 0 0 0 0 0 0 0 0 0 0 8224 53200 64765 64765 61167 55770 29298 7967 24158 63480 64765 53971 0 0 0 0 0 0 0 0 0 0 0 0 0 0 0 257 54228 64765 64765 64765 65022 64765 64765 54228 54485 64765 63223 23644 0 0 0 0 0 0 0 0 0 0 0 0 0 0 0 257 64765 64765 59368 27756 27756 38037 64765 64765 65022 64765 55256 0 0 0 0 0 0 0 0 0 0 0 0 0 0 0 0 257 65022 65022 18504 0 0 8224 54485 65022 65536 65022 55770 0 0 0 0 0 0 0 0 0 0 0 0 0 0 0 0 257 53971 64765 58340 55770 56027 58340 64765 64765 65022 64765 58083 7967 0 0 0 0 0 0 0 0 0 0 0 0 0 0 0 0 7967 52943 64765 64765 65022 64765 64765 59368 39579 50116 55256 7967 0 0 0 0 0 0 0 0 0 0 0 0 0 0 0 0 0 7967 54228 64765 65022 53971 27756 11822 0 0 15934 0 0 0 0 0 0 0 0 0 0 0 0 0 0 0 0 0 0 0 0 0 0 0 0 0 0 0 0 0 0 0 0 0 0 0 0 0 0 0 0 0 0 0 0 0 0 0 0 0 0 0 0 0 0 0 0 0 0 0 0 0 0 0 0 0 0 0 0 0 0 0 0 0 0 0 0 0 0 0 0 0 0 0 0 0 0 0 0 0 0 0 0 0 0 0 0 0 0 0 0 0 0 0 0 0 0 0 0 0 0 0 0 0 0 0 0 0 0 0 0 0 0 0 0 0 0 0 0 0 0 0 0 0 0 0 0 0 0 0 0 0 0 0 0 0 0 0 0 0 0 0 0 0 0 0 0 0 0 0 0 0 0 0 0 0 0 0 0 0 0 0 0 0 0 0 0 0 
0 0 0 0 0 0 0 0 0 0 0 0 0 0 0 0 0 0 0 0 0 0 0 0 0 0 0 0 0 0 0 0 0 0 0 0 0 0 0 0 0 0 0 0 0 0 0 0 0 0 0 0 0 0 0 0 0 0 0 0 0 0 0 0 0 0 0 0 0 0 0 0 0 0 0 0 0 0 0 0 0 0 0 0 0 0 0 0 0 0 0 0 0 0 0 0 0 0 0 0 0 0 0 0 0 0 0 0 0 0 0 0 0 0 0 0 0 0 0 0 0 0 0 0 0 0 0 0 0 0 0 0 0 0 0 0 0 0 0 0 0 0 0 0 0 0 0 0 0 0 0 0 0 0 0 0 0 0 0 0 0 0 0 0 0 0 0 0 0 0 0 0 0 0 0 0 0 0 0 6682 36238 65022 61681 0 0 0 0 0 0 0 0 0 0 0 0 0 0 0 0 0 0 0 0 0 0 0 16448 62195 64765 61938 37009 16191 0 0 0 0 0 13107 61681 58083 11565 0 0 0 0 0 0 0 0 0 0 0 0 7710 52943 64765 60910 18504 0 0 0 0 0 0 6425 50630 64765 45747 2827 0 0 0 0 0 0 0 0 0 0 0 0 49602 64765 64765 25700 0 0 0 0 0 0 0 46004 64765 56027 3855 0 0 0 0 0 0 0 0 0 0 0 0 19275 62709 64765 26728 4369 0 0 0 0 0 0 5654 54999 61167 22102 0 0 0 0 0 0 0 0 0 0 0 0 0 49345 64765 51915 4369 0 0 0 0 0 0 25186 53200 64765 43691 0 0 0 0 0 0 0 0 0 0 0 0 0 19018 62709 64765 24158 0 0 0 0 0 0 24415 62709 64765 61938 14392 0 0 0 0 0 0 0 0 0 0 0 0 0 27499 64765 62452 12079 0 0 0 0 0 3341 61938 64765 64765 47546 0 0 0 0 0 0 0 0 0 0 0 0 0 0 27499 64765 45233 771 0 0 0 0 0 50630 64765 64765 64765 45747 0 0 0 0 0 0 0 0 0 0 0 0 0 0 27499 64765 64765 31611 0 0 0 0 18247 65022 64765 64765 53714 6425 0 0 0 0 0 0 0 0 0 0 0 0 0 0 14649 61938 65022 65022 65022 41378 52429 65022 65022 65536 51915 21845 0 0 0 0 0 0 0 0 0 0 0 0 0 0 0 0 0 15677 60396 64765 64765 64765 64765 64765 64765 51915 3598 0 0 0 0 0 0 0 0 0 0 0 0 0 0 0 0 0 0 0 16448 40607 40607 57312 64765 64765 51915 3598 0 0 0 0 0 0 0 0 0 0 0 0 0 0 0 0 0 0 0 0 0 0 4369 50887 64765 52686 21074 0 0 0 0 0 0 0 0 0 0 0 0 0 0 0 0 0 0 0 0 0 0 0 40864 64765 59368 5654 0 0 0 0 0 0 0 0 0 0 0 0 0 0 0 0 0 0 0 0 0 0 0 12850 60396 64765 32639 0 0 0 0 0 0 0 0 0 0 0 0 0 0 0 0 0 0 0 0 0 0 0 0 22616 64765 52172 7453 0 0 0 0 0 0 0 0 0 0 0 0 0 0 0 0 0 0 0 0 0 0 0 0 51401 64765 20303 0 0 0 0 0 0 0 0 0 0 0 0 0 0 0 0 0 0 0 0 0 0 0 0 0 51401 64765 22102 0 0 0 0 0 0 0 0 0 0 0 0 0 0 0 0 0 0 0 0 0 0 0 0 0 33154 64765 36238 0 0 0 0 0 0 0 0 0 0 0 0 0 0 0 0 0 0 0 0 0 0 0 0 0 0 0 0 0 0 0 0 0 0 0 0 0 0 0 0 0 0 0 0 0 0 0 0 0 0 0 0 0 0 0 0 0 0 0 0 0 0 0 0 0 0 0 0 0 0 0 
0 0 0 0 0 0 0 0 0 0 0 0 0 0 0 0 0 0 0 0 0 0 0 0 0 0 0 0 0 0 0 0 0 0 0 0 0 0 0 0 0 0 0 0 0 0 0 0 0 0 0 0 0 0 0 0 0 0 0 0 0 0 0 0 0 0 0 0 0 0 0 0 0 0 0 0 0 0 0 0 0 0 0 0 0 0 0 0 0 0 0 0 0 0 16448 32897 32897 49088 65536 65536 16448 0 0 0 0 0 0 0 0 0 0 0 0 0 0 0 0 0 0 0 0 32897 65536 65536 65536 65536 65536 65536 65536 49088 0 0 0 0 0 0 0 0 0 0 0 0 0 0 0 0 0 0 0 65536 65536 65536 65536 65536 65536 65536 65536 65536 32897 0 0 0 0 0 0 0 0 0 0 0 0 0 0 0 0 0 0 32897 65536 65536 65536 49088 32897 32897 65536 65536 65536 32897 0 0 0 0 0 0 0 0 0 0 0 0 0 0 0 0 0 0 16448 16448 0 0 0 0 32897 65536 65536 32897 0 0 0 0 0 0 0 0 0 0 0 0 0 0 0 0 0 0 0 0 0 0 0 0 32897 65536 65536 32897 0 0 0 0 0 0 0 0 0 0 0 0 0 0 0 0 0 0 0 0 0 0 0 0 32897 65536 65536 32897 0 0 0 0 0 0 0 0 0 0 0 0 0 0 0 0 0 0 0 0 0 0 0 0 65536 65536 65536 16448 0 0 0 0 0 0 0 0 0 0 0 0 0 0 0 0 0 0 0 0 0 0 16448 65536 65536 65536 49088 0 0 0 0 0 0 0 0 0 0 0 0 0 0 0 0 0 0 0 0 0 0 16448 49088 65536 65536 65536 0 0 0 0 0 0 0 0 0 0 0 0 0 0 0 0 0 0 0 0 0 0 0 32897 65536 65536 65536 16448 0 0 0 0 0 0 0 0 0 0 0 0 0 0 0 0 0 0 0 0 0 0 49088 65536 65536 65536 32897 0 0 0 0 0 0 0 0 0 0 0 0 0 0 0 0 0 0 0 0 0 0 49088 65536 65536 65536 49088 0 0 0 0 0 0 0 0 0 0 0 0 0 0 0 0 0 0 0 0 0 0 49088 65536 65536 65536 65536 0 16448 0 0 0 0 0 0 0 0 0 0 0 0 0 0 0 0 0 0 0 0 65536 65536 65536 65536 65536 65536 65536 65536 65536 65536 65536 32897 32897 0 0 0 0 0 0 0 0 0 0 0 0 0 16448 65536 65536 65536 65536 65536 65536 65536 65536 65536 65536 65536 65536 65536 65536 49088 0 0 0 0 0 0 0 0 0 0 0 0 65536 65536 65536 65536 65536 65536 65536 65536 65536 65536 65536 65536 65536 65536 65536 65536 32897 0 0 0 0 0 0 0 0 0 0 32897 65536 65536 65536 65536 65536 65536 65536 65536 49088 32897 32897 32897 32897 32897 32897 32897 16448 0 0 0 0 0 0 0 0 0 0 32897 65536 65536 65536 65536 65536 32897 32897 0 0 0 0 0 0 0 0 0 0 0 0 0 0 0 0 0 0 0 0 0 65536 65536 49088 16448 0 0 0 0 0 0 0 0 0 0 0 0 0 0 0 0 0 0 0 0 0 0 0 0 0 0 0 0 0 0 0 0 0 0 0 0 0 0 0 0 0 0 0 0 0 0 0 0 0 0 0 0 0 0 0 0 0 0 0 0 0 0 0 0 0 0 0 0 0 0 0 0 0 0 0 0 0 0 0 0 0 0 0 0 0 0 0 0 0 0 0 0 0 0 0 0 0 0 0 0 0 0 0 0 0 0 0 0 0 0 0 0 0 0 0 0 0 0 0 0 0 0 0 0 0 0 0 0 0 0 0 0 0 0 0 0 0 0 0 0 0 0 0 0 0 0 0 0 0 0 0 0 0 0 0 0 0 
0 0 0 0 0 0 0 0 0 0 0 0 0 0 0 0 0 0 0 0 0 0 0 0 0 0 0 0 0 0 0 0 0 0 0 0 0 0 0 0 0 0 0 0 0 0 0 0 0 0 0 0 0 0 0 0 0 0 0 0 0 0 0 0 0 0 0 0 0 0 0 0 0 0 0 0 0 0 0 0 0 0 0 0 0 0 0 0 0 0 0 0 0 0 0 0 0 0 0 0 0 0 0 0 0 0 0 0 0 0 0 0 0 0 0 0 0 0 0 0 0 0 0 0 0 0 0 0 0 0 0 0 0 0 0 0 0 0 0 0 0 0 0 0 0 0 0 0 0 0 0 0 0 0 0 0 0 0 0 0 0 0 0 0 0 0 0 0 0 0 0 0 0 0 0 0 0 0 0 0 0 7453 22616 38551 48060 65536 18761 0 0 0 0 0 0 0 0 0 0 0 0 0 0 0 0 0 0 0 0 6168 24672 59625 65022 65022 65022 65022 18504 0 0 0 0 0 0 0 0 0 0 0 0 0 0 0 0 3084 58597 62709 62709 63223 65022 63223 55770 29812 41635 65022 33154 0 0 0 0 0 0 0 0 0 0 0 0 0 0 0 0 5654 52686 65022 65022 51144 32382 13621 0 0 42406 65022 36238 0 0 0 0 0 0 0 0 0 0 0 0 0 0 0 0 0 2827 5140 5140 1799 0 0 0 1285 50887 64251 16705 0 0 0 0 0 0 0 0 0 0 0 0 0 0 0 0 0 0 0 0 0 0 0 0 10794 65022 49345 0 0 0 0 0 0 0 0 0 0 0 0 0 0 0 0 0 0 0 0 0 0 0 0 0 46775 65022 30583 0 0 0 0 0 0 0 0 0 0 0 0 0 0 0 0 0 0 0 0 0 0 0 0 0 63994 65022 24158 0 0 0 0 0 0 0 0 0 0 0 0 0 0 0 0 0 0 0 0 0 0 771 1542 11822 64508 65022 16191 1542 1285 0 0 0 0 0 0 0 0 0 0 0 0 0 0 0 0 0 9509 36752 40093 50887 65022 65022 65022 65022 65022 60910 36495 0 0 0 0 0 0 0 0 0 0 0 0 0 0 0 0 5397 61167 65022 65022 65022 65022 65022 65022 65022 48317 9252 0 0 0 0 0 0 0 0 0 0 0 0 0 0 0 0 0 3084 35467 54485 54485 54485 56541 65022 65022 16705 514 0 0 0 0 0 0 0 0 0 0 0 0 0 0 0 0 0 0 0 0 0 0 0 13621 65022 57055 3855 0 0 0 0 0 0 0 0 0 0 0 0 0 0 0 0 0 0 0 0 0 0 0 0 16705 65022 54485 0 0 0 0 0 0 0 0 0 0 0 0 0 0 0 0 0 0 0 0 0 0 0 0 0 40093 65022 35210 0 0 0 0 0 0 0 0 0 0 0 0 0 0 0 0 0 0 0 0 0 0 0 0 0 40093 65022 28013 0 0 0 0 0 0 0 0 0 0 0 0 0 0 0 0 0 0 0 0 0 0 0 0 1028 57055 65022 9766 0 0 0 0 0 0 0 0 0 0 0 0 0 0 0 0 0 0 0 0 0 0 0 0 13621 65022 65022 1285 0 0 0 0 0 0 0 0 0 0 0 0 0 0 0 0 0 0 0 0 0 0 0 0 28270 65022 65022 1285 0 0 0 0 0 0 0 0 0 0 0 0 0 0 0 0 0 0 0 0 0 0 0 0 17219 65022 33411 257 0 0 0 0 0 0 0 0 0 0 0 0 0 0 0 0 0 0 0 0 0 0 0 0 0 0 0 0 0 0 0 0 0 0 0 0 0 0 0 0 0 0 0 0 0 0 0 0 0 0 0 0 0 0 0 0 0 0 0 0 0 0 0 0 0 0 0 0 
0 0 0 0 0 0 0 0 0 0 0 0 0 0 0 0 0 0 0 0 0 0 0 0 0 0 0 0 0 0 0 0 0 0 0 0 0 0 0 0 0 0 0 0 0 0 0 0 0 0 0 0 0 0 0 0 0 0 0 0 0 0 0 0 0 0 0 0 0 0 0 0 0 0 0 0 0 0 0 0 0 0 0 0 0 0 0 0 0 0 0 0 0 0 0 0 0 0 0 0 0 0 0 0 0 0 0 0 0 0 0 0 0 0 0 0 0 0 0 0 0 0 0 0 0 0 0 0 0 0 0 0 0 0 0 0 0 0 0 0 0 0 0 0 0 0 0 0 0 0 2056 11051 38037 64765 64765 54485 0 0 0 0 0 0 0 0 0 0 0 0 0 0 0 0 0 0 0 0 0 0 29041 64251 64251 64251 64251 53971 7453 10794 14649 3598 0 0 0 0 0 0 0 0 0 0 0 0 0 0 0 0 21845 32639 64765 64251 64251 64251 64251 59368 43177 48317 53971 37523 32897 21588 0 0 0 0 0 0 0 0 0 0 0 0 0 0 43177 64251 64765 64251 64251 64251 64251 64765 64251 64251 64251 64251 64765 57312 21588 0 0 0 0 0 0 0 0 0 0 0 0 27499 60910 64251 64765 64251 64251 64251 64251 64765 64251 64251 64251 64251 64765 64251 59111 17990 0 0 0 0 0 0 0 0 0 2056 29041 64765 64765 64765 65279 64765 64765 64765 64765 65279 64765 64765 64765 64765 65279 64765 64765 28784 1799 0 0 0 0 0 0 0 0 11051 64251 64251 64251 64251 64765 64251 64251 64251 64251 42920 42663 42663 57312 64251 64765 64251 64251 64251 28527 0 0 0 0 0 0 0 0 11051 64251 64251 64251 64251 64765 53457 32125 32125 32125 0 0 0 43177 64251 64765 64251 64251 64251 64251 0 0 0 0 0 0 0 0 11051 64251 64251 64251 64251 57569 14135 0 0 0 0 0 0 14392 57312 64765 64251 64251 64251 64251 0 0 0 0 0 0 0 0 56284 64251 64251 64251 64251 53971 0 0 0 0 0 0 0 0 53971 64765 64251 64251 64251 64251 0 0 0 0 0 0 0 0 65279 64765 64765 64765 64765 0 0 0 0 0 0 0 0 43691 64765 65536 64765 64765 64765 10537 0 0 0 0 0 0 0 0 64765 64251 64251 64251 64251 0 0 0 0 0 0 7453 21845 50373 64251 64765 64251 64251 49859 6939 0 0 0 0 0 0 0 0 64765 64251 64251 64251 64251 0 0 0 0 0 32897 43177 64251 64251 64251 64765 64251 64251 21331 0 0 0 0 0 0 0 0 0 64765 64251 64251 64251 64251 36238 0 21845 43177 43177 64765 64251 64251 64251 64251 64765 64251 64251 21331 0 0 0 0 0 0 0 0 0 64765 64251 64251 64251 64251 63223 53971 59111 64251 64251 64765 64251 64251 64251 64251 64765 64251 37009 3598 0 0 0 0 0 0 0 0 0 56284 64765 64765 64765 64765 65279 64765 64765 64765 64765 65536 64765 64765 64765 64765 45490 0 0 0 0 0 0 0 0 0 0 0 0 11051 64251 64251 64251 64251 64765 64251 64251 64251 64251 64765 64251 64251 49859 42663 0 0 0 0 0 0 0 0 0 0 0 0 0 5397 32125 48317 64251 64251 64765 64251 64251 64251 64251 59368 32125 32125 10537 0 0 0 0 0 0 0 0 0 0 0 0 0 0 0 0 10794 50116 64251 64765 64251 64251 35210 21331 17990 0 0 0 0 0 0 0 0 0 0 0 0 0 0 0 0 0 0 0 0 6939 10537 10537 10537 10537 3598 0 0 0 0 0 0 0 0 0 0 0 0 0 0 0 0 0 0 0 0 0 0 0 0 0 0 0 0 0 0 0 0 0 0 0 0 0 0 0 0 0 0 0 0 0 0 0 0 0 0 0 0 0 0 0 0 0 0 0 0 0 0 0 0 0 0 0 0 0 0 0 0 0 0 0 0 0 0 0 0 0 0 0 0 0 0 0 0 0 0 0 0 0 0 0 0 0 0 
0 0 0 0 0 0 0 0 0 0 0 0 0 0 0 0 0 0 0 0 0 0 0 0 0 0 0 0 0 0 0 0 0 0 0 0 0 0 0 0 0 0 0 0 0 0 0 0 0 0 0 0 0 0 0 0 0 0 0 0 0 0 0 0 0 0 0 0 0 0 0 0 0 0 0 0 0 0 0 0 0 0 0 0 0 0 0 0 0 0 0 0 0 0 0 0 0 0 0 0 0 0 0 0 0 0 0 0 0 0 0 0 0 0 0 0 0 0 0 0 0 0 0 0 0 0 0 0 0 0 0 0 0 0 0 0 0 0 0 0 0 0 0 0 0 0 0 0 0 0 0 0 0 0 0 0 0 0 0 0 0 0 0 0 0 0 0 0 0 0 0 0 0 0 0 0 0 0 0 0 0 0 0 0 0 1542 4369 39322 61167 65279 41892 3084 0 0 0 0 0 0 0 0 0 0 0 0 0 0 0 0 2570 4369 4369 31611 46261 59625 65022 65022 65022 65022 65022 53971 3084 0 0 0 0 0 0 0 0 0 0 0 0 0 15420 44976 57569 65022 65022 65022 65279 65022 65022 65022 65022 65022 65022 40093 2570 0 0 0 0 0 0 0 0 0 0 0 1028 27756 62195 65022 65022 65022 65022 65022 65279 65022 65022 58340 46261 31611 14649 1542 0 0 0 0 0 0 0 0 0 0 0 771 36238 65022 65022 65022 65022 65022 61938 54485 33411 25443 12593 2827 0 0 0 0 0 0 0 0 0 0 0 0 0 0 0 22102 65022 65022 65022 54228 26728 10537 7453 0 0 0 0 0 0 0 0 0 0 0 0 0 0 0 0 0 0 0 0 25443 65022 65022 52429 7453 0 0 0 0 0 0 0 0 0 0 0 0 0 0 0 0 0 0 0 0 0 0 0 3855 49859 65022 63994 54742 33154 7196 0 0 0 0 0 0 0 0 0 0 0 0 0 0 0 0 0 0 0 0 0 0 10794 56027 65022 65022 65022 62709 48060 26471 0 0 0 0 0 0 0 0 0 0 0 0 0 0 0 0 0 0 0 0 0 13878 43948 54742 65022 65022 65022 65022 41378 6168 0 0 0 0 0 0 0 0 0 0 0 0 0 0 0 0 0 0 0 0 0 0 11822 33154 41892 63223 65536 41892 6168 0 0 0 0 0 0 0 0 0 0 0 0 0 0 0 0 0 0 0 0 0 0 0 0 6168 50116 65022 18247 0 0 0 0 0 0 0 0 0 0 0 0 0 0 0 0 0 0 0 0 0 0 0 0 0 52943 65022 37523 0 0 0 0 0 0 0 0 0 0 0 0 0 0 0 0 0 0 0 0 0 0 0 0 25957 65279 65022 34953 0 0 0 0 0 0 0 0 0 0 0 0 0 0 0 0 0 0 0 0 0 0 0 6682 59368 65279 65022 16705 0 0 0 0 0 0 0 0 0 0 0 0 0 0 0 0 5140 3341 0 0 0 0 7453 51658 65022 65279 46518 2827 0 0 0 0 0 0 0 0 0 0 0 0 0 0 0 0 20560 48060 3341 0 0 24672 59625 65022 65022 64765 14649 0 0 0 0 0 0 0 0 0 0 0 0 0 0 0 0 0 1799 49859 57569 48060 58854 64251 65022 65022 65022 26471 0 0 0 0 0 0 0 0 0 0 0 0 0 0 0 0 0 0 0 3855 49859 65022 65022 65022 65022 59368 25700 0 0 0 0 0 0 0 0 0 0 0 0 0 0 0 0 0 0 0 0 0 3598 33154 61681 53457 25186 2827 0 0 0 0 0 0 0 0 0 0 0 0 0 0 0 0 0 0 0 0 0 0 0 0 0 0 0 0 0 0 0 0 0 0 0 0 0 0 0 0 0 0 0 0 0 0 0 0 0 0 0 0 0 0 0 0 0 0 0 0 0 0 0 0 0 0 0 0 0 
0 0 0 0 0 0 0 0 0 0 0 0 0 0 0 0 0 0 0 0 0 0 0 0 0 0 0 0 0 0 0 0 0 0 0 0 0 0 0 0 0 0 0 0 0 0 0 0 0 0 0 0 0 0 0 0 0 0 0 0 0 0 0 0 0 0 0 0 0 0 0 0 0 0 0 0 0 0 0 0 0 0 0 0 0 0 0 0 0 0 0 0 0 0 0 0 0 0 0 0 0 0 0 0 0 0 0 0 0 0 0 0 0 0 0 0 0 0 0 0 0 0 0 0 0 0 0 0 0 0 56027 65022 43691 0 0 0 0 0 0 0 0 0 0 0 0 0 0 0 0 0 0 0 0 0 0 0 0 24158 63480 64765 64765 0 0 0 0 0 0 0 0 0 0 0 0 0 0 0 0 0 0 0 0 0 0 0 5397 54485 64765 63223 33925 0 0 0 0 0 0 0 0 0 0 0 0 0 0 0 0 0 0 0 0 0 0 0 37009 65022 64765 55256 0 0 0 0 0 0 0 0 0 0 0 0 0 0 0 0 0 0 0 0 0 0 0 4112 49088 65022 64765 39322 0 0 0 0 0 0 0 0 0 0 0 0 0 0 0 0 0 0 0 0 0 0 5397 46518 64765 65022 59368 13107 0 0 0 0 0 0 0 0 0 0 0 0 0 0 0 0 0 0 0 0 0 0 24158 64765 64765 65022 19532 0 0 0 0 0 0 0 0 0 0 0 0 0 0 0 0 0 0 0 0 0 0 0 55770 64765 64765 65022 8995 0 0 0 0 0 0 0 0 0 0 0 0 0 0 0 0 0 0 0 0 0 0 12079 59882 65022 65022 21588 0 0 0 0 0 0 0 0 0 0 0 0 0 0 0 0 0 0 0 0 0 0 0 59882 64765 64765 32897 0 0 0 0 0 0 0 0 0 0 0 0 0 0 0 0 0 0 0 0 0 0 0 5397 65022 64765 64765 27756 0 0 0 0 0 0 0 0 0 0 0 0 0 0 0 0 0 0 0 0 0 0 5397 52943 65022 64765 59368 11822 0 0 0 0 0 0 0 0 0 0 0 0 0 0 0 0 0 0 0 0 0 0 46775 65022 65536 57055 10537 0 0 0 0 0 0 0 0 0 0 0 0 0 0 0 0 0 0 0 0 0 0 5397 51658 64765 65022 46004 0 0 0 0 0 0 0 0 0 0 0 0 0 0 0 0 0 0 0 0 0 0 4112 25443 64765 64765 65022 19532 0 0 0 0 0 0 0 0 0 0 0 0 0 0 0 0 0 0 0 0 0 0 28013 64765 64765 64765 49088 3855 0 0 0 0 0 0 0 0 0 0 0 0 0 0 0 0 0 0 0 0 0 257 43948 65022 65022 65022 0 0 0 0 0 0 0 0 0 0 0 0 0 0 0 0 0 0 0 0 0 0 0 10794 64765 64765 64765 64765 0 0 0 0 0 0 0 0 0 0 0 0 0 0 0 0 0 0 0 0 0 0 0 32125 64765 64765 64765 64765 26985 0 0 0 0 0 0 0 0 0 0 0 0 0 0 0 0 0 0 0 0 0 0 257 43434 64765 64765 64765 15934 0 0 0 0 0 0 0 0 0 0 0 0 0 0 0 0 0 0 0 0 0 0 0 0 0 0 0 0 0 0 0 0 0 0 0 0 0 0 0 0 0 0 0 0 0 0 0 0 0 0 0 0 0 0 0 0 0 0 0 0 0 0 0 0 0 0 0 0 0 0 0 0 0 0 0 0 0 0 0 0 0 0 0 0 0 0 0 0 0 0 0 0 0 0 0 0 0 0 0 0 0 0 0 0 0 0 0 0 0 0 0 0 0 0 0 0 0 0 0 0 0 0 0 0 0 0 
0 0 0 0 0 0 0 0 0 0 0 0 0 0 0 0 0 0 0 0 0 0 0 0 0 0 0 0 0 0 0 0 0 0 0 0 0 0 0 0 0 0 0 0 0 0 0 0 0 0 0 0 0 0 0 0 0 0 0 0 0 0 0 0 0 0 0 0 0 0 0 0 0 0 0 0 0 0 0 0 0 0 0 0 0 0 0 0 0 0 0 0 0 0 0 0 0 0 0 0 0 0 0 0 0 0 0 0 0 0 0 0 0 0 0 0 0 0 0 0 0 0 16705 38037 65279 65279 65279 37009 14906 0 0 0 0 0 0 0 0 0 0 0 0 0 0 0 0 0 0 0 0 17476 60910 65022 65022 65022 65022 65279 59882 22102 771 0 0 0 0 0 0 0 0 0 0 0 0 0 0 0 0 0 2313 51401 65022 65022 60653 18504 23644 65279 65022 65022 2570 0 0 0 0 0 0 0 0 0 0 0 0 0 0 0 0 0 5911 65022 65022 63737 13364 0 0 22616 63480 65022 60139 11822 0 0 0 0 0 0 0 0 0 0 0 0 0 0 0 0 5911 65022 65022 62195 0 0 0 0 39322 65022 65022 28784 0 0 0 0 0 0 0 0 0 0 0 0 0 0 0 0 5911 65022 65022 63223 8995 0 0 0 17219 65022 65022 62195 11051 0 0 0 0 0 0 0 0 0 0 0 0 0 0 0 19532 65022 65022 50116 13364 0 0 0 1542 53714 65022 65022 27756 0 0 0 0 0 0 0 0 0 0 0 0 0 0 0 39065 65022 65022 16705 0 0 0 0 0 21331 64765 65022 46261 1028 0 0 0 0 0 0 0 0 0 0 0 0 0 0 62452 65022 65022 5654 0 0 0 0 0 0 62452 65022 65022 26728 0 0 0 0 0 0 0 0 0 0 0 0 0 0 62452 65022 45233 771 0 0 0 0 0 0 62452 65022 65022 33668 0 0 0 0 0 0 0 0 0 0 0 0 0 11308 63994 65279 52429 2570 0 0 0 0 0 0 34182 65536 65279 62452 0 0 0 0 0 0 0 0 0 0 0 0 0 0 62452 65022 48317 1542 0 0 0 0 0 0 14392 65022 65022 62195 0 0 0 0 0 0 0 0 0 0 0 0 0 0 62452 65022 56284 3341 0 0 0 0 0 0 5911 65022 65022 62195 0 0 0 0 0 0 0 0 0 0 0 0 0 0 62452 65022 42406 0 0 0 0 0 0 0 5911 65022 65022 62195 0 0 0 0 0 0 0 0 0 0 0 0 0 0 62452 65022 57312 3598 0 0 0 0 0 0 12079 65022 65022 62195 0 0 0 0 0 0 0 0 0 0 0 0 0 0 40093 65022 65022 28013 0 0 0 0 0 0 43948 65022 65022 52429 0 0 0 0 0 0 0 0 0 0 0 0 0 0 32897 65022 65022 34953 0 0 0 0 771 14135 63737 65022 64251 20046 0 0 0 0 0 0 0 0 0 0 0 0 0 0 5911 65022 65022 63994 34696 11565 11565 27756 46518 65022 65022 65022 37266 0 0 0 0 0 0 0 0 0 0 0 0 0 0 0 1542 39579 65022 65022 65022 65022 65022 65279 65022 65022 63480 26728 3598 0 0 0 0 0 0 0 0 0 0 0 0 0 0 0 0 2056 30840 62709 65022 65022 65022 65279 45233 36752 8738 0 0 0 0 0 0 0 0 0 0 0 0 0 0 0 0 0 0 0 0 0 0 0 0 0 0 0 0 0 0 0 0 0 0 0 0 0 0 0 0 0 0 0 0 0 0 0 0 0 0 0 0 0 0 0 0 0 0 0 0 0 0 0 0 0 0 0 0 0 0 0 0 0 0 0 0 0 0 0 0 0 0 0 0 0 0 0 0 0 0 0 0 0 0 0 0 0 0 0 0 0 0 0 0 0 0 0 0 0 0 0 0 0 0 0 0 0 0 0 0 0 
0 0 0 0 0 0 0 0 0 0 0 0 0 0 0 0 0 0 0 0 0 0 0 0 0 0 0 0 0 0 0 0 0 0 0 0 0 0 0 0 0 0 0 0 0 0 0 0 0 0 0 0 0 0 0 0 0 0 0 0 0 0 0 0 0 0 0 0 0 0 0 0 0 0 0 0 0 0 0 0 0 0 0 0 0 0 0 0 0 0 0 0 0 0 0 0 0 0 0 0 0 0 0 0 0 0 0 0 0 0 0 0 0 0 0 0 0 0 0 0 0 0 0 0 0 0 0 0 0 0 0 0 0 0 0 0 0 0 0 0 0 0 0 0 0 0 0 0 0 0 0 0 0 0 0 0 0 0 0 0 0 0 0 0 0 0 0 0 0 0 0 0 0 0 0 0 0 0 0 0 0 0 0 0 0 0 0 0 0 0 0 0 0 0 0 0 0 0 0 0 0 0 20303 21331 21331 21331 21331 21331 21331 24672 43434 43434 45490 48574 43434 11822 0 0 0 0 0 0 0 0 0 0 0 0 0 18761 65279 65279 65279 65279 65279 65279 65279 65279 65279 65279 65279 65279 65279 53971 0 0 0 0 0 0 0 0 0 0 0 0 0 7196 63480 65279 48060 46518 52943 46518 46518 46518 43434 24415 24415 55770 65279 55513 0 0 0 0 0 0 0 0 0 0 0 0 0 0 3084 3341 257 0 1285 0 0 0 0 0 2056 54228 65279 33668 0 0 0 0 0 0 0 0 0 0 0 0 0 0 0 0 0 0 0 0 0 0 0 0 20046 65279 65279 17733 0 0 0 0 0 0 0 0 0 0 0 0 0 0 0 0 0 0 0 0 0 0 0 0 49345 65279 56027 1542 0 0 0 0 0 0 0 0 0 0 0 0 0 0 0 0 0 0 0 0 0 0 0 7196 63994 65279 33668 0 0 0 0 0 0 0 0 0 0 0 0 0 0 0 0 0 0 0 0 0 0 0 0 39579 65279 64251 13364 0 0 0 0 0 0 0 0 0 0 0 0 0 0 0 0 0 0 0 0 0 0 0 0 52172 65279 55770 0 0 0 0 0 0 0 0 0 0 0 0 0 0 0 0 0 0 0 0 0 0 0 0 11565 63480 65279 18761 0 0 0 0 0 0 0 0 0 0 0 0 0 0 0 0 0 0 0 0 0 0 0 0 34439 65279 62195 7967 0 0 0 0 0 0 0 0 0 0 0 0 0 0 0 0 0 0 0 0 0 0 0 0 53457 65279 58597 0 0 0 0 0 0 0 0 0 0 0 0 0 0 0 0 0 0 0 0 0 0 0 0 0 53457 65279 48574 0 0 0 0 0 0 0 0 0 0 0 0 0 0 0 0 0 0 0 0 0 0 0 0 4626 58597 65279 26728 0 0 0 0 0 0 0 0 0 0 0 0 0 0 0 0 0 0 0 0 0 0 0 0 12079 65279 65279 14392 0 0 0 0 0 0 0 0 0 0 0 0 0 0 0 0 0 0 0 0 0 0 0 0 41378 65279 62195 8481 0 0 0 0 0 0 0 0 0 0 0 0 0 0 0 0 0 0 0 0 0 0 0 771 54999 65279 41378 0 0 0 0 0 0 0 0 0 0 0 0 0 0 0 0 0 0 0 0 0 0 0 0 27242 65279 65536 19532 0 0 0 0 0 0 0 0 0 0 0 0 0 0 0 0 0 0 0 0 0 0 0 0 33411 65279 59111 4112 0 0 0 0 0 0 0 0 0 0 0 0 0 0 0 0 0 0 0 0 0 0 0 0 14649 58340 29812 0 0 0 0 0 0 0 0 0 0 0 0 0 0 0 0 0 0 0 0 0 0 0 0 0 0 0 0 0 0 0 0 0 0 0 0 0 0 0 0 0 
0 0 0 0 0 0 0 0 0 0 0 0 0 0 0 0 0 0 0 0 0 0 0 0 0 0 0 0 0 0 0 0 0 0 0 0 0 0 0 0 0 0 0 0 0 0 0 0 0 0 0 0 0 0 0 0 0 0 0 0 0 0 0 0 0 0 0 0 0 0 0 0 0 0 0 0 0 0 0 0 0 0 0 0 0 0 0 0 0 0 0 0 0 0 0 0 0 0 0 0 0 0 0 0 0 0 0 0 0 0 0 0 0 0 0 0 0 0 0 0 0 0 0 0 0 0 0 0 0 0 0 0 0 0 0 0 0 0 0 0 0 0 0 0 0 0 0 0 0 0 0 0 0 0 0 0 0 0 0 0 0 0 0 0 0 0 0 0 0 0 0 0 0 0 0 0 0 0 0 0 0 17990 50373 65536 65279 14392 0 0 0 0 0 0 0 0 0 0 0 0 0 0 0 0 0 0 0 0 0 11051 43177 65022 65279 48831 58854 10023 0 0 0 0 0 0 0 0 0 0 0 0 0 0 0 0 0 0 0 0 15677 61681 65279 37780 13364 514 6425 40864 9766 0 0 0 0 0 0 0 0 0 0 0 0 0 0 0 0 0 0 4369 59368 65279 19018 514 0 0 21588 65279 15420 0 0 0 0 0 0 0 0 0 0 0 0 0 0 0 0 0 0 49345 65279 33925 771 0 0 0 30069 65279 15420 0 0 0 0 0 0 0 0 0 0 0 0 0 0 0 0 0 0 39579 65279 15163 0 0 0 0 30069 65279 35724 0 0 0 0 0 0 0 0 0 0 0 0 0 0 0 0 0 0 57569 65279 7710 0 0 0 0 34696 65279 32639 0 0 0 0 0 0 0 0 0 0 0 0 0 0 0 0 0 0 40093 60396 5140 0 0 0 2056 54742 65279 15420 0 0 0 0 0 0 0 0 0 0 0 0 0 0 0 0 0 0 37523 65279 33411 1799 0 6168 41892 65279 55256 2056 0 0 0 0 0 0 0 0 0 0 0 0 0 0 0 0 0 0 16448 63994 65279 56798 43948 56541 65279 65279 36238 0 0 0 0 0 0 0 0 0 0 0 0 0 0 0 0 0 0 0 0 22359 44976 63737 63480 44205 48317 65279 36238 0 0 0 0 0 0 0 0 0 0 0 0 0 0 0 0 0 0 0 0 0 0 10537 10023 0 41635 65279 33411 0 0 0 0 0 0 0 0 0 0 0 0 0 0 0 0 0 0 0 0 0 0 0 0 1285 54742 65279 14392 0 0 0 0 0 0 0 0 0 0 0 0 0 0 0 0 0 0 0 0 0 0 0 0 12336 65279 56798 3341 0 0 0 0 0 0 0 0 0 0 0 0 0 0 0 0 0 0 0 0 0 0 0 0 32382 65279 35210 0 0 0 0 0 0 0 0 0 0 0 0 0 0 0 0 0 0 0 0 0 0 0 0 0 32382 65279 35210 0 0 0 0 0 0 0 0 0 0 0 0 0 0 0 0 0 0 0 0 0 0 0 0 0 32382 65279 35210 0 0 0 0 0 0 0 0 0 0 0 0 0 0 0 0 0 0 0 0 0 0 0 0 0 32382 65279 35210 0 0 0 0 0 0 0 0 0 0 0 0 0 0 0 0 0 0 0 0 0 0 0 0 0 32382 65279 42663 0 0 0 0 0 0 0 0 0 0 0 0 0 0 0 0 0 0 0 0 0 0 0 0 0 21331 58083 23387 0 0 0 0 0 0 0 0 0 0 0 0 0 0 0 0 0 0 0 0 0 0 0 0 0 0 0 0 0 0 0 0 0 0 0 0 0 0 0 0 0 0 0 0 0 0 0 0 0 0 0 0 0 0 0 0 0 0 0 0 0 0 0 0 0 0 0 
0 0 0 0 0 0 0 0 0 0 0 0 0 0 0 0 0 0 0 0 0 0 0 0 0 0 0 0 0 0 0 0 0 0 0 0 0 0 0 0 0 0 0 0 0 0 0 0 0 0 0 0 0 0 0 0 0 0 0 0 0 0 0 0 0 0 0 0 0 0 0 0 0 0 0 0 0 0 0 0 0 0 0 0 0 0 0 0 0 0 0 0 0 0 0 0 0 0 0 0 0 0 0 0 0 0 0 0 0 0 0 0 0 0 0 0 0 0 0 0 0 0 0 0 0 0 0 0 0 0 0 0 0 0 0 0 0 0 0 0 0 0 0 0 0 0 0 0 0 0 0 0 0 0 0 0 0 0 0 0 0 0 0 0 0 0 0 0 0 0 0 0 0 0 0 0 0 0 0 0 0 0 7196 23644 44976 65536 49088 15934 0 0 0 0 0 0 0 0 0 0 0 0 0 0 0 0 0 0 0 0 0 11822 55770 65279 58340 47546 49345 60396 37009 0 0 0 0 0 0 0 0 0 0 0 0 0 0 0 0 0 0 10794 31611 64251 46004 25186 1285 0 0 25957 64765 17219 0 0 0 0 0 0 0 0 0 0 0 0 0 0 0 0 13878 60396 60396 31868 257 0 0 0 0 6168 59625 23387 0 0 0 0 0 0 0 0 0 0 0 0 0 0 5397 40093 60396 48831 14135 0 0 0 0 0 0 21845 65279 25700 0 0 0 0 0 0 0 0 0 0 0 0 0 0 48574 65279 47032 3084 0 0 0 0 0 0 0 34439 65279 54485 2827 0 0 0 0 0 0 0 0 0 0 0 0 33925 64765 37523 1799 0 0 0 0 0 0 0 16191 61938 65022 28784 0 0 0 0 0 0 0 0 0 0 0 0 10794 64508 48831 3084 0 0 0 0 0 0 0 4883 53200 65279 32382 0 0 0 0 0 0 0 0 0 0 0 0 2570 46261 65279 17219 0 0 0 0 0 0 0 32897 61167 65279 50373 4369 0 0 0 0 0 0 0 0 0 0 0 0 7453 65279 37009 514 0 0 0 0 0 0 23644 65022 65279 65279 26214 0 0 0 0 0 0 0 0 0 0 0 0 0 7453 65279 25957 0 0 0 0 1285 13107 43691 58854 64765 65279 39322 1285 0 0 0 0 0 0 0 0 0 0 0 0 0 7453 65279 33154 0 14392 19789 29298 43691 61424 34696 27756 63737 63480 7196 0 0 0 0 0 0 0 0 0 0 0 0 0 0 6168 58083 63994 60396 63737 65279 60139 36752 5140 2056 55770 65279 35467 0 0 0 0 0 0 0 0 0 0 0 0 0 0 0 0 4883 37523 38037 38037 14392 7453 0 0 4883 65279 59625 7967 0 0 0 0 0 0 0 0 0 0 0 0 0 0 0 0 0 0 0 0 0 0 0 0 19275 65279 29555 0 0 0 0 0 0 0 0 0 0 0 0 0 0 0 0 0 0 0 0 0 0 0 0 0 50887 62195 15677 0 0 0 0 0 0 0 0 0 0 0 0 0 0 0 0 0 0 0 0 0 0 0 0 5140 57826 35467 0 0 0 0 0 0 0 0 0 0 0 0 0 0 0 0 0 0 0 0 0 0 0 0 0 12593 64251 15420 0 0 0 0 0 0 0 0 0 0 0 0 0 0 0 0 0 0 0 0 0 0 0 0 0 25186 61938 2827 0 0 0 0 0 0 0 0 0 0 0 0 0 0 0 0 0 0 0 0 0 0 0 0 0 13878 49859 13107 0 0 0 0 0 0 0 0 0 0 0 0 0 0 0 0 0 0 0 0 0 0 0 0 0 0 0 0 0 0 0 0 0 0 0 0 0 0 0 0 0 0 0 0 0 0 0 0 0 0 0 0 0 0 0 0 0 0 0 0 0 0 0 0 0 0 0 0 
0 0 0 0 0 0 0 0 0 0 0 0 0 0 0 0 0 0 0 0 0 0 0 0 0 0 0 0 0 0 0 0 0 0 0 0 0 0 0 0 0 0 0 0 0 0 0 0 0 0 0 0 0 0 0 0 0 0 0 0 0 0 0 0 0 0 0 0 0 0 0 0 0 0 0 0 0 0 0 0 0 0 0 0 0 0 0 0 0 0 0 0 0 0 0 0 0 0 0 0 0 0 0 0 0 0 0 0 0 0 0 0 0 0 0 0 0 0 0 0 0 0 0 0 0 0 0 0 0 0 0 0 0 0 0 0 0 0 0 0 0 0 0 0 0 0 0 0 0 0 0 0 0 0 0 0 0 0 0 0 0 0 0 0 0 0 0 0 0 0 0 0 0 0 0 0 0 0 0 0 0 0 2827 8738 35467 43691 51658 51658 32897 4883 0 0 0 0 0 0 0 0 0 0 0 0 0 0 0 0 0 0 0 20817 52172 65022 64765 64765 64765 64765 65022 54999 8738 0 0 0 0 0 0 0 0 0 0 0 0 0 0 0 0 3341 39322 61681 64765 65022 64765 51915 55256 63223 65022 64765 47032 0 0 0 0 0 0 0 0 0 0 0 0 0 0 0 2313 44719 64765 64765 64765 35981 11565 3341 5397 10794 40864 64765 47032 0 0 0 0 0 0 0 0 0 0 0 0 0 0 13621 59882 64765 64765 53971 21845 2827 0 0 0 0 49088 64765 33411 0 0 0 0 0 0 0 0 0 0 0 0 1799 27756 65022 65536 63994 51144 5397 0 0 0 0 0 16448 65536 65022 57055 22616 0 0 0 0 0 0 0 0 0 0 2313 39836 64765 64765 58597 30069 0 0 0 0 0 8738 35981 52172 65022 64765 64765 35724 0 0 0 0 0 0 0 0 0 0 33411 64765 64765 56798 8224 0 0 0 0 0 30583 60139 64765 64765 65022 56027 17733 3341 0 0 0 0 0 0 0 0 0 4883 60653 64765 56027 8995 0 0 0 0 0 39836 60653 64765 64765 64765 38551 9509 0 0 0 0 0 0 0 0 0 0 0 6168 64765 64765 51915 2827 0 0 0 11051 43177 65022 64765 64765 64765 24415 0 0 0 0 0 0 0 0 0 0 0 0 0 6168 65022 65022 54228 35467 35724 40864 65022 65022 65022 65536 65022 65022 41378 0 0 0 0 0 0 0 0 0 0 0 0 0 0 4883 60653 64765 64765 64765 65022 64765 64765 60396 39322 46261 64765 64765 35724 0 0 0 0 0 0 0 0 0 0 0 0 0 0 0 11308 39065 47032 47032 47289 28270 17733 11308 0 43691 64765 64765 11565 0 0 0 0 0 0 0 0 0 0 0 0 0 0 0 0 0 0 0 0 0 0 0 11051 65022 64765 50116 2313 0 0 0 0 0 0 0 0 0 0 0 0 0 0 0 0 0 0 0 0 0 0 21845 61681 65022 53971 4112 0 0 0 0 0 0 0 0 0 0 0 0 0 0 0 0 0 0 0 0 0 0 0 26728 65022 65536 23644 0 0 0 0 0 0 0 0 0 0 0 0 0 0 0 0 0 0 0 0 0 0 0 3341 55256 64765 65022 23644 0 0 0 0 0 0 0 0 0 0 0 0 0 0 0 0 0 0 0 0 0 0 0 17990 64765 64765 52686 6425 0 0 0 0 0 0 0 0 0 0 0 0 0 0 0 0 0 0 0 0 0 0 0 42149 64765 64765 29812 0 0 0 0 0 0 0 0 0 0 0 0 0 0 0 0 0 0 0 0 0 0 0 0 20560 64765 51401 2827 0 0 0 0 0 0 0 0 0 0 0 0 0 0 0 0 0 0 0 0 0 0 0 0 0 0 0 0 0 0 0 0 0 0 0 0 0 0 0 0 0 0 0 0 0 0 0 0 0 0 0 0 0 0 0 0 0 0 0 0 0 0 0 0 0 0 0 0 
0 0 0 0 0 0 0 0 0 0 0 0 0 0 0 0 0 0 0 0 0 0 0 0 0 0 0 0 0 0 0 0 0 0 0 0 0 0 0 0 0 0 0 0 0 0 0 0 0 0 0 0 0 0 0 0 0 0 0 0 0 0 0 0 0 0 0 0 0 0 11565 58854 65022 32382 0 0 0 0 0 0 0 0 0 0 0 0 0 0 0 0 0 0 0 0 0 0 0 11565 57826 64765 64765 38551 0 0 0 0 0 0 0 0 0 0 0 0 0 0 0 0 0 0 0 0 0 0 0 45747 64765 64765 64765 19532 0 0 0 0 0 0 0 0 0 0 0 0 0 0 0 0 0 0 0 0 0 0 38808 65022 64765 64765 26214 0 0 0 0 0 0 0 0 0 0 0 0 0 0 0 0 0 0 0 0 0 0 15420 61938 65536 65022 49859 3341 0 0 0 0 0 0 0 0 0 0 0 0 0 0 0 0 0 0 0 0 0 9766 60139 64765 65022 54999 4883 0 0 0 0 0 0 0 0 0 0 0 0 0 0 0 0 0 0 0 0 0 12336 44205 64765 64765 65022 28013 0 0 0 0 0 0 0 0 0 0 0 0 0 0 0 0 0 0 0 0 0 0 36238 64765 64765 64765 45747 2313 0 0 0 0 0 0 0 0 0 0 0 0 0 0 0 0 0 0 0 0 0 19532 65279 65022 65022 65022 13107 0 0 0 0 0 0 0 0 0 0 0 0 0 0 0 0 0 0 0 0 0 4883 59368 65022 64765 64765 58340 0 0 11565 40350 14649 14649 3341 0 0 0 0 0 0 0 0 0 0 0 0 0 0 0 21845 64765 65022 64765 57569 11051 2570 41121 61681 64765 65022 64765 53714 24929 0 0 0 0 0 0 0 0 0 0 0 0 0 0 34439 64765 65022 64765 30326 0 32897 64765 64765 64765 65022 64765 64765 64765 25957 0 0 0 0 0 0 0 0 0 0 0 0 0 37780 65022 65279 50630 0 19532 65279 65022 65022 65022 65279 65022 65022 65022 65279 24929 0 0 0 0 0 0 0 0 0 0 0 0 50630 64765 65022 50373 0 57826 65022 64765 64765 38808 21588 40864 55256 64765 65022 50373 0 0 0 0 0 0 0 0 0 0 0 0 28270 64765 65022 61681 37780 63223 65022 64765 47803 1542 0 0 21845 64765 65022 50373 0 0 0 0 0 0 0 0 0 0 0 0 12079 61681 65022 64765 64765 64765 65022 51915 4883 0 0 6682 53971 64765 65022 50373 0 0 0 0 0 0 0 0 0 0 0 0 0 54999 65279 65022 65022 65022 65279 58597 36238 36238 52429 65022 65022 65022 64508 32125 0 0 0 0 0 0 0 0 0 0 0 0 0 9766 58597 64765 64765 64765 65022 64765 64765 64765 65022 64765 64765 64765 38551 0 0 0 0 0 0 0 0 0 0 0 0 0 0 0 24158 57569 64765 64765 65022 64765 64765 64765 65022 64765 64765 32639 6425 0 0 0 0 0 0 0 0 0 0 0 0 0 0 0 0 11308 35724 35724 52172 64765 64765 64765 35981 29555 7196 771 0 0 0 0 0 0 0 0 0 0 0 0 0 0 0 0 0 0 0 0 0 0 0 0 0 0 0 0 0 0 0 0 0 0 0 0 0 0 0 0 0 0 0 0 0 0 0 0 0 0 0 0 0 0 0 0 0 0 0 0 0 0 0 0 0 0 0 0 0 0 0 0 0 0 0 0 0 0 0 0 0 0 0 0 0 0 0 0 0 0 0 0 0 0 0 0 0 0 0 0 0 0 0 0 0 0 0 0 0 0 0 0 0 0 0 0 0 0 0 0 0 0 0 0 0 0 0 0 0 0 0 0 0 0 0 0 0 0 0 0 0 0 0 0 0 0 0 0 0 0 0 0 0 0 0 0 0 0 0 0 0 0 0 0 0 0 0 0 0 0 0 0 0 0 0 
0 0 0 0 0 0 0 0 0 0 0 0 0 0 0 0 0 0 0 0 0 0 0 0 0 0 0 0 0 0 0 0 0 0 0 0 0 0 0 0 0 0 0 0 0 0 0 0 0 0 0 0 0 0 0 0 0 0 0 0 0 0 0 0 0 0 0 0 0 0 0 0 0 0 0 0 0 0 0 0 0 0 0 0 0 0 0 0 0 0 0 0 0 0 0 0 0 0 0 0 0 0 0 0 0 0 0 0 0 0 0 0 0 0 0 0 0 0 0 0 0 0 0 0 0 0 0 0 0 0 0 0 0 0 0 0 0 0 0 0 0 0 0 0 0 0 0 0 0 0 11051 47289 65279 47032 26985 9252 0 0 0 0 0 0 0 0 0 0 0 0 0 0 0 0 0 0 0 0 0 0 47289 65022 63223 57826 65022 62709 39836 1799 0 0 0 0 0 0 0 0 0 0 0 0 0 0 0 0 0 0 0 13878 65279 65022 9766 3598 28270 37009 61424 60396 41635 32897 4626 0 0 0 0 0 0 0 0 0 0 0 0 0 0 0 0 27499 65279 50630 1799 0 0 0 7453 46518 59625 65022 54485 0 0 0 0 0 0 0 0 0 0 0 0 0 0 0 0 27499 65279 20817 0 0 0 0 0 0 7196 22102 31868 0 0 0 0 0 0 0 0 0 0 0 0 0 0 0 0 32125 63737 13621 0 0 0 0 0 0 0 0 0 0 0 0 0 0 0 0 0 0 0 0 0 0 0 0 0 54485 54485 0 0 0 0 0 0 0 0 0 0 0 0 0 0 0 0 0 0 0 0 0 0 0 0 0 8481 59882 54485 0 0 0 0 0 0 0 0 0 0 0 0 0 0 0 0 0 0 0 0 0 0 0 0 0 16448 65022 57312 4112 0 0 13878 32639 43434 18761 12336 0 0 0 0 0 0 0 0 0 0 0 0 0 0 0 0 0 2827 56284 65279 57055 54485 54485 63480 65536 65022 65022 62452 20560 0 0 0 0 0 0 0 0 0 0 0 0 0 0 0 0 0 22873 54742 54485 40864 27499 27499 22873 0 16962 65279 38037 0 0 0 0 0 0 0 0 0 0 0 0 0 0 0 0 0 0 0 0 0 0 0 0 0 1542 48831 37780 0 0 0 0 0 0 0 0 0 0 0 0 0 0 0 0 0 0 0 0 0 0 0 0 0 0 43691 62966 0 0 0 0 0 0 0 0 0 0 0 0 0 0 0 0 0 0 0 0 0 0 0 0 0 0 43434 65022 18504 0 0 0 0 0 0 0 0 0 0 0 0 0 0 0 0 0 0 0 0 0 0 0 0 0 43434 65022 15934 0 0 0 0 0 0 0 0 0 0 0 0 0 0 0 0 0 0 0 0 0 0 0 0 7967 56284 49345 0 0 0 0 0 0 0 0 0 0 0 0 0 0 0 0 5654 12850 0 0 0 0 0 0 0 53200 65022 37780 0 0 0 0 0 0 0 0 0 0 0 0 0 0 0 0 15163 62195 32897 32897 19275 5654 5654 21588 53200 64765 43177 7710 0 0 0 0 0 0 0 0 0 0 0 0 0 0 0 0 0 29555 65279 65022 65022 65022 65022 65279 65022 47803 7196 0 0 0 0 0 0 0 0 0 0 0 0 0 0 0 0 0 0 0 15420 37780 62966 65022 65022 49345 29041 1028 0 0 0 0 0 0 0 0 0 0 0 0 0 0 0 0 0 0 0 0 0 0 0 0 0 0 0 0 0 0 0 0 0 0 0 0 0 0 0 0 0 0 0 0 0 0 0 0 0 0 0 0 0 0 0 0 0 0 0 0 0 0 0 0 0 0 0 0 0 0 0 0 0 0 0 0 0 0 0 0 0 0 0 0 0 0 0 0 0 0 0 0 0 0 
0 0 0 0 0 0 0 0 0 0 0 0 0 0 0 0 0 0 0 0 0 0 0 0 0 0 0 0 0 0 0 0 0 0 0 0 0 0 0 0 0 0 0 0 0 0 0 0 0 0 0 0 0 0 0 0 0 0 0 0 0 0 0 0 0 0 0 0 0 0 0 0 0 0 0 0 0 0 0 0 0 0 0 0 0 0 0 0 0 0 0 0 0 0 0 0 0 0 0 0 0 0 0 0 0 0 0 0 0 0 0 0 0 0 0 0 0 0 0 0 0 0 0 0 0 0 0 0 0 0 0 0 0 0 0 0 0 0 0 0 0 0 0 0 0 0 0 0 0 0 0 0 0 0 0 20046 40607 45233 6425 0 0 0 0 0 0 0 0 0 0 0 0 0 0 0 0 0 0 0 0 0 0 10537 25700 62452 65022 60396 8224 0 0 13621 16448 0 0 0 0 0 0 0 0 0 0 0 0 0 0 0 0 8995 39065 60653 64765 64765 65022 36752 0 2313 31868 62452 64251 21074 0 0 0 0 0 0 0 0 0 0 0 0 0 17990 40093 63223 64765 64765 63223 34439 2570 771 2313 23387 64765 64765 62195 23130 0 0 0 0 0 0 0 0 0 0 0 0 0 52429 64765 64765 64251 45747 15677 0 0 3855 46518 64765 64765 64765 27756 0 0 0 0 0 0 0 0 0 0 0 0 0 20303 64251 64765 56798 15677 0 0 0 16705 54485 64765 64765 59882 20046 1285 0 0 0 0 0 0 0 0 0 0 0 0 0 13364 62452 64765 62966 20046 0 1028 27756 62709 64765 63737 44719 4369 0 0 0 0 0 0 0 0 0 0 0 0 0 0 0 0 29298 64765 64765 63737 22616 40093 64765 65022 56798 20303 0 0 0 0 0 0 0 0 0 0 0 0 0 0 0 0 0 0 1542 39579 64765 64765 64765 64765 64765 62452 13621 0 0 0 0 0 0 0 0 0 0 0 0 0 0 0 0 0 0 0 0 1799 40350 64765 64765 64765 64765 44205 0 0 0 0 0 0 0 0 0 0 0 0 0 0 0 0 0 0 0 0 0 2056 40607 65022 65022 65022 65022 65536 37780 1542 0 0 0 0 0 0 0 0 0 0 0 0 0 0 0 0 0 0 0 21845 64765 64765 49602 45747 64765 65022 64765 31097 0 0 0 0 0 0 0 0 0 0 0 0 0 0 0 0 0 0 28270 60910 64765 63737 15420 3598 35724 65022 64765 60396 2313 0 0 0 0 0 0 0 0 0 0 0 0 0 0 0 0 0 33925 64765 64765 7710 0 0 0 25700 64765 64765 29812 0 0 0 0 0 0 0 0 0 0 0 0 0 0 0 0 0 33925 64765 59882 4369 0 0 0 55256 64765 64765 12593 0 0 0 0 0 0 0 0 0 0 0 0 0 0 0 0 0 56284 64765 42149 0 0 6939 34953 65022 64765 44719 771 0 0 0 0 0 0 0 0 0 0 0 0 0 0 0 0 0 47546 64765 62966 20046 3084 34182 64765 65022 64765 38037 0 0 0 0 0 0 0 0 0 0 0 0 0 0 0 0 0 0 5911 64765 64765 64765 64765 64765 64765 65022 49602 4369 0 0 0 0 0 0 0 0 0 0 0 0 0 0 0 0 0 0 1542 23130 60653 64765 64765 64765 64765 50116 5140 0 0 0 0 0 0 0 0 0 0 0 0 0 0 0 0 0 0 0 0 0 28784 36495 48831 36495 24415 3598 0 0 0 0 0 0 0 0 0 0 0 0 0 0 0 0 0 0 0 0 0 0 0 0 0 0 0 0 0 0 0 0 0 0 0 0 0 0 0 0 0 0 0 0 0 0 0 0 0 0 0 0 0 0 0 0 0 0 0 0 0 0 0 0 0 0 0 0 0 0 0 0 0 0 0 0 0 0 0 0 0 0 0 0 0 0 0 0 0 0 0 0 0 0 0 
0 0 0 0 0 0 0 0 0 0 0 0 0 0 0 0 0 0 0 0 0 0 0 0 0 0 0 0 0 0 0 0 0 0 0 0 0 0 0 0 0 0 0 0 0 0 0 0 0 0 0 0 0 0 0 0 0 0 0 0 0 0 0 0 0 0 0 0 0 0 0 0 0 0 0 0 0 0 0 0 0 0 0 0 0 0 0 0 0 0 0 0 0 0 0 0 0 0 0 0 0 0 0 0 0 0 0 0 0 0 0 0 0 0 0 0 0 0 0 0 0 0 0 0 0 0 0 0 0 0 0 0 0 0 0 0 0 0 0 0 0 0 0 0 0 0 0 0 0 0 0 0 0 0 0 0 43691 65022 65022 65022 57826 31097 11308 0 0 0 0 0 0 0 0 0 0 0 0 0 0 0 0 0 0 0 14649 61938 64508 64765 64765 64765 64765 64765 40864 11565 0 0 0 0 0 0 0 0 0 24158 24158 24158 3855 0 0 0 0 0 3598 40864 63480 64765 44462 40607 45747 64765 64765 27242 0 0 0 0 0 0 0 0 0 54228 64765 64765 21074 0 0 0 0 0 0 0 9509 10023 1542 0 13878 64765 64765 57055 9766 0 0 0 0 0 0 0 0 6425 62195 64765 60396 42149 13621 0 0 0 0 0 0 0 0 0 13878 64765 64765 64765 57569 0 0 0 0 0 0 0 0 0 30583 63223 64765 64765 61167 15163 0 0 0 0 0 0 0 0 21074 64765 64765 64765 57569 0 0 0 0 0 0 0 0 0 0 18247 52429 64765 64765 45233 9252 0 0 0 0 0 0 35210 59368 64765 64765 64251 25700 0 0 0 0 0 0 0 0 0 0 0 7710 34439 64765 64765 58597 3084 0 0 0 2570 17990 59882 64765 64765 63994 36752 0 0 0 0 0 0 0 0 0 0 0 0 0 7196 53200 64765 64765 47032 1799 0 3341 44205 64765 64765 64765 64765 37780 0 0 0 0 0 0 0 0 0 0 0 0 0 0 0 6682 53971 64765 64765 48574 34439 63223 64765 64765 64765 64765 41121 11308 0 0 0 0 0 0 0 0 0 0 0 0 0 0 0 0 28527 65022 65022 65022 65536 65022 65022 65022 31611 0 0 0 0 0 0 0 0 0 0 0 0 0 0 0 0 0 0 5911 33154 64765 64765 64765 65022 53200 37266 8481 771 0 0 0 0 0 0 0 0 0 0 0 0 0 0 0 0 20560 42149 50630 64765 64765 64765 64765 65022 6682 0 0 0 0 0 0 0 0 0 0 0 0 0 0 0 0 0 8738 33154 63223 64765 64765 64765 53714 64765 64765 65022 3341 0 0 0 0 0 0 0 0 0 0 0 0 0 0 0 0 8224 55256 64765 64765 64765 61167 24158 6425 43177 64765 65022 30326 0 0 0 0 0 0 0 0 0 0 0 0 0 0 0 0 56284 64765 64765 64765 44719 13364 0 0 19789 64765 65022 37266 0 0 0 0 0 0 0 0 0 0 0 0 0 0 0 0 41378 64765 64765 64765 39579 10537 8738 6682 41892 64765 65022 37266 0 0 0 0 0 0 0 0 0 0 0 0 0 0 0 0 11308 38037 60396 64765 64765 64765 60910 56027 64765 64765 65022 15677 0 0 0 0 0 0 0 0 0 0 0 0 0 0 0 0 0 0 10280 37780 61167 63737 64765 64765 64765 62966 45233 1542 0 0 0 0 0 0 0 0 0 0 0 0 0 0 0 0 0 0 0 0 0 22873 30583 30583 30583 14392 0 0 0 0 0 0 0 0 0 0 0 0 0 0 0 0 0 0 0 0 0 0 0 0 0 0 0 0 0 0 0 0 0 0 0 0 0 0 0 0 0 0 0 0 0 0 0 0 0 0 0 0 0 0 0 0 0 0 0 0 0 0 0 0 0 0 0 0 0 0 0 0 0 0 0 0 0 0 0 0 0 0 0 0 0 0 0 0 0 0 0 0 0 0 0 0 0 
0 0 0 0 0 0 0 0 0 0 0 0 0 0 0 0 0 0 0 0 0 0 0 0 0 0 0 0 0 0 0 0 0 0 0 0 0 0 0 0 0 0 0 0 0 0 0 0 0 0 0 0 0 0 0 0 0 0 0 0 0 0 0 0 0 0 0 0 3341 65536 26471 1799 0 0 0 0 0 0 0 0 0 0 0 0 0 0 0 0 0 0 0 0 0 0 0 4883 49859 65022 64765 14392 0 0 0 0 0 0 0 0 0 0 0 0 0 0 0 0 0 0 0 0 0 0 0 31611 64765 65022 43691 3341 0 0 0 0 0 0 0 0 0 0 0 0 0 0 0 0 0 0 0 0 0 0 25957 63223 64765 61938 12079 0 0 0 0 0 0 0 0 0 0 0 0 0 0 0 0 0 0 0 0 0 0 1028 46004 65022 65022 13107 0 0 0 0 0 0 0 0 0 0 0 0 0 0 0 0 0 0 0 0 0 0 0 32897 64765 64765 58340 0 0 0 0 0 0 0 0 0 0 0 0 0 0 0 0 0 0 0 0 0 0 0 0 65022 64765 57569 11051 0 0 0 0 0 0 0 0 0 0 0 0 0 0 0 0 0 0 0 0 0 0 0 38808 65022 64765 30326 0 0 0 0 0 0 0 0 0 0 0 0 0 0 0 0 0 0 0 0 0 0 0 25186 65022 65279 34439 0 0 0 0 0 0 0 0 0 0 0 0 0 0 0 0 0 0 0 0 0 0 0 3341 53714 64765 53714 7196 0 0 0 0 0 0 0 0 0 0 0 0 0 0 0 0 0 0 0 0 0 0 0 37009 64765 64765 19532 0 0 0 0 0 0 0 21845 21845 21845 21845 21845 16962 0 0 0 0 0 0 0 0 0 0 3341 52943 64765 51915 0 0 0 0 0 19532 51401 57826 65022 64765 64765 64765 65022 63223 25700 0 0 0 0 0 0 0 0 0 10537 65022 65022 20046 0 0 0 3341 52429 65022 65022 65022 61424 57826 57826 57826 58083 62709 65022 26471 0 0 0 0 0 0 0 0 36238 64765 64765 7196 0 0 14649 52943 65022 64765 59882 37266 9766 0 0 0 0 43434 64765 64765 0 0 0 0 0 0 0 0 39322 64765 64765 7196 0 0 31611 64765 65022 43691 9509 0 0 0 0 0 0 43434 64765 64765 0 0 0 0 0 0 0 0 4112 55256 64765 20046 0 6682 57055 64765 61938 12079 0 0 0 0 0 0 6682 62452 64765 64765 0 0 0 0 0 0 0 0 0 25957 63480 65022 36238 42663 65022 65022 45233 0 0 0 0 0 5911 32897 65279 65022 65022 45747 0 0 0 0 0 0 0 0 0 0 26728 63223 65022 64765 64765 64765 62709 43434 21074 27499 43434 43434 60139 64765 65022 61681 40607 2313 0 0 0 0 0 0 0 0 0 0 0 12850 43177 57569 64765 64765 65022 64765 64765 64765 65022 64765 64765 64765 40093 11051 0 0 0 0 0 0 0 0 0 0 0 0 0 0 0 4883 16705 35724 35981 35724 35724 35724 35981 35724 35724 10280 0 0 0 0 0 0 0 0 0 0 0 0 0 0 0 0 0 0 0 0 0 0 0 0 0 0 0 0 0 0 0 0 0 0 0 0 0 0 0 0 0 0 0 0 0 0 0 0 0 0 0 0 0 0 0 0 0 0 0 0 0 0 0 0 0 0 0 0 0 0 0 0 0 0 0 0 0 0 0 0 0 0 0 0 0 0 0 0 0 0 0 0 0 0 0 0 0 0 0 0 0 0 0 0 0 0 0 0 0 0 0 0 0 0 0 0 0 0 0 0 0 0 0 0 0 0 0 0 0 0 0 0 0 0 0 0 0 0 0 0 0 0 0 0 0 0 0 0 0 0 0 0 0 0 0 0 0 0 0 0 0 0 0 0 0 0 0 0 0 0 0 0 0 0 0 
0 0 0 0 0 0 0 0 0 0 0 0 0 0 0 0 0 0 0 0 0 0 0 0 0 0 0 0 0 0 0 0 0 0 0 0 0 0 0 0 0 0 0 0 0 0 0 0 0 0 0 0 0 0 0 0 0 0 0 0 0 0 0 0 0 0 0 0 0 0 0 0 0 0 0 0 0 0 0 0 0 0 0 0 0 0 0 0 0 0 0 0 0 0 0 0 0 0 0 0 0 0 0 0 0 0 0 0 0 0 0 0 0 0 0 0 0 0 0 0 0 0 0 0 0 0 0 0 0 0 0 0 0 0 0 0 0 0 0 0 0 0 0 0 0 0 0 0 0 0 0 0 0 0 0 0 0 0 0 0 0 0 0 0 0 0 0 0 0 0 0 0 0 0 0 0 0 0 0 4883 19018 40093 49859 49859 32639 1285 0 0 0 0 0 0 0 0 0 0 0 0 0 0 0 0 0 0 0 0 15934 50373 65022 65022 65279 65022 65022 26214 0 0 0 0 0 0 0 0 0 0 0 0 0 0 0 0 0 0 0 28013 61938 65022 65022 65022 44976 35210 58854 50373 4626 0 0 0 0 0 0 0 0 0 0 0 0 0 0 0 0 0 36752 63223 65022 65022 51658 20303 0 0 22102 65022 14906 0 0 0 0 0 0 0 0 0 0 0 0 0 0 0 0 4112 55770 65279 62966 22616 1285 0 0 0 12336 62966 14906 0 0 0 0 0 0 0 0 0 0 0 0 0 0 0 0 60396 65279 50373 13621 0 0 0 0 0 0 60396 14906 0 0 0 0 0 0 0 0 0 0 0 0 0 0 0 0 60139 62966 13621 0 0 0 0 0 0 19018 57569 19789 23387 0 0 0 0 0 0 0 0 0 0 0 0 0 0 0 60139 47546 0 0 0 0 0 0 0 44976 54228 52686 60653 14649 0 0 0 0 0 0 0 0 0 0 0 0 0 0 60139 65022 19789 1542 0 0 4112 15934 46775 63480 65022 65022 65279 34696 0 0 0 0 0 0 0 0 0 0 0 0 0 0 21588 65022 65279 52429 50116 50116 55770 65279 65022 47546 30326 59111 65279 34696 0 0 0 0 0 0 0 0 0 0 0 0 0 0 0 38551 59625 65279 65279 65279 59368 34696 15420 7710 0 50373 65536 34953 0 0 0 0 0 0 0 0 0 0 0 0 0 0 0 0 12079 34696 27242 10023 6168 0 0 0 4883 57055 65279 32897 0 0 0 0 0 0 0 0 0 0 0 0 0 0 0 0 0 0 0 0 0 0 0 0 10280 65022 65279 10023 0 0 0 0 0 0 0 0 0 0 0 0 0 0 0 0 0 0 0 0 0 0 0 0 33154 65022 57055 4626 0 0 0 0 0 0 0 0 0 0 0 0 0 0 0 0 0 0 0 0 0 0 0 0 34953 65022 50116 0 0 0 0 0 0 0 0 0 0 0 0 0 0 0 0 0 0 0 0 0 0 0 0 0 60396 65279 50373 0 0 0 0 0 0 0 0 0 0 0 0 0 0 0 0 0 0 0 0 0 0 0 0 17219 64251 65022 50116 0 0 0 0 0 0 0 0 0 0 0 0 0 0 0 0 0 0 0 0 0 0 0 0 28013 65022 65022 50116 0 0 0 0 0 0 0 0 0 0 0 0 0 0 0 0 0 0 0 0 0 0 0 0 44976 65022 65022 13621 0 0 0 0 0 0 0 0 0 0 0 0 0 0 0 0 0 0 0 0 0 0 0 0 44976 65022 55256 0 0 0 0 0 0 0 0 0 0 0 0 0 0 0 0 0 0 0 0 0 0 0 0 0 0 0 0 0 0 0 0 0 0 0 0 0 0 0 0 0 0 0 0 0 0 0 0 0 0 0 0 0 0 0 0 0 0 0 0 0 0 0 0 0 
0 0 0 0 0 0 0 0 0 0 0 0 0 0 0 0 0 0 0 0 0 0 0 0 0 0 0 0 0 0 0 0 0 0 0 0 0 0 0 0 0 0 0 0 0 0 0 0 0 0 0 0 0 0 0 0 0 0 0 0 0 0 0 0 0 0 0 0 0 0 0 0 0 0 0 0 0 0 0 0 0 0 0 0 0 0 0 0 0 0 0 0 0 0 0 0 0 0 0 0 0 0 0 0 0 0 0 0 0 0 0 0 0 0 0 0 0 0 0 0 0 0 0 0 0 0 0 0 0 0 0 0 0 0 0 0 0 0 0 0 0 0 0 0 0 0 0 0 0 0 0 0 0 0 0 0 0 0 0 0 0 0 0 0 0 0 0 0 0 0 0 0 0 0 0 0 0 0 0 0 0 8995 24929 24929 24929 24929 12850 0 0 0 0 0 0 0 0 0 0 0 0 0 0 0 0 0 0 0 11822 19532 34696 58340 65022 65022 65022 65022 60139 54742 54742 46004 5911 0 0 0 0 0 0 0 0 0 0 0 0 0 0 9766 44462 65022 65022 65022 65022 65022 65022 65022 65022 65022 65022 65022 53971 26471 0 0 0 0 0 0 0 0 0 0 0 0 29041 58340 65022 65022 65022 65022 65022 65022 55513 40864 56284 59882 65022 65022 65022 60396 8995 0 0 0 0 0 0 0 0 0 0 13621 44462 65022 65022 65022 63480 49088 26471 26471 9252 0 0 26728 65022 65022 65022 65022 43948 0 0 0 0 0 0 0 0 0 0 36495 65022 65022 65022 65022 36752 0 0 0 0 0 0 26728 65022 65022 65022 62195 14649 0 0 0 0 0 0 0 0 0 39579 63994 65022 65022 46261 1542 1028 0 0 0 0 0 13878 62452 65022 65022 65022 25443 0 0 0 0 0 0 0 0 0 10794 61938 65022 65022 61938 16962 0 0 0 0 0 2570 23130 43434 65022 65022 65022 48831 15934 0 0 0 0 0 0 0 0 0 13878 62452 65022 61167 40864 0 0 0 0 0 3598 19275 49859 65022 65022 65022 60653 14135 0 0 0 0 0 0 0 0 0 0 56027 65022 65022 50887 0 0 0 0 4626 22102 50887 65022 65022 65022 65022 60910 20817 0 0 0 0 0 0 0 0 0 0 0 46261 65022 65022 60139 18504 7196 7196 41635 50373 65022 65022 65022 65022 65022 65022 51401 7710 0 0 0 0 0 0 0 0 0 0 0 46261 65022 65022 65022 65022 65022 65022 65022 65022 65022 65022 65022 65022 65022 65022 27756 0 0 0 0 0 0 0 0 0 0 0 0 65279 65022 65022 65022 65022 65022 65022 65022 65022 65022 65022 65022 65022 65022 52172 4369 0 0 0 0 0 0 0 0 0 0 0 0 15677 62452 65022 65022 65022 65022 65022 53457 38551 29041 29555 65022 65022 65022 38551 4626 0 0 0 0 0 0 0 0 0 0 0 0 4112 41121 43691 59882 65022 52429 43691 5654 0 9766 57055 65022 65022 65022 3341 0 0 0 0 0 0 0 0 0 0 0 0 0 0 0 0 10537 13878 5654 0 0 0 41635 61424 65022 65022 47803 1542 0 0 0 0 0 0 0 0 0 0 0 0 0 0 0 0 0 0 0 0 0 22102 61424 65022 65022 63737 19275 1028 0 0 0 0 0 0 0 0 0 0 0 0 0 0 0 0 0 0 0 0 0 22102 24672 24672 24672 23901 0 0 0 0 0 0 0 0 0 0 0 0 0 0 0 0 0 0 0 0 0 0 0 0 0 0 0 0 0 0 0 0 0 0 0 0 0 0 0 0 0 0 0 0 0 0 0 0 0 0 0 0 0 0 0 0 0 0 0 0 0 0 0 0 0 0 0 0 0 0 0 0 0 0 0 0 0 0 0 0 0 0 0 0 0 0 0 0 0 0 0 0 0 0 0 0 0 0 0 0 0 0 0 0 0 0 0 0 0 0 0 0 0 0 0 0 0 0 0 0 0 0 
0 0 0 0 0 0 0 0 0 0 0 0 0 0 0 0 0 0 0 0 0 0 0 0 0 0 0 0 0 0 0 0 0 0 0 0 0 0 0 0 0 0 0 0 0 0 0 0 0 0 0 0 0 0 0 0 0 0 0 0 0 0 0 0 0 0 0 0 0 0 0 0 0 0 0 0 0 0 0 0 0 0 0 0 0 0 0 0 0 0 0 0 0 0 0 0 0 0 0 0 0 0 0 0 0 0 0 0 0 0 0 0 0 0 0 0 0 0 0 0 0 0 0 0 0 0 0 0 0 0 0 0 0 0 0 0 0 0 0 0 0 0 0 0 0 0 0 0 0 0 0 0 0 0 0 0 0 0 0 0 0 0 0 0 0 0 0 0 0 0 0 0 0 0 0 0 0 0 0 0 0 0 0 0 0 0 0 0 0 0 0 0 0 0 0 0 0 0 0 0 0 0 0 0 0 0 0 0 0 0 0 0 0 0 0 0 257 2827 2827 2827 2827 2827 0 0 0 0 0 0 0 0 0 0 0 0 0 0 0 0 0 3341 16705 22873 42149 42149 44462 65022 65279 65279 65279 65022 0 0 0 0 0 0 0 0 0 0 0 0 1542 5397 13878 20817 50373 58083 65279 65279 65279 65279 65279 65279 64508 63737 65279 61167 0 0 0 0 0 0 0 0 0 0 5140 31611 50887 65022 65279 65022 65279 65022 65022 60653 45747 45747 23387 20303 17733 15420 20303 4369 0 0 0 0 0 0 0 0 0 0 16705 65279 65022 64251 57312 43177 31868 16705 6168 4883 0 0 0 0 0 0 0 0 0 0 0 0 0 0 0 0 0 0 25443 65279 65022 48831 0 0 0 0 0 0 0 0 0 0 0 0 0 0 0 0 0 0 0 0 0 0 0 5654 54999 65279 49859 12079 10280 771 0 0 0 0 0 0 0 0 0 0 0 0 0 0 0 0 0 0 0 0 0 47803 65279 65279 65279 65279 65279 50887 11822 0 0 0 0 0 0 0 0 0 0 0 0 0 0 0 0 0 0 0 0 13107 52172 52429 52172 52172 52172 64508 54742 5911 0 0 0 0 0 0 0 0 0 0 0 0 0 0 0 0 0 0 0 0 0 0 0 0 0 30326 65279 26728 0 0 0 0 0 0 0 0 0 0 0 0 0 0 0 0 0 0 0 0 0 0 0 0 0 3855 55513 32897 0 0 0 0 0 0 0 0 0 0 0 0 0 0 0 0 0 0 0 0 0 0 0 0 0 0 49859 30840 0 0 0 0 0 0 0 0 0 0 0 0 0 0 0 0 0 0 0 0 0 0 0 0 0 6939 60139 26728 0 0 0 0 0 0 0 0 0 0 0 0 0 0 0 0 0 0 22359 10794 0 0 0 0 2313 56027 65279 24415 0 0 0 0 0 0 0 0 0 0 0 0 0 0 0 0 0 0 65536 64508 46004 24158 20560 23644 52429 65022 57569 771 0 0 0 0 0 0 0 0 0 0 0 0 0 0 0 0 0 0 26214 63480 65279 65279 65279 65279 62195 41892 9252 0 0 0 0 0 0 0 0 0 0 0 0 0 0 0 0 0 0 0 0 13621 32897 43948 65279 62452 17990 0 0 0 0 0 0 0 0 0 0 0 0 0 0 0 0 0 0 0 0 0 0 0 0 257 2313 2056 0 0 0 0 0 0 0 0 0 0 0 0 0 0 0 0 0 0 0 0 0 0 0 0 0 0 0 0 0 0 0 0 0 0 0 0 0 0 0 0 0 0 0 0 0 0 0 0 0 0 0 0 0 0 0 0 0 0 0 0 0 0 0 0 0 0 0 0 0 0 0 0 0 0 0 0 0 0 0 0 0 0 0 0 0 0 0 0 0 0 0 0 0 0 0 0 0 0 0 0 
0 0 0 0 0 0 0 0 0 0 0 0 0 0 0 0 0 0 0 0 0 0 0 0 0 0 0 0 0 0 0 0 0 0 0 0 0 0 0 0 0 0 0 0 0 0 0 0 0 0 0 0 0 0 0 0 0 0 0 0 0 0 0 0 0 0 0 0 0 0 0 0 0 0 0 0 0 0 0 0 0 0 0 0 0 0 0 0 0 0 0 0 0 0 0 0 0 0 0 0 0 0 0 0 0 0 0 0 0 0 0 0 0 0 0 0 0 0 0 0 0 0 0 0 0 0 0 0 0 0 0 0 0 0 0 0 0 0 0 0 0 0 0 0 0 0 0 0 0 0 0 0 0 0 0 65536 50887 0 0 0 0 0 0 0 0 0 0 0 0 0 0 0 0 0 0 0 14649 65536 22102 0 0 0 0 65536 65536 22102 0 0 0 0 0 0 0 0 0 0 0 0 0 0 0 0 0 0 22102 65536 58083 0 0 0 14649 65536 65536 14649 0 0 0 0 0 0 0 0 0 0 0 0 0 0 0 0 0 0 14649 65536 43691 0 0 0 0 65536 65536 0 0 0 0 0 0 0 0 0 0 0 0 0 0 0 0 0 0 0 22102 65536 43691 0 0 0 7453 65536 65536 0 0 0 0 0 0 0 0 0 0 0 0 0 0 0 0 0 0 0 22102 65536 43691 0 0 0 14649 65536 65536 0 0 0 0 0 0 0 0 0 0 0 0 0 0 0 0 0 0 0 0 65536 43691 0 0 0 0 65536 65536 0 0 0 0 0 0 0 0 0 0 0 0 0 0 0 0 0 0 0 0 65536 65536 0 0 0 0 65536 65536 0 0 0 0 0 0 0 0 0 0 0 0 0 0 0 0 0 0 0 0 65536 65536 0 0 0 0 65536 65536 0 0 0 0 0 0 0 0 0 0 0 0 0 0 0 0 0 0 0 0 65536 65536 0 0 0 0 65536 65536 43691 43691 43691 43691 50887 43691 7453 0 0 0 0 0 0 0 0 0 0 0 0 0 50887 65536 29298 22102 43691 43691 65536 65536 65536 65536 65536 65536 43691 43691 7453 0 0 0 0 0 0 0 0 0 0 0 0 0 7453 65536 65536 65536 65536 65536 65536 65536 36238 14649 22102 0 0 0 0 0 0 0 0 0 0 0 0 0 0 0 0 0 0 14649 43691 50887 65536 43691 65536 65536 22102 0 0 0 0 0 0 0 0 0 0 0 0 0 0 0 0 0 0 0 0 0 0 0 0 0 43691 65536 50887 0 0 0 0 0 0 0 0 0 0 0 0 0 0 0 0 0 0 0 0 0 0 0 0 0 14649 58083 65536 7453 0 0 0 0 0 0 0 0 0 0 0 0 0 0 0 0 0 0 0 0 0 0 0 0 0 43691 65536 29298 0 0 0 0 0 0 0 0 0 0 0 0 0 0 0 0 0 0 0 0 0 0 0 0 0 29298 65536 58083 0 0 0 0 0 0 0 0 0 0 0 0 0 0 0 0 0 0 0 0 0 0 0 0 0 7453 58083 65536 14649 0 0 0 0 0 0 0 0 0 0 0 0 0 0 0 0 0 0 0 0 0 0 0 0 0 43691 65536 22102 0 0 0 0 0 0 0 0 0 0 0 0 0 0 0 0 0 0 0 0 0 0 0 0 0 22102 50887 22102 0 0 0 0 0 0 0 0 0 0 0 0 0 0 0 0 0 0 0 0 0 0 0 0 0 0 0 0 0 0 0 0 0 0 0 0 0 0 0 0 0 0 0 0 0 0 0 0 0 0 0 0 0 0 0 0 0 0 0 0 0 0 0 0 0 0 0 0 0 0 0 0 0 0 0 0 0 0 0 0 0 0 0 0 0 0 0 0 0 0 0 0 
0 0 0 0 0 0 0 0 0 0 0 0 0 0 0 0 0 0 0 0 0 0 0 0 0 0 0 0 0 0 0 0 0 0 0 0 0 0 0 0 0 0 0 0 0 0 0 0 0 0 0 0 0 0 0 0 0 0 0 0 0 0 0 0 0 0 0 0 0 0 0 0 0 0 0 0 0 0 0 0 0 0 0 0 0 0 0 0 0 0 0 0 0 0 0 0 0 0 0 0 0 0 0 0 0 0 0 0 0 0 0 0 0 0 0 0 0 0 40607 65279 38037 8224 0 0 0 0 0 0 0 0 0 0 0 0 0 0 0 0 0 0 0 0 0 0 0 14649 61938 65022 65022 55513 27756 10280 0 0 0 0 0 0 0 0 0 0 0 0 0 0 0 0 0 0 0 0 0 0 45747 65022 65022 65022 65022 60910 58597 40350 12850 0 0 0 0 0 0 0 0 0 0 0 0 0 0 0 0 0 0 0 3855 21074 49859 65022 65022 65022 65022 65022 60653 54999 16705 0 0 0 0 0 0 0 0 0 0 0 0 0 0 0 0 0 0 0 3598 20817 50630 65022 65022 65022 65279 65022 60139 40607 3598 0 0 0 0 0 0 0 0 0 0 0 0 0 0 0 0 0 0 0 2827 20560 51144 58597 65536 65022 65022 65022 42406 3598 0 0 0 0 0 0 0 0 0 0 0 0 0 0 0 0 0 0 0 0 0 10794 36752 64508 65022 65022 65022 16962 0 0 0 0 0 0 0 0 0 0 0 0 0 0 0 0 0 0 0 0 0 0 0 40093 65022 65022 65022 16962 0 0 0 0 0 0 0 0 0 0 0 0 0 0 0 0 0 0 0 0 0 0 0 29555 65022 65022 65022 16962 0 0 0 0 0 0 0 0 0 0 0 0 0 0 0 0 0 0 23901 12593 0 0 0 61938 65022 65022 65022 16962 0 0 0 0 0 0 0 0 0 0 0 0 0 0 0 0 0 0 44976 24158 0 0 31354 65279 65279 65279 31868 0 0 0 0 0 0 0 0 0 0 0 0 0 0 0 0 0 0 0 44719 59368 26214 14649 63737 65022 65022 65022 13621 0 0 0 0 0 0 0 0 0 0 0 0 0 0 0 0 0 0 0 13878 65022 64765 61938 65279 65022 65022 54228 25700 6425 0 0 0 0 0 0 0 0 0 0 0 0 0 0 0 17733 20817 46004 56541 65022 65022 65022 65279 65022 65022 65022 65022 57569 28270 0 0 0 0 0 0 0 0 0 0 0 0 7453 30069 62966 65022 65022 65022 65022 65022 65022 65279 65022 65022 65022 65022 65022 62966 19018 0 0 0 0 0 0 0 0 0 0 0 27756 65022 65022 65022 65022 65022 65022 65022 65022 58854 51144 51144 55770 65022 65022 65022 49345 0 0 0 0 0 0 0 0 0 0 0 8738 54999 65022 56798 54742 54742 54742 34696 20560 10794 0 0 20817 65022 65022 65022 58083 0 0 0 0 0 0 0 0 0 0 0 0 8995 23901 5140 0 0 0 0 0 0 0 0 20817 65022 65022 65022 54485 0 0 0 0 0 0 0 0 0 0 0 0 0 0 0 0 0 0 0 0 0 0 0 20817 65022 65022 64508 22616 0 0 0 0 0 0 0 0 0 0 0 0 0 0 0 0 0 0 0 0 0 0 0 9766 30840 56027 36495 0 0 0 0 0 0 0 0 0 0 0 0 0 0 0 0 0 0 0 0 0 0 0 0 0 0 0 0 0 0 0 0 0 0 0 0 0 0 0 0 0 0 0 0 0 0 0 0 0 0 0 0 0 0 0 0 0 0 0 0 0 0 0 0 0 0 0 0 0 0 0 0 0 0 0 0 0 0 0 0 0 0 0 0 0 0 0 0 0 0 0 0 0 0 0 0 0 0 0 0 0 0 0 0 0 0 0 0 0 0 0 0 0 0 0 0 0 0 0 
0 0 0 0 0 0 0 0 0 0 0 0 0 0 0 0 0 0 0 0 0 0 0 0 0 0 0 0 0 0 0 0 0 0 0 0 0 0 0 0 0 0 0 0 0 0 0 0 0 0 0 0 0 0 0 0 0 0 0 0 0 0 0 0 0 0 0 0 0 10280 45490 65022 20046 0 0 0 0 0 0 0 0 0 0 0 0 0 0 0 0 0 0 0 0 0 0 0 771 46261 64765 64765 49088 0 0 0 0 0 0 0 0 0 0 0 0 0 0 0 0 0 0 0 0 0 0 0 37523 64765 64765 64765 4883 0 0 0 0 0 0 0 0 0 0 0 0 0 0 0 0 0 0 0 0 0 0 14392 62195 64765 63223 46775 0 0 0 0 0 0 0 0 0 0 0 0 0 0 0 0 0 0 0 0 0 0 9509 60139 64765 64765 38808 0 0 0 0 0 0 0 0 0 0 0 0 0 0 0 0 0 0 0 0 0 0 12079 44205 64765 64765 50887 11051 0 0 0 0 0 0 0 0 0 0 0 0 0 0 0 0 0 0 0 0 0 0 35210 64765 64765 62195 13364 0 0 0 0 0 0 0 0 0 0 0 0 0 0 0 0 0 0 0 0 0 0 32897 63737 64765 64765 16448 0 0 0 0 0 0 0 0 0 0 0 0 0 0 0 0 0 0 0 0 0 0 0 53714 64765 64765 64765 5397 0 0 0 0 0 0 0 0 0 0 0 0 0 0 0 0 0 0 0 0 0 0 14906 63480 64765 64765 44976 771 0 0 0 28527 28527 28527 25957 0 0 0 0 0 0 0 0 0 0 0 0 0 0 0 20817 65022 65022 65022 14135 0 10280 45490 65022 65536 65022 65022 65022 65022 42920 6939 0 0 0 0 0 0 0 0 0 0 0 0 45233 64765 64765 58597 7967 29298 57312 64765 64765 65022 64765 64765 64765 64765 64765 55513 25186 0 0 0 0 0 0 0 0 0 0 0 45233 64765 64765 64765 14135 59368 64765 57055 14906 11308 11308 11308 40350 64765 64765 64765 57826 6682 0 0 0 0 0 0 0 0 0 0 42663 64765 64765 64765 28784 59368 64765 17990 0 0 0 0 2827 53200 64765 64765 64765 29298 0 0 0 0 0 0 0 0 0 0 17219 64765 64765 64765 57055 25443 50630 13107 0 0 0 0 3855 57055 64765 64765 62452 13107 0 0 0 0 0 0 0 0 0 0 3855 56027 64765 64765 64765 38551 8995 0 0 0 0 0 37780 64765 64765 64765 43691 0 0 0 0 0 0 0 0 0 0 0 0 15677 62452 64765 64765 64765 61424 38294 31354 31354 38551 59368 64508 64765 64765 49859 13364 0 0 0 0 0 0 0 0 0 0 0 0 0 29298 64765 64765 64765 64765 64765 64765 65022 64765 64765 64765 64765 56027 15677 0 0 0 0 0 0 0 0 0 0 0 0 0 0 1542 23130 44976 63223 64765 64765 64765 65022 64765 64765 63223 26728 3598 0 0 0 0 0 0 0 0 0 0 0 0 0 0 0 0 0 0 8995 36495 48831 61167 49088 48831 25700 7710 0 0 0 0 0 0 0 0 0 0 0 0 0 0 0 0 0 0 0 0 0 0 0 0 0 0 0 0 0 0 0 0 0 0 0 0 0 0 0 0 0 0 0 0 0 0 0 0 0 0 0 0 0 0 0 0 0 0 0 0 0 0 0 0 0 0 0 0 0 0 0 0 0 0 0 0 0 0 0 0 0 0 0 0 0 0 0 0 0 0 0 0 0 0 0 0 0 0 0 0 0 0 0 0 0 0 0 0 0 0 0 0 0 0 0 0 0 0 0 0 0 0 0 0 0 0 0 0 0 0 0 0 0 0 0 0 0 0 0 0 0 0 0 0 0 0 0 0 0 0 0 0 0 0 0 0 0 0 0 0 0 0 0 0 0 0 0 0 0 0 0 0 0 0 0 0 
0 0 0 0 0 0 0 0 0 0 0 0 0 0 0 0 0 0 0 0 0 0 0 0 0 0 0 0 0 0 0 0 0 0 0 0 0 0 0 0 0 0 0 0 0 0 0 0 0 0 0 0 0 0 0 0 0 0 0 0 0 0 0 0 0 0 0 0 0 0 0 0 0 0 0 0 0 0 0 0 0 0 0 0 0 0 0 0 0 0 0 0 0 0 0 0 0 0 0 0 0 0 0 0 0 0 0 0 0 0 0 0 0 0 0 0 0 0 0 0 0 0 0 0 0 0 0 0 0 0 0 0 0 0 0 0 0 0 0 0 0 0 0 0 0 0 0 0 0 0 0 0 21331 52429 65022 65022 65536 65022 52429 21331 0 0 0 0 0 0 0 0 0 0 0 0 0 0 0 0 0 0 7453 34696 63737 64765 64765 64765 65022 64765 64765 63737 34439 7196 0 0 0 0 0 0 0 0 0 0 0 0 0 0 0 0 30069 64765 64765 64765 64765 64765 65022 64765 64765 64765 64765 29555 0 0 0 0 0 0 0 0 0 0 0 0 0 0 0 6682 55513 64765 64765 64765 64765 64765 65022 64765 64765 64765 64765 55256 6682 0 0 0 0 0 0 0 0 0 0 0 0 0 0 29812 64765 64765 64765 64765 64765 64765 65022 64765 64765 64765 64765 64765 47289 0 0 0 0 0 0 0 0 0 0 0 0 0 0 54742 64765 64765 64765 64765 56798 32897 47032 64765 64765 64765 64765 64765 61938 24929 0 0 0 0 0 0 0 0 0 0 0 0 3855 56284 64765 64765 64765 59882 9252 28527 65022 64765 64765 64765 64765 64765 64765 62452 18761 0 0 0 0 0 0 0 0 0 0 0 24158 64765 64765 64765 64765 62195 42406 64765 65022 64765 64765 64765 64765 64765 64765 60396 24415 0 0 0 0 0 0 0 0 0 0 0 24158 64765 64765 64765 64765 64765 64765 64765 65022 64765 64765 64765 64765 63994 55770 10023 0 0 0 0 0 0 0 0 0 0 0 0 24158 64765 64765 64765 64765 64765 64765 64765 65022 64765 64765 64765 64765 32897 0 0 0 0 0 0 0 0 0 0 0 0 0 0 24158 65022 65022 65022 65022 65022 65022 65022 65536 65022 65022 55256 25443 0 0 0 0 0 0 0 0 0 0 0 0 0 0 0 1285 55256 64765 64765 64765 64765 64765 64765 65022 64765 41892 2313 0 0 0 0 0 0 0 0 0 0 0 0 0 0 0 0 0 54742 64765 64765 64765 64765 64765 64765 65022 54485 7710 0 0 0 0 0 0 0 0 0 0 0 0 0 0 0 0 0 31354 63223 64765 64765 64765 64765 64765 64765 65022 46004 13107 0 0 0 0 0 0 0 0 0 0 0 0 0 0 0 0 21845 63480 64765 64765 64765 64765 64765 64765 64765 65022 64765 47032 11822 0 0 0 0 0 0 0 0 0 0 0 0 0 0 0 34696 64765 64765 64765 64765 64765 64765 64765 64765 65022 64765 64765 59368 10023 0 0 0 0 0 0 0 0 0 0 0 0 0 0 61681 64765 64765 64765 64765 64765 64765 64765 64765 65022 64765 64765 64765 13621 0 0 0 0 0 0 0 0 0 0 0 0 0 0 61681 64765 64765 64765 64765 64765 64765 64765 64765 65022 64765 62195 47032 5140 0 0 0 0 0 0 0 0 0 0 0 0 0 0 41635 64765 64765 64765 64765 64765 64765 64765 62966 45233 27242 17219 0 0 0 0 0 0 0 0 0 0 0 0 0 0 0 0 13107 43177 64765 64765 64765 64765 42920 30583 14392 0 0 0 0 0 0 0 0 0 0 0 0 0 0 0 0 0 0 0 0 0 0 0 0 0 0 0 0 0 0 0 0 0 0 0 0 0 0 0 0 0 0 0 0 0 0 0 0 0 0 0 0 0 0 0 0 0 0 0 0 0 0 0 0 0 0 0 0 0 0 0 0 0 0 0 0 0 0 0 0 0 0 0 0 0 0 0 0 0 0 0 0 0 0 0 0 
0 0 0 0 0 0 0 0 0 0 0 0 0 0 0 0 0 0 0 0 0 0 0 0 0 0 0 0 0 0 0 0 0 0 0 0 0 0 0 0 0 0 0 0 0 0 0 0 0 0 0 0 0 0 0 0 0 0 0 0 0 0 0 0 0 0 0 0 0 0 0 0 0 0 0 0 0 0 0 0 0 0 0 0 0 0 0 0 0 0 0 0 0 0 0 0 0 0 0 0 0 0 0 0 0 0 0 0 0 0 0 0 0 0 0 0 0 0 0 0 0 0 0 0 32382 65022 47546 6939 0 0 0 0 0 0 0 0 0 0 0 0 0 0 0 0 0 0 0 0 0 0 0 0 43434 64765 45233 0 0 0 0 0 0 0 0 0 0 0 0 0 0 0 0 0 0 0 0 0 0 0 0 0 41121 64765 40607 0 0 0 0 0 0 0 0 0 0 0 0 0 0 0 0 0 0 0 0 0 0 0 0 0 16448 64765 61424 10794 0 0 0 0 0 0 0 0 0 0 0 0 0 0 0 0 0 0 0 0 0 0 0 0 9509 60396 65022 16191 0 0 0 0 0 0 0 0 0 0 0 0 0 0 0 0 0 0 0 0 0 0 0 0 0 54485 65279 16191 0 0 0 0 0 0 0 0 0 0 0 0 0 0 0 0 0 0 0 0 0 0 0 0 0 33668 65022 16191 0 0 0 0 0 0 0 0 0 0 0 0 0 0 0 0 0 0 0 0 0 0 0 0 0 27242 65022 16191 0 0 0 0 0 0 0 0 0 0 0 0 0 0 0 0 0 0 0 0 0 0 0 0 0 27242 65022 16191 0 0 0 0 0 0 0 0 0 0 0 0 0 0 0 0 0 0 0 0 0 0 0 0 0 27242 65022 16191 0 0 0 0 0 0 0 0 0 0 0 0 0 0 0 0 0 0 0 0 0 0 0 0 0 54485 65536 16191 0 0 0 0 0 0 0 0 0 0 0 0 0 0 0 0 0 0 0 0 0 0 0 0 0 54228 65022 16191 0 0 0 0 0 0 0 0 0 0 0 0 0 0 0 0 0 0 0 0 0 0 0 0 8224 59625 65022 16191 0 0 0 0 0 0 0 0 0 0 0 0 0 0 0 0 0 0 0 0 0 0 0 0 5397 57826 65022 16191 0 0 0 0 0 0 0 0 0 0 0 0 0 0 0 0 0 0 0 0 0 0 0 0 0 31868 65022 38551 0 0 0 0 0 0 0 0 0 0 0 0 0 0 0 0 0 0 0 0 0 0 0 0 0 54485 65536 38808 0 0 0 0 0 0 0 0 0 0 0 0 0 0 0 0 0 0 0 0 0 0 0 0 0 54228 65022 16191 0 0 0 0 0 0 0 0 0 0 0 0 0 0 0 0 0 0 0 0 0 0 0 0 0 54228 65022 16191 0 0 0 0 0 0 0 0 0 0 0 0 0 0 0 0 0 0 0 0 0 0 0 0 0 54228 65022 16191 0 0 0 0 0 0 0 0 0 0 0 0 0 0 0 0 0 0 0 0 0 0 0 0 13878 63223 65022 16191 0 0 0 0 0 0 0 0 0 0 0 0 0 0 0 0 0 0 0 0 0 0 0 0 0 0 0 0 0 0 0 0 0 0 0 0 0 0 0 0 0 0 0 0 0 0 0 0 0 0 0 0 0 0 0 0 0 0 0 0 0 0 0 0 0 0 0 0 0 0 0 0 0 0 0 0 0 0 0 0 0 0 0 0 0 0 0 0 0 0 0 0 0 0 0 0 0 0 0 0 0 0 0 0 0 0 0 0 0 0 0 0 0 0 0 0 0 0 0 0 0 0 0 0 
0 0 0 0 0 0 0 0 0 0 0 0 0 0 0 0 0 0 0 0 0 0 0 0 0 0 0 0 0 0 0 0 0 0 0 0 0 0 0 0 0 0 0 0 0 0 0 0 0 0 0 0 0 0 0 0 0 0 0 0 0 0 0 0 0 0 0 0 0 0 0 0 0 0 0 0 0 0 0 0 0 0 0 0 0 0 0 0 0 0 0 0 0 0 0 0 0 0 0 0 0 0 0 0 0 0 0 0 0 0 0 0 0 0 0 0 0 0 0 0 0 0 0 0 0 0 0 0 0 0 0 0 0 0 0 0 0 0 0 0 0 0 0 0 0 0 0 0 0 0 0 0 0 0 0 0 0 0 0 0 0 0 0 0 0 0 0 0 0 0 0 0 0 0 0 0 0 0 0 0 0 0 0 0 0 0 0 0 0 0 0 0 0 0 0 0 0 0 0 0 0 0 0 0 0 0 0 23644 28784 28784 7453 0 0 4626 28784 28784 11822 0 0 0 0 0 0 0 0 0 0 0 0 0 0 0 10537 38808 60396 64251 65022 65022 61681 36238 13107 50116 65022 65022 59625 25700 0 0 0 0 0 0 0 0 0 0 0 0 0 23387 57826 65022 65022 65022 65022 65022 65022 65022 61681 65022 65022 65022 65022 64765 26985 0 0 0 0 0 0 0 0 0 0 0 10537 61938 65022 65022 65022 65022 65022 65022 65022 60139 41635 57312 65022 65022 65022 65022 59111 0 0 0 0 0 0 0 0 0 0 10280 58083 65022 65022 65022 65022 47032 33668 9766 9766 7967 0 6682 16962 65022 65022 65022 63994 10794 0 0 0 0 0 0 0 0 0 40607 65022 65022 65022 65022 36752 2056 0 0 0 0 0 0 1542 44462 65022 65022 65022 31611 0 0 0 0 0 0 0 0 0 63737 65022 65022 65022 36752 2056 0 0 0 0 0 0 0 0 40093 65022 65022 65022 58340 0 0 0 0 0 0 0 0 50630 64765 65022 65022 37009 2056 0 0 0 0 0 0 0 0 0 40093 65022 65022 65022 56284 0 0 0 0 0 0 0 0 65536 65022 65022 65022 31611 0 0 0 0 0 0 0 0 0 0 40093 65022 65022 65022 31611 0 0 0 0 0 0 0 0 58597 65022 65022 65022 44976 1799 0 0 0 0 0 0 0 0 0 40093 65022 65022 65022 31611 0 0 0 0 0 0 0 0 26214 64765 65022 65022 65022 18504 1799 0 0 0 0 2570 11822 11822 16191 57569 65022 65022 57826 9766 0 0 0 0 0 0 0 0 0 58597 65022 65022 65022 65022 46775 43434 43434 43691 35724 38551 65022 65022 65022 65022 65022 65022 30069 0 0 0 0 0 0 0 0 0 0 30326 65022 65022 65022 65022 65022 65022 65022 65022 65022 65022 65022 65022 65022 65022 64508 37523 10794 0 0 0 0 0 0 0 0 0 0 11565 39579 61167 65022 65022 65022 65022 65022 65022 65022 63737 62966 65022 65022 40093 40093 0 0 0 0 0 0 0 0 0 0 0 0 0 0 11051 26728 38551 60139 60139 60139 60139 52172 21331 18504 26728 26728 10280 0 0 0 0 0 0 0 0 0 0 0 0 0 0 0 0 0 0 0 0 0 0 0 0 0 0 0 0 0 0 0 0 0 0 0 0 0 0 0 0 0 0 0 0 0 0 0 0 0 0 0 0 0 0 0 0 0 0 0 0 0 0 0 0 0 0 0 0 0 0 0 0 0 0 0 0 0 0 0 0 0 0 0 0 0 0 0 0 0 0 0 0 0 0 0 0 0 0 0 0 0 0 0 0 0 0 0 0 0 0 0 0 0 0 0 0 0 0 0 0 0 0 0 0 0 0 0 0 0 0 0 0 0 0 0 0 0 0 0 0 0 0 0 0 0 0 0 0 0 0 0 0 0 0 0 0 0 0 0 0 0 0 0 0 0 0 0 0 0 0 0 0 0 0 0 0 
0 0 0 0 0 0 0 0 0 0 0 0 0 0 0 0 0 0 0 0 0 0 0 0 0 0 0 0 0 0 0 0 0 0 0 0 0 0 0 0 0 0 0 0 0 0 0 0 0 0 0 0 0 0 0 0 0 0 0 0 0 0 0 0 0 0 0 0 0 0 1285 34439 40607 7453 0 0 0 0 0 0 0 0 0 0 0 0 0 0 0 0 0 0 0 0 0 0 0 0 48060 65279 65279 42920 0 0 0 0 0 0 0 0 0 0 0 0 0 0 0 0 0 0 0 0 0 0 1028 12079 57826 63994 60653 11822 0 0 0 0 0 0 0 0 0 0 0 0 0 0 0 0 0 0 0 0 0 0 12850 65279 65279 47803 0 0 0 0 0 0 0 0 0 0 0 0 0 0 0 0 0 0 0 0 0 0 0 0 12850 65279 65279 43691 0 0 0 0 0 0 0 0 0 0 0 0 0 0 0 0 0 0 0 0 0 0 0 1799 36238 65279 65279 15934 0 0 0 0 0 0 0 0 0 0 0 0 0 0 0 0 0 0 0 0 0 0 0 32639 65279 65279 49345 5397 0 0 0 0 0 0 0 0 0 0 0 0 0 0 0 0 0 0 0 0 0 0 0 43177 65279 65279 17476 0 0 0 0 0 0 0 0 0 0 0 0 0 0 0 0 0 0 0 0 0 0 0 2313 48060 62452 28270 5140 0 0 0 0 0 0 0 0 0 0 0 0 0 0 0 0 0 0 0 0 0 0 0 9766 65279 61938 37523 0 0 0 0 0 0 0 0 0 0 0 0 0 0 0 0 0 0 0 0 0 0 0 0 33925 65279 55770 12336 0 0 0 0 0 0 0 0 0 0 0 0 0 0 0 0 0 0 0 0 0 0 0 0 41635 65279 56284 19275 19275 34953 19275 3855 0 0 0 0 0 0 0 0 0 0 0 0 0 0 0 0 0 0 0 0 41635 65279 65279 65279 65279 65279 65279 55256 19275 0 0 0 0 0 0 0 0 0 0 0 0 0 0 0 0 0 0 2827 49859 65279 65279 65279 65279 65279 65279 65279 61681 42663 2827 0 0 0 0 0 0 0 0 0 0 0 0 0 0 0 0 8224 65279 65279 65279 25700 9509 17990 48317 65279 65279 65279 7710 0 0 0 0 0 0 0 0 0 0 0 0 0 0 0 0 8224 65279 65279 65279 19018 0 6939 52943 65279 65279 65279 7710 0 0 0 0 0 0 0 0 0 0 0 0 0 0 0 0 8224 65279 65279 65536 32382 0 31097 65279 65279 65279 30326 771 0 0 0 0 0 0 0 0 0 0 0 0 0 0 0 0 4626 54999 65279 65279 64508 60910 64251 65279 65279 30583 771 0 0 0 0 0 0 0 0 0 0 0 0 0 0 0 0 0 0 11308 65279 65279 65279 65279 65279 56541 9252 514 0 0 0 0 0 0 0 0 0 0 0 0 0 0 0 0 0 0 0 257 22616 39579 65279 57569 24929 1028 0 0 0 0 0 0 0 0 0 0 0 0 0 0 0 0 0 0 0 0 0 0 0 0 0 0 0 0 0 0 0 0 0 0 0 0 0 0 0 0 0 0 0 0 0 0 0 0 0 0 0 0 0 0 0 0 0 0 0 0 0 0 0 0 0 0 0 0 0 0 0 0 0 0 0 0 0 0 0 0 0 0 0 0 0 0 0 0 0 0 0 0 0 0 0 0 0 0 0 0 0 0 0 0 0 0 0 0 0 0 0 0 0 0 0 0 0 0 0 0 0 0 0 0 0 0 0 0 0 0 0 0 0 0 0 0 0 0 0 0 0 0 0 0 0 0 0 0 0 0 0 0 0 0 0 0 0 0 0 0 0 0 0 0 0 0 0 0 0 0 0 0 0 0 0 0 0 0 0 
0 0 0 0 0 0 0 0 0 0 0 0 0 0 0 0 0 0 0 0 0 0 0 0 0 0 0 0 0 0 0 0 0 0 0 0 0 0 0 0 0 0 0 0 0 0 0 0 0 0 0 0 0 0 0 0 0 0 0 0 0 0 0 0 0 0 0 0 0 0 0 0 0 0 0 0 0 0 0 0 0 0 0 0 0 0 0 0 0 0 0 0 0 0 0 0 0 0 0 0 0 0 0 0 0 0 0 0 0 0 0 0 0 0 0 0 0 0 0 0 0 0 0 0 0 0 0 0 0 0 0 0 0 0 0 0 0 0 0 0 0 0 0 0 0 0 0 0 0 0 0 0 0 0 0 0 0 0 0 0 0 0 0 0 0 0 0 0 0 0 0 0 0 0 0 0 0 0 0 0 0 0 0 0 0 0 0 0 0 0 0 0 0 0 0 0 0 0 0 0 0 0 0 0 0 0 15420 40864 64251 64251 19275 0 0 0 0 0 0 0 0 0 0 0 0 0 0 0 0 0 0 0 0 771 15934 46775 63994 62966 58083 58340 62966 16448 0 0 0 0 0 0 0 0 0 0 0 0 0 0 0 0 0 0 0 24672 65279 65279 43948 11822 0 1028 50116 51658 13878 0 0 0 0 0 0 0 0 0 0 0 0 0 0 0 0 0 3598 57569 60396 31097 257 0 0 0 44462 65279 65022 36752 0 0 0 0 0 0 0 0 0 0 0 0 0 0 0 0 35981 64765 29812 0 0 0 0 26728 62452 64251 64251 48574 771 0 0 0 0 0 0 0 0 0 0 0 0 0 0 0 39579 59111 0 0 0 0 25957 61938 58597 26471 34182 65279 6168 0 0 0 0 0 0 0 0 0 0 0 0 0 0 0 39579 62966 20817 3341 15677 55770 65279 64508 17476 0 27499 65279 34953 0 0 0 0 0 0 0 0 0 0 0 0 0 0 0 12336 59111 65279 57055 65279 63737 51144 47546 0 0 16191 65279 55513 0 0 0 0 0 0 0 0 0 0 0 0 0 0 0 0 9509 28270 44205 42406 13364 0 0 0 0 2570 65279 55513 0 0 0 0 0 0 0 0 0 0 0 0 0 0 0 0 0 0 0 0 0 0 0 0 0 2056 61167 64765 13878 0 0 0 0 0 0 0 0 0 0 0 0 0 0 0 0 0 0 0 0 0 0 0 0 0 43434 65279 14649 0 0 0 0 0 0 0 0 0 0 0 0 0 0 0 0 0 0 0 0 0 0 0 0 0 35724 65279 31611 0 0 0 0 0 0 0 0 0 0 0 0 0 0 0 0 0 0 0 0 0 0 0 0 0 32382 65279 35210 0 0 0 0 0 0 0 0 0 0 0 0 0 0 0 0 0 0 0 0 0 0 0 0 0 23901 65279 15677 0 0 0 0 0 0 0 0 0 0 0 0 0 0 0 0 0 0 0 0 0 0 0 0 0 18761 65279 39322 0 0 0 0 0 0 0 0 0 0 0 0 0 0 0 0 0 0 0 0 0 0 0 0 0 28270 65536 39322 0 0 0 0 0 0 0 0 0 0 0 0 0 0 0 0 0 0 0 0 0 0 0 0 0 37780 65279 20303 0 0 0 0 0 0 0 0 0 0 0 0 0 0 0 0 0 0 0 0 0 0 0 0 771 49088 65279 14649 0 0 0 0 0 0 0 0 0 0 0 0 0 0 0 0 0 0 0 0 0 0 0 0 12079 65279 56541 1799 0 0 0 0 0 0 0 0 0 0 0 0 0 0 0 0 0 0 0 0 0 0 0 0 1799 47546 36752 0 0 0 0 0 0 0 0 0 0 0 0 0 0 0 0 0 0 0 0 0 0 0 0 0 0 0 0 0 0 0 0 0 0 0 0 0 
0 0 0 0 0 0 0 0 0 0 0 0 0 0 0 0 0 0 0 0 0 0 0 0 0 0 0 0 0 0 0 0 0 0 0 0 0 0 0 0 0 0 0 0 0 0 0 0 0 0 0 0 0 0 0 0 0 0 0 0 0 0 0 0 0 0 0 0 0 0 0 0 0 0 0 0 0 0 0 0 0 0 0 0 0 0 0 0 0 0 0 0 0 0 0 0 0 0 0 0 0 0 0 0 0 0 0 0 0 0 0 0 0 0 0 0 0 0 0 0 0 0 0 0 0 0 0 0 0 0 0 0 0 0 0 0 0 0 0 0 0 0 0 0 0 0 0 0 0 0 0 0 0 0 0 0 0 0 0 0 0 0 0 0 0 0 0 0 0 0 0 0 0 0 0 0 0 0 0 0 0 0 0 0 0 0 0 0 0 0 0 0 0 0 0 0 0 0 0 0 0 0 0 0 0 0 0 0 0 13364 33925 39065 39065 39065 39065 39065 18247 13364 13107 5397 0 0 0 0 0 0 0 0 0 0 0 0 0 0 0 5397 36495 65022 64765 65022 64765 65022 64765 65022 64765 65022 64765 57312 31354 0 0 0 0 0 0 0 0 0 0 0 0 2827 23644 65279 65022 65279 65022 62709 52172 52172 57312 65279 59882 65536 65022 65536 59882 0 0 0 0 0 0 0 0 0 0 0 0 44462 64765 65022 64765 65022 64765 20817 0 0 5140 12850 7710 12850 33668 23387 7710 0 0 0 0 0 0 0 0 0 0 2827 54742 65279 65022 65279 65022 65279 65022 60139 13107 0 0 0 0 0 0 0 0 0 0 0 0 0 0 0 0 0 0 33925 64765 65022 64765 59882 38808 65022 64765 65022 49345 0 0 0 0 0 0 0 0 0 0 0 0 0 0 0 0 0 0 21074 57312 52172 20817 0 0 0 47032 65279 65022 21074 0 0 0 0 0 0 0 0 0 0 0 0 0 0 0 0 0 0 5140 0 0 0 0 0 5140 65022 64765 52172 0 0 0 0 0 0 0 0 0 0 0 0 0 0 0 0 0 0 0 0 0 0 0 0 0 39065 65022 54999 2570 0 0 0 0 0 0 0 0 0 0 0 0 0 0 0 0 0 0 0 0 0 0 0 0 39065 64765 65022 12850 0 0 0 0 0 0 0 0 0 0 0 0 0 0 0 0 0 0 0 0 0 0 0 0 39065 65022 65279 12850 0 0 0 0 0 0 0 0 0 0 0 0 0 0 21074 52172 52172 52172 36495 15677 0 0 0 0 39065 64765 65022 12850 0 0 0 0 0 0 0 0 0 0 0 0 0 0 60139 65022 65279 65022 65279 65022 49602 39065 39065 49602 65279 65022 52172 0 0 0 0 0 0 0 0 0 0 0 0 0 0 0 7710 12850 38808 49345 65022 64765 65022 64765 65022 64765 65022 64765 20817 0 0 0 0 0 0 0 0 0 0 0 0 0 0 0 0 0 0 0 21074 52172 62709 57312 57569 52172 47032 15677 0 0 0 0 0 0 0 0 0 0 0 0 0 0 0 0 0 0 0 0 0 0 10280 5140 5140 0 0 0 0 0 0 0 0 0 0 0 0 0 0 0 0 0 0 0 0 0 0 0 0 0 0 0 0 0 0 0 0 0 0 0 0 0 0 0 0 0 0 0 0 0 0 0 0 0 0 0 0 0 0 0 0 0 0 0 0 0 0 0 0 0 0 0 0 0 0 0 0 0 0 0 0 0 0 0 0 0 0 0 0 0 0 0 0 0 0 0 0 0 0 0 0 0 0 0 0 0 0 0 0 0 0 0 0 0 0 0 0 0 0 0 0 0 0 0 0 0 0 0 0 0 0 0 0 0 0 0 0 0 0 0 0 0 0 0 0 0 0 0 0 0 0 0 0 0 0 0 0 0 0 
0 0 0 0 0 0 0 0 0 0 0 0 0 0 0 0 0 0 0 0 0 0 0 0 0 0 0 0 0 0 0 0 0 0 0 0 0 0 0 0 0 0 0 0 0 0 0 0 0 0 0 0 0 0 0 0 0 0 0 0 0 0 0 0 0 0 0 0 0 0 0 0 0 0 0 0 0 0 0 0 0 0 0 0 0 0 0 0 0 0 0 0 0 0 0 0 0 0 0 0 0 0 0 0 0 0 0 0 0 0 0 0 0 0 0 0 0 0 0 0 0 0 0 0 0 0 0 0 0 12079 31354 52429 65536 48317 3598 0 0 0 0 0 0 0 0 0 0 0 0 0 0 0 0 0 0 0 7710 28784 53971 63480 65022 65279 65022 65279 16705 0 0 0 0 0 0 0 0 0 0 0 0 0 0 0 0 12336 31097 42406 64765 65022 65279 65022 65022 65279 65022 62966 12336 0 0 0 0 0 0 0 0 0 0 0 0 0 0 0 29041 62709 65279 65279 65279 65279 65279 62709 59882 37266 16448 7710 0 0 0 0 0 0 0 0 0 0 0 0 0 0 0 0 50887 65279 65022 65279 65022 57055 30069 11308 0 0 0 0 0 0 0 0 0 0 0 0 0 0 0 0 0 0 0 0 38808 65022 63994 37780 26985 3855 0 0 0 0 0 0 0 0 0 0 0 0 0 0 0 0 0 0 0 0 0 0 59111 65022 54742 0 0 0 0 0 0 0 0 0 0 0 0 0 0 0 0 0 0 0 0 0 0 0 0 22359 64765 65022 54742 0 0 0 0 0 0 0 0 0 0 0 0 0 0 0 0 0 0 0 0 0 0 0 0 44976 65279 65279 58597 5911 14649 24415 24672 34439 17733 0 0 0 0 0 0 0 0 0 0 0 0 0 0 0 0 0 8224 56798 65022 65022 65022 64251 64765 65022 65279 65022 64765 27756 0 0 0 0 0 0 0 0 0 0 0 0 0 0 0 0 51401 65022 65022 65022 65022 65279 65022 63994 57826 48317 55770 61424 7967 0 0 0 0 0 0 0 0 0 0 0 0 0 0 0 56541 65279 65279 65279 62709 49859 34439 4883 0 0 17990 65279 34953 0 0 0 0 0 0 0 0 0 0 0 0 0 0 0 32897 63994 65022 62452 21588 0 0 0 0 0 17990 65279 44462 0 0 0 0 0 0 0 0 0 0 0 0 0 0 0 0 14906 21588 5911 0 0 0 0 0 0 34953 65279 44462 0 0 0 0 0 0 0 0 0 0 0 0 0 0 0 0 0 0 0 0 0 0 0 0 16191 62709 65279 44462 0 0 0 0 0 0 0 0 0 0 0 0 0 0 0 1799 12593 10280 0 0 0 0 0 0 37523 65022 65279 26728 0 0 0 0 0 0 0 0 0 0 0 0 0 0 8995 57312 63223 46518 8995 8995 8995 8995 29812 50630 64508 65279 59111 1542 0 0 0 0 0 0 0 0 0 0 0 0 0 0 16962 65279 65279 65279 65279 65279 65279 65279 65279 65279 65279 65022 30583 0 0 0 0 0 0 0 0 0 0 0 0 0 0 0 7196 60139 65279 65279 65279 65279 65279 65279 65279 65279 59882 29555 514 0 0 0 0 0 0 0 0 0 0 0 0 0 0 0 0 12079 21588 39322 48060 65022 65022 65022 54485 33411 7710 0 0 0 0 0 0 0 0 0 0 0 0 0 0 0 0 0 0 0 0 0 0 0 0 0 0 0 0 0 0 0 0 0 0 0 0 0 0 0 0 0 0 0 0 0 0 0 0 0 0 0 0 0 0 0 0 0 0 0 0 0 0 0 0 0 0 0 0 0 0 0 0 0 0 0 0 0 0 0 0 0 0 0 0 0 0 0 0 0 0 0 0 0 0 0 0 0 0 0 0 0 0 0 0 0 0 0 0 0 0 0 0 0 0 0 0 0 0 0 0 0 0 
0 0 0 0 0 0 0 0 0 0 0 0 0 0 0 0 0 0 0 0 0 0 0 0 0 0 0 0 0 0 0 0 0 0 0 0 0 0 0 0 0 0 0 0 0 0 0 0 0 0 0 0 0 0 0 0 0 0 0 0 0 0 0 0 0 0 0 0 0 0 0 0 0 0 0 0 0 0 0 0 0 0 0 0 0 0 0 0 0 0 0 0 0 0 0 0 0 0 0 0 0 0 0 0 0 0 0 0 0 0 0 0 0 0 0 0 0 0 0 0 0 0 0 0 0 0 0 0 0 0 0 0 0 0 0 0 0 0 0 0 0 0 0 0 0 0 0 0 0 0 2827 13107 5397 0 0 0 0 0 13107 65022 54999 2570 0 0 0 0 0 0 0 0 0 0 0 0 0 0 0 0 33925 64765 47032 0 0 0 0 0 13107 64765 59882 7710 0 0 0 0 0 0 0 0 0 0 0 0 0 0 0 5397 65279 65022 52172 0 0 0 0 0 13107 65022 52172 0 0 0 0 0 0 0 0 0 0 0 0 0 0 0 0 36495 65022 64765 52172 0 0 0 0 0 33925 64765 52172 0 0 0 0 0 0 0 0 0 0 0 0 0 0 0 0 52172 65279 65022 10537 0 0 0 0 0 39065 65022 52172 0 0 0 0 0 0 0 0 0 0 0 0 0 0 0 21074 62452 65022 43948 0 0 0 0 0 0 59882 64765 41635 0 0 0 0 0 0 0 0 0 0 0 0 0 0 5397 65279 65022 57569 10280 0 0 0 0 0 26214 65279 65022 21074 0 0 0 0 0 0 0 0 0 0 0 0 0 0 26214 65022 64765 26214 0 0 0 0 0 0 26214 65022 64765 0 0 0 0 0 0 0 0 0 0 0 0 0 0 0 52172 65279 59882 0 0 0 0 0 0 0 31611 65279 49345 0 0 0 0 0 0 0 0 0 0 0 0 0 0 10537 62452 65022 49345 0 0 0 0 0 0 5397 57312 65022 38808 0 0 0 0 0 0 0 0 0 0 0 0 0 0 13364 65022 65279 65022 65279 65022 65279 54742 39065 18247 33925 65022 62709 10280 0 0 0 0 0 0 0 0 0 0 0 0 0 0 7967 59625 65022 64765 65022 64765 65022 64765 65022 64765 65022 64765 52172 0 0 0 0 0 0 0 0 0 0 0 0 0 0 0 0 0 15934 26214 26214 26214 26214 26214 54999 65022 65279 65022 65279 38808 0 0 0 0 0 0 0 0 0 0 0 0 0 0 0 0 0 0 0 0 0 0 2570 54485 65022 64765 44205 7710 0 0 0 0 0 0 0 0 0 0 0 0 0 0 0 0 0 0 0 0 0 0 0 52172 65279 49345 0 0 0 0 0 0 0 0 0 0 0 0 0 0 0 0 0 0 0 0 0 0 0 0 10537 62452 65022 38808 0 0 0 0 0 0 0 0 0 0 0 0 0 0 0 0 0 0 0 0 0 0 0 0 44462 65022 62709 10280 0 0 0 0 0 0 0 0 0 0 0 0 0 0 0 0 0 0 0 0 0 0 0 0 65022 64765 41635 0 0 0 0 0 0 0 0 0 0 0 0 0 0 0 0 0 0 0 0 0 0 0 0 26471 65536 65022 21074 0 0 0 0 0 0 0 0 0 0 0 0 0 0 0 0 0 0 0 0 0 0 0 0 15677 65022 54485 0 0 0 0 0 0 0 0 0 0 0 0 0 0 0 0 0 0 0 0 0 0 0 0 0 0 0 0 0 0 0 0 0 0 0 0 0 0 0 0 0 0 0 0 0 0 0 0 0 0 0 0 0 0 0 0 0 0 0 0 0 0 0 0 0 0 0 0 0 0 0 0 0 0 0 0 0 0 0 0 0 0 0 0 0 0 0 0 0 0 0 0 0 0 0 0 
0 0 0 0 0 0 0 0 0 0 0 0 0 0 0 0 0 0 0 0 0 0 0 0 0 0 0 0 0 0 0 0 0 0 0 0 0 0 0 0 0 0 0 0 0 0 0 0 0 0 0 0 0 0 0 0 0 0 0 0 0 0 0 0 0 0 0 0 0 0 0 0 0 0 0 0 0 0 0 0 0 0 0 0 0 0 0 0 0 0 0 0 0 0 0 0 0 0 0 0 0 0 0 0 0 0 0 0 0 0 0 0 0 0 0 0 0 0 0 0 0 0 0 0 0 0 0 0 49088 16448 0 0 0 0 0 0 0 0 0 0 0 0 0 0 0 0 0 0 0 0 0 0 0 0 0 16448 65536 0 0 0 0 0 0 0 0 0 0 0 0 0 0 0 0 0 0 0 0 0 0 0 0 0 0 65536 65536 0 0 0 0 0 0 0 0 0 0 0 0 0 0 0 0 0 0 0 0 0 0 0 0 0 0 65536 65536 0 0 0 0 0 0 0 0 0 0 0 0 0 0 0 0 0 0 0 0 0 0 0 0 0 0 65536 65536 0 0 0 0 0 0 0 0 0 0 0 0 0 0 0 0 0 0 0 0 0 0 0 0 0 16448 65536 65536 0 0 0 0 0 0 0 0 0 0 0 0 0 0 0 0 0 0 0 0 0 0 0 0 0 49088 65536 32897 0 0 0 0 0 0 0 0 0 0 0 0 0 0 0 0 0 0 0 0 0 0 0 0 16448 65536 65536 32897 0 0 0 0 0 0 0 0 0 0 0 0 0 0 0 0 0 0 0 0 0 0 0 0 32897 65536 65536 32897 0 0 0 0 0 0 0 0 0 0 0 0 0 0 0 0 0 0 0 0 0 0 0 0 32897 65536 65536 0 0 0 0 0 0 0 0 0 0 0 0 0 0 0 0 0 0 0 0 0 0 0 0 0 32897 65536 65536 0 0 0 0 0 0 0 0 0 0 0 0 0 0 0 0 0 0 0 0 0 0 0 0 0 65536 65536 32897 0 0 0 0 0 0 0 0 0 0 0 0 0 0 0 0 0 0 0 0 0 0 0 0 0 65536 65536 32897 0 0 0 0 0 0 0 0 0 0 0 0 0 0 0 0 0 0 0 0 0 0 0 0 0 65536 65536 16448 0 0 0 0 0 0 0 0 0 0 0 0 0 0 0 0 0 0 0 0 0 0 0 0 0 65536 65536 0 0 0 0 0 0 0 0 0 0 0 0 0 0 0 0 0 0 0 0 0 0 0 0 0 16448 65536 65536 0 0 0 0 0 0 0 0 0 0 0 0 0 0 0 0 0 0 0 0 0 0 0 0 0 65536 65536 65536 0 0 0 0 0 0 0 0 0 0 0 0 0 0 0 0 0 0 0 0 0 0 0 0 0 65536 65536 65536 16448 0 0 0 0 0 0 0 0 0 0 0 0 0 0 0 0 0 0 0 0 0 0 0 0 65536 65536 65536 0 0 0 0 0 0 0 0 0 0 0 0 0 0 0 0 0 0 0 0 0 0 0 0 0 49088 49088 16448 0 0 0 0 0 0 0 0 0 0 0 0 0 0 0 0 0 0 0 0 0 0 0 0 0 0 0 0 0 0 0 0 0 0 0 0 0 0 0 0 0 0 0 0 0 0 0 0 0 0 0 0 0 0 0 0 0 0 0 0 0 0 0 0 0 0 0 0 0 0 0 0 0 0 0 0 0 0 0 0 0 0 0 0 0 0 0 0 0 0 0 0 0 0 0 0 0 0 0 0 0 0 0 0 0 0 0 0 0 0 0 0 0 0 0 0 0 0 0 0 0 0 0 0 0 
0 0 0 0 0 0 0 0 0 0 0 0 0 0 0 0 0 0 0 0 0 0 0 0 0 0 0 0 0 0 0 0 0 0 0 0 0 0 0 0 0 0 0 0 0 0 0 0 0 0 0 0 0 0 0 0 0 0 0 0 0 0 0 0 0 0 0 0 0 0 0 57826 31868 0 0 0 0 0 0 0 0 0 0 0 0 0 0 0 0 0 0 0 0 0 0 0 0 0 0 65279 64508 4369 0 0 0 0 0 0 0 0 0 0 0 0 0 0 0 0 0 0 0 0 0 0 0 0 19018 65279 65279 4369 0 0 0 0 0 0 0 0 0 0 0 0 0 0 0 0 0 0 0 0 0 0 0 0 44976 65279 65279 4369 0 0 0 0 0 0 0 0 0 0 0 0 0 0 0 0 0 0 0 0 0 0 0 1285 55513 65279 37780 771 0 0 0 0 0 0 0 0 0 0 0 0 0 0 0 0 0 0 0 0 0 0 0 13364 65279 65279 13878 0 0 0 0 0 0 0 0 0 0 0 0 0 0 0 0 0 0 0 0 0 0 0 0 27242 65279 49345 514 0 0 0 0 0 0 0 0 0 0 0 0 0 0 0 0 0 0 0 0 0 0 0 514 48574 65279 28013 0 0 0 0 0 0 0 0 0 0 0 0 0 0 0 0 0 0 0 0 0 0 0 0 14135 65279 64508 14135 0 0 0 0 0 0 0 0 0 0 0 0 0 0 0 0 0 0 0 0 0 0 0 0 49602 65279 34696 0 0 0 0 0 0 0 0 0 0 0 0 0 0 0 0 0 0 0 0 0 0 0 0 28784 65279 64765 14135 0 0 0 0 0 0 0 0 0 0 0 0 0 0 0 0 0 0 0 0 0 0 0 5654 60139 65279 34696 0 5654 18247 18247 8224 0 0 0 0 0 0 0 0 0 0 0 0 0 0 0 0 0 0 0 30326 65279 65279 37780 53971 62452 65279 65279 62709 21588 0 0 0 0 0 0 0 0 0 0 0 0 0 0 0 0 0 0 43948 65279 65279 65279 65279 65536 65279 65279 65279 57826 11051 0 0 0 0 0 0 0 0 0 0 0 0 0 0 0 0 13878 63737 65279 65279 65279 57312 16705 8995 8995 47803 65279 33668 0 0 0 0 0 0 0 0 0 0 0 0 0 0 0 0 37009 65279 65279 65279 49345 3598 0 0 0 28527 65279 52429 0 0 0 0 0 0 0 0 0 0 0 0 0 0 0 0 56284 65279 65279 63223 10023 0 0 0 1799 46775 65279 53714 0 0 0 0 0 0 0 0 0 0 0 0 0 0 0 0 45490 65279 65279 63994 24929 4626 4626 18761 43948 65279 65279 32125 0 0 0 0 0 0 0 0 0 0 0 0 0 0 0 0 3341 56284 65279 65279 65279 65279 65279 65279 65279 65279 48317 3084 0 0 0 0 0 0 0 0 0 0 0 0 0 0 0 0 0 9766 38037 59882 65279 65279 65279 65279 59625 37780 9766 0 0 0 0 0 0 0 0 0 0 0 0 0 0 0 0 0 0 0 0 0 0 0 0 0 0 0 0 0 0 0 0 0 0 0 0 0 0 0 0 0 0 0 0 0 0 0 0 0 0 0 0 0 0 0 0 0 0 0 0 0 0 0 0 0 0 0 0 0 0 0 0 0 0 0 0 0 0 0 0 0 0 0 0 0 0 0 0 0 0 0 0 0 0 0 0 0 0 0 0 0 0 0 0 0 0 0 0 0 0 0 0 0 0 0 0 0 0 0 0 0 0 0 0 0 0 0 0 0 0 0 0 0 0 0 0 0 0 0 0 0 0 0 0 0 0 0 0 0 0 0 0 0 0 0 0 0 0 0 0 0 0 0 0 0 0 0 0 0 0 0 0 0 0 0 0 
0 0 0 0 0 0 0 0 0 0 0 0 0 0 0 0 0 0 0 0 0 0 0 0 0 0 0 0 0 0 0 0 0 0 0 0 0 0 0 0 0 0 0 0 0 0 0 0 0 0 0 0 0 0 0 0 0 0 0 0 0 0 0 0 0 0 0 0 0 0 0 0 0 0 0 0 0 0 0 0 0 0 0 0 0 0 0 0 0 0 0 0 0 0 0 0 0 0 0 0 0 0 0 0 0 0 0 0 0 0 0 0 0 0 0 0 0 0 0 0 0 0 0 0 0 0 0 0 0 0 0 0 0 0 0 0 0 0 0 0 0 0 0 0 0 0 0 0 0 0 0 0 0 0 0 0 0 0 0 0 0 0 0 0 0 0 0 0 0 0 0 0 0 0 0 0 16448 49088 65536 32897 0 0 0 0 0 0 0 0 0 0 0 0 0 0 0 0 0 0 0 0 0 0 0 0 32897 65536 65536 65536 65536 32897 32897 32897 32897 32897 32897 32897 32897 16448 0 0 0 0 0 0 0 0 0 0 0 0 0 0 16448 65536 65536 65536 65536 65536 65536 65536 65536 65536 65536 65536 65536 65536 16448 0 0 0 0 0 0 0 0 0 0 0 0 0 0 0 0 16448 32897 32897 32897 32897 32897 49088 65536 65536 65536 65536 16448 0 0 0 0 0 0 0 0 0 0 0 0 0 0 0 0 0 0 0 0 0 0 0 0 65536 65536 65536 0 0 0 0 0 0 0 0 0 0 0 0 0 0 0 0 0 0 0 0 0 0 0 0 32897 65536 65536 16448 0 0 0 0 0 0 0 0 0 0 0 0 0 0 0 0 0 0 0 0 0 0 0 16448 65536 65536 49088 0 0 0 0 0 0 0 0 0 0 0 0 0 0 0 0 0 0 0 0 0 0 0 0 65536 65536 49088 0 0 0 0 0 0 0 0 0 0 0 0 0 0 0 0 0 0 0 0 0 0 0 0 65536 65536 65536 0 0 0 0 0 0 0 0 0 0 0 0 0 0 0 0 0 0 16448 32897 32897 32897 65536 65536 65536 65536 65536 65536 65536 0 0 0 0 0 0 0 0 0 0 0 0 0 0 0 0 0 65536 65536 65536 65536 65536 65536 65536 65536 65536 65536 16448 0 0 0 0 0 0 0 0 0 0 0 0 0 0 0 0 0 32897 49088 65536 65536 65536 65536 65536 49088 16448 0 0 0 0 0 0 0 0 0 0 0 0 0 0 0 0 0 0 0 0 0 0 32897 65536 65536 65536 0 0 0 0 0 0 0 0 0 0 0 0 0 0 0 0 0 0 0 0 0 0 0 32897 65536 65536 65536 16448 0 0 0 0 0 0 0 0 0 0 0 0 0 0 0 0 0 0 0 0 0 0 16448 65536 65536 65536 32897 0 0 0 0 0 0 0 0 0 0 0 0 0 0 0 0 0 0 0 0 0 0 16448 65536 65536 65536 32897 0 0 0 0 0 0 0 0 0 0 0 0 0 0 0 0 0 0 0 0 0 0 16448 65536 65536 65536 49088 0 0 0 0 0 0 0 0 0 0 0 0 0 0 0 0 0 0 0 0 0 0 0 49088 65536 65536 49088 0 0 0 0 0 0 0 0 0 0 0 0 0 0 0 0 0 0 0 0 0 0 0 16448 65536 65536 49088 16448 0 0 0 0 0 0 0 0 0 0 0 0 0 0 0 0 0 0 0 0 0 0 0 16448 49088 0 0 0 0 0 0 0 0 0 0 0 0 0 0 0 0 0 0 0 0 0 0 0 0 0 0 0 0 0 0 0 0 0 0 0 0 0 0 0 0 0 0 0 0 0 0 0 0 0 0 0 0 0 0 0 0 0 0 0 0 0 0 0 0 0 0 0 0 0 0 0 0 0 0 0 
0 0 0 0 0 0 0 0 0 0 0 0 0 0 0 0 0 0 0 0 0 0 0 0 0 0 0 0 0 0 0 0 0 0 0 0 0 0 0 0 0 0 0 0 0 0 0 0 0 0 0 0 0 0 0 0 0 0 0 0 0 0 0 0 0 0 0 0 0 0 0 0 0 0 0 0 0 0 0 0 0 0 0 0 0 0 0 0 0 0 0 0 0 0 0 0 0 0 0 0 0 0 0 0 0 0 0 0 0 0 0 0 0 0 0 0 0 0 0 0 0 0 0 0 0 0 0 0 0 0 0 0 0 0 0 0 0 0 0 0 0 0 0 0 0 0 0 0 0 0 0 0 0 0 0 0 0 0 0 0 3855 6168 8224 12079 12079 7196 0 0 0 0 0 0 0 0 0 0 0 0 0 0 0 0 0 0 9509 14392 33154 50630 55256 58083 60396 65022 65022 48317 0 0 0 0 0 0 0 0 0 0 0 0 0 0 0 12850 35981 52429 63737 64251 65022 65022 65022 65022 65022 60910 55770 63480 0 0 0 0 0 0 0 0 0 0 0 0 0 0 31611 59368 65022 65022 65022 65022 65022 53714 43691 41635 17219 9509 0 14135 0 0 0 0 0 0 0 0 0 0 0 0 0 9766 61424 65022 65022 58340 37009 16705 5140 2570 0 0 0 0 0 0 0 0 0 0 0 0 0 0 0 0 0 0 2056 42920 65022 65022 45233 0 0 0 0 0 0 0 0 0 0 0 0 0 0 0 0 0 0 0 0 0 0 1542 32382 65022 63223 28013 4626 0 0 0 0 0 0 0 0 0 0 0 0 0 0 0 0 0 0 0 0 0 8995 42920 65022 65022 26214 0 514 16191 16191 6939 0 0 0 0 0 0 0 0 0 0 0 0 0 0 0 0 0 0 47546 65022 65022 65022 32639 45490 54999 64765 63737 59111 34439 2313 0 0 0 0 0 0 0 0 0 0 0 0 0 0 0 31354 64251 65022 65022 65022 65022 56284 40350 20046 0 42149 65022 48574 3855 0 0 0 0 0 0 0 0 0 0 0 0 0 0 50630 65022 65022 65022 65022 30326 4626 0 0 0 6682 59111 65022 18504 0 0 0 0 0 0 0 0 0 0 0 0 0 0 42406 63223 54485 16448 1285 257 0 0 0 0 0 49345 65022 18504 0 0 0 0 0 0 0 0 0 0 0 0 0 0 0 13107 0 0 0 0 0 0 0 0 0 49345 65022 18504 0 0 0 0 0 0 0 0 0 0 0 0 0 50630 50373 24415 0 0 0 0 0 0 0 0 13621 64251 57569 1285 0 0 0 0 0 0 0 0 0 0 0 0 0 65279 65022 2570 0 0 0 0 0 0 0 0 45490 65022 38037 0 0 0 0 0 0 0 0 0 0 0 0 0 0 65536 65022 40350 3598 0 0 0 0 4626 21845 42406 65022 61167 17219 0 0 0 0 0 0 0 0 0 0 0 0 0 0 40093 65022 65022 58340 41378 17476 30069 43948 61681 65022 65022 62195 11822 0 0 0 0 0 0 0 0 0 0 0 0 0 0 0 1799 39579 63994 65022 65022 65022 65022 65022 65022 64508 52172 8224 0 0 0 0 0 0 0 0 0 0 0 0 0 0 0 0 0 0 13364 43434 50373 50373 50373 50373 38808 19018 0 0 0 0 0 0 0 0 0 0 0 0 0 0 0 0 0 0 0 0 0 0 0 0 0 0 0 0 0 0 0 0 0 0 0 0 0 0 0 0 0 0 0 0 0 0 0 0 0 0 0 0 0 0 0 0 0 0 0 0 0 0 0 0 0 0 0 0 0 0 0 0 0 0 0 0 0 0 0 0 0 0 0 0 0 0 0 0 0 0 0 0 0 0 0 0 0 0 0 0 0 0 0 0 0 0 0 0 0 0 0 0 0 0 0 0 0 0 0 0 0 0 0 0 
0 0 0 0 0 0 0 0 0 0 0 0 0 0 0 0 0 0 0 0 0 0 0 0 0 0 0 0 0 0 0 0 0 0 0 0 0 0 0 0 0 0 0 0 0 0 0 0 0 0 0 0 0 0 0 0 0 0 0 0 0 0 0 0 0 0 0 0 0 0 0 0 0 0 0 0 0 0 0 0 0 0 0 0 0 0 0 0 0 0 0 0 0 0 0 0 0 0 0 0 0 0 0 0 0 0 0 0 0 0 0 0 0 0 0 0 0 0 0 0 0 0 0 0 0 0 0 0 0 0 0 0 0 0 0 0 0 0 0 0 0 0 0 0 0 0 0 0 0 0 0 0 0 0 0 0 0 0 0 0 0 0 0 0 0 0 0 0 0 0 0 0 0 0 0 0 0 0 0 0 0 0 0 0 0 0 0 0 0 0 0 0 0 0 0 0 0 0 0 0 0 0 0 0 4883 44462 50630 49345 30069 6682 0 0 0 0 0 0 0 0 0 0 0 0 0 0 0 0 0 0 0 0 0 0 14649 65279 65022 65279 65022 59625 17733 0 0 0 0 0 0 0 0 0 0 0 0 0 0 0 0 0 0 0 0 0 3341 17990 1799 11565 30840 58854 61938 13107 0 0 0 0 0 0 0 0 0 0 0 0 0 0 0 0 0 0 0 0 0 0 0 0 0 7453 58597 45233 0 0 0 0 0 0 0 0 0 0 0 0 0 0 0 0 0 0 0 0 0 0 0 0 0 0 13107 63737 7196 0 0 0 0 0 0 0 0 0 0 0 0 0 0 0 0 0 0 0 0 0 0 0 0 0 0 44205 20303 0 0 0 0 0 0 0 0 0 0 0 0 0 0 0 0 0 0 0 0 0 0 0 0 0 0 36238 32897 0 0 0 0 0 0 0 0 0 0 0 0 0 0 0 0 0 0 8224 21074 33925 43434 32382 16191 3341 0 46004 29812 0 0 0 0 0 0 0 0 0 0 0 0 0 0 0 0 0 0 62195 65279 65536 65279 65536 65279 63737 50630 65279 29812 7453 1028 0 0 0 0 0 0 0 0 0 0 0 0 0 0 0 0 52429 61938 39322 35981 52429 65022 65279 65022 65279 65022 65279 58854 58083 58083 58083 58083 58083 58083 58083 48317 0 0 0 0 0 0 0 0 22873 64508 65536 65279 65536 65279 61424 48317 30840 37009 40350 56284 58083 51401 51658 41892 37009 40350 24415 4883 0 0 0 0 0 0 0 0 0 6425 20303 35981 21845 15420 3341 0 0 0 0 0 0 0 0 0 0 0 0 0 0 0 0 0 0 0 0 0 0 0 0 0 0 0 0 0 0 0 0 0 0 0 0 0 0 0 0 0 0 0 0 0 0 0 0 0 0 0 0 0 0 0 0 0 0 0 0 0 0 0 0 0 0 0 0 0 0 0 0 0 0 0 0 0 0 0 0 0 0 0 0 0 0 0 0 0 0 0 0 0 0 0 0 0 0 0 0 0 0 0 0 0 0 0 0 0 0 0 0 0 0 0 0 0 0 0 0 0 0 0 0 0 0 0 0 0 0 0 0 0 0 0 0 0 0 0 0 0 0 0 0 0 0 0 0 0 0 0 0 0 0 0 0 0 0 0 0 0 0 0 0 0 0 0 0 0 0 0 0 0 0 0 0 0 0 0 0 0 0 0 0 0 0 0 0 0 0 0 0 0 0 0 0 0 0 0 0 0 0 0 0 0 0 0 0 0 0 0 0 0 0 0 0 0 0 0 0 0 0 0 0 0 0 0 0 0 0 0 0 0 0 0 0 0 0 0 0 0 0 0 0 0 0 0 0 0 0 0 0 0 0 0 0 0 0 0 0 0 0 0 0 0 0 
0 0 0 0 0 0 0 0 0 0 0 0 0 0 0 0 0 0 0 0 0 0 0 0 0 0 0 0 0 0 0 0 0 0 0 0 0 0 0 0 0 0 0 0 0 0 0 0 0 0 0 0 0 0 0 0 0 0 0 0 0 0 0 0 0 0 0 0 0 0 0 0 0 0 0 0 0 0 0 0 0 0 0 0 0 0 0 0 0 0 0 0 0 0 0 0 0 0 0 0 0 0 0 0 0 0 0 0 0 0 0 0 0 0 0 0 0 0 0 0 0 0 0 0 0 0 0 0 0 0 0 0 0 0 0 0 0 0 0 0 0 0 0 0 0 0 0 0 0 0 0 0 0 0 0 0 0 0 0 0 0 0 0 0 0 0 0 0 0 0 0 0 0 0 0 0 0 0 0 0 0 0 32639 50116 59111 29041 0 0 0 0 0 0 0 0 0 0 0 0 0 0 0 0 0 0 0 0 0 0 4883 45747 65279 65279 65279 55770 2570 0 0 0 0 0 0 0 0 0 0 0 0 0 0 0 0 0 0 0 0 771 50630 65279 57569 16962 34953 65279 14649 0 0 0 0 0 0 0 0 0 0 0 0 0 0 0 0 0 0 0 0 37780 65279 48831 8224 0 26728 65279 35981 0 0 0 0 0 0 0 0 0 0 0 0 0 0 0 0 0 0 0 25957 64251 43177 9252 0 14649 57055 65279 39579 0 0 0 0 0 0 0 0 0 0 0 0 0 0 0 0 0 0 14906 61681 53200 1799 0 11308 61167 65279 65279 18247 0 0 0 0 0 0 0 0 0 0 0 0 0 0 0 0 0 0 29298 65279 25700 2570 21845 65279 65279 65279 51401 1542 0 0 0 0 0 0 0 0 0 0 0 0 0 0 0 0 0 0 52429 65279 16448 38037 65279 65279 65279 65279 31611 0 0 0 0 0 0 0 0 0 0 0 0 0 0 0 0 0 0 0 50630 65279 65279 65279 65279 41892 65279 65279 21845 0 0 0 0 0 0 0 0 0 0 0 0 0 0 0 0 0 0 0 18504 58083 65279 53457 40864 26214 65279 64251 13621 0 0 0 0 0 0 0 0 0 0 0 0 0 0 0 0 0 0 0 0 0 0 0 0 47546 65279 47546 0 0 0 0 0 0 0 0 0 0 0 0 0 0 0 0 0 0 0 0 0 0 0 0 0 65279 65279 26214 0 0 0 0 0 0 0 0 0 0 0 0 0 0 0 0 0 0 0 0 0 0 0 0 0 65279 65279 14392 0 0 0 0 0 0 0 0 0 0 0 0 0 0 0 0 0 0 0 0 0 0 0 0 0 65279 65279 14392 0 0 0 0 0 0 0 0 0 0 0 0 0 0 0 0 0 0 0 0 0 0 0 0 0 65279 65279 14392 0 0 0 0 0 0 0 0 0 0 0 0 0 0 0 0 0 0 0 0 0 0 0 0 0 65279 65279 14392 0 0 0 0 0 0 0 0 0 0 0 0 0 0 0 0 0 0 0 0 0 0 0 0 0 65536 65279 14392 0 0 0 0 0 0 0 0 0 0 0 0 0 0 0 0 0 0 0 0 0 0 0 0 0 65279 65279 14392 0 0 0 0 0 0 0 0 0 0 0 0 0 0 0 0 0 0 0 0 0 0 0 0 0 65279 65279 14392 0 0 0 0 0 0 0 0 0 0 0 0 0 0 0 0 0 0 0 0 0 0 0 0 0 38294 31097 3855 0 0 0 0 0 0 0 0 0 0 0 0 0 0 0 0 0 0 0 0 0 0 0 0 0 0 0 0 0 0 0 0 0 0 0 0 0 0 0 0 0 0 0 0 0 0 0 0 0 0 0 0 0 0 0 0 0 0 0 0 0 0 0 0 0 0 0 
0 0 0 0 0 0 0 0 0 0 0 0 0 0 0 0 0 0 0 0 0 0 0 0 0 0 0 0 0 0 0 0 0 0 0 0 0 0 0 0 0 0 0 0 0 0 0 0 0 0 0 0 0 0 0 0 0 0 0 0 0 0 0 0 0 0 0 0 0 0 0 0 0 0 0 0 0 0 0 0 0 0 0 0 0 0 0 0 0 0 0 0 0 0 0 0 0 0 0 0 0 0 0 0 0 0 0 0 0 0 0 0 0 0 0 0 0 0 0 0 0 0 0 0 0 0 8481 32125 56027 65536 65279 61167 28784 0 0 0 0 0 0 0 0 0 0 0 0 0 0 0 0 0 0 10280 57826 63737 31354 65022 65022 65022 65022 65022 65022 61167 13107 0 0 0 0 0 0 0 0 0 0 0 0 0 0 0 0 53714 65022 65022 30326 11051 12593 31611 65022 65022 65022 65022 28270 0 0 0 0 0 0 0 0 0 0 0 0 0 0 0 52943 64251 65022 65022 17219 0 0 1028 4883 26471 54742 65022 59368 0 0 0 0 0 0 0 0 0 0 0 0 0 0 35724 64251 65022 65022 57826 9252 0 0 0 0 0 27499 65022 62966 11565 0 0 0 0 0 0 0 0 0 0 0 0 23644 64251 65022 65022 57826 12593 0 0 0 0 0 0 4369 55513 65022 30069 0 0 0 0 0 0 0 0 0 0 0 0 55256 65022 65022 57826 12850 0 0 0 0 0 0 0 0 38551 65022 30069 0 0 0 0 0 0 0 0 0 0 0 8995 61938 65022 65022 15677 0 0 0 0 0 0 0 0 2313 46775 65022 30069 0 0 0 0 0 0 0 0 0 0 0 55256 65022 65022 58340 7196 0 0 0 0 0 0 0 0 6939 65022 63994 21588 0 0 0 0 0 0 0 0 0 0 0 61938 65022 65022 15934 0 0 0 0 0 0 0 0 0 32897 65022 52943 0 0 0 0 0 0 0 0 0 0 0 7196 62709 65022 59111 6425 0 0 0 0 0 0 0 0 14135 58854 65022 53200 0 0 0 0 0 0 0 0 0 0 0 30326 65022 65022 39836 0 0 0 0 0 0 0 0 9252 46775 65022 65022 37523 0 0 0 0 0 0 0 0 0 0 0 30326 65022 65022 39836 0 0 0 0 0 0 8738 17990 58597 65022 65022 65022 28270 0 0 0 0 0 0 0 0 0 0 0 30326 65022 65022 39836 0 0 0 3084 18761 43434 59111 65022 65022 65022 65022 56541 9509 0 0 0 0 0 0 0 0 0 0 0 30326 65022 65022 43177 8481 8481 19018 48574 65022 65022 65022 65022 65022 65022 60653 9509 0 0 0 0 0 0 0 0 0 0 0 0 30326 65022 65022 65022 65022 65022 65022 65022 65022 65022 65022 65022 65022 64251 34953 0 0 0 0 0 0 0 0 0 0 0 0 0 28013 64765 65022 65022 65022 65022 65022 65022 65022 65022 61424 53971 48831 34953 0 0 0 0 0 0 0 0 0 0 0 0 0 0 0 61938 65022 65022 65022 65022 65022 65022 65022 62452 17219 0 0 0 0 0 0 0 0 0 0 0 0 0 0 0 0 0 0 60396 63994 65022 65022 65022 65022 63737 37523 7710 0 0 0 0 0 0 0 0 0 0 0 0 0 0 0 0 0 0 0 0 13107 61681 65022 53714 31611 6425 0 0 0 0 0 0 0 0 0 0 0 0 0 0 0 0 0 0 0 0 0 0 0 0 0 0 0 0 0 0 0 0 0 0 0 0 0 0 0 0 0 0 0 0 0 0 0 0 0 0 0 0 0 0 0 0 0 0 0 0 0 0 0 0 0 0 0 0 0 0 0 0 0 0 0 0 0 0 0 0 0 0 0 0 0 0 0 0 0 0 0 0 0 0 0 0 0 0 0 0 0 0 0 0 0 0 0 0 0 0 0 0 0 0 0 0 0 0 0 0 0 0 0 0 0 0 
0 0 0 0 0 0 0 0 0 0 0 0 0 0 0 0 0 0 0 0 0 0 0 0 0 0 0 0 0 0 0 0 0 0 0 0 0 0 0 0 0 0 0 0 0 0 0 0 0 0 0 0 0 0 0 0 0 0 0 0 0 0 0 0 0 0 0 0 0 0 0 514 26214 58340 28270 0 0 0 0 0 0 0 0 0 0 0 0 0 0 0 0 0 0 0 0 0 0 0 9509 42663 64508 28270 0 0 0 0 0 0 0 0 0 0 0 0 0 0 0 0 0 0 0 0 0 0 0 9766 57055 64251 28784 0 0 0 0 0 0 0 0 0 0 0 0 0 0 0 0 0 0 0 0 0 0 0 1285 46775 65279 46261 0 0 0 0 0 0 0 0 0 0 0 0 0 0 0 0 0 0 0 0 0 0 0 5911 44462 65279 56541 6939 0 0 0 0 0 0 0 0 0 0 0 0 0 0 0 0 0 0 0 0 0 0 0 14392 65279 65279 46261 0 0 0 0 0 0 0 0 0 0 0 0 0 0 0 0 0 0 0 0 0 0 0 11051 57312 65279 51401 6425 0 0 0 0 0 0 0 0 0 0 0 0 0 0 0 0 0 0 0 0 0 0 1285 44976 65279 63223 16705 0 0 0 0 0 0 0 0 0 0 0 0 0 0 0 0 0 0 0 0 0 0 0 13621 65279 65279 47032 0 0 0 0 0 0 0 0 0 0 0 0 0 0 0 0 0 0 0 0 0 0 0 3598 58340 65279 58340 5911 0 0 0 0 0 0 0 5911 16191 9509 0 0 0 0 0 0 0 0 0 0 0 0 0 13621 65279 65279 31611 0 0 0 0 0 0 5654 44205 55513 65279 58854 20046 1028 0 0 0 0 0 0 0 0 0 0 2570 59368 65279 62966 16962 0 0 0 0 14649 28784 55770 65279 65279 65279 65279 65279 28270 0 0 0 0 0 0 0 0 0 0 29298 65279 65279 47032 0 0 0 4626 28784 62452 65279 65279 48060 44462 32125 44719 65279 24929 0 0 0 0 0 0 0 0 0 0 35210 65279 65279 25443 0 4112 44462 56798 65279 48317 33411 11051 2056 0 32639 64508 41378 514 0 0 0 0 0 0 0 0 0 0 35210 65279 65279 25443 15420 46775 65279 60139 33411 2313 0 0 0 32639 64251 43434 7453 0 0 0 0 0 0 0 0 0 0 0 35210 65279 65279 60653 62709 65279 41378 6168 0 0 0 8224 52429 64251 55256 3855 0 0 0 0 0 0 0 0 0 0 0 0 35210 65279 65279 65279 65279 60653 12079 19532 34953 59368 59368 61167 42663 26471 3855 0 0 0 0 0 0 0 0 0 0 0 0 0 35210 65279 65279 65279 65279 64508 60910 63994 65279 65279 56798 26471 771 0 0 0 0 0 0 0 0 0 0 0 0 0 0 0 3341 52172 65279 65279 65279 65279 65279 65279 57826 10794 2056 0 0 0 0 0 0 0 0 0 0 0 0 0 0 0 0 0 0 3341 36495 65536 60653 33411 33411 26471 1028 0 0 0 0 0 0 0 0 0 0 0 0 0 0 0 0 0 0 0 0 0 0 0 0 0 0 0 0 0 0 0 0 0 0 0 0 0 0 0 0 0 0 0 0 0 0 0 0 0 0 0 0 0 0 0 0 0 0 0 0 0 0 0 0 0 0 0 0 0 0 0 0 0 0 0 0 0 0 0 0 0 0 0 0 0 0 0 0 0 0 0 0 0 0 0 0 0 0 0 0 0 0 0 0 0 0 0 0 0 0 0 0 0 0 0 0 0 0 0 0 0 0 0 0 0 0 0 0 0 0 0 0 0 0 0 0 0 0 0 0 0 0 0 0 0 0 0 0 0 0 0 0 0 0 0 0 0 0 0 0 0 0 0 0 0 0 0 0 0 0 0 0 0 0 0 0 0 0 0 0 
0 0 0 0 0 0 0 0 0 0 0 0 0 0 0 0 0 0 0 0 0 0 0 0 0 0 0 0 0 0 0 0 0 0 0 0 0 0 0 0 0 0 0 0 0 0 0 0 0 0 0 0 0 0 0 0 0 0 0 0 0 0 0 0 0 0 0 0 0 0 0 0 0 0 0 0 0 0 0 0 0 0 0 0 0 0 0 0 0 0 0 0 0 0 0 0 0 0 0 0 0 0 0 0 0 0 0 0 0 0 0 0 0 0 0 0 0 0 0 0 0 0 0 0 0 0 0 0 0 0 0 0 0 0 0 0 0 0 0 0 0 0 0 0 0 0 0 0 0 0 0 0 0 0 0 0 0 0 0 0 3084 65279 65279 36752 0 0 0 0 0 0 0 0 0 0 0 0 0 0 0 0 0 0 0 0 0 0 0 0 10537 65022 65022 56541 0 0 0 0 0 0 0 0 0 0 0 28527 30069 0 0 0 0 0 0 0 0 0 0 0 42406 65022 65022 41378 0 0 0 0 0 0 0 0 0 0 13621 62709 64508 15934 0 0 0 0 0 0 0 0 0 0 59625 65022 63480 33411 0 0 0 0 0 0 0 0 0 0 25700 65022 65022 47289 1285 0 0 0 0 0 0 0 0 0 52943 50887 23130 0 0 0 0 0 0 0 0 0 0 0 25700 65022 65022 37266 1285 0 0 0 0 0 0 0 0 0 17219 22873 5911 0 0 0 0 0 0 0 0 0 0 0 39322 65022 63223 13364 0 0 0 0 1799 3084 1799 0 0 11051 59882 65022 60139 7453 0 0 0 0 0 0 0 0 0 3084 56027 61681 8995 0 0 2056 20303 39836 54228 65022 43948 514 0 22873 65022 65022 45233 0 0 0 0 0 0 0 0 0 0 38037 65022 59368 0 7196 33411 51144 65022 65022 65279 65022 65022 49088 25443 31611 65022 65022 36495 0 0 0 0 0 0 0 0 0 0 45490 65022 49345 28527 53714 65022 65022 65022 65022 65279 52686 65022 65022 63223 63480 65022 65022 16962 0 0 0 0 0 0 0 0 0 12336 65279 65279 65279 65279 65279 65279 63994 60653 44462 44719 46775 65279 65279 65279 65279 65022 22359 0 0 0 0 0 0 0 0 0 0 44462 65022 65022 65022 65022 65022 55770 16448 8738 0 0 12850 36752 63223 65022 65022 54742 0 0 0 0 0 0 0 0 0 0 0 30840 65022 65022 62966 33154 11308 5911 0 0 0 0 0 32639 64765 65022 56284 8224 0 0 0 0 0 0 0 0 0 0 0 4112 31097 31097 3598 0 0 0 0 0 0 0 19018 64765 65022 63994 13878 0 0 0 0 0 0 0 0 0 0 0 0 0 0 0 0 0 0 0 0 0 0 11822 58340 65022 65022 32382 0 0 0 0 0 0 0 0 0 0 0 0 0 0 0 0 0 0 0 0 0 0 0 37009 65022 65022 60653 4883 0 0 0 0 0 0 0 0 0 0 0 0 0 0 0 0 0 0 0 0 0 0 15163 62966 64251 62195 19789 0 0 0 0 0 0 0 0 0 0 0 0 0 0 0 0 0 0 0 0 0 0 0 56798 65536 30840 0 0 0 0 0 0 0 0 0 0 0 0 0 0 0 0 0 0 0 0 0 0 0 0 0 56798 38037 5140 0 0 0 0 0 0 0 0 0 0 0 0 0 0 0 0 0 0 0 0 0 0 0 0 17476 63994 16191 0 0 0 0 0 0 0 0 0 0 0 0 0 0 0 0 0 0 0 0 0 0 0 0 0 0 0 0 0 0 0 0 0 0 0 0 0 0 0 0 0 0 0 0 0 0 0 0 0 0 0 0 0 0 0 0 0 0 0 0 0 0 0 0 0 0 0 0 0 0 0 0 0 0 0 0 0 0 0 0 0 0 0 0 0 0 0 0 0 0 0 0 0 0 0 0 0 
0 0 0 0 0 0 0 0 0 0 0 0 0 0 0 0 0 0 0 0 0 0 0 0 0 0 0 0 0 0 0 0 0 0 0 0 0 0 0 0 0 0 0 0 0 0 0 0 0 0 0 0 0 0 0 0 0 0 0 0 0 0 0 0 0 0 0 0 0 0 0 0 0 0 0 0 0 0 0 0 0 0 0 0 0 0 0 0 0 0 0 0 0 0 0 0 0 0 0 0 0 0 0 0 0 0 0 0 0 0 0 0 0 0 0 0 0 0 0 0 0 0 0 0 0 0 0 0 0 0 0 0 0 0 0 0 0 0 0 0 0 0 0 0 0 0 0 0 0 0 0 0 0 0 0 0 0 0 0 0 65536 19532 0 0 0 0 0 0 0 0 0 0 0 0 0 0 0 0 0 0 0 0 0 0 0 0 0 26985 65279 27756 0 0 0 0 0 0 0 0 0 0 0 0 0 0 0 0 0 0 36238 22102 0 0 0 0 4112 62452 65279 16191 0 0 0 0 0 0 0 0 0 0 0 0 0 0 0 0 0 21074 62966 60653 1542 0 0 0 24929 65022 57055 2570 0 0 0 0 0 0 0 0 0 0 0 0 0 0 0 0 6939 55513 65022 53200 5397 0 0 6939 61167 65022 30069 0 0 0 0 0 0 0 0 0 0 0 0 0 0 0 0 13621 57055 65279 62452 18247 0 0 0 39322 65279 65279 0 0 0 0 0 0 0 0 0 0 0 0 0 0 0 0 9509 63737 65279 65022 29041 0 0 0 8224 61167 65022 46518 0 0 0 0 0 0 0 0 0 0 0 0 0 0 0 0 47803 65022 59111 20817 1285 0 0 0 29041 65022 57569 2827 0 0 0 0 0 0 0 0 0 0 0 0 0 0 0 0 51144 65022 26471 514 0 0 0 14906 63994 65022 27242 0 0 0 0 0 0 0 0 0 0 0 0 0 0 0 0 0 51144 65022 65279 34439 23387 5140 8481 43691 65022 61681 8995 0 0 0 0 0 0 0 0 0 0 0 0 0 0 0 0 0 20303 59882 65536 65279 65279 65279 65279 65536 65279 65279 37009 0 0 0 0 0 0 0 0 0 0 0 0 0 0 0 0 0 0 20046 42663 58854 65022 65022 65022 65279 61938 47546 7710 0 0 0 0 0 0 0 0 0 0 0 0 0 0 0 0 0 0 0 0 5397 9252 41378 65022 62452 18761 0 0 0 0 0 0 0 0 0 0 0 0 0 0 0 0 0 0 0 0 0 0 0 771 38808 65022 44719 0 0 0 0 0 0 0 0 0 0 0 0 0 0 0 0 0 0 0 0 0 0 0 0 26214 65022 65022 15163 0 0 0 0 0 0 0 0 0 0 0 0 0 0 0 0 0 0 0 0 0 0 0 0 39322 65279 41892 0 0 0 0 0 0 0 0 0 0 0 0 0 0 0 0 0 0 0 0 0 0 0 0 13107 61167 62195 9509 0 0 0 0 0 0 0 0 0 0 0 0 0 0 0 0 0 0 0 0 0 0 0 0 37266 65022 36752 0 0 0 0 0 0 0 0 0 0 0 0 0 0 0 0 0 0 0 0 0 0 0 0 0 47289 47546 3084 0 0 0 0 0 0 0 0 0 0 0 0 0 0 0 0 0 0 0 0 0 0 0 0 0 43691 32639 0 0 0 0 0 0 0 0 0 0 0 0 0 0 0 0 0 0 0 0 0 0 0 0 0 0 0 0 0 0 0 0 0 0 0 0 0 0 0 0 0 0 0 0 0 0 0 0 0 0 0 0 0 0 0 0 0 0 0 0 0 0 0 0 0 0 0 0 0 0 0 0 0 0 0 0 0 0 0 0 0 0 0 0 0 0 0 0 0 0 0 0 0 0 0 0 0 0 0 
0 0 0 0 0 0 0 0 0 0 0 0 0 0 0 0 0 0 0 0 0 0 0 0 0 0 0 0 0 0 0 0 0 0 0 0 0 0 0 0 0 0 0 0 0 0 0 0 0 0 0 0 0 0 0 0 0 0 0 0 0 0 0 0 0 0 0 0 0 0 0 0 0 0 0 0 0 0 0 0 0 0 0 0 0 0 0 0 0 0 0 0 0 0 0 0 0 0 0 0 0 0 0 0 0 0 0 0 0 0 0 0 0 0 0 0 0 0 0 0 0 0 0 0 0 0 0 0 0 0 0 0 0 0 0 0 0 0 0 0 0 0 0 0 0 0 0 0 0 0 0 10537 18504 49602 54999 44205 39065 39065 10537 0 0 0 0 0 0 0 0 0 0 0 0 0 0 0 0 0 5397 26214 52172 62452 65022 64765 65022 64765 65022 64765 62452 10280 0 0 0 0 0 0 0 0 0 0 0 0 0 5397 18504 49602 65279 65022 65279 59882 36495 26214 26214 26214 41892 57312 65279 38808 0 0 0 0 0 0 0 0 0 0 0 0 0 47032 65022 64765 65022 43948 23387 7710 0 0 0 0 0 26214 65022 59625 0 0 0 0 0 0 0 0 0 0 0 0 33925 65022 57569 31354 10537 0 0 0 0 0 0 0 0 26214 65279 65022 0 0 0 0 0 0 0 0 0 0 0 31611 65022 54485 5140 0 0 0 0 0 0 0 0 0 0 26214 65022 64765 0 0 0 0 0 0 0 0 0 0 0 47032 65279 33668 0 0 0 0 0 0 0 0 0 0 0 26214 65279 65022 0 0 0 0 0 0 0 0 0 0 0 5140 38808 7710 0 0 0 0 0 0 0 0 0 0 0 26214 65022 64765 0 0 0 0 0 0 0 0 0 0 0 0 0 0 0 0 0 0 0 0 0 0 0 0 0 52172 65279 59882 0 0 0 0 0 0 0 0 0 0 0 0 0 0 0 0 0 0 0 0 0 0 0 0 10537 62452 65022 28527 0 0 0 0 0 0 0 0 0 0 0 0 0 0 0 0 0 0 0 0 0 0 0 0 39065 65022 52172 0 0 0 0 0 0 0 0 0 0 0 0 0 0 0 0 0 0 0 0 0 0 0 0 21074 59882 64765 31354 0 0 0 0 0 0 0 0 0 0 0 0 0 0 0 0 0 0 0 0 0 0 0 13107 59882 65279 33668 0 0 0 0 0 0 0 0 0 0 0 0 0 0 0 0 0 0 0 0 0 0 0 0 59882 64765 54742 2570 0 0 0 0 0 0 0 0 0 0 0 0 0 0 0 0 0 0 0 0 0 0 2827 44462 65279 59882 10537 0 0 0 0 0 0 0 0 0 0 0 0 0 0 0 0 0 0 0 0 0 0 0 44462 64765 65022 17990 0 0 0 0 0 0 0 0 0 0 0 0 0 0 0 0 0 0 0 0 0 0 0 31611 65279 65022 36495 0 0 0 0 0 0 0 0 0 0 0 0 0 0 0 0 0 0 0 0 0 0 0 10537 62452 65022 64765 52172 26214 41892 52172 52172 52172 41892 0 0 0 0 0 0 0 0 0 0 0 0 0 0 0 0 0 0 31611 65279 65022 65279 65022 65279 65022 65536 65022 47032 0 0 0 0 0 0 0 0 0 0 0 0 0 0 0 0 0 0 0 12850 12850 28784 38808 65022 64765 49345 38808 5140 0 0 0 0 0 0 0 0 0 0 0 0 0 0 0 0 0 0 0 0 0 0 0 0 0 0 0 0 0 0 0 0 0 0 0 0 0 0 0 0 0 0 0 0 0 0 0 0 0 0 0 0 0 0 0 0 0 0 0 0 0 0 0 0 0 0 0 0 0 0 0 0 0 0 0 0 0 0 0 0 0 0 0 0 0 0 0 0 0 0 0 
0 0 0 0 0 0 0 0 0 0 0 0 0 0 0 0 0 0 0 0 0 0 0 0 0 0 0 0 0 0 0 0 0 0 0 0 0 0 0 0 0 0 0 0 0 0 0 0 0 0 0 0 0 0 0 0 0 0 0 0 0 0 0 0 0 0 0 0 0 0 0 0 0 0 0 0 0 0 0 0 0 0 0 0 0 0 0 0 0 0 0 0 0 0 0 0 0 0 0 0 0 0 0 0 0 0 0 0 0 0 0 0 0 0 0 0 0 0 0 0 0 0 0 0 0 0 0 0 0 0 0 0 0 0 0 0 0 0 0 0 0 0 0 0 0 0 0 0 0 0 0 0 2570 34439 65536 65279 57312 8995 0 0 0 0 0 0 0 0 0 0 0 0 0 0 0 0 0 0 0 0 514 12850 54742 60910 56284 46775 65022 51144 0 0 0 0 0 0 0 0 0 0 0 0 0 0 0 0 0 0 0 0 12850 65022 61681 10280 7710 1542 51144 54742 0 0 0 0 0 0 0 0 0 0 0 0 0 0 0 0 0 0 0 0 53200 57826 17476 0 0 2827 55770 54742 0 0 0 0 0 0 0 0 0 0 0 0 0 0 0 0 0 0 0 21331 62709 20046 0 0 0 24415 65022 45233 0 0 0 0 0 0 0 0 0 0 0 0 0 0 0 0 0 0 5911 55770 54228 0 0 0 0 30326 65279 24415 0 0 0 0 0 0 0 0 0 0 0 0 0 0 0 0 0 0 25186 65279 32897 0 0 0 7196 55770 55513 2570 0 0 0 0 0 0 0 0 0 0 0 0 0 0 0 0 0 0 25186 65279 10023 0 0 0 32639 65022 44719 0 0 0 0 0 0 0 0 0 0 0 0 0 0 0 0 0 0 0 25186 65279 47289 10280 771 0 43948 64251 28527 0 0 0 0 0 0 0 0 0 0 0 0 0 0 0 0 0 0 0 15420 65279 65022 65022 51144 30840 65279 50116 0 0 0 0 0 0 0 0 0 0 0 0 0 0 0 0 0 0 0 0 0 44205 59368 65279 65279 65279 65536 41892 4626 0 0 0 0 0 0 0 0 0 0 0 0 0 0 0 0 0 0 0 0 2313 6168 17733 39322 65022 65279 65022 58083 17733 0 0 0 0 0 0 0 0 0 0 0 0 0 0 0 0 0 0 0 0 0 0 25700 65022 52686 61938 65022 61938 10537 0 0 0 0 0 0 0 0 0 0 0 0 0 0 0 0 0 0 0 0 0 60139 65022 21331 6168 54228 65022 28527 0 0 0 0 0 0 0 0 0 0 0 0 0 0 0 0 0 0 0 0 0 60139 45490 0 0 25957 65022 49602 0 0 0 0 0 0 0 0 0 0 0 0 0 0 0 0 0 0 0 0 0 60396 34182 0 0 20303 65279 39836 0 0 0 0 0 0 0 0 0 0 0 0 0 0 0 0 0 0 0 0 0 60139 38037 0 0 20303 65022 39836 0 0 0 0 0 0 0 0 0 0 0 0 0 0 0 0 0 0 0 0 0 60139 65022 7967 9509 43434 65022 32382 0 0 0 0 0 0 0 0 0 0 0 0 0 0 0 0 0 0 0 0 0 23644 65022 62195 62452 65022 28784 1285 0 0 0 0 0 0 0 0 0 0 0 0 0 0 0 0 0 0 0 0 0 2313 34182 65279 53200 22616 1285 0 0 0 0 0 0 0 0 0 0 0 0 0 0 0 0 0 0 0 0 0 0 0 0 0 0 0 0 0 0 0 0 0 0 0 0 0 0 0 0 0 0 0 0 0 0 0 0 0 0 0 0 0 0 0 0 0 0 0 0 0 0 0 0 0 0 0 0 0 0 0 0 0 0 0 0 0 0 0 0 0 0 0 0 0 0 0 0 0 0 0 0 0 0 
0 0 0 0 0 0 0 0 0 0 0 0 0 0 0 0 0 0 0 0 0 0 0 0 0 0 0 0 0 0 0 0 0 0 0 0 0 0 0 0 0 0 0 0 0 0 0 0 0 0 0 0 0 0 0 0 0 0 0 0 0 0 0 0 0 0 0 0 0 0 0 0 0 0 0 0 0 0 0 0 0 0 0 0 0 0 0 0 0 0 0 0 0 0 0 0 0 0 0 0 0 0 0 0 0 0 0 0 0 0 0 0 0 0 0 0 0 0 0 0 0 0 0 0 0 0 0 0 0 0 0 0 0 0 0 0 0 0 0 0 0 0 0 0 0 0 0 0 0 0 0 0 0 0 0 0 0 0 0 0 0 0 0 0 0 0 0 0 0 0 0 0 0 0 0 0 0 0 0 0 0 0 0 0 0 0 0 0 0 0 0 0 0 0 0 0 0 0 0 0 0 0 0 23901 31354 6425 0 0 0 0 0 0 0 0 0 20560 65536 43177 0 0 0 0 0 0 0 0 0 0 0 0 16448 63480 64765 58083 29812 0 0 0 0 0 0 0 14649 57826 65022 43177 0 0 0 0 0 0 0 0 0 0 0 0 21845 64765 64765 64765 64251 59625 57312 32639 32639 32897 41635 59625 63223 64765 64251 28270 0 0 0 0 0 0 0 0 0 0 0 0 21845 64765 53971 21588 58340 64765 64765 64765 64765 65022 64765 64765 64765 64765 29555 0 0 0 0 0 0 0 0 0 0 0 0 0 3598 60653 62195 8995 6425 10794 35467 37780 37780 37780 37780 62709 64765 64765 0 0 0 0 0 0 0 0 0 0 0 0 0 0 0 16962 65022 10794 0 0 0 0 0 0 17476 62966 65022 33154 0 0 0 0 0 0 0 0 0 0 0 0 0 0 0 1542 27499 2827 0 0 0 0 0 8224 60910 64765 43434 2827 0 0 0 0 0 0 0 0 0 0 0 0 0 0 0 0 0 0 0 0 0 0 0 38037 64765 62195 10794 0 0 0 0 0 0 0 0 0 0 0 0 0 0 0 0 0 0 0 0 0 0 0 25186 65022 64765 48060 0 0 0 0 0 0 0 0 0 0 0 0 0 0 0 0 0 0 0 0 0 0 0 25186 63223 65022 64765 63994 35981 15934 0 0 0 0 0 0 0 0 0 0 0 0 0 0 0 0 0 0 0 0 0 43691 65022 63480 54228 64251 65022 53714 33668 7453 0 0 0 0 0 0 0 0 0 0 0 0 0 0 0 0 0 0 2056 50630 64765 54228 0 28527 57569 64765 65022 59368 13107 0 0 0 0 0 0 0 0 0 0 0 0 0 0 0 0 0 19275 64765 62709 15934 0 0 3598 16705 32639 41378 29812 0 0 0 0 0 0 0 0 0 0 0 0 0 0 0 0 0 50630 64765 37780 0 0 0 0 0 0 0 0 0 0 0 0 0 0 0 0 0 0 0 0 0 0 0 0 0 59625 64765 26471 0 0 0 0 0 0 0 0 0 0 0 0 0 0 0 0 0 0 0 0 0 0 0 0 21845 65022 55513 4626 0 0 0 0 0 0 0 0 0 0 0 0 0 0 0 0 0 0 0 0 0 0 0 0 21845 64765 39322 0 0 0 0 0 0 0 0 0 0 0 0 0 0 0 0 0 0 0 0 0 0 0 0 5654 54742 64765 21588 0 0 0 0 0 0 0 0 0 0 0 0 0 0 0 0 0 0 0 0 0 0 0 0 11051 64765 61167 7196 0 0 0 0 0 0 0 0 0 0 0 0 0 0 0 0 0 0 0 0 0 0 0 0 11051 64765 25443 0 0 0 0 0 0 0 0 0 0 0 0 0 0 0 0 0 0 0 0 0 0 0 0 0 0 0 0 0 0 0 0 0 0 0 0 0 0 0 0 0 0 0 
0 0 0 0 0 0 0 0 0 0 0 0 0 0 0 0 0 0 0 0 0 0 0 0 0 0 0 0 0 0 0 0 0 0 0 0 0 0 0 0 0 0 0 0 0 0 0 0 0 0 0 0 0 0 0 0 0 0 0 0 0 0 0 0 0 0 0 0 0 0 0 0 0 0 0 0 0 0 0 0 0 0 0 0 0 0 0 0 0 0 0 0 0 0 0 0 0 0 0 0 0 0 0 0 0 0 0 0 0 0 0 0 0 0 0 0 0 0 0 0 0 0 0 0 0 0 0 0 0 0 0 0 0 0 0 0 0 0 0 0 0 0 0 0 0 0 0 0 0 4112 57312 51144 4369 5911 54999 65536 65279 65536 37009 3598 0 0 0 0 0 0 0 0 0 0 0 0 0 0 0 0 0 6939 65022 65022 43177 28270 65022 65022 65022 65022 65022 46518 2570 0 0 0 0 0 0 0 0 0 0 0 0 0 0 0 0 5911 62195 65022 64508 22616 45490 45490 33411 55770 64508 65022 32382 0 0 0 0 0 0 0 0 0 0 0 0 0 0 0 0 0 45233 65022 65022 30326 0 0 0 0 41635 65022 41892 0 0 0 0 0 0 0 0 0 0 0 0 0 0 0 0 0 19018 64251 65022 61938 2827 0 0 2570 59625 65022 46004 0 0 0 0 0 0 0 0 0 0 0 0 0 0 0 0 0 0 31354 65022 65022 25186 0 3084 45747 65022 65022 25700 0 0 0 0 0 0 0 0 0 0 0 0 0 0 0 0 0 0 3855 63737 65022 54999 20046 47289 65022 65022 34953 771 0 0 0 0 0 0 0 0 0 0 0 0 0 0 0 0 0 0 0 35981 65022 65022 65022 65022 65022 35724 6425 0 0 0 0 0 0 0 0 0 0 0 0 0 0 0 0 0 0 0 0 16705 65022 65022 65022 59882 28013 771 0 0 0 0 0 0 0 0 0 0 0 0 0 0 0 0 0 0 0 0 7967 56541 65022 65022 65022 22359 0 0 0 0 0 0 0 0 0 0 0 0 0 0 0 0 0 0 0 0 0 15163 58083 65022 65022 65022 65022 22616 0 0 0 0 0 0 0 0 0 0 0 0 0 0 0 0 0 0 0 0 26471 64251 65022 65022 56027 60910 65022 53971 0 0 0 0 0 0 0 0 0 0 0 0 0 0 0 0 0 0 0 7710 61938 65022 65022 59625 6939 40093 65022 58083 5654 0 0 0 0 0 0 0 0 0 0 0 0 0 0 0 0 0 0 21588 65022 65022 62966 12079 0 15163 65022 65022 19275 0 0 0 0 0 0 0 0 0 0 0 0 0 0 0 0 0 0 21588 65022 65022 41892 0 0 3855 55770 65022 42406 0 0 0 0 0 0 0 0 0 0 0 0 0 0 0 0 0 0 11051 62709 65022 12593 0 0 0 51915 65022 44205 514 0 0 0 0 0 0 0 0 0 0 0 0 0 0 0 0 0 0 60139 65022 53457 6168 0 16191 60910 65022 59111 2827 0 0 0 0 0 0 0 0 0 0 0 0 0 0 0 0 0 0 35981 65022 65022 59111 56027 61681 65022 65022 42406 0 0 0 0 0 0 0 0 0 0 0 0 0 0 0 0 0 0 0 2570 31611 63480 65022 65022 65022 65022 62709 22102 0 0 0 0 0 0 0 0 0 0 0 0 0 0 0 0 0 0 0 0 0 10537 29555 38294 54742 43691 21331 0 0 0 0 0 0 0 0 0 0 0 0 0 0 0 0 0 0 0 0 0 0 0 0 0 0 0 0 0 0 0 0 0 0 0 0 0 0 0 0 0 0 0 0 0 0 0 0 0 0 0 0 0 0 0 0 0 0 0 0 0 0 0 0 0 0 0 0 0 0 0 0 0 0 0 0 0 0 0 0 0 0 0 0 0 0 0 0 0 0 0 0 0 0 0 
0 0 0 0 0 0 0 0 0 0 0 0 0 0 0 0 0 0 0 0 0 0 0 0 0 0 0 0 0 0 0 0 0 0 0 0 0 0 0 0 0 0 0 0 0 0 0 0 0 0 0 0 0 0 0 0 0 0 0 0 0 0 0 0 0 0 0 0 0 0 0 0 0 0 0 0 0 0 0 0 0 0 0 0 0 0 0 0 0 0 0 0 0 0 0 0 0 0 0 0 0 0 0 0 0 0 0 0 0 0 0 0 0 0 0 0 0 0 0 0 0 0 0 0 0 0 0 0 0 0 0 0 0 0 0 0 0 0 0 0 0 0 0 0 0 0 0 0 0 13107 29041 37009 65022 65022 65536 52943 6425 0 0 0 0 0 0 0 0 0 0 0 0 0 0 0 0 0 0 0 12336 61167 64765 64765 64765 64765 65022 64765 46261 0 0 0 0 0 0 0 0 0 0 0 0 0 0 0 0 0 0 0 35981 65022 64765 61424 59882 64765 65022 64765 53457 4883 0 0 0 0 0 0 0 0 0 0 0 0 0 0 0 0 0 0 12079 57826 25443 16705 14392 45490 65022 64765 64765 21588 0 0 0 0 0 0 0 0 0 0 0 0 0 0 0 0 0 0 0 0 0 0 4112 52172 65022 64765 56541 9509 0 0 0 0 0 0 0 0 0 0 0 0 0 0 0 0 0 19532 29041 29298 29041 37009 65022 65022 65536 65022 50373 0 0 0 0 0 0 0 0 0 0 0 0 0 0 0 0 0 25186 62452 64765 65022 64765 64765 64765 64765 65022 64765 50116 0 0 0 0 0 0 0 0 0 0 0 0 0 0 0 0 0 50630 64765 64765 65022 64765 64765 64765 64765 65022 64765 61424 26471 6425 0 0 0 0 0 0 0 0 0 0 0 0 0 0 0 26471 64765 64765 65022 64765 64765 64765 64765 65022 64765 64765 64765 52686 27756 771 0 0 0 0 0 0 0 0 0 0 0 0 0 6425 28784 28784 48831 28784 28784 28784 28784 44719 64765 64765 64765 64765 65022 6939 0 0 0 0 0 0 0 0 0 0 0 0 0 0 0 0 0 0 0 0 0 0 0 8224 55513 65022 65536 65022 30583 0 0 0 0 0 0 0 0 0 0 0 0 0 0 0 0 0 0 0 0 0 0 0 8738 54999 65022 64765 50116 0 0 0 0 0 0 0 0 0 0 0 0 0 0 0 0 0 0 0 0 0 0 0 0 7967 65022 64765 50116 0 0 0 0 0 0 0 0 0 0 0 0 0 0 0 0 0 0 0 0 0 0 0 0 4112 65022 64765 50116 0 0 0 0 0 0 0 0 0 0 0 0 0 0 0 0 0 0 0 0 0 0 0 0 35981 65022 64765 50116 0 0 0 0 0 0 0 0 0 0 0 0 0 0 0 13107 61167 65022 40864 12850 0 25957 29041 53200 65022 65536 55256 7967 0 0 0 0 0 0 0 0 0 0 0 0 0 0 0 61167 64765 64765 64765 60910 58083 63994 64765 64765 64765 55256 8481 0 0 0 0 0 0 0 0 0 0 0 0 0 0 0 0 57055 64765 64765 64765 64765 65022 64765 64765 64765 64765 28270 0 0 0 0 0 0 0 0 0 0 0 0 0 0 0 0 0 9766 56027 64765 64765 64765 65022 64765 50887 21588 21588 0 0 0 0 0 0 0 0 0 0 0 0 0 0 0 0 0 0 0 9766 28784 28784 28784 44719 32639 6425 0 0 0 0 0 0 0 0 0 0 0 0 0 0 0 0 0 0 0 0 0 0 0 0 0 0 0 0 0 0 0 0 0 0 0 0 0 0 0 0 0 0 0 0 0 0 0 0 0 0 0 0 0 0 0 0 0 0 0 0 0 0 0 0 0 0 0 0 0 0 0 0 0 0 0 0 0 0 0 0 0 0 0 0 0 0 0 0 0 0 0 0 0 0 0 
0 0 0 0 0 0 0 0 0 0 0 0 0 0 0 0 0 0 0 0 0 0 0 0 0 0 0 0 0 0 0 0 0 0 0 0 0 0 0 0 0 0 0 0 0 0 0 0 0 0 0 0 0 0 0 0 0 0 0 0 0 0 0 0 0 0 0 0 0 0 0 0 0 0 0 0 0 0 0 0 0 0 0 0 0 0 0 0 0 0 0 0 0 0 0 0 0 0 0 0 0 0 0 0 0 0 0 0 0 0 0 0 0 0 0 0 0 0 0 0 0 0 0 0 0 6168 24672 65536 65022 32382 0 0 0 0 0 0 0 0 0 0 0 0 0 0 0 0 0 0 0 0 0 0 4112 22616 64508 65022 64508 56541 11051 0 0 0 0 0 0 0 0 0 0 0 0 0 0 0 0 0 0 0 0 4112 48574 64508 64508 65022 64508 64508 56541 12336 0 0 0 0 0 0 0 0 0 0 0 0 0 0 0 0 0 0 0 18504 64508 64508 54228 7967 14906 64508 64508 34182 0 0 0 0 0 0 0 0 0 0 0 0 0 0 0 0 0 0 40864 58597 64508 54228 8995 0 8224 64508 64508 64508 25700 0 0 0 0 0 0 0 0 0 0 0 0 0 0 0 0 15420 65536 65022 52686 4883 0 0 0 20560 62195 65022 65536 16191 0 0 0 0 0 0 0 0 0 0 0 0 0 0 2056 43691 65022 58340 7967 0 0 0 0 0 24415 61681 65022 15934 0 0 0 0 0 0 0 0 0 0 0 0 0 0 36752 64508 65022 35981 0 0 0 0 0 0 0 40607 65022 36238 0 0 0 0 0 0 0 0 0 0 0 0 0 8224 58854 64508 58854 12079 0 0 0 0 0 0 0 30583 65022 58597 8224 0 0 0 0 0 0 0 0 0 0 0 0 32639 64508 64508 15163 0 0 0 0 0 0 0 0 0 65022 64508 32382 0 0 0 0 0 0 0 0 0 0 0 8224 65022 65022 65022 0 0 0 0 0 0 0 0 0 0 65536 65022 32382 0 0 0 0 0 0 0 0 0 0 0 8224 64508 64508 64508 0 0 0 0 0 0 0 0 0 5140 65022 63480 28270 0 0 0 0 0 0 0 0 0 0 0 8224 64508 64508 64508 0 0 0 0 0 0 0 0 0 40607 65022 56541 0 0 0 0 0 0 0 0 0 0 0 0 8224 64508 64508 64508 0 0 0 0 0 0 0 0 0 40607 65022 20817 0 0 0 0 0 0 0 0 0 0 0 0 3084 44462 64508 64508 0 0 0 0 0 0 0 0 10280 55770 49602 5911 0 0 0 0 0 0 0 0 0 0 0 0 0 32897 65022 65022 0 0 0 0 0 0 0 32897 65022 65022 25700 0 0 0 0 0 0 0 0 0 0 0 0 0 0 8224 58854 64508 49088 18247 4112 0 0 23644 48831 56798 64508 33925 0 0 0 0 0 0 0 0 0 0 0 0 0 0 0 0 56798 64508 65022 64508 48317 32639 32639 65022 64508 64508 35981 12079 0 0 0 0 0 0 0 0 0 0 0 0 0 0 0 0 17219 58597 65022 64508 64508 64508 64508 65022 62452 28013 1028 0 0 0 0 0 0 0 0 0 0 0 0 0 0 0 0 0 0 15163 65022 64508 64508 64508 64508 49602 21074 0 0 0 0 0 0 0 0 0 0 0 0 0 0 0 0 0 0 0 0 0 0 0 0 0 0 0 0 0 0 0 0 0 0 0 0 0 0 0 0 0 0 0 0 0 0 0 0 0 0 0 0 0 0 0 0 0 0 0 0 0 0 0 0 0 0 0 0 0 0 0 0 0 0 0 0 0 0 0 0 0 0 0 0 0 0 0 0 0 0 0 0 0 0 0 0 0 0 0 0 0 0 0 0 0 0 0 0 0 0 0 0 0 0 0 0 0 0 0 0 0 0 0 
0 0 0 0 0 0 0 0 0 0 0 0 0 0 0 0 0 0 0 0 0 0 0 0 0 0 0 0 0 0 0 0 0 0 0 0 0 0 0 0 0 0 0 0 0 0 0 0 0 0 0 0 0 0 0 0 0 0 0 0 0 0 0 0 0 0 0 0 0 0 0 0 0 0 0 0 0 0 0 0 0 0 0 0 0 0 0 0 0 0 0 0 0 0 0 0 0 0 0 0 0 0 0 0 0 0 0 0 0 0 0 0 0 0 0 0 0 0 0 0 0 0 0 0 0 0 0 0 0 0 0 0 0 0 0 0 0 0 0 0 0 0 0 0 0 0 0 0 0 0 0 0 0 0 0 0 0 0 0 0 0 0 0 0 0 0 0 0 0 0 0 0 0 0 0 0 0 0 0 0 0 2056 17219 32639 41121 60139 49088 36752 3341 0 0 0 0 0 0 0 0 0 0 0 0 0 0 0 0 0 0 6939 38551 58854 65279 65279 65279 65279 65279 65279 46775 3084 0 0 0 0 0 0 0 0 0 0 0 0 0 0 0 514 15163 60910 65279 65279 63480 47546 38551 38551 38551 60910 60139 5911 0 0 0 0 0 0 0 0 0 0 0 0 0 0 0 35467 65279 65279 65279 45747 5654 0 0 0 0 3855 48831 57826 8738 0 0 0 0 0 0 0 0 0 0 0 0 5911 43434 64765 65279 61167 15420 771 0 0 0 0 3855 31097 65279 65279 48831 0 0 0 0 0 0 0 0 0 0 0 0 28527 65279 65279 59368 7967 0 0 0 0 0 12079 48831 65279 65279 63480 20046 0 0 0 0 0 0 0 0 0 0 0 0 50887 65279 61167 15163 0 0 0 0 0 24158 53714 65279 65279 65279 26471 0 0 0 0 0 0 0 0 0 0 0 0 2313 53971 65279 52943 0 0 0 12593 32639 54228 63994 65279 65279 65279 60396 771 0 0 0 0 0 0 0 0 0 0 0 0 1542 52943 65279 63480 55770 55770 55770 63737 65279 65279 65279 65279 65279 65279 36752 0 0 0 0 0 0 0 0 0 0 0 0 0 0 32897 65279 65279 65279 65279 65279 65279 65279 65536 65279 65279 65279 56027 3084 0 0 0 0 0 0 0 0 0 0 0 0 0 0 1028 31611 48317 61167 48317 42920 24415 24415 17219 62709 65279 60396 12593 0 0 0 0 0 0 0 0 0 0 0 0 0 0 0 0 0 0 5397 0 0 0 0 44719 65279 65279 42149 0 0 0 0 0 0 0 0 0 0 0 0 0 0 0 0 0 0 0 0 0 0 0 29041 65279 65279 53457 4883 0 0 0 0 0 0 0 0 0 0 0 0 0 0 0 0 0 0 0 0 0 0 2313 53457 65279 65279 22359 0 0 0 0 0 0 0 0 0 0 0 0 0 0 0 0 0 0 0 0 0 0 0 34182 65279 65279 42663 1028 0 0 0 0 0 0 0 0 0 0 0 0 0 0 0 0 0 0 0 0 0 0 13878 63480 65279 64251 11051 0 0 0 0 0 0 0 0 0 0 0 0 0 0 0 0 0 0 0 0 0 0 0 55770 65279 65279 40350 0 0 0 0 0 0 0 0 0 0 0 0 0 0 0 0 0 0 0 0 0 0 0 26728 65022 65279 65279 1028 0 0 0 0 0 0 0 0 0 0 0 0 0 0 0 0 0 0 0 0 0 0 4369 62452 65279 65279 41635 0 0 0 0 0 0 0 0 0 0 0 0 0 0 0 0 0 0 0 0 0 0 0 1285 41892 65279 32897 4369 0 0 0 0 0 0 0 0 0 0 0 0 0 0 0 0 0 0 0 0 0 0 0 0 0 0 0 0 0 0 0 0 0 0 0 0 0 0 0 0 0 0 0 0 0 0 0 0 0 0 0 0 0 0 0 0 0 0 0 0 0 0 0 0 0 0 0 0 0 
0 0 0 0 0 0 0 0 0 0 0 0 0 0 0 0 0 0 0 0 0 0 0 0 0 0 0 0 0 0 0 0 0 0 0 0 0 0 0 0 0 0 0 0 0 0 0 0 0 0 0 0 0 0 0 0 0 0 0 0 0 0 0 0 0 0 0 0 0 0 0 0 0 0 0 0 0 0 0 0 0 0 0 0 0 0 0 0 0 0 0 0 0 0 0 0 0 0 0 0 0 0 0 0 0 0 0 0 0 0 0 0 0 0 0 0 0 0 0 0 0 0 0 3084 34439 41892 65279 40607 3855 0 0 0 0 0 0 0 0 0 0 0 0 0 0 0 0 0 0 0 0 0 11308 46261 65022 62195 53200 65022 35724 0 0 0 0 0 0 0 0 0 0 0 0 0 0 0 0 0 0 0 0 2313 51401 65022 40350 9252 3598 35981 22359 0 0 0 0 0 0 0 0 0 0 0 0 0 0 0 0 0 0 0 0 47803 65022 40607 257 0 0 0 0 0 0 0 0 0 0 0 0 0 0 0 0 0 0 0 0 0 0 0 23130 64251 37009 4883 0 0 0 0 8224 14392 25700 28013 14392 3084 0 0 0 0 0 0 0 0 0 0 0 0 0 13621 62709 63223 14649 0 0 0 0 0 37009 65022 65022 65022 65022 54228 25186 8995 0 0 0 0 0 0 0 0 0 0 0 30840 65022 19789 0 0 0 0 0 0 3084 5654 5654 5654 11822 43691 64765 56798 9509 0 0 0 0 0 0 0 0 0 1542 48831 65022 2570 0 0 0 0 0 0 0 0 0 0 0 0 37266 65022 48574 1542 0 0 0 0 0 0 0 0 8738 65022 65022 2570 0 0 0 0 0 0 0 0 0 0 0 0 771 46261 65022 17219 0 0 0 0 0 0 0 0 33411 65022 42663 514 0 0 0 0 0 0 0 0 0 0 0 0 0 39836 65022 36752 0 0 0 0 0 0 0 0 37009 65536 11308 0 0 0 0 0 0 0 0 0 0 0 0 0 0 39836 65279 36752 0 0 0 0 0 0 0 0 37009 57569 6425 0 0 0 0 0 0 0 0 0 0 0 0 0 0 39836 65022 29298 0 0 0 0 0 0 0 0 37009 65022 11308 0 0 0 0 0 0 0 0 0 0 0 0 0 1285 49602 57312 5140 0 0 0 0 0 0 0 0 37009 65022 11308 0 0 0 0 0 0 0 0 0 0 0 0 0 20303 64251 29041 0 0 0 0 0 0 0 0 0 37009 65022 17476 0 0 0 0 0 0 0 0 0 0 0 0 11308 60396 29812 0 0 0 0 0 0 0 0 0 0 27242 65022 48317 1028 0 0 0 0 0 0 0 0 0 0 21331 62195 30069 0 0 0 0 0 0 0 0 0 0 0 4626 54485 65022 17990 1028 0 0 0 0 0 0 0 1285 32897 63223 52943 2827 0 0 0 0 0 0 0 0 0 0 0 0 14135 63223 65022 42406 7453 0 0 0 0 1542 11565 44976 65022 51401 5654 0 0 0 0 0 0 0 0 0 0 0 0 0 0 14135 54485 65022 59368 48317 48317 48317 48317 50630 65022 65022 31354 5911 0 0 0 0 0 0 0 0 0 0 0 0 0 0 0 0 4369 45490 65022 65022 65022 65022 65022 61681 36752 13364 514 0 0 0 0 0 0 0 0 0 0 0 0 0 0 0 0 0 0 0 0 0 0 0 0 0 0 0 0 0 0 0 0 0 0 0 0 0 0 0 0 0 0 0 0 0 0 0 0 0 0 0 0 0 0 0 0 0 0 0 0 0 0 0 0 0 0 0 0 0 0 0 0 0 0 0 0 0 0 0 0 0 0 0 0 0 0 0 0 0 0 0 0 0 0 0 0 0 0 0 0 0 0 0 0 0 0 0 0 0 0 0 0 0 0 0 0 0 0 0 0 
0 0 0 0 0 0 0 0 0 0 0 0 0 0 0 0 0 0 0 0 0 0 0 0 0 0 0 0 0 0 0 0 0 0 0 0 0 0 0 0 0 0 0 0 0 0 0 0 0 0 0 0 0 0 0 0 0 0 0 0 0 0 0 0 0 0 0 0 0 0 0 0 0 0 0 0 0 0 0 0 0 0 0 0 0 0 0 0 0 0 0 0 0 0 0 0 0 0 0 0 0 0 0 0 0 0 0 0 0 0 0 0 0 0 0 0 0 0 0 0 0 0 0 0 0 0 0 0 0 0 0 0 0 0 0 0 0 0 0 0 0 0 0 0 0 0 0 0 0 0 0 9766 57055 65022 65022 0 0 0 0 0 0 0 0 0 0 0 0 0 0 0 0 0 0 0 0 0 0 0 0 21845 64765 64765 64765 32382 0 0 0 0 0 0 0 0 0 0 0 0 0 0 0 0 0 0 0 0 0 0 0 21845 64765 64765 64765 35981 0 0 0 0 0 0 0 0 0 0 0 0 0 0 0 0 0 0 0 0 0 0 0 21845 64765 64765 64765 35981 0 0 0 0 0 0 0 0 0 0 0 0 0 0 0 0 0 0 0 0 0 0 0 21845 64765 64765 64765 35981 0 0 0 0 0 0 0 0 0 0 0 0 0 0 0 0 0 0 0 0 0 0 0 22102 65022 65022 65022 36238 0 0 0 0 0 0 0 0 0 0 0 0 0 0 0 0 0 0 0 0 0 0 0 14649 59882 64765 64765 61938 6168 0 0 0 0 0 0 0 0 0 0 0 0 0 0 0 0 0 0 0 0 0 0 0 50630 64765 64765 65022 6939 0 0 0 0 0 0 0 0 0 0 0 0 0 0 0 0 0 0 0 0 0 0 0 50630 64765 64765 65022 6939 0 0 0 0 0 0 0 0 0 0 0 0 0 0 0 0 0 0 0 0 0 0 0 50630 64765 64765 65022 6939 0 0 0 0 0 0 0 0 0 0 0 0 0 0 0 0 0 0 0 0 0 0 0 50887 65022 65022 65536 6939 0 0 0 0 0 0 0 0 0 0 0 0 0 0 0 0 0 0 0 0 0 0 0 18504 64765 64765 65022 6939 0 0 0 0 0 0 0 0 0 0 0 0 0 0 0 0 0 0 0 0 0 0 0 14649 64765 64765 65022 15163 0 0 0 0 0 0 0 0 0 0 0 0 0 0 0 0 0 0 0 0 0 0 0 13107 62195 64765 65022 42920 0 0 0 0 0 0 0 0 0 0 0 0 0 0 0 0 0 0 0 0 0 0 0 0 43434 64765 65022 42920 0 0 0 0 0 0 0 0 0 0 0 0 0 0 0 0 0 0 0 0 0 0 0 0 43434 65022 65536 43177 0 0 0 0 0 0 0 0 0 0 0 0 0 0 0 0 0 0 0 0 0 0 0 0 43434 64765 65022 62452 12850 0 0 0 0 0 0 0 0 0 0 0 0 0 0 0 0 0 0 0 0 0 0 0 13621 58340 65022 64765 42406 0 0 0 0 0 0 0 0 0 0 0 0 0 0 0 0 0 0 0 0 0 0 0 0 12079 65022 64765 50116 0 0 0 0 0 0 0 0 0 0 0 0 0 0 0 0 0 0 0 0 0 0 0 0 0 44719 64765 50116 0 0 0 0 0 0 0 0 0 0 0 0 0 0 0 0 0 0 0 0 0 0 0 0 0 0 0 0 0 0 0 0 0 0 0 0 0 0 0 0 0 0 0 0 0 0 0 0 0 0 0 0 0 0 0 0 0 0 0 0 0 0 0 0 0 0 0 0 0 0 0 0 0 0 0 0 0 0 0 0 0 0 0 0 0 0 0 0 0 0 0 0 0 0 
0 0 0 0 0 0 0 0 0 0 0 0 0 0 0 0 0 0 0 0 0 0 0 0 0 0 0 0 0 0 0 0 0 0 0 0 0 0 0 0 0 0 0 0 0 0 0 0 0 0 0 0 0 0 0 0 0 0 0 0 0 0 0 0 0 0 0 0 0 0 0 0 0 0 0 0 0 0 0 0 0 0 0 0 0 0 0 0 0 0 0 0 0 0 0 0 0 0 0 0 0 0 0 0 0 0 0 0 0 0 0 0 0 0 0 0 0 0 0 0 0 0 0 0 0 65536 37523 0 0 0 0 0 0 0 0 0 0 0 0 0 0 0 0 0 0 0 0 0 0 0 0 0 0 65022 60139 9766 0 0 0 0 0 0 0 0 0 0 0 0 0 0 0 0 0 0 0 0 0 0 0 0 0 65022 64765 14392 0 0 0 0 0 0 0 0 0 0 0 0 0 0 0 0 0 0 0 0 0 0 0 0 0 65022 64765 40093 0 0 0 0 0 0 0 0 0 0 0 0 0 0 0 0 0 0 0 0 0 0 0 0 0 65279 65022 43177 0 0 0 0 0 0 0 0 0 0 0 0 0 0 0 0 0 0 0 0 0 0 0 0 0 65022 64765 43177 0 0 0 0 0 0 0 0 0 0 0 0 0 0 0 0 0 0 0 0 0 0 0 0 0 65022 64765 50373 2570 0 0 0 0 0 0 0 0 0 0 0 0 0 0 0 0 0 0 0 0 0 0 0 0 65022 64765 64765 7196 0 0 0 0 0 0 0 0 0 0 0 0 0 0 0 0 0 0 0 0 0 0 0 0 65279 65022 65022 7196 0 0 0 0 0 0 0 0 0 0 0 0 0 0 0 0 0 0 0 0 0 0 0 0 65022 64765 64765 7196 0 0 0 0 0 0 0 0 0 0 0 0 0 0 0 0 0 0 0 0 0 0 0 0 42406 64765 64765 7196 0 0 0 0 0 0 0 0 0 0 0 0 0 0 0 0 0 0 0 0 0 0 0 0 36238 64765 64765 7196 0 0 0 0 0 0 0 0 0 0 0 0 0 0 0 0 0 0 0 0 0 0 0 0 36238 65022 65022 7196 0 0 0 0 0 0 0 0 0 0 0 0 0 0 0 0 0 0 0 0 0 0 0 0 36238 64765 64765 7196 0 0 0 0 0 0 0 0 0 0 0 0 0 0 0 0 0 0 0 0 0 0 0 0 36238 64765 64765 7196 0 0 0 0 0 0 0 0 0 0 0 0 0 0 0 0 0 0 0 0 0 0 0 0 36238 64765 64765 20046 0 0 0 0 0 0 0 0 0 0 0 0 0 0 0 0 0 0 0 0 0 0 0 0 65279 65022 65022 23387 0 0 0 0 0 0 0 0 0 0 0 0 0 0 0 0 0 0 0 0 0 0 0 0 52172 64765 64765 42406 0 0 0 0 0 0 0 0 0 0 0 0 0 0 0 0 0 0 0 0 0 0 0 0 1799 38294 64765 64765 0 0 0 0 0 0 0 0 0 0 0 0 0 0 0 0 0 0 0 0 0 0 0 0 0 14649 64765 38808 0 0 0 0 0 0 0 0 0 0 0 0 0 0 0 0 0 0 0 0 0 0 0 0 0 0 0 0 0 0 0 0 0 0 0 0 0 0 0 0 0 0 0 0 0 0 0 0 0 0 0 0 0 0 0 0 0 0 0 0 0 0 0 0 0 0 0 0 0 0 0 0 0 0 0 0 0 0 0 0 0 0 0 0 0 0 0 0 0 0 0 0 0 0 0 0 0 0 0 0 0 0 0 0 0 0 0 0 0 0 0 0 0 0 0 0 0 0 0 0 0 0 0 
0 0 0 0 0 0 0 0 0 0 0 0 0 0 0 0 0 0 0 0 0 0 0 0 0 0 0 0 0 0 0 0 0 0 0 0 0 0 0 0 0 0 0 0 0 0 0 0 0 0 0 0 0 0 0 0 0 0 0 0 0 0 0 0 0 0 0 0 0 0 0 0 0 0 0 0 0 0 0 0 0 0 0 0 0 0 0 0 0 0 0 0 0 0 0 0 0 0 0 0 0 0 0 0 0 0 0 0 0 0 0 0 0 0 0 0 0 0 0 0 0 0 0 0 0 0 0 0 0 0 0 0 0 0 0 0 0 0 0 0 0 0 0 0 0 0 0 0 0 0 0 0 0 0 0 0 0 0 0 0 0 0 0 0 0 0 0 0 0 0 0 0 0 0 0 0 0 0 0 0 0 0 0 0 0 0 0 0 0 0 0 0 0 0 0 0 0 0 0 0 0 0 0 0 0 14649 43691 65279 65279 65279 65279 21845 0 1799 4883 0 0 0 0 0 0 0 0 0 0 0 0 0 0 0 0 0 11051 59625 65022 57569 40093 45490 65022 47289 6682 55513 52172 0 0 0 0 0 0 0 0 0 0 0 0 0 0 0 0 10537 57569 65022 51915 4369 0 31868 65022 47289 42149 65022 65022 19532 0 0 0 0 0 0 0 0 0 0 0 0 0 0 8738 58854 65022 43177 4883 0 17476 61681 65022 60396 63480 65022 65022 23901 0 0 0 0 0 0 0 0 0 0 0 0 0 3855 58854 65536 51144 4369 0 0 26214 55513 65279 65279 61938 61938 65279 0 0 0 0 0 0 0 0 0 0 0 0 0 0 6168 65022 65279 20817 0 0 0 2313 44719 65022 44462 8995 57569 65022 13107 0 0 0 0 0 0 0 0 0 0 0 0 0 16962 65022 65279 24158 3855 6168 29812 53457 64508 41635 4369 0 53200 65022 23901 0 0 0 0 0 0 0 0 0 0 0 0 0 21074 65022 65279 65022 58597 65022 65279 43177 20303 0 0 4369 57569 65022 32639 0 0 0 0 0 0 0 0 0 0 0 0 0 0 17476 47546 47289 47289 30326 0 0 0 0 0 12079 65279 65279 47546 0 0 0 0 0 0 0 0 0 0 0 0 0 0 0 0 0 0 0 0 0 0 0 0 7710 60653 65022 34439 0 0 0 0 0 0 0 0 0 0 0 0 0 0 0 0 0 0 0 0 0 0 0 0 12079 65022 65022 23901 0 0 0 0 0 0 0 0 0 0 0 0 0 0 0 0 0 0 0 0 0 0 0 0 12079 65022 65022 23901 0 0 0 0 0 0 0 0 0 0 0 0 0 0 0 0 0 0 0 0 0 0 0 0 12079 65279 65279 23901 0 0 0 0 0 0 0 0 0 0 0 0 0 0 0 0 0 0 0 0 0 0 0 0 12079 65022 65022 36495 0 0 0 0 0 0 0 0 0 0 0 0 0 0 0 0 0 0 0 0 0 0 0 0 12079 65022 65022 28013 0 0 0 0 0 0 0 0 0 0 0 0 0 0 0 0 0 0 0 0 0 0 0 0 12079 65022 65022 23901 0 0 0 0 0 0 0 0 0 0 0 0 0 0 0 0 0 0 0 0 0 0 0 0 12079 65279 65279 23901 0 0 0 0 0 0 0 0 0 0 0 0 0 0 0 0 0 0 0 0 0 0 0 0 5397 58597 65022 23901 0 0 0 0 0 0 0 0 0 0 0 0 0 0 0 0 0 0 0 0 0 0 0 0 0 51144 65022 56027 12850 0 0 0 0 0 0 0 0 0 0 0 0 0 0 0 0 0 0 0 0 0 0 0 0 21074 47546 38808 0 0 0 0 0 0 0 0 0 0 0 0 0 0 0 0 0 0 0 0 0 0 0 0 0 0 0 0 0 0 0 0 0 0 0 0 
0 0 0 0 0 0 0 0 0 0 0 0 0 0 0 0 0 0 0 0 0 0 0 0 0 0 0 0 0 0 0 0 0 0 0 0 0 0 0 0 0 0 0 0 0 0 0 0 0 0 0 0 0 0 0 0 0 0 0 0 0 0 0 0 0 0 0 0 0 0 0 0 0 0 0 0 0 0 0 0 0 0 0 0 0 0 0 0 0 0 0 0 0 0 0 0 0 0 0 0 0 0 0 0 0 0 0 0 0 0 0 0 0 0 0 0 0 0 0 0 0 0 0 0 0 0 0 0 0 0 0 0 0 0 0 0 0 0 0 0 0 0 0 0 0 0 0 0 0 0 0 0 0 0 0 0 0 0 0 0 0 0 0 0 0 0 0 0 0 0 0 0 0 0 0 0 0 0 0 0 0 0 0 0 0 0 56541 26214 0 0 0 0 0 0 0 0 0 0 0 0 0 0 0 0 0 0 24672 17733 0 0 0 0 0 13364 65022 41378 0 0 0 0 0 0 0 0 0 0 0 0 0 0 0 0 0 21845 64251 15677 0 0 0 0 0 26985 65279 33668 0 0 0 0 0 0 0 0 0 0 0 0 0 0 0 0 2570 54228 61424 7196 0 0 0 0 0 48574 58854 7453 0 0 0 0 0 0 0 0 0 0 0 0 0 0 0 0 31097 65279 38808 0 0 0 0 0 13878 64251 53971 0 0 0 0 0 0 0 0 0 0 0 0 0 0 0 0 0 37009 60910 10794 0 0 0 0 0 15934 65279 53971 0 0 0 0 0 0 0 0 0 0 0 0 0 0 0 0 1542 57312 38037 0 0 0 0 0 0 33668 65279 54999 5911 0 0 0 0 0 0 0 0 0 0 0 0 0 0 0 13621 65279 33668 0 0 0 0 0 1285 48060 65279 65279 52943 0 0 0 0 0 0 0 0 0 0 0 0 0 0 0 13107 64765 53457 5911 0 0 1799 17219 43691 65279 64765 54999 3084 0 0 0 0 0 0 0 0 0 0 0 0 0 0 0 0 48574 65279 56027 35724 22616 51915 65279 65279 65279 43691 0 0 0 0 0 0 0 0 0 0 0 0 0 0 0 0 0 0 11822 51144 65279 65279 65536 51401 30583 49088 65279 29298 0 0 0 0 0 0 0 0 0 0 0 0 0 0 0 0 0 0 0 12079 40093 32639 23901 771 0 46775 65279 15163 0 0 0 0 0 0 0 0 0 0 0 0 0 0 0 0 0 0 0 0 0 0 0 0 12079 64251 50373 514 0 0 0 0 0 0 0 0 0 0 0 0 0 0 0 0 0 0 0 0 0 0 0 0 20560 65279 36752 0 0 0 0 0 0 0 0 0 0 0 0 0 0 0 0 0 0 0 0 0 0 0 0 0 20560 65279 26985 0 0 0 0 0 0 0 0 0 0 0 0 0 0 0 0 0 0 0 0 0 0 0 0 0 35724 65279 16191 0 0 0 0 0 0 0 0 0 0 0 0 0 0 0 0 0 0 0 0 0 0 0 0 0 20560 65279 22359 0 0 0 0 0 0 0 0 0 0 0 0 0 0 0 0 0 0 0 0 0 0 0 0 0 20560 65279 36238 0 0 0 0 0 0 0 0 0 0 0 0 0 0 0 0 0 0 0 0 0 0 0 0 0 12850 63737 49345 0 0 0 0 0 0 0 0 0 0 0 0 0 0 0 0 0 0 0 0 0 0 0 0 0 0 32897 26214 0 0 0 0 0 0 0 0 0 0 0 0 0 0 0 0 0 0 0 0 0 0 0 0 0 0 0 0 0 0 0 0 0 0 0 0 0 0 0 0 0 0 0 0 0 0 0 0 0 0 0 0 0 0 0 0 0 0 0 0 0 0 0 0 0 0 0 
0 0 0 0 0 0 0 0 0 0 0 0 0 0 0 0 0 0 0 0 0 0 0 0 0 0 0 0 0 0 0 0 0 0 0 0 0 0 0 0 0 0 0 0 0 0 0 0 0 0 0 0 0 0 0 0 0 0 0 0 0 0 0 0 0 0 0 0 0 0 0 0 0 0 0 0 0 0 0 0 0 0 0 0 0 0 0 0 0 0 0 0 0 0 0 0 0 0 0 0 0 0 0 0 0 0 0 0 0 0 0 0 0 0 0 0 0 0 0 0 0 0 0 0 0 0 0 0 0 0 0 0 0 0 0 0 0 0 0 0 0 0 0 0 0 0 0 0 0 0 0 0 0 0 0 0 0 0 0 0 0 0 0 0 0 0 0 0 0 0 0 0 0 0 0 0 0 0 0 0 0 0 0 0 0 0 0 0 0 0 0 0 0 0 0 0 0 0 0 0 0 0 0 0 0 0 0 0 0 0 0 0 0 0 0 0 6939 14906 17476 33154 46775 35724 0 0 0 0 0 0 0 0 0 0 0 0 0 0 0 0 0 0 0 5397 16191 47803 62709 65022 65279 65022 54485 49088 0 0 0 0 0 0 0 0 0 0 0 0 0 0 0 0 0 8224 46775 62452 65279 65022 65279 57055 37009 15934 0 0 0 0 0 0 0 0 0 0 0 0 0 0 0 0 0 0 26985 61167 65279 65022 57312 35724 14649 1285 0 0 0 0 0 0 0 0 0 0 0 0 0 0 0 0 0 0 1542 35981 65536 51915 24158 8224 0 0 0 0 0 0 0 0 0 0 0 0 0 0 0 0 0 0 0 0 0 21588 43948 62452 43948 9509 0 0 0 0 0 0 0 0 0 0 0 0 0 0 0 0 0 0 0 0 0 8224 43948 65279 65536 54485 10794 0 0 0 0 0 0 0 0 0 0 0 0 0 0 0 0 0 0 0 0 0 34696 63737 65022 65022 65279 65022 58597 10794 0 0 0 0 0 0 0 0 0 0 0 0 0 0 0 0 0 0 0 0 46775 51915 45233 29298 18761 13364 33411 51915 8224 0 0 0 0 0 0 0 0 0 0 0 0 0 0 0 0 0 0 0 1542 1285 0 0 0 0 35981 65022 34696 0 0 0 0 0 0 0 0 0 0 0 0 0 0 0 0 0 0 0 0 0 0 0 0 0 22873 65279 56027 0 0 0 0 0 0 0 0 0 0 0 0 0 0 0 0 0 0 0 0 0 0 0 0 0 43948 65022 55770 0 0 0 0 0 0 0 0 0 0 0 0 0 0 0 0 0 25443 46518 25443 4112 0 2827 28270 38551 65279 62452 10794 0 0 0 0 0 0 0 0 0 0 0 0 0 0 0 0 0 33154 65022 65279 59882 55770 58597 65279 65022 62452 11822 0 0 0 0 0 0 0 0 0 0 0 0 0 0 0 0 0 0 13621 53200 65279 65279 65279 62452 56027 50630 16191 0 0 0 0 0 0 0 0 0 0 0 0 0 0 0 0 0 0 0 2827 26728 28013 22616 9252 6682 0 0 0 0 0 0 0 0 0 0 0 0 0 0 0 0 0 0 0 0 0 0 0 0 0 0 0 0 0 0 0 0 0 0 0 0 0 0 0 0 0 0 0 0 0 0 0 0 0 0 0 0 0 0 0 0 0 0 0 0 0 0 0 0 0 0 0 0 0 0 0 0 0 0 0 0 0 0 0 0 0 0 0 0 0 0 0 0 0 0 0 0 0 0 0 0 0 0 0 0 0 0 0 0 0 0 0 0 0 0 0 0 0 0 0 0 0 0 0 0 0 0 0 0 0 0 0 0 0 0 0 0 0 0 0 0 0 0 0 0 0 0 0 0 0 0 0 0 0 0 0 0 0 0 0 0 
0 0 0 0 0 0 0 0 0 0 0 0 0 0 0 0 0 0 0 0 0 0 0 0 0 0 0 0 0 0 0 0 0 0 0 0 0 0 0 0 0 0 0 0 0 0 0 0 0 0 0 0 0 0 0 0 0 0 0 0 0 0 0 0 0 0 0 0 0 0 0 0 0 0 0 0 0 0 0 0 0 0 0 0 0 0 0 0 0 0 0 0 0 0 0 0 0 0 0 0 0 0 0 0 0 0 0 0 0 0 0 0 0 0 0 0 0 0 0 0 0 0 0 0 0 0 0 0 0 0 0 0 0 0 0 0 0 0 0 0 0 0 0 0 0 0 0 0 0 0 0 0 0 0 0 0 0 0 0 0 0 0 0 0 0 0 0 0 0 0 0 0 0 0 0 0 0 0 0 0 16191 37009 58597 58597 41892 22102 4112 0 0 0 0 0 0 0 0 0 0 0 0 0 0 0 0 0 0 0 4112 49088 64251 53971 42663 34439 58854 59882 48831 0 0 0 0 0 0 0 0 0 0 0 0 0 0 0 0 0 771 42663 58597 54485 20817 2056 0 0 5397 9252 50630 55770 3598 0 0 0 0 0 0 0 0 0 0 0 0 0 0 771 33925 65022 45490 15934 0 0 0 0 0 0 1028 38808 49602 2056 0 0 0 0 0 0 0 0 0 0 0 0 0 34182 65022 39836 0 0 0 0 0 0 0 0 0 0 56798 29555 0 0 0 0 0 0 0 0 0 0 0 0 0 56027 63737 13364 0 0 0 0 0 0 0 0 0 0 13621 63994 9252 0 0 0 0 0 0 0 0 0 0 0 5140 59111 46775 0 0 0 0 0 0 0 0 0 0 0 0 47032 27499 0 0 0 0 0 0 0 0 0 0 0 0 55770 37009 0 0 0 0 0 0 0 0 0 771 17733 47803 61167 43948 0 0 0 0 0 0 0 0 0 0 0 0 55770 55770 1542 0 0 0 0 0 0 1028 24929 38808 65022 65279 63994 21845 0 0 0 0 0 0 0 0 0 0 0 0 31097 65022 43434 16962 13621 23387 23387 23387 30326 50373 61681 51658 65022 50116 16191 0 0 0 0 0 0 0 0 0 0 0 0 0 3598 42920 65279 65536 65279 65279 65279 65279 46775 24929 9509 60139 65279 0 0 0 0 0 0 0 0 0 0 0 0 0 0 0 0 514 12850 34439 29555 16191 4626 4626 0 0 14392 63994 17733 0 0 0 0 0 0 0 0 0 0 0 0 0 0 0 0 0 0 0 0 0 0 0 0 7196 57055 48574 0 0 0 0 0 0 0 0 0 0 0 0 0 0 0 0 0 0 0 0 0 0 0 0 0 33925 60910 12850 0 0 0 0 0 0 0 0 0 0 0 0 0 0 0 0 0 0 0 0 0 0 0 0 13621 63737 30840 0 0 0 0 0 0 0 0 0 0 0 0 0 0 0 0 0 0 0 0 0 0 0 0 0 33668 56027 3341 0 0 0 0 0 0 0 0 0 0 0 0 0 0 0 0 0 0 0 0 0 0 0 0 5140 63480 46004 0 0 0 0 0 0 0 0 0 0 0 0 0 0 0 0 0 0 0 0 0 0 0 0 0 26728 55770 5654 0 0 0 0 0 0 0 0 0 0 0 0 0 0 0 0 0 0 0 0 0 0 0 0 0 46518 36495 0 0 0 0 0 0 0 0 0 0 0 0 0 0 0 0 0 0 0 0 0 0 0 0 0 0 38037 15163 0 0 0 0 0 0 0 0 0 0 0 0 0 0 0 0 0 0 0 0 0 0 0 0 0 0 0 0 0 0 0 0 0 0 0 0 0 0 0 0 0 0 0 0 0 0 0 0 0 0 0 0 0 0 0 0 0 0 0 0 0 0 0 0 0 0 0 0 
0 0 0 0 0 0 0 0 0 0 0 0 0 0 0 0 0 0 0 0 0 0 0 0 0 0 0 0 0 0 0 0 0 0 0 0 0 0 0 0 0 0 0 0 0 0 0 0 0 0 0 0 0 0 0 0 0 0 0 0 0 0 0 0 0 0 0 0 0 0 0 0 0 0 0 0 0 0 0 0 0 0 0 0 0 0 0 0 0 0 0 0 0 0 0 0 0 0 0 0 0 0 0 0 0 0 0 0 0 0 0 0 0 0 0 0 0 0 0 0 0 0 0 0 0 0 0 0 0 0 0 0 0 0 0 0 0 0 0 0 0 0 0 0 0 0 0 0 0 5140 52943 63480 49088 31354 1542 0 0 0 0 0 0 0 0 0 0 0 0 0 0 0 0 0 0 0 0 0 0 10537 65022 65022 65022 65279 35724 0 0 0 0 0 0 0 0 0 0 0 0 0 0 0 0 0 0 0 0 0 0 1285 10280 40864 40864 65279 47803 2570 0 0 0 0 0 0 0 0 0 0 0 0 0 0 0 0 0 0 0 0 0 0 0 0 0 65279 65022 17733 0 0 0 0 0 0 0 0 0 0 0 0 0 0 0 0 0 0 0 0 0 0 0 0 0 38037 65022 40864 0 0 0 0 0 0 0 0 0 0 0 0 0 0 0 0 0 0 0 0 0 0 0 0 0 8224 62709 58854 7453 0 0 0 0 0 0 0 0 0 0 0 0 0 0 0 0 0 0 0 0 0 0 0 0 0 38294 65022 10023 0 0 0 0 0 0 0 0 0 0 0 0 0 0 0 0 0 0 0 0 0 0 0 0 0 27756 65022 10023 0 0 0 0 0 0 0 0 0 0 0 0 0 0 0 0 0 0 0 0 0 0 0 0 0 27756 65022 10023 0 0 0 0 0 0 0 0 0 0 0 0 0 0 0 0 0 0 0 0 0 0 0 0 0 27756 65022 10023 0 0 0 0 0 0 0 0 0 0 0 0 0 0 0 0 0 0 0 0 0 0 0 0 0 62195 65279 10280 0 0 0 0 0 0 0 0 0 0 0 0 0 0 0 0 0 0 0 0 0 0 0 0 0 61938 65022 10023 0 0 0 0 0 0 0 0 0 0 0 0 0 0 0 0 0 0 0 0 0 0 0 0 11565 63223 56027 6425 0 0 0 0 0 0 0 0 0 0 0 0 0 0 0 0 0 0 0 0 0 0 0 0 60139 65022 40864 0 0 0 0 0 0 0 0 0 0 0 0 0 0 0 0 0 0 0 0 0 0 0 0 0 65279 65022 40864 0 0 0 0 0 0 0 0 0 0 0 0 0 0 0 0 0 0 0 0 0 0 0 0 0 65279 65022 15677 0 0 0 0 0 0 0 0 0 0 0 0 0 0 0 0 0 0 0 0 0 0 0 0 0 65536 65022 24929 0 0 0 0 0 0 0 0 0 0 0 0 0 0 0 0 0 0 0 0 0 0 0 0 0 47032 65022 6682 0 0 0 0 0 0 0 0 0 0 0 0 0 0 0 0 0 0 0 0 0 0 0 0 0 63480 65022 6682 0 0 0 0 0 0 0 0 0 0 0 0 0 0 0 0 0 0 0 0 0 0 0 0 0 31097 65022 6682 0 0 0 0 0 0 0 0 0 0 0 0 0 0 0 0 0 0 0 0 0 0 0 0 0 0 0 0 0 0 0 0 0 0 0 0 0 0 0 0 0 0 0 0 0 0 0 0 0 0 0 0 0 0 0 0 0 0 0 0 0 0 0 0 0 0 0 0 0 0 0 0 0 0 0 0 0 0 0 0 0 0 0 0 0 0 0 0 0 0 0 0 0 0 0 0 
0 0 0 0 0 0 0 0 0 0 0 0 0 0 0 0 0 0 0 0 0 0 0 0 0 0 0 0 0 0 0 0 0 0 0 0 0 0 0 0 0 0 0 0 0 0 0 0 0 0 0 0 0 0 0 0 0 0 0 0 0 0 0 0 0 0 0 0 0 0 0 46004 61167 4626 0 0 0 0 0 0 0 0 0 0 0 0 0 0 0 0 0 0 0 0 0 0 0 1028 24415 65279 65022 20046 0 0 0 0 0 0 0 0 0 0 0 0 0 0 0 0 0 0 0 0 0 0 0 27499 65022 65279 65022 20046 0 0 0 0 0 0 0 0 0 0 0 0 0 0 0 0 0 0 0 0 0 0 24672 60910 65022 62709 41378 1542 0 0 0 0 0 0 0 0 0 0 0 0 0 0 0 0 0 0 0 0 0 13621 60396 65022 65022 30840 0 0 0 0 0 0 0 0 0 0 0 0 0 0 0 0 0 0 0 0 0 0 3598 57569 65279 65279 34182 0 0 0 0 0 0 0 0 0 0 0 0 0 0 0 0 0 0 0 0 0 0 0 47803 65022 65022 44719 2313 0 0 0 0 0 0 0 0 0 0 0 0 0 0 0 0 0 0 0 0 0 0 0 65279 65022 58597 11051 0 0 0 0 0 0 0 0 0 0 0 0 0 0 0 0 0 0 0 0 0 0 1799 29555 65279 64251 18761 0 0 0 0 0 0 0 0 0 0 0 0 0 0 0 0 0 0 0 0 0 0 0 10280 65022 65279 40607 0 0 0 0 0 0 0 0 0 0 0 0 0 0 0 0 0 0 0 0 0 0 0 0 15934 65279 65536 10023 0 0 0 0 0 0 0 0 0 0 0 0 0 0 0 0 0 0 0 0 0 0 0 0 34953 65022 65279 10023 0 0 0 1285 5140 5140 5140 1285 0 0 0 0 0 0 0 0 0 0 0 0 0 0 0 0 34953 65022 54742 3084 0 3341 29812 49859 65022 65022 65022 49602 7967 0 0 0 0 0 0 0 0 0 0 0 0 0 0 0 34953 65022 50116 1028 27499 59111 65022 65279 65022 65022 65022 65022 56284 5397 0 0 0 0 0 0 0 0 0 0 0 0 0 0 34953 65022 50116 43691 65022 65022 65022 65279 62966 39836 62966 65022 65279 29298 0 0 0 0 0 0 0 0 0 0 0 0 0 0 29555 65279 65536 65279 65279 65279 53457 19532 0 0 4112 56027 65536 34953 0 0 0 0 0 0 0 0 0 0 0 0 0 0 10280 65022 65279 65022 65022 33154 2313 0 0 1799 22616 62709 65279 32897 0 0 0 0 0 0 0 0 0 0 0 0 0 0 3084 54485 65279 65022 65022 23387 20303 12593 22102 51144 65022 65022 37266 3084 0 0 0 0 0 0 0 0 0 0 0 0 0 0 0 13621 61167 65022 65022 65022 65022 63223 65022 65022 59368 45233 2056 0 0 0 0 0 0 0 0 0 0 0 0 0 0 0 0 0 9252 38037 65022 55256 55256 39836 39836 30326 8738 0 0 0 0 0 0 0 0 0 0 0 0 0 0 0 0 0 0 0 0 0 0 0 0 0 0 0 0 0 0 0 0 0 0 0 0 0 0 0 0 0 0 0 0 0 0 0 0 0 0 0 0 0 0 0 0 0 0 0 0 0 0 0 0 0 0 0 0 0 0 0 0 0 0 0 0 0 0 0 0 0 0 0 0 0 0 0 0 0 0 0 0 0 0 0 0 0 0 0 0 0 0 0 0 0 0 0 0 0 0 0 0 0 0 0 0 0 0 0 0 0 0 0 0 0 0 0 0 0 0 0 0 0 0 0 0 0 0 0 0 0 0 0 0 0 0 0 0 0 0 0 0 0 0 0 0 0 0 0 0 0 0 0 0 0 0 0 0 0 0 0 0 0 0 0 0 0 
0 0 0 0 0 0 0 0 0 0 0 0 0 0 0 0 0 0 0 0 0 0 0 0 0 0 0 0 0 0 0 0 0 0 0 0 0 0 0 0 0 0 0 0 0 0 0 0 0 0 0 0 0 0 0 0 0 0 0 0 0 0 0 0 0 0 0 0 0 0 0 0 0 0 0 0 0 0 0 0 0 0 0 0 0 0 0 0 0 0 0 0 0 0 0 0 0 0 0 0 0 0 8224 27242 32125 51144 0 0 0 0 0 0 0 0 0 0 0 0 0 0 0 0 0 0 0 0 0 0 0 7196 35724 65022 65279 50887 0 0 0 0 0 0 0 0 0 0 0 0 0 0 0 0 0 0 0 0 0 0 23901 60396 65022 61681 32639 17219 0 0 0 0 0 0 0 0 0 0 0 0 0 0 0 0 0 0 0 0 0 24929 59111 65022 51144 15677 0 0 0 0 0 0 0 0 0 0 0 0 0 0 0 0 0 0 0 0 0 0 25186 58597 65022 41635 4112 0 0 0 0 0 0 0 0 0 0 0 0 0 0 0 0 0 0 0 0 0 0 34696 65279 65536 29555 0 0 0 0 0 0 0 0 0 0 0 0 0 0 0 0 0 0 0 0 0 0 0 15420 59111 59882 12850 514 0 0 0 0 0 0 0 0 0 0 0 0 0 0 0 0 0 0 0 0 0 0 7196 60396 62709 12593 0 0 0 0 0 0 0 0 0 0 0 0 0 0 0 0 0 0 0 0 0 0 0 0 42406 65022 48574 0 0 0 0 0 0 0 0 0 0 0 0 0 0 0 0 0 0 0 0 0 0 0 0 21845 63737 61681 10537 39836 38294 46518 14906 0 0 0 0 0 0 0 0 0 0 0 0 0 0 0 0 0 0 0 0 57055 65279 61938 60139 65279 65536 65279 47546 0 0 0 0 0 0 0 0 0 0 0 0 0 0 0 0 0 0 0 13621 65279 65022 65022 65022 65022 61167 63994 64251 48831 4112 0 0 0 0 0 0 0 0 0 0 0 0 0 0 0 0 2570 44205 65279 65022 65022 57569 30840 6682 13621 48574 65022 21845 0 0 0 0 0 0 0 0 0 0 0 0 0 0 0 0 14906 65022 65279 58854 33668 3084 0 0 0 22873 65022 23387 0 0 0 0 0 0 0 0 0 0 0 0 0 0 0 0 28013 65022 65279 26214 0 0 0 0 0 17733 65022 18504 0 0 0 0 0 0 0 0 0 0 0 0 0 0 0 0 34696 65279 8481 0 0 0 0 0 9252 61938 60396 0 0 0 0 0 0 0 0 0 0 0 0 0 0 0 0 3598 51144 56541 0 0 0 0 0 10794 51401 62966 22359 0 0 0 0 0 0 0 0 0 0 0 0 0 0 0 0 0 28013 65022 56027 34182 32897 50887 55770 58597 65022 40607 0 0 0 0 0 0 0 0 0 0 0 0 0 0 0 0 0 0 9509 63737 65279 65022 65022 65022 65022 55513 23901 2056 0 0 0 0 0 0 0 0 0 0 0 0 0 0 0 0 0 0 0 13364 48574 65022 65022 53200 18504 6682 0 0 0 0 0 0 0 0 0 0 0 0 0 0 0 0 0 0 0 0 0 0 0 0 0 0 0 0 0 0 0 0 0 0 0 0 0 0 0 0 0 0 0 0 0 0 0 0 0 0 0 0 0 0 0 0 0 0 0 0 0 0 0 0 0 0 0 0 0 0 0 0 0 0 0 0 0 0 0 0 0 0 0 0 0 0 0 0 0 0 0 0 0 0 0 0 0 0 0 0 0 0 0 0 0 0 0 0 0 0 0 0 0 0 0 0 0 0 0 0 0 0 0 0 0 0 0 0 0 0 0 0 0 0 0 0 0 0 0 0 0 0 0 0 0 0 0 0 0 0 0 0 
0 0 0 0 0 0 0 0 0 0 0 0 0 0 0 0 0 0 0 0 0 0 0 0 0 0 0 0 0 0 0 0 0 0 0 0 0 0 0 0 0 0 0 0 0 0 0 0 0 0 0 0 0 0 0 0 0 0 0 0 0 0 0 0 0 0 0 0 0 0 0 0 0 0 0 0 0 0 0 0 0 0 0 0 0 0 0 0 0 0 0 0 0 0 0 0 0 0 0 0 0 0 0 0 0 0 0 0 0 0 0 0 0 0 0 0 0 0 0 0 257 28013 20046 0 37266 65536 65022 65022 43691 0 0 0 0 0 0 0 0 0 0 0 0 0 0 0 0 0 0 0 257 64765 51401 5397 5140 54228 64765 64765 64765 40093 13364 0 0 0 0 0 0 0 0 0 0 0 0 0 0 0 0 0 26985 64765 64765 44976 0 24158 63480 64765 64765 65022 59368 13107 0 0 0 0 0 0 0 0 0 0 0 0 0 0 0 26985 52943 64765 64765 55256 0 0 34439 64765 64765 65022 64765 44976 15934 0 0 0 0 0 0 0 0 0 0 0 0 0 0 46518 64765 64765 64765 55256 0 0 0 30583 64765 65022 64765 64765 64765 16191 0 0 0 0 0 0 0 0 0 0 0 0 16191 62195 64765 64765 64765 23387 0 0 0 1285 30583 54228 64765 64765 64765 61167 7710 0 0 0 0 0 0 0 0 0 0 0 24158 64765 64765 64765 51401 5140 0 0 0 0 0 7967 50116 61938 64765 65022 14392 0 0 0 0 0 0 0 0 0 0 0 55770 64765 64765 64765 46004 0 0 0 0 0 0 0 0 46518 64765 65022 46004 0 0 0 0 0 0 0 0 0 0 28270 65022 65022 65022 65022 8995 0 0 0 0 0 0 0 0 30840 65022 65536 54228 7967 0 0 0 0 0 0 0 0 0 28013 64765 64765 64765 40607 1285 0 0 0 0 0 0 0 0 1285 40864 65022 59368 13107 0 0 0 0 0 0 0 0 0 28013 64765 64765 64765 10537 0 0 0 0 0 0 0 0 0 0 15934 65022 48831 2827 0 0 0 0 0 0 0 0 0 28013 64765 64765 64765 0 0 0 0 0 0 0 0 0 0 0 37009 65022 64765 18247 0 0 0 0 0 0 0 0 0 28270 65022 65022 65022 0 0 0 0 0 0 0 0 0 0 20303 49088 65536 65022 34182 0 0 0 0 0 0 0 0 0 28013 64765 64765 64765 18761 2570 0 0 0 0 0 0 0 16191 51658 64765 65022 64765 55256 0 0 0 0 0 0 0 0 0 7967 52943 64765 64765 64765 48831 41121 9509 9509 9509 14906 46518 46775 62195 64765 64765 65022 61938 26214 0 0 0 0 0 0 0 0 0 0 18761 64765 64765 64765 64765 64765 64765 65022 64765 64765 64765 65022 64765 64765 64765 65022 46004 0 0 0 0 0 0 0 0 0 0 0 0 46775 65022 65022 65022 65022 65022 65536 65022 65022 65022 65536 65022 65022 65022 53457 5140 0 0 0 0 0 0 0 0 0 0 0 0 6425 40864 64765 64765 64765 64765 65022 64765 64765 64765 65022 64765 64765 64765 5140 0 0 0 0 0 0 0 0 0 0 0 0 0 0 10537 55256 58083 64765 64765 65022 64765 64765 64765 65022 64765 52686 18247 0 0 0 0 0 0 0 0 0 0 0 0 0 0 0 0 0 7967 32897 43177 65022 64765 64765 64765 49088 27756 7967 0 0 0 0 0 0 0 0 0 0 0 0 0 0 0 0 0 0 0 0 0 0 0 0 0 0 0 0 0 0 0 0 0 0 0 0 0 0 0 0 0 0 0 0 0 0 0 0 0 0 0 0 0 0 0 0 0 0 0 0 0 0 0 0 0 0 0 0 0 0 0 0 0 0 0 0 0 0 0 0 0 0 0 0 0 0 0 0 0 0 0 0 0 0 0 0 0 0 0 0 0 0 0 0 0 0 0 0 0 0 0 0 0 0 0 0 0 0 0 0 
0 0 0 0 0 0 0 0 0 0 0 0 0 0 0 0 0 0 0 0 0 0 0 0 0 0 0 0 0 0 0 0 0 0 0 0 0 0 0 0 0 0 0 0 0 0 0 0 0 0 0 0 0 0 0 0 0 0 0 0 0 0 0 0 0 0 0 0 0 0 0 0 0 0 0 0 0 0 0 0 0 0 0 0 0 0 0 0 0 0 0 0 0 0 0 0 0 0 0 0 0 0 0 0 0 0 0 0 0 0 0 0 0 0 0 0 0 0 0 0 0 0 0 0 0 0 0 0 0 0 0 0 0 0 0 0 0 0 0 0 0 0 0 0 0 0 0 0 0 0 0 0 0 0 0 0 0 0 0 0 0 0 0 0 0 0 0 0 0 0 0 0 0 0 0 0 0 0 0 0 0 0 0 0 0 0 0 0 0 0 0 0 0 0 0 0 0 0 0 0 0 0 1028 5654 33668 49345 27499 1799 1285 0 0 0 0 0 0 0 0 0 0 0 0 0 0 0 0 0 0 0 0 257 39836 65279 65279 65279 65279 65279 58083 35210 35210 8481 0 0 0 0 0 0 0 0 0 0 0 0 0 0 0 0 0 7196 65279 65279 65279 65279 65279 65279 65279 65279 65279 56284 25957 3084 0 0 0 0 0 0 0 0 0 0 0 0 0 0 514 39579 65279 65279 65279 65279 65279 65279 65279 65279 65279 65279 65279 55513 7710 0 0 0 0 0 0 0 0 0 0 0 0 0 2827 61938 65279 65279 64251 57312 57312 57312 57312 59625 65279 65279 65279 65279 55513 3855 0 0 0 0 0 0 0 0 0 0 0 0 0 15934 55770 51915 20303 0 0 0 0 6425 23901 49602 63737 65279 65279 26728 0 0 0 0 0 0 0 0 0 0 0 0 0 0 0 0 0 0 0 0 0 0 0 0 33154 65279 65279 42663 1028 0 0 0 0 0 0 0 0 0 0 0 0 0 0 0 0 0 0 0 0 0 0 0 22616 65279 65279 65536 11051 0 0 0 0 0 0 0 0 0 0 0 0 0 0 0 0 0 0 0 0 0 0 0 22616 65279 65279 65279 36495 0 0 0 0 0 0 0 0 0 0 0 0 0 0 0 0 0 0 0 0 0 0 0 22616 65279 65279 65279 13107 0 0 0 0 0 0 0 0 0 0 0 0 0 0 0 0 0 0 0 0 0 0 0 46775 65279 65279 58083 3341 0 0 0 0 0 0 0 0 0 0 0 0 0 0 0 0 0 0 0 0 0 0 16448 62966 65279 65279 38037 0 0 0 0 0 0 0 0 0 0 0 0 0 0 0 0 0 0 0 0 0 0 0 46775 65279 65279 65279 38037 0 0 0 0 0 0 0 0 0 0 0 0 0 0 0 0 0 0 0 0 0 0 6682 57055 65279 65279 56541 9509 0 0 0 0 0 0 0 0 0 0 0 0 0 0 0 0 0 0 0 0 0 0 31097 65279 65279 65279 28270 0 0 0 0 0 0 0 0 0 0 0 0 0 0 0 0 0 0 0 0 0 0 15677 63737 65279 65279 56027 4883 0 0 0 0 0 0 0 0 0 0 0 0 0 0 0 0 0 0 0 0 0 0 17733 65279 65279 65279 12336 0 0 0 0 0 0 0 0 0 0 0 0 0 0 0 0 0 0 0 0 0 0 0 17733 65279 65279 44462 771 0 0 0 0 0 0 0 0 0 0 0 0 0 0 0 0 0 0 0 0 0 0 0 17733 65279 65279 12593 0 0 0 0 0 0 0 0 0 0 0 0 0 0 0 0 0 0 0 0 0 0 0 0 9252 42663 29555 257 0 0 0 0 0 0 0 0 0 0 0 0 0 0 0 0 0 0 0 0 0 0 0 0 0 0 0 0 0 0 0 0 0 0 0 0 0 0 0 
0 0 0 0 0 0 0 0 0 0 0 0 0 0 0 0 0 0 0 0 0 0 0 0 0 0 0 0 0 0 0 0 0 0 0 0 0 0 0 0 0 0 0 0 0 0 0 0 0 0 0 0 0 0 0 0 0 0 0 0 0 0 0 0 0 0 0 0 0 0 0 0 0 0 0 0 0 0 0 0 0 0 0 0 0 0 0 0 0 0 0 0 0 0 0 0 0 0 0 0 0 0 0 0 0 0 0 0 0 0 0 0 0 0 0 0 0 0 0 0 0 0 0 0 0 0 0 0 0 0 0 0 0 0 0 0 0 0 0 0 0 0 0 0 0 0 0 0 0 0 0 0 0 0 0 0 0 0 0 0 0 0 0 0 0 0 0 0 0 0 0 0 0 0 0 0 0 0 0 0 0 0 0 15420 16191 16191 16191 26471 57055 65536 20817 0 0 0 0 0 0 0 0 0 0 0 0 0 0 1799 9766 49859 56798 56798 56798 64765 65279 65279 65279 65279 65279 65279 61938 23130 0 0 0 0 0 0 0 0 0 0 0 0 0 23901 65279 65279 65279 65279 65279 65279 65279 65279 65279 65279 65279 65279 65279 53971 2827 0 0 0 0 0 0 0 0 0 0 0 28784 64765 65279 65279 65279 65279 65279 65279 65279 65279 65279 65279 65279 65279 65279 61167 5654 0 0 0 0 0 0 0 0 0 0 15420 56284 65279 65279 65279 65279 65279 65279 65279 65279 65279 65279 65279 65279 65279 59882 15934 0 0 0 0 0 0 0 0 0 0 0 32382 65279 65279 65279 65279 65279 63480 25957 44976 65279 65279 65279 65279 65279 61681 9766 0 0 0 0 0 0 0 0 0 0 0 0 32382 65279 65279 65279 65279 62452 10537 4626 52172 65279 65279 65279 65279 65279 17219 0 0 0 0 0 0 0 0 0 0 0 0 0 30326 65279 65279 65279 63480 19789 514 42920 65279 65279 65279 65279 65022 36752 1028 0 0 0 0 0 0 0 0 0 0 0 0 0 2313 37780 56798 63223 20046 0 13107 65279 65279 65279 65279 65279 54742 0 0 0 0 0 0 0 0 0 0 0 0 0 0 0 0 0 2313 3341 0 2827 54999 65279 65279 65279 65279 58854 7196 0 0 0 0 0 0 0 0 0 0 0 0 0 0 0 0 0 0 0 0 25957 65279 65279 65279 65279 63994 23130 0 0 0 0 0 0 0 0 0 0 0 0 0 0 0 0 0 0 0 0 6939 63737 65279 65279 65279 65279 37780 0 0 0 0 0 0 0 0 0 0 0 0 0 0 0 0 0 0 0 0 10023 61938 65279 65279 65279 65279 48060 1542 0 0 0 0 0 0 0 0 0 0 0 0 0 0 0 0 0 0 0 6425 54485 65279 65279 65279 65279 64765 16962 0 0 0 0 0 0 0 0 0 0 0 0 0 0 0 0 0 0 0 0 38037 65279 65279 65279 65279 65279 36495 0 0 0 0 0 0 0 0 0 0 0 0 0 0 0 0 0 0 0 0 25186 65022 65279 65279 65279 65279 61938 5397 0 0 0 0 0 0 0 0 0 0 0 0 0 0 0 0 0 0 0 15677 61424 65279 65279 65279 65279 65022 24929 0 0 0 0 0 0 0 0 0 0 0 0 0 0 0 0 0 0 0 0 25700 65279 65279 65279 65279 65279 37780 0 0 0 0 0 0 0 0 0 0 0 0 0 0 0 0 0 0 0 0 0 1028 46775 65279 65279 65279 54999 5397 0 0 0 0 0 0 0 0 0 0 0 0 0 0 0 0 0 0 0 0 0 0 5911 36238 62709 40350 7453 0 0 0 0 0 0 0 0 0 0 0 0 0 0 0 0 0 0 0 0 0 0 0 0 0 0 0 0 0 0 0 0 0 0 0 0 0 0 0 0 0 0 0 0 0 0 0 0 0 0 0 0 0 0 0 0 0 0 0 0 0 0 0 0 0 0 0 0 0 0 0 
0 0 0 0 0 0 0 0 0 0 0 0 0 0 0 0 0 0 0 0 0 0 0 0 0 0 0 0 0 0 0 0 0 0 0 0 0 0 0 0 0 0 0 0 0 0 0 0 0 0 0 0 0 0 0 0 0 0 0 0 0 0 0 0 0 0 0 0 0 0 0 0 0 0 0 0 0 0 0 0 0 0 0 0 0 0 0 0 0 0 0 0 0 0 0 0 0 0 0 0 0 0 0 0 0 0 0 0 0 0 0 0 0 0 0 0 0 0 0 0 0 0 0 0 0 0 0 0 0 0 0 0 0 0 0 0 0 0 0 0 0 0 0 0 0 0 12593 46261 65022 62709 35467 35467 35467 35467 35724 30326 3341 1285 0 0 0 0 0 0 0 0 0 0 0 0 0 0 0 0 47289 64765 64765 65022 64765 64765 64765 64765 65022 64765 54228 45490 9252 0 0 0 0 0 0 0 0 0 0 0 0 0 0 0 12850 28527 55256 47289 41635 25700 22873 44462 47289 50373 64765 64765 43177 0 0 0 0 0 0 0 0 0 0 0 0 0 0 0 0 8738 56027 24415 0 0 0 0 0 2313 26214 64765 64765 0 0 0 0 0 0 0 0 0 0 0 0 0 0 0 0 23901 64765 29812 0 0 0 0 0 0 31354 64765 64765 0 0 0 0 0 0 0 0 0 0 0 0 0 0 0 0 21845 64508 46518 2313 0 0 0 0 14649 65022 65022 35210 0 0 0 0 0 0 0 0 0 0 0 0 0 0 0 0 0 34696 65022 44462 8738 0 0 22873 56284 64765 64765 16448 0 0 0 0 0 0 0 0 0 0 0 0 0 0 0 0 0 0 35210 64765 51915 11308 0 57055 64765 64765 25957 1542 0 0 0 0 0 0 0 0 0 0 0 0 0 0 0 0 0 0 1285 30583 47546 60653 39836 65022 64765 64765 11565 0 0 0 0 0 0 0 0 0 0 0 0 0 0 0 0 0 0 0 0 0 1799 30069 62195 65022 64765 64765 25186 0 0 0 0 0 0 0 0 0 0 0 0 0 0 0 0 0 0 0 0 0 0 0 29812 65536 65022 65022 65022 38037 0 0 0 0 0 0 0 0 0 0 0 0 0 0 0 0 0 0 0 0 0 0 29812 65022 64765 64765 64765 64765 37780 0 0 0 0 0 0 0 0 0 0 0 0 0 0 0 0 0 0 0 0 6682 52686 65022 64765 64765 64765 64765 63480 17219 0 0 0 0 0 0 0 0 0 0 0 0 0 0 0 0 0 0 0 48060 64765 25186 11565 33154 49859 64765 65022 34182 0 0 0 0 0 0 0 0 0 0 0 0 0 0 0 0 0 0 8224 58597 51401 0 0 0 13107 48574 65022 63737 16191 0 0 0 0 0 0 0 0 0 0 0 0 0 0 0 0 0 33925 65022 35210 0 0 0 0 0 19532 65022 47289 0 0 0 0 0 0 0 0 0 0 0 0 0 0 0 0 0 47289 64765 35210 0 0 0 0 0 11565 64765 47032 0 0 0 0 0 0 0 0 0 0 0 0 0 0 0 0 0 47289 64765 56798 0 0 0 0 0 57055 64765 47032 0 0 0 0 0 0 0 0 0 0 0 0 0 0 0 0 0 23130 64765 64765 37266 23901 23901 34439 53200 65022 64765 47032 0 0 0 0 0 0 0 0 0 0 0 0 0 0 0 0 0 1799 54228 64765 65022 64765 64765 64765 64765 65022 40350 4112 0 0 0 0 0 0 0 0 0 0 0 0 0 0 0 0 0 0 0 0 0 0 0 0 0 0 0 0 0 0 0 0 0 0 0 0 0 0 0 0 0 0 0 0 0 0 0 0 0 0 0 0 0 0 0 0 0 0 0 0 0 0 0 0 0 0 0 0 0 0 0 0 0 0 0 0 0 0 0 0 0 0 0 0 0 0 0 0 0 0 
0 0 0 0 0 0 0 0 0 0 0 0 0 0 0 0 0 0 0 0 0 0 0 0 0 0 0 0 0 0 0 0 0 0 0 0 0 0 0 0 0 0 0 0 0 0 0 0 0 0 0 0 0 0 0 0 0 0 0 0 0 0 0 0 0 0 0 0 0 0 0 0 0 0 0 0 0 0 0 0 0 0 0 0 0 0 0 0 0 0 0 0 0 0 0 0 0 0 0 0 0 0 0 0 0 0 0 0 0 0 0 0 0 0 0 0 0 0 0 0 0 0 0 0 0 0 0 0 0 0 0 0 0 34953 53200 0 0 0 0 0 0 0 0 0 0 0 0 0 0 0 0 0 0 0 0 0 0 0 0 0 17476 60910 52943 0 0 0 0 0 0 0 0 0 0 0 0 0 0 0 0 0 0 0 0 0 0 0 0 771 49088 65279 50887 0 0 0 0 0 0 0 0 0 0 0 0 0 0 0 0 0 0 0 0 0 0 0 0 14649 65022 65279 12336 0 0 0 0 0 0 0 0 0 0 0 0 0 0 0 0 0 0 0 0 0 0 0 3341 48060 65279 53971 2313 0 0 0 0 0 0 0 0 0 0 0 0 0 0 0 0 0 0 0 0 0 0 0 24929 65022 56284 12850 0 0 0 0 0 0 0 0 0 0 0 0 0 0 0 0 0 0 4369 14649 771 0 0 16962 57569 65022 34696 0 0 0 0 0 0 0 0 0 0 0 0 0 0 0 0 0 0 21845 60139 58597 3855 0 0 34953 65022 51915 4883 0 0 0 0 0 0 0 0 0 0 0 0 0 0 0 0 0 0 23387 65279 38808 2313 0 23901 65279 65279 29041 0 0 0 0 0 0 0 0 0 0 0 0 0 0 0 0 0 0 0 771 23130 10794 0 7710 54999 65279 41121 1028 0 0 0 0 0 0 0 0 0 0 0 0 0 0 0 0 0 19018 53200 42406 8224 0 0 40350 65022 50630 5397 0 0 0 0 0 0 0 0 0 0 0 0 0 0 0 0 0 17476 56541 65022 53971 11308 0 13107 57569 56284 30326 0 0 0 0 0 0 0 0 0 0 0 0 0 0 0 0 0 10537 58854 65536 48831 8738 0 0 33411 65279 43434 0 0 0 0 0 0 0 0 0 0 0 0 0 0 0 0 0 6682 57569 65022 65279 16705 22873 35467 42149 64508 65022 43434 35724 41892 25957 0 0 0 0 0 0 0 0 0 0 0 0 0 0 6682 59625 65022 65279 65022 65022 65022 65279 65022 60139 50373 35467 16191 0 0 0 0 0 0 0 0 0 0 0 0 0 0 0 0 16705 24158 32897 41121 43434 65022 65279 38808 3341 0 0 0 0 0 0 0 0 0 0 0 0 0 0 0 0 0 0 0 0 0 0 0 36238 65279 41121 0 0 0 0 0 0 0 0 0 0 0 0 0 0 0 0 0 0 0 0 0 0 0 0 11051 59625 56284 2313 0 0 0 0 0 0 0 0 0 0 0 0 0 0 0 0 0 0 0 0 0 0 0 0 46261 65022 17733 0 0 0 0 0 0 0 0 0 0 0 0 0 0 0 0 0 0 0 0 0 0 0 0 0 41892 62709 20046 0 0 0 0 0 0 0 0 0 0 0 0 0 0 0 0 0 0 0 0 0 0 0 0 0 0 0 0 0 0 0 0 0 0 0 0 0 0 0 0 0 0 0 0 0 0 0 0 0 0 0 0 0 0 0 0 0 0 0 0 0 0 0 0 0 0 0 0 0 0 0 0 0 0 0 0 0 0 0 0 0 0 0 0 0 0 0 0 0 0 0 0 0 0 0 0 0 0 0 0 0 0 0 0 0 0 0 0 0 0 0 0 0 0 0 0 0 0 0 0 0 0 0 0 0 0 0 
0 0 0 0 0 0 0 0 0 0 0 0 0 0 0 0 0 0 0 0 0 0 0 0 0 0 0 0 0 0 0 0 0 0 0 0 0 0 0 0 0 0 0 0 0 0 0 0 0 0 0 0 0 0 0 0 0 0 0 0 0 0 0 0 0 0 0 0 0 0 0 0 0 0 0 0 0 0 0 0 0 0 0 0 0 0 0 0 0 0 0 0 0 0 0 0 0 0 0 0 0 0 0 0 0 0 0 0 0 0 0 0 0 0 0 0 0 0 0 0 0 0 0 0 0 0 0 0 0 0 0 0 0 0 0 0 0 0 0 0 0 0 0 0 0 0 0 0 0 0 0 0 0 0 0 0 0 0 0 0 0 0 0 0 0 0 0 0 0 0 0 0 0 0 0 0 0 1542 51915 58597 36752 18761 18761 27242 41892 41892 38551 18761 18761 6939 0 0 0 0 0 0 0 0 0 0 0 0 0 0 0 23130 65022 65279 65022 65022 65022 65022 65279 65022 65022 65022 65022 62195 55513 23644 0 0 0 0 0 0 0 0 0 0 0 0 0 31354 65022 65279 65022 65022 65022 65022 65279 65022 65022 65022 65022 65279 65022 60396 6939 0 0 0 0 0 0 0 0 0 0 0 0 7710 55256 65279 65022 65022 52943 22359 37009 15420 13878 32382 48574 65279 65022 64251 12850 0 0 0 0 0 0 0 0 0 0 0 0 0 6682 48574 65022 65022 63737 21588 0 0 0 11822 59625 65279 65022 47289 0 0 0 0 0 0 0 0 0 0 0 0 0 0 0 0 45747 65279 65279 48574 6939 0 19532 60139 65279 65536 61167 6682 0 0 0 0 0 0 0 0 0 0 0 0 0 0 0 0 2570 43177 65022 65022 48831 40607 64251 65022 65022 56027 6682 0 0 0 0 0 0 0 0 0 0 0 0 0 0 0 0 0 0 7967 58083 65022 65279 65022 65022 65022 49859 3341 0 0 0 0 0 0 0 0 0 0 0 0 0 0 0 0 0 0 0 5911 57055 65022 65279 65022 64251 40093 4112 0 0 0 0 0 0 0 0 0 0 0 0 0 0 0 0 0 0 0 34953 55770 65022 65022 65279 54999 15934 0 0 0 0 0 0 0 0 0 0 0 0 0 0 0 0 0 0 0 6939 48574 65279 65279 65279 65279 65536 51144 0 0 0 0 0 0 0 0 0 0 0 0 0 0 0 0 0 0 0 12850 55513 65279 65022 65022 57312 41121 65279 50887 0 0 0 0 0 0 0 0 0 0 0 0 0 0 0 0 0 0 8224 58083 65022 65279 65022 33411 5397 20046 65279 52943 1542 0 0 0 0 0 0 0 0 0 0 0 0 0 0 0 0 1028 51658 65022 65022 63737 25443 2056 0 20303 65279 63994 8481 0 0 0 0 0 0 0 0 0 0 0 0 0 0 0 0 14135 65022 65022 65022 21588 0 0 3598 59625 65279 50887 0 0 0 0 0 0 0 0 0 0 0 0 0 0 0 0 0 37266 65279 65279 41892 0 0 2827 38551 65279 65536 21331 0 0 0 0 0 0 0 0 0 0 0 0 0 0 0 0 0 37266 65022 65022 54999 30840 27499 49602 65022 65022 54485 2056 0 0 0 0 0 0 0 0 0 0 0 0 0 0 0 0 0 33925 65022 65022 65022 65279 65022 65022 65022 65022 14906 0 0 0 0 0 0 0 0 0 0 0 0 0 0 0 0 0 0 8224 59368 65022 65022 65279 65022 65022 61167 28784 0 0 0 0 0 0 0 0 0 0 0 0 0 0 0 0 0 0 0 0 9252 28527 41635 50116 41635 38294 10537 0 0 0 0 0 0 0 0 0 0 0 0 0 0 0 0 0 0 0 0 0 0 0 0 0 0 0 0 0 0 0 0 0 0 0 0 0 0 0 0 0 0 0 0 0 0 0 0 0 0 0 0 0 0 0 0 0 0 0 0 0 0 0 0 0 0 0 0 0 
0 0 0 0 0 0 0 0 0 0 0 0 0 0 0 0 0 0 0 0 0 0 0 0 0 0 0 0 0 0 0 0 0 0 0 0 0 0 0 0 0 0 0 0 0 0 0 0 0 0 0 0 0 0 0 0 0 0 0 0 0 0 0 0 0 0 0 0 0 0 0 0 0 0 0 0 0 0 0 0 0 0 0 0 0 0 0 0 0 0 0 0 0 0 0 0 0 0 0 0 0 0 0 0 0 0 0 0 0 0 0 0 0 0 0 0 0 0 0 0 0 0 0 0 0 0 0 0 0 0 0 0 0 0 0 0 0 0 0 0 0 0 0 0 0 0 0 0 0 0 0 0 0 0 0 0 0 0 0 0 0 0 0 0 0 0 0 0 0 0 0 0 0 0 0 0 1542 41378 65279 65279 65536 65279 49345 22873 9509 9509 2827 0 0 0 0 0 0 0 0 0 0 0 0 0 0 0 0 0 14906 65022 43691 59882 65279 65022 65279 65022 65279 65022 58597 55770 34696 13364 5397 0 0 0 0 0 0 0 0 0 0 0 0 0 54742 43948 12079 65279 32125 8224 10794 58597 53457 18761 21588 42663 57312 65279 65279 49088 0 0 0 0 0 0 0 0 0 0 0 0 41121 9509 28013 65022 18761 0 0 21331 63994 7967 0 0 1542 14649 65279 43691 0 0 0 0 0 0 0 0 0 0 0 0 41121 9509 2827 55770 41378 1542 0 18761 65279 12079 0 0 0 0 5397 0 0 0 0 0 0 0 0 0 0 0 0 0 33154 1285 0 21331 65279 25443 0 18761 62452 9252 0 0 0 0 0 0 0 0 0 0 0 0 0 0 0 0 0 0 0 0 0 0 35981 65279 20303 35981 48060 0 0 0 0 0 0 0 0 0 0 0 0 0 0 0 0 0 0 0 0 0 0 0 1542 41121 65279 65022 32125 0 0 0 0 0 0 0 0 0 0 0 0 0 0 0 0 0 0 0 0 0 0 0 0 2827 65536 65279 16191 0 0 0 0 0 0 0 0 0 0 0 0 0 0 0 0 0 0 0 0 0 0 0 0 34696 62452 57055 50630 2827 0 0 0 0 0 0 0 0 0 0 0 0 0 0 0 0 0 0 0 0 0 0 17476 62709 32125 16191 62709 43948 2827 0 0 0 0 0 0 0 0 0 0 0 0 0 0 0 0 0 0 0 0 0 57312 49088 0 0 25443 65022 34696 0 0 0 0 0 0 0 0 0 0 0 0 0 0 0 0 0 0 0 12079 38551 50630 5397 0 0 0 37266 65279 12079 0 0 0 0 0 0 0 0 0 0 0 0 0 0 0 0 0 0 33154 43691 2827 0 0 0 0 0 54485 43691 0 0 0 0 0 0 0 0 0 0 0 0 0 0 0 0 0 257 49345 28013 0 0 0 0 0 0 14906 65279 0 0 0 0 0 0 0 0 0 0 0 0 0 0 0 0 0 5397 65022 11822 0 0 0 0 0 0 14906 65022 0 0 0 0 0 0 0 0 0 0 0 0 0 0 0 0 0 5397 62452 28013 0 0 0 0 0 2827 54742 54485 0 0 0 0 0 0 0 0 0 0 0 0 0 0 0 0 0 0 22616 62452 32125 0 0 0 0 39836 62452 9252 0 0 0 0 0 0 0 0 0 0 0 0 0 0 0 0 0 0 0 32125 62709 54485 28270 28013 38551 54485 5397 0 0 0 0 0 0 0 0 0 0 0 0 0 0 0 0 0 0 0 0 0 22616 62452 65279 54228 43948 6682 0 0 0 0 0 0 0 0 0 0 0 0 0 0 0 0 0 0 0 0 0 0 0 0 0 0 0 0 0 0 0 0 0 0 0 0 0 0 0 0 0 0 0 0 0 0 0 0 0 0 0 0 0 0 0 0 0 0 0 0 0 0 0 0 0 0 
0 0 0 0 0 0 0 0 0 0 0 0 0 0 0 0 0 0 0 0 0 0 0 0 0 0 0 0 0 0 0 0 0 0 0 0 0 0 0 0 0 0 0 0 0 0 0 0 0 0 0 0 0 0 0 0 0 0 0 0 0 0 0 0 0 0 0 0 0 0 0 0 0 0 0 0 0 0 0 0 0 0 0 0 0 0 0 0 0 0 0 0 0 0 0 0 0 0 0 0 0 0 0 0 0 0 0 0 0 0 0 0 0 0 0 0 0 0 0 0 0 0 0 0 0 0 0 0 0 0 0 0 0 0 0 0 0 0 0 0 0 0 0 0 0 0 0 0 0 0 0 0 0 0 47032 34439 0 0 0 0 0 0 0 0 0 0 0 0 0 0 0 0 0 0 0 0 0 0 0 0 0 11051 65279 20046 0 0 0 0 0 0 0 0 0 0 0 0 0 0 0 0 0 0 0 0 0 0 0 0 0 514 54742 12079 0 0 0 0 0 0 0 0 0 0 0 0 0 0 0 0 0 0 0 0 0 0 0 0 0 3855 58083 12079 0 0 0 0 0 0 0 0 0 0 0 0 0 0 0 0 0 0 0 0 0 0 0 0 0 10537 64765 12079 0 0 0 0 0 0 0 0 0 0 0 0 0 0 0 0 0 0 0 0 0 0 0 0 0 11308 65536 12079 0 0 0 0 0 0 0 0 0 0 0 0 0 0 0 0 0 0 0 0 0 0 0 0 0 31354 65279 12079 0 0 0 0 0 0 0 0 0 0 0 0 0 0 0 0 0 0 0 0 0 0 0 0 0 33411 65536 12079 0 0 0 0 0 0 0 0 0 0 0 0 0 0 0 0 0 0 0 0 0 0 0 0 0 33411 65279 12079 0 0 0 0 0 0 0 0 0 0 0 0 0 0 0 0 0 0 0 0 0 0 0 0 0 29812 65536 12079 0 0 0 0 0 0 0 0 0 0 0 0 0 0 0 0 0 0 0 0 0 0 0 0 0 55513 60396 6168 0 0 0 0 0 0 0 0 0 0 0 0 0 0 0 0 0 0 0 0 0 0 0 0 0 55513 55256 0 0 0 0 0 0 0 0 0 0 0 0 0 0 0 0 0 0 0 0 0 0 0 0 0 0 55513 55256 0 0 0 0 0 0 0 0 0 0 0 0 0 0 0 0 0 0 0 0 0 0 0 0 0 0 55513 45490 0 0 0 0 0 0 0 0 0 0 0 0 0 0 0 0 0 0 0 0 0 0 0 0 0 0 55513 33154 0 0 0 0 0 0 0 0 0 0 0 0 0 0 0 0 0 0 0 0 0 0 0 0 0 0 55513 16705 0 0 0 0 0 0 0 0 0 0 0 0 0 0 0 0 0 0 0 0 0 0 0 0 0 8995 62709 11051 0 0 0 0 0 0 0 0 0 0 0 0 0 0 0 0 0 0 0 0 0 0 0 0 0 20817 57569 3341 0 0 0 0 0 0 0 0 0 0 0 0 0 0 0 0 0 0 0 0 0 0 0 0 0 42406 46004 0 0 0 0 0 0 0 0 0 0 0 0 0 0 0 0 0 0 0 0 0 0 0 0 0 0 44976 6682 0 0 0 0 0 0 0 0 0 0 0 0 0 0 0 0 0 0 0 0 0 0 0 0 0 0 0 0 0 0 0 0 0 0 0 0 0 0 0 0 0 0 0 0 0 0 0 0 0 0 0 0 0 0 0 0 0 0 0 0 0 0 0 0 0 0 0 0 0 0 0 0 0 0 0 0 0 0 0 0 0 0 0 0 0 0 0 0 0 0 0 0 0 0 0 0 0 0 
0 0 0 0 0 0 0 0 0 0 0 0 0 0 0 0 0 0 0 0 0 0 0 0 0 0 0 0 0 0 0 0 0 0 0 0 0 0 0 0 0 0 0 0 0 0 0 0 0 0 0 0 0 0 0 0 0 0 0 0 0 0 0 0 0 0 0 0 0 0 0 0 0 0 0 0 0 0 0 0 0 0 0 0 0 0 0 0 0 0 0 0 0 0 0 0 0 0 0 0 0 0 0 0 0 0 0 0 0 0 0 0 0 0 0 0 0 0 0 0 0 0 0 0 0 0 0 0 0 0 0 0 0 0 0 0 0 0 0 0 0 0 0 0 0 0 0 0 0 0 0 0 0 2056 19532 51144 65536 33154 771 0 0 0 0 0 0 0 0 0 0 0 0 0 0 0 0 0 0 0 0 0 10537 50630 65022 65022 65022 65022 4112 0 0 10537 26728 47289 43691 5911 0 0 0 0 0 0 0 0 0 0 0 0 257 31354 60910 65022 65022 65022 65022 64508 4112 20046 39836 61424 65022 65022 65022 31868 0 0 0 0 0 0 0 0 0 0 0 257 32382 65022 65022 65022 65022 57826 26214 16705 5654 65022 65022 65022 65022 65022 58854 27242 0 0 0 0 0 0 0 0 0 0 0 31354 65022 65022 65022 61167 23130 8481 0 0 3855 58083 65022 65022 65022 65022 29041 0 0 0 0 0 0 0 0 0 0 0 9252 60910 65022 64251 48060 5654 0 0 0 0 0 12850 59882 65022 63223 39065 3598 0 0 0 0 0 0 0 0 0 0 2056 40093 65022 65022 38808 0 0 0 0 0 0 26214 56798 65022 60910 7967 0 0 0 0 0 0 0 0 0 0 0 0 9766 65022 65022 56541 3855 0 0 0 0 4883 44205 64251 65022 56541 14649 0 0 0 0 0 0 0 0 0 0 0 0 0 9252 63994 65022 64251 16962 0 0 0 15934 50887 65022 64765 35981 3341 0 0 0 0 0 0 0 0 0 0 0 0 0 0 0 25443 63480 65022 57569 16962 11308 20303 53200 65022 60139 23130 0 0 0 0 0 0 0 0 0 0 0 0 0 0 0 0 0 0 57055 65022 65022 65022 62452 61938 65022 54228 8738 0 0 0 0 0 0 0 0 0 0 0 0 0 0 0 0 0 0 0 15934 48317 63737 65022 65022 65022 65022 64251 51144 2056 0 0 0 0 0 0 0 0 0 0 0 0 0 0 0 0 0 0 0 9252 52429 65022 65022 65022 65022 65022 65022 29041 0 0 0 0 0 0 0 0 0 0 0 0 0 0 0 0 0 0 771 49088 65022 63994 23130 21845 62966 65022 65022 59625 0 0 0 0 0 0 0 0 0 0 0 0 0 0 0 0 0 5140 55770 65022 53971 17219 4369 37780 65022 65022 65022 17990 0 0 0 0 0 0 0 0 0 0 0 0 0 0 0 0 4369 54999 65022 65022 32639 9252 57312 65022 65022 65022 59111 3084 0 0 0 0 0 0 0 0 0 0 0 0 0 0 0 0 4112 54485 65022 65022 61681 59368 65022 65022 65022 59368 12850 0 0 0 0 0 0 0 0 0 0 0 0 0 0 0 0 0 9766 65022 65022 65022 65022 65022 65022 49088 27242 1028 0 0 0 0 0 0 0 0 0 0 0 0 0 0 0 0 0 0 9766 65022 65022 65022 59368 47032 30069 4626 0 0 0 0 0 0 0 0 0 0 0 0 0 0 0 0 0 0 0 0 1542 29812 49088 37266 13621 0 0 0 0 0 0 0 0 0 0 0 0 0 0 0 0 0 0 0 0 0 0 0 0 0 0 0 0 0 0 0 0 0 0 0 0 0 0 0 0 0 0 0 0 0 0 0 0 0 0 0 0 0 0 0 0 0 0 0 0 0 0 0 0 0 0 0 0 0 0 0 0 0 0 0 0 0 0 0 0 0 0 0 0 0 0 0 0 0 0 0 0 0 0 0 0 0 0 0 0 
0 0 0 0 0 0 0 0 0 0 0 0 0 0 0 0 0 0 0 0 0 0 0 0 0 0 0 0 0 0 0 0 0 0 0 0 0 0 0 0 0 0 0 0 0 0 0 0 0 0 0 0 0 0 0 0 0 0 0 0 0 0 0 0 0 0 0 0 0 0 0 0 0 0 0 0 0 0 0 0 0 0 0 0 0 0 0 0 0 0 0 0 0 0 0 0 0 0 0 0 0 0 0 0 0 0 0 0 0 0 0 0 0 0 0 0 0 0 0 0 0 0 0 0 0 0 0 0 0 0 0 0 0 0 0 0 0 0 0 0 0 0 0 0 0 0 0 0 0 0 0 0 0 0 0 0 0 7453 33411 53971 65022 62966 17219 0 0 0 0 0 0 0 0 0 0 0 0 0 0 0 0 0 0 0 18247 0 13364 59625 64765 65022 64765 64765 60910 8224 0 0 0 0 0 0 0 0 0 0 0 0 0 0 0 0 0 38551 64251 59625 62195 64765 62709 43691 41378 64508 64765 10794 0 0 0 0 0 0 0 0 0 0 0 0 0 0 0 0 17990 61424 65022 64765 64765 60653 16962 0 0 59625 64765 10794 0 0 0 0 0 0 0 0 0 0 0 0 0 0 0 4626 61424 64765 65022 64765 60396 7967 0 0 18247 63994 64765 10794 0 0 0 0 0 0 0 0 0 0 0 0 0 0 12850 51658 65022 65022 65279 61424 15934 0 0 0 22102 65022 48831 0 0 0 0 0 0 0 0 0 0 0 0 0 0 0 42149 64765 64765 64765 52429 17476 0 0 0 0 31097 64765 28270 0 0 0 0 0 0 0 0 0 0 0 0 0 0 34953 63480 64765 64765 62709 13621 0 0 0 0 1028 50116 59882 1799 0 0 0 0 0 0 0 0 0 0 0 0 0 6939 56027 64765 64765 60653 16962 0 0 0 0 0 29298 64765 59368 0 0 0 0 0 0 0 0 0 0 0 0 0 0 38551 65022 64765 62709 28527 0 0 0 0 0 0 60653 64765 25443 0 0 0 0 0 0 0 0 0 0 0 0 0 2827 56284 65279 65022 43691 0 0 0 0 0 2827 56284 65536 38808 0 0 0 0 0 0 0 0 0 0 0 0 0 0 25443 64765 65022 57569 10280 0 0 0 0 2056 43948 64765 47803 4112 0 0 0 0 0 0 0 0 0 0 0 0 0 2827 54228 64765 64251 28270 0 0 0 0 11051 46518 64765 48831 13621 0 0 0 0 0 0 0 0 0 0 0 0 0 0 5654 64765 64765 35981 0 0 0 0 9766 43948 64765 60653 7967 0 0 0 0 0 0 0 0 0 0 0 0 0 0 0 28270 64765 64765 15934 0 0 0 11565 60653 64765 62709 16962 0 0 0 0 0 0 0 0 0 0 0 0 0 0 0 0 48574 65022 65022 0 0 5654 29298 60653 65536 61424 15934 0 0 0 0 0 0 0 0 0 0 0 0 0 0 0 0 16448 63480 64765 64765 22102 31097 56798 64765 64765 52429 17476 0 0 0 0 0 0 0 0 0 0 0 0 0 0 0 0 0 35210 64765 64765 64765 65022 64765 64765 61167 36752 2313 0 0 0 0 0 0 0 0 0 0 0 0 0 0 0 0 0 2827 52943 63480 52686 64765 65022 59368 46261 7196 0 0 0 0 0 0 0 0 0 0 0 0 0 0 0 0 0 0 0 11051 64765 36752 2827 10794 10794 7196 0 0 0 0 0 0 0 0 0 0 0 0 0 0 0 0 0 0 0 0 0 0 0 0 0 0 0 0 0 0 0 0 0 0 0 0 0 0 0 0 0 0 0 0 0 0 0 0 0 0 0 0 0 0 0 0 0 0 0 0 0 0 0 0 0 0 0 0 0 0 0 0 0 0 0 0 0 0 0 0 0 0 0 0 0 0 0 0 0 0 0 0 0 0 0 0 0 0 0 0 0 
0 0 0 0 0 0 0 0 0 0 0 0 0 0 0 0 0 0 0 0 0 0 0 0 0 0 0 0 0 0 0 0 0 0 0 0 0 0 0 0 0 0 0 0 0 0 0 0 0 0 0 0 0 0 0 0 0 0 0 0 0 0 0 0 0 0 0 0 0 0 0 0 0 0 0 0 0 0 0 0 0 0 0 0 0 0 0 0 0 0 0 0 0 0 0 0 0 0 0 0 0 0 0 0 0 0 0 0 0 0 0 0 0 0 0 0 0 0 0 0 26985 65279 65279 65279 46775 49859 39836 14649 2827 0 0 0 0 0 0 0 0 0 0 0 0 0 0 0 0 0 0 0 16191 62709 65022 65022 64251 65022 65022 65022 56027 47803 5397 0 0 0 0 0 0 0 0 0 0 0 0 0 0 0 0 0 0 2056 22873 22873 22616 61681 61167 65022 65022 65022 54742 20817 0 0 0 0 0 0 0 0 0 0 0 0 0 0 0 0 0 0 0 0 0 6939 6939 8738 29555 40350 64251 62709 20817 0 0 0 0 0 0 0 0 0 0 0 0 0 0 0 0 0 0 0 0 0 0 0 0 0 54999 65022 48574 0 0 0 0 0 0 0 0 0 0 0 0 0 0 0 0 0 0 0 0 0 0 0 0 2056 56284 65022 55770 0 0 0 0 0 0 0 0 0 0 0 0 0 0 0 0 0 0 0 0 0 0 0 514 32125 65022 65022 32897 0 0 0 0 0 0 0 0 0 0 0 0 0 0 0 0 0 0 0 0 0 0 0 5397 65022 65022 55256 4883 0 0 0 0 0 0 0 0 0 0 0 0 0 0 0 0 0 0 0 0 0 0 4883 41121 65022 65022 27756 0 0 0 0 0 0 0 0 0 0 0 0 0 0 0 0 0 0 0 0 0 11308 48060 64251 65022 65022 31354 514 0 0 0 0 0 0 0 0 0 0 0 0 0 0 0 0 0 0 0 771 10023 58083 65022 65022 65022 41635 2056 0 0 0 0 0 0 0 0 0 0 0 0 0 0 0 0 0 0 0 4626 50887 65022 65022 65022 56027 28784 0 0 0 0 0 0 0 0 0 0 0 0 0 0 0 0 0 0 0 0 5911 58083 65022 65022 47289 45233 15163 0 0 0 0 0 0 0 0 0 0 0 0 0 0 0 0 0 0 0 0 4626 50373 65022 65022 50630 1285 0 0 0 0 0 0 0 0 0 0 0 0 0 0 0 0 0 0 0 0 0 0 29555 65279 65022 51658 29041 0 0 0 0 0 0 0 0 0 0 0 0 0 0 0 0 0 0 0 0 0 0 0 42149 65022 65022 23901 0 0 0 0 0 0 0 0 0 0 0 0 0 0 0 0 0 0 0 0 0 0 0 0 42149 65279 65022 9766 0 0 0 0 3598 2313 8995 8995 5654 8995 8995 5911 0 0 0 0 0 0 0 0 0 0 0 0 17476 61938 65022 56798 48574 48574 48574 48574 55256 52686 65022 65022 58597 65022 56027 32897 0 0 0 0 0 0 0 0 0 0 0 0 0 26471 61681 65022 65022 65022 65279 65022 65022 65022 59882 46518 40607 35467 3341 771 0 0 0 0 0 0 0 0 0 0 0 0 0 0 9766 27242 48060 40864 29555 34439 33925 13878 7710 0 0 0 0 0 0 0 0 0 0 0 0 0 0 0 0 0 0 0 0 0 0 0 0 0 0 0 0 0 0 0 0 0 0 0 0 0 0 0 0 0 0 0 0 0 0 0 0 0 0 0 0 0 0 0 0 0 0 0 0 0 0 0 0 0 0 0 0 0 0 0 0 0 0 0 0 0 0 0 0 0 0 0 0 0 0 0 0 0 0 0 0 0 0 0 0 0 0 0 0 0 0 0 0 0 0 0 0 0 0 0 0 0 0 0 0 0 0 0 0 0 
0 0 0 0 0 0 0 0 0 0 0 0 0 0 0 0 0 0 0 0 0 0 0 0 0 0 0 0 0 0 0 0 0 0 0 0 0 0 0 0 0 0 0 0 0 0 0 0 0 0 0 0 0 0 0 0 0 0 0 0 0 0 0 0 0 0 0 0 0 0 0 0 0 0 0 0 0 0 0 0 0 0 0 0 0 0 0 0 0 0 0 0 0 0 0 0 0 0 0 0 0 0 0 0 0 0 0 0 0 0 0 0 0 0 0 0 0 0 0 0 0 0 0 0 0 0 0 0 0 0 0 0 0 0 0 0 0 0 0 0 0 0 0 0 0 0 0 0 0 0 0 0 0 0 0 0 0 0 0 0 0 0 0 0 0 0 0 0 0 0 0 0 0 0 0 0 0 0 0 0 3341 10537 36238 45747 65022 62195 15420 0 0 0 0 0 0 0 0 0 0 0 0 0 0 0 0 0 0 0 0 4883 49859 65022 64765 64765 64765 65022 53457 3341 0 0 0 0 0 0 0 0 0 0 0 0 0 0 0 0 0 0 0 44205 64765 65022 59882 43177 17476 45747 64765 53714 15163 0 0 0 0 0 0 0 0 0 0 0 0 0 0 0 0 0 25957 63223 64765 58597 5654 0 0 20303 64765 64765 35724 0 0 0 0 0 0 0 0 0 0 0 0 0 0 0 0 7453 65022 65022 65022 6682 4883 7453 32897 65536 65022 65022 32897 0 0 0 0 0 0 0 0 0 0 0 0 0 0 0 0 5654 60139 64765 64765 62709 57826 64765 64765 65022 64765 59882 5654 0 0 0 0 0 0 0 0 0 0 0 0 0 0 0 0 0 16191 60139 64765 65022 64765 64765 64765 65022 64765 20560 0 0 0 0 0 0 0 0 0 0 0 0 0 0 0 0 0 0 0 5654 7196 7196 20046 64765 64765 65022 38808 1542 0 0 0 0 0 0 0 0 0 0 0 0 0 0 0 0 0 0 0 0 0 1028 32897 65022 65022 54999 0 0 0 0 0 0 0 0 0 0 0 0 0 0 0 0 0 0 0 0 0 0 0 13878 64765 64765 58340 9766 0 0 0 0 0 0 0 0 0 0 0 0 0 0 0 0 0 0 0 0 0 0 9766 58854 64765 64765 35724 0 0 0 0 0 0 0 0 0 0 0 0 0 0 0 0 0 0 0 0 0 0 0 54742 65022 64765 54999 7196 0 0 0 0 0 0 0 0 0 0 0 0 0 0 0 0 0 0 0 0 0 0 37780 65022 65279 63480 12850 0 0 0 0 0 0 0 0 0 0 0 0 0 0 0 0 0 0 0 0 0 0 9766 60139 64765 60139 16705 0 0 0 0 0 0 0 0 0 0 0 0 0 0 0 0 0 0 0 0 0 0 5911 53714 64765 64765 48060 0 0 0 0 0 0 0 0 0 0 0 0 0 0 0 0 0 0 0 0 0 0 0 20303 64765 64765 51915 3341 0 0 0 0 0 0 0 0 0 0 0 0 0 0 0 0 0 0 0 0 0 0 0 36238 65022 65022 32897 0 0 0 0 0 0 0 0 0 0 0 0 0 0 0 0 0 0 0 0 0 0 0 0 36238 64765 64765 13621 0 0 0 0 0 0 0 0 0 0 0 0 0 0 0 0 0 0 0 0 0 0 0 0 36238 64765 64765 35724 0 0 0 0 0 0 0 0 0 0 0 0 0 0 0 0 0 0 0 0 0 0 0 0 23387 64765 54999 7196 0 0 0 0 0 0 0 0 0 0 0 0 0 0 0 0 0 0 0 0 0 0 0 0 0 0 0 0 0 0 0 0 0 0 0 0 0 0 0 0 0 0 0 0 0 0 0 0 0 0 0 0 0 0 0 0 0 0 0 0 0 0 0 0 0 0 0 0 0 0 0 
0 0 0 0 0 0 0 0 0 0 0 0 0 0 0 0 0 0 0 0 0 0 0 0 0 0 0 0 0 0 0 0 0 0 0 0 0 0 0 0 0 0 0 0 0 0 0 0 0 0 0 0 0 0 0 0 0 0 0 0 0 0 0 0 0 0 0 0 0 0 0 0 0 0 0 0 0 0 0 0 0 0 0 0 0 0 0 0 0 0 0 0 0 0 0 0 0 0 0 0 0 0 0 0 0 0 0 0 0 0 0 0 0 0 0 0 0 0 0 0 0 0 0 0 0 0 41892 65536 8224 0 0 0 0 0 0 0 0 0 0 0 0 0 0 0 0 0 0 0 0 0 0 0 0 1285 48831 65022 31868 0 0 0 0 0 0 0 0 0 0 0 0 0 0 0 0 0 0 0 0 0 0 0 0 4369 65022 65022 56027 0 0 0 0 0 0 0 0 0 0 0 0 0 0 0 0 0 0 0 0 0 0 0 0 8995 65022 65022 59625 0 0 0 0 0 0 0 0 0 0 0 0 0 0 0 0 0 0 0 0 0 0 0 0 32125 65022 65022 59625 0 0 0 0 0 0 0 0 0 0 0 0 0 0 0 0 0 0 0 0 0 0 0 0 44976 65022 65022 34439 0 0 0 0 0 0 0 0 0 0 0 0 0 0 0 0 0 0 0 0 0 0 0 0 59882 65022 65022 31868 0 0 0 0 0 0 0 0 0 0 0 0 0 0 0 0 0 0 0 0 0 0 0 17219 63994 65022 65022 31868 0 0 9766 0 0 0 0 0 0 0 0 0 0 0 0 0 0 0 0 0 0 0 0 22359 65022 65022 65022 18247 0 0 28013 0 0 0 0 0 0 0 0 0 0 0 0 0 0 0 0 0 0 0 0 40093 65022 65022 65022 4112 0 0 28013 0 0 0 0 0 0 0 0 0 0 0 0 0 0 0 0 0 0 0 4626 55513 65022 65022 46261 1028 0 0 28013 0 0 0 0 0 0 0 0 0 0 0 0 0 0 0 0 0 0 0 15163 65022 65022 65022 15420 0 0 0 28013 0 0 0 0 0 0 0 0 0 0 0 0 0 0 0 0 0 0 0 40350 65022 65022 65022 13878 0 0 0 28013 0 0 0 0 0 0 0 0 0 0 0 0 0 0 0 0 0 0 0 40350 65022 65022 59882 8481 0 0 0 28013 0 0 0 0 0 0 0 0 0 0 0 0 0 0 0 0 0 0 2827 64251 65022 65022 51144 0 0 0 0 28013 0 0 0 0 0 0 0 0 0 0 0 0 0 0 0 0 0 0 22102 65022 65022 65022 32382 0 0 0 0 20817 0 0 0 0 0 0 0 0 0 0 0 0 0 0 0 0 0 0 30840 65022 65022 63480 14135 0 0 0 0 0 0 0 0 0 0 0 0 0 0 0 0 0 0 0 0 0 0 0 15420 65022 65022 60910 0 0 0 0 0 0 0 0 0 0 0 0 0 0 0 0 0 0 0 0 0 0 0 0 2827 65022 65022 60910 0 0 0 0 0 0 0 0 0 0 0 0 0 0 0 0 0 0 0 0 0 0 0 0 1799 54485 65022 37009 0 0 0 0 0 0 0 0 0 0 0 0 0 0 0 0 0 0 0 0 0 0 0 0 0 0 0 0 0 0 0 0 0 0 0 0 0 0 0 0 0 0 0 0 0 0 0 0 0 0 0 0 0 0 0 0 0 0 0 0 0 0 0 0 0 0 0 0 0 0 0 0 0 0 0 0 0 0 0 0 0 0 0 0 0 0 0 0 0 0 0 0 0 0 0 0 0 0 0 0 0 0 0 0 0 0 0 0 0 0 0 0 0 0 0 0 0 0 0 0 0 0 0 0 0 0 
0 0 0 0 0 0 0 0 0 0 0 0 0 0 0 0 0 0 0 0 0 0 0 0 0 0 0 0 0 0 0 0 0 0 0 0 0 0 0 0 0 0 0 0 0 0 0 0 0 0 0 0 0 0 0 0 0 0 0 0 0 0 0 0 0 0 0 0 0 0 0 0 0 0 0 0 0 0 0 0 0 0 0 0 0 0 0 0 0 0 0 0 0 0 0 0 0 0 0 0 0 0 0 0 0 0 0 0 0 0 0 0 0 0 0 0 0 0 0 0 0 0 35724 65536 65279 44719 2313 0 0 0 0 0 0 0 0 0 0 0 0 0 0 0 0 0 0 0 0 0 0 2056 41121 65022 65022 65022 52686 22873 0 0 0 0 0 0 0 0 0 0 0 0 0 0 0 0 0 0 0 0 0 32897 65022 65022 65022 65022 65022 62452 37523 4626 0 0 0 0 0 0 0 0 0 0 0 0 0 0 0 0 0 0 23387 64508 65022 65022 65022 65022 65022 65022 65022 46261 0 0 0 0 0 0 0 0 0 0 0 0 0 0 0 0 0 0 30069 65022 65022 65022 65022 65022 65022 65022 65022 60653 23130 5397 0 0 0 0 0 0 0 0 0 0 0 0 0 0 0 0 63480 65022 65022 65022 65022 65022 65022 65022 65022 65022 65022 35210 0 0 0 0 0 0 0 0 0 0 0 0 0 0 0 12850 63994 65022 65022 65022 20303 3598 39836 45233 65022 65022 65022 63480 22359 0 0 0 0 0 0 0 0 0 0 0 0 0 8738 57569 65022 65022 60653 59625 17476 0 0 5397 60910 65022 65022 65022 51144 3084 0 0 0 0 0 0 0 0 0 0 0 0 12079 65022 65022 65022 29555 10537 8481 0 0 0 15420 61167 65022 65022 65022 23644 0 0 0 0 0 0 0 0 0 0 0 0 12079 65022 65022 61938 20560 0 0 0 0 0 0 45233 65022 65022 65022 35467 0 0 0 0 0 0 0 0 0 0 0 0 12079 65022 65022 54999 0 0 0 0 0 0 0 5397 46261 65022 65022 63223 3598 0 0 0 0 0 0 0 0 0 0 0 12079 65022 65022 54999 0 0 0 0 0 0 0 0 4112 65022 65022 65022 37266 0 0 0 0 0 0 0 0 0 0 0 12079 65022 65022 57826 8224 0 0 0 0 0 0 0 514 33668 65022 65022 37266 0 0 0 0 0 0 0 0 0 0 0 12079 65022 65022 65022 31611 2827 0 0 0 0 0 0 0 29812 65022 63737 12336 0 0 0 0 0 0 0 0 0 0 0 12079 65022 65022 65022 65022 53200 29812 29812 2570 0 0 0 2056 45747 65022 62966 0 0 0 0 0 0 0 0 0 0 0 0 9252 49088 64508 65022 65022 65022 65022 65022 56284 51915 35210 55513 56027 65022 65022 64251 22873 0 0 0 0 0 0 0 0 0 0 0 0 0 38037 65022 65022 65022 65022 65022 65022 65022 65022 65022 65022 65022 65022 62966 0 0 0 0 0 0 0 0 0 0 0 0 0 0 13878 41378 65022 65022 65022 65022 65022 65022 65022 65022 65022 65022 65022 62966 0 0 0 0 0 0 0 0 0 0 0 0 0 0 0 1799 33154 51144 56541 46004 65022 65022 65022 65022 65022 65022 43434 11308 0 0 0 0 0 0 0 0 0 0 0 0 0 0 0 0 0 0 18761 25443 61681 65022 65022 65022 62709 25443 3855 0 0 0 0 0 0 0 0 0 0 0 0 0 0 0 0 0 0 0 0 0 0 0 0 0 0 0 0 0 0 0 0 0 0 0 0 0 0 0 0 0 0 0 0 0 0 0 0 0 0 0 0 0 0 0 0 0 0 0 0 0 0 0 0 0 0 0 0 0 0 0 0 0 0 0 0 0 0 0 0 0 0 0 0 0 0 0 0 0 0 0 0 0 0 0 0 0 0 0 0 0 0 0 0 0 0 0 0 0 0 0 0 0 0 0 0 0 0 0 
0 0 0 0 0 0 0 0 0 0 0 0 0 0 0 0 0 0 0 0 0 0 0 0 0 0 0 0 0 0 0 0 0 0 0 0 0 0 0 0 0 0 0 0 0 0 0 0 0 0 0 0 0 0 0 0 0 0 0 0 0 0 0 0 0 0 0 0 0 0 0 0 0 0 0 0 0 0 0 0 0 0 0 0 0 0 0 0 0 0 0 0 0 0 0 0 0 0 0 0 0 0 0 0 0 0 0 0 0 0 0 0 0 0 0 0 0 0 0 0 0 0 0 0 0 0 0 0 0 0 0 0 0 0 0 0 0 0 0 0 0 0 0 0 0 0 0 0 18247 48317 65536 65279 55770 24415 0 0 0 0 0 0 0 0 0 0 0 0 0 0 0 0 0 0 0 0 19018 48831 62966 65022 65022 65022 65022 63994 56284 10794 0 0 0 0 0 0 0 0 0 0 0 0 0 0 0 0 18247 49088 62709 65022 63994 27499 10280 10280 10280 39836 65022 58340 10023 0 0 0 0 0 0 0 0 0 0 0 0 0 0 30840 63994 60910 50887 26985 14906 0 0 0 0 3084 47803 65022 57312 2570 0 0 0 0 0 0 0 0 0 0 0 0 0 60653 61681 39322 0 0 0 0 0 0 0 0 17733 61167 65022 3341 0 0 0 0 0 0 0 0 0 0 0 0 0 12336 16448 0 0 0 0 0 0 0 0 0 0 37009 65022 3341 0 0 0 0 0 0 0 0 0 0 0 0 0 0 0 0 0 0 0 0 0 0 0 0 3855 51401 65022 3341 0 0 0 0 0 0 0 0 0 0 0 0 0 0 0 0 0 0 0 0 12336 59882 63737 63737 63737 65022 65022 3341 0 0 0 0 0 0 0 0 0 0 0 0 0 0 0 0 0 0 0 0 28527 65022 65022 65022 65022 65022 65022 15934 0 0 0 0 0 0 0 0 0 0 0 0 0 0 0 0 0 0 0 0 5397 43691 47289 47289 47289 47289 47289 59368 35724 0 0 0 0 0 0 0 0 0 0 0 0 0 0 0 0 0 0 0 0 0 0 0 0 0 0 35981 59368 39065 3855 0 0 0 0 0 0 0 0 0 0 0 0 0 0 0 0 0 0 0 0 0 0 0 0 9252 55770 65022 19275 0 0 0 0 0 0 0 0 0 0 0 0 0 0 0 0 0 0 0 0 0 0 0 0 0 20817 64765 45233 14135 0 0 0 0 0 0 0 0 0 0 0 0 0 0 0 0 0 0 0 0 0 0 0 0 0 33925 65022 41635 0 0 0 0 0 0 0 0 0 0 0 0 0 0 0 0 0 0 0 0 0 0 0 0 0 1028 46775 59625 0 0 0 0 0 0 0 0 0 0 0 0 0 0 0 0 0 0 0 4112 21331 39836 0 0 0 0 46004 64251 25957 0 0 0 0 0 0 0 0 0 0 0 0 0 0 0 0 5654 44719 53971 63223 28784 0 0 0 0 46004 65022 29812 0 0 0 0 0 0 0 0 0 0 0 0 0 0 0 0 47803 65022 65022 62966 44976 28013 46004 46004 46004 59368 61424 8738 0 0 0 0 0 0 0 0 0 0 0 0 0 0 0 0 34182 61167 65022 65022 65022 65022 65022 65022 65022 61424 35724 0 0 0 0 0 0 0 0 0 0 0 0 0 0 0 0 0 0 8224 29812 29812 30840 47803 29812 29812 29812 8738 0 0 0 0 0 0 0 0 0 0 0 0 0 0 0 0 0 0 0 0 0 0 0 0 0 0 0 0 0 0 0 0 0 0 0 0 0 0 0 0 0 0 0 0 0 0 0 0 0 0 0 0 0 0 0 0 0 0 0 0 0 0 0 0 0 0 0 0 0 0 0 0 0 0 0 0 0 0 0 0 0 0 0 0 0 0 0 0 0 0 0 
0 0 0 0 0 0 0 0 0 0 0 0 0 0 0 0 0 0 0 0 0 0 0 0 0 0 0 0 0 0 0 0 0 0 0 0 0 0 0 0 0 0 0 0 0 0 0 0 0 0 0 0 0 0 0 0 0 0 0 0 0 0 0 0 0 0 0 0 0 0 0 0 0 0 0 0 0 0 0 0 0 0 0 0 0 0 0 0 0 0 0 0 0 0 0 0 0 0 0 0 0 0 0 0 0 0 0 0 0 0 0 0 0 0 0 0 0 0 0 0 0 0 0 0 0 0 0 0 0 0 0 0 0 0 0 0 0 0 0 0 0 0 0 0 0 0 0 0 0 0 0 0 0 0 0 0 0 0 0 0 0 0 0 0 0 0 0 0 0 0 0 0 0 0 0 0 0 0 0 13107 33925 54999 65022 65279 44205 21074 0 0 0 0 0 0 0 0 0 0 0 0 0 0 0 0 0 0 0 5397 36495 65022 64765 65022 64765 65022 64765 62452 10280 0 0 0 0 0 0 0 0 0 0 0 0 0 0 0 0 0 15934 54999 65022 65279 44205 26214 26214 31611 62452 65279 28784 0 0 0 0 0 0 0 0 0 0 0 0 0 0 0 0 5397 52172 65022 64765 23387 2570 0 0 0 31354 65022 38808 0 0 0 0 0 0 0 0 0 0 0 0 0 0 0 0 39322 65022 57569 5140 0 0 0 0 0 26214 65279 23387 0 0 0 0 0 0 0 0 0 0 0 0 0 0 0 0 49602 64765 31354 0 0 0 0 0 5397 41635 65022 12850 0 0 0 0 0 0 0 0 0 0 0 0 0 0 0 0 65279 65022 0 0 0 0 0 0 18504 65022 65279 28784 0 0 0 0 0 0 0 0 0 0 0 0 0 0 0 0 65022 64765 0 0 0 0 0 10537 59882 64765 65022 38808 0 0 0 0 0 0 0 0 0 0 0 0 0 0 0 0 49602 65022 33925 2570 0 10537 29041 49602 65279 65022 65279 38808 0 0 0 0 0 0 0 0 0 0 0 0 0 0 0 0 39065 64765 65022 54485 52172 62452 65022 64765 65022 64765 65022 38808 0 0 0 0 0 0 0 0 0 0 0 0 0 0 0 0 5397 52172 65279 65022 65279 65022 62709 41635 10537 52172 65279 44205 0 0 0 0 0 0 0 0 0 0 0 0 0 0 0 0 0 5140 28784 38808 38808 17990 10280 0 0 52172 65022 64765 0 0 0 0 0 0 0 0 0 0 0 0 0 0 0 0 0 0 0 0 0 0 0 0 0 36495 65279 59882 0 0 0 0 0 0 0 0 0 0 0 0 0 0 0 0 0 0 0 0 0 0 0 0 0 26214 65022 38808 0 0 0 0 0 0 0 0 0 0 0 0 0 0 0 0 0 0 0 0 0 0 0 0 0 26214 65279 65022 0 0 0 0 0 0 0 0 0 0 0 0 0 0 0 0 0 0 0 0 0 0 0 0 0 26214 65022 64765 0 0 0 0 0 0 0 0 0 0 0 0 0 0 0 0 0 0 0 0 0 0 0 0 0 21074 65536 65022 0 0 0 0 0 0 0 0 0 0 0 0 0 0 0 0 0 0 0 0 0 0 0 0 0 10537 65022 64765 0 0 0 0 0 0 0 0 0 0 0 0 0 0 0 0 0 0 0 0 0 0 0 0 0 52429 65536 44205 0 0 0 0 0 0 0 0 0 0 0 0 0 0 0 0 0 0 0 0 0 0 0 0 0 41635 59882 7710 0 0 0 0 0 0 0 0 0 0 0 0 0 0 0 0 0 0 0 0 0 0 0 0 0 0 0 0 0 0 0 0 0 0 0 0 0 0 0 0 0 0 0 0 0 0 0 0 0 0 0 0 0 0 0 0 0 0 0 0 0 0 0 0 0 
0 0 0 0 0 0 0 0 0 0 0 0 0 0 0 0 0 0 0 0 0 0 0 0 0 0 0 0 0 0 0 0 0 0 0 0 0 0 0 0 0 0 0 0 0 0 0 0 0 0 0 0 0 0 0 0 0 0 0 0 0 0 0 0 0 0 0 0 0 0 0 0 0 0 0 0 0 0 0 0 0 0 0 0 0 0 0 0 0 0 0 0 0 0 0 0 0 0 0 0 0 0 0 0 0 0 0 0 0 0 0 0 0 0 0 0 0 0 0 0 0 0 0 0 0 0 0 0 0 0 0 0 0 0 0 0 0 0 0 0 0 0 0 0 0 0 0 0 0 0 0 0 0 0 0 0 0 0 0 0 0 0 0 0 0 0 0 0 0 0 0 0 0 0 0 0 0 0 0 0 0 0 0 0 0 0 0 0 0 0 0 0 0 0 0 0 0 0 0 0 0 0 0 22102 65022 46004 7453 1799 0 0 0 0 0 0 0 0 0 0 0 0 0 0 0 0 0 0 0 0 0 0 0 21845 64765 65022 64765 48060 43434 27756 33668 43434 43434 43691 43434 33668 14649 0 0 0 0 0 0 0 0 0 0 0 0 0 0 34439 64765 65022 64765 64765 64765 65022 64765 64765 64765 65022 64765 64765 64765 45233 0 0 0 0 0 0 0 0 0 0 0 0 0 21845 64765 45747 26471 35724 35724 65022 64765 64765 64765 35981 42406 64765 64765 64251 19275 0 0 0 0 0 0 0 0 0 0 0 0 22102 65022 29298 0 0 0 0 0 0 0 0 11565 58854 65022 54999 0 0 0 0 0 0 0 0 0 0 0 0 0 21845 64765 29041 0 0 0 0 0 0 0 0 43434 64765 64765 9766 0 0 0 0 0 0 0 0 0 0 0 0 0 21845 64765 6425 0 0 0 0 0 0 0 15420 60139 64765 54999 0 0 0 0 0 0 0 0 0 0 0 0 0 0 21845 64765 0 0 0 0 0 0 0 0 49088 64765 54999 7196 0 0 0 0 0 0 0 0 0 0 0 0 0 0 0 0 0 0 0 0 0 0 0 3341 65536 63480 38551 0 0 0 0 0 0 0 0 0 0 0 0 0 0 0 0 0 0 0 0 0 0 0 4883 49859 65022 31097 0 0 0 0 0 0 0 0 0 0 0 0 0 0 0 0 0 0 0 0 0 0 0 0 31611 64765 49859 4883 0 0 0 0 0 0 0 0 0 0 0 0 0 0 0 0 0 0 0 0 0 0 0 13107 63223 64765 3341 0 0 0 0 0 0 0 0 0 0 0 0 0 0 0 0 0 0 0 0 0 0 0 7453 55513 65022 48831 0 0 0 0 0 0 0 0 0 0 0 0 0 0 0 0 0 0 0 0 0 0 0 0 42663 64765 64765 29555 0 0 0 0 0 0 0 0 0 0 0 0 0 0 0 0 0 0 0 0 0 0 0 9766 65022 64765 47803 1542 0 0 0 0 0 0 0 0 0 0 0 0 0 0 0 0 0 0 0 0 0 0 9766 57826 65022 64765 17476 0 0 0 0 0 0 0 0 0 0 0 0 0 0 0 0 0 0 0 0 0 0 0 37780 65022 64508 19275 0 0 0 0 0 0 0 0 0 0 0 0 0 0 0 0 0 0 0 0 0 0 0 3341 53714 64765 38551 0 0 0 0 0 0 0 0 0 0 0 0 0 0 0 0 0 0 0 0 0 0 0 0 3341 53714 64765 29041 0 0 0 0 0 0 0 0 0 0 0 0 0 0 0 0 0 0 0 0 0 0 0 0 0 24929 51915 16191 0 0 0 0 0 0 0 0 0 0 0 0 0 0 0 0 0 0 0 0 0 0 0 0 0 0 0 0 0 0 0 0 0 0 0 0 0 0 0 0 0 0 
0 0 0 0 0 0 0 0 0 0 0 0 0 0 0 0 0 0 0 0 0 0 0 0 0 0 0 0 0 0 0 0 0 0 0 0 0 0 0 0 0 0 0 0 0 0 0 0 0 0 0 0 0 0 0 0 0 0 0 0 0 0 0 0 0 0 0 0 0 0 0 0 0 0 0 0 0 0 0 0 0 0 0 0 0 0 0 0 0 0 0 0 0 0 0 0 0 0 0 0 0 0 0 0 0 0 0 0 0 0 0 0 0 0 0 0 0 0 0 0 0 0 0 0 0 8481 57826 65536 29555 1285 0 0 0 0 0 0 0 0 0 0 0 0 0 0 0 0 0 0 0 0 0 0 2313 33925 65022 65022 65022 54742 23644 2056 0 0 0 0 0 0 0 0 0 0 0 0 0 0 0 0 0 0 0 1028 47546 65022 65022 65022 65022 65022 65022 53971 5911 0 0 0 0 0 0 0 0 0 0 0 0 0 0 0 0 0 9766 43434 65022 65022 63480 33668 37009 60910 65022 65022 53971 2827 0 0 0 0 0 0 0 0 0 0 0 0 0 0 0 10023 56541 65022 65022 55256 18504 0 0 8738 59368 65022 65022 27756 514 0 0 0 0 0 0 0 0 0 0 0 0 0 5911 44976 65022 65022 62966 26471 0 0 0 0 32125 63994 65022 65022 3084 0 0 0 0 0 0 0 0 0 0 0 0 4369 56541 65022 65022 62966 26471 0 0 0 0 0 0 51915 65022 65022 3084 0 0 0 0 0 0 0 0 0 0 0 0 12850 65022 65022 65022 46004 0 0 0 0 0 0 0 25700 65022 65022 3084 0 0 0 0 0 0 0 0 0 0 0 0 38294 65022 65022 57055 6168 0 0 0 0 0 0 0 25700 65022 65022 3084 0 0 0 0 0 0 0 0 0 0 0 11565 58083 65022 65022 30583 0 0 0 0 0 0 0 0 25700 65022 65022 3084 0 0 0 0 0 0 0 0 0 0 0 36752 65022 65022 57826 5397 0 0 0 0 0 0 0 0 25700 65022 43177 771 0 0 0 0 0 0 0 0 0 0 0 36752 65022 65022 30583 0 0 0 0 0 0 0 0 0 34953 65022 11565 0 0 0 0 0 0 0 0 0 0 0 2827 59625 65022 65022 23901 0 0 0 0 0 0 0 0 0 57312 56541 3084 0 0 0 0 0 0 0 0 0 0 0 3341 65022 65022 65022 23901 0 0 0 0 0 0 0 0 31097 63737 60653 3855 0 0 0 0 0 0 0 0 0 0 0 3341 65022 65022 65022 23901 0 0 0 0 0 0 0 20046 59111 65022 65022 4626 0 0 0 0 0 0 0 0 0 0 0 2056 53971 65022 65022 55513 8738 0 0 0 0 0 18504 63737 65022 65022 54485 2827 0 0 0 0 0 0 0 0 0 0 0 0 21588 53971 65022 65022 55513 27242 7967 0 0 8224 39065 65022 65022 65022 9252 0 0 0 0 0 0 0 0 0 0 0 0 0 0 5911 53971 65022 65022 65022 61938 60653 60653 61938 65022 65022 65022 53714 3598 0 0 0 0 0 0 0 0 0 0 0 0 0 0 0 21588 53971 65022 65022 65022 65022 65022 65022 65022 65022 53971 5654 0 0 0 0 0 0 0 0 0 0 0 0 0 0 0 0 0 5654 33154 54999 65022 65022 65022 65022 65022 38551 5397 0 0 0 0 0 0 0 0 0 0 0 0 0 0 0 0 0 0 0 0 0 0 0 0 0 0 0 0 0 0 0 0 0 0 0 0 0 0 0 0 0 0 0 0 0 0 0 0 0 0 0 0 0 0 0 0 0 0 0 0 0 0 0 0 0 0 0 0 0 0 0 0 0 0 0 0 0 0 0 0 0 0 0 0 0 0 0 0 0 0 0 0 0 0 0 0 0 0 0 0 0 0 0 0 0 0 0 0 0 0 0 0 0 0 0 0 0 0 0 0 0 
0 0 0 0 0 0 0 0 0 0 0 0 0 0 0 0 0 0 0 0 0 0 0 0 0 0 0 0 0 0 0 0 0 0 0 0 0 0 0 0 0 0 0 0 0 0 0 0 0 0 0 0 0 0 0 0 0 0 0 0 0 0 0 0 0 0 0 0 0 0 0 0 0 0 0 0 0 0 0 0 0 0 0 0 0 0 0 0 0 0 0 0 0 0 0 0 0 0 0 0 0 0 0 0 0 0 0 0 0 0 0 0 0 0 0 0 0 0 0 0 0 0 0 0 0 0 0 0 0 0 0 0 0 0 0 0 0 0 0 0 0 0 0 0 0 0 0 0 0 0 0 0 26471 50116 34953 2056 0 0 0 0 0 0 0 0 0 0 0 0 0 0 0 0 0 0 0 0 0 0 0 20303 64251 65279 59368 6168 0 0 0 4369 9766 514 0 0 0 0 0 0 0 0 0 0 0 0 0 0 0 0 1028 62966 65279 64251 14392 0 0 0 0 38808 65279 51401 7453 0 0 0 0 0 0 0 0 0 0 0 0 0 0 1542 43691 65279 65279 33668 0 0 0 0 3855 56798 65279 65279 9509 0 0 0 0 0 0 0 0 0 0 0 0 0 2313 42920 65279 65279 56541 7453 0 0 0 0 12336 65279 65279 65279 9509 0 0 0 0 0 0 0 0 0 0 0 0 0 23130 65279 65279 65279 23130 0 0 0 0 0 32125 65279 65279 51401 1799 0 0 0 0 0 0 0 0 0 0 0 0 6682 54999 65279 65279 46775 2827 0 0 0 0 0 53457 65279 65279 26471 0 0 0 0 0 0 0 0 0 0 0 0 0 19532 65279 65279 60396 2570 0 0 0 0 0 19018 65022 65279 65279 3084 0 0 0 0 0 0 0 0 0 0 0 0 3084 42406 65279 64508 29812 0 0 0 0 0 0 31354 65279 65279 62709 2056 0 0 0 0 0 0 0 0 0 0 0 0 44719 65279 65279 60396 0 0 0 0 0 0 2056 59625 65279 65279 43434 0 0 0 0 0 0 0 0 0 0 0 0 25186 65279 65279 65279 38808 0 0 0 0 0 0 26985 65279 65536 65279 19275 0 0 0 0 0 0 0 0 0 0 0 0 30583 65279 65279 65279 48574 33925 33925 33925 33925 33925 33925 55770 65279 65279 60910 2313 0 0 0 0 0 0 0 0 0 0 0 0 2313 43177 62709 65022 65279 65279 65279 65279 65279 65279 65279 65279 65279 65279 60396 0 0 0 0 0 0 0 0 0 0 0 0 0 0 0 0 20303 41378 45747 45747 62452 65279 46004 55770 65279 65279 65279 43948 0 0 0 0 0 0 0 0 0 0 0 0 0 0 0 0 0 0 0 0 4112 4626 0 33925 65279 65279 65279 13621 0 0 0 0 0 0 0 0 0 0 0 0 0 0 0 0 0 0 0 0 0 0 7710 56798 65279 65279 57826 6682 0 0 0 0 0 0 0 0 0 0 0 0 0 0 0 0 0 0 0 0 0 0 17219 65279 65279 65279 29041 0 0 0 0 0 0 0 0 0 0 0 0 0 0 0 0 0 0 0 0 0 0 0 31611 65279 65279 65279 5654 0 0 0 0 0 0 0 0 0 0 0 0 0 0 0 0 0 0 0 0 0 0 0 41121 65279 65279 62966 4112 0 0 0 0 0 0 0 0 0 0 0 0 0 0 0 0 0 0 0 0 0 0 0 23387 65279 64251 20046 0 0 0 0 0 0 0 0 0 0 0 0 0 0 0 0 0 0 0 0 0 0 0 0 0 0 0 0 0 0 0 0 0 0 0 0 0 0 0 0 0 0 0 0 0 0 0 0 0 0 0 0 0 0 0 0 0 0 0 0 0 0 0 0 0 0 0 0 0 0 0 0 0 0 0 0 0 0 0 0 0 0 0 0 0 0 0 0 0 0 0 0 0 0 
0 0 0 0 0 0 0 0 0 0 0 0 0 0 0 0 0 0 0 0 0 0 0 0 0 0 0 0 0 0 0 0 0 0 0 0 0 0 0 0 0 0 0 0 0 0 0 0 0 0 0 0 0 0 0 0 0 0 0 0 0 0 0 0 0 0 0 0 0 0 0 0 0 0 0 0 0 0 0 0 0 0 0 0 0 0 0 0 0 0 0 0 0 0 0 0 0 0 0 0 0 0 0 0 0 0 0 0 0 0 0 0 0 0 0 0 0 0 0 0 0 0 0 0 0 0 0 0 0 0 0 0 0 0 0 0 0 0 0 0 0 0 0 0 0 0 0 0 0 0 0 0 0 0 0 0 0 0 0 0 0 0 0 0 0 0 0 0 0 0 0 0 0 0 0 0 0 0 0 0 0 8995 30840 52429 65279 48831 16705 0 0 0 0 0 0 0 0 0 0 0 0 0 0 0 0 0 0 0 0 1285 23387 64508 65279 65022 63737 65022 61938 8738 0 0 0 0 0 0 0 0 0 0 0 0 0 0 0 0 0 0 0 25957 65022 65022 55513 51144 21588 65022 65022 31611 0 0 0 0 0 0 0 0 0 0 0 0 0 0 0 0 0 0 11565 58854 65022 49859 9509 0 1542 53714 65022 22102 0 0 0 0 0 0 0 0 0 0 0 0 0 0 0 0 0 2056 43177 65022 46261 514 0 0 4626 52686 56541 5397 0 0 0 0 0 0 0 0 0 0 0 0 0 0 0 0 0 16962 65022 61681 6682 0 0 13107 46775 65022 56541 9509 0 0 0 0 0 0 0 0 0 0 0 0 0 0 0 0 0 45233 65022 48060 0 0 0 4626 44205 65022 65022 31611 0 0 0 0 0 0 0 0 0 0 0 0 0 0 0 0 6168 60653 61167 15420 0 0 0 0 32897 65022 62195 9766 0 0 0 0 0 0 0 0 0 0 0 0 0 0 0 0 10537 65022 50116 0 0 0 0 23130 63994 65022 48317 0 0 0 0 0 0 0 0 0 0 0 0 0 0 0 0 0 10537 65022 64508 12850 0 13878 35981 64508 65022 65022 33411 0 0 0 0 0 0 0 0 0 0 0 0 0 0 0 0 0 3598 58083 65279 59625 57055 65279 65536 64508 65279 65279 12593 0 0 0 0 0 0 0 0 0 0 0 0 0 0 0 0 0 5654 58597 65022 65022 65022 56798 21074 46004 65022 62195 10023 0 0 0 0 0 0 0 0 0 0 0 0 0 0 0 0 0 18504 41635 40350 32382 30326 11308 13621 54999 65022 59368 12593 0 0 0 0 0 0 0 0 0 0 0 0 0 0 0 0 0 0 0 0 0 0 0 0 28270 65022 35467 0 0 0 0 0 0 0 0 0 0 0 0 0 0 0 0 0 0 0 0 0 0 0 0 0 46261 65022 35467 0 0 0 0 0 0 0 0 0 0 0 0 0 0 0 0 0 0 0 0 0 0 0 0 514 49859 65022 35467 0 0 0 0 0 0 0 0 0 0 0 0 0 0 0 0 0 0 0 0 0 0 0 0 2313 65022 65022 35467 0 0 0 0 0 0 0 0 0 0 0 0 0 0 0 0 0 0 0 0 0 0 0 0 14392 65022 65022 30326 0 0 0 0 0 0 0 0 0 0 0 0 0 0 0 0 0 0 0 0 0 0 0 0 23387 65022 65022 14649 0 0 0 0 0 0 0 0 0 0 0 0 0 0 0 0 0 0 0 0 0 0 0 0 8995 52172 51915 514 0 0 0 0 0 0 0 0 0 0 0 0 0 0 0 0 0 0 0 0 0 0 0 0 0 0 0 0 0 0 0 0 0 0 0 0 0 0 0 0 0 0 0 0 0 0 0 0 0 0 0 0 0 0 0 0 0 0 0 0 0 0 0 0 0 0 
0 0 0 0 0 0 0 0 0 0 0 0 0 0 0 0 0 0 0 0 0 0 0 0 0 0 0 0 0 0 0 0 0 0 0 0 0 0 0 0 0 0 0 0 0 0 0 0 0 0 0 0 0 0 0 0 0 0 0 0 0 0 0 0 0 0 0 0 0 0 0 0 0 0 0 0 0 0 0 0 0 0 0 0 0 0 0 0 0 0 0 0 0 0 0 0 0 0 24672 56027 65536 65279 65279 19789 0 0 0 0 0 0 0 0 0 0 0 0 0 0 0 0 0 0 0 0 0 21331 64251 65022 65022 65022 65022 62966 7967 0 0 0 0 0 0 0 0 0 0 0 0 0 0 0 0 0 0 0 8481 54742 65022 65022 65022 65022 65022 65022 8738 0 0 0 0 0 0 0 0 0 0 0 0 0 0 0 0 0 0 7453 55513 65022 65022 65022 65022 65022 65022 37009 2056 0 0 0 0 0 0 0 0 0 0 0 0 0 0 0 0 0 2570 54999 65022 65022 65022 51915 21074 21074 21074 1028 0 0 0 0 0 0 0 0 0 0 0 0 0 0 0 0 0 514 26214 65022 65022 65022 54485 7196 0 0 0 0 0 0 0 0 0 0 0 0 0 0 0 0 0 0 0 0 0 8995 65022 65022 65022 65022 29298 0 0 0 0 0 0 0 0 0 0 0 0 0 0 0 0 0 0 0 0 0 6168 52429 65022 65022 65022 42406 514 0 0 0 0 0 0 0 0 0 0 0 0 0 0 0 0 0 0 0 0 0 14392 65022 65022 65022 65022 10537 0 0 0 0 0 22102 23130 17476 0 0 0 0 0 0 0 0 0 0 0 0 0 0 23901 65022 65022 65022 32639 1285 0 0 2056 17733 34953 64508 65022 62195 47289 6682 0 0 0 0 0 0 0 0 0 0 0 3855 52429 65022 65022 65022 1542 0 10280 38294 49602 65022 65022 65022 65022 65022 65022 50373 0 0 0 0 0 0 0 0 0 0 0 23387 65022 65022 65022 65022 4626 38808 60910 65022 65022 65022 65022 65022 61167 65022 65022 55770 0 0 0 0 0 0 0 0 0 0 0 54742 65022 65022 65022 65022 49859 65022 65022 65022 65022 65022 46004 28013 44976 65022 65022 24672 0 0 0 0 0 0 0 0 0 0 0 54742 65022 65022 65022 65022 65022 65022 65022 65022 44205 32639 0 13107 60653 65022 65022 24672 0 0 0 0 0 0 0 0 0 0 0 54742 65022 65022 65022 65022 65022 65022 43434 12850 1285 0 13107 61424 65022 65022 54999 1285 0 0 0 0 0 0 0 0 0 0 0 54742 65022 65022 65022 65022 65022 33411 1799 4112 25186 56541 60653 65022 65022 59882 17733 0 0 0 0 0 0 0 0 0 0 0 19789 62966 65022 65022 65022 65022 65022 52686 51144 53971 65022 65022 65022 65022 51144 17990 0 0 0 0 0 0 0 0 0 0 0 0 49602 65022 65022 65022 65022 65022 65022 65022 65022 65022 65022 65022 65022 40607 2570 0 0 0 0 0 0 0 0 0 0 0 0 0 57312 65022 65022 65022 65022 65022 65022 65022 65022 65022 64508 59625 42406 1285 0 0 0 0 0 0 0 0 0 0 0 0 0 0 24929 65022 65022 65022 65022 65022 65022 65022 65022 39065 26728 0 0 0 0 0 0 0 0 0 0 0 0 0 0 0 0 0 0 0 0 0 0 0 0 0 0 0 0 0 0 0 0 0 0 0 0 0 0 0 0 0 0 0 0 0 0 0 0 0 0 0 0 0 0 0 0 0 0 0 0 0 0 0 0 0 0 0 0 0 0 0 0 0 0 0 0 0 0 0 0 0 0 0 0 0 0 0 0 0 0 0 0 0 0 0 0 0 0 0 0 0 0 0 0 0 0 0 0 0 0 0 0 0 0 0 0 0 0 0 0 0 0 0 0 0 0 0 0 0 0 0 0 0 0 0 0 0 0 0 0 0 0 0 0 0 0 0 0 0 0 0 
0 0 0 0 0 0 0 0 0 0 0 0 0 0 0 0 0 0 0 0 0 0 0 0 0 0 0 0 0 0 0 0 0 0 0 0 0 0 0 0 0 0 0 0 0 0 0 0 0 0 0 0 0 0 0 0 0 0 0 0 0 0 0 0 0 0 0 0 0 0 0 0 0 0 0 0 0 0 0 0 0 0 0 0 0 0 0 0 0 0 0 0 0 0 0 0 0 0 0 0 0 0 0 0 0 0 0 0 0 0 0 0 0 0 0 0 0 0 0 0 0 0 0 0 0 0 0 0 0 0 0 0 0 0 0 0 0 0 0 0 0 0 0 0 0 0 0 0 0 0 0 0 0 0 0 0 0 0 0 0 0 0 0 0 0 0 0 0 0 0 0 0 0 0 0 0 0 0 0 17476 38037 56027 42406 38037 29041 5654 0 20560 33668 2827 0 0 0 0 0 0 0 0 0 0 0 0 0 0 0 0 37523 60910 64765 64765 64765 65022 64765 54485 21845 57826 65022 36495 0 0 0 0 0 0 0 0 0 0 0 0 0 0 1542 50887 65022 64765 59882 52686 32382 32639 41378 62195 64765 64765 64251 28270 0 0 0 0 0 0 0 0 0 0 0 0 0 0 23387 64765 62452 39322 1799 0 0 0 0 39322 64765 64765 35981 0 0 0 0 0 0 0 0 0 0 0 0 0 0 4626 61424 64765 31868 0 0 0 0 0 18247 63994 64765 64765 4626 0 0 0 0 0 0 0 0 0 0 0 0 0 0 5654 65022 65022 0 0 0 0 0 22359 58340 65022 62452 8995 0 0 0 0 0 0 0 0 0 0 0 0 0 0 0 5654 64765 64765 0 0 0 0 9252 58340 64765 62966 21074 0 0 0 0 0 0 0 0 0 0 0 0 0 0 0 0 514 44976 64765 28270 1542 0 1542 52943 65022 64765 45747 0 0 0 0 0 0 0 0 0 0 0 0 0 0 0 0 0 0 21331 62195 65022 34182 3855 48831 64765 65022 43434 10794 0 0 0 0 0 0 0 0 0 0 0 0 0 0 0 0 0 0 0 42920 65022 61424 32639 64765 64765 56027 2827 0 0 0 0 0 0 0 0 0 0 0 0 0 0 0 0 0 0 0 0 0 31868 62452 65022 65022 65022 22873 0 0 0 0 0 0 0 0 0 0 0 0 0 0 0 0 0 0 0 0 0 0 0 28527 64765 64765 35210 0 0 0 0 0 0 0 0 0 0 0 0 0 0 0 0 0 0 0 0 0 0 0 0 46775 64765 64765 49088 13878 0 0 0 0 0 0 0 0 0 0 0 0 0 0 0 0 0 0 0 0 0 0 0 48831 64765 58083 64765 33925 0 0 0 0 0 0 0 0 0 0 0 0 0 0 0 0 0 0 0 0 0 0 0 48831 60396 13107 60396 63480 13621 0 0 0 0 0 0 0 0 0 0 0 0 0 0 0 0 0 0 0 0 0 0 21845 59625 0 22873 65536 43177 0 0 0 0 0 0 0 0 0 0 0 0 0 0 0 0 0 0 0 0 0 0 21845 61167 7196 0 44719 50373 1799 0 0 0 0 0 0 0 0 0 0 0 0 0 0 0 0 0 0 0 0 0 11051 62195 54485 32639 62966 64765 5397 0 0 0 0 0 0 0 0 0 0 0 0 0 0 0 0 0 0 0 0 0 0 22102 59368 64765 65022 59368 4112 0 0 0 0 0 0 0 0 0 0 0 0 0 0 0 0 0 0 0 0 0 0 0 14135 49088 60653 25186 0 0 0 0 0 0 0 0 0 0 0 0 0 0 0 0 0 0 0 0 0 0 0 0 0 0 0 0 0 0 0 0 0 0 0 0 0 0 0 0 0 0 0 0 0 0 0 0 0 0 0 0 0 0 0 0 0 0 0 0 0 0 0 0 0 0 0 
0 0 0 0 0 0 0 0 0 0 0 0 0 0 0 0 0 0 0 0 0 0 0 0 0 0 0 0 0 0 0 0 0 0 0 0 0 0 0 0 0 0 0 0 0 0 0 0 0 0 0 0 0 0 0 0 0 0 0 0 0 0 0 0 0 0 0 0 0 0 0 0 0 0 0 0 0 0 0 0 0 0 0 0 0 0 0 0 0 0 0 0 0 0 0 0 0 0 0 0 0 0 0 0 0 0 0 0 0 0 0 0 0 0 0 0 0 0 0 0 0 0 0 0 0 0 0 0 0 0 0 0 0 0 0 0 0 0 0 0 0 0 0 0 0 0 0 0 0 0 0 0 0 0 0 0 0 0 0 0 0 0 0 0 0 0 0 0 0 0 0 0 0 0 0 0 2827 30583 52172 56798 42920 22102 0 0 0 0 0 0 0 0 0 0 0 0 0 0 0 0 0 0 0 0 0 25186 63480 65279 65279 65279 65279 64765 22359 0 0 0 0 0 0 0 0 0 0 0 0 0 0 0 0 0 0 0 31611 63223 65279 47803 17733 4369 12336 54485 57826 8224 0 0 0 0 0 0 0 0 0 0 0 0 0 0 0 0 0 19018 64508 65279 36752 3855 0 0 0 9252 63994 22359 0 11822 7196 0 0 0 0 0 0 0 0 0 0 0 0 0 0 38294 65279 55513 8481 0 0 0 0 0 32125 4369 7196 60910 57826 6939 0 0 0 0 0 0 0 0 0 0 0 0 0 38294 65279 31611 0 0 0 0 0 0 9509 2313 16705 65279 60910 6939 0 0 0 0 0 0 0 0 0 0 0 0 0 26728 64508 42663 1285 0 0 0 0 0 0 7196 57055 65279 56027 0 0 0 0 0 0 0 0 0 0 0 0 0 0 0 47803 65279 41378 8738 0 0 0 0 1285 34696 65279 65279 23644 0 0 0 0 0 0 0 0 0 0 0 0 0 0 0 3855 49088 63994 63223 45747 24929 24929 32125 52172 65279 63737 65279 49859 0 0 0 0 0 0 0 0 0 0 0 0 0 0 0 0 0 13107 50373 59882 65279 65279 65536 51144 29555 15677 65279 56027 0 0 0 0 0 0 0 0 0 0 0 0 0 0 0 0 0 0 0 1799 22616 22616 0 0 0 13621 65279 56284 0 0 0 0 0 0 0 0 0 0 0 0 0 0 0 0 0 0 0 0 0 0 0 0 0 13621 65279 65022 13107 0 0 0 0 0 0 0 0 0 0 0 0 0 0 0 0 0 0 0 0 0 0 0 0 13621 65279 65279 55513 0 0 0 0 0 0 0 0 0 0 0 0 0 0 0 0 0 0 0 0 0 0 0 0 6168 60396 65279 58340 0 0 0 0 0 0 0 0 0 0 0 0 0 0 0 0 0 0 0 0 0 0 0 0 0 56284 65279 58340 0 0 0 0 0 0 0 0 0 0 0 0 0 0 0 0 0 0 0 0 0 0 0 0 0 45490 65279 58340 0 0 0 0 0 0 0 0 0 0 0 0 0 0 0 0 0 0 0 0 0 0 0 0 0 33668 65279 63737 14906 0 0 0 0 0 0 0 0 0 0 0 0 0 0 0 0 0 0 0 0 0 0 0 0 33668 65279 65279 38037 0 0 0 0 0 0 0 0 0 0 0 0 0 0 0 0 0 0 0 0 0 0 0 0 25443 65279 65279 37266 0 0 0 0 0 0 0 0 0 0 0 0 0 0 0 0 0 0 0 0 0 0 0 0 3598 34182 52686 4883 0 0 0 0 0 0 0 0 0 0 0 0 0 0 0 0 0 0 0 0 0 0 0 0 0 0 0 0 0 0 0 0 0 0 0 0 0 0 0 0 0 0 0 0 0 0 0 0 0 0 0 0 0 0 0 0 0 0 0 0 0 0 0 
0 0 0 0 0 0 0 0 0 0 0 0 0 0 0 0 0 0 0 0 0 0 0 0 0 0 0 0 0 0 0 0 0 0 0 0 0 0 0 0 0 0 0 0 0 0 0 0 0 0 0 0 0 0 0 0 0 0 0 0 0 0 0 0 0 0 0 0 0 0 0 0 0 0 0 0 0 0 0 0 0 0 0 0 0 0 0 0 0 0 0 0 0 0 0 0 0 0 0 0 0 0 0 0 0 0 0 0 0 0 0 0 0 0 0 0 0 0 0 0 0 0 0 0 0 0 0 0 0 0 0 0 0 0 0 0 0 0 0 0 0 0 0 0 0 0 0 0 0 0 0 0 0 0 0 0 0 0 0 0 0 0 0 0 0 0 0 0 0 0 0 0 0 0 0 0 0 65536 52943 12850 29041 29041 29298 29041 29041 29041 29041 0 0 0 0 0 0 0 0 0 0 0 0 0 0 0 0 0 0 65022 64765 60910 64765 64765 65022 64765 64765 64765 64765 58083 57826 29812 7196 0 0 0 0 0 0 0 0 0 0 0 0 0 0 14392 51144 64765 64765 64765 65022 64765 64765 64765 64765 65022 64765 64765 21588 0 0 0 0 0 0 0 0 0 0 0 0 0 0 0 7196 21588 21588 21588 21588 21588 23130 52686 64765 65022 64765 62966 19018 0 0 0 0 0 0 0 0 0 0 0 0 0 0 0 0 0 0 0 0 12336 42406 64765 64765 65022 52429 22359 0 0 0 0 0 0 0 0 0 0 0 0 0 0 0 0 0 0 0 0 29298 61167 65022 65022 65022 52429 24158 0 0 0 0 0 0 0 0 0 0 0 0 0 0 0 0 0 0 0 18761 57826 65022 64765 64765 50116 22873 3855 0 0 0 0 0 0 0 0 0 0 0 0 0 0 0 0 0 6682 26728 50630 60139 64765 65022 59882 22102 4883 0 0 0 0 0 0 0 0 0 0 0 0 0 0 0 0 0 0 0 53200 64765 64765 64765 64765 65022 57569 15163 2570 0 0 0 0 0 0 0 0 0 0 0 0 0 0 0 0 0 0 0 65022 64765 64765 64765 64765 65022 64765 64765 21588 0 0 0 0 0 0 0 0 0 0 0 0 0 0 0 0 0 0 0 16191 45747 65022 65022 65022 65536 65022 65022 57826 0 0 0 0 0 0 0 0 0 0 0 0 0 0 0 0 0 0 0 0 2313 6939 6939 6939 6939 46518 64765 63994 25700 0 0 0 0 0 0 0 0 0 0 0 0 0 0 0 0 0 0 0 0 0 0 0 0 30069 64765 64765 28784 0 0 0 0 0 0 0 0 0 0 0 0 0 0 0 0 0 0 0 0 0 0 0 23644 62452 64765 63994 25443 0 0 0 0 0 0 0 0 0 0 0 0 0 0 0 0 0 0 0 0 0 0 20303 65022 64765 64765 37266 0 0 0 0 0 0 0 0 0 0 0 0 0 0 0 0 0 0 0 0 0 22873 53200 65022 65536 65022 42406 12079 0 0 0 0 0 0 0 0 0 0 0 0 0 0 0 0 0 0 0 9766 33668 63223 64765 64765 65022 33154 1542 0 0 0 0 0 0 0 0 0 0 0 0 0 0 0 0 0 11565 38551 50630 57055 64765 64765 64765 56541 14392 1542 0 0 0 0 0 0 0 0 0 0 0 0 0 0 0 0 0 14649 60139 64765 64765 65022 64765 59111 33154 9509 0 0 0 0 0 0 0 0 0 0 0 0 0 0 0 0 0 0 0 21845 64765 64765 64765 48831 28784 6425 0 0 0 0 0 0 0 0 0 0 0 0 0 0 0 0 0 0 0 0 0 0 0 0 0 0 0 0 0 0 0 0 0 0 0 0 0 0 0 0 0 0 0 0 0 0 0 0 0 0 0 0 0 0 0 0 0 0 0 0 0 0 0 0 0 0 0 0 0 0 0 0 
0 0 0 0 0 0 0 0 0 0 0 0 0 0 0 0 0 0 0 0 0 0 0 0 0 0 0 0 0 0 0 0 0 0 0 0 0 0 0 0 0 0 0 0 0 0 0 0 0 0 0 0 0 0 0 0 0 0 0 0 0 0 0 0 0 0 0 0 0 0 0 0 0 0 0 0 0 0 0 0 0 0 0 0 0 0 0 0 0 0 0 0 0 0 0 0 0 0 0 0 0 0 0 0 0 0 0 0 0 0 0 0 0 0 0 0 0 0 0 0 0 0 0 0 771 36238 53457 9766 0 0 0 0 0 0 0 0 0 0 0 0 0 0 0 0 0 0 0 0 0 0 0 0 4112 65279 65279 62452 29812 514 0 0 0 0 0 0 0 0 0 0 0 0 0 0 0 0 0 0 0 0 0 0 2056 49088 61424 61681 65279 62966 62966 62966 43691 36238 36238 5140 0 0 0 0 0 0 0 0 0 0 0 0 0 0 0 0 0 4369 10023 16191 43948 65022 65279 62709 43948 43948 43948 6168 0 0 0 0 0 0 0 0 0 0 0 0 0 0 0 0 0 11051 33411 26728 0 5140 5140 4626 0 0 0 0 0 0 0 0 0 0 0 0 0 0 0 0 0 0 0 0 1285 49345 65536 51915 0 0 0 0 0 0 0 0 0 0 0 0 0 0 0 0 0 0 0 0 0 0 0 0 40350 65279 51658 6425 0 0 0 0 0 0 0 0 0 0 0 0 0 0 0 0 0 0 0 0 0 0 0 19018 62709 61424 17219 0 0 0 0 0 0 0 0 0 0 0 0 0 0 0 0 0 0 0 0 0 0 0 5654 62195 65279 26471 0 0 0 0 0 0 0 0 0 0 0 0 0 0 0 0 0 0 0 0 0 0 0 0 28784 65279 39322 0 0 0 0 0 0 0 0 0 0 0 0 0 0 0 0 0 0 0 0 0 0 0 0 8481 62195 65279 7967 0 0 0 0 0 0 0 0 0 0 0 0 0 0 0 0 0 0 0 0 0 0 0 0 21588 65279 65279 17476 10794 6168 0 0 0 0 0 0 0 0 0 0 0 0 0 0 0 0 0 0 0 0 0 0 21588 65279 65279 65279 65279 58597 43948 4626 0 0 0 0 0 0 0 0 0 0 0 0 0 0 0 0 0 0 0 0 1285 20303 57312 64508 65279 65279 65279 38294 0 0 0 0 0 0 0 0 0 0 0 0 0 0 0 0 0 0 0 0 0 0 0 16448 18761 38551 65279 39836 0 0 0 0 0 0 0 0 0 0 0 0 0 0 0 0 0 0 0 0 0 0 0 0 0 28270 65279 39836 0 0 0 0 0 0 0 0 0 0 0 0 0 0 0 0 0 0 0 7196 0 0 0 0 4369 49088 65279 22102 0 0 0 0 0 0 0 0 0 0 0 0 0 0 0 0 0 0 0 34696 28013 2570 0 257 29298 65279 53971 2056 0 0 0 0 0 0 0 0 0 0 0 0 0 0 0 0 0 0 0 30326 65279 62966 41378 42920 65279 65022 29555 0 0 0 0 0 0 0 0 0 0 0 0 0 0 0 0 0 0 0 0 1799 20817 38551 57312 65279 58854 26985 0 0 0 0 0 0 0 0 0 0 0 0 0 0 0 0 0 0 0 0 0 0 0 0 0 0 0 0 0 0 0 0 0 0 0 0 0 0 0 0 0 0 0 0 0 0 0 0 0 0 0 0 0 0 0 0 0 0 0 0 0 0 0 0 0 0 0 0 0 0 0 0 0 0 0 0 0 0 0 0 0 0 0 0 0 0 0 0 0 0 0 0 0 0 0 0 0 0 0 0 0 0 0 0 0 0 0 0 0 0 0 0 0 0 0 0 0 0 0 0 0 0 0 0 0 
0 0 0 0 0 0 0 0 0 0 0 0 0 0 0 0 0 0 0 0 0 0 0 0 0 0 0 0 0 0 0 0 0 0 0 0 0 0 0 0 0 0 0 0 0 0 0 0 0 0 0 0 0 0 0 0 0 0 0 0 0 0 0 0 0 0 0 0 0 0 0 0 0 0 0 0 0 0 0 0 0 0 0 0 0 0 0 0 0 0 0 0 0 0 0 0 0 0 0 0 0 0 0 0 0 0 0 0 0 0 0 0 0 0 0 0 0 0 0 0 0 0 0 0 0 0 0 0 26214 46775 2827 0 0 0 0 0 0 0 0 0 0 0 0 0 0 0 0 0 0 0 0 0 0 0 0 2313 50630 41121 0 0 0 0 0 0 0 0 0 0 0 0 0 0 0 0 0 0 0 0 0 0 0 0 1799 39836 64765 19789 0 0 0 0 0 0 0 0 0 0 0 0 0 0 0 0 0 0 0 0 0 0 0 0 16962 64765 39322 2313 0 0 0 0 0 0 0 0 0 0 0 0 0 0 0 0 0 0 0 0 0 0 0 13621 62452 64765 17733 0 0 0 0 0 0 0 0 0 0 0 0 0 0 0 0 0 0 0 0 0 0 0 2313 46518 65536 56027 8224 0 0 0 0 0 0 0 0 0 0 0 0 0 0 0 0 0 0 0 0 0 0 3341 44719 64765 61424 8481 0 4369 12079 0 0 0 0 0 0 0 0 0 0 0 0 0 0 0 0 0 0 0 3341 44205 64765 64765 29555 0 0 31868 64765 8224 0 0 0 0 0 0 0 0 0 0 0 0 0 0 0 0 0 0 12079 64765 64765 29812 0 0 6682 57569 64765 29812 0 0 0 0 0 0 0 0 0 0 0 0 0 0 0 0 0 2827 49602 64765 29812 514 0 0 31354 64765 64765 29812 0 0 0 0 0 0 0 0 0 0 0 0 0 0 0 0 0 51915 65022 65022 16705 6168 6168 24929 57055 65022 65022 29812 0 0 0 0 0 0 0 0 0 0 0 0 0 0 0 0 24415 65022 64765 64765 64765 64765 65022 64765 64765 64765 59368 10794 0 0 0 0 0 0 0 0 0 0 0 0 0 0 0 0 59111 65022 64765 64765 50116 33411 22102 64765 64765 39322 9509 0 0 0 0 0 0 0 0 0 0 0 0 0 0 0 0 0 59111 65022 49602 19789 2313 0 6168 64765 58340 7453 0 0 0 0 0 0 0 0 0 0 0 0 0 0 0 0 0 0 32382 46261 2056 0 0 0 46518 64765 20303 0 0 0 0 0 0 0 0 0 0 0 0 0 0 0 0 0 0 0 0 0 0 0 0 27242 65536 65022 17733 0 0 0 0 0 0 0 0 0 0 0 0 0 0 0 0 0 0 0 0 0 0 0 0 5654 65022 62709 14392 0 0 0 0 0 0 0 0 0 0 0 0 0 0 0 0 0 0 0 0 0 0 0 0 29812 65022 52943 0 0 0 0 0 0 0 0 0 0 0 0 0 0 0 0 0 0 0 0 0 0 0 0 0 29812 65022 52943 0 0 0 0 0 0 0 0 0 0 0 0 0 0 0 0 0 0 0 0 0 0 0 0 0 16191 65022 39322 0 0 0 0 0 0 0 0 0 0 0 0 0 0 0 0 0 0 0 0 0 0 0 0 0 0 0 0 0 0 0 0 0 0 0 0 0 0 0 0 0 0 0 0 0 0 0 0 0 0 0 0 0 0 0 0 0 0 0 0 0 0 0 0 0 0 0 0 0 0 0 0 0 0 0 0 0 0 0 0 0 0 0 0 0 0 0 0 0 0 0 0 0 0 0 0 0 0 0 0 0 0 0 0 0 0 0 0 0 0 0 0 0 0 0 0 0 0 0 0 0 0 0 0 
0 0 0 0 0 0 0 0 0 0 0 0 0 0 0 0 0 0 0 0 0 0 0 0 0 0 0 0 0 0 0 0 0 0 0 0 0 0 0 0 0 0 0 0 0 0 0 0 0 0 0 0 0 0 0 0 0 0 0 0 0 0 0 0 0 0 0 0 0 0 0 0 0 0 0 0 0 0 0 0 0 0 0 0 0 0 0 0 0 0 0 0 0 0 0 0 0 0 0 0 0 0 0 0 0 0 0 0 0 0 0 0 0 0 0 0 0 0 0 0 0 0 0 0 0 0 0 0 0 0 0 0 0 0 0 0 0 0 0 0 0 0 0 0 0 0 0 0 0 0 0 5397 18504 49602 65279 65022 33925 7967 0 0 0 0 0 0 0 0 0 0 0 0 0 0 0 0 0 0 0 0 21074 57312 65022 64765 65022 64765 65022 38808 0 0 0 0 0 0 0 0 0 0 0 0 0 0 0 0 0 0 0 52172 65279 65022 65279 65022 65279 65022 65279 65022 21074 0 0 0 0 0 0 0 0 0 0 0 0 0 0 0 0 0 10537 62452 65022 64765 59882 38808 12850 54485 65022 64765 52172 0 0 0 0 0 0 0 0 0 0 0 0 0 0 0 0 0 10537 62452 57569 31354 0 0 0 10537 65279 65022 52172 0 0 0 0 0 0 0 0 0 0 0 0 0 0 0 0 0 0 10280 5140 0 0 0 0 21074 65022 64765 52172 0 0 0 0 0 0 0 0 0 0 0 0 0 0 0 0 0 0 0 0 0 0 5397 18504 59882 65279 65022 47032 0 0 0 0 0 0 0 0 0 0 0 0 0 0 0 0 0 0 0 0 21074 52172 57312 65022 64765 65022 64765 15677 0 0 0 0 0 0 0 0 0 0 0 0 0 0 0 0 0 0 0 0 41892 65279 65022 65279 65022 65279 65022 31611 0 0 0 0 0 0 0 0 0 0 0 0 0 0 0 0 0 0 0 0 52172 65022 64765 65022 64765 65022 64765 57312 5140 0 0 0 0 0 0 0 0 0 0 0 0 0 0 0 0 0 0 0 31611 52172 52172 36495 26214 60139 65022 65279 12850 0 0 0 0 0 0 0 0 0 0 0 0 0 0 0 0 0 0 0 0 0 0 0 0 39065 64765 65022 33668 0 0 0 0 0 0 0 0 0 0 0 0 0 0 0 0 0 0 0 0 0 0 0 0 44462 65022 62709 10280 0 0 0 0 0 0 0 0 0 0 0 0 0 0 0 0 0 0 0 0 0 0 0 41892 65022 64765 52172 0 0 0 0 0 0 0 0 0 0 0 0 0 0 0 0 0 23644 28784 5397 0 0 0 33925 65022 65279 65022 31611 0 0 0 0 0 0 0 0 0 0 0 0 0 0 0 0 0 59882 64765 57312 41635 10537 10537 65022 64765 65022 33411 0 0 0 0 0 0 0 0 0 0 0 0 0 0 0 0 0 0 65536 65022 65279 65022 65279 65022 65279 65022 41892 5140 0 0 0 0 0 0 0 0 0 0 0 0 0 0 0 0 0 0 33668 64765 65022 64765 65022 64765 65022 64765 15677 0 0 0 0 0 0 0 0 0 0 0 0 0 0 0 0 0 0 0 0 10537 60139 65022 65279 65022 62709 20817 0 0 0 0 0 0 0 0 0 0 0 0 0 0 0 0 0 0 0 0 0 0 7710 44205 65022 64765 20817 0 0 0 0 0 0 0 0 0 0 0 0 0 0 0 0 0 0 0 0 0 0 0 0 0 0 0 0 0 0 0 0 0 0 0 0 0 0 0 0 0 0 0 0 0 0 0 0 0 0 0 0 0 0 0 0 0 0 0 0 0 0 0 0 0 0 0 0 0 0 0 0 0 0 0 0 0 0 0 0 0 0 0 0 0 0 0 0 0 0 0 0 0 0 0 0 0 
0 0 0 0 0 0 0 0 0 0 0 0 0 0 0 0 0 0 0 0 0 0 0 0 0 0 0 0 0 0 0 0 0 0 0 0 0 0 0 0 0 0 0 0 0 0 0 0 0 0 0 0 0 0 0 0 0 0 0 0 0 0 0 0 0 0 0 0 0 0 0 0 0 0 0 0 0 0 0 0 0 0 0 0 0 0 0 0 0 0 0 0 0 0 0 13364 53971 65279 40093 39322 14392 2313 0 0 0 0 0 0 0 0 0 0 0 0 0 0 0 0 0 0 0 0 0 12593 51401 65022 65022 65022 65022 53971 10537 0 0 0 0 0 0 0 0 0 0 0 0 0 0 0 0 0 0 0 0 0 3855 32639 48317 61938 65022 65022 58854 28270 0 0 0 0 0 0 0 0 0 0 0 0 0 0 0 0 0 0 0 0 0 0 0 7196 24929 60396 65022 61681 8995 0 0 0 0 0 0 0 0 0 0 0 0 0 0 0 0 0 0 0 0 0 0 0 0 54999 65022 65022 19018 0 0 0 0 0 0 0 0 0 0 0 0 0 0 0 0 0 0 0 0 0 0 0 27242 64251 65022 65022 19018 0 0 0 0 0 0 0 0 0 0 0 0 0 0 0 0 0 0 0 0 0 0 514 49088 65022 65022 60396 5397 0 0 0 0 0 0 0 0 0 0 0 0 0 0 0 0 0 0 0 0 0 0 39579 65022 65022 65022 40607 0 0 0 0 0 0 0 0 0 0 0 0 0 0 0 0 0 0 0 0 0 0 39065 62195 65022 65022 51401 1799 0 0 0 0 0 0 0 0 0 0 0 0 0 0 0 0 0 0 0 0 0 19532 64765 65022 65022 57826 9252 0 0 0 0 0 0 0 0 0 0 0 0 0 0 0 0 0 0 0 0 0 8995 62195 65022 65022 64765 24929 0 0 0 0 0 0 0 0 0 0 0 0 0 0 0 0 0 0 0 0 0 5397 52943 65022 65022 64765 28013 0 0 0 0 0 0 0 0 0 0 0 0 0 0 0 0 0 0 0 0 0 9766 58597 65022 65022 62966 30069 0 0 0 0 0 0 0 0 0 0 0 0 0 0 0 0 0 0 0 0 0 12593 60653 65022 65022 65022 19789 0 0 0 0 0 0 0 0 0 0 0 0 0 0 0 0 0 0 0 0 0 17733 54742 65022 65022 64251 39579 257 0 0 0 0 0 0 0 0 0 0 0 0 0 0 0 0 0 0 0 0 20046 62709 65022 65022 65022 54742 0 0 0 0 0 0 0 0 0 0 0 0 0 0 0 0 0 0 0 0 0 0 38808 65279 65022 65022 53457 12850 0 7196 3855 8995 8995 26214 34439 34439 48317 15420 0 0 0 0 0 0 0 0 0 0 0 0 4369 58597 65022 65022 59625 61681 48574 61681 55513 65022 65022 65022 65279 65022 52943 10794 0 0 0 0 0 0 0 0 0 0 0 0 0 14392 53457 65022 65022 65022 65279 65022 65022 65022 65022 65022 59368 35467 3084 0 0 0 0 0 0 0 0 0 0 0 0 0 0 0 9766 37009 58083 65022 65022 65022 44462 39322 38037 13878 7196 0 0 0 0 0 0 0 0 0 0 0 0 0 0 0 0 0 0 0 0 0 0 0 0 0 0 0 0 0 0 0 0 0 0 0 0 0 0 0 0 0 0 0 0 0 0 0 0 0 0 0 0 0 0 0 0 0 0 0 0 0 0 0 0 0 0 0 0 0 0 0 0 0 0 0 0 0 0 0 0 0 0 0 0 0 0 0 0 0 0 0 0 0 0 0 0 0 0 0 0 0 0 0 0 0 0 0 0 0 0 0 0 0 0 0 0 0 0 0 0 0 0 0 0 0 0 0 0 0 0 0 0 0 0 0 0 0 0 0 0 0 0 0 0 0 0 0 0 
0 0 0 0 0 0 0 0 0 0 0 0 0 0 0 0 0 0 0 0 0 0 0 0 0 0 0 0 0 0 0 0 0 0 0 0 0 0 0 0 0 0 0 0 0 0 0 0 0 0 0 0 0 0 0 0 0 0 0 0 0 0 0 0 0 0 0 0 0 0 0 0 0 0 0 0 0 0 0 0 0 0 0 0 0 0 0 0 0 0 0 0 0 0 0 0 0 0 0 0 0 0 0 0 0 0 0 0 0 0 0 0 0 0 0 0 0 0 0 0 0 0 0 0 0 0 0 0 0 0 0 0 0 0 0 0 0 0 0 0 0 0 0 0 0 0 0 0 0 0 5140 33411 54485 65536 65279 65279 65279 40350 23387 1285 0 0 0 0 0 0 0 0 0 0 0 0 0 0 0 0 2056 22102 53457 65022 65022 64508 61938 61938 62709 65022 65022 54742 7967 514 0 0 0 0 0 0 0 0 0 0 0 0 0 4369 52686 65022 64508 55513 28527 23130 0 0 7710 28527 55770 65022 65022 7710 0 0 0 0 0 0 0 0 0 0 0 0 257 38037 65022 58083 23644 0 0 0 0 0 0 0 20817 65022 65022 7710 0 0 0 0 0 0 0 0 0 0 0 0 5654 65022 64508 23644 0 0 0 0 0 0 0 0 40350 65022 65022 7710 0 0 0 0 0 0 0 0 0 0 0 0 33411 62966 22102 0 0 0 0 0 0 0 2827 19018 60653 61681 43691 2827 0 0 0 0 0 0 0 0 0 0 0 0 27242 21074 0 0 0 0 0 0 0 0 23130 65022 65022 37266 0 0 0 0 0 0 0 0 0 0 0 0 0 0 0 0 0 0 0 0 0 0 2827 36238 60139 65022 29041 3598 0 0 0 0 0 0 0 0 0 0 0 0 0 0 0 0 0 0 0 0 0 9252 50373 65022 61167 25957 3855 0 0 0 0 0 0 0 0 0 0 0 0 0 0 0 0 0 0 0 0 0 10794 41121 65022 61167 20303 0 0 0 0 0 0 0 0 0 0 0 0 0 0 0 0 0 0 0 0 0 0 15934 59882 65022 52686 20303 0 0 0 0 0 0 0 0 0 0 0 0 0 0 0 0 0 0 0 0 0 0 15677 59882 65022 45747 4112 0 0 0 0 0 0 0 0 0 33154 16705 0 0 0 0 0 0 0 0 0 0 0 12336 47803 65022 45747 4112 0 0 0 0 0 0 0 0 0 9252 63223 1285 0 0 0 0 0 0 0 0 0 0 1799 47546 65022 61681 14649 0 0 0 0 0 0 0 0 8995 51144 59111 29041 257 0 0 0 0 0 0 0 0 0 0 16705 65022 62195 19532 0 0 0 0 0 0 0 0 32382 59368 54999 27242 514 0 0 0 0 0 0 0 0 0 0 2827 61681 65022 29041 0 0 0 0 0 0 7710 35724 57312 63994 54999 23130 0 0 0 0 0 0 0 0 0 0 0 0 3341 65022 62452 14906 0 0 0 0 0 29298 60910 65022 65022 41892 7710 0 0 0 0 0 0 0 0 0 0 0 0 0 3341 65022 61424 11308 0 5140 23130 27756 60653 63994 65022 41892 25700 771 0 0 0 0 0 0 0 0 0 0 0 0 0 0 3341 65022 65022 63223 62195 62709 64508 64251 65022 41892 25700 771 0 0 0 0 0 0 0 0 0 0 0 0 0 0 0 0 257 3855 51915 65022 65022 65022 58854 33154 9766 514 0 0 0 0 0 0 0 0 0 0 0 0 0 0 0 0 0 0 0 0 0 0 0 0 0 0 0 0 0 0 0 0 0 0 0 0 0 0 0 0 0 0 0 0 0 0 0 0 0 0 0 0 0 0 0 0 0 0 0 0 0 0 0 0 0 0 0 0 0 0 0 0 0 0 0 0 0 0 0 0 0 0 0 0 0 0 0 0 0 0 0 0 0 0 0 
0 0 0 0 0 0 0 0 0 0 0 0 0 0 0 0 0 0 0 0 0 0 0 0 0 0 0 0 0 0 0 0 0 0 0 0 0 0 0 0 0 0 0 0 0 0 0 0 0 0 0 0 0 0 0 0 0 0 0 0 0 0 0 0 0 0 0 0 0 0 0 0 0 0 0 0 0 0 0 0 0 0 0 0 0 0 0 0 0 0 0 0 0 0 0 0 0 0 0 0 0 0 0 0 0 0 0 0 0 0 0 0 0 0 0 0 0 0 0 0 0 0 0 0 0 0 0 0 0 0 0 0 0 0 0 0 0 0 0 0 0 0 0 0 0 0 0 0 0 0 0 0 0 0 0 0 0 0 0 0 0 0 0 0 0 0 0 0 0 0 0 0 0 0 0 0 0 0 11565 58854 65022 32382 0 0 0 0 0 12336 36238 33154 2570 0 0 0 0 0 0 0 0 0 0 0 0 0 0 11565 57826 64765 64765 57826 0 0 0 0 3341 44205 64765 65022 21588 0 0 0 0 0 0 0 0 0 0 0 0 0 0 58854 64765 64765 64765 48060 0 0 0 0 37009 64765 64765 65022 21588 0 0 0 0 0 0 0 0 0 0 0 0 9766 54742 65022 64765 64765 64765 3341 0 0 0 3341 52943 64765 64765 65022 21588 0 0 0 0 0 0 0 0 0 0 0 1799 39579 65022 65536 65022 62709 19275 0 0 0 0 23644 65022 65022 65022 58083 0 0 0 0 0 0 0 0 0 0 0 0 21074 64765 64765 65022 61681 20817 0 0 0 0 0 55513 64765 64765 64765 32125 0 0 0 0 0 0 0 0 0 0 0 0 43434 64765 64765 65022 28013 0 0 0 0 0 9766 65022 64765 64765 64765 0 0 0 0 0 0 0 0 0 0 0 0 0 43434 64765 64765 65022 40864 19532 25957 29298 29041 29041 44976 65022 64765 64765 64765 58083 57826 38551 0 0 0 0 0 0 0 0 0 0 43434 65022 65022 65279 65022 65022 65022 65279 65022 65022 65022 65279 65022 65022 65022 65279 65022 43177 0 0 0 0 0 0 0 0 0 0 14392 48831 64765 65022 64765 64765 64765 65022 64765 64765 64765 65022 64765 64765 64765 65022 64765 43177 0 0 0 0 0 0 0 0 0 0 0 4883 14392 43177 57569 57569 62452 45747 64765 64765 64765 65022 64765 64765 64765 62709 36495 9509 0 0 0 0 0 0 0 0 0 0 0 0 0 0 4883 4883 6425 4112 55256 64765 64765 65022 45490 13364 7196 6425 0 0 0 0 0 0 0 0 0 0 0 0 0 0 0 0 0 0 0 26728 65022 65022 65022 64508 19275 0 0 0 0 0 0 0 0 0 0 0 0 0 0 0 0 0 0 0 0 0 0 65022 64765 64765 64765 38551 0 0 0 0 0 0 0 0 0 0 0 0 0 0 0 0 0 0 0 0 0 0 22873 65022 64765 64765 64765 6425 0 0 0 0 0 0 0 0 0 0 0 0 0 0 0 0 0 0 0 0 0 0 54742 65022 64765 64765 38808 0 0 0 0 0 0 0 0 0 0 0 0 0 0 0 0 0 0 0 0 0 0 21845 65022 65279 65022 52943 3341 0 0 0 0 0 0 0 0 0 0 0 0 0 0 0 0 0 0 0 0 0 0 41121 64765 65022 64765 36495 0 0 0 0 0 0 0 0 0 0 0 0 0 0 0 0 0 0 0 0 0 0 0 50630 64765 65022 53457 3341 0 0 0 0 0 0 0 0 0 0 0 0 0 0 0 0 0 0 0 0 0 0 0 24929 64765 65022 24672 0 0 0 0 0 0 0 0 0 0 0 0 0 0 0 0 0 0 0 0 0 0 0 0 0 0 0 0 0 0 0 0 0 0 0 0 0 0 0 0 0 0 0 0 0 0 0 0 0 0 0 0 0 0 0 0 0 0 0 0 0 0 0 0 0 0 0 0 0 
0 0 0 0 0 0 0 0 0 0 0 0 0 0 0 0 0 0 0 0 0 0 0 0 0 0 0 0 0 0 0 0 0 0 0 0 0 0 0 0 0 0 0 0 0 0 0 0 0 0 0 0 0 0 0 0 0 0 0 0 0 0 0 0 0 0 0 0 0 0 0 0 0 0 0 0 0 0 0 0 0 0 0 0 0 0 0 0 0 0 0 0 0 0 0 0 0 0 0 0 0 0 0 0 0 0 0 0 0 0 0 0 0 0 0 0 0 0 0 0 0 0 0 0 0 6682 43434 65536 65279 65536 54742 21845 0 0 0 0 0 0 0 0 0 0 0 0 0 0 0 0 0 0 0 0 15163 53714 65022 65022 65022 65022 65022 63223 15163 0 0 0 0 0 0 0 0 0 0 0 0 0 0 0 0 0 257 24158 63223 65022 57826 35724 21845 26728 59111 65022 45233 257 0 0 0 0 0 0 0 0 0 0 0 0 0 0 0 0 19532 65022 61424 38551 0 0 0 0 20817 64765 65022 11051 0 0 0 0 0 0 0 0 0 0 0 0 0 0 0 6939 53457 65022 42920 0 0 0 0 0 0 62709 65022 11051 0 0 0 0 0 0 0 0 0 0 0 0 0 0 0 21074 65022 65022 17990 0 0 0 0 0 0 62709 65022 11051 0 0 0 0 0 0 0 0 0 0 0 0 0 0 0 21074 65022 65022 15163 0 0 0 0 0 0 62709 65022 11051 0 0 0 0 0 0 0 0 0 0 0 0 0 0 0 42149 65022 60910 10023 0 0 0 0 0 19532 64508 65022 11051 0 0 0 0 0 0 0 0 0 0 0 0 0 0 0 48574 65022 52686 0 0 0 0 0 0 25186 65022 65022 11051 0 0 0 0 0 0 0 0 0 0 0 0 0 0 7196 59111 65022 46518 0 0 0 0 0 0 25186 65022 65022 11051 0 0 0 0 0 0 0 0 0 0 0 0 0 0 11308 65022 63994 15934 0 0 0 0 0 0 47032 65022 51915 2313 0 0 0 0 0 0 0 0 0 0 0 0 0 0 11308 65022 63737 12850 0 0 0 0 0 10280 59111 65022 22359 0 0 0 0 0 0 0 0 0 0 0 0 0 0 0 11308 65022 65022 24929 0 0 0 0 0 43177 65022 60396 7196 0 0 0 0 0 0 0 0 0 0 0 0 0 0 0 33668 65022 63994 15420 0 0 0 0 15420 60910 65022 58083 0 0 0 0 0 0 0 0 0 0 0 0 0 0 0 0 38808 65022 62452 0 0 0 0 0 48317 65022 65022 16705 0 0 0 0 0 0 0 0 0 0 0 0 0 0 0 0 38808 65022 62452 0 0 0 0 23387 63994 65022 48060 1028 0 0 0 0 0 0 0 0 0 0 0 0 0 0 0 0 38808 65022 64765 32125 0 13107 44205 62966 65022 65022 16962 0 0 0 0 0 0 0 0 0 0 0 0 0 0 0 0 0 35467 65022 65022 65022 63994 64508 65022 65022 64508 20046 257 0 0 0 0 0 0 0 0 0 0 0 0 0 0 0 0 0 3341 45747 65022 65022 65022 65022 65022 65022 32382 0 0 0 0 0 0 0 0 0 0 0 0 0 0 0 0 0 0 0 0 12079 38551 65022 65022 51401 31611 9509 771 0 0 0 0 0 0 0 0 0 0 0 0 0 0 0 0 0 0 0 0 0 0 0 0 0 0 0 0 0 0 0 0 0 0 0 0 0 0 0 0 0 0 0 0 0 0 0 0 0 0 0 0 0 0 0 0 0 0 0 0 0 0 0 0 0 0 0 0 0 0 0 0 0 0 0 0 0 0 0 0 0 0 0 0 0 0 0 0 0 0 0 0 0 0 0 0 0 0 0 0 0 0 0 0 0 0 0 0 0 0 0 0 0 0 0 0 0 0 0 0 0 0 0 
0 0 0 0 0 0 0 0 0 0 0 0 0 0 0 0 0 0 0 0 0 0 0 0 0 0 0 0 0 0 0 0 0 0 0 0 0 0 0 0 0 0 0 0 0 0 0 0 0 0 0 0 0 0 0 0 0 0 0 0 0 0 0 0 0 0 0 0 0 0 0 0 0 0 0 0 0 0 0 0 0 0 0 0 0 0 0 0 0 0 0 0 0 0 0 0 0 0 0 0 0 0 0 0 0 0 0 0 0 0 0 0 0 0 0 0 0 0 0 0 0 2056 51658 65022 65022 65022 60910 38037 23644 0 0 0 0 0 0 0 0 0 0 0 0 0 0 0 0 0 0 0 0 2827 43691 64765 64765 55770 65022 64765 63480 36495 0 0 0 0 0 0 0 0 0 0 0 0 0 0 0 0 0 0 0 0 1799 5397 5397 3084 5397 50116 64765 55256 4626 0 0 0 0 0 0 0 0 0 0 0 0 0 0 0 0 0 0 0 0 0 0 0 14135 59625 64765 48574 0 0 0 0 0 0 0 0 0 0 0 0 0 0 0 0 0 0 0 0 0 0 0 0 60653 64765 62709 16962 0 0 0 0 0 0 0 0 0 0 0 0 0 0 0 0 0 0 0 0 0 0 0 43177 65279 65022 43691 0 0 0 0 0 0 0 0 0 0 0 0 0 0 0 0 0 0 0 0 0 0 0 12336 62195 65022 48574 8224 0 0 0 0 0 0 0 0 0 0 0 0 0 0 0 0 0 0 0 0 0 0 16448 51915 64765 59625 16962 0 0 0 0 0 0 0 0 0 0 0 0 0 0 0 0 0 0 0 0 0 0 0 50630 64765 64765 0 0 0 0 0 0 0 0 0 0 0 0 0 0 0 0 0 0 0 0 0 0 0 0 0 37009 64765 64765 38551 6939 0 0 0 0 0 0 0 0 0 0 0 0 0 0 0 0 0 0 0 0 0 0 0 0 28013 65022 65536 56027 24672 8224 0 0 0 0 0 0 0 0 0 0 0 0 0 0 0 0 0 0 0 0 0 0 4112 16191 32125 59368 64765 53971 12850 0 0 0 0 0 0 0 0 0 0 0 0 0 0 0 0 0 0 0 0 0 0 0 0 13107 59882 64765 62709 0 0 0 0 0 0 0 0 0 0 0 0 0 0 0 0 0 0 0 0 0 0 0 0 0 32639 64765 64765 25186 0 0 0 0 0 0 0 0 0 0 0 0 0 0 0 0 0 0 0 0 0 0 0 9252 57312 64765 64765 54228 0 0 0 0 0 0 0 0 0 0 0 0 0 0 0 0 0 0 0 0 0 0 2056 51658 65022 65022 65022 0 0 0 0 0 0 0 0 0 0 0 0 0 0 0 0 0 0 0 0 0 0 0 51658 64765 64765 64765 55770 0 0 0 0 0 0 0 0 0 0 0 0 0 0 0 0 0 0 0 4112 19275 39322 59625 65022 64765 62195 34439 3084 0 0 0 0 0 0 0 0 0 0 0 0 0 0 0 0 4112 27756 43434 59625 64765 64765 64765 65022 59368 13107 0 0 0 0 0 0 0 0 0 0 0 0 0 0 0 0 0 0 2827 10794 65022 64765 64765 64765 64765 33154 7196 0 0 0 0 0 0 0 0 0 0 0 0 0 0 0 0 0 0 0 0 0 0 0 0 0 0 0 0 0 0 0 0 0 0 0 0 0 0 0 0 0 0 0 0 0 0 0 0 0 0 0 0 0 0 0 0 0 0 0 0 0 0 0 0 0 0 0 0 0 0 0 0 0 0 0 0 0 0 0 0 0 0 0 0 0 0 0 0 0 0 0 0 0 0 0 0 0 0 0 0 0 0 0 0 0 0 0 0 0 0 0 0 0 0 0 0 0 0 0 0 0 0 0 0 
0 0 0 0 0 0 0 0 0 0 0 0 0 0 0 0 0 0 0 0 0 0 0 0 0 0 0 0 0 0 0 0 0 0 0 0 0 0 0 0 0 0 0 0 0 0 0 0 0 0 0 0 0 0 0 0 0 0 0 0 0 0 0 0 0 0 0 514 8738 57055 56798 8738 1285 0 0 0 0 0 0 0 0 0 0 0 0 0 0 0 0 0 0 0 0 0 0 14392 65022 65022 65022 65022 55513 34953 34953 4369 0 0 0 0 0 0 0 0 0 0 0 0 0 0 0 0 0 0 1028 46261 65022 65022 65022 65022 65022 65022 65022 27756 514 0 0 0 0 0 0 0 0 0 0 0 0 0 0 0 0 0 11308 65022 65022 65022 63480 58597 58597 60910 65022 65022 27756 514 0 0 0 0 0 0 0 0 0 0 0 0 0 0 0 0 11308 65022 65022 63223 26214 0 0 8738 37009 64251 65022 24158 0 0 0 0 0 0 0 0 0 0 0 0 0 0 0 0 4112 45490 55513 26471 0 0 0 0 0 52686 65022 54742 2056 0 0 0 0 0 0 0 0 0 0 0 0 0 0 0 0 0 0 0 0 0 0 0 0 21331 63994 65022 8481 0 0 0 0 0 0 0 0 0 0 0 0 0 0 0 0 0 0 0 0 0 0 0 0 0 52686 65022 34696 0 0 0 0 0 0 0 0 0 0 0 0 0 0 0 0 0 0 0 0 0 0 0 0 0 27242 65022 56284 1028 0 0 0 0 0 0 0 0 0 0 0 0 0 0 0 0 0 0 0 0 0 0 0 0 27242 65022 57569 1028 0 0 0 0 0 0 0 0 0 0 0 0 0 0 0 0 0 0 0 0 0 0 0 0 51401 65022 34696 0 0 0 0 0 0 0 0 0 0 0 0 0 0 0 0 0 0 0 0 0 0 0 0 29555 63737 65022 10023 0 0 0 0 0 0 0 0 0 10794 36238 20817 20817 18247 0 0 0 0 0 0 0 0 0 7710 59882 65022 65022 3084 0 0 0 0 0 0 0 0 0 44462 65022 65022 65022 63737 54228 33154 17990 0 0 0 0 0 7710 38037 65022 65022 55256 2056 0 0 0 0 0 0 0 0 0 65279 65022 65022 65022 65022 65022 65022 63223 48831 24158 5911 0 19532 38037 65022 65022 54999 7453 0 0 0 0 0 0 0 0 0 0 65536 65022 65022 65022 65022 65022 65022 65022 65022 65022 59368 57312 63737 65022 65022 65022 48574 1799 0 0 0 0 0 0 0 0 0 0 52172 65022 65022 30583 6168 26471 55770 65022 65022 65022 65022 65022 65022 65022 65022 65022 65022 59368 2827 13364 0 0 0 0 0 0 0 0 19532 65022 65022 62452 60653 60653 63480 65022 65022 65022 65022 65022 65022 65022 65022 65022 65022 52429 1799 17990 0 0 0 0 0 0 0 0 257 21845 65022 65022 65022 65022 65022 65022 65022 65022 65022 56284 34696 23901 3084 3084 3084 1799 0 0 0 0 0 0 0 0 0 0 0 257 19532 48831 52686 65022 65022 65022 58083 33154 24672 1028 0 0 0 0 0 0 0 0 0 0 0 0 0 0 0 0 0 0 0 0 0 0 0 0 0 0 0 0 0 0 0 0 0 0 0 0 0 0 0 0 0 0 0 0 0 0 0 0 0 0 0 0 0 0 0 0 0 0 0 0 0 0 0 0 0 0 0 0 0 0 0 0 0 0 0 0 0 0 0 0 0 0 0 0 0 0 0 0 0 0 0 0 0 0 0 0 0 0 0 0 0 0 0 0 0 0 0 0 0 0 0 0 0 0 0 0 0 0 0 0 0 0 0 0 0 0 0 0 0 0 0 0 0 0 0 0 0 0 0 0 0 0 0 0 0 0 0 0 0 0 0 0 0 0 0 0 0 0 0 0 0 0 0 0 0 0 0 0 0 0 0 0 0 0 0 0 0 0 0 0 
0 0 0 0 0 0 0 0 0 0 0 0 0 0 0 0 0 0 0 0 0 0 0 0 0 0 0 0 0 0 0 0 0 0 0 0 0 0 0 0 0 0 0 0 0 0 0 0 0 0 0 0 0 0 0 0 0 0 0 0 0 0 0 0 0 0 0 0 0 0 0 0 0 0 0 0 0 0 0 0 0 0 0 0 0 0 0 0 0 0 0 0 0 0 0 0 0 0 0 0 0 0 0 0 0 0 0 0 0 0 0 0 0 0 0 0 0 0 0 0 0 0 0 0 0 0 0 0 0 0 0 0 0 0 0 0 0 0 0 0 0 0 0 0 0 0 0 0 0 7196 29812 51401 65536 65279 65279 52686 57569 35724 5397 0 0 0 0 0 0 0 0 0 0 0 0 0 0 0 0 3341 25700 61681 65022 65022 58340 54999 54999 58083 59111 65022 41378 771 0 0 0 0 0 0 0 0 0 0 0 0 0 0 0 41635 65279 62709 32897 11565 3084 0 0 3084 3855 41635 65022 22102 0 0 0 0 0 0 0 0 0 0 0 0 0 0 14135 64765 49602 8738 0 0 0 0 0 0 0 36238 65022 24929 0 0 0 0 0 0 0 0 0 0 0 0 0 0 4883 38551 46518 0 0 0 0 0 0 0 34439 65279 59368 9252 0 0 0 0 0 0 0 0 0 0 0 0 0 0 0 0 9252 0 0 0 0 0 0 15677 65279 57312 20817 0 0 0 0 0 0 0 0 0 0 0 0 0 0 0 0 0 0 0 0 0 0 14906 52172 64251 53200 10023 0 0 0 0 0 0 0 0 0 0 0 0 0 0 0 0 0 0 0 0 11051 20303 48060 63994 48060 32639 1542 0 0 0 0 0 0 0 0 0 0 0 0 0 0 0 0 0 0 0 2056 56027 65279 65279 65536 65279 26728 514 0 0 0 0 0 0 0 0 0 0 0 0 0 0 0 0 0 0 0 0 1285 39579 54999 61167 65279 65022 65022 44976 6425 0 0 0 0 0 0 0 0 0 0 0 0 0 0 0 0 0 0 0 0 0 0 6168 10023 25443 50373 65022 61424 36495 2313 0 0 0 0 0 0 0 0 0 0 0 0 0 0 0 0 0 0 0 0 0 0 0 1285 29812 65279 65022 45490 1542 0 0 0 0 0 0 0 0 0 0 0 0 0 0 0 0 0 0 0 0 0 0 0 0 15677 50116 65279 40350 0 0 0 0 0 0 0 0 0 0 0 0 0 0 0 0 0 0 0 0 0 0 0 0 0 2313 48060 65022 18761 0 0 0 0 0 0 0 0 0 0 0 0 0 0 0 0 0 0 0 0 0 0 0 0 0 14649 63994 44719 0 0 0 0 0 0 0 0 0 0 0 0 0 0 6425 12593 0 0 0 0 0 0 0 0 0 0 60139 63223 9252 0 0 0 0 0 0 0 0 0 0 0 0 0 20303 48317 2827 0 0 0 0 0 0 0 0 18247 65279 58854 0 0 0 0 0 0 0 0 0 0 0 0 0 0 11051 62195 54999 10794 0 0 0 0 0 8738 39322 62709 65022 37009 0 0 0 0 0 0 0 0 0 0 0 0 0 0 0 22359 61681 62709 48831 49088 55256 38037 34953 62195 65022 61424 37523 3084 0 0 0 0 0 0 0 0 0 0 0 0 0 0 0 0 3855 15934 37266 44976 54228 65022 65022 51144 41892 6939 0 0 0 0 0 0 0 0 0 0 0 0 0 0 0 0 0 0 0 0 0 0 0 0 0 0 0 0 0 0 0 0 0 0 0 0 0 0 0 0 0 0 0 0 0 0 0 0 0 0 0 0 0 0 0 0 0 0 0 0 0 0 0 0 0 0 0 0 0 0 0 0 0 0 0 0 0 0 0 0 0 0 0 0 0 0 0 0 0 0 0 0 0 
0 0 0 0 0 0 0 0 0 0 0 0 0 0 0 0 0 0 0 0 0 0 0 0 0 0 0 0 0 0 0 0 0 0 0 0 0 0 0 0 0 0 0 0 0 0 0 0 0 0 0 0 0 0 0 0 0 0 0 0 0 0 0 0 0 0 0 0 0 0 0 0 0 0 0 0 0 0 0 0 0 0 0 0 0 0 0 0 0 0 0 0 0 0 0 0 0 0 0 0 0 0 0 0 0 0 0 0 0 0 0 0 0 0 0 0 0 0 0 0 0 0 0 0 0 0 0 0 0 0 0 0 0 0 0 0 0 0 0 0 0 0 0 0 0 0 0 0 0 0 0 0 0 0 0 0 0 0 0 0 0 0 0 0 0 0 0 0 0 0 0 0 0 0 0 0 0 0 0 0 0 0 0 0 0 0 0 0 0 0 0 0 0 0 0 0 0 0 0 0 0 0 0 0 0 0 0 0 4883 17990 9766 0 0 0 0 0 0 0 4883 17990 17990 0 0 0 0 0 0 0 0 0 0 0 0 0 0 20817 56541 64765 59625 0 0 0 0 21845 53457 53200 56541 64765 64765 0 0 0 0 0 0 0 0 0 0 0 0 0 5654 62709 64765 64765 64765 0 32639 37523 59111 64251 65022 64765 64765 40350 35210 0 0 0 0 0 0 0 0 0 0 0 0 0 32639 60139 65022 65022 24672 5654 48574 63480 60139 59111 29812 10794 0 0 0 0 0 0 0 0 0 0 0 0 0 0 0 0 0 9766 56284 64765 64765 48574 0 17219 4369 0 0 0 0 0 0 0 0 0 0 0 0 0 0 0 0 0 0 0 0 0 4883 48317 64765 63480 17219 0 0 0 0 0 0 0 0 0 0 0 0 0 0 0 0 0 0 0 0 0 0 0 0 23901 64765 65022 47546 0 0 0 0 0 0 0 0 0 0 0 0 0 0 0 0 0 0 0 0 0 0 0 0 2313 32897 65022 58340 21588 0 0 0 0 0 0 0 0 0 0 0 0 0 0 0 0 0 0 0 0 0 0 0 0 0 65536 65022 47289 0 0 0 0 0 0 0 0 0 0 0 0 0 0 0 0 0 0 0 0 0 0 0 0 0 65022 64765 47032 0 0 0 0 0 0 0 0 0 0 0 0 0 0 0 9766 6425 0 0 0 0 0 0 6682 44719 65022 64765 25700 0 0 0 0 0 0 0 0 0 0 0 0 0 0 0 35467 47546 0 0 0 0 0 17476 38551 64765 65022 60396 11308 0 0 0 0 0 0 0 0 0 0 0 0 0 0 0 35467 58340 8224 0 0 29812 34953 63223 64765 64765 46261 4626 0 0 0 0 0 0 0 0 0 0 0 0 0 0 0 0 38294 65022 57055 59882 65022 65536 65022 63480 59111 32382 0 0 0 0 0 0 0 0 0 0 0 0 0 0 0 0 0 0 53200 60653 64765 64765 59368 53200 33925 17219 0 0 0 0 0 0 0 0 0 0 0 0 0 0 0 0 0 0 0 0 0 11308 17733 17733 9509 0 0 0 0 0 0 0 0 0 0 0 0 0 0 0 0 0 0 0 0 0 0 0 0 0 0 0 0 0 0 0 0 0 0 0 0 0 0 0 0 0 0 0 0 0 0 0 0 0 0 0 0 0 0 0 0 0 0 0 0 0 0 0 0 0 0 0 0 0 0 0 0 0 0 0 0 0 0 0 0 0 0 0 0 0 0 0 0 0 0 0 0 0 0 0 0 0 0 0 0 0 0 0 0 0 0 0 0 0 0 0 0 0 0 0 0 0 0 0 0 0 0 0 0 0 0 0 0 0 0 0 0 0 0 0 0 0 0 0 0 0 0 0 0 0 0 0 0 0 0 0 0 0 0 0 0 0 0 
0 0 0 0 0 0 0 0 0 0 0 0 0 0 0 0 0 0 0 0 0 0 0 0 0 0 0 0 0 0 0 0 0 0 0 0 0 0 0 0 0 0 0 0 0 0 0 0 0 0 0 0 0 0 0 0 0 0 0 0 0 0 0 0 0 0 0 0 0 0 0 0 0 0 0 0 0 0 0 0 0 0 0 0 0 0 0 0 0 0 0 0 0 0 0 0 0 0 0 0 0 0 0 0 0 0 0 0 0 0 0 0 0 0 0 0 0 0 0 0 0 0 0 0 0 0 0 29298 65022 57055 9766 0 0 0 0 0 0 0 0 0 0 0 0 0 0 0 0 0 0 0 0 0 0 0 32382 61167 64765 51658 2313 0 0 0 0 0 0 0 0 0 0 0 0 0 0 0 0 0 0 0 0 0 0 5911 58340 65022 64765 22102 0 0 0 0 0 0 0 0 0 0 0 0 0 0 0 0 0 0 0 0 0 0 0 7453 64765 65022 62195 12593 0 0 0 0 0 0 0 0 0 0 0 0 0 0 0 0 0 0 0 0 0 0 0 7453 64765 65022 42920 0 0 0 0 0 0 0 0 0 0 0 0 0 0 0 0 0 0 0 0 0 0 0 0 43434 65022 65536 43177 0 0 0 0 0 0 0 0 0 0 0 0 0 0 0 0 0 0 0 0 0 0 0 13107 62452 64765 65022 10794 0 0 0 0 0 0 0 0 0 0 0 0 0 0 0 0 0 0 0 0 0 0 0 14649 64765 64765 65022 6939 0 0 0 0 0 0 0 0 0 0 0 0 0 0 0 0 0 0 0 0 0 0 0 14649 64765 64765 65022 6939 0 0 0 0 0 0 0 0 0 0 0 0 0 0 0 0 0 0 0 0 0 0 0 14649 64765 64765 48831 3084 0 0 0 0 0 0 0 0 0 0 0 0 0 0 0 0 0 0 0 0 0 0 0 14649 65022 65022 65536 6939 0 0 0 0 0 0 0 0 0 0 0 0 0 0 0 0 0 0 0 0 0 0 0 26728 64765 64765 39065 771 0 0 0 0 0 0 0 0 0 0 0 0 0 0 0 0 0 0 0 0 0 0 0 50630 64765 64765 35981 0 0 0 0 0 0 0 0 0 0 0 0 0 0 0 0 0 0 0 0 0 0 0 2570 52172 64765 64765 32382 0 0 0 0 0 0 0 0 0 0 0 0 0 0 0 0 0 0 0 0 0 0 0 21845 64765 64765 64765 0 0 0 0 0 0 0 0 0 0 0 0 0 0 0 0 0 0 0 0 0 0 0 0 58083 65022 65022 65022 0 0 0 0 0 0 0 0 0 0 0 0 0 0 0 0 0 0 0 0 0 0 0 0 57826 64765 64765 52429 0 0 0 0 0 0 0 0 0 0 0 0 0 0 0 0 0 0 0 0 0 0 0 0 57826 64765 64765 28784 0 0 0 0 0 0 0 0 0 0 0 0 0 0 0 0 0 0 0 0 0 0 0 0 57826 64765 64765 28784 0 0 0 0 0 0 0 0 0 0 0 0 0 0 0 0 0 0 0 0 0 0 0 0 57826 64765 64765 28784 0 0 0 0 0 0 0 0 0 0 0 0 0 0 0 0 0 0 0 0 0 0 0 0 0 0 0 0 0 0 0 0 0 0 0 0 0 0 0 0 0 0 0 0 0 0 0 0 0 0 0 0 0 0 0 0 0 0 0 0 0 0 0 0 0 0 0 0 0 0 0 0 0 0 0 0 0 0 0 0 0 0 0 0 0 0 0 0 0 0 0 0 0 0 0 0 0 0 0 0 0 0 0 0 0 0 0 0 0 0 0 0 0 0 0 0 0 0 0 0 0 0 0 0 0 
0 0 0 0 0 0 0 0 0 0 0 0 0 0 0 0 0 0 0 0 0 0 0 0 0 0 0 0 0 0 0 0 0 0 0 0 0 0 0 0 0 0 0 0 0 0 0 0 0 0 0 0 0 0 0 0 0 0 0 0 0 0 0 0 0 0 0 0 0 0 0 0 0 0 0 0 0 0 0 0 0 0 0 0 0 0 0 0 0 0 0 0 0 0 0 0 0 0 0 0 0 0 0 0 0 0 0 0 0 0 0 0 0 0 0 0 0 0 0 0 0 0 0 36238 65022 43691 0 0 0 0 0 0 0 0 0 0 0 0 0 0 0 0 0 0 0 0 0 0 0 0 0 65022 64508 57826 14392 0 0 0 0 0 0 0 0 0 0 0 0 0 0 0 0 0 0 0 0 0 0 0 0 22102 65022 65536 65022 0 0 0 0 0 0 0 0 0 0 0 0 0 0 0 0 0 0 0 0 0 0 0 0 21845 64508 65022 64508 0 0 0 0 0 0 0 0 0 0 0 0 0 0 0 0 0 0 0 0 0 0 0 0 22102 65022 65536 65022 43691 0 0 0 0 0 0 0 0 0 0 0 0 0 0 0 0 0 0 0 0 0 0 0 21845 64508 65022 64508 43177 0 0 0 0 0 0 0 0 0 0 0 0 0 0 0 0 0 0 0 0 0 0 0 22102 65022 65536 65022 50887 7196 0 0 0 0 0 0 0 0 0 0 0 0 0 0 0 0 0 0 0 0 0 0 7196 50373 65022 64508 65022 21331 0 0 0 0 0 0 0 0 0 0 0 0 0 0 0 0 0 0 0 0 0 0 0 29298 65279 65022 65279 65022 0 0 0 0 0 0 0 0 0 0 0 0 0 0 0 0 0 0 0 0 0 0 0 0 65022 64508 65022 64508 0 0 0 0 0 0 0 0 0 0 0 0 0 0 0 0 0 0 0 0 0 0 0 0 50887 65022 65279 65022 0 0 0 0 0 0 0 0 0 0 0 0 0 0 0 0 0 0 0 0 0 0 0 0 21845 64508 65022 64508 29298 0 0 0 0 0 0 0 0 0 0 0 0 0 0 0 0 0 0 0 0 0 0 0 21845 65022 65279 65022 43434 0 0 0 0 0 0 0 0 0 0 0 0 0 0 0 0 0 0 0 0 0 0 0 21845 64508 65022 64508 43177 0 0 0 0 0 0 0 0 0 0 0 0 0 0 0 0 0 0 0 0 0 0 0 14649 57826 65279 65022 43434 0 0 0 0 0 0 0 0 0 0 0 0 0 0 0 0 0 0 0 0 0 0 0 0 43177 65022 64508 57826 14392 0 0 0 0 0 0 0 0 0 0 0 0 0 0 0 0 0 0 0 0 0 0 0 43434 65279 65022 65279 21588 0 0 0 0 0 0 0 0 0 0 0 0 0 0 0 0 0 0 0 0 0 0 0 14392 65022 64508 65022 50373 0 0 0 0 0 0 0 0 0 0 0 0 0 0 0 0 0 0 0 0 0 0 0 0 65279 65022 65279 50373 0 0 0 0 0 0 0 0 0 0 0 0 0 0 0 0 0 0 0 0 0 0 0 0 35724 64508 50373 7196 0 0 0 0 0 0 0 0 0 0 0 0 0 0 0 0 0 0 0 0 0 0 0 0 0 0 0 0 0 0 0 0 0 0 0 0 0 0 0 0 0 0 0 0 0 0 0 0 0 0 0 0 0 0 0 0 0 0 0 0 0 0 0 0 0 0 0 0 0 0 0 0 0 0 0 0 0 0 0 0 0 0 0 0 0 0 0 0 0 0 0 0 0 0 0 0 0 0 0 0 0 0 0 0 0 0 0 0 0 0 0 0 0 0 0 0 0 0 0 0 0 
0 0 0 0 0 0 0 0 0 0 0 0 0 0 0 0 0 0 0 0 0 0 0 0 0 0 0 0 0 0 0 0 0 0 0 0 0 0 0 0 0 0 0 0 0 0 0 0 0 0 0 0 0 0 0 0 0 0 0 0 0 0 0 0 0 0 0 0 0 0 0 0 0 0 0 0 0 0 0 0 0 0 0 0 0 0 0 0 0 0 0 0 0 0 0 0 0 0 0 0 0 0 0 0 0 0 0 0 0 0 0 0 0 0 0 0 0 0 0 0 0 0 18504 44719 65022 65022 50116 21588 0 0 0 0 0 0 0 0 0 0 0 0 0 0 0 0 0 0 0 0 0 3084 50630 64508 64508 64508 65022 62709 48831 5911 0 0 0 0 0 0 0 0 0 0 0 0 0 0 0 0 0 0 20560 44719 64508 64508 64508 64508 65022 64508 64508 28270 0 0 0 0 0 0 0 0 0 0 0 0 0 0 0 0 0 0 40607 65022 64508 56284 12850 7967 29298 64508 64508 48317 0 0 0 0 0 0 0 0 0 0 0 0 0 0 0 0 0 10280 55770 65022 33925 12079 0 0 24672 64508 64508 48317 0 0 0 0 0 0 0 0 0 0 0 0 0 0 0 0 12336 60139 65022 56284 10023 0 0 0 0 49088 65022 48574 0 0 0 0 0 0 0 0 0 0 0 0 0 0 0 0 8224 15934 15934 10023 0 0 0 0 0 48831 64508 50373 3084 0 0 0 0 0 0 0 0 0 0 0 0 0 0 0 0 0 0 0 0 0 0 0 0 48831 64508 64508 24158 0 0 0 0 0 0 0 0 0 0 0 0 0 0 0 0 0 0 0 0 0 0 0 0 48831 64508 60396 17990 0 0 0 0 0 0 0 0 0 0 0 0 0 0 0 0 0 0 0 0 0 0 0 0 48831 64508 48317 0 0 0 0 0 0 0 0 0 0 0 0 0 0 0 0 0 0 0 0 0 0 0 0 24672 65022 65022 48574 0 0 0 0 0 0 0 0 0 0 0 0 0 0 0 0 0 0 0 0 0 0 0 0 54999 64508 64508 17733 0 0 0 0 0 0 0 0 0 0 0 0 0 0 0 0 0 0 0 0 0 0 28784 32639 65022 64508 48317 3855 0 0 0 0 0 0 0 0 0 0 0 0 0 0 0 0 0 0 0 0 12336 16448 58854 64508 65022 59368 12079 0 0 0 0 0 0 0 0 0 0 0 0 0 0 0 0 0 0 0 0 0 48831 64508 64508 64508 65022 64508 52429 40607 15163 0 0 0 0 0 0 0 0 0 0 0 0 0 0 0 0 0 0 39836 65022 65022 65022 65022 65536 65022 65022 65022 65022 50116 6168 0 0 0 0 0 0 0 0 0 0 0 0 0 0 0 30840 65022 64508 64508 64508 59368 56798 57569 64508 64508 64508 65022 47546 4112 0 0 0 0 0 0 0 0 0 0 0 0 0 0 40607 65022 64508 64508 35981 12079 0 4112 32382 60653 64508 65022 64508 32382 0 0 0 0 0 0 0 0 0 0 0 0 0 0 30583 65022 62452 28013 1028 0 0 0 0 17219 48317 65022 64508 32382 0 0 0 0 0 0 0 0 0 0 0 0 0 0 0 24415 21074 0 0 0 0 0 0 0 0 39322 64508 32382 0 0 0 0 0 0 0 0 0 0 0 0 0 0 0 0 0 0 0 0 0 0 0 0 0 0 0 0 0 0 0 0 0 0 0 0 0 0 0 0 0 0 0 0 0 0 0 0 0 0 0 0 0 0 0 0 0 0 0 0 0 0 0 0 0 0 0 0 0 0 0 0 0 0 0 0 0 0 0 0 0 0 0 0 0 0 0 0 0 0 0 0 0 0 0 0 0 0 0 0 0 0 0 0 0 0 0 0 0 0 0 0 0 0 0 0 0 0 
0 0 0 0 0 0 0 0 0 0 0 0 0 0 0 0 0 0 0 0 0 0 0 0 0 0 0 0 0 0 0 0 0 0 0 0 0 0 0 0 0 0 0 0 0 0 0 0 0 0 0 0 0 0 0 0 0 0 0 0 0 0 0 0 0 0 0 0 0 0 0 0 0 0 0 0 0 0 0 0 0 0 0 0 0 0 0 0 0 0 0 0 0 0 0 0 0 0 0 0 0 0 0 0 0 0 0 0 0 0 0 0 0 0 0 0 0 0 0 0 0 0 0 0 0 0 0 0 0 0 0 0 0 0 0 0 0 0 0 0 0 0 0 0 0 0 0 0 0 0 0 0 0 0 0 0 0 0 0 0 11565 61167 6168 0 0 0 0 0 0 0 0 0 0 0 0 0 0 1799 4369 0 0 0 0 0 0 0 0 1799 40864 65022 6168 0 0 0 0 0 0 0 0 0 0 0 0 0 0 18761 56798 5654 0 0 0 0 0 0 0 18761 65022 65022 6168 0 0 0 0 0 0 0 0 0 0 0 0 0 16448 49859 60910 7453 0 0 0 0 0 0 0 18761 65022 48317 2056 0 0 0 0 0 0 0 0 0 0 0 0 0 46775 65022 48574 2313 0 0 0 0 0 0 0 26214 65022 17990 0 0 0 0 0 0 0 0 0 0 0 0 0 0 46775 65022 65022 9252 0 0 0 0 0 0 12079 61424 65022 9252 0 0 0 0 0 0 0 0 0 0 0 0 0 20817 61681 65022 36752 1799 0 0 0 0 0 0 40864 65022 57826 6168 0 0 0 0 0 0 0 0 0 0 0 0 3598 51915 65022 57826 7710 21588 53200 56027 56284 38037 9509 10794 62452 65022 31611 0 0 0 0 0 0 0 0 0 0 0 0 0 9509 65022 65022 46261 9509 59882 65022 65022 65279 65022 61424 60396 65022 57055 6939 0 0 0 0 0 0 0 0 0 0 0 0 0 24415 65022 65022 64251 63223 65022 23644 2827 2827 23901 65022 65022 65022 55256 20817 0 0 0 0 0 0 0 0 0 0 0 0 514 41892 65279 65279 65279 62966 8738 0 0 0 0 24415 65536 65279 65279 41892 0 0 0 0 0 0 0 0 0 0 0 0 9252 65022 65022 65022 51401 5397 0 0 0 0 0 12593 65022 63480 34953 5397 0 0 0 0 0 0 0 0 0 0 0 0 18247 65022 63223 48317 5911 0 0 0 0 0 1028 43948 65022 44976 0 0 0 0 0 0 0 0 0 0 0 0 0 0 2313 21588 17476 0 0 0 0 0 0 0 12336 65022 65022 18504 0 0 0 0 0 0 0 0 0 0 0 0 0 0 0 0 0 0 0 0 0 0 0 0 37266 65022 65022 18504 0 0 0 0 0 0 0 0 0 0 0 0 0 0 0 0 0 0 0 0 0 0 0 0 37266 65022 55513 4369 0 0 0 0 0 0 0 0 0 0 0 0 0 0 0 0 0 0 0 0 0 0 0 0 37266 65022 52686 0 0 0 0 0 0 0 0 0 0 0 0 0 0 0 0 0 0 0 0 0 0 0 0 1285 48060 65022 63480 15934 0 0 0 0 0 0 0 0 0 0 0 0 0 0 0 0 0 0 0 0 0 0 0 3341 65022 65022 65022 18504 0 0 0 0 0 0 0 0 0 0 0 0 0 0 0 0 0 0 0 0 0 0 0 18247 65022 65022 53200 1028 0 0 0 0 0 0 0 0 0 0 0 0 0 0 0 0 0 0 0 0 0 0 0 0 0 0 0 0 0 0 0 0 0 0 0 0 0 0 0 0 0 0 0 0 0 0 0 0 0 0 0 0 0 0 0 0 0 0 0 0 0 0 0 0 0 0 0 0 0 0 0 0 0 0 0 0 0 0 0 0 0 0 0 0 0 0 0 0 0 0 0 0 0 
0 0 0 0 0 0 0 0 0 0 0 0 0 0 0 0 0 0 0 0 0 0 0 0 0 0 0 0 0 0 0 0 0 0 0 0 0 0 0 0 0 0 0 0 0 0 0 0 0 0 0 0 0 0 0 0 0 0 0 0 0 0 0 0 0 0 0 0 0 0 0 0 0 0 0 0 0 0 0 0 0 0 0 0 0 0 0 0 0 0 0 0 0 0 0 0 0 0 0 0 0 0 0 0 0 0 0 0 0 0 0 0 0 0 0 0 0 0 0 0 0 0 0 0 0 0 0 0 19789 41378 47546 61424 21588 0 0 0 0 0 0 0 0 0 0 0 0 0 0 0 0 0 0 0 0 771 18247 47803 65022 65279 65279 65279 65022 13107 0 0 0 0 0 0 0 0 0 0 0 0 0 0 0 0 0 0 6682 40864 65279 65279 65279 29555 6682 27756 35210 1028 0 0 0 0 0 0 0 0 0 0 0 0 0 0 0 0 0 3855 56027 65279 65279 44719 7453 514 0 0 0 0 0 0 0 0 0 0 0 0 0 0 0 0 0 0 0 0 5654 40350 64508 36752 8995 0 0 0 27499 56284 53200 14906 0 0 0 0 0 0 0 0 0 0 0 0 0 0 2056 20817 55513 64251 36495 0 0 0 2570 28013 63994 65279 63994 34696 0 0 0 0 0 0 0 0 0 0 0 0 0 0 13621 65279 65279 46004 0 0 2570 21845 54742 65279 65279 55513 15420 0 0 0 0 0 0 0 0 0 0 0 0 0 0 0 15163 65279 48831 3341 0 2570 48060 65279 65279 63994 40350 5397 0 0 0 0 0 0 0 0 0 0 0 0 0 0 0 0 35210 64765 16962 0 3341 54228 65279 65279 64508 24415 0 0 0 0 0 0 0 0 0 0 0 0 0 0 0 0 0 0 13621 61681 15677 28270 46518 65279 65279 50630 15420 0 0 0 0 0 0 0 0 0 0 0 0 0 0 0 0 0 0 0 13621 65279 57569 65279 65279 65279 57569 0 19789 1542 0 0 0 0 0 0 0 0 0 0 0 0 0 0 0 0 0 0 514 20817 65279 65279 65279 65279 65279 63480 65022 63223 50630 18247 0 0 0 0 0 0 0 0 0 0 0 0 0 0 0 0 3341 47803 65279 63480 49345 49345 49345 49602 49345 53200 65279 60653 6682 0 0 0 0 0 0 0 0 0 0 0 0 0 0 0 26214 65279 65279 41121 0 0 0 0 0 1799 59368 58854 5140 0 0 0 0 0 0 0 0 0 0 0 0 0 0 2827 56798 65279 53457 2056 0 0 0 0 3341 37780 64251 30583 0 0 0 0 0 0 0 0 0 0 0 0 0 0 0 15934 65279 59625 9766 0 0 0 0 0 55513 65279 55513 4626 0 0 0 0 0 0 0 0 0 0 0 0 0 0 0 15934 65279 53971 0 0 0 0 4883 36495 64765 63480 18504 0 0 0 0 0 0 0 0 0 0 0 0 0 0 0 0 3855 49345 53971 0 0 2056 6168 60396 65536 65279 23130 0 0 0 0 0 0 0 0 0 0 0 0 0 0 0 0 0 0 8481 58083 28784 27242 54742 65279 65279 63223 27242 1285 0 0 0 0 0 0 0 0 0 0 0 0 0 0 0 0 0 0 0 10537 31097 60653 48060 42663 27242 0 0 0 0 0 0 0 0 0 0 0 0 0 0 0 0 0 0 0 0 0 0 0 0 0 0 0 0 0 0 0 0 0 0 0 0 0 0 0 0 0 0 0 0 0 0 0 0 0 0 0 0 0 0 0 0 0 0 0 0 0 0 0 0 0 0 0 0 0 0 0 0 0 0 0 0 0 0 0 0 0 0 0 0 0 0 0 0 0 0 0 0 0 0 0 0 0 0 0 0 0 0 0 0 0 0 0 0 0 0 0 0 0 0 0 0 0 0 0 0 0 0 0 0 0 
0 0 0 0 0 0 0 0 0 0 0 0 0 0 0 0 0 0 0 0 0 0 0 0 0 0 0 0 0 0 0 0 0 0 0 0 0 0 0 0 0 0 0 0 0 0 0 0 0 0 0 0 0 0 0 0 0 0 0 0 0 0 0 0 0 0 0 0 0 0 0 0 0 0 0 0 0 0 0 0 0 0 0 0 0 0 0 0 0 0 0 0 0 0 0 0 0 0 0 0 0 0 0 0 0 0 0 0 0 0 0 0 0 0 0 0 0 0 0 0 0 0 0 22873 53200 65022 65536 52943 22616 0 0 0 0 0 0 0 0 0 0 0 0 0 0 0 0 0 0 0 0 0 19532 55256 64765 64765 65022 64765 63223 31354 0 0 0 0 0 0 0 0 0 0 0 0 0 0 0 0 0 0 0 0 57826 61424 46261 14135 30583 63223 64765 59111 6425 0 0 0 0 0 0 0 0 0 0 0 0 0 0 0 0 0 0 0 57826 50116 0 0 0 31354 63223 64765 28784 0 0 0 0 0 0 0 0 0 0 0 0 0 0 0 0 0 0 0 57826 50116 0 0 0 0 50630 64765 28784 0 0 0 0 0 0 0 0 0 0 0 0 0 0 0 0 0 0 0 32382 7967 0 0 0 0 50887 65022 28784 0 0 0 0 0 0 0 0 0 0 0 0 0 0 0 0 0 0 0 0 0 0 0 0 0 18504 64765 28784 0 0 0 0 0 0 0 0 0 0 0 0 0 0 0 0 0 0 0 0 0 0 0 0 0 22616 64765 28784 0 0 0 0 0 0 0 0 0 0 0 0 0 0 0 0 0 0 0 0 0 0 0 0 0 50630 64765 28784 0 0 0 0 0 0 0 0 0 0 0 0 0 0 0 0 0 0 0 0 0 0 0 0 0 50630 64765 28784 0 0 0 0 0 0 0 0 0 0 0 0 0 0 0 0 0 0 0 0 0 0 0 0 21845 65022 57826 0 0 0 0 0 0 0 0 0 0 0 0 0 0 0 0 0 0 0 0 7453 21845 21845 9766 0 53971 64765 25443 0 0 0 0 0 0 0 0 0 0 0 0 0 0 0 0 0 0 8224 30840 55256 64765 64765 56798 50887 63223 53457 4883 0 0 0 0 0 0 0 0 0 0 0 0 0 0 0 0 0 0 35981 65022 62195 57312 58340 64765 65022 64765 50116 0 0 0 0 0 0 0 0 0 0 0 0 0 0 0 0 0 0 4112 52172 65022 22873 0 3341 48574 65022 64765 50116 0 0 0 0 0 0 0 0 0 0 0 0 0 0 0 0 0 0 7453 65022 65536 6939 0 23644 65022 65536 65022 65022 21588 0 0 0 0 0 0 0 0 0 0 0 0 0 0 0 0 0 7453 64765 65022 26471 30069 62452 64765 27242 26471 64765 56027 9766 0 0 0 0 0 0 0 0 0 0 0 0 0 0 0 0 1799 42406 65022 64765 64765 62966 30326 0 4883 45490 64765 28784 0 0 0 0 0 0 0 0 0 0 0 0 0 0 0 0 0 32382 65022 62195 49345 19018 0 0 0 14649 64765 52686 7453 771 0 0 0 0 0 0 0 0 0 0 0 0 0 0 0 0 28784 19018 0 0 0 0 0 6425 52686 64765 65022 6939 0 0 0 0 0 0 0 0 0 0 0 0 0 0 0 0 0 0 0 0 0 0 0 0 0 0 0 0 0 0 0 0 0 0 0 0 0 0 0 0 0 0 0 0 0 0 0 0 0 0 0 0 0 0 0 0 0 0 0 0 0 0 0 0 0 0 0 0 0 0 0 0 0 0 0 0 0 0 0 0 0 0 0 0 0 0 0 0 0 0 0 0 0 0 0 0 0 0 0 0 0 0 0 0 0 0 0 0 0 0 0 0 0 0 0 0 0 0 0 
0 0 0 0 0 0 0 0 0 0 0 0 0 0 0 0 0 0 0 0 0 0 0 0 0 0 0 0 0 0 0 0 0 0 0 0 0 0 0 0 0 0 0 0 0 0 0 0 0 0 0 0 0 0 0 0 0 0 0 0 0 0 0 0 0 0 0 0 0 0 0 0 0 0 0 0 0 0 0 0 0 0 0 0 0 0 0 0 0 0 0 0 0 0 0 0 16448 32897 65536 65536 65536 65536 49088 0 0 0 0 0 0 0 0 0 0 0 0 0 0 0 0 0 0 0 0 32897 65536 65536 65536 65536 65536 65536 65536 49088 0 0 0 0 0 0 0 0 0 0 0 0 0 0 0 0 0 16448 49088 65536 65536 65536 65536 32897 49088 65536 65536 65536 0 0 0 0 0 0 0 0 0 0 0 0 0 0 0 0 16448 65536 65536 65536 32897 32897 0 0 0 49088 65536 65536 49088 0 0 0 0 0 0 0 0 0 0 0 0 0 0 0 65536 65536 65536 0 0 0 0 0 0 0 65536 65536 65536 0 0 0 0 0 0 0 0 0 0 0 0 0 0 32897 65536 49088 0 0 0 0 0 0 0 0 32897 65536 65536 16448 0 0 0 0 0 0 0 0 0 0 0 0 0 16448 49088 16448 0 0 0 0 0 0 0 0 32897 65536 65536 32897 0 0 0 0 0 0 0 0 0 0 0 0 0 0 0 0 0 0 0 0 0 0 0 0 49088 65536 65536 16448 0 0 0 0 0 0 0 0 0 0 0 0 0 0 0 0 0 0 0 0 0 0 0 0 65536 65536 65536 16448 0 0 0 0 0 0 0 0 0 0 0 0 0 0 0 0 0 0 0 0 0 0 0 0 65536 65536 65536 0 0 0 0 0 0 0 0 0 0 0 0 0 0 0 0 0 0 0 0 0 0 0 0 32897 65536 65536 49088 0 0 0 0 0 0 0 0 0 0 0 0 0 0 0 0 0 0 0 0 0 0 0 0 65536 65536 65536 16448 0 0 0 0 0 0 0 0 0 0 0 0 0 16448 32897 65536 65536 65536 65536 65536 65536 49088 32897 32897 65536 65536 65536 0 0 0 0 0 0 0 0 0 0 0 0 0 49088 65536 65536 65536 65536 65536 32897 49088 65536 65536 65536 65536 65536 65536 49088 0 0 0 0 0 0 0 0 0 0 0 16448 65536 65536 32897 32897 0 0 0 0 0 16448 65536 65536 65536 65536 65536 16448 0 0 0 0 0 0 0 0 0 0 0 32897 65536 0 0 0 0 0 0 0 0 0 65536 65536 65536 65536 65536 65536 0 0 0 0 0 0 0 0 0 0 0 65536 65536 0 0 0 0 0 0 0 16448 49088 65536 65536 65536 49088 65536 65536 49088 16448 0 0 0 0 0 0 0 0 0 32897 65536 32897 16448 0 0 16448 32897 32897 65536 65536 65536 49088 16448 0 49088 65536 65536 65536 16448 0 0 0 0 0 0 0 0 16448 65536 65536 65536 65536 65536 65536 65536 65536 65536 65536 32897 0 0 0 0 16448 65536 65536 16448 0 0 0 0 0 0 0 0 0 0 32897 49088 65536 65536 65536 65536 32897 32897 0 0 0 0 0 0 0 0 16448 0 0 0 0 0 0 0 0 0 0 0 0 0 0 0 0 0 0 0 0 0 0 0 0 0 0 0 0 0 0 0 0 0 0 0 0 0 0 0 0 0 0 0 0 0 0 0 0 0 0 0 0 0 0 0 0 0 0 0 0 0 0 0 0 0 0 0 0 0 0 0 0 0 0 0 0 0 0 0 0 0 0 0 0 0 0 0 0 0 0 0 0 0 0 0 0 0 0 0 0 0 0 0 0 0 0 0 0 0 0 0 0 0 0 0 0 0 0 0 0 0 0 0 0 0 0 0 0 0 0 0 0 0 0 0 0 0 0 0 0 0 0 0 0 0 0 
0 0 0 0 0 0 0 0 0 0 0 0 0 0 0 0 0 0 0 0 0 0 0 0 0 0 0 0 0 0 0 0 0 0 0 0 0 0 0 0 0 0 0 0 0 0 0 0 0 0 0 0 0 0 0 0 0 0 0 0 0 0 0 0 0 0 24672 54999 65022 65022 24415 0 0 0 0 0 0 0 0 0 0 0 0 0 0 0 0 0 0 0 0 0 0 30840 65022 64508 64508 57312 21074 0 0 0 0 0 0 0 0 0 0 0 0 0 0 0 0 0 0 0 0 0 0 20303 65022 64508 64508 28270 0 0 0 0 0 0 0 0 0 0 0 0 0 0 0 0 0 0 0 0 0 8224 26728 56798 65022 62452 28013 5911 0 0 0 0 0 0 0 0 0 0 0 0 0 0 0 0 0 0 0 0 0 32639 64508 64508 65022 31097 0 0 0 0 0 0 0 0 0 0 0 0 0 0 0 0 0 0 0 0 0 0 8224 65022 65022 65022 65536 16191 0 0 0 0 0 0 0 0 0 0 0 0 0 0 0 0 0 0 0 0 0 3084 40607 64508 64508 59368 41378 4112 0 0 0 0 0 0 0 0 0 0 0 0 0 0 0 0 0 0 0 0 0 44719 64508 64508 64508 24158 0 0 0 0 0 0 0 0 0 0 0 0 0 0 0 0 0 0 0 0 0 0 0 54742 64508 64508 54228 8995 0 0 0 0 0 0 0 0 0 0 0 0 0 0 0 0 0 0 0 0 0 0 0 24672 64508 64508 54228 8995 0 0 0 0 0 0 0 0 0 0 0 0 0 0 0 0 0 0 0 0 0 0 0 65536 65022 65022 7967 0 0 0 0 0 0 9252 29555 65022 65022 65022 65536 34182 12336 0 0 0 0 0 0 0 0 0 0 65022 64508 64508 7967 0 0 0 0 0 0 54999 64508 64508 64508 64508 65022 64508 56541 11051 0 0 0 0 0 0 0 0 0 44462 64508 64508 36238 12336 0 0 0 0 0 44462 64508 64508 64508 64508 65022 64508 64508 56541 12336 0 0 0 0 0 0 0 0 24672 64508 64508 64508 24158 0 0 0 0 0 60139 62452 48317 12850 7967 23387 60653 64508 54228 8995 0 0 0 0 0 0 0 0 9252 54485 64508 64508 49602 25700 0 0 0 0 65022 61681 20303 0 0 0 23387 64508 64508 24158 0 0 0 0 0 0 0 0 0 5140 40607 62195 65022 65536 34182 24672 3084 0 50116 65022 65022 29298 24672 15420 23644 65022 65022 39322 0 0 0 0 0 0 0 0 0 0 0 56798 64508 65022 64508 64508 50630 48831 54999 64508 64508 64508 64508 59111 60653 64508 64508 59368 0 0 0 0 0 0 0 0 0 0 0 28527 52429 65022 64508 64508 64508 64508 65022 64508 64508 64508 64508 65022 64508 64508 56284 12079 0 0 0 0 0 0 0 0 0 0 0 0 4883 48574 50373 64508 64508 64508 65022 64508 64508 64508 64508 65022 62452 28013 5911 0 0 0 0 0 0 0 0 0 0 0 0 0 0 0 3084 24158 34182 64508 39322 64508 64508 64508 39065 24415 21074 0 0 0 0 0 0 0 0 0 0 0 0 0 0 0 0 0 0 0 0 0 0 0 0 0 0 0 0 0 0 0 0 0 0 0 0 0 0 0 0 0 0 0 0 0 0 0 0 0 0 0 0 0 0 0 0 0 0 0 0 0 0 0 0 0 0 0 0 0 0 0 0 0 0 0 0 0 0 0 0 0 0 0 0 0 0 0 0 0 0 0 0 0 0 0 0 0 0 0 0 0 0 0 0 0 0 0 0 0 0 0 0 0 0 0 0 0 0 0 0 0 0 0 0 0 0 0 0 0 0 0 0 0 0 0 0 0 0 0 0 0 0 0 0 0 0 0 0 0 0 0 0 0 0 0 0 0 0 0 0 0 0 0 0 0 0 0 0 0 0 0 0 0 0 
0 0 0 0 0 0 0 0 0 0 0 0 0 0 0 0 0 0 0 0 0 0 0 0 0 0 0 0 0 0 0 0 0 0 0 0 0 0 0 0 0 0 0 0 0 0 0 0 0 0 0 0 0 0 0 0 0 0 0 0 0 0 0 0 0 0 0 0 0 0 0 0 0 0 0 0 0 0 0 0 0 0 0 0 0 0 0 0 0 0 0 0 0 0 0 0 0 0 0 0 0 0 0 0 0 0 0 0 0 0 0 0 0 0 0 0 0 0 0 0 0 0 0 0 0 18761 14392 20303 61681 41378 1799 0 0 0 0 0 0 0 0 0 0 0 0 0 0 0 0 0 0 0 1028 2570 12336 50116 65279 65279 65279 65279 30069 0 0 0 0 0 0 0 0 0 0 0 0 0 0 0 0 0 0 13364 23387 64251 65279 65279 65279 65279 57826 59882 63223 19018 0 0 0 0 0 0 0 0 0 0 0 0 0 0 0 514 30583 63480 59625 65279 65279 60396 38808 8995 5140 45490 65279 44719 0 0 0 0 0 0 0 0 0 0 0 0 0 0 0 3855 59368 65279 65279 65279 40864 514 0 0 4112 65279 63480 21588 0 0 0 0 0 0 0 0 0 0 0 0 0 0 0 2056 52943 65279 65279 65279 41378 257 0 0 8481 56798 58854 0 0 0 0 0 0 0 0 0 0 0 0 0 0 0 0 0 30069 54742 65279 65279 65279 1285 0 30069 62709 65279 41635 0 0 0 0 0 0 0 0 0 0 0 0 0 0 0 0 0 0 15163 55513 65279 65279 46518 7196 44976 65279 48317 514 0 0 0 0 0 0 0 0 0 0 0 0 0 0 0 0 0 0 0 19789 44719 65279 65279 53457 65279 65279 27756 0 0 0 0 0 0 0 0 0 0 0 0 0 0 0 0 0 0 0 0 0 4369 36238 65279 65279 65279 46261 514 0 0 0 0 0 0 0 0 0 0 0 0 0 0 0 0 0 0 0 0 0 0 1028 64508 65279 65279 36238 0 0 0 0 0 0 0 0 0 0 0 0 0 0 0 0 0 0 0 0 0 0 2570 53714 65279 65279 65279 62452 5140 0 0 0 0 0 0 0 0 0 0 0 0 0 0 0 0 0 0 0 0 1542 33668 65279 65279 61681 52943 65279 43434 0 0 0 0 0 0 0 0 0 0 0 0 0 0 0 0 0 0 0 2313 33925 65279 65279 61938 9252 5140 51658 59368 12336 0 0 0 0 0 0 0 0 0 0 0 0 0 0 0 0 0 2056 43691 65279 65279 65279 17219 0 0 27242 65279 45747 0 0 0 0 0 0 0 0 0 0 0 0 0 0 0 0 0 19532 65279 65279 62195 25186 514 0 0 1285 50116 60910 6168 0 0 0 0 0 0 0 0 0 0 0 0 0 0 0 0 29555 65279 65279 56541 9252 257 0 0 0 20046 65279 22873 0 0 0 0 0 0 0 0 0 0 0 0 0 0 0 0 4883 60653 65279 65279 65279 49088 48831 48831 48831 53457 65279 44719 0 0 0 0 0 0 0 0 0 0 0 0 0 0 0 0 0 44462 65279 65279 65279 65279 65279 65279 65279 65279 65279 44719 0 0 0 0 0 0 0 0 0 0 0 0 0 0 0 0 0 23387 65279 65279 65279 65279 65279 65279 65279 58340 39579 17219 0 0 0 0 0 0 0 0 0 0 0 0 0 0 0 0 0 0 0 0 0 0 0 0 0 0 0 0 0 0 0 0 0 0 0 0 0 0 0 0 0 0 0 0 0 0 0 0 0 0 0 0 0 0 0 0 0 0 0 0 0 0 0 0 0 0 0 0 0 0 0 0 0 0 0 0 0 0 0 0 0 0 0 0 0 0 0 0 0 0 0 0 0 0 0 0 0 0 0 0 0 0 0 0 0 0 0 0 0 0 0 0 0 0 0 0 0 0 0 0 
0 0 0 0 0 0 0 0 0 0 0 0 0 0 0 0 0 0 0 0 0 0 0 0 0 0 0 0 0 0 0 0 0 0 0 0 0 0 0 0 0 0 0 0 0 0 0 0 0 0 0 0 0 0 0 0 0 0 0 0 0 0 0 0 0 0 0 0 0 0 0 0 0 0 0 0 0 0 0 0 0 0 0 0 0 0 0 0 0 0 0 0 0 0 0 0 0 0 0 0 0 0 0 257 25957 65536 43434 7453 0 0 0 0 0 0 0 0 0 0 0 0 0 0 0 0 0 0 0 0 0 0 0 39836 65022 65022 58597 11565 0 0 0 0 0 0 0 0 0 0 0 0 0 0 0 0 0 0 0 0 0 5140 27499 64765 65022 56798 5911 0 0 0 0 0 0 0 0 0 0 0 0 0 0 0 0 0 0 0 0 0 14135 49859 65022 65022 50887 13621 0 0 0 0 0 0 0 0 0 0 0 0 0 0 0 0 0 0 0 0 0 5397 55513 65022 65022 53457 17733 0 0 0 0 0 0 0 0 0 0 0 0 0 0 0 0 0 0 0 0 0 4626 50373 65022 65022 52943 4369 0 0 0 0 0 0 0 0 0 0 0 0 0 0 0 0 0 0 0 0 0 3855 51658 65022 65022 53200 4369 0 0 0 0 0 0 0 0 0 0 0 0 0 0 0 0 0 0 0 0 0 257 39065 65022 65022 60396 22873 0 0 0 0 0 0 0 0 0 0 0 0 0 0 0 0 0 0 0 0 0 0 39836 65022 65022 57569 12593 0 0 0 0 0 0 0 0 0 0 0 0 0 0 0 0 0 0 0 0 0 0 40350 64251 65022 57569 5911 0 0 0 0 0 0 0 0 0 0 0 0 0 0 0 0 0 0 0 0 0 0 26985 63480 65022 65022 57569 15420 0 0 0 0 0 0 0 0 0 0 0 0 0 0 0 0 0 0 0 0 0 6939 57569 65022 65022 65022 65022 62709 24158 0 0 0 0 0 0 0 0 0 0 0 0 0 0 0 0 0 0 0 0 46004 65022 65022 36752 23130 40864 65022 63223 23130 0 0 0 0 0 0 0 0 0 0 0 0 0 0 0 0 0 0 771 49345 65022 63737 2827 0 10280 64251 65022 40607 0 0 0 0 0 0 0 0 0 0 0 0 0 0 0 0 0 0 13878 65022 65022 20046 0 0 0 45490 65022 54999 3598 0 0 0 0 0 0 0 0 0 0 0 0 0 0 0 0 0 33411 65022 50116 2570 0 0 7196 58340 65022 60653 4883 0 0 0 0 0 0 0 0 0 0 0 0 0 0 0 0 0 43948 65022 42149 0 16191 33668 50116 65022 65022 40607 0 0 0 0 0 0 0 0 0 0 0 0 0 0 0 0 0 0 43948 65022 60396 51658 64508 65022 65022 65022 58597 13364 0 0 0 0 0 0 0 0 0 0 0 0 0 0 0 0 0 0 32125 65022 65022 65022 65022 65022 60910 32382 6168 0 0 0 0 0 0 0 0 0 0 0 0 0 0 0 0 0 0 0 7453 57312 50887 65022 35981 34696 14906 0 0 0 0 0 0 0 0 0 0 0 0 0 0 0 0 0 0 0 0 0 0 0 0 0 0 0 0 0 0 0 0 0 0 0 0 0 0 0 0 0 0 0 0 0 0 0 0 0 0 0 0 0 0 0 0 0 0 0 0 0 0 0 0 0 0 0 0 0 0 0 0 0 0 0 0 0 0 0 0 0 0 0 0 0 0 0 0 0 0 0 0 0 0 0 0 0 0 0 0 0 0 0 0 0 0 0 0 0 0 0 0 0 0 0 0 0 0 0 0 0 0 0 0 0 0 0 0 0 0 0 0 0 0 0 0 0 0 0 0 0 0 0 0 0 0 0 0 0 0 0 0 0 
0 0 0 0 0 0 0 0 0 0 0 0 0 0 0 0 0 0 0 0 0 0 0 0 0 0 0 0 0 0 0 0 0 0 0 0 0 0 0 0 0 0 0 0 0 0 0 0 0 0 0 0 0 0 0 0 0 0 0 0 0 0 0 0 0 0 0 0 0 0 0 0 0 0 0 0 0 0 0 0 0 0 0 0 0 0 0 0 0 0 0 0 0 0 0 0 0 0 0 0 0 0 0 0 0 0 0 0 0 0 0 0 0 0 0 0 0 0 0 0 0 0 0 0 0 0 0 0 0 0 5397 65279 65022 0 0 0 0 0 0 0 0 0 0 0 0 0 0 0 0 0 0 0 0 0 0 0 0 0 36495 65022 64765 10537 0 0 0 0 0 0 0 0 0 0 0 0 0 0 0 0 0 0 0 0 0 0 0 0 21074 65279 59882 21074 0 0 0 0 0 0 0 0 0 0 0 0 0 0 0 0 0 0 0 0 0 0 0 5397 57312 65022 38808 0 0 0 0 0 0 0 0 0 0 0 0 0 0 0 0 0 0 0 0 0 0 0 0 29041 59882 60139 18247 0 0 0 0 0 0 0 0 0 0 0 0 0 0 0 0 0 0 0 0 0 0 0 0 49602 59625 49345 7710 0 0 0 0 0 0 0 0 0 0 0 0 0 0 0 0 0 0 0 0 0 0 2827 18504 65279 65022 10537 0 0 0 0 0 0 0 0 0 0 0 0 0 0 0 0 0 0 0 0 0 0 0 44462 59625 59882 28527 0 0 0 0 0 0 0 0 0 0 0 0 0 0 0 0 0 0 0 0 0 0 0 31611 65279 65022 41892 0 0 0 0 0 0 0 0 0 0 0 0 0 0 0 0 0 0 0 0 0 0 0 21074 62452 65022 64765 10280 0 0 0 0 0 0 0 0 0 0 0 0 0 0 0 0 0 0 0 0 0 0 5397 44462 65022 65279 23387 0 0 0 0 0 0 0 0 0 0 0 0 0 0 0 0 0 0 0 0 0 0 0 15677 65022 64765 59882 7710 0 0 0 0 0 0 0 0 0 0 0 0 0 0 0 0 0 0 0 0 0 0 7967 49602 65279 65022 26214 0 0 0 0 0 0 0 0 0 0 0 0 0 0 0 0 0 0 0 0 0 0 0 33925 64765 65022 54485 5140 0 0 0 0 0 0 0 0 0 0 0 0 0 0 0 0 0 0 0 0 0 0 26214 54999 65022 65279 49345 0 0 0 0 0 0 0 0 0 0 0 0 0 0 0 0 0 0 0 0 0 0 5397 41635 65022 64765 59882 12850 0 0 0 0 0 0 0 0 0 0 0 0 0 0 0 0 0 0 0 0 0 0 39322 65022 65279 65022 26214 0 0 0 0 0 0 0 0 0 0 0 0 0 0 0 0 0 0 0 0 0 0 0 59882 64765 65022 54485 5140 0 0 0 0 0 0 0 0 0 0 0 0 0 0 0 0 0 0 0 0 0 0 10537 65536 65022 47032 15677 0 0 0 0 0 0 0 0 0 0 0 0 0 0 0 0 0 0 0 0 0 0 0 0 44205 64765 31354 0 0 0 0 0 0 0 0 0 0 0 0 0 0 0 0 0 0 0 0 0 0 0 0 0 0 0 0 0 0 0 0 0 0 0 0 0 0 0 0 0 0 0 0 0 0 0 0 0 0 0 0 0 0 0 0 0 0 0 0 0 0 0 0 0 0 0 0 0 0 0 0 0 0 0 0 0 0 0 0 0 0 0 0 0 0 0 0 0 0 0 0 0 0 0 0 0 0 0 0 0 0 0 0 0 0 0 0 0 0 0 0 0 0 0 0 0 0 0 0 0 0 0 0 0 0 0 0 
0 0 0 0 0 0 0 0 0 0 0 0 0 0 0 0 0 0 0 0 0 0 0 0 0 0 0 0 0 0 0 0 0 0 0 0 0 0 0 0 0 0 0 0 0 0 0 0 0 0 0 0 0 0 0 0 0 0 0 0 0 0 0 0 0 0 0 0 0 0 0 0 0 0 0 0 0 0 0 0 0 0 0 0 0 0 0 0 0 0 0 0 0 0 0 0 0 0 0 0 0 0 0 0 0 0 0 0 0 0 0 0 0 0 0 0 0 5397 32125 53457 56798 40093 0 0 0 0 0 0 0 0 0 0 0 0 0 0 0 0 0 0 0 0 0 0 0 1285 55770 65022 65022 65022 30840 11051 0 0 0 0 0 0 0 0 0 0 0 0 0 0 0 0 0 0 0 0 0 0 10280 35724 62966 65022 65279 62966 24415 2056 0 0 0 0 0 0 0 0 0 0 0 0 0 0 0 0 0 0 0 0 0 0 12593 53714 65279 65022 65022 43948 7967 0 0 0 0 0 0 0 0 0 0 0 0 0 0 0 0 0 0 0 0 0 0 0 40093 65022 65022 65022 43434 0 0 0 0 0 0 0 0 0 0 0 0 0 0 0 0 0 0 0 0 0 0 0 0 45747 65279 65279 65279 43691 1285 0 0 0 0 0 0 0 0 0 0 0 0 0 0 0 0 0 0 0 0 0 0 7710 54742 65022 65022 65279 39322 0 0 0 0 0 0 0 0 0 0 0 0 0 0 0 0 0 0 0 0 0 0 0 19789 59625 65022 65279 50887 0 0 0 0 0 0 0 0 0 0 0 0 0 0 0 0 0 0 0 0 0 0 0 0 28013 65022 65279 61938 19018 0 0 0 0 0 0 0 0 0 0 0 0 0 0 0 0 0 0 0 0 0 0 0 7967 51658 65279 65022 55513 0 0 0 0 0 0 0 0 0 0 0 0 0 0 0 0 0 0 0 0 0 0 9509 18761 43691 65536 65279 58597 4112 0 0 0 0 0 0 0 0 0 0 0 0 0 0 0 0 0 1028 39065 52429 60396 62709 65022 65022 65279 65022 65022 59882 37266 22616 11051 0 0 0 0 0 0 0 0 0 0 0 0 0 0 12593 62195 65279 65022 65022 65022 65022 65279 65022 65022 65022 65022 65279 62966 27756 6939 0 0 0 0 0 0 0 0 0 0 0 0 0 10023 22359 27242 28784 47032 63737 65279 65022 65022 62966 61938 65279 65022 65022 50373 0 0 0 0 0 0 0 0 0 0 0 0 0 0 0 0 0 0 38037 56798 65022 61681 15677 6682 18504 18504 30326 30583 0 0 0 0 0 0 0 0 0 0 0 0 0 0 0 0 0 0 23644 65536 65279 62452 10023 0 0 0 0 0 0 0 0 0 0 0 0 0 0 0 0 0 0 0 0 0 0 0 18504 65279 65022 55513 0 0 0 0 0 0 0 0 0 0 0 0 0 0 0 0 0 0 0 0 0 0 0 0 0 53457 65022 55513 0 0 0 0 0 0 0 0 0 0 0 0 0 0 0 0 0 0 0 0 0 0 0 0 0 51915 65022 42149 5140 0 0 0 0 0 0 0 0 0 0 0 0 0 0 0 0 0 0 0 0 0 0 0 0 40093 65022 38808 0 0 0 0 0 0 0 0 0 0 0 0 0 0 0 0 0 0 0 0 0 0 0 0 0 0 0 0 0 0 0 0 0 0 0 0 0 0 0 0 0 0 0 0 0 0 0 0 0 0 0 0 0 0 0 0 0 0 0 0 0 0 0 0 0 0 0 0 0 0 0 0 0 0 0 0 0 0 0 0 0 0 0 0 0 0 0 0 0 0 0 0 0 0 0 0 0 0 0 0 0 0 0 0 0 0 0 0 0 0 0 0 0 0 0 0 0 0 0 0 0 0 
0 0 0 0 0 0 0 0 0 0 0 0 0 0 0 0 0 0 0 0 0 0 0 0 0 0 0 0 0 0 0 0 0 0 0 0 0 0 0 0 0 0 0 0 0 0 0 0 0 0 0 0 0 0 0 0 0 0 0 0 0 0 0 0 0 0 0 0 0 0 0 0 0 0 0 0 0 0 0 0 0 0 0 0 0 0 0 0 0 0 0 0 0 0 0 0 0 0 0 0 0 0 0 0 0 0 0 0 0 0 0 0 0 0 0 0 0 0 0 0 0 0 0 0 0 0 0 0 0 0 0 0 0 0 0 0 0 0 0 0 0 0 0 0 0 0 0 0 0 0 0 49088 65536 65536 65536 49088 32897 0 0 0 0 0 0 0 0 0 0 0 0 0 0 0 0 0 0 0 0 0 16448 65536 65536 65536 65536 65536 65536 65536 49088 16448 0 0 0 0 0 0 0 0 0 0 0 0 0 0 0 0 0 16448 65536 65536 65536 65536 65536 65536 65536 65536 65536 65536 32897 0 0 0 0 0 0 0 0 0 0 0 0 0 0 0 16448 65536 65536 65536 65536 65536 65536 65536 65536 65536 65536 65536 65536 49088 0 0 0 0 0 0 0 0 0 0 0 0 0 16448 65536 65536 65536 65536 65536 65536 65536 65536 49088 32897 65536 65536 65536 65536 49088 0 0 0 0 0 0 0 0 0 0 0 32897 65536 65536 65536 65536 65536 16448 49088 65536 32897 0 0 0 32897 65536 65536 65536 32897 0 0 0 0 0 0 0 0 0 0 65536 65536 65536 65536 65536 16448 0 16448 65536 32897 0 0 0 0 16448 65536 65536 65536 16448 0 0 0 0 0 0 0 0 16448 65536 65536 65536 65536 49088 0 0 0 32897 32897 0 0 0 0 0 32897 65536 65536 32897 0 0 0 0 0 0 0 0 49088 65536 65536 65536 49088 16448 0 0 0 0 0 0 0 0 0 0 32897 65536 65536 32897 0 0 0 0 0 0 0 0 65536 65536 65536 65536 32897 0 0 0 0 0 0 0 0 0 0 0 32897 65536 65536 32897 0 0 0 0 0 0 0 0 65536 65536 65536 65536 0 0 0 0 0 0 0 0 0 0 0 0 32897 65536 65536 65536 0 0 0 0 0 0 0 0 65536 65536 65536 65536 0 0 0 0 0 0 0 0 0 0 0 0 32897 65536 65536 65536 0 0 0 0 0 0 0 0 32897 65536 65536 65536 0 0 0 0 0 0 0 0 0 0 0 32897 49088 65536 65536 49088 0 0 0 0 0 0 0 0 0 65536 65536 65536 0 0 0 0 0 0 0 0 0 16448 49088 65536 65536 65536 65536 32897 0 0 0 0 0 0 0 0 0 49088 65536 65536 32897 0 0 0 0 0 0 0 16448 49088 65536 65536 65536 65536 65536 32897 0 0 0 0 0 0 0 0 0 32897 65536 65536 65536 32897 16448 32897 32897 32897 0 32897 65536 65536 65536 65536 65536 65536 32897 0 0 0 0 0 0 0 0 0 0 0 49088 65536 65536 65536 65536 65536 65536 65536 65536 65536 65536 65536 65536 65536 49088 0 0 0 0 0 0 0 0 0 0 0 0 0 0 65536 65536 65536 65536 65536 65536 65536 65536 65536 65536 65536 49088 0 0 0 0 0 0 0 0 0 0 0 0 0 0 0 0 0 32897 65536 65536 65536 65536 65536 65536 65536 65536 16448 0 0 0 0 0 0 0 0 0 0 0 0 0 0 0 0 0 0 0 0 0 32897 32897 32897 32897 32897 0 0 0 0 0 0 0 0 0 0 0 0 0 0 0 0 0 0 0 0 0 0 0 0 0 0 0 0 0 0 0 0 0 0 0 0 0 0 0 0 0 0 0 0 0 0 0 0 0 0 0 0 0 0 0 0 0 0 0 0 0 0 0 0 0 0 0 0 0 0 0 0 0 0 0 0 0 0 0 0 0 0 0 0 0 0 0 0 0 0 0 0 0 0 0 
0 0 0 0 0 0 0 0 0 0 0 0 0 0 0 0 0 0 0 0 0 0 0 0 0 0 0 0 0 0 0 0 0 0 0 0 0 0 0 0 0 0 0 0 0 0 0 0 0 0 0 0 0 0 0 0 0 0 0 0 0 0 0 0 0 0 0 0 0 0 0 50116 65279 19275 0 0 0 0 0 0 0 0 0 0 0 0 0 0 0 0 0 0 0 0 0 0 0 0 0 65279 65279 26985 0 0 0 0 0 0 0 0 0 0 0 0 0 0 0 0 0 0 0 0 0 0 0 0 26728 65536 65279 21588 0 0 0 0 0 0 0 0 0 0 0 0 0 0 0 0 0 0 0 0 0 0 0 11565 63223 65536 28784 514 0 0 0 0 0 0 0 0 0 0 0 0 0 0 0 0 0 0 0 0 0 0 0 47289 65279 54742 4112 0 0 0 0 0 0 0 0 0 0 0 0 0 0 0 0 0 0 0 0 0 0 0 6939 62195 65279 26471 0 0 0 0 0 0 0 0 0 0 0 0 0 0 0 0 0 0 0 0 0 0 0 0 37266 65279 52686 4626 0 0 0 0 0 0 0 0 0 0 0 0 0 0 0 0 0 0 0 0 0 0 0 2827 56027 65022 18761 0 0 0 0 0 0 0 0 0 0 0 0 0 0 0 0 0 0 0 0 0 0 0 0 31868 65279 53457 0 0 0 0 0 0 0 0 0 0 0 0 0 0 0 0 0 0 0 0 0 0 0 0 0 51915 63737 11822 0 0 0 0 0 0 0 0 0 0 0 0 0 0 0 0 0 0 0 0 0 0 0 0 16191 65279 62452 6425 0 0 0 0 0 0 0 0 0 0 0 0 0 0 0 0 0 0 0 0 0 0 0 0 53457 65279 24929 0 0 0 0 6425 0 0 0 0 0 0 0 0 0 0 0 0 0 0 0 0 0 0 0 0 54228 62709 10280 0 0 17476 52429 62452 48317 10794 0 0 0 0 0 0 0 0 0 0 0 0 0 0 0 0 0 6425 60139 59111 1799 0 0 55256 65279 65279 65279 43691 0 0 0 0 0 0 0 0 0 0 0 0 0 0 0 0 0 11308 65279 38808 0 0 0 53714 58083 48831 65279 57826 3855 0 0 0 0 0 0 0 0 0 0 0 0 0 0 0 0 19275 65279 28270 0 0 0 7453 4369 37523 65279 61681 7710 0 0 0 0 0 0 0 0 0 0 0 0 0 0 0 0 11308 65279 38037 0 0 0 4626 42663 64251 65279 51658 0 0 0 0 0 0 0 0 0 0 0 0 0 0 0 0 0 2827 56798 61167 27242 19532 34696 60139 65279 65279 43948 7710 0 0 0 0 0 0 0 0 0 0 0 0 0 0 0 0 0 0 29041 64765 65279 65279 65279 65279 64508 36238 1799 0 0 0 0 0 0 0 0 0 0 0 0 0 0 0 0 0 0 0 0 26214 59882 64508 50373 35724 14649 0 0 0 0 0 0 0 0 0 0 0 0 0 0 0 0 0 0 0 0 0 0 0 0 0 0 0 0 0 0 0 0 0 0 0 0 0 0 0 0 0 0 0 0 0 0 0 0 0 0 0 0 0 0 0 0 0 0 0 0 0 0 0 0 0 0 0 0 0 0 0 0 0 0 0 0 0 0 0 0 0 0 0 0 0 0 0 0 0 0 0 0 0 0 0 0 0 0 0 0 0 0 0 0 0 0 0 0 0 0 0 0 0 0 0 0 0 0 0 0 0 0 0 0 0 0 0 0 0 0 0 0 0 0 0 0 0 0 0 0 0 0 0 0 0 0 0 0 0 0 0 0 0 0 0 0 0 0 0 0 0 0 0 0 0 0 0 0 0 0 0 0 0 0 0 0 0 0 0 
0 0 0 0 0 0 0 0 0 0 0 0 0 0 0 0 0 0 0 0 0 0 0 0 0 0 0 0 0 0 0 0 0 0 0 0 0 0 0 0 0 0 0 0 0 0 0 0 0 0 0 0 0 0 0 0 0 0 0 0 0 0 0 0 0 0 0 0 0 0 0 0 0 0 0 0 0 0 0 0 0 0 0 0 0 0 0 0 0 0 0 0 0 0 0 0 0 0 0 0 7453 55513 42406 7196 0 0 0 0 0 0 0 0 0 0 0 0 0 0 0 0 0 0 0 0 0 0 0 0 42663 64765 64765 29555 0 0 0 0 0 0 0 0 0 0 0 0 0 0 0 0 0 0 0 0 0 0 0 22873 65022 64765 64765 7196 0 0 0 0 0 0 0 0 0 0 0 0 0 0 0 0 0 0 0 0 0 0 9766 57826 65022 64765 45490 771 0 0 0 0 0 0 0 0 0 0 0 0 0 0 0 0 0 0 0 0 0 1799 52429 65022 65536 65022 14392 0 0 0 0 0 0 0 0 0 0 0 0 0 0 0 0 0 0 0 0 0 1799 38551 64765 64765 65022 64765 14392 0 0 0 0 0 0 0 0 0 0 0 0 0 0 0 0 0 0 0 0 0 16962 64765 64765 64765 65022 64765 14392 0 0 0 0 0 0 0 0 0 0 0 0 0 0 0 0 0 0 0 0 0 49088 64765 64765 64765 65022 64765 14392 0 0 0 0 0 0 0 0 0 0 0 0 0 0 0 0 0 0 0 0 29298 65279 65022 48831 65022 65279 50630 0 0 0 0 0 0 0 0 0 0 0 0 0 0 0 0 0 0 0 0 4883 49859 65022 48574 45747 64765 65022 31097 0 0 0 0 0 0 0 0 0 0 0 0 0 0 0 0 0 0 0 0 31611 64765 62709 14392 50630 64765 62709 14392 0 0 0 0 0 0 0 0 0 0 0 0 0 0 0 0 0 0 0 0 50630 64765 57826 0 50630 64765 57826 0 0 0 0 0 0 0 0 0 0 0 0 0 0 0 0 0 0 0 0 0 32382 61167 13107 8224 58854 65022 41892 0 0 0 0 0 0 0 0 0 0 0 0 0 0 0 0 0 0 0 0 0 0 9766 0 33668 64765 64765 22616 0 0 0 0 0 0 0 0 0 0 0 0 0 0 0 0 0 0 0 0 0 0 0 2570 50630 64765 64765 0 0 0 0 0 0 0 0 0 0 0 0 0 0 0 0 0 0 0 0 0 0 0 0 7453 64765 64765 64765 0 0 0 0 0 0 0 0 0 0 0 0 0 0 0 0 0 0 0 3341 36238 36238 36238 23387 39579 65022 65022 65022 33154 7453 16962 10537 0 0 0 0 0 0 0 0 0 0 0 0 0 0 0 41892 65022 64765 64765 64765 65022 64765 64765 64765 65022 64765 64765 64765 25957 0 0 0 0 0 0 0 0 0 0 0 0 0 0 19532 43177 43177 43177 43177 45747 64765 64765 64765 45747 64765 64765 64765 57826 0 0 0 0 0 0 0 0 0 0 0 0 0 0 0 0 0 0 0 1028 32897 64765 38808 1028 7196 7196 32897 6425 0 0 0 0 0 0 0 0 0 0 0 0 0 0 0 0 0 0 0 0 0 0 0 0 0 0 0 0 0 0 0 0 0 0 0 0 0 0 0 0 0 0 0 0 0 0 0 0 0 0 0 0 0 0 0 0 0 0 0 0 0 0 0 0 0 0 0 0 0 0 0 0 0 0 0 0 0 0 0 0 0 0 0 0 0 0 0 0 0 0 0 0 0 0 0 0 0 0 0 0 0 0 0 0 0 0 0 0 0 0 0 0 0 0 0 0 0 0 0 0 0 0 0 0 0 0 0 0 0 0 0 0 0 0 0 0 0 0 0 0 0 0 0 0 0 0 0 
0 0 0 0 0 0 0 0 0 0 0 0 0 0 0 0 0 0 0 0 0 0 0 0 0 0 0 0 0 0 0 0 0 0 0 0 0 0 0 0 0 0 0 0 0 0 0 0 0 0 0 0 0 0 0 0 0 0 0 0 0 0 0 0 0 0 0 0 0 0 0 0 0 0 0 0 0 0 0 0 0 0 0 0 0 0 0 0 0 0 0 0 0 0 0 0 0 0 0 0 0 0 0 0 0 0 0 0 0 0 0 0 0 0 0 0 0 0 0 0 0 0 0 0 0 0 0 0 0 0 0 0 0 0 0 0 0 0 0 0 0 0 0 0 0 0 0 0 0 0 0 0 0 0 0 0 0 0 0 0 0 0 0 0 0 0 0 0 0 0 0 0 3084 44719 65022 39322 24672 6168 0 0 0 0 0 0 0 0 0 0 0 0 0 0 0 0 0 0 0 0 0 0 8224 64508 64508 64508 65022 52686 48831 13107 8224 8224 2056 0 7196 8224 8224 8224 4112 0 0 0 0 0 0 0 0 0 0 0 8224 64508 64508 64508 65022 64508 64508 64508 64508 65022 40350 32639 60653 64508 65022 64508 48317 4112 0 0 0 0 0 0 0 0 0 0 6168 48317 12850 7967 48574 60653 64508 64508 64508 65022 64508 64508 64508 64508 65022 64508 64508 7967 0 0 0 0 0 0 0 0 0 0 0 0 0 0 0 18247 44462 64508 64508 65022 64508 64508 64508 64508 65022 64508 44205 3084 0 0 0 0 0 0 0 0 0 0 0 0 0 0 0 0 0 0 25700 40864 35467 32897 65022 65022 65536 61938 20303 0 0 0 0 0 0 0 0 0 0 0 0 0 0 0 0 0 0 0 0 0 1028 36495 64508 64508 65022 51401 0 0 0 0 0 0 0 0 0 0 0 0 0 0 0 0 0 0 0 0 0 0 8224 64508 64508 64508 65022 15934 0 0 0 0 0 0 0 0 0 0 0 0 0 0 0 0 0 0 0 0 0 0 18504 64508 64508 64508 43434 2056 0 0 0 0 0 0 0 0 0 0 0 0 0 0 0 0 0 0 0 0 0 0 48831 64508 64508 64508 40607 0 0 0 0 0 0 0 0 0 0 0 0 0 0 0 0 0 0 0 0 0 0 24672 65022 65022 65022 49602 0 0 0 0 0 0 0 0 0 0 0 0 0 0 0 0 0 0 0 0 0 0 0 54999 64508 64508 52429 5911 0 0 0 0 0 0 0 0 0 0 0 0 0 0 0 0 0 0 0 0 0 0 0 65022 64508 64508 48317 0 0 0 0 0 0 0 0 0 0 0 0 0 0 0 0 0 0 0 0 0 0 0 0 65022 64508 64508 48317 0 0 0 0 0 0 0 0 0 0 0 0 0 0 0 0 0 0 0 0 0 0 0 25700 65022 64508 64508 22873 0 0 0 0 0 0 0 0 0 0 0 0 0 0 0 0 0 0 0 0 0 0 0 40864 65536 65022 52686 4883 0 0 0 0 0 0 0 0 0 0 0 0 0 0 0 0 0 0 0 0 0 0 12336 58597 65022 64508 32382 0 0 0 0 0 0 0 0 0 0 0 0 0 0 0 0 0 0 0 0 0 0 0 8224 52429 65022 64508 48317 24415 0 0 0 0 0 0 0 0 0 0 0 0 0 0 0 0 0 0 0 0 0 0 0 30583 65022 64508 64508 62709 21331 0 0 0 0 0 0 0 0 0 0 0 0 0 0 0 0 0 0 0 0 0 0 0 65022 64508 64508 54228 8995 0 0 0 0 0 0 0 0 0 0 0 0 0 0 0 0 0 0 0 0 0 0 0 0 0 0 0 0 0 0 0 0 0 0 0 0 0 0 0 0 0 0 0 0 0 0 0 0 0 0 0 0 0 0 0 0 0 0 0 0 0 0 0 0 0 0 
0 0 0 0 0 0 0 0 0 0 0 0 0 0 0 0 0 0 0 0 0 0 0 0 0 0 0 0 0 0 0 0 0 0 0 0 0 0 0 0 0 0 0 0 0 0 0 0 0 0 0 0 0 0 0 0 0 0 0 0 0 0 0 0 0 0 0 0 0 0 0 0 0 0 0 0 0 0 0 0 0 0 0 0 0 0 0 0 0 0 0 0 0 0 0 0 0 0 0 0 0 0 0 0 0 0 0 0 0 0 0 0 0 0 0 0 0 0 0 0 0 0 0 0 0 0 0 0 0 0 0 0 0 0 0 0 0 0 0 0 0 0 0 0 0 0 0 0 0 0 39065 65022 49602 39065 39065 39065 13107 13107 0 0 0 0 0 0 0 0 0 0 0 0 0 0 0 0 0 0 0 0 13107 59625 65022 64765 65022 64765 65022 64765 52172 41635 10537 0 0 0 0 0 0 0 0 0 0 0 0 0 0 0 0 0 0 0 21074 52172 52172 52172 52172 52172 60139 65022 65536 38808 0 0 0 0 0 0 0 0 0 0 0 0 0 0 0 0 0 0 0 0 0 0 0 0 39065 64765 65022 59625 0 0 0 0 0 0 0 0 0 0 0 0 0 0 0 0 0 0 0 0 0 0 0 15934 65279 65022 65536 38808 0 0 0 0 0 0 0 0 0 0 0 0 0 0 0 0 0 0 0 0 0 0 5397 52172 65022 64765 65022 17990 0 0 0 0 0 0 0 0 0 0 0 0 0 0 0 0 0 0 0 0 0 5397 54999 65022 62709 31354 10537 0 0 0 0 0 0 0 0 0 0 0 0 0 0 0 0 0 0 0 0 0 5397 52172 65022 64765 41635 0 0 0 0 0 0 0 0 0 0 0 0 0 0 0 0 0 0 0 0 0 0 0 54999 65022 57569 36495 0 0 0 0 0 0 0 0 0 0 0 0 0 0 0 0 0 0 0 0 0 0 0 41892 65022 64765 52172 0 5397 5140 0 0 0 0 0 0 0 0 0 0 0 0 0 5397 7967 13107 13107 13107 18504 39065 54999 65022 65279 65022 65279 65022 65279 65022 49602 39065 31611 0 0 0 0 0 0 0 0 0 0 47032 59882 64765 65022 64765 65022 64765 65022 64765 65022 64765 65022 64765 65022 64765 59882 28527 31354 0 0 0 0 0 0 0 0 0 0 10537 60139 65022 65279 65022 65279 65022 65279 65022 57569 41635 21074 21074 26214 5140 0 0 0 0 0 0 0 0 0 0 0 0 0 0 7710 12850 12850 54485 65022 64765 59882 28527 5140 0 0 0 0 0 0 0 0 0 0 0 0 0 0 0 0 0 0 0 0 0 33925 65022 65279 65022 21074 0 0 0 0 0 0 0 0 0 0 0 0 0 0 0 0 0 0 0 0 0 0 21074 65022 64765 65022 64765 0 0 0 0 0 0 0 0 0 0 0 0 0 0 0 0 0 0 0 0 0 0 2827 54742 65536 65022 41892 5140 0 0 0 0 0 0 0 0 0 0 0 0 0 0 0 0 0 0 0 0 0 0 23644 64765 65022 64765 15677 0 0 0 0 0 0 0 0 0 0 0 0 0 0 0 0 0 0 0 0 0 0 0 39322 65022 65536 33668 0 0 0 0 0 0 0 0 0 0 0 0 0 0 0 0 0 0 0 0 0 0 0 0 23644 38808 49345 7710 0 0 0 0 0 0 0 0 0 0 0 0 0 0 0 0 0 0 0 0 0 0 0 0 0 0 0 0 0 0 0 0 0 0 0 0 0 0 0 0 0 0 0 0 0 0 0 0 0 0 0 0 0 0 0 0 0 0 0 0 0 0 0 0 0 0 0 0 0 0 0 0 0 0 0 0 0 0 0 0 0 0 0 0 0 0 0 0 0 0 0 0 0 0 0 0 0 0 0 0 0 0 
0 0 0 0 0 0 0 0 0 0 0 0 0 0 0 0 0 0 0 0 0 0 0 0 0 0 0 0 0 0 0 0 0 0 0 0 0 0 0 0 0 0 0 0 0 0 0 0 0 0 0 0 0 0 0 0 0 0 0 0 0 0 0 0 0 0 0 0 0 0 0 0 0 0 0 0 0 0 0 0 0 0 0 0 0 0 0 0 0 0 0 0 0 0 0 0 0 0 0 0 0 0 0 0 0 0 0 0 0 0 0 0 0 0 0 0 0 0 0 0 0 0 0 6425 8738 12336 56541 65022 65022 65022 20817 771 0 0 0 0 0 0 0 0 0 0 0 0 0 0 0 0 0 0 15420 59882 64765 65022 64765 64765 64765 64765 64765 32897 0 0 0 0 0 0 0 0 0 0 0 0 0 0 0 0 0 2570 60653 64765 64765 65022 64765 64765 64765 64765 64765 64251 32125 0 0 0 0 0 0 0 0 0 0 0 0 0 0 0 0 2827 62709 64765 64765 65022 60910 48060 31097 37009 63737 64765 59368 8995 0 0 0 0 0 0 0 0 0 0 0 0 0 0 0 0 39579 64765 64765 47032 6939 0 0 0 50887 64765 64765 16962 0 0 0 0 0 0 0 0 0 0 0 0 0 0 0 0 8738 26471 14135 0 0 0 0 0 50887 64765 64765 16962 0 0 0 0 0 0 0 0 0 0 0 0 0 0 0 0 0 0 0 0 0 0 5397 49602 63737 64765 64765 16962 0 0 0 0 0 0 0 0 0 0 0 0 0 0 0 0 0 0 0 11565 11565 22616 63737 64765 64765 64765 57826 6682 0 0 0 0 0 0 0 0 0 0 0 0 0 0 0 0 0 0 0 65022 64765 64765 64765 64765 64765 53971 13878 0 0 0 0 0 0 0 0 0 0 0 0 0 0 0 0 0 0 0 0 65022 64765 64765 64765 64765 64765 8995 0 0 0 0 0 0 0 0 0 0 0 0 0 0 0 0 0 0 0 0 0 65536 65022 65022 65022 65022 65022 21588 0 0 0 0 0 0 0 0 0 0 0 0 0 0 0 0 0 0 0 0 0 35724 47803 47803 49345 64765 64765 54228 6682 0 0 0 0 0 0 0 0 0 0 0 0 0 0 0 0 0 0 0 0 0 0 0 1028 35210 64765 64765 36238 0 0 0 0 0 0 0 0 0 0 0 0 0 0 0 0 0 0 0 0 0 0 0 7967 62966 64765 64765 53457 0 0 0 0 0 0 0 0 0 0 0 3855 14392 25443 0 0 0 0 0 0 0 0 16962 54228 64765 64765 64765 53457 0 0 0 0 0 0 0 0 0 0 0 17219 64765 61167 7967 0 0 0 0 0 22873 22873 51658 64765 64765 64765 64765 43691 0 0 0 0 0 0 0 0 0 0 0 17219 64765 64765 54999 31354 31354 31354 31354 43434 65022 64765 64765 64765 64765 64765 47289 2313 0 0 0 0 0 0 0 0 0 0 0 14135 62966 64765 64765 64765 64765 64765 64765 64765 65022 64765 64765 64765 62452 31354 2313 0 0 0 0 0 0 0 0 0 0 0 0 0 53714 64765 64765 64765 64765 64765 64765 64765 65022 64765 64765 60653 13107 0 0 0 0 0 0 0 0 0 0 0 0 0 0 0 6939 37780 64765 64765 64765 64765 64765 52429 61424 29298 8481 7710 0 0 0 0 0 0 0 0 0 0 0 0 0 0 0 0 0 0 0 0 0 0 0 0 0 0 0 0 0 0 0 0 0 0 0 0 0 0 0 0 0 0 0 0 0 0 0 0 0 0 0 0 0 0 0 0 0 0 0 0 0 0 0 0 0 0 0 0 0 0 0 0 0 0 0 0 0 0 0 0 0 0 0 0 0 0 0 0 0 0 0 0 0 0 0 0 0 0 0 0 0 0 0 0 0 0 0 0 0 0 0 0 0 0 0 0 0 0 0 0 0 0 0 
0 0 0 0 0 0 0 0 0 0 0 0 0 0 0 0 0 0 0 0 0 0 0 0 0 0 0 0 0 0 0 0 0 0 0 0 0 0 0 0 0 0 0 0 0 0 0 0 0 0 0 0 0 0 0 0 0 0 0 0 0 0 0 0 0 0 0 0 0 0 0 0 0 0 0 0 0 0 0 0 0 0 0 0 0 0 0 0 0 0 0 0 0 0 0 0 0 0 0 0 0 0 0 0 0 0 0 0 0 0 0 0 0 0 0 0 0 0 0 0 0 0 0 0 0 0 32382 54742 8738 0 0 0 0 0 0 0 0 0 0 0 0 0 0 0 0 0 0 0 0 0 0 0 0 4883 58340 65279 29041 0 0 0 0 0 0 0 0 0 0 0 0 0 0 0 0 0 0 0 0 0 0 0 0 6168 65279 65279 61424 0 0 0 0 0 0 0 0 0 0 0 0 0 0 0 0 0 0 0 0 0 0 0 0 44976 65279 65279 26471 63737 48317 0 0 0 0 0 0 0 0 0 0 0 0 0 0 0 0 0 0 0 0 0 0 45747 65279 51658 39579 65279 49345 0 0 0 0 0 0 0 0 0 0 0 0 0 0 0 0 0 0 0 0 0 11051 56541 65279 25700 43948 65279 49345 0 0 0 0 0 0 0 0 0 0 0 0 0 0 0 0 0 0 0 0 11565 59368 65279 65279 7710 43948 65279 49345 0 0 0 0 0 0 0 0 0 0 0 0 0 0 0 0 0 0 0 5911 37780 65279 64765 38037 2056 43948 65279 49345 0 0 0 0 0 0 0 0 0 0 0 0 0 0 0 0 0 0 11565 57055 65279 65279 38808 0 9509 54999 65279 49345 0 0 0 0 0 0 0 0 0 0 0 0 0 0 0 0 0 11051 35210 65279 65279 65279 33411 20046 32639 65279 65279 49345 0 0 0 0 0 0 0 0 0 0 0 0 0 0 0 0 10794 56541 65279 65279 65279 65279 65279 65279 65279 65279 65279 49345 0 0 0 0 0 0 0 0 0 0 0 0 0 0 0 11822 57312 65279 65279 65279 65279 65279 65279 65279 65279 65279 65279 49345 0 0 0 0 0 0 0 0 0 0 0 0 0 0 0 2827 40607 65279 48317 47546 47546 47546 47546 47546 63223 65279 65279 49345 0 0 0 0 0 0 0 0 0 0 0 0 0 0 0 0 3341 21588 1285 0 0 0 0 0 31354 65279 65279 47032 0 0 0 0 0 0 0 0 0 0 0 0 0 0 0 0 0 0 0 0 0 0 0 0 36238 65279 65279 9766 0 0 0 0 0 0 0 0 0 0 0 0 0 0 0 0 0 0 0 0 0 0 0 0 57826 65279 65279 19532 0 0 0 0 0 0 0 0 0 0 0 0 0 0 0 0 0 0 0 0 0 0 0 0 57826 65279 65279 49345 0 0 0 0 0 0 0 0 0 0 0 0 0 0 0 0 0 0 0 0 0 0 0 0 57826 65279 65279 49345 0 0 0 0 0 0 0 0 0 0 0 0 0 0 0 0 0 0 0 0 0 0 0 0 57826 65279 65279 40864 0 0 0 0 0 0 0 0 0 0 0 0 0 0 0 0 0 0 0 0 0 0 0 0 33411 65279 47032 3855 0 0 0 0 0 0 0 0 0 0 0 0 0 0 0 0 0 0 0 0 0 0 0 0 0 0 0 0 0 0 0 0 0 0 0 0 0 0 0 0 0 0 0 0 0 0 0 0 0 0 0 0 0 0 0 0 0 0 0 0 0 0 0 0 0 0 0 0 0 0 0 0 0 0 0 0 0 0 0 0 0 0 0 0 0 0 0 0 0 0 0 0 0 0 0 0 0 0 0 0 0 0 0 0 0 0 0 0 0 0 0 0 0 0 0 0 0 0 0 0 0 
0 0 0 0 0 0 0 0 0 0 0 0 0 0 0 0 0 0 0 0 0 0 0 0 0 0 0 0 0 0 0 0 0 0 0 0 0 0 0 0 0 0 0 0 0 0 0 0 0 0 0 0 0 0 0 0 0 0 0 0 0 0 0 0 0 0 0 0 0 0 0 0 0 0 0 0 0 0 0 0 0 0 0 0 0 0 0 0 0 0 0 0 0 0 0 0 0 0 0 0 0 0 0 0 0 0 0 0 0 0 0 0 0 0 0 0 0 0 0 0 0 0 0 0 0 0 0 0 0 0 0 0 0 0 0 0 0 0 0 0 0 0 0 0 0 0 0 0 0 0 0 0 0 0 0 0 0 0 0 0 0 0 0 0 0 0 0 0 0 0 0 0 0 0 0 0 0 0 0 0 0 0 1028 27756 9252 0 0 0 0 0 1542 18247 3855 0 0 0 0 0 0 0 0 0 0 0 0 0 0 0 0 1285 35210 65279 46004 0 0 0 0 4626 47289 65279 62966 0 0 0 0 0 0 0 0 0 0 0 0 0 0 0 10794 44462 65279 65279 42920 0 0 2570 6425 59882 65279 65279 30326 0 0 0 0 0 0 0 0 0 0 0 0 0 0 11051 57569 65279 65279 50630 5654 0 0 24158 65279 65536 65279 57826 1285 0 0 0 0 0 0 0 0 0 0 0 0 1285 14392 57312 65279 63223 47803 5911 0 0 8224 45747 65279 65279 42149 1285 0 0 0 0 0 0 0 0 0 0 0 0 1285 33411 65279 65279 65279 45490 0 0 0 0 54485 65279 65279 41892 1542 0 0 0 0 0 0 0 0 0 0 0 8738 44719 46775 65279 65279 51401 20560 6168 0 0 0 36238 61938 65279 25957 2056 0 0 0 0 0 0 0 0 0 0 0 8481 56798 65279 65279 63737 46261 6425 0 0 0 0 20817 61681 65279 48317 2313 0 0 0 0 0 0 0 0 0 0 0 0 57312 65279 65279 65279 43691 16191 16191 16191 16191 16191 40350 61681 65279 54485 13364 0 0 0 0 0 0 0 0 0 0 0 0 0 48317 65279 65279 65279 65279 65279 65279 65279 65279 65279 65279 65279 65279 24158 2313 0 0 0 0 0 0 0 0 0 0 0 0 0 514 15934 46004 46004 57826 65279 65279 65279 65279 65279 65279 65279 65279 11051 0 0 0 0 0 0 0 0 0 0 0 0 0 0 0 0 0 0 7710 12593 12593 12593 24415 65279 65279 65279 22873 2313 0 0 0 0 0 0 0 0 0 0 0 0 0 0 0 0 0 0 0 0 0 0 25700 65279 65279 49345 2313 0 0 0 0 0 0 0 0 0 0 0 0 0 0 0 0 0 0 0 0 0 0 4883 53457 65279 58854 13621 0 0 0 0 0 0 0 0 0 0 0 0 0 0 0 0 0 0 0 0 0 0 17219 49088 65279 65279 19532 0 0 0 0 0 0 0 0 0 0 0 0 0 0 0 0 0 0 0 0 0 0 8995 63223 65536 65279 58597 9252 0 0 0 0 0 0 0 0 0 0 0 0 0 0 0 0 0 0 0 0 0 0 9766 65279 65279 59111 12079 0 0 0 0 0 0 0 0 0 0 0 0 0 0 0 0 0 0 0 0 0 0 0 514 24158 34953 27499 0 0 0 0 0 0 0 0 0 0 0 0 0 0 0 0 0 0 0 0 0 0 0 0 0 0 0 0 0 0 0 0 0 0 0 0 0 0 0 0 0 0 0 0 0 0 0 0 0 0 0 0 0 0 0 0 0 0 0 0 0 0 0 0 0 0 0 0 0 0 0 0 0 0 0 0 0 0 0 0 0 0 0 0 0 0 0 0 0 0 0 0 0 0 0 0 0 0 0 0 0 0 0 0 0 0 0 0 0 0 0 0 0 0 0 0 0 0 0 0 0 0 0 0 0 0 
0 0 0 0 0 0 0 0 0 0 0 0 0 0 0 0 0 0 0 0 0 0 0 0 0 0 0 0 0 0 0 0 0 0 0 0 0 0 0 0 0 0 0 0 0 0 0 0 0 0 0 0 0 0 0 0 0 0 0 0 0 0 0 0 0 0 0 0 0 0 0 0 0 0 0 0 0 0 0 0 0 0 0 0 0 0 0 0 0 0 0 0 0 0 0 0 0 0 0 0 21845 65279 65536 37266 0 0 0 0 0 0 0 0 0 0 0 0 0 0 0 0 0 0 0 0 0 1542 32639 51401 60910 65022 65022 53714 0 0 0 0 0 0 0 0 0 0 0 0 0 0 0 0 0 0 0 0 0 31097 65022 65022 65022 65022 65022 21588 0 0 0 0 0 0 0 0 0 0 0 0 0 0 0 0 0 0 0 13107 61167 64508 65022 65022 48317 41121 6425 771 0 0 0 0 0 0 0 0 0 0 0 0 0 0 0 0 5911 48574 49602 58083 65022 65022 65022 61938 16705 0 0 0 0 0 0 0 0 0 0 0 0 0 0 0 0 0 0 0 37523 65022 65022 65022 65022 65022 65022 45233 0 0 0 0 0 0 0 0 0 0 0 0 0 0 0 0 0 0 0 0 37523 65022 65022 65022 65022 65022 53714 5911 0 0 0 0 0 0 0 0 0 0 0 0 0 0 0 0 0 0 0 1542 40864 65022 65022 65022 65022 30326 8481 0 0 0 0 0 0 0 0 0 0 0 0 0 0 0 0 0 0 0 0 12079 65022 65022 65022 65022 65022 42149 16448 0 0 0 0 0 0 0 0 0 0 0 0 0 0 0 0 0 0 0 0 8481 56541 65022 65022 65022 65022 65022 62195 59368 59368 59368 48574 6682 0 0 0 0 0 0 0 0 0 0 0 0 0 0 2570 13364 56798 65022 65022 65022 65022 65022 65022 65022 65022 65022 65022 51915 45490 45490 20303 0 0 0 0 0 0 0 0 0 0 0 25957 65022 65022 65022 65022 65022 45747 65022 65022 35981 36238 65022 65022 65022 65022 65022 62966 0 0 0 0 0 0 0 0 0 0 0 25957 65022 65022 65022 65022 55256 5140 7710 7710 771 771 7710 7710 46004 65022 65022 64765 57569 21331 0 0 0 0 0 0 0 0 0 8738 56027 65022 65022 65022 29555 0 0 0 0 0 0 0 43434 65022 65022 65022 46261 16962 0 0 0 0 0 0 0 0 0 0 51401 65022 65022 65022 29555 0 0 0 0 0 0 0 43434 65022 65022 65022 37266 0 0 0 0 0 0 0 0 0 0 0 17733 65022 65022 65022 59882 3084 0 0 0 0 0 25186 61938 65022 65022 63223 5654 0 0 0 0 0 0 0 0 0 0 0 4369 47546 65022 65022 65022 5654 2056 2056 2056 2056 21588 62195 65022 65022 65022 37523 0 0 0 0 0 0 0 0 0 0 0 0 0 21845 64251 65022 65022 65022 65022 65022 65022 65022 65022 65022 65022 65022 58340 13621 0 0 0 0 0 0 0 0 0 0 0 0 0 0 11308 41635 58854 65022 65022 65022 65022 65022 65022 56541 55770 51144 14649 0 0 0 0 0 0 0 0 0 0 0 0 0 0 0 0 0 14135 25443 30326 44462 25443 25443 25443 10023 8481 0 0 0 0 0 0 0 0 0 0 0 0 0 0 0 0 0 0 0 0 0 0 0 0 0 0 0 0 0 0 0 0 0 0 0 0 0 0 0 0 0 0 0 0 0 0 0 0 0 0 0 0 0 0 0 0 0 0 0 0 0 0 0 0 0 0 0 0 0 0 0 0 0 0 0 0 0 0 0 0 0 0 0 0 0 0 0 0 0 0 0 0 0 0 0 0 0 0 0 0 0 0 0 0 0 0 0 0 0 0 0 0 0 0 0 0 0 0 0 0 0 0 0 0 0 0 0 0 0 0 0 0 0 0 0 0 0 0 0 0 0 0 0 0 0 0 0 0 
0 0 0 0 0 0 0 0 0 0 0 0 0 0 0 0 0 0 0 0 0 0 0 0 0 0 0 0 0 0 0 0 0 0 0 0 0 0 0 0 0 0 0 0 0 0 0 0 0 0 0 0 0 0 0 0 0 0 0 0 0 0 0 0 0 0 0 0 0 0 0 0 0 0 0 0 0 0 0 0 0 0 0 0 0 0 0 0 0 0 0 0 0 0 0 0 0 0 0 0 0 0 0 0 0 0 0 0 0 0 0 0 0 0 0 0 0 0 0 0 0 0 0 0 0 0 0 0 0 0 0 0 0 0 0 0 0 0 0 0 0 0 0 0 0 0 0 0 0 0 0 0 0 0 0 0 0 0 0 0 0 0 0 0 0 0 0 0 0 0 0 0 0 0 0 0 0 0 0 0 0 0 0 1285 16191 36752 39322 65022 65022 17990 0 0 0 0 0 0 0 0 0 0 0 0 0 0 0 0 0 0 0 12850 29555 48060 64765 64765 64765 64765 58854 4112 0 0 0 0 0 0 0 0 0 0 0 0 0 0 0 0 0 37009 53714 61938 64765 65022 64765 54742 39322 21074 7453 0 0 0 0 0 0 0 0 0 0 0 0 0 0 0 3084 33925 56284 64508 63737 59111 59111 31097 23644 1799 0 0 0 0 0 0 0 0 0 0 0 0 0 0 0 0 0 5654 31097 64765 64765 38294 18504 0 0 0 0 0 0 0 0 0 0 0 0 0 0 0 0 0 0 0 0 0 0 35210 64765 59882 20046 1285 0 0 0 0 0 0 0 0 0 0 0 0 0 0 0 0 0 0 0 0 0 0 9509 59111 62195 14135 0 0 0 0 0 0 0 0 0 0 1028 16705 48317 38294 4112 0 0 0 0 0 0 0 0 0 45233 64765 24672 0 0 0 0 0 0 0 0 0 11051 30069 48317 64765 64765 64765 8481 0 0 0 0 0 0 0 0 6425 59882 46004 771 0 0 0 0 0 0 2827 20046 43177 64251 64765 64765 63994 44976 24158 2313 0 0 0 0 0 0 0 0 33154 64765 50373 25957 0 0 0 5140 28527 52943 57826 64765 64765 64765 64765 54999 22616 0 0 0 0 0 0 0 0 0 0 0 7453 62452 65022 65022 65022 65022 65022 65022 65022 65022 65536 65022 65022 64251 38037 6168 0 0 0 0 0 0 0 0 0 0 0 0 0 13878 30840 49345 64765 64765 49345 47803 47803 23387 45233 64765 64765 19789 0 0 0 0 0 0 0 0 0 0 0 0 0 0 0 0 0 1028 11308 11308 1028 0 0 11308 60396 58083 28527 514 0 0 0 0 0 0 0 0 0 0 0 0 0 0 0 0 0 0 0 0 0 0 13107 59882 64251 31611 0 0 0 0 0 0 0 0 0 0 0 0 0 0 0 0 0 0 0 0 0 0 0 7453 59111 64765 38037 0 0 0 0 0 0 0 0 0 0 0 0 0 0 0 0 0 0 0 0 0 0 0 1028 42406 64765 64765 6168 0 0 0 0 0 0 0 0 0 0 0 0 0 0 0 0 0 0 0 0 0 0 0 30326 64765 64765 13107 0 0 0 0 0 0 0 0 0 0 0 0 0 0 0 0 0 0 0 0 0 0 0 13878 62709 64765 47803 3341 0 0 0 0 0 0 0 0 0 0 0 0 0 0 0 0 0 0 0 0 0 0 0 43691 64765 56541 4369 0 0 0 0 0 0 0 0 0 0 0 0 0 0 0 0 0 0 0 0 0 0 0 0 38551 63480 17990 0 0 0 0 0 0 0 0 0 0 0 0 0 0 0 0 0 0 0 0 0 0 0 0 0 0 0 0 0 0 0 0 0 0 0 0 0 0 0 0 0 0 0 0 0 0 0 0 0 0 0 0 0 0 0 0 0 0 0 0 0 0 0 0 0 0 0 0 0 0 0 
0 0 0 0 0 0 0 0 0 0 0 0 0 0 0 0 0 0 0 0 0 0 0 0 0 0 0 0 0 0 0 0 0 0 0 0 0 0 0 0 0 0 0 0 0 0 0 0 0 0 0 0 0 0 0 0 0 0 0 0 0 0 0 0 0 0 0 0 0 0 0 0 0 0 0 0 0 0 0 0 0 0 0 0 0 0 0 0 0 0 0 0 0 0 0 0 0 0 0 21588 65279 41378 0 0 0 0 0 0 0 0 0 0 0 0 0 0 0 0 0 0 0 0 0 0 0 0 0 771 53714 62966 11308 514 0 0 0 0 0 0 0 0 0 0 0 0 0 0 0 0 0 0 0 0 0 6425 32125 41378 11565 62709 65022 24158 0 0 0 0 0 0 0 0 0 0 0 0 0 0 0 0 0 0 0 0 1028 37523 65022 63737 0 31097 65022 34953 0 0 0 0 0 0 0 0 0 0 0 0 0 0 0 0 0 0 0 0 28013 65022 65022 63737 0 3855 65022 63223 13107 0 0 0 0 0 0 0 0 0 0 0 0 0 0 0 0 0 0 0 59111 65022 58597 11051 0 514 45490 65022 42149 0 0 0 0 0 0 0 0 0 0 0 0 0 0 0 0 0 2827 40350 64251 65022 25186 0 0 0 19018 62709 59625 12336 0 0 0 0 0 0 0 0 0 0 0 0 0 0 0 0 25957 65022 65022 38037 257 0 0 0 0 53714 65022 30840 0 0 0 0 0 0 0 0 0 0 0 0 0 0 0 7453 61167 65022 47546 3598 0 0 0 0 0 32382 65022 30840 0 0 0 0 0 0 0 0 0 0 0 0 0 0 1028 38294 65022 60910 13621 0 0 0 0 0 0 32125 65022 55770 0 0 0 0 0 0 0 0 0 0 0 0 0 0 5654 65022 65022 32897 0 0 0 0 0 0 0 32125 65022 56027 0 0 0 0 0 0 0 0 0 0 0 0 0 0 30840 65022 60396 6682 0 0 0 0 0 0 0 32382 65022 40093 0 0 0 0 0 0 0 0 0 0 0 0 0 1028 52943 65022 44205 0 0 0 0 0 0 0 0 32125 65022 30840 0 0 0 0 0 0 0 0 0 0 0 0 0 16705 65022 65022 6168 0 0 0 0 0 0 0 0 49088 65022 23644 0 0 0 0 0 0 0 0 0 0 0 0 0 16705 65279 65022 6168 0 0 0 0 0 0 514 30840 64251 47032 771 0 0 0 0 0 0 0 0 0 0 0 0 0 16705 65022 65022 6168 0 0 0 0 0 0 30326 65022 65022 36495 0 0 0 0 0 0 0 0 0 0 0 0 0 0 7967 57055 65022 24672 2570 0 0 1799 20303 60139 64508 55513 17990 1542 0 0 0 0 0 0 0 0 0 0 0 0 0 0 0 21845 65022 65022 53200 48574 48574 51915 65022 65022 65022 38037 0 0 0 0 0 0 0 0 0 0 0 0 0 0 0 0 0 2313 45490 63994 65022 65022 65279 65022 65022 57826 30583 771 0 0 0 0 0 0 0 0 0 0 0 0 0 0 0 0 0 0 0 25957 39322 63737 54999 39836 39065 5140 0 0 0 0 0 0 0 0 0 0 0 0 0 0 0 0 0 0 0 0 0 0 0 0 0 0 0 0 0 0 0 0 0 0 0 0 0 0 0 0 0 0 0 0 0 0 0 0 0 0 0 0 0 0 0 0 0 0 0 0 0 0 0 0 0 0 0 0 0 0 0 0 0 0 0 0 0 0 0 0 0 0 0 0 0 0 0 0 0 0 0 0 0 0 0 0 0 0 0 0 0 0 0 0 0 0 0 0 0 0 0 0 0 0 0 0 0 0 0 0 0 0 0 0 0 0 0 0 0 0 0 0 0 0 0 0 0 0 0 0 0 0 0 0 0 0 0 0 0 0 0 
0 0 0 0 0 0 0 0 0 0 0 0 0 0 0 0 0 0 0 0 0 0 0 0 0 0 0 0 0 0 0 0 0 0 0 0 0 0 0 0 0 0 0 0 0 0 0 0 0 0 0 0 0 0 0 0 0 0 0 0 0 0 0 0 0 0 0 0 0 0 0 0 0 0 0 0 0 0 0 0 0 0 0 0 0 0 0 0 0 0 0 0 0 0 0 0 0 0 0 0 0 0 0 0 0 0 0 0 0 0 0 0 0 0 0 0 0 0 0 0 0 0 0 0 0 5911 11822 34439 49859 47803 41892 9252 0 0 0 0 0 0 0 0 0 0 0 0 0 0 0 0 0 0 0 0 3598 51401 57055 61424 58597 25443 31097 2313 0 0 0 0 0 0 0 0 0 0 0 0 0 0 0 0 0 0 0 26985 51144 65022 57055 29812 3084 0 0 0 0 0 0 0 0 0 0 0 0 0 0 0 0 0 0 0 0 0 31611 64251 65022 63480 14392 0 0 0 5654 15934 0 0 0 0 0 0 0 0 0 0 0 0 0 0 0 0 0 19532 55513 65022 65022 16448 0 0 0 0 19789 55256 9766 0 0 0 0 0 0 0 0 0 0 0 0 0 0 0 0 19532 46004 63223 29812 2056 0 0 0 4883 51658 49602 0 0 0 0 0 0 0 0 0 0 0 0 0 0 0 0 0 19532 65279 65022 20046 0 0 0 25700 58083 65022 28527 0 0 0 0 0 0 0 0 0 0 0 0 0 0 0 0 0 0 57312 65022 51144 19018 0 20303 50373 65022 57826 4626 0 0 0 0 0 0 0 0 0 0 0 0 0 0 0 0 0 0 8995 51915 65022 64251 50373 65279 65022 55256 37523 0 0 0 0 0 0 0 0 0 0 0 0 0 0 0 0 0 0 0 0 3084 47546 65022 65022 65279 65022 49345 1285 0 0 0 0 0 0 0 0 0 0 0 0 0 0 0 0 0 0 0 0 0 0 10280 65279 65536 55513 20046 0 0 0 0 0 0 0 0 0 0 0 0 0 0 0 0 0 0 0 0 0 0 11308 54742 65022 65279 60910 8224 514 0 0 0 0 0 0 0 0 0 0 0 0 0 0 0 0 0 0 0 0 0 44976 65022 65022 65279 65022 65022 22359 0 0 0 0 0 0 0 0 0 0 0 0 0 0 0 0 0 0 0 0 1028 48060 65022 65022 39579 59625 60910 43434 0 0 0 0 0 0 0 0 0 0 0 0 0 0 0 0 0 0 0 0 14906 65022 65022 35724 0 54999 39836 54742 0 0 0 0 0 0 0 0 0 0 0 0 0 0 0 0 0 0 0 9509 61424 65279 62709 11565 9509 61424 44976 25443 0 0 0 0 0 0 0 0 0 0 0 0 0 0 0 0 0 0 0 17219 65022 65022 52943 0 36238 65022 46261 6168 0 0 0 0 0 0 0 0 0 0 0 0 0 0 0 0 0 0 0 12336 58083 65022 30069 15677 57569 65022 65022 30069 0 0 0 0 0 0 0 0 0 0 0 0 0 0 0 0 0 0 0 0 51144 65022 54485 52429 65279 65022 46261 2313 0 0 0 0 0 0 0 0 0 0 0 0 0 0 0 0 0 0 0 0 8995 39836 30326 49602 59368 18761 10280 0 0 0 0 0 0 0 0 0 0 0 0 0 0 0 0 0 0 0 0 0 0 0 0 0 0 0 0 0 0 0 0 0 0 0 0 0 0 0 0 0 0 0 0 0 0 0 0 0 0 0 0 0 0 0 0 0 0 0 0 0 0 0 0 0 0 0 0 0 0 0 0 0 0 0 0 0 0 0 0 0 0 0 0 0 0 0 0 0 0 0 0 0 0 0 0 0 0 0 0 0 0 0 0 0 0 0 0 0 0 0 0 0 0 0 0 0 0 0 0 0 0 
0 0 0 0 0 0 0 0 0 0 0 0 0 0 0 0 0 0 0 0 0 0 0 0 0 0 0 0 0 0 0 0 0 0 0 0 0 0 0 0 0 0 0 0 0 0 0 0 0 0 0 0 0 0 0 0 0 0 0 0 0 0 0 0 0 0 0 0 0 0 0 0 0 0 0 0 0 0 0 0 0 0 0 0 0 0 0 0 0 0 0 0 0 0 0 0 0 9509 38294 65279 65279 45747 5911 0 0 0 0 0 0 0 0 0 0 0 0 0 0 0 0 0 0 0 0 1028 33925 61424 65022 65022 65022 65022 53200 6682 0 0 0 0 0 0 0 0 0 0 0 0 0 0 0 0 0 0 0 27499 65022 65279 65022 50887 63480 65022 65279 34696 0 0 0 0 0 0 0 0 0 0 0 0 0 0 0 0 0 0 0 34953 65022 65279 40864 1542 22102 62709 65279 34696 0 0 0 0 0 0 0 0 0 0 0 0 0 0 0 0 0 0 0 54485 65022 65279 63737 32897 2056 50116 65279 34696 0 0 0 0 0 0 0 0 0 0 0 0 0 0 0 0 0 0 0 29555 65279 65536 65279 60396 3855 50373 65536 34953 0 0 0 0 0 0 0 0 0 0 0 0 0 0 0 0 0 0 0 1542 29298 50373 48317 14649 4883 57055 65279 34696 0 0 0 0 0 0 0 0 0 0 0 0 0 0 0 0 0 0 0 0 0 0 0 0 17990 65022 65279 34696 0 0 0 0 0 0 0 0 0 0 0 0 0 0 0 0 0 0 0 0 0 0 0 0 58340 65022 62709 20046 0 0 0 0 0 0 0 0 0 0 0 0 0 0 0 0 0 0 0 0 0 0 0 0 60139 65022 40350 0 0 0 0 0 0 0 0 0 0 0 0 0 0 0 0 0 0 0 0 0 0 0 0 26214 65279 65279 19532 0 0 0 0 0 0 0 0 0 0 0 0 0 0 0 0 0 0 0 0 0 0 0 6425 61938 65022 51401 0 0 0 0 0 0 0 0 0 0 0 0 0 0 0 0 0 0 0 0 0 0 0 4883 40864 65022 65022 14906 0 0 0 0 0 0 0 0 0 0 0 0 0 0 0 0 0 0 0 0 4112 4112 0 32639 65022 65022 55513 6939 0 0 0 0 0 0 0 0 0 0 0 0 0 0 0 0 0 9766 50373 50116 55770 55770 50116 65279 65022 65022 10537 0 0 0 0 0 0 0 0 0 0 0 0 0 0 0 0 0 31611 65279 65536 65279 65279 65279 65279 65536 65279 65279 41892 20817 5911 0 0 0 0 0 0 0 0 0 0 0 0 0 0 0 60139 65022 65279 39322 55770 65022 65022 65279 65022 65022 65022 65022 59111 29812 0 0 0 0 0 0 0 0 0 0 0 0 0 0 52429 65022 65279 38294 58854 65022 65022 47032 21845 44719 63480 65022 65279 52172 0 0 0 0 0 0 0 0 0 0 0 0 0 0 21588 65022 65279 65022 65022 65022 47546 2056 0 0 8481 49088 62709 40864 0 0 0 0 0 0 0 0 0 0 0 0 0 0 2313 43691 65279 65022 57055 26471 3598 0 0 0 0 0 11565 0 0 0 0 0 0 0 0 0 0 0 0 0 0 0 0 0 0 0 0 0 0 0 0 0 0 0 0 0 0 0 0 0 0 0 0 0 0 0 0 0 0 0 0 0 0 0 0 0 0 0 0 0 0 0 0 0 0 0 0 0 0 0 0 0 0 0 0 0 0 0 0 0 0 0 0 0 0 0 0 0 0 0 0 0 0 0 0 0 0 0 0 0 0 0 0 0 0 0 0 0 0 0 0 0 0 0 0 0 0 0 0 0 0 0 0 0 0 0 0 0 0 0 0 0 0 0 0 0 0 0 0 0 0 0 0 0 0 0 0 0 0 0 0 0 0 0 0 0 
0 0 0 0 0 0 0 0 0 0 0 0 0 0 0 0 0 0 0 0 0 0 0 0 0 0 0 0 0 0 0 0 0 0 0 0 0 0 0 0 0 0 0 0 0 0 0 0 0 0 0 0 0 0 0 0 0 0 0 0 0 0 0 0 0 0 0 0 0 0 0 0 0 0 0 0 0 0 0 0 0 0 0 0 0 0 0 0 0 0 0 0 0 0 0 0 0 0 0 0 0 0 0 0 0 0 0 0 0 0 0 0 0 0 0 0 0 0 0 0 0 0 0 0 0 0 0 0 0 0 0 0 0 0 0 0 0 0 0 0 0 0 0 0 0 0 0 0 0 0 0 0 0 0 16448 32897 65536 65536 65536 65536 65536 16448 0 0 0 0 0 0 0 0 0 0 0 0 0 0 0 0 0 0 16448 49088 65536 65536 65536 65536 65536 65536 65536 65536 32897 0 0 0 0 0 0 0 0 0 0 0 0 0 0 0 0 0 65536 65536 65536 65536 65536 65536 65536 65536 65536 65536 65536 32897 0 0 0 0 0 0 0 0 0 0 0 0 0 0 0 32897 65536 65536 65536 65536 32897 32897 0 16448 32897 65536 65536 65536 0 0 0 0 0 0 0 0 0 0 0 0 0 0 0 49088 65536 65536 32897 0 0 0 0 0 0 65536 65536 65536 0 0 0 0 0 0 0 0 0 0 0 0 0 32897 65536 65536 65536 32897 0 0 0 0 0 0 0 65536 65536 65536 0 0 0 0 0 0 0 0 0 0 0 16448 65536 65536 65536 65536 65536 32897 0 0 0 0 0 0 49088 65536 65536 49088 0 0 0 0 0 0 0 0 0 0 32897 65536 65536 65536 65536 65536 32897 16448 0 0 0 0 0 49088 65536 65536 65536 16448 0 0 0 0 0 0 0 0 0 0 49088 65536 65536 65536 49088 0 0 0 0 0 0 32897 65536 65536 65536 65536 16448 0 0 0 0 0 0 0 0 0 0 0 16448 65536 65536 65536 65536 16448 0 0 0 0 49088 65536 65536 65536 49088 0 0 0 0 0 0 0 0 0 0 0 0 0 0 32897 65536 65536 65536 65536 32897 0 16448 65536 65536 65536 65536 49088 0 0 0 0 0 0 0 0 0 0 0 0 0 0 0 0 49088 65536 65536 65536 65536 65536 65536 65536 65536 65536 32897 0 0 0 0 0 0 0 0 0 0 0 0 0 0 0 0 0 0 49088 65536 65536 65536 65536 65536 65536 49088 16448 0 0 0 0 0 0 0 0 0 0 0 0 0 0 0 0 0 0 0 16448 65536 65536 65536 65536 65536 65536 32897 0 0 0 0 0 0 0 0 0 0 0 0 0 0 0 0 0 0 0 16448 65536 65536 65536 65536 65536 65536 65536 32897 0 0 0 0 0 0 0 0 0 0 0 0 0 0 0 0 0 0 32897 65536 65536 65536 65536 65536 65536 65536 65536 32897 0 0 0 0 0 0 0 0 0 0 0 0 0 0 0 0 0 0 49088 65536 65536 65536 65536 65536 65536 65536 65536 32897 0 0 0 0 0 0 0 0 0 0 0 0 0 0 0 0 0 0 65536 65536 65536 65536 65536 65536 65536 65536 49088 0 0 0 0 0 0 0 0 0 0 0 0 0 0 0 0 0 0 0 32897 65536 65536 65536 65536 65536 65536 65536 0 0 0 0 0 0 0 0 0 0 0 0 0 0 0 0 0 0 0 0 0 32897 65536 65536 65536 65536 32897 0 0 0 0 0 0 0 0 0 0 0 0 0 0 0 0 0 0 0 0 0 0 0 0 0 0 0 0 0 0 0 0 0 0 0 0 0 0 0 0 0 0 0 0 0 0 0 0 0 0 0 0 0 0 0 0 0 0 0 0 0 0 0 0 0 0 0 0 0 0 0 0 0 0 0 0 0 0 0 0 0 0 0 0 0 0 0 0 0 0 0 0 0 0 0 0 0 0 
0 0 0 0 0 0 0 0 0 0 0 0 0 0 0 0 0 0 0 0 0 0 0 0 0 0 0 0 0 0 0 0 0 0 0 0 0 0 0 0 0 0 0 0 0 0 0 0 0 0 0 0 0 0 0 0 0 0 0 0 0 0 0 0 0 0 0 0 39836 45233 0 0 0 0 0 0 0 0 0 0 0 0 0 0 0 0 0 0 0 0 0 0 0 0 0 0 36495 33154 0 0 0 0 0 0 0 0 0 0 0 0 0 0 0 0 0 0 0 0 0 0 0 0 0 23644 38037 0 0 0 0 0 0 0 0 0 0 0 0 0 0 0 0 0 0 0 0 0 0 0 0 1285 5911 59882 38551 0 0 0 0 0 0 0 0 0 0 0 0 0 0 0 0 0 0 0 0 0 0 0 0 14392 64765 64765 25443 0 0 0 0 0 0 0 0 0 0 0 0 0 0 0 0 0 0 0 0 0 0 0 0 14392 64765 62709 5654 0 0 0 0 0 0 0 0 0 0 0 0 0 0 0 0 0 0 0 0 0 0 0 5397 60653 64765 22616 0 0 0 0 0 0 0 0 0 0 0 0 0 0 0 0 0 0 0 0 0 0 0 0 5911 64765 64765 5397 0 0 0 0 0 0 0 0 0 0 0 0 0 0 0 0 0 0 0 0 0 0 0 0 14392 64765 48060 1542 0 0 0 0 0 0 0 0 0 0 0 0 0 0 0 0 0 0 0 0 0 0 0 0 33925 64765 42149 0 0 8738 28527 28527 16191 17476 12593 0 0 0 0 0 0 0 0 0 0 0 0 0 0 0 0 0 62452 65022 17733 514 30840 65022 65022 65536 65022 65022 62709 55256 55256 19275 0 0 0 0 0 0 0 0 0 0 0 0 0 0 54742 64765 58083 46004 64765 64765 64765 65022 64765 64765 64765 64765 64765 33668 0 0 0 0 0 0 0 0 0 0 0 0 0 0 33925 64765 64765 64765 64765 48317 11308 39579 39322 28527 40350 64765 64765 33668 0 0 0 0 0 0 0 0 0 0 0 0 0 0 33925 64765 64765 64508 41892 9252 0 0 0 0 8224 64765 64765 31354 0 0 0 0 0 0 0 0 0 0 0 0 0 0 33925 64765 64765 62709 5654 0 0 0 0 5654 52943 64765 59882 4369 0 0 0 0 0 0 0 0 0 0 0 0 0 0 9766 57055 64765 64765 39065 15934 0 3084 12850 51658 64765 64765 20046 0 0 0 0 0 0 0 0 0 0 0 0 0 0 0 0 15934 64251 64765 64765 63223 59368 60396 62452 64765 64508 55770 7453 0 0 0 0 0 0 0 0 0 0 0 0 0 0 0 0 0 20046 61424 64765 64765 64765 65022 64765 64765 54228 0 0 0 0 0 0 0 0 0 0 0 0 0 0 0 0 0 0 0 0 50887 64765 64765 64765 65022 64765 48317 9252 0 0 0 0 0 0 0 0 0 0 0 0 0 0 0 0 0 0 0 0 5397 36495 57569 40093 32897 8481 1542 0 0 0 0 0 0 0 0 0 0 0 0 0 0 0 0 0 0 0 0 0 0 0 0 0 0 0 0 0 0 0 0 0 0 0 0 0 0 0 0 0 0 0 0 0 0 0 0 0 0 0 0 0 0 0 0 0 0 0 0 0 0 0 0 0 0 0 0 0 0 0 0 0 0 0 0 0 0 0 0 0 0 0 0 0 0 0 0 0 0 0 0 0 0 0 0 0 0 0 0 0 0 0 0 0 0 0 0 0 0 0 0 0 0 0 0 0 0 0 0 0 0 0 0 0 0 0 0 0 0 0 0 0 0 0 0 0 0 0 0 0 0 0 0 0 0 0 0 0 0 0 0 0 0 0 0 0 0 0 0 0 0 0 0 0 0 0 0 0 0 0 0 0 0 0 0 0 0 
0 0 0 0 0 0 0 0 0 0 0 0 0 0 0 0 0 0 0 0 0 0 0 0 0 0 0 0 0 0 0 0 0 0 0 0 0 0 0 0 0 0 0 0 0 0 0 0 0 0 0 0 0 0 0 0 0 0 0 0 0 0 0 0 0 0 0 0 0 0 0 0 0 0 0 0 0 0 0 0 0 0 0 0 0 0 0 0 0 0 0 0 0 0 0 0 0 0 0 0 0 0 0 0 0 0 0 0 0 0 0 0 0 0 0 0 0 0 0 0 0 0 0 0 0 0 0 0 0 0 0 0 0 0 0 0 0 0 0 0 0 0 0 0 0 0 0 0 0 0 0 0 0 0 0 0 0 4369 16962 49088 65536 26471 0 0 0 0 0 0 0 0 0 0 0 0 0 0 0 0 0 0 0 0 0 14649 41378 58597 64765 64765 65022 54999 12079 7710 0 0 0 0 0 0 0 0 0 0 0 0 0 0 0 0 0 0 29812 65022 64765 64765 64765 64765 65022 64765 64765 58340 4369 0 0 0 0 0 0 0 0 0 0 0 0 0 0 0 6682 48060 63737 65022 64765 64765 64765 64765 65022 64765 64765 64765 30069 0 0 0 0 0 0 0 0 0 0 0 0 0 0 11051 60653 64765 64765 65022 64765 64765 64765 64765 32897 30069 64765 64765 35210 0 0 0 0 0 0 0 0 0 0 0 0 0 22359 54485 65022 65022 65022 65536 65022 52686 29812 2827 0 14649 65022 65022 35210 0 0 0 0 0 0 0 0 0 0 0 0 24415 65022 64765 64765 64765 59368 37009 23644 6425 0 0 0 41378 64765 64765 35210 0 0 0 0 0 0 0 0 0 0 0 25700 63223 65022 64765 64765 58340 12336 0 0 0 0 0 0 41378 64765 64765 13878 0 0 0 0 0 0 0 0 0 0 14649 62709 64765 65022 64765 47546 12850 0 0 0 0 0 0 0 41378 64765 64765 5654 0 0 0 0 0 0 0 0 0 11051 60653 64765 64765 65022 40350 1542 0 0 0 0 0 0 0 5654 62709 64765 53971 3084 0 0 0 0 0 0 0 0 0 41635 65022 65022 65022 40607 0 0 0 0 0 0 0 0 0 51915 65022 65022 38551 0 0 0 0 0 0 0 0 0 1285 45747 64765 64765 40350 0 0 0 0 0 0 0 0 0 24415 65022 64765 48060 4369 0 0 0 0 0 0 0 0 0 14135 64765 64765 64765 5654 0 0 0 0 0 0 0 0 17476 63223 65022 48060 4883 0 0 0 0 0 0 0 0 0 0 35467 64765 64765 64765 5654 0 0 0 0 0 0 0 38808 57569 64765 38551 4369 0 0 0 0 0 0 0 0 0 0 0 35467 64765 64765 64765 5654 0 0 0 0 0 0 24415 63223 64765 51401 0 0 0 0 0 0 0 0 0 0 0 0 0 32897 65022 65022 65022 24672 2827 0 0 0 2827 38294 65022 65022 62966 18761 0 0 0 0 0 0 0 0 0 0 0 0 0 4883 60653 64765 64765 64765 52172 41378 33154 35981 52172 65022 64765 56027 20303 0 0 0 0 0 0 0 0 0 0 0 0 0 0 0 41378 64765 64765 64765 65022 64765 64765 64765 64765 63480 41635 4883 0 0 0 0 0 0 0 0 0 0 0 0 0 0 0 0 12850 47546 64765 64765 65022 64765 64765 64765 53971 24158 0 0 0 0 0 0 0 0 0 0 0 0 0 0 0 0 0 0 0 1799 30069 62195 65022 64765 56798 35210 5654 0 0 0 0 0 0 0 0 0 0 0 0 0 0 0 0 0 0 0 0 0 0 0 0 0 0 0 0 0 0 0 0 0 0 0 0 0 0 0 0 0 0 0 0 0 0 0 0 0 0 0 0 0 0 0 0 0 0 0 0 0 0 0 0 0 0 0 0 0 0 0 0 0 0 0 0 0 0 0 0 0 0 0 0 0 0 0 0 0 0 0 0 0 0 0 0 0 
0 0 0 0 0 0 0 0 0 0 0 0 0 0 0 0 0 0 0 0 0 0 0 0 0 0 0 0 0 0 0 0 0 0 0 0 0 0 0 0 0 0 0 0 0 0 0 0 0 0 0 0 0 0 0 0 0 0 0 0 0 0 0 0 0 0 0 0 0 0 0 0 0 0 0 0 0 0 0 0 0 0 0 0 0 0 0 0 0 0 0 0 0 0 0 0 0 0 0 0 0 0 0 0 0 0 0 0 0 0 0 0 0 0 0 0 0 0 0 0 0 0 0 0 0 0 0 0 0 0 0 0 0 0 0 0 0 0 0 0 0 0 0 0 0 0 0 0 0 0 0 0 0 0 47289 65022 65022 44462 0 0 0 0 0 0 0 0 0 0 0 0 0 0 0 0 0 0 0 0 0 0 3341 61681 65022 64765 64765 63737 34439 7196 0 0 0 0 0 0 0 0 0 0 0 0 0 0 0 0 0 0 0 2570 44205 64765 65022 41892 62195 64765 64765 29555 0 0 0 0 0 0 0 0 0 0 0 0 0 0 0 0 0 0 3341 43177 64765 64765 10023 514 8995 45490 64765 62709 28270 0 0 0 0 0 0 0 0 0 0 0 0 0 0 0 0 0 37523 64765 63737 29555 0 0 0 4369 54228 64765 54485 0 0 0 0 0 0 0 0 0 0 0 0 0 0 0 0 10280 59368 64765 35981 0 0 0 0 0 26214 64765 54485 0 0 0 0 0 0 0 0 0 0 0 0 0 0 0 2827 39836 64765 54485 8481 0 0 0 0 3341 42663 64765 54485 0 0 0 0 0 0 0 0 0 0 0 0 0 0 0 38808 64765 63737 21331 0 0 0 0 0 24415 64765 64765 50887 0 0 0 0 0 0 0 0 0 0 0 0 0 0 0 51401 64765 52686 0 0 0 1799 35981 37523 60653 64765 36752 8481 0 0 0 0 0 0 0 0 0 0 0 0 0 0 11051 58340 57569 9766 0 0 0 48831 64765 64765 64765 37523 7967 0 0 0 0 0 0 0 0 0 0 0 0 0 0 11565 59882 65022 34953 0 0 3598 65022 65536 65022 65022 54228 6425 0 0 0 0 0 0 0 0 0 0 0 0 0 0 0 24158 64765 48317 1028 0 17476 47546 64765 51915 48831 64765 64765 13621 0 0 0 0 0 0 0 0 0 0 0 0 0 0 0 24158 64765 16962 17990 47546 62452 64765 51915 3598 2827 58854 64765 26214 0 0 0 0 0 0 0 0 0 0 0 0 0 0 0 24158 64765 56798 62195 64765 62452 42406 4883 0 0 58083 64765 47546 0 0 0 0 0 0 0 0 0 0 0 0 0 0 0 24158 64765 64765 51915 24158 12079 0 0 0 0 58083 64765 47546 0 0 0 0 0 0 0 0 0 0 0 0 0 0 0 6425 16962 16962 4369 0 0 0 0 0 0 58083 64765 47546 0 0 0 0 0 0 0 0 0 0 0 0 0 0 0 0 0 0 0 0 0 0 0 0 0 58083 64765 47546 0 0 0 0 0 0 0 0 0 0 0 0 0 0 0 0 0 0 0 0 0 0 0 0 0 58083 64765 43948 0 0 0 0 0 0 0 0 0 0 0 0 0 0 0 0 0 0 0 0 0 0 0 0 0 58083 63737 12850 0 0 0 0 0 0 0 0 0 0 0 0 0 0 0 0 0 0 0 0 0 0 0 0 0 40093 44205 0 0 0 0 0 0 0 0 0 0 0 0 0 0 0 0 0 0 0 0 0 0 0 0 0 0 0 0 0 0 0 0 0 0 0 0 0 0 0 0 0 0 0 0 0 0 0 0 0 0 0 0 0 0 0 0 0 0 0 0 0 0 0 0 0 0 0 0 0 0 0 0 0 0 0 0 0 0 0 0 0 0 0 0 0 0 0 0 0 0 0 0 0 0 
0 0 0 0 0 0 0 0 0 0 0 0 0 0 0 0 0 0 0 0 0 0 0 0 0 0 0 0 0 0 0 0 0 0 0 0 0 0 0 0 0 0 0 0 0 0 0 0 0 0 0 0 0 0 0 0 0 0 0 0 0 0 0 0 0 0 0 0 0 0 0 0 0 0 0 0 0 0 0 0 0 0 0 0 0 0 0 0 0 0 0 0 0 0 0 0 0 0 0 0 0 0 0 0 0 0 0 0 0 0 0 0 0 0 0 0 0 0 0 0 0 0 0 0 0 0 0 0 0 0 0 0 0 0 0 0 0 0 0 0 0 0 0 0 0 0 0 0 0 0 0 0 0 0 0 0 0 0 0 0 0 0 0 0 0 0 0 0 0 0 0 0 0 0 0 0 0 0 0 0 0 0 0 0 0 0 0 0 0 0 0 0 0 0 0 0 0 0 0 0 0 0 0 7453 7453 30069 36238 36238 36238 36238 49088 65536 45747 36238 36238 36238 36238 11308 0 0 0 0 0 0 0 0 0 0 3341 14649 40350 65022 64765 64765 64765 65022 64765 64765 64765 65022 64765 64765 64765 65022 64765 57569 4883 0 0 0 0 0 0 0 0 0 24415 64765 64765 65022 64765 64765 54999 43177 43177 33411 40093 43177 43177 43177 52686 65022 64765 64765 7196 0 0 0 0 0 0 0 0 32382 62452 64765 64765 65022 45490 35724 7196 0 0 0 0 0 0 0 16191 65022 64765 45490 771 0 0 0 0 0 0 0 0 33154 65022 65022 45747 13107 0 0 0 0 0 0 0 0 0 0 58083 65279 65022 40093 0 0 0 0 0 0 0 0 0 2570 21588 21588 2313 0 0 0 0 0 0 0 0 0 0 4883 59368 65022 54999 4883 0 0 0 0 0 0 0 0 0 0 0 0 0 0 0 0 0 0 0 0 0 0 0 31611 64765 65022 50373 0 0 0 0 0 0 0 0 0 0 0 0 0 0 0 0 0 0 0 0 0 0 0 13107 63223 64765 65022 37266 0 0 0 0 0 0 0 0 0 0 0 0 0 0 0 0 0 0 0 0 0 0 0 30840 65022 65022 61424 9766 0 0 0 0 0 0 0 0 0 0 0 0 0 0 0 0 0 0 0 0 0 0 11565 57826 64765 64765 38551 0 0 0 0 0 0 0 0 0 0 0 0 0 0 0 0 0 0 0 0 0 0 0 36238 64765 64765 64765 19532 0 0 0 0 0 0 0 0 0 0 0 0 0 0 0 0 0 0 0 0 0 0 0 61938 64765 64765 64765 0 0 0 0 0 0 0 0 0 0 0 0 0 0 0 0 0 0 0 0 0 0 0 45233 65279 65022 65022 7196 0 0 0 0 0 0 0 0 0 0 0 0 0 0 0 0 0 0 0 0 0 0 4883 59368 65022 64765 64765 7196 0 0 0 0 0 0 0 0 0 0 0 0 0 0 0 0 0 0 0 0 0 0 31611 64765 65022 64765 38037 1542 0 0 0 0 0 0 0 0 0 0 0 0 0 0 0 0 0 0 0 0 0 6682 57055 64765 65022 51915 1542 0 0 0 0 0 0 0 0 0 0 0 0 0 0 0 0 0 0 0 0 0 0 17990 65022 65022 61424 9766 0 0 0 0 0 0 0 0 0 0 0 0 0 0 0 0 0 0 0 0 0 0 1799 48060 64765 64765 38551 0 0 0 0 0 0 0 0 0 0 0 0 0 0 0 0 0 0 0 0 0 0 0 7453 64765 64765 64765 19532 0 0 0 0 0 0 0 0 0 0 0 0 0 0 0 0 0 0 0 0 0 0 0 4112 55256 64765 51915 0 0 0 0 0 0 0 0 0 0 0 0 0 0 0 0 0 0 0 0 0 0 0 0 0 0 0 0 0 0 0 0 0 0 0 0 0 0 0 0 0 
0 0 0 0 0 0 0 0 0 0 0 0 0 0 0 0 0 0 0 0 0 0 0 0 0 0 0 0 0 0 0 0 0 0 0 0 0 0 0 0 0 0 0 0 0 0 0 0 0 0 0 0 0 0 0 0 0 0 0 0 0 0 0 0 0 0 0 0 0 0 0 0 0 0 0 0 0 0 0 0 0 0 0 0 0 0 0 0 0 0 0 0 0 0 0 0 0 0 0 0 0 0 0 0 0 0 0 0 0 0 0 0 0 0 0 0 0 0 0 0 0 0 0 0 0 0 0 0 0 0 0 0 0 0 0 0 0 0 0 0 0 0 0 0 0 0 0 0 0 0 0 0 0 0 0 0 0 0 0 0 0 0 0 0 0 0 0 0 0 0 0 0 0 0 0 7453 34696 37523 37523 51144 59368 59625 65536 47032 15163 4626 0 0 0 0 0 0 0 0 0 0 0 0 0 0 0 9509 47289 60653 65022 65022 65022 65022 65022 65022 65022 65022 65022 55513 40093 11822 0 0 0 0 0 0 0 0 0 0 0 0 9509 57312 64765 63737 38808 30840 8224 8224 8224 18247 35724 35724 58597 64508 65022 61938 37780 0 0 0 0 0 0 0 0 0 0 1799 50373 65022 37266 0 0 0 0 0 0 0 0 0 0 34696 65022 65022 61681 11565 0 0 0 0 0 0 0 0 0 9766 65022 65022 34953 0 0 0 0 0 0 0 0 0 39579 57569 65022 65022 58854 4883 0 0 0 0 0 0 0 0 0 5397 56798 65022 63994 37523 17733 2313 0 0 0 0 19532 58340 63994 63737 62966 65022 18761 0 0 0 0 0 0 0 0 0 0 0 26471 58083 65022 65022 65022 60396 40350 16705 22616 22873 63737 62195 30069 11565 13621 29555 514 0 0 0 0 0 0 0 0 0 0 0 0 7453 42920 49859 65022 65022 65022 65022 65022 65022 65022 28527 0 0 0 0 0 0 0 0 0 0 0 0 0 0 0 0 0 0 0 1799 5397 28013 62452 65022 65022 65022 65022 61681 37266 16962 0 0 0 0 0 0 0 0 0 0 0 0 0 0 0 0 0 0 0 0 22359 65022 62195 51144 52429 65022 65022 62709 34439 2570 0 0 0 0 0 0 0 0 0 0 0 0 0 0 0 0 0 0 44205 65022 29298 0 1285 20303 60653 65022 65022 42406 514 0 0 0 0 0 0 0 0 0 0 0 0 0 0 0 0 0 50116 65022 23644 0 0 0 14135 61424 65022 65022 17990 0 0 0 0 0 0 0 0 0 0 0 0 0 0 0 0 8481 60139 65022 23644 0 0 0 0 14906 53714 65022 62195 12850 0 0 0 0 0 0 0 0 0 0 0 0 0 0 0 2570 52943 65022 46004 0 0 0 0 0 3341 56284 65022 48831 3855 0 0 0 0 0 0 0 0 0 0 0 0 0 0 0 47032 65022 52686 1542 0 0 0 0 0 51401 65022 65022 9509 0 0 0 0 0 0 0 0 0 0 0 0 0 0 0 16705 63737 65022 20817 0 0 0 0 0 19789 64765 52686 3084 0 0 0 0 0 0 0 0 0 0 0 0 0 0 0 0 36495 65022 61167 14649 0 0 0 0 10794 64508 47032 0 0 0 0 0 0 0 0 0 0 0 0 0 0 0 0 0 16191 62195 65022 62195 17990 8481 8481 27499 59882 56798 21074 0 0 0 0 0 0 0 0 0 0 0 0 0 0 0 0 0 0 18504 53714 65022 65022 65022 65022 65022 57826 21074 0 0 0 0 0 0 0 0 0 0 0 0 0 0 0 0 0 0 0 0 3598 35467 55770 65022 38294 30326 5654 0 0 0 0 0 0 0 0 0 0 0 0 0 0 0 0 0 0 0 0 0 0 0 0 0 0 0 0 0 0 0 0 0 0 0 0 0 0 0 0 0 0 0 0 0 0 0 0 0 0 0 0 0 0 0 0 0 0 0 0 0 0 0 0 
0 0 0 0 0 0 0 0 0 0 0 0 0 0 0 0 0 0 0 0 0 0 0 0 0 0 0 0 0 0 0 0 0 0 0 0 0 0 0 0 0 0 0 0 0 0 0 0 0 0 0 0 0 0 0 0 0 0 0 0 0 0 0 0 0 0 0 0 0 0 0 0 0 0 0 0 0 0 0 0 0 0 0 0 0 0 0 0 0 0 0 0 0 0 0 0 0 0 0 0 0 0 0 0 0 0 0 0 0 0 0 0 0 0 0 0 0 0 0 0 0 0 0 0 0 0 4626 38551 60139 65279 65536 33411 0 0 0 0 0 0 0 0 0 0 0 0 0 0 0 0 0 0 0 0 1285 27756 60139 65279 65279 65279 65279 64765 20817 0 0 0 0 0 0 0 0 0 0 0 0 0 0 0 0 0 0 6168 39836 65279 65279 50373 19789 14392 51658 65279 43434 0 0 0 0 0 0 0 0 0 0 0 0 0 0 0 0 0 0 37780 65279 65279 39579 2570 0 0 36238 65279 43434 0 0 0 0 0 0 0 0 0 0 0 0 0 0 0 0 1028 28527 65022 56541 11051 0 0 0 0 36238 65279 43434 0 0 0 0 0 0 0 0 0 0 0 0 0 0 0 16448 49859 65279 56798 9766 0 0 0 0 0 36238 65279 43434 0 0 0 0 0 0 0 0 0 0 0 0 0 0 0 36238 65279 65279 26471 0 0 0 0 0 0 44462 65279 43434 0 0 0 0 0 0 0 0 0 0 0 0 0 0 0 19275 48831 26471 1799 0 0 0 0 0 0 60653 63994 15934 0 0 0 0 0 0 0 0 0 0 0 0 0 0 0 0 0 0 0 0 0 0 0 0 9509 62709 60396 0 0 0 0 0 0 0 0 0 0 0 0 0 0 0 0 0 0 0 0 0 0 0 0 0 28527 65279 42149 0 0 0 0 0 0 0 0 0 0 0 0 0 0 0 0 0 0 0 0 8224 17219 17219 2056 771 49345 62195 26985 0 0 0 0 0 0 0 0 0 0 0 0 0 0 0 0 0 771 34953 58083 61424 65279 65536 58854 49345 65279 31611 0 0 0 0 0 0 0 0 0 0 0 0 0 0 0 0 0 5911 38551 65279 63737 41892 38551 62966 65022 65279 65279 19018 0 0 0 0 0 0 0 0 0 0 0 0 0 0 0 0 0 43434 65279 50630 8995 0 0 5140 60139 65279 65279 21074 0 0 0 0 0 0 0 0 0 0 0 0 0 0 0 0 22616 64765 57826 10280 0 0 0 52943 65279 60653 65279 44462 2313 0 0 0 0 0 0 0 0 0 0 0 0 0 0 0 43434 65279 35981 0 1285 16705 47032 65279 59111 14649 63480 65279 22873 0 0 0 0 0 0 0 0 0 0 0 0 0 0 0 43691 65279 45747 30069 50373 65279 65279 59625 11822 0 43691 65279 35981 0 0 0 0 0 0 0 0 0 0 0 0 0 0 0 38037 65279 65279 65279 65279 63480 32897 1799 0 0 20303 65279 35981 0 0 0 0 0 0 0 0 0 0 0 0 0 0 0 2827 23130 33668 33668 28527 8481 0 0 0 0 31354 65279 35981 0 0 0 0 0 0 0 0 0 0 0 0 0 0 0 0 0 0 0 0 0 0 0 0 0 18504 63480 35981 0 0 0 0 0 0 0 0 0 0 0 0 0 0 0 0 0 0 0 0 0 0 0 0 0 0 0 0 0 0 0 0 0 0 0 0 0 0 0 0 0 0 0 0 0 0 0 0 0 0 0 0 0 0 0 0 0 0 0 0 0 0 0 0 0 0 0 0 0 0 0 0 0 0 0 0 0 0 0 0 0 0 0 0 0 0 0 0 0 0 0 0 0 0 0 0 0 0 0 0 0 0 0 0 0 0 0 0 0 0 0 0 0 0 0 0 0 0 0 0 
0 0 0 0 0 0 0 0 0 0 0 0 0 0 0 0 0 0 0 0 0 0 0 0 0 0 0 0 0 0 0 0 0 0 0 0 0 0 0 0 0 0 0 0 0 0 0 0 0 0 0 0 0 0 0 0 0 0 0 0 0 0 0 0 0 0 0 0 0 0 0 0 0 0 0 0 0 0 0 0 0 0 0 0 0 0 0 0 0 0 0 0 0 0 0 0 0 0 0 0 0 0 0 0 0 0 0 0 0 0 0 0 0 0 0 0 0 0 0 0 0 0 0 0 0 0 0 0 0 0 0 0 0 0 0 0 0 0 0 0 0 0 0 0 0 0 0 0 0 0 0 0 0 0 0 0 0 0 0 0 0 0 0 0 0 0 0 0 0 0 0 0 0 0 0 0 0 2056 19789 35210 54485 58597 25957 771 0 0 0 0 0 0 0 0 0 0 0 0 0 0 0 0 0 0 0 0 3341 47032 65279 65279 65279 65279 65279 43691 26471 4626 0 0 0 0 0 0 0 0 0 0 0 0 0 0 0 0 0 0 43691 65279 65279 63994 32639 21331 21331 58340 65279 52429 0 0 0 0 0 0 0 0 0 0 0 0 0 0 0 0 0 5397 56798 65279 65022 28527 0 0 5654 57826 65279 62452 0 0 0 0 0 0 0 0 0 0 0 0 0 0 0 0 0 43177 65279 65279 38808 0 0 0 20046 65279 65279 62452 0 0 0 0 0 0 0 0 0 0 0 0 0 0 0 0 0 48831 65279 65279 6425 0 0 0 32897 65279 65279 62452 0 0 0 0 0 0 0 0 0 0 0 0 0 0 0 0 0 48060 65279 65279 17990 0 0 514 50630 65279 65279 62452 0 0 0 0 0 0 0 0 0 0 0 0 0 0 0 0 0 8224 58597 65279 50373 0 0 15420 65279 65279 65279 62452 0 0 0 0 0 0 0 0 0 0 0 0 0 0 0 0 0 0 44719 64251 64765 41121 27242 46775 65279 65279 65279 62452 0 0 0 0 0 0 0 0 0 0 0 0 0 0 0 0 0 0 0 30326 50373 65279 65279 65536 65279 65536 65279 62452 0 0 0 0 0 0 0 0 0 0 0 0 0 0 0 0 0 0 0 0 514 15163 34182 45490 45490 52943 65279 62452 0 0 0 0 0 0 0 0 0 0 0 0 0 0 0 0 0 0 0 0 0 0 0 0 0 4112 60396 65022 23130 0 0 0 0 0 0 0 0 0 0 0 0 0 0 0 0 0 0 0 0 0 0 0 0 0 59625 65279 54999 0 0 0 0 0 0 0 0 0 0 0 0 0 0 0 0 0 0 0 0 0 0 0 0 0 42406 65279 65279 23901 0 0 0 0 0 0 0 0 0 0 0 0 0 0 0 0 0 0 0 0 0 0 0 0 0 64251 65536 53200 0 0 0 0 0 0 0 0 0 0 0 0 0 0 0 0 0 0 0 0 0 0 0 0 0 64251 65279 55513 3598 0 0 0 0 0 0 0 0 0 0 0 0 0 0 0 0 0 0 0 0 0 0 0 0 41892 65279 65279 18247 0 0 0 0 0 0 0 0 0 0 0 0 0 0 0 0 0 0 0 0 0 0 0 0 23901 65279 65279 42149 0 0 0 0 0 0 0 0 0 0 0 0 0 0 0 0 0 0 0 0 0 0 0 0 3084 65279 65279 48574 0 0 0 0 0 0 0 0 0 0 0 0 0 0 0 0 0 0 0 0 0 0 0 0 257 22359 40607 34182 0 0 0 0 0 0 0 0 0 0 0 0 0 0 0 0 0 0 0 0 0 0 0 0 0 0 0 0 0 0 0 0 0 0 0 0 0 0 0 0 0 0 0 0 0 0 0 0 0 0 0 0 0 0 0 0 0 0 0 0 0 0 0 
0 0 0 0 0 0 0 0 0 0 0 0 0 0 0 0 0 0 0 0 0 0 0 0 0 0 0 0 0 0 0 0 0 0 0 0 0 0 0 0 0 0 0 0 0 0 0 0 0 0 0 0 0 0 0 0 0 0 0 0 0 0 0 0 0 0 0 0 0 0 0 0 0 0 0 0 0 0 0 0 0 0 0 0 0 0 0 0 0 0 0 0 0 0 0 0 0 0 0 0 0 0 0 0 0 0 0 0 0 0 0 0 0 0 0 0 0 0 0 0 0 0 0 0 0 0 0 0 9252 27499 65279 65536 43434 3084 0 0 0 0 0 0 0 0 0 0 0 0 0 0 0 0 0 0 14906 46261 46261 46261 51915 60653 62709 62195 65022 38037 0 0 0 0 0 0 0 0 0 0 0 0 0 0 0 0 5397 27499 61681 65022 56027 38294 39579 0 17219 17733 65022 50116 0 0 0 0 0 0 0 0 0 0 0 0 0 0 0 0 18247 65022 62709 56541 11051 514 8995 0 0 9252 60910 50116 0 0 0 0 0 0 0 0 0 0 0 0 0 0 0 0 54742 65022 27756 0 0 0 0 0 0 0 33668 57312 13364 0 0 0 0 0 0 0 0 0 0 0 0 0 1799 33154 63480 65022 6168 0 0 0 0 0 0 0 33668 65022 59111 3341 0 0 0 0 0 0 0 0 0 0 0 0 8481 65022 65022 45233 2827 0 0 0 0 0 0 0 33668 65022 65022 3855 0 0 0 0 0 0 0 0 0 0 0 0 46775 65022 53457 2827 0 0 0 0 0 0 0 0 33668 65022 65022 14906 0 0 0 0 0 0 0 0 0 0 0 16962 59368 65022 52172 0 0 0 0 0 0 0 0 0 33668 65022 65022 20046 0 0 0 0 0 0 0 0 0 0 0 27499 65022 65022 11308 0 0 0 0 0 0 0 0 0 33668 65022 52686 2570 0 0 0 0 0 0 0 0 0 0 3084 52943 65022 63994 10023 0 0 0 0 0 0 0 0 0 33668 65022 27242 0 0 0 0 0 0 0 0 0 0 0 4369 65022 65022 33154 0 0 0 0 0 0 0 0 0 0 33668 65022 27242 0 0 0 0 0 0 0 0 0 0 0 31868 65022 65022 33154 0 0 0 0 0 0 0 0 0 12079 57055 53971 6939 0 0 0 0 0 0 0 0 0 0 0 4369 65022 65022 33154 0 0 0 0 0 0 0 0 13621 58340 65022 31097 0 0 0 0 0 0 0 0 0 0 0 0 4369 65022 65022 33154 0 0 0 0 0 0 0 1285 35210 65022 37523 1542 0 0 0 0 0 0 0 0 0 0 0 0 4369 65022 65022 49859 5397 0 0 0 0 0 13364 36752 65022 65022 31354 0 0 0 0 0 0 0 0 0 0 0 0 0 3341 56541 65022 65022 49859 14906 14906 14906 14906 43434 60139 65022 65022 62709 24415 0 0 0 0 0 0 0 0 0 0 0 0 0 0 11565 56541 65022 65022 65022 65022 65022 65022 65022 65022 65022 47803 22873 0 0 0 0 0 0 0 0 0 0 0 0 0 0 0 0 8481 55256 65022 65022 65022 65022 65022 65022 65022 46775 2313 0 0 0 0 0 0 0 0 0 0 0 0 0 0 0 0 0 0 11308 22873 22873 33668 65022 51144 22873 22873 5911 0 0 0 0 0 0 0 0 0 0 0 0 0 0 0 0 0 0 0 0 0 0 0 0 0 0 0 0 0 0 0 0 0 0 0 0 0 0 0 0 0 0 0 0 0 0 0 0 0 0 0 0 0 0 0 0 0 0 0 0 0 0 0 0 0 0 0 0 0 0 0 0 0 0 0 0 0 0 0 0 0 0 0 0 0 0 0 0 0 0 0 0 0 0 0 0 0 0 0 0 0 0 0 0 0 0 0 0 0 0 0 0 0 0 0 0 0 0 0 0 0 0 
0 0 0 0 0 0 0 0 0 0 0 0 0 0 0 0 0 0 0 0 0 0 0 0 0 0 0 0 0 0 0 0 0 0 0 0 0 0 0 0 0 0 0 0 0 0 0 0 0 0 0 0 0 0 0 0 0 0 0 0 0 0 0 0 0 0 0 0 0 0 0 0 0 0 0 0 0 0 0 0 0 0 0 0 0 0 0 0 0 0 0 0 0 0 0 0 0 0 0 0 0 0 0 0 0 0 0 0 0 0 0 0 0 0 0 0 0 0 0 0 0 2313 59882 62709 16705 14135 59882 65022 32897 2313 0 0 0 0 0 0 0 0 0 0 0 0 0 0 0 0 0 2313 20046 49859 64765 65022 64765 64765 64765 64765 65022 42149 0 0 0 0 0 0 0 0 0 0 0 0 0 0 0 0 1799 39836 64765 64765 64765 65022 64765 64765 64765 64765 65022 61681 12850 0 0 0 0 0 0 0 0 0 0 0 0 0 0 0 6168 64765 64765 64765 64765 65022 49602 41121 16962 49345 65022 64765 41635 0 0 0 0 0 0 0 0 0 0 0 0 0 0 0 6168 64765 64765 64765 37780 19275 2056 0 0 2827 38037 64765 63223 24158 0 0 0 0 0 0 0 0 0 0 0 0 0 0 0 19018 29812 19018 0 0 0 0 0 0 6168 65022 65022 41378 0 0 0 0 0 0 0 0 0 0 0 0 0 0 0 0 0 0 0 0 0 0 0 0 11565 64765 64765 41121 0 0 0 0 0 0 0 0 0 0 0 0 0 0 0 0 0 0 0 0 0 0 0 8224 43691 64765 64765 19789 0 0 0 0 0 0 0 0 0 0 0 0 0 0 0 0 0 0 0 0 0 0 0 40350 65022 64765 39322 2313 0 0 0 0 0 0 0 0 0 0 0 0 0 0 0 0 0 0 0 0 0 0 34953 64251 65022 64765 17733 0 0 0 0 0 0 0 0 0 0 0 0 0 0 0 0 0 0 0 0 0 0 12593 59882 65022 62195 10794 0 0 0 0 0 0 0 0 0 0 0 0 0 0 0 0 0 0 0 0 0 1285 17476 58597 64765 64765 34696 0 0 0 0 1285 12079 8738 0 0 0 0 0 0 0 0 0 0 0 0 0 0 29812 49088 64765 64765 64765 43177 0 0 0 0 0 35467 64765 60139 16705 0 0 0 0 0 0 0 0 0 0 0 6682 34439 63737 65022 64765 64765 64765 11051 0 0 0 8738 23901 65022 64765 64765 41121 0 0 0 0 0 0 0 0 0 0 0 17990 64765 64765 65022 64765 64765 64765 32897 16448 29812 37523 61167 64765 65022 64765 64765 27756 0 0 0 0 0 0 0 0 0 0 9252 57055 65022 65022 65536 63994 60910 65022 65022 65536 65022 65022 65022 65022 65536 65022 44462 0 0 0 0 0 0 0 0 0 0 0 41378 64765 64765 64765 63994 30069 6425 57312 64765 65022 64765 64765 64765 64765 58597 33925 6425 0 0 0 0 0 0 0 0 0 0 1799 47803 64765 64765 64765 29555 0 0 14392 17733 48831 64765 51915 47032 33411 8224 0 0 0 0 0 0 0 0 0 0 0 0 6168 64765 64765 64765 43177 0 0 0 0 0 1285 11565 3341 0 0 0 0 0 0 0 0 0 0 0 0 0 0 0 771 43434 64765 53971 3084 0 0 0 0 0 0 0 0 0 0 0 0 0 0 0 0 0 0 0 0 0 0 0 0 0 0 0 0 0 0 0 0 0 0 0 0 0 0 0 0 0 0 0 0 0 0 0 0 0 0 0 0 0 0 0 0 0 0 0 0 0 0 0 0 0 0 0 0 0 0 0 0 0 0 0 0 0 0 0 0 0 0 0 0 0 0 0 0 0 0 0 0 0 0 0 0 0 0 0 0 0 0 0 0 0 0 0 0 0 0 0 0 0 0 0 0 0 0 0 0 0 0 0 0 0 0 0 0 0 
0 0 0 0 0 0 0 0 0 0 0 0 0 0 0 0 0 0 0 0 0 0 0 0 0 0 0 0 0 0 0 0 0 0 0 0 0 0 0 0 0 0 0 0 0 0 0 0 0 0 0 0 0 0 0 0 0 0 0 0 0 0 0 0 0 0 0 0 0 0 0 0 0 0 0 0 0 0 0 0 0 0 0 0 0 0 0 0 0 0 0 0 0 0 0 0 0 0 0 0 0 0 0 0 0 0 0 0 0 0 0 0 0 0 0 0 0 0 0 0 0 0 10023 41378 65279 65279 65279 42149 10537 0 0 0 0 0 0 0 0 0 0 0 0 0 0 0 0 0 0 0 0 10280 58340 65022 65022 65022 65022 65022 37009 0 0 0 0 0 0 0 0 0 0 0 0 0 0 0 0 0 0 0 0 21845 65022 65022 42920 36495 57055 65022 54999 0 0 0 0 0 0 0 0 0 0 0 0 0 0 0 0 0 0 0 0 1799 32639 11565 1285 14135 63737 65022 54999 0 0 0 0 0 0 0 0 0 0 0 0 0 0 0 0 0 0 0 0 0 0 0 0 45233 65022 65022 58854 46775 37780 23387 0 0 0 0 0 0 0 0 0 0 0 0 0 0 0 0 0 0 0 0 43948 62966 65022 65022 65022 65022 65022 64508 38037 10794 0 0 0 0 0 0 0 0 0 0 0 0 0 0 0 0 0 15934 62966 65022 65022 65022 65022 65022 65022 65022 65022 41121 0 0 0 0 0 0 0 0 0 0 0 0 0 0 0 0 0 18504 65022 65022 60910 44976 22616 11565 11565 15677 65022 64765 26214 0 0 0 0 0 0 0 0 0 0 0 0 0 0 0 0 3855 39065 21845 10537 0 0 0 0 5140 65022 65022 31611 0 0 0 0 0 0 0 0 0 0 0 0 0 0 0 0 0 0 0 0 0 0 0 0 5140 65022 65022 48831 0 0 0 0 0 0 0 0 0 0 0 0 0 0 0 0 0 0 0 0 0 0 0 0 12850 65022 65022 31611 0 0 0 0 0 0 0 0 0 0 0 0 0 0 0 0 0 0 0 0 0 0 0 1542 43948 65022 64765 25186 0 0 0 0 0 0 0 0 0 0 0 0 0 0 0 0 0 0 0 0 0 0 1542 34439 65022 65022 40093 0 0 0 0 0 0 0 0 0 0 0 0 0 0 0 0 0 0 0 0 0 0 0 13621 65022 65022 57569 10023 0 0 0 0 0 0 0 0 0 0 0 0 0 0 0 0 0 0 0 0 0 0 11051 56798 65022 61938 10280 0 0 0 0 0 0 0 0 0 0 6939 24158 514 0 0 0 0 0 0 0 0 1542 30326 56798 65022 64251 36495 0 0 0 0 0 0 0 0 0 0 0 65536 65022 3084 0 0 0 0 0 0 1542 12850 43948 65022 65022 65022 38551 0 0 0 0 0 0 0 0 0 0 0 0 63737 65022 38037 36752 36752 7710 3598 3598 13107 44205 65022 65022 65022 59368 28270 10794 0 0 0 0 0 0 0 0 0 0 0 0 14649 62709 65022 65022 65022 65022 65022 65022 65022 65022 65022 64765 40093 25443 0 0 0 0 0 0 0 0 0 0 0 0 0 0 0 0 30326 45233 65022 65022 65022 65022 65022 39065 31611 25186 0 0 0 0 0 0 0 0 0 0 0 0 0 0 0 0 0 0 0 0 0 0 0 0 0 0 0 0 0 0 0 0 0 0 0 0 0 0 0 0 0 0 0 0 0 0 0 0 0 0 0 0 0 0 0 0 0 0 0 0 0 0 0 0 0 0 0 0 0 0 0 0 0 0 0 0 0 0 0 0 0 0 0 0 0 0 0 0 0 0 0 0 0 0 0 0 0 0 0 0 0 0 0 0 0 0 0 0 0 0 0 0 0 0 0 0 0 0 0 0 0 0 0 0 0 
0 0 0 0 0 0 0 0 0 0 0 0 0 0 0 0 0 0 0 0 0 0 0 0 0 0 0 0 0 0 0 0 0 0 0 0 0 0 0 0 0 0 0 0 0 0 0 0 0 0 0 0 0 0 0 0 0 0 0 0 0 0 0 0 0 0 0 0 0 0 0 0 0 0 0 0 0 0 0 0 0 0 0 0 0 0 0 0 0 0 0 0 0 0 0 0 0 0 0 0 0 0 0 0 0 0 0 0 0 0 0 0 0 0 0 0 0 0 0 0 0 0 0 0 10023 58597 56798 56798 65536 36238 0 0 0 0 0 0 0 0 0 0 0 0 0 0 0 0 0 0 0 0 43691 41378 64251 65022 65022 65022 65022 64765 63737 59368 11565 0 0 0 0 0 0 0 0 0 0 0 0 0 0 0 11822 58854 64765 65022 65022 65022 65022 65022 65022 65022 65022 65022 56798 0 0 0 0 0 0 0 0 0 0 0 0 0 0 40350 62195 65022 65022 65022 65022 57569 38294 38294 57569 65022 65022 65022 58340 0 0 0 0 0 0 0 0 0 0 0 0 0 0 61938 65022 65022 31097 6425 6425 4626 0 0 4626 30069 65022 65022 58340 0 0 0 0 0 0 0 0 0 0 0 0 0 0 39579 28013 8224 1028 0 0 0 0 0 4883 52429 65022 65022 58340 0 0 0 0 0 0 0 0 0 0 0 0 0 0 0 0 0 0 0 0 0 0 0 41892 65022 65022 65022 47032 0 0 0 0 0 0 0 0 0 0 0 0 0 0 0 0 0 0 0 0 0 0 22873 61938 65022 65022 47803 4369 0 0 0 0 0 0 0 0 0 0 0 0 0 0 0 0 0 0 0 0 0 13621 61681 65022 65022 62195 16705 0 0 0 0 0 0 0 0 0 0 0 0 0 0 0 0 0 0 0 0 0 4883 46518 65022 65022 61938 23644 0 0 0 0 0 0 0 0 0 0 0 0 0 0 0 0 0 0 0 0 0 4883 46518 65022 65022 65022 45490 0 0 0 0 0 0 0 0 0 0 0 0 0 0 0 0 0 0 0 0 0 4626 46518 65022 65022 65022 31354 5654 0 0 0 0 0 0 0 0 0 0 0 0 0 0 0 0 0 0 0 0 4369 46775 65022 65022 65022 48574 5654 0 0 0 0 0 0 0 0 0 0 0 0 0 0 0 0 0 0 0 0 0 46004 65022 65022 65022 48574 5654 0 0 0 0 0 0 0 0 0 0 0 0 0 0 0 0 0 0 0 0 3598 21588 62195 65022 65022 58340 13107 0 0 0 1542 8481 12079 41892 22616 0 0 0 0 0 0 0 0 0 0 0 0 0 30583 65022 65022 65022 65022 13107 1799 6939 13878 40093 43948 65022 65022 65022 58340 0 0 0 0 0 0 0 0 0 0 0 0 2313 60653 65022 65022 65022 54742 10537 37780 65022 65022 65022 65022 65022 65022 64765 26214 0 0 0 0 0 0 0 0 0 0 0 0 47546 65022 65022 65022 65022 65022 65022 65022 65022 65022 65022 65022 62966 58340 26214 0 0 0 0 0 0 0 0 0 0 0 0 0 61938 65022 65022 65022 65022 65022 65022 65022 65022 64765 57312 30069 10794 0 0 0 0 0 0 0 0 0 0 0 0 0 0 0 30326 62709 65022 65022 65022 65022 65022 65022 39836 25186 0 0 0 0 0 0 0 0 0 0 0 0 0 0 0 0 0 0 0 0 0 0 0 0 0 0 0 0 0 0 0 0 0 0 0 0 0 0 0 0 0 0 0 0 0 0 0 0 0 0 0 0 0 0 0 0 0 0 0 0 0 0 0 0 0 0 0 0 0 0 0 0 0 0 0 0 0 0 0 0 0 0 0 0 0 0 0 0 0 0 0 0 0 0 0 0 0 0 0 0 0 0 0 0 0 0 0 0 0 0 0 0 0 0 0 0 0 0 0 0 0 0 0 
0 0 0 0 0 0 0 0 0 0 0 0 0 0 0 0 0 0 0 0 0 0 0 0 0 0 0 0 0 0 0 0 0 0 0 0 0 0 0 0 0 0 0 0 0 0 0 0 0 0 0 0 0 0 0 0 0 0 0 0 0 0 0 0 0 0 0 0 0 0 0 0 0 0 0 0 0 0 0 0 0 0 0 0 0 0 0 0 0 0 0 0 0 0 0 0 0 0 0 0 0 0 0 0 0 0 0 0 0 0 0 0 0 0 0 0 0 0 0 0 0 0 0 0 0 0 0 0 0 0 0 0 0 0 0 0 0 0 0 0 0 0 0 0 0 0 0 0 0 0 0 0 0 0 14649 36238 65536 50887 43691 14649 0 0 0 0 0 0 0 0 0 0 0 0 0 0 0 0 0 0 0 0 0 29298 36238 14649 0 0 22102 58083 36238 0 0 0 0 0 0 0 0 0 0 0 0 0 0 0 0 0 0 7453 43691 29298 0 0 0 0 0 7453 43691 43691 0 0 0 0 0 0 0 0 0 0 0 0 0 0 0 0 0 50887 36238 0 0 0 0 0 0 0 7453 58083 7453 0 0 0 0 0 0 0 0 0 0 0 0 0 0 0 14649 58083 0 0 0 0 0 0 0 0 22102 65536 0 0 0 0 0 0 0 0 0 0 0 0 0 0 0 0 65536 14649 0 0 0 0 0 0 0 14649 65536 65536 65536 43691 0 0 0 0 0 0 0 0 0 0 0 0 0 14649 65536 0 0 0 0 0 0 0 14649 65536 65536 65536 43691 7453 0 0 0 0 0 0 0 0 0 0 0 0 0 22102 65536 0 0 0 0 0 14649 50887 65536 65536 50887 14649 0 0 0 0 0 0 0 0 0 0 0 0 0 0 0 14649 65536 14649 0 0 7453 50887 65536 58083 29298 7453 0 0 0 0 0 0 0 0 0 0 0 0 0 0 0 0 0 0 43691 65536 7453 29298 65536 65536 22102 0 0 0 0 0 0 0 0 0 0 0 0 0 0 0 0 0 0 0 0 0 0 65536 65536 65536 29298 7453 0 0 0 0 0 0 0 0 0 0 0 0 0 0 0 0 0 0 0 0 0 0 29298 65536 50887 65536 7453 0 0 0 0 0 0 0 0 0 0 0 0 0 0 0 0 0 0 0 0 0 0 50887 43691 14649 0 14649 58083 36238 0 0 0 0 0 0 0 0 0 0 0 0 0 0 0 0 0 0 0 7453 22102 43691 0 0 0 0 7453 65536 0 0 0 0 0 0 0 0 0 0 0 0 0 0 0 0 0 0 0 58083 22102 0 0 0 0 0 0 65536 0 0 0 0 0 0 0 0 0 0 0 0 0 0 0 0 0 0 29298 58083 0 0 0 0 0 0 7453 65536 0 0 0 0 0 0 0 0 0 0 0 0 0 0 0 0 0 0 29298 22102 0 0 0 0 0 7453 58083 58083 0 0 0 0 0 0 0 0 0 0 0 0 0 0 0 0 0 0 65536 14649 0 0 0 0 14649 58083 58083 7453 0 0 0 0 0 0 0 0 0 0 0 0 0 0 0 0 0 0 22102 58083 22102 22102 43691 65536 65536 29298 0 0 0 0 0 0 0 0 0 0 0 0 0 0 0 0 0 0 0 0 0 36238 43691 65536 43691 22102 7453 0 0 0 0 0 0 0 0 0 0 0 0 0 0 0 0 0 0 0 0 0 0 0 0 0 0 0 0 0 0 0 0 0 0 0 0 0 0 0 0 0 0 0 0 0 0 0 0 0 0 0 0 0 0 0 0 0 0 0 0 0 0 0 0 0 0 0 0 0 0 0 0 0 0 0 0 0 0 0 0 0 0 0 0 0 0 0 0 0 0 0 0 0 0 0 0 0 0 0 
0 0 0 0 0 0 0 0 0 0 0 0 0 0 0 0 0 0 0 0 0 0 0 0 0 0 0 0 0 0 0 0 0 0 0 0 0 0 0 0 0 0 0 0 0 0 0 0 0 0 0 0 0 0 0 0 0 0 0 0 0 0 0 0 0 0 0 0 0 0 0 0 0 0 0 0 0 0 0 0 0 0 0 0 0 0 0 0 0 0 0 0 0 0 0 0 0 0 0 0 0 0 0 0 0 0 0 0 0 0 0 0 0 0 0 0 0 0 0 0 0 0 0 0 0 0 0 0 0 0 0 0 0 0 0 0 0 0 0 0 0 0 0 0 0 0 0 0 0 0 0 0 0 0 0 0 0 0 0 0 0 0 0 0 0 0 0 0 0 0 0 0 0 0 0 0 0 0 0 0 0 0 0 0 0 0 0 0 0 0 0 0 0 0 0 0 0 0 0 0 0 0 0 0 0 0 0 0 0 0 0 0 0 0 0 0 0 0 0 0 0 0 0 0 0 0 0 0 0 41892 65279 65279 65279 65279 48060 58083 65279 53200 65279 65279 65279 65279 65279 21845 0 0 0 0 0 0 0 0 0 0 0 0 0 53971 65022 65022 65022 52686 65022 65022 65022 65279 65022 65022 65022 65022 65022 54485 6682 0 0 0 0 0 0 0 0 0 0 0 14392 63223 65022 65022 65022 65022 65022 65022 65022 61938 57312 65022 65022 65022 65022 65022 25443 0 0 0 0 0 0 0 0 0 0 0 771 37266 59368 53200 31097 57055 54485 31097 6425 14906 21845 31097 18761 50887 65022 65022 52686 0 0 0 0 0 0 0 0 0 0 0 0 0 0 0 0 0 0 0 0 0 0 0 0 5140 56027 65022 53714 0 0 0 0 0 0 0 0 0 0 0 0 0 0 0 0 0 0 0 0 0 0 0 0 0 51144 65022 53714 0 0 0 0 0 0 0 0 0 0 0 0 0 0 0 0 0 0 0 0 0 0 0 0 0 51144 65022 53714 0 0 0 0 0 0 0 0 0 0 0 0 0 0 0 0 0 0 0 0 0 0 0 0 8738 59625 65022 53714 0 0 0 0 0 0 0 0 0 0 0 0 0 0 0 0 0 0 0 0 0 0 0 0 35210 65022 65022 53714 0 0 0 0 0 0 0 0 0 0 0 0 0 0 0 0 0 0 0 0 0 0 0 5140 62195 65022 65022 29041 0 0 0 0 0 0 0 0 0 0 0 0 0 0 0 0 0 0 0 0 0 0 0 9509 65536 65279 62452 0 0 0 0 0 0 0 0 0 0 0 0 0 0 0 0 0 0 0 0 0 0 0 0 41635 65022 65022 42406 0 0 0 0 0 0 0 0 0 0 0 0 0 0 0 0 0 0 0 0 0 0 0 10280 63480 65022 65022 33668 0 0 0 0 0 0 0 0 0 0 0 0 0 0 0 0 0 0 0 0 0 0 0 25700 65022 65022 53200 3855 0 0 0 0 0 0 0 0 0 0 0 0 0 0 0 0 0 0 0 0 0 0 0 44205 65022 61938 20817 0 0 0 0 0 0 0 0 0 0 0 0 0 0 0 0 0 0 0 0 0 0 0 13621 62709 63223 20817 0 0 0 0 0 0 0 0 0 0 0 0 0 0 0 0 0 0 0 0 0 0 0 514 43948 65022 19789 0 0 0 0 0 0 0 0 0 0 0 0 0 0 0 0 0 0 0 0 0 0 0 0 13621 65022 65022 2570 0 0 0 0 0 0 0 0 0 0 0 0 0 0 0 0 0 0 0 0 0 0 0 0 37009 65022 57312 1799 0 0 0 0 0 0 0 0 0 0 0 0 0 0 0 0 0 0 0 0 0 0 0 0 24672 65022 39579 0 0 0 0 0 0 0 0 0 0 0 0 
0 0 0 0 0 0 0 0 0 0 0 0 0 0 0 0 0 0 0 0 0 0 0 0 0 0 0 0 0 0 0 0 0 0 0 0 0 0 0 0 0 0 0 0 0 0 0 0 0 0 0 0 0 0 0 0 0 0 0 0 0 0 0 0 0 0 0 0 0 0 0 0 0 0 0 0 0 0 0 0 0 0 0 0 0 0 0 0 0 0 0 0 0 0 0 0 0 0 0 0 0 0 0 0 0 0 0 0 0 0 0 0 0 0 0 0 0 0 0 0 0 0 0 0 0 0 0 0 0 0 0 0 0 0 0 0 0 0 0 0 0 0 0 0 0 0 0 0 0 0 0 0 0 32897 32897 0 0 0 0 0 0 0 0 0 0 0 0 0 0 0 0 0 0 0 0 0 0 0 16448 32897 65536 65536 65536 49088 16448 16448 16448 0 0 0 0 0 0 0 0 0 0 0 0 0 0 0 0 0 0 49088 65536 65536 65536 65536 32897 49088 49088 65536 65536 49088 0 0 0 0 0 0 0 0 0 0 0 0 0 0 0 0 49088 65536 65536 65536 49088 0 0 0 0 32897 65536 65536 49088 16448 0 0 0 0 0 0 0 0 0 0 0 0 0 49088 65536 65536 65536 0 0 0 0 0 0 0 16448 49088 65536 65536 16448 0 0 0 0 0 0 0 0 0 0 0 32897 65536 65536 49088 0 0 0 0 0 0 0 0 0 0 49088 65536 65536 0 0 0 0 0 0 0 0 0 0 0 65536 65536 32897 0 0 0 0 0 0 0 0 0 0 0 0 65536 65536 49088 0 0 0 0 0 0 0 0 0 16448 65536 65536 0 0 0 0 0 0 0 0 0 0 0 0 0 32897 65536 65536 16448 0 0 0 0 0 0 0 0 65536 65536 32897 0 0 0 0 0 0 0 0 0 0 0 0 0 0 65536 65536 32897 0 0 0 0 0 0 0 0 65536 65536 32897 0 0 0 0 0 0 0 0 0 0 0 0 0 0 32897 65536 49088 0 0 0 0 0 0 0 0 65536 65536 49088 0 0 0 0 0 0 0 0 0 0 0 0 0 0 16448 65536 65536 0 0 0 0 0 0 0 0 49088 65536 49088 0 0 0 0 0 0 0 0 0 0 0 0 0 0 49088 65536 16448 0 0 0 0 0 0 0 0 49088 65536 65536 0 0 0 0 0 0 0 0 0 0 0 0 0 49088 65536 49088 0 0 0 0 0 0 0 0 0 16448 65536 65536 65536 0 0 0 0 0 0 0 0 0 0 16448 49088 65536 65536 0 0 0 0 0 0 0 0 0 0 0 49088 65536 65536 65536 49088 16448 0 0 0 0 16448 32897 49088 65536 65536 65536 32897 0 0 0 0 0 0 0 0 0 0 0 0 49088 65536 65536 65536 65536 65536 65536 65536 65536 65536 65536 65536 65536 32897 32897 0 0 0 0 0 0 0 0 0 0 0 0 0 0 16448 65536 65536 65536 65536 65536 65536 65536 65536 32897 16448 0 0 0 0 0 0 0 0 0 0 0 0 0 0 0 0 0 0 0 0 0 32897 32897 32897 0 0 0 0 0 0 0 0 0 0 0 0 0 0 0 0 0 0 0 0 0 0 0 0 0 0 0 0 0 0 0 0 0 0 0 0 0 0 0 0 0 0 0 0 0 0 0 0 0 0 0 0 0 0 0 0 0 0 0 0 0 0 0 0 0 0 0 0 0 0 0 0 0 0 0 0 0 0 0 0 0 0 0 0 0 0 0 0 0 0 0 0 0 0 0 0 0 0 0 0 0 0 0 0 0 0 0 0 0 0 0 0 0 0 0 0 0 0 0 0 0 0 0 0 0 0 0 0 0 0 0 0 0 0 0 0 0 0 0 0 0 0 0 0 0 0 0 0 0 0 0 0 0 
0 0 0 0 0 0 0 0 0 0 0 0 0 0 0 0 0 0 0 0 0 0 0 0 0 0 0 0 0 0 0 0 0 0 0 0 0 0 0 0 0 0 0 0 0 0 0 0 0 0 0 0 0 0 0 0 0 0 0 0 0 0 0 0 0 0 0 0 0 0 0 0 0 0 0 0 0 0 0 0 0 0 0 0 0 0 0 0 0 0 0 0 0 0 0 0 0 0 0 0 0 0 0 0 0 0 0 0 0 0 0 0 0 0 0 0 0 0 0 0 0 0 0 0 0 0 0 0 0 65536 65022 59625 12079 0 0 0 0 0 0 0 0 0 0 0 0 0 0 0 0 0 0 0 0 0 0 0 32125 65022 64765 61938 19789 0 0 0 0 0 0 0 0 0 0 0 0 0 0 0 0 0 0 0 0 0 0 0 37009 65022 64765 55256 0 0 0 0 0 0 0 0 0 0 0 0 0 0 0 0 0 0 0 0 0 0 0 5397 52943 65022 64765 33925 0 0 0 0 0 0 0 0 0 0 0 0 0 0 0 0 0 0 0 0 0 0 0 46518 64765 65022 64765 18247 0 0 0 0 0 0 0 0 0 0 0 0 0 0 0 0 0 0 0 0 0 0 16191 62195 64765 65022 48574 2570 0 0 0 0 0 0 0 0 0 0 0 0 0 0 0 0 0 0 0 0 0 0 45233 64765 64765 65022 46004 0 0 0 0 0 0 0 0 0 0 0 0 0 0 0 0 0 0 0 0 0 0 16191 60910 64765 64765 65022 24929 0 0 0 0 0 0 0 0 0 0 0 0 0 0 0 0 0 0 0 0 0 0 28270 65022 65022 65022 21588 0 0 0 0 0 0 0 0 0 0 0 0 0 0 0 0 0 0 0 0 0 0 0 59882 64765 64765 53971 0 0 0 0 0 0 0 0 0 0 0 0 0 0 0 0 0 0 0 0 0 0 1542 30840 65022 64765 63223 23644 0 0 0 0 0 0 0 0 0 0 0 0 0 0 0 0 0 0 0 0 0 0 9509 64765 65022 64765 55256 0 0 0 0 0 0 0 0 0 0 0 0 0 0 0 0 0 0 0 0 0 0 0 9509 65022 65536 65022 18504 0 0 0 0 0 0 0 0 0 0 0 0 0 0 0 0 0 0 0 0 0 0 0 41378 64765 65022 64765 18247 0 0 0 0 0 0 0 0 0 0 0 0 0 0 0 0 0 0 0 0 0 0 13621 59625 64765 65022 51401 5140 0 0 0 0 0 0 0 0 0 0 0 0 0 0 0 0 0 0 0 0 0 0 39836 64765 64765 65022 46004 0 0 0 0 0 0 0 0 0 0 0 0 0 0 0 0 0 0 0 0 0 0 0 56027 65022 65022 65536 8995 0 0 0 0 0 0 0 0 0 0 0 0 0 0 0 0 0 0 0 0 0 0 24158 63480 64765 64765 40864 1285 0 0 0 0 0 0 0 0 0 0 0 0 0 0 0 0 0 0 0 0 0 0 24158 63480 64765 64765 37009 0 0 0 0 0 0 0 0 0 0 0 0 0 0 0 0 0 0 0 0 0 0 0 0 55770 64765 64765 15934 0 0 0 0 0 0 0 0 0 0 0 0 0 0 0 0 0 0 0 0 0 0 0 0 0 0 0 0 0 0 0 0 0 0 0 0 0 0 0 0 0 0 0 0 0 0 0 0 0 0 0 0 0 0 0 0 0 0 0 0 0 0 0 0 0 0 0 0 0 0 0 0 0 0 0 0 0 0 0 0 0 0 0 0 0 0 0 0 0 0 0 0 0 0 0 0 0 0 0 0 0 0 0 0 0 0 0 0 0 0 0 0 0 0 0 0 0 0 0 0 0 0 0 0 0 0 
0 0 0 0 0 0 0 0 0 0 0 0 0 0 0 0 0 0 0 0 0 0 0 0 0 0 0 0 0 0 0 0 0 0 0 0 0 0 0 0 0 0 0 0 0 0 0 0 0 0 0 0 0 0 0 0 0 0 0 0 0 0 0 0 0 0 0 0 0 0 0 0 0 0 0 0 0 0 0 0 0 0 0 0 0 0 0 0 0 0 0 0 0 0 0 0 0 0 0 0 0 0 0 0 0 0 0 0 0 0 0 0 0 0 0 0 0 0 0 0 0 0 0 0 0 0 0 0 0 0 0 0 0 0 0 0 0 0 0 0 0 0 0 0 0 0 0 0 0 0 0 0 0 0 0 0 0 0 0 0 0 0 0 0 0 0 0 0 0 0 0 0 0 0 0 0 0 0 12079 65279 56541 6682 0 0 0 0 0 0 0 0 0 0 0 0 0 0 0 0 0 0 0 0 0 0 0 0 33411 65022 65022 61424 33154 19532 0 0 0 0 0 0 0 0 0 0 0 0 0 0 0 0 0 0 0 0 0 0 35467 62195 35210 50630 64508 63994 44719 14649 771 0 0 0 0 0 0 0 0 0 0 0 0 0 0 0 0 0 0 0 35467 59111 0 0 29041 51915 65022 65279 31868 0 0 0 0 0 0 0 0 0 0 0 0 0 0 0 0 0 0 0 35724 65279 17733 0 0 2313 32639 52429 65279 26985 0 0 0 0 0 0 0 0 0 0 0 0 0 0 0 0 0 0 35467 63737 14392 0 0 0 0 17990 65022 35210 0 0 0 0 0 0 0 0 0 0 0 0 0 0 0 0 0 0 35467 37266 0 0 0 0 0 20046 63737 23644 0 0 0 0 0 0 0 0 0 0 0 0 0 0 0 0 0 0 52943 11822 0 0 0 0 8738 58854 52943 0 0 0 0 0 0 0 0 0 0 0 0 0 0 0 0 0 0 0 30583 4369 0 0 0 0 30583 65536 14392 0 0 0 0 0 0 0 0 0 0 0 0 0 0 0 0 0 0 0 0 0 0 0 0 18504 63480 44462 514 0 0 0 0 0 0 0 0 0 0 0 0 0 0 0 0 0 0 0 0 0 0 0 0 40350 62709 13107 0 0 0 0 0 0 0 0 0 0 0 0 0 0 0 0 0 0 0 0 0 0 0 0 17476 61681 32897 0 0 0 0 0 0 0 0 0 0 0 0 0 0 0 0 0 0 0 0 0 0 0 0 4883 52429 43948 0 0 0 0 0 0 0 0 0 0 0 0 0 0 0 0 0 0 0 0 0 0 0 0 0 39322 65022 13878 0 0 0 0 0 0 0 0 0 0 0 0 0 0 0 0 0 0 0 0 0 0 0 0 11051 60910 44462 2313 0 0 0 0 0 0 0 0 0 0 0 0 0 0 0 0 0 0 0 0 0 0 0 0 40864 65279 20817 0 0 0 0 0 0 0 0 0 0 0 0 0 0 0 0 0 0 0 0 0 0 0 0 27756 65279 32639 0 0 0 0 0 0 0 0 0 0 0 0 0 0 0 0 0 0 0 0 0 0 0 0 2313 55513 65022 19532 0 0 0 0 0 0 0 0 0 0 0 0 0 0 0 0 0 0 0 0 0 0 0 0 22873 65022 51915 0 0 0 0 0 0 0 0 0 0 0 0 0 0 0 0 0 0 0 0 0 0 0 0 0 26985 62709 11308 0 0 0 0 0 0 0 0 0 0 0 0 0 0 0 0 0 0 0 0 0 0 0 0 0 0 0 0 0 0 0 0 0 0 0 0 0 0 0 0 0 0 0 0 0 0 0 0 0 0 0 0 0 0 0 0 0 0 0 0 0 0 0 0 0 0 0 0 0 0 0 
0 0 0 0 0 0 0 0 0 0 0 0 0 0 0 0 0 0 0 0 0 0 0 0 0 0 0 0 0 0 0 0 0 0 0 0 0 0 0 0 0 0 0 0 0 0 0 0 0 0 0 0 0 0 0 0 0 0 0 0 0 0 0 0 0 0 0 0 0 0 0 0 0 0 0 0 0 0 0 0 0 0 0 0 0 0 0 0 0 0 0 0 0 0 0 0 0 0 0 0 0 0 0 0 0 0 0 0 0 0 0 0 0 0 0 0 0 0 0 0 0 0 0 0 0 0 0 0 0 0 0 0 0 0 0 0 0 0 0 0 0 0 0 0 0 0 0 0 0 0 0 0 0 0 0 0 0 0 0 0 0 0 0 0 0 0 0 0 0 0 0 0 0 0 0 0 0 0 0 5911 20303 39579 65022 65022 65022 65536 58597 36238 7196 0 0 0 0 0 0 0 0 0 0 0 0 0 0 0 0 0 16191 60139 64765 65022 64765 58340 58340 50630 60139 64765 55256 13107 0 0 0 0 0 0 0 0 0 0 0 0 0 0 9766 50887 60139 64765 64765 49859 14392 7967 7967 0 9766 53714 64765 57826 0 0 0 0 0 0 0 0 0 0 0 0 0 0 29041 52172 64765 54999 35724 3341 0 0 0 0 0 28270 35724 64251 32125 0 0 0 0 0 0 0 0 0 0 0 0 22873 54742 26728 65022 65022 48831 0 0 0 0 0 0 2570 32897 65279 21588 0 0 0 0 0 0 0 0 0 0 0 0 0 0 52172 64765 64765 55256 6682 0 0 0 1799 21074 45747 43948 65022 21588 0 0 0 0 0 0 0 0 0 0 0 0 0 0 4883 36495 43948 64765 38551 0 0 0 7453 64765 50373 34182 59368 4883 0 0 0 0 0 0 0 0 0 0 0 0 0 0 0 0 2570 45747 61167 9766 0 25957 20303 64765 16705 16962 19275 0 0 0 0 0 0 0 0 0 0 0 0 0 0 0 0 0 0 13107 62195 65022 65022 65022 65279 65022 49859 3341 0 0 0 0 0 0 0 0 0 0 0 0 0 0 0 0 0 0 0 6682 42663 64765 64765 64765 65022 54999 11051 0 0 0 0 0 0 0 0 0 0 0 0 0 0 0 0 0 2570 21845 34439 57055 65022 64765 57569 52686 65022 43948 0 0 0 0 0 0 0 0 0 0 0 0 0 0 0 0 0 13107 32897 64765 61681 64765 65022 58340 11051 3341 26471 63223 12850 0 0 0 0 0 0 0 0 0 0 0 0 0 0 0 12336 61938 58083 43434 65022 61938 25957 0 0 0 7453 65022 55513 4112 0 0 0 0 0 0 0 0 0 0 0 0 0 0 41121 64765 57826 33668 61681 29555 0 0 0 0 2570 21588 55256 7196 0 0 0 0 0 0 0 0 0 0 0 0 0 4883 45747 61681 63480 45747 17476 1542 0 0 0 0 0 0 40864 29812 0 0 0 0 0 0 0 0 0 0 0 0 0 1799 39322 64765 58597 5654 0 0 0 0 0 0 0 0 21845 35724 0 0 0 0 0 0 0 0 0 0 0 0 0 0 0 41892 61424 24158 1799 0 0 0 0 0 0 0 12336 45747 0 0 0 0 0 0 0 0 0 0 0 0 0 0 0 22616 56284 48060 38294 8224 0 0 0 0 0 0 21845 35724 0 0 0 0 0 0 0 0 0 0 0 0 0 0 0 0 7967 33411 43177 46518 47546 21845 12079 12079 0 0 4883 7967 0 0 0 0 0 0 0 0 0 0 0 0 0 0 0 0 0 0 0 3341 35981 35724 55256 48831 0 0 0 0 0 0 0 0 0 0 0 0 0 0 0 0 0 0 0 0 0 0 0 0 0 0 0 0 0 0 0 0 0 0 0 0 0 0 0 0 0 0 0 0 0 0 0 0 0 0 0 0 0 0 0 0 0 0 0 0 0 0 0 0 0 0 0 
0 0 0 0 0 0 0 0 0 0 0 0 0 0 0 0 0 0 0 0 0 0 0 0 0 0 0 0 0 0 0 0 0 0 0 0 0 0 0 0 0 0 0 0 0 0 0 0 0 0 0 0 0 0 0 0 0 0 0 0 0 0 0 0 0 0 0 0 0 0 0 0 0 0 0 0 0 0 0 0 0 0 0 0 0 0 0 0 0 0 0 0 0 0 0 0 0 0 0 0 0 0 0 0 0 0 0 0 0 0 0 0 0 0 0 0 0 0 0 0 0 0 0 0 0 0 0 0 0 0 0 0 0 0 0 0 0 0 0 0 0 0 0 0 0 0 0 0 0 0 0 0 0 0 0 0 0 0 0 0 0 0 0 0 0 0 0 0 0 0 0 0 0 0 0 0 0 0 0 0 0 0 0 0 0 0 0 0 0 0 0 0 0 0 0 0 0 0 0 0 0 0 0 0 0 0 0 0 0 0 0 0 0 12850 33668 35981 17476 13621 7967 0 0 0 0 0 0 0 0 0 0 0 0 0 0 0 0 0 0 0 0 18504 47803 64508 65279 65279 65279 65279 61424 56284 40607 0 0 0 0 0 0 0 0 0 0 0 0 0 0 0 0 514 10794 46775 62709 42920 33668 33668 33668 33668 33668 33668 25957 0 0 0 0 0 0 0 0 0 0 0 0 0 0 0 14649 46261 28013 8995 9766 0 0 0 0 0 0 0 0 0 0 0 0 0 0 0 0 0 0 0 0 0 0 4626 48317 62709 19789 0 0 0 0 0 0 0 0 0 0 0 0 0 0 0 0 0 0 0 0 0 0 0 1285 46261 65279 57569 24929 39579 19532 257 0 0 0 0 0 0 0 0 0 0 0 0 0 0 0 0 0 0 0 0 39322 65279 65279 65279 65279 65279 65279 33154 2313 0 0 0 0 0 0 0 0 0 0 0 0 0 0 0 0 0 0 0 54228 65536 65279 57569 44976 45233 50630 65279 43948 0 0 0 0 0 0 0 0 0 0 0 0 0 0 0 0 0 0 0 47803 63223 36238 1285 0 0 18247 65279 51658 0 0 0 0 0 0 0 0 0 0 0 0 0 0 0 0 0 0 0 2313 3855 0 0 0 0 31611 65279 43691 0 0 0 0 0 0 0 0 0 0 0 0 0 0 43177 52429 2570 0 0 0 1542 23130 44719 50887 43177 62709 65279 19018 0 0 0 0 0 0 0 0 0 0 0 0 0 0 65279 65279 57055 56284 36752 52429 57312 65279 65279 65279 65279 65279 35981 1028 0 0 0 0 0 0 0 0 0 0 0 0 0 0 26214 61167 65279 65279 65279 65279 65279 65279 65279 61938 49345 19789 771 0 0 0 0 0 0 0 0 0 0 0 0 0 0 0 0 8481 13364 25957 35724 25186 13364 13364 13364 8738 0 0 0 0 0 0 0 0 0 0 0 0 0 0 0 0 0 0 0 0 0 0 0 0 0 0 0 0 0 0 0 0 0 0 0 0 0 0 0 0 0 0 0 0 0 0 0 0 0 0 0 0 0 0 0 0 0 0 0 0 0 0 0 0 0 0 0 0 0 0 0 0 0 0 0 0 0 0 0 0 0 0 0 0 0 0 0 0 0 0 0 0 0 0 0 0 0 0 0 0 0 0 0 0 0 0 0 0 0 0 0 0 0 0 0 0 0 0 0 0 0 0 0 0 0 0 0 0 0 0 0 0 0 0 0 0 0 0 0 0 0 0 0 0 0 0 0 0 0 0 0 0 0 0 0 0 0 0 0 0 0 0 0 0 0 0 0 0 0 0 0 0 0 0 0 0 0 0 0 0 0 0 0 0 0 0 0 0 0 0 0 0 0 0 0 0 0 0 0 0 0 0 0 0 0 0 0 0 0 
0 0 0 0 0 0 0 0 0 0 0 0 0 0 0 0 0 0 0 0 0 0 0 0 0 0 0 0 0 0 0 0 0 0 0 0 0 0 0 0 0 0 0 0 0 0 0 0 0 0 0 0 0 0 0 0 0 0 0 0 0 0 0 0 0 0 0 0 0 0 0 0 0 0 0 0 0 0 0 0 0 0 0 0 0 0 0 0 0 0 0 0 0 0 0 0 0 0 0 0 0 0 0 0 0 0 0 0 0 0 0 0 0 0 0 0 0 0 0 0 0 0 0 0 0 0 0 0 0 0 0 0 0 0 0 0 0 0 0 0 0 0 0 0 0 0 0 0 0 0 0 0 0 0 0 0 24672 65536 48060 0 0 0 0 0 0 0 0 0 0 0 0 0 0 0 0 0 0 0 0 0 0 0 0 0 42663 65022 63994 16705 0 0 0 0 0 0 0 0 0 0 0 0 0 0 0 0 0 0 0 0 0 0 0 4369 56798 65022 62966 8995 0 0 0 0 0 0 0 0 0 0 0 0 0 0 0 0 0 0 0 0 0 0 0 28527 65022 65022 53457 0 0 0 0 0 0 0 0 0 0 0 0 0 0 0 0 0 0 0 0 0 0 0 0 50116 65022 65022 21074 0 0 0 0 0 0 0 0 0 0 0 0 0 0 0 0 0 0 0 0 0 0 0 6425 56541 65022 65022 1285 0 0 0 0 0 0 0 0 0 0 0 0 0 0 0 0 0 0 0 0 0 0 0 16191 65022 65022 50887 771 0 0 0 0 0 0 0 0 0 0 0 0 0 0 0 0 0 0 0 0 0 0 6168 56541 65022 65022 19275 0 0 0 0 0 0 0 0 0 0 0 0 0 0 0 0 0 0 0 0 0 0 0 10794 65022 65022 49602 2313 0 0 0 0 0 0 0 0 0 0 0 0 0 0 0 0 0 0 0 0 0 0 0 17990 65022 65022 33668 0 0 0 0 0 0 0 0 0 0 0 0 0 0 0 0 0 0 0 0 0 0 0 2056 48317 65022 59111 7453 0 0 0 0 0 0 0 0 0 0 0 0 0 0 0 0 0 0 0 0 0 0 0 31868 65022 65022 45233 0 0 0 0 0 0 0 0 0 0 0 0 0 0 0 0 0 0 0 0 0 0 0 0 36495 65022 65022 17733 0 0 0 0 0 0 0 0 0 0 0 0 0 0 0 0 0 0 0 0 0 0 0 3084 64508 65022 64508 14392 0 0 0 0 0 0 0 0 0 0 0 0 0 0 0 0 0 0 0 0 0 0 0 35467 65022 65022 46261 0 0 0 0 0 0 0 0 0 0 0 0 0 0 0 0 0 0 0 0 0 0 0 0 62452 65022 63223 15934 0 0 0 0 0 0 0 0 0 0 0 0 0 0 0 0 0 0 0 0 0 0 0 7196 62966 65022 54485 0 0 0 0 0 0 0 0 0 0 0 0 0 0 0 0 0 0 0 0 0 0 0 0 27499 65022 65022 30583 0 0 0 0 0 0 0 0 0 0 0 0 0 0 0 0 0 0 0 0 0 0 0 0 41635 65022 62709 14649 0 0 0 0 0 0 0 0 0 0 0 0 0 0 0 0 0 0 0 0 0 0 0 0 14649 63737 30840 0 0 0 0 0 0 0 0 0 0 0 0 0 0 0 0 0 0 0 0 0 0 0 0 0 0 0 0 0 0 0 0 0 0 0 0 0 0 0 0 0 0 0 0 0 0 0 0 0 0 0 0 0 0 0 0 0 0 0 0 0 0 0 0 0 0 0 0 0 0 0 0 0 0 0 0 0 0 0 0 0 0 0 0 0 0 0 0 0 0 0 0 0 0 0 0 0 0 0 
0 0 0 0 0 0 0 0 0 0 0 0 0 0 0 0 0 0 0 0 0 0 0 0 0 0 0 0 0 0 0 0 0 0 0 0 0 0 0 0 0 0 0 0 0 0 0 0 0 0 0 0 0 0 0 0 0 0 0 0 0 0 0 0 0 0 0 0 0 0 0 0 0 0 0 0 0 0 0 0 0 0 0 0 0 0 0 0 0 0 0 0 0 0 0 0 0 0 0 0 0 0 0 0 0 0 0 0 0 0 0 0 0 0 0 0 0 0 0 0 0 0 9252 24672 24672 60139 65022 50116 24672 12336 0 0 0 0 0 0 0 0 0 0 0 0 0 0 0 0 0 0 0 5140 54999 64508 64508 64508 64508 65022 64508 56541 48831 23387 0 0 0 0 0 0 0 0 0 0 0 0 0 0 0 0 8224 52686 65022 64508 64508 64508 64508 65022 64508 64508 64508 64508 20560 0 0 0 0 0 0 0 0 0 0 0 0 0 0 0 26728 64508 65022 62452 48317 48317 48317 54742 64508 64508 64508 64508 62195 14135 0 0 0 0 0 0 0 0 0 0 0 0 0 0 56798 64508 49602 21074 0 0 0 9252 54485 64508 64508 64508 65022 15934 0 0 0 0 0 0 0 0 0 0 0 0 0 0 57312 65022 0 0 0 0 0 0 49088 65022 65022 65022 65536 16191 0 0 0 0 0 0 0 0 0 0 0 0 0 0 56798 64508 0 0 0 0 0 18504 60653 64508 64508 64508 46518 4112 0 0 0 0 0 0 0 0 0 0 0 0 0 0 56798 44205 0 0 0 0 0 44719 64508 64508 64508 44205 20303 0 0 0 0 0 0 0 0 0 0 0 0 0 0 0 32639 3084 0 0 0 4112 16448 65022 64508 64508 64508 24158 0 0 0 0 0 0 0 0 0 0 0 0 0 0 0 0 0 0 0 0 0 16448 64508 65022 64508 64508 54228 8995 0 0 0 0 0 0 0 0 0 0 0 0 0 0 0 0 0 0 0 0 0 31868 65022 65536 65022 52686 4883 0 0 0 0 0 0 0 0 0 0 0 0 0 0 0 0 0 0 0 0 1028 28784 62709 64508 65022 63480 28270 0 0 0 0 0 0 0 0 0 0 0 0 0 0 0 0 0 0 0 0 0 28784 64508 64508 64508 65022 35981 0 0 0 0 0 0 0 0 0 0 0 0 0 0 0 0 0 0 0 0 0 16448 52686 64508 64508 64508 65022 53714 16448 2056 0 0 0 0 0 0 0 0 0 0 0 0 0 0 0 0 0 0 0 65022 64508 64508 64508 64508 65022 64508 64508 43434 15163 0 0 0 0 0 0 0 0 0 0 0 0 0 0 0 0 57312 65022 65536 65022 65022 65022 65022 65536 65022 65022 65022 65022 50116 6168 0 0 0 0 0 0 0 0 0 0 0 3084 38808 48831 62709 64508 65022 64508 60396 56541 56541 59882 64508 64508 64508 64508 65022 52686 28527 1028 0 0 0 0 0 0 0 0 0 44719 64508 64508 64508 64508 65022 60396 16191 0 0 12336 32382 32382 60653 64508 65022 64508 64508 36238 12336 0 0 0 0 0 0 0 0 65022 64508 64508 64508 64508 48574 16962 0 0 0 0 0 0 6939 33154 54742 64508 64508 64508 24158 0 0 0 0 0 0 0 0 39322 64508 64508 54228 24158 0 0 0 0 0 0 0 0 0 0 9252 24158 24158 24158 8995 0 0 0 0 0 0 0 0 0 0 0 0 0 0 0 0 0 0 0 0 0 0 0 0 0 0 0 0 0 0 0 0 0 0 0 0 0 0 0 0 0 0 0 0 0 0 0 0 0 0 0 0 0 0 0 0 0 0 0 0 0 0 0 0 0 0 0 0 0 0 0 0 0 0 0 0 0 0 0 0 0 0 0 0 0 0 0 0 0 0 0 0 0 0 0 0 0 0 0 0 0 0 0 0 0 0 0 0 0 0 0 0 0 0 0 
0 0 0 0 0 0 0 0 0 0 0 0 0 0 0 0 0 0 0 0 0 0 0 0 0 0 0 0 0 0 0 0 0 0 0 0 0 0 0 0 0 0 0 0 0 0 0 0 0 0 0 0 0 0 0 0 0 0 0 0 0 0 0 0 0 0 0 0 0 0 0 0 0 0 0 0 0 0 0 0 0 0 0 0 0 0 0 0 0 0 0 0 0 0 0 0 0 0 0 0 0 0 0 0 0 0 0 0 0 0 0 0 0 0 0 0 0 0 0 0 22102 50887 36238 22102 0 0 0 0 0 0 0 0 0 0 0 0 0 0 0 0 0 0 0 0 0 0 0 0 7453 43691 65536 65536 58083 29298 7453 0 0 0 0 0 0 0 0 0 0 0 0 0 0 0 0 0 0 0 0 0 0 0 7453 29298 65536 65536 58083 7453 0 0 0 0 0 0 0 0 0 0 0 0 0 0 0 0 0 0 0 0 0 0 0 0 7453 43691 65536 36238 0 0 0 0 0 0 0 0 0 0 0 0 0 0 0 0 0 0 0 0 0 0 0 0 0 22102 65536 43691 0 0 0 0 0 0 0 0 0 0 0 0 0 0 0 0 0 0 0 0 0 0 0 0 0 14649 65536 65536 0 0 0 0 0 0 0 0 0 0 0 0 0 0 0 0 0 0 0 0 0 0 0 0 0 22102 65536 65536 0 0 0 0 0 0 0 0 0 0 0 0 0 0 0 0 0 0 0 0 0 0 0 0 7453 36238 65536 65536 0 0 0 0 0 0 0 0 0 0 0 0 0 0 0 0 0 0 0 0 0 0 0 36238 65536 65536 65536 65536 36238 0 0 0 0 0 0 0 0 0 0 0 0 0 0 0 0 0 0 0 0 0 36238 65536 65536 65536 58083 65536 65536 22102 0 0 0 0 0 0 0 0 0 0 0 0 0 0 0 0 0 0 0 0 29298 65536 65536 43691 7453 29298 65536 43691 0 0 0 0 0 0 0 0 0 0 0 0 0 0 0 0 0 0 0 0 0 7453 7453 0 0 7453 65536 65536 7453 0 0 0 0 0 0 0 0 0 0 0 0 0 0 0 0 0 0 0 0 0 0 0 0 0 29298 65536 50887 0 0 0 0 0 0 0 0 0 0 0 0 0 0 0 0 0 0 0 0 0 0 0 0 0 0 65536 65536 0 0 0 0 0 0 0 0 0 0 0 0 0 0 0 0 0 0 0 0 0 0 0 0 0 0 65536 65536 0 0 0 0 0 0 0 0 0 0 0 0 0 0 0 0 0 0 0 0 0 0 0 0 0 7453 65536 65536 0 0 0 0 0 0 0 0 0 0 0 0 0 0 0 0 0 0 0 0 0 0 0 0 0 43691 65536 43691 0 0 0 0 0 0 0 0 0 0 0 0 0 0 0 0 0 0 0 0 0 0 0 0 29298 65536 58083 0 0 0 0 0 0 0 0 0 0 0 0 0 0 0 0 0 0 0 0 14649 29298 22102 36238 50887 65536 58083 7453 0 0 0 0 0 0 0 0 0 0 0 0 0 0 0 0 0 0 0 0 50887 65536 65536 65536 50887 29298 0 0 0 0 0 0 0 0 0 0 0 0 0 0 0 0 0 0 0 0 0 0 0 0 0 0 0 0 0 0 0 0 0 0 0 0 0 0 0 0 0 0 0 0 0 0 0 0 0 0 0 0 0 0 0 0 0 0 0 0 0 0 0 0 0 0 0 0 0 0 0 0 0 0 0 0 0 0 0 0 0 0 0 0 0 0 0 0 0 0 0 0 0 0 0 0 0 0 0 0 0 0 0 0 0 0 0 0 0 0 0 0 0 0 0 0 0 0 0 0 0 0 0 0 
0 0 0 0 0 0 0 0 0 0 0 0 0 0 0 0 0 0 0 0 0 0 0 0 0 0 0 0 0 0 0 0 0 0 0 0 0 0 0 0 0 0 0 0 0 0 0 0 0 0 0 0 0 0 0 0 0 0 0 0 0 0 0 0 0 0 0 0 0 0 0 0 0 0 0 0 0 0 0 0 0 0 0 0 0 0 0 0 0 0 0 0 0 0 0 0 0 0 0 0 0 0 0 0 0 0 0 0 0 0 0 0 0 0 0 0 0 0 0 0 0 0 0 0 0 0 0 3341 50116 65279 38808 0 0 0 0 0 0 0 0 0 0 0 0 0 0 0 0 0 0 0 0 0 0 0 0 20817 65022 65022 62966 21588 0 0 0 0 0 0 0 0 0 0 0 0 0 0 0 0 0 0 0 0 0 0 0 42406 65022 65022 65022 14135 0 0 0 0 0 0 0 0 0 0 0 0 0 0 0 0 0 0 0 0 0 0 0 42406 65022 65022 65022 8738 0 0 0 0 0 0 0 0 0 0 0 0 0 0 0 0 0 0 0 0 0 0 8481 57826 65022 65022 47032 2827 0 0 0 0 0 0 0 0 0 0 0 0 0 0 0 0 0 0 0 0 0 1028 34439 65022 65022 65022 36495 0 0 0 0 0 0 0 0 0 0 0 0 0 0 0 0 0 0 0 0 0 0 17733 65022 65022 65022 65022 3341 0 0 0 0 0 0 0 0 0 0 0 0 0 0 0 0 0 0 0 0 0 0 32897 65022 65022 65022 51144 2056 0 0 0 0 0 0 0 0 0 0 0 0 0 0 0 0 0 0 0 0 0 0 52943 65022 65022 64508 21588 0 0 0 0 0 0 0 0 0 0 0 0 0 0 0 0 0 0 0 0 0 0 28527 62709 65022 65022 53714 0 0 0 0 0 0 0 0 0 0 0 0 0 0 0 0 0 0 0 0 0 0 5397 59625 65022 65022 63737 22873 0 0 0 0 0 0 0 0 0 0 0 0 0 0 0 0 0 0 0 0 0 0 51401 65022 65022 65022 54228 0 0 0 0 0 0 0 0 0 0 0 0 0 0 0 0 0 0 0 0 0 0 19275 64508 65022 65022 64765 22102 0 0 0 0 0 0 0 0 0 0 0 0 0 0 0 0 0 0 0 0 0 0 33411 65022 65022 65022 52686 0 0 0 0 0 0 0 0 0 0 0 0 0 0 0 0 0 0 0 0 0 0 3598 63480 65022 65022 57826 12079 0 0 0 0 0 0 0 0 0 0 0 0 0 0 0 0 0 0 0 0 0 3084 42663 65022 65022 65022 47289 0 0 0 0 0 0 0 0 0 0 0 0 0 0 0 0 0 0 0 0 0 0 17733 65022 65022 65022 65022 38551 0 0 0 0 0 0 0 0 0 0 0 0 0 0 0 0 0 0 0 0 0 0 44205 65022 65022 65022 42920 3598 0 0 0 0 0 0 0 0 0 0 0 0 0 0 0 0 0 0 0 0 0 0 44205 65022 65022 62709 6425 0 0 0 0 0 0 0 0 0 0 0 0 0 0 0 0 0 0 0 0 0 0 0 44205 65022 65022 17733 0 0 0 0 0 0 0 0 0 0 0 0 0 0 0 0 0 0 0 0 0 0 0 0 0 0 0 0 0 0 0 0 0 0 0 0 0 0 0 0 0 0 0 0 0 0 0 0 0 0 0 0 0 0 0 0 0 0 0 0 0 0 0 0 0 0 0 0 0 0 0 0 0 0 0 0 0 0 0 0 0 0 0 0 0 0 0 0 0 0 0 0 0 0 0 0 0 0 0 0 0 0 0 0 0 0 0 0 0 0 0 0 0 0 0 0 0 0 0 0 0 0 0 0 0 0 0 0 
0 0 0 0 0 0 0 0 0 0 0 0 0 0 0 0 0 0 0 0 0 0 0 0 0 0 0 0 0 0 0 0 0 0 0 0 0 0 0 0 0 0 0 0 0 0 0 0 0 0 0 0 0 0 0 0 0 0 0 0 0 0 0 0 0 0 0 0 0 0 0 0 0 0 0 0 0 0 0 0 0 0 0 0 0 0 0 0 0 0 0 0 0 0 0 0 0 0 0 0 0 0 0 0 0 0 0 0 0 0 0 0 0 0 0 0 0 0 0 0 0 0 0 0 0 0 0 0 0 0 0 0 0 0 0 0 0 0 0 0 0 0 0 0 0 0 0 0 0 0 0 0 0 0 0 0 0 0 0 0 0 0 0 0 0 0 0 0 0 0 0 0 0 0 0 0 0 0 0 0 0 0 0 0 0 0 0 0 0 0 0 0 0 0 0 0 0 0 0 0 0 0 0 0 0 8995 38808 38808 56541 54228 38808 28527 257 0 0 0 0 0 0 0 0 0 0 0 0 0 0 0 0 0 0 0 26728 58340 65279 65279 65279 65279 65279 65279 46775 5911 0 0 0 0 0 0 0 0 0 0 0 0 0 0 0 0 0 24158 64765 65279 65536 57055 56027 56284 65279 65279 65279 19789 0 3084 22616 36238 5140 0 0 0 0 0 0 0 0 0 0 0 0 56027 65279 60396 17219 2056 0 514 27242 65279 65279 50116 4112 34953 65279 65279 17990 0 0 0 0 0 0 0 0 0 0 0 0 62966 65279 59368 2056 0 0 0 6682 58597 65279 24929 47032 65279 64765 51658 17733 0 0 0 0 0 0 0 0 0 0 0 0 55256 65279 65279 32897 2313 0 0 0 44462 65279 65279 65279 65279 60139 0 0 0 0 0 0 0 0 0 0 0 0 0 0 33925 64251 65279 65279 33154 3084 0 1028 17733 65022 65279 65279 64251 34439 0 0 0 0 0 0 0 0 0 0 0 0 0 0 0 30840 65279 65279 65279 59882 42920 47546 65279 65279 65279 65279 38551 0 0 0 0 0 0 0 0 0 0 0 0 0 0 0 0 12336 39836 65022 65279 65279 65279 65022 65022 65279 65279 58597 3084 0 0 0 0 0 0 0 0 0 0 0 0 0 0 0 0 0 0 17733 25443 25443 25443 20303 52172 65279 65279 40864 0 0 0 0 0 0 0 0 0 0 0 0 0 0 0 0 0 0 0 0 0 0 0 10794 62709 65279 65279 20303 0 0 0 0 0 0 0 0 0 0 0 0 0 0 0 0 0 0 0 0 0 0 0 13621 65279 65279 52429 1799 0 0 0 0 0 0 0 0 0 0 0 0 0 0 0 0 0 0 0 0 0 0 0 33668 65279 65279 33154 0 0 0 0 0 0 0 0 0 0 0 0 0 0 0 0 0 0 0 0 0 0 0 15677 63994 65279 65279 15934 0 0 0 0 0 0 0 0 0 0 0 0 0 0 0 0 0 0 0 0 0 0 0 28270 65279 65279 62195 11051 0 0 0 0 0 0 0 0 0 0 0 0 0 0 0 0 0 0 0 0 0 0 0 52172 65279 65279 39322 0 0 0 0 0 0 0 0 0 0 0 0 0 0 0 0 0 0 0 0 0 0 0 0 54999 65279 65279 1285 0 0 0 0 0 0 0 0 0 0 0 0 0 0 0 0 0 0 0 0 0 0 0 26214 63994 65279 64251 1285 0 0 0 0 0 0 0 0 0 0 0 0 0 0 0 0 0 0 0 0 0 0 0 42920 65279 65279 33925 0 0 0 0 0 0 0 0 0 0 0 0 0 0 0 0 0 0 0 0 0 0 0 0 25443 49602 38551 7967 0 0 0 0 0 0 0 0 0 0 0 0 0 0 0 0 0 0 0 0 0 0 0 0 0 0 0 0 0 0 0 0 0 0 0 0 0 0 0 0 
0 0 0 0 0 0 0 0 0 0 0 0 0 0 0 0 0 0 0 0 0 0 0 0 0 0 0 0 0 0 0 0 0 0 0 0 0 0 0 0 0 0 0 0 0 0 0 0 0 0 0 0 0 0 0 0 0 0 0 0 0 0 0 0 0 0 0 0 0 0 0 0 0 0 0 0 0 0 0 0 0 0 0 0 0 0 0 0 0 0 0 0 0 0 0 0 0 0 0 0 0 0 0 0 0 0 0 0 0 0 0 0 0 0 0 0 0 0 0 0 0 0 0 0 0 0 0 0 0 0 0 0 0 0 0 0 0 0 0 0 0 0 0 0 0 0 0 0 0 0 0 0 0 0 33154 65279 65279 65279 65279 61167 52686 65279 44719 0 0 0 0 0 0 0 0 0 0 0 0 0 0 0 0 25957 57826 63737 64765 65022 65022 65022 65022 65022 65022 65022 29041 0 0 0 0 0 0 0 0 0 0 0 0 0 0 0 0 55256 65022 65022 65022 58340 12593 3084 7453 53200 65022 62966 15934 0 0 0 0 0 0 0 0 0 0 0 0 0 0 0 9766 59368 65022 57569 12336 3855 0 0 24158 65022 65022 60139 0 0 0 0 0 0 0 0 0 0 0 0 0 0 0 0 53714 65022 57312 11565 0 0 5397 48574 62966 65022 62452 19789 0 0 0 0 0 0 0 0 0 0 0 0 0 0 0 0 39579 65022 52172 4883 0 5654 32125 65022 65022 65022 46261 0 0 0 0 0 0 0 0 0 0 0 0 0 0 0 0 0 39579 65022 65022 41635 5654 32125 65022 65022 61681 38808 3855 0 0 0 0 0 0 0 0 0 0 0 0 0 0 0 0 0 22359 61938 65022 61938 56541 65022 65022 65022 27499 0 0 0 0 0 0 0 0 0 0 0 0 0 0 0 0 0 0 0 0 11308 46518 65022 65022 65022 65022 46261 4369 0 0 0 0 0 0 0 0 0 0 0 0 0 0 0 0 0 0 0 0 14392 49088 65022 65022 65022 29041 4626 0 0 0 0 0 0 0 0 0 0 0 0 0 0 0 0 0 0 0 0 5654 57569 65022 65022 65022 65022 46261 4626 0 0 0 0 0 0 0 0 0 0 0 0 0 0 0 0 0 0 0 0 30583 65022 65022 61167 61938 65022 65022 20046 0 0 0 0 0 0 0 0 0 0 0 0 0 0 0 0 0 0 0 40864 62709 65022 44976 14392 44205 65022 65022 20046 0 0 0 0 0 0 0 0 0 0 0 0 0 0 0 0 0 0 23387 62966 65022 65022 11565 0 5654 48831 65022 42149 0 0 0 0 0 0 0 0 0 0 0 0 0 0 0 0 0 3855 60910 65022 61938 28270 4112 0 2313 38808 63223 29298 0 0 0 0 0 0 0 0 0 0 0 0 0 0 0 0 0 25700 64508 65022 24415 0 0 0 20303 65022 52943 2056 0 0 0 0 0 0 0 0 0 0 0 0 0 0 0 0 0 16962 63223 65022 21845 0 1799 14649 59111 65022 57055 8224 0 0 0 0 0 0 0 0 0 0 0 0 0 0 0 0 0 47546 65022 65022 40350 36752 45490 65022 65022 54742 22616 0 0 0 0 0 0 0 0 0 0 0 0 0 0 0 0 0 0 43177 65022 65022 65022 65022 65022 64508 54742 7710 0 0 0 0 0 0 0 0 0 0 0 0 0 0 0 0 0 0 0 0 29555 61681 65022 65022 37266 22873 0 0 0 0 0 0 0 0 0 0 0 0 0 0 0 0 0 0 0 0 0 0 0 0 0 0 0 0 0 0 0 0 0 0 0 0 0 0 0 0 0 0 0 0 0 0 0 0 0 0 0 0 0 0 0 0 0 0 0 0 0 0 0 0 0 0 0 0 0 0 0 0 0 0 0 0 0 0 0 0 0 0 0 0 0 0 0 0 0 0 0 0 0 0 0 0 0 0 
0 0 0 0 0 0 0 0 0 0 0 0 0 0 0 0 0 0 0 0 0 0 0 0 0 0 0 0 0 0 0 0 0 0 0 0 0 0 0 0 0 0 0 0 0 0 0 0 0 0 0 0 0 0 0 0 0 0 0 0 0 0 0 0 0 0 0 0 0 0 0 0 0 0 0 0 0 0 0 0 0 0 0 0 0 0 0 0 0 0 0 0 0 0 0 0 0 0 0 0 0 0 0 0 0 0 0 0 0 0 0 0 0 0 0 0 0 0 0 0 0 0 0 0 0 0 0 0 0 0 0 0 0 0 0 0 0 0 0 0 0 0 0 0 0 0 0 0 0 0 0 0 0 0 0 0 0 0 0 0 0 0 0 0 0 0 0 0 0 0 0 0 0 0 0 0 52172 65279 44205 23644 13107 5397 0 0 0 0 0 0 0 0 0 0 0 0 0 0 0 0 0 0 0 0 0 0 52172 65022 64765 65022 64765 57312 31354 0 0 0 0 0 0 0 0 0 0 0 0 0 0 0 0 0 0 0 0 0 41892 60139 65022 65279 65022 65279 65022 54999 7967 0 0 0 0 0 0 0 0 0 0 0 0 0 0 0 0 0 0 0 0 7710 12850 38808 59625 65022 64765 65022 49345 0 0 0 0 0 0 0 0 0 0 0 0 0 0 0 0 0 0 0 0 0 0 0 0 5397 36495 65279 65022 0 0 0 0 0 0 0 0 0 0 0 0 0 0 0 0 0 0 0 0 0 0 0 0 0 0 44205 64765 21074 0 0 0 0 0 0 0 0 0 0 0 0 0 0 0 0 0 0 0 0 0 0 0 0 0 54999 65022 21074 0 0 0 0 0 0 0 0 0 0 0 0 0 0 0 0 0 0 0 0 0 0 0 0 0 65022 64765 10537 0 0 0 0 0 0 0 0 0 0 0 0 0 0 0 0 0 0 0 0 0 0 0 0 15934 65279 65022 10537 0 0 0 0 0 0 0 0 0 0 0 0 0 0 0 0 0 0 0 0 0 0 0 0 26214 65022 64765 21074 0 0 0 0 0 0 0 0 0 0 0 0 0 0 0 0 0 0 0 0 0 0 0 0 26214 65279 65022 0 0 0 0 0 0 0 0 0 0 0 0 0 0 0 0 0 0 0 0 0 0 0 0 0 26214 65022 64765 0 0 0 0 0 0 0 0 0 0 0 0 0 0 0 0 0 0 0 0 0 0 0 0 0 26214 65279 65022 0 0 0 0 0 0 0 0 0 0 0 0 0 0 0 0 0 0 0 0 0 0 0 0 0 26214 65022 64765 0 0 0 0 0 0 0 0 0 0 0 0 0 0 0 0 0 0 0 0 0 0 0 0 0 26214 65279 65022 0 0 0 0 0 0 0 0 0 0 0 0 0 0 0 0 0 0 0 0 0 0 0 0 0 26214 65022 64765 0 0 0 0 0 0 0 0 0 0 0 0 0 0 0 0 0 0 0 0 0 0 0 0 0 26471 65536 65022 0 0 0 0 0 0 0 0 0 0 0 0 0 0 0 0 0 0 0 0 0 0 0 0 0 15677 65022 64765 0 0 0 0 0 0 0 0 0 0 0 0 0 0 0 0 0 0 0 0 0 0 0 0 0 0 65536 65022 5397 0 0 0 0 0 0 0 0 0 0 0 0 0 0 0 0 0 0 0 0 0 0 0 0 0 33668 64765 15677 0 0 0 0 0 0 0 0 0 0 0 0 0 0 0 0 0 0 0 0 0 0 0 0 0 0 0 0 0 0 0 0 0 0 0 0 0 0 0 0 0 0 0 0 0 0 0 0 0 0 0 0 0 0 0 0 0 0 0 0 0 0 0 0 0 0 
0 0 0 0 0 0 0 0 0 0 0 0 0 0 0 0 0 0 0 0 0 0 0 0 0 0 0 0 0 0 0 0 0 0 0 0 0 0 0 0 0 0 0 0 0 0 0 0 0 0 0 0 0 0 0 0 0 0 0 0 0 0 0 0 0 0 0 0 0 0 0 0 0 0 0 0 0 0 0 0 0 0 0 0 0 0 0 0 0 0 0 0 0 0 0 0 0 0 0 0 0 0 0 0 0 0 0 0 0 0 0 0 0 0 0 0 0 0 0 0 0 0 0 0 0 0 0 0 0 0 0 0 0 0 0 0 0 0 0 0 0 0 0 0 0 0 0 0 0 0 0 0 0 0 0 0 0 0 0 0 0 0 0 0 0 0 0 0 0 0 0 0 0 0 0 0 0 0 0 0 0 0 16191 29298 49088 29041 29041 12850 0 0 0 0 0 0 0 0 0 0 0 0 0 0 0 0 0 0 0 7453 21845 45747 61681 65022 64765 64765 64765 60910 12336 0 0 0 0 0 0 0 0 0 0 0 0 0 0 0 0 0 30840 55256 64765 64765 56541 50373 50116 50116 51915 64765 58854 5397 0 0 0 0 0 0 0 0 0 0 0 0 0 0 0 24415 65022 64765 62966 53457 9509 0 0 0 2570 45490 61681 6168 0 0 0 0 0 0 0 0 0 0 0 0 0 0 4112 52172 65022 64765 30326 0 0 0 0 8224 35981 32125 16191 0 0 0 0 0 0 0 0 0 0 0 0 0 0 0 43691 65022 65536 27242 0 0 0 0 37780 65022 65022 28784 0 0 0 0 0 0 0 0 0 0 0 0 0 0 0 0 43434 64765 65022 46518 21845 21845 41892 58083 63994 64765 64765 28784 0 0 0 0 0 0 0 0 0 0 0 0 0 0 0 0 15163 64765 65022 64765 64765 64765 64765 65022 64765 64765 64765 28784 0 0 0 0 0 0 0 0 0 0 0 0 0 0 0 0 2570 41378 65022 64765 64765 63994 57312 57826 63994 64765 63994 25443 0 0 0 0 0 0 0 0 0 0 0 0 0 0 0 0 0 0 28784 28784 28784 25443 0 0 57826 64765 57312 0 0 0 0 0 0 0 0 0 0 0 0 0 0 0 0 0 0 0 0 0 0 0 0 45233 65022 65022 21588 0 0 0 0 0 0 0 0 0 0 0 0 0 0 0 0 0 0 0 0 0 0 0 12336 65022 64765 51658 2313 0 0 0 0 0 0 0 0 0 0 0 0 0 0 0 0 0 0 0 0 0 0 1799 42406 65022 64765 50116 0 0 0 0 0 0 0 0 0 0 0 0 0 0 0 0 0 0 0 0 0 0 1799 33668 64765 65022 62195 24672 0 0 0 0 0 0 0 0 0 0 0 0 0 0 0 0 0 0 0 0 0 0 14649 64765 64765 65022 22873 0 0 0 0 0 0 0 0 0 0 0 0 0 0 0 0 0 0 0 0 0 0 9766 57055 65022 65022 52429 3855 0 0 0 0 0 0 0 0 0 0 0 0 0 0 0 0 0 0 0 0 0 0 53971 64765 64765 64765 24158 0 0 0 0 0 0 0 0 0 0 0 0 0 0 0 0 0 0 0 0 0 0 6682 59368 64765 64765 36238 0 0 0 0 0 0 0 0 0 0 0 0 0 0 0 0 0 0 0 0 0 0 0 25957 63994 62966 53457 9509 0 0 0 0 0 0 0 0 0 0 0 0 0 0 0 0 0 0 0 0 0 0 0 0 45747 22359 0 0 0 0 0 0 0 0 0 0 0 0 0 0 0 0 0 0 0 0 0 0 0 0 0 0 0 0 0 0 0 0 0 0 0 0 0 0 0 0 0 0 0 0 0 0 0 0 0 0 0 0 0 0 0 0 0 0 0 0 0 0 0 0 0 0 0 0 0 0 0 
0 0 0 0 0 0 0 0 0 0 0 0 0 0 0 0 0 0 0 0 0 0 0 0 0 0 0 0 0 0 0 0 0 0 0 0 0 0 0 0 0 0 0 0 0 0 0 0 0 0 0 0 0 0 0 0 0 0 0 0 0 0 0 0 0 0 0 0 0 0 0 0 0 0 0 0 0 0 0 0 0 0 0 0 0 0 0 0 0 0 0 0 0 0 0 0 0 0 0 0 0 0 0 0 0 0 0 0 0 0 0 0 0 0 0 0 0 0 0 0 0 0 0 0 0 18761 41635 0 1028 10023 6168 0 0 0 0 0 0 0 0 0 0 0 0 0 0 0 0 0 0 0 0 0 0 32382 55513 19789 18761 65279 58597 10280 0 0 0 0 0 0 0 0 0 0 0 0 0 0 0 0 0 0 0 0 0 32382 65279 65279 16705 33154 65022 54999 0 0 0 0 0 0 0 0 0 0 0 0 0 0 0 0 0 0 0 0 0 32382 65279 46261 1799 0 48317 59625 3598 0 0 0 0 0 0 0 0 0 0 0 0 0 0 0 0 0 0 0 7196 54742 54999 3598 0 0 25443 65279 20817 0 0 0 0 0 0 0 0 0 0 0 0 0 0 0 0 0 0 0 35467 65279 25443 0 0 0 13364 64251 46518 514 0 0 0 0 0 0 0 0 0 0 0 0 0 0 0 0 0 7967 59625 43948 0 0 0 0 0 57569 65279 11051 0 0 0 0 0 0 0 0 0 0 0 0 0 0 0 0 0 22359 65279 33154 0 0 0 0 0 34953 65279 11051 0 0 0 0 0 0 0 0 0 0 0 0 0 0 0 0 1542 52686 63994 7453 0 0 0 0 0 9509 65279 11051 0 0 0 0 0 0 0 0 0 0 0 0 0 0 0 0 8995 65279 25186 0 0 0 0 0 0 7196 65279 11051 0 0 0 0 0 0 0 0 0 0 0 0 0 0 0 0 40864 60910 9766 0 0 0 0 0 0 29298 65279 11051 0 0 0 0 0 0 0 0 0 0 0 0 0 0 0 19789 65022 38551 0 0 0 0 0 0 13107 62452 56798 5397 0 0 0 0 0 0 0 0 0 0 0 0 0 0 0 39322 63480 8481 0 0 0 0 0 0 31868 63737 25443 0 0 0 0 0 0 0 0 0 0 0 0 0 0 0 9252 62195 62709 0 0 0 0 0 0 35210 62966 47546 0 0 0 0 0 0 0 0 0 0 0 0 0 0 0 0 34953 65279 38551 0 0 0 0 0 3084 54999 54742 14649 0 0 0 0 0 0 0 0 0 0 0 0 0 0 0 0 11308 65279 43434 0 0 0 0 0 32125 65536 40864 1028 0 0 0 0 0 0 0 0 0 0 0 0 0 0 0 0 11308 65279 22873 0 0 0 5911 48574 62452 32382 2056 0 0 0 0 0 0 0 0 0 0 0 0 0 0 0 0 0 11308 65279 38294 1799 30069 50116 64508 62452 16448 0 0 0 0 0 0 0 0 0 0 0 0 0 0 0 0 0 0 0 8224 52943 64508 49859 65279 65279 53714 18247 0 0 0 0 0 0 0 0 0 0 0 0 0 0 0 0 0 0 0 0 0 3084 47803 60139 37523 11822 3598 0 0 0 0 0 0 0 0 0 0 0 0 0 0 0 0 0 0 0 0 0 0 0 0 0 0 0 0 0 0 0 0 0 0 0 0 0 0 0 0 0 0 0 0 0 0 0 0 0 0 0 0 0 0 0 0 0 0 0 0 0 0 0 0 0 0 0 0 0 0 0 0 0 0 0 0 0 0 0 0 0 0 0 0 0 0 0 0 0 0 0 0 0 0 0 0 0 0 0 0 0 0 0 0 0 0 0 0 0 0 0 0 0 0 0 0 0 0 0 0 0 0 0 0 0 
0 0 0 0 0 0 0 0 0 0 0 0 0 0 0 0 0 0 0 0 0 0 0 0 0 0 0 0 0 0 0 0 0 0 0 0 0 0 0 0 0 0 0 0 0 0 0 0 0 0 0 0 0 0 0 0 0 0 0 0 0 0 0 0 0 0 0 0 0 0 0 0 0 0 0 0 0 0 0 0 0 0 0 0 0 0 0 0 0 0 0 0 0 0 0 0 0 0 0 0 0 0 0 0 0 0 0 0 0 0 0 0 0 0 0 0 0 0 0 0 0 0 0 0 0 0 0 0 0 0 0 0 0 0 0 0 0 0 0 0 0 0 0 0 0 0 0 0 2056 30840 62709 65022 65022 65022 65279 65022 53971 21331 0 0 0 0 0 0 0 0 0 0 0 0 0 0 0 0 0 0 14392 64765 64765 54485 47803 47803 57569 64765 64765 60653 5911 0 0 0 0 0 0 0 0 0 0 0 0 0 0 0 0 0 14392 64765 51401 4369 0 0 6425 18504 60396 64765 51401 5654 0 0 0 0 0 0 0 0 0 0 0 0 0 0 0 0 29298 64765 33668 0 0 0 0 0 24672 64508 64765 14135 0 0 0 0 0 0 0 0 0 0 0 0 0 0 0 0 14906 22616 25957 42406 42406 30326 0 0 0 62195 64765 32639 0 0 0 0 0 0 0 0 0 0 0 0 0 0 0 0 0 27756 63737 64765 48060 30069 0 0 8995 63223 64765 20046 0 0 0 0 0 0 0 0 0 0 0 0 0 0 0 0 0 50887 64765 54999 2313 0 0 0 25700 64765 64765 14135 0 0 0 0 0 0 0 0 0 0 0 0 0 0 0 0 0 29812 63994 64765 33925 0 0 3084 44719 64765 62452 11565 0 0 0 0 0 0 0 0 0 0 0 0 0 0 0 0 0 0 50887 64765 59625 14906 2827 43948 64765 63223 22873 0 0 0 0 0 0 0 0 0 0 0 0 0 0 0 0 0 0 0 4112 42663 64765 61167 57826 64765 53714 21074 0 0 0 0 0 0 0 0 0 0 0 0 0 0 0 0 0 0 0 0 0 5140 51915 65022 65536 55513 17476 0 0 0 0 0 0 0 0 0 0 0 0 0 0 0 0 0 0 0 0 0 8224 34182 51144 64765 65022 52172 3084 0 0 0 0 0 0 0 0 0 0 0 0 0 0 0 0 0 0 0 0 0 54742 64765 57055 39322 65022 64765 44462 1028 0 0 0 0 0 0 0 0 0 0 0 0 0 0 0 0 0 0 1285 37780 64251 41892 9252 0 22616 63223 64765 27499 0 0 0 0 0 0 0 0 0 0 0 0 0 0 0 0 0 0 20560 64765 43434 0 0 0 0 15677 34696 17219 21074 0 0 0 0 0 0 0 0 0 0 0 0 0 0 0 0 0 32897 64765 43434 0 0 0 0 0 0 62195 61681 21074 0 0 0 0 0 0 0 0 0 0 0 0 0 0 0 0 13621 64251 64508 37266 2056 0 0 0 0 49859 64765 42149 0 0 0 0 0 0 0 0 0 0 0 0 0 0 0 0 0 41892 63994 64765 57055 39579 23901 31354 39579 63737 64765 42149 0 0 0 0 0 0 0 0 0 0 0 0 0 0 0 0 0 0 29041 57055 64765 64765 65022 64765 64765 64765 60396 16962 0 0 0 0 0 0 0 0 0 0 0 0 0 0 0 0 0 0 0 5140 16962 36495 49088 36495 36495 33925 6682 0 0 0 0 0 0 0 0 0 0 0 0 0 0 0 0 0 0 0 0 0 0 0 0 0 0 0 0 0 0 0 0 0 0 0 0 0 0 0 0 0 0 0 0 0 0 0 0 0 0 0 0 0 0 0 0 0 0 0 0 0 0 0 0 0 0 0 0 0 0 0 0 0 0 0 0 0 0 0 0 0 0 0 0 0 0 0 0 0 0 0 0 0 
0 0 0 0 0 0 0 0 0 0 0 0 0 0 0 0 0 0 0 0 0 0 0 0 0 0 0 0 0 0 0 0 0 0 0 0 0 0 0 0 0 0 0 0 0 0 0 0 0 0 0 0 0 0 0 0 0 0 0 0 0 0 0 0 0 0 0 0 0 0 0 0 0 0 0 0 0 0 0 0 0 0 0 0 0 0 0 0 0 0 0 0 0 0 0 0 0 0 0 0 0 0 0 0 0 0 0 0 0 0 0 0 0 0 0 0 0 0 0 0 0 0 0 0 0 15677 38037 38037 38037 38037 33668 11051 11051 8224 0 0 0 0 0 0 0 0 0 0 0 0 0 0 0 0 0 0 40864 65022 64765 64765 64765 64765 65022 64765 64765 53971 3598 0 0 0 0 0 0 0 0 0 0 0 0 0 0 0 0 0 38294 59625 63480 64765 56798 32382 37009 48060 59882 64765 37780 0 0 0 0 0 0 0 0 0 0 0 0 0 0 0 0 0 0 0 25443 56798 41635 0 0 0 23644 64765 46775 0 0 0 0 0 0 0 0 0 0 0 0 0 0 0 0 0 0 0 0 5397 3598 0 0 0 55256 64765 37780 0 0 0 0 0 0 0 0 0 0 0 0 0 0 0 0 0 0 0 0 0 0 0 6425 38037 62966 62452 31868 0 0 0 0 0 0 0 0 0 0 0 0 0 0 0 0 0 0 0 0 0 0 9252 51658 64765 62966 21074 0 0 0 0 0 0 0 0 0 0 0 0 0 0 0 0 0 0 0 0 0 514 23644 46004 65022 62966 31868 0 0 0 0 0 0 0 0 0 0 0 0 0 0 0 0 0 0 0 0 16448 16448 42920 64765 64765 55513 21074 0 0 0 0 0 0 0 0 0 0 0 0 0 0 0 0 0 20560 29555 54228 54228 65022 64765 64765 64765 31097 4626 0 0 0 0 0 0 0 0 0 0 0 0 0 0 0 0 0 4626 55770 65022 65022 65022 65536 65022 62966 17219 0 0 0 0 0 0 0 0 0 0 0 0 0 0 0 0 0 0 0 0 32639 43177 43177 61424 65022 64765 64765 42663 3598 0 0 0 0 0 0 0 0 0 0 0 0 0 0 0 0 0 0 0 0 0 0 4369 9766 41378 62195 64765 49088 4626 0 0 0 0 0 0 0 0 0 0 0 0 0 0 0 0 0 0 0 0 0 0 0 0 25957 64765 64765 54228 0 0 0 0 0 0 0 0 0 0 0 0 0 0 0 0 0 0 0 0 0 0 0 0 1028 35467 64765 58854 6939 0 0 0 0 0 0 0 0 0 0 0 22359 38037 7710 0 0 0 0 0 0 0 0 0 1028 47032 65022 54485 0 0 0 0 0 0 0 0 0 0 0 0 47032 64765 56798 41892 12850 0 0 0 0 0 3855 21845 36495 64765 64765 35981 0 0 0 0 0 0 0 0 0 0 0 0 25700 61167 64765 64765 62709 59882 39322 32639 32639 32639 49345 64765 64765 54485 21074 0 0 0 0 0 0 0 0 0 0 0 0 0 0 7196 23901 52686 64765 65022 64765 64765 64765 64765 65022 64765 49859 16191 0 0 0 0 0 0 0 0 0 0 0 0 0 0 0 0 0 2827 10794 15420 26471 37780 37780 37780 33154 10794 1028 0 0 0 0 0 0 0 0 0 0 0 0 0 0 0 0 0 0 0 0 0 0 0 0 0 0 0 0 0 0 0 0 0 0 0 0 0 0 0 0 0 0 0 0 0 0 0 0 0 0 0 0 0 0 0 0 0 0 0 0 0 0 0 0 0 0 0 0 0 0 0 0 0 0 0 0 0 0 0 0 0 0 0 0 0 0 0 0 0 0 0 0 0 0 0 0 0 0 0 0 0 0 0 0 0 0 0 0 0 0 0 0 0 0 0 0 0 0 0 0 0 0 0 0 
0 0 0 0 0 0 0 0 0 0 0 0 0 0 0 0 0 0 0 0 0 0 0 0 0 0 0 0 0 0 0 0 0 0 0 0 0 0 0 0 0 0 0 0 0 0 0 0 0 0 0 0 0 0 0 0 0 0 0 0 0 0 0 0 0 0 0 0 0 0 0 0 0 0 0 0 0 0 0 0 0 0 0 0 0 0 0 0 0 0 0 0 0 0 0 0 0 0 0 0 0 0 0 0 0 0 0 0 0 0 0 0 0 0 0 0 0 0 0 0 0 0 0 0 0 0 0 0 0 0 0 0 0 0 0 0 0 0 0 0 0 0 0 0 0 0 0 0 0 0 0 0 0 0 0 0 0 0 0 0 0 0 0 0 0 0 0 0 0 0 0 0 0 0 0 0 0 0 0 0 0 0 0 0 0 0 0 0 0 0 0 0 0 0 0 0 0 0 0 0 0 0 0 0 0 0 12079 40093 61681 65279 65536 61681 40093 12079 0 0 0 0 0 0 0 0 0 0 0 0 0 0 0 0 0 0 1799 22359 62966 65022 65022 57826 65279 65022 65022 62709 29298 0 0 0 0 0 0 0 0 0 0 0 0 0 0 0 0 0 13107 65022 65022 48317 17990 3855 14392 14392 42920 65022 62195 19275 0 0 0 0 0 0 0 0 0 0 0 0 0 0 0 0 43434 63480 37523 771 0 0 0 0 1028 34439 65022 52172 0 0 0 0 0 0 0 0 0 0 0 0 0 0 0 0 60396 60139 0 0 0 0 0 0 0 19532 65022 60139 0 0 0 0 0 0 0 0 0 0 0 0 0 0 0 7196 61938 60139 0 0 0 0 3084 2570 14649 56541 65022 60139 0 0 0 0 0 0 0 0 0 0 0 0 0 0 0 0 60396 61681 6425 0 0 0 49088 54999 60653 65022 65022 34953 0 0 0 0 0 0 0 0 0 0 0 0 0 0 0 0 37009 65022 38294 514 0 0 45490 65022 65022 65022 47803 514 0 0 0 0 0 0 0 0 0 0 0 0 0 0 0 0 14392 63480 65022 41378 10794 2056 7196 41635 65022 65022 17219 0 0 0 0 0 0 0 0 0 0 0 0 0 0 0 0 0 0 26471 65022 65022 65022 52429 58854 65022 65022 65022 4626 0 0 0 0 0 0 0 0 0 0 0 0 0 0 0 0 0 0 0 8224 51144 65279 65279 65536 65279 65279 52943 1799 0 0 0 0 0 0 0 0 0 0 0 0 0 0 0 0 0 0 0 0 1799 7196 7196 7196 37009 65022 45490 0 0 0 0 0 0 0 0 0 0 0 0 0 0 0 0 0 0 0 0 0 0 0 0 0 33668 65022 45490 0 0 0 0 0 0 0 0 0 0 0 0 0 0 0 0 0 0 0 0 0 0 0 0 0 33668 65022 45490 0 0 0 0 0 0 0 0 0 0 0 0 0 0 0 0 0 0 0 0 0 0 0 0 0 33668 65022 45490 0 0 0 0 0 0 0 0 0 0 0 0 0 0 0 0 0 0 0 0 0 0 0 0 0 33668 65022 45490 0 0 0 0 0 0 0 0 0 0 0 0 0 0 0 0 0 0 0 0 0 0 0 0 0 33668 65022 52172 1542 0 0 0 0 0 0 0 0 0 0 0 0 0 0 0 0 0 0 0 0 0 0 0 0 33668 65022 65022 4626 0 0 0 0 0 0 0 0 0 0 0 0 0 0 0 0 0 0 0 0 0 0 0 0 31354 65022 65022 25443 0 0 0 0 0 0 0 0 0 0 0 0 0 0 0 0 0 0 0 0 0 0 0 0 2570 45233 57826 9252 0 0 0 0 0 0 0 0 0 0 0 0 0 0 0 0 0 0 0 0 0 0 0 0 0 0 0 0 0 0 0 0 0 0 0 0 0 
0 0 0 0 0 0 0 0 0 0 0 0 0 0 0 0 0 0 0 0 0 0 0 0 0 0 0 0 0 0 0 0 0 0 0 0 0 0 0 0 0 0 0 0 0 0 0 0 0 0 0 0 0 0 0 0 0 0 0 0 0 0 0 0 0 0 0 0 0 0 0 0 0 0 0 0 0 0 0 0 0 0 0 0 0 0 0 0 0 0 0 0 0 0 0 0 0 0 0 0 0 0 0 0 0 0 0 0 0 0 0 0 0 0 0 0 0 0 0 0 0 0 0 0 0 0 0 0 0 0 0 0 0 0 0 0 0 0 0 0 0 0 0 0 0 0 0 0 0 21331 40093 40093 40093 40093 49859 55770 65279 57312 40093 15163 0 0 0 0 0 0 0 0 0 0 0 0 0 0 0 0 0 36495 50373 63737 59882 59882 59882 34953 58340 65022 65022 37780 0 0 0 0 0 0 0 0 0 0 0 0 0 0 0 0 0 0 0 15420 0 0 0 0 47546 65022 61681 10280 0 0 0 0 0 0 0 0 0 0 0 0 0 0 0 0 0 0 0 0 0 0 0 27756 64251 65022 54742 0 0 0 0 0 0 0 0 0 0 0 0 0 0 0 0 0 0 0 0 0 0 0 0 49859 65022 65022 25957 0 0 0 0 0 0 0 0 0 0 0 0 0 0 0 0 0 0 0 0 0 0 8224 34439 65536 56284 17476 0 0 0 0 0 0 0 0 0 0 0 0 0 0 0 0 0 0 0 0 0 514 12850 58597 65022 63994 22616 0 0 0 0 0 0 0 0 0 0 0 0 0 0 0 0 0 0 0 0 0 0 5140 65022 65022 65022 25186 0 0 0 0 0 0 0 0 0 0 0 0 0 0 0 0 0 0 0 0 0 0 12079 47032 65022 63480 25957 0 0 0 0 0 0 0 0 0 0 0 0 0 0 0 0 0 0 0 0 0 0 9766 59368 65022 65022 25957 0 0 0 0 0 0 0 0 0 0 0 0 0 0 0 0 0 0 0 0 0 0 0 44462 65536 65279 57312 16962 15163 15163 26728 40093 20817 40093 34439 26728 12336 0 0 0 0 0 0 0 0 0 0 0 0 0 0 3855 15677 56027 59882 59882 59882 50373 59882 59882 50887 65022 65279 60653 10794 0 0 0 0 0 0 0 0 0 0 0 0 0 0 0 0 0 0 0 0 0 0 0 25700 65022 65279 27242 0 0 0 0 0 0 0 0 0 0 0 0 0 0 0 0 0 0 0 0 0 0 1028 35210 64508 65022 33668 771 0 0 0 0 0 0 0 0 0 0 0 0 0 0 0 0 0 0 0 0 0 0 33925 65022 60910 30326 0 0 0 0 0 0 0 0 0 0 0 0 0 0 0 0 0 0 0 0 0 0 21331 65536 65279 47032 2056 0 0 0 0 0 0 0 0 0 0 0 0 0 0 0 0 0 0 0 1285 28527 54999 26214 62709 46518 23387 3084 0 0 0 0 0 0 0 0 0 0 0 0 0 0 0 0 0 0 0 15677 32639 65022 65022 61681 25700 7710 0 0 0 0 0 0 0 0 0 0 0 0 0 0 0 0 0 0 0 14906 48574 63737 63223 64251 37523 5911 0 0 0 0 0 0 0 0 0 0 0 0 0 0 0 0 0 0 0 0 0 35467 55256 65022 39836 17476 0 0 0 0 0 0 0 0 0 0 0 0 0 0 0 0 0 0 0 0 0 0 0 0 0 0 0 0 0 0 0 0 0 0 0 0 0 0 0 0 0 0 0 0 0 0 0 0 0 0 0 0 0 0 0 0 0 0 0 0 0 0 0 0 0 0 0 0 0 0 0 0 0 0 0 0 0 0 0 0 0 0 0 0 0 0 0 0 0 0 0 0 0 0 0 0 0 0 0 0 
0 0 0 0 0 0 0 0 0 0 0 0 0 0 0 0 0 0 0 0 0 0 0 0 0 0 0 0 0 0 0 0 0 0 0 0 0 0 0 0 0 0 0 0 0 0 0 0 0 0 0 0 0 0 0 0 0 0 0 0 0 0 0 0 0 0 0 0 0 0 0 0 0 0 0 0 0 0 0 0 0 0 0 0 0 0 0 0 0 0 0 0 0 0 0 0 0 0 0 0 0 0 0 0 0 0 0 0 0 0 0 0 0 0 0 0 0 0 0 0 0 0 0 0 0 0 0 0 0 0 0 0 0 0 0 0 0 0 0 0 0 0 0 0 0 0 0 0 0 0 0 0 0 0 0 0 0 0 0 0 0 0 0 0 0 0 0 0 0 0 0 0 0 0 0 0 0 0 0 1542 17219 49088 65279 65022 41635 5397 0 0 0 0 0 0 0 0 0 0 0 0 0 0 0 0 0 0 0 0 0 11565 64765 64765 65022 64765 64765 52172 5911 0 0 0 0 0 0 0 0 0 0 0 0 0 0 0 0 0 0 0 1285 44719 64765 64765 65022 64765 64765 64765 45747 0 0 0 0 0 0 0 0 0 0 0 0 0 0 0 0 0 0 2056 45233 64765 60653 22359 2570 22616 56541 64765 51915 1285 0 0 0 0 0 0 0 0 0 0 0 0 0 0 0 0 0 22873 64765 57312 5911 0 0 0 31868 64765 64765 14135 0 0 0 0 0 0 0 0 0 0 0 0 0 0 0 0 0 32639 63737 22616 0 0 0 0 43948 64765 64765 14135 0 0 0 0 0 0 0 0 0 0 0 0 0 0 0 0 6939 57569 61938 0 0 0 0 0 51401 64765 64251 13364 0 0 0 0 0 0 0 0 0 0 0 0 0 0 0 0 14392 64765 57055 0 0 0 0 3084 55770 63737 29555 0 0 0 0 0 0 0 0 0 0 0 0 0 0 0 0 0 14392 64765 42406 0 0 0 2827 43948 64765 59111 0 0 0 0 0 0 0 0 0 0 0 0 0 0 0 0 0 0 14392 64765 63223 33154 35467 40607 57826 64765 64765 59111 0 0 0 0 0 0 0 0 0 0 0 0 0 0 0 0 0 0 0 32382 64508 65022 65022 65022 65536 65022 65022 59368 0 0 0 0 0 0 0 0 0 0 0 0 0 0 0 0 0 0 0 0 31611 55256 60396 49859 32125 31611 64765 59111 0 0 0 0 0 0 0 0 0 0 0 0 0 0 0 0 0 0 0 0 0 4883 8224 1542 0 10537 60396 59111 0 0 0 0 0 0 0 0 0 0 0 0 0 0 0 0 0 0 0 0 0 0 0 0 0 1542 54742 44205 0 0 0 0 0 0 0 0 0 0 0 0 0 0 0 0 0 0 0 0 0 0 0 0 0 35467 64765 31097 0 0 0 0 0 0 0 0 0 0 0 0 0 0 0 0 0 0 0 0 0 0 0 0 0 45233 64765 31097 0 0 0 0 0 0 0 0 0 0 0 0 0 0 0 0 0 0 0 0 0 0 0 0 0 45233 64765 31097 0 0 0 0 0 0 0 0 0 0 0 0 0 0 0 0 0 0 0 0 0 0 0 0 0 45233 64765 31097 0 0 0 0 0 0 0 0 0 0 0 0 0 0 0 0 0 0 0 0 0 0 0 0 0 45233 64765 31097 0 0 0 0 0 0 0 0 0 0 0 0 0 0 0 0 0 0 0 0 0 0 0 0 0 25700 59882 31097 0 0 0 0 0 0 0 0 0 0 0 0 0 0 0 0 0 0 0 0 0 0 0 0 0 0 0 0 0 0 0 0 0 0 0 0 0 0 0 0 0 0 0 0 0 0 0 0 0 0 0 0 0 0 0 0 0 0 0 0 0 0 0 0 0 0 
0 0 0 0 0 0 0 0 0 0 0 0 0 0 0 0 0 0 0 0 0 0 0 0 0 0 0 0 0 0 0 0 0 0 0 0 0 0 0 0 0 0 0 0 0 0 0 0 0 0 0 0 0 0 0 0 0 0 0 0 0 0 0 0 0 0 0 0 0 0 0 0 0 0 0 0 0 0 0 0 0 0 0 0 0 0 0 0 0 0 0 0 0 0 0 0 0 0 0 0 0 0 0 0 0 0 0 0 0 0 0 0 0 0 0 0 0 0 0 0 0 0 0 0 0 0 0 0 0 0 0 0 0 0 0 0 0 0 0 0 0 0 0 0 0 0 0 0 0 0 0 0 0 0 0 0 0 0 0 0 0 0 0 0 0 0 0 0 0 0 0 0 0 0 0 0 0 0 0 0 0 0 0 0 0 0 0 0 0 0 0 0 0 0 0 0 0 0 0 0 0 0 26471 57826 39579 39579 43691 65279 65279 65279 65279 65279 65279 62966 31868 1285 0 0 0 0 0 0 0 0 0 0 0 0 0 0 56284 65022 62709 62452 62966 65022 65022 65022 65022 62966 64251 65022 65022 27242 0 0 0 0 0 0 0 0 0 0 0 0 0 0 30069 22873 2313 0 3855 22873 22873 22873 22873 3598 15420 43691 65022 56027 0 0 0 0 0 0 0 0 0 0 0 0 0 0 0 0 0 0 0 0 0 0 0 0 0 32382 65022 56284 0 0 0 0 0 0 0 0 0 0 0 0 0 0 0 0 0 0 0 0 0 0 0 0 0 32125 65022 56027 0 0 0 0 0 0 0 0 0 0 0 0 0 0 0 0 0 0 0 0 0 0 0 0 0 34953 65022 53200 0 0 0 0 0 0 0 0 0 0 0 0 0 0 0 0 0 0 0 0 0 0 0 0 6168 60139 65022 30840 0 0 0 0 0 0 0 0 0 0 0 0 0 0 0 0 0 0 0 0 0 0 0 0 32382 65022 65022 6425 0 0 0 0 0 0 0 0 0 0 0 0 0 0 0 0 0 0 0 0 0 0 0 1542 51658 65279 49345 1285 0 0 0 0 0 0 0 0 0 0 0 0 0 0 0 0 0 0 0 0 0 0 0 19275 65022 63994 25957 0 0 0 0 0 0 0 0 0 0 0 0 0 0 0 0 0 0 0 0 0 0 0 0 50116 65022 38037 0 0 0 0 0 0 0 0 0 0 0 0 0 0 0 0 0 0 0 0 0 0 0 0 3855 57569 65022 27242 0 0 0 0 0 0 0 0 0 0 0 0 0 0 0 0 0 0 0 0 0 0 0 771 48060 65022 55513 4112 0 0 0 0 0 0 0 0 0 0 0 0 0 0 0 0 0 0 0 0 0 0 0 8481 65022 65022 21588 0 0 0 0 0 0 0 0 0 0 0 0 0 0 0 0 0 0 0 0 0 0 0 0 39579 65279 61681 2570 0 0 0 0 0 0 0 0 0 0 0 0 0 0 0 0 0 0 0 0 0 0 0 9252 61424 65022 43177 0 0 0 0 0 0 0 0 0 0 0 0 0 0 0 0 0 0 0 0 0 0 0 0 12850 65022 65279 12079 0 0 0 0 0 0 0 0 0 0 0 0 0 0 0 0 0 0 0 0 0 0 0 0 32125 65022 59625 6682 0 0 0 0 0 0 0 0 0 0 0 0 0 0 0 0 0 0 0 0 0 0 0 0 38294 65022 49602 0 0 0 0 0 0 0 0 0 0 0 0 0 0 0 0 0 0 0 0 0 0 0 0 0 28527 64765 20303 0 0 0 0 0 0 0 0 0 0 0 0 0 0 0 0 0 0 0 0 0 0 0 0 0 0 0 0 0 0 0 0 0 0 0 0 0 0 0 0 0 
0 0 0 0 0 0 0 0 0 0 0 0 0 0 0 0 0 0 0 0 0 0 0 0 0 0 0 0 0 0 0 0 0 0 0 0 0 0 0 0 0 0 0 0 0 0 0 0 0 0 0 0 0 0 0 0 0 0 0 0 0 0 0 0 0 0 0 0 0 0 0 0 0 0 0 0 0 0 0 0 0 0 0 0 0 0 0 0 0 0 0 0 0 0 0 0 0 0 0 0 0 0 0 0 0 0 0 0 0 0 0 0 0 0 0 0 0 0 0 0 0 0 0 0 0 0 0 0 0 0 0 0 0 0 0 0 0 0 0 0 0 0 0 0 0 0 0 0 0 5140 9509 0 0 0 0 0 0 49088 10280 0 0 0 0 0 0 0 0 0 0 0 0 0 0 0 0 0 0 30069 50630 0 0 0 0 0 0 51144 37266 0 0 0 0 0 0 0 0 0 0 0 0 0 0 0 0 0 0 44205 60139 4883 0 0 0 0 0 44719 59111 0 0 0 0 0 0 0 0 0 0 0 0 0 0 0 0 0 4626 61424 65279 15163 0 0 0 0 0 50116 59882 0 0 0 0 0 0 0 0 0 0 0 0 0 0 0 0 0 16962 65279 65279 7710 0 0 0 0 4883 59625 61681 5654 0 0 0 0 0 0 0 0 0 0 0 0 0 0 0 0 16962 65536 52172 771 0 0 0 0 7967 65536 59882 0 0 0 0 0 0 0 0 0 0 0 0 0 0 0 0 0 13107 64251 50887 0 0 0 0 0 7967 65279 47289 0 0 0 0 0 0 0 0 0 0 0 0 0 0 0 0 0 0 60139 50887 0 0 0 0 0 7967 65536 34439 0 0 0 0 0 0 0 0 0 0 0 0 0 0 0 0 0 0 40607 63480 22616 0 0 0 0 7967 65279 57055 14392 0 0 0 0 0 0 0 0 0 0 0 0 0 0 0 0 0 19018 65279 58854 44205 1799 0 0 11822 65279 65279 16705 0 0 0 0 0 0 0 0 0 0 0 0 0 0 0 0 0 2827 43434 64251 65279 48574 43434 21845 32125 65279 60653 2827 0 0 0 0 0 0 0 0 0 0 0 0 0 0 0 0 0 0 0 27499 61167 65536 65279 65536 61424 65536 61681 5654 0 0 0 0 0 0 0 0 0 0 0 0 0 0 0 0 0 0 0 0 11308 39065 57569 46261 65279 65279 39322 0 0 0 0 0 0 0 0 0 0 0 0 0 0 0 0 0 0 0 0 0 0 0 0 29041 65279 64765 13878 0 0 0 0 0 0 0 0 0 0 0 0 0 0 0 0 0 0 0 0 0 0 0 0 11051 65279 41635 0 0 0 0 0 0 0 0 0 0 0 0 0 0 0 0 0 0 0 0 0 0 0 0 0 31354 64765 26728 0 0 0 0 0 0 0 0 0 0 0 0 0 0 0 0 0 0 0 0 0 0 0 0 0 31354 57569 0 0 0 0 0 0 0 0 0 0 0 0 0 0 0 0 0 0 0 0 0 0 0 0 0 0 31354 57569 0 0 0 0 0 0 0 0 0 0 0 0 0 0 0 0 0 0 0 0 0 0 0 0 0 0 31354 49602 0 0 0 0 0 0 0 0 0 0 0 0 0 0 0 0 0 0 0 0 0 0 0 0 0 0 16191 35210 0 0 0 0 0 0 0 0 0 0 0 0 0 0 0 0 0 0 0 0 0 0 0 0 0 0 0 0 0 0 0 0 0 0 0 0 0 0 0 0 0 0 0 0 0 0 0 0 0 0 0 0 0 0 0 0 0 0 0 0 0 0 0 0 0 0 0 0 0 0 0 0 0 0 0 0 0 0 0 0 0 0 0 0 0 0 0 0 0 0 0 0 0 0 0 
0 0 0 0 0 0 0 0 0 0 0 0 0 0 0 0 0 0 0 0 0 0 0 0 0 0 0 0 0 0 0 0 0 0 0 0 0 0 0 0 0 0 0 0 0 0 0 0 0 0 0 0 0 0 0 0 0 0 0 0 0 0 0 0 0 0 0 0 0 0 0 0 0 0 0 0 0 0 0 0 0 0 0 0 0 0 0 0 0 0 0 0 0 0 0 0 0 0 0 0 0 0 0 0 0 0 0 0 0 0 0 0 0 0 0 0 0 0 0 0 0 0 0 0 0 0 0 0 0 0 0 0 0 0 0 0 0 0 0 0 0 0 0 0 0 0 0 0 0 0 0 0 0 0 0 0 0 0 0 0 0 0 0 0 0 0 0 0 0 0 0 0 0 0 0 0 0 0 0 0 0 5654 35724 40864 65022 54228 3341 0 0 0 0 0 0 0 0 0 0 0 0 0 0 0 0 0 0 0 2313 12079 30840 62709 65022 64765 64765 64765 19275 0 0 0 0 0 0 0 0 0 0 0 0 0 0 0 0 0 0 9766 39836 64765 56798 64765 65022 64765 64765 58340 4112 0 0 0 0 0 0 0 0 0 0 0 0 0 0 0 0 0 21845 59882 64765 64765 45233 27756 65022 64765 64765 30583 0 0 0 0 0 0 0 0 0 0 0 0 0 0 0 0 0 34953 64251 65022 59368 13878 1028 27242 65022 64765 21845 1028 0 29812 24415 0 0 0 0 0 0 0 0 0 0 0 0 0 1799 54485 65022 59368 10794 0 0 29812 43177 10794 0 2313 46518 65536 65022 17733 0 0 0 0 0 0 0 0 0 0 0 0 17990 64765 64765 29812 0 0 0 10794 0 0 3341 44719 64765 65022 62709 14392 0 0 0 0 0 0 0 0 0 0 0 0 17990 64765 64765 37523 0 0 0 0 0 3341 44205 64765 64765 65022 31611 0 0 0 0 0 0 0 0 0 0 0 0 0 3341 44462 64765 63994 34182 17476 0 21845 26728 55256 64765 64765 64765 60139 4369 0 0 0 0 0 0 0 0 0 0 0 0 0 0 2313 59625 65022 64765 63223 59111 64251 65022 64765 64765 64765 64765 32382 0 0 0 0 0 0 0 0 0 0 0 0 0 0 0 0 0 32639 59111 59111 63994 65022 62709 65022 65022 65022 62452 0 0 0 0 0 0 0 0 0 0 0 0 0 0 0 0 0 0 0 0 0 19275 23644 16705 64765 64765 60396 15420 0 0 0 0 0 0 0 0 0 0 0 0 0 0 0 0 0 0 0 0 0 0 0 14135 64765 64765 41121 0 0 0 0 0 0 0 0 0 0 0 0 0 0 0 0 0 0 0 0 0 0 0 11051 59882 64765 58340 12850 0 0 0 0 0 0 0 0 0 0 0 0 0 0 0 0 0 0 0 0 0 0 0 43177 65022 64765 33411 0 0 0 0 0 0 0 0 0 0 0 0 0 0 0 0 0 0 0 0 0 0 0 39836 65022 65536 63994 16191 0 0 0 0 0 0 0 0 0 0 0 0 0 0 0 0 0 0 0 0 0 0 8738 55256 64765 63994 30069 0 0 0 0 0 0 0 0 0 0 0 0 0 0 0 0 0 0 0 0 0 0 16962 60139 64765 64765 29555 0 0 0 0 0 0 0 0 0 0 0 0 0 0 0 0 0 0 0 0 0 0 0 41378 64765 64765 40350 0 0 0 0 0 0 0 0 0 0 0 0 0 0 0 0 0 0 0 0 0 0 0 0 41378 64765 53971 5654 0 0 0 0 0 0 0 0 0 0 0 0 0 0 0 0 0 0 0 0 0 0 0 0 0 0 0 0 0 0 0 0 0 0 0 0 0 0 0 0 0 0 0 0 0 0 0 0 0 0 0 0 0 0 0 0 0 0 0 0 0 0 0 0 0 0 0 0 0 0 
0 0 0 0 0 0 0 0 0 0 0 0 0 0 0 0 0 0 0 0 0 0 0 0 0 0 0 0 0 0 0 0 0 0 0 0 0 0 0 0 0 0 0 0 0 0 0 0 0 0 0 0 0 0 0 0 0 0 0 0 0 0 0 0 0 0 0 0 0 0 0 0 0 0 0 0 0 0 0 0 0 0 0 0 0 0 0 0 0 0 0 0 0 0 0 0 0 0 0 0 0 0 0 0 0 0 0 0 0 0 0 0 0 0 0 0 0 0 0 0 0 0 0 0 0 0 0 0 0 0 0 0 0 0 0 0 0 0 0 0 0 0 0 0 0 0 0 0 0 0 0 0 24415 54485 65279 47803 6682 0 0 0 0 0 0 0 0 0 0 0 0 0 0 0 0 0 0 0 0 0 3341 52943 65279 65022 65022 65022 45233 0 0 0 0 0 0 0 0 0 0 0 0 0 0 0 0 0 0 0 0 0 6168 65022 54999 35210 50887 65022 47289 0 0 0 0 0 0 0 0 0 0 0 0 0 0 0 0 0 0 0 0 0 1799 26471 6425 4369 57569 65022 47289 0 0 0 0 0 0 0 0 0 0 0 0 0 0 0 0 0 0 0 0 0 0 0 11565 52429 65279 65279 17476 0 0 0 0 0 0 0 0 0 0 0 0 0 0 0 0 0 0 0 0 0 0 17476 62966 65022 65022 38808 0 0 0 0 0 0 0 0 0 0 0 0 0 0 0 0 0 0 0 0 0 0 0 45233 65279 65022 65022 47803 23387 4883 0 0 0 0 0 0 0 0 0 0 0 0 0 0 0 0 0 0 0 0 0 6425 56541 65022 65022 65022 65279 61681 45233 6425 0 0 0 0 0 0 0 0 0 0 0 0 0 0 0 0 0 0 0 0 0 13107 25957 47289 52429 65279 65279 56541 0 0 0 0 0 0 0 0 0 0 0 0 0 0 0 0 0 0 0 0 0 0 0 0 1799 25443 65022 65022 13107 0 0 0 0 0 0 0 0 0 0 0 0 0 0 0 0 0 0 0 0 0 0 0 0 7710 60653 65022 13107 0 0 0 0 0 0 0 0 0 0 0 0 0 0 0 0 0 0 0 0 0 0 0 0 20560 65022 65022 0 0 0 0 0 0 0 0 0 0 0 0 0 0 0 0 0 0 0 0 0 0 0 0 24415 65279 65279 58597 0 0 0 0 0 0 0 0 0 0 0 0 0 0 0 0 0 0 0 0 0 0 1285 37780 62966 65022 50887 3855 0 0 0 0 0 0 0 0 0 0 0 0 0 0 0 0 0 0 0 0 0 16448 50116 65022 65279 52943 2313 0 0 0 0 0 0 0 0 0 0 0 0 0 0 0 0 0 0 0 0 0 30583 57055 65022 65022 43434 7967 0 0 0 0 0 0 0 0 0 0 0 0 0 0 0 0 0 0 0 3341 28784 58854 65536 65279 54999 15163 0 0 0 0 0 0 0 0 0 0 0 0 0 0 0 0 0 0 0 0 18504 58083 65022 65022 61938 40093 7453 0 0 0 0 0 0 0 0 0 0 0 0 0 0 0 0 0 0 0 0 19532 65279 65022 60139 41635 8738 0 0 0 0 0 0 0 0 0 0 0 0 0 0 0 0 0 0 0 0 0 0 15163 58597 19789 3341 0 0 0 0 0 0 0 0 0 0 0 0 0 0 0 0 0 0 0 0 0 0 0 0 0 0 0 0 0 0 0 0 0 0 0 0 0 0 0 0 0 0 0 0 0 0 0 0 0 0 0 0 0 0 0 0 0 0 0 0 0 0 0 0 0 0 0 0 0 0 0 0 0 0 0 0 0 0 0 0 0 0 0 0 0 0 0 0 0 0 0 0 0 0 0 0 0 0 0 0 0 
0 0 0 0 0 0 0 0 0 0 0 0 0 0 0 0 0 0 0 0 0 0 0 0 0 0 0 0 0 0 0 0 0 0 0 0 0 0 0 0 0 0 0 0 0 0 0 0 0 0 0 0 0 0 0 0 0 0 0 0 0 0 0 0 0 0 0 0 0 0 0 0 0 0 0 0 0 0 0 0 0 0 0 0 0 0 0 0 0 0 0 0 0 0 0 0 0 0 0 0 0 0 0 0 0 0 0 0 0 0 0 0 0 0 0 0 0 0 0 0 0 0 0 0 0 0 33925 65536 55256 5654 0 0 0 0 0 0 0 0 0 0 0 0 0 0 0 0 0 0 0 0 0 0 0 0 49345 65022 65022 11051 0 0 0 0 0 0 0 0 0 0 0 0 0 0 0 0 0 0 0 0 0 0 0 0 49345 65022 65022 11051 0 0 0 0 0 0 0 0 0 0 0 0 0 0 0 0 0 0 0 0 0 0 0 1799 50887 65022 65022 11051 0 0 0 0 0 0 0 0 0 0 0 0 0 0 0 0 0 0 0 0 0 0 0 16191 65022 65022 52429 4369 0 0 0 0 0 0 0 0 0 0 0 0 0 0 0 0 0 0 0 0 0 0 0 16191 65022 65022 44205 0 0 0 0 0 0 0 0 0 0 0 0 0 0 0 0 0 0 0 0 0 0 0 0 21588 65022 65022 38808 0 0 0 0 0 0 0 0 0 0 0 0 0 0 0 0 0 0 0 0 0 0 0 2827 51144 65022 65022 12593 0 0 0 0 0 0 0 0 0 0 0 0 0 0 0 0 0 0 0 0 0 0 0 14392 65022 65022 51401 3855 0 0 0 0 0 0 0 0 0 0 0 0 0 0 0 0 0 0 0 0 0 0 0 14392 65022 65022 46004 0 0 0 0 0 0 0 0 0 0 0 0 0 0 0 0 0 0 0 0 0 0 0 0 14392 65022 65022 46004 0 0 0 0 0 0 0 0 0 0 0 0 0 0 0 0 0 0 0 0 0 0 0 0 14392 65022 65022 46004 0 0 0 0 0 0 0 0 0 0 0 0 0 0 0 0 0 0 0 0 0 0 0 0 40093 65022 65022 46004 0 0 0 0 0 0 0 0 0 0 0 0 0 0 0 0 0 0 0 0 0 0 0 0 46261 65022 65022 19532 0 0 0 0 0 0 0 0 0 0 0 0 0 0 0 0 0 0 0 0 0 0 0 22873 62452 65022 58597 8995 0 0 0 0 0 0 0 0 0 0 0 0 0 0 0 0 0 0 0 0 0 0 0 44719 65022 65022 19532 0 0 0 0 0 0 0 0 0 0 0 0 0 0 0 0 0 0 0 0 0 0 0 4883 53200 65022 65022 15677 0 0 0 0 0 0 0 0 0 0 0 0 0 0 0 0 0 0 0 0 0 0 0 11308 65022 65022 58083 8995 0 0 0 0 0 0 0 0 0 0 0 0 0 0 0 0 0 0 0 0 0 0 0 41635 65022 65022 34182 0 0 0 0 0 0 0 0 0 0 0 0 0 0 0 0 0 0 0 0 0 0 0 0 6425 54999 58083 8995 0 0 0 0 0 0 0 0 0 0 0 0 0 0 0 0 0 0 0 0 0 0 0 0 0 0 0 0 0 0 0 0 0 0 0 0 0 0 0 0 0 0 0 0 0 0 0 0 0 0 0 0 0 0 0 0 0 0 0 0 0 0 0 0 0 0 0 0 0 0 0 0 0 0 0 0 0 0 0 0 0 0 0 0 0 0 0 0 0 0 0 0 0 0 0 0 0 0 0 0 0 0 0 0 0 0 0 0 0 0 0 0 0 0 0 0 0 0 0 0 0 0 0 0 0 0 
0 0 0 0 0 0 0 0 0 0 0 0 0 0 0 0 0 0 0 0 0 0 0 0 0 0 0 0 0 0 0 0 0 0 0 0 0 0 0 0 0 0 0 0 0 0 0 0 0 0 0 0 0 0 0 0 0 0 0 0 0 0 0 0 0 0 0 0 0 0 0 0 0 0 0 0 0 0 0 0 0 0 0 0 0 0 0 0 0 0 0 0 0 0 0 0 0 0 0 0 0 0 0 0 0 0 0 0 0 0 0 0 0 0 0 0 0 0 0 0 0 0 0 0 0 0 0 0 0 0 0 0 0 0 0 0 0 0 0 0 0 0 0 0 2570 20303 39579 65022 65022 65022 36238 36238 26728 7453 0 0 0 0 0 0 0 0 0 0 0 0 0 0 0 0 0 0 41121 64765 65022 64765 64765 64765 65022 64765 64765 64765 43691 24158 9766 0 0 0 0 0 0 0 0 0 0 0 0 0 0 11565 61681 64765 43177 36495 14392 14392 43177 57569 64765 64765 65022 64765 60139 15163 0 0 0 0 0 0 0 0 0 0 0 0 0 27499 64765 51915 0 0 0 0 0 4883 7196 32897 52172 64765 64765 61681 13107 0 0 0 0 0 0 0 0 0 0 0 0 19532 41892 3341 0 0 0 0 0 0 0 0 0 25957 63480 65022 62195 12079 0 0 0 0 0 0 0 0 0 0 0 0 0 0 0 0 0 0 0 0 0 0 0 0 26728 63223 65022 28013 0 0 0 0 0 0 0 0 0 0 0 0 0 0 0 0 0 0 0 0 0 0 0 0 0 35210 65022 55256 4883 0 0 0 0 0 0 0 0 0 0 0 0 0 0 0 0 0 0 0 0 0 0 0 0 3341 65022 64765 27242 0 0 0 0 0 0 0 0 0 0 0 0 0 0 0 0 0 0 0 0 0 0 0 0 0 62195 65022 43177 0 0 0 0 0 0 0 0 0 0 0 0 0 0 0 0 0 0 6682 6682 0 0 0 0 0 29812 64765 43177 0 0 0 0 0 0 0 0 0 0 0 0 0 0 0 0 9766 50887 57055 57055 50630 19532 0 0 0 16962 64765 43177 0 0 0 0 0 0 0 0 0 0 0 0 0 0 0 19532 60910 65022 64765 64765 64765 64251 38551 6425 0 36238 64765 43177 0 0 0 0 0 0 0 0 0 0 0 0 0 0 0 21845 65022 61424 9766 9766 41892 65536 65022 55513 23387 52429 65022 43177 0 0 0 0 0 0 0 0 0 0 0 0 0 0 0 21845 64765 57826 0 0 0 24929 60139 64765 64765 65022 64765 36495 0 0 0 0 0 0 0 0 0 0 0 0 0 0 0 21845 64765 57826 0 0 0 0 16191 60139 64765 65022 64765 14392 0 0 0 0 0 0 0 0 0 0 0 0 0 0 0 2570 58597 64251 19275 0 0 0 0 37780 64765 65022 64765 14392 0 0 0 0 0 0 0 0 0 0 0 0 0 0 0 0 13107 65536 45747 7967 0 1028 26728 58854 65022 65536 63480 12850 0 0 0 0 0 0 0 0 0 0 0 0 0 0 0 0 0 39322 64765 38294 14649 46004 64765 64765 64765 50630 26471 0 0 0 0 0 0 0 0 0 0 0 0 0 0 0 0 0 0 1799 48060 64765 64765 65022 64765 57569 17476 0 0 0 0 0 0 0 0 0 0 0 0 0 0 0 0 0 0 0 0 0 11308 45490 64765 65022 45490 11051 0 0 0 0 0 0 0 0 0 0 0 0 0 0 0 0 0 0 0 0 0 0 0 0 0 0 0 0 0 0 0 0 0 0 0 0 0 0 0 0 0 0 0 0 0 0 0 0 0 0 0 0 0 0 0 0 0 0 0 0 0 0 0 0 0 0 0 0 0 0 0 0 0 0 0 0 0 0 0 0 0 0 0 0 0 0 0 0 0 0 0 0 0 0 0 
0 0 0 0 0 0 0 0 0 0 0 0 0 0 0 0 0 0 0 0 0 0 0 0 0 0 0 0 0 0 0 0 0 0 0 0 0 0 0 0 0 0 0 0 0 0 0 0 0 0 0 0 0 0 0 0 0 0 0 0 0 0 0 0 0 0 0 0 0 0 0 0 0 0 0 0 0 0 0 0 0 0 0 0 0 0 0 0 0 0 0 0 0 0 16448 21331 11308 0 0 0 0 0 0 0 0 0 0 0 0 0 0 0 0 0 0 0 0 0 0 0 23387 54485 63223 63737 62709 41635 13107 0 0 0 0 0 0 0 0 0 0 0 0 0 0 0 0 0 0 0 0 0 54742 64765 64765 64765 64765 64765 61167 24158 1285 0 0 0 0 0 0 0 0 0 0 0 0 0 0 0 0 0 0 0 19532 49602 64765 64765 64765 64765 64765 65022 14135 0 0 0 0 0 0 0 0 0 0 0 0 0 0 0 0 18247 0 0 0 3598 13621 13621 36752 64765 64765 65022 59111 5397 0 0 0 0 0 0 0 0 0 0 0 0 0 0 0 0 0 0 0 0 0 0 1799 44719 64765 65022 64765 32125 0 0 0 0 0 0 0 0 0 0 0 0 0 0 0 0 0 0 0 0 0 0 0 37523 64765 65022 64765 40607 0 0 0 0 0 0 0 0 0 0 0 0 0 0 0 0 0 0 0 0 0 0 4369 54742 64765 65022 64765 40607 0 0 0 0 0 0 0 0 0 0 0 0 0 0 0 0 0 0 0 0 0 0 8738 64765 64765 65022 64765 38808 0 0 0 0 0 0 0 0 0 0 0 0 0 0 0 0 0 0 0 0 0 23644 53457 64765 64765 65022 64765 6682 0 0 0 0 0 0 0 0 0 0 0 0 0 0 0 0 0 0 0 0 23130 54228 65022 65022 65022 65536 21331 0 0 0 0 0 0 0 0 0 0 0 0 0 0 0 0 0 0 0 0 31097 63994 64765 64765 64765 64765 21331 257 0 0 0 0 0 0 0 0 0 0 0 0 0 0 0 0 0 0 0 49345 63480 64765 64765 64765 64765 33925 0 0 0 0 0 0 0 0 0 0 0 0 0 0 0 0 0 0 0 0 31354 63223 64765 64765 64765 64765 50887 4883 0 0 0 0 0 0 0 13107 8738 0 0 0 0 0 0 0 0 0 0 0 58083 64765 64765 64765 64765 61167 22873 17219 0 0 6425 8224 17219 42406 51401 59882 35981 0 0 0 0 0 0 0 0 0 0 0 28013 62709 64765 64765 64765 64765 64765 64765 48060 47803 54228 55770 64765 64765 64765 64765 63737 22873 0 0 0 0 0 0 0 0 0 0 0 49345 64765 64765 64765 64765 64765 64765 65022 64765 64765 64765 64765 64765 64765 64765 64765 48574 0 0 0 0 0 0 0 0 0 0 0 7710 52686 64765 64765 64765 64765 64765 65022 64765 64765 64765 64765 64765 64765 63994 56027 11308 0 0 0 0 0 0 0 0 0 0 0 0 7196 27242 50630 61167 61167 61167 61681 61167 61167 61167 61167 61167 55770 24415 0 0 0 0 0 0 0 0 0 0 0 0 0 0 0 0 0 0 0 0 0 0 0 0 0 0 0 0 0 0 0 0 0 0 0 0 0 0 0 0 0 0 0 0 0 0 0 0 0 0 0 0 0 0 0 0 0 0 0 0 0 0 0 0 0 0 0 0 0 0 0 0 0 0 0 0 0 0 0 0 0 0 0 0 0 0 0 0 0 0 0 0 0 0 0 0 0 0 0 0 0 0 0 0 0 0 0 0 0 0 0 0 0 0 0 0 0 0 0 0 0 0 0 0 0 0 0 0 0 0 0 0 0 0 0 0 0 0 0 0 0 0 0 0 0 0 0 0 0 0 0 0 0 0 0 0 0 0 0 0 0 0 0 0 0 0 0 0 0 0 0 0 0 
0 0 0 0 0 0 0 0 0 0 0 0 0 0 0 0 0 0 0 0 0 0 0 0 0 0 0 0 0 0 0 0 0 0 0 0 0 0 0 0 0 0 0 0 0 0 0 0 0 0 0 0 0 0 0 0 0 0 0 0 0 0 0 0 0 0 0 0 13107 61167 20303 0 0 0 0 0 0 0 0 0 0 0 0 0 0 0 0 0 0 0 0 0 0 0 0 2570 56027 65022 19018 0 0 0 0 0 0 0 0 0 0 0 0 0 0 0 0 0 0 0 0 0 0 0 0 30069 65279 33411 0 0 0 0 0 0 0 0 0 0 0 0 0 0 0 0 0 0 0 0 0 0 0 0 13878 60910 50116 3855 0 0 0 0 0 0 0 0 0 0 0 0 0 0 0 0 0 0 0 0 0 0 0 1799 55256 60910 8995 0 0 0 0 0 0 0 0 0 0 0 0 0 0 0 0 0 0 0 0 0 0 0 0 30069 65279 28527 0 0 0 0 0 0 0 0 0 0 0 0 0 0 0 0 0 0 0 0 0 0 0 0 514 49345 60653 8995 0 0 0 0 0 0 0 0 0 0 0 0 0 0 0 0 0 0 0 0 0 0 0 0 16191 65279 21588 0 0 0 0 0 0 0 0 0 0 0 0 0 0 0 0 0 0 0 0 0 0 0 0 0 46261 64765 14649 0 0 0 0 0 0 0 0 0 0 0 0 0 0 0 0 0 0 0 0 0 0 0 0 1799 61938 50373 0 0 0 0 0 0 2056 33411 53714 53714 53714 33925 2056 0 0 0 0 0 0 0 0 0 0 0 0 13364 65279 35724 0 0 0 0 0 5911 49859 59111 34696 32125 37266 64508 42406 1542 0 0 0 0 0 0 0 0 0 0 0 23901 65279 18247 0 0 0 0 2056 52943 54999 7710 0 0 0 14649 63223 32897 0 0 0 0 0 0 0 0 0 0 0 5140 65279 18247 0 0 0 0 32897 63223 11308 0 0 0 0 0 44976 56541 1285 0 0 0 0 0 0 0 0 0 0 2313 65279 23130 0 0 0 2056 55513 23644 0 0 0 0 0 0 18504 65279 2056 0 0 0 0 0 0 0 0 0 0 2313 65279 39579 0 0 0 8738 65279 11822 0 0 0 0 0 0 30840 65279 2056 0 0 0 0 0 0 0 0 0 0 257 47803 53457 4626 0 0 8738 56541 1028 0 0 0 0 0 0 59625 53971 1028 0 0 0 0 0 0 0 0 0 0 0 27242 65536 35981 0 0 8738 64765 11051 0 0 0 0 4626 43691 65279 12850 0 0 0 0 0 0 0 0 0 0 0 0 257 41635 65279 43948 4626 514 53200 11822 0 0 16962 31611 61167 65279 28270 257 0 0 0 0 0 0 0 0 0 0 0 0 0 771 26985 60396 63994 46518 60910 63737 63480 63480 65279 65279 53714 12593 257 0 0 0 0 0 0 0 0 0 0 0 0 0 0 0 0 17219 41378 65279 54999 61681 61424 39579 22616 17476 514 0 0 0 0 0 0 0 0 0 0 0 0 0 0 0 0 0 0 0 0 0 0 0 0 0 0 0 0 0 0 0 0 0 0 0 0 0 0 0 0 0 0 0 0 0 0 0 0 0 0 0 0 0 0 0 0 0 0 0 0 0 0 0 0 0 0 0 0 0 0 0 0 0 0 0 0 0 0 0 0 0 0 0 0 0 0 0 0 0 0 0 0 0 0 0 0 0 0 0 0 0 0 0 0 0 0 0 0 0 0 0 0 0 0 0 0 0 0 0 0 0 0 0 0 0 0 0 0 0 0 0 0 0 0 0 0 0 0 0 0 0 0 0 0 0 0 0 0 0 0 0 0 0 0 0 0 0 0 0 0 0 0 0 0 0 0 0 0 0 0 0 0 0 0 0 
0 0 0 0 0 0 0 0 0 0 0 0 0 0 0 0 0 0 0 0 0 0 0 0 0 0 0 0 0 0 0 0 0 0 0 0 0 0 0 0 0 0 0 0 0 0 0 0 0 0 0 0 0 0 0 0 0 0 0 0 0 0 0 0 0 0 0 0 0 0 0 0 0 0 0 0 0 0 0 0 0 0 0 0 0 0 0 0 0 0 0 0 0 0 0 0 0 0 0 0 0 0 0 0 0 0 0 0 0 0 0 0 0 0 0 0 0 0 0 0 0 0 0 0 0 0 0 0 0 0 0 0 0 0 0 0 0 0 0 0 0 0 0 0 0 0 0 0 0 0 0 0 0 0 0 0 0 0 0 0 0 0 0 0 0 0 0 0 0 0 0 0 0 0 0 0 0 0 0 0 0 0 0 0 4883 42149 47289 47546 28527 13107 0 0 0 0 0 0 0 0 0 0 0 0 0 0 0 0 0 0 0 21845 39836 39836 56541 64765 64765 65022 64765 61681 33668 0 0 0 0 0 0 0 0 0 0 0 0 0 0 0 0 8224 53971 64251 65022 64765 64765 53971 48574 65022 64765 64765 51915 2827 0 0 0 0 0 0 0 0 0 0 0 0 0 3341 24929 43691 65022 65022 65536 58597 8224 0 0 0 24415 63480 65022 35210 0 0 0 0 0 0 0 0 0 0 0 4369 12079 54485 64765 64765 54999 52943 37009 19275 0 0 0 0 0 47289 64765 54228 0 0 0 0 0 0 0 0 0 0 13107 48317 64765 65022 61681 38808 3341 0 0 0 0 0 0 0 0 47289 64765 64765 0 0 0 0 0 0 0 0 0 0 47289 64765 64765 65022 28784 0 0 0 0 0 0 0 0 0 0 36495 64765 64765 0 0 0 0 0 0 0 0 0 24415 63223 64765 51401 32897 2056 0 0 0 0 0 0 0 0 0 0 17990 64765 64765 0 0 0 0 0 0 0 0 6168 65022 65022 49345 2827 0 0 0 0 0 0 0 0 0 0 0 0 0 53457 65022 0 0 0 0 0 0 0 0 24929 64765 61681 9509 0 0 0 0 0 0 0 0 0 0 0 0 0 0 53200 64765 0 0 0 0 0 0 0 0 35467 64765 25700 0 0 0 0 0 0 0 0 0 0 0 0 0 0 0 53200 64765 0 0 0 0 0 0 0 0 59882 64765 17733 0 0 0 0 0 0 0 0 0 0 0 0 0 4369 45233 62709 64765 0 0 0 0 0 0 0 0 65022 64765 60653 34696 16191 0 0 0 0 0 0 0 0 0 13621 32639 60139 64765 64765 64765 0 0 0 0 0 0 0 0 19018 60139 65022 65022 65022 65536 46261 35467 35467 35467 35724 35467 57055 65022 65022 65536 65022 63480 48317 2827 0 0 0 0 0 0 0 0 0 4369 44976 52943 58340 65022 64765 64765 64765 64765 65022 64765 64765 59368 59368 53200 47546 17219 0 0 0 0 0 0 0 0 0 0 0 0 0 0 8224 33668 47032 47032 47032 47032 47289 47032 38808 9509 9509 0 0 0 0 0 0 0 0 0 0 0 0 0 0 0 0 0 0 0 0 0 0 0 0 0 0 0 0 0 0 0 0 0 0 0 0 0 0 0 0 0 0 0 0 0 0 0 0 0 0 0 0 0 0 0 0 0 0 0 0 0 0 0 0 0 0 0 0 0 0 0 0 0 0 0 0 0 0 0 0 0 0 0 0 0 0 0 0 0 0 0 0 0 0 0 0 0 0 0 0 0 0 0 0 0 0 0 0 0 0 0 0 0 0 0 0 0 0 0 0 0 0 0 0 0 0 0 0 0 0 0 0 0 0 0 0 0 0 0 0 0 0 0 0 0 0 0 0 0 0 0 0 0 0 0 0 0 0 0 0 0 0 0 0 0 0 0 0 0 0 0 0 0 0 0 0 0 
0 0 0 0 0 0 0 0 0 0 0 0 0 0 0 0 0 0 0 0 0 0 0 0 0 0 0 0 0 0 0 0 0 0 0 0 0 0 0 0 0 0 0 0 0 0 0 0 0 0 0 0 0 0 0 0 0 0 0 0 0 0 0 0 0 0 0 0 0 0 0 0 0 0 0 0 0 0 0 0 0 0 0 0 0 0 0 0 0 0 0 0 0 0 0 0 0 0 0 0 0 0 0 0 0 0 0 0 0 0 0 0 0 0 0 0 0 0 0 0 0 0 0 0 0 0 0 0 0 0 0 0 0 0 0 0 0 0 0 0 0 0 0 0 0 0 0 0 0 0 0 0 0 0 0 0 0 0 0 0 0 0 0 0 0 0 0 0 0 0 0 0 0 0 0 0 0 0 0 0 0 0 0 0 0 0 0 0 0 0 0 0 0 0 0 0 0 0 0 0 0 0 0 0 0 0 0 0 0 0 0 0 0 0 0 3341 19018 58340 59882 12336 0 0 0 0 0 0 0 0 0 0 0 0 0 0 4369 9766 15163 31354 9766 3855 0 4112 16962 48574 65279 65279 65279 33668 0 0 0 0 0 0 0 0 0 0 0 0 0 514 48317 65279 65279 65279 65279 50116 30326 56798 65279 65279 65279 65279 64508 14649 0 0 0 0 0 0 0 0 0 0 0 0 0 26728 65279 65279 65279 65279 65279 65279 65279 65279 65279 65279 65279 65279 27499 0 0 0 0 0 0 0 0 0 0 0 0 0 22616 64765 65279 61167 38551 8224 4626 35210 52943 62452 65279 65279 64251 28013 257 0 0 0 0 0 0 0 0 0 0 0 0 23644 61167 65279 59368 7967 0 0 0 0 6168 57312 65279 59625 24672 0 0 0 0 0 0 0 0 0 0 0 0 0 15163 60910 65279 61167 15163 0 0 0 0 5911 53457 65279 58597 26471 0 0 0 0 0 0 0 0 0 0 0 0 0 0 33925 65279 65279 33154 0 0 0 0 5654 54742 65279 64508 26728 0 0 0 0 0 0 0 0 0 0 0 0 0 0 0 30326 57826 34439 771 0 0 0 1028 46775 65279 63994 29041 0 0 0 0 0 0 0 0 0 0 0 0 0 0 0 0 0 0 0 0 0 0 0 43177 65279 65279 37523 0 0 0 0 0 0 0 0 0 0 0 0 0 0 0 0 0 0 0 0 0 0 0 21074 65279 65536 39579 2827 0 0 0 0 0 0 0 0 0 0 0 0 0 0 0 0 0 0 0 0 0 0 3341 60653 65279 61681 11822 0 0 0 0 0 0 0 0 0 0 0 0 0 0 0 0 0 0 0 0 0 0 4883 55513 65279 65022 21588 0 0 0 0 0 0 0 0 0 0 0 0 0 0 0 0 0 0 0 0 0 0 3855 48831 65279 65279 43434 0 0 0 0 0 0 0 0 0 0 0 0 0 0 0 0 0 0 0 0 0 0 0 16705 65279 65279 57826 7710 0 0 0 0 0 0 0 0 0 0 0 0 0 0 0 0 0 0 0 0 0 0 8738 58083 65279 65279 6682 0 0 0 0 0 0 0 0 0 0 0 0 0 0 0 0 0 0 0 0 0 0 0 27756 65279 65279 41635 771 0 0 0 0 0 0 0 0 0 0 0 0 0 0 0 0 0 0 0 0 0 0 16962 64508 65279 60396 771 0 0 0 0 0 0 0 0 0 0 0 0 0 0 0 0 0 0 0 0 0 0 0 38294 65279 65279 45747 0 0 0 0 0 0 0 0 0 0 0 0 0 0 0 0 0 0 0 0 0 0 0 0 32897 65279 47032 3084 0 0 0 0 0 0 0 0 0 0 0 0 0 0 0 0 0 0 0 0 0 0 0 0 0 0 0 0 0 0 0 0 0 0 0 0 0 0 0 0 0 0 0 0 0 
0 0 0 0 0 0 0 0 0 0 0 0 0 0 0 0 0 0 0 0 0 0 0 0 0 0 0 0 0 0 0 0 0 0 0 0 0 0 0 0 0 0 0 0 0 0 0 0 0 0 0 0 0 0 0 0 0 0 0 0 0 0 0 0 0 0 0 0 0 0 0 0 0 0 0 0 0 0 0 0 0 0 0 0 0 0 0 0 0 0 0 0 0 0 0 0 0 0 0 0 0 0 0 0 0 0 0 0 0 0 0 0 0 0 0 0 0 0 0 0 0 0 0 0 0 514 9509 33668 58854 39836 5654 0 0 0 0 0 0 0 0 0 0 0 0 0 0 0 0 0 0 0 0 0 0 16191 65279 65279 65279 65279 29555 514 0 0 0 0 0 0 0 0 0 0 0 0 0 0 0 0 0 0 0 1028 11308 57055 65279 65279 65279 65279 65279 11822 0 0 0 0 0 0 0 0 0 0 0 0 0 0 0 0 0 0 0 14649 65279 65279 65279 65279 65279 65279 65279 41378 0 0 0 0 0 0 0 0 0 0 0 0 0 0 0 0 0 0 0 43177 65279 65279 65279 63223 47803 53714 65279 53200 3855 0 0 0 0 0 0 0 0 0 0 0 0 0 0 0 0 0 1542 46518 65279 65279 65279 27499 0 7710 50373 19789 0 0 0 0 0 0 0 0 0 0 0 0 0 0 0 0 0 1542 34953 65279 65279 65279 49345 5397 0 0 0 0 0 0 0 0 0 0 0 0 0 0 0 0 0 0 0 0 0 14392 65279 65279 65279 55513 5654 0 0 0 0 0 0 0 0 0 0 0 0 0 0 0 0 0 0 0 0 0 0 40093 65279 65279 65279 43948 0 0 0 0 0 0 0 0 0 0 0 0 0 0 0 0 0 0 0 0 0 0 0 40093 65279 65279 62195 14392 0 0 0 0 0 0 0 0 0 0 0 0 0 0 0 0 0 0 0 0 0 0 0 40093 65279 65279 40350 24929 49602 49602 49602 39322 11822 0 0 0 0 0 0 0 0 0 0 0 0 0 0 0 0 0 0 40093 65279 65279 65279 65279 65279 65279 65279 65279 60653 7453 0 0 0 0 0 0 0 0 0 0 0 0 0 0 0 0 0 40093 65279 65279 65279 65279 65279 65279 65279 65279 65279 19789 0 0 0 0 0 0 0 0 0 0 0 0 0 0 0 0 0 40093 65279 65279 65279 65279 65279 48317 33411 54999 65279 41378 0 0 0 0 0 0 0 0 0 0 0 0 0 0 0 0 0 9766 56541 65279 65279 65279 65279 15934 7196 57569 65279 14135 0 0 0 0 0 0 0 0 0 0 0 0 0 0 0 0 0 0 13621 65279 65279 52686 7710 21588 52943 65279 65279 9509 0 0 0 0 0 0 0 0 0 0 0 0 0 0 0 0 0 0 9766 65279 65536 63994 59368 63994 65279 65279 44976 1028 0 0 0 0 0 0 0 0 0 0 0 0 0 0 0 0 0 0 5397 41378 65279 65279 65279 65279 65279 65279 29041 0 0 0 0 0 0 0 0 0 0 0 0 0 0 0 0 0 0 0 0 6168 55770 65279 65279 65279 65279 40607 5911 0 0 0 0 0 0 0 0 0 0 0 0 0 0 0 0 0 0 0 0 0 1028 24158 56798 65279 56027 6425 0 0 0 0 0 0 0 0 0 0 0 0 0 0 0 0 0 0 0 0 0 0 0 0 0 0 0 0 0 0 0 0 0 0 0 0 0 0 0 0 0 0 0 0 0 0 0 0 0 0 0 0 0 0 0 0 0 0 0 0 0 0 0 0 0 0 0 0 0 0 0 0 0 0 0 0 0 0 0 0 0 0 0 0 0 0 0 0 0 0 0 0 0 0 0 0 0 0 0 0 0 0 0 0 0 0 0 0 0 0 0 0 0 0 0 0 0 0 0 0 0 0 
0 0 0 0 0 0 0 0 0 0 0 0 0 0 0 0 0 0 0 0 0 0 0 0 0 0 0 0 0 0 0 0 0 0 0 0 0 0 0 0 0 0 0 0 0 0 0 0 0 0 0 0 0 0 0 0 0 0 0 0 0 0 0 0 0 0 0 0 0 0 0 0 0 0 0 0 0 0 0 0 0 0 0 0 0 0 0 0 0 0 0 0 0 0 0 0 0 0 0 0 0 0 0 0 0 0 0 0 0 0 0 0 0 0 0 0 0 0 0 0 0 0 0 0 0 0 0 0 0 0 0 0 0 0 0 0 0 0 0 0 0 0 0 0 0 0 0 0 0 0 0 0 0 0 0 0 0 0 0 0 0 0 0 0 0 0 0 0 0 0 0 0 0 0 0 0 0 0 0 0 0 0 8224 24672 38037 60653 60910 14135 0 0 0 0 0 0 0 0 0 0 0 0 0 0 0 0 0 0 0 0 18247 37523 60910 64765 64765 64765 65022 59368 4112 0 0 0 0 0 0 0 0 0 0 0 0 0 0 0 0 4112 32897 59625 63994 65022 64765 62195 60910 64765 65022 64765 5397 0 0 0 0 0 0 0 0 0 0 0 0 0 0 0 9766 52943 64765 64765 64765 48831 28270 10794 9509 60396 65022 64765 12079 0 0 0 0 0 0 0 0 0 0 0 0 0 0 22873 60653 64765 64765 58083 15163 0 0 0 2827 56027 65022 64765 59625 29555 0 0 0 0 0 0 0 0 0 0 0 5654 35724 65022 65279 61424 27242 0 0 0 0 0 16448 65022 65279 65022 65022 48831 0 0 0 0 0 0 0 0 0 0 16448 54742 64765 64765 52429 17476 0 0 0 0 16448 21845 43948 64765 65022 64765 64765 48574 0 0 0 0 0 0 0 0 0 1028 50116 64765 64765 64765 7710 5654 5654 12336 32639 59882 63480 64765 64765 64765 65022 64765 64765 46261 0 0 0 0 0 0 0 0 0 11051 64765 64765 64765 64765 65022 64765 64765 64765 64765 65022 64765 64765 64765 64765 65022 64765 54485 7196 0 0 0 0 0 0 0 0 0 6425 58083 64765 64765 64765 65022 64765 64765 64765 64765 37780 17476 10794 35467 64765 65022 64765 32382 0 0 0 0 0 0 0 0 0 0 0 11565 25186 27242 27242 11565 0 0 0 0 0 0 3341 56027 65022 65536 61424 27242 0 0 0 0 0 0 0 0 0 0 0 0 0 0 0 0 0 0 0 0 0 0 25957 64765 64765 65022 33925 0 0 0 0 0 0 0 0 0 0 0 0 0 0 0 0 0 0 0 0 0 0 11051 60139 64765 64765 65022 16191 0 0 0 0 0 0 0 0 0 0 0 0 0 0 0 0 0 0 0 0 0 0 39836 64765 64765 64765 51144 5397 0 0 0 0 0 0 0 0 0 0 0 0 0 0 0 0 0 0 0 0 0 20560 62195 64765 64765 64765 27242 0 0 0 0 0 0 0 0 0 0 0 0 0 0 0 0 0 0 0 0 0 0 53971 65022 65022 65022 65022 11565 0 0 0 0 0 0 0 0 0 0 0 0 0 0 0 0 0 0 0 0 0 9252 65022 64765 64765 64765 35210 0 0 0 0 0 0 0 0 0 0 0 0 0 0 0 0 0 0 0 0 0 0 52172 65022 64765 64765 56798 5397 0 0 0 0 0 0 0 0 0 0 0 0 0 0 0 0 0 0 0 0 0 0 47546 65022 64765 63480 25186 0 0 0 0 0 0 0 0 0 0 0 0 0 0 0 0 0 0 0 0 0 0 0 4626 53714 55770 23387 0 0 0 0 0 0 0 0 0 0 0 0 0 0 0 0 0 0 0 0 0 0 0 0 0 0 0 0 0 0 0 0 0 0 0 0 0 0 0 0 0 0 0 0 0 0 0 0 0 0 0 0 0 0 0 0 0 0 0 0 0 0 0 0 0 0 0 0 
0 0 0 0 0 0 0 0 0 0 0 0 0 0 0 0 0 0 0 0 0 0 0 0 0 0 0 0 0 0 0 0 0 0 0 0 0 0 0 0 0 0 0 0 0 0 0 0 0 0 0 0 0 0 0 0 0 0 0 0 0 0 0 0 0 0 0 0 0 0 0 0 0 0 0 0 0 0 0 0 0 0 0 0 0 0 0 0 0 0 0 0 0 0 0 0 0 0 0 0 0 0 0 0 0 0 0 0 0 0 0 0 0 0 0 0 0 0 0 0 0 0 0 0 0 0 0 0 0 0 0 0 0 0 0 0 0 0 0 0 0 0 0 0 0 0 0 0 0 0 0 0 0 0 0 13107 41378 12850 0 0 0 0 0 0 0 0 0 0 0 0 0 0 0 0 0 0 0 0 0 0 0 0 12593 58597 64765 47546 17990 0 3341 17990 17990 17990 0 0 0 0 0 0 0 0 0 0 0 0 0 0 0 0 0 11051 59882 64765 64765 64765 64765 53457 55256 64765 64765 53971 0 0 0 0 0 0 0 0 0 0 0 0 0 0 0 0 11051 59111 65022 64765 64765 64765 64765 65022 53971 5654 5654 3084 0 0 0 0 0 0 0 0 0 0 0 0 0 0 0 0 39836 65022 65536 63994 51144 29812 29812 0 0 0 0 0 0 0 0 0 0 0 0 0 0 0 0 0 0 0 0 0 53200 64765 65022 33925 0 0 0 0 0 0 0 0 0 0 0 0 0 0 0 0 0 0 0 0 0 0 0 0 45233 64765 65022 31611 0 0 0 0 0 0 0 0 0 0 0 0 0 0 0 0 0 0 0 0 0 0 0 0 23901 64765 65022 62709 45233 15163 0 0 0 0 0 0 0 0 0 0 0 0 0 0 0 0 0 0 0 0 0 0 13107 48574 65022 64765 64765 62709 32382 0 0 0 0 0 0 0 0 0 0 0 0 0 0 0 0 0 0 0 0 0 0 0 32639 59111 63480 65022 65022 32639 0 0 0 0 0 0 0 0 0 0 0 0 0 0 0 0 0 0 0 0 0 0 0 0 28527 64765 64765 59111 0 0 0 0 0 0 0 0 0 0 0 0 0 0 0 0 0 0 0 0 0 0 1799 17990 44205 64765 64765 51144 0 0 0 0 0 0 0 0 0 0 0 0 0 4369 6425 0 0 0 0 0 0 11051 54485 64765 64765 64765 53971 19018 0 0 0 0 0 0 0 0 0 0 0 0 0 25443 17733 0 0 0 0 0 34953 61681 65022 64765 56798 35210 5654 0 0 0 0 0 0 0 0 0 0 0 0 0 38294 63994 16191 2313 6168 22359 40864 65022 65022 65022 64765 40350 8224 0 0 0 0 0 0 0 0 0 0 0 0 0 0 0 65022 60653 41378 49859 64765 65022 64765 64765 60396 39322 21588 0 0 0 0 0 0 0 0 0 0 0 0 0 0 0 0 0 43434 64765 64765 64765 64765 63480 47032 25700 11308 0 0 0 0 0 0 0 0 0 0 0 0 0 0 0 0 0 0 0 6425 25186 33154 16962 11565 10794 0 0 0 0 0 0 0 0 0 0 0 0 0 0 0 0 0 0 0 0 0 0 0 0 0 0 0 0 0 0 0 0 0 0 0 0 0 0 0 0 0 0 0 0 0 0 0 0 0 0 0 0 0 0 0 0 0 0 0 0 0 0 0 0 0 0 0 0 0 0 0 0 0 0 0 0 0 0 0 0 0 0 0 0 0 0 0 0 0 0 0 0 0 0 0 0 0 0 0 0 0 0 0 0 0 0 0 0 0 0 0 0 0 0 0 0 0 0 0 0 0 0 0 0 0 0 0 0 0 0 0 0 0 0 0 0 0 0 0 0 0 0 0 0 0 0 0 0 0 0 0 0 0 0 0 0 0 0 
0 0 0 0 0 0 0 0 0 0 0 0 0 0 0 0 0 0 0 0 0 0 0 0 0 0 0 0 0 0 0 0 0 0 0 0 0 0 0 0 0 0 0 0 0 0 0 0 0 0 0 0 0 0 0 0 0 0 0 0 0 0 0 0 0 0 0 0 0 0 0 0 0 0 0 0 0 0 0 0 0 0 0 0 0 0 0 0 0 0 0 0 0 0 0 0 0 0 0 0 0 0 0 0 0 0 0 0 0 0 0 0 0 0 0 0 0 0 0 0 0 0 0 0 0 0 0 0 0 0 0 0 0 0 0 0 0 0 0 0 0 0 0 0 0 0 0 0 0 0 0 0 0 0 0 0 0 0 0 0 0 0 0 0 0 0 0 0 0 0 0 0 0 0 0 0 0 0 0 0 0 0 0 0 0 0 0 0 0 0 0 0 0 0 0 0 0 0 0 0 0 0 0 0 0 0 3598 27499 58083 65536 65279 65279 61167 30583 5654 0 0 0 0 0 0 0 0 0 0 0 0 0 0 0 0 0 0 13878 57569 65279 65279 58083 57826 57826 64508 65279 43434 0 0 0 0 0 0 0 0 0 0 0 0 0 0 0 0 0 0 46775 65279 54485 24672 1028 0 0 29555 60396 53200 2313 0 0 0 0 0 0 0 0 0 0 0 0 0 0 0 0 21331 64765 56798 4883 0 0 0 0 0 51915 65279 30326 0 0 0 0 0 0 0 0 0 0 0 0 0 0 0 0 31097 65279 51658 0 0 0 0 0 0 51915 65279 28527 0 0 0 0 0 0 0 0 0 0 0 0 0 0 0 0 31097 65279 56284 3855 0 0 0 0 34182 61424 51915 1799 0 0 0 0 0 0 0 0 0 0 0 0 0 0 0 0 3598 49345 65279 63223 54999 38294 38294 54999 65022 65279 46518 0 0 0 0 0 0 0 0 0 0 0 0 0 0 0 0 0 0 12336 51144 65279 65279 65279 65279 65279 65279 65279 35467 0 0 0 0 0 0 0 0 0 0 0 0 0 0 0 0 0 0 0 4112 19789 19789 29041 38037 33154 65279 65279 22102 0 0 0 0 0 0 0 0 0 0 0 0 0 0 0 0 0 0 0 0 0 0 0 0 43177 65279 64765 17990 0 0 0 0 0 0 0 0 0 0 0 0 0 0 0 0 0 0 0 0 0 0 0 0 44462 65279 51915 0 0 0 0 0 0 0 0 0 0 0 0 0 0 0 0 0 0 0 0 0 0 0 0 0 44462 65279 38037 0 0 0 0 0 0 0 0 0 0 0 0 0 0 0 0 0 0 0 0 0 0 0 0 2056 55770 65279 38037 0 0 0 0 0 0 0 0 0 0 0 0 0 0 0 0 0 0 0 0 0 0 0 0 3855 65279 65279 18504 0 0 0 0 0 0 0 0 0 0 0 0 0 0 0 0 0 0 0 0 0 0 0 0 20303 65279 65279 13364 0 0 0 0 0 0 0 0 0 0 0 0 0 0 0 0 0 0 0 0 0 0 0 0 28527 65279 65279 13364 0 0 0 0 0 0 0 0 0 0 0 0 0 0 0 0 0 0 0 0 0 0 0 0 18761 65279 65279 23387 0 0 0 0 0 0 0 0 0 0 0 0 0 0 0 0 0 0 0 0 0 0 0 0 2827 59625 65279 38037 0 0 0 0 0 0 0 0 0 0 0 0 0 0 0 0 0 0 0 0 0 0 0 0 0 41121 65279 61167 14649 0 0 0 0 0 0 0 0 0 0 0 0 0 0 0 0 0 0 0 0 0 0 0 0 4883 52172 54742 19789 0 0 0 0 0 0 0 0 0 0 0 0 0 0 0 0 0 0 0 0 0 0 0 0 0 0 0 0 0 0 0 0 0 0 0 0 0 
0 0 0 0 0 0 0 0 0 0 0 0 0 0 0 0 0 0 0 0 0 0 0 0 0 0 0 0 0 0 0 0 0 0 0 0 0 0 0 0 0 0 0 0 0 0 0 0 0 0 0 0 0 0 0 0 0 0 0 0 0 0 0 0 0 0 0 0 0 0 0 0 0 0 0 0 0 0 0 0 0 0 0 0 0 0 0 0 0 0 0 0 0 0 0 0 0 0 0 0 0 0 0 0 0 0 0 0 0 0 0 0 0 0 0 0 0 0 0 0 0 0 0 0 0 0 0 0 0 0 0 0 0 0 0 0 0 0 0 0 0 0 0 0 0 0 0 0 0 0 0 0 0 0 0 0 0 0 0 0 0 0 0 0 0 0 0 0 0 0 0 0 0 0 0 0 7453 7453 39579 65022 46004 13878 45747 65022 49345 15420 0 0 0 0 0 0 0 0 0 0 0 0 0 0 0 9766 43434 43434 65022 64765 64765 64765 65022 64765 64765 64765 65022 60139 16191 0 0 0 0 0 0 0 0 0 0 0 0 0 0 14649 64765 64765 65022 64765 64765 45490 55513 50373 43177 62452 65022 64765 50373 2570 0 0 0 0 0 0 0 0 0 0 0 0 0 1799 7196 32897 32897 7196 7196 771 4112 2313 0 6425 39322 64765 64765 7196 0 0 0 0 0 0 0 0 0 0 0 0 0 0 0 0 0 0 0 0 0 0 0 0 36238 65022 65022 7196 0 0 0 0 0 0 0 0 0 0 0 0 0 0 0 0 0 0 0 0 0 0 0 0 42663 64765 59882 5654 0 0 0 0 0 0 0 0 0 0 0 0 0 0 0 0 0 0 0 0 0 0 0 0 65022 64765 43177 0 0 0 0 0 0 0 0 0 0 0 0 0 0 0 0 0 0 0 0 0 0 0 0 0 65022 64765 62452 6425 0 0 0 0 0 0 0 0 0 0 0 0 0 0 0 0 0 0 0 0 0 0 0 45233 65536 65022 65022 52172 46004 2570 0 0 0 0 0 0 0 0 0 0 0 0 0 0 0 0 0 0 8224 33668 43434 62452 65022 64765 64765 64765 65022 40864 0 0 0 0 0 0 0 0 0 0 0 0 0 0 0 0 7453 47546 58854 64765 64765 64765 65022 64765 64765 64765 52943 33411 0 0 0 0 0 0 0 0 0 0 0 0 0 0 0 0 34439 64765 65022 64765 64765 64765 65022 58340 26471 7196 3341 0 0 0 0 0 0 0 0 0 0 0 0 0 0 0 0 0 47546 65022 65536 65022 65022 65022 58083 22616 0 0 0 0 0 0 0 0 0 0 0 0 0 0 0 0 0 0 0 0 7196 34182 50630 53457 64765 64765 41892 0 0 0 0 0 0 0 0 0 0 0 0 0 0 0 0 0 0 0 0 0 0 0 0 37009 64765 64765 6425 0 0 0 0 0 0 0 0 0 0 0 0 0 0 0 0 0 0 0 0 0 0 0 6682 62452 64765 51915 0 0 0 0 0 0 0 0 0 0 0 0 0 0 0 0 0 0 0 0 0 0 0 0 7453 65022 65022 35981 0 0 0 0 0 0 0 0 0 0 0 0 0 0 0 0 0 0 0 0 0 0 0 0 7453 64765 64765 35724 0 0 0 0 0 0 0 0 0 0 0 0 0 0 0 0 0 0 0 0 0 0 0 0 30069 64765 64765 13364 0 0 0 0 0 0 0 0 0 0 0 0 0 0 0 0 0 0 0 0 0 0 0 0 7196 23130 39065 771 0 0 0 0 0 0 0 0 0 0 0 0 0 0 0 0 0 0 0 0 0 0 0 0 0 0 0 0 0 0 0 0 0 0 0 0 0 0 0 0 0 0 0 0 0 0 0 0 0 0 0 0 0 0 0 0 0 0 0 0 0 0 0 0 0 0 0 0 
0 0 0 0 0 0 0 0 0 0 0 0 0 0 0 0 0 0 0 0 0 0 0 0 0 0 0 0 0 0 0 0 0 0 0 0 0 0 0 0 0 0 0 0 0 0 0 0 0 0 0 0 0 0 0 0 0 0 0 0 0 0 0 0 0 0 0 0 0 0 0 0 0 0 0 0 0 0 0 0 0 0 0 0 0 0 0 0 0 0 0 0 0 0 0 0 0 0 0 0 0 0 0 0 0 0 0 0 0 0 0 0 0 0 0 0 0 0 0 0 0 0 0 0 0 0 0 0 0 0 0 0 0 0 0 0 0 0 0 0 0 0 0 0 0 0 0 0 0 0 0 0 0 0 0 0 0 0 29298 29298 0 0 0 0 0 0 0 0 0 0 0 0 0 0 0 0 0 0 0 0 0 0 0 0 0 0 43691 36238 0 0 0 0 0 0 0 0 0 0 0 0 0 0 0 0 7453 36238 0 0 0 0 0 0 0 14649 65536 22102 0 0 0 0 0 0 0 0 0 0 0 0 0 0 0 0 22102 65536 22102 0 0 0 0 0 0 22102 65536 43691 0 0 0 0 0 0 0 0 0 0 0 0 0 0 0 0 29298 65536 22102 0 0 0 0 0 0 29298 65536 7453 0 0 0 0 0 0 0 0 0 0 0 0 0 0 0 0 50887 65536 0 0 0 0 0 0 7453 65536 58083 0 0 0 0 0 0 0 0 0 0 0 0 0 0 0 0 0 65536 65536 0 0 0 0 0 0 22102 65536 43691 0 0 0 0 0 0 0 0 0 0 0 0 0 0 0 0 0 58083 65536 50887 22102 14649 7453 29298 43691 65536 65536 7453 0 0 0 0 0 0 0 0 0 0 0 0 0 0 0 0 0 22102 65536 65536 65536 65536 65536 65536 65536 65536 43691 0 0 0 0 0 0 0 0 0 0 0 0 0 0 0 0 0 0 0 0 14649 36238 36238 22102 7453 22102 65536 29298 0 0 0 0 0 0 0 0 0 0 0 0 0 0 0 0 0 0 0 0 0 0 0 0 0 36238 65536 14649 0 0 0 0 0 0 0 0 0 0 0 0 0 0 0 0 0 0 0 0 0 0 0 0 7453 65536 50887 0 0 0 0 0 0 0 0 0 0 0 0 0 0 0 0 0 0 0 0 0 0 0 0 0 22102 65536 43691 0 0 0 0 0 0 0 0 0 0 0 0 0 0 0 0 0 0 0 0 0 0 0 0 0 29298 65536 43691 0 0 0 0 0 0 0 0 0 0 0 0 0 0 0 0 0 0 0 0 0 0 0 0 0 58083 65536 22102 0 0 0 0 0 0 0 0 0 0 0 0 0 0 0 0 0 0 0 0 0 0 0 0 0 65536 65536 14649 0 0 0 0 0 0 0 0 0 0 0 0 0 0 0 0 0 0 0 0 0 0 0 0 7453 65536 58083 0 0 0 0 0 0 0 0 0 0 0 0 0 0 0 0 0 0 0 0 0 0 0 0 0 22102 65536 43691 0 0 0 0 0 0 0 0 0 0 0 0 0 0 0 0 0 0 0 0 0 0 0 0 0 43691 65536 43691 0 0 0 0 0 0 0 0 0 0 0 0 0 0 0 0 0 0 0 0 0 0 0 0 0 43691 58083 7453 0 0 0 0 0 0 0 0 0 0 0 0 0 0 0 0 0 0 0 0 0 0 0 0 0 0 0 0 0 0 0 0 0 0 0 0 0 0 0 0 0 0 0 0 0 0 0 0 0 0 0 0 0 0 0 0 0 0 0 0 0 0 0 0 0 0 0 0 0 0 0 0 0 0 0 0 0 0 0 0 0 0 0 0 0 0 0 0 0 0 0 0 0 0 0 0 
0 0 0 0 0 0 0 0 0 0 0 0 0 0 0 0 0 0 0 0 0 0 0 0 0 0 0 0 0 0 0 0 0 0 0 0 0 0 0 0 0 0 0 0 0 0 0 0 0 0 0 0 0 0 0 0 0 0 0 0 0 0 0 0 0 0 0 0 0 0 0 0 0 0 0 0 0 0 0 0 0 0 0 0 0 0 0 0 0 0 0 0 0 0 0 0 0 0 0 0 0 0 0 0 0 0 0 0 0 0 0 0 0 0 0 0 0 0 0 0 0 0 24672 31097 14649 34439 65022 47032 31097 31097 3341 0 0 0 0 0 0 0 0 0 0 0 0 0 0 0 0 0 23130 61681 63994 64765 62966 64765 64765 64765 65022 64765 49345 4369 0 0 0 0 0 0 0 0 0 0 0 0 0 0 0 0 42149 64765 64765 64765 64765 64765 64765 64765 65022 64765 64765 40607 0 0 0 0 0 0 0 0 0 0 0 0 0 0 0 0 24158 64765 64765 64765 64765 64765 63737 44205 65022 64765 64765 44205 0 0 0 0 0 0 0 0 0 0 0 0 0 0 0 0 24158 64765 64765 64765 52943 25957 12850 0 47032 64765 64765 60396 10794 0 0 0 0 0 0 0 0 0 0 0 0 0 0 0 6425 16962 43948 43691 5397 0 771 13878 65022 64765 64765 60396 10794 0 0 0 0 0 0 0 0 0 0 0 0 0 0 0 0 0 0 0 0 0 3598 64765 65022 64765 64765 44205 0 0 0 0 0 0 0 0 0 0 0 0 0 0 0 0 0 0 0 0 0 0 25443 64765 65022 64765 64765 44205 0 0 0 0 0 0 0 0 0 0 0 0 0 0 0 0 0 0 0 0 0 24158 53457 64765 65022 64765 61681 43691 0 0 0 0 0 0 0 0 0 0 0 0 0 0 0 0 0 0 0 0 5654 53457 64765 64765 65022 64765 6682 16191 0 0 0 0 0 0 0 0 0 0 0 0 0 0 0 0 0 0 0 6682 54228 65022 65022 65022 65536 51915 3598 0 0 0 0 0 0 0 0 0 0 0 0 0 0 0 0 0 0 0 7453 35210 64765 64765 64765 64765 65022 23130 0 0 0 0 0 0 0 0 0 0 0 0 0 0 0 0 0 0 0 0 47803 64765 64765 64765 64765 64765 19275 514 0 0 0 0 0 0 0 0 0 0 0 0 0 0 0 0 0 0 7710 31611 62709 64765 64765 64765 64765 64765 5397 0 0 0 0 0 0 0 0 0 0 0 0 0 0 0 0 0 0 0 32897 64765 64765 64765 64765 64765 61938 13621 0 0 0 0 0 0 0 0 0 0 0 0 0 0 0 0 0 0 0 20560 62966 64765 64765 64765 64765 64765 63737 30069 13878 13878 13878 42663 47803 22873 4369 0 0 0 0 0 0 0 0 0 0 0 0 27499 64765 64765 64765 64765 64765 64765 64765 64765 65022 64765 64765 64765 64765 64765 43691 0 0 0 0 0 0 0 0 0 0 0 0 24672 63994 64765 64765 64765 64765 64765 64765 64765 65022 64765 64765 64765 64765 64765 60910 18761 0 0 0 0 0 0 0 0 0 0 0 0 24415 27242 54228 61167 61938 58854 47032 64765 65022 64765 64765 64765 64765 62966 64765 57826 0 0 0 0 0 0 0 0 0 0 0 0 0 0 0 0 4883 11308 1799 30583 48831 62966 51915 41378 55770 14392 30583 27499 0 0 0 0 0 0 0 0 0 0 0 0 0 0 0 0 0 0 0 0 0 0 0 0 0 0 0 0 0 0 0 0 0 0 0 0 0 0 0 0 0 0 0 0 0 0 0 0 0 0 0 0 0 0 0 0 0 0 0 0 0 0 0 0 0 0 0 0 0 0 0 0 0 0 0 0 0 0 0 0 0 0 0 0 0 0 0 0 0 0 0 0 0 0 0 0 0 0 0 0 0 0 0 0 0 0 0 0 0 0 0 0 0 0 0 0 
0 0 0 0 0 0 0 0 0 0 0 0 0 0 0 0 0 0 0 0 0 0 0 0 0 0 0 0 0 0 0 0 0 0 0 0 0 0 0 0 0 0 0 0 0 0 0 0 0 0 0 0 0 0 0 0 0 0 0 0 0 0 0 0 0 0 0 0 0 0 0 0 0 0 0 0 0 0 0 0 0 0 0 0 0 0 0 0 0 0 0 0 0 0 0 0 0 0 0 0 0 0 0 0 0 0 0 0 0 0 0 0 0 0 0 0 0 0 0 0 0 0 0 0 0 0 0 0 0 0 0 0 0 0 0 0 0 0 0 0 0 0 0 0 0 0 0 0 0 0 0 0 10023 6425 24929 32125 32125 32125 27242 0 0 0 0 0 0 0 0 0 0 0 0 0 0 0 0 0 0 0 0 0 35724 63994 64765 65022 65022 65022 59625 30326 11565 0 0 0 0 0 0 0 0 0 0 0 0 0 0 0 0 11051 28784 57055 64508 65022 65022 65022 65022 65022 65022 65022 59625 26471 0 0 0 0 0 0 0 0 0 0 0 0 0 0 0 56284 65022 65022 65022 65022 65022 65022 51144 65022 65022 65022 65022 62195 11822 0 0 0 0 0 0 0 0 0 0 0 0 11051 56284 64508 65022 65022 44205 30583 6425 6425 3341 6425 6425 31354 65022 65022 59625 11565 0 0 0 0 0 0 0 0 0 0 11051 58854 65022 65022 65022 16705 1542 0 0 0 0 0 0 1285 31354 65022 65022 41892 0 0 0 0 0 0 0 0 0 0 41378 65022 65022 65022 65022 21074 0 0 0 0 0 0 0 0 1028 31611 65022 64765 26985 0 0 0 0 0 0 0 0 0 63737 65022 65022 65022 65022 43177 0 0 0 0 0 0 0 0 0 5140 65022 65022 59111 0 0 0 0 0 0 0 0 52172 64765 65022 65022 65022 58340 13878 0 0 0 0 0 0 0 0 0 5140 65022 65022 65022 0 0 0 0 0 0 0 0 65279 65022 65022 65022 65022 32897 0 0 0 0 0 0 0 0 0 0 31097 65022 65022 56284 0 0 0 0 0 0 0 0 65279 65022 65022 65022 46261 2056 0 0 0 0 0 0 0 0 2056 35724 58340 65022 64765 24415 0 0 0 0 0 0 0 0 65279 65022 65022 65022 32897 0 0 0 0 0 0 0 0 14392 49345 65022 65022 65022 39065 0 0 0 0 0 0 0 0 0 48831 64251 65022 54228 5397 0 0 0 0 0 0 15420 28270 58597 65022 65022 65022 56541 9252 0 0 0 0 0 0 0 0 0 55256 64765 65022 22102 0 0 0 0 0 7967 17990 59111 65022 65022 65022 65022 56541 9509 0 0 0 0 0 0 0 0 0 0 0 63737 65022 30069 4112 8481 8481 19018 41892 59882 65022 65022 65022 65022 59625 35981 9509 0 0 0 0 0 0 0 0 0 0 0 0 63737 65022 65022 52172 65022 65022 65022 65022 65022 65022 65022 63737 53200 8995 0 0 0 0 0 0 0 0 0 0 0 0 0 0 43691 65022 65022 65022 65022 65022 65022 65022 65022 63994 60139 32125 0 0 0 0 0 0 0 0 0 0 0 0 0 0 0 0 28784 65022 65022 65022 65022 65022 65022 62452 35724 21845 0 0 0 0 0 0 0 0 0 0 0 0 0 0 0 0 0 0 0 28527 30069 42663 63480 63480 35724 6168 0 0 0 0 0 0 0 0 0 0 0 0 0 0 0 0 0 0 0 0 0 0 0 0 0 0 0 0 0 0 0 0 0 0 0 0 0 0 0 0 0 0 0 0 0 0 0 0 0 0 0 0 0 0 0 0 0 0 0 0 0 0 0 0 0 0 0 0 0 0 0 0 0 0 0 0 0 0 0 0 0 0 0 0 0 0 0 0 0 0 0 0 0 0 0 0 0 0 0 0 0 0 0 0 0 0 0 0 0 0 0 0 0 0 0 0 0 0 0 0 0 0 0 0 0 0 
0 0 0 0 0 0 0 0 0 0 0 0 0 0 0 0 0 0 0 0 0 0 0 0 0 0 0 0 0 0 0 0 0 0 0 0 0 0 0 0 0 0 0 0 0 0 0 0 0 0 0 0 0 0 0 0 0 0 0 0 0 0 0 0 0 0 0 0 0 0 0 0 0 0 0 0 0 0 0 0 0 0 0 0 0 0 0 0 0 0 0 0 0 0 0 0 0 0 0 0 0 0 0 0 0 0 0 0 0 0 0 0 0 0 0 0 0 0 0 0 0 0 0 0 0 0 0 0 30840 65022 65022 65536 6939 0 0 0 0 0 0 0 0 0 0 0 0 0 0 0 0 0 0 0 0 0 0 31611 63223 64765 64765 65022 19018 0 0 0 0 0 0 0 0 0 0 0 0 0 0 0 0 0 0 0 0 0 0 57826 64765 64765 64765 65022 34953 0 0 0 0 0 0 0 0 0 0 0 0 0 0 0 0 0 0 0 0 0 3341 58597 64765 64765 64765 65022 6939 0 0 0 0 0 0 0 0 0 0 0 0 0 0 0 0 0 0 0 0 0 29041 64765 64765 64765 64765 65022 6939 0 0 0 0 0 0 0 0 0 0 0 0 0 0 0 0 0 0 0 0 16191 65536 65022 65022 65022 65022 52429 3855 0 0 0 0 0 0 0 0 0 0 0 0 0 0 0 0 0 0 0 0 35981 65022 64765 64765 64765 64765 24158 0 0 0 0 0 0 0 0 0 0 0 0 0 0 0 0 0 0 0 0 5911 58340 65022 64765 64765 64765 36238 0 0 0 0 0 0 0 0 0 0 0 0 0 0 0 0 0 0 0 0 0 31611 64765 65022 64765 64765 64765 28784 0 0 0 0 0 0 0 0 0 0 0 0 0 0 0 0 0 0 0 0 8224 55256 64765 65022 64765 64765 60653 12850 0 0 0 0 0 0 0 0 0 0 0 0 0 0 0 0 0 0 0 0 14649 65022 65022 65536 65022 65022 41635 0 0 0 0 0 0 0 0 0 0 0 0 0 0 0 0 0 0 0 0 7453 51401 64765 64765 65022 64765 51658 2313 0 0 0 0 0 0 0 0 0 0 0 0 0 0 0 0 0 0 0 0 49859 64765 64765 64765 65022 64765 22102 0 0 0 0 0 0 0 0 0 0 0 0 0 0 0 0 0 0 0 0 3341 58597 64765 64765 64765 65022 46004 4883 0 0 0 0 0 0 0 0 0 0 0 0 0 0 0 0 0 0 0 0 49088 64765 64765 64765 64765 65022 6939 0 0 0 0 0 0 0 0 0 0 0 0 0 0 0 0 0 0 0 0 36238 65536 65022 65022 65022 65022 36238 0 0 0 0 0 0 0 0 0 0 0 0 0 0 0 0 0 0 0 0 18761 61681 65022 64765 64765 64765 52429 3855 0 0 0 0 0 0 0 0 0 0 0 0 0 0 0 0 0 0 0 3341 48060 64765 65022 64765 64765 62966 22359 0 0 0 0 0 0 0 0 0 0 0 0 0 0 0 0 0 0 0 0 14649 64765 64765 65022 64765 64765 53457 0 0 0 0 0 0 0 0 0 0 0 0 0 0 0 0 0 0 0 0 0 14649 64765 64765 44719 32639 28784 9509 0 0 0 0 0 0 0 0 0 0 0 0 0 0 0 0 0 0 0 0 0 0 0 0 0 0 0 0 0 0 0 0 0 0 0 0 0 0 0 0 0 0 0 0 0 0 0 0 0 0 0 0 0 0 0 0 0 0 0 0 0 0 0 0 0 0 0 0 0 0 0 0 0 0 0 0 0 0 0 0 0 0 0 0 0 0 0 0 0 0 0 0 0 0 0 0 0 0 0 0 0 0 0 0 0 0 0 0 0 0 0 0 0 0 0 0 0 0 0 0 0 0 0 0 0 0 0 
0 0 0 0 0 0 0 0 0 0 0 0 0 0 0 0 0 0 0 0 0 0 0 0 0 0 0 0 0 0 0 0 0 0 0 0 0 0 0 0 0 0 0 0 0 0 0 0 0 0 0 0 0 0 0 0 0 0 0 0 0 0 0 0 0 0 0 0 0 0 0 0 0 0 0 0 0 0 0 0 0 0 0 0 0 0 0 0 0 0 0 0 0 0 0 0 0 0 0 0 0 0 0 0 0 0 0 0 0 0 0 0 0 0 0 0 0 0 0 0 0 0 0 0 0 0 0 4883 53714 65279 42920 10537 771 0 0 0 0 0 0 0 0 0 0 0 0 0 0 0 0 0 0 0 0 0 1799 53200 65022 65022 65022 65022 30326 0 0 0 0 0 0 0 0 0 0 0 0 0 0 0 0 0 0 0 0 0 22616 65022 65022 65022 65022 65022 56798 10280 0 0 0 0 0 0 0 0 0 0 0 0 0 0 0 0 0 0 0 21074 54999 65022 65022 65022 65022 65022 65022 56798 4112 0 0 0 0 0 0 0 0 0 0 0 0 0 0 0 0 0 14392 54228 65279 65022 65022 65022 65022 65022 65022 65022 6168 0 0 0 0 0 0 0 0 0 0 0 0 0 0 0 0 28270 63737 65022 65279 65022 49088 21331 59882 65022 65022 65022 14906 0 0 0 0 0 0 0 0 0 0 0 0 0 0 0 28270 63480 65022 65022 64251 25700 4626 0 46775 65022 65022 65022 22359 0 0 0 0 0 0 0 0 0 0 0 0 0 6168 48831 63480 65022 65022 53200 23644 0 0 0 46775 65022 65022 65022 37009 0 0 0 0 0 0 0 0 0 0 0 0 5397 51658 65022 65022 65022 52943 19532 0 0 0 0 46775 65022 65022 65022 37009 0 0 0 0 0 0 0 0 0 0 0 0 12593 65022 65022 65022 53200 4626 0 0 0 0 0 32125 65022 65022 65022 37009 0 0 0 0 0 0 0 0 0 0 0 21588 54999 65279 65279 52429 4369 0 0 0 0 0 0 17219 65279 65279 65279 35724 0 0 0 0 0 0 0 0 0 0 771 42920 65022 65022 63223 11051 0 0 0 0 0 0 1285 48317 65022 65022 65022 6168 0 0 0 0 0 0 0 0 0 0 6425 65022 65022 65022 27242 0 0 0 0 0 0 0 12593 65022 65022 65022 61424 5140 0 0 0 0 0 0 0 0 0 0 27242 65022 65022 65022 15420 0 0 0 0 0 0 1799 37266 65022 65022 65022 34182 0 0 0 0 0 0 0 0 0 0 0 15163 65022 65022 65022 15420 0 0 0 0 0 1542 37523 65022 65022 65022 49345 2570 0 0 0 0 0 0 0 0 0 0 0 6425 65022 65022 65022 15420 0 0 0 0 2570 51144 65022 65022 65022 50887 16191 0 0 0 0 0 0 0 0 0 0 0 0 4369 56798 65022 65022 55770 42406 22102 22102 36752 53714 65022 65022 65022 59882 10280 0 0 0 0 0 0 0 0 0 0 0 0 0 0 40350 65022 65022 65022 65022 65022 65022 65022 65279 65022 65022 54228 6939 0 0 0 0 0 0 0 0 0 0 0 0 0 0 0 3855 45490 65022 65022 65022 65022 65022 65022 65279 65022 28527 4883 0 0 0 0 0 0 0 0 0 0 0 0 0 0 0 0 0 2056 10280 33925 44462 65022 65022 50116 17990 2827 1285 0 0 0 0 0 0 0 0 0 0 0 0 0 0 0 0 0 0 0 0 0 0 0 0 0 0 0 0 0 0 0 0 0 0 0 0 0 0 0 0 0 0 0 0 0 0 0 0 0 0 0 0 0 0 0 0 0 0 0 0 0 0 0 0 0 0 0 0 0 0 0 0 0 0 0 0 0 0 0 0 0 0 0 0 0 0 0 0 0 0 0 0 0 0 0 0 0 0 0 0 0 0 0 0 0 0 0 0 0 0 0 0 0 0 0 0 0 0 0 0 0 0 0 
0 0 0 0 0 0 0 0 0 0 0 0 0 0 0 0 0 0 0 0 0 0 0 0 0 0 0 0 0 0 0 0 0 0 0 0 0 0 0 0 0 0 0 0 0 0 0 0 0 0 0 0 0 0 0 0 0 0 0 0 0 0 0 0 0 0 0 0 0 0 0 0 0 0 0 0 0 0 0 0 0 0 0 0 0 0 0 0 0 0 0 0 0 0 0 0 0 0 0 0 0 0 0 0 0 0 0 0 0 0 0 0 0 0 0 0 0 0 0 0 0 0 0 0 0 0 0 0 0 0 0 0 0 0 0 0 0 0 0 0 0 0 0 0 0 0 0 0 0 0 0 0 0 0 0 0 0 0 0 0 0 0 0 0 0 0 0 0 0 0 0 0 0 0 0 0 0 0 0 0 0 0 42920 59625 28527 4883 0 0 0 0 0 0 0 0 0 0 0 0 0 0 0 0 0 0 0 0 0 0 0 21845 63223 65279 65279 43691 514 0 0 0 0 0 0 0 0 0 0 0 0 0 0 0 0 0 0 0 0 0 0 55256 65279 65279 58854 65279 40864 0 0 0 0 0 0 0 0 0 0 0 0 0 0 0 0 0 0 0 0 1028 34439 65279 65279 39836 6939 55256 61938 9252 0 0 0 0 0 0 0 0 0 0 0 0 0 0 0 0 0 0 6682 36752 65279 65279 56798 7710 0 36238 65279 19275 0 0 0 0 0 0 0 0 0 0 0 0 0 0 0 0 0 1028 37009 65279 65279 63994 13621 0 0 18247 65279 32382 0 0 0 0 0 0 0 0 0 0 0 0 0 0 0 0 0 26728 65279 65279 65279 43948 0 0 0 18247 65279 59882 3598 0 0 0 0 0 0 0 0 0 0 0 0 0 0 0 14906 61167 65279 65279 61424 2313 0 0 0 18247 65279 65279 5140 0 0 0 0 0 0 0 0 0 0 0 0 0 0 2056 52686 65279 65279 57569 9766 0 0 0 0 4369 59625 65279 5140 0 0 0 0 0 0 0 0 0 0 0 0 0 0 45747 65279 65279 65279 24929 0 0 0 0 0 0 57826 65279 5140 0 0 0 0 0 0 0 0 0 0 0 0 0 0 56541 65279 65279 65279 63480 52686 52686 32125 27242 37009 27242 60910 65279 5140 0 0 0 0 0 0 0 0 0 0 0 0 0 0 50630 65279 65279 65279 65279 65279 65279 65279 65279 65279 65279 65279 65279 5140 0 0 0 0 0 0 0 0 0 0 0 0 0 0 4883 28013 35724 35724 35724 35724 35724 35724 35724 35724 52943 65022 65279 5140 0 0 0 0 0 0 0 0 0 0 0 0 0 0 0 0 0 0 0 0 0 0 0 0 0 57826 65279 22359 0 0 0 0 0 0 0 0 0 0 0 0 0 0 0 0 0 0 0 0 0 0 0 0 0 57826 65279 30840 0 0 0 0 0 0 0 0 0 0 0 0 0 0 0 0 0 0 0 0 0 0 0 0 0 39579 65279 48831 0 0 0 0 0 0 0 0 0 0 0 0 0 0 0 0 0 0 0 0 0 0 0 0 0 32382 65279 56284 0 0 0 0 0 0 0 0 0 0 0 0 0 0 0 0 0 0 0 0 0 0 0 0 0 32382 65279 56284 0 0 0 0 0 0 0 0 0 0 0 0 0 0 0 0 0 0 0 0 0 0 0 0 0 32382 65279 37009 0 0 0 0 0 0 0 0 0 0 0 0 0 0 0 0 0 0 0 0 0 0 0 0 0 12079 47032 3084 0 0 0 0 0 0 0 0 0 0 0 0 0 0 0 0 0 0 0 0 0 0 0 0 0 0 0 0 0 0 0 0 0 0 0 0 0 0 0 0 0 0 0 0 0 0 0 0 0 0 0 0 0 0 0 0 0 0 0 0 0 0 0 
0 0 0 0 0 0 0 0 0 0 0 0 0 0 0 0 0 0 0 0 0 0 0 0 0 0 0 0 0 0 0 0 0 0 0 0 0 0 0 0 0 0 0 0 0 0 0 0 0 0 0 0 0 0 0 0 0 0 0 0 0 0 0 0 0 0 0 0 0 0 0 0 0 0 0 0 0 0 0 0 0 0 0 0 0 0 0 0 0 0 0 0 0 0 0 0 0 0 0 0 0 0 0 0 0 0 0 0 0 0 0 0 0 0 0 0 0 0 0 0 0 0 0 0 0 0 0 0 0 0 0 0 0 0 0 0 0 0 0 0 0 0 0 0 0 0 0 0 0 0 0 0 0 0 0 0 0 0 0 0 0 0 0 0 0 0 0 0 0 0 0 0 0 0 0 0 0 0 0 0 0 14135 35210 56798 59882 19275 0 0 0 0 0 0 0 0 0 0 0 0 0 0 0 0 0 0 0 0 16962 42149 63223 64508 65536 65279 65279 35210 0 0 0 0 0 0 0 0 0 0 0 0 0 0 0 0 0 0 0 10794 59625 65279 65279 54228 54485 65279 65279 59625 5397 0 0 0 0 0 0 0 0 0 0 0 0 0 0 0 0 0 2570 54228 65279 65279 30583 2056 2056 50887 65279 65279 13621 0 0 0 0 0 0 0 0 0 0 0 0 0 0 0 0 0 42406 65279 63994 35210 2570 0 0 21331 65279 65279 31611 0 0 0 0 0 0 0 0 0 0 0 0 0 0 0 0 0 53200 65279 39579 0 0 0 0 9509 63223 65279 50116 0 0 0 0 0 0 0 0 0 0 0 0 0 0 0 0 0 14906 63994 56798 7196 0 0 0 0 60910 65279 43691 0 0 0 0 0 0 0 0 0 0 0 0 0 0 0 0 0 0 35467 65279 25186 0 0 0 15420 64251 65279 30069 0 0 0 0 0 0 0 0 0 0 0 0 0 0 0 0 0 0 2570 54742 57826 31097 9252 25186 49859 65279 46775 2570 0 0 0 0 0 0 0 0 0 0 0 0 0 0 0 0 0 0 0 11565 59882 65279 65279 65279 65279 65279 29298 0 0 0 0 0 0 0 0 0 0 0 0 0 0 0 0 0 0 0 0 0 0 17219 37266 22873 34439 65279 29298 0 0 0 0 0 0 0 0 0 0 0 0 0 0 0 0 0 0 0 0 0 0 0 0 0 18247 65279 29298 0 0 0 0 0 0 0 0 0 0 0 0 0 0 0 0 0 0 0 0 0 0 0 0 0 18247 65279 29298 0 0 0 0 0 0 0 0 0 0 0 0 0 0 0 0 0 0 0 0 0 0 0 0 0 18247 65279 29298 0 0 0 0 0 0 0 0 0 0 0 0 0 0 0 0 0 0 0 0 0 0 0 0 0 18247 65279 29298 0 0 0 0 0 0 0 0 0 0 0 0 0 0 0 0 0 0 0 0 0 0 0 0 0 18247 65279 29298 3341 0 0 0 0 0 0 0 0 0 0 0 0 0 0 0 0 0 0 0 0 0 0 0 0 18247 65279 57826 56541 19018 0 0 0 0 0 0 0 0 0 0 0 0 0 0 0 0 0 0 0 0 0 0 0 18247 65279 65279 65279 35210 0 0 0 0 0 0 0 0 0 0 0 0 0 0 0 0 0 0 0 0 0 0 0 5140 61167 65279 65279 47546 0 0 0 0 0 0 0 0 0 0 0 0 0 0 0 0 0 0 0 0 0 0 0 0 25186 62966 49602 10537 0 0 0 0 0 0 0 0 0 0 0 0 0 0 0 0 0 0 0 0 0 0 0 0 0 0 0 0 0 0 0 0 0 0 0 0 0 0 0 0 0 0 0 0 0 0 0 0 0 0 0 0 0 0 0 0 0 0 0 0 0 0 0 0 
0 0 0 0 0 0 0 0 0 0 0 0 0 0 0 0 0 0 0 0 0 0 0 0 0 0 0 0 0 0 0 0 0 0 0 0 0 0 0 0 0 0 0 0 0 0 0 0 0 0 0 0 0 0 0 0 0 0 0 0 0 0 0 0 0 0 0 0 0 0 0 0 0 0 0 0 0 0 0 0 0 0 0 0 0 0 0 0 0 0 0 0 0 0 0 0 0 0 0 0 0 0 0 0 0 0 0 0 0 0 0 0 0 0 0 0 0 0 0 0 0 0 0 0 0 0 0 0 0 0 0 0 0 0 0 0 0 0 0 0 0 0 0 0 0 0 0 0 0 0 0 0 0 0 0 0 0 0 0 0 0 0 0 0 0 0 0 0 0 0 0 0 0 0 0 0 0 0 0 0 0 0 3084 34182 37009 65022 65022 65022 41378 8995 2056 0 0 0 0 0 0 0 0 0 0 0 0 0 0 0 0 2313 32897 37266 63480 65022 64765 64765 64765 64765 64765 64765 54228 3598 0 0 0 0 0 0 0 0 0 0 0 0 0 0 16191 48574 64765 64765 64765 65022 59368 55513 55513 33154 35981 64765 64765 10537 0 0 0 0 0 0 0 0 0 0 0 0 0 16448 59882 64765 64765 64765 58854 36238 9252 0 0 0 9766 59111 64765 36752 0 0 0 0 0 0 0 0 0 0 0 2313 36238 59625 64765 64765 58854 35981 9766 0 0 0 0 18761 51658 64765 58854 13364 0 0 0 0 0 0 0 0 0 0 0 9509 64765 64765 64765 64765 16448 0 0 0 0 0 9766 60396 64765 64765 25443 0 0 0 0 0 0 0 0 0 0 0 12593 42663 64765 64765 58597 32897 1799 0 0 0 0 13621 44719 64765 64765 57569 26728 0 0 0 0 0 0 0 0 0 0 0 37266 64765 64765 64765 19532 0 0 0 0 0 17476 61424 64765 64765 57569 11822 0 0 0 0 0 0 0 0 0 0 0 0 37266 64765 64765 35724 1542 0 0 0 0 31097 62195 64765 64765 58083 11565 0 0 0 0 0 0 0 0 0 0 0 0 3084 63480 64765 64765 19789 0 0 26985 31097 60653 63737 64765 64765 64765 19789 0 0 0 0 0 0 0 0 0 0 0 0 0 1542 49088 65022 65022 35467 12079 59368 65022 65022 65022 65536 65022 65022 58597 8995 0 0 0 0 0 0 0 0 0 0 0 0 0 0 9252 64765 64765 64765 64765 64765 64765 64765 64765 65022 64765 63994 32639 0 0 0 0 0 0 0 0 0 0 0 0 0 0 0 17219 61167 64765 64765 64765 64765 64765 64765 64765 65022 64765 50887 0 0 0 0 0 0 0 0 0 0 0 0 0 0 0 0 0 13364 21588 29041 52429 27242 26214 61938 64765 65022 63480 20046 0 0 0 0 0 0 0 0 0 0 0 0 0 0 0 0 0 0 0 0 0 0 47032 64765 64765 64251 29812 0 0 0 0 0 0 0 0 0 0 0 0 0 0 0 0 0 0 0 0 0 0 16705 62709 64765 64765 53200 0 0 0 0 0 0 0 0 0 0 0 0 0 0 0 0 0 0 0 0 0 0 6425 35981 64765 64765 64765 20817 0 0 0 0 0 0 0 0 0 0 0 0 0 0 0 0 0 0 0 0 0 0 18761 64765 64765 64765 38037 0 0 0 0 0 0 0 0 0 0 0 0 0 0 0 0 0 0 0 0 0 0 0 33411 64765 64765 64765 5654 0 0 0 0 0 0 0 0 0 0 0 0 0 0 0 0 0 0 0 0 0 0 0 9766 59111 64765 36495 1542 0 0 0 0 0 0 0 0 0 0 0 0 0 0 0 0 0 0 0 0 0 0 0 0 0 0 0 0 0 0 0 0 0 0 0 0 0 0 0 0 0 0 0 0 0 0 0 0 0 0 0 0 0 0 0 0 0 0 0 0 0 0 0 0 0 0 0 0 0 
0 0 0 0 0 0 0 0 0 0 0 0 0 0 0 0 0 0 0 0 0 0 0 0 0 0 0 0 0 0 0 0 0 0 0 0 0 0 0 0 0 0 0 0 0 0 0 0 0 0 0 0 0 0 0 0 0 0 0 0 0 0 0 0 0 0 0 0 0 0 0 0 0 0 0 0 0 0 0 0 0 0 0 0 0 0 0 0 0 0 0 0 0 0 0 0 0 0 0 0 0 0 0 0 0 0 0 0 0 0 0 0 0 0 0 0 0 0 0 0 0 0 0 0 0 0 0 0 0 0 9766 47032 61167 12336 1799 0 0 0 0 0 0 0 0 0 0 0 0 0 0 0 0 0 0 0 0 0 0 0 55770 65279 65279 58340 5397 0 0 0 0 0 0 0 0 0 0 0 0 0 0 0 0 0 0 0 0 0 1542 50116 65279 65279 65279 55770 4112 0 0 0 0 0 0 0 0 0 0 0 0 0 0 0 0 0 0 0 0 0 15163 58854 65279 65279 63737 32382 0 0 0 0 0 0 0 0 0 0 0 0 0 0 0 0 0 0 0 0 0 10537 51658 65279 65279 65279 32897 0 0 0 0 0 0 0 0 0 0 0 0 0 0 0 0 0 0 0 0 0 0 29041 65022 65279 65279 51401 2056 0 0 0 0 0 0 0 0 0 0 0 0 0 0 0 0 0 0 0 0 0 24672 60653 65279 65279 65022 31611 0 0 0 0 0 0 0 0 0 0 0 0 0 0 0 0 0 0 0 0 0 6939 46261 65279 65279 65279 50630 0 0 0 0 0 0 0 0 0 0 0 0 0 0 0 0 0 0 0 0 0 0 39579 65279 65279 65279 65279 19275 0 0 0 0 0 0 0 0 0 0 0 0 0 0 0 0 0 0 0 0 0 6682 59111 65279 65279 65279 45747 1542 0 0 0 0 0 0 0 0 0 0 0 0 0 0 0 0 0 0 0 0 0 34182 63223 65279 65279 56798 3341 0 0 0 0 0 0 0 0 0 0 0 0 0 0 0 0 0 0 0 0 0 6939 55770 65279 65279 61167 23901 0 0 0 0 0 0 0 0 0 0 0 0 0 0 0 0 0 0 0 0 0 6682 42920 65279 65279 65279 41121 514 0 0 0 0 0 0 0 0 0 0 0 0 0 0 0 0 0 0 0 0 0 11308 62195 65279 65279 58340 17219 0 0 0 0 0 0 0 0 0 0 0 0 0 0 0 0 0 0 0 0 0 2827 46004 65279 65279 65279 32897 0 0 0 0 0 0 0 0 0 0 0 0 0 0 0 0 0 0 0 0 0 0 21588 63480 65279 65279 59882 2570 0 0 0 0 0 0 0 0 0 0 0 0 0 0 0 0 0 0 0 0 0 21845 63737 65279 65279 65279 21588 0 0 0 0 0 0 0 0 0 0 0 0 0 0 0 0 0 0 0 0 0 3855 44205 65279 65279 65279 46004 5911 0 0 0 0 0 0 0 0 0 0 0 0 0 0 0 0 0 0 0 0 0 6168 59111 65279 65279 62966 8481 0 0 0 0 0 0 0 0 0 0 0 0 0 0 0 0 0 0 0 0 0 0 5654 47289 65279 65536 28527 0 0 0 0 0 0 0 0 0 0 0 0 0 0 0 0 0 0 0 0 0 0 0 0 0 0 0 0 0 0 0 0 0 0 0 0 0 0 0 0 0 0 0 0 0 0 0 0 0 0 0 0 0 0 0 0 0 0 0 0 0 0 0 0 0 0 0 0 0 0 0 0 0 0 0 0 0 0 0 0 0 0 0 0 0 0 0 0 0 0 0 0 0 0 0 0 0 0 0 0 0 0 0 0 0 0 0 0 0 0 0 0 0 0 0 0 0 0 0 0 0 0 0 0 0 0 0 0 
0 0 0 0 0 0 0 0 0 0 0 0 0 0 0 0 0 0 0 0 0 0 0 0 0 0 0 0 0 0 0 0 0 0 0 0 0 0 0 0 0 0 0 0 0 0 0 0 0 0 0 0 0 0 0 0 0 0 0 0 0 0 0 0 0 0 0 0 0 0 0 0 0 0 0 0 0 0 0 0 0 0 0 0 0 0 0 0 0 0 0 0 0 0 0 0 0 0 0 0 0 0 0 0 0 0 0 0 0 0 0 0 0 0 0 0 0 0 0 0 0 0 0 0 0 0 0 0 0 0 0 0 0 0 0 0 0 0 0 0 0 0 0 0 0 0 0 0 0 0 0 0 0 0 0 0 0 0 0 0 0 0 0 0 0 0 0 0 0 0 0 0 0 0 0 0 0 0 0 0 0 0 0 0 0 0 0 0 0 0 0 0 0 0 0 0 0 0 0 0 0 0 0 0 0 0 0 6425 21074 40864 45490 48060 48060 14906 7967 0 0 0 0 0 0 0 0 0 0 0 0 0 0 0 0 0 0 16962 45490 60139 65022 65279 65022 65022 65022 65022 14135 0 0 0 0 0 0 0 0 0 0 0 0 0 0 0 0 5654 35467 64251 65022 65022 65022 65279 47289 60653 65022 65022 56284 15934 0 0 0 0 0 0 0 0 0 0 0 0 0 0 17990 53200 65022 64765 59368 38294 6425 2827 1028 2313 17733 53200 65022 63994 39065 0 0 0 0 0 0 0 0 0 0 0 0 0 40350 65022 65022 49859 0 0 0 0 0 0 0 42663 65022 65022 53714 0 0 0 0 0 0 0 0 0 0 0 0 30326 64508 65022 37266 1285 0 0 0 0 0 0 2056 50373 65022 65022 53714 0 0 0 0 0 0 0 0 0 0 0 0 53971 65022 52172 1285 0 0 0 0 0 0 13621 46518 65022 65022 65022 26728 0 0 0 0 0 0 0 0 0 0 0 0 53971 65022 50887 0 0 0 0 0 11565 31354 60910 65022 65022 65022 44976 0 0 0 0 0 0 0 0 0 0 0 0 0 45233 65022 61424 26214 1799 0 14906 32639 65536 65022 65022 65022 65022 65022 33668 0 0 0 0 0 0 0 0 0 0 0 0 0 3341 62966 65022 65022 57569 56798 62966 65022 65279 65022 53971 26985 65022 65022 21588 0 0 0 0 0 0 0 0 0 0 0 0 0 0 17476 58854 65279 65279 65279 65279 57826 60910 37009 4883 5911 65536 65279 5654 0 0 0 0 0 0 0 0 0 0 0 0 0 0 0 4369 19789 19789 19789 19789 2570 8738 0 0 25700 65022 49088 1799 0 0 0 0 0 0 0 0 0 0 0 0 0 0 0 0 0 0 0 0 0 0 0 0 34182 65022 42406 0 0 0 0 0 0 0 0 0 0 0 0 0 0 0 0 0 0 0 0 0 0 0 0 0 36495 65022 42406 0 0 0 0 0 0 0 0 0 0 0 0 0 0 0 0 0 0 0 0 0 0 0 0 5654 63223 65022 23901 0 0 0 0 0 0 0 0 0 0 0 0 0 0 0 0 0 0 0 0 0 0 0 0 25700 65022 65022 14135 0 0 0 0 0 0 0 0 0 0 0 0 0 0 0 0 0 0 0 0 0 0 0 0 25700 65022 64508 13364 0 0 0 0 0 0 0 0 0 0 0 0 0 0 0 0 0 0 0 0 0 0 0 0 25700 65022 57055 6168 0 0 0 0 0 0 0 0 0 0 0 0 0 0 0 0 0 0 0 0 0 0 0 0 25700 65022 50887 0 0 0 0 0 0 0 0 0 0 0 0 0 0 0 0 0 0 0 0 0 0 0 0 0 14649 63994 38551 0 0 0 0 0 0 0 0 0 0 0 0 0 0 0 0 0 0 0 0 0 0 0 0 0 0 0 0 0 0 0 0 0 0 0 0 0 0 
0 0 0 0 0 0 0 0 0 0 0 0 0 0 0 0 0 0 0 0 0 0 0 0 0 0 0 0 0 0 0 0 0 0 0 0 0 0 0 0 0 0 0 0 0 0 0 0 0 0 0 0 0 0 0 0 0 0 0 0 0 0 0 0 0 0 0 0 0 0 0 0 0 0 0 0 0 0 0 0 0 0 0 0 0 0 0 0 0 0 0 0 0 0 0 0 0 0 0 0 0 0 0 0 0 0 0 0 0 0 0 0 0 0 0 0 0 0 0 0 0 0 24415 25957 25957 37780 65536 65279 54485 25957 14135 0 0 0 0 0 0 0 0 0 0 0 0 0 0 0 0 0 15163 51401 64251 65022 65022 65022 65022 65022 65022 65022 58854 41892 4369 0 0 0 0 0 0 0 0 0 0 0 0 0 0 13878 58597 65022 65022 65022 65022 65022 65022 65022 65022 65022 65022 65022 23644 0 0 0 0 0 0 0 0 0 0 0 0 0 0 23901 65022 65022 42406 41121 20817 1799 1799 1799 1799 4112 52172 65022 23644 0 0 0 0 0 0 0 0 0 0 0 0 0 0 23901 65022 37780 1028 0 0 0 0 0 0 0 29812 65022 47546 0 0 0 0 0 0 0 0 0 0 0 0 0 0 23901 65022 29555 0 0 0 0 0 0 0 0 29812 65022 23644 0 0 0 0 0 0 0 0 0 0 0 0 0 0 1542 50373 41378 1285 0 0 0 0 0 0 0 29812 65022 23644 0 0 0 0 0 0 0 0 0 0 0 0 0 0 0 19532 61424 3598 0 0 0 0 0 0 514 33925 65022 23644 0 0 0 0 0 0 0 0 0 0 0 0 0 0 0 0 35724 3598 0 0 0 0 0 0 4112 65022 65022 23644 0 0 0 0 0 0 0 0 0 0 0 0 0 0 0 0 3084 514 0 0 0 0 0 0 16191 65022 65022 23644 0 0 0 0 0 0 0 0 0 0 0 0 0 0 0 0 0 0 0 0 0 0 0 12593 58597 65022 53971 7196 0 0 0 0 0 0 0 0 0 0 0 0 0 0 0 0 0 0 0 0 0 0 0 37009 65022 65022 30069 0 0 0 0 0 0 0 0 0 0 0 0 0 0 0 0 0 0 0 0 0 0 1799 37009 64251 65022 38551 1285 0 0 0 0 0 0 0 0 0 0 0 0 0 0 0 0 0 2313 4112 4112 4112 4112 33668 65022 63994 34439 11822 0 0 0 0 0 0 0 0 0 0 0 0 0 0 0 0 11051 29812 49088 65022 65022 65022 65022 65022 65022 47032 0 0 0 0 0 0 0 0 0 0 0 0 0 0 0 0 0 9252 58083 65022 65022 65022 65022 65022 65022 65022 65022 62452 52943 15934 2570 0 0 0 0 0 0 0 0 0 0 0 0 0 7710 55256 65022 65022 65022 65022 65022 65022 65022 65022 65022 65022 65022 65022 44976 15163 0 0 0 0 0 0 0 0 0 0 0 0 12079 65022 65022 65022 65022 65022 65022 65022 39579 37266 37266 44719 65022 65022 65022 40350 0 0 0 0 0 0 0 0 0 0 0 0 9509 59111 65022 65022 65022 65022 54742 30840 1028 0 0 3341 14135 57569 65022 64765 36495 2570 0 0 0 0 0 0 0 0 0 0 0 14906 39836 65022 65022 27756 6939 0 0 0 0 0 0 11822 34953 65022 48060 4626 0 0 0 0 0 0 0 0 0 0 0 0 0 0 0 0 0 0 0 0 0 0 0 0 0 0 0 0 0 0 0 0 0 0 0 0 0 0 0 0 0 0 0 0 0 0 0 0 0 0 0 0 0 0 0 0 0 0 0 0 0 0 0 0 0 0 0 0 0 0 0 0 0 0 0 0 0 0 0 0 0 0 0 0 0 0 0 0 0 0 0 0 0 0 0 0 0 0 0 0 0 0 0 0 0 0 0 0 0 0 0 0 0 0 0 0 0 
0 0 0 0 0 0 0 0 0 0 0 0 0 0 0 0 0 0 0 0 0 0 0 0 0 0 0 0 0 0 0 0 0 0 0 0 0 0 0 0 0 0 0 0 0 0 0 0 0 0 0 0 0 0 0 0 0 0 0 0 0 0 0 0 0 0 0 0 0 0 0 0 0 0 0 0 0 0 0 0 0 0 0 0 0 0 0 0 0 0 0 0 0 0 0 0 0 0 0 0 0 0 0 0 0 0 0 0 0 0 0 0 0 0 0 0 0 0 0 0 7453 22359 38037 58340 62966 56027 42406 4626 0 0 0 0 0 0 0 0 0 0 0 0 0 0 0 0 0 0 25700 48831 59625 64765 65022 64765 64765 64765 64765 36238 0 0 0 0 0 0 0 0 0 0 0 0 0 0 0 0 0 23901 63480 64765 61167 59368 59625 50373 32382 39065 63994 59625 8224 0 0 0 0 0 0 0 0 0 0 0 0 0 0 0 0 44719 59368 34953 7196 0 0 0 0 0 54228 65022 34182 0 0 0 0 0 0 0 0 0 0 0 0 0 0 0 0 26728 13878 0 0 0 0 0 0 0 54228 65022 43177 0 0 0 0 0 0 0 0 0 0 0 0 0 0 0 0 0 0 0 0 0 0 0 0 0 54485 65536 38808 0 0 0 0 0 0 0 0 0 0 0 0 0 0 0 0 0 0 0 0 0 0 0 0 12336 62195 61424 10794 0 0 0 0 0 0 0 0 0 0 0 0 0 0 0 0 0 0 0 0 0 0 0 514 42920 64765 29555 0 0 0 0 0 0 0 0 0 0 0 0 0 0 0 0 0 0 0 0 0 0 0 0 12336 64765 64765 20560 0 0 0 0 0 0 0 0 0 0 0 0 0 0 0 0 0 0 0 0 0 0 0 0 55256 64765 31097 0 0 0 0 0 0 0 0 0 0 0 0 0 0 0 0 0 0 0 0 0 0 0 2056 40350 65022 65022 10794 0 0 0 0 0 0 0 0 0 0 0 0 0 0 0 0 0 0 0 0 0 0 0 31611 64765 64765 43434 2827 0 0 0 0 0 0 0 0 0 0 0 0 0 0 0 0 0 0 0 0 0 0 15934 62966 64765 57569 1799 0 0 0 0 0 0 0 0 0 0 0 0 0 0 0 0 0 0 0 0 0 0 4112 56798 65022 64765 14392 0 0 0 0 0 0 0 0 0 0 0 0 0 0 0 0 0 0 0 0 0 0 0 27756 64765 65022 55770 25957 0 0 0 0 0 0 0 0 0 0 0 0 0 0 0 0 0 0 0 0 0 0 0 39065 65022 65536 65022 65022 53714 31354 11051 11051 1028 0 0 0 0 0 7453 1799 0 0 0 0 0 0 0 0 0 0 0 4112 38551 56027 64765 64765 64765 64765 65022 64765 50116 41892 21845 22102 21845 24158 59625 51401 0 0 0 0 0 0 0 0 0 0 0 0 0 3084 25700 34439 60910 64765 65022 64765 64765 64765 64765 65022 64765 64765 64765 64765 0 0 0 0 0 0 0 0 0 0 0 0 0 0 0 0 5397 21588 37266 48574 56798 64765 64765 65022 64765 64765 64765 39836 0 0 0 0 0 0 0 0 0 0 0 0 0 0 0 0 0 0 0 0 5397 10794 10794 37780 37780 37780 31097 1799 0 0 0 0 0 0 0 0 0 0 0 0 0 0 0 0 0 0 0 0 0 0 0 0 0 0 0 0 0 0 0 0 0 0 0 0 0 0 0 0 0 0 0 0 0 0 0 0 0 0 0 0 0 0 0 0 0 0 0 0 0 0 0 0 0 0 0 0 0 0 0 0 0 0 0 0 0 0 0 0 0 0 0 0 0 0 0 0 0 0 0 0 0 0 0 0 0 0 0 0 0 0 0 0 0 0 0 0 0 0 0 0 0 0 0 
0 0 0 0 0 0 0 0 0 0 0 0 0 0 0 0 0 0 0 0 0 0 0 0 0 0 0 0 0 0 0 0 0 0 0 0 0 0 0 0 0 0 0 0 0 0 0 0 0 0 0 0 0 0 0 0 0 0 0 0 0 0 0 0 0 0 0 0 0 0 0 0 0 0 0 0 0 0 0 0 0 0 0 0 0 0 0 0 0 0 0 0 0 0 0 0 0 0 0 0 0 0 0 0 0 0 0 0 0 0 0 0 0 0 0 0 0 0 0 3598 51658 54742 1799 0 0 0 0 0 0 0 0 0 0 0 0 0 0 0 0 0 0 0 0 0 0 0 0 17990 60139 35724 0 0 0 0 0 0 0 0 0 21074 47803 47803 30069 4626 0 0 0 0 0 0 0 0 0 0 0 46261 43177 0 0 0 0 0 0 0 0 0 27499 61167 65279 57569 63994 38808 514 0 0 0 0 0 0 0 0 0 5397 62709 28270 0 0 0 0 0 0 0 0 14135 61167 48060 22873 2313 41378 65279 6939 0 0 0 0 0 0 0 0 0 11308 65279 11308 0 0 0 0 0 0 0 0 40350 63994 8224 0 0 2056 59882 23901 0 0 0 0 0 0 0 0 0 46261 56541 1028 0 0 0 0 0 0 0 0 46518 38037 0 0 0 0 59111 29812 0 0 0 0 0 0 0 0 2056 59111 55770 0 0 0 0 0 0 0 0 23130 65022 21845 0 0 0 0 59111 37523 0 0 0 0 0 0 0 0 3341 65279 41378 0 0 0 0 0 0 0 0 37266 63994 7196 0 0 0 11565 63480 23901 0 0 0 0 0 0 0 0 12079 65279 32897 0 0 0 0 0 0 0 0 46261 45490 0 0 0 0 37523 65279 8224 0 0 0 0 0 0 0 0 24158 65279 14392 0 0 0 0 0 0 0 6682 61424 35467 0 0 0 2056 57569 56798 1542 0 0 0 0 0 0 0 0 41378 61938 6939 0 0 0 0 0 0 0 24672 65279 24929 0 0 0 26728 65279 25957 0 0 0 0 0 0 0 0 0 44719 58854 0 0 0 0 0 0 0 0 34182 65279 24929 0 0 10280 59882 51658 2827 0 0 0 0 0 0 0 0 0 50887 58854 0 0 0 0 0 0 0 0 34182 65279 5397 0 1799 53200 61681 14392 0 0 0 0 0 0 0 0 0 0 65536 58854 0 0 0 0 0 0 0 0 34182 65279 4112 257 40093 65022 19275 0 0 0 0 0 0 0 0 0 0 0 65279 58854 0 0 0 0 0 0 0 0 34182 58597 2570 33411 65279 33668 0 0 0 0 0 0 0 0 0 0 0 0 40350 63737 20303 0 0 0 0 0 0 0 18504 61167 23901 64765 61938 20303 0 0 0 0 0 0 0 0 0 0 0 0 6682 62195 47032 2056 0 0 0 0 0 0 13621 65279 65279 60653 13364 0 0 0 0 0 0 0 0 0 0 0 0 0 0 43177 65279 36495 2056 0 0 0 1799 17990 54742 65279 60910 6682 0 0 0 0 0 0 0 0 0 0 0 0 0 0 0 4626 56798 65279 59882 46518 38294 39579 59882 65279 61424 38808 63480 31097 0 0 0 0 0 0 0 0 0 0 0 0 0 0 0 0 5397 27756 44462 57055 65279 63994 42149 20560 2313 771 9252 23644 5911 0 0 0 0 0 0 0 0 0 0 0 0 0 0 0 0 0 0 0 0 0 0 0 0 0 0 0 0 0 0 0 0 0 0 0 0 0 0 0 0 0 0 0 0 0 0 0 0 0 0 0 0 0 0 0 0 0 0 0 0 0 0 0 0 0 0 0 0 0 0 0 0 0 0 0 0 0 0 0 0 0 0 0 0 0 0 0 0 0 0 0 0 0 0 0 0 0 0 0 0 0 0 0 0 0 0 0 0 0 0 0 0 0 0 0 0 0 0 0 0 
0 0 0 0 0 0 0 0 0 0 0 0 0 0 0 0 0 0 0 0 0 0 0 0 0 0 0 0 0 0 0 0 0 0 0 0 0 0 0 0 0 0 0 0 0 0 0 0 0 0 0 0 0 0 0 0 0 0 0 0 0 0 0 0 0 0 0 0 0 0 0 0 0 0 0 0 0 0 0 0 0 0 0 0 0 0 0 0 0 0 0 0 0 0 0 0 0 0 0 0 0 0 0 0 0 0 0 0 0 0 0 0 0 0 0 0 0 0 0 0 0 0 0 0 0 0 0 0 0 0 0 0 0 0 0 0 0 0 0 0 0 0 0 0 0 0 0 0 0 0 0 0 0 0 0 0 0 0 0 0 0 0 0 0 0 0 0 0 0 0 0 0 0 0 0 0 0 0 0 0 0 0 0 0 0 0 0 6939 9509 14392 32897 32897 21074 0 0 0 0 0 0 0 0 0 0 0 0 0 0 0 0 0 0 0 7710 28013 46261 61167 65279 65022 65022 65022 51658 0 0 0 0 0 0 0 0 0 0 0 0 0 0 0 0 0 0 46775 57055 65022 65022 65022 41892 36495 18504 18504 18504 0 0 0 0 0 0 0 0 0 0 0 0 0 0 4112 16191 1542 51915 65536 61167 46518 18247 0 0 0 0 0 0 0 0 0 0 0 0 0 0 0 0 0 0 0 10794 51401 64251 28270 44462 49345 13621 0 0 0 0 0 0 0 0 0 0 0 0 0 0 0 0 0 0 0 0 3598 50373 65022 53457 10280 0 3341 0 0 0 0 0 0 0 0 0 0 0 0 0 0 0 0 0 0 0 0 0 13364 65279 59882 10023 2827 1799 0 0 0 0 0 0 0 0 0 0 0 0 0 0 0 0 0 0 0 0 0 0 8481 65279 65022 65022 57055 53200 46775 24929 3341 0 0 0 0 0 0 0 0 0 0 0 0 0 0 0 0 0 0 0 0 15163 44976 62452 65279 65279 65536 65279 53457 24158 0 0 0 0 0 0 0 0 0 0 0 0 0 0 0 0 0 0 0 0 0 3855 4626 12850 19532 49345 62966 62966 22359 0 0 0 0 0 0 0 0 0 0 0 0 0 0 0 0 0 0 0 0 0 0 0 0 0 35724 65022 33154 0 0 0 0 0 0 0 0 0 0 0 0 0 24929 15420 0 0 0 0 0 0 0 0 0 2827 43177 65022 41635 0 0 0 0 0 0 0 0 0 0 0 0 0 50116 47546 3341 0 0 0 0 0 0 0 38294 57055 65022 61681 11822 0 0 0 0 0 0 0 0 0 0 0 0 0 50373 65279 53457 40093 18761 18761 40350 45233 65279 65279 65536 65279 45747 5140 0 0 0 0 0 0 0 0 0 0 0 0 0 0 3084 39322 58083 65022 65022 65279 65022 65022 63994 50887 28013 6168 771 0 0 0 0 0 0 0 0 0 0 0 0 0 0 0 0 0 7967 32639 32639 32639 27499 9252 8481 0 0 0 0 0 0 0 0 0 0 0 0 0 0 0 0 0 0 0 0 0 0 0 0 0 0 0 0 0 0 0 0 0 0 0 0 0 0 0 0 0 0 0 0 0 0 0 0 0 0 0 0 0 0 0 0 0 0 0 0 0 0 0 0 0 0 0 0 0 0 0 0 0 0 0 0 0 0 0 0 0 0 0 0 0 0 0 0 0 0 0 0 0 0 0 0 0 0 0 0 0 0 0 0 0 0 0 0 0 0 0 0 0 0 0 0 0 0 0 0 0 0 0 0 0 0 0 0 0 0 0 0 0 0 0 0 0 0 0 0 0 0 0 0 0 0 0 0 0 0 0 0 0 0 0 0 0 0 0 0 0 0 0 0 0 0 0 0 0 0 0 0 0 0 0 0 0 0 0 0 0 0 
0 0 0 0 0 0 0 0 0 0 0 0 0 0 0 0 0 0 0 0 0 0 0 0 0 0 0 0 0 0 0 0 0 0 0 0 0 0 0 0 0 0 0 0 0 0 0 0 0 0 0 0 0 0 0 0 0 0 0 0 0 0 0 0 0 0 18761 18761 2570 0 0 0 0 0 0 0 0 0 0 0 0 0 0 0 0 0 0 0 0 0 0 0 0 26985 65022 64508 35467 0 0 0 0 0 0 0 0 0 0 0 0 0 0 0 0 0 0 0 0 0 0 0 4112 48831 65022 64508 55256 0 0 0 0 0 0 0 0 0 0 0 0 0 0 0 0 0 0 0 0 0 0 4112 43691 64508 65022 64508 35210 0 0 0 0 0 0 0 0 0 0 0 0 0 0 0 0 0 0 0 0 0 0 9509 64508 64508 65022 64508 8995 0 0 0 0 0 0 0 0 0 0 0 0 0 0 0 0 0 0 0 0 0 0 22873 65022 65022 65536 65022 8995 0 0 0 0 0 0 0 0 0 0 0 0 0 0 0 0 0 0 0 0 0 0 55770 64508 64508 65022 43177 3855 0 0 0 0 0 0 0 0 0 0 0 0 0 0 0 0 0 0 0 0 0 32125 63223 64508 64508 62195 23644 0 0 0 0 0 0 0 0 0 0 8224 5397 0 0 0 0 0 0 0 0 0 8224 48831 64508 64508 64508 46261 0 0 0 0 0 0 0 0 0 8224 28013 59368 48574 28013 0 0 0 0 0 0 0 0 18761 64508 64508 64508 64508 13107 0 0 0 0 0 0 0 0 33411 51915 64508 64508 64508 64508 0 0 0 0 0 0 0 0 18761 65022 65022 65022 65022 0 0 0 0 0 0 0 0 28270 65022 65536 65022 65022 65022 65022 0 0 0 0 0 0 0 0 45233 64508 64508 64508 64508 0 0 0 0 0 0 0 5397 48831 64508 65022 64508 64508 64508 64508 0 0 0 0 0 0 0 0 58340 64508 64508 64508 64508 0 0 0 0 0 2827 35981 56798 64508 64508 65022 64508 64508 64508 24672 0 0 0 0 0 0 0 0 18761 64508 64508 64508 64508 0 0 0 0 0 38551 64508 64508 64508 64508 65022 64508 60396 36495 10537 0 0 0 0 0 0 0 0 18761 64508 64508 64508 64508 46775 19789 0 0 33411 65022 64508 64508 64508 64508 65022 64508 55256 0 0 0 0 0 0 0 0 0 0 13621 46261 62452 65022 65022 65536 65022 65022 65022 65022 65536 65022 65022 65022 65022 65536 65022 8995 0 0 0 0 0 0 0 0 0 0 0 0 29041 64508 64508 65022 64508 64508 64508 64508 65022 64508 64508 64508 64508 54228 27499 3855 0 0 0 0 0 0 0 0 0 0 0 0 1285 29041 55256 65022 64508 64508 64508 64508 65022 64508 64508 64508 24672 6425 0 0 0 0 0 0 0 0 0 0 0 0 0 0 0 0 0 36752 52686 60396 48574 64508 65022 48317 36495 36495 10537 0 0 0 0 0 0 0 0 0 0 0 0 0 0 0 0 0 0 0 10537 15677 7967 18247 18504 7710 0 0 0 0 0 0 0 0 0 0 0 0 0 0 0 0 0 0 0 0 0 0 0 0 0 0 0 0 0 0 0 0 0 0 0 0 0 0 0 0 0 0 0 0 0 0 0 0 0 0 0 0 0 0 0 0 0 0 0 0 0 0 0 0 0 0 0 0 0 0 0 0 0 0 0 0 0 0 0 0 0 0 0 0 0 0 0 0 0 0 0 0 0 0 0 0 0 0 0 0 0 0 0 0 0 0 0 0 0 0 0 0 0 0 0 0 0 0 0 0 0 0 0 0 0 0 0 0 0 0 0 0 0 0 0 0 0 0 0 0 0 0 0 0 0 0 0 0 0 0 0 0 0 0 0 0 0 0 0 0 0 0 0 0 0 0 0 0 0 0 0 0 0 0 0 0 0 0 0 
0 0 0 0 0 0 0 0 0 0 0 0 0 0 0 0 0 0 0 0 0 0 0 0 0 0 0 0 0 0 0 0 0 0 0 0 0 0 0 0 0 0 0 0 0 0 0 0 0 0 0 0 0 0 0 0 0 0 0 0 0 0 0 0 0 0 0 0 0 0 0 0 0 0 0 0 0 0 0 0 0 0 0 0 0 0 0 0 0 0 0 0 0 0 0 0 0 0 0 0 0 0 0 0 0 0 0 0 0 0 0 0 0 0 0 0 0 0 0 0 0 0 0 0 0 1799 31097 65536 65022 23130 0 0 0 0 0 0 0 0 0 0 0 0 0 0 0 0 0 0 0 0 0 0 0 17990 64765 65022 64765 63480 50630 5911 0 0 0 0 0 0 0 0 0 0 0 0 0 0 0 0 0 0 0 0 19018 61938 64765 65022 64765 64765 64765 59625 28013 0 0 0 0 0 0 0 0 0 0 0 0 0 0 0 0 0 0 3341 48574 64765 64765 44462 63737 64765 64765 64765 62709 28270 0 0 0 0 0 0 0 0 0 0 0 0 0 0 0 0 11051 53457 64765 63737 29555 0 12850 44205 29555 61167 64765 57055 15420 0 0 0 0 0 0 0 0 0 0 0 0 0 0 11051 42663 64765 64765 61167 0 0 0 0 0 22616 61167 64765 59368 5911 0 0 0 0 0 0 0 0 0 0 0 0 3341 53457 64765 64765 54485 19275 0 0 0 0 0 0 42406 64765 64765 27242 0 0 0 0 0 0 0 0 0 0 0 2570 43177 64765 64765 59882 21331 0 0 0 0 0 0 0 5140 51915 64765 48831 0 0 0 0 0 0 0 0 0 0 0 25957 64765 64765 56798 8481 0 0 0 0 0 0 0 0 0 44462 64765 61167 0 0 0 0 0 0 0 0 0 0 0 58083 64765 64765 50887 0 0 0 0 0 0 0 0 0 0 44462 64765 61167 0 0 0 0 0 0 0 0 0 0 13107 61681 65022 56798 8995 0 0 0 0 0 0 0 0 0 0 44719 65022 45233 0 0 0 0 0 0 0 0 0 0 41892 64765 64765 15163 0 0 0 0 0 0 0 0 0 0 45747 63737 64765 27242 0 0 0 0 0 0 0 0 0 0 61681 64765 57055 8481 0 0 0 0 0 0 0 0 0 28270 62966 64765 45747 2827 0 0 0 0 0 0 0 0 0 0 61681 64765 44205 0 0 0 0 0 0 0 0 0 17476 62709 64765 45233 3855 0 0 0 0 0 0 0 0 0 0 0 61681 64765 60396 10794 0 0 0 0 0 0 0 15677 50373 64765 26728 4369 0 0 0 0 0 0 0 0 0 0 0 0 61681 64765 64765 20817 0 0 0 0 0 0 13107 59625 64765 61167 13364 0 0 0 0 0 0 0 0 0 0 0 0 0 19532 54742 64765 59368 37266 3341 0 0 0 26728 63737 64765 61424 22102 0 0 0 0 0 0 0 0 0 0 0 0 0 0 0 21588 63737 64765 64765 48317 41121 41121 41121 65022 64765 62195 21588 0 0 0 0 0 0 0 0 0 0 0 0 0 0 0 0 0 33668 63994 64765 64765 64765 64765 64765 65022 47032 17219 0 0 0 0 0 0 0 0 0 0 0 0 0 0 0 0 0 0 0 24415 55770 64765 64765 64765 64765 48831 1542 0 0 0 0 0 0 0 0 0 0 0 0 0 0 0 0 0 0 0 0 0 0 0 0 0 0 0 0 0 0 0 0 0 0 0 0 0 0 0 0 0 0 0 0 0 0 0 0 0 0 0 0 0 0 0 0 0 0 0 0 0 0 0 0 0 0 0 0 0 0 0 0 0 0 0 0 0 0 0 0 0 0 0 0 0 0 0 0 0 0 0 0 0 0 0 0 0 0 0 0 0 0 0 0 0 0 0 0 0 0 0 0 0 0 0 0 0 0 0 0 0 0 0 
0 0 0 0 0 0 0 0 0 0 0 0 0 0 0 0 0 0 0 0 0 0 0 0 0 0 0 0 0 0 0 0 0 0 0 0 0 0 0 0 0 0 0 0 0 0 0 0 0 0 0 0 0 0 0 0 0 0 0 0 0 0 0 0 0 0 0 0 0 0 0 0 0 0 0 0 0 0 0 0 0 0 0 0 0 0 0 0 0 0 0 0 0 0 0 0 0 0 0 0 0 0 0 0 0 0 0 0 0 0 0 0 0 0 0 0 0 0 0 0 0 0 0 0 0 0 0 0 0 0 0 0 0 0 0 0 0 0 0 0 0 0 0 0 0 0 0 0 0 0 0 0 0 0 0 0 0 0 7453 27756 27756 10280 0 0 0 0 0 0 0 0 0 0 0 0 0 0 0 5140 29812 58597 38551 11565 0 0 0 7710 53200 65022 65022 57312 10280 0 0 0 0 0 0 0 0 0 0 0 0 0 25700 57055 65022 65022 65022 41635 0 0 0 49859 65022 65022 65022 65022 56284 0 0 0 0 0 0 0 0 0 0 0 0 25700 62195 65022 65022 54228 57826 65022 0 0 0 54999 60396 22616 19018 58854 62452 8224 0 0 0 0 0 0 0 0 0 0 12593 57055 65022 62195 27756 6425 30840 65022 25700 0 0 25443 57826 12593 0 41378 65022 37780 0 0 0 0 0 0 0 0 0 4626 59625 65022 53200 16191 0 0 1285 43948 34439 0 0 0 16191 5397 0 41378 65022 65022 0 0 0 0 0 0 0 0 0 27756 65022 65022 44205 0 0 0 0 34439 12593 0 0 0 0 0 0 41378 65022 65022 0 0 0 0 0 0 0 0 1799 47803 65022 51144 5654 0 0 0 0 34439 21845 257 0 0 0 0 0 39322 65022 65022 0 0 0 0 0 0 0 0 31097 65022 65022 10023 0 0 0 0 0 34439 65279 3341 0 0 0 0 0 25186 65022 65022 0 0 0 0 0 0 0 0 31354 65279 53971 5397 0 0 0 0 0 0 34439 1799 0 0 0 0 0 41378 65536 65536 0 0 0 0 0 0 0 0 63737 65022 40864 0 0 0 0 0 0 0 0 0 0 0 0 0 4626 51401 65022 65022 0 0 0 0 0 0 0 0 65279 65022 40864 0 0 0 0 0 0 0 0 0 0 0 0 5140 48831 65022 63737 22873 0 0 0 0 0 0 0 0 65279 65022 40864 0 0 0 0 0 0 0 0 0 0 0 5654 30326 65022 65022 50630 0 0 0 0 0 0 0 0 0 38037 65022 60139 22616 3598 0 0 0 0 0 0 0 6425 28270 55256 65022 62452 26214 5654 0 0 0 0 0 0 0 0 0 8224 55513 65022 65022 42406 13878 13878 13878 13878 13878 13878 46518 54485 65022 65022 62195 25186 0 0 0 0 0 0 0 0 0 0 0 0 23387 63994 65022 65022 65022 65022 65022 65022 65022 65536 65022 65022 61681 45490 16191 0 0 0 0 0 0 0 0 0 0 0 0 0 0 21588 34696 59882 65022 65022 65022 65022 65022 62195 58083 27499 16448 0 0 0 0 0 0 0 0 0 0 0 0 0 0 0 0 0 0 7453 27499 27499 27499 27499 27499 14649 0 0 0 0 0 0 0 0 0 0 0 0 0 0 0 0 0 0 0 0 0 0 0 0 0 0 0 0 0 0 0 0 0 0 0 0 0 0 0 0 0 0 0 0 0 0 0 0 0 0 0 0 0 0 0 0 0 0 0 0 0 0 0 0 0 0 0 0 0 0 0 0 0 0 0 0 0 0 0 0 0 0 0 0 0 0 0 0 0 0 0 0 0 0 0 0 0 0 0 0 0 0 0 0 0 0 0 0 0 0 0 0 0 0 0 0 0 0 0 0 0 0 0 0 0 0 0 0 0 0 0 0 0 0 0 0 0 0 0 0 0 0 0 0 0 0 0 0 0 0 0 0 0 
0 0 0 0 0 0 0 0 0 0 0 0 0 0 0 0 0 0 0 0 0 0 0 0 0 0 0 0 0 0 0 0 0 0 0 0 0 0 0 0 0 0 0 0 0 0 0 0 0 0 0 0 0 0 0 0 0 0 0 0 0 0 0 0 0 0 0 0 0 0 0 0 0 0 0 0 0 0 0 0 0 0 0 0 0 0 0 0 0 0 0 0 0 0 0 0 0 0 0 0 0 0 0 0 0 0 0 0 0 0 0 0 0 0 0 0 0 0 0 0 0 0 0 0 0 0 0 0 0 55513 58597 10280 0 0 0 0 0 0 0 0 0 0 0 0 0 0 0 0 0 0 0 0 1542 22616 28527 29041 53971 63737 65279 59882 35724 24929 771 0 0 0 0 0 0 0 0 0 0 0 0 0 0 0 2056 25443 54999 65279 65279 65279 65279 65279 65279 65279 65279 65279 48317 1542 0 0 0 0 0 0 0 0 0 0 0 0 0 1542 52686 65279 65279 63480 65279 65279 64251 16705 8995 8995 34953 62966 65279 36752 0 0 0 0 0 0 0 0 0 0 0 0 3598 51144 65279 58854 34953 41121 65279 65022 25186 0 0 0 0 17219 65279 57312 4369 0 0 0 0 0 0 0 0 0 0 0 8224 65279 65279 34439 48574 65279 55770 21331 0 0 0 0 0 9252 65279 65279 14135 0 0 0 0 0 0 0 0 0 0 0 31097 65279 65279 65279 65279 57312 7710 0 0 0 0 0 0 9252 65279 61424 9509 0 0 0 0 0 0 0 0 0 0 0 31097 65279 65279 65279 55770 8481 0 0 0 0 0 0 0 33154 65279 53714 0 0 0 0 0 0 0 0 0 0 0 0 31097 65279 65279 38808 6939 0 0 0 0 0 0 0 7967 56284 65279 33925 0 0 0 0 0 0 0 0 0 0 0 0 2570 26985 13878 514 0 0 0 0 0 0 0 0 25957 65279 65279 2827 0 0 0 0 0 0 0 0 0 0 0 0 0 0 0 0 0 0 0 0 0 0 0 15934 61681 65279 35724 514 0 0 0 0 0 0 0 0 0 0 0 0 7453 15677 38808 32897 15677 3598 0 0 0 0 4369 50116 65279 50373 0 0 0 0 0 0 0 0 0 0 0 0 14392 46261 60139 65279 65279 65279 65279 57569 25186 3855 0 257 31097 65279 56027 16962 0 0 0 0 0 0 0 0 0 0 0 4112 57312 65279 63994 47289 47289 47289 57312 65279 65279 64508 18247 41121 65279 63737 22616 0 0 0 0 0 0 0 0 0 0 0 0 37009 65279 54742 10537 0 0 0 4369 17219 49602 65279 65279 65279 63737 22873 0 0 0 0 0 0 0 0 0 0 0 0 0 39836 65279 23130 0 0 0 0 0 0 21074 65279 65279 65279 29298 0 0 0 0 0 0 0 0 0 0 0 0 0 0 39836 65279 23130 0 0 0 0 9252 34696 62966 65279 65279 65279 21845 0 0 0 0 0 0 0 0 0 0 0 0 0 0 39836 65279 42149 0 0 0 25700 58083 65279 65279 46261 16705 38294 14135 0 0 0 0 0 0 0 0 0 0 0 0 0 0 22873 63480 64765 50887 37266 60653 64765 65279 61167 33411 514 0 0 0 0 0 0 0 0 0 0 0 0 0 0 0 0 0 0 12593 46261 65279 65279 65279 65279 37009 8738 0 0 0 0 0 0 0 0 0 0 0 0 0 0 0 0 0 0 0 0 0 0 0 0 0 0 0 0 0 0 0 0 0 0 0 0 0 0 0 0 0 0 0 0 0 0 0 0 0 0 0 0 0 0 0 0 0 0 0 0 0 0 0 0 0 0 0 0 0 0 0 0 0 0 0 0 0 0 0 0 0 0 0 0 0 0 0 0 0 0 0 0 0 0 0 0 0 0 0 0 0 0 0 0 0 0 0 0 0 0 0 0 0 0 0 0 0 0 0 0 0 0 0 0 0 0 
0 0 0 0 0 0 0 0 0 0 0 0 0 0 0 0 0 0 0 0 0 0 0 0 0 0 0 0 0 0 0 0 0 0 0 0 0 0 0 0 0 0 0 0 0 0 0 0 0 0 0 0 0 0 0 0 0 0 0 0 0 0 0 0 0 0 0 0 0 0 0 0 0 0 0 0 0 0 0 0 0 0 0 0 0 0 0 0 0 0 0 0 0 0 0 0 0 0 0 0 0 0 0 0 0 0 0 0 0 0 0 0 0 0 0 0 0 0 0 0 0 0 0 0 0 0 0 0 0 0 0 0 0 0 0 0 0 0 0 0 0 0 0 0 0 0 0 0 0 0 0 0 0 0 0 0 0 0 0 0 0 0 0 0 0 0 0 0 0 0 0 0 0 0 0 0 0 0 0 0 0 0 0 0 0 0 0 0 0 0 0 0 0 0 0 0 0 0 0 0 0 0 0 0 0 5911 32382 2313 0 12336 37523 63737 65536 54742 10023 0 0 0 0 0 0 0 0 0 0 0 0 0 0 0 0 0 0 38808 65022 30326 44976 58597 65022 65022 65022 65022 63223 15163 0 0 0 0 0 0 0 0 0 0 0 0 0 0 0 0 9509 61424 65022 65022 65022 64765 63737 37523 35724 59625 65022 44976 0 0 0 0 0 0 0 0 0 0 0 0 0 0 0 0 37523 65022 65022 65022 41121 20817 0 0 14135 60139 65022 48317 0 0 0 0 0 0 0 0 0 0 0 0 0 0 0 8481 60910 65022 65022 27756 1542 0 0 0 43177 65022 62966 21074 0 0 0 0 0 0 0 0 0 0 0 0 0 0 0 6168 57312 65022 39579 1799 0 0 0 2827 53457 65022 57055 0 0 0 0 0 0 0 0 0 0 0 0 0 0 0 0 0 18761 23901 0 0 0 0 0 22873 65022 65022 30583 0 0 0 0 0 0 0 0 0 0 0 0 0 0 0 0 0 0 0 0 0 0 0 0 54742 65022 56541 8224 0 0 0 0 0 0 0 0 0 0 0 0 0 0 0 0 0 0 0 0 0 0 0 11822 63223 65022 40093 0 0 0 0 0 0 0 0 0 0 0 0 0 0 0 0 0 0 0 0 0 0 0 0 23901 65022 65022 22359 0 0 0 0 0 0 0 0 0 0 0 0 0 0 0 0 0 0 0 0 0 0 0 5140 50630 65022 59625 7967 0 0 0 0 0 0 0 0 0 0 0 0 0 0 0 0 0 0 0 0 0 0 0 16448 65022 65022 23901 0 0 0 0 0 0 0 0 0 0 0 0 0 0 0 0 0 0 0 0 0 0 0 1028 47289 65022 61424 7453 0 0 0 0 0 0 0 0 0 0 0 0 0 0 0 0 0 0 0 0 0 0 0 4369 65022 65022 48831 0 0 0 0 0 0 0 0 0 0 0 0 0 0 0 0 0 0 0 0 0 0 0 0 19275 65022 65022 5140 0 0 0 0 0 0 0 0 0 0 0 0 0 0 0 0 0 0 0 0 0 0 0 0 32125 65022 59111 3084 0 0 0 0 0 0 0 0 0 0 0 0 0 0 0 0 0 0 0 0 0 0 0 0 55256 65022 41378 0 0 0 0 0 0 0 0 0 0 0 0 0 0 0 0 0 0 0 0 0 0 0 0 12593 62709 57312 6682 0 0 0 0 0 0 0 0 0 0 0 0 0 0 0 0 0 0 0 0 0 0 0 0 30069 65022 51144 0 0 0 0 0 0 0 0 0 0 0 0 0 0 0 0 0 0 0 0 0 0 0 0 0 50116 65022 27499 0 0 0 0 0 0 0 0 0 0 0 0 0 0 0 0 0 0 0 0 0 0 0 0 0 0 0 0 0 0 0 0 0 0 0 0 0 0 0 0 0 0 
0 0 0 0 0 0 0 0 0 0 0 0 0 0 0 0 0 0 0 0 0 0 0 0 0 0 0 0 0 0 0 0 0 0 0 0 0 0 0 0 0 0 0 0 0 0 0 0 0 0 0 0 0 0 0 0 0 0 0 0 0 0 0 0 0 0 0 0 0 0 0 0 0 0 0 0 0 0 0 0 0 0 0 0 0 0 0 0 0 0 0 0 0 0 0 0 0 0 0 0 0 0 0 0 0 0 0 0 0 0 0 0 0 0 0 0 0 0 0 0 0 0 0 0 0 0 0 0 0 0 0 0 0 0 0 0 0 0 0 0 0 0 0 0 0 0 0 0 0 0 0 0 0 0 0 0 0 0 0 0 0 0 0 0 0 0 0 0 0 0 0 0 0 0 0 0 0 0 0 0 0 0 0 0 0 0 0 0 0 0 0 0 0 0 0 0 0 0 0 0 0 0 0 0 0 0 18761 18761 18761 18761 12079 18761 18761 30583 41892 50116 65536 42663 0 0 0 0 0 0 0 0 0 0 0 0 0 0 0 5140 65279 65022 65022 65022 63480 65279 65022 65022 65022 65022 65279 50887 0 0 0 0 0 0 0 0 0 0 0 0 0 0 0 23387 65279 65022 63480 56284 65022 55770 50630 32639 42406 55513 65279 50887 0 0 0 0 0 0 0 0 0 0 0 0 0 0 514 42920 65279 35467 11822 1028 13878 0 0 0 0 18504 65279 32897 0 0 0 0 0 0 0 0 0 0 0 0 0 0 4883 65022 65279 27756 0 0 0 0 0 0 0 39836 58597 9509 0 0 0 0 0 0 0 0 0 0 0 0 0 0 4883 65279 65536 4626 0 0 0 0 0 0 34696 65279 46775 0 0 0 0 0 0 0 0 0 0 0 0 0 0 0 3855 56027 12850 514 0 0 0 0 0 35210 63994 59882 11565 0 0 0 0 0 0 0 0 0 0 0 0 0 0 0 0 3341 0 0 0 0 0 0 27242 63737 65022 30069 0 0 0 0 0 0 0 0 0 0 0 0 0 0 0 0 0 0 0 0 0 0 0 24929 63994 65022 49602 4112 0 0 0 0 0 0 0 0 0 0 0 0 0 0 0 0 0 0 0 0 0 0 0 58597 65022 41635 4112 0 0 0 0 0 0 0 0 0 0 0 0 0 0 0 0 0 0 0 0 0 0 8224 51915 65536 61167 6682 0 0 0 0 0 0 0 0 0 0 0 0 0 0 0 0 0 0 0 0 0 0 5397 57569 65022 56027 15163 0 0 0 0 0 0 0 0 0 0 0 0 0 0 0 0 0 0 0 0 0 0 2056 42149 65022 49859 3341 0 0 0 0 0 0 0 0 0 0 0 0 0 0 0 0 0 0 0 0 0 0 8224 52429 65022 59625 10537 0 0 0 0 0 0 0 0 0 0 0 0 0 0 0 0 0 0 0 0 0 0 0 51915 65022 53200 8995 0 0 0 0 0 0 0 0 0 0 0 0 0 0 0 0 0 0 0 0 0 0 0 30326 65536 54485 6682 0 0 0 0 0 0 0 0 0 0 0 0 0 0 0 0 0 0 0 0 0 0 0 4369 63737 61167 5140 0 0 0 0 0 0 0 0 0 0 0 0 0 0 0 0 0 0 0 0 0 0 0 0 24929 65022 23387 0 0 0 0 0 0 0 0 0 0 0 0 0 0 0 0 0 0 0 0 0 0 0 0 0 36238 65022 0 0 0 0 0 0 0 0 0 0 0 0 0 0 0 0 0 0 0 0 0 0 0 0 0 0 19789 65022 8481 0 0 0 0 0 0 0 0 0 0 0 0 0 0 0 0 0 0 0 0 0 0 0 0 0 0 0 0 0 0 0 0 0 0 0 0 0 0 0 0 0 0 0 0 0 
0 0 0 0 0 0 0 0 0 0 0 0 0 0 0 0 0 0 0 0 0 0 0 0 0 0 0 0 0 0 0 0 0 0 0 0 0 0 0 0 0 0 0 0 0 0 0 0 0 0 0 0 0 0 0 0 0 0 0 0 0 0 0 0 0 0 0 0 0 0 0 0 0 0 0 0 0 0 0 0 0 0 0 0 0 0 0 0 0 0 0 0 0 0 0 0 0 0 0 0 0 0 0 0 0 0 0 0 0 0 0 0 0 0 0 0 0 0 0 0 0 0 0 0 0 0 0 0 0 0 0 0 0 0 0 0 0 0 0 0 0 0 0 0 0 0 0 0 0 0 0 0 0 0 0 0 0 0 0 0 0 50116 60910 14135 0 0 0 0 0 0 0 0 0 0 0 0 0 0 0 4369 0 0 0 0 0 0 0 0 4369 62966 65022 31097 0 0 0 0 0 0 0 0 0 0 0 0 0 0 31611 57569 14649 0 0 0 0 0 0 771 35981 65279 59625 6425 0 0 0 0 0 0 0 0 0 0 0 0 0 0 59111 53971 11308 0 0 0 0 0 0 6168 65022 65279 44462 0 0 0 0 0 0 0 0 0 0 0 0 0 0 48060 65279 59111 0 0 0 0 0 0 0 36238 65279 65536 5911 0 0 0 0 0 0 0 0 0 0 0 0 1285 29298 65279 65022 15934 0 0 0 0 0 0 11051 63994 65022 48831 514 0 0 0 0 0 0 0 0 0 0 0 0 8224 65022 65279 52943 2313 0 0 0 0 0 0 22873 65022 65022 28013 0 0 0 0 0 0 0 0 0 0 0 0 4369 51144 65022 58597 18761 0 0 0 0 0 0 6682 54999 65022 65022 15163 0 0 0 0 0 0 0 0 0 0 0 0 27242 65279 65279 8738 0 0 0 0 0 0 0 39322 65279 63480 21588 0 0 0 0 0 0 0 0 0 0 0 0 9766 60396 65022 51915 0 0 0 0 0 0 0 21845 65279 65022 46004 0 12079 24929 54999 16191 0 0 0 0 0 0 0 0 17990 65022 65022 43434 2313 0 0 0 0 4369 7196 51144 65279 65022 50887 53200 65279 65022 47032 3341 0 0 0 0 0 0 0 0 17990 65022 65022 65022 53971 47289 47289 47289 47546 60139 61681 65022 65279 65022 65022 65022 50116 28527 3341 0 0 0 0 0 0 0 0 0 0 26214 61938 65279 65279 65279 65279 65279 65279 65279 65279 65279 65279 55513 45233 15163 0 0 0 0 0 0 0 0 0 0 0 0 0 0 4883 23130 46775 42406 52943 35724 56541 65022 65022 60653 38037 4883 0 0 0 0 0 0 0 0 0 0 0 0 0 0 0 0 0 0 0 0 0 0 28784 65022 64508 29041 0 0 0 0 0 0 0 0 0 0 0 0 0 0 0 0 0 0 0 0 0 0 0 0 58854 65022 41635 0 0 0 0 0 0 0 0 0 0 0 0 0 0 0 0 0 0 0 0 0 0 0 0 38808 65279 61938 8738 0 0 0 0 0 0 0 0 0 0 0 0 0 0 0 0 0 0 0 0 0 0 0 9766 63480 65279 31611 0 0 0 0 0 0 0 0 0 0 0 0 0 0 0 0 0 0 0 0 0 0 0 0 29812 65022 65279 18761 0 0 0 0 0 0 0 0 0 0 0 0 0 0 0 0 0 0 0 0 0 0 0 0 38294 65022 52172 1542 0 0 0 0 0 0 0 0 0 0 0 0 0 0 0 0 0 0 0 0 0 0 0 0 0 0 0 0 0 0 0 0 0 0 0 0 0 0 0 0 0 0 0 0 0 0 0 0 0 0 0 0 0 0 0 0 0 0 0 0 0 0 0 0 0 0 0 0 0 0 0 0 0 0 0 0 0 0 0 0 0 0 0 0 0 0 0 0 0 0 0 0 0 0 0 0 0 
0 0 0 0 0 0 0 0 0 0 0 0 0 0 0 0 0 0 0 0 0 0 0 0 0 0 0 0 0 0 0 0 0 0 0 0 0 0 0 0 0 0 0 0 0 0 0 0 0 0 0 0 0 0 0 0 0 0 0 0 0 0 0 0 0 0 0 0 0 0 0 0 0 0 0 0 0 0 0 0 0 0 0 0 0 0 0 0 0 0 0 0 0 0 0 0 0 0 0 0 0 0 0 0 0 0 0 0 0 0 0 0 0 0 0 0 0 0 0 0 0 0 0 0 0 0 0 0 0 0 0 0 0 0 0 0 0 0 0 0 0 0 0 0 0 0 0 0 0 0 0 0 0 0 0 0 0 0 0 0 0 0 0 0 0 0 0 0 0 0 0 0 0 0 0 0 0 0 0 0 0 2827 11051 11051 11051 11051 17733 15420 11051 2827 0 0 0 0 0 0 0 0 0 0 0 37523 48831 48831 48831 48831 49088 48831 48831 52943 64765 65022 64765 64765 64765 64765 65022 16191 0 0 0 0 0 0 0 0 0 0 0 65022 64765 64765 64765 64765 59625 59368 59368 60910 60396 59625 59368 59368 62966 64765 65022 16191 0 0 0 0 0 0 0 0 0 0 0 21588 21588 21588 21588 21588 0 0 0 5397 3598 0 0 1542 48831 64765 57826 5397 0 0 0 0 0 0 0 0 0 0 0 0 0 0 0 0 0 0 0 0 0 0 0 16962 64765 64765 31868 0 0 0 0 0 0 0 0 0 0 0 0 0 0 0 0 0 0 0 0 0 0 0 0 37266 65022 65022 0 0 0 0 0 0 0 0 0 0 0 0 0 0 0 0 0 0 0 0 0 0 0 0 25700 63480 64765 44462 0 0 0 0 0 0 0 0 0 0 0 0 0 0 0 0 0 0 0 0 0 0 0 1028 50116 64765 56798 7453 0 0 0 0 0 0 0 0 0 0 0 0 0 0 0 0 0 0 0 0 0 0 0 17733 64765 64765 41635 0 0 0 0 0 0 0 0 0 0 0 0 0 0 0 0 0 0 0 0 0 0 0 0 49345 64765 60396 3598 0 0 0 25186 45233 54228 0 0 0 0 0 0 0 0 0 0 5654 11051 33411 38037 38037 38037 38037 38037 65536 65022 65022 65022 65022 65536 65022 65022 57826 8995 0 0 0 0 0 0 0 0 0 25700 56798 64765 64765 65022 64765 64765 64765 64765 65022 64765 64765 64765 46775 43177 43177 18247 5397 0 0 0 0 0 0 0 0 0 23901 61681 57055 32382 32382 21331 23387 5397 6682 56027 65022 51658 7453 5397 1028 0 0 0 0 0 0 0 0 0 0 0 0 0 56027 36238 0 0 0 0 0 0 34439 64765 62452 12079 0 0 0 0 0 0 0 0 0 0 0 0 0 0 0 0 53714 27499 0 0 0 0 0 4626 61424 64765 31868 0 0 0 0 0 0 0 0 0 0 0 0 0 0 0 0 0 33668 20817 0 0 0 0 0 37266 65022 60653 11565 0 0 0 0 0 0 0 0 0 0 0 0 0 0 0 0 0 2827 22102 0 0 0 0 7453 61424 64765 17476 0 0 0 0 0 0 0 0 0 0 0 0 0 0 0 0 0 0 0 0 0 0 0 0 21845 64765 64765 10794 0 0 0 0 0 0 0 0 0 0 0 0 0 0 0 0 0 0 0 0 0 0 0 9766 32639 64765 53971 3598 0 0 0 0 0 0 0 0 0 0 0 0 0 0 0 0 0 0 0 0 0 0 0 6425 10794 10794 7967 0 0 0 0 0 0 0 0 0 0 0 0 0 0 0 0 0 0 0 0 0 0 0 0 0 0 0 0 0 0 0 0 0 0 0 0 0 0 0 0 0 0 0 0 0 0 0 0 0 0 0 0 0 0 0 0 0 0 0 0 0 0 0 0 0 0 0 0 0 0 
0 0 0 0 0 0 0 0 0 0 0 0 0 0 0 0 0 0 0 0 0 0 0 0 0 0 0 0 0 0 0 0 0 0 0 0 0 0 0 0 0 0 0 0 0 0 0 0 0 0 0 0 0 0 0 0 0 0 0 0 0 0 0 0 0 0 0 0 0 0 0 0 0 0 0 0 0 0 0 0 0 0 0 0 0 0 0 0 0 0 0 0 0 0 0 0 0 0 0 0 0 0 0 0 0 0 0 0 0 0 0 0 0 0 0 0 0 0 0 0 0 0 0 0 0 0 0 0 13107 31097 31097 31097 48831 26214 0 0 0 0 0 0 0 0 0 0 0 0 0 0 0 0 0 0 17476 27499 45490 61938 62966 64765 64765 64765 64765 58854 10023 0 0 0 0 0 0 0 0 0 0 0 0 0 12850 6425 49345 58083 62452 64765 64765 65022 64765 64765 64765 64765 64765 59368 11308 0 0 0 0 0 0 0 0 0 0 0 8738 51401 60139 57312 64765 64765 64765 64765 64765 65022 64765 64765 64765 64765 64765 64765 23901 0 0 0 0 0 0 0 0 0 0 0 27499 64765 64765 64765 64765 64765 64765 64765 64765 65022 64765 49345 47546 47546 47546 24158 5140 0 0 0 0 0 0 0 0 0 0 0 27499 64765 64765 64765 64765 64765 63223 50887 50887 51144 18504 1799 0 0 0 0 0 0 0 0 0 0 0 0 0 0 0 0 32897 64765 64765 64765 55256 20303 18247 0 0 0 0 0 0 0 0 0 0 0 0 0 0 0 0 0 0 0 0 0 58083 64765 64765 64765 59625 16705 0 0 0 0 0 0 0 0 0 0 0 0 0 0 0 0 0 0 0 0 0 0 27499 64765 64765 64765 64765 60396 33925 23644 19789 3598 257 0 0 0 0 0 0 0 0 0 0 0 0 0 0 0 0 0 13107 61167 64765 64765 64765 64765 64765 64765 64765 65022 35724 21845 0 0 0 0 0 0 0 0 0 0 0 0 0 0 0 0 0 0 38808 65022 65022 65022 65022 65022 65022 65536 65022 65022 26471 16448 0 0 0 0 0 0 0 0 0 0 0 0 0 0 0 0 9766 39579 64765 64765 64765 64765 64765 65022 64765 64765 63737 63223 30583 0 0 0 0 0 0 0 0 0 0 0 0 0 0 0 20817 64765 59625 17476 6682 26728 40607 65022 64765 64765 64765 64765 63223 31097 0 0 0 0 0 0 0 0 0 0 0 0 0 0 49602 64765 55256 6682 0 0 0 10023 42406 62709 64765 64765 64765 63223 20046 0 0 0 0 0 0 0 0 0 0 0 0 0 54742 64765 64765 55513 47803 17219 17219 9252 16448 41892 64765 64765 64765 64765 56284 21588 0 0 0 0 0 0 0 0 0 0 0 0 47546 64765 64765 64765 64765 64765 64765 57055 63994 64765 64765 64765 64765 64765 64765 27242 0 0 0 0 0 0 0 0 0 0 0 0 17476 57055 64765 64765 64765 64765 64765 65022 64765 64765 64765 64765 64765 64765 59882 8481 0 0 0 0 0 0 0 0 0 0 0 0 0 6425 31097 62452 64765 64765 64765 65022 64765 64765 64765 64765 64765 64765 54228 0 0 0 0 0 0 0 0 0 0 0 0 0 0 0 0 24158 61681 64508 63223 65022 64765 64765 62966 64765 63994 61167 22616 0 0 0 0 0 0 0 0 0 0 0 0 0 0 0 0 0 3341 29041 16191 30840 30583 30583 14392 57569 32897 0 0 0 0 0 0 0 0 0 0 0 0 0 0 0 0 0 0 0 0 0 0 0 0 0 0 0 0 0 0 0 0 0 0 0 0 0 0 0 0 0 0 0 0 0 0 0 0 0 0 0 0 0 0 0 0 0 0 0 0 0 0 0 0 0 0 0 0 0 0 0 0 0 0 0 0 0 0 0 0 0 0 0 0 0 0 0 0 0 0 0 0 0 0 0 0 0 0 0 0 0 0 0 0 0 0 0 0 0 0 0 0 0 0 0 0 0 0 0 
0 0 0 0 0 0 0 0 0 0 0 0 0 0 0 0 0 0 0 0 0 0 0 0 0 0 0 0 0 0 0 0 0 0 0 0 0 0 0 0 0 0 0 0 0 0 0 0 0 0 0 0 0 0 0 0 0 0 0 0 0 0 0 0 0 0 0 0 0 0 0 0 0 0 0 0 0 0 0 0 0 0 0 0 0 0 0 0 0 0 0 0 0 0 0 0 0 0 0 0 0 0 0 0 0 0 0 0 0 0 0 0 0 0 0 0 0 0 0 0 0 0 0 0 0 0 0 0 0 0 0 0 0 0 0 0 0 0 0 0 0 0 0 0 0 0 0 0 0 0 0 0 44719 65536 12336 0 0 0 0 0 0 0 0 0 0 0 0 0 0 0 0 0 0 0 0 0 0 0 1542 42920 65022 65022 44719 0 0 0 0 0 0 0 0 0 0 0 0 0 0 0 0 0 0 0 0 0 0 0 3598 65022 65022 65022 62195 14649 0 0 0 0 0 0 0 0 0 0 0 0 0 0 0 0 0 0 0 0 0 0 3598 65022 65022 65022 65022 25186 0 0 0 0 0 0 0 0 0 0 0 0 0 0 0 0 0 0 0 0 0 0 1285 43691 65022 65022 65022 52686 0 0 0 0 0 0 0 0 0 0 0 0 0 0 0 0 0 0 0 0 0 0 0 31868 65022 65022 65022 53457 1285 0 0 0 0 0 0 0 0 0 0 0 0 0 0 0 0 0 0 0 0 0 0 0 63737 65022 65022 58597 11051 0 0 0 0 0 0 0 0 0 0 0 0 0 0 0 0 0 0 0 0 0 0 0 48317 65022 65022 64765 22359 0 0 0 0 0 0 0 0 0 0 0 0 0 0 0 0 0 0 0 0 0 0 0 28527 65022 65022 65022 54228 0 0 0 0 0 0 0 0 0 0 0 0 0 0 0 0 0 0 0 0 0 0 0 20817 63223 65022 65022 59882 7710 0 0 0 0 0 0 0 0 0 0 0 0 0 0 0 0 0 0 0 0 0 0 0 58340 65022 65022 65022 28013 0 0 0 0 0 0 0 0 0 0 0 0 0 0 0 0 0 0 0 0 0 0 0 35210 65022 65022 65022 28013 0 0 0 0 0 0 0 0 0 0 0 0 0 0 0 0 0 0 0 0 0 0 0 10023 58083 65022 65022 48060 1028 0 0 0 0 0 0 0 0 0 0 0 0 0 0 0 0 0 0 0 0 0 0 0 52943 65022 65022 65022 33154 0 0 0 0 0 0 0 0 0 0 0 0 0 0 0 0 0 0 0 0 0 0 0 33668 65022 65022 65022 33154 0 0 0 0 0 0 0 0 0 0 0 0 0 0 0 0 0 0 0 0 0 0 0 41378 65022 65022 63994 25700 1285 0 0 0 0 0 0 0 0 0 0 0 0 0 0 0 0 0 0 0 0 0 0 17733 65022 65022 65022 57312 2570 0 0 0 0 0 0 0 0 0 0 0 0 0 0 0 0 0 0 0 0 0 0 5397 47032 65022 65022 33154 0 0 0 0 0 0 0 0 0 0 0 0 0 0 0 0 0 0 0 0 0 0 0 0 4883 50887 61938 30840 0 0 0 0 0 0 0 0 0 0 0 0 0 0 0 0 0 0 0 0 0 0 0 0 0 38551 12850 0 0 0 0 0 0 0 0 0 0 0 0 0 0 0 0 0 0 0 0 0 0 0 0 0 0 0 0 0 0 0 0 0 0 0 0 0 0 0 0 0 0 0 0 0 0 0 0 0 0 0 0 0 0 0 0 0 0 0 0 0 0 0 0 0 0 0 0 0 0 0 0 0 0 0 0 0 0 0 0 0 0 0 0 0 0 0 0 0 0 0 0 0 0 
0 0 0 0 0 0 0 0 0 0 0 0 0 0 0 0 0 0 0 0 0 0 0 0 0 0 0 0 0 0 0 0 0 0 0 0 0 0 0 0 0 0 0 0 0 0 0 0 0 0 0 0 0 0 0 0 0 0 0 0 0 0 0 0 0 0 0 0 0 0 0 0 0 0 0 0 0 0 0 0 0 0 0 0 0 0 0 0 0 0 0 0 0 0 0 0 0 0 0 0 0 0 0 0 0 0 0 0 0 0 0 0 0 0 0 0 0 0 0 0 0 0 0 0 0 0 0 0 0 0 0 0 0 0 0 0 0 0 0 0 0 0 0 0 0 0 0 0 0 0 0 0 0 0 0 0 0 0 0 0 0 0 0 0 0 0 0 0 0 0 0 0 0 0 0 0 0 0 0 0 0 0 0 0 0 0 0 0 0 0 0 0 0 0 0 0 0 0 0 0 0 0 0 0 0 0 0 0 54485 60910 49345 38037 56027 65022 49602 38037 3084 0 0 0 0 0 0 0 0 0 0 0 0 0 0 0 0 0 2056 28784 62195 65022 64765 64765 64765 64765 65022 64765 34696 0 0 0 0 0 0 0 0 0 0 0 0 0 0 0 0 11051 35210 64765 64765 65022 64765 64508 59368 48060 65022 64765 59368 0 0 0 0 0 0 0 0 0 0 0 0 0 0 0 14135 50630 64765 64765 64765 55513 28270 19789 0 0 65022 64765 59368 0 0 0 0 0 0 0 0 0 0 0 0 0 0 0 49345 64765 64765 64765 31097 4626 0 0 0 0 42406 64765 59368 0 0 0 0 0 0 0 0 0 0 0 0 0 2827 56284 65536 65022 64251 29555 0 0 0 0 0 0 42663 65022 59625 0 0 0 0 0 0 0 0 0 0 0 0 4112 52943 64765 65022 64765 59368 0 0 0 0 0 0 0 65022 64765 59368 0 0 0 0 0 0 0 0 0 0 0 0 21588 64765 64765 64251 50373 6939 0 0 0 0 0 0 0 65022 64765 57055 0 0 0 0 0 0 0 0 0 0 0 0 52943 64765 64765 35981 0 0 0 0 0 0 0 0 22873 65022 64765 39065 0 0 0 0 0 0 0 0 0 0 0 0 19018 49088 26471 4626 0 0 0 0 0 0 0 0 33925 65022 64765 36752 0 0 0 0 0 0 0 0 0 0 0 0 0 0 0 0 0 0 0 0 0 0 0 2827 56284 49602 61424 4369 0 0 0 0 0 0 0 0 0 0 0 0 0 0 0 0 0 0 0 0 0 0 4112 52943 64765 30069 10794 0 0 0 0 0 0 0 0 0 0 0 0 0 0 0 0 0 0 0 0 0 0 0 7967 64765 64765 27242 0 0 0 0 0 0 0 0 0 0 0 0 0 0 0 0 0 0 0 0 0 0 0 5654 51915 64765 58083 20560 0 0 0 0 0 0 0 0 0 0 0 0 0 0 0 0 0 0 0 0 0 0 0 32897 64765 64765 26471 0 0 0 0 0 0 0 0 0 0 0 0 0 0 0 0 0 0 0 0 0 0 0 6425 58340 65022 65022 10794 0 0 0 0 0 0 0 0 0 0 0 0 0 0 0 0 0 0 0 0 0 0 0 31611 64765 62966 25186 2827 0 0 0 0 0 0 0 0 0 0 0 0 0 0 0 0 0 0 0 0 0 0 0 62966 64765 64508 19789 0 0 0 0 0 0 0 0 0 0 0 0 0 0 0 0 0 0 0 0 0 0 0 25186 65022 64765 64765 21588 0 0 0 0 0 0 0 0 0 0 0 0 0 0 0 0 0 0 0 0 0 0 0 42920 65022 64765 62709 12593 0 0 0 0 0 0 0 0 0 0 0 0 0 0 0 0 0 0 0 0 0 0 0 0 0 0 0 0 0 0 0 0 0 0 0 0 0 0 0 
0 0 0 0 0 0 0 0 0 0 0 0 0 0 0 0 0 0 0 0 0 0 0 0 0 0 0 0 0 0 0 0 0 0 0 0 0 0 0 0 0 0 0 0 0 0 0 0 0 0 0 0 0 0 0 0 0 0 0 0 0 0 0 0 0 0 0 0 0 0 0 0 0 0 0 0 0 0 0 0 0 0 0 0 0 0 0 0 0 0 0 0 0 0 0 0 0 0 0 0 0 0 0 0 0 0 0 0 0 0 0 0 0 0 0 0 0 0 0 0 0 0 0 0 0 0 0 0 0 0 0 0 0 0 0 0 0 0 0 0 0 0 0 0 0 0 0 0 0 0 0 0 0 0 0 0 0 0 0 0 0 0 0 0 0 0 0 0 0 0 0 0 0 0 0 0 0 0 0 0 0 0 0 0 0 0 0 0 0 0 0 0 0 0 0 0 0 0 0 0 0 18247 5140 0 0 0 0 1542 1542 17219 40864 51658 65536 46261 514 0 0 0 0 0 0 0 0 0 0 0 0 0 0 49345 56027 46261 46261 46261 46261 58597 59368 65279 65279 65279 65279 65279 16705 0 0 0 0 0 0 0 0 0 0 0 0 0 0 20046 61938 65279 65279 65279 65279 65279 65279 64765 56798 37780 49088 65279 38037 0 0 0 0 0 0 0 0 0 0 0 0 0 0 0 7196 25700 35724 35724 35724 29041 14649 13878 0 0 27242 65279 50373 0 0 0 0 0 0 0 0 0 0 0 0 0 0 0 0 0 0 0 0 0 0 0 0 0 31868 65279 50373 0 0 0 0 0 0 0 0 0 0 0 0 0 0 0 0 0 0 0 0 0 0 0 0 0 49345 65279 46261 0 0 0 0 0 0 0 0 0 0 0 0 0 0 0 0 0 0 0 0 0 0 0 0 4883 59625 65279 29555 0 0 0 0 0 0 0 0 0 0 0 0 0 0 0 0 0 0 0 0 0 0 0 0 20817 65279 65279 10280 0 0 0 0 0 0 0 0 0 0 0 0 0 0 0 0 0 0 0 0 0 0 0 0 49345 65279 61424 5911 0 0 0 0 0 0 0 0 0 0 0 0 0 0 0 0 0 0 0 0 0 0 0 2056 55256 65279 52429 0 0 0 0 0 0 0 0 0 0 0 0 0 0 0 0 0 0 0 0 0 0 0 0 7196 65279 65536 17476 0 0 0 0 0 0 0 0 0 0 0 0 0 0 0 0 0 0 0 0 0 0 0 0 35467 65279 65279 10537 0 0 0 0 0 0 0 0 0 0 0 0 0 0 0 0 0 0 0 0 0 0 0 514 50116 65279 60653 6168 0 0 0 0 0 0 0 0 0 0 0 0 0 0 0 0 0 0 0 0 0 0 0 7196 65279 65279 35467 0 0 0 0 0 0 0 0 0 0 0 0 0 0 0 0 0 0 0 0 0 0 0 0 42406 65279 65279 12593 0 0 0 0 0 0 0 0 0 0 0 0 0 0 0 0 0 0 0 0 0 0 0 0 46261 65279 60910 6168 0 0 0 0 0 0 0 0 0 0 0 0 0 0 0 0 0 0 0 0 0 0 0 13621 62709 65279 45233 0 0 0 0 0 0 0 0 0 0 0 0 0 0 0 0 0 0 0 0 0 0 0 0 35467 65279 65279 23644 0 0 0 0 0 0 0 0 0 0 0 0 0 0 0 0 0 0 0 0 0 0 0 0 31611 65279 65279 14649 0 0 0 0 0 0 0 0 0 0 0 0 0 0 0 0 0 0 0 0 0 0 0 0 8995 52172 54228 5397 0 0 0 0 0 0 0 0 0 0 0 0 0 0 0 0 0 0 0 0 0 0 0 0 0 0 0 0 0 0 0 0 0 0 0 0 0 0 0 0 
0 0 0 0 0 0 0 0 0 0 0 0 0 0 0 0 0 0 0 0 0 0 0 0 0 0 0 0 0 0 0 0 0 0 0 0 0 0 0 0 0 0 0 0 0 0 0 0 0 0 0 0 0 0 0 0 0 0 0 0 0 0 0 0 0 0 0 0 0 0 0 0 0 0 0 0 0 0 0 0 0 0 0 0 0 0 0 0 0 0 0 0 0 0 0 0 0 0 0 0 0 0 0 0 0 0 0 0 0 0 0 0 0 0 0 0 0 0 0 0 0 5654 22359 40864 65022 65022 51658 19532 2313 0 0 0 0 0 0 0 0 0 0 0 0 0 0 0 0 0 0 0 0 45747 65022 64765 64765 64765 64765 65022 49859 33154 12079 1285 0 0 0 0 0 0 0 0 0 0 0 0 0 0 0 0 38808 63223 65022 64765 64765 64765 64765 65022 64765 64765 64765 22102 0 0 0 0 0 0 0 0 0 0 0 0 0 0 0 38808 62709 64765 65022 64765 64765 64765 64765 65022 64765 64765 64765 64765 0 0 0 0 0 0 0 0 0 0 0 0 0 0 24415 63223 64765 64765 65022 53971 5654 30069 21845 8481 40607 64765 64765 64765 40607 0 0 0 0 0 0 0 0 0 0 0 0 0 12079 65022 65022 65022 59368 10794 0 0 0 0 0 8224 56027 65022 65536 26471 0 0 0 0 0 0 0 0 0 0 0 0 17476 64765 64765 59368 10794 0 0 0 0 0 0 0 29298 64765 65022 47546 0 0 0 0 0 0 0 0 0 0 0 0 41378 64765 64765 56798 8224 0 0 0 0 0 0 34439 61681 64765 60653 6425 0 0 0 0 0 0 0 0 0 0 0 0 30840 64765 64765 64765 42406 19532 0 0 21845 26728 53200 61681 64765 64765 59111 0 0 0 0 0 0 0 0 0 0 0 0 0 1285 35210 64765 64765 65022 63737 59111 59111 64251 65022 64765 64765 64765 64765 32382 0 0 0 0 0 0 0 0 0 0 0 0 0 0 0 48574 64508 65536 65022 65022 65022 65022 65536 65022 65022 65022 65022 59882 2313 0 0 0 0 0 0 0 0 0 0 0 0 0 0 0 21588 65022 64765 64765 64765 64765 58597 52943 56284 64765 64765 65022 44462 8738 0 0 0 0 0 0 0 0 0 0 0 0 0 0 21845 65022 64765 64765 64765 64765 8224 0 4883 17733 60653 65022 64765 60139 8481 0 0 0 0 0 0 0 0 0 0 0 0 8738 56027 65022 64765 64765 64765 29812 0 0 0 0 10794 54228 64765 64765 35724 0 0 0 0 0 0 0 0 0 0 0 16448 61167 64765 65022 59368 13878 5654 514 0 0 0 0 0 62452 64765 64765 41121 0 0 0 0 0 0 0 0 0 0 0 31611 65022 65022 62709 15677 0 0 0 0 0 0 0 32639 65536 65022 65022 14392 0 0 0 0 0 0 0 0 0 0 0 14649 62709 64765 65022 60653 20046 12079 12079 12079 12079 20046 41378 62709 65022 64765 64765 22359 0 0 0 0 0 0 0 0 0 0 0 4883 56541 64765 65022 64765 64765 64765 64765 65022 64765 64765 64765 64765 65022 53457 25700 3341 0 0 0 0 0 0 0 0 0 0 0 3341 22616 62709 65022 64765 64765 64765 64765 65022 64765 64765 64765 64765 25186 4369 0 0 0 0 0 0 0 0 0 0 0 0 0 0 0 5397 35210 35210 56798 64765 64765 65022 45747 35210 11051 5654 0 0 0 0 0 0 0 0 0 0 0 0 0 0 0 0 0 0 0 0 0 0 0 0 0 0 0 0 0 0 0 0 0 0 0 0 0 0 0 0 0 0 0 0 0 0 0 0 0 0 0 0 0 0 0 0 0 0 0 0 0 0 0 0 0 0 0 0 0 0 0 0 0 0 0 0 0 0 0 0 0 0 0 0 0 0 0 0 0 0 0 0 0 0 0 0 0 0 0 0 0 0 0 0 0 0 0 0 0 0 0 0 0 0 0 0 0 0 0 0 
0 0 0 0 0 0 0 0 0 0 0 0 0 0 0 0 0 0 0 0 0 0 0 0 0 0 0 0 0 0 0 0 0 0 0 0 0 0 0 0 0 0 0 0 0 0 0 0 0 0 0 0 0 0 0 0 0 0 0 0 0 0 0 0 0 4369 41121 65022 65536 65022 43434 9252 0 0 0 0 0 0 0 0 0 0 0 0 0 0 0 0 0 0 0 0 7710 58597 64765 64765 65022 64765 64765 56284 28013 0 0 0 0 0 0 0 0 0 0 0 0 0 0 0 0 0 0 0 20046 64765 58340 47032 47289 47032 60139 64765 64765 8224 0 0 0 0 0 0 0 0 0 0 0 0 0 0 0 0 0 2313 49859 58340 12850 0 0 0 16705 60653 64765 29812 0 0 0 0 0 0 0 0 0 0 0 0 0 0 0 0 0 6168 59368 12336 0 0 0 0 0 26471 64765 56541 0 0 0 0 0 0 0 0 0 0 0 0 0 0 0 0 0 0 0 0 0 0 0 0 0 23901 65022 59368 0 0 0 0 0 0 0 0 0 0 0 0 0 0 0 0 0 0 0 0 0 0 0 0 0 23901 64765 40350 0 0 0 0 0 0 0 0 0 0 0 0 0 0 0 0 0 0 0 0 0 0 0 0 0 45233 64765 21588 0 0 0 0 0 0 0 0 0 0 0 0 0 0 0 0 0 0 0 0 0 0 0 0 25700 62709 64765 0 0 0 0 0 0 0 0 0 0 0 0 0 0 0 0 0 0 0 0 0 0 0 0 5654 55256 64765 37780 0 0 0 0 0 0 0 0 0 0 0 0 0 0 0 0 0 0 0 0 0 0 0 6168 54485 65022 49345 2827 0 0 0 0 0 0 0 0 0 0 0 0 0 0 0 0 0 0 0 0 0 0 5654 54485 64765 61681 9509 0 0 0 0 0 0 0 0 0 0 0 0 0 0 0 0 0 0 0 0 0 0 6682 39065 65022 61681 20817 0 0 0 0 0 0 0 0 0 0 0 0 0 0 0 0 0 0 0 0 0 0 0 48060 64765 62966 20303 0 0 0 0 0 0 0 0 0 0 0 0 0 0 0 0 0 0 0 0 0 0 5654 51144 63737 64765 18761 0 0 0 0 0 0 0 0 0 0 0 0 0 0 0 0 0 0 0 0 0 0 0 28270 65022 49345 16191 0 0 0 0 0 0 1285 6168 6168 6168 6168 6168 4369 0 5654 0 0 0 0 0 0 0 0 9252 56284 64765 11565 0 0 7710 12079 22873 41378 41635 45747 64765 64765 64765 65022 64765 58340 41378 62709 0 0 0 0 0 0 0 0 35467 64765 64765 37009 47289 47546 58597 64765 64765 64765 65022 64765 64765 64765 64765 65022 64765 64765 64765 43177 0 0 0 0 0 0 0 0 59882 64765 64765 64765 64765 65022 64765 64765 64765 64765 65022 60396 27756 41121 41121 41378 35724 11565 25186 6425 0 0 0 0 0 0 0 0 65022 64765 64765 64765 51401 35210 35210 13878 5654 5654 5911 4626 0 0 0 0 0 0 0 0 0 0 0 0 0 0 0 0 0 0 0 0 0 0 0 0 0 0 0 0 0 0 0 0 0 0 0 0 0 0 0 0 0 0 0 0 0 0 0 0 0 0 0 0 0 0 0 0 0 0 0 0 0 0 0 0 0 0 0 0 0 0 0 0 0 0 0 0 0 0 0 0 0 0 0 0 0 0 0 0 0 0 0 0 0 0 0 0 0 0 0 0 0 0 0 0 0 0 0 0 0 0 0 0 0 0 0 0 0 0 0 0 0 0 0 0 0 0 0 0 0 0 0 0 0 0 0 0 0 0 0 0 0 0 0 0 0 0 0 0 0 0 0 0 0 0 0 0 0 0 0 0 0 0 0 0 0 0 0 0 0 0 0 0 0 0 0 0 0 
0 0 0 0 0 0 0 0 0 0 0 0 0 0 0 0 0 0 0 0 0 0 0 0 0 0 0 0 0 0 0 0 0 0 0 0 0 0 0 0 0 0 0 0 0 0 0 0 0 0 0 0 0 0 0 0 0 0 0 0 0 0 0 0 0 0 0 0 0 0 0 0 0 0 0 0 0 0 0 0 0 0 0 0 0 0 0 0 0 0 0 0 0 0 0 0 0 0 0 0 0 0 0 0 0 0 0 0 0 0 0 0 0 0 0 0 0 0 0 0 0 0 0 0 0 0 0 0 0 0 0 0 0 0 0 0 0 0 0 0 0 0 0 0 0 0 0 0 0 0 0 0 0 0 0 0 0 0 0 0 0 0 0 0 0 0 0 0 0 0 0 0 0 0 0 0 0 0 0 0 0 0 2313 11308 35210 35210 35210 35210 35210 35210 6425 3341 3341 1799 0 0 0 0 0 0 0 0 0 0 0 0 0 0 0 25443 57055 65279 65279 65279 65279 65279 65279 65279 65536 65279 65279 51401 0 0 0 0 0 0 0 0 0 0 0 0 4112 11308 38294 57055 63994 58854 34696 36238 58854 58854 43177 58854 30069 26985 41892 43177 0 0 0 0 0 0 0 0 0 0 0 1028 43177 65279 65279 65279 35210 0 0 0 0 0 0 0 0 0 0 0 0 0 0 0 0 0 0 0 0 0 771 15163 65279 65279 59111 40093 28013 0 0 0 0 0 0 0 0 0 0 0 0 0 0 0 0 0 0 0 0 0 4883 65279 65279 53457 7710 0 0 0 0 0 0 0 0 0 0 0 0 0 0 0 0 0 0 0 0 0 0 0 4883 65279 65279 23901 0 0 0 0 0 0 0 0 0 0 0 0 0 0 0 0 0 0 0 0 0 0 0 0 4883 65279 65279 48574 5140 0 0 0 0 0 0 0 0 0 0 0 0 0 0 0 0 0 0 0 0 0 0 0 3855 50887 65279 65279 53971 26214 12593 0 0 0 0 0 0 0 0 0 0 0 0 0 0 0 0 0 0 0 0 0 0 1799 35210 59111 65279 65279 61938 41892 4369 0 0 0 0 0 0 0 0 0 0 0 0 0 0 0 0 0 0 0 0 0 0 9252 35210 46004 59882 65279 54742 11308 0 0 0 0 0 0 0 0 0 0 0 0 0 0 0 0 0 0 0 0 0 0 0 0 16191 59882 65279 40093 0 0 0 0 0 0 0 0 0 0 0 0 0 0 0 0 771 10537 0 0 0 0 0 0 0 48060 65279 46004 0 0 0 0 0 0 0 0 0 0 0 0 0 0 0 0 29298 30326 0 0 0 0 0 0 12593 62966 65279 18761 0 0 0 0 0 0 0 0 0 0 0 0 0 0 0 0 49345 59625 23901 0 3341 25700 25700 47546 59368 65279 37266 1799 0 0 0 0 0 0 0 0 0 0 0 0 0 0 0 0 35981 65279 65022 40350 47546 65279 65279 65536 65279 45233 9252 0 0 0 0 0 0 0 0 0 0 0 0 0 0 0 0 0 257 37266 65279 65279 65279 65279 65279 45490 29555 1285 0 0 0 0 0 0 0 0 0 0 0 0 0 0 0 0 0 0 0 1799 3084 3084 3084 3084 3084 1028 0 0 0 0 0 0 0 0 0 0 0 0 0 0 0 0 0 0 0 0 0 0 0 0 0 0 0 0 0 0 0 0 0 0 0 0 0 0 0 0 0 0 0 0 0 0 0 0 0 0 0 0 0 0 0 0 0 0 0 0 0 0 0 0 0 0 0 0 0 0 0 0 0 0 0 0 0 0 0 0 0 0 0 0 0 0 0 0 0 0 0 0 0 0 0 0 0 0 0 0 0 0 0 0 0 0 0 0 0 0 0 0 0 0 0 0 0 0 0 0 0 0 0 0 0 0 
0 0 0 0 0 0 0 0 0 0 0 0 0 0 0 0 0 0 0 0 0 0 0 0 0 0 0 0 0 0 0 0 0 0 0 0 0 0 0 0 0 0 0 0 0 0 0 0 0 0 0 0 0 0 0 0 0 0 0 0 0 0 0 0 0 0 0 0 0 0 0 0 0 0 0 0 0 0 0 0 0 0 0 0 0 0 0 0 0 0 0 0 0 0 0 0 0 0 0 0 0 0 0 0 0 0 0 0 0 0 0 0 0 0 0 0 0 0 0 0 0 0 0 0 0 0 0 0 0 0 0 0 0 0 0 0 0 0 0 0 0 0 0 0 0 0 0 0 0 0 0 0 0 0 0 0 0 0 0 0 0 0 0 0 0 0 0 0 0 0 0 0 0 0 0 0 0 0 0 0 0 0 0 0 4883 9252 24929 55770 65279 57312 3084 0 0 0 0 0 0 0 0 0 0 0 0 0 0 0 0 0 0 0 5140 26471 50373 61167 65022 65279 65022 65022 4883 0 0 0 0 0 0 0 0 0 0 0 0 0 0 0 0 0 11051 39322 65279 65022 65022 57055 65022 65279 65022 65022 4883 0 0 0 0 0 0 0 0 0 0 0 0 0 0 0 6682 42663 62709 65022 65279 44719 12593 12336 65022 65279 65022 42406 514 0 0 0 0 0 0 0 0 0 0 0 0 0 0 21331 57055 65022 65022 65022 24672 2313 0 29555 65022 65279 51401 4626 0 0 0 0 0 0 0 0 0 0 0 0 0 2570 43948 65536 65279 60396 46261 15420 0 7196 40093 65279 65279 50373 3855 0 0 0 0 0 0 0 0 0 0 0 0 0 0 42920 65022 65279 49088 14649 0 2056 30326 55770 65022 65022 53200 3855 0 0 0 0 0 0 0 0 0 0 0 0 0 0 21845 63480 65022 37266 3084 0 3341 47032 65279 65022 65022 65022 22616 0 0 0 0 0 0 0 0 0 0 0 0 0 0 4883 63480 65022 51401 8224 31611 34953 59111 65022 58854 63480 65022 55513 1285 0 0 0 0 0 0 0 0 0 0 0 0 0 0 5140 65022 65022 59111 59368 65022 65022 65022 55256 5911 54999 65022 35467 0 0 0 0 0 0 0 0 0 0 0 0 0 0 0 5140 65279 65279 65279 65536 63994 42406 11565 0 9509 61424 65279 30069 0 0 0 0 0 0 0 0 0 0 0 0 0 0 0 771 27499 44462 34696 19532 9252 0 0 0 26728 65022 65022 8738 0 0 0 0 0 0 0 0 0 0 0 0 0 0 0 0 0 0 0 0 0 0 0 0 57569 65022 43177 1542 0 0 0 0 0 0 0 0 0 0 0 0 0 0 0 0 0 0 0 0 0 0 0 4112 65279 65022 20046 0 0 0 0 0 0 0 0 0 0 0 0 0 0 0 0 0 0 0 0 0 0 0 0 34696 65279 60910 4626 0 0 0 0 0 0 0 0 0 0 0 0 0 0 0 0 0 0 0 0 0 0 0 2570 53714 65536 44719 0 0 0 0 0 0 0 0 0 0 0 0 0 0 0 0 0 0 0 0 0 0 0 0 12079 65022 65279 13621 0 0 0 0 0 0 0 0 0 0 0 0 0 0 0 0 0 0 0 0 0 0 0 0 34953 65022 60396 6939 0 0 0 0 0 0 0 0 0 0 0 0 0 0 0 0 0 0 0 0 0 0 0 11051 60910 65022 36495 0 0 0 0 0 0 0 0 0 0 0 0 0 0 0 0 0 0 0 0 0 0 0 0 20303 65022 65022 5911 0 0 0 0 0 0 0 0 0 0 0 0 0 0 0 0 0 0 0 0 0 0 0 0 0 0 0 0 0 0 0 0 0 0 0 0 0 0 0 0 0 0 0 0 0 0 0 0 0 0 0 0 0 0 0 0 0 0 0 0 0 0 0 0 0 0 0 0 0 
0 0 0 0 0 0 0 0 0 0 0 0 0 0 0 0 0 0 0 0 0 0 0 0 0 0 0 0 0 0 0 0 0 0 0 0 0 0 0 0 0 0 0 0 0 0 0 0 0 0 0 0 0 0 0 0 0 0 0 0 0 0 0 0 0 0 0 0 0 0 0 0 0 0 0 0 0 0 0 0 0 0 0 0 0 0 0 0 0 0 0 0 0 0 0 0 0 0 0 0 17476 30326 63994 54228 6425 0 0 0 0 0 0 0 0 0 0 0 0 0 0 0 0 0 0 0 0 20560 50887 60396 63223 65279 65279 65279 14135 0 0 0 0 0 0 0 0 0 0 0 0 0 0 0 0 0 0 24158 54999 63480 65279 65279 65279 65279 65279 59111 9766 0 0 0 0 0 0 0 0 0 0 0 0 0 0 0 0 8738 32639 56541 65279 65279 65279 56027 51144 58083 59625 15420 0 0 0 0 0 0 0 0 0 0 0 0 0 0 0 0 11051 57055 65279 65279 65279 58083 30583 7453 0 27756 14392 0 0 0 0 0 0 0 0 0 0 0 0 0 0 0 1285 11308 57055 65279 65279 61938 30069 4883 0 0 0 0 0 0 0 0 0 0 0 0 0 0 0 0 0 0 0 0 19789 65279 65279 65279 48060 771 0 0 0 0 0 0 0 0 0 0 0 0 0 0 0 0 0 0 0 0 0 0 19789 65279 65279 46518 771 0 0 0 0 0 0 0 0 0 0 0 0 0 0 0 0 0 0 0 0 0 0 0 51401 65279 44719 2827 0 0 0 0 0 0 0 0 0 0 0 0 0 0 0 0 0 0 0 0 0 0 0 0 54999 65279 21074 0 0 0 0 0 0 0 0 0 0 15677 13621 0 0 0 0 0 0 0 0 0 0 0 0 0 54999 65279 21074 0 0 0 0 0 0 0 514 12593 46261 63223 61167 14135 0 0 0 0 0 0 0 0 0 0 0 13621 60653 65279 21074 0 0 0 0 0 0 1028 28270 65279 65279 65279 65279 43434 2827 0 0 0 0 0 0 0 0 0 0 0 54228 65279 22102 0 0 0 0 0 7196 40350 65279 65279 64765 51915 57569 65279 24672 0 0 0 0 0 0 0 0 0 0 0 19789 65279 56541 0 0 0 0 0 12593 65279 65279 65279 21588 0 51401 65279 24672 0 0 0 0 0 0 0 0 0 0 0 19789 65279 65022 39579 0 0 0 0 46261 65279 65279 48060 60653 62195 64765 65279 24672 0 0 0 0 0 0 0 0 0 0 0 2570 40093 65279 62966 21588 12079 0 0 17219 65536 65279 65279 65279 65279 65279 56027 3341 0 0 0 0 0 0 0 0 0 0 0 0 10794 60396 65279 65279 59368 19789 16191 25700 65279 65279 65279 65279 65279 65279 46004 0 0 0 0 0 0 0 0 0 0 0 0 0 0 17990 61167 65279 65279 65279 65279 65279 65279 65279 65279 65279 65279 57055 16191 0 0 0 0 0 0 0 0 0 0 0 0 0 0 0 16705 60139 60139 64765 65279 65279 65279 65279 62709 60139 29298 5397 0 0 0 0 0 0 0 0 0 0 0 0 0 0 0 0 0 0 0 26985 30069 30069 52943 44976 15420 0 0 0 0 0 0 0 0 0 0 0 0 0 0 0 0 0 0 0 0 0 0 0 0 0 0 0 0 0 0 0 0 0 0 0 0 0 0 0 0 0 0 0 0 0 0 0 0 0 0 0 0 0 0 0 0 0 0 0 0 0 0 0 0 0 0 0 0 0 0 0 0 0 0 0 0 0 0 0 0 0 0 0 0 0 0 0 0 0 0 0 0 0 0 0 0 0 0 0 0 0 0 0 0 0 0 0 0 0 0 0 0 0 0 0 0 0 0 0 0 0 0 0 0 0 0 0 0 0 0 0 0 0 0 0 0 0 0 0 0 0 0 0 0 0 0 0 0 0 0 
0 0 0 0 0 0 0 0 0 0 0 0 0 0 0 0 0 0 0 0 0 0 0 0 0 0 0 0 0 0 0 0 0 0 0 0 0 0 0 0 0 0 0 0 0 0 0 0 0 0 0 0 0 0 0 0 0 0 0 0 0 0 0 0 0 0 40350 56027 0 0 0 0 0 0 0 0 0 0 0 0 0 0 0 0 0 0 0 0 0 0 0 0 0 514 41378 55770 0 0 0 0 0 0 0 0 0 0 0 0 0 0 0 0 0 0 0 0 0 0 0 0 0 8995 65279 61167 12593 0 0 0 0 0 0 0 0 0 0 0 0 0 0 0 0 0 0 0 0 0 0 0 3084 54228 65279 65279 22359 0 0 0 0 0 0 0 0 0 0 0 0 0 0 0 0 0 0 0 0 0 0 0 4883 65279 65279 59625 8738 0 0 0 0 0 0 0 0 0 0 0 0 0 0 0 0 0 0 0 0 0 0 0 4883 65279 65279 55770 0 0 0 0 0 0 0 0 0 0 0 0 0 0 0 0 0 0 0 0 0 0 0 0 10537 65279 65279 50373 0 0 0 0 0 0 0 0 0 0 0 0 0 0 0 0 0 0 0 0 0 0 0 771 42406 65279 65279 23901 0 0 0 9509 12850 12850 12850 2313 0 0 0 0 0 0 0 0 0 0 0 0 0 0 0 3341 65279 65279 63737 18761 9766 20817 46518 60396 65279 65279 65279 38551 9252 0 0 0 0 0 0 0 0 0 0 0 0 0 0 3341 65279 65279 49602 7196 59625 65279 65279 65279 65279 65279 65279 65279 59111 35467 1542 0 0 0 0 0 0 0 0 0 0 0 0 3341 65279 65279 49602 18504 65279 65279 61424 47803 32125 47803 47803 62452 65279 65279 37780 1285 0 0 0 0 0 0 0 0 0 0 0 3341 65279 65279 59625 48574 65279 52172 20560 0 0 0 0 22873 53200 65279 65279 14135 0 0 0 0 0 0 0 0 0 0 0 3341 65279 65279 65279 65279 65279 20560 0 0 0 0 0 0 24158 65279 65279 36495 0 0 0 0 0 0 0 0 0 0 0 3341 65279 65279 65279 62195 42920 13621 0 0 0 0 0 0 24158 65279 65279 36495 0 0 0 0 0 0 0 0 0 0 0 514 40864 65279 65279 55770 0 0 0 0 0 0 0 0 35724 65279 65279 36495 0 0 0 0 0 0 0 0 0 0 0 0 8738 65279 65279 59625 25700 8224 0 0 0 0 8224 36495 64251 65279 65279 24158 0 0 0 0 0 0 0 0 0 0 0 0 4883 65536 65536 65279 65279 61167 52172 42920 27499 52429 61167 65279 65279 65279 53971 2827 0 0 0 0 0 0 0 0 0 0 0 0 514 26471 65279 65279 65279 65279 65279 65279 65279 65279 65279 65279 65279 65279 8481 0 0 0 0 0 0 0 0 0 0 0 0 0 0 514 41121 65279 65279 65279 65279 65279 65279 65279 65279 54999 34953 6682 514 0 0 0 0 0 0 0 0 0 0 0 0 0 0 0 1028 6168 33411 33411 33411 41121 56798 33411 33411 6425 0 0 0 0 0 0 0 0 0 0 0 0 0 0 0 0 0 0 0 0 0 0 0 0 0 0 0 0 0 0 0 0 0 0 0 0 0 0 0 0 0 0 0 0 0 0 0 0 0 0 0 0 0 0 0 0 0 0 0 0 0 0 0 0 0 0 0 0 0 0 0 0 0 0 0 0 0 0 0 0 0 0 0 0 0 0 0 0 0 0 0 0 0 0 0 0 0 0 0 0 0 0 0 0 0 0 0 0 0 0 0 0 0 0 0 0 0 0 0 0 0 0 0 0 0 0 0 0 0 0 0 0 0 0 0 0 0 0 0 0 0 0 0 0 0 0 0 0 0 0 0 0 0 0 0 0 0 0 0 0 0 0 0 0 0 0 0 0 0 0 0 0 0 0 0 0 
0 0 0 0 0 0 0 0 0 0 0 0 0 0 0 0 0 0 0 0 0 0 0 0 0 0 0 0 0 0 0 0 0 0 0 0 0 0 0 0 0 0 0 0 0 0 0 0 0 0 0 0 0 0 0 0 0 0 0 0 0 0 0 0 0 0 0 0 0 0 0 0 0 0 0 0 0 0 0 0 0 0 0 0 0 0 0 0 0 0 0 0 0 0 0 0 0 0 0 0 0 0 0 0 0 0 0 0 0 0 0 0 0 0 0 0 0 0 0 0 0 0 0 0 0 0 0 0 0 0 0 0 0 0 0 0 0 0 0 0 0 0 0 0 0 0 0 0 0 0 0 0 514 9766 42149 65279 65536 65279 65279 65279 65279 57569 9509 0 0 0 0 0 0 0 0 0 0 0 0 0 0 0 0 257 28784 65022 65022 65022 65022 65022 65022 65022 65022 65022 56798 5397 0 0 0 0 0 0 0 0 0 0 0 0 0 0 0 7967 65022 65022 61938 42149 21074 40607 65022 65022 65022 65022 50630 3084 0 0 0 0 0 0 0 0 0 0 0 0 0 0 7710 41121 65022 53457 21845 0 0 29041 65022 65022 65022 60396 17476 0 0 0 0 0 0 0 0 0 0 0 0 0 0 0 27499 65022 65022 24158 0 0 0 53714 65022 62452 36495 8995 0 0 0 0 0 0 0 0 0 0 0 0 0 0 0 0 27499 65022 65022 24158 0 0 34439 64508 63737 19275 0 0 0 0 0 0 0 0 0 0 0 0 0 0 0 0 0 0 27499 65022 65022 58340 10794 34182 64765 65022 46261 0 0 0 0 0 0 0 0 0 0 0 0 0 0 0 0 0 0 0 12079 43691 65022 65022 65022 65022 65022 46004 771 0 0 0 0 0 0 0 0 0 0 0 0 0 0 0 0 0 0 0 0 1542 65022 65022 65022 65022 53714 3341 0 0 0 0 0 0 0 0 0 0 0 0 0 0 0 0 0 0 0 0 6425 30840 65022 65022 65022 65022 65022 27242 0 0 0 0 0 0 0 0 0 0 0 0 0 0 0 0 0 0 0 7196 38808 65022 63223 26214 22102 60653 65022 58597 10280 0 0 0 0 0 0 0 0 0 0 0 0 0 0 0 0 0 0 48317 65022 63737 9509 0 0 17476 61167 65022 57312 0 0 0 0 0 0 0 0 0 0 0 0 0 0 0 0 0 30326 63994 52943 6939 0 0 0 0 54742 65022 61938 0 0 0 0 0 0 0 0 0 0 0 0 0 0 0 0 13621 64765 65022 36238 0 0 0 0 0 54742 65022 62195 1285 0 0 0 0 0 0 0 0 0 0 0 0 0 0 0 31611 65022 62452 6682 0 0 0 0 0 54742 65022 64765 24158 0 0 0 0 0 0 0 0 0 0 0 0 0 0 6168 57826 65022 42149 0 0 0 0 0 0 54742 65022 61938 0 0 0 0 0 0 0 0 0 0 0 0 0 0 0 9252 65022 65022 42149 0 0 0 0 0 0 54742 65022 61938 0 0 0 0 0 0 0 0 0 0 0 0 0 0 0 6168 58340 65022 60396 15934 0 0 0 0 16705 58083 65022 52172 0 0 0 0 0 0 0 0 0 0 0 0 0 0 0 0 32125 65022 65022 61424 56284 41892 41892 56284 62966 65022 53714 4883 0 0 0 0 0 0 0 0 0 0 0 0 0 0 0 0 1028 27242 59625 65022 65022 65022 65022 65022 55770 23387 2570 0 0 0 0 0 0 0 0 0 0 0 0 0 0 0 0 0 0 0 0 0 0 0 0 0 0 0 0 0 0 0 0 0 0 0 0 0 0 0 0 0 0 0 0 0 0 0 0 0 0 0 0 0 0 0 0 0 0 0 0 0 0 0 0 0 0 0 0 0 0 0 0 0 0 0 0 0 0 0 0 0 0 0 0 0 0 0 0 0 0 0 0 0 0 
0 0 0 0 0 0 0 0 0 0 0 0 0 0 0 0 0 0 0 0 0 0 0 0 0 0 0 0 0 0 0 0 0 0 0 0 0 0 0 0 0 0 0 0 0 0 0 0 0 0 0 0 0 0 0 0 0 0 0 0 0 0 0 0 0 0 0 0 0 0 0 0 0 0 0 0 0 0 0 0 0 0 0 0 0 0 0 0 0 0 0 0 0 0 0 0 0 0 0 0 0 0 0 0 0 0 0 0 0 0 0 0 0 0 0 0 0 0 0 0 0 0 0 0 0 0 0 0 0 0 0 0 0 0 0 0 0 0 0 0 0 0 0 0 0 0 0 0 0 0 0 32897 32897 32897 32897 0 0 0 0 0 0 0 0 0 0 0 0 0 0 0 0 0 0 0 0 0 0 32897 65536 65536 65536 65536 65536 65536 32897 16448 0 0 0 0 0 0 0 0 0 0 0 0 0 0 0 0 0 0 32897 65536 65536 65536 65536 65536 65536 65536 65536 65536 65536 16448 0 0 0 0 0 0 0 0 0 0 0 0 0 0 0 0 49088 65536 65536 65536 65536 32897 32897 32897 49088 65536 65536 65536 49088 0 0 0 0 0 0 0 0 0 0 0 0 0 0 32897 65536 65536 65536 49088 0 0 0 0 0 0 32897 65536 65536 49088 0 0 0 0 0 0 0 0 0 0 0 0 0 65536 65536 65536 32897 0 0 0 0 0 0 0 0 16448 65536 65536 49088 16448 0 0 0 0 0 0 0 0 0 0 49088 65536 65536 49088 0 0 0 0 0 0 0 0 0 0 16448 65536 65536 49088 0 0 0 0 0 0 0 0 0 32897 65536 65536 49088 0 0 0 0 0 0 0 0 0 0 0 0 16448 65536 65536 32897 0 0 0 0 0 0 0 0 32897 65536 65536 16448 0 0 0 0 0 0 0 0 0 0 0 0 0 65536 65536 32897 0 0 0 0 0 0 0 0 65536 65536 65536 0 0 0 0 0 0 0 0 0 0 0 0 0 16448 65536 65536 65536 0 0 0 0 0 0 0 0 65536 65536 32897 0 0 0 0 0 0 0 0 0 0 0 0 16448 65536 65536 65536 65536 0 0 0 0 0 0 0 0 49088 65536 32897 0 0 0 0 0 0 0 0 0 0 0 0 49088 65536 65536 65536 16448 0 0 0 0 0 0 0 0 32897 65536 65536 0 0 0 0 0 0 0 0 0 16448 49088 65536 65536 65536 65536 49088 0 0 0 0 0 0 0 0 0 32897 65536 65536 49088 0 0 0 0 0 16448 32897 65536 65536 65536 65536 65536 65536 32897 0 0 0 0 0 0 0 0 0 0 0 49088 65536 65536 65536 65536 32897 32897 49088 65536 65536 65536 65536 65536 65536 65536 32897 0 0 0 0 0 0 0 0 0 0 0 0 0 49088 65536 65536 65536 65536 65536 65536 65536 65536 65536 65536 65536 32897 0 0 0 0 0 0 0 0 0 0 0 0 0 0 0 0 16448 65536 65536 65536 65536 65536 65536 65536 32897 16448 0 0 0 0 0 0 0 0 0 0 0 0 0 0 0 0 0 0 0 0 32897 32897 32897 32897 0 0 0 0 0 0 0 0 0 0 0 0 0 0 0 0 0 0 0 0 0 0 0 0 0 0 0 0 0 0 0 0 0 0 0 0 0 0 0 0 0 0 0 0 0 0 0 0 0 0 0 0 0 0 0 0 0 0 0 0 0 0 0 0 0 0 0 0 0 0 0 0 0 0 0 0 0 0 0 0 0 0 0 0 0 0 0 0 0 0 0 0 0 0 0 0 0 0 0 0 0 0 0 0 0 0 0 0 0 0 0 0 0 0 0 0 0 0 0 0 0 0 0 0 0 0 0 0 0 0 0 0 0 0 0 0 0 0 0 0 0 0 0 0 0 0 0 0 0 0 0 0 0 0 
0 0 0 0 0 0 0 0 0 0 0 0 0 0 0 0 0 0 0 0 0 0 0 0 0 0 0 0 0 0 0 0 0 0 0 0 0 0 0 0 0 0 0 0 0 0 0 0 0 0 0 0 0 0 0 0 0 0 0 0 0 0 0 0 0 0 0 0 0 0 0 0 0 0 0 0 0 0 0 0 0 0 0 0 0 0 0 0 0 0 0 0 0 0 0 0 0 0 0 0 0 0 0 0 0 0 0 0 0 0 0 0 0 0 0 0 0 0 0 0 0 0 0 0 0 33154 54742 2570 0 0 0 0 0 0 0 0 0 0 0 0 0 0 0 0 0 0 0 0 0 0 0 0 0 44976 65279 33925 0 0 0 0 0 0 0 0 0 0 0 0 0 0 0 0 0 0 0 0 0 0 0 0 0 28270 65279 39836 0 0 0 0 0 0 0 0 0 0 0 0 0 0 0 0 0 0 0 0 0 0 0 0 0 28270 65279 39836 0 0 0 0 0 0 0 0 0 0 0 0 0 0 0 0 0 0 0 0 0 0 0 0 0 28270 65279 63480 1028 0 0 0 0 0 0 0 0 0 0 0 0 0 0 0 0 0 0 0 0 0 0 0 0 28270 65279 65536 1285 0 0 0 0 0 0 0 0 0 0 0 0 0 0 0 0 0 0 0 0 0 0 0 0 28270 65279 42920 257 0 0 0 0 0 0 0 0 0 0 0 0 0 0 0 0 0 0 0 0 0 0 0 0 28270 65279 39836 0 0 0 0 0 0 0 0 0 0 0 0 0 0 0 0 0 0 0 0 0 0 0 0 0 28270 65279 39836 0 0 0 0 0 0 0 0 0 0 0 0 0 0 0 0 0 0 0 0 0 0 0 0 0 28270 65279 39836 0 0 0 0 0 0 0 0 0 0 0 0 0 0 0 0 0 0 0 0 0 0 0 0 0 28270 65279 39836 0 0 0 0 0 0 0 0 0 0 0 0 0 0 0 0 0 0 0 0 0 0 0 0 0 28270 65279 39836 0 0 0 0 0 0 0 0 0 0 0 0 0 0 0 0 0 0 0 0 0 0 0 0 0 28270 65279 59111 1028 0 0 0 0 0 0 0 0 0 0 0 0 0 0 0 0 0 0 0 0 0 0 0 0 24929 65279 65279 1285 0 0 0 0 0 0 0 0 0 0 0 0 0 0 0 0 0 0 0 0 0 0 0 0 1542 65279 65279 1285 0 0 0 0 0 0 0 0 0 0 0 0 0 0 0 0 0 0 0 0 0 0 0 0 1542 65279 65279 1285 0 0 0 0 0 0 0 0 0 0 0 0 0 0 0 0 0 0 0 0 0 0 0 0 1542 65279 65279 1285 0 0 0 0 0 0 0 0 0 0 0 0 0 0 0 0 0 0 0 0 0 0 0 0 24672 65279 65279 24415 0 0 0 0 0 0 0 0 0 0 0 0 0 0 0 0 0 0 0 0 0 0 0 0 11308 65279 65279 28013 0 0 0 0 0 0 0 0 0 0 0 0 0 0 0 0 0 0 0 0 0 0 0 0 257 33668 54999 16705 0 0 0 0 0 0 0 0 0 0 0 0 0 0 0 0 0 0 0 0 0 0 0 0 0 0 0 0 0 0 0 0 0 0 0 0 0 0 0 0 0 0 0 0 0 0 0 0 0 0 0 0 0 0 0 0 0 0 0 0 0 0 0 0 0 0 0 0 0 0 0 0 0 0 0 0 0 0 0 0 0 0 0 0 0 0 0 0 0 0 0 0 0 0 0 0 0 0 0 0 0 0 0 0 0 0 0 0 0 0 0 0 0 0 0 0 0 0 0 0 0 0 0 
0 0 0 0 0 0 0 0 0 0 0 0 0 0 0 0 0 0 0 0 0 0 0 0 0 0 0 0 0 0 0 0 0 0 0 0 0 0 0 0 0 0 0 0 0 0 0 0 0 0 0 0 0 0 0 0 0 0 0 0 0 0 0 0 0 0 0 0 0 0 0 0 0 0 0 0 0 0 0 0 0 0 0 0 0 0 0 0 0 0 0 0 0 0 0 0 0 0 0 0 0 0 0 0 0 0 0 0 0 0 0 0 0 0 0 0 0 0 0 0 0 0 0 9509 36495 48574 65536 45233 40607 9252 0 0 0 0 0 0 0 0 0 0 0 0 0 0 0 0 0 0 0 0 5397 50630 65279 65279 65279 65279 65279 60653 26728 0 0 0 0 0 0 0 0 0 0 0 0 0 0 0 0 0 0 2313 53457 65279 65279 65279 65279 65279 65279 65279 63480 7967 0 0 0 0 0 0 0 0 0 0 0 0 0 0 0 0 0 39836 65279 65279 65279 65279 65279 40864 25443 63994 65279 22102 0 0 0 0 0 0 0 0 0 0 0 0 0 0 0 0 0 37780 62709 62709 62452 58854 31097 1799 0 60396 65279 22102 0 0 0 0 0 0 0 0 0 0 0 0 0 0 0 0 0 1799 11565 11565 10023 0 0 0 0 60396 65279 22102 0 0 0 0 0 0 0 0 0 0 0 0 0 0 0 0 0 0 0 0 0 0 0 0 19275 65022 63737 9252 0 0 0 0 0 0 0 0 0 0 0 0 0 0 0 0 0 0 0 0 0 0 0 1799 49602 65279 51401 0 0 0 0 0 0 0 0 0 0 0 0 0 0 0 0 0 0 0 0 0 0 0 0 3855 65279 65279 20817 0 0 0 0 0 0 0 0 0 0 0 0 0 0 0 0 0 0 0 0 0 0 0 0 17990 65279 65279 13364 0 0 0 0 0 0 0 0 0 0 0 0 0 0 0 0 0 0 0 0 0 0 0 5397 53714 65279 45233 2570 0 0 0 0 0 0 0 0 0 0 0 0 0 0 0 0 0 0 0 0 0 0 0 20046 65279 65279 12593 0 0 0 0 0 0 0 0 0 0 0 0 0 0 0 0 0 0 0 0 0 0 0 15934 61938 65279 65279 4883 0 0 0 0 0 0 0 0 0 0 0 0 0 0 0 0 0 0 0 0 1028 17219 38294 61167 65279 65279 57569 3084 0 0 0 0 0 0 0 0 0 0 0 0 0 0 0 0 0 0 0 1799 43691 65279 65279 65279 65279 65279 65279 37266 0 0 0 0 0 0 0 0 0 0 0 0 0 0 0 0 0 0 2313 52429 65279 65279 65279 65279 63223 55770 65279 64251 15934 2827 1028 0 0 0 0 0 0 0 0 0 0 0 0 0 0 0 14906 65279 65279 65279 65279 64765 23901 3855 64765 65279 47803 4626 11565 514 0 0 0 0 0 0 0 0 0 0 0 0 0 0 14906 65279 65279 65279 63737 32639 0 0 28784 65279 65279 22102 12336 5397 0 0 0 0 0 0 0 0 0 0 0 0 0 0 7453 60139 65279 54999 20303 0 0 0 2313 60910 65279 25443 0 0 0 0 0 0 0 0 0 0 0 0 0 0 0 0 0 15934 32382 6682 0 0 0 0 0 41635 65279 28013 0 0 0 0 0 0 0 0 0 0 0 0 0 0 0 0 0 0 0 0 0 0 0 0 0 0 0 0 0 0 0 0 0 0 0 0 0 0 0 0 0 0 0 0 0 0 0 0 0 0 0 0 0 0 0 0 0 0 0 0 0 0 0 0 0 0 0 0 0 0 0 0 0 0 0 0 0 0 0 0 0 0 0 0 0 0 0 0 0 0 0 0 0 0 0 0 0 0 0 0 0 0 0 0 0 0 0 0 0 0 0 0 0 0 0 0 0 0 0 0 
0 0 0 0 0 0 0 0 0 0 0 0 0 0 0 0 0 0 0 0 0 0 0 0 0 0 0 0 0 0 0 0 0 0 0 0 0 0 0 0 0 0 0 0 0 0 0 0 0 0 0 0 0 0 0 0 0 0 0 0 0 0 0 0 0 0 0 0 0 0 0 0 0 0 0 0 0 0 0 0 0 0 0 0 0 0 0 0 0 0 0 0 0 0 0 0 0 0 0 0 0 0 0 0 0 0 0 0 0 0 0 0 0 0 0 0 0 0 0 0 0 0 0 0 0 0 0 65536 14649 0 0 0 0 0 0 0 0 0 0 0 0 0 0 0 0 0 0 0 0 0 0 0 0 0 14649 65536 22102 0 0 0 0 0 0 0 0 0 0 0 0 0 0 0 0 0 0 0 0 0 0 0 0 0 43691 65536 43691 0 0 0 0 0 0 0 0 0 0 0 0 0 0 0 0 0 0 0 0 0 0 0 0 0 43691 65536 36238 0 0 0 0 0 0 0 0 0 0 0 0 0 0 0 0 0 0 0 0 0 0 0 0 0 43691 65536 29298 0 0 0 0 0 0 0 0 0 0 0 0 0 0 0 0 0 0 0 0 0 0 0 0 7453 65536 65536 22102 0 0 0 0 0 0 0 0 0 0 0 0 0 0 0 0 0 0 0 0 0 0 0 0 36238 65536 65536 22102 0 0 0 0 0 0 0 0 0 0 0 0 0 0 0 0 0 0 0 0 0 0 0 0 43691 65536 65536 14649 0 0 0 0 0 0 0 0 0 0 0 0 0 0 0 0 0 0 0 0 0 0 0 0 50887 65536 65536 0 0 0 0 0 0 0 0 0 0 0 0 0 0 0 0 0 0 0 0 0 0 0 0 0 65536 65536 29298 0 0 0 0 0 0 0 0 0 0 0 0 0 0 0 0 0 0 0 0 0 0 0 0 0 65536 65536 22102 0 0 0 0 0 0 0 0 0 0 0 0 0 0 0 0 0 0 0 0 0 0 0 0 29298 65536 65536 22102 0 0 0 0 0 0 0 0 0 0 0 0 0 0 0 0 0 0 0 0 0 0 0 0 43691 65536 65536 7453 0 0 0 0 0 0 0 0 0 0 0 0 0 0 0 0 0 0 0 0 0 0 0 0 58083 65536 58083 0 0 0 0 0 0 0 0 0 0 0 0 0 0 0 0 0 0 0 0 0 0 0 0 0 65536 65536 43691 0 0 0 0 0 0 0 0 0 0 0 0 0 0 0 0 0 0 0 0 0 0 0 0 14649 65536 65536 43691 0 0 0 0 0 0 0 0 0 0 0 0 0 0 0 0 0 0 0 0 0 0 0 0 36238 65536 65536 43691 0 0 0 0 0 0 0 0 0 0 0 0 0 0 0 0 0 0 0 0 0 0 0 0 43691 65536 65536 22102 0 0 0 0 0 0 0 0 0 0 0 0 0 0 0 0 0 0 0 0 0 0 0 0 43691 65536 65536 22102 0 0 0 0 0 0 0 0 0 0 0 0 0 0 0 0 0 0 0 0 0 0 0 0 22102 58083 50887 0 0 0 0 0 0 0 0 0 0 0 0 0 0 0 0 0 0 0 0 0 0 0 0 0 0 0 0 0 0 0 0 0 0 0 0 0 0 0 0 0 0 0 0 0 0 0 0 0 0 0 0 0 0 0 0 0 0 0 0 0 0 0 0 0 0 0 0 0 0 0 0 0 0 0 0 0 0 0 0 0 0 0 0 0 0 0 0 0 0 0 0 0 0 0 0 0 0 0 0 0 0 0 0 0 0 0 0 0 0 0 0 0 0 0 0 0 0 0 0 0 0 0 0 0 0 
0 0 0 0 0 0 0 0 0 0 0 0 0 0 0 0 0 0 0 0 0 0 0 0 0 0 0 0 0 0 0 0 0 0 0 0 0 0 0 0 0 0 0 0 0 0 0 0 0 0 0 0 0 0 0 0 0 0 0 0 0 0 0 0 0 0 0 0 0 0 0 0 0 0 0 0 0 0 0 0 0 0 0 0 0 0 0 0 0 0 0 0 0 0 0 0 0 0 0 0 0 0 0 0 0 0 0 0 0 0 0 0 0 0 0 0 0 0 0 0 0 0 0 0 0 0 0 0 0 0 0 0 0 0 0 0 0 0 0 0 0 0 0 0 0 0 0 0 0 0 0 0 0 0 0 0 0 0 0 0 0 0 0 0 0 0 0 0 0 0 0 0 0 0 0 0 0 0 0 0 0 0 0 0 0 0 0 0 0 0 0 0 0 0 0 0 0 0 0 0 0 0 0 0 0 0 0 0 0 0 0 0 0 0 0 0 0 0 0 0 0 0 0 0 0 0 0 0 0 0 0 0 0 0 0 0 0 10280 25700 25700 25700 38037 25700 38037 25700 0 0 0 0 0 0 0 0 0 0 0 0 0 0 257 5911 5911 30840 38037 62452 63480 65022 63994 61424 65022 65022 65022 65022 0 0 0 0 0 0 0 0 0 10023 8738 13878 14392 36495 43691 65022 54485 50887 47289 22616 22616 22616 17733 22873 65022 65022 65022 40350 0 0 0 0 0 0 0 0 39065 60910 59625 64508 60139 42406 41121 14135 3598 0 0 0 0 0 0 22873 65022 65022 58083 5397 0 0 0 0 0 0 0 0 9252 33668 10280 5654 4369 0 0 0 0 0 0 0 0 0 771 49345 65022 65022 43948 0 0 0 0 0 0 0 0 0 0 0 0 0 0 0 0 0 0 0 0 0 0 0 19275 65022 65022 65022 16962 0 0 0 0 0 0 0 0 0 0 0 0 0 0 0 0 0 0 0 0 0 0 0 42663 65022 65022 56541 4369 0 0 0 0 0 0 0 0 0 0 0 0 0 0 0 0 0 0 0 0 0 0 5140 62195 65022 65022 29041 0 0 0 0 0 0 0 0 0 0 0 0 0 0 0 0 0 0 0 0 0 0 0 34182 65536 65279 65279 25700 0 0 0 0 0 0 0 0 0 0 0 0 0 0 0 0 0 0 0 0 0 0 0 34182 65022 65022 63223 7710 0 0 0 0 0 0 0 0 0 0 0 0 0 0 0 0 0 0 0 0 0 0 0 34182 65022 65022 51144 0 0 0 0 0 0 0 0 0 0 0 0 0 0 0 0 0 0 0 0 0 0 0 0 49088 65022 65022 33668 0 0 0 0 0 0 0 0 0 0 0 0 0 0 0 0 0 0 0 0 0 0 0 0 62452 65022 65022 15420 0 0 0 0 0 0 0 0 0 0 0 0 0 0 0 0 0 0 0 0 0 0 0 0 62452 65022 65022 5654 0 0 0 0 0 0 0 0 0 0 0 0 0 0 0 0 0 0 0 0 0 0 0 0 62452 65022 65022 5654 0 0 0 0 0 0 0 0 0 0 0 0 0 0 0 0 0 0 0 0 0 0 0 0 39065 53714 53714 4626 0 0 0 0 0 0 0 0 0 0 0 0 0 0 0 0 0 0 0 0 0 0 0 0 0 0 0 0 0 0 0 0 0 0 0 0 0 0 0 0 0 0 0 0 0 0 0 0 0 0 0 0 0 0 0 0 0 0 0 0 0 0 0 0 0 0 0 0 0 0 0 0 0 0 0 0 0 0 0 0 0 0 0 0 0 0 0 0 0 0 0 0 0 0 0 0 0 0 0 0 0 0 0 0 0 0 0 0 0 0 0 0 0 0 0 0 0 0 0 0 0 0 
0 0 0 0 0 0 0 0 0 0 0 0 0 0 0 0 0 0 0 0 0 0 0 0 0 0 0 0 0 0 0 0 0 0 0 0 0 0 0 0 0 0 0 0 0 0 0 0 0 0 0 0 0 0 0 0 0 0 0 0 0 0 0 0 0 0 0 0 0 0 0 0 0 0 0 0 0 0 0 0 0 0 0 0 0 0 0 0 0 0 0 0 0 0 0 0 0 0 0 0 0 0 0 0 0 0 0 0 0 0 0 0 0 0 0 0 0 0 0 0 0 0 0 0 0 0 0 0 0 0 0 0 0 0 0 0 0 0 0 0 0 0 0 0 0 0 0 0 0 0 0 0 0 0 0 0 0 0 0 0 0 0 0 0 0 0 0 0 0 0 0 0 0 0 0 0 0 0 0 0 0 0 0 0 0 0 0 0 0 0 0 0 0 0 0 0 0 0 0 0 0 0 0 0 0 0 0 0 0 0 0 0 0 0 2056 18504 62966 65279 32897 0 0 0 0 0 0 0 0 0 0 0 0 0 0 6168 16448 0 0 0 0 0 14392 32125 49859 65022 65022 65022 25443 0 0 0 0 0 0 0 0 0 0 0 0 0 0 22873 64765 32382 7967 25700 29555 53971 63223 65022 65022 65022 65022 44462 3084 0 0 0 0 0 0 0 0 0 0 0 0 0 22616 57312 65022 64765 63223 65022 65279 65022 65022 60139 65022 65022 61167 12079 0 0 0 0 0 0 0 0 0 0 0 0 0 28784 57312 65022 65022 65022 65022 58854 51144 50887 27499 12850 65022 65022 27756 0 0 0 0 0 0 0 0 0 0 0 0 6168 33925 64508 65022 65022 54228 42406 21331 7967 0 0 0 34182 65022 65022 5654 0 0 0 0 0 0 0 0 0 0 0 4112 52429 65022 65022 63223 52429 5397 0 0 0 0 0 13621 61424 65022 52943 2827 0 0 0 0 0 0 0 0 0 0 0 7196 61681 65022 51658 8995 0 0 0 0 0 0 0 53971 65022 56541 5654 0 0 0 0 0 0 0 0 0 0 0 0 0 11822 16962 771 0 0 0 0 0 0 0 21588 62195 65022 42149 0 0 0 0 0 0 0 0 0 0 0 0 0 0 0 0 0 0 0 0 0 0 0 3855 53971 65022 62709 12850 0 0 0 0 0 0 0 0 0 0 0 0 0 0 0 0 0 0 0 0 0 0 0 24929 65279 65279 31354 0 0 0 0 0 0 0 0 0 0 0 0 0 0 0 0 0 0 0 0 0 0 0 7710 56798 65022 65022 11308 0 0 0 0 0 0 0 0 0 0 0 0 0 0 0 0 0 0 0 0 0 0 0 28527 65279 65022 32897 514 0 0 0 0 0 0 0 0 0 0 0 0 0 0 0 0 0 0 0 0 0 0 1799 56541 65536 56284 5397 0 0 0 0 0 0 0 0 0 0 0 0 0 0 0 0 0 0 0 0 0 0 0 38551 65022 63480 25443 0 0 0 0 0 0 0 0 0 0 0 0 0 0 0 0 0 0 0 0 0 0 0 4112 54228 65022 56798 0 0 0 0 0 0 0 0 0 0 0 0 0 0 0 0 0 0 0 0 0 0 0 257 26214 65022 65022 60910 9509 0 0 0 0 0 0 0 0 0 0 0 0 0 0 0 0 0 0 0 0 0 0 3084 65022 65022 65022 60139 7710 0 0 0 0 0 0 0 0 0 0 0 0 0 0 0 0 0 0 0 0 0 0 24158 65022 65022 56541 14906 0 0 0 0 0 0 0 0 0 0 0 0 0 0 0 0 0 0 0 0 0 0 0 19018 65022 65022 24415 0 0 0 0 0 0 0 0 0 0 0 0 0 0 0 0 0 0 0 0 0 0 0 0 0 0 0 0 0 0 0 0 0 0 0 0 0 0 0 0 0 0 
0 0 0 0 0 0 0 0 0 0 0 0 0 0 0 0 0 0 0 0 0 0 0 0 0 0 0 0 0 0 0 0 0 0 0 0 0 0 0 0 0 0 0 0 0 0 0 0 0 0 0 0 0 0 0 0 0 0 0 0 0 0 0 0 0 0 0 0 0 0 0 0 0 0 0 0 0 0 0 0 0 0 0 0 0 0 0 0 0 0 0 0 0 0 0 0 0 0 0 0 0 0 0 0 0 0 0 0 0 0 0 0 0 0 0 0 0 0 0 0 0 0 0 0 0 0 0 0 0 0 0 0 0 0 0 0 0 0 0 0 0 0 0 0 0 0 0 0 0 0 0 0 0 0 0 0 0 0 0 0 0 0 0 0 0 0 0 0 0 0 0 0 0 0 0 257 4883 33411 29041 22873 33411 56284 65279 65279 65279 12593 0 0 0 0 0 0 0 0 0 0 0 0 0 0 0 0 0 20560 65022 65022 65022 65022 65022 65022 65022 65022 65022 12593 0 0 0 0 0 0 0 0 0 0 0 0 0 0 0 0 0 2313 47032 63223 64508 60396 60396 53200 52943 65022 65022 12593 0 0 0 0 0 0 0 0 0 0 0 0 0 0 0 0 0 0 0 16705 23130 0 0 0 16191 65022 65022 12593 0 0 0 0 0 0 0 0 0 0 0 0 0 0 0 0 0 0 0 0 0 0 0 0 20046 65022 62709 11051 0 0 0 0 0 0 0 0 0 0 0 0 0 0 0 0 0 0 0 0 0 0 0 0 47803 65022 46004 0 0 0 0 0 0 0 0 0 0 0 0 0 0 0 0 0 0 0 0 0 0 0 0 0 47803 65022 46004 0 0 0 0 0 0 0 0 0 0 0 0 0 0 0 0 0 0 0 0 0 0 0 0 0 47803 65022 46004 0 0 0 0 0 0 0 0 0 0 0 0 0 0 0 0 0 0 0 0 0 0 0 0 0 47803 65022 50116 14392 25443 30840 46261 46261 10280 0 0 0 0 0 0 0 0 0 0 0 0 0 0 0 0 0 0 11565 52172 65022 65022 65022 65022 65022 65022 65022 28784 0 0 0 0 0 0 0 0 0 0 0 0 0 10537 17733 17733 38551 49345 60653 65022 65022 65022 65022 65022 50116 47546 34182 1285 0 0 0 0 0 0 0 0 0 0 0 1028 37009 59368 65022 65022 65022 65022 65022 65022 65022 50116 20303 14135 2056 0 0 0 0 0 0 0 0 0 0 0 0 0 0 3341 65022 65022 62452 44205 38808 18761 48831 65022 50887 2827 0 0 0 0 0 0 0 0 0 0 0 0 0 0 0 0 0 771 29041 24158 9766 0 0 0 14392 65022 47546 0 0 0 0 0 0 0 0 0 0 0 0 0 0 0 0 0 0 0 0 0 0 0 0 0 14392 65022 47546 0 0 0 0 0 0 0 0 0 0 0 0 0 0 0 0 0 0 0 0 0 0 0 0 0 26985 65022 47546 0 0 0 0 0 0 0 0 0 0 0 0 0 0 0 0 0 0 0 0 0 0 0 0 0 46261 65022 47546 0 0 0 0 0 0 0 0 0 0 0 0 0 0 0 0 0 0 0 0 0 0 0 0 0 46261 65022 47546 0 0 0 0 0 0 0 0 0 0 0 0 0 0 0 0 0 0 0 0 0 0 0 0 0 46261 65022 47546 0 0 0 0 0 0 0 0 0 0 0 0 0 0 0 0 0 0 0 0 0 0 0 0 0 15163 65022 32125 0 0 0 0 0 0 0 0 0 0 0 0 0 0 0 0 0 0 0 0 0 0 0 0 0 0 0 0 0 0 0 0 0 0 0 0 0 0 0 0 0 0 0 0 0 0 0 0 0 0 0 0 0 0 0 0 0 0 0 0 0 0 0 0 0 0 0 0 
0 0 0 0 0 0 0 0 0 0 0 0 0 0 0 0 0 0 0 0 0 0 0 0 0 0 0 0 0 0 0 0 0 0 0 0 0 0 0 0 0 0 0 0 0 0 0 0 0 0 0 0 0 0 0 0 0 0 0 0 0 0 0 0 0 0 0 0 0 0 0 0 0 0 0 0 0 0 0 0 0 0 0 0 0 0 0 0 0 0 0 0 0 0 0 0 0 0 0 0 0 0 0 0 0 0 0 0 0 0 0 0 0 0 0 0 0 0 0 0 0 0 42920 65536 65279 43948 23644 3084 0 0 0 0 0 0 0 0 0 0 0 0 0 0 0 0 0 0 0 0 0 0 16191 51401 65022 65022 65022 54228 12850 0 0 0 0 0 0 0 0 0 0 0 0 0 0 0 0 0 0 0 0 0 0 1285 2570 23901 55256 62966 60653 14135 0 0 0 0 0 0 0 0 0 0 0 0 0 0 0 0 0 0 0 0 0 0 0 0 0 40607 65022 51658 2313 0 0 0 0 0 0 0 0 0 0 0 0 0 0 0 0 0 0 0 0 0 0 0 0 1799 37009 65022 33668 0 0 0 0 0 0 0 0 0 0 0 0 0 0 0 0 0 0 0 0 0 0 0 0 0 27242 65022 59882 0 0 0 0 0 0 0 0 0 0 0 0 0 0 0 0 0 0 0 0 0 0 0 0 1542 33411 65022 36238 0 0 0 0 0 0 0 0 0 0 0 0 0 0 0 0 0 0 7710 16191 38294 42663 32639 20560 50373 65022 60139 14135 0 0 0 0 0 0 0 0 0 0 0 0 0 0 0 0 0 0 53200 65022 65022 65022 65022 65022 65022 65022 45490 257 0 0 0 0 0 0 0 0 0 0 0 0 0 0 0 0 0 0 46518 65022 65022 62452 51658 51658 61938 65022 65022 28527 0 0 0 0 0 0 0 0 0 0 0 0 0 0 0 0 0 0 1028 13107 13107 10537 0 0 10023 30583 65022 61938 8481 0 0 0 0 0 0 0 0 0 0 0 0 0 0 0 0 0 0 0 0 0 0 0 0 257 31868 65022 36238 0 0 0 0 0 0 0 0 0 0 0 0 0 0 0 0 0 0 0 0 0 0 0 0 0 20303 65022 47803 0 0 0 0 0 0 0 0 0 0 0 0 0 0 0 0 0 0 0 0 0 0 0 0 1028 47546 65022 33411 0 0 0 0 0 0 0 0 0 0 0 0 0 0 0 0 0 0 0 0 0 0 0 0 27242 65022 61424 6168 0 0 0 0 0 0 0 0 0 0 0 0 0 0 0 0 0 0 0 0 0 0 5397 25700 60653 65022 44462 0 0 0 0 0 0 0 0 0 0 0 0 0 0 0 0 7196 0 0 0 0 16191 43948 64765 65022 62966 39579 2313 0 0 0 0 0 0 0 0 0 0 0 0 0 0 0 19532 57055 10794 26471 35981 56027 61681 65022 63480 53200 20560 0 0 0 0 0 0 0 0 0 0 0 0 0 0 0 0 0 48060 65022 65022 65022 65022 64765 50373 40093 10280 0 0 0 0 0 0 0 0 0 0 0 0 0 0 0 0 0 0 0 17476 52172 65022 41635 32125 11565 0 0 0 0 0 0 0 0 0 0 0 0 0 0 0 0 0 0 0 0 0 0 0 0 0 0 0 0 0 0 0 0 0 0 0 0 0 0 0 0 0 0 0 0 0 0 0 0 0 0 0 0 0 0 0 0 0 0 0 0 0 0 0 0 0 0 0 0 0 0 0 0 0 0 0 0 0 0 0 0 0 0 0 0 0 0 0 0 0 0 0 0 0 0 0 0 0 0 0 0 0 0 0 0 0 0 0 0 0 0 0 0 0 0 0 0 0 0 0 0 0 0 0 0 0 0 0 0 
0 0 0 0 0 0 0 0 0 0 0 0 0 0 0 0 0 0 0 0 0 0 0 0 0 0 0 0 0 0 0 0 0 0 0 0 0 0 0 0 0 0 0 0 0 0 0 0 0 0 0 0 0 0 0 0 0 0 0 0 0 0 0 0 0 0 0 0 0 0 0 0 0 0 0 0 0 0 0 0 0 0 0 0 0 0 0 0 0 0 0 0 0 0 0 0 0 0 0 0 0 0 0 0 0 0 0 0 0 0 0 0 0 0 0 0 0 0 0 0 0 0 0 16191 37523 59111 65279 58597 16448 0 0 0 0 0 0 0 0 0 0 0 0 0 0 0 0 0 0 0 0 0 26214 60139 65279 65279 65279 65279 63994 36495 2056 0 0 0 0 0 0 0 0 0 0 0 0 0 0 0 0 0 0 12336 60653 65279 65279 53714 49345 59882 65279 65279 32897 0 0 0 0 0 0 0 0 0 0 0 0 0 0 0 0 0 0 54228 65279 63737 25186 1799 0 11565 46775 65279 59111 9766 0 0 0 0 0 0 0 0 0 0 0 0 0 0 0 0 11051 60910 65279 27499 0 0 0 0 2570 49859 65279 35210 0 0 0 0 0 0 0 0 0 0 0 0 0 0 0 0 54742 65279 54485 2313 0 0 0 0 0 25443 64251 63223 20303 0 0 0 0 0 0 0 0 0 0 0 0 0 0 0 58597 65279 31354 0 0 0 0 0 0 0 38294 65279 52429 1542 0 0 0 0 0 0 0 0 0 0 0 0 0 1285 59111 65279 11308 0 0 0 0 0 0 0 3341 56798 65279 22873 0 0 0 0 0 0 0 0 0 0 0 0 0 15934 65279 65279 11308 0 0 0 0 0 0 0 0 33668 65279 35724 0 0 0 0 0 0 0 0 0 0 0 0 0 15934 65279 65279 11308 0 0 0 0 0 0 0 0 26214 65279 35724 0 0 0 0 0 0 0 0 0 0 0 0 0 15934 65279 65279 11308 0 0 0 0 0 0 0 0 11565 65279 42920 0 0 0 0 0 0 0 0 0 0 0 0 0 15934 65279 54228 514 0 0 0 0 0 0 0 0 514 54485 65022 15163 0 0 0 0 0 0 0 0 0 0 0 0 15934 65279 53971 0 0 0 0 0 0 0 0 0 2827 56798 65279 15677 0 0 0 0 0 0 0 0 0 0 0 0 15934 65279 56284 2313 0 0 0 0 0 0 0 0 16191 65279 59111 1799 0 0 0 0 0 0 0 0 0 0 0 0 2313 59625 65279 11308 0 0 0 0 0 0 0 0 33668 65279 38808 0 0 0 0 0 0 0 0 0 0 0 0 0 0 36752 65279 40607 0 0 0 0 3341 0 0 5140 53714 65279 35724 0 0 0 0 0 0 0 0 0 0 0 0 0 0 7710 61167 63223 23901 1799 0 17990 56541 16191 12336 49088 65279 64251 16705 0 0 0 0 0 0 0 0 0 0 0 0 0 0 0 45490 65279 65279 35981 26471 10023 65536 65279 65279 65279 65279 46775 0 0 0 0 0 0 0 0 0 0 0 0 0 0 0 0 3341 39579 64765 65279 65279 65279 64765 65022 65279 63994 51144 13107 0 0 0 0 0 0 0 0 0 0 0 0 0 0 0 0 0 0 28527 65279 65279 65279 21845 33411 42663 11308 0 0 0 0 0 0 0 0 0 0 0 0 0 0 0 0 0 0 0 0 0 0 0 0 0 0 0 0 0 0 0 0 0 0 0 0 0 0 0 0 0 0 0 0 0 0 0 0 0 0 0 0 0 0 0 0 0 0 0 0 0 0 0 0 0 0 0 0 0 0 0 0 0 0 0 0 0 0 0 0 0 0 0 0 0 0 0 0 0 0 0 0 0 0 0 0 0 0 0 0 0 0 0 0 0 0 0 0 0 0 0 0 0 0 0 0 0 0 0 0 0 
0 0 0 0 0 0 0 0 0 0 0 0 0 0 0 0 0 0 0 0 0 0 0 0 0 0 0 0 0 0 0 0 0 0 0 0 0 0 0 0 0 0 0 0 0 0 0 0 0 0 0 0 0 0 0 0 0 0 0 0 0 0 0 0 0 0 0 0 0 0 0 0 0 0 0 0 0 0 0 0 0 0 0 0 0 0 0 0 0 0 0 0 0 0 0 0 0 0 0 0 0 0 0 0 0 0 0 0 0 0 0 0 0 0 0 0 0 0 0 0 0 0 0 0 0 0 0 0 0 0 0 0 0 0 0 0 0 0 0 0 0 0 0 0 0 0 0 0 0 18247 30326 64765 65279 65279 65279 65536 64508 30326 17990 0 0 0 0 0 0 0 0 0 0 0 0 0 0 0 0 13107 60139 62966 65022 65022 65022 65022 65022 65022 65022 65022 62966 7967 0 0 0 0 0 0 0 0 0 0 0 0 0 0 0 33411 65022 53457 45490 45490 45490 45490 45490 45490 56798 65022 65022 38294 0 0 0 0 0 0 0 0 0 0 0 0 0 0 0 3598 15677 6425 0 0 0 0 0 0 10023 57826 65022 48317 3084 0 0 0 0 0 0 0 0 0 0 0 0 0 0 0 0 0 0 0 0 0 0 0 6168 54485 65022 50630 4626 0 0 0 0 0 0 0 0 0 0 0 0 0 0 0 0 0 0 0 0 3084 3598 26728 53714 65022 65022 22873 0 0 0 0 0 0 0 0 0 0 0 0 0 0 0 0 0 0 0 32897 33411 59111 65022 65022 65022 65022 51401 4369 0 0 0 0 0 0 0 0 0 0 0 0 0 0 0 6168 52172 63737 63737 65022 65022 65022 65022 61938 36752 19532 1028 0 0 0 0 0 0 0 0 0 0 0 0 0 0 0 0 14392 65022 65022 65022 65022 65022 65022 65022 38808 0 0 0 0 0 0 0 0 0 0 0 0 0 0 0 0 0 0 0 2827 16962 47289 47289 47289 53714 65022 65022 63737 52172 9252 0 0 0 0 0 0 0 0 0 0 0 0 0 0 0 0 0 0 0 0 0 0 6168 17476 43177 60653 65022 39322 771 0 0 0 0 0 0 0 0 0 0 0 0 0 0 0 0 0 0 0 0 0 0 0 0 19532 65022 65022 43434 9509 0 0 0 0 0 0 0 0 0 0 0 0 0 0 0 0 0 0 0 0 0 0 0 3084 48060 65022 65022 56027 8995 0 0 0 0 0 0 0 0 0 0 0 0 0 0 0 0 0 0 0 0 0 0 0 1028 48831 65022 65022 49088 0 0 0 0 0 0 0 0 0 0 0 0 0 0 0 0 0 0 0 0 0 0 0 0 1799 47546 65022 49088 0 0 0 0 0 0 0 0 0 0 0 0 0 0 0 0 0 0 0 0 0 0 0 0 10537 58340 65022 49088 0 0 0 0 0 0 0 0 0 0 0 0 0 0 0 0 9766 16191 16191 28527 22616 13107 0 9252 39836 65022 65022 49088 0 0 0 0 0 0 0 0 0 0 0 0 0 0 10023 46004 57312 65022 65022 65022 65022 61424 46004 56798 65022 65022 55770 22102 0 0 0 0 0 0 0 0 0 0 0 0 0 0 32382 60396 61938 59625 59625 59625 61167 65022 65022 65022 62452 59625 7967 0 0 0 0 0 0 0 0 0 0 0 0 0 0 0 0 4112 12079 0 0 0 8224 36495 61167 29812 15420 0 0 0 0 0 0 0 0 0 0 0 0 0 0 0 0 0 0 0 0 0 0 0 0 0 0 0 0 0 0 0 0 0 0 0 0 0 0 0 0 0 0 0 0 0 0 0 0 0 0 0 0 0 0 0 0 0 0 0 0 0 0 0 0 0 0 0 0 0 0 0 0 0 0 0 0 0 0 0 0 0 0 0 0 0 0 0 0 0 0 0 0 0 0 
0 0 0 0 0 0 0 0 0 0 0 0 0 0 0 0 0 0 0 0 0 0 0 0 0 0 0 0 0 0 0 0 0 0 0 0 0 0 0 0 0 0 0 0 0 0 0 0 0 0 0 0 0 0 0 0 0 0 0 0 0 0 0 0 0 0 0 0 0 0 0 0 0 0 0 0 0 0 0 0 0 0 0 0 0 0 0 0 0 0 0 0 0 0 0 0 0 0 0 0 0 0 0 0 0 0 0 0 0 0 0 0 0 0 0 0 0 0 0 0 0 0 0 0 0 0 0 0 0 0 0 0 0 0 0 0 0 0 0 0 0 0 0 0 0 0 0 0 0 0 0 0 0 0 0 0 0 0 0 0 0 0 0 0 0 0 0 0 0 0 0 0 0 0 0 0 0 0 0 0 0 0 0 0 0 0 0 0 0 0 0 4112 4626 0 0 0 0 0 0 0 0 0 0 0 0 0 0 257 26471 32897 0 0 0 0 0 0 0 2570 19275 61681 65022 0 0 0 0 0 0 0 0 0 0 0 0 0 0 28784 65022 54485 0 0 0 0 0 0 8481 49602 65022 47546 21074 0 0 0 0 0 0 0 0 0 0 0 0 0 29298 64508 65022 46004 0 0 0 0 0 10794 41121 65022 65022 16705 0 0 0 0 0 0 0 0 0 0 0 0 0 29555 63737 64508 25443 4626 0 0 0 0 1285 47546 65022 65022 37009 1799 0 0 0 0 0 0 0 0 0 0 0 5911 35724 63737 65022 38037 0 0 0 0 0 12336 43434 65022 59882 30069 1542 0 0 0 0 0 0 0 0 0 0 0 0 8224 57312 65022 64508 2827 0 0 0 0 0 2827 63994 65022 52172 0 0 0 0 0 0 0 0 0 0 0 0 0 8224 55770 65022 65022 20817 0 0 0 0 0 13878 62452 65022 64508 20560 0 0 0 0 0 0 0 0 0 0 0 0 13107 55770 65022 65022 65022 43691 41121 41121 41121 17476 8481 45233 65022 65022 38294 0 0 0 0 0 0 0 0 0 0 0 0 0 65536 65022 65022 65022 65022 65022 65022 65022 65022 60653 60653 65022 65022 65022 41121 0 0 0 0 0 0 0 0 0 0 0 0 0 56027 62452 38808 15163 15163 27756 45233 45233 45233 59111 65022 65022 65022 54999 19018 0 0 0 0 0 0 0 0 0 0 0 0 0 5654 8995 0 0 0 0 0 0 4112 38551 65022 65022 42920 5654 0 0 0 0 0 0 0 0 0 0 0 0 0 0 0 0 0 0 0 0 0 0 24415 65022 65022 29555 771 0 0 0 0 0 0 0 0 0 0 0 0 0 0 0 0 0 0 0 0 0 0 21845 64765 65022 53457 5140 0 0 0 0 0 0 0 0 0 0 0 0 0 0 0 0 0 0 0 0 0 0 257 39836 65022 63223 27499 0 0 0 0 0 0 0 0 0 0 0 0 0 0 0 0 0 0 0 0 0 0 0 27242 65022 63223 26471 0 0 0 0 0 0 0 0 0 0 0 0 0 0 0 0 0 0 0 0 0 0 0 7196 48831 65022 59368 9252 0 0 0 0 0 0 0 0 0 0 0 0 0 0 0 0 0 0 0 0 0 0 0 18504 64251 63223 22616 0 0 0 0 0 0 0 0 0 0 0 0 0 0 0 0 0 0 0 0 0 0 0 0 0 37523 21588 0 0 0 0 0 0 0 0 0 0 0 0 0 0 0 0 0 0 0 0 0 0 0 0 0 0 0 0 0 0 0 0 0 0 0 0 0 0 0 0 0 0 0 0 0 0 0 0 0 0 0 0 0 0 0 0 0 0 0 0 0 0 0 0 0 0 0 0 0 0 0 0 0 0 0 0 0 0 0 0 0 0 0 0 0 0 0 0 0 0 0 0 0 0 0 0 0 0 0 
0 0 0 0 0 0 0 0 0 0 0 0 0 0 0 0 0 0 0 0 0 0 0 0 0 0 0 0 0 0 0 0 0 0 0 0 0 0 0 0 0 0 0 0 0 0 0 0 0 0 0 0 0 0 0 0 0 0 0 0 0 0 0 0 0 0 0 0 0 0 0 0 0 0 0 0 0 0 0 0 0 0 0 0 0 0 0 0 0 0 0 0 0 0 0 0 0 0 0 0 0 0 0 0 0 0 0 0 0 0 0 0 0 0 0 0 0 0 0 0 0 0 0 0 0 0 0 0 0 0 0 0 0 0 0 0 0 0 0 0 0 0 0 0 0 0 0 0 0 0 0 14906 54999 65279 65279 65279 48317 20303 0 0 0 0 0 0 0 0 0 0 0 0 0 0 0 0 0 0 0 0 15677 52172 58597 36752 36752 58854 65022 47032 8481 0 0 0 0 0 0 0 0 0 0 0 0 0 0 0 0 0 0 0 52429 49345 9509 0 0 1542 44462 65022 35467 0 0 0 0 0 0 0 0 0 0 0 0 0 0 0 0 0 0 41121 64765 28784 0 0 0 0 17990 65022 44462 0 0 0 0 0 0 0 0 0 0 0 0 0 0 0 0 0 30840 59625 65022 32897 0 0 0 0 12850 62966 44462 0 0 0 0 0 0 0 0 0 0 0 0 0 0 0 2827 40864 64508 62452 61681 27756 0 0 0 0 9252 61424 44462 0 0 0 0 0 0 0 0 0 0 0 0 0 0 0 5397 65022 65022 24929 20046 4369 0 0 0 0 17990 65022 44462 0 0 0 0 0 0 0 0 0 0 0 0 0 0 0 4369 61938 65022 35210 771 0 0 0 0 0 42149 65022 30583 0 0 0 0 0 0 0 0 0 0 0 0 0 0 0 0 18247 62966 65022 36752 14906 10023 0 0 12593 60139 62709 12079 0 0 0 0 0 0 0 0 0 0 0 0 0 0 0 0 0 14135 49602 65022 64765 64508 52943 12850 56798 65022 33411 0 0 0 0 0 0 0 0 0 0 0 0 0 0 0 0 0 0 0 4369 36752 48317 63737 65022 65022 65022 58083 9509 0 0 0 0 0 0 0 0 0 0 0 0 0 0 0 0 0 0 0 0 0 0 4883 31097 65022 65022 65022 29812 0 0 0 0 0 0 0 0 0 0 0 0 0 0 0 0 0 0 0 0 0 0 0 48574 65022 61938 63994 61681 10280 0 0 0 0 0 0 0 0 0 0 0 0 0 0 0 0 0 0 0 0 0 3598 56027 60910 7453 26728 65022 58340 3341 0 0 0 0 0 0 0 0 0 0 0 0 0 0 0 0 0 0 0 0 25700 65022 27242 0 3855 59368 65022 5140 0 0 0 0 0 0 0 0 0 0 0 0 0 0 0 0 0 0 0 0 56541 64251 7196 0 17990 65022 65022 5140 0 0 0 0 0 0 0 0 0 0 0 0 0 0 0 0 0 0 0 0 63994 50116 0 19275 53200 65279 42663 514 0 0 0 0 0 0 0 0 0 0 0 0 0 0 0 0 0 0 0 0 63994 47803 39065 62709 65022 51144 4883 0 0 0 0 0 0 0 0 0 0 0 0 0 0 0 0 0 0 0 0 0 63994 65022 65022 59882 29555 1285 0 0 0 0 0 0 0 0 0 0 0 0 0 0 0 0 0 0 0 0 0 0 43948 65022 49088 11565 0 0 0 0 0 0 0 0 0 0 0 0 0 0 0 0 0 0 0 0 0 0 0 0 0 0 0 0 0 0 0 0 0 0 0 0 0 0 0 0 0 0 0 0 0 0 0 0 0 0 0 0 0 0 0 0 0 0 0 0 0 0 0 0 0 0 0 0 0 0 0 0 0 0 0 0 0 0 0 0 0 0 0 0 0 0 0 0 0 0 0 0 0 0 0 0 
0 0 0 0 0 0 0 0 0 0 0 0 0 0 0 0 0 0 0 0 0 0 0 0 0 0 0 0 0 0 0 0 0 0 0 0 0 0 0 0 0 0 0 0 0 0 0 0 0 0 0 0 0 0 0 0 0 0 0 0 0 0 0 0 0 0 0 0 0 0 0 0 0 0 0 0 0 0 0 0 0 0 0 0 0 0 0 0 0 0 0 0 0 0 0 0 0 0 0 0 0 0 0 0 0 0 0 0 0 0 0 0 0 0 0 0 0 0 0 0 0 0 0 0 0 0 0 0 0 0 0 0 0 0 0 0 0 0 0 0 0 0 0 0 0 0 0 0 23644 65022 55513 49088 36238 36238 36238 23387 7453 7453 7453 1028 0 0 0 0 0 0 0 0 0 0 0 0 0 0 0 0 29812 64765 64765 64765 65022 64765 64765 64765 65022 64765 64765 32897 0 0 0 0 0 0 0 0 0 0 0 0 0 0 0 0 1799 20817 43177 43177 65022 64765 64765 64765 65022 64765 64765 64765 9766 0 0 0 0 0 0 0 0 0 0 0 0 0 0 0 0 0 0 0 7196 7196 7196 7196 7196 20046 64765 64765 29041 0 0 0 0 0 0 0 0 0 0 0 0 0 0 0 0 0 0 0 0 0 0 0 0 17990 65022 65022 29298 0 0 0 0 0 0 0 0 0 0 0 0 0 0 0 0 0 0 0 0 0 0 0 11565 57826 64765 58340 9766 0 0 0 0 0 0 0 0 0 0 0 0 0 0 0 0 0 0 0 0 0 0 19532 45747 64765 64765 26471 0 0 0 0 0 0 0 0 0 0 0 0 0 0 0 0 0 0 0 0 0 0 22873 60910 65022 64765 32639 771 0 0 0 0 0 0 0 0 0 0 0 0 0 0 0 0 0 4883 7453 7453 36238 42663 65022 65022 61424 32125 0 0 0 0 0 0 0 0 0 0 0 0 0 0 0 0 0 0 24415 57826 64765 64765 65022 64765 64765 64765 29041 0 0 0 0 0 0 0 0 0 0 0 0 0 0 0 0 0 0 0 36238 64765 64765 64765 65022 64765 64765 64765 53971 7196 0 0 0 0 0 0 0 0 0 0 0 0 0 0 0 0 0 0 7196 35724 35724 10280 7196 7196 29812 61681 65022 47289 0 0 0 0 0 0 0 0 0 0 0 0 0 0 0 0 0 0 0 0 0 0 0 0 0 51658 65536 65022 17733 0 0 0 0 0 0 0 0 0 0 0 0 0 0 0 0 0 0 0 0 0 0 0 0 0 65022 64765 43177 0 0 0 0 0 0 0 0 0 0 0 0 0 0 0 0 0 0 0 0 0 0 0 0 0 42406 64765 43177 0 0 0 0 0 0 0 0 0 0 0 0 0 0 0 0 0 0 0 0 0 0 0 0 0 61938 64765 43177 0 0 0 0 0 0 0 0 0 0 0 0 0 0 0 0 0 7453 5654 0 0 0 0 2570 46004 65536 65022 27242 0 0 0 0 0 0 0 0 0 0 0 0 0 0 0 0 25957 65022 60139 43434 30583 14649 21074 50630 64765 65022 54999 4883 0 0 0 0 0 0 0 0 0 0 0 0 0 0 0 0 38551 55513 64765 64765 64765 65022 64765 64765 64765 49859 11051 0 0 0 0 0 0 0 0 0 0 0 0 0 0 0 0 0 0 4112 13621 35724 61681 65022 64765 64765 26214 3341 0 0 0 0 0 0 0 0 0 0 0 0 0 0 0 0 0 0 0 0 0 0 0 0 0 0 0 0 0 0 0 0 0 0 0 0 0 0 0 0 0 0 0 0 0 0 0 0 0 0 0 0 0 0 0 0 0 0 0 0 0 0 0 0 0 0 0 0 0 0 0 0 0 0 0 0 0 0 0 0 0 0 0 0 0 0 0 0 0 0 0 0 0 0 0 
0 0 0 0 0 0 0 0 0 0 0 0 0 0 0 0 0 0 0 0 0 0 0 0 0 0 0 0 0 0 0 0 0 0 0 0 0 0 0 0 0 0 0 0 0 0 0 0 0 0 0 0 0 0 0 0 0 0 0 0 0 0 0 0 0 0 0 0 0 0 0 0 0 0 0 0 0 0 0 0 0 0 0 0 0 0 0 0 0 0 0 0 0 0 0 0 37780 65022 60910 12850 0 0 0 0 0 0 0 0 0 0 0 0 0 0 0 0 0 0 0 0 0 0 0 9766 60139 64765 64765 60910 0 0 0 0 0 0 0 0 0 0 0 0 0 0 0 0 0 0 0 0 0 0 0 29041 64765 64765 64765 64765 0 0 0 0 0 0 0 0 0 0 0 0 0 0 0 0 0 0 0 0 0 0 4112 53200 64765 64765 64765 40350 0 0 0 0 0 0 0 0 0 0 0 0 0 0 0 0 0 0 0 0 0 0 35981 65022 64765 64765 64765 28784 0 0 0 0 0 0 0 0 0 0 0 0 0 0 0 0 0 0 0 0 0 0 36238 65536 65022 65022 61681 16191 0 0 0 0 0 0 0 0 0 0 0 0 0 0 0 0 0 0 0 0 0 0 35981 65022 64765 64765 57312 0 0 0 0 0 0 0 0 0 0 0 0 0 0 0 0 0 0 0 0 0 0 0 35981 65022 64765 64765 29298 0 0 0 0 0 0 0 0 0 0 0 0 0 0 0 0 0 0 0 0 0 0 1028 39322 65022 64765 64765 21588 0 0 0 0 0 0 0 0 0 0 0 0 0 0 0 0 0 0 0 0 0 0 7453 64765 65022 64765 56541 9509 0 0 20303 20303 0 0 0 0 0 0 0 0 0 0 0 0 0 0 0 0 0 0 7453 65022 65536 65022 57055 12850 29041 65536 65022 65022 65022 44719 0 0 0 0 0 0 0 0 0 0 0 0 0 0 0 0 7453 64765 65022 64765 64765 60910 64765 65022 64765 64765 64765 64765 32382 0 0 0 0 0 0 0 0 0 0 0 0 0 0 0 7453 64765 65022 64765 64765 64765 64765 65022 64765 64765 64765 64765 58854 5397 0 0 0 0 0 0 0 0 0 0 0 0 0 0 6682 61424 65022 64765 64765 64765 64765 65022 58083 63223 64765 64765 65022 6939 0 0 0 0 0 0 0 0 0 0 0 0 0 0 0 35981 65022 64765 64765 64765 44462 28784 15420 58340 64765 64765 65022 6939 0 0 0 0 0 0 0 0 0 0 0 0 0 0 0 36238 65536 65022 65022 65022 28784 13107 61167 65022 65022 65022 65536 6939 0 0 0 0 0 0 0 0 0 0 0 0 0 0 0 35981 65022 64765 64765 64765 60910 61167 64765 64765 64765 64765 27242 771 0 0 0 0 0 0 0 0 0 0 0 0 0 0 0 28270 65022 64765 64765 64765 64765 65022 64765 64765 62966 30326 0 0 0 0 0 0 0 0 0 0 0 0 0 0 0 0 0 0 40864 64765 64765 64765 64765 65022 64765 59111 31097 0 0 0 0 0 0 0 0 0 0 0 0 0 0 0 0 0 0 0 12850 60910 64765 64765 64765 65022 32639 6425 0 0 0 0 0 0 0 0 0 0 0 0 0 0 0 0 0 0 0 0 0 0 0 0 0 0 0 0 0 0 0 0 0 0 0 0 0 0 0 0 0 0 0 0 0 0 0 0 0 0 0 0 0 0 0 0 0 0 0 0 0 0 0 0 0 0 0 0 0 0 0 0 0 0 0 0 0 0 0 0 0 0 0 0 0 0 0 0 0 0 0 0 0 0 0 0 0 0 0 0 0 0 0 0 0 0 0 0 0 0 0 0 0 0 0 0 0 0 0 0 0 0 0 0 0 0 0 0 0 0 0 0 0 0 0 0 0 0 0 0 0 0 0 0 0 0 0 0 0 
