Copyright 1986-2022 Xilinx, Inc. All Rights Reserved. Copyright 2022-2025 Advanced Micro Devices, Inc. All Rights Reserved.
---------------------------------------------------------------------------------------------------------------------------------------------
| Tool Version : Vivado v.2025.1 (win64) Build 6140274 Thu May 22 00:12:29 MDT 2025
| Date         : Fri Apr 10 11:12:02 2026
| Host         : LAPTOP-L6H807T2 running 64-bit major release  (build 9200)
| Command      : report_drc -file design_1_wrapper_drc_routed.rpt -pb design_1_wrapper_drc_routed.pb -rpx design_1_wrapper_drc_routed.rpx
| Design       : design_1_wrapper
| Device       : xc7z020clg400-1
| Speed File   : -1
| Design State : Fully Routed
---------------------------------------------------------------------------------------------------------------------------------------------

Report DRC

Table of Contents
-----------------
1. REPORT SUMMARY
2. REPORT DETAILS

1. REPORT SUMMARY
-----------------
            Netlist: netlist
          Floorplan: design_1
      Design limits: <entire design considered>
           Ruledeck: default
             Max checks: <unlimited>
             Checks found: 154
+-----------+----------+-------------------------+--------+
| Rule      | Severity | Description             | Checks |
+-----------+----------+-------------------------+--------+
| DPIP-1    | Warning  | Input pipelining        | 12     |
| DPOP-1    | Warning  | PREG Output pipelining  | 31     |
| DPOP-2    | Warning  | MREG Output pipelining  | 81     |
| PDCN-1569 | Warning  | LUT equation term check | 29     |
| RTSTAT-10 | Warning  | No routable loads       | 1      |
+-----------+----------+-------------------------+--------+

2. REPORT DETAILS
-----------------
DPIP-1#1 Warning
Input pipelining  
DSP design_1_i/MM_0/inst/readAtTiles_U0/mul_27ns_58ns_85_2_1_U14/buff0_reg input design_1_i/MM_0/inst/readAtTiles_U0/mul_27ns_58ns_85_2_1_U14/buff0_reg/A[29:0] is not pipelined. Pipelining DSP48 input will improve performance.
Related violations: <none>

DPIP-1#2 Warning
Input pipelining  
DSP design_1_i/MM_0/inst/readAtTiles_U0/mul_27ns_58ns_85_2_1_U14/buff0_reg__0 input design_1_i/MM_0/inst/readAtTiles_U0/mul_27ns_58ns_85_2_1_U14/buff0_reg__0/A[29:0] is not pipelined. Pipelining DSP48 input will improve performance.
Related violations: <none>

DPIP-1#3 Warning
Input pipelining  
DSP design_1_i/MM_0/inst/readAtTiles_U0/mul_27ns_58ns_85_2_1_U14/buff0_reg__1 input design_1_i/MM_0/inst/readAtTiles_U0/mul_27ns_58ns_85_2_1_U14/buff0_reg__1/B[17:0] is not pipelined. Pipelining DSP48 input will improve performance.
Related violations: <none>

DPIP-1#4 Warning
Input pipelining  
DSP design_1_i/MM_0/inst/readAtTiles_U0/mul_27ns_58ns_85_2_1_U14/tmp_product input design_1_i/MM_0/inst/readAtTiles_U0/mul_27ns_58ns_85_2_1_U14/tmp_product/A[29:0] is not pipelined. Pipelining DSP48 input will improve performance.
Related violations: <none>

DPIP-1#5 Warning
Input pipelining  
DSP design_1_i/MM_0/inst/readAtTiles_U0/mul_27ns_58ns_85_2_1_U14/tmp_product__0 input design_1_i/MM_0/inst/readAtTiles_U0/mul_27ns_58ns_85_2_1_U14/tmp_product__0/A[29:0] is not pipelined. Pipelining DSP48 input will improve performance.
Related violations: <none>

DPIP-1#6 Warning
Input pipelining  
DSP design_1_i/MM_0/inst/readAtTiles_U0/mul_27ns_58ns_85_2_1_U14/tmp_product__1 input design_1_i/MM_0/inst/readAtTiles_U0/mul_27ns_58ns_85_2_1_U14/tmp_product__1/B[17:0] is not pipelined. Pipelining DSP48 input will improve performance.
Related violations: <none>

DPIP-1#7 Warning
Input pipelining  
DSP design_1_i/MM_0/inst/readBTiles_U0/mul_27ns_58ns_85_2_1_U33/buff0_reg input design_1_i/MM_0/inst/readBTiles_U0/mul_27ns_58ns_85_2_1_U33/buff0_reg/A[29:0] is not pipelined. Pipelining DSP48 input will improve performance.
Related violations: <none>

DPIP-1#8 Warning
Input pipelining  
DSP design_1_i/MM_0/inst/readBTiles_U0/mul_27ns_58ns_85_2_1_U33/buff0_reg__0 input design_1_i/MM_0/inst/readBTiles_U0/mul_27ns_58ns_85_2_1_U33/buff0_reg__0/A[29:0] is not pipelined. Pipelining DSP48 input will improve performance.
Related violations: <none>

DPIP-1#9 Warning
Input pipelining  
DSP design_1_i/MM_0/inst/readBTiles_U0/mul_27ns_58ns_85_2_1_U33/buff0_reg__1 input design_1_i/MM_0/inst/readBTiles_U0/mul_27ns_58ns_85_2_1_U33/buff0_reg__1/B[17:0] is not pipelined. Pipelining DSP48 input will improve performance.
Related violations: <none>

DPIP-1#10 Warning
Input pipelining  
DSP design_1_i/MM_0/inst/readBTiles_U0/mul_27ns_58ns_85_2_1_U33/tmp_product input design_1_i/MM_0/inst/readBTiles_U0/mul_27ns_58ns_85_2_1_U33/tmp_product/A[29:0] is not pipelined. Pipelining DSP48 input will improve performance.
Related violations: <none>

DPIP-1#11 Warning
Input pipelining  
DSP design_1_i/MM_0/inst/readBTiles_U0/mul_27ns_58ns_85_2_1_U33/tmp_product__0 input design_1_i/MM_0/inst/readBTiles_U0/mul_27ns_58ns_85_2_1_U33/tmp_product__0/A[29:0] is not pipelined. Pipelining DSP48 input will improve performance.
Related violations: <none>

DPIP-1#12 Warning
Input pipelining  
DSP design_1_i/MM_0/inst/readBTiles_U0/mul_27ns_58ns_85_2_1_U33/tmp_product__1 input design_1_i/MM_0/inst/readBTiles_U0/mul_27ns_58ns_85_2_1_U33/tmp_product__1/B[17:0] is not pipelined. Pipelining DSP48 input will improve performance.
Related violations: <none>

DPOP-1#1 Warning
PREG Output pipelining  
DSP design_1_i/MM_0/inst/computeTiles_U0/grp_computeTiles_Pipeline_k_BLOCK_loop_k_loop_i_loop_fu_243/mul_32s_32s_32_1_1_U40/tmp_product__0 output design_1_i/MM_0/inst/computeTiles_U0/grp_computeTiles_Pipeline_k_BLOCK_loop_k_loop_i_loop_fu_243/mul_32s_32s_32_1_1_U40/tmp_product__0/P[47:0] is not pipelined (PREG=0). Pipelining the DSP48 output will improve performance and often saves power so it is suggested whenever possible to fully pipeline this function.  If this DSP48 function was inferred, it is suggested to describe an additional register stage after this function.  If the DSP48 was instantiated in the design, it is suggested to set the PREG attribute to 1.
Related violations: <none>

DPOP-1#2 Warning
PREG Output pipelining  
DSP design_1_i/MM_0/inst/computeTiles_U0/grp_computeTiles_Pipeline_k_BLOCK_loop_k_loop_i_loop_fu_243/mul_32s_32s_32_1_1_U41/tmp_product__0 output design_1_i/MM_0/inst/computeTiles_U0/grp_computeTiles_Pipeline_k_BLOCK_loop_k_loop_i_loop_fu_243/mul_32s_32s_32_1_1_U41/tmp_product__0/P[47:0] is not pipelined (PREG=0). Pipelining the DSP48 output will improve performance and often saves power so it is suggested whenever possible to fully pipeline this function.  If this DSP48 function was inferred, it is suggested to describe an additional register stage after this function.  If the DSP48 was instantiated in the design, it is suggested to set the PREG attribute to 1.
Related violations: <none>

DPOP-1#3 Warning
PREG Output pipelining  
DSP design_1_i/MM_0/inst/computeTiles_U0/grp_computeTiles_Pipeline_k_BLOCK_loop_k_loop_i_loop_fu_243/mul_32s_32s_32_1_1_U42/tmp_product__0 output design_1_i/MM_0/inst/computeTiles_U0/grp_computeTiles_Pipeline_k_BLOCK_loop_k_loop_i_loop_fu_243/mul_32s_32s_32_1_1_U42/tmp_product__0/P[47:0] is not pipelined (PREG=0). Pipelining the DSP48 output will improve performance and often saves power so it is suggested whenever possible to fully pipeline this function.  If this DSP48 function was inferred, it is suggested to describe an additional register stage after this function.  If the DSP48 was instantiated in the design, it is suggested to set the PREG attribute to 1.
Related violations: <none>

DPOP-1#4 Warning
PREG Output pipelining  
DSP design_1_i/MM_0/inst/computeTiles_U0/grp_computeTiles_Pipeline_k_BLOCK_loop_k_loop_i_loop_fu_243/mul_32s_32s_32_1_1_U43/tmp_product__0 output design_1_i/MM_0/inst/computeTiles_U0/grp_computeTiles_Pipeline_k_BLOCK_loop_k_loop_i_loop_fu_243/mul_32s_32s_32_1_1_U43/tmp_product__0/P[47:0] is not pipelined (PREG=0). Pipelining the DSP48 output will improve performance and often saves power so it is suggested whenever possible to fully pipeline this function.  If this DSP48 function was inferred, it is suggested to describe an additional register stage after this function.  If the DSP48 was instantiated in the design, it is suggested to set the PREG attribute to 1.
Related violations: <none>

DPOP-1#5 Warning
PREG Output pipelining  
DSP design_1_i/MM_0/inst/computeTiles_U0/grp_computeTiles_Pipeline_k_BLOCK_loop_k_loop_i_loop_fu_243/mul_32s_32s_32_1_1_U44/tmp_product__0 output design_1_i/MM_0/inst/computeTiles_U0/grp_computeTiles_Pipeline_k_BLOCK_loop_k_loop_i_loop_fu_243/mul_32s_32s_32_1_1_U44/tmp_product__0/P[47:0] is not pipelined (PREG=0). Pipelining the DSP48 output will improve performance and often saves power so it is suggested whenever possible to fully pipeline this function.  If this DSP48 function was inferred, it is suggested to describe an additional register stage after this function.  If the DSP48 was instantiated in the design, it is suggested to set the PREG attribute to 1.
Related violations: <none>

DPOP-1#6 Warning
PREG Output pipelining  
DSP design_1_i/MM_0/inst/computeTiles_U0/grp_computeTiles_Pipeline_k_BLOCK_loop_k_loop_i_loop_fu_243/mul_32s_32s_32_1_1_U45/tmp_product__0 output design_1_i/MM_0/inst/computeTiles_U0/grp_computeTiles_Pipeline_k_BLOCK_loop_k_loop_i_loop_fu_243/mul_32s_32s_32_1_1_U45/tmp_product__0/P[47:0] is not pipelined (PREG=0). Pipelining the DSP48 output will improve performance and often saves power so it is suggested whenever possible to fully pipeline this function.  If this DSP48 function was inferred, it is suggested to describe an additional register stage after this function.  If the DSP48 was instantiated in the design, it is suggested to set the PREG attribute to 1.
Related violations: <none>

DPOP-1#7 Warning
PREG Output pipelining  
DSP design_1_i/MM_0/inst/computeTiles_U0/grp_computeTiles_Pipeline_k_BLOCK_loop_k_loop_i_loop_fu_243/mul_32s_32s_32_1_1_U46/tmp_product__0 output design_1_i/MM_0/inst/computeTiles_U0/grp_computeTiles_Pipeline_k_BLOCK_loop_k_loop_i_loop_fu_243/mul_32s_32s_32_1_1_U46/tmp_product__0/P[47:0] is not pipelined (PREG=0). Pipelining the DSP48 output will improve performance and often saves power so it is suggested whenever possible to fully pipeline this function.  If this DSP48 function was inferred, it is suggested to describe an additional register stage after this function.  If the DSP48 was instantiated in the design, it is suggested to set the PREG attribute to 1.
Related violations: <none>

DPOP-1#8 Warning
PREG Output pipelining  
DSP design_1_i/MM_0/inst/computeTiles_U0/grp_computeTiles_Pipeline_k_BLOCK_loop_k_loop_i_loop_fu_243/mul_32s_32s_32_1_1_U47/tmp_product__0 output design_1_i/MM_0/inst/computeTiles_U0/grp_computeTiles_Pipeline_k_BLOCK_loop_k_loop_i_loop_fu_243/mul_32s_32s_32_1_1_U47/tmp_product__0/P[47:0] is not pipelined (PREG=0). Pipelining the DSP48 output will improve performance and often saves power so it is suggested whenever possible to fully pipeline this function.  If this DSP48 function was inferred, it is suggested to describe an additional register stage after this function.  If the DSP48 was instantiated in the design, it is suggested to set the PREG attribute to 1.
Related violations: <none>

DPOP-1#9 Warning
PREG Output pipelining  
DSP design_1_i/MM_0/inst/computeTiles_U0/grp_computeTiles_Pipeline_k_BLOCK_loop_k_loop_i_loop_fu_243/mul_32s_32s_32_1_1_U48/tmp_product__0 output design_1_i/MM_0/inst/computeTiles_U0/grp_computeTiles_Pipeline_k_BLOCK_loop_k_loop_i_loop_fu_243/mul_32s_32s_32_1_1_U48/tmp_product__0/P[47:0] is not pipelined (PREG=0). Pipelining the DSP48 output will improve performance and often saves power so it is suggested whenever possible to fully pipeline this function.  If this DSP48 function was inferred, it is suggested to describe an additional register stage after this function.  If the DSP48 was instantiated in the design, it is suggested to set the PREG attribute to 1.
Related violations: <none>

DPOP-1#10 Warning
PREG Output pipelining  
DSP design_1_i/MM_0/inst/computeTiles_U0/grp_computeTiles_Pipeline_k_BLOCK_loop_k_loop_i_loop_fu_243/mul_32s_32s_32_1_1_U49/tmp_product__0 output design_1_i/MM_0/inst/computeTiles_U0/grp_computeTiles_Pipeline_k_BLOCK_loop_k_loop_i_loop_fu_243/mul_32s_32s_32_1_1_U49/tmp_product__0/P[47:0] is not pipelined (PREG=0). Pipelining the DSP48 output will improve performance and often saves power so it is suggested whenever possible to fully pipeline this function.  If this DSP48 function was inferred, it is suggested to describe an additional register stage after this function.  If the DSP48 was instantiated in the design, it is suggested to set the PREG attribute to 1.
Related violations: <none>

DPOP-1#11 Warning
PREG Output pipelining  
DSP design_1_i/MM_0/inst/computeTiles_U0/grp_computeTiles_Pipeline_k_BLOCK_loop_k_loop_i_loop_fu_243/mul_32s_32s_32_1_1_U50/tmp_product__0 output design_1_i/MM_0/inst/computeTiles_U0/grp_computeTiles_Pipeline_k_BLOCK_loop_k_loop_i_loop_fu_243/mul_32s_32s_32_1_1_U50/tmp_product__0/P[47:0] is not pipelined (PREG=0). Pipelining the DSP48 output will improve performance and often saves power so it is suggested whenever possible to fully pipeline this function.  If this DSP48 function was inferred, it is suggested to describe an additional register stage after this function.  If the DSP48 was instantiated in the design, it is suggested to set the PREG attribute to 1.
Related violations: <none>

DPOP-1#12 Warning
PREG Output pipelining  
DSP design_1_i/MM_0/inst/computeTiles_U0/grp_computeTiles_Pipeline_k_BLOCK_loop_k_loop_i_loop_fu_243/mul_32s_32s_32_1_1_U51/tmp_product__0 output design_1_i/MM_0/inst/computeTiles_U0/grp_computeTiles_Pipeline_k_BLOCK_loop_k_loop_i_loop_fu_243/mul_32s_32s_32_1_1_U51/tmp_product__0/P[47:0] is not pipelined (PREG=0). Pipelining the DSP48 output will improve performance and often saves power so it is suggested whenever possible to fully pipeline this function.  If this DSP48 function was inferred, it is suggested to describe an additional register stage after this function.  If the DSP48 was instantiated in the design, it is suggested to set the PREG attribute to 1.
Related violations: <none>

DPOP-1#13 Warning
PREG Output pipelining  
DSP design_1_i/MM_0/inst/computeTiles_U0/grp_computeTiles_Pipeline_k_BLOCK_loop_k_loop_i_loop_fu_243/mul_32s_32s_32_1_1_U52/tmp_product__0 output design_1_i/MM_0/inst/computeTiles_U0/grp_computeTiles_Pipeline_k_BLOCK_loop_k_loop_i_loop_fu_243/mul_32s_32s_32_1_1_U52/tmp_product__0/P[47:0] is not pipelined (PREG=0). Pipelining the DSP48 output will improve performance and often saves power so it is suggested whenever possible to fully pipeline this function.  If this DSP48 function was inferred, it is suggested to describe an additional register stage after this function.  If the DSP48 was instantiated in the design, it is suggested to set the PREG attribute to 1.
Related violations: <none>

DPOP-1#14 Warning
PREG Output pipelining  
DSP design_1_i/MM_0/inst/computeTiles_U0/grp_computeTiles_Pipeline_k_BLOCK_loop_k_loop_i_loop_fu_243/mul_32s_32s_32_1_1_U53/tmp_product__0 output design_1_i/MM_0/inst/computeTiles_U0/grp_computeTiles_Pipeline_k_BLOCK_loop_k_loop_i_loop_fu_243/mul_32s_32s_32_1_1_U53/tmp_product__0/P[47:0] is not pipelined (PREG=0). Pipelining the DSP48 output will improve performance and often saves power so it is suggested whenever possible to fully pipeline this function.  If this DSP48 function was inferred, it is suggested to describe an additional register stage after this function.  If the DSP48 was instantiated in the design, it is suggested to set the PREG attribute to 1.
Related violations: <none>

DPOP-1#15 Warning
PREG Output pipelining  
DSP design_1_i/MM_0/inst/computeTiles_U0/grp_computeTiles_Pipeline_k_BLOCK_loop_k_loop_i_loop_fu_243/mul_32s_32s_32_1_1_U54/tmp_product__0 output design_1_i/MM_0/inst/computeTiles_U0/grp_computeTiles_Pipeline_k_BLOCK_loop_k_loop_i_loop_fu_243/mul_32s_32s_32_1_1_U54/tmp_product__0/P[47:0] is not pipelined (PREG=0). Pipelining the DSP48 output will improve performance and often saves power so it is suggested whenever possible to fully pipeline this function.  If this DSP48 function was inferred, it is suggested to describe an additional register stage after this function.  If the DSP48 was instantiated in the design, it is suggested to set the PREG attribute to 1.
Related violations: <none>

DPOP-1#16 Warning
PREG Output pipelining  
DSP design_1_i/MM_0/inst/computeTiles_U0/grp_computeTiles_Pipeline_k_BLOCK_loop_k_loop_i_loop_fu_243/mul_32s_32s_32_1_1_U55/tmp_product__0 output design_1_i/MM_0/inst/computeTiles_U0/grp_computeTiles_Pipeline_k_BLOCK_loop_k_loop_i_loop_fu_243/mul_32s_32s_32_1_1_U55/tmp_product__0/P[47:0] is not pipelined (PREG=0). Pipelining the DSP48 output will improve performance and often saves power so it is suggested whenever possible to fully pipeline this function.  If this DSP48 function was inferred, it is suggested to describe an additional register stage after this function.  If the DSP48 was instantiated in the design, it is suggested to set the PREG attribute to 1.
Related violations: <none>

DPOP-1#17 Warning
PREG Output pipelining  
DSP design_1_i/MM_0/inst/readAtTiles_U0/grp_readAtTiles_Pipeline_i_BLOCK_loop_j_BLOCK_loop_k_BLOCK_loop_k_loop_fu_78/mul_32s_32s_32_1_1_U3/tmp_product__0 output design_1_i/MM_0/inst/readAtTiles_U0/grp_readAtTiles_Pipeline_i_BLOCK_loop_j_BLOCK_loop_k_BLOCK_loop_k_loop_fu_78/mul_32s_32s_32_1_1_U3/tmp_product__0/P[47:0] is not pipelined (PREG=0). Pipelining the DSP48 output will improve performance and often saves power so it is suggested whenever possible to fully pipeline this function.  If this DSP48 function was inferred, it is suggested to describe an additional register stage after this function.  If the DSP48 was instantiated in the design, it is suggested to set the PREG attribute to 1.
Related violations: <none>

DPOP-1#18 Warning
PREG Output pipelining  
DSP design_1_i/MM_0/inst/readAtTiles_U0/mul_27ns_31ns_58_1_1_U13/tmp_product output design_1_i/MM_0/inst/readAtTiles_U0/mul_27ns_31ns_58_1_1_U13/tmp_product/P[47:0] is not pipelined (PREG=0). Pipelining the DSP48 output will improve performance and often saves power so it is suggested whenever possible to fully pipeline this function.  If this DSP48 function was inferred, it is suggested to describe an additional register stage after this function.  If the DSP48 was instantiated in the design, it is suggested to set the PREG attribute to 1.
Related violations: <none>

DPOP-1#19 Warning
PREG Output pipelining  
DSP design_1_i/MM_0/inst/readAtTiles_U0/mul_27ns_31ns_58_1_1_U13/tmp_product__0 output design_1_i/MM_0/inst/readAtTiles_U0/mul_27ns_31ns_58_1_1_U13/tmp_product__0/P[47:0] is not pipelined (PREG=0). Pipelining the DSP48 output will improve performance and often saves power so it is suggested whenever possible to fully pipeline this function.  If this DSP48 function was inferred, it is suggested to describe an additional register stage after this function.  If the DSP48 was instantiated in the design, it is suggested to set the PREG attribute to 1.
Related violations: <none>

DPOP-1#20 Warning
PREG Output pipelining  
DSP design_1_i/MM_0/inst/readAtTiles_U0/mul_27ns_58ns_85_2_1_U14/tmp_product output design_1_i/MM_0/inst/readAtTiles_U0/mul_27ns_58ns_85_2_1_U14/tmp_product/P[47:0] is not pipelined (PREG=0). Pipelining the DSP48 output will improve performance and often saves power so it is suggested whenever possible to fully pipeline this function.  If this DSP48 function was inferred, it is suggested to describe an additional register stage after this function.  If the DSP48 was instantiated in the design, it is suggested to set the PREG attribute to 1.
Related violations: <none>

DPOP-1#21 Warning
PREG Output pipelining  
DSP design_1_i/MM_0/inst/readAtTiles_U0/mul_27ns_58ns_85_2_1_U14/tmp_product__0 output design_1_i/MM_0/inst/readAtTiles_U0/mul_27ns_58ns_85_2_1_U14/tmp_product__0/P[47:0] is not pipelined (PREG=0). Pipelining the DSP48 output will improve performance and often saves power so it is suggested whenever possible to fully pipeline this function.  If this DSP48 function was inferred, it is suggested to describe an additional register stage after this function.  If the DSP48 was instantiated in the design, it is suggested to set the PREG attribute to 1.
Related violations: <none>

DPOP-1#22 Warning
PREG Output pipelining  
DSP design_1_i/MM_0/inst/readAtTiles_U0/mul_27ns_58ns_85_2_1_U14/tmp_product__1 output design_1_i/MM_0/inst/readAtTiles_U0/mul_27ns_58ns_85_2_1_U14/tmp_product__1/P[47:0] is not pipelined (PREG=0). Pipelining the DSP48 output will improve performance and often saves power so it is suggested whenever possible to fully pipeline this function.  If this DSP48 function was inferred, it is suggested to describe an additional register stage after this function.  If the DSP48 was instantiated in the design, it is suggested to set the PREG attribute to 1.
Related violations: <none>

DPOP-1#23 Warning
PREG Output pipelining  
DSP design_1_i/MM_0/inst/readBTiles_U0/grp_readBTiles_Pipeline_i_BLOCK_loop_j_BLOCK_loop_k_BLOCK_loop_k_loop_fu_78/mul_32s_32s_32_1_1_U23/tmp_product__0 output design_1_i/MM_0/inst/readBTiles_U0/grp_readBTiles_Pipeline_i_BLOCK_loop_j_BLOCK_loop_k_BLOCK_loop_k_loop_fu_78/mul_32s_32s_32_1_1_U23/tmp_product__0/P[47:0] is not pipelined (PREG=0). Pipelining the DSP48 output will improve performance and often saves power so it is suggested whenever possible to fully pipeline this function.  If this DSP48 function was inferred, it is suggested to describe an additional register stage after this function.  If the DSP48 was instantiated in the design, it is suggested to set the PREG attribute to 1.
Related violations: <none>

DPOP-1#24 Warning
PREG Output pipelining  
DSP design_1_i/MM_0/inst/readBTiles_U0/mul_27ns_31ns_58_1_1_U32/tmp_product output design_1_i/MM_0/inst/readBTiles_U0/mul_27ns_31ns_58_1_1_U32/tmp_product/P[47:0] is not pipelined (PREG=0). Pipelining the DSP48 output will improve performance and often saves power so it is suggested whenever possible to fully pipeline this function.  If this DSP48 function was inferred, it is suggested to describe an additional register stage after this function.  If the DSP48 was instantiated in the design, it is suggested to set the PREG attribute to 1.
Related violations: <none>

DPOP-1#25 Warning
PREG Output pipelining  
DSP design_1_i/MM_0/inst/readBTiles_U0/mul_27ns_31ns_58_1_1_U32/tmp_product__0 output design_1_i/MM_0/inst/readBTiles_U0/mul_27ns_31ns_58_1_1_U32/tmp_product__0/P[47:0] is not pipelined (PREG=0). Pipelining the DSP48 output will improve performance and often saves power so it is suggested whenever possible to fully pipeline this function.  If this DSP48 function was inferred, it is suggested to describe an additional register stage after this function.  If the DSP48 was instantiated in the design, it is suggested to set the PREG attribute to 1.
Related violations: <none>

DPOP-1#26 Warning
PREG Output pipelining  
DSP design_1_i/MM_0/inst/readBTiles_U0/mul_27ns_58ns_85_2_1_U33/tmp_product output design_1_i/MM_0/inst/readBTiles_U0/mul_27ns_58ns_85_2_1_U33/tmp_product/P[47:0] is not pipelined (PREG=0). Pipelining the DSP48 output will improve performance and often saves power so it is suggested whenever possible to fully pipeline this function.  If this DSP48 function was inferred, it is suggested to describe an additional register stage after this function.  If the DSP48 was instantiated in the design, it is suggested to set the PREG attribute to 1.
Related violations: <none>

DPOP-1#27 Warning
PREG Output pipelining  
DSP design_1_i/MM_0/inst/readBTiles_U0/mul_27ns_58ns_85_2_1_U33/tmp_product__0 output design_1_i/MM_0/inst/readBTiles_U0/mul_27ns_58ns_85_2_1_U33/tmp_product__0/P[47:0] is not pipelined (PREG=0). Pipelining the DSP48 output will improve performance and often saves power so it is suggested whenever possible to fully pipeline this function.  If this DSP48 function was inferred, it is suggested to describe an additional register stage after this function.  If the DSP48 was instantiated in the design, it is suggested to set the PREG attribute to 1.
Related violations: <none>

DPOP-1#28 Warning
PREG Output pipelining  
DSP design_1_i/MM_0/inst/readBTiles_U0/mul_27ns_58ns_85_2_1_U33/tmp_product__1 output design_1_i/MM_0/inst/readBTiles_U0/mul_27ns_58ns_85_2_1_U33/tmp_product__1/P[47:0] is not pipelined (PREG=0). Pipelining the DSP48 output will improve performance and often saves power so it is suggested whenever possible to fully pipeline this function.  If this DSP48 function was inferred, it is suggested to describe an additional register stage after this function.  If the DSP48 was instantiated in the design, it is suggested to set the PREG attribute to 1.
Related violations: <none>

DPOP-1#29 Warning
PREG Output pipelining  
DSP design_1_i/MM_0/inst/writeTiles_U0/grp_writeTiles_Pipeline_i_BLOCK_loop_j_BLOCK_loop_j_output_loop_fu_78/mul_32s_32s_32_1_1_U135/tmp_product__0 output design_1_i/MM_0/inst/writeTiles_U0/grp_writeTiles_Pipeline_i_BLOCK_loop_j_BLOCK_loop_j_output_loop_fu_78/mul_32s_32s_32_1_1_U135/tmp_product__0/P[47:0] is not pipelined (PREG=0). Pipelining the DSP48 output will improve performance and often saves power so it is suggested whenever possible to fully pipeline this function.  If this DSP48 function was inferred, it is suggested to describe an additional register stage after this function.  If the DSP48 was instantiated in the design, it is suggested to set the PREG attribute to 1.
Related violations: <none>

DPOP-1#30 Warning
PREG Output pipelining  
DSP design_1_i/MM_0/inst/writeTiles_U0/mul_27ns_31ns_58_1_1_U142/tmp_product output design_1_i/MM_0/inst/writeTiles_U0/mul_27ns_31ns_58_1_1_U142/tmp_product/P[47:0] is not pipelined (PREG=0). Pipelining the DSP48 output will improve performance and often saves power so it is suggested whenever possible to fully pipeline this function.  If this DSP48 function was inferred, it is suggested to describe an additional register stage after this function.  If the DSP48 was instantiated in the design, it is suggested to set the PREG attribute to 1.
Related violations: <none>

DPOP-1#31 Warning
PREG Output pipelining  
DSP design_1_i/MM_0/inst/writeTiles_U0/mul_27ns_31ns_58_1_1_U142/tmp_product__0 output design_1_i/MM_0/inst/writeTiles_U0/mul_27ns_31ns_58_1_1_U142/tmp_product__0/P[47:0] is not pipelined (PREG=0). Pipelining the DSP48 output will improve performance and often saves power so it is suggested whenever possible to fully pipeline this function.  If this DSP48 function was inferred, it is suggested to describe an additional register stage after this function.  If the DSP48 was instantiated in the design, it is suggested to set the PREG attribute to 1.
Related violations: <none>

DPOP-2#1 Warning
MREG Output pipelining  
DSP design_1_i/MM_0/inst/computeTiles_U0/grp_computeTiles_Pipeline_k_BLOCK_loop_k_loop_i_loop_fu_243/mul_32s_32s_32_1_1_U40/tmp_product multiplier stage design_1_i/MM_0/inst/computeTiles_U0/grp_computeTiles_Pipeline_k_BLOCK_loop_k_loop_i_loop_fu_243/mul_32s_32s_32_1_1_U40/tmp_product/P[47:0] is not pipelined (MREG=0). Pipelining the multiplier function will improve performance and will save significant power so it is suggested whenever possible to fully pipeline this function.  If this multiplier was inferred, it is suggested to describe an additional register stage after this function.  If there is no registered adder/accumulator following the multiply function, two pipeline stages are suggested to allow both the MREG and PREG registers to be used.  If the DSP48 was instantiated in the design, it is suggested to set both the MREG and PREG attributes to 1 when performing multiply functions.
Related violations: <none>

DPOP-2#2 Warning
MREG Output pipelining  
DSP design_1_i/MM_0/inst/computeTiles_U0/grp_computeTiles_Pipeline_k_BLOCK_loop_k_loop_i_loop_fu_243/mul_32s_32s_32_1_1_U40/tmp_product__0 multiplier stage design_1_i/MM_0/inst/computeTiles_U0/grp_computeTiles_Pipeline_k_BLOCK_loop_k_loop_i_loop_fu_243/mul_32s_32s_32_1_1_U40/tmp_product__0/P[47:0] is not pipelined (MREG=0). Pipelining the multiplier function will improve performance and will save significant power so it is suggested whenever possible to fully pipeline this function.  If this multiplier was inferred, it is suggested to describe an additional register stage after this function.  If there is no registered adder/accumulator following the multiply function, two pipeline stages are suggested to allow both the MREG and PREG registers to be used.  If the DSP48 was instantiated in the design, it is suggested to set both the MREG and PREG attributes to 1 when performing multiply functions.
Related violations: <none>

DPOP-2#3 Warning
MREG Output pipelining  
DSP design_1_i/MM_0/inst/computeTiles_U0/grp_computeTiles_Pipeline_k_BLOCK_loop_k_loop_i_loop_fu_243/mul_32s_32s_32_1_1_U41/tmp_product multiplier stage design_1_i/MM_0/inst/computeTiles_U0/grp_computeTiles_Pipeline_k_BLOCK_loop_k_loop_i_loop_fu_243/mul_32s_32s_32_1_1_U41/tmp_product/P[47:0] is not pipelined (MREG=0). Pipelining the multiplier function will improve performance and will save significant power so it is suggested whenever possible to fully pipeline this function.  If this multiplier was inferred, it is suggested to describe an additional register stage after this function.  If there is no registered adder/accumulator following the multiply function, two pipeline stages are suggested to allow both the MREG and PREG registers to be used.  If the DSP48 was instantiated in the design, it is suggested to set both the MREG and PREG attributes to 1 when performing multiply functions.
Related violations: <none>

DPOP-2#4 Warning
MREG Output pipelining  
DSP design_1_i/MM_0/inst/computeTiles_U0/grp_computeTiles_Pipeline_k_BLOCK_loop_k_loop_i_loop_fu_243/mul_32s_32s_32_1_1_U41/tmp_product__0 multiplier stage design_1_i/MM_0/inst/computeTiles_U0/grp_computeTiles_Pipeline_k_BLOCK_loop_k_loop_i_loop_fu_243/mul_32s_32s_32_1_1_U41/tmp_product__0/P[47:0] is not pipelined (MREG=0). Pipelining the multiplier function will improve performance and will save significant power so it is suggested whenever possible to fully pipeline this function.  If this multiplier was inferred, it is suggested to describe an additional register stage after this function.  If there is no registered adder/accumulator following the multiply function, two pipeline stages are suggested to allow both the MREG and PREG registers to be used.  If the DSP48 was instantiated in the design, it is suggested to set both the MREG and PREG attributes to 1 when performing multiply functions.
Related violations: <none>

DPOP-2#5 Warning
MREG Output pipelining  
DSP design_1_i/MM_0/inst/computeTiles_U0/grp_computeTiles_Pipeline_k_BLOCK_loop_k_loop_i_loop_fu_243/mul_32s_32s_32_1_1_U42/tmp_product multiplier stage design_1_i/MM_0/inst/computeTiles_U0/grp_computeTiles_Pipeline_k_BLOCK_loop_k_loop_i_loop_fu_243/mul_32s_32s_32_1_1_U42/tmp_product/P[47:0] is not pipelined (MREG=0). Pipelining the multiplier function will improve performance and will save significant power so it is suggested whenever possible to fully pipeline this function.  If this multiplier was inferred, it is suggested to describe an additional register stage after this function.  If there is no registered adder/accumulator following the multiply function, two pipeline stages are suggested to allow both the MREG and PREG registers to be used.  If the DSP48 was instantiated in the design, it is suggested to set both the MREG and PREG attributes to 1 when performing multiply functions.
Related violations: <none>

DPOP-2#6 Warning
MREG Output pipelining  
DSP design_1_i/MM_0/inst/computeTiles_U0/grp_computeTiles_Pipeline_k_BLOCK_loop_k_loop_i_loop_fu_243/mul_32s_32s_32_1_1_U42/tmp_product__0 multiplier stage design_1_i/MM_0/inst/computeTiles_U0/grp_computeTiles_Pipeline_k_BLOCK_loop_k_loop_i_loop_fu_243/mul_32s_32s_32_1_1_U42/tmp_product__0/P[47:0] is not pipelined (MREG=0). Pipelining the multiplier function will improve performance and will save significant power so it is suggested whenever possible to fully pipeline this function.  If this multiplier was inferred, it is suggested to describe an additional register stage after this function.  If there is no registered adder/accumulator following the multiply function, two pipeline stages are suggested to allow both the MREG and PREG registers to be used.  If the DSP48 was instantiated in the design, it is suggested to set both the MREG and PREG attributes to 1 when performing multiply functions.
Related violations: <none>

DPOP-2#7 Warning
MREG Output pipelining  
DSP design_1_i/MM_0/inst/computeTiles_U0/grp_computeTiles_Pipeline_k_BLOCK_loop_k_loop_i_loop_fu_243/mul_32s_32s_32_1_1_U43/tmp_product multiplier stage design_1_i/MM_0/inst/computeTiles_U0/grp_computeTiles_Pipeline_k_BLOCK_loop_k_loop_i_loop_fu_243/mul_32s_32s_32_1_1_U43/tmp_product/P[47:0] is not pipelined (MREG=0). Pipelining the multiplier function will improve performance and will save significant power so it is suggested whenever possible to fully pipeline this function.  If this multiplier was inferred, it is suggested to describe an additional register stage after this function.  If there is no registered adder/accumulator following the multiply function, two pipeline stages are suggested to allow both the MREG and PREG registers to be used.  If the DSP48 was instantiated in the design, it is suggested to set both the MREG and PREG attributes to 1 when performing multiply functions.
Related violations: <none>

DPOP-2#8 Warning
MREG Output pipelining  
DSP design_1_i/MM_0/inst/computeTiles_U0/grp_computeTiles_Pipeline_k_BLOCK_loop_k_loop_i_loop_fu_243/mul_32s_32s_32_1_1_U43/tmp_product__0 multiplier stage design_1_i/MM_0/inst/computeTiles_U0/grp_computeTiles_Pipeline_k_BLOCK_loop_k_loop_i_loop_fu_243/mul_32s_32s_32_1_1_U43/tmp_product__0/P[47:0] is not pipelined (MREG=0). Pipelining the multiplier function will improve performance and will save significant power so it is suggested whenever possible to fully pipeline this function.  If this multiplier was inferred, it is suggested to describe an additional register stage after this function.  If there is no registered adder/accumulator following the multiply function, two pipeline stages are suggested to allow both the MREG and PREG registers to be used.  If the DSP48 was instantiated in the design, it is suggested to set both the MREG and PREG attributes to 1 when performing multiply functions.
Related violations: <none>

DPOP-2#9 Warning
MREG Output pipelining  
DSP design_1_i/MM_0/inst/computeTiles_U0/grp_computeTiles_Pipeline_k_BLOCK_loop_k_loop_i_loop_fu_243/mul_32s_32s_32_1_1_U44/tmp_product multiplier stage design_1_i/MM_0/inst/computeTiles_U0/grp_computeTiles_Pipeline_k_BLOCK_loop_k_loop_i_loop_fu_243/mul_32s_32s_32_1_1_U44/tmp_product/P[47:0] is not pipelined (MREG=0). Pipelining the multiplier function will improve performance and will save significant power so it is suggested whenever possible to fully pipeline this function.  If this multiplier was inferred, it is suggested to describe an additional register stage after this function.  If there is no registered adder/accumulator following the multiply function, two pipeline stages are suggested to allow both the MREG and PREG registers to be used.  If the DSP48 was instantiated in the design, it is suggested to set both the MREG and PREG attributes to 1 when performing multiply functions.
Related violations: <none>

DPOP-2#10 Warning
MREG Output pipelining  
DSP design_1_i/MM_0/inst/computeTiles_U0/grp_computeTiles_Pipeline_k_BLOCK_loop_k_loop_i_loop_fu_243/mul_32s_32s_32_1_1_U44/tmp_product__0 multiplier stage design_1_i/MM_0/inst/computeTiles_U0/grp_computeTiles_Pipeline_k_BLOCK_loop_k_loop_i_loop_fu_243/mul_32s_32s_32_1_1_U44/tmp_product__0/P[47:0] is not pipelined (MREG=0). Pipelining the multiplier function will improve performance and will save significant power so it is suggested whenever possible to fully pipeline this function.  If this multiplier was inferred, it is suggested to describe an additional register stage after this function.  If there is no registered adder/accumulator following the multiply function, two pipeline stages are suggested to allow both the MREG and PREG registers to be used.  If the DSP48 was instantiated in the design, it is suggested to set both the MREG and PREG attributes to 1 when performing multiply functions.
Related violations: <none>

DPOP-2#11 Warning
MREG Output pipelining  
DSP design_1_i/MM_0/inst/computeTiles_U0/grp_computeTiles_Pipeline_k_BLOCK_loop_k_loop_i_loop_fu_243/mul_32s_32s_32_1_1_U45/tmp_product multiplier stage design_1_i/MM_0/inst/computeTiles_U0/grp_computeTiles_Pipeline_k_BLOCK_loop_k_loop_i_loop_fu_243/mul_32s_32s_32_1_1_U45/tmp_product/P[47:0] is not pipelined (MREG=0). Pipelining the multiplier function will improve performance and will save significant power so it is suggested whenever possible to fully pipeline this function.  If this multiplier was inferred, it is suggested to describe an additional register stage after this function.  If there is no registered adder/accumulator following the multiply function, two pipeline stages are suggested to allow both the MREG and PREG registers to be used.  If the DSP48 was instantiated in the design, it is suggested to set both the MREG and PREG attributes to 1 when performing multiply functions.
Related violations: <none>

DPOP-2#12 Warning
MREG Output pipelining  
DSP design_1_i/MM_0/inst/computeTiles_U0/grp_computeTiles_Pipeline_k_BLOCK_loop_k_loop_i_loop_fu_243/mul_32s_32s_32_1_1_U45/tmp_product__0 multiplier stage design_1_i/MM_0/inst/computeTiles_U0/grp_computeTiles_Pipeline_k_BLOCK_loop_k_loop_i_loop_fu_243/mul_32s_32s_32_1_1_U45/tmp_product__0/P[47:0] is not pipelined (MREG=0). Pipelining the multiplier function will improve performance and will save significant power so it is suggested whenever possible to fully pipeline this function.  If this multiplier was inferred, it is suggested to describe an additional register stage after this function.  If there is no registered adder/accumulator following the multiply function, two pipeline stages are suggested to allow both the MREG and PREG registers to be used.  If the DSP48 was instantiated in the design, it is suggested to set both the MREG and PREG attributes to 1 when performing multiply functions.
Related violations: <none>

DPOP-2#13 Warning
MREG Output pipelining  
DSP design_1_i/MM_0/inst/computeTiles_U0/grp_computeTiles_Pipeline_k_BLOCK_loop_k_loop_i_loop_fu_243/mul_32s_32s_32_1_1_U46/tmp_product multiplier stage design_1_i/MM_0/inst/computeTiles_U0/grp_computeTiles_Pipeline_k_BLOCK_loop_k_loop_i_loop_fu_243/mul_32s_32s_32_1_1_U46/tmp_product/P[47:0] is not pipelined (MREG=0). Pipelining the multiplier function will improve performance and will save significant power so it is suggested whenever possible to fully pipeline this function.  If this multiplier was inferred, it is suggested to describe an additional register stage after this function.  If there is no registered adder/accumulator following the multiply function, two pipeline stages are suggested to allow both the MREG and PREG registers to be used.  If the DSP48 was instantiated in the design, it is suggested to set both the MREG and PREG attributes to 1 when performing multiply functions.
Related violations: <none>

DPOP-2#14 Warning
MREG Output pipelining  
DSP design_1_i/MM_0/inst/computeTiles_U0/grp_computeTiles_Pipeline_k_BLOCK_loop_k_loop_i_loop_fu_243/mul_32s_32s_32_1_1_U46/tmp_product__0 multiplier stage design_1_i/MM_0/inst/computeTiles_U0/grp_computeTiles_Pipeline_k_BLOCK_loop_k_loop_i_loop_fu_243/mul_32s_32s_32_1_1_U46/tmp_product__0/P[47:0] is not pipelined (MREG=0). Pipelining the multiplier function will improve performance and will save significant power so it is suggested whenever possible to fully pipeline this function.  If this multiplier was inferred, it is suggested to describe an additional register stage after this function.  If there is no registered adder/accumulator following the multiply function, two pipeline stages are suggested to allow both the MREG and PREG registers to be used.  If the DSP48 was instantiated in the design, it is suggested to set both the MREG and PREG attributes to 1 when performing multiply functions.
Related violations: <none>

DPOP-2#15 Warning
MREG Output pipelining  
DSP design_1_i/MM_0/inst/computeTiles_U0/grp_computeTiles_Pipeline_k_BLOCK_loop_k_loop_i_loop_fu_243/mul_32s_32s_32_1_1_U47/tmp_product multiplier stage design_1_i/MM_0/inst/computeTiles_U0/grp_computeTiles_Pipeline_k_BLOCK_loop_k_loop_i_loop_fu_243/mul_32s_32s_32_1_1_U47/tmp_product/P[47:0] is not pipelined (MREG=0). Pipelining the multiplier function will improve performance and will save significant power so it is suggested whenever possible to fully pipeline this function.  If this multiplier was inferred, it is suggested to describe an additional register stage after this function.  If there is no registered adder/accumulator following the multiply function, two pipeline stages are suggested to allow both the MREG and PREG registers to be used.  If the DSP48 was instantiated in the design, it is suggested to set both the MREG and PREG attributes to 1 when performing multiply functions.
Related violations: <none>

DPOP-2#16 Warning
MREG Output pipelining  
DSP design_1_i/MM_0/inst/computeTiles_U0/grp_computeTiles_Pipeline_k_BLOCK_loop_k_loop_i_loop_fu_243/mul_32s_32s_32_1_1_U47/tmp_product__0 multiplier stage design_1_i/MM_0/inst/computeTiles_U0/grp_computeTiles_Pipeline_k_BLOCK_loop_k_loop_i_loop_fu_243/mul_32s_32s_32_1_1_U47/tmp_product__0/P[47:0] is not pipelined (MREG=0). Pipelining the multiplier function will improve performance and will save significant power so it is suggested whenever possible to fully pipeline this function.  If this multiplier was inferred, it is suggested to describe an additional register stage after this function.  If there is no registered adder/accumulator following the multiply function, two pipeline stages are suggested to allow both the MREG and PREG registers to be used.  If the DSP48 was instantiated in the design, it is suggested to set both the MREG and PREG attributes to 1 when performing multiply functions.
Related violations: <none>

DPOP-2#17 Warning
MREG Output pipelining  
DSP design_1_i/MM_0/inst/computeTiles_U0/grp_computeTiles_Pipeline_k_BLOCK_loop_k_loop_i_loop_fu_243/mul_32s_32s_32_1_1_U48/tmp_product multiplier stage design_1_i/MM_0/inst/computeTiles_U0/grp_computeTiles_Pipeline_k_BLOCK_loop_k_loop_i_loop_fu_243/mul_32s_32s_32_1_1_U48/tmp_product/P[47:0] is not pipelined (MREG=0). Pipelining the multiplier function will improve performance and will save significant power so it is suggested whenever possible to fully pipeline this function.  If this multiplier was inferred, it is suggested to describe an additional register stage after this function.  If there is no registered adder/accumulator following the multiply function, two pipeline stages are suggested to allow both the MREG and PREG registers to be used.  If the DSP48 was instantiated in the design, it is suggested to set both the MREG and PREG attributes to 1 when performing multiply functions.
Related violations: <none>

DPOP-2#18 Warning
MREG Output pipelining  
DSP design_1_i/MM_0/inst/computeTiles_U0/grp_computeTiles_Pipeline_k_BLOCK_loop_k_loop_i_loop_fu_243/mul_32s_32s_32_1_1_U48/tmp_product__0 multiplier stage design_1_i/MM_0/inst/computeTiles_U0/grp_computeTiles_Pipeline_k_BLOCK_loop_k_loop_i_loop_fu_243/mul_32s_32s_32_1_1_U48/tmp_product__0/P[47:0] is not pipelined (MREG=0). Pipelining the multiplier function will improve performance and will save significant power so it is suggested whenever possible to fully pipeline this function.  If this multiplier was inferred, it is suggested to describe an additional register stage after this function.  If there is no registered adder/accumulator following the multiply function, two pipeline stages are suggested to allow both the MREG and PREG registers to be used.  If the DSP48 was instantiated in the design, it is suggested to set both the MREG and PREG attributes to 1 when performing multiply functions.
Related violations: <none>

DPOP-2#19 Warning
MREG Output pipelining  
DSP design_1_i/MM_0/inst/computeTiles_U0/grp_computeTiles_Pipeline_k_BLOCK_loop_k_loop_i_loop_fu_243/mul_32s_32s_32_1_1_U49/tmp_product multiplier stage design_1_i/MM_0/inst/computeTiles_U0/grp_computeTiles_Pipeline_k_BLOCK_loop_k_loop_i_loop_fu_243/mul_32s_32s_32_1_1_U49/tmp_product/P[47:0] is not pipelined (MREG=0). Pipelining the multiplier function will improve performance and will save significant power so it is suggested whenever possible to fully pipeline this function.  If this multiplier was inferred, it is suggested to describe an additional register stage after this function.  If there is no registered adder/accumulator following the multiply function, two pipeline stages are suggested to allow both the MREG and PREG registers to be used.  If the DSP48 was instantiated in the design, it is suggested to set both the MREG and PREG attributes to 1 when performing multiply functions.
Related violations: <none>

DPOP-2#20 Warning
MREG Output pipelining  
DSP design_1_i/MM_0/inst/computeTiles_U0/grp_computeTiles_Pipeline_k_BLOCK_loop_k_loop_i_loop_fu_243/mul_32s_32s_32_1_1_U49/tmp_product__0 multiplier stage design_1_i/MM_0/inst/computeTiles_U0/grp_computeTiles_Pipeline_k_BLOCK_loop_k_loop_i_loop_fu_243/mul_32s_32s_32_1_1_U49/tmp_product__0/P[47:0] is not pipelined (MREG=0). Pipelining the multiplier function will improve performance and will save significant power so it is suggested whenever possible to fully pipeline this function.  If this multiplier was inferred, it is suggested to describe an additional register stage after this function.  If there is no registered adder/accumulator following the multiply function, two pipeline stages are suggested to allow both the MREG and PREG registers to be used.  If the DSP48 was instantiated in the design, it is suggested to set both the MREG and PREG attributes to 1 when performing multiply functions.
Related violations: <none>

DPOP-2#21 Warning
MREG Output pipelining  
DSP design_1_i/MM_0/inst/computeTiles_U0/grp_computeTiles_Pipeline_k_BLOCK_loop_k_loop_i_loop_fu_243/mul_32s_32s_32_1_1_U50/tmp_product multiplier stage design_1_i/MM_0/inst/computeTiles_U0/grp_computeTiles_Pipeline_k_BLOCK_loop_k_loop_i_loop_fu_243/mul_32s_32s_32_1_1_U50/tmp_product/P[47:0] is not pipelined (MREG=0). Pipelining the multiplier function will improve performance and will save significant power so it is suggested whenever possible to fully pipeline this function.  If this multiplier was inferred, it is suggested to describe an additional register stage after this function.  If there is no registered adder/accumulator following the multiply function, two pipeline stages are suggested to allow both the MREG and PREG registers to be used.  If the DSP48 was instantiated in the design, it is suggested to set both the MREG and PREG attributes to 1 when performing multiply functions.
Related violations: <none>

DPOP-2#22 Warning
MREG Output pipelining  
DSP design_1_i/MM_0/inst/computeTiles_U0/grp_computeTiles_Pipeline_k_BLOCK_loop_k_loop_i_loop_fu_243/mul_32s_32s_32_1_1_U50/tmp_product__0 multiplier stage design_1_i/MM_0/inst/computeTiles_U0/grp_computeTiles_Pipeline_k_BLOCK_loop_k_loop_i_loop_fu_243/mul_32s_32s_32_1_1_U50/tmp_product__0/P[47:0] is not pipelined (MREG=0). Pipelining the multiplier function will improve performance and will save significant power so it is suggested whenever possible to fully pipeline this function.  If this multiplier was inferred, it is suggested to describe an additional register stage after this function.  If there is no registered adder/accumulator following the multiply function, two pipeline stages are suggested to allow both the MREG and PREG registers to be used.  If the DSP48 was instantiated in the design, it is suggested to set both the MREG and PREG attributes to 1 when performing multiply functions.
Related violations: <none>

DPOP-2#23 Warning
MREG Output pipelining  
DSP design_1_i/MM_0/inst/computeTiles_U0/grp_computeTiles_Pipeline_k_BLOCK_loop_k_loop_i_loop_fu_243/mul_32s_32s_32_1_1_U51/tmp_product multiplier stage design_1_i/MM_0/inst/computeTiles_U0/grp_computeTiles_Pipeline_k_BLOCK_loop_k_loop_i_loop_fu_243/mul_32s_32s_32_1_1_U51/tmp_product/P[47:0] is not pipelined (MREG=0). Pipelining the multiplier function will improve performance and will save significant power so it is suggested whenever possible to fully pipeline this function.  If this multiplier was inferred, it is suggested to describe an additional register stage after this function.  If there is no registered adder/accumulator following the multiply function, two pipeline stages are suggested to allow both the MREG and PREG registers to be used.  If the DSP48 was instantiated in the design, it is suggested to set both the MREG and PREG attributes to 1 when performing multiply functions.
Related violations: <none>

DPOP-2#24 Warning
MREG Output pipelining  
DSP design_1_i/MM_0/inst/computeTiles_U0/grp_computeTiles_Pipeline_k_BLOCK_loop_k_loop_i_loop_fu_243/mul_32s_32s_32_1_1_U51/tmp_product__0 multiplier stage design_1_i/MM_0/inst/computeTiles_U0/grp_computeTiles_Pipeline_k_BLOCK_loop_k_loop_i_loop_fu_243/mul_32s_32s_32_1_1_U51/tmp_product__0/P[47:0] is not pipelined (MREG=0). Pipelining the multiplier function will improve performance and will save significant power so it is suggested whenever possible to fully pipeline this function.  If this multiplier was inferred, it is suggested to describe an additional register stage after this function.  If there is no registered adder/accumulator following the multiply function, two pipeline stages are suggested to allow both the MREG and PREG registers to be used.  If the DSP48 was instantiated in the design, it is suggested to set both the MREG and PREG attributes to 1 when performing multiply functions.
Related violations: <none>

DPOP-2#25 Warning
MREG Output pipelining  
DSP design_1_i/MM_0/inst/computeTiles_U0/grp_computeTiles_Pipeline_k_BLOCK_loop_k_loop_i_loop_fu_243/mul_32s_32s_32_1_1_U52/tmp_product multiplier stage design_1_i/MM_0/inst/computeTiles_U0/grp_computeTiles_Pipeline_k_BLOCK_loop_k_loop_i_loop_fu_243/mul_32s_32s_32_1_1_U52/tmp_product/P[47:0] is not pipelined (MREG=0). Pipelining the multiplier function will improve performance and will save significant power so it is suggested whenever possible to fully pipeline this function.  If this multiplier was inferred, it is suggested to describe an additional register stage after this function.  If there is no registered adder/accumulator following the multiply function, two pipeline stages are suggested to allow both the MREG and PREG registers to be used.  If the DSP48 was instantiated in the design, it is suggested to set both the MREG and PREG attributes to 1 when performing multiply functions.
Related violations: <none>

DPOP-2#26 Warning
MREG Output pipelining  
DSP design_1_i/MM_0/inst/computeTiles_U0/grp_computeTiles_Pipeline_k_BLOCK_loop_k_loop_i_loop_fu_243/mul_32s_32s_32_1_1_U52/tmp_product__0 multiplier stage design_1_i/MM_0/inst/computeTiles_U0/grp_computeTiles_Pipeline_k_BLOCK_loop_k_loop_i_loop_fu_243/mul_32s_32s_32_1_1_U52/tmp_product__0/P[47:0] is not pipelined (MREG=0). Pipelining the multiplier function will improve performance and will save significant power so it is suggested whenever possible to fully pipeline this function.  If this multiplier was inferred, it is suggested to describe an additional register stage after this function.  If there is no registered adder/accumulator following the multiply function, two pipeline stages are suggested to allow both the MREG and PREG registers to be used.  If the DSP48 was instantiated in the design, it is suggested to set both the MREG and PREG attributes to 1 when performing multiply functions.
Related violations: <none>

DPOP-2#27 Warning
MREG Output pipelining  
DSP design_1_i/MM_0/inst/computeTiles_U0/grp_computeTiles_Pipeline_k_BLOCK_loop_k_loop_i_loop_fu_243/mul_32s_32s_32_1_1_U53/tmp_product multiplier stage design_1_i/MM_0/inst/computeTiles_U0/grp_computeTiles_Pipeline_k_BLOCK_loop_k_loop_i_loop_fu_243/mul_32s_32s_32_1_1_U53/tmp_product/P[47:0] is not pipelined (MREG=0). Pipelining the multiplier function will improve performance and will save significant power so it is suggested whenever possible to fully pipeline this function.  If this multiplier was inferred, it is suggested to describe an additional register stage after this function.  If there is no registered adder/accumulator following the multiply function, two pipeline stages are suggested to allow both the MREG and PREG registers to be used.  If the DSP48 was instantiated in the design, it is suggested to set both the MREG and PREG attributes to 1 when performing multiply functions.
Related violations: <none>

DPOP-2#28 Warning
MREG Output pipelining  
DSP design_1_i/MM_0/inst/computeTiles_U0/grp_computeTiles_Pipeline_k_BLOCK_loop_k_loop_i_loop_fu_243/mul_32s_32s_32_1_1_U53/tmp_product__0 multiplier stage design_1_i/MM_0/inst/computeTiles_U0/grp_computeTiles_Pipeline_k_BLOCK_loop_k_loop_i_loop_fu_243/mul_32s_32s_32_1_1_U53/tmp_product__0/P[47:0] is not pipelined (MREG=0). Pipelining the multiplier function will improve performance and will save significant power so it is suggested whenever possible to fully pipeline this function.  If this multiplier was inferred, it is suggested to describe an additional register stage after this function.  If there is no registered adder/accumulator following the multiply function, two pipeline stages are suggested to allow both the MREG and PREG registers to be used.  If the DSP48 was instantiated in the design, it is suggested to set both the MREG and PREG attributes to 1 when performing multiply functions.
Related violations: <none>

DPOP-2#29 Warning
MREG Output pipelining  
DSP design_1_i/MM_0/inst/computeTiles_U0/grp_computeTiles_Pipeline_k_BLOCK_loop_k_loop_i_loop_fu_243/mul_32s_32s_32_1_1_U54/tmp_product multiplier stage design_1_i/MM_0/inst/computeTiles_U0/grp_computeTiles_Pipeline_k_BLOCK_loop_k_loop_i_loop_fu_243/mul_32s_32s_32_1_1_U54/tmp_product/P[47:0] is not pipelined (MREG=0). Pipelining the multiplier function will improve performance and will save significant power so it is suggested whenever possible to fully pipeline this function.  If this multiplier was inferred, it is suggested to describe an additional register stage after this function.  If there is no registered adder/accumulator following the multiply function, two pipeline stages are suggested to allow both the MREG and PREG registers to be used.  If the DSP48 was instantiated in the design, it is suggested to set both the MREG and PREG attributes to 1 when performing multiply functions.
Related violations: <none>

DPOP-2#30 Warning
MREG Output pipelining  
DSP design_1_i/MM_0/inst/computeTiles_U0/grp_computeTiles_Pipeline_k_BLOCK_loop_k_loop_i_loop_fu_243/mul_32s_32s_32_1_1_U54/tmp_product__0 multiplier stage design_1_i/MM_0/inst/computeTiles_U0/grp_computeTiles_Pipeline_k_BLOCK_loop_k_loop_i_loop_fu_243/mul_32s_32s_32_1_1_U54/tmp_product__0/P[47:0] is not pipelined (MREG=0). Pipelining the multiplier function will improve performance and will save significant power so it is suggested whenever possible to fully pipeline this function.  If this multiplier was inferred, it is suggested to describe an additional register stage after this function.  If there is no registered adder/accumulator following the multiply function, two pipeline stages are suggested to allow both the MREG and PREG registers to be used.  If the DSP48 was instantiated in the design, it is suggested to set both the MREG and PREG attributes to 1 when performing multiply functions.
Related violations: <none>

DPOP-2#31 Warning
MREG Output pipelining  
DSP design_1_i/MM_0/inst/computeTiles_U0/grp_computeTiles_Pipeline_k_BLOCK_loop_k_loop_i_loop_fu_243/mul_32s_32s_32_1_1_U55/tmp_product multiplier stage design_1_i/MM_0/inst/computeTiles_U0/grp_computeTiles_Pipeline_k_BLOCK_loop_k_loop_i_loop_fu_243/mul_32s_32s_32_1_1_U55/tmp_product/P[47:0] is not pipelined (MREG=0). Pipelining the multiplier function will improve performance and will save significant power so it is suggested whenever possible to fully pipeline this function.  If this multiplier was inferred, it is suggested to describe an additional register stage after this function.  If there is no registered adder/accumulator following the multiply function, two pipeline stages are suggested to allow both the MREG and PREG registers to be used.  If the DSP48 was instantiated in the design, it is suggested to set both the MREG and PREG attributes to 1 when performing multiply functions.
Related violations: <none>

DPOP-2#32 Warning
MREG Output pipelining  
DSP design_1_i/MM_0/inst/computeTiles_U0/grp_computeTiles_Pipeline_k_BLOCK_loop_k_loop_i_loop_fu_243/mul_32s_32s_32_1_1_U55/tmp_product__0 multiplier stage design_1_i/MM_0/inst/computeTiles_U0/grp_computeTiles_Pipeline_k_BLOCK_loop_k_loop_i_loop_fu_243/mul_32s_32s_32_1_1_U55/tmp_product__0/P[47:0] is not pipelined (MREG=0). Pipelining the multiplier function will improve performance and will save significant power so it is suggested whenever possible to fully pipeline this function.  If this multiplier was inferred, it is suggested to describe an additional register stage after this function.  If there is no registered adder/accumulator following the multiply function, two pipeline stages are suggested to allow both the MREG and PREG registers to be used.  If the DSP48 was instantiated in the design, it is suggested to set both the MREG and PREG attributes to 1 when performing multiply functions.
Related violations: <none>

DPOP-2#33 Warning
MREG Output pipelining  
DSP design_1_i/MM_0/inst/computeTiles_U0/grp_computeTiles_Pipeline_k_BLOCK_loop_k_loop_i_loop_fu_243/mul_ln92_10_reg_5274_reg multiplier stage design_1_i/MM_0/inst/computeTiles_U0/grp_computeTiles_Pipeline_k_BLOCK_loop_k_loop_i_loop_fu_243/mul_ln92_10_reg_5274_reg/P[47:0] is not pipelined (MREG=0). Pipelining the multiplier function will improve performance and will save significant power so it is suggested whenever possible to fully pipeline this function.  If this multiplier was inferred, it is suggested to describe an additional register stage after this function.  If there is no registered adder/accumulator following the multiply function, two pipeline stages are suggested to allow both the MREG and PREG registers to be used.  If the DSP48 was instantiated in the design, it is suggested to set both the MREG and PREG attributes to 1 when performing multiply functions.
Related violations: <none>

DPOP-2#34 Warning
MREG Output pipelining  
DSP design_1_i/MM_0/inst/computeTiles_U0/grp_computeTiles_Pipeline_k_BLOCK_loop_k_loop_i_loop_fu_243/mul_ln92_11_reg_5279_reg multiplier stage design_1_i/MM_0/inst/computeTiles_U0/grp_computeTiles_Pipeline_k_BLOCK_loop_k_loop_i_loop_fu_243/mul_ln92_11_reg_5279_reg/P[47:0] is not pipelined (MREG=0). Pipelining the multiplier function will improve performance and will save significant power so it is suggested whenever possible to fully pipeline this function.  If this multiplier was inferred, it is suggested to describe an additional register stage after this function.  If there is no registered adder/accumulator following the multiply function, two pipeline stages are suggested to allow both the MREG and PREG registers to be used.  If the DSP48 was instantiated in the design, it is suggested to set both the MREG and PREG attributes to 1 when performing multiply functions.
Related violations: <none>

DPOP-2#35 Warning
MREG Output pipelining  
DSP design_1_i/MM_0/inst/computeTiles_U0/grp_computeTiles_Pipeline_k_BLOCK_loop_k_loop_i_loop_fu_243/mul_ln92_12_reg_5284_reg multiplier stage design_1_i/MM_0/inst/computeTiles_U0/grp_computeTiles_Pipeline_k_BLOCK_loop_k_loop_i_loop_fu_243/mul_ln92_12_reg_5284_reg/P[47:0] is not pipelined (MREG=0). Pipelining the multiplier function will improve performance and will save significant power so it is suggested whenever possible to fully pipeline this function.  If this multiplier was inferred, it is suggested to describe an additional register stage after this function.  If there is no registered adder/accumulator following the multiply function, two pipeline stages are suggested to allow both the MREG and PREG registers to be used.  If the DSP48 was instantiated in the design, it is suggested to set both the MREG and PREG attributes to 1 when performing multiply functions.
Related violations: <none>

DPOP-2#36 Warning
MREG Output pipelining  
DSP design_1_i/MM_0/inst/computeTiles_U0/grp_computeTiles_Pipeline_k_BLOCK_loop_k_loop_i_loop_fu_243/mul_ln92_13_reg_5289_reg multiplier stage design_1_i/MM_0/inst/computeTiles_U0/grp_computeTiles_Pipeline_k_BLOCK_loop_k_loop_i_loop_fu_243/mul_ln92_13_reg_5289_reg/P[47:0] is not pipelined (MREG=0). Pipelining the multiplier function will improve performance and will save significant power so it is suggested whenever possible to fully pipeline this function.  If this multiplier was inferred, it is suggested to describe an additional register stage after this function.  If there is no registered adder/accumulator following the multiply function, two pipeline stages are suggested to allow both the MREG and PREG registers to be used.  If the DSP48 was instantiated in the design, it is suggested to set both the MREG and PREG attributes to 1 when performing multiply functions.
Related violations: <none>

DPOP-2#37 Warning
MREG Output pipelining  
DSP design_1_i/MM_0/inst/computeTiles_U0/grp_computeTiles_Pipeline_k_BLOCK_loop_k_loop_i_loop_fu_243/mul_ln92_14_reg_5294_reg multiplier stage design_1_i/MM_0/inst/computeTiles_U0/grp_computeTiles_Pipeline_k_BLOCK_loop_k_loop_i_loop_fu_243/mul_ln92_14_reg_5294_reg/P[47:0] is not pipelined (MREG=0). Pipelining the multiplier function will improve performance and will save significant power so it is suggested whenever possible to fully pipeline this function.  If this multiplier was inferred, it is suggested to describe an additional register stage after this function.  If there is no registered adder/accumulator following the multiply function, two pipeline stages are suggested to allow both the MREG and PREG registers to be used.  If the DSP48 was instantiated in the design, it is suggested to set both the MREG and PREG attributes to 1 when performing multiply functions.
Related violations: <none>

DPOP-2#38 Warning
MREG Output pipelining  
DSP design_1_i/MM_0/inst/computeTiles_U0/grp_computeTiles_Pipeline_k_BLOCK_loop_k_loop_i_loop_fu_243/mul_ln92_15_reg_5299_reg multiplier stage design_1_i/MM_0/inst/computeTiles_U0/grp_computeTiles_Pipeline_k_BLOCK_loop_k_loop_i_loop_fu_243/mul_ln92_15_reg_5299_reg/P[47:0] is not pipelined (MREG=0). Pipelining the multiplier function will improve performance and will save significant power so it is suggested whenever possible to fully pipeline this function.  If this multiplier was inferred, it is suggested to describe an additional register stage after this function.  If there is no registered adder/accumulator following the multiply function, two pipeline stages are suggested to allow both the MREG and PREG registers to be used.  If the DSP48 was instantiated in the design, it is suggested to set both the MREG and PREG attributes to 1 when performing multiply functions.
Related violations: <none>

DPOP-2#39 Warning
MREG Output pipelining  
DSP design_1_i/MM_0/inst/computeTiles_U0/grp_computeTiles_Pipeline_k_BLOCK_loop_k_loop_i_loop_fu_243/mul_ln92_1_reg_5229_reg multiplier stage design_1_i/MM_0/inst/computeTiles_U0/grp_computeTiles_Pipeline_k_BLOCK_loop_k_loop_i_loop_fu_243/mul_ln92_1_reg_5229_reg/P[47:0] is not pipelined (MREG=0). Pipelining the multiplier function will improve performance and will save significant power so it is suggested whenever possible to fully pipeline this function.  If this multiplier was inferred, it is suggested to describe an additional register stage after this function.  If there is no registered adder/accumulator following the multiply function, two pipeline stages are suggested to allow both the MREG and PREG registers to be used.  If the DSP48 was instantiated in the design, it is suggested to set both the MREG and PREG attributes to 1 when performing multiply functions.
Related violations: <none>

DPOP-2#40 Warning
MREG Output pipelining  
DSP design_1_i/MM_0/inst/computeTiles_U0/grp_computeTiles_Pipeline_k_BLOCK_loop_k_loop_i_loop_fu_243/mul_ln92_2_reg_5234_reg multiplier stage design_1_i/MM_0/inst/computeTiles_U0/grp_computeTiles_Pipeline_k_BLOCK_loop_k_loop_i_loop_fu_243/mul_ln92_2_reg_5234_reg/P[47:0] is not pipelined (MREG=0). Pipelining the multiplier function will improve performance and will save significant power so it is suggested whenever possible to fully pipeline this function.  If this multiplier was inferred, it is suggested to describe an additional register stage after this function.  If there is no registered adder/accumulator following the multiply function, two pipeline stages are suggested to allow both the MREG and PREG registers to be used.  If the DSP48 was instantiated in the design, it is suggested to set both the MREG and PREG attributes to 1 when performing multiply functions.
Related violations: <none>

DPOP-2#41 Warning
MREG Output pipelining  
DSP design_1_i/MM_0/inst/computeTiles_U0/grp_computeTiles_Pipeline_k_BLOCK_loop_k_loop_i_loop_fu_243/mul_ln92_3_reg_5239_reg multiplier stage design_1_i/MM_0/inst/computeTiles_U0/grp_computeTiles_Pipeline_k_BLOCK_loop_k_loop_i_loop_fu_243/mul_ln92_3_reg_5239_reg/P[47:0] is not pipelined (MREG=0). Pipelining the multiplier function will improve performance and will save significant power so it is suggested whenever possible to fully pipeline this function.  If this multiplier was inferred, it is suggested to describe an additional register stage after this function.  If there is no registered adder/accumulator following the multiply function, two pipeline stages are suggested to allow both the MREG and PREG registers to be used.  If the DSP48 was instantiated in the design, it is suggested to set both the MREG and PREG attributes to 1 when performing multiply functions.
Related violations: <none>

DPOP-2#42 Warning
MREG Output pipelining  
DSP design_1_i/MM_0/inst/computeTiles_U0/grp_computeTiles_Pipeline_k_BLOCK_loop_k_loop_i_loop_fu_243/mul_ln92_4_reg_5244_reg multiplier stage design_1_i/MM_0/inst/computeTiles_U0/grp_computeTiles_Pipeline_k_BLOCK_loop_k_loop_i_loop_fu_243/mul_ln92_4_reg_5244_reg/P[47:0] is not pipelined (MREG=0). Pipelining the multiplier function will improve performance and will save significant power so it is suggested whenever possible to fully pipeline this function.  If this multiplier was inferred, it is suggested to describe an additional register stage after this function.  If there is no registered adder/accumulator following the multiply function, two pipeline stages are suggested to allow both the MREG and PREG registers to be used.  If the DSP48 was instantiated in the design, it is suggested to set both the MREG and PREG attributes to 1 when performing multiply functions.
Related violations: <none>

DPOP-2#43 Warning
MREG Output pipelining  
DSP design_1_i/MM_0/inst/computeTiles_U0/grp_computeTiles_Pipeline_k_BLOCK_loop_k_loop_i_loop_fu_243/mul_ln92_5_reg_5249_reg multiplier stage design_1_i/MM_0/inst/computeTiles_U0/grp_computeTiles_Pipeline_k_BLOCK_loop_k_loop_i_loop_fu_243/mul_ln92_5_reg_5249_reg/P[47:0] is not pipelined (MREG=0). Pipelining the multiplier function will improve performance and will save significant power so it is suggested whenever possible to fully pipeline this function.  If this multiplier was inferred, it is suggested to describe an additional register stage after this function.  If there is no registered adder/accumulator following the multiply function, two pipeline stages are suggested to allow both the MREG and PREG registers to be used.  If the DSP48 was instantiated in the design, it is suggested to set both the MREG and PREG attributes to 1 when performing multiply functions.
Related violations: <none>

DPOP-2#44 Warning
MREG Output pipelining  
DSP design_1_i/MM_0/inst/computeTiles_U0/grp_computeTiles_Pipeline_k_BLOCK_loop_k_loop_i_loop_fu_243/mul_ln92_6_reg_5254_reg multiplier stage design_1_i/MM_0/inst/computeTiles_U0/grp_computeTiles_Pipeline_k_BLOCK_loop_k_loop_i_loop_fu_243/mul_ln92_6_reg_5254_reg/P[47:0] is not pipelined (MREG=0). Pipelining the multiplier function will improve performance and will save significant power so it is suggested whenever possible to fully pipeline this function.  If this multiplier was inferred, it is suggested to describe an additional register stage after this function.  If there is no registered adder/accumulator following the multiply function, two pipeline stages are suggested to allow both the MREG and PREG registers to be used.  If the DSP48 was instantiated in the design, it is suggested to set both the MREG and PREG attributes to 1 when performing multiply functions.
Related violations: <none>

DPOP-2#45 Warning
MREG Output pipelining  
DSP design_1_i/MM_0/inst/computeTiles_U0/grp_computeTiles_Pipeline_k_BLOCK_loop_k_loop_i_loop_fu_243/mul_ln92_7_reg_5259_reg multiplier stage design_1_i/MM_0/inst/computeTiles_U0/grp_computeTiles_Pipeline_k_BLOCK_loop_k_loop_i_loop_fu_243/mul_ln92_7_reg_5259_reg/P[47:0] is not pipelined (MREG=0). Pipelining the multiplier function will improve performance and will save significant power so it is suggested whenever possible to fully pipeline this function.  If this multiplier was inferred, it is suggested to describe an additional register stage after this function.  If there is no registered adder/accumulator following the multiply function, two pipeline stages are suggested to allow both the MREG and PREG registers to be used.  If the DSP48 was instantiated in the design, it is suggested to set both the MREG and PREG attributes to 1 when performing multiply functions.
Related violations: <none>

DPOP-2#46 Warning
MREG Output pipelining  
DSP design_1_i/MM_0/inst/computeTiles_U0/grp_computeTiles_Pipeline_k_BLOCK_loop_k_loop_i_loop_fu_243/mul_ln92_8_reg_5264_reg multiplier stage design_1_i/MM_0/inst/computeTiles_U0/grp_computeTiles_Pipeline_k_BLOCK_loop_k_loop_i_loop_fu_243/mul_ln92_8_reg_5264_reg/P[47:0] is not pipelined (MREG=0). Pipelining the multiplier function will improve performance and will save significant power so it is suggested whenever possible to fully pipeline this function.  If this multiplier was inferred, it is suggested to describe an additional register stage after this function.  If there is no registered adder/accumulator following the multiply function, two pipeline stages are suggested to allow both the MREG and PREG registers to be used.  If the DSP48 was instantiated in the design, it is suggested to set both the MREG and PREG attributes to 1 when performing multiply functions.
Related violations: <none>

DPOP-2#47 Warning
MREG Output pipelining  
DSP design_1_i/MM_0/inst/computeTiles_U0/grp_computeTiles_Pipeline_k_BLOCK_loop_k_loop_i_loop_fu_243/mul_ln92_9_reg_5269_reg multiplier stage design_1_i/MM_0/inst/computeTiles_U0/grp_computeTiles_Pipeline_k_BLOCK_loop_k_loop_i_loop_fu_243/mul_ln92_9_reg_5269_reg/P[47:0] is not pipelined (MREG=0). Pipelining the multiplier function will improve performance and will save significant power so it is suggested whenever possible to fully pipeline this function.  If this multiplier was inferred, it is suggested to describe an additional register stage after this function.  If there is no registered adder/accumulator following the multiply function, two pipeline stages are suggested to allow both the MREG and PREG registers to be used.  If the DSP48 was instantiated in the design, it is suggested to set both the MREG and PREG attributes to 1 when performing multiply functions.
Related violations: <none>

DPOP-2#48 Warning
MREG Output pipelining  
DSP design_1_i/MM_0/inst/computeTiles_U0/grp_computeTiles_Pipeline_k_BLOCK_loop_k_loop_i_loop_fu_243/mul_ln92_reg_5224_reg multiplier stage design_1_i/MM_0/inst/computeTiles_U0/grp_computeTiles_Pipeline_k_BLOCK_loop_k_loop_i_loop_fu_243/mul_ln92_reg_5224_reg/P[47:0] is not pipelined (MREG=0). Pipelining the multiplier function will improve performance and will save significant power so it is suggested whenever possible to fully pipeline this function.  If this multiplier was inferred, it is suggested to describe an additional register stage after this function.  If there is no registered adder/accumulator following the multiply function, two pipeline stages are suggested to allow both the MREG and PREG registers to be used.  If the DSP48 was instantiated in the design, it is suggested to set both the MREG and PREG attributes to 1 when performing multiply functions.
Related violations: <none>

DPOP-2#49 Warning
MREG Output pipelining  
DSP design_1_i/MM_0/inst/readAtTiles_U0/bound6_reg_344_reg multiplier stage design_1_i/MM_0/inst/readAtTiles_U0/bound6_reg_344_reg/P[47:0] is not pipelined (MREG=0). Pipelining the multiplier function will improve performance and will save significant power so it is suggested whenever possible to fully pipeline this function.  If this multiplier was inferred, it is suggested to describe an additional register stage after this function.  If there is no registered adder/accumulator following the multiply function, two pipeline stages are suggested to allow both the MREG and PREG registers to be used.  If the DSP48 was instantiated in the design, it is suggested to set both the MREG and PREG attributes to 1 when performing multiply functions.
Related violations: <none>

DPOP-2#50 Warning
MREG Output pipelining  
DSP design_1_i/MM_0/inst/readAtTiles_U0/bound6_reg_344_reg__0 multiplier stage design_1_i/MM_0/inst/readAtTiles_U0/bound6_reg_344_reg__0/P[47:0] is not pipelined (MREG=0). Pipelining the multiplier function will improve performance and will save significant power so it is suggested whenever possible to fully pipeline this function.  If this multiplier was inferred, it is suggested to describe an additional register stage after this function.  If there is no registered adder/accumulator following the multiply function, two pipeline stages are suggested to allow both the MREG and PREG registers to be used.  If the DSP48 was instantiated in the design, it is suggested to set both the MREG and PREG attributes to 1 when performing multiply functions.
Related violations: <none>

DPOP-2#51 Warning
MREG Output pipelining  
DSP design_1_i/MM_0/inst/readAtTiles_U0/grp_readAtTiles_Pipeline_i_BLOCK_loop_j_BLOCK_loop_k_BLOCK_loop_k_loop_fu_78/mul_32s_32s_32_1_1_U3/tmp_product multiplier stage design_1_i/MM_0/inst/readAtTiles_U0/grp_readAtTiles_Pipeline_i_BLOCK_loop_j_BLOCK_loop_k_BLOCK_loop_k_loop_fu_78/mul_32s_32s_32_1_1_U3/tmp_product/P[47:0] is not pipelined (MREG=0). Pipelining the multiplier function will improve performance and will save significant power so it is suggested whenever possible to fully pipeline this function.  If this multiplier was inferred, it is suggested to describe an additional register stage after this function.  If there is no registered adder/accumulator following the multiply function, two pipeline stages are suggested to allow both the MREG and PREG registers to be used.  If the DSP48 was instantiated in the design, it is suggested to set both the MREG and PREG attributes to 1 when performing multiply functions.
Related violations: <none>

DPOP-2#52 Warning
MREG Output pipelining  
DSP design_1_i/MM_0/inst/readAtTiles_U0/grp_readAtTiles_Pipeline_i_BLOCK_loop_j_BLOCK_loop_k_BLOCK_loop_k_loop_fu_78/mul_32s_32s_32_1_1_U3/tmp_product__0 multiplier stage design_1_i/MM_0/inst/readAtTiles_U0/grp_readAtTiles_Pipeline_i_BLOCK_loop_j_BLOCK_loop_k_BLOCK_loop_k_loop_fu_78/mul_32s_32s_32_1_1_U3/tmp_product__0/P[47:0] is not pipelined (MREG=0). Pipelining the multiplier function will improve performance and will save significant power so it is suggested whenever possible to fully pipeline this function.  If this multiplier was inferred, it is suggested to describe an additional register stage after this function.  If there is no registered adder/accumulator following the multiply function, two pipeline stages are suggested to allow both the MREG and PREG registers to be used.  If the DSP48 was instantiated in the design, it is suggested to set both the MREG and PREG attributes to 1 when performing multiply functions.
Related violations: <none>

DPOP-2#53 Warning
MREG Output pipelining  
DSP design_1_i/MM_0/inst/readAtTiles_U0/grp_readAtTiles_Pipeline_i_BLOCK_loop_j_BLOCK_loop_k_BLOCK_loop_k_loop_fu_78/mul_ln20_reg_647_reg multiplier stage design_1_i/MM_0/inst/readAtTiles_U0/grp_readAtTiles_Pipeline_i_BLOCK_loop_j_BLOCK_loop_k_BLOCK_loop_k_loop_fu_78/mul_ln20_reg_647_reg/P[47:0] is not pipelined (MREG=0). Pipelining the multiplier function will improve performance and will save significant power so it is suggested whenever possible to fully pipeline this function.  If this multiplier was inferred, it is suggested to describe an additional register stage after this function.  If there is no registered adder/accumulator following the multiply function, two pipeline stages are suggested to allow both the MREG and PREG registers to be used.  If the DSP48 was instantiated in the design, it is suggested to set both the MREG and PREG attributes to 1 when performing multiply functions.
Related violations: <none>

DPOP-2#54 Warning
MREG Output pipelining  
DSP design_1_i/MM_0/inst/readAtTiles_U0/mul_27ns_31ns_58_1_1_U13/tmp_product multiplier stage design_1_i/MM_0/inst/readAtTiles_U0/mul_27ns_31ns_58_1_1_U13/tmp_product/P[47:0] is not pipelined (MREG=0). Pipelining the multiplier function will improve performance and will save significant power so it is suggested whenever possible to fully pipeline this function.  If this multiplier was inferred, it is suggested to describe an additional register stage after this function.  If there is no registered adder/accumulator following the multiply function, two pipeline stages are suggested to allow both the MREG and PREG registers to be used.  If the DSP48 was instantiated in the design, it is suggested to set both the MREG and PREG attributes to 1 when performing multiply functions.
Related violations: <none>

DPOP-2#55 Warning
MREG Output pipelining  
DSP design_1_i/MM_0/inst/readAtTiles_U0/mul_27ns_31ns_58_1_1_U13/tmp_product__0 multiplier stage design_1_i/MM_0/inst/readAtTiles_U0/mul_27ns_31ns_58_1_1_U13/tmp_product__0/P[47:0] is not pipelined (MREG=0). Pipelining the multiplier function will improve performance and will save significant power so it is suggested whenever possible to fully pipeline this function.  If this multiplier was inferred, it is suggested to describe an additional register stage after this function.  If there is no registered adder/accumulator following the multiply function, two pipeline stages are suggested to allow both the MREG and PREG registers to be used.  If the DSP48 was instantiated in the design, it is suggested to set both the MREG and PREG attributes to 1 when performing multiply functions.
Related violations: <none>

DPOP-2#56 Warning
MREG Output pipelining  
DSP design_1_i/MM_0/inst/readAtTiles_U0/mul_27ns_58ns_85_2_1_U14/buff0_reg multiplier stage design_1_i/MM_0/inst/readAtTiles_U0/mul_27ns_58ns_85_2_1_U14/buff0_reg/P[47:0] is not pipelined (MREG=0). Pipelining the multiplier function will improve performance and will save significant power so it is suggested whenever possible to fully pipeline this function.  If this multiplier was inferred, it is suggested to describe an additional register stage after this function.  If there is no registered adder/accumulator following the multiply function, two pipeline stages are suggested to allow both the MREG and PREG registers to be used.  If the DSP48 was instantiated in the design, it is suggested to set both the MREG and PREG attributes to 1 when performing multiply functions.
Related violations: <none>

DPOP-2#57 Warning
MREG Output pipelining  
DSP design_1_i/MM_0/inst/readAtTiles_U0/mul_27ns_58ns_85_2_1_U14/buff0_reg__0 multiplier stage design_1_i/MM_0/inst/readAtTiles_U0/mul_27ns_58ns_85_2_1_U14/buff0_reg__0/P[47:0] is not pipelined (MREG=0). Pipelining the multiplier function will improve performance and will save significant power so it is suggested whenever possible to fully pipeline this function.  If this multiplier was inferred, it is suggested to describe an additional register stage after this function.  If there is no registered adder/accumulator following the multiply function, two pipeline stages are suggested to allow both the MREG and PREG registers to be used.  If the DSP48 was instantiated in the design, it is suggested to set both the MREG and PREG attributes to 1 when performing multiply functions.
Related violations: <none>

DPOP-2#58 Warning
MREG Output pipelining  
DSP design_1_i/MM_0/inst/readAtTiles_U0/mul_27ns_58ns_85_2_1_U14/buff0_reg__1 multiplier stage design_1_i/MM_0/inst/readAtTiles_U0/mul_27ns_58ns_85_2_1_U14/buff0_reg__1/P[47:0] is not pipelined (MREG=0). Pipelining the multiplier function will improve performance and will save significant power so it is suggested whenever possible to fully pipeline this function.  If this multiplier was inferred, it is suggested to describe an additional register stage after this function.  If there is no registered adder/accumulator following the multiply function, two pipeline stages are suggested to allow both the MREG and PREG registers to be used.  If the DSP48 was instantiated in the design, it is suggested to set both the MREG and PREG attributes to 1 when performing multiply functions.
Related violations: <none>

DPOP-2#59 Warning
MREG Output pipelining  
DSP design_1_i/MM_0/inst/readAtTiles_U0/mul_27ns_58ns_85_2_1_U14/tmp_product multiplier stage design_1_i/MM_0/inst/readAtTiles_U0/mul_27ns_58ns_85_2_1_U14/tmp_product/P[47:0] is not pipelined (MREG=0). Pipelining the multiplier function will improve performance and will save significant power so it is suggested whenever possible to fully pipeline this function.  If this multiplier was inferred, it is suggested to describe an additional register stage after this function.  If there is no registered adder/accumulator following the multiply function, two pipeline stages are suggested to allow both the MREG and PREG registers to be used.  If the DSP48 was instantiated in the design, it is suggested to set both the MREG and PREG attributes to 1 when performing multiply functions.
Related violations: <none>

DPOP-2#60 Warning
MREG Output pipelining  
DSP design_1_i/MM_0/inst/readAtTiles_U0/mul_27ns_58ns_85_2_1_U14/tmp_product__0 multiplier stage design_1_i/MM_0/inst/readAtTiles_U0/mul_27ns_58ns_85_2_1_U14/tmp_product__0/P[47:0] is not pipelined (MREG=0). Pipelining the multiplier function will improve performance and will save significant power so it is suggested whenever possible to fully pipeline this function.  If this multiplier was inferred, it is suggested to describe an additional register stage after this function.  If there is no registered adder/accumulator following the multiply function, two pipeline stages are suggested to allow both the MREG and PREG registers to be used.  If the DSP48 was instantiated in the design, it is suggested to set both the MREG and PREG attributes to 1 when performing multiply functions.
Related violations: <none>

DPOP-2#61 Warning
MREG Output pipelining  
DSP design_1_i/MM_0/inst/readAtTiles_U0/mul_27ns_58ns_85_2_1_U14/tmp_product__1 multiplier stage design_1_i/MM_0/inst/readAtTiles_U0/mul_27ns_58ns_85_2_1_U14/tmp_product__1/P[47:0] is not pipelined (MREG=0). Pipelining the multiplier function will improve performance and will save significant power so it is suggested whenever possible to fully pipeline this function.  If this multiplier was inferred, it is suggested to describe an additional register stage after this function.  If there is no registered adder/accumulator following the multiply function, two pipeline stages are suggested to allow both the MREG and PREG registers to be used.  If the DSP48 was instantiated in the design, it is suggested to set both the MREG and PREG attributes to 1 when performing multiply functions.
Related violations: <none>

DPOP-2#62 Warning
MREG Output pipelining  
DSP design_1_i/MM_0/inst/readBTiles_U0/bound6_reg_344_reg multiplier stage design_1_i/MM_0/inst/readBTiles_U0/bound6_reg_344_reg/P[47:0] is not pipelined (MREG=0). Pipelining the multiplier function will improve performance and will save significant power so it is suggested whenever possible to fully pipeline this function.  If this multiplier was inferred, it is suggested to describe an additional register stage after this function.  If there is no registered adder/accumulator following the multiply function, two pipeline stages are suggested to allow both the MREG and PREG registers to be used.  If the DSP48 was instantiated in the design, it is suggested to set both the MREG and PREG attributes to 1 when performing multiply functions.
Related violations: <none>

DPOP-2#63 Warning
MREG Output pipelining  
DSP design_1_i/MM_0/inst/readBTiles_U0/bound6_reg_344_reg__0 multiplier stage design_1_i/MM_0/inst/readBTiles_U0/bound6_reg_344_reg__0/P[47:0] is not pipelined (MREG=0). Pipelining the multiplier function will improve performance and will save significant power so it is suggested whenever possible to fully pipeline this function.  If this multiplier was inferred, it is suggested to describe an additional register stage after this function.  If there is no registered adder/accumulator following the multiply function, two pipeline stages are suggested to allow both the MREG and PREG registers to be used.  If the DSP48 was instantiated in the design, it is suggested to set both the MREG and PREG attributes to 1 when performing multiply functions.
Related violations: <none>

DPOP-2#64 Warning
MREG Output pipelining  
DSP design_1_i/MM_0/inst/readBTiles_U0/grp_readBTiles_Pipeline_i_BLOCK_loop_j_BLOCK_loop_k_BLOCK_loop_k_loop_fu_78/mul_32s_32s_32_1_1_U23/tmp_product multiplier stage design_1_i/MM_0/inst/readBTiles_U0/grp_readBTiles_Pipeline_i_BLOCK_loop_j_BLOCK_loop_k_BLOCK_loop_k_loop_fu_78/mul_32s_32s_32_1_1_U23/tmp_product/P[47:0] is not pipelined (MREG=0). Pipelining the multiplier function will improve performance and will save significant power so it is suggested whenever possible to fully pipeline this function.  If this multiplier was inferred, it is suggested to describe an additional register stage after this function.  If there is no registered adder/accumulator following the multiply function, two pipeline stages are suggested to allow both the MREG and PREG registers to be used.  If the DSP48 was instantiated in the design, it is suggested to set both the MREG and PREG attributes to 1 when performing multiply functions.
Related violations: <none>

DPOP-2#65 Warning
MREG Output pipelining  
DSP design_1_i/MM_0/inst/readBTiles_U0/grp_readBTiles_Pipeline_i_BLOCK_loop_j_BLOCK_loop_k_BLOCK_loop_k_loop_fu_78/mul_32s_32s_32_1_1_U23/tmp_product__0 multiplier stage design_1_i/MM_0/inst/readBTiles_U0/grp_readBTiles_Pipeline_i_BLOCK_loop_j_BLOCK_loop_k_BLOCK_loop_k_loop_fu_78/mul_32s_32s_32_1_1_U23/tmp_product__0/P[47:0] is not pipelined (MREG=0). Pipelining the multiplier function will improve performance and will save significant power so it is suggested whenever possible to fully pipeline this function.  If this multiplier was inferred, it is suggested to describe an additional register stage after this function.  If there is no registered adder/accumulator following the multiply function, two pipeline stages are suggested to allow both the MREG and PREG registers to be used.  If the DSP48 was instantiated in the design, it is suggested to set both the MREG and PREG attributes to 1 when performing multiply functions.
Related violations: <none>

DPOP-2#66 Warning
MREG Output pipelining  
DSP design_1_i/MM_0/inst/readBTiles_U0/grp_readBTiles_Pipeline_i_BLOCK_loop_j_BLOCK_loop_k_BLOCK_loop_k_loop_fu_78/mul_ln46_reg_655_reg multiplier stage design_1_i/MM_0/inst/readBTiles_U0/grp_readBTiles_Pipeline_i_BLOCK_loop_j_BLOCK_loop_k_BLOCK_loop_k_loop_fu_78/mul_ln46_reg_655_reg/P[47:0] is not pipelined (MREG=0). Pipelining the multiplier function will improve performance and will save significant power so it is suggested whenever possible to fully pipeline this function.  If this multiplier was inferred, it is suggested to describe an additional register stage after this function.  If there is no registered adder/accumulator following the multiply function, two pipeline stages are suggested to allow both the MREG and PREG registers to be used.  If the DSP48 was instantiated in the design, it is suggested to set both the MREG and PREG attributes to 1 when performing multiply functions.
Related violations: <none>

DPOP-2#67 Warning
MREG Output pipelining  
DSP design_1_i/MM_0/inst/readBTiles_U0/mul_27ns_31ns_58_1_1_U32/tmp_product multiplier stage design_1_i/MM_0/inst/readBTiles_U0/mul_27ns_31ns_58_1_1_U32/tmp_product/P[47:0] is not pipelined (MREG=0). Pipelining the multiplier function will improve performance and will save significant power so it is suggested whenever possible to fully pipeline this function.  If this multiplier was inferred, it is suggested to describe an additional register stage after this function.  If there is no registered adder/accumulator following the multiply function, two pipeline stages are suggested to allow both the MREG and PREG registers to be used.  If the DSP48 was instantiated in the design, it is suggested to set both the MREG and PREG attributes to 1 when performing multiply functions.
Related violations: <none>

DPOP-2#68 Warning
MREG Output pipelining  
DSP design_1_i/MM_0/inst/readBTiles_U0/mul_27ns_31ns_58_1_1_U32/tmp_product__0 multiplier stage design_1_i/MM_0/inst/readBTiles_U0/mul_27ns_31ns_58_1_1_U32/tmp_product__0/P[47:0] is not pipelined (MREG=0). Pipelining the multiplier function will improve performance and will save significant power so it is suggested whenever possible to fully pipeline this function.  If this multiplier was inferred, it is suggested to describe an additional register stage after this function.  If there is no registered adder/accumulator following the multiply function, two pipeline stages are suggested to allow both the MREG and PREG registers to be used.  If the DSP48 was instantiated in the design, it is suggested to set both the MREG and PREG attributes to 1 when performing multiply functions.
Related violations: <none>

DPOP-2#69 Warning
MREG Output pipelining  
DSP design_1_i/MM_0/inst/readBTiles_U0/mul_27ns_58ns_85_2_1_U33/buff0_reg multiplier stage design_1_i/MM_0/inst/readBTiles_U0/mul_27ns_58ns_85_2_1_U33/buff0_reg/P[47:0] is not pipelined (MREG=0). Pipelining the multiplier function will improve performance and will save significant power so it is suggested whenever possible to fully pipeline this function.  If this multiplier was inferred, it is suggested to describe an additional register stage after this function.  If there is no registered adder/accumulator following the multiply function, two pipeline stages are suggested to allow both the MREG and PREG registers to be used.  If the DSP48 was instantiated in the design, it is suggested to set both the MREG and PREG attributes to 1 when performing multiply functions.
Related violations: <none>

DPOP-2#70 Warning
MREG Output pipelining  
DSP design_1_i/MM_0/inst/readBTiles_U0/mul_27ns_58ns_85_2_1_U33/buff0_reg__0 multiplier stage design_1_i/MM_0/inst/readBTiles_U0/mul_27ns_58ns_85_2_1_U33/buff0_reg__0/P[47:0] is not pipelined (MREG=0). Pipelining the multiplier function will improve performance and will save significant power so it is suggested whenever possible to fully pipeline this function.  If this multiplier was inferred, it is suggested to describe an additional register stage after this function.  If there is no registered adder/accumulator following the multiply function, two pipeline stages are suggested to allow both the MREG and PREG registers to be used.  If the DSP48 was instantiated in the design, it is suggested to set both the MREG and PREG attributes to 1 when performing multiply functions.
Related violations: <none>

DPOP-2#71 Warning
MREG Output pipelining  
DSP design_1_i/MM_0/inst/readBTiles_U0/mul_27ns_58ns_85_2_1_U33/buff0_reg__1 multiplier stage design_1_i/MM_0/inst/readBTiles_U0/mul_27ns_58ns_85_2_1_U33/buff0_reg__1/P[47:0] is not pipelined (MREG=0). Pipelining the multiplier function will improve performance and will save significant power so it is suggested whenever possible to fully pipeline this function.  If this multiplier was inferred, it is suggested to describe an additional register stage after this function.  If there is no registered adder/accumulator following the multiply function, two pipeline stages are suggested to allow both the MREG and PREG registers to be used.  If the DSP48 was instantiated in the design, it is suggested to set both the MREG and PREG attributes to 1 when performing multiply functions.
Related violations: <none>

DPOP-2#72 Warning
MREG Output pipelining  
DSP design_1_i/MM_0/inst/readBTiles_U0/mul_27ns_58ns_85_2_1_U33/tmp_product multiplier stage design_1_i/MM_0/inst/readBTiles_U0/mul_27ns_58ns_85_2_1_U33/tmp_product/P[47:0] is not pipelined (MREG=0). Pipelining the multiplier function will improve performance and will save significant power so it is suggested whenever possible to fully pipeline this function.  If this multiplier was inferred, it is suggested to describe an additional register stage after this function.  If there is no registered adder/accumulator following the multiply function, two pipeline stages are suggested to allow both the MREG and PREG registers to be used.  If the DSP48 was instantiated in the design, it is suggested to set both the MREG and PREG attributes to 1 when performing multiply functions.
Related violations: <none>

DPOP-2#73 Warning
MREG Output pipelining  
DSP design_1_i/MM_0/inst/readBTiles_U0/mul_27ns_58ns_85_2_1_U33/tmp_product__0 multiplier stage design_1_i/MM_0/inst/readBTiles_U0/mul_27ns_58ns_85_2_1_U33/tmp_product__0/P[47:0] is not pipelined (MREG=0). Pipelining the multiplier function will improve performance and will save significant power so it is suggested whenever possible to fully pipeline this function.  If this multiplier was inferred, it is suggested to describe an additional register stage after this function.  If there is no registered adder/accumulator following the multiply function, two pipeline stages are suggested to allow both the MREG and PREG registers to be used.  If the DSP48 was instantiated in the design, it is suggested to set both the MREG and PREG attributes to 1 when performing multiply functions.
Related violations: <none>

DPOP-2#74 Warning
MREG Output pipelining  
DSP design_1_i/MM_0/inst/readBTiles_U0/mul_27ns_58ns_85_2_1_U33/tmp_product__1 multiplier stage design_1_i/MM_0/inst/readBTiles_U0/mul_27ns_58ns_85_2_1_U33/tmp_product__1/P[47:0] is not pipelined (MREG=0). Pipelining the multiplier function will improve performance and will save significant power so it is suggested whenever possible to fully pipeline this function.  If this multiplier was inferred, it is suggested to describe an additional register stage after this function.  If there is no registered adder/accumulator following the multiply function, two pipeline stages are suggested to allow both the MREG and PREG registers to be used.  If the DSP48 was instantiated in the design, it is suggested to set both the MREG and PREG attributes to 1 when performing multiply functions.
Related violations: <none>

DPOP-2#75 Warning
MREG Output pipelining  
DSP design_1_i/MM_0/inst/writeTiles_U0/bound6_reg_283_reg multiplier stage design_1_i/MM_0/inst/writeTiles_U0/bound6_reg_283_reg/P[47:0] is not pipelined (MREG=0). Pipelining the multiplier function will improve performance and will save significant power so it is suggested whenever possible to fully pipeline this function.  If this multiplier was inferred, it is suggested to describe an additional register stage after this function.  If there is no registered adder/accumulator following the multiply function, two pipeline stages are suggested to allow both the MREG and PREG registers to be used.  If the DSP48 was instantiated in the design, it is suggested to set both the MREG and PREG attributes to 1 when performing multiply functions.
Related violations: <none>

DPOP-2#76 Warning
MREG Output pipelining  
DSP design_1_i/MM_0/inst/writeTiles_U0/bound6_reg_283_reg__0 multiplier stage design_1_i/MM_0/inst/writeTiles_U0/bound6_reg_283_reg__0/P[47:0] is not pipelined (MREG=0). Pipelining the multiplier function will improve performance and will save significant power so it is suggested whenever possible to fully pipeline this function.  If this multiplier was inferred, it is suggested to describe an additional register stage after this function.  If there is no registered adder/accumulator following the multiply function, two pipeline stages are suggested to allow both the MREG and PREG registers to be used.  If the DSP48 was instantiated in the design, it is suggested to set both the MREG and PREG attributes to 1 when performing multiply functions.
Related violations: <none>

DPOP-2#77 Warning
MREG Output pipelining  
DSP design_1_i/MM_0/inst/writeTiles_U0/grp_writeTiles_Pipeline_i_BLOCK_loop_j_BLOCK_loop_j_output_loop_fu_78/mul_32s_32s_32_1_1_U135/tmp_product multiplier stage design_1_i/MM_0/inst/writeTiles_U0/grp_writeTiles_Pipeline_i_BLOCK_loop_j_BLOCK_loop_j_output_loop_fu_78/mul_32s_32s_32_1_1_U135/tmp_product/P[47:0] is not pipelined (MREG=0). Pipelining the multiplier function will improve performance and will save significant power so it is suggested whenever possible to fully pipeline this function.  If this multiplier was inferred, it is suggested to describe an additional register stage after this function.  If there is no registered adder/accumulator following the multiply function, two pipeline stages are suggested to allow both the MREG and PREG registers to be used.  If the DSP48 was instantiated in the design, it is suggested to set both the MREG and PREG attributes to 1 when performing multiply functions.
Related violations: <none>

DPOP-2#78 Warning
MREG Output pipelining  
DSP design_1_i/MM_0/inst/writeTiles_U0/grp_writeTiles_Pipeline_i_BLOCK_loop_j_BLOCK_loop_j_output_loop_fu_78/mul_32s_32s_32_1_1_U135/tmp_product__0 multiplier stage design_1_i/MM_0/inst/writeTiles_U0/grp_writeTiles_Pipeline_i_BLOCK_loop_j_BLOCK_loop_j_output_loop_fu_78/mul_32s_32s_32_1_1_U135/tmp_product__0/P[47:0] is not pipelined (MREG=0). Pipelining the multiplier function will improve performance and will save significant power so it is suggested whenever possible to fully pipeline this function.  If this multiplier was inferred, it is suggested to describe an additional register stage after this function.  If there is no registered adder/accumulator following the multiply function, two pipeline stages are suggested to allow both the MREG and PREG registers to be used.  If the DSP48 was instantiated in the design, it is suggested to set both the MREG and PREG attributes to 1 when performing multiply functions.
Related violations: <none>

DPOP-2#79 Warning
MREG Output pipelining  
DSP design_1_i/MM_0/inst/writeTiles_U0/grp_writeTiles_Pipeline_i_BLOCK_loop_j_BLOCK_loop_j_output_loop_fu_78/mul_ln130_reg_538_reg multiplier stage design_1_i/MM_0/inst/writeTiles_U0/grp_writeTiles_Pipeline_i_BLOCK_loop_j_BLOCK_loop_j_output_loop_fu_78/mul_ln130_reg_538_reg/P[47:0] is not pipelined (MREG=0). Pipelining the multiplier function will improve performance and will save significant power so it is suggested whenever possible to fully pipeline this function.  If this multiplier was inferred, it is suggested to describe an additional register stage after this function.  If there is no registered adder/accumulator following the multiply function, two pipeline stages are suggested to allow both the MREG and PREG registers to be used.  If the DSP48 was instantiated in the design, it is suggested to set both the MREG and PREG attributes to 1 when performing multiply functions.
Related violations: <none>

DPOP-2#80 Warning
MREG Output pipelining  
DSP design_1_i/MM_0/inst/writeTiles_U0/mul_27ns_31ns_58_1_1_U142/tmp_product multiplier stage design_1_i/MM_0/inst/writeTiles_U0/mul_27ns_31ns_58_1_1_U142/tmp_product/P[47:0] is not pipelined (MREG=0). Pipelining the multiplier function will improve performance and will save significant power so it is suggested whenever possible to fully pipeline this function.  If this multiplier was inferred, it is suggested to describe an additional register stage after this function.  If there is no registered adder/accumulator following the multiply function, two pipeline stages are suggested to allow both the MREG and PREG registers to be used.  If the DSP48 was instantiated in the design, it is suggested to set both the MREG and PREG attributes to 1 when performing multiply functions.
Related violations: <none>

DPOP-2#81 Warning
MREG Output pipelining  
DSP design_1_i/MM_0/inst/writeTiles_U0/mul_27ns_31ns_58_1_1_U142/tmp_product__0 multiplier stage design_1_i/MM_0/inst/writeTiles_U0/mul_27ns_31ns_58_1_1_U142/tmp_product__0/P[47:0] is not pipelined (MREG=0). Pipelining the multiplier function will improve performance and will save significant power so it is suggested whenever possible to fully pipeline this function.  If this multiplier was inferred, it is suggested to describe an additional register stage after this function.  If there is no registered adder/accumulator following the multiply function, two pipeline stages are suggested to allow both the MREG and PREG registers to be used.  If the DSP48 was instantiated in the design, it is suggested to set both the MREG and PREG attributes to 1 when performing multiply functions.
Related violations: <none>

PDCN-1569#1 Warning
LUT equation term check  
Used physical LUT pin 'A1' of cell design_1_i/axi_mem_intercon/m00_couplers/auto_ds/inst/gen_downsizer.gen_cascaded_downsizer.first_downsizer_inst/USE_READ.read_addr_inst/cmd_queue/inst/fifo_gen_inst/inst_fifo_gen/gconvfifo.rf/grf.rf/gntv_or_sync_fifo.gl0.rd/gr1.gr1_int.rfwft/gpregsm1.user_valid_i_1 (pin design_1_i/axi_mem_intercon/m00_couplers/auto_ds/inst/gen_downsizer.gen_cascaded_downsizer.first_downsizer_inst/USE_READ.read_addr_inst/cmd_queue/inst/fifo_gen_inst/inst_fifo_gen/gconvfifo.rf/grf.rf/gntv_or_sync_fifo.gl0.rd/gr1.gr1_int.rfwft/gpregsm1.user_valid_i_1/I1) is not included in the LUT equation: 'O6=(A5)+((~A5)*(~A6)*A4)'. If this cell is a user instantiated LUT in the design, please remove connectivity to the pin or change the equation and/or INIT string of the LUT to prevent this issue. If the cell is inferred or IP created LUT, please regenerate the IP and/or resynthesize the design to attempt to correct the issue.
Related violations: <none>

PDCN-1569#2 Warning
LUT equation term check  
Used physical LUT pin 'A1' of cell design_1_i/axi_mem_intercon/m01_couplers/auto_ds/inst/gen_downsizer.gen_cascaded_downsizer.first_downsizer_inst/USE_WRITE.write_addr_inst/USE_B_CHANNEL.cmd_b_queue/inst/fifo_gen_inst/inst_fifo_gen/gconvfifo.rf/grf.rf/gntv_or_sync_fifo.gl0.rd/gr1.gr1_int.rfwft/gpregsm1.user_valid_i_1 (pin design_1_i/axi_mem_intercon/m01_couplers/auto_ds/inst/gen_downsizer.gen_cascaded_downsizer.first_downsizer_inst/USE_WRITE.write_addr_inst/USE_B_CHANNEL.cmd_b_queue/inst/fifo_gen_inst/inst_fifo_gen/gconvfifo.rf/grf.rf/gntv_or_sync_fifo.gl0.rd/gr1.gr1_int.rfwft/gpregsm1.user_valid_i_1/I1) is not included in the LUT equation: 'O6=(A5)+((~A5)*(~A6)*A4)'. If this cell is a user instantiated LUT in the design, please remove connectivity to the pin or change the equation and/or INIT string of the LUT to prevent this issue. If the cell is inferred or IP created LUT, please regenerate the IP and/or resynthesize the design to attempt to correct the issue.
Related violations: <none>

PDCN-1569#3 Warning
LUT equation term check  
Used physical LUT pin 'A1' of cell design_1_i/axi_mem_intercon/m02_couplers/auto_ds/inst/gen_downsizer.gen_cascaded_downsizer.gen_axi3_conv.axi3_conv_inst/gen_axi4_axi3.axi3_conv_inst/USE_WRITE.write_addr_inst/USE_B_CHANNEL.cmd_b_queue/inst/fifo_gen_inst/inst_fifo_gen/gconvfifo.rf/grf.rf/gntv_or_sync_fifo.gl0.rd/gr1.gr1_int.rfwft/gpregsm1.user_valid_i_1 (pin design_1_i/axi_mem_intercon/m02_couplers/auto_ds/inst/gen_downsizer.gen_cascaded_downsizer.gen_axi3_conv.axi3_conv_inst/gen_axi4_axi3.axi3_conv_inst/USE_WRITE.write_addr_inst/USE_B_CHANNEL.cmd_b_queue/inst/fifo_gen_inst/inst_fifo_gen/gconvfifo.rf/grf.rf/gntv_or_sync_fifo.gl0.rd/gr1.gr1_int.rfwft/gpregsm1.user_valid_i_1/I1) is not included in the LUT equation: 'O6=(A5)+((~A5)*(~A6)*A4)'. If this cell is a user instantiated LUT in the design, please remove connectivity to the pin or change the equation and/or INIT string of the LUT to prevent this issue. If the cell is inferred or IP created LUT, please regenerate the IP and/or resynthesize the design to attempt to correct the issue.
Related violations: <none>

PDCN-1569#4 Warning
LUT equation term check  
Used physical LUT pin 'A1' of cell design_1_i/axi_mem_intercon/m03_couplers/auto_ds/inst/gen_downsizer.gen_cascaded_downsizer.first_downsizer_inst/USE_READ.read_addr_inst/cmd_queue/inst/fifo_gen_inst/inst_fifo_gen/gconvfifo.rf/grf.rf/gntv_or_sync_fifo.gl0.rd/gr1.gr1_int.rfwft/gpregsm1.user_valid_i_1 (pin design_1_i/axi_mem_intercon/m03_couplers/auto_ds/inst/gen_downsizer.gen_cascaded_downsizer.first_downsizer_inst/USE_READ.read_addr_inst/cmd_queue/inst/fifo_gen_inst/inst_fifo_gen/gconvfifo.rf/grf.rf/gntv_or_sync_fifo.gl0.rd/gr1.gr1_int.rfwft/gpregsm1.user_valid_i_1/I1) is not included in the LUT equation: 'O6=(A4)+((~A4)*(~A6)*A5)'. If this cell is a user instantiated LUT in the design, please remove connectivity to the pin or change the equation and/or INIT string of the LUT to prevent this issue. If the cell is inferred or IP created LUT, please regenerate the IP and/or resynthesize the design to attempt to correct the issue.
Related violations: <none>

PDCN-1569#5 Warning
LUT equation term check  
Used physical LUT pin 'A1' of cell design_1_i/axi_mem_intercon/m03_couplers/auto_ds/inst/gen_downsizer.gen_cascaded_downsizer.gen_axi3_conv.axi3_conv_inst/gen_axi4_axi3.axi3_conv_inst/USE_WRITE.write_addr_inst/USE_BURSTS.cmd_queue/inst/fifo_gen_inst/inst_fifo_gen/gconvfifo.rf/grf.rf/gntv_or_sync_fifo.gl0.rd/gr1.gr1_int.rfwft/gpregsm1.user_valid_i_1 (pin design_1_i/axi_mem_intercon/m03_couplers/auto_ds/inst/gen_downsizer.gen_cascaded_downsizer.gen_axi3_conv.axi3_conv_inst/gen_axi4_axi3.axi3_conv_inst/USE_WRITE.write_addr_inst/USE_BURSTS.cmd_queue/inst/fifo_gen_inst/inst_fifo_gen/gconvfifo.rf/grf.rf/gntv_or_sync_fifo.gl0.rd/gr1.gr1_int.rfwft/gpregsm1.user_valid_i_1/I1) is not included in the LUT equation: 'O6=(A4)+((~A4)*(~A2)*A5)'. If this cell is a user instantiated LUT in the design, please remove connectivity to the pin or change the equation and/or INIT string of the LUT to prevent this issue. If the cell is inferred or IP created LUT, please regenerate the IP and/or resynthesize the design to attempt to correct the issue.
Related violations: <none>

PDCN-1569#6 Warning
LUT equation term check  
Used physical LUT pin 'A1' of cell design_1_i/axi_mem_intercon/s00_couplers/auto_pc/inst/gen_axi4_axi3.axi3_conv_inst/USE_READ.USE_SPLIT_R.read_addr_inst/USE_R_CHANNEL.cmd_queue/inst/fifo_gen_inst/inst_fifo_gen/gconvfifo.rf/grf.rf/gntv_or_sync_fifo.gl0.rd/gr1.gr1_int.rfwft/gpregsm1.user_valid_i_1 (pin design_1_i/axi_mem_intercon/s00_couplers/auto_pc/inst/gen_axi4_axi3.axi3_conv_inst/USE_READ.USE_SPLIT_R.read_addr_inst/USE_R_CHANNEL.cmd_queue/inst/fifo_gen_inst/inst_fifo_gen/gconvfifo.rf/grf.rf/gntv_or_sync_fifo.gl0.rd/gr1.gr1_int.rfwft/gpregsm1.user_valid_i_1/I1) is not included in the LUT equation: 'O6=(A5)+((~A5)*(~A6)*A4)'. If this cell is a user instantiated LUT in the design, please remove connectivity to the pin or change the equation and/or INIT string of the LUT to prevent this issue. If the cell is inferred or IP created LUT, please regenerate the IP and/or resynthesize the design to attempt to correct the issue.
Related violations: <none>

PDCN-1569#7 Warning
LUT equation term check  
Used physical LUT pin 'A1' of cell design_1_i/axi_mem_intercon/s02_couplers/auto_pc/inst/gen_axi4_axi3.axi3_conv_inst/USE_READ.USE_SPLIT_R.read_addr_inst/USE_R_CHANNEL.cmd_queue/inst/fifo_gen_inst/inst_fifo_gen/gconvfifo.rf/grf.rf/gntv_or_sync_fifo.gl0.rd/gr1.gr1_int.rfwft/gpregsm1.user_valid_i_1 (pin design_1_i/axi_mem_intercon/s02_couplers/auto_pc/inst/gen_axi4_axi3.axi3_conv_inst/USE_READ.USE_SPLIT_R.read_addr_inst/USE_R_CHANNEL.cmd_queue/inst/fifo_gen_inst/inst_fifo_gen/gconvfifo.rf/grf.rf/gntv_or_sync_fifo.gl0.rd/gr1.gr1_int.rfwft/gpregsm1.user_valid_i_1/I1) is not included in the LUT equation: 'O6=(A5)+((~A5)*(~A6)*A3)'. If this cell is a user instantiated LUT in the design, please remove connectivity to the pin or change the equation and/or INIT string of the LUT to prevent this issue. If the cell is inferred or IP created LUT, please regenerate the IP and/or resynthesize the design to attempt to correct the issue.
Related violations: <none>

PDCN-1569#8 Warning
LUT equation term check  
Used physical LUT pin 'A2' of cell design_1_i/axi_mem_intercon/m00_couplers/auto_ds/inst/gen_downsizer.gen_cascaded_downsizer.gen_axi3_conv.axi3_conv_inst/gen_axi4_axi3.axi3_conv_inst/USE_READ.USE_SPLIT_R.read_addr_inst/USE_R_CHANNEL.cmd_queue/inst/fifo_gen_inst/inst_fifo_gen/gconvfifo.rf/grf.rf/gntv_or_sync_fifo.gl0.rd/gr1.gr1_int.rfwft/gpregsm1.user_valid_i_1 (pin design_1_i/axi_mem_intercon/m00_couplers/auto_ds/inst/gen_downsizer.gen_cascaded_downsizer.gen_axi3_conv.axi3_conv_inst/gen_axi4_axi3.axi3_conv_inst/USE_READ.USE_SPLIT_R.read_addr_inst/USE_R_CHANNEL.cmd_queue/inst/fifo_gen_inst/inst_fifo_gen/gconvfifo.rf/grf.rf/gntv_or_sync_fifo.gl0.rd/gr1.gr1_int.rfwft/gpregsm1.user_valid_i_1/I1) is not included in the LUT equation: 'O6=(A5)+((~A5)*(~A6)*A4)'. If this cell is a user instantiated LUT in the design, please remove connectivity to the pin or change the equation and/or INIT string of the LUT to prevent this issue. If the cell is inferred or IP created LUT, please regenerate the IP and/or resynthesize the design to attempt to correct the issue.
Related violations: <none>

PDCN-1569#9 Warning
LUT equation term check  
Used physical LUT pin 'A2' of cell design_1_i/axi_mem_intercon/m00_couplers/auto_ds/inst/gen_downsizer.gen_cascaded_downsizer.gen_axi3_conv.axi3_conv_inst/gen_axi4_axi3.axi3_conv_inst/USE_WRITE.write_addr_inst/USE_BURSTS.cmd_queue/inst/fifo_gen_inst/inst_fifo_gen/gconvfifo.rf/grf.rf/gntv_or_sync_fifo.gl0.rd/gr1.gr1_int.rfwft/gpregsm1.user_valid_i_1 (pin design_1_i/axi_mem_intercon/m00_couplers/auto_ds/inst/gen_downsizer.gen_cascaded_downsizer.gen_axi3_conv.axi3_conv_inst/gen_axi4_axi3.axi3_conv_inst/USE_WRITE.write_addr_inst/USE_BURSTS.cmd_queue/inst/fifo_gen_inst/inst_fifo_gen/gconvfifo.rf/grf.rf/gntv_or_sync_fifo.gl0.rd/gr1.gr1_int.rfwft/gpregsm1.user_valid_i_1/I1) is not included in the LUT equation: 'O6=(A5)+((~A5)*(~A3)*A4)'. If this cell is a user instantiated LUT in the design, please remove connectivity to the pin or change the equation and/or INIT string of the LUT to prevent this issue. If the cell is inferred or IP created LUT, please regenerate the IP and/or resynthesize the design to attempt to correct the issue.
Related violations: <none>

PDCN-1569#10 Warning
LUT equation term check  
Used physical LUT pin 'A2' of cell design_1_i/axi_mem_intercon/m02_couplers/auto_ds/inst/gen_downsizer.gen_cascaded_downsizer.first_downsizer_inst/USE_WRITE.write_addr_inst/USE_B_CHANNEL.cmd_b_queue/inst/fifo_gen_inst/inst_fifo_gen/gconvfifo.rf/grf.rf/gntv_or_sync_fifo.gl0.rd/gr1.gr1_int.rfwft/gpregsm1.user_valid_i_1 (pin design_1_i/axi_mem_intercon/m02_couplers/auto_ds/inst/gen_downsizer.gen_cascaded_downsizer.first_downsizer_inst/USE_WRITE.write_addr_inst/USE_B_CHANNEL.cmd_b_queue/inst/fifo_gen_inst/inst_fifo_gen/gconvfifo.rf/grf.rf/gntv_or_sync_fifo.gl0.rd/gr1.gr1_int.rfwft/gpregsm1.user_valid_i_1/I1) is not included in the LUT equation: 'O6=(A1)+((~A1)*(~A6)*A4)'. If this cell is a user instantiated LUT in the design, please remove connectivity to the pin or change the equation and/or INIT string of the LUT to prevent this issue. If the cell is inferred or IP created LUT, please regenerate the IP and/or resynthesize the design to attempt to correct the issue.
Related violations: <none>

PDCN-1569#11 Warning
LUT equation term check  
Used physical LUT pin 'A2' of cell design_1_i/axi_mem_intercon/m02_couplers/auto_ds/inst/gen_downsizer.gen_cascaded_downsizer.gen_axi3_conv.axi3_conv_inst/gen_axi4_axi3.axi3_conv_inst/USE_READ.USE_SPLIT_R.read_addr_inst/USE_R_CHANNEL.cmd_queue/inst/fifo_gen_inst/inst_fifo_gen/gconvfifo.rf/grf.rf/gntv_or_sync_fifo.gl0.rd/gr1.gr1_int.rfwft/gpregsm1.user_valid_i_1 (pin design_1_i/axi_mem_intercon/m02_couplers/auto_ds/inst/gen_downsizer.gen_cascaded_downsizer.gen_axi3_conv.axi3_conv_inst/gen_axi4_axi3.axi3_conv_inst/USE_READ.USE_SPLIT_R.read_addr_inst/USE_R_CHANNEL.cmd_queue/inst/fifo_gen_inst/inst_fifo_gen/gconvfifo.rf/grf.rf/gntv_or_sync_fifo.gl0.rd/gr1.gr1_int.rfwft/gpregsm1.user_valid_i_1/I1) is not included in the LUT equation: 'O6=(A3)+((~A3)*(~A6)*A5)'. If this cell is a user instantiated LUT in the design, please remove connectivity to the pin or change the equation and/or INIT string of the LUT to prevent this issue. If the cell is inferred or IP created LUT, please regenerate the IP and/or resynthesize the design to attempt to correct the issue.
Related violations: <none>

PDCN-1569#12 Warning
LUT equation term check  
Used physical LUT pin 'A2' of cell design_1_i/axi_mem_intercon/s01_couplers/auto_pc/inst/gen_axi4_axi3.axi3_conv_inst/USE_READ.USE_SPLIT_R.read_addr_inst/USE_R_CHANNEL.cmd_queue/inst/fifo_gen_inst/inst_fifo_gen/gconvfifo.rf/grf.rf/gntv_or_sync_fifo.gl0.rd/gr1.gr1_int.rfwft/gpregsm1.user_valid_i_1 (pin design_1_i/axi_mem_intercon/s01_couplers/auto_pc/inst/gen_axi4_axi3.axi3_conv_inst/USE_READ.USE_SPLIT_R.read_addr_inst/USE_R_CHANNEL.cmd_queue/inst/fifo_gen_inst/inst_fifo_gen/gconvfifo.rf/grf.rf/gntv_or_sync_fifo.gl0.rd/gr1.gr1_int.rfwft/gpregsm1.user_valid_i_1/I1) is not included in the LUT equation: 'O6=(A5)+((~A5)*(~A6)*A4)'. If this cell is a user instantiated LUT in the design, please remove connectivity to the pin or change the equation and/or INIT string of the LUT to prevent this issue. If the cell is inferred or IP created LUT, please regenerate the IP and/or resynthesize the design to attempt to correct the issue.
Related violations: <none>

PDCN-1569#13 Warning
LUT equation term check  
Used physical LUT pin 'A3' of cell design_1_i/axi_mem_intercon/m00_couplers/auto_ds/inst/gen_downsizer.gen_cascaded_downsizer.gen_axi3_conv.axi3_conv_inst/gen_axi4_axi3.axi3_conv_inst/USE_WRITE.write_addr_inst/USE_B_CHANNEL.cmd_b_queue/inst/fifo_gen_inst/inst_fifo_gen/gconvfifo.rf/grf.rf/gntv_or_sync_fifo.gl0.rd/gr1.gr1_int.rfwft/gpregsm1.user_valid_i_1 (pin design_1_i/axi_mem_intercon/m00_couplers/auto_ds/inst/gen_downsizer.gen_cascaded_downsizer.gen_axi3_conv.axi3_conv_inst/gen_axi4_axi3.axi3_conv_inst/USE_WRITE.write_addr_inst/USE_B_CHANNEL.cmd_b_queue/inst/fifo_gen_inst/inst_fifo_gen/gconvfifo.rf/grf.rf/gntv_or_sync_fifo.gl0.rd/gr1.gr1_int.rfwft/gpregsm1.user_valid_i_1/I1) is not included in the LUT equation: 'O6=(A5)+((~A5)*(~A2)*A4)'. If this cell is a user instantiated LUT in the design, please remove connectivity to the pin or change the equation and/or INIT string of the LUT to prevent this issue. If the cell is inferred or IP created LUT, please regenerate the IP and/or resynthesize the design to attempt to correct the issue.
Related violations: <none>

PDCN-1569#14 Warning
LUT equation term check  
Used physical LUT pin 'A3' of cell design_1_i/axi_mem_intercon/m02_couplers/auto_ds/inst/gen_downsizer.gen_cascaded_downsizer.first_downsizer_inst/USE_WRITE.write_addr_inst/cmd_queue/inst/fifo_gen_inst/inst_fifo_gen/gconvfifo.rf/grf.rf/gntv_or_sync_fifo.gl0.rd/gr1.gr1_int.rfwft/gpregsm1.user_valid_i_1 (pin design_1_i/axi_mem_intercon/m02_couplers/auto_ds/inst/gen_downsizer.gen_cascaded_downsizer.first_downsizer_inst/USE_WRITE.write_addr_inst/cmd_queue/inst/fifo_gen_inst/inst_fifo_gen/gconvfifo.rf/grf.rf/gntv_or_sync_fifo.gl0.rd/gr1.gr1_int.rfwft/gpregsm1.user_valid_i_1/I1) is not included in the LUT equation: 'O6=(A6)+((~A6)*(~A5)*A1)'. If this cell is a user instantiated LUT in the design, please remove connectivity to the pin or change the equation and/or INIT string of the LUT to prevent this issue. If the cell is inferred or IP created LUT, please regenerate the IP and/or resynthesize the design to attempt to correct the issue.
Related violations: <none>

PDCN-1569#15 Warning
LUT equation term check  
Used physical LUT pin 'A3' of cell design_1_i/axi_mem_intercon/m03_couplers/auto_ds/inst/gen_downsizer.gen_cascaded_downsizer.first_downsizer_inst/USE_WRITE.write_addr_inst/cmd_queue/inst/fifo_gen_inst/inst_fifo_gen/gconvfifo.rf/grf.rf/gntv_or_sync_fifo.gl0.rd/gr1.gr1_int.rfwft/gpregsm1.user_valid_i_1 (pin design_1_i/axi_mem_intercon/m03_couplers/auto_ds/inst/gen_downsizer.gen_cascaded_downsizer.first_downsizer_inst/USE_WRITE.write_addr_inst/cmd_queue/inst/fifo_gen_inst/inst_fifo_gen/gconvfifo.rf/grf.rf/gntv_or_sync_fifo.gl0.rd/gr1.gr1_int.rfwft/gpregsm1.user_valid_i_1/I1) is not included in the LUT equation: 'O6=(A6)+((~A6)*(~A4)*A5)'. If this cell is a user instantiated LUT in the design, please remove connectivity to the pin or change the equation and/or INIT string of the LUT to prevent this issue. If the cell is inferred or IP created LUT, please regenerate the IP and/or resynthesize the design to attempt to correct the issue.
Related violations: <none>

PDCN-1569#16 Warning
LUT equation term check  
Used physical LUT pin 'A4' of cell design_1_i/axi_mem_intercon/m00_couplers/auto_ds/inst/gen_downsizer.gen_cascaded_downsizer.first_downsizer_inst/USE_WRITE.write_addr_inst/USE_B_CHANNEL.cmd_b_queue/inst/fifo_gen_inst/inst_fifo_gen/gconvfifo.rf/grf.rf/gntv_or_sync_fifo.gl0.rd/gr1.gr1_int.rfwft/gpregsm1.user_valid_i_1 (pin design_1_i/axi_mem_intercon/m00_couplers/auto_ds/inst/gen_downsizer.gen_cascaded_downsizer.first_downsizer_inst/USE_WRITE.write_addr_inst/USE_B_CHANNEL.cmd_b_queue/inst/fifo_gen_inst/inst_fifo_gen/gconvfifo.rf/grf.rf/gntv_or_sync_fifo.gl0.rd/gr1.gr1_int.rfwft/gpregsm1.user_valid_i_1/I1) is not included in the LUT equation: 'O6=(A5)+((~A5)*(~A6)*A1)'. If this cell is a user instantiated LUT in the design, please remove connectivity to the pin or change the equation and/or INIT string of the LUT to prevent this issue. If the cell is inferred or IP created LUT, please regenerate the IP and/or resynthesize the design to attempt to correct the issue.
Related violations: <none>

PDCN-1569#17 Warning
LUT equation term check  
Used physical LUT pin 'A4' of cell design_1_i/axi_mem_intercon/m01_couplers/auto_ds/inst/gen_downsizer.gen_cascaded_downsizer.gen_axi3_conv.axi3_conv_inst/gen_axi4_axi3.axi3_conv_inst/USE_WRITE.write_addr_inst/USE_BURSTS.cmd_queue/inst/fifo_gen_inst/inst_fifo_gen/gconvfifo.rf/grf.rf/gntv_or_sync_fifo.gl0.rd/gr1.gr1_int.rfwft/gpregsm1.user_valid_i_1 (pin design_1_i/axi_mem_intercon/m01_couplers/auto_ds/inst/gen_downsizer.gen_cascaded_downsizer.gen_axi3_conv.axi3_conv_inst/gen_axi4_axi3.axi3_conv_inst/USE_WRITE.write_addr_inst/USE_BURSTS.cmd_queue/inst/fifo_gen_inst/inst_fifo_gen/gconvfifo.rf/grf.rf/gntv_or_sync_fifo.gl0.rd/gr1.gr1_int.rfwft/gpregsm1.user_valid_i_1/I1) is not included in the LUT equation: 'O6=(A3)+((~A3)*(~A5)*A1)'. If this cell is a user instantiated LUT in the design, please remove connectivity to the pin or change the equation and/or INIT string of the LUT to prevent this issue. If the cell is inferred or IP created LUT, please regenerate the IP and/or resynthesize the design to attempt to correct the issue.
Related violations: <none>

PDCN-1569#18 Warning
LUT equation term check  
Used physical LUT pin 'A4' of cell design_1_i/axi_mem_intercon/m01_couplers/auto_ds/inst/gen_downsizer.gen_cascaded_downsizer.gen_axi3_conv.axi3_conv_inst/gen_axi4_axi3.axi3_conv_inst/USE_WRITE.write_addr_inst/USE_B_CHANNEL.cmd_b_queue/inst/fifo_gen_inst/inst_fifo_gen/gconvfifo.rf/grf.rf/gntv_or_sync_fifo.gl0.rd/gr1.gr1_int.rfwft/gpregsm1.user_valid_i_1 (pin design_1_i/axi_mem_intercon/m01_couplers/auto_ds/inst/gen_downsizer.gen_cascaded_downsizer.gen_axi3_conv.axi3_conv_inst/gen_axi4_axi3.axi3_conv_inst/USE_WRITE.write_addr_inst/USE_B_CHANNEL.cmd_b_queue/inst/fifo_gen_inst/inst_fifo_gen/gconvfifo.rf/grf.rf/gntv_or_sync_fifo.gl0.rd/gr1.gr1_int.rfwft/gpregsm1.user_valid_i_1/I1) is not included in the LUT equation: 'O6=(A6)+((~A6)*(~A3)*A1)'. If this cell is a user instantiated LUT in the design, please remove connectivity to the pin or change the equation and/or INIT string of the LUT to prevent this issue. If the cell is inferred or IP created LUT, please regenerate the IP and/or resynthesize the design to attempt to correct the issue.
Related violations: <none>

PDCN-1569#19 Warning
LUT equation term check  
Used physical LUT pin 'A4' of cell design_1_i/axi_mem_intercon/m03_couplers/auto_ds/inst/gen_downsizer.gen_cascaded_downsizer.first_downsizer_inst/USE_WRITE.write_addr_inst/USE_B_CHANNEL.cmd_b_queue/inst/fifo_gen_inst/inst_fifo_gen/gconvfifo.rf/grf.rf/gntv_or_sync_fifo.gl0.rd/gr1.gr1_int.rfwft/gpregsm1.user_valid_i_1 (pin design_1_i/axi_mem_intercon/m03_couplers/auto_ds/inst/gen_downsizer.gen_cascaded_downsizer.first_downsizer_inst/USE_WRITE.write_addr_inst/USE_B_CHANNEL.cmd_b_queue/inst/fifo_gen_inst/inst_fifo_gen/gconvfifo.rf/grf.rf/gntv_or_sync_fifo.gl0.rd/gr1.gr1_int.rfwft/gpregsm1.user_valid_i_1/I1) is not included in the LUT equation: 'O6=(A1)+((~A1)*(~A6)*A5)'. If this cell is a user instantiated LUT in the design, please remove connectivity to the pin or change the equation and/or INIT string of the LUT to prevent this issue. If the cell is inferred or IP created LUT, please regenerate the IP and/or resynthesize the design to attempt to correct the issue.
Related violations: <none>

PDCN-1569#20 Warning
LUT equation term check  
Used physical LUT pin 'A4' of cell design_1_i/axi_mem_intercon/m03_couplers/auto_ds/inst/gen_downsizer.gen_cascaded_downsizer.gen_axi3_conv.axi3_conv_inst/gen_axi4_axi3.axi3_conv_inst/USE_WRITE.write_addr_inst/USE_B_CHANNEL.cmd_b_queue/inst/fifo_gen_inst/inst_fifo_gen/gconvfifo.rf/grf.rf/gntv_or_sync_fifo.gl0.rd/gr1.gr1_int.rfwft/gpregsm1.user_valid_i_1 (pin design_1_i/axi_mem_intercon/m03_couplers/auto_ds/inst/gen_downsizer.gen_cascaded_downsizer.gen_axi3_conv.axi3_conv_inst/gen_axi4_axi3.axi3_conv_inst/USE_WRITE.write_addr_inst/USE_B_CHANNEL.cmd_b_queue/inst/fifo_gen_inst/inst_fifo_gen/gconvfifo.rf/grf.rf/gntv_or_sync_fifo.gl0.rd/gr1.gr1_int.rfwft/gpregsm1.user_valid_i_1/I1) is not included in the LUT equation: 'O6=(A2)+((~A2)*(~A6)*A1)'. If this cell is a user instantiated LUT in the design, please remove connectivity to the pin or change the equation and/or INIT string of the LUT to prevent this issue. If the cell is inferred or IP created LUT, please regenerate the IP and/or resynthesize the design to attempt to correct the issue.
Related violations: <none>

PDCN-1569#21 Warning
LUT equation term check  
Used physical LUT pin 'A4' of cell design_1_i/axi_mem_intercon/s03_couplers/auto_pc/inst/gen_axi4_axi3.axi3_conv_inst/USE_WRITE.write_addr_inst/USE_BURSTS.cmd_queue/inst/fifo_gen_inst/inst_fifo_gen/gconvfifo.rf/grf.rf/gntv_or_sync_fifo.gl0.rd/gr1.gr1_int.rfwft/gpregsm1.user_valid_i_1 (pin design_1_i/axi_mem_intercon/s03_couplers/auto_pc/inst/gen_axi4_axi3.axi3_conv_inst/USE_WRITE.write_addr_inst/USE_BURSTS.cmd_queue/inst/fifo_gen_inst/inst_fifo_gen/gconvfifo.rf/grf.rf/gntv_or_sync_fifo.gl0.rd/gr1.gr1_int.rfwft/gpregsm1.user_valid_i_1/I1) is not included in the LUT equation: 'O6=(A2)+((~A2)*(~A6)*A3)'. If this cell is a user instantiated LUT in the design, please remove connectivity to the pin or change the equation and/or INIT string of the LUT to prevent this issue. If the cell is inferred or IP created LUT, please regenerate the IP and/or resynthesize the design to attempt to correct the issue.
Related violations: <none>

PDCN-1569#22 Warning
LUT equation term check  
Used physical LUT pin 'A5' of cell design_1_i/axi_mem_intercon/m01_couplers/auto_ds/inst/gen_downsizer.gen_cascaded_downsizer.first_downsizer_inst/USE_WRITE.write_addr_inst/cmd_queue/inst/fifo_gen_inst/inst_fifo_gen/gconvfifo.rf/grf.rf/gntv_or_sync_fifo.gl0.rd/gr1.gr1_int.rfwft/gpregsm1.user_valid_i_1 (pin design_1_i/axi_mem_intercon/m01_couplers/auto_ds/inst/gen_downsizer.gen_cascaded_downsizer.first_downsizer_inst/USE_WRITE.write_addr_inst/cmd_queue/inst/fifo_gen_inst/inst_fifo_gen/gconvfifo.rf/grf.rf/gntv_or_sync_fifo.gl0.rd/gr1.gr1_int.rfwft/gpregsm1.user_valid_i_1/I1) is not included in the LUT equation: 'O6=(A4)+((~A4)*(~A6)*A3)'. If this cell is a user instantiated LUT in the design, please remove connectivity to the pin or change the equation and/or INIT string of the LUT to prevent this issue. If the cell is inferred or IP created LUT, please regenerate the IP and/or resynthesize the design to attempt to correct the issue.
Related violations: <none>

PDCN-1569#23 Warning
LUT equation term check  
Used physical LUT pin 'A5' of cell design_1_i/axi_mem_intercon/m01_couplers/auto_ds/inst/gen_downsizer.gen_cascaded_downsizer.gen_axi3_conv.axi3_conv_inst/gen_axi4_axi3.axi3_conv_inst/USE_READ.USE_SPLIT_R.read_addr_inst/USE_R_CHANNEL.cmd_queue/inst/fifo_gen_inst/inst_fifo_gen/gconvfifo.rf/grf.rf/gntv_or_sync_fifo.gl0.rd/gr1.gr1_int.rfwft/gpregsm1.user_valid_i_1 (pin design_1_i/axi_mem_intercon/m01_couplers/auto_ds/inst/gen_downsizer.gen_cascaded_downsizer.gen_axi3_conv.axi3_conv_inst/gen_axi4_axi3.axi3_conv_inst/USE_READ.USE_SPLIT_R.read_addr_inst/USE_R_CHANNEL.cmd_queue/inst/fifo_gen_inst/inst_fifo_gen/gconvfifo.rf/grf.rf/gntv_or_sync_fifo.gl0.rd/gr1.gr1_int.rfwft/gpregsm1.user_valid_i_1/I1) is not included in the LUT equation: 'O6=(A6)+((~A6)*(~A1)*A3)'. If this cell is a user instantiated LUT in the design, please remove connectivity to the pin or change the equation and/or INIT string of the LUT to prevent this issue. If the cell is inferred or IP created LUT, please regenerate the IP and/or resynthesize the design to attempt to correct the issue.
Related violations: <none>

PDCN-1569#24 Warning
LUT equation term check  
Used physical LUT pin 'A5' of cell design_1_i/axi_mem_intercon/m02_couplers/auto_ds/inst/gen_downsizer.gen_cascaded_downsizer.gen_axi3_conv.axi3_conv_inst/gen_axi4_axi3.axi3_conv_inst/USE_WRITE.write_addr_inst/USE_BURSTS.cmd_queue/inst/fifo_gen_inst/inst_fifo_gen/gconvfifo.rf/grf.rf/gntv_or_sync_fifo.gl0.rd/gr1.gr1_int.rfwft/gpregsm1.user_valid_i_1 (pin design_1_i/axi_mem_intercon/m02_couplers/auto_ds/inst/gen_downsizer.gen_cascaded_downsizer.gen_axi3_conv.axi3_conv_inst/gen_axi4_axi3.axi3_conv_inst/USE_WRITE.write_addr_inst/USE_BURSTS.cmd_queue/inst/fifo_gen_inst/inst_fifo_gen/gconvfifo.rf/grf.rf/gntv_or_sync_fifo.gl0.rd/gr1.gr1_int.rfwft/gpregsm1.user_valid_i_1/I1) is not included in the LUT equation: 'O6=(A4)+((~A4)*(~A3)*A6)'. If this cell is a user instantiated LUT in the design, please remove connectivity to the pin or change the equation and/or INIT string of the LUT to prevent this issue. If the cell is inferred or IP created LUT, please regenerate the IP and/or resynthesize the design to attempt to correct the issue.
Related violations: <none>

PDCN-1569#25 Warning
LUT equation term check  
Used physical LUT pin 'A5' of cell design_1_i/axi_mem_intercon/m03_couplers/auto_ds/inst/gen_downsizer.gen_cascaded_downsizer.gen_axi3_conv.axi3_conv_inst/gen_axi4_axi3.axi3_conv_inst/USE_READ.USE_SPLIT_R.read_addr_inst/USE_R_CHANNEL.cmd_queue/inst/fifo_gen_inst/inst_fifo_gen/gconvfifo.rf/grf.rf/gntv_or_sync_fifo.gl0.rd/gr1.gr1_int.rfwft/gpregsm1.user_valid_i_1 (pin design_1_i/axi_mem_intercon/m03_couplers/auto_ds/inst/gen_downsizer.gen_cascaded_downsizer.gen_axi3_conv.axi3_conv_inst/gen_axi4_axi3.axi3_conv_inst/USE_READ.USE_SPLIT_R.read_addr_inst/USE_R_CHANNEL.cmd_queue/inst/fifo_gen_inst/inst_fifo_gen/gconvfifo.rf/grf.rf/gntv_or_sync_fifo.gl0.rd/gr1.gr1_int.rfwft/gpregsm1.user_valid_i_1/I1) is not included in the LUT equation: 'O6=(A6)+((~A6)*(~A2)*A3)'. If this cell is a user instantiated LUT in the design, please remove connectivity to the pin or change the equation and/or INIT string of the LUT to prevent this issue. If the cell is inferred or IP created LUT, please regenerate the IP and/or resynthesize the design to attempt to correct the issue.
Related violations: <none>

PDCN-1569#26 Warning
LUT equation term check  
Used physical LUT pin 'A6' of cell design_1_i/axi_mem_intercon/m00_couplers/auto_ds/inst/gen_downsizer.gen_cascaded_downsizer.first_downsizer_inst/USE_WRITE.write_addr_inst/cmd_queue/inst/fifo_gen_inst/inst_fifo_gen/gconvfifo.rf/grf.rf/gntv_or_sync_fifo.gl0.rd/gr1.gr1_int.rfwft/gpregsm1.user_valid_i_1 (pin design_1_i/axi_mem_intercon/m00_couplers/auto_ds/inst/gen_downsizer.gen_cascaded_downsizer.first_downsizer_inst/USE_WRITE.write_addr_inst/cmd_queue/inst/fifo_gen_inst/inst_fifo_gen/gconvfifo.rf/grf.rf/gntv_or_sync_fifo.gl0.rd/gr1.gr1_int.rfwft/gpregsm1.user_valid_i_1/I1) is not included in the LUT equation: 'O6=(A2)+((~A2)*(~A5)*A1)'. If this cell is a user instantiated LUT in the design, please remove connectivity to the pin or change the equation and/or INIT string of the LUT to prevent this issue. If the cell is inferred or IP created LUT, please regenerate the IP and/or resynthesize the design to attempt to correct the issue.
Related violations: <none>

PDCN-1569#27 Warning
LUT equation term check  
Used physical LUT pin 'A6' of cell design_1_i/axi_mem_intercon/m01_couplers/auto_ds/inst/gen_downsizer.gen_cascaded_downsizer.first_downsizer_inst/USE_READ.read_addr_inst/cmd_queue/inst/fifo_gen_inst/inst_fifo_gen/gconvfifo.rf/grf.rf/gntv_or_sync_fifo.gl0.rd/gr1.gr1_int.rfwft/gpregsm1.user_valid_i_1 (pin design_1_i/axi_mem_intercon/m01_couplers/auto_ds/inst/gen_downsizer.gen_cascaded_downsizer.first_downsizer_inst/USE_READ.read_addr_inst/cmd_queue/inst/fifo_gen_inst/inst_fifo_gen/gconvfifo.rf/grf.rf/gntv_or_sync_fifo.gl0.rd/gr1.gr1_int.rfwft/gpregsm1.user_valid_i_1/I1) is not included in the LUT equation: 'O6=(A2)+((~A2)*(~A4)*A3)'. If this cell is a user instantiated LUT in the design, please remove connectivity to the pin or change the equation and/or INIT string of the LUT to prevent this issue. If the cell is inferred or IP created LUT, please regenerate the IP and/or resynthesize the design to attempt to correct the issue.
Related violations: <none>

PDCN-1569#28 Warning
LUT equation term check  
Used physical LUT pin 'A6' of cell design_1_i/axi_mem_intercon/m02_couplers/auto_ds/inst/gen_downsizer.gen_cascaded_downsizer.first_downsizer_inst/USE_READ.read_addr_inst/cmd_queue/inst/fifo_gen_inst/inst_fifo_gen/gconvfifo.rf/grf.rf/gntv_or_sync_fifo.gl0.rd/gr1.gr1_int.rfwft/gpregsm1.user_valid_i_1 (pin design_1_i/axi_mem_intercon/m02_couplers/auto_ds/inst/gen_downsizer.gen_cascaded_downsizer.first_downsizer_inst/USE_READ.read_addr_inst/cmd_queue/inst/fifo_gen_inst/inst_fifo_gen/gconvfifo.rf/grf.rf/gntv_or_sync_fifo.gl0.rd/gr1.gr1_int.rfwft/gpregsm1.user_valid_i_1/I1) is not included in the LUT equation: 'O6=(A2)+((~A2)*(~A1)*A4)'. If this cell is a user instantiated LUT in the design, please remove connectivity to the pin or change the equation and/or INIT string of the LUT to prevent this issue. If the cell is inferred or IP created LUT, please regenerate the IP and/or resynthesize the design to attempt to correct the issue.
Related violations: <none>

PDCN-1569#29 Warning
LUT equation term check  
Used physical LUT pin 'A6' of cell design_1_i/axi_mem_intercon/s03_couplers/auto_pc/inst/gen_axi4_axi3.axi3_conv_inst/USE_WRITE.write_addr_inst/USE_B_CHANNEL.cmd_b_queue/inst/fifo_gen_inst/inst_fifo_gen/gconvfifo.rf/grf.rf/gntv_or_sync_fifo.gl0.rd/gr1.gr1_int.rfwft/gpregsm1.user_valid_i_1 (pin design_1_i/axi_mem_intercon/s03_couplers/auto_pc/inst/gen_axi4_axi3.axi3_conv_inst/USE_WRITE.write_addr_inst/USE_B_CHANNEL.cmd_b_queue/inst/fifo_gen_inst/inst_fifo_gen/gconvfifo.rf/grf.rf/gntv_or_sync_fifo.gl0.rd/gr1.gr1_int.rfwft/gpregsm1.user_valid_i_1/I1) is not included in the LUT equation: 'O6=(A2)+((~A2)*(~A1)*A3)'. If this cell is a user instantiated LUT in the design, please remove connectivity to the pin or change the equation and/or INIT string of the LUT to prevent this issue. If the cell is inferred or IP created LUT, please regenerate the IP and/or resynthesize the design to attempt to correct the issue.
Related violations: <none>

RTSTAT-10#1 Warning
No routable loads  
319 net(s) have no routable loads. The problem bus(es) and/or net(s) are design_1_i/axi_mem_intercon/m00_couplers/auto_ds/inst/gen_downsizer.gen_cascaded_downsizer.first_downsizer_inst/USE_WRITE.write_addr_inst/USE_B_CHANNEL.cmd_b_queue/inst/fifo_gen_inst/inst_fifo_gen/gconvfifo.rf/grf.rf/gntv_or_sync_fifo.gl0.rd/gr1.gr1_int.rfwft/aempty_fwft_i,
design_1_i/axi_mem_intercon/m00_couplers/auto_ds/inst/gen_downsizer.gen_cascaded_downsizer.gen_axi3_conv.axi3_conv_inst/gen_axi4_axi3.axi3_conv_inst/USE_READ.USE_SPLIT_R.read_addr_inst/USE_R_CHANNEL.cmd_queue/inst/fifo_gen_inst/inst_fifo_gen/gconvfifo.rf/grf.rf/gntv_or_sync_fifo.gl0.rd/gr1.gr1_int.rfwft/aempty_fwft_i,
design_1_i/axi_mem_intercon/m00_couplers/auto_ds/inst/gen_downsizer.gen_cascaded_downsizer.gen_axi3_conv.axi3_conv_inst/gen_axi4_axi3.axi3_conv_inst/USE_WRITE.write_addr_inst/USE_BURSTS.cmd_queue/inst/fifo_gen_inst/inst_fifo_gen/gconvfifo.rf/grf.rf/gntv_or_sync_fifo.gl0.rd/gr1.gr1_int.rfwft/aempty_fwft_i,
design_1_i/axi_mem_intercon/m01_couplers/auto_ds/inst/gen_downsizer.gen_cascaded_downsizer.first_downsizer_inst/USE_WRITE.write_addr_inst/cmd_queue/inst/fifo_gen_inst/inst_fifo_gen/gconvfifo.rf/grf.rf/gntv_or_sync_fifo.gl0.rd/gr1.gr1_int.rfwft/aempty_fwft_i,
design_1_i/axi_mem_intercon/m01_couplers/auto_ds/inst/gen_downsizer.gen_cascaded_downsizer.gen_axi3_conv.axi3_conv_inst/gen_axi4_axi3.axi3_conv_inst/USE_WRITE.write_addr_inst/USE_B_CHANNEL.cmd_b_queue/inst/fifo_gen_inst/inst_fifo_gen/gconvfifo.rf/grf.rf/gntv_or_sync_fifo.gl0.rd/gr1.gr1_int.rfwft/aempty_fwft_i,
design_1_i/axi_mem_intercon/m02_couplers/auto_ds/inst/gen_downsizer.gen_cascaded_downsizer.first_downsizer_inst/USE_READ.read_addr_inst/cmd_queue/inst/fifo_gen_inst/inst_fifo_gen/gconvfifo.rf/grf.rf/gntv_or_sync_fifo.gl0.rd/gr1.gr1_int.rfwft/aempty_fwft_i,
design_1_i/axi_mem_intercon/m02_couplers/auto_ds/inst/gen_downsizer.gen_cascaded_downsizer.first_downsizer_inst/USE_WRITE.write_addr_inst/cmd_queue/inst/fifo_gen_inst/inst_fifo_gen/gconvfifo.rf/grf.rf/gntv_or_sync_fifo.gl0.rd/gr1.gr1_int.rfwft/aempty_fwft_i,
design_1_i/axi_mem_intercon/m02_couplers/auto_ds/inst/gen_downsizer.gen_cascaded_downsizer.gen_axi3_conv.axi3_conv_inst/gen_axi4_axi3.axi3_conv_inst/USE_WRITE.write_addr_inst/USE_BURSTS.cmd_queue/inst/fifo_gen_inst/inst_fifo_gen/gconvfifo.rf/grf.rf/gntv_or_sync_fifo.gl0.rd/gr1.gr1_int.rfwft/aempty_fwft_i,
design_1_i/axi_mem_intercon/m03_couplers/auto_ds/inst/gen_downsizer.gen_cascaded_downsizer.first_downsizer_inst/USE_WRITE.write_addr_inst/USE_B_CHANNEL.cmd_b_queue/inst/fifo_gen_inst/inst_fifo_gen/gconvfifo.rf/grf.rf/gntv_or_sync_fifo.gl0.rd/gr1.gr1_int.rfwft/aempty_fwft_i,
design_1_i/axi_mem_intercon/m03_couplers/auto_ds/inst/gen_downsizer.gen_cascaded_downsizer.gen_axi3_conv.axi3_conv_inst/gen_axi4_axi3.axi3_conv_inst/USE_WRITE.write_addr_inst/USE_BURSTS.cmd_queue/inst/fifo_gen_inst/inst_fifo_gen/gconvfifo.rf/grf.rf/gntv_or_sync_fifo.gl0.rd/gr1.gr1_int.rfwft/aempty_fwft_i,
design_1_i/axi_mem_intercon/m03_couplers/auto_ds/inst/gen_downsizer.gen_cascaded_downsizer.gen_axi3_conv.axi3_conv_inst/gen_axi4_axi3.axi3_conv_inst/USE_WRITE.write_addr_inst/USE_B_CHANNEL.cmd_b_queue/inst/fifo_gen_inst/inst_fifo_gen/gconvfifo.rf/grf.rf/gntv_or_sync_fifo.gl0.rd/gr1.gr1_int.rfwft/aempty_fwft_i,
design_1_i/axi_mem_intercon/s01_couplers/auto_pc/inst/gen_axi4_axi3.axi3_conv_inst/USE_READ.USE_SPLIT_R.read_addr_inst/USE_R_CHANNEL.cmd_queue/inst/fifo_gen_inst/inst_fifo_gen/gconvfifo.rf/grf.rf/gntv_or_sync_fifo.gl0.rd/gr1.gr1_int.rfwft/aempty_fwft_i,
design_1_i/axi_mem_intercon/s02_couplers/auto_pc/inst/gen_axi4_axi3.axi3_conv_inst/USE_READ.USE_SPLIT_R.read_addr_inst/USE_R_CHANNEL.cmd_queue/inst/fifo_gen_inst/inst_fifo_gen/gconvfifo.rf/grf.rf/gntv_or_sync_fifo.gl0.rd/gr1.gr1_int.rfwft/aempty_fwft_i,
design_1_i/axi_mem_intercon/s03_couplers/auto_pc/inst/gen_axi4_axi3.axi3_conv_inst/USE_WRITE.write_addr_inst/USE_BURSTS.cmd_queue/inst/fifo_gen_inst/inst_fifo_gen/gconvfifo.rf/grf.rf/gntv_or_sync_fifo.gl0.rd/gr1.gr1_int.rfwft/aempty_fwft_i,
design_1_i/axi_mem_intercon/s03_couplers/auto_pc/inst/gen_axi4_axi3.axi3_conv_inst/USE_WRITE.write_addr_inst/USE_B_CHANNEL.cmd_b_queue/inst/fifo_gen_inst/inst_fifo_gen/gconvfifo.rf/grf.rf/gntv_or_sync_fifo.gl0.rd/gr1.gr1_int.rfwft/aempty_fwft_i
 (the first 15 of 203 listed nets/buses).
Related violations: <none>


