Copyright 1986-2022 Xilinx, Inc. All Rights Reserved. Copyright 2022-2025 Advanced Micro Devices, Inc. All Rights Reserved.
------------------------------------------------------------------------------------------------------------------------------------------------------------------------------------------------------------------------------------------------------------
| Tool Version : Vivado v.2025.1 (win64) Build 6140274 Thu May 22 00:12:29 MDT 2025
| Date         : Fri Apr 10 11:12:35 2026
| Host         : LAPTOP-L6H807T2 running 64-bit major release  (build 9200)
| Command      : report_timing_summary -max_paths 10 -routable_nets -report_unconstrained -file design_1_wrapper_timing_summary_routed.rpt -pb design_1_wrapper_timing_summary_routed.pb -rpx design_1_wrapper_timing_summary_routed.rpx -warn_on_violation
| Design       : design_1_wrapper
| Device       : 7z020-clg400
| Speed File   : -1  PRODUCTION 1.12 2019-11-22
| Design State : Routed
------------------------------------------------------------------------------------------------------------------------------------------------------------------------------------------------------------------------------------------------------------

Timing Summary Report

------------------------------------------------------------------------------------------------
| Timer Settings
| --------------
------------------------------------------------------------------------------------------------

  Enable Multi Corner Analysis               :  Yes
  Enable Pessimism Removal                   :  Yes
  Pessimism Removal Resolution               :  Nearest Common Node
  Enable Input Delay Default Clock           :  No
  Enable Preset / Clear Arcs                 :  No
  Disable Flight Delays                      :  No
  Ignore I/O Paths                           :  No
  Timing Early Launch at Borrowing Latches   :  No
  Borrow Time for Max Delay Exceptions       :  Yes
  Merge Timing Exceptions                    :  Yes
  Inter-SLR Compensation                     :  Conservative

  Corner  Analyze    Analyze    
  Name    Max Paths  Min Paths  
  ------  ---------  ---------  
  Slow    Yes        Yes        
  Fast    Yes        Yes        


------------------------------------------------------------------------------------------------
| Report Methodology
| ------------------
------------------------------------------------------------------------------------------------

Rule      Severity  Description                                  Violations  
--------  --------  -------------------------------------------  ----------  
LUTAR-1   Warning   LUT drives async reset alert                 29          
ULMTCS-1  Warning   Control Sets use limits recommend reduction  1           

Note: This report is based on the most recent report_methodology run and may not be up-to-date. Run report_methodology on the current design for the latest report.



check_timing report

Table of Contents
-----------------
1. checking no_clock (0)
2. checking constant_clock (0)
3. checking pulse_width_clock (0)
4. checking unconstrained_internal_endpoints (0)
5. checking no_input_delay (0)
6. checking no_output_delay (0)
7. checking multiple_clock (0)
8. checking generated_clocks (0)
9. checking loops (0)
10. checking partial_input_delay (0)
11. checking partial_output_delay (0)
12. checking latch_loops (0)

1. checking no_clock (0)
------------------------
 There are 0 register/latch pins with no clock.


2. checking constant_clock (0)
------------------------------
 There are 0 register/latch pins with constant_clock.


3. checking pulse_width_clock (0)
---------------------------------
 There are 0 register/latch pins which need pulse_width check


4. checking unconstrained_internal_endpoints (0)
------------------------------------------------
 There are 0 pins that are not constrained for maximum delay.

 There are 0 pins that are not constrained for maximum delay due to constant clock.


5. checking no_input_delay (0)
------------------------------
 There are 0 input ports with no input delay specified.

 There are 0 input ports with no input delay but user has a false path constraint.


6. checking no_output_delay (0)
-------------------------------
 There are 0 ports with no output delay specified.

 There are 0 ports with no output delay but user has a false path constraint

 There are 0 ports with no output delay but with a timing clock defined on it or propagating through it


7. checking multiple_clock (0)
------------------------------
 There are 0 register/latch pins with multiple clocks.


8. checking generated_clocks (0)
--------------------------------
 There are 0 generated clocks that are not connected to a clock source.


9. checking loops (0)
---------------------
 There are 0 combinational loops in the design.


10. checking partial_input_delay (0)
------------------------------------
 There are 0 input ports with partial input delay specified.


11. checking partial_output_delay (0)
-------------------------------------
 There are 0 ports with partial output delay specified.


12. checking latch_loops (0)
----------------------------
 There are 0 combinational latch loops in the design through latch input



------------------------------------------------------------------------------------------------
| Design Timing Summary
| ---------------------
------------------------------------------------------------------------------------------------

    WNS(ns)      TNS(ns)  TNS Failing Endpoints  TNS Total Endpoints      WHS(ns)      THS(ns)  THS Failing Endpoints  THS Total Endpoints     WPWS(ns)     TPWS(ns)  TPWS Failing Endpoints  TPWS Total Endpoints  
    -------      -------  ---------------------  -------------------      -------      -------  ---------------------  -------------------     --------     --------  ----------------------  --------------------  
      2.494        0.000                      0                94461        0.020        0.000                      0                94461        8.750        0.000                       0                 33452  


All user specified timing constraints are met.


------------------------------------------------------------------------------------------------
| Clock Summary
| -------------
------------------------------------------------------------------------------------------------

Clock       Waveform(ns)       Period(ns)      Frequency(MHz)
-----       ------------       ----------      --------------
clk_fpga_0  {0.000 10.000}     20.000          50.000          


------------------------------------------------------------------------------------------------
| Intra Clock Table
| -----------------
------------------------------------------------------------------------------------------------

Clock             WNS(ns)      TNS(ns)  TNS Failing Endpoints  TNS Total Endpoints      WHS(ns)      THS(ns)  THS Failing Endpoints  THS Total Endpoints     WPWS(ns)     TPWS(ns)  TPWS Failing Endpoints  TPWS Total Endpoints  
-----             -------      -------  ---------------------  -------------------      -------      -------  ---------------------  -------------------     --------     --------  ----------------------  --------------------  
clk_fpga_0          2.494        0.000                      0                93533        0.020        0.000                      0                93533        8.750        0.000                       0                 33452  


------------------------------------------------------------------------------------------------
| Inter Clock Table
| -----------------
------------------------------------------------------------------------------------------------

From Clock    To Clock          WNS(ns)      TNS(ns)  TNS Failing Endpoints  TNS Total Endpoints      WHS(ns)      THS(ns)  THS Failing Endpoints  THS Total Endpoints  
----------    --------          -------      -------  ---------------------  -------------------      -------      -------  ---------------------  -------------------  


------------------------------------------------------------------------------------------------
| Other Path Groups Table
| -----------------------
------------------------------------------------------------------------------------------------

Path Group         From Clock         To Clock               WNS(ns)      TNS(ns)  TNS Failing Endpoints  TNS Total Endpoints      WHS(ns)      THS(ns)  THS Failing Endpoints  THS Total Endpoints  
----------         ----------         --------               -------      -------  ---------------------  -------------------      -------      -------  ---------------------  -------------------  
**async_default**  clk_fpga_0         clk_fpga_0              16.221        0.000                      0                  928        0.415        0.000                      0                  928  


------------------------------------------------------------------------------------------------
| User Ignored Path Table
| -----------------------
------------------------------------------------------------------------------------------------

Path Group    From Clock    To Clock    
----------    ----------    --------    
(none)                      clk_fpga_0    
(none)        clk_fpga_0    clk_fpga_0    


------------------------------------------------------------------------------------------------
| Unconstrained Path Table
| ------------------------
------------------------------------------------------------------------------------------------

Path Group    From Clock    To Clock    
----------    ----------    --------    
(none)                      clk_fpga_0    


------------------------------------------------------------------------------------------------
| Timing Details
| --------------
------------------------------------------------------------------------------------------------


---------------------------------------------------------------------------------------------------
From Clock:  clk_fpga_0
  To Clock:  clk_fpga_0

Setup :            0  Failing Endpoints,  Worst Slack        2.494ns,  Total Violation        0.000ns
Hold  :            0  Failing Endpoints,  Worst Slack        0.020ns,  Total Violation        0.000ns
PW    :            0  Failing Endpoints,  Worst Slack        8.750ns,  Total Violation        0.000ns
---------------------------------------------------------------------------------------------------


Max Delay Paths
--------------------------------------------------------------------------------------
Slack (MET) :             2.494ns  (required time - arrival time)
  Source:                 design_1_i/axi_mem_intercon/xbar/inst/gen_samd.crossbar_samd/gen_master_slots[0].reg_slice_mi/r.r_pipe/s_ready_i_reg/C
                            (rising edge-triggered cell FDRE clocked by clk_fpga_0  {rise@0.000ns fall@10.000ns period=20.000ns})
  Destination:            design_1_i/axi_mem_intercon/xbar/inst/gen_samd.crossbar_samd/gen_master_slots[0].reg_slice_mi/r.r_pipe/m_payload_i_reg[90]/D
                            (rising edge-triggered cell FDRE clocked by clk_fpga_0  {rise@0.000ns fall@10.000ns period=20.000ns})
  Path Group:             clk_fpga_0
  Path Type:              Setup (Max at Slow Process Corner)
  Requirement:            20.000ns  (clk_fpga_0 rise@20.000ns - clk_fpga_0 rise@0.000ns)
  Data Path Delay:        16.958ns  (logic 0.718ns (4.234%)  route 16.240ns (95.766%))
  Logic Levels:           1  (LUT3=1)
  Clock Path Skew:        -0.275ns (DCD - SCD + CPR)
    Destination Clock Delay (DCD):    2.806ns = ( 22.806 - 20.000 ) 
    Source Clock Delay      (SCD):    3.196ns
    Clock Pessimism Removal (CPR):    0.115ns
  Clock Uncertainty:      0.302ns  ((TSJ^2 + TIJ^2)^1/2 + DJ) / 2 + PE
    Total System Jitter     (TSJ):    0.071ns
    Total Input Jitter      (TIJ):    0.600ns
    Discrete Jitter          (DJ):    0.000ns
    Phase Error              (PE):    0.000ns

    Location             Delay type                Incr(ns)  Path(ns)    Netlist Resource(s)
  -------------------------------------------------------------------    -------------------
                         (clock clk_fpga_0 rise edge)
                                                      0.000     0.000 r  
    PS7_X0Y0             PS7                          0.000     0.000 r  design_1_i/processing_system7_0/inst/PS7_i/FCLKCLK[0]
                         net (fo=1, routed)           1.193     1.193    design_1_i/processing_system7_0/inst/FCLK_CLK_unbuffered[0]
    BUFGCTRL_X0Y16       BUFG (Prop_bufg_I_O)         0.101     1.294 r  design_1_i/processing_system7_0/inst/buffer_fclk_clk_0.FCLK_CLK_0_BUFG/O
                         net (fo=33471, routed)       1.902     3.196    design_1_i/axi_mem_intercon/xbar/inst/gen_samd.crossbar_samd/gen_master_slots[0].reg_slice_mi/r.r_pipe/aclk
    SLICE_X55Y108        FDRE                                         r  design_1_i/axi_mem_intercon/xbar/inst/gen_samd.crossbar_samd/gen_master_slots[0].reg_slice_mi/r.r_pipe/s_ready_i_reg/C
  -------------------------------------------------------------------    -------------------
    SLICE_X55Y108        FDRE (Prop_fdre_C_Q)         0.419     3.615 r  design_1_i/axi_mem_intercon/xbar/inst/gen_samd.crossbar_samd/gen_master_slots[0].reg_slice_mi/r.r_pipe/s_ready_i_reg/Q
                         net (fo=1049, routed)       16.240    19.855    design_1_i/axi_mem_intercon/xbar/inst/gen_samd.crossbar_samd/gen_master_slots[0].reg_slice_mi/r.r_pipe/s_ready_i_reg_0
    SLICE_X105Y0         LUT3 (Prop_lut3_I2_O)        0.299    20.154 r  design_1_i/axi_mem_intercon/xbar/inst/gen_samd.crossbar_samd/gen_master_slots[0].reg_slice_mi/r.r_pipe/m_payload_i[90]_i_1__1/O
                         net (fo=1, routed)           0.000    20.154    design_1_i/axi_mem_intercon/xbar/inst/gen_samd.crossbar_samd/gen_master_slots[0].reg_slice_mi/r.r_pipe/skid_buffer[90]
    SLICE_X105Y0         FDRE                                         r  design_1_i/axi_mem_intercon/xbar/inst/gen_samd.crossbar_samd/gen_master_slots[0].reg_slice_mi/r.r_pipe/m_payload_i_reg[90]/D
  -------------------------------------------------------------------    -------------------

                         (clock clk_fpga_0 rise edge)
                                                     20.000    20.000 r  
    PS7_X0Y0             PS7                          0.000    20.000 r  design_1_i/processing_system7_0/inst/PS7_i/FCLKCLK[0]
                         net (fo=1, routed)           1.088    21.088    design_1_i/processing_system7_0/inst/FCLK_CLK_unbuffered[0]
    BUFGCTRL_X0Y16       BUFG (Prop_bufg_I_O)         0.091    21.179 r  design_1_i/processing_system7_0/inst/buffer_fclk_clk_0.FCLK_CLK_0_BUFG/O
                         net (fo=33471, routed)       1.627    22.806    design_1_i/axi_mem_intercon/xbar/inst/gen_samd.crossbar_samd/gen_master_slots[0].reg_slice_mi/r.r_pipe/aclk
    SLICE_X105Y0         FDRE                                         r  design_1_i/axi_mem_intercon/xbar/inst/gen_samd.crossbar_samd/gen_master_slots[0].reg_slice_mi/r.r_pipe/m_payload_i_reg[90]/C
                         clock pessimism              0.115    22.921    
                         clock uncertainty           -0.302    22.619    
    SLICE_X105Y0         FDRE (Setup_fdre_C_D)        0.029    22.648    design_1_i/axi_mem_intercon/xbar/inst/gen_samd.crossbar_samd/gen_master_slots[0].reg_slice_mi/r.r_pipe/m_payload_i_reg[90]
  -------------------------------------------------------------------
                         required time                         22.648    
                         arrival time                         -20.154    
  -------------------------------------------------------------------
                         slack                                  2.494    

Slack (MET) :             2.514ns  (required time - arrival time)
  Source:                 design_1_i/axi_mem_intercon/xbar/inst/gen_samd.crossbar_samd/gen_master_slots[0].reg_slice_mi/r.r_pipe/s_ready_i_reg/C
                            (rising edge-triggered cell FDRE clocked by clk_fpga_0  {rise@0.000ns fall@10.000ns period=20.000ns})
  Destination:            design_1_i/axi_mem_intercon/xbar/inst/gen_samd.crossbar_samd/gen_master_slots[0].reg_slice_mi/r.r_pipe/m_payload_i_reg[91]/D
                            (rising edge-triggered cell FDRE clocked by clk_fpga_0  {rise@0.000ns fall@10.000ns period=20.000ns})
  Path Group:             clk_fpga_0
  Path Type:              Setup (Max at Slow Process Corner)
  Requirement:            20.000ns  (clk_fpga_0 rise@20.000ns - clk_fpga_0 rise@0.000ns)
  Data Path Delay:        16.984ns  (logic 0.744ns (4.381%)  route 16.240ns (95.619%))
  Logic Levels:           1  (LUT3=1)
  Clock Path Skew:        -0.275ns (DCD - SCD + CPR)
    Destination Clock Delay (DCD):    2.806ns = ( 22.806 - 20.000 ) 
    Source Clock Delay      (SCD):    3.196ns
    Clock Pessimism Removal (CPR):    0.115ns
  Clock Uncertainty:      0.302ns  ((TSJ^2 + TIJ^2)^1/2 + DJ) / 2 + PE
    Total System Jitter     (TSJ):    0.071ns
    Total Input Jitter      (TIJ):    0.600ns
    Discrete Jitter          (DJ):    0.000ns
    Phase Error              (PE):    0.000ns

    Location             Delay type                Incr(ns)  Path(ns)    Netlist Resource(s)
  -------------------------------------------------------------------    -------------------
                         (clock clk_fpga_0 rise edge)
                                                      0.000     0.000 r  
    PS7_X0Y0             PS7                          0.000     0.000 r  design_1_i/processing_system7_0/inst/PS7_i/FCLKCLK[0]
                         net (fo=1, routed)           1.193     1.193    design_1_i/processing_system7_0/inst/FCLK_CLK_unbuffered[0]
    BUFGCTRL_X0Y16       BUFG (Prop_bufg_I_O)         0.101     1.294 r  design_1_i/processing_system7_0/inst/buffer_fclk_clk_0.FCLK_CLK_0_BUFG/O
                         net (fo=33471, routed)       1.902     3.196    design_1_i/axi_mem_intercon/xbar/inst/gen_samd.crossbar_samd/gen_master_slots[0].reg_slice_mi/r.r_pipe/aclk
    SLICE_X55Y108        FDRE                                         r  design_1_i/axi_mem_intercon/xbar/inst/gen_samd.crossbar_samd/gen_master_slots[0].reg_slice_mi/r.r_pipe/s_ready_i_reg/C
  -------------------------------------------------------------------    -------------------
    SLICE_X55Y108        FDRE (Prop_fdre_C_Q)         0.419     3.615 r  design_1_i/axi_mem_intercon/xbar/inst/gen_samd.crossbar_samd/gen_master_slots[0].reg_slice_mi/r.r_pipe/s_ready_i_reg/Q
                         net (fo=1049, routed)       16.240    19.855    design_1_i/axi_mem_intercon/xbar/inst/gen_samd.crossbar_samd/gen_master_slots[0].reg_slice_mi/r.r_pipe/s_ready_i_reg_0
    SLICE_X105Y0         LUT3 (Prop_lut3_I2_O)        0.325    20.180 r  design_1_i/axi_mem_intercon/xbar/inst/gen_samd.crossbar_samd/gen_master_slots[0].reg_slice_mi/r.r_pipe/m_payload_i[91]_i_1__1/O
                         net (fo=1, routed)           0.000    20.180    design_1_i/axi_mem_intercon/xbar/inst/gen_samd.crossbar_samd/gen_master_slots[0].reg_slice_mi/r.r_pipe/skid_buffer[91]
    SLICE_X105Y0         FDRE                                         r  design_1_i/axi_mem_intercon/xbar/inst/gen_samd.crossbar_samd/gen_master_slots[0].reg_slice_mi/r.r_pipe/m_payload_i_reg[91]/D
  -------------------------------------------------------------------    -------------------

                         (clock clk_fpga_0 rise edge)
                                                     20.000    20.000 r  
    PS7_X0Y0             PS7                          0.000    20.000 r  design_1_i/processing_system7_0/inst/PS7_i/FCLKCLK[0]
                         net (fo=1, routed)           1.088    21.088    design_1_i/processing_system7_0/inst/FCLK_CLK_unbuffered[0]
    BUFGCTRL_X0Y16       BUFG (Prop_bufg_I_O)         0.091    21.179 r  design_1_i/processing_system7_0/inst/buffer_fclk_clk_0.FCLK_CLK_0_BUFG/O
                         net (fo=33471, routed)       1.627    22.806    design_1_i/axi_mem_intercon/xbar/inst/gen_samd.crossbar_samd/gen_master_slots[0].reg_slice_mi/r.r_pipe/aclk
    SLICE_X105Y0         FDRE                                         r  design_1_i/axi_mem_intercon/xbar/inst/gen_samd.crossbar_samd/gen_master_slots[0].reg_slice_mi/r.r_pipe/m_payload_i_reg[91]/C
                         clock pessimism              0.115    22.921    
                         clock uncertainty           -0.302    22.619    
    SLICE_X105Y0         FDRE (Setup_fdre_C_D)        0.075    22.694    design_1_i/axi_mem_intercon/xbar/inst/gen_samd.crossbar_samd/gen_master_slots[0].reg_slice_mi/r.r_pipe/m_payload_i_reg[91]
  -------------------------------------------------------------------
                         required time                         22.694    
                         arrival time                         -20.180    
  -------------------------------------------------------------------
                         slack                                  2.514    

Slack (MET) :             2.554ns  (required time - arrival time)
  Source:                 design_1_i/rst_ps7_0_50M/U0/ACTIVE_LOW_PR_OUT_DFF[0].FDRE_PER_N/C
                            (rising edge-triggered cell FDRE clocked by clk_fpga_0  {rise@0.000ns fall@10.000ns period=20.000ns})
  Destination:            design_1_i/axi_mem_intercon/m03_couplers/auto_ds/inst/gen_downsizer.gen_cascaded_downsizer.first_downsizer_inst/USE_READ.read_data_inst/WORD_LANE[6].S_AXI_RDATA_II_reg[444]/R
                            (rising edge-triggered cell FDRE clocked by clk_fpga_0  {rise@0.000ns fall@10.000ns period=20.000ns})
  Path Group:             clk_fpga_0
  Path Type:              Setup (Max at Slow Process Corner)
  Requirement:            20.000ns  (clk_fpga_0 rise@20.000ns - clk_fpga_0 rise@0.000ns)
  Data Path Delay:        16.729ns  (logic 0.580ns (3.467%)  route 16.149ns (96.533%))
  Logic Levels:           1  (LUT6=1)
  Clock Path Skew:        0.014ns (DCD - SCD + CPR)
    Destination Clock Delay (DCD):    2.880ns = ( 22.881 - 20.000 ) 
    Source Clock Delay      (SCD):    3.096ns
    Clock Pessimism Removal (CPR):    0.230ns
  Clock Uncertainty:      0.302ns  ((TSJ^2 + TIJ^2)^1/2 + DJ) / 2 + PE
    Total System Jitter     (TSJ):    0.071ns
    Total Input Jitter      (TIJ):    0.600ns
    Discrete Jitter          (DJ):    0.000ns
    Phase Error              (PE):    0.000ns

    Location             Delay type                Incr(ns)  Path(ns)    Netlist Resource(s)
  -------------------------------------------------------------------    -------------------
                         (clock clk_fpga_0 rise edge)
                                                      0.000     0.000 r  
    PS7_X0Y0             PS7                          0.000     0.000 r  design_1_i/processing_system7_0/inst/PS7_i/FCLKCLK[0]
                         net (fo=1, routed)           1.193     1.193    design_1_i/processing_system7_0/inst/FCLK_CLK_unbuffered[0]
    BUFGCTRL_X0Y16       BUFG (Prop_bufg_I_O)         0.101     1.294 r  design_1_i/processing_system7_0/inst/buffer_fclk_clk_0.FCLK_CLK_0_BUFG/O
                         net (fo=33471, routed)       1.802     3.096    design_1_i/rst_ps7_0_50M/U0/slowest_sync_clk
    SLICE_X101Y5         FDRE                                         r  design_1_i/rst_ps7_0_50M/U0/ACTIVE_LOW_PR_OUT_DFF[0].FDRE_PER_N/C
  -------------------------------------------------------------------    -------------------
    SLICE_X101Y5         FDRE (Prop_fdre_C_Q)         0.456     3.552 f  design_1_i/rst_ps7_0_50M/U0/ACTIVE_LOW_PR_OUT_DFF[0].FDRE_PER_N/Q
                         net (fo=191, routed)         7.305    10.857    design_1_i/axi_mem_intercon/m03_couplers/auto_ds/inst/gen_downsizer.gen_cascaded_downsizer.first_downsizer_inst/USE_READ.read_addr_inst/cmd_queue/inst/out
    SLICE_X36Y111        LUT6 (Prop_lut6_I0_O)        0.124    10.981 r  design_1_i/axi_mem_intercon/m03_couplers/auto_ds/inst/gen_downsizer.gen_cascaded_downsizer.first_downsizer_inst/USE_READ.read_addr_inst/cmd_queue/inst/WORD_LANE[0].S_AXI_RDATA_II[63]_i_1/O
                         net (fo=512, routed)         8.844    19.825    design_1_i/axi_mem_intercon/m03_couplers/auto_ds/inst/gen_downsizer.gen_cascaded_downsizer.first_downsizer_inst/USE_READ.read_data_inst/WORD_LANE[0].S_AXI_RDATA_II_reg[63]_0[0]
    SLICE_X106Y1         FDRE                                         r  design_1_i/axi_mem_intercon/m03_couplers/auto_ds/inst/gen_downsizer.gen_cascaded_downsizer.first_downsizer_inst/USE_READ.read_data_inst/WORD_LANE[6].S_AXI_RDATA_II_reg[444]/R
  -------------------------------------------------------------------    -------------------

                         (clock clk_fpga_0 rise edge)
                                                     20.000    20.000 r  
    PS7_X0Y0             PS7                          0.000    20.000 r  design_1_i/processing_system7_0/inst/PS7_i/FCLKCLK[0]
                         net (fo=1, routed)           1.088    21.088    design_1_i/processing_system7_0/inst/FCLK_CLK_unbuffered[0]
    BUFGCTRL_X0Y16       BUFG (Prop_bufg_I_O)         0.091    21.179 r  design_1_i/processing_system7_0/inst/buffer_fclk_clk_0.FCLK_CLK_0_BUFG/O
                         net (fo=33471, routed)       1.701    22.881    design_1_i/axi_mem_intercon/m03_couplers/auto_ds/inst/gen_downsizer.gen_cascaded_downsizer.first_downsizer_inst/USE_READ.read_data_inst/CLK
    SLICE_X106Y1         FDRE                                         r  design_1_i/axi_mem_intercon/m03_couplers/auto_ds/inst/gen_downsizer.gen_cascaded_downsizer.first_downsizer_inst/USE_READ.read_data_inst/WORD_LANE[6].S_AXI_RDATA_II_reg[444]/C
                         clock pessimism              0.230    23.110    
                         clock uncertainty           -0.302    22.808    
    SLICE_X106Y1         FDRE (Setup_fdre_C_R)       -0.429    22.379    design_1_i/axi_mem_intercon/m03_couplers/auto_ds/inst/gen_downsizer.gen_cascaded_downsizer.first_downsizer_inst/USE_READ.read_data_inst/WORD_LANE[6].S_AXI_RDATA_II_reg[444]
  -------------------------------------------------------------------
                         required time                         22.379    
                         arrival time                         -19.825    
  -------------------------------------------------------------------
                         slack                                  2.554    

Slack (MET) :             2.554ns  (required time - arrival time)
  Source:                 design_1_i/rst_ps7_0_50M/U0/ACTIVE_LOW_PR_OUT_DFF[0].FDRE_PER_N/C
                            (rising edge-triggered cell FDRE clocked by clk_fpga_0  {rise@0.000ns fall@10.000ns period=20.000ns})
  Destination:            design_1_i/axi_mem_intercon/m03_couplers/auto_ds/inst/gen_downsizer.gen_cascaded_downsizer.first_downsizer_inst/USE_READ.read_data_inst/WORD_LANE[6].S_AXI_RDATA_II_reg[445]/R
                            (rising edge-triggered cell FDRE clocked by clk_fpga_0  {rise@0.000ns fall@10.000ns period=20.000ns})
  Path Group:             clk_fpga_0
  Path Type:              Setup (Max at Slow Process Corner)
  Requirement:            20.000ns  (clk_fpga_0 rise@20.000ns - clk_fpga_0 rise@0.000ns)
  Data Path Delay:        16.729ns  (logic 0.580ns (3.467%)  route 16.149ns (96.533%))
  Logic Levels:           1  (LUT6=1)
  Clock Path Skew:        0.014ns (DCD - SCD + CPR)
    Destination Clock Delay (DCD):    2.880ns = ( 22.881 - 20.000 ) 
    Source Clock Delay      (SCD):    3.096ns
    Clock Pessimism Removal (CPR):    0.230ns
  Clock Uncertainty:      0.302ns  ((TSJ^2 + TIJ^2)^1/2 + DJ) / 2 + PE
    Total System Jitter     (TSJ):    0.071ns
    Total Input Jitter      (TIJ):    0.600ns
    Discrete Jitter          (DJ):    0.000ns
    Phase Error              (PE):    0.000ns

    Location             Delay type                Incr(ns)  Path(ns)    Netlist Resource(s)
  -------------------------------------------------------------------    -------------------
                         (clock clk_fpga_0 rise edge)
                                                      0.000     0.000 r  
    PS7_X0Y0             PS7                          0.000     0.000 r  design_1_i/processing_system7_0/inst/PS7_i/FCLKCLK[0]
                         net (fo=1, routed)           1.193     1.193    design_1_i/processing_system7_0/inst/FCLK_CLK_unbuffered[0]
    BUFGCTRL_X0Y16       BUFG (Prop_bufg_I_O)         0.101     1.294 r  design_1_i/processing_system7_0/inst/buffer_fclk_clk_0.FCLK_CLK_0_BUFG/O
                         net (fo=33471, routed)       1.802     3.096    design_1_i/rst_ps7_0_50M/U0/slowest_sync_clk
    SLICE_X101Y5         FDRE                                         r  design_1_i/rst_ps7_0_50M/U0/ACTIVE_LOW_PR_OUT_DFF[0].FDRE_PER_N/C
  -------------------------------------------------------------------    -------------------
    SLICE_X101Y5         FDRE (Prop_fdre_C_Q)         0.456     3.552 f  design_1_i/rst_ps7_0_50M/U0/ACTIVE_LOW_PR_OUT_DFF[0].FDRE_PER_N/Q
                         net (fo=191, routed)         7.305    10.857    design_1_i/axi_mem_intercon/m03_couplers/auto_ds/inst/gen_downsizer.gen_cascaded_downsizer.first_downsizer_inst/USE_READ.read_addr_inst/cmd_queue/inst/out
    SLICE_X36Y111        LUT6 (Prop_lut6_I0_O)        0.124    10.981 r  design_1_i/axi_mem_intercon/m03_couplers/auto_ds/inst/gen_downsizer.gen_cascaded_downsizer.first_downsizer_inst/USE_READ.read_addr_inst/cmd_queue/inst/WORD_LANE[0].S_AXI_RDATA_II[63]_i_1/O
                         net (fo=512, routed)         8.844    19.825    design_1_i/axi_mem_intercon/m03_couplers/auto_ds/inst/gen_downsizer.gen_cascaded_downsizer.first_downsizer_inst/USE_READ.read_data_inst/WORD_LANE[0].S_AXI_RDATA_II_reg[63]_0[0]
    SLICE_X106Y1         FDRE                                         r  design_1_i/axi_mem_intercon/m03_couplers/auto_ds/inst/gen_downsizer.gen_cascaded_downsizer.first_downsizer_inst/USE_READ.read_data_inst/WORD_LANE[6].S_AXI_RDATA_II_reg[445]/R
  -------------------------------------------------------------------    -------------------

                         (clock clk_fpga_0 rise edge)
                                                     20.000    20.000 r  
    PS7_X0Y0             PS7                          0.000    20.000 r  design_1_i/processing_system7_0/inst/PS7_i/FCLKCLK[0]
                         net (fo=1, routed)           1.088    21.088    design_1_i/processing_system7_0/inst/FCLK_CLK_unbuffered[0]
    BUFGCTRL_X0Y16       BUFG (Prop_bufg_I_O)         0.091    21.179 r  design_1_i/processing_system7_0/inst/buffer_fclk_clk_0.FCLK_CLK_0_BUFG/O
                         net (fo=33471, routed)       1.701    22.881    design_1_i/axi_mem_intercon/m03_couplers/auto_ds/inst/gen_downsizer.gen_cascaded_downsizer.first_downsizer_inst/USE_READ.read_data_inst/CLK
    SLICE_X106Y1         FDRE                                         r  design_1_i/axi_mem_intercon/m03_couplers/auto_ds/inst/gen_downsizer.gen_cascaded_downsizer.first_downsizer_inst/USE_READ.read_data_inst/WORD_LANE[6].S_AXI_RDATA_II_reg[445]/C
                         clock pessimism              0.230    23.110    
                         clock uncertainty           -0.302    22.808    
    SLICE_X106Y1         FDRE (Setup_fdre_C_R)       -0.429    22.379    design_1_i/axi_mem_intercon/m03_couplers/auto_ds/inst/gen_downsizer.gen_cascaded_downsizer.first_downsizer_inst/USE_READ.read_data_inst/WORD_LANE[6].S_AXI_RDATA_II_reg[445]
  -------------------------------------------------------------------
                         required time                         22.379    
                         arrival time                         -19.825    
  -------------------------------------------------------------------
                         slack                                  2.554    

Slack (MET) :             2.578ns  (required time - arrival time)
  Source:                 design_1_i/axi_mem_intercon/xbar/inst/gen_samd.crossbar_samd/gen_master_slots[0].reg_slice_mi/r.r_pipe/s_ready_i_reg/C
                            (rising edge-triggered cell FDRE clocked by clk_fpga_0  {rise@0.000ns fall@10.000ns period=20.000ns})
  Destination:            design_1_i/axi_mem_intercon/xbar/inst/gen_samd.crossbar_samd/gen_master_slots[0].reg_slice_mi/r.r_pipe/skid_buffer_reg[444]/CE
                            (rising edge-triggered cell FDRE clocked by clk_fpga_0  {rise@0.000ns fall@10.000ns period=20.000ns})
  Path Group:             clk_fpga_0
  Path Type:              Setup (Max at Slow Process Corner)
  Requirement:            20.000ns  (clk_fpga_0 rise@20.000ns - clk_fpga_0 rise@0.000ns)
  Data Path Delay:        16.465ns  (logic 0.419ns (2.545%)  route 16.046ns (97.455%))
  Logic Levels:           0  
  Clock Path Skew:        -0.275ns (DCD - SCD + CPR)
    Destination Clock Delay (DCD):    2.806ns = ( 22.806 - 20.000 ) 
    Source Clock Delay      (SCD):    3.196ns
    Clock Pessimism Removal (CPR):    0.115ns
  Clock Uncertainty:      0.302ns  ((TSJ^2 + TIJ^2)^1/2 + DJ) / 2 + PE
    Total System Jitter     (TSJ):    0.071ns
    Total Input Jitter      (TIJ):    0.600ns
    Discrete Jitter          (DJ):    0.000ns
    Phase Error              (PE):    0.000ns

    Location             Delay type                Incr(ns)  Path(ns)    Netlist Resource(s)
  -------------------------------------------------------------------    -------------------
                         (clock clk_fpga_0 rise edge)
                                                      0.000     0.000 r  
    PS7_X0Y0             PS7                          0.000     0.000 r  design_1_i/processing_system7_0/inst/PS7_i/FCLKCLK[0]
                         net (fo=1, routed)           1.193     1.193    design_1_i/processing_system7_0/inst/FCLK_CLK_unbuffered[0]
    BUFGCTRL_X0Y16       BUFG (Prop_bufg_I_O)         0.101     1.294 r  design_1_i/processing_system7_0/inst/buffer_fclk_clk_0.FCLK_CLK_0_BUFG/O
                         net (fo=33471, routed)       1.902     3.196    design_1_i/axi_mem_intercon/xbar/inst/gen_samd.crossbar_samd/gen_master_slots[0].reg_slice_mi/r.r_pipe/aclk
    SLICE_X55Y108        FDRE                                         r  design_1_i/axi_mem_intercon/xbar/inst/gen_samd.crossbar_samd/gen_master_slots[0].reg_slice_mi/r.r_pipe/s_ready_i_reg/C
  -------------------------------------------------------------------    -------------------
    SLICE_X55Y108        FDRE (Prop_fdre_C_Q)         0.419     3.615 r  design_1_i/axi_mem_intercon/xbar/inst/gen_samd.crossbar_samd/gen_master_slots[0].reg_slice_mi/r.r_pipe/s_ready_i_reg/Q
                         net (fo=1049, routed)       16.046    19.661    design_1_i/axi_mem_intercon/xbar/inst/gen_samd.crossbar_samd/gen_master_slots[0].reg_slice_mi/r.r_pipe/s_ready_i_reg_0
    SLICE_X105Y1         FDRE                                         r  design_1_i/axi_mem_intercon/xbar/inst/gen_samd.crossbar_samd/gen_master_slots[0].reg_slice_mi/r.r_pipe/skid_buffer_reg[444]/CE
  -------------------------------------------------------------------    -------------------

                         (clock clk_fpga_0 rise edge)
                                                     20.000    20.000 r  
    PS7_X0Y0             PS7                          0.000    20.000 r  design_1_i/processing_system7_0/inst/PS7_i/FCLKCLK[0]
                         net (fo=1, routed)           1.088    21.088    design_1_i/processing_system7_0/inst/FCLK_CLK_unbuffered[0]
    BUFGCTRL_X0Y16       BUFG (Prop_bufg_I_O)         0.091    21.179 r  design_1_i/processing_system7_0/inst/buffer_fclk_clk_0.FCLK_CLK_0_BUFG/O
                         net (fo=33471, routed)       1.627    22.806    design_1_i/axi_mem_intercon/xbar/inst/gen_samd.crossbar_samd/gen_master_slots[0].reg_slice_mi/r.r_pipe/aclk
    SLICE_X105Y1         FDRE                                         r  design_1_i/axi_mem_intercon/xbar/inst/gen_samd.crossbar_samd/gen_master_slots[0].reg_slice_mi/r.r_pipe/skid_buffer_reg[444]/C
                         clock pessimism              0.115    22.921    
                         clock uncertainty           -0.302    22.619    
    SLICE_X105Y1         FDRE (Setup_fdre_C_CE)      -0.380    22.239    design_1_i/axi_mem_intercon/xbar/inst/gen_samd.crossbar_samd/gen_master_slots[0].reg_slice_mi/r.r_pipe/skid_buffer_reg[444]
  -------------------------------------------------------------------
                         required time                         22.239    
                         arrival time                         -19.661    
  -------------------------------------------------------------------
                         slack                                  2.578    

Slack (MET) :             2.578ns  (required time - arrival time)
  Source:                 design_1_i/axi_mem_intercon/xbar/inst/gen_samd.crossbar_samd/gen_master_slots[0].reg_slice_mi/r.r_pipe/s_ready_i_reg/C
                            (rising edge-triggered cell FDRE clocked by clk_fpga_0  {rise@0.000ns fall@10.000ns period=20.000ns})
  Destination:            design_1_i/axi_mem_intercon/xbar/inst/gen_samd.crossbar_samd/gen_master_slots[0].reg_slice_mi/r.r_pipe/skid_buffer_reg[445]/CE
                            (rising edge-triggered cell FDRE clocked by clk_fpga_0  {rise@0.000ns fall@10.000ns period=20.000ns})
  Path Group:             clk_fpga_0
  Path Type:              Setup (Max at Slow Process Corner)
  Requirement:            20.000ns  (clk_fpga_0 rise@20.000ns - clk_fpga_0 rise@0.000ns)
  Data Path Delay:        16.465ns  (logic 0.419ns (2.545%)  route 16.046ns (97.455%))
  Logic Levels:           0  
  Clock Path Skew:        -0.275ns (DCD - SCD + CPR)
    Destination Clock Delay (DCD):    2.806ns = ( 22.806 - 20.000 ) 
    Source Clock Delay      (SCD):    3.196ns
    Clock Pessimism Removal (CPR):    0.115ns
  Clock Uncertainty:      0.302ns  ((TSJ^2 + TIJ^2)^1/2 + DJ) / 2 + PE
    Total System Jitter     (TSJ):    0.071ns
    Total Input Jitter      (TIJ):    0.600ns
    Discrete Jitter          (DJ):    0.000ns
    Phase Error              (PE):    0.000ns

    Location             Delay type                Incr(ns)  Path(ns)    Netlist Resource(s)
  -------------------------------------------------------------------    -------------------
                         (clock clk_fpga_0 rise edge)
                                                      0.000     0.000 r  
    PS7_X0Y0             PS7                          0.000     0.000 r  design_1_i/processing_system7_0/inst/PS7_i/FCLKCLK[0]
                         net (fo=1, routed)           1.193     1.193    design_1_i/processing_system7_0/inst/FCLK_CLK_unbuffered[0]
    BUFGCTRL_X0Y16       BUFG (Prop_bufg_I_O)         0.101     1.294 r  design_1_i/processing_system7_0/inst/buffer_fclk_clk_0.FCLK_CLK_0_BUFG/O
                         net (fo=33471, routed)       1.902     3.196    design_1_i/axi_mem_intercon/xbar/inst/gen_samd.crossbar_samd/gen_master_slots[0].reg_slice_mi/r.r_pipe/aclk
    SLICE_X55Y108        FDRE                                         r  design_1_i/axi_mem_intercon/xbar/inst/gen_samd.crossbar_samd/gen_master_slots[0].reg_slice_mi/r.r_pipe/s_ready_i_reg/C
  -------------------------------------------------------------------    -------------------
    SLICE_X55Y108        FDRE (Prop_fdre_C_Q)         0.419     3.615 r  design_1_i/axi_mem_intercon/xbar/inst/gen_samd.crossbar_samd/gen_master_slots[0].reg_slice_mi/r.r_pipe/s_ready_i_reg/Q
                         net (fo=1049, routed)       16.046    19.661    design_1_i/axi_mem_intercon/xbar/inst/gen_samd.crossbar_samd/gen_master_slots[0].reg_slice_mi/r.r_pipe/s_ready_i_reg_0
    SLICE_X105Y1         FDRE                                         r  design_1_i/axi_mem_intercon/xbar/inst/gen_samd.crossbar_samd/gen_master_slots[0].reg_slice_mi/r.r_pipe/skid_buffer_reg[445]/CE
  -------------------------------------------------------------------    -------------------

                         (clock clk_fpga_0 rise edge)
                                                     20.000    20.000 r  
    PS7_X0Y0             PS7                          0.000    20.000 r  design_1_i/processing_system7_0/inst/PS7_i/FCLKCLK[0]
                         net (fo=1, routed)           1.088    21.088    design_1_i/processing_system7_0/inst/FCLK_CLK_unbuffered[0]
    BUFGCTRL_X0Y16       BUFG (Prop_bufg_I_O)         0.091    21.179 r  design_1_i/processing_system7_0/inst/buffer_fclk_clk_0.FCLK_CLK_0_BUFG/O
                         net (fo=33471, routed)       1.627    22.806    design_1_i/axi_mem_intercon/xbar/inst/gen_samd.crossbar_samd/gen_master_slots[0].reg_slice_mi/r.r_pipe/aclk
    SLICE_X105Y1         FDRE                                         r  design_1_i/axi_mem_intercon/xbar/inst/gen_samd.crossbar_samd/gen_master_slots[0].reg_slice_mi/r.r_pipe/skid_buffer_reg[445]/C
                         clock pessimism              0.115    22.921    
                         clock uncertainty           -0.302    22.619    
    SLICE_X105Y1         FDRE (Setup_fdre_C_CE)      -0.380    22.239    design_1_i/axi_mem_intercon/xbar/inst/gen_samd.crossbar_samd/gen_master_slots[0].reg_slice_mi/r.r_pipe/skid_buffer_reg[445]
  -------------------------------------------------------------------
                         required time                         22.239    
                         arrival time                         -19.661    
  -------------------------------------------------------------------
                         slack                                  2.578    

Slack (MET) :             2.578ns  (required time - arrival time)
  Source:                 design_1_i/axi_mem_intercon/xbar/inst/gen_samd.crossbar_samd/gen_master_slots[0].reg_slice_mi/r.r_pipe/s_ready_i_reg/C
                            (rising edge-triggered cell FDRE clocked by clk_fpga_0  {rise@0.000ns fall@10.000ns period=20.000ns})
  Destination:            design_1_i/axi_mem_intercon/xbar/inst/gen_samd.crossbar_samd/gen_master_slots[0].reg_slice_mi/r.r_pipe/skid_buffer_reg[90]/CE
                            (rising edge-triggered cell FDRE clocked by clk_fpga_0  {rise@0.000ns fall@10.000ns period=20.000ns})
  Path Group:             clk_fpga_0
  Path Type:              Setup (Max at Slow Process Corner)
  Requirement:            20.000ns  (clk_fpga_0 rise@20.000ns - clk_fpga_0 rise@0.000ns)
  Data Path Delay:        16.465ns  (logic 0.419ns (2.545%)  route 16.046ns (97.455%))
  Logic Levels:           0  
  Clock Path Skew:        -0.275ns (DCD - SCD + CPR)
    Destination Clock Delay (DCD):    2.806ns = ( 22.806 - 20.000 ) 
    Source Clock Delay      (SCD):    3.196ns
    Clock Pessimism Removal (CPR):    0.115ns
  Clock Uncertainty:      0.302ns  ((TSJ^2 + TIJ^2)^1/2 + DJ) / 2 + PE
    Total System Jitter     (TSJ):    0.071ns
    Total Input Jitter      (TIJ):    0.600ns
    Discrete Jitter          (DJ):    0.000ns
    Phase Error              (PE):    0.000ns

    Location             Delay type                Incr(ns)  Path(ns)    Netlist Resource(s)
  -------------------------------------------------------------------    -------------------
                         (clock clk_fpga_0 rise edge)
                                                      0.000     0.000 r  
    PS7_X0Y0             PS7                          0.000     0.000 r  design_1_i/processing_system7_0/inst/PS7_i/FCLKCLK[0]
                         net (fo=1, routed)           1.193     1.193    design_1_i/processing_system7_0/inst/FCLK_CLK_unbuffered[0]
    BUFGCTRL_X0Y16       BUFG (Prop_bufg_I_O)         0.101     1.294 r  design_1_i/processing_system7_0/inst/buffer_fclk_clk_0.FCLK_CLK_0_BUFG/O
                         net (fo=33471, routed)       1.902     3.196    design_1_i/axi_mem_intercon/xbar/inst/gen_samd.crossbar_samd/gen_master_slots[0].reg_slice_mi/r.r_pipe/aclk
    SLICE_X55Y108        FDRE                                         r  design_1_i/axi_mem_intercon/xbar/inst/gen_samd.crossbar_samd/gen_master_slots[0].reg_slice_mi/r.r_pipe/s_ready_i_reg/C
  -------------------------------------------------------------------    -------------------
    SLICE_X55Y108        FDRE (Prop_fdre_C_Q)         0.419     3.615 r  design_1_i/axi_mem_intercon/xbar/inst/gen_samd.crossbar_samd/gen_master_slots[0].reg_slice_mi/r.r_pipe/s_ready_i_reg/Q
                         net (fo=1049, routed)       16.046    19.661    design_1_i/axi_mem_intercon/xbar/inst/gen_samd.crossbar_samd/gen_master_slots[0].reg_slice_mi/r.r_pipe/s_ready_i_reg_0
    SLICE_X105Y1         FDRE                                         r  design_1_i/axi_mem_intercon/xbar/inst/gen_samd.crossbar_samd/gen_master_slots[0].reg_slice_mi/r.r_pipe/skid_buffer_reg[90]/CE
  -------------------------------------------------------------------    -------------------

                         (clock clk_fpga_0 rise edge)
                                                     20.000    20.000 r  
    PS7_X0Y0             PS7                          0.000    20.000 r  design_1_i/processing_system7_0/inst/PS7_i/FCLKCLK[0]
                         net (fo=1, routed)           1.088    21.088    design_1_i/processing_system7_0/inst/FCLK_CLK_unbuffered[0]
    BUFGCTRL_X0Y16       BUFG (Prop_bufg_I_O)         0.091    21.179 r  design_1_i/processing_system7_0/inst/buffer_fclk_clk_0.FCLK_CLK_0_BUFG/O
                         net (fo=33471, routed)       1.627    22.806    design_1_i/axi_mem_intercon/xbar/inst/gen_samd.crossbar_samd/gen_master_slots[0].reg_slice_mi/r.r_pipe/aclk
    SLICE_X105Y1         FDRE                                         r  design_1_i/axi_mem_intercon/xbar/inst/gen_samd.crossbar_samd/gen_master_slots[0].reg_slice_mi/r.r_pipe/skid_buffer_reg[90]/C
                         clock pessimism              0.115    22.921    
                         clock uncertainty           -0.302    22.619    
    SLICE_X105Y1         FDRE (Setup_fdre_C_CE)      -0.380    22.239    design_1_i/axi_mem_intercon/xbar/inst/gen_samd.crossbar_samd/gen_master_slots[0].reg_slice_mi/r.r_pipe/skid_buffer_reg[90]
  -------------------------------------------------------------------
                         required time                         22.239    
                         arrival time                         -19.661    
  -------------------------------------------------------------------
                         slack                                  2.578    

Slack (MET) :             2.578ns  (required time - arrival time)
  Source:                 design_1_i/axi_mem_intercon/xbar/inst/gen_samd.crossbar_samd/gen_master_slots[0].reg_slice_mi/r.r_pipe/s_ready_i_reg/C
                            (rising edge-triggered cell FDRE clocked by clk_fpga_0  {rise@0.000ns fall@10.000ns period=20.000ns})
  Destination:            design_1_i/axi_mem_intercon/xbar/inst/gen_samd.crossbar_samd/gen_master_slots[0].reg_slice_mi/r.r_pipe/skid_buffer_reg[91]/CE
                            (rising edge-triggered cell FDRE clocked by clk_fpga_0  {rise@0.000ns fall@10.000ns period=20.000ns})
  Path Group:             clk_fpga_0
  Path Type:              Setup (Max at Slow Process Corner)
  Requirement:            20.000ns  (clk_fpga_0 rise@20.000ns - clk_fpga_0 rise@0.000ns)
  Data Path Delay:        16.465ns  (logic 0.419ns (2.545%)  route 16.046ns (97.455%))
  Logic Levels:           0  
  Clock Path Skew:        -0.275ns (DCD - SCD + CPR)
    Destination Clock Delay (DCD):    2.806ns = ( 22.806 - 20.000 ) 
    Source Clock Delay      (SCD):    3.196ns
    Clock Pessimism Removal (CPR):    0.115ns
  Clock Uncertainty:      0.302ns  ((TSJ^2 + TIJ^2)^1/2 + DJ) / 2 + PE
    Total System Jitter     (TSJ):    0.071ns
    Total Input Jitter      (TIJ):    0.600ns
    Discrete Jitter          (DJ):    0.000ns
    Phase Error              (PE):    0.000ns

    Location             Delay type                Incr(ns)  Path(ns)    Netlist Resource(s)
  -------------------------------------------------------------------    -------------------
                         (clock clk_fpga_0 rise edge)
                                                      0.000     0.000 r  
    PS7_X0Y0             PS7                          0.000     0.000 r  design_1_i/processing_system7_0/inst/PS7_i/FCLKCLK[0]
                         net (fo=1, routed)           1.193     1.193    design_1_i/processing_system7_0/inst/FCLK_CLK_unbuffered[0]
    BUFGCTRL_X0Y16       BUFG (Prop_bufg_I_O)         0.101     1.294 r  design_1_i/processing_system7_0/inst/buffer_fclk_clk_0.FCLK_CLK_0_BUFG/O
                         net (fo=33471, routed)       1.902     3.196    design_1_i/axi_mem_intercon/xbar/inst/gen_samd.crossbar_samd/gen_master_slots[0].reg_slice_mi/r.r_pipe/aclk
    SLICE_X55Y108        FDRE                                         r  design_1_i/axi_mem_intercon/xbar/inst/gen_samd.crossbar_samd/gen_master_slots[0].reg_slice_mi/r.r_pipe/s_ready_i_reg/C
  -------------------------------------------------------------------    -------------------
    SLICE_X55Y108        FDRE (Prop_fdre_C_Q)         0.419     3.615 r  design_1_i/axi_mem_intercon/xbar/inst/gen_samd.crossbar_samd/gen_master_slots[0].reg_slice_mi/r.r_pipe/s_ready_i_reg/Q
                         net (fo=1049, routed)       16.046    19.661    design_1_i/axi_mem_intercon/xbar/inst/gen_samd.crossbar_samd/gen_master_slots[0].reg_slice_mi/r.r_pipe/s_ready_i_reg_0
    SLICE_X105Y1         FDRE                                         r  design_1_i/axi_mem_intercon/xbar/inst/gen_samd.crossbar_samd/gen_master_slots[0].reg_slice_mi/r.r_pipe/skid_buffer_reg[91]/CE
  -------------------------------------------------------------------    -------------------

                         (clock clk_fpga_0 rise edge)
                                                     20.000    20.000 r  
    PS7_X0Y0             PS7                          0.000    20.000 r  design_1_i/processing_system7_0/inst/PS7_i/FCLKCLK[0]
                         net (fo=1, routed)           1.088    21.088    design_1_i/processing_system7_0/inst/FCLK_CLK_unbuffered[0]
    BUFGCTRL_X0Y16       BUFG (Prop_bufg_I_O)         0.091    21.179 r  design_1_i/processing_system7_0/inst/buffer_fclk_clk_0.FCLK_CLK_0_BUFG/O
                         net (fo=33471, routed)       1.627    22.806    design_1_i/axi_mem_intercon/xbar/inst/gen_samd.crossbar_samd/gen_master_slots[0].reg_slice_mi/r.r_pipe/aclk
    SLICE_X105Y1         FDRE                                         r  design_1_i/axi_mem_intercon/xbar/inst/gen_samd.crossbar_samd/gen_master_slots[0].reg_slice_mi/r.r_pipe/skid_buffer_reg[91]/C
                         clock pessimism              0.115    22.921    
                         clock uncertainty           -0.302    22.619    
    SLICE_X105Y1         FDRE (Setup_fdre_C_CE)      -0.380    22.239    design_1_i/axi_mem_intercon/xbar/inst/gen_samd.crossbar_samd/gen_master_slots[0].reg_slice_mi/r.r_pipe/skid_buffer_reg[91]
  -------------------------------------------------------------------
                         required time                         22.239    
                         arrival time                         -19.661    
  -------------------------------------------------------------------
                         slack                                  2.578    

Slack (MET) :             2.913ns  (required time - arrival time)
  Source:                 design_1_i/MM_0/inst/gmem3_m_axi_U/bus_write/wreq_throttle/local_BUS_WVALID_reg/C
                            (rising edge-triggered cell FDRE clocked by clk_fpga_0  {rise@0.000ns fall@10.000ns period=20.000ns})
  Destination:            design_1_i/MM_0/inst/gmem3_m_axi_U/bus_write/wreq_throttle/local_BUS_WDATA_reg[362]/CE
                            (rising edge-triggered cell FDRE clocked by clk_fpga_0  {rise@0.000ns fall@10.000ns period=20.000ns})
  Path Group:             clk_fpga_0
  Path Type:              Setup (Max at Slow Process Corner)
  Requirement:            20.000ns  (clk_fpga_0 rise@20.000ns - clk_fpga_0 rise@0.000ns)
  Data Path Delay:        16.255ns  (logic 2.457ns (15.116%)  route 13.798ns (84.884%))
  Logic Levels:           13  (LUT2=4 LUT3=1 LUT4=1 LUT5=1 LUT6=6)
  Clock Path Skew:        -0.124ns (DCD - SCD + CPR)
    Destination Clock Delay (DCD):    2.759ns = ( 22.760 - 20.000 ) 
    Source Clock Delay      (SCD):    2.998ns
    Clock Pessimism Removal (CPR):    0.115ns
  Clock Uncertainty:      0.302ns  ((TSJ^2 + TIJ^2)^1/2 + DJ) / 2 + PE
    Total System Jitter     (TSJ):    0.071ns
    Total Input Jitter      (TIJ):    0.600ns
    Discrete Jitter          (DJ):    0.000ns
    Phase Error              (PE):    0.000ns

    Location             Delay type                Incr(ns)  Path(ns)    Netlist Resource(s)
  -------------------------------------------------------------------    -------------------
                         (clock clk_fpga_0 rise edge)
                                                      0.000     0.000 r  
    PS7_X0Y0             PS7                          0.000     0.000 r  design_1_i/processing_system7_0/inst/PS7_i/FCLKCLK[0]
                         net (fo=1, routed)           1.193     1.193    design_1_i/processing_system7_0/inst/FCLK_CLK_unbuffered[0]
    BUFGCTRL_X0Y16       BUFG (Prop_bufg_I_O)         0.101     1.294 r  design_1_i/processing_system7_0/inst/buffer_fclk_clk_0.FCLK_CLK_0_BUFG/O
                         net (fo=33471, routed)       1.704     2.998    design_1_i/MM_0/inst/gmem3_m_axi_U/bus_write/wreq_throttle/ap_clk
    SLICE_X64Y81         FDRE                                         r  design_1_i/MM_0/inst/gmem3_m_axi_U/bus_write/wreq_throttle/local_BUS_WVALID_reg/C
  -------------------------------------------------------------------    -------------------
    SLICE_X64Y81         FDRE (Prop_fdre_C_Q)         0.456     3.454 r  design_1_i/MM_0/inst/gmem3_m_axi_U/bus_write/wreq_throttle/local_BUS_WVALID_reg/Q
                         net (fo=9, routed)           0.874     4.328    design_1_i/axi_mem_intercon/s03_couplers/auto_pc/inst/gen_axi4_axi3.axi3_conv_inst/USE_WRITE.write_addr_inst/USE_BURSTS.cmd_queue/inst/s_axi_wvalid
    SLICE_X62Y79         LUT2 (Prop_lut2_I0_O)        0.124     4.452 r  design_1_i/axi_mem_intercon/s03_couplers/auto_pc/inst/gen_axi4_axi3.axi3_conv_inst/USE_WRITE.write_addr_inst/USE_BURSTS.cmd_queue/inst/m_axi_wvalid_INST_0/O
                         net (fo=2, routed)           1.244     5.696    design_1_i/axi_mem_intercon/xbar/inst/gen_samd.crossbar_samd/gen_slave_slots[3].gen_si_write.wdata_router_w/wrouter_aw_fifo/s_axi_wvalid[0]
    SLICE_X57Y95         LUT2 (Prop_lut2_I1_O)        0.124     5.820 r  design_1_i/axi_mem_intercon/xbar/inst/gen_samd.crossbar_samd/gen_slave_slots[3].gen_si_write.wdata_router_w/wrouter_aw_fifo/m_axi_wvalid[3]_INST_0_i_2/O
                         net (fo=5, routed)           0.742     6.562    design_1_i/axi_mem_intercon/xbar/inst/gen_samd.crossbar_samd/gen_master_slots[3].gen_mi_write.wdata_mux_w/gen_wmux.wmux_aw_fifo/gen_srls[0].gen_rep[1].srl_nx1/m_axi_wvalid[3]_1
    SLICE_X53Y98         LUT6 (Prop_lut6_I4_O)        0.124     6.686 r  design_1_i/axi_mem_intercon/xbar/inst/gen_samd.crossbar_samd/gen_master_slots[3].gen_mi_write.wdata_mux_w/gen_wmux.wmux_aw_fifo/gen_srls[0].gen_rep[1].srl_nx1/m_axi_wvalid[3]_INST_0/O
                         net (fo=6, routed)           1.157     7.843    design_1_i/axi_mem_intercon/m03_couplers/auto_ds/inst/gen_downsizer.gen_cascaded_downsizer.first_downsizer_inst/USE_WRITE.write_addr_inst/cmd_queue/inst/s_axi_wvalid
    SLICE_X45Y114        LUT4 (Prop_lut4_I2_O)        0.124     7.967 r  design_1_i/axi_mem_intercon/m03_couplers/auto_ds/inst/gen_downsizer.gen_cascaded_downsizer.first_downsizer_inst/USE_WRITE.write_addr_inst/cmd_queue/inst/s_axi_wready_INST_0_i_3/O
                         net (fo=29, routed)          0.985     8.952    design_1_i/axi_mem_intercon/m03_couplers/auto_ds/inst/gen_downsizer.gen_cascaded_downsizer.first_downsizer_inst/USE_WRITE.write_data_inst/E[0]
    SLICE_X44Y111        LUT6 (Prop_lut6_I4_O)        0.124     9.076 r  design_1_i/axi_mem_intercon/m03_couplers/auto_ds/inst/gen_downsizer.gen_cascaded_downsizer.first_downsizer_inst/USE_WRITE.write_data_inst/s_axi_wready_INST_0_i_6/O
                         net (fo=1, routed)           0.633     9.709    design_1_i/axi_mem_intercon/m03_couplers/auto_ds/inst/gen_downsizer.gen_cascaded_downsizer.first_downsizer_inst/USE_WRITE.write_addr_inst/cmd_queue/inst/s_axi_wready_0
    SLICE_X44Y112        LUT6 (Prop_lut6_I5_O)        0.124     9.833 r  design_1_i/axi_mem_intercon/m03_couplers/auto_ds/inst/gen_downsizer.gen_cascaded_downsizer.first_downsizer_inst/USE_WRITE.write_addr_inst/cmd_queue/inst/s_axi_wready_INST_0/O
                         net (fo=2, routed)           1.035    10.868    design_1_i/axi_mem_intercon/xbar/inst/gen_samd.crossbar_samd/gen_master_slots[3].gen_mi_write.wdata_mux_w/gen_wmux.wmux_aw_fifo/m_axi_wready[0]
    SLICE_X53Y97         LUT5 (Prop_lut5_I2_O)        0.124    10.992 r  design_1_i/axi_mem_intercon/xbar/inst/gen_samd.crossbar_samd/gen_master_slots[3].gen_mi_write.wdata_mux_w/gen_wmux.wmux_aw_fifo/s_axi_wready[3]_INST_0_i_7/O
                         net (fo=1, routed)           0.885    11.877    design_1_i/axi_mem_intercon/xbar/inst/gen_samd.crossbar_samd/gen_slave_slots[3].gen_si_write.wdata_router_w/wrouter_aw_fifo/gen_srls[0].gen_rep[2].srl_nx1/s_axi_wready[3]_INST_0_i_1_2
    SLICE_X54Y96         LUT6 (Prop_lut6_I5_O)        0.124    12.001 r  design_1_i/axi_mem_intercon/xbar/inst/gen_samd.crossbar_samd/gen_slave_slots[3].gen_si_write.wdata_router_w/wrouter_aw_fifo/gen_srls[0].gen_rep[2].srl_nx1/s_axi_wready[3]_INST_0_i_2/O
                         net (fo=1, routed)           0.296    12.297    design_1_i/axi_mem_intercon/xbar/inst/gen_samd.crossbar_samd/gen_slave_slots[3].gen_si_write.wdata_router_w/wrouter_aw_fifo/gen_srls[0].gen_rep[2].srl_nx1/s_axi_wready[3]_INST_0_i_2_n_0
    SLICE_X55Y96         LUT6 (Prop_lut6_I0_O)        0.124    12.421 r  design_1_i/axi_mem_intercon/xbar/inst/gen_samd.crossbar_samd/gen_slave_slots[3].gen_si_write.wdata_router_w/wrouter_aw_fifo/gen_srls[0].gen_rep[2].srl_nx1/s_axi_wready[3]_INST_0_i_1/O
                         net (fo=2, routed)           0.439    12.860    design_1_i/axi_mem_intercon/xbar/inst/gen_samd.crossbar_samd/gen_slave_slots[3].gen_si_write.wdata_router_w/wrouter_aw_fifo/m_aready0
    SLICE_X57Y95         LUT2 (Prop_lut2_I1_O)        0.120    12.980 r  design_1_i/axi_mem_intercon/xbar/inst/gen_samd.crossbar_samd/gen_slave_slots[3].gen_si_write.wdata_router_w/wrouter_aw_fifo/s_axi_wready[3]_INST_0/O
                         net (fo=5, routed)           1.208    14.188    design_1_i/axi_mem_intercon/s03_couplers/auto_pc/inst/gen_axi4_axi3.axi3_conv_inst/USE_WRITE.write_addr_inst/USE_BURSTS.cmd_queue/inst/m_axi_wready
    SLICE_X62Y79         LUT3 (Prop_lut3_I2_O)        0.319    14.507 r  design_1_i/axi_mem_intercon/s03_couplers/auto_pc/inst/gen_axi4_axi3.axi3_conv_inst/USE_WRITE.write_addr_inst/USE_BURSTS.cmd_queue/inst/s_axi_wready_INST_0/O
                         net (fo=9, routed)           0.462    14.969    design_1_i/MM_0/inst/gmem3_m_axi_U/bus_write/wreq_throttle/rs_req/m_axi_gmem3_WREADY
    SLICE_X61Y81         LUT6 (Prop_lut6_I2_O)        0.328    15.297 r  design_1_i/MM_0/inst/gmem3_m_axi_U/bus_write/wreq_throttle/rs_req/num_beat_cnt[7]_i_2/O
                         net (fo=20, routed)          1.049    16.346    design_1_i/MM_0/inst/gmem3_m_axi_U/bus_write/wreq_throttle/rs_req/E[0]
    SLICE_X52Y77         LUT2 (Prop_lut2_I1_O)        0.118    16.464 r  design_1_i/MM_0/inst/gmem3_m_axi_U/bus_write/wreq_throttle/rs_req/local_BUS_WDATA[511]_i_2/O
                         net (fo=576, routed)         2.789    19.253    design_1_i/MM_0/inst/gmem3_m_axi_U/bus_write/wreq_throttle/local_BUS_WSTRB
    SLICE_X9Y43          FDRE                                         r  design_1_i/MM_0/inst/gmem3_m_axi_U/bus_write/wreq_throttle/local_BUS_WDATA_reg[362]/CE
  -------------------------------------------------------------------    -------------------

                         (clock clk_fpga_0 rise edge)
                                                     20.000    20.000 r  
    PS7_X0Y0             PS7                          0.000    20.000 r  design_1_i/processing_system7_0/inst/PS7_i/FCLKCLK[0]
                         net (fo=1, routed)           1.088    21.088    design_1_i/processing_system7_0/inst/FCLK_CLK_unbuffered[0]
    BUFGCTRL_X0Y16       BUFG (Prop_bufg_I_O)         0.091    21.179 r  design_1_i/processing_system7_0/inst/buffer_fclk_clk_0.FCLK_CLK_0_BUFG/O
                         net (fo=33471, routed)       1.580    22.760    design_1_i/MM_0/inst/gmem3_m_axi_U/bus_write/wreq_throttle/ap_clk
    SLICE_X9Y43          FDRE                                         r  design_1_i/MM_0/inst/gmem3_m_axi_U/bus_write/wreq_throttle/local_BUS_WDATA_reg[362]/C
                         clock pessimism              0.115    22.874    
                         clock uncertainty           -0.302    22.572    
    SLICE_X9Y43          FDRE (Setup_fdre_C_CE)      -0.407    22.165    design_1_i/MM_0/inst/gmem3_m_axi_U/bus_write/wreq_throttle/local_BUS_WDATA_reg[362]
  -------------------------------------------------------------------
                         required time                         22.165    
                         arrival time                         -19.253    
  -------------------------------------------------------------------
                         slack                                  2.913    

Slack (MET) :             2.913ns  (required time - arrival time)
  Source:                 design_1_i/MM_0/inst/gmem3_m_axi_U/bus_write/wreq_throttle/local_BUS_WVALID_reg/C
                            (rising edge-triggered cell FDRE clocked by clk_fpga_0  {rise@0.000ns fall@10.000ns period=20.000ns})
  Destination:            design_1_i/MM_0/inst/gmem3_m_axi_U/bus_write/wreq_throttle/local_BUS_WDATA_reg[363]/CE
                            (rising edge-triggered cell FDRE clocked by clk_fpga_0  {rise@0.000ns fall@10.000ns period=20.000ns})
  Path Group:             clk_fpga_0
  Path Type:              Setup (Max at Slow Process Corner)
  Requirement:            20.000ns  (clk_fpga_0 rise@20.000ns - clk_fpga_0 rise@0.000ns)
  Data Path Delay:        16.255ns  (logic 2.457ns (15.116%)  route 13.798ns (84.884%))
  Logic Levels:           13  (LUT2=4 LUT3=1 LUT4=1 LUT5=1 LUT6=6)
  Clock Path Skew:        -0.124ns (DCD - SCD + CPR)
    Destination Clock Delay (DCD):    2.759ns = ( 22.760 - 20.000 ) 
    Source Clock Delay      (SCD):    2.998ns
    Clock Pessimism Removal (CPR):    0.115ns
  Clock Uncertainty:      0.302ns  ((TSJ^2 + TIJ^2)^1/2 + DJ) / 2 + PE
    Total System Jitter     (TSJ):    0.071ns
    Total Input Jitter      (TIJ):    0.600ns
    Discrete Jitter          (DJ):    0.000ns
    Phase Error              (PE):    0.000ns

    Location             Delay type                Incr(ns)  Path(ns)    Netlist Resource(s)
  -------------------------------------------------------------------    -------------------
                         (clock clk_fpga_0 rise edge)
                                                      0.000     0.000 r  
    PS7_X0Y0             PS7                          0.000     0.000 r  design_1_i/processing_system7_0/inst/PS7_i/FCLKCLK[0]
                         net (fo=1, routed)           1.193     1.193    design_1_i/processing_system7_0/inst/FCLK_CLK_unbuffered[0]
    BUFGCTRL_X0Y16       BUFG (Prop_bufg_I_O)         0.101     1.294 r  design_1_i/processing_system7_0/inst/buffer_fclk_clk_0.FCLK_CLK_0_BUFG/O
                         net (fo=33471, routed)       1.704     2.998    design_1_i/MM_0/inst/gmem3_m_axi_U/bus_write/wreq_throttle/ap_clk
    SLICE_X64Y81         FDRE                                         r  design_1_i/MM_0/inst/gmem3_m_axi_U/bus_write/wreq_throttle/local_BUS_WVALID_reg/C
  -------------------------------------------------------------------    -------------------
    SLICE_X64Y81         FDRE (Prop_fdre_C_Q)         0.456     3.454 r  design_1_i/MM_0/inst/gmem3_m_axi_U/bus_write/wreq_throttle/local_BUS_WVALID_reg/Q
                         net (fo=9, routed)           0.874     4.328    design_1_i/axi_mem_intercon/s03_couplers/auto_pc/inst/gen_axi4_axi3.axi3_conv_inst/USE_WRITE.write_addr_inst/USE_BURSTS.cmd_queue/inst/s_axi_wvalid
    SLICE_X62Y79         LUT2 (Prop_lut2_I0_O)        0.124     4.452 r  design_1_i/axi_mem_intercon/s03_couplers/auto_pc/inst/gen_axi4_axi3.axi3_conv_inst/USE_WRITE.write_addr_inst/USE_BURSTS.cmd_queue/inst/m_axi_wvalid_INST_0/O
                         net (fo=2, routed)           1.244     5.696    design_1_i/axi_mem_intercon/xbar/inst/gen_samd.crossbar_samd/gen_slave_slots[3].gen_si_write.wdata_router_w/wrouter_aw_fifo/s_axi_wvalid[0]
    SLICE_X57Y95         LUT2 (Prop_lut2_I1_O)        0.124     5.820 r  design_1_i/axi_mem_intercon/xbar/inst/gen_samd.crossbar_samd/gen_slave_slots[3].gen_si_write.wdata_router_w/wrouter_aw_fifo/m_axi_wvalid[3]_INST_0_i_2/O
                         net (fo=5, routed)           0.742     6.562    design_1_i/axi_mem_intercon/xbar/inst/gen_samd.crossbar_samd/gen_master_slots[3].gen_mi_write.wdata_mux_w/gen_wmux.wmux_aw_fifo/gen_srls[0].gen_rep[1].srl_nx1/m_axi_wvalid[3]_1
    SLICE_X53Y98         LUT6 (Prop_lut6_I4_O)        0.124     6.686 r  design_1_i/axi_mem_intercon/xbar/inst/gen_samd.crossbar_samd/gen_master_slots[3].gen_mi_write.wdata_mux_w/gen_wmux.wmux_aw_fifo/gen_srls[0].gen_rep[1].srl_nx1/m_axi_wvalid[3]_INST_0/O
                         net (fo=6, routed)           1.157     7.843    design_1_i/axi_mem_intercon/m03_couplers/auto_ds/inst/gen_downsizer.gen_cascaded_downsizer.first_downsizer_inst/USE_WRITE.write_addr_inst/cmd_queue/inst/s_axi_wvalid
    SLICE_X45Y114        LUT4 (Prop_lut4_I2_O)        0.124     7.967 r  design_1_i/axi_mem_intercon/m03_couplers/auto_ds/inst/gen_downsizer.gen_cascaded_downsizer.first_downsizer_inst/USE_WRITE.write_addr_inst/cmd_queue/inst/s_axi_wready_INST_0_i_3/O
                         net (fo=29, routed)          0.985     8.952    design_1_i/axi_mem_intercon/m03_couplers/auto_ds/inst/gen_downsizer.gen_cascaded_downsizer.first_downsizer_inst/USE_WRITE.write_data_inst/E[0]
    SLICE_X44Y111        LUT6 (Prop_lut6_I4_O)        0.124     9.076 r  design_1_i/axi_mem_intercon/m03_couplers/auto_ds/inst/gen_downsizer.gen_cascaded_downsizer.first_downsizer_inst/USE_WRITE.write_data_inst/s_axi_wready_INST_0_i_6/O
                         net (fo=1, routed)           0.633     9.709    design_1_i/axi_mem_intercon/m03_couplers/auto_ds/inst/gen_downsizer.gen_cascaded_downsizer.first_downsizer_inst/USE_WRITE.write_addr_inst/cmd_queue/inst/s_axi_wready_0
    SLICE_X44Y112        LUT6 (Prop_lut6_I5_O)        0.124     9.833 r  design_1_i/axi_mem_intercon/m03_couplers/auto_ds/inst/gen_downsizer.gen_cascaded_downsizer.first_downsizer_inst/USE_WRITE.write_addr_inst/cmd_queue/inst/s_axi_wready_INST_0/O
                         net (fo=2, routed)           1.035    10.868    design_1_i/axi_mem_intercon/xbar/inst/gen_samd.crossbar_samd/gen_master_slots[3].gen_mi_write.wdata_mux_w/gen_wmux.wmux_aw_fifo/m_axi_wready[0]
    SLICE_X53Y97         LUT5 (Prop_lut5_I2_O)        0.124    10.992 r  design_1_i/axi_mem_intercon/xbar/inst/gen_samd.crossbar_samd/gen_master_slots[3].gen_mi_write.wdata_mux_w/gen_wmux.wmux_aw_fifo/s_axi_wready[3]_INST_0_i_7/O
                         net (fo=1, routed)           0.885    11.877    design_1_i/axi_mem_intercon/xbar/inst/gen_samd.crossbar_samd/gen_slave_slots[3].gen_si_write.wdata_router_w/wrouter_aw_fifo/gen_srls[0].gen_rep[2].srl_nx1/s_axi_wready[3]_INST_0_i_1_2
    SLICE_X54Y96         LUT6 (Prop_lut6_I5_O)        0.124    12.001 r  design_1_i/axi_mem_intercon/xbar/inst/gen_samd.crossbar_samd/gen_slave_slots[3].gen_si_write.wdata_router_w/wrouter_aw_fifo/gen_srls[0].gen_rep[2].srl_nx1/s_axi_wready[3]_INST_0_i_2/O
                         net (fo=1, routed)           0.296    12.297    design_1_i/axi_mem_intercon/xbar/inst/gen_samd.crossbar_samd/gen_slave_slots[3].gen_si_write.wdata_router_w/wrouter_aw_fifo/gen_srls[0].gen_rep[2].srl_nx1/s_axi_wready[3]_INST_0_i_2_n_0
    SLICE_X55Y96         LUT6 (Prop_lut6_I0_O)        0.124    12.421 r  design_1_i/axi_mem_intercon/xbar/inst/gen_samd.crossbar_samd/gen_slave_slots[3].gen_si_write.wdata_router_w/wrouter_aw_fifo/gen_srls[0].gen_rep[2].srl_nx1/s_axi_wready[3]_INST_0_i_1/O
                         net (fo=2, routed)           0.439    12.860    design_1_i/axi_mem_intercon/xbar/inst/gen_samd.crossbar_samd/gen_slave_slots[3].gen_si_write.wdata_router_w/wrouter_aw_fifo/m_aready0
    SLICE_X57Y95         LUT2 (Prop_lut2_I1_O)        0.120    12.980 r  design_1_i/axi_mem_intercon/xbar/inst/gen_samd.crossbar_samd/gen_slave_slots[3].gen_si_write.wdata_router_w/wrouter_aw_fifo/s_axi_wready[3]_INST_0/O
                         net (fo=5, routed)           1.208    14.188    design_1_i/axi_mem_intercon/s03_couplers/auto_pc/inst/gen_axi4_axi3.axi3_conv_inst/USE_WRITE.write_addr_inst/USE_BURSTS.cmd_queue/inst/m_axi_wready
    SLICE_X62Y79         LUT3 (Prop_lut3_I2_O)        0.319    14.507 r  design_1_i/axi_mem_intercon/s03_couplers/auto_pc/inst/gen_axi4_axi3.axi3_conv_inst/USE_WRITE.write_addr_inst/USE_BURSTS.cmd_queue/inst/s_axi_wready_INST_0/O
                         net (fo=9, routed)           0.462    14.969    design_1_i/MM_0/inst/gmem3_m_axi_U/bus_write/wreq_throttle/rs_req/m_axi_gmem3_WREADY
    SLICE_X61Y81         LUT6 (Prop_lut6_I2_O)        0.328    15.297 r  design_1_i/MM_0/inst/gmem3_m_axi_U/bus_write/wreq_throttle/rs_req/num_beat_cnt[7]_i_2/O
                         net (fo=20, routed)          1.049    16.346    design_1_i/MM_0/inst/gmem3_m_axi_U/bus_write/wreq_throttle/rs_req/E[0]
    SLICE_X52Y77         LUT2 (Prop_lut2_I1_O)        0.118    16.464 r  design_1_i/MM_0/inst/gmem3_m_axi_U/bus_write/wreq_throttle/rs_req/local_BUS_WDATA[511]_i_2/O
                         net (fo=576, routed)         2.789    19.253    design_1_i/MM_0/inst/gmem3_m_axi_U/bus_write/wreq_throttle/local_BUS_WSTRB
    SLICE_X9Y43          FDRE                                         r  design_1_i/MM_0/inst/gmem3_m_axi_U/bus_write/wreq_throttle/local_BUS_WDATA_reg[363]/CE
  -------------------------------------------------------------------    -------------------

                         (clock clk_fpga_0 rise edge)
                                                     20.000    20.000 r  
    PS7_X0Y0             PS7                          0.000    20.000 r  design_1_i/processing_system7_0/inst/PS7_i/FCLKCLK[0]
                         net (fo=1, routed)           1.088    21.088    design_1_i/processing_system7_0/inst/FCLK_CLK_unbuffered[0]
    BUFGCTRL_X0Y16       BUFG (Prop_bufg_I_O)         0.091    21.179 r  design_1_i/processing_system7_0/inst/buffer_fclk_clk_0.FCLK_CLK_0_BUFG/O
                         net (fo=33471, routed)       1.580    22.760    design_1_i/MM_0/inst/gmem3_m_axi_U/bus_write/wreq_throttle/ap_clk
    SLICE_X9Y43          FDRE                                         r  design_1_i/MM_0/inst/gmem3_m_axi_U/bus_write/wreq_throttle/local_BUS_WDATA_reg[363]/C
                         clock pessimism              0.115    22.874    
                         clock uncertainty           -0.302    22.572    
    SLICE_X9Y43          FDRE (Setup_fdre_C_CE)      -0.407    22.165    design_1_i/MM_0/inst/gmem3_m_axi_U/bus_write/wreq_throttle/local_BUS_WDATA_reg[363]
  -------------------------------------------------------------------
                         required time                         22.165    
                         arrival time                         -19.253    
  -------------------------------------------------------------------
                         slack                                  2.913    





Min Delay Paths
--------------------------------------------------------------------------------------
Slack (MET) :             0.020ns  (arrival time - required time)
  Source:                 <hidden>
                            (rising edge-triggered cell FDCE clocked by clk_fpga_0  {rise@0.000ns fall@10.000ns period=20.000ns})
  Destination:            <hidden>
                            (rising edge-triggered cell RAMD32 clocked by clk_fpga_0  {rise@0.000ns fall@10.000ns period=20.000ns})
  Path Group:             clk_fpga_0
  Path Type:              Hold (Min at Fast Process Corner)
  Requirement:            0.000ns  (clk_fpga_0 rise@0.000ns - clk_fpga_0 rise@0.000ns)
  Data Path Delay:        0.233ns  (logic 0.141ns (60.453%)  route 0.092ns (39.547%))
  Logic Levels:           0  
  Clock Path Skew:        0.013ns (DCD - SCD - CPR)
    Destination Clock Delay (DCD):    1.266ns
    Source Clock Delay      (SCD):    0.966ns
    Clock Pessimism Removal (CPR):    0.287ns

    Location             Delay type                Incr(ns)  Path(ns)    Netlist Resource(s)
  -------------------------------------------------------------------    -------------------
                         (clock clk_fpga_0 rise edge)
                                                      0.000     0.000 r  
    PS7_X0Y0             PS7                          0.000     0.000 r  design_1_i/processing_system7_0/inst/PS7_i/FCLKCLK[0]
                         net (fo=1, routed)           0.310     0.310    design_1_i/processing_system7_0/inst/FCLK_CLK_unbuffered[0]
    BUFGCTRL_X0Y16       BUFG (Prop_bufg_I_O)         0.026     0.336 r  design_1_i/processing_system7_0/inst/buffer_fclk_clk_0.FCLK_CLK_0_BUFG/O
                         net (fo=33471, routed)       0.630     0.966    <hidden>
    SLICE_X43Y119        FDCE                                         r  <hidden>
  -------------------------------------------------------------------    -------------------
    SLICE_X43Y119        FDCE (Prop_fdce_C_Q)         0.141     1.107 r  <hidden>
                         net (fo=10, routed)          0.092     1.199    <hidden>
    SLICE_X42Y119        RAMD32                                       r  <hidden>
  -------------------------------------------------------------------    -------------------

                         (clock clk_fpga_0 rise edge)
                                                      0.000     0.000 r  
    PS7_X0Y0             PS7                          0.000     0.000 r  design_1_i/processing_system7_0/inst/PS7_i/FCLKCLK[0]
                         net (fo=1, routed)           0.337     0.337    design_1_i/processing_system7_0/inst/FCLK_CLK_unbuffered[0]
    BUFGCTRL_X0Y16       BUFG (Prop_bufg_I_O)         0.029     0.366 r  design_1_i/processing_system7_0/inst/buffer_fclk_clk_0.FCLK_CLK_0_BUFG/O
                         net (fo=33471, routed)       0.900     1.266    <hidden>
    SLICE_X42Y119        RAMD32                                       r  <hidden>
                         clock pessimism             -0.287     0.979    
    SLICE_X42Y119        RAMD32 (Hold_ramd32_CLK_WADR4)
                                                      0.200     1.179    <hidden>
  -------------------------------------------------------------------
                         required time                         -1.179    
                         arrival time                           1.199    
  -------------------------------------------------------------------
                         slack                                  0.020    

Slack (MET) :             0.020ns  (arrival time - required time)
  Source:                 <hidden>
                            (rising edge-triggered cell FDCE clocked by clk_fpga_0  {rise@0.000ns fall@10.000ns period=20.000ns})
  Destination:            <hidden>
                            (rising edge-triggered cell RAMD32 clocked by clk_fpga_0  {rise@0.000ns fall@10.000ns period=20.000ns})
  Path Group:             clk_fpga_0
  Path Type:              Hold (Min at Fast Process Corner)
  Requirement:            0.000ns  (clk_fpga_0 rise@0.000ns - clk_fpga_0 rise@0.000ns)
  Data Path Delay:        0.233ns  (logic 0.141ns (60.453%)  route 0.092ns (39.547%))
  Logic Levels:           0  
  Clock Path Skew:        0.013ns (DCD - SCD - CPR)
    Destination Clock Delay (DCD):    1.266ns
    Source Clock Delay      (SCD):    0.966ns
    Clock Pessimism Removal (CPR):    0.287ns

    Location             Delay type                Incr(ns)  Path(ns)    Netlist Resource(s)
  -------------------------------------------------------------------    -------------------
                         (clock clk_fpga_0 rise edge)
                                                      0.000     0.000 r  
    PS7_X0Y0             PS7                          0.000     0.000 r  design_1_i/processing_system7_0/inst/PS7_i/FCLKCLK[0]
                         net (fo=1, routed)           0.310     0.310    design_1_i/processing_system7_0/inst/FCLK_CLK_unbuffered[0]
    BUFGCTRL_X0Y16       BUFG (Prop_bufg_I_O)         0.026     0.336 r  design_1_i/processing_system7_0/inst/buffer_fclk_clk_0.FCLK_CLK_0_BUFG/O
                         net (fo=33471, routed)       0.630     0.966    <hidden>
    SLICE_X43Y119        FDCE                                         r  <hidden>
  -------------------------------------------------------------------    -------------------
    SLICE_X43Y119        FDCE (Prop_fdce_C_Q)         0.141     1.107 r  <hidden>
                         net (fo=10, routed)          0.092     1.199    <hidden>
    SLICE_X42Y119        RAMD32                                       r  <hidden>
  -------------------------------------------------------------------    -------------------

                         (clock clk_fpga_0 rise edge)
                                                      0.000     0.000 r  
    PS7_X0Y0             PS7                          0.000     0.000 r  design_1_i/processing_system7_0/inst/PS7_i/FCLKCLK[0]
                         net (fo=1, routed)           0.337     0.337    design_1_i/processing_system7_0/inst/FCLK_CLK_unbuffered[0]
    BUFGCTRL_X0Y16       BUFG (Prop_bufg_I_O)         0.029     0.366 r  design_1_i/processing_system7_0/inst/buffer_fclk_clk_0.FCLK_CLK_0_BUFG/O
                         net (fo=33471, routed)       0.900     1.266    <hidden>
    SLICE_X42Y119        RAMD32                                       r  <hidden>
                         clock pessimism             -0.287     0.979    
    SLICE_X42Y119        RAMD32 (Hold_ramd32_CLK_WADR4)
                                                      0.200     1.179    <hidden>
  -------------------------------------------------------------------
                         required time                         -1.179    
                         arrival time                           1.199    
  -------------------------------------------------------------------
                         slack                                  0.020    

Slack (MET) :             0.020ns  (arrival time - required time)
  Source:                 <hidden>
                            (rising edge-triggered cell FDCE clocked by clk_fpga_0  {rise@0.000ns fall@10.000ns period=20.000ns})
  Destination:            <hidden>
                            (rising edge-triggered cell RAMD32 clocked by clk_fpga_0  {rise@0.000ns fall@10.000ns period=20.000ns})
  Path Group:             clk_fpga_0
  Path Type:              Hold (Min at Fast Process Corner)
  Requirement:            0.000ns  (clk_fpga_0 rise@0.000ns - clk_fpga_0 rise@0.000ns)
  Data Path Delay:        0.233ns  (logic 0.141ns (60.453%)  route 0.092ns (39.547%))
  Logic Levels:           0  
  Clock Path Skew:        0.013ns (DCD - SCD - CPR)
    Destination Clock Delay (DCD):    1.266ns
    Source Clock Delay      (SCD):    0.966ns
    Clock Pessimism Removal (CPR):    0.287ns

    Location             Delay type                Incr(ns)  Path(ns)    Netlist Resource(s)
  -------------------------------------------------------------------    -------------------
                         (clock clk_fpga_0 rise edge)
                                                      0.000     0.000 r  
    PS7_X0Y0             PS7                          0.000     0.000 r  design_1_i/processing_system7_0/inst/PS7_i/FCLKCLK[0]
                         net (fo=1, routed)           0.310     0.310    design_1_i/processing_system7_0/inst/FCLK_CLK_unbuffered[0]
    BUFGCTRL_X0Y16       BUFG (Prop_bufg_I_O)         0.026     0.336 r  design_1_i/processing_system7_0/inst/buffer_fclk_clk_0.FCLK_CLK_0_BUFG/O
                         net (fo=33471, routed)       0.630     0.966    <hidden>
    SLICE_X43Y119        FDCE                                         r  <hidden>
  -------------------------------------------------------------------    -------------------
    SLICE_X43Y119        FDCE (Prop_fdce_C_Q)         0.141     1.107 r  <hidden>
                         net (fo=10, routed)          0.092     1.199    <hidden>
    SLICE_X42Y119        RAMD32                                       r  <hidden>
  -------------------------------------------------------------------    -------------------

                         (clock clk_fpga_0 rise edge)
                                                      0.000     0.000 r  
    PS7_X0Y0             PS7                          0.000     0.000 r  design_1_i/processing_system7_0/inst/PS7_i/FCLKCLK[0]
                         net (fo=1, routed)           0.337     0.337    design_1_i/processing_system7_0/inst/FCLK_CLK_unbuffered[0]
    BUFGCTRL_X0Y16       BUFG (Prop_bufg_I_O)         0.029     0.366 r  design_1_i/processing_system7_0/inst/buffer_fclk_clk_0.FCLK_CLK_0_BUFG/O
                         net (fo=33471, routed)       0.900     1.266    <hidden>
    SLICE_X42Y119        RAMD32                                       r  <hidden>
                         clock pessimism             -0.287     0.979    
    SLICE_X42Y119        RAMD32 (Hold_ramd32_CLK_WADR4)
                                                      0.200     1.179    <hidden>
  -------------------------------------------------------------------
                         required time                         -1.179    
                         arrival time                           1.199    
  -------------------------------------------------------------------
                         slack                                  0.020    

Slack (MET) :             0.020ns  (arrival time - required time)
  Source:                 <hidden>
                            (rising edge-triggered cell FDCE clocked by clk_fpga_0  {rise@0.000ns fall@10.000ns period=20.000ns})
  Destination:            <hidden>
                            (rising edge-triggered cell RAMD32 clocked by clk_fpga_0  {rise@0.000ns fall@10.000ns period=20.000ns})
  Path Group:             clk_fpga_0
  Path Type:              Hold (Min at Fast Process Corner)
  Requirement:            0.000ns  (clk_fpga_0 rise@0.000ns - clk_fpga_0 rise@0.000ns)
  Data Path Delay:        0.233ns  (logic 0.141ns (60.453%)  route 0.092ns (39.547%))
  Logic Levels:           0  
  Clock Path Skew:        0.013ns (DCD - SCD - CPR)
    Destination Clock Delay (DCD):    1.266ns
    Source Clock Delay      (SCD):    0.966ns
    Clock Pessimism Removal (CPR):    0.287ns

    Location             Delay type                Incr(ns)  Path(ns)    Netlist Resource(s)
  -------------------------------------------------------------------    -------------------
                         (clock clk_fpga_0 rise edge)
                                                      0.000     0.000 r  
    PS7_X0Y0             PS7                          0.000     0.000 r  design_1_i/processing_system7_0/inst/PS7_i/FCLKCLK[0]
                         net (fo=1, routed)           0.310     0.310    design_1_i/processing_system7_0/inst/FCLK_CLK_unbuffered[0]
    BUFGCTRL_X0Y16       BUFG (Prop_bufg_I_O)         0.026     0.336 r  design_1_i/processing_system7_0/inst/buffer_fclk_clk_0.FCLK_CLK_0_BUFG/O
                         net (fo=33471, routed)       0.630     0.966    <hidden>
    SLICE_X43Y119        FDCE                                         r  <hidden>
  -------------------------------------------------------------------    -------------------
    SLICE_X43Y119        FDCE (Prop_fdce_C_Q)         0.141     1.107 r  <hidden>
                         net (fo=10, routed)          0.092     1.199    <hidden>
    SLICE_X42Y119        RAMD32                                       r  <hidden>
  -------------------------------------------------------------------    -------------------

                         (clock clk_fpga_0 rise edge)
                                                      0.000     0.000 r  
    PS7_X0Y0             PS7                          0.000     0.000 r  design_1_i/processing_system7_0/inst/PS7_i/FCLKCLK[0]
                         net (fo=1, routed)           0.337     0.337    design_1_i/processing_system7_0/inst/FCLK_CLK_unbuffered[0]
    BUFGCTRL_X0Y16       BUFG (Prop_bufg_I_O)         0.029     0.366 r  design_1_i/processing_system7_0/inst/buffer_fclk_clk_0.FCLK_CLK_0_BUFG/O
                         net (fo=33471, routed)       0.900     1.266    <hidden>
    SLICE_X42Y119        RAMD32                                       r  <hidden>
                         clock pessimism             -0.287     0.979    
    SLICE_X42Y119        RAMD32 (Hold_ramd32_CLK_WADR4)
                                                      0.200     1.179    <hidden>
  -------------------------------------------------------------------
                         required time                         -1.179    
                         arrival time                           1.199    
  -------------------------------------------------------------------
                         slack                                  0.020    

Slack (MET) :             0.020ns  (arrival time - required time)
  Source:                 <hidden>
                            (rising edge-triggered cell FDCE clocked by clk_fpga_0  {rise@0.000ns fall@10.000ns period=20.000ns})
  Destination:            <hidden>
                            (rising edge-triggered cell RAMD32 clocked by clk_fpga_0  {rise@0.000ns fall@10.000ns period=20.000ns})
  Path Group:             clk_fpga_0
  Path Type:              Hold (Min at Fast Process Corner)
  Requirement:            0.000ns  (clk_fpga_0 rise@0.000ns - clk_fpga_0 rise@0.000ns)
  Data Path Delay:        0.233ns  (logic 0.141ns (60.453%)  route 0.092ns (39.547%))
  Logic Levels:           0  
  Clock Path Skew:        0.013ns (DCD - SCD - CPR)
    Destination Clock Delay (DCD):    1.266ns
    Source Clock Delay      (SCD):    0.966ns
    Clock Pessimism Removal (CPR):    0.287ns

    Location             Delay type                Incr(ns)  Path(ns)    Netlist Resource(s)
  -------------------------------------------------------------------    -------------------
                         (clock clk_fpga_0 rise edge)
                                                      0.000     0.000 r  
    PS7_X0Y0             PS7                          0.000     0.000 r  design_1_i/processing_system7_0/inst/PS7_i/FCLKCLK[0]
                         net (fo=1, routed)           0.310     0.310    design_1_i/processing_system7_0/inst/FCLK_CLK_unbuffered[0]
    BUFGCTRL_X0Y16       BUFG (Prop_bufg_I_O)         0.026     0.336 r  design_1_i/processing_system7_0/inst/buffer_fclk_clk_0.FCLK_CLK_0_BUFG/O
                         net (fo=33471, routed)       0.630     0.966    <hidden>
    SLICE_X43Y119        FDCE                                         r  <hidden>
  -------------------------------------------------------------------    -------------------
    SLICE_X43Y119        FDCE (Prop_fdce_C_Q)         0.141     1.107 r  <hidden>
                         net (fo=10, routed)          0.092     1.199    <hidden>
    SLICE_X42Y119        RAMD32                                       r  <hidden>
  -------------------------------------------------------------------    -------------------

                         (clock clk_fpga_0 rise edge)
                                                      0.000     0.000 r  
    PS7_X0Y0             PS7                          0.000     0.000 r  design_1_i/processing_system7_0/inst/PS7_i/FCLKCLK[0]
                         net (fo=1, routed)           0.337     0.337    design_1_i/processing_system7_0/inst/FCLK_CLK_unbuffered[0]
    BUFGCTRL_X0Y16       BUFG (Prop_bufg_I_O)         0.029     0.366 r  design_1_i/processing_system7_0/inst/buffer_fclk_clk_0.FCLK_CLK_0_BUFG/O
                         net (fo=33471, routed)       0.900     1.266    <hidden>
    SLICE_X42Y119        RAMD32                                       r  <hidden>
                         clock pessimism             -0.287     0.979    
    SLICE_X42Y119        RAMD32 (Hold_ramd32_CLK_WADR4)
                                                      0.200     1.179    <hidden>
  -------------------------------------------------------------------
                         required time                         -1.179    
                         arrival time                           1.199    
  -------------------------------------------------------------------
                         slack                                  0.020    

Slack (MET) :             0.020ns  (arrival time - required time)
  Source:                 <hidden>
                            (rising edge-triggered cell FDCE clocked by clk_fpga_0  {rise@0.000ns fall@10.000ns period=20.000ns})
  Destination:            <hidden>
                            (rising edge-triggered cell RAMD32 clocked by clk_fpga_0  {rise@0.000ns fall@10.000ns period=20.000ns})
  Path Group:             clk_fpga_0
  Path Type:              Hold (Min at Fast Process Corner)
  Requirement:            0.000ns  (clk_fpga_0 rise@0.000ns - clk_fpga_0 rise@0.000ns)
  Data Path Delay:        0.233ns  (logic 0.141ns (60.453%)  route 0.092ns (39.547%))
  Logic Levels:           0  
  Clock Path Skew:        0.013ns (DCD - SCD - CPR)
    Destination Clock Delay (DCD):    1.266ns
    Source Clock Delay      (SCD):    0.966ns
    Clock Pessimism Removal (CPR):    0.287ns

    Location             Delay type                Incr(ns)  Path(ns)    Netlist Resource(s)
  -------------------------------------------------------------------    -------------------
                         (clock clk_fpga_0 rise edge)
                                                      0.000     0.000 r  
    PS7_X0Y0             PS7                          0.000     0.000 r  design_1_i/processing_system7_0/inst/PS7_i/FCLKCLK[0]
                         net (fo=1, routed)           0.310     0.310    design_1_i/processing_system7_0/inst/FCLK_CLK_unbuffered[0]
    BUFGCTRL_X0Y16       BUFG (Prop_bufg_I_O)         0.026     0.336 r  design_1_i/processing_system7_0/inst/buffer_fclk_clk_0.FCLK_CLK_0_BUFG/O
                         net (fo=33471, routed)       0.630     0.966    <hidden>
    SLICE_X43Y119        FDCE                                         r  <hidden>
  -------------------------------------------------------------------    -------------------
    SLICE_X43Y119        FDCE (Prop_fdce_C_Q)         0.141     1.107 r  <hidden>
                         net (fo=10, routed)          0.092     1.199    <hidden>
    SLICE_X42Y119        RAMD32                                       r  <hidden>
  -------------------------------------------------------------------    -------------------

                         (clock clk_fpga_0 rise edge)
                                                      0.000     0.000 r  
    PS7_X0Y0             PS7                          0.000     0.000 r  design_1_i/processing_system7_0/inst/PS7_i/FCLKCLK[0]
                         net (fo=1, routed)           0.337     0.337    design_1_i/processing_system7_0/inst/FCLK_CLK_unbuffered[0]
    BUFGCTRL_X0Y16       BUFG (Prop_bufg_I_O)         0.029     0.366 r  design_1_i/processing_system7_0/inst/buffer_fclk_clk_0.FCLK_CLK_0_BUFG/O
                         net (fo=33471, routed)       0.900     1.266    <hidden>
    SLICE_X42Y119        RAMD32                                       r  <hidden>
                         clock pessimism             -0.287     0.979    
    SLICE_X42Y119        RAMD32 (Hold_ramd32_CLK_WADR4)
                                                      0.200     1.179    <hidden>
  -------------------------------------------------------------------
                         required time                         -1.179    
                         arrival time                           1.199    
  -------------------------------------------------------------------
                         slack                                  0.020    

Slack (MET) :             0.020ns  (arrival time - required time)
  Source:                 <hidden>
                            (rising edge-triggered cell FDCE clocked by clk_fpga_0  {rise@0.000ns fall@10.000ns period=20.000ns})
  Destination:            <hidden>
                            (rising edge-triggered cell RAMS32 clocked by clk_fpga_0  {rise@0.000ns fall@10.000ns period=20.000ns})
  Path Group:             clk_fpga_0
  Path Type:              Hold (Min at Fast Process Corner)
  Requirement:            0.000ns  (clk_fpga_0 rise@0.000ns - clk_fpga_0 rise@0.000ns)
  Data Path Delay:        0.233ns  (logic 0.141ns (60.453%)  route 0.092ns (39.547%))
  Logic Levels:           0  
  Clock Path Skew:        0.013ns (DCD - SCD - CPR)
    Destination Clock Delay (DCD):    1.266ns
    Source Clock Delay      (SCD):    0.966ns
    Clock Pessimism Removal (CPR):    0.287ns

    Location             Delay type                Incr(ns)  Path(ns)    Netlist Resource(s)
  -------------------------------------------------------------------    -------------------
                         (clock clk_fpga_0 rise edge)
                                                      0.000     0.000 r  
    PS7_X0Y0             PS7                          0.000     0.000 r  design_1_i/processing_system7_0/inst/PS7_i/FCLKCLK[0]
                         net (fo=1, routed)           0.310     0.310    design_1_i/processing_system7_0/inst/FCLK_CLK_unbuffered[0]
    BUFGCTRL_X0Y16       BUFG (Prop_bufg_I_O)         0.026     0.336 r  design_1_i/processing_system7_0/inst/buffer_fclk_clk_0.FCLK_CLK_0_BUFG/O
                         net (fo=33471, routed)       0.630     0.966    <hidden>
    SLICE_X43Y119        FDCE                                         r  <hidden>
  -------------------------------------------------------------------    -------------------
    SLICE_X43Y119        FDCE (Prop_fdce_C_Q)         0.141     1.107 r  <hidden>
                         net (fo=10, routed)          0.092     1.199    <hidden>
    SLICE_X42Y119        RAMS32                                       r  <hidden>
  -------------------------------------------------------------------    -------------------

                         (clock clk_fpga_0 rise edge)
                                                      0.000     0.000 r  
    PS7_X0Y0             PS7                          0.000     0.000 r  design_1_i/processing_system7_0/inst/PS7_i/FCLKCLK[0]
                         net (fo=1, routed)           0.337     0.337    design_1_i/processing_system7_0/inst/FCLK_CLK_unbuffered[0]
    BUFGCTRL_X0Y16       BUFG (Prop_bufg_I_O)         0.029     0.366 r  design_1_i/processing_system7_0/inst/buffer_fclk_clk_0.FCLK_CLK_0_BUFG/O
                         net (fo=33471, routed)       0.900     1.266    <hidden>
    SLICE_X42Y119        RAMS32                                       r  <hidden>
                         clock pessimism             -0.287     0.979    
    SLICE_X42Y119        RAMS32 (Hold_rams32_CLK_ADR4)
                                                      0.200     1.179    <hidden>
  -------------------------------------------------------------------
                         required time                         -1.179    
                         arrival time                           1.199    
  -------------------------------------------------------------------
                         slack                                  0.020    

Slack (MET) :             0.020ns  (arrival time - required time)
  Source:                 <hidden>
                            (rising edge-triggered cell FDCE clocked by clk_fpga_0  {rise@0.000ns fall@10.000ns period=20.000ns})
  Destination:            <hidden>
                            (rising edge-triggered cell RAMS32 clocked by clk_fpga_0  {rise@0.000ns fall@10.000ns period=20.000ns})
  Path Group:             clk_fpga_0
  Path Type:              Hold (Min at Fast Process Corner)
  Requirement:            0.000ns  (clk_fpga_0 rise@0.000ns - clk_fpga_0 rise@0.000ns)
  Data Path Delay:        0.233ns  (logic 0.141ns (60.453%)  route 0.092ns (39.547%))
  Logic Levels:           0  
  Clock Path Skew:        0.013ns (DCD - SCD - CPR)
    Destination Clock Delay (DCD):    1.266ns
    Source Clock Delay      (SCD):    0.966ns
    Clock Pessimism Removal (CPR):    0.287ns

    Location             Delay type                Incr(ns)  Path(ns)    Netlist Resource(s)
  -------------------------------------------------------------------    -------------------
                         (clock clk_fpga_0 rise edge)
                                                      0.000     0.000 r  
    PS7_X0Y0             PS7                          0.000     0.000 r  design_1_i/processing_system7_0/inst/PS7_i/FCLKCLK[0]
                         net (fo=1, routed)           0.310     0.310    design_1_i/processing_system7_0/inst/FCLK_CLK_unbuffered[0]
    BUFGCTRL_X0Y16       BUFG (Prop_bufg_I_O)         0.026     0.336 r  design_1_i/processing_system7_0/inst/buffer_fclk_clk_0.FCLK_CLK_0_BUFG/O
                         net (fo=33471, routed)       0.630     0.966    <hidden>
    SLICE_X43Y119        FDCE                                         r  <hidden>
  -------------------------------------------------------------------    -------------------
    SLICE_X43Y119        FDCE (Prop_fdce_C_Q)         0.141     1.107 r  <hidden>
                         net (fo=10, routed)          0.092     1.199    <hidden>
    SLICE_X42Y119        RAMS32                                       r  <hidden>
  -------------------------------------------------------------------    -------------------

                         (clock clk_fpga_0 rise edge)
                                                      0.000     0.000 r  
    PS7_X0Y0             PS7                          0.000     0.000 r  design_1_i/processing_system7_0/inst/PS7_i/FCLKCLK[0]
                         net (fo=1, routed)           0.337     0.337    design_1_i/processing_system7_0/inst/FCLK_CLK_unbuffered[0]
    BUFGCTRL_X0Y16       BUFG (Prop_bufg_I_O)         0.029     0.366 r  design_1_i/processing_system7_0/inst/buffer_fclk_clk_0.FCLK_CLK_0_BUFG/O
                         net (fo=33471, routed)       0.900     1.266    <hidden>
    SLICE_X42Y119        RAMS32                                       r  <hidden>
                         clock pessimism             -0.287     0.979    
    SLICE_X42Y119        RAMS32 (Hold_rams32_CLK_ADR4)
                                                      0.200     1.179    <hidden>
  -------------------------------------------------------------------
                         required time                         -1.179    
                         arrival time                           1.199    
  -------------------------------------------------------------------
                         slack                                  0.020    

Slack (MET) :             0.021ns  (arrival time - required time)
  Source:                 design_1_i/axi_mem_intercon/xbar/inst/gen_samd.crossbar_samd/gen_master_slots[2].reg_slice_mi/r.r_pipe/skid_buffer_reg[493]/C
                            (rising edge-triggered cell FDRE clocked by clk_fpga_0  {rise@0.000ns fall@10.000ns period=20.000ns})
  Destination:            design_1_i/axi_mem_intercon/xbar/inst/gen_samd.crossbar_samd/gen_master_slots[2].reg_slice_mi/r.r_pipe/m_payload_i_reg[493]/D
                            (rising edge-triggered cell FDRE clocked by clk_fpga_0  {rise@0.000ns fall@10.000ns period=20.000ns})
  Path Group:             clk_fpga_0
  Path Type:              Hold (Min at Fast Process Corner)
  Requirement:            0.000ns  (clk_fpga_0 rise@0.000ns - clk_fpga_0 rise@0.000ns)
  Data Path Delay:        0.384ns  (logic 0.187ns (48.644%)  route 0.197ns (51.356%))
  Logic Levels:           1  (LUT3=1)
  Clock Path Skew:        0.256ns (DCD - SCD - CPR)
    Destination Clock Delay (DCD):    1.178ns
    Source Clock Delay      (SCD):    0.887ns
    Clock Pessimism Removal (CPR):    0.035ns

    Location             Delay type                Incr(ns)  Path(ns)    Netlist Resource(s)
  -------------------------------------------------------------------    -------------------
                         (clock clk_fpga_0 rise edge)
                                                      0.000     0.000 r  
    PS7_X0Y0             PS7                          0.000     0.000 r  design_1_i/processing_system7_0/inst/PS7_i/FCLKCLK[0]
                         net (fo=1, routed)           0.310     0.310    design_1_i/processing_system7_0/inst/FCLK_CLK_unbuffered[0]
    BUFGCTRL_X0Y16       BUFG (Prop_bufg_I_O)         0.026     0.336 r  design_1_i/processing_system7_0/inst/buffer_fclk_clk_0.FCLK_CLK_0_BUFG/O
                         net (fo=33471, routed)       0.551     0.887    design_1_i/axi_mem_intercon/xbar/inst/gen_samd.crossbar_samd/gen_master_slots[2].reg_slice_mi/r.r_pipe/aclk
    SLICE_X49Y22         FDRE                                         r  design_1_i/axi_mem_intercon/xbar/inst/gen_samd.crossbar_samd/gen_master_slots[2].reg_slice_mi/r.r_pipe/skid_buffer_reg[493]/C
  -------------------------------------------------------------------    -------------------
    SLICE_X49Y22         FDRE (Prop_fdre_C_Q)         0.141     1.028 r  design_1_i/axi_mem_intercon/xbar/inst/gen_samd.crossbar_samd/gen_master_slots[2].reg_slice_mi/r.r_pipe/skid_buffer_reg[493]/Q
                         net (fo=1, routed)           0.197     1.225    design_1_i/axi_mem_intercon/xbar/inst/gen_samd.crossbar_samd/gen_master_slots[2].reg_slice_mi/r.r_pipe/skid_buffer_reg_n_0_[493]
    SLICE_X51Y22         LUT3 (Prop_lut3_I1_O)        0.046     1.271 r  design_1_i/axi_mem_intercon/xbar/inst/gen_samd.crossbar_samd/gen_master_slots[2].reg_slice_mi/r.r_pipe/m_payload_i[493]_i_1__0/O
                         net (fo=1, routed)           0.000     1.271    design_1_i/axi_mem_intercon/xbar/inst/gen_samd.crossbar_samd/gen_master_slots[2].reg_slice_mi/r.r_pipe/skid_buffer[493]
    SLICE_X51Y22         FDRE                                         r  design_1_i/axi_mem_intercon/xbar/inst/gen_samd.crossbar_samd/gen_master_slots[2].reg_slice_mi/r.r_pipe/m_payload_i_reg[493]/D
  -------------------------------------------------------------------    -------------------

                         (clock clk_fpga_0 rise edge)
                                                      0.000     0.000 r  
    PS7_X0Y0             PS7                          0.000     0.000 r  design_1_i/processing_system7_0/inst/PS7_i/FCLKCLK[0]
                         net (fo=1, routed)           0.337     0.337    design_1_i/processing_system7_0/inst/FCLK_CLK_unbuffered[0]
    BUFGCTRL_X0Y16       BUFG (Prop_bufg_I_O)         0.029     0.366 r  design_1_i/processing_system7_0/inst/buffer_fclk_clk_0.FCLK_CLK_0_BUFG/O
                         net (fo=33471, routed)       0.812     1.178    design_1_i/axi_mem_intercon/xbar/inst/gen_samd.crossbar_samd/gen_master_slots[2].reg_slice_mi/r.r_pipe/aclk
    SLICE_X51Y22         FDRE                                         r  design_1_i/axi_mem_intercon/xbar/inst/gen_samd.crossbar_samd/gen_master_slots[2].reg_slice_mi/r.r_pipe/m_payload_i_reg[493]/C
                         clock pessimism             -0.035     1.143    
    SLICE_X51Y22         FDRE (Hold_fdre_C_D)         0.107     1.250    design_1_i/axi_mem_intercon/xbar/inst/gen_samd.crossbar_samd/gen_master_slots[2].reg_slice_mi/r.r_pipe/m_payload_i_reg[493]
  -------------------------------------------------------------------
                         required time                         -1.250    
                         arrival time                           1.271    
  -------------------------------------------------------------------
                         slack                                  0.021    

Slack (MET) :             0.022ns  (arrival time - required time)
  Source:                 <hidden>
                            (rising edge-triggered cell FDCE clocked by clk_fpga_0  {rise@0.000ns fall@10.000ns period=20.000ns})
  Destination:            <hidden>
                            (rising edge-triggered cell RAMD32 clocked by clk_fpga_0  {rise@0.000ns fall@10.000ns period=20.000ns})
  Path Group:             clk_fpga_0
  Path Type:              Hold (Min at Fast Process Corner)
  Requirement:            0.000ns  (clk_fpga_0 rise@0.000ns - clk_fpga_0 rise@0.000ns)
  Data Path Delay:        0.275ns  (logic 0.141ns (51.228%)  route 0.134ns (48.772%))
  Logic Levels:           0  
  Clock Path Skew:        0.013ns (DCD - SCD - CPR)
    Destination Clock Delay (DCD):    1.300ns
    Source Clock Delay      (SCD):    0.996ns
    Clock Pessimism Removal (CPR):    0.291ns

    Location             Delay type                Incr(ns)  Path(ns)    Netlist Resource(s)
  -------------------------------------------------------------------    -------------------
                         (clock clk_fpga_0 rise edge)
                                                      0.000     0.000 r  
    PS7_X0Y0             PS7                          0.000     0.000 r  design_1_i/processing_system7_0/inst/PS7_i/FCLKCLK[0]
                         net (fo=1, routed)           0.310     0.310    design_1_i/processing_system7_0/inst/FCLK_CLK_unbuffered[0]
    BUFGCTRL_X0Y16       BUFG (Prop_bufg_I_O)         0.026     0.336 r  design_1_i/processing_system7_0/inst/buffer_fclk_clk_0.FCLK_CLK_0_BUFG/O
                         net (fo=33471, routed)       0.660     0.996    <hidden>
    SLICE_X59Y101        FDCE                                         r  <hidden>
  -------------------------------------------------------------------    -------------------
    SLICE_X59Y101        FDCE (Prop_fdce_C_Q)         0.141     1.137 r  <hidden>
                         net (fo=5, routed)           0.134     1.271    <hidden>
    SLICE_X58Y101        RAMD32                                       r  <hidden>
  -------------------------------------------------------------------    -------------------

                         (clock clk_fpga_0 rise edge)
                                                      0.000     0.000 r  
    PS7_X0Y0             PS7                          0.000     0.000 r  design_1_i/processing_system7_0/inst/PS7_i/FCLKCLK[0]
                         net (fo=1, routed)           0.337     0.337    design_1_i/processing_system7_0/inst/FCLK_CLK_unbuffered[0]
    BUFGCTRL_X0Y16       BUFG (Prop_bufg_I_O)         0.029     0.366 r  design_1_i/processing_system7_0/inst/buffer_fclk_clk_0.FCLK_CLK_0_BUFG/O
                         net (fo=33471, routed)       0.934     1.300    <hidden>
    SLICE_X58Y101        RAMD32                                       r  <hidden>
                         clock pessimism             -0.291     1.009    
    SLICE_X58Y101        RAMD32 (Hold_ramd32_CLK_WADR3)
                                                      0.240     1.249    <hidden>
  -------------------------------------------------------------------
                         required time                         -1.249    
                         arrival time                           1.271    
  -------------------------------------------------------------------
                         slack                                  0.022    





Pulse Width Checks
--------------------------------------------------------------------------------------
Clock Name:         clk_fpga_0
Waveform(ns):       { 0.000 10.000 }
Period(ns):         20.000
Sources:            { design_1_i/processing_system7_0/inst/PS7_i/FCLKCLK[0] }

Check Type        Corner  Lib Pin      Reference Pin  Required(ns)  Actual(ns)  Slack(ns)  Location      Pin
Min Period        n/a     DSP48E1/CLK  n/a            3.884         20.000      16.116     DSP48_X3Y17   design_1_i/MM_0/inst/computeTiles_U0/grp_computeTiles_Pipeline_k_BLOCK_loop_k_loop_i_loop_fu_243/mul_ln92_10_reg_5274_reg/CLK
Min Period        n/a     DSP48E1/CLK  n/a            3.884         20.000      16.116     DSP48_X2Y22   design_1_i/MM_0/inst/computeTiles_U0/grp_computeTiles_Pipeline_k_BLOCK_loop_k_loop_i_loop_fu_243/mul_ln92_11_reg_5279_reg/CLK
Min Period        n/a     DSP48E1/CLK  n/a            3.884         20.000      16.116     DSP48_X2Y9    design_1_i/MM_0/inst/computeTiles_U0/grp_computeTiles_Pipeline_k_BLOCK_loop_k_loop_i_loop_fu_243/mul_ln92_12_reg_5284_reg/CLK
Min Period        n/a     DSP48E1/CLK  n/a            3.884         20.000      16.116     DSP48_X2Y15   design_1_i/MM_0/inst/computeTiles_U0/grp_computeTiles_Pipeline_k_BLOCK_loop_k_loop_i_loop_fu_243/mul_ln92_13_reg_5289_reg/CLK
Min Period        n/a     DSP48E1/CLK  n/a            3.884         20.000      16.116     DSP48_X4Y9    design_1_i/MM_0/inst/computeTiles_U0/grp_computeTiles_Pipeline_k_BLOCK_loop_k_loop_i_loop_fu_243/mul_ln92_14_reg_5294_reg/CLK
Min Period        n/a     DSP48E1/CLK  n/a            3.884         20.000      16.116     DSP48_X3Y6    design_1_i/MM_0/inst/computeTiles_U0/grp_computeTiles_Pipeline_k_BLOCK_loop_k_loop_i_loop_fu_243/mul_ln92_15_reg_5299_reg/CLK
Min Period        n/a     DSP48E1/CLK  n/a            3.884         20.000      16.116     DSP48_X2Y6    design_1_i/MM_0/inst/computeTiles_U0/grp_computeTiles_Pipeline_k_BLOCK_loop_k_loop_i_loop_fu_243/mul_ln92_1_reg_5229_reg/CLK
Min Period        n/a     DSP48E1/CLK  n/a            3.884         20.000      16.116     DSP48_X3Y9    design_1_i/MM_0/inst/computeTiles_U0/grp_computeTiles_Pipeline_k_BLOCK_loop_k_loop_i_loop_fu_243/mul_ln92_2_reg_5234_reg/CLK
Min Period        n/a     DSP48E1/CLK  n/a            3.884         20.000      16.116     DSP48_X3Y13   design_1_i/MM_0/inst/computeTiles_U0/grp_computeTiles_Pipeline_k_BLOCK_loop_k_loop_i_loop_fu_243/mul_ln92_3_reg_5239_reg/CLK
Min Period        n/a     DSP48E1/CLK  n/a            3.884         20.000      16.116     DSP48_X2Y18   design_1_i/MM_0/inst/computeTiles_U0/grp_computeTiles_Pipeline_k_BLOCK_loop_k_loop_i_loop_fu_243/mul_ln92_4_reg_5244_reg/CLK
Low Pulse Width   Slow    RAMD32/CLK   n/a            1.250         10.000      8.750      SLICE_X38Y90  <hidden>
Low Pulse Width   Fast    RAMD32/CLK   n/a            1.250         10.000      8.750      SLICE_X38Y90  <hidden>
Low Pulse Width   Slow    RAMD32/CLK   n/a            1.250         10.000      8.750      SLICE_X38Y90  <hidden>
Low Pulse Width   Fast    RAMD32/CLK   n/a            1.250         10.000      8.750      SLICE_X38Y90  <hidden>
Low Pulse Width   Slow    RAMD32/CLK   n/a            1.250         10.000      8.750      SLICE_X38Y90  <hidden>
Low Pulse Width   Fast    RAMD32/CLK   n/a            1.250         10.000      8.750      SLICE_X38Y90  <hidden>
Low Pulse Width   Slow    RAMD32/CLK   n/a            1.250         10.000      8.750      SLICE_X38Y90  <hidden>
Low Pulse Width   Fast    RAMD32/CLK   n/a            1.250         10.000      8.750      SLICE_X38Y90  <hidden>
Low Pulse Width   Slow    RAMD32/CLK   n/a            1.250         10.000      8.750      SLICE_X38Y90  <hidden>
Low Pulse Width   Fast    RAMD32/CLK   n/a            1.250         10.000      8.750      SLICE_X38Y90  <hidden>
High Pulse Width  Slow    RAMD32/CLK   n/a            1.250         10.000      8.750      SLICE_X38Y90  <hidden>
High Pulse Width  Fast    RAMD32/CLK   n/a            1.250         10.000      8.750      SLICE_X38Y90  <hidden>
High Pulse Width  Slow    RAMD32/CLK   n/a            1.250         10.000      8.750      SLICE_X38Y90  <hidden>
High Pulse Width  Fast    RAMD32/CLK   n/a            1.250         10.000      8.750      SLICE_X38Y90  <hidden>
High Pulse Width  Slow    RAMD32/CLK   n/a            1.250         10.000      8.750      SLICE_X38Y90  <hidden>
High Pulse Width  Fast    RAMD32/CLK   n/a            1.250         10.000      8.750      SLICE_X38Y90  <hidden>
High Pulse Width  Slow    RAMD32/CLK   n/a            1.250         10.000      8.750      SLICE_X38Y90  <hidden>
High Pulse Width  Fast    RAMD32/CLK   n/a            1.250         10.000      8.750      SLICE_X38Y90  <hidden>
High Pulse Width  Slow    RAMD32/CLK   n/a            1.250         10.000      8.750      SLICE_X38Y90  <hidden>
High Pulse Width  Fast    RAMD32/CLK   n/a            1.250         10.000      8.750      SLICE_X38Y90  <hidden>



---------------------------------------------------------------------------------------------------
Path Group:  **async_default**
From Clock:  clk_fpga_0
  To Clock:  clk_fpga_0

Setup :            0  Failing Endpoints,  Worst Slack       16.221ns,  Total Violation        0.000ns
Hold  :            0  Failing Endpoints,  Worst Slack        0.415ns,  Total Violation        0.000ns
---------------------------------------------------------------------------------------------------


Max Delay Paths
--------------------------------------------------------------------------------------
Slack (MET) :             16.221ns  (required time - arrival time)
  Source:                 <hidden>
                            (rising edge-triggered cell FDRE clocked by clk_fpga_0  {rise@0.000ns fall@10.000ns period=20.000ns})
  Destination:            <hidden>
                            (recovery check against rising-edge clock clk_fpga_0  {rise@0.000ns fall@10.000ns period=20.000ns})
  Path Group:             **async_default**
  Path Type:              Recovery (Max at Slow Process Corner)
  Requirement:            20.000ns  (clk_fpga_0 rise@20.000ns - clk_fpga_0 rise@0.000ns)
  Data Path Delay:        2.925ns  (logic 0.716ns (24.481%)  route 2.209ns (75.519%))
  Logic Levels:           1  (LUT3=1)
  Clock Path Skew:        -0.147ns (DCD - SCD + CPR)
    Destination Clock Delay (DCD):    2.830ns = ( 22.830 - 20.000 ) 
    Source Clock Delay      (SCD):    3.124ns
    Clock Pessimism Removal (CPR):    0.147ns
  Clock Uncertainty:      0.302ns  ((TSJ^2 + TIJ^2)^1/2 + DJ) / 2 + PE
    Total System Jitter     (TSJ):    0.071ns
    Total Input Jitter      (TIJ):    0.600ns
    Discrete Jitter          (DJ):    0.000ns
    Phase Error              (PE):    0.000ns

    Location             Delay type                Incr(ns)  Path(ns)    Netlist Resource(s)
  -------------------------------------------------------------------    -------------------
                         (clock clk_fpga_0 rise edge)
                                                      0.000     0.000 r  
    PS7_X0Y0             PS7                          0.000     0.000 r  design_1_i/processing_system7_0/inst/PS7_i/FCLKCLK[0]
                         net (fo=1, routed)           1.193     1.193    design_1_i/processing_system7_0/inst/FCLK_CLK_unbuffered[0]
    BUFGCTRL_X0Y16       BUFG (Prop_bufg_I_O)         0.101     1.294 r  design_1_i/processing_system7_0/inst/buffer_fclk_clk_0.FCLK_CLK_0_BUFG/O
                         net (fo=33471, routed)       1.830     3.124    <hidden>
    SLICE_X53Y107        FDRE                                         r  <hidden>
  -------------------------------------------------------------------    -------------------
    SLICE_X53Y107        FDRE (Prop_fdre_C_Q)         0.419     3.543 f  <hidden>
                         net (fo=2, routed)           0.828     4.371    <hidden>
    SLICE_X53Y105        LUT3 (Prop_lut3_I0_O)        0.297     4.668 f  <hidden>
                         net (fo=32, routed)          1.381     6.049    <hidden>
    SLICE_X49Y104        FDCE                                         f  <hidden>
  -------------------------------------------------------------------    -------------------

                         (clock clk_fpga_0 rise edge)
                                                     20.000    20.000 r  
    PS7_X0Y0             PS7                          0.000    20.000 r  design_1_i/processing_system7_0/inst/PS7_i/FCLKCLK[0]
                         net (fo=1, routed)           1.088    21.088    design_1_i/processing_system7_0/inst/FCLK_CLK_unbuffered[0]
    BUFGCTRL_X0Y16       BUFG (Prop_bufg_I_O)         0.091    21.179 r  design_1_i/processing_system7_0/inst/buffer_fclk_clk_0.FCLK_CLK_0_BUFG/O
                         net (fo=33471, routed)       1.651    22.830    <hidden>
    SLICE_X49Y104        FDCE                                         r  <hidden>
                         clock pessimism              0.147    22.977    
                         clock uncertainty           -0.302    22.675    
    SLICE_X49Y104        FDCE (Recov_fdce_C_CLR)     -0.405    22.270    <hidden>
  -------------------------------------------------------------------
                         required time                         22.270    
                         arrival time                          -6.049    
  -------------------------------------------------------------------
                         slack                                 16.221    

Slack (MET) :             16.254ns  (required time - arrival time)
  Source:                 <hidden>
                            (rising edge-triggered cell FDPE clocked by clk_fpga_0  {rise@0.000ns fall@10.000ns period=20.000ns})
  Destination:            <hidden>
                            (recovery check against rising-edge clock clk_fpga_0  {rise@0.000ns fall@10.000ns period=20.000ns})
  Path Group:             **async_default**
  Path Type:              Recovery (Max at Slow Process Corner)
  Requirement:            20.000ns  (clk_fpga_0 rise@20.000ns - clk_fpga_0 rise@0.000ns)
  Data Path Delay:        2.867ns  (logic 0.715ns (24.941%)  route 2.152ns (75.059%))
  Logic Levels:           1  (LUT3=1)
  Clock Path Skew:        -0.172ns (DCD - SCD + CPR)
    Destination Clock Delay (DCD):    2.640ns = ( 22.640 - 20.000 ) 
    Source Clock Delay      (SCD):    2.941ns
    Clock Pessimism Removal (CPR):    0.129ns
  Clock Uncertainty:      0.302ns  ((TSJ^2 + TIJ^2)^1/2 + DJ) / 2 + PE
    Total System Jitter     (TSJ):    0.071ns
    Total Input Jitter      (TIJ):    0.600ns
    Discrete Jitter          (DJ):    0.000ns
    Phase Error              (PE):    0.000ns

    Location             Delay type                Incr(ns)  Path(ns)    Netlist Resource(s)
  -------------------------------------------------------------------    -------------------
                         (clock clk_fpga_0 rise edge)
                                                      0.000     0.000 r  
    PS7_X0Y0             PS7                          0.000     0.000 r  design_1_i/processing_system7_0/inst/PS7_i/FCLKCLK[0]
                         net (fo=1, routed)           1.193     1.193    design_1_i/processing_system7_0/inst/FCLK_CLK_unbuffered[0]
    BUFGCTRL_X0Y16       BUFG (Prop_bufg_I_O)         0.101     1.294 r  design_1_i/processing_system7_0/inst/buffer_fclk_clk_0.FCLK_CLK_0_BUFG/O
                         net (fo=33471, routed)       1.647     2.941    <hidden>
    SLICE_X48Y88         FDPE                                         r  <hidden>
  -------------------------------------------------------------------    -------------------
    SLICE_X48Y88         FDPE (Prop_fdpe_C_Q)         0.419     3.360 f  <hidden>
                         net (fo=2, routed)           0.661     4.021    <hidden>
    SLICE_X49Y86         LUT3 (Prop_lut3_I2_O)        0.296     4.317 f  <hidden>
                         net (fo=33, routed)          1.491     5.808    <hidden>
    SLICE_X52Y85         FDCE                                         f  <hidden>
  -------------------------------------------------------------------    -------------------

                         (clock clk_fpga_0 rise edge)
                                                     20.000    20.000 r  
    PS7_X0Y0             PS7                          0.000    20.000 r  design_1_i/processing_system7_0/inst/PS7_i/FCLKCLK[0]
                         net (fo=1, routed)           1.088    21.088    design_1_i/processing_system7_0/inst/FCLK_CLK_unbuffered[0]
    BUFGCTRL_X0Y16       BUFG (Prop_bufg_I_O)         0.091    21.179 r  design_1_i/processing_system7_0/inst/buffer_fclk_clk_0.FCLK_CLK_0_BUFG/O
                         net (fo=33471, routed)       1.461    22.640    <hidden>
    SLICE_X52Y85         FDCE                                         r  <hidden>
                         clock pessimism              0.129    22.769    
                         clock uncertainty           -0.302    22.467    
    SLICE_X52Y85         FDCE (Recov_fdce_C_CLR)     -0.405    22.062    <hidden>
  -------------------------------------------------------------------
                         required time                         22.062    
                         arrival time                          -5.808    
  -------------------------------------------------------------------
                         slack                                 16.254    

Slack (MET) :             16.254ns  (required time - arrival time)
  Source:                 <hidden>
                            (rising edge-triggered cell FDPE clocked by clk_fpga_0  {rise@0.000ns fall@10.000ns period=20.000ns})
  Destination:            <hidden>
                            (recovery check against rising-edge clock clk_fpga_0  {rise@0.000ns fall@10.000ns period=20.000ns})
  Path Group:             **async_default**
  Path Type:              Recovery (Max at Slow Process Corner)
  Requirement:            20.000ns  (clk_fpga_0 rise@20.000ns - clk_fpga_0 rise@0.000ns)
  Data Path Delay:        2.867ns  (logic 0.715ns (24.941%)  route 2.152ns (75.059%))
  Logic Levels:           1  (LUT3=1)
  Clock Path Skew:        -0.172ns (DCD - SCD + CPR)
    Destination Clock Delay (DCD):    2.640ns = ( 22.640 - 20.000 ) 
    Source Clock Delay      (SCD):    2.941ns
    Clock Pessimism Removal (CPR):    0.129ns
  Clock Uncertainty:      0.302ns  ((TSJ^2 + TIJ^2)^1/2 + DJ) / 2 + PE
    Total System Jitter     (TSJ):    0.071ns
    Total Input Jitter      (TIJ):    0.600ns
    Discrete Jitter          (DJ):    0.000ns
    Phase Error              (PE):    0.000ns

    Location             Delay type                Incr(ns)  Path(ns)    Netlist Resource(s)
  -------------------------------------------------------------------    -------------------
                         (clock clk_fpga_0 rise edge)
                                                      0.000     0.000 r  
    PS7_X0Y0             PS7                          0.000     0.000 r  design_1_i/processing_system7_0/inst/PS7_i/FCLKCLK[0]
                         net (fo=1, routed)           1.193     1.193    design_1_i/processing_system7_0/inst/FCLK_CLK_unbuffered[0]
    BUFGCTRL_X0Y16       BUFG (Prop_bufg_I_O)         0.101     1.294 r  design_1_i/processing_system7_0/inst/buffer_fclk_clk_0.FCLK_CLK_0_BUFG/O
                         net (fo=33471, routed)       1.647     2.941    <hidden>
    SLICE_X48Y88         FDPE                                         r  <hidden>
  -------------------------------------------------------------------    -------------------
    SLICE_X48Y88         FDPE (Prop_fdpe_C_Q)         0.419     3.360 f  <hidden>
                         net (fo=2, routed)           0.661     4.021    <hidden>
    SLICE_X49Y86         LUT3 (Prop_lut3_I2_O)        0.296     4.317 f  <hidden>
                         net (fo=33, routed)          1.491     5.808    <hidden>
    SLICE_X52Y85         FDCE                                         f  <hidden>
  -------------------------------------------------------------------    -------------------

                         (clock clk_fpga_0 rise edge)
                                                     20.000    20.000 r  
    PS7_X0Y0             PS7                          0.000    20.000 r  design_1_i/processing_system7_0/inst/PS7_i/FCLKCLK[0]
                         net (fo=1, routed)           1.088    21.088    design_1_i/processing_system7_0/inst/FCLK_CLK_unbuffered[0]
    BUFGCTRL_X0Y16       BUFG (Prop_bufg_I_O)         0.091    21.179 r  design_1_i/processing_system7_0/inst/buffer_fclk_clk_0.FCLK_CLK_0_BUFG/O
                         net (fo=33471, routed)       1.461    22.640    <hidden>
    SLICE_X52Y85         FDCE                                         r  <hidden>
                         clock pessimism              0.129    22.769    
                         clock uncertainty           -0.302    22.467    
    SLICE_X52Y85         FDCE (Recov_fdce_C_CLR)     -0.405    22.062    <hidden>
  -------------------------------------------------------------------
                         required time                         22.062    
                         arrival time                          -5.808    
  -------------------------------------------------------------------
                         slack                                 16.254    

Slack (MET) :             16.254ns  (required time - arrival time)
  Source:                 <hidden>
                            (rising edge-triggered cell FDPE clocked by clk_fpga_0  {rise@0.000ns fall@10.000ns period=20.000ns})
  Destination:            <hidden>
                            (recovery check against rising-edge clock clk_fpga_0  {rise@0.000ns fall@10.000ns period=20.000ns})
  Path Group:             **async_default**
  Path Type:              Recovery (Max at Slow Process Corner)
  Requirement:            20.000ns  (clk_fpga_0 rise@20.000ns - clk_fpga_0 rise@0.000ns)
  Data Path Delay:        2.867ns  (logic 0.715ns (24.941%)  route 2.152ns (75.059%))
  Logic Levels:           1  (LUT3=1)
  Clock Path Skew:        -0.172ns (DCD - SCD + CPR)
    Destination Clock Delay (DCD):    2.640ns = ( 22.640 - 20.000 ) 
    Source Clock Delay      (SCD):    2.941ns
    Clock Pessimism Removal (CPR):    0.129ns
  Clock Uncertainty:      0.302ns  ((TSJ^2 + TIJ^2)^1/2 + DJ) / 2 + PE
    Total System Jitter     (TSJ):    0.071ns
    Total Input Jitter      (TIJ):    0.600ns
    Discrete Jitter          (DJ):    0.000ns
    Phase Error              (PE):    0.000ns

    Location             Delay type                Incr(ns)  Path(ns)    Netlist Resource(s)
  -------------------------------------------------------------------    -------------------
                         (clock clk_fpga_0 rise edge)
                                                      0.000     0.000 r  
    PS7_X0Y0             PS7                          0.000     0.000 r  design_1_i/processing_system7_0/inst/PS7_i/FCLKCLK[0]
                         net (fo=1, routed)           1.193     1.193    design_1_i/processing_system7_0/inst/FCLK_CLK_unbuffered[0]
    BUFGCTRL_X0Y16       BUFG (Prop_bufg_I_O)         0.101     1.294 r  design_1_i/processing_system7_0/inst/buffer_fclk_clk_0.FCLK_CLK_0_BUFG/O
                         net (fo=33471, routed)       1.647     2.941    <hidden>
    SLICE_X48Y88         FDPE                                         r  <hidden>
  -------------------------------------------------------------------    -------------------
    SLICE_X48Y88         FDPE (Prop_fdpe_C_Q)         0.419     3.360 f  <hidden>
                         net (fo=2, routed)           0.661     4.021    <hidden>
    SLICE_X49Y86         LUT3 (Prop_lut3_I2_O)        0.296     4.317 f  <hidden>
                         net (fo=33, routed)          1.491     5.808    <hidden>
    SLICE_X52Y85         FDCE                                         f  <hidden>
  -------------------------------------------------------------------    -------------------

                         (clock clk_fpga_0 rise edge)
                                                     20.000    20.000 r  
    PS7_X0Y0             PS7                          0.000    20.000 r  design_1_i/processing_system7_0/inst/PS7_i/FCLKCLK[0]
                         net (fo=1, routed)           1.088    21.088    design_1_i/processing_system7_0/inst/FCLK_CLK_unbuffered[0]
    BUFGCTRL_X0Y16       BUFG (Prop_bufg_I_O)         0.091    21.179 r  design_1_i/processing_system7_0/inst/buffer_fclk_clk_0.FCLK_CLK_0_BUFG/O
                         net (fo=33471, routed)       1.461    22.640    <hidden>
    SLICE_X52Y85         FDCE                                         r  <hidden>
                         clock pessimism              0.129    22.769    
                         clock uncertainty           -0.302    22.467    
    SLICE_X52Y85         FDCE (Recov_fdce_C_CLR)     -0.405    22.062    <hidden>
  -------------------------------------------------------------------
                         required time                         22.062    
                         arrival time                          -5.808    
  -------------------------------------------------------------------
                         slack                                 16.254    

Slack (MET) :             16.267ns  (required time - arrival time)
  Source:                 <hidden>
                            (rising edge-triggered cell FDRE clocked by clk_fpga_0  {rise@0.000ns fall@10.000ns period=20.000ns})
  Destination:            <hidden>
                            (recovery check against rising-edge clock clk_fpga_0  {rise@0.000ns fall@10.000ns period=20.000ns})
  Path Group:             **async_default**
  Path Type:              Recovery (Max at Slow Process Corner)
  Requirement:            20.000ns  (clk_fpga_0 rise@20.000ns - clk_fpga_0 rise@0.000ns)
  Data Path Delay:        2.925ns  (logic 0.716ns (24.481%)  route 2.209ns (75.519%))
  Logic Levels:           1  (LUT3=1)
  Clock Path Skew:        -0.147ns (DCD - SCD + CPR)
    Destination Clock Delay (DCD):    2.830ns = ( 22.830 - 20.000 ) 
    Source Clock Delay      (SCD):    3.124ns
    Clock Pessimism Removal (CPR):    0.147ns
  Clock Uncertainty:      0.302ns  ((TSJ^2 + TIJ^2)^1/2 + DJ) / 2 + PE
    Total System Jitter     (TSJ):    0.071ns
    Total Input Jitter      (TIJ):    0.600ns
    Discrete Jitter          (DJ):    0.000ns
    Phase Error              (PE):    0.000ns

    Location             Delay type                Incr(ns)  Path(ns)    Netlist Resource(s)
  -------------------------------------------------------------------    -------------------
                         (clock clk_fpga_0 rise edge)
                                                      0.000     0.000 r  
    PS7_X0Y0             PS7                          0.000     0.000 r  design_1_i/processing_system7_0/inst/PS7_i/FCLKCLK[0]
                         net (fo=1, routed)           1.193     1.193    design_1_i/processing_system7_0/inst/FCLK_CLK_unbuffered[0]
    BUFGCTRL_X0Y16       BUFG (Prop_bufg_I_O)         0.101     1.294 r  design_1_i/processing_system7_0/inst/buffer_fclk_clk_0.FCLK_CLK_0_BUFG/O
                         net (fo=33471, routed)       1.830     3.124    <hidden>
    SLICE_X53Y107        FDRE                                         r  <hidden>
  -------------------------------------------------------------------    -------------------
    SLICE_X53Y107        FDRE (Prop_fdre_C_Q)         0.419     3.543 f  <hidden>
                         net (fo=2, routed)           0.828     4.371    <hidden>
    SLICE_X53Y105        LUT3 (Prop_lut3_I0_O)        0.297     4.668 f  <hidden>
                         net (fo=32, routed)          1.381     6.049    <hidden>
    SLICE_X49Y104        FDPE                                         f  <hidden>
  -------------------------------------------------------------------    -------------------

                         (clock clk_fpga_0 rise edge)
                                                     20.000    20.000 r  
    PS7_X0Y0             PS7                          0.000    20.000 r  design_1_i/processing_system7_0/inst/PS7_i/FCLKCLK[0]
                         net (fo=1, routed)           1.088    21.088    design_1_i/processing_system7_0/inst/FCLK_CLK_unbuffered[0]
    BUFGCTRL_X0Y16       BUFG (Prop_bufg_I_O)         0.091    21.179 r  design_1_i/processing_system7_0/inst/buffer_fclk_clk_0.FCLK_CLK_0_BUFG/O
                         net (fo=33471, routed)       1.651    22.830    <hidden>
    SLICE_X49Y104        FDPE                                         r  <hidden>
                         clock pessimism              0.147    22.977    
                         clock uncertainty           -0.302    22.675    
    SLICE_X49Y104        FDPE (Recov_fdpe_C_PRE)     -0.359    22.316    <hidden>
  -------------------------------------------------------------------
                         required time                         22.316    
                         arrival time                          -6.049    
  -------------------------------------------------------------------
                         slack                                 16.267    

Slack (MET) :             16.284ns  (required time - arrival time)
  Source:                 <hidden>
                            (rising edge-triggered cell FDRE clocked by clk_fpga_0  {rise@0.000ns fall@10.000ns period=20.000ns})
  Destination:            <hidden>
                            (recovery check against rising-edge clock clk_fpga_0  {rise@0.000ns fall@10.000ns period=20.000ns})
  Path Group:             **async_default**
  Path Type:              Recovery (Max at Slow Process Corner)
  Requirement:            20.000ns  (clk_fpga_0 rise@20.000ns - clk_fpga_0 rise@0.000ns)
  Data Path Delay:        2.956ns  (logic 0.642ns (21.716%)  route 2.314ns (78.284%))
  Logic Levels:           1  (LUT3=1)
  Clock Path Skew:        -0.053ns (DCD - SCD + CPR)
    Destination Clock Delay (DCD):    2.713ns = ( 22.713 - 20.000 ) 
    Source Clock Delay      (SCD):    2.995ns
    Clock Pessimism Removal (CPR):    0.229ns
  Clock Uncertainty:      0.302ns  ((TSJ^2 + TIJ^2)^1/2 + DJ) / 2 + PE
    Total System Jitter     (TSJ):    0.071ns
    Total Input Jitter      (TIJ):    0.600ns
    Discrete Jitter          (DJ):    0.000ns
    Phase Error              (PE):    0.000ns

    Location             Delay type                Incr(ns)  Path(ns)    Netlist Resource(s)
  -------------------------------------------------------------------    -------------------
                         (clock clk_fpga_0 rise edge)
                                                      0.000     0.000 r  
    PS7_X0Y0             PS7                          0.000     0.000 r  design_1_i/processing_system7_0/inst/PS7_i/FCLKCLK[0]
                         net (fo=1, routed)           1.193     1.193    design_1_i/processing_system7_0/inst/FCLK_CLK_unbuffered[0]
    BUFGCTRL_X0Y16       BUFG (Prop_bufg_I_O)         0.101     1.294 r  design_1_i/processing_system7_0/inst/buffer_fclk_clk_0.FCLK_CLK_0_BUFG/O
                         net (fo=33471, routed)       1.701     2.995    <hidden>
    SLICE_X62Y79         FDRE                                         r  <hidden>
  -------------------------------------------------------------------    -------------------
    SLICE_X62Y79         FDRE (Prop_fdre_C_Q)         0.518     3.513 f  <hidden>
                         net (fo=2, routed)           0.870     4.383    <hidden>
    SLICE_X62Y79         LUT3 (Prop_lut3_I0_O)        0.124     4.507 f  <hidden>
                         net (fo=32, routed)          1.444     5.951    <hidden>
    SLICE_X64Y83         FDCE                                         f  <hidden>
  -------------------------------------------------------------------    -------------------

                         (clock clk_fpga_0 rise edge)
                                                     20.000    20.000 r  
    PS7_X0Y0             PS7                          0.000    20.000 r  design_1_i/processing_system7_0/inst/PS7_i/FCLKCLK[0]
                         net (fo=1, routed)           1.088    21.088    design_1_i/processing_system7_0/inst/FCLK_CLK_unbuffered[0]
    BUFGCTRL_X0Y16       BUFG (Prop_bufg_I_O)         0.091    21.179 r  design_1_i/processing_system7_0/inst/buffer_fclk_clk_0.FCLK_CLK_0_BUFG/O
                         net (fo=33471, routed)       1.534    22.713    <hidden>
    SLICE_X64Y83         FDCE                                         r  <hidden>
                         clock pessimism              0.229    22.942    
                         clock uncertainty           -0.302    22.640    
    SLICE_X64Y83         FDCE (Recov_fdce_C_CLR)     -0.405    22.235    <hidden>
  -------------------------------------------------------------------
                         required time                         22.235    
                         arrival time                          -5.951    
  -------------------------------------------------------------------
                         slack                                 16.284    

Slack (MET) :             16.284ns  (required time - arrival time)
  Source:                 <hidden>
                            (rising edge-triggered cell FDRE clocked by clk_fpga_0  {rise@0.000ns fall@10.000ns period=20.000ns})
  Destination:            <hidden>
                            (recovery check against rising-edge clock clk_fpga_0  {rise@0.000ns fall@10.000ns period=20.000ns})
  Path Group:             **async_default**
  Path Type:              Recovery (Max at Slow Process Corner)
  Requirement:            20.000ns  (clk_fpga_0 rise@20.000ns - clk_fpga_0 rise@0.000ns)
  Data Path Delay:        2.956ns  (logic 0.642ns (21.716%)  route 2.314ns (78.284%))
  Logic Levels:           1  (LUT3=1)
  Clock Path Skew:        -0.053ns (DCD - SCD + CPR)
    Destination Clock Delay (DCD):    2.713ns = ( 22.713 - 20.000 ) 
    Source Clock Delay      (SCD):    2.995ns
    Clock Pessimism Removal (CPR):    0.229ns
  Clock Uncertainty:      0.302ns  ((TSJ^2 + TIJ^2)^1/2 + DJ) / 2 + PE
    Total System Jitter     (TSJ):    0.071ns
    Total Input Jitter      (TIJ):    0.600ns
    Discrete Jitter          (DJ):    0.000ns
    Phase Error              (PE):    0.000ns

    Location             Delay type                Incr(ns)  Path(ns)    Netlist Resource(s)
  -------------------------------------------------------------------    -------------------
                         (clock clk_fpga_0 rise edge)
                                                      0.000     0.000 r  
    PS7_X0Y0             PS7                          0.000     0.000 r  design_1_i/processing_system7_0/inst/PS7_i/FCLKCLK[0]
                         net (fo=1, routed)           1.193     1.193    design_1_i/processing_system7_0/inst/FCLK_CLK_unbuffered[0]
    BUFGCTRL_X0Y16       BUFG (Prop_bufg_I_O)         0.101     1.294 r  design_1_i/processing_system7_0/inst/buffer_fclk_clk_0.FCLK_CLK_0_BUFG/O
                         net (fo=33471, routed)       1.701     2.995    <hidden>
    SLICE_X62Y79         FDRE                                         r  <hidden>
  -------------------------------------------------------------------    -------------------
    SLICE_X62Y79         FDRE (Prop_fdre_C_Q)         0.518     3.513 f  <hidden>
                         net (fo=2, routed)           0.870     4.383    <hidden>
    SLICE_X62Y79         LUT3 (Prop_lut3_I0_O)        0.124     4.507 f  <hidden>
                         net (fo=32, routed)          1.444     5.951    <hidden>
    SLICE_X64Y83         FDCE                                         f  <hidden>
  -------------------------------------------------------------------    -------------------

                         (clock clk_fpga_0 rise edge)
                                                     20.000    20.000 r  
    PS7_X0Y0             PS7                          0.000    20.000 r  design_1_i/processing_system7_0/inst/PS7_i/FCLKCLK[0]
                         net (fo=1, routed)           1.088    21.088    design_1_i/processing_system7_0/inst/FCLK_CLK_unbuffered[0]
    BUFGCTRL_X0Y16       BUFG (Prop_bufg_I_O)         0.091    21.179 r  design_1_i/processing_system7_0/inst/buffer_fclk_clk_0.FCLK_CLK_0_BUFG/O
                         net (fo=33471, routed)       1.534    22.713    <hidden>
    SLICE_X64Y83         FDCE                                         r  <hidden>
                         clock pessimism              0.229    22.942    
                         clock uncertainty           -0.302    22.640    
    SLICE_X64Y83         FDCE (Recov_fdce_C_CLR)     -0.405    22.235    <hidden>
  -------------------------------------------------------------------
                         required time                         22.235    
                         arrival time                          -5.951    
  -------------------------------------------------------------------
                         slack                                 16.284    

Slack (MET) :             16.284ns  (required time - arrival time)
  Source:                 <hidden>
                            (rising edge-triggered cell FDRE clocked by clk_fpga_0  {rise@0.000ns fall@10.000ns period=20.000ns})
  Destination:            <hidden>
                            (recovery check against rising-edge clock clk_fpga_0  {rise@0.000ns fall@10.000ns period=20.000ns})
  Path Group:             **async_default**
  Path Type:              Recovery (Max at Slow Process Corner)
  Requirement:            20.000ns  (clk_fpga_0 rise@20.000ns - clk_fpga_0 rise@0.000ns)
  Data Path Delay:        2.956ns  (logic 0.642ns (21.716%)  route 2.314ns (78.284%))
  Logic Levels:           1  (LUT3=1)
  Clock Path Skew:        -0.053ns (DCD - SCD + CPR)
    Destination Clock Delay (DCD):    2.713ns = ( 22.713 - 20.000 ) 
    Source Clock Delay      (SCD):    2.995ns
    Clock Pessimism Removal (CPR):    0.229ns
  Clock Uncertainty:      0.302ns  ((TSJ^2 + TIJ^2)^1/2 + DJ) / 2 + PE
    Total System Jitter     (TSJ):    0.071ns
    Total Input Jitter      (TIJ):    0.600ns
    Discrete Jitter          (DJ):    0.000ns
    Phase Error              (PE):    0.000ns

    Location             Delay type                Incr(ns)  Path(ns)    Netlist Resource(s)
  -------------------------------------------------------------------    -------------------
                         (clock clk_fpga_0 rise edge)
                                                      0.000     0.000 r  
    PS7_X0Y0             PS7                          0.000     0.000 r  design_1_i/processing_system7_0/inst/PS7_i/FCLKCLK[0]
                         net (fo=1, routed)           1.193     1.193    design_1_i/processing_system7_0/inst/FCLK_CLK_unbuffered[0]
    BUFGCTRL_X0Y16       BUFG (Prop_bufg_I_O)         0.101     1.294 r  design_1_i/processing_system7_0/inst/buffer_fclk_clk_0.FCLK_CLK_0_BUFG/O
                         net (fo=33471, routed)       1.701     2.995    <hidden>
    SLICE_X62Y79         FDRE                                         r  <hidden>
  -------------------------------------------------------------------    -------------------
    SLICE_X62Y79         FDRE (Prop_fdre_C_Q)         0.518     3.513 f  <hidden>
                         net (fo=2, routed)           0.870     4.383    <hidden>
    SLICE_X62Y79         LUT3 (Prop_lut3_I0_O)        0.124     4.507 f  <hidden>
                         net (fo=32, routed)          1.444     5.951    <hidden>
    SLICE_X64Y83         FDCE                                         f  <hidden>
  -------------------------------------------------------------------    -------------------

                         (clock clk_fpga_0 rise edge)
                                                     20.000    20.000 r  
    PS7_X0Y0             PS7                          0.000    20.000 r  design_1_i/processing_system7_0/inst/PS7_i/FCLKCLK[0]
                         net (fo=1, routed)           1.088    21.088    design_1_i/processing_system7_0/inst/FCLK_CLK_unbuffered[0]
    BUFGCTRL_X0Y16       BUFG (Prop_bufg_I_O)         0.091    21.179 r  design_1_i/processing_system7_0/inst/buffer_fclk_clk_0.FCLK_CLK_0_BUFG/O
                         net (fo=33471, routed)       1.534    22.713    <hidden>
    SLICE_X64Y83         FDCE                                         r  <hidden>
                         clock pessimism              0.229    22.942    
                         clock uncertainty           -0.302    22.640    
    SLICE_X64Y83         FDCE (Recov_fdce_C_CLR)     -0.405    22.235    <hidden>
  -------------------------------------------------------------------
                         required time                         22.235    
                         arrival time                          -5.951    
  -------------------------------------------------------------------
                         slack                                 16.284    

Slack (MET) :             16.284ns  (required time - arrival time)
  Source:                 <hidden>
                            (rising edge-triggered cell FDRE clocked by clk_fpga_0  {rise@0.000ns fall@10.000ns period=20.000ns})
  Destination:            <hidden>
                            (recovery check against rising-edge clock clk_fpga_0  {rise@0.000ns fall@10.000ns period=20.000ns})
  Path Group:             **async_default**
  Path Type:              Recovery (Max at Slow Process Corner)
  Requirement:            20.000ns  (clk_fpga_0 rise@20.000ns - clk_fpga_0 rise@0.000ns)
  Data Path Delay:        2.956ns  (logic 0.642ns (21.716%)  route 2.314ns (78.284%))
  Logic Levels:           1  (LUT3=1)
  Clock Path Skew:        -0.053ns (DCD - SCD + CPR)
    Destination Clock Delay (DCD):    2.713ns = ( 22.713 - 20.000 ) 
    Source Clock Delay      (SCD):    2.995ns
    Clock Pessimism Removal (CPR):    0.229ns
  Clock Uncertainty:      0.302ns  ((TSJ^2 + TIJ^2)^1/2 + DJ) / 2 + PE
    Total System Jitter     (TSJ):    0.071ns
    Total Input Jitter      (TIJ):    0.600ns
    Discrete Jitter          (DJ):    0.000ns
    Phase Error              (PE):    0.000ns

    Location             Delay type                Incr(ns)  Path(ns)    Netlist Resource(s)
  -------------------------------------------------------------------    -------------------
                         (clock clk_fpga_0 rise edge)
                                                      0.000     0.000 r  
    PS7_X0Y0             PS7                          0.000     0.000 r  design_1_i/processing_system7_0/inst/PS7_i/FCLKCLK[0]
                         net (fo=1, routed)           1.193     1.193    design_1_i/processing_system7_0/inst/FCLK_CLK_unbuffered[0]
    BUFGCTRL_X0Y16       BUFG (Prop_bufg_I_O)         0.101     1.294 r  design_1_i/processing_system7_0/inst/buffer_fclk_clk_0.FCLK_CLK_0_BUFG/O
                         net (fo=33471, routed)       1.701     2.995    <hidden>
    SLICE_X62Y79         FDRE                                         r  <hidden>
  -------------------------------------------------------------------    -------------------
    SLICE_X62Y79         FDRE (Prop_fdre_C_Q)         0.518     3.513 f  <hidden>
                         net (fo=2, routed)           0.870     4.383    <hidden>
    SLICE_X62Y79         LUT3 (Prop_lut3_I0_O)        0.124     4.507 f  <hidden>
                         net (fo=32, routed)          1.444     5.951    <hidden>
    SLICE_X64Y83         FDCE                                         f  <hidden>
  -------------------------------------------------------------------    -------------------

                         (clock clk_fpga_0 rise edge)
                                                     20.000    20.000 r  
    PS7_X0Y0             PS7                          0.000    20.000 r  design_1_i/processing_system7_0/inst/PS7_i/FCLKCLK[0]
                         net (fo=1, routed)           1.088    21.088    design_1_i/processing_system7_0/inst/FCLK_CLK_unbuffered[0]
    BUFGCTRL_X0Y16       BUFG (Prop_bufg_I_O)         0.091    21.179 r  design_1_i/processing_system7_0/inst/buffer_fclk_clk_0.FCLK_CLK_0_BUFG/O
                         net (fo=33471, routed)       1.534    22.713    <hidden>
    SLICE_X64Y83         FDCE                                         r  <hidden>
                         clock pessimism              0.229    22.942    
                         clock uncertainty           -0.302    22.640    
    SLICE_X64Y83         FDCE (Recov_fdce_C_CLR)     -0.405    22.235    <hidden>
  -------------------------------------------------------------------
                         required time                         22.235    
                         arrival time                          -5.951    
  -------------------------------------------------------------------
                         slack                                 16.284    

Slack (MET) :             16.300ns  (required time - arrival time)
  Source:                 <hidden>
                            (rising edge-triggered cell FDPE clocked by clk_fpga_0  {rise@0.000ns fall@10.000ns period=20.000ns})
  Destination:            <hidden>
                            (recovery check against rising-edge clock clk_fpga_0  {rise@0.000ns fall@10.000ns period=20.000ns})
  Path Group:             **async_default**
  Path Type:              Recovery (Max at Slow Process Corner)
  Requirement:            20.000ns  (clk_fpga_0 rise@20.000ns - clk_fpga_0 rise@0.000ns)
  Data Path Delay:        2.867ns  (logic 0.715ns (24.941%)  route 2.152ns (75.059%))
  Logic Levels:           1  (LUT3=1)
  Clock Path Skew:        -0.172ns (DCD - SCD + CPR)
    Destination Clock Delay (DCD):    2.640ns = ( 22.640 - 20.000 ) 
    Source Clock Delay      (SCD):    2.941ns
    Clock Pessimism Removal (CPR):    0.129ns
  Clock Uncertainty:      0.302ns  ((TSJ^2 + TIJ^2)^1/2 + DJ) / 2 + PE
    Total System Jitter     (TSJ):    0.071ns
    Total Input Jitter      (TIJ):    0.600ns
    Discrete Jitter          (DJ):    0.000ns
    Phase Error              (PE):    0.000ns

    Location             Delay type                Incr(ns)  Path(ns)    Netlist Resource(s)
  -------------------------------------------------------------------    -------------------
                         (clock clk_fpga_0 rise edge)
                                                      0.000     0.000 r  
    PS7_X0Y0             PS7                          0.000     0.000 r  design_1_i/processing_system7_0/inst/PS7_i/FCLKCLK[0]
                         net (fo=1, routed)           1.193     1.193    design_1_i/processing_system7_0/inst/FCLK_CLK_unbuffered[0]
    BUFGCTRL_X0Y16       BUFG (Prop_bufg_I_O)         0.101     1.294 r  design_1_i/processing_system7_0/inst/buffer_fclk_clk_0.FCLK_CLK_0_BUFG/O
                         net (fo=33471, routed)       1.647     2.941    <hidden>
    SLICE_X48Y88         FDPE                                         r  <hidden>
  -------------------------------------------------------------------    -------------------
    SLICE_X48Y88         FDPE (Prop_fdpe_C_Q)         0.419     3.360 f  <hidden>
                         net (fo=2, routed)           0.661     4.021    <hidden>
    SLICE_X49Y86         LUT3 (Prop_lut3_I2_O)        0.296     4.317 f  <hidden>
                         net (fo=33, routed)          1.491     5.808    <hidden>
    SLICE_X52Y85         FDPE                                         f  <hidden>
  -------------------------------------------------------------------    -------------------

                         (clock clk_fpga_0 rise edge)
                                                     20.000    20.000 r  
    PS7_X0Y0             PS7                          0.000    20.000 r  design_1_i/processing_system7_0/inst/PS7_i/FCLKCLK[0]
                         net (fo=1, routed)           1.088    21.088    design_1_i/processing_system7_0/inst/FCLK_CLK_unbuffered[0]
    BUFGCTRL_X0Y16       BUFG (Prop_bufg_I_O)         0.091    21.179 r  design_1_i/processing_system7_0/inst/buffer_fclk_clk_0.FCLK_CLK_0_BUFG/O
                         net (fo=33471, routed)       1.461    22.640    <hidden>
    SLICE_X52Y85         FDPE                                         r  <hidden>
                         clock pessimism              0.129    22.769    
                         clock uncertainty           -0.302    22.467    
    SLICE_X52Y85         FDPE (Recov_fdpe_C_PRE)     -0.359    22.108    <hidden>
  -------------------------------------------------------------------
                         required time                         22.108    
                         arrival time                          -5.808    
  -------------------------------------------------------------------
                         slack                                 16.300    





Min Delay Paths
--------------------------------------------------------------------------------------
Slack (MET) :             0.415ns  (arrival time - required time)
  Source:                 <hidden>
                            (rising edge-triggered cell FDRE clocked by clk_fpga_0  {rise@0.000ns fall@10.000ns period=20.000ns})
  Destination:            <hidden>
                            (removal check against rising-edge clock clk_fpga_0  {rise@0.000ns fall@10.000ns period=20.000ns})
  Path Group:             **async_default**
  Path Type:              Removal (Min at Fast Process Corner)
  Requirement:            0.000ns  (clk_fpga_0 rise@0.000ns - clk_fpga_0 rise@0.000ns)
  Data Path Delay:        0.591ns  (logic 0.186ns (31.487%)  route 0.405ns (68.513%))
  Logic Levels:           1  (LUT3=1)
  Clock Path Skew:        0.267ns (DCD - SCD - CPR)
    Destination Clock Delay (DCD):    1.191ns
    Source Clock Delay      (SCD):    0.889ns
    Clock Pessimism Removal (CPR):    0.035ns

    Location             Delay type                Incr(ns)  Path(ns)    Netlist Resource(s)
  -------------------------------------------------------------------    -------------------
                         (clock clk_fpga_0 rise edge)
                                                      0.000     0.000 r  
    PS7_X0Y0             PS7                          0.000     0.000 r  design_1_i/processing_system7_0/inst/PS7_i/FCLKCLK[0]
                         net (fo=1, routed)           0.310     0.310    design_1_i/processing_system7_0/inst/FCLK_CLK_unbuffered[0]
    BUFGCTRL_X0Y16       BUFG (Prop_bufg_I_O)         0.026     0.336 r  design_1_i/processing_system7_0/inst/buffer_fclk_clk_0.FCLK_CLK_0_BUFG/O
                         net (fo=33471, routed)       0.553     0.889    <hidden>
    SLICE_X51Y99         FDRE                                         r  <hidden>
  -------------------------------------------------------------------    -------------------
    SLICE_X51Y99         FDRE (Prop_fdre_C_Q)         0.141     1.030 f  <hidden>
                         net (fo=1, routed)           0.191     1.221    <hidden>
    SLICE_X51Y99         LUT3 (Prop_lut3_I0_O)        0.045     1.266 f  <hidden>
                         net (fo=33, routed)          0.214     1.479    <hidden>
    SLICE_X49Y98         FDCE                                         f  <hidden>
  -------------------------------------------------------------------    -------------------

                         (clock clk_fpga_0 rise edge)
                                                      0.000     0.000 r  
    PS7_X0Y0             PS7                          0.000     0.000 r  design_1_i/processing_system7_0/inst/PS7_i/FCLKCLK[0]
                         net (fo=1, routed)           0.337     0.337    design_1_i/processing_system7_0/inst/FCLK_CLK_unbuffered[0]
    BUFGCTRL_X0Y16       BUFG (Prop_bufg_I_O)         0.029     0.366 r  design_1_i/processing_system7_0/inst/buffer_fclk_clk_0.FCLK_CLK_0_BUFG/O
                         net (fo=33471, routed)       0.825     1.191    <hidden>
    SLICE_X49Y98         FDCE                                         r  <hidden>
                         clock pessimism             -0.035     1.156    
    SLICE_X49Y98         FDCE (Remov_fdce_C_CLR)     -0.092     1.064    <hidden>
  -------------------------------------------------------------------
                         required time                         -1.064    
                         arrival time                           1.479    
  -------------------------------------------------------------------
                         slack                                  0.415    

Slack (MET) :             0.416ns  (arrival time - required time)
  Source:                 <hidden>
                            (rising edge-triggered cell FDRE clocked by clk_fpga_0  {rise@0.000ns fall@10.000ns period=20.000ns})
  Destination:            <hidden>
                            (removal check against rising-edge clock clk_fpga_0  {rise@0.000ns fall@10.000ns period=20.000ns})
  Path Group:             **async_default**
  Path Type:              Removal (Min at Fast Process Corner)
  Requirement:            0.000ns  (clk_fpga_0 rise@0.000ns - clk_fpga_0 rise@0.000ns)
  Data Path Delay:        0.583ns  (logic 0.226ns (38.732%)  route 0.357ns (61.268%))
  Logic Levels:           1  (LUT3=1)
  Clock Path Skew:        0.259ns (DCD - SCD - CPR)
    Destination Clock Delay (DCD):    1.181ns
    Source Clock Delay      (SCD):    0.887ns
    Clock Pessimism Removal (CPR):    0.035ns

    Location             Delay type                Incr(ns)  Path(ns)    Netlist Resource(s)
  -------------------------------------------------------------------    -------------------
                         (clock clk_fpga_0 rise edge)
                                                      0.000     0.000 r  
    PS7_X0Y0             PS7                          0.000     0.000 r  design_1_i/processing_system7_0/inst/PS7_i/FCLKCLK[0]
                         net (fo=1, routed)           0.310     0.310    design_1_i/processing_system7_0/inst/FCLK_CLK_unbuffered[0]
    BUFGCTRL_X0Y16       BUFG (Prop_bufg_I_O)         0.026     0.336 r  design_1_i/processing_system7_0/inst/buffer_fclk_clk_0.FCLK_CLK_0_BUFG/O
                         net (fo=33471, routed)       0.551     0.887    <hidden>
    SLICE_X49Y86         FDRE                                         r  <hidden>
  -------------------------------------------------------------------    -------------------
    SLICE_X49Y86         FDRE (Prop_fdre_C_Q)         0.128     1.015 f  <hidden>
                         net (fo=1, routed)           0.086     1.100    <hidden>
    SLICE_X49Y86         LUT3 (Prop_lut3_I0_O)        0.098     1.198 f  <hidden>
                         net (fo=33, routed)          0.272     1.470    <hidden>
    SLICE_X51Y85         FDCE                                         f  <hidden>
  -------------------------------------------------------------------    -------------------

                         (clock clk_fpga_0 rise edge)
                                                      0.000     0.000 r  
    PS7_X0Y0             PS7                          0.000     0.000 r  design_1_i/processing_system7_0/inst/PS7_i/FCLKCLK[0]
                         net (fo=1, routed)           0.337     0.337    design_1_i/processing_system7_0/inst/FCLK_CLK_unbuffered[0]
    BUFGCTRL_X0Y16       BUFG (Prop_bufg_I_O)         0.029     0.366 r  design_1_i/processing_system7_0/inst/buffer_fclk_clk_0.FCLK_CLK_0_BUFG/O
                         net (fo=33471, routed)       0.815     1.181    <hidden>
    SLICE_X51Y85         FDCE                                         r  <hidden>
                         clock pessimism             -0.035     1.146    
    SLICE_X51Y85         FDCE (Remov_fdce_C_CLR)     -0.092     1.054    <hidden>
  -------------------------------------------------------------------
                         required time                         -1.054    
                         arrival time                           1.470    
  -------------------------------------------------------------------
                         slack                                  0.416    

Slack (MET) :             0.416ns  (arrival time - required time)
  Source:                 <hidden>
                            (rising edge-triggered cell FDRE clocked by clk_fpga_0  {rise@0.000ns fall@10.000ns period=20.000ns})
  Destination:            <hidden>
                            (removal check against rising-edge clock clk_fpga_0  {rise@0.000ns fall@10.000ns period=20.000ns})
  Path Group:             **async_default**
  Path Type:              Removal (Min at Fast Process Corner)
  Requirement:            0.000ns  (clk_fpga_0 rise@0.000ns - clk_fpga_0 rise@0.000ns)
  Data Path Delay:        0.583ns  (logic 0.226ns (38.732%)  route 0.357ns (61.268%))
  Logic Levels:           1  (LUT3=1)
  Clock Path Skew:        0.259ns (DCD - SCD - CPR)
    Destination Clock Delay (DCD):    1.181ns
    Source Clock Delay      (SCD):    0.887ns
    Clock Pessimism Removal (CPR):    0.035ns

    Location             Delay type                Incr(ns)  Path(ns)    Netlist Resource(s)
  -------------------------------------------------------------------    -------------------
                         (clock clk_fpga_0 rise edge)
                                                      0.000     0.000 r  
    PS7_X0Y0             PS7                          0.000     0.000 r  design_1_i/processing_system7_0/inst/PS7_i/FCLKCLK[0]
                         net (fo=1, routed)           0.310     0.310    design_1_i/processing_system7_0/inst/FCLK_CLK_unbuffered[0]
    BUFGCTRL_X0Y16       BUFG (Prop_bufg_I_O)         0.026     0.336 r  design_1_i/processing_system7_0/inst/buffer_fclk_clk_0.FCLK_CLK_0_BUFG/O
                         net (fo=33471, routed)       0.551     0.887    <hidden>
    SLICE_X49Y86         FDRE                                         r  <hidden>
  -------------------------------------------------------------------    -------------------
    SLICE_X49Y86         FDRE (Prop_fdre_C_Q)         0.128     1.015 f  <hidden>
                         net (fo=1, routed)           0.086     1.100    <hidden>
    SLICE_X49Y86         LUT3 (Prop_lut3_I0_O)        0.098     1.198 f  <hidden>
                         net (fo=33, routed)          0.272     1.470    <hidden>
    SLICE_X51Y85         FDCE                                         f  <hidden>
  -------------------------------------------------------------------    -------------------

                         (clock clk_fpga_0 rise edge)
                                                      0.000     0.000 r  
    PS7_X0Y0             PS7                          0.000     0.000 r  design_1_i/processing_system7_0/inst/PS7_i/FCLKCLK[0]
                         net (fo=1, routed)           0.337     0.337    design_1_i/processing_system7_0/inst/FCLK_CLK_unbuffered[0]
    BUFGCTRL_X0Y16       BUFG (Prop_bufg_I_O)         0.029     0.366 r  design_1_i/processing_system7_0/inst/buffer_fclk_clk_0.FCLK_CLK_0_BUFG/O
                         net (fo=33471, routed)       0.815     1.181    <hidden>
    SLICE_X51Y85         FDCE                                         r  <hidden>
                         clock pessimism             -0.035     1.146    
    SLICE_X51Y85         FDCE (Remov_fdce_C_CLR)     -0.092     1.054    <hidden>
  -------------------------------------------------------------------
                         required time                         -1.054    
                         arrival time                           1.470    
  -------------------------------------------------------------------
                         slack                                  0.416    

Slack (MET) :             0.418ns  (arrival time - required time)
  Source:                 <hidden>
                            (rising edge-triggered cell FDRE clocked by clk_fpga_0  {rise@0.000ns fall@10.000ns period=20.000ns})
  Destination:            <hidden>
                            (removal check against rising-edge clock clk_fpga_0  {rise@0.000ns fall@10.000ns period=20.000ns})
  Path Group:             **async_default**
  Path Type:              Removal (Min at Fast Process Corner)
  Requirement:            0.000ns  (clk_fpga_0 rise@0.000ns - clk_fpga_0 rise@0.000ns)
  Data Path Delay:        0.591ns  (logic 0.186ns (31.487%)  route 0.405ns (68.513%))
  Logic Levels:           1  (LUT3=1)
  Clock Path Skew:        0.267ns (DCD - SCD - CPR)
    Destination Clock Delay (DCD):    1.191ns
    Source Clock Delay      (SCD):    0.889ns
    Clock Pessimism Removal (CPR):    0.035ns

    Location             Delay type                Incr(ns)  Path(ns)    Netlist Resource(s)
  -------------------------------------------------------------------    -------------------
                         (clock clk_fpga_0 rise edge)
                                                      0.000     0.000 r  
    PS7_X0Y0             PS7                          0.000     0.000 r  design_1_i/processing_system7_0/inst/PS7_i/FCLKCLK[0]
                         net (fo=1, routed)           0.310     0.310    design_1_i/processing_system7_0/inst/FCLK_CLK_unbuffered[0]
    BUFGCTRL_X0Y16       BUFG (Prop_bufg_I_O)         0.026     0.336 r  design_1_i/processing_system7_0/inst/buffer_fclk_clk_0.FCLK_CLK_0_BUFG/O
                         net (fo=33471, routed)       0.553     0.889    <hidden>
    SLICE_X51Y99         FDRE                                         r  <hidden>
  -------------------------------------------------------------------    -------------------
    SLICE_X51Y99         FDRE (Prop_fdre_C_Q)         0.141     1.030 f  <hidden>
                         net (fo=1, routed)           0.191     1.221    <hidden>
    SLICE_X51Y99         LUT3 (Prop_lut3_I0_O)        0.045     1.266 f  <hidden>
                         net (fo=33, routed)          0.214     1.479    <hidden>
    SLICE_X49Y98         FDPE                                         f  <hidden>
  -------------------------------------------------------------------    -------------------

                         (clock clk_fpga_0 rise edge)
                                                      0.000     0.000 r  
    PS7_X0Y0             PS7                          0.000     0.000 r  design_1_i/processing_system7_0/inst/PS7_i/FCLKCLK[0]
                         net (fo=1, routed)           0.337     0.337    design_1_i/processing_system7_0/inst/FCLK_CLK_unbuffered[0]
    BUFGCTRL_X0Y16       BUFG (Prop_bufg_I_O)         0.029     0.366 r  design_1_i/processing_system7_0/inst/buffer_fclk_clk_0.FCLK_CLK_0_BUFG/O
                         net (fo=33471, routed)       0.825     1.191    <hidden>
    SLICE_X49Y98         FDPE                                         r  <hidden>
                         clock pessimism             -0.035     1.156    
    SLICE_X49Y98         FDPE (Remov_fdpe_C_PRE)     -0.095     1.061    <hidden>
  -------------------------------------------------------------------
                         required time                         -1.061    
                         arrival time                           1.479    
  -------------------------------------------------------------------
                         slack                                  0.418    

Slack (MET) :             0.418ns  (arrival time - required time)
  Source:                 <hidden>
                            (rising edge-triggered cell FDRE clocked by clk_fpga_0  {rise@0.000ns fall@10.000ns period=20.000ns})
  Destination:            <hidden>
                            (removal check against rising-edge clock clk_fpga_0  {rise@0.000ns fall@10.000ns period=20.000ns})
  Path Group:             **async_default**
  Path Type:              Removal (Min at Fast Process Corner)
  Requirement:            0.000ns  (clk_fpga_0 rise@0.000ns - clk_fpga_0 rise@0.000ns)
  Data Path Delay:        0.591ns  (logic 0.186ns (31.487%)  route 0.405ns (68.513%))
  Logic Levels:           1  (LUT3=1)
  Clock Path Skew:        0.267ns (DCD - SCD - CPR)
    Destination Clock Delay (DCD):    1.191ns
    Source Clock Delay      (SCD):    0.889ns
    Clock Pessimism Removal (CPR):    0.035ns

    Location             Delay type                Incr(ns)  Path(ns)    Netlist Resource(s)
  -------------------------------------------------------------------    -------------------
                         (clock clk_fpga_0 rise edge)
                                                      0.000     0.000 r  
    PS7_X0Y0             PS7                          0.000     0.000 r  design_1_i/processing_system7_0/inst/PS7_i/FCLKCLK[0]
                         net (fo=1, routed)           0.310     0.310    design_1_i/processing_system7_0/inst/FCLK_CLK_unbuffered[0]
    BUFGCTRL_X0Y16       BUFG (Prop_bufg_I_O)         0.026     0.336 r  design_1_i/processing_system7_0/inst/buffer_fclk_clk_0.FCLK_CLK_0_BUFG/O
                         net (fo=33471, routed)       0.553     0.889    <hidden>
    SLICE_X51Y99         FDRE                                         r  <hidden>
  -------------------------------------------------------------------    -------------------
    SLICE_X51Y99         FDRE (Prop_fdre_C_Q)         0.141     1.030 f  <hidden>
                         net (fo=1, routed)           0.191     1.221    <hidden>
    SLICE_X51Y99         LUT3 (Prop_lut3_I0_O)        0.045     1.266 f  <hidden>
                         net (fo=33, routed)          0.214     1.479    <hidden>
    SLICE_X49Y98         FDPE                                         f  <hidden>
  -------------------------------------------------------------------    -------------------

                         (clock clk_fpga_0 rise edge)
                                                      0.000     0.000 r  
    PS7_X0Y0             PS7                          0.000     0.000 r  design_1_i/processing_system7_0/inst/PS7_i/FCLKCLK[0]
                         net (fo=1, routed)           0.337     0.337    design_1_i/processing_system7_0/inst/FCLK_CLK_unbuffered[0]
    BUFGCTRL_X0Y16       BUFG (Prop_bufg_I_O)         0.029     0.366 r  design_1_i/processing_system7_0/inst/buffer_fclk_clk_0.FCLK_CLK_0_BUFG/O
                         net (fo=33471, routed)       0.825     1.191    <hidden>
    SLICE_X49Y98         FDPE                                         r  <hidden>
                         clock pessimism             -0.035     1.156    
    SLICE_X49Y98         FDPE (Remov_fdpe_C_PRE)     -0.095     1.061    <hidden>
  -------------------------------------------------------------------
                         required time                         -1.061    
                         arrival time                           1.479    
  -------------------------------------------------------------------
                         slack                                  0.418    

Slack (MET) :             0.418ns  (arrival time - required time)
  Source:                 <hidden>
                            (rising edge-triggered cell FDRE clocked by clk_fpga_0  {rise@0.000ns fall@10.000ns period=20.000ns})
  Destination:            <hidden>
                            (removal check against rising-edge clock clk_fpga_0  {rise@0.000ns fall@10.000ns period=20.000ns})
  Path Group:             **async_default**
  Path Type:              Removal (Min at Fast Process Corner)
  Requirement:            0.000ns  (clk_fpga_0 rise@0.000ns - clk_fpga_0 rise@0.000ns)
  Data Path Delay:        0.591ns  (logic 0.186ns (31.487%)  route 0.405ns (68.513%))
  Logic Levels:           1  (LUT3=1)
  Clock Path Skew:        0.267ns (DCD - SCD - CPR)
    Destination Clock Delay (DCD):    1.191ns
    Source Clock Delay      (SCD):    0.889ns
    Clock Pessimism Removal (CPR):    0.035ns

    Location             Delay type                Incr(ns)  Path(ns)    Netlist Resource(s)
  -------------------------------------------------------------------    -------------------
                         (clock clk_fpga_0 rise edge)
                                                      0.000     0.000 r  
    PS7_X0Y0             PS7                          0.000     0.000 r  design_1_i/processing_system7_0/inst/PS7_i/FCLKCLK[0]
                         net (fo=1, routed)           0.310     0.310    design_1_i/processing_system7_0/inst/FCLK_CLK_unbuffered[0]
    BUFGCTRL_X0Y16       BUFG (Prop_bufg_I_O)         0.026     0.336 r  design_1_i/processing_system7_0/inst/buffer_fclk_clk_0.FCLK_CLK_0_BUFG/O
                         net (fo=33471, routed)       0.553     0.889    <hidden>
    SLICE_X51Y99         FDRE                                         r  <hidden>
  -------------------------------------------------------------------    -------------------
    SLICE_X51Y99         FDRE (Prop_fdre_C_Q)         0.141     1.030 f  <hidden>
                         net (fo=1, routed)           0.191     1.221    <hidden>
    SLICE_X51Y99         LUT3 (Prop_lut3_I0_O)        0.045     1.266 f  <hidden>
                         net (fo=33, routed)          0.214     1.479    <hidden>
    SLICE_X49Y98         FDPE                                         f  <hidden>
  -------------------------------------------------------------------    -------------------

                         (clock clk_fpga_0 rise edge)
                                                      0.000     0.000 r  
    PS7_X0Y0             PS7                          0.000     0.000 r  design_1_i/processing_system7_0/inst/PS7_i/FCLKCLK[0]
                         net (fo=1, routed)           0.337     0.337    design_1_i/processing_system7_0/inst/FCLK_CLK_unbuffered[0]
    BUFGCTRL_X0Y16       BUFG (Prop_bufg_I_O)         0.029     0.366 r  design_1_i/processing_system7_0/inst/buffer_fclk_clk_0.FCLK_CLK_0_BUFG/O
                         net (fo=33471, routed)       0.825     1.191    <hidden>
    SLICE_X49Y98         FDPE                                         r  <hidden>
                         clock pessimism             -0.035     1.156    
    SLICE_X49Y98         FDPE (Remov_fdpe_C_PRE)     -0.095     1.061    <hidden>
  -------------------------------------------------------------------
                         required time                         -1.061    
                         arrival time                           1.479    
  -------------------------------------------------------------------
                         slack                                  0.418    

Slack (MET) :             0.418ns  (arrival time - required time)
  Source:                 <hidden>
                            (rising edge-triggered cell FDRE clocked by clk_fpga_0  {rise@0.000ns fall@10.000ns period=20.000ns})
  Destination:            <hidden>
                            (removal check against rising-edge clock clk_fpga_0  {rise@0.000ns fall@10.000ns period=20.000ns})
  Path Group:             **async_default**
  Path Type:              Removal (Min at Fast Process Corner)
  Requirement:            0.000ns  (clk_fpga_0 rise@0.000ns - clk_fpga_0 rise@0.000ns)
  Data Path Delay:        0.591ns  (logic 0.186ns (31.487%)  route 0.405ns (68.513%))
  Logic Levels:           1  (LUT3=1)
  Clock Path Skew:        0.267ns (DCD - SCD - CPR)
    Destination Clock Delay (DCD):    1.191ns
    Source Clock Delay      (SCD):    0.889ns
    Clock Pessimism Removal (CPR):    0.035ns

    Location             Delay type                Incr(ns)  Path(ns)    Netlist Resource(s)
  -------------------------------------------------------------------    -------------------
                         (clock clk_fpga_0 rise edge)
                                                      0.000     0.000 r  
    PS7_X0Y0             PS7                          0.000     0.000 r  design_1_i/processing_system7_0/inst/PS7_i/FCLKCLK[0]
                         net (fo=1, routed)           0.310     0.310    design_1_i/processing_system7_0/inst/FCLK_CLK_unbuffered[0]
    BUFGCTRL_X0Y16       BUFG (Prop_bufg_I_O)         0.026     0.336 r  design_1_i/processing_system7_0/inst/buffer_fclk_clk_0.FCLK_CLK_0_BUFG/O
                         net (fo=33471, routed)       0.553     0.889    <hidden>
    SLICE_X51Y99         FDRE                                         r  <hidden>
  -------------------------------------------------------------------    -------------------
    SLICE_X51Y99         FDRE (Prop_fdre_C_Q)         0.141     1.030 f  <hidden>
                         net (fo=1, routed)           0.191     1.221    <hidden>
    SLICE_X51Y99         LUT3 (Prop_lut3_I0_O)        0.045     1.266 f  <hidden>
                         net (fo=33, routed)          0.214     1.479    <hidden>
    SLICE_X49Y98         FDPE                                         f  <hidden>
  -------------------------------------------------------------------    -------------------

                         (clock clk_fpga_0 rise edge)
                                                      0.000     0.000 r  
    PS7_X0Y0             PS7                          0.000     0.000 r  design_1_i/processing_system7_0/inst/PS7_i/FCLKCLK[0]
                         net (fo=1, routed)           0.337     0.337    design_1_i/processing_system7_0/inst/FCLK_CLK_unbuffered[0]
    BUFGCTRL_X0Y16       BUFG (Prop_bufg_I_O)         0.029     0.366 r  design_1_i/processing_system7_0/inst/buffer_fclk_clk_0.FCLK_CLK_0_BUFG/O
                         net (fo=33471, routed)       0.825     1.191    <hidden>
    SLICE_X49Y98         FDPE                                         r  <hidden>
                         clock pessimism             -0.035     1.156    
    SLICE_X49Y98         FDPE (Remov_fdpe_C_PRE)     -0.095     1.061    <hidden>
  -------------------------------------------------------------------
                         required time                         -1.061    
                         arrival time                           1.479    
  -------------------------------------------------------------------
                         slack                                  0.418    

Slack (MET) :             0.418ns  (arrival time - required time)
  Source:                 <hidden>
                            (rising edge-triggered cell FDRE clocked by clk_fpga_0  {rise@0.000ns fall@10.000ns period=20.000ns})
  Destination:            <hidden>
                            (removal check against rising-edge clock clk_fpga_0  {rise@0.000ns fall@10.000ns period=20.000ns})
  Path Group:             **async_default**
  Path Type:              Removal (Min at Fast Process Corner)
  Requirement:            0.000ns  (clk_fpga_0 rise@0.000ns - clk_fpga_0 rise@0.000ns)
  Data Path Delay:        0.591ns  (logic 0.186ns (31.487%)  route 0.405ns (68.513%))
  Logic Levels:           1  (LUT3=1)
  Clock Path Skew:        0.267ns (DCD - SCD - CPR)
    Destination Clock Delay (DCD):    1.191ns
    Source Clock Delay      (SCD):    0.889ns
    Clock Pessimism Removal (CPR):    0.035ns

    Location             Delay type                Incr(ns)  Path(ns)    Netlist Resource(s)
  -------------------------------------------------------------------    -------------------
                         (clock clk_fpga_0 rise edge)
                                                      0.000     0.000 r  
    PS7_X0Y0             PS7                          0.000     0.000 r  design_1_i/processing_system7_0/inst/PS7_i/FCLKCLK[0]
                         net (fo=1, routed)           0.310     0.310    design_1_i/processing_system7_0/inst/FCLK_CLK_unbuffered[0]
    BUFGCTRL_X0Y16       BUFG (Prop_bufg_I_O)         0.026     0.336 r  design_1_i/processing_system7_0/inst/buffer_fclk_clk_0.FCLK_CLK_0_BUFG/O
                         net (fo=33471, routed)       0.553     0.889    <hidden>
    SLICE_X51Y99         FDRE                                         r  <hidden>
  -------------------------------------------------------------------    -------------------
    SLICE_X51Y99         FDRE (Prop_fdre_C_Q)         0.141     1.030 f  <hidden>
                         net (fo=1, routed)           0.191     1.221    <hidden>
    SLICE_X51Y99         LUT3 (Prop_lut3_I0_O)        0.045     1.266 f  <hidden>
                         net (fo=33, routed)          0.214     1.479    <hidden>
    SLICE_X49Y98         FDPE                                         f  <hidden>
  -------------------------------------------------------------------    -------------------

                         (clock clk_fpga_0 rise edge)
                                                      0.000     0.000 r  
    PS7_X0Y0             PS7                          0.000     0.000 r  design_1_i/processing_system7_0/inst/PS7_i/FCLKCLK[0]
                         net (fo=1, routed)           0.337     0.337    design_1_i/processing_system7_0/inst/FCLK_CLK_unbuffered[0]
    BUFGCTRL_X0Y16       BUFG (Prop_bufg_I_O)         0.029     0.366 r  design_1_i/processing_system7_0/inst/buffer_fclk_clk_0.FCLK_CLK_0_BUFG/O
                         net (fo=33471, routed)       0.825     1.191    <hidden>
    SLICE_X49Y98         FDPE                                         r  <hidden>
                         clock pessimism             -0.035     1.156    
    SLICE_X49Y98         FDPE (Remov_fdpe_C_PRE)     -0.095     1.061    <hidden>
  -------------------------------------------------------------------
                         required time                         -1.061    
                         arrival time                           1.479    
  -------------------------------------------------------------------
                         slack                                  0.418    

Slack (MET) :             0.419ns  (arrival time - required time)
  Source:                 <hidden>
                            (rising edge-triggered cell FDRE clocked by clk_fpga_0  {rise@0.000ns fall@10.000ns period=20.000ns})
  Destination:            <hidden>
                            (removal check against rising-edge clock clk_fpga_0  {rise@0.000ns fall@10.000ns period=20.000ns})
  Path Group:             **async_default**
  Path Type:              Removal (Min at Fast Process Corner)
  Requirement:            0.000ns  (clk_fpga_0 rise@0.000ns - clk_fpga_0 rise@0.000ns)
  Data Path Delay:        0.583ns  (logic 0.226ns (38.732%)  route 0.357ns (61.268%))
  Logic Levels:           1  (LUT3=1)
  Clock Path Skew:        0.259ns (DCD - SCD - CPR)
    Destination Clock Delay (DCD):    1.181ns
    Source Clock Delay      (SCD):    0.887ns
    Clock Pessimism Removal (CPR):    0.035ns

    Location             Delay type                Incr(ns)  Path(ns)    Netlist Resource(s)
  -------------------------------------------------------------------    -------------------
                         (clock clk_fpga_0 rise edge)
                                                      0.000     0.000 r  
    PS7_X0Y0             PS7                          0.000     0.000 r  design_1_i/processing_system7_0/inst/PS7_i/FCLKCLK[0]
                         net (fo=1, routed)           0.310     0.310    design_1_i/processing_system7_0/inst/FCLK_CLK_unbuffered[0]
    BUFGCTRL_X0Y16       BUFG (Prop_bufg_I_O)         0.026     0.336 r  design_1_i/processing_system7_0/inst/buffer_fclk_clk_0.FCLK_CLK_0_BUFG/O
                         net (fo=33471, routed)       0.551     0.887    <hidden>
    SLICE_X49Y86         FDRE                                         r  <hidden>
  -------------------------------------------------------------------    -------------------
    SLICE_X49Y86         FDRE (Prop_fdre_C_Q)         0.128     1.015 f  <hidden>
                         net (fo=1, routed)           0.086     1.100    <hidden>
    SLICE_X49Y86         LUT3 (Prop_lut3_I0_O)        0.098     1.198 f  <hidden>
                         net (fo=33, routed)          0.272     1.470    <hidden>
    SLICE_X51Y85         FDPE                                         f  <hidden>
  -------------------------------------------------------------------    -------------------

                         (clock clk_fpga_0 rise edge)
                                                      0.000     0.000 r  
    PS7_X0Y0             PS7                          0.000     0.000 r  design_1_i/processing_system7_0/inst/PS7_i/FCLKCLK[0]
                         net (fo=1, routed)           0.337     0.337    design_1_i/processing_system7_0/inst/FCLK_CLK_unbuffered[0]
    BUFGCTRL_X0Y16       BUFG (Prop_bufg_I_O)         0.029     0.366 r  design_1_i/processing_system7_0/inst/buffer_fclk_clk_0.FCLK_CLK_0_BUFG/O
                         net (fo=33471, routed)       0.815     1.181    <hidden>
    SLICE_X51Y85         FDPE                                         r  <hidden>
                         clock pessimism             -0.035     1.146    
    SLICE_X51Y85         FDPE (Remov_fdpe_C_PRE)     -0.095     1.051    <hidden>
  -------------------------------------------------------------------
                         required time                         -1.051    
                         arrival time                           1.470    
  -------------------------------------------------------------------
                         slack                                  0.419    

Slack (MET) :             0.419ns  (arrival time - required time)
  Source:                 <hidden>
                            (rising edge-triggered cell FDRE clocked by clk_fpga_0  {rise@0.000ns fall@10.000ns period=20.000ns})
  Destination:            <hidden>
                            (removal check against rising-edge clock clk_fpga_0  {rise@0.000ns fall@10.000ns period=20.000ns})
  Path Group:             **async_default**
  Path Type:              Removal (Min at Fast Process Corner)
  Requirement:            0.000ns  (clk_fpga_0 rise@0.000ns - clk_fpga_0 rise@0.000ns)
  Data Path Delay:        0.583ns  (logic 0.226ns (38.732%)  route 0.357ns (61.268%))
  Logic Levels:           1  (LUT3=1)
  Clock Path Skew:        0.259ns (DCD - SCD - CPR)
    Destination Clock Delay (DCD):    1.181ns
    Source Clock Delay      (SCD):    0.887ns
    Clock Pessimism Removal (CPR):    0.035ns

    Location             Delay type                Incr(ns)  Path(ns)    Netlist Resource(s)
  -------------------------------------------------------------------    -------------------
                         (clock clk_fpga_0 rise edge)
                                                      0.000     0.000 r  
    PS7_X0Y0             PS7                          0.000     0.000 r  design_1_i/processing_system7_0/inst/PS7_i/FCLKCLK[0]
                         net (fo=1, routed)           0.310     0.310    design_1_i/processing_system7_0/inst/FCLK_CLK_unbuffered[0]
    BUFGCTRL_X0Y16       BUFG (Prop_bufg_I_O)         0.026     0.336 r  design_1_i/processing_system7_0/inst/buffer_fclk_clk_0.FCLK_CLK_0_BUFG/O
                         net (fo=33471, routed)       0.551     0.887    <hidden>
    SLICE_X49Y86         FDRE                                         r  <hidden>
  -------------------------------------------------------------------    -------------------
    SLICE_X49Y86         FDRE (Prop_fdre_C_Q)         0.128     1.015 f  <hidden>
                         net (fo=1, routed)           0.086     1.100    <hidden>
    SLICE_X49Y86         LUT3 (Prop_lut3_I0_O)        0.098     1.198 f  <hidden>
                         net (fo=33, routed)          0.272     1.470    <hidden>
    SLICE_X51Y85         FDPE                                         f  <hidden>
  -------------------------------------------------------------------    -------------------

                         (clock clk_fpga_0 rise edge)
                                                      0.000     0.000 r  
    PS7_X0Y0             PS7                          0.000     0.000 r  design_1_i/processing_system7_0/inst/PS7_i/FCLKCLK[0]
                         net (fo=1, routed)           0.337     0.337    design_1_i/processing_system7_0/inst/FCLK_CLK_unbuffered[0]
    BUFGCTRL_X0Y16       BUFG (Prop_bufg_I_O)         0.029     0.366 r  design_1_i/processing_system7_0/inst/buffer_fclk_clk_0.FCLK_CLK_0_BUFG/O
                         net (fo=33471, routed)       0.815     1.181    <hidden>
    SLICE_X51Y85         FDPE                                         r  <hidden>
                         clock pessimism             -0.035     1.146    
    SLICE_X51Y85         FDPE (Remov_fdpe_C_PRE)     -0.095     1.051    <hidden>
  -------------------------------------------------------------------
                         required time                         -1.051    
                         arrival time                           1.470    
  -------------------------------------------------------------------
                         slack                                  0.419    





--------------------------------------------------------------------------------------
Path Group:  (none)
From Clock:  
  To Clock:  clk_fpga_0

Max Delay             1 Endpoint
Min Delay             1 Endpoint
--------------------------------------------------------------------------------------


Max Delay Paths
--------------------------------------------------------------------------------------
Slack:                    inf
  Source:                 design_1_i/processing_system7_0/inst/PS7_i/FCLKRESETN[0]
                            (internal pin)
  Destination:            design_1_i/rst_ps7_0_50M/U0/EXT_LPF/ACTIVE_LOW_EXT.ACT_LO_EXT/syncstages_ff_reg[0]/D
                            (rising edge-triggered cell FDRE clocked by clk_fpga_0  {rise@0.000ns fall@10.000ns period=20.000ns})
  Path Group:             (none)
  Path Type:              Setup (Max at Slow Process Corner)
  Data Path Delay:        6.750ns  (logic 0.124ns (1.837%)  route 6.626ns (98.163%))
  Logic Levels:           1  (LUT1=1)
  Clock Uncertainty:      0.301ns  ((TSJ^2 + TIJ^2)^1/2 + DJ) / 2 + PE
    Total System Jitter     (TSJ):    0.050ns
    Total Input Jitter      (TIJ):    0.600ns
    Discrete Jitter          (DJ):    0.000ns
    Phase Error              (PE):    0.000ns
  Timing Exception:       False Path

    Location             Delay type                Incr(ns)  Path(ns)    Netlist Resource(s)
  -------------------------------------------------------------------    -------------------
    PS7_X0Y0             PS7                          0.000     0.000 f  design_1_i/processing_system7_0/inst/PS7_i/FCLKRESETN[0]
                         net (fo=1, routed)           6.114     6.114    design_1_i/rst_ps7_0_50M/U0/EXT_LPF/ext_reset_in
    SLICE_X108Y1         LUT1 (Prop_lut1_I0_O)        0.124     6.238 r  design_1_i/rst_ps7_0_50M/U0/EXT_LPF/ACTIVE_LOW_EXT.ACT_LO_EXT_i_1/O
                         net (fo=1, routed)           0.513     6.750    design_1_i/rst_ps7_0_50M/U0/EXT_LPF/ACTIVE_LOW_EXT.ACT_LO_EXT/src_in
    SLICE_X110Y0         FDRE                                         r  design_1_i/rst_ps7_0_50M/U0/EXT_LPF/ACTIVE_LOW_EXT.ACT_LO_EXT/syncstages_ff_reg[0]/D
  -------------------------------------------------------------------    -------------------

                         (clock clk_fpga_0 rise edge)
                                                      0.000     0.000 r  
    PS7_X0Y0             PS7                          0.000     0.000 r  design_1_i/processing_system7_0/inst/PS7_i/FCLKCLK[0]
                         net (fo=1, routed)           1.088     1.088    design_1_i/processing_system7_0/inst/FCLK_CLK_unbuffered[0]
    BUFGCTRL_X0Y16       BUFG (Prop_bufg_I_O)         0.091     1.179 r  design_1_i/processing_system7_0/inst/buffer_fclk_clk_0.FCLK_CLK_0_BUFG/O
                         net (fo=33471, routed)       1.703     2.882    design_1_i/rst_ps7_0_50M/U0/EXT_LPF/ACTIVE_LOW_EXT.ACT_LO_EXT/dest_clk
    SLICE_X110Y0         FDRE                                         r  design_1_i/rst_ps7_0_50M/U0/EXT_LPF/ACTIVE_LOW_EXT.ACT_LO_EXT/syncstages_ff_reg[0]/C





Min Delay Paths
--------------------------------------------------------------------------------------
Slack:                    inf
  Source:                 design_1_i/processing_system7_0/inst/PS7_i/FCLKRESETN[0]
                            (internal pin)
  Destination:            design_1_i/rst_ps7_0_50M/U0/EXT_LPF/ACTIVE_LOW_EXT.ACT_LO_EXT/syncstages_ff_reg[0]/D
                            (rising edge-triggered cell FDRE clocked by clk_fpga_0  {rise@0.000ns fall@10.000ns period=20.000ns})
  Path Group:             (none)
  Path Type:              Hold (Min at Fast Process Corner)
  Data Path Delay:        2.922ns  (logic 0.045ns (1.540%)  route 2.877ns (98.460%))
  Logic Levels:           1  (LUT1=1)
  Clock Uncertainty:      0.301ns  ((TSJ^2 + TIJ^2)^1/2 + DJ) / 2 + PE
    Total System Jitter     (TSJ):    0.050ns
    Total Input Jitter      (TIJ):    0.600ns
    Discrete Jitter          (DJ):    0.000ns
    Phase Error              (PE):    0.000ns
  Timing Exception:       False Path

    Location             Delay type                Incr(ns)  Path(ns)    Netlist Resource(s)
  -------------------------------------------------------------------    -------------------
    PS7_X0Y0             PS7                          0.000     0.000 f  design_1_i/processing_system7_0/inst/PS7_i/FCLKRESETN[0]
                         net (fo=1, routed)           2.701     2.701    design_1_i/rst_ps7_0_50M/U0/EXT_LPF/ext_reset_in
    SLICE_X108Y1         LUT1 (Prop_lut1_I0_O)        0.045     2.746 r  design_1_i/rst_ps7_0_50M/U0/EXT_LPF/ACTIVE_LOW_EXT.ACT_LO_EXT_i_1/O
                         net (fo=1, routed)           0.177     2.922    design_1_i/rst_ps7_0_50M/U0/EXT_LPF/ACTIVE_LOW_EXT.ACT_LO_EXT/src_in
    SLICE_X110Y0         FDRE                                         r  design_1_i/rst_ps7_0_50M/U0/EXT_LPF/ACTIVE_LOW_EXT.ACT_LO_EXT/syncstages_ff_reg[0]/D
  -------------------------------------------------------------------    -------------------

                         (clock clk_fpga_0 rise edge)
                                                      0.000     0.000 r  
    PS7_X0Y0             PS7                          0.000     0.000 r  design_1_i/processing_system7_0/inst/PS7_i/FCLKCLK[0]
                         net (fo=1, routed)           0.337     0.337    design_1_i/processing_system7_0/inst/FCLK_CLK_unbuffered[0]
    BUFGCTRL_X0Y16       BUFG (Prop_bufg_I_O)         0.029     0.366 r  design_1_i/processing_system7_0/inst/buffer_fclk_clk_0.FCLK_CLK_0_BUFG/O
                         net (fo=33471, routed)       0.914     1.280    design_1_i/rst_ps7_0_50M/U0/EXT_LPF/ACTIVE_LOW_EXT.ACT_LO_EXT/dest_clk
    SLICE_X110Y0         FDRE                                         r  design_1_i/rst_ps7_0_50M/U0/EXT_LPF/ACTIVE_LOW_EXT.ACT_LO_EXT/syncstages_ff_reg[0]/C





--------------------------------------------------------------------------------------
Path Group:  (none)
From Clock:  clk_fpga_0
  To Clock:  clk_fpga_0

Max Delay            86 Endpoints
Min Delay            86 Endpoints
--------------------------------------------------------------------------------------


Max Delay Paths
--------------------------------------------------------------------------------------
Slack:                    inf
  Source:                 design_1_i/rst_ps7_0_50M/U0/ACTIVE_LOW_PR_OUT_DFF[0].FDRE_PER_N/C
                            (rising edge-triggered cell FDRE clocked by clk_fpga_0  {rise@0.000ns fall@10.000ns period=20.000ns})
  Destination:            <hidden>
                            (recovery check against rising-edge clock clk_fpga_0  {rise@0.000ns fall@10.000ns period=20.000ns})
  Path Group:             (none)
  Path Type:              Recovery (Max at Slow Process Corner)
  Data Path Delay:        13.978ns  (logic 0.580ns (4.149%)  route 13.398ns (95.851%))
  Logic Levels:           1  (LUT1=1)
  Clock Path Skew:        -0.264ns (DCD - SCD + CPR)
    Destination Clock Delay (DCD):    2.832ns
    Source Clock Delay      (SCD):    3.096ns
    Clock Pessimism Removal (CPR):    0.000ns
  Clock Uncertainty:      0.302ns  ((TSJ^2 + TIJ^2)^1/2 + DJ) / 2 + PE
    Total System Jitter     (TSJ):    0.071ns
    Total Input Jitter      (TIJ):    0.600ns
    Discrete Jitter          (DJ):    0.000ns
    Phase Error              (PE):    0.000ns
  Timing Exception:       False Path

    Location             Delay type                Incr(ns)  Path(ns)    Netlist Resource(s)
  -------------------------------------------------------------------    -------------------
                         (clock clk_fpga_0 rise edge)
                                                      0.000     0.000 r  
    PS7_X0Y0             PS7                          0.000     0.000 r  design_1_i/processing_system7_0/inst/PS7_i/FCLKCLK[0]
                         net (fo=1, routed)           1.193     1.193    design_1_i/processing_system7_0/inst/FCLK_CLK_unbuffered[0]
    BUFGCTRL_X0Y16       BUFG (Prop_bufg_I_O)         0.101     1.294 r  design_1_i/processing_system7_0/inst/buffer_fclk_clk_0.FCLK_CLK_0_BUFG/O
                         net (fo=33471, routed)       1.802     3.096    design_1_i/rst_ps7_0_50M/U0/slowest_sync_clk
    SLICE_X101Y5         FDRE                                         r  design_1_i/rst_ps7_0_50M/U0/ACTIVE_LOW_PR_OUT_DFF[0].FDRE_PER_N/C
  -------------------------------------------------------------------    -------------------
    SLICE_X101Y5         FDRE (Prop_fdre_C_Q)         0.456     3.552 r  design_1_i/rst_ps7_0_50M/U0/ACTIVE_LOW_PR_OUT_DFF[0].FDRE_PER_N/Q
                         net (fo=191, routed)         7.697    11.249    design_1_i/axi_mem_intercon/m00_couplers/auto_ds/inst/gen_downsizer.gen_cascaded_downsizer.first_downsizer_inst/USE_WRITE.write_addr_inst/USE_B_CHANNEL.cmd_b_queue/inst/out
    SLICE_X62Y75         LUT1 (Prop_lut1_I0_O)        0.124    11.373 f  design_1_i/axi_mem_intercon/m00_couplers/auto_ds/inst/gen_downsizer.gen_cascaded_downsizer.first_downsizer_inst/USE_WRITE.write_addr_inst/USE_B_CHANNEL.cmd_b_queue/inst/S_AXI_AREADY_I_i_1/O
                         net (fo=419, routed)         5.701    17.074    <hidden>
    SLICE_X35Y107        FDPE                                         f  <hidden>
  -------------------------------------------------------------------    -------------------

                         (clock clk_fpga_0 rise edge)
                                                      0.000     0.000 r  
    PS7_X0Y0             PS7                          0.000     0.000 r  design_1_i/processing_system7_0/inst/PS7_i/FCLKCLK[0]
                         net (fo=1, routed)           1.088     1.088    design_1_i/processing_system7_0/inst/FCLK_CLK_unbuffered[0]
    BUFGCTRL_X0Y16       BUFG (Prop_bufg_I_O)         0.091     1.179 r  design_1_i/processing_system7_0/inst/buffer_fclk_clk_0.FCLK_CLK_0_BUFG/O
                         net (fo=33471, routed)       1.653     2.832    <hidden>
    SLICE_X35Y107        FDPE                                         r  <hidden>

Slack:                    inf
  Source:                 design_1_i/rst_ps7_0_50M/U0/ACTIVE_LOW_PR_OUT_DFF[0].FDRE_PER_N/C
                            (rising edge-triggered cell FDRE clocked by clk_fpga_0  {rise@0.000ns fall@10.000ns period=20.000ns})
  Destination:            <hidden>
                            (recovery check against rising-edge clock clk_fpga_0  {rise@0.000ns fall@10.000ns period=20.000ns})
  Path Group:             (none)
  Path Type:              Recovery (Max at Slow Process Corner)
  Data Path Delay:        13.978ns  (logic 0.580ns (4.149%)  route 13.398ns (95.851%))
  Logic Levels:           1  (LUT1=1)
  Clock Path Skew:        -0.264ns (DCD - SCD + CPR)
    Destination Clock Delay (DCD):    2.832ns
    Source Clock Delay      (SCD):    3.096ns
    Clock Pessimism Removal (CPR):    0.000ns
  Clock Uncertainty:      0.302ns  ((TSJ^2 + TIJ^2)^1/2 + DJ) / 2 + PE
    Total System Jitter     (TSJ):    0.071ns
    Total Input Jitter      (TIJ):    0.600ns
    Discrete Jitter          (DJ):    0.000ns
    Phase Error              (PE):    0.000ns
  Timing Exception:       False Path

    Location             Delay type                Incr(ns)  Path(ns)    Netlist Resource(s)
  -------------------------------------------------------------------    -------------------
                         (clock clk_fpga_0 rise edge)
                                                      0.000     0.000 r  
    PS7_X0Y0             PS7                          0.000     0.000 r  design_1_i/processing_system7_0/inst/PS7_i/FCLKCLK[0]
                         net (fo=1, routed)           1.193     1.193    design_1_i/processing_system7_0/inst/FCLK_CLK_unbuffered[0]
    BUFGCTRL_X0Y16       BUFG (Prop_bufg_I_O)         0.101     1.294 r  design_1_i/processing_system7_0/inst/buffer_fclk_clk_0.FCLK_CLK_0_BUFG/O
                         net (fo=33471, routed)       1.802     3.096    design_1_i/rst_ps7_0_50M/U0/slowest_sync_clk
    SLICE_X101Y5         FDRE                                         r  design_1_i/rst_ps7_0_50M/U0/ACTIVE_LOW_PR_OUT_DFF[0].FDRE_PER_N/C
  -------------------------------------------------------------------    -------------------
    SLICE_X101Y5         FDRE (Prop_fdre_C_Q)         0.456     3.552 r  design_1_i/rst_ps7_0_50M/U0/ACTIVE_LOW_PR_OUT_DFF[0].FDRE_PER_N/Q
                         net (fo=191, routed)         7.697    11.249    design_1_i/axi_mem_intercon/m00_couplers/auto_ds/inst/gen_downsizer.gen_cascaded_downsizer.first_downsizer_inst/USE_WRITE.write_addr_inst/USE_B_CHANNEL.cmd_b_queue/inst/out
    SLICE_X62Y75         LUT1 (Prop_lut1_I0_O)        0.124    11.373 f  design_1_i/axi_mem_intercon/m00_couplers/auto_ds/inst/gen_downsizer.gen_cascaded_downsizer.first_downsizer_inst/USE_WRITE.write_addr_inst/USE_B_CHANNEL.cmd_b_queue/inst/S_AXI_AREADY_I_i_1/O
                         net (fo=419, routed)         5.701    17.074    <hidden>
    SLICE_X35Y107        FDPE                                         f  <hidden>
  -------------------------------------------------------------------    -------------------

                         (clock clk_fpga_0 rise edge)
                                                      0.000     0.000 r  
    PS7_X0Y0             PS7                          0.000     0.000 r  design_1_i/processing_system7_0/inst/PS7_i/FCLKCLK[0]
                         net (fo=1, routed)           1.088     1.088    design_1_i/processing_system7_0/inst/FCLK_CLK_unbuffered[0]
    BUFGCTRL_X0Y16       BUFG (Prop_bufg_I_O)         0.091     1.179 r  design_1_i/processing_system7_0/inst/buffer_fclk_clk_0.FCLK_CLK_0_BUFG/O
                         net (fo=33471, routed)       1.653     2.832    <hidden>
    SLICE_X35Y107        FDPE                                         r  <hidden>

Slack:                    inf
  Source:                 design_1_i/rst_ps7_0_50M/U0/ACTIVE_LOW_PR_OUT_DFF[0].FDRE_PER_N/C
                            (rising edge-triggered cell FDRE clocked by clk_fpga_0  {rise@0.000ns fall@10.000ns period=20.000ns})
  Destination:            <hidden>
                            (recovery check against rising-edge clock clk_fpga_0  {rise@0.000ns fall@10.000ns period=20.000ns})
  Path Group:             (none)
  Path Type:              Recovery (Max at Slow Process Corner)
  Data Path Delay:        13.092ns  (logic 0.580ns (4.430%)  route 12.512ns (95.570%))
  Logic Levels:           1  (LUT1=1)
  Clock Path Skew:        -0.266ns (DCD - SCD + CPR)
    Destination Clock Delay (DCD):    2.830ns
    Source Clock Delay      (SCD):    3.096ns
    Clock Pessimism Removal (CPR):    0.000ns
  Clock Uncertainty:      0.302ns  ((TSJ^2 + TIJ^2)^1/2 + DJ) / 2 + PE
    Total System Jitter     (TSJ):    0.071ns
    Total Input Jitter      (TIJ):    0.600ns
    Discrete Jitter          (DJ):    0.000ns
    Phase Error              (PE):    0.000ns
  Timing Exception:       False Path

    Location             Delay type                Incr(ns)  Path(ns)    Netlist Resource(s)
  -------------------------------------------------------------------    -------------------
                         (clock clk_fpga_0 rise edge)
                                                      0.000     0.000 r  
    PS7_X0Y0             PS7                          0.000     0.000 r  design_1_i/processing_system7_0/inst/PS7_i/FCLKCLK[0]
                         net (fo=1, routed)           1.193     1.193    design_1_i/processing_system7_0/inst/FCLK_CLK_unbuffered[0]
    BUFGCTRL_X0Y16       BUFG (Prop_bufg_I_O)         0.101     1.294 r  design_1_i/processing_system7_0/inst/buffer_fclk_clk_0.FCLK_CLK_0_BUFG/O
                         net (fo=33471, routed)       1.802     3.096    design_1_i/rst_ps7_0_50M/U0/slowest_sync_clk
    SLICE_X101Y5         FDRE                                         r  design_1_i/rst_ps7_0_50M/U0/ACTIVE_LOW_PR_OUT_DFF[0].FDRE_PER_N/C
  -------------------------------------------------------------------    -------------------
    SLICE_X101Y5         FDRE (Prop_fdre_C_Q)         0.456     3.552 r  design_1_i/rst_ps7_0_50M/U0/ACTIVE_LOW_PR_OUT_DFF[0].FDRE_PER_N/Q
                         net (fo=191, routed)         7.697    11.249    design_1_i/axi_mem_intercon/m00_couplers/auto_ds/inst/gen_downsizer.gen_cascaded_downsizer.first_downsizer_inst/USE_WRITE.write_addr_inst/USE_B_CHANNEL.cmd_b_queue/inst/out
    SLICE_X62Y75         LUT1 (Prop_lut1_I0_O)        0.124    11.373 f  design_1_i/axi_mem_intercon/m00_couplers/auto_ds/inst/gen_downsizer.gen_cascaded_downsizer.first_downsizer_inst/USE_WRITE.write_addr_inst/USE_B_CHANNEL.cmd_b_queue/inst/S_AXI_AREADY_I_i_1/O
                         net (fo=419, routed)         4.815    16.188    <hidden>
    SLICE_X42Y109        FDPE                                         f  <hidden>
  -------------------------------------------------------------------    -------------------

                         (clock clk_fpga_0 rise edge)
                                                      0.000     0.000 r  
    PS7_X0Y0             PS7                          0.000     0.000 r  design_1_i/processing_system7_0/inst/PS7_i/FCLKCLK[0]
                         net (fo=1, routed)           1.088     1.088    design_1_i/processing_system7_0/inst/FCLK_CLK_unbuffered[0]
    BUFGCTRL_X0Y16       BUFG (Prop_bufg_I_O)         0.091     1.179 r  design_1_i/processing_system7_0/inst/buffer_fclk_clk_0.FCLK_CLK_0_BUFG/O
                         net (fo=33471, routed)       1.651     2.830    <hidden>
    SLICE_X42Y109        FDPE                                         r  <hidden>

Slack:                    inf
  Source:                 design_1_i/rst_ps7_0_50M/U0/ACTIVE_LOW_PR_OUT_DFF[0].FDRE_PER_N/C
                            (rising edge-triggered cell FDRE clocked by clk_fpga_0  {rise@0.000ns fall@10.000ns period=20.000ns})
  Destination:            <hidden>
                            (recovery check against rising-edge clock clk_fpga_0  {rise@0.000ns fall@10.000ns period=20.000ns})
  Path Group:             (none)
  Path Type:              Recovery (Max at Slow Process Corner)
  Data Path Delay:        13.092ns  (logic 0.580ns (4.430%)  route 12.512ns (95.570%))
  Logic Levels:           1  (LUT1=1)
  Clock Path Skew:        -0.266ns (DCD - SCD + CPR)
    Destination Clock Delay (DCD):    2.830ns
    Source Clock Delay      (SCD):    3.096ns
    Clock Pessimism Removal (CPR):    0.000ns
  Clock Uncertainty:      0.302ns  ((TSJ^2 + TIJ^2)^1/2 + DJ) / 2 + PE
    Total System Jitter     (TSJ):    0.071ns
    Total Input Jitter      (TIJ):    0.600ns
    Discrete Jitter          (DJ):    0.000ns
    Phase Error              (PE):    0.000ns
  Timing Exception:       False Path

    Location             Delay type                Incr(ns)  Path(ns)    Netlist Resource(s)
  -------------------------------------------------------------------    -------------------
                         (clock clk_fpga_0 rise edge)
                                                      0.000     0.000 r  
    PS7_X0Y0             PS7                          0.000     0.000 r  design_1_i/processing_system7_0/inst/PS7_i/FCLKCLK[0]
                         net (fo=1, routed)           1.193     1.193    design_1_i/processing_system7_0/inst/FCLK_CLK_unbuffered[0]
    BUFGCTRL_X0Y16       BUFG (Prop_bufg_I_O)         0.101     1.294 r  design_1_i/processing_system7_0/inst/buffer_fclk_clk_0.FCLK_CLK_0_BUFG/O
                         net (fo=33471, routed)       1.802     3.096    design_1_i/rst_ps7_0_50M/U0/slowest_sync_clk
    SLICE_X101Y5         FDRE                                         r  design_1_i/rst_ps7_0_50M/U0/ACTIVE_LOW_PR_OUT_DFF[0].FDRE_PER_N/C
  -------------------------------------------------------------------    -------------------
    SLICE_X101Y5         FDRE (Prop_fdre_C_Q)         0.456     3.552 r  design_1_i/rst_ps7_0_50M/U0/ACTIVE_LOW_PR_OUT_DFF[0].FDRE_PER_N/Q
                         net (fo=191, routed)         7.697    11.249    design_1_i/axi_mem_intercon/m00_couplers/auto_ds/inst/gen_downsizer.gen_cascaded_downsizer.first_downsizer_inst/USE_WRITE.write_addr_inst/USE_B_CHANNEL.cmd_b_queue/inst/out
    SLICE_X62Y75         LUT1 (Prop_lut1_I0_O)        0.124    11.373 f  design_1_i/axi_mem_intercon/m00_couplers/auto_ds/inst/gen_downsizer.gen_cascaded_downsizer.first_downsizer_inst/USE_WRITE.write_addr_inst/USE_B_CHANNEL.cmd_b_queue/inst/S_AXI_AREADY_I_i_1/O
                         net (fo=419, routed)         4.815    16.188    <hidden>
    SLICE_X42Y109        FDPE                                         f  <hidden>
  -------------------------------------------------------------------    -------------------

                         (clock clk_fpga_0 rise edge)
                                                      0.000     0.000 r  
    PS7_X0Y0             PS7                          0.000     0.000 r  design_1_i/processing_system7_0/inst/PS7_i/FCLKCLK[0]
                         net (fo=1, routed)           1.088     1.088    design_1_i/processing_system7_0/inst/FCLK_CLK_unbuffered[0]
    BUFGCTRL_X0Y16       BUFG (Prop_bufg_I_O)         0.091     1.179 r  design_1_i/processing_system7_0/inst/buffer_fclk_clk_0.FCLK_CLK_0_BUFG/O
                         net (fo=33471, routed)       1.651     2.830    <hidden>
    SLICE_X42Y109        FDPE                                         r  <hidden>

Slack:                    inf
  Source:                 design_1_i/rst_ps7_0_50M/U0/ACTIVE_LOW_PR_OUT_DFF[0].FDRE_PER_N/C
                            (rising edge-triggered cell FDRE clocked by clk_fpga_0  {rise@0.000ns fall@10.000ns period=20.000ns})
  Destination:            <hidden>
                            (recovery check against rising-edge clock clk_fpga_0  {rise@0.000ns fall@10.000ns period=20.000ns})
  Path Group:             (none)
  Path Type:              Recovery (Max at Slow Process Corner)
  Data Path Delay:        12.454ns  (logic 0.580ns (4.657%)  route 11.874ns (95.343%))
  Logic Levels:           1  (LUT1=1)
  Clock Path Skew:        -0.264ns (DCD - SCD + CPR)
    Destination Clock Delay (DCD):    2.832ns
    Source Clock Delay      (SCD):    3.096ns
    Clock Pessimism Removal (CPR):    0.000ns
  Clock Uncertainty:      0.302ns  ((TSJ^2 + TIJ^2)^1/2 + DJ) / 2 + PE
    Total System Jitter     (TSJ):    0.071ns
    Total Input Jitter      (TIJ):    0.600ns
    Discrete Jitter          (DJ):    0.000ns
    Phase Error              (PE):    0.000ns
  Timing Exception:       False Path

    Location             Delay type                Incr(ns)  Path(ns)    Netlist Resource(s)
  -------------------------------------------------------------------    -------------------
                         (clock clk_fpga_0 rise edge)
                                                      0.000     0.000 r  
    PS7_X0Y0             PS7                          0.000     0.000 r  design_1_i/processing_system7_0/inst/PS7_i/FCLKCLK[0]
                         net (fo=1, routed)           1.193     1.193    design_1_i/processing_system7_0/inst/FCLK_CLK_unbuffered[0]
    BUFGCTRL_X0Y16       BUFG (Prop_bufg_I_O)         0.101     1.294 r  design_1_i/processing_system7_0/inst/buffer_fclk_clk_0.FCLK_CLK_0_BUFG/O
                         net (fo=33471, routed)       1.802     3.096    design_1_i/rst_ps7_0_50M/U0/slowest_sync_clk
    SLICE_X101Y5         FDRE                                         r  design_1_i/rst_ps7_0_50M/U0/ACTIVE_LOW_PR_OUT_DFF[0].FDRE_PER_N/C
  -------------------------------------------------------------------    -------------------
    SLICE_X101Y5         FDRE (Prop_fdre_C_Q)         0.456     3.552 r  design_1_i/rst_ps7_0_50M/U0/ACTIVE_LOW_PR_OUT_DFF[0].FDRE_PER_N/Q
                         net (fo=191, routed)         7.697    11.249    design_1_i/axi_mem_intercon/m00_couplers/auto_ds/inst/gen_downsizer.gen_cascaded_downsizer.first_downsizer_inst/USE_WRITE.write_addr_inst/USE_B_CHANNEL.cmd_b_queue/inst/out
    SLICE_X62Y75         LUT1 (Prop_lut1_I0_O)        0.124    11.373 f  design_1_i/axi_mem_intercon/m00_couplers/auto_ds/inst/gen_downsizer.gen_cascaded_downsizer.first_downsizer_inst/USE_WRITE.write_addr_inst/USE_B_CHANNEL.cmd_b_queue/inst/S_AXI_AREADY_I_i_1/O
                         net (fo=419, routed)         4.176    15.550    <hidden>
    SLICE_X44Y100        FDPE                                         f  <hidden>
  -------------------------------------------------------------------    -------------------

                         (clock clk_fpga_0 rise edge)
                                                      0.000     0.000 r  
    PS7_X0Y0             PS7                          0.000     0.000 r  design_1_i/processing_system7_0/inst/PS7_i/FCLKCLK[0]
                         net (fo=1, routed)           1.088     1.088    design_1_i/processing_system7_0/inst/FCLK_CLK_unbuffered[0]
    BUFGCTRL_X0Y16       BUFG (Prop_bufg_I_O)         0.091     1.179 r  design_1_i/processing_system7_0/inst/buffer_fclk_clk_0.FCLK_CLK_0_BUFG/O
                         net (fo=33471, routed)       1.653     2.832    <hidden>
    SLICE_X44Y100        FDPE                                         r  <hidden>

Slack:                    inf
  Source:                 design_1_i/rst_ps7_0_50M/U0/ACTIVE_LOW_PR_OUT_DFF[0].FDRE_PER_N/C
                            (rising edge-triggered cell FDRE clocked by clk_fpga_0  {rise@0.000ns fall@10.000ns period=20.000ns})
  Destination:            <hidden>
                            (recovery check against rising-edge clock clk_fpga_0  {rise@0.000ns fall@10.000ns period=20.000ns})
  Path Group:             (none)
  Path Type:              Recovery (Max at Slow Process Corner)
  Data Path Delay:        12.454ns  (logic 0.580ns (4.657%)  route 11.874ns (95.343%))
  Logic Levels:           1  (LUT1=1)
  Clock Path Skew:        -0.264ns (DCD - SCD + CPR)
    Destination Clock Delay (DCD):    2.832ns
    Source Clock Delay      (SCD):    3.096ns
    Clock Pessimism Removal (CPR):    0.000ns
  Clock Uncertainty:      0.302ns  ((TSJ^2 + TIJ^2)^1/2 + DJ) / 2 + PE
    Total System Jitter     (TSJ):    0.071ns
    Total Input Jitter      (TIJ):    0.600ns
    Discrete Jitter          (DJ):    0.000ns
    Phase Error              (PE):    0.000ns
  Timing Exception:       False Path

    Location             Delay type                Incr(ns)  Path(ns)    Netlist Resource(s)
  -------------------------------------------------------------------    -------------------
                         (clock clk_fpga_0 rise edge)
                                                      0.000     0.000 r  
    PS7_X0Y0             PS7                          0.000     0.000 r  design_1_i/processing_system7_0/inst/PS7_i/FCLKCLK[0]
                         net (fo=1, routed)           1.193     1.193    design_1_i/processing_system7_0/inst/FCLK_CLK_unbuffered[0]
    BUFGCTRL_X0Y16       BUFG (Prop_bufg_I_O)         0.101     1.294 r  design_1_i/processing_system7_0/inst/buffer_fclk_clk_0.FCLK_CLK_0_BUFG/O
                         net (fo=33471, routed)       1.802     3.096    design_1_i/rst_ps7_0_50M/U0/slowest_sync_clk
    SLICE_X101Y5         FDRE                                         r  design_1_i/rst_ps7_0_50M/U0/ACTIVE_LOW_PR_OUT_DFF[0].FDRE_PER_N/C
  -------------------------------------------------------------------    -------------------
    SLICE_X101Y5         FDRE (Prop_fdre_C_Q)         0.456     3.552 r  design_1_i/rst_ps7_0_50M/U0/ACTIVE_LOW_PR_OUT_DFF[0].FDRE_PER_N/Q
                         net (fo=191, routed)         7.697    11.249    design_1_i/axi_mem_intercon/m00_couplers/auto_ds/inst/gen_downsizer.gen_cascaded_downsizer.first_downsizer_inst/USE_WRITE.write_addr_inst/USE_B_CHANNEL.cmd_b_queue/inst/out
    SLICE_X62Y75         LUT1 (Prop_lut1_I0_O)        0.124    11.373 f  design_1_i/axi_mem_intercon/m00_couplers/auto_ds/inst/gen_downsizer.gen_cascaded_downsizer.first_downsizer_inst/USE_WRITE.write_addr_inst/USE_B_CHANNEL.cmd_b_queue/inst/S_AXI_AREADY_I_i_1/O
                         net (fo=419, routed)         4.176    15.550    <hidden>
    SLICE_X44Y100        FDPE                                         f  <hidden>
  -------------------------------------------------------------------    -------------------

                         (clock clk_fpga_0 rise edge)
                                                      0.000     0.000 r  
    PS7_X0Y0             PS7                          0.000     0.000 r  design_1_i/processing_system7_0/inst/PS7_i/FCLKCLK[0]
                         net (fo=1, routed)           1.088     1.088    design_1_i/processing_system7_0/inst/FCLK_CLK_unbuffered[0]
    BUFGCTRL_X0Y16       BUFG (Prop_bufg_I_O)         0.091     1.179 r  design_1_i/processing_system7_0/inst/buffer_fclk_clk_0.FCLK_CLK_0_BUFG/O
                         net (fo=33471, routed)       1.653     2.832    <hidden>
    SLICE_X44Y100        FDPE                                         r  <hidden>

Slack:                    inf
  Source:                 design_1_i/rst_ps7_0_50M/U0/ACTIVE_LOW_PR_OUT_DFF[0].FDRE_PER_N/C
                            (rising edge-triggered cell FDRE clocked by clk_fpga_0  {rise@0.000ns fall@10.000ns period=20.000ns})
  Destination:            <hidden>
                            (recovery check against rising-edge clock clk_fpga_0  {rise@0.000ns fall@10.000ns period=20.000ns})
  Path Group:             (none)
  Path Type:              Recovery (Max at Slow Process Corner)
  Data Path Delay:        12.414ns  (logic 0.580ns (4.672%)  route 11.834ns (95.328%))
  Logic Levels:           1  (LUT1=1)
  Clock Path Skew:        -0.282ns (DCD - SCD + CPR)
    Destination Clock Delay (DCD):    2.814ns
    Source Clock Delay      (SCD):    3.096ns
    Clock Pessimism Removal (CPR):    0.000ns
  Clock Uncertainty:      0.302ns  ((TSJ^2 + TIJ^2)^1/2 + DJ) / 2 + PE
    Total System Jitter     (TSJ):    0.071ns
    Total Input Jitter      (TIJ):    0.600ns
    Discrete Jitter          (DJ):    0.000ns
    Phase Error              (PE):    0.000ns
  Timing Exception:       False Path

    Location             Delay type                Incr(ns)  Path(ns)    Netlist Resource(s)
  -------------------------------------------------------------------    -------------------
                         (clock clk_fpga_0 rise edge)
                                                      0.000     0.000 r  
    PS7_X0Y0             PS7                          0.000     0.000 r  design_1_i/processing_system7_0/inst/PS7_i/FCLKCLK[0]
                         net (fo=1, routed)           1.193     1.193    design_1_i/processing_system7_0/inst/FCLK_CLK_unbuffered[0]
    BUFGCTRL_X0Y16       BUFG (Prop_bufg_I_O)         0.101     1.294 r  design_1_i/processing_system7_0/inst/buffer_fclk_clk_0.FCLK_CLK_0_BUFG/O
                         net (fo=33471, routed)       1.802     3.096    design_1_i/rst_ps7_0_50M/U0/slowest_sync_clk
    SLICE_X101Y5         FDRE                                         r  design_1_i/rst_ps7_0_50M/U0/ACTIVE_LOW_PR_OUT_DFF[0].FDRE_PER_N/C
  -------------------------------------------------------------------    -------------------
    SLICE_X101Y5         FDRE (Prop_fdre_C_Q)         0.456     3.552 r  design_1_i/rst_ps7_0_50M/U0/ACTIVE_LOW_PR_OUT_DFF[0].FDRE_PER_N/Q
                         net (fo=191, routed)         9.854    13.406    design_1_i/axi_mem_intercon/m03_couplers/auto_ds/inst/gen_downsizer.gen_cascaded_downsizer.first_downsizer_inst/USE_WRITE.write_addr_inst/USE_B_CHANNEL.cmd_b_queue/inst/out
    SLICE_X43Y114        LUT1 (Prop_lut1_I0_O)        0.124    13.530 f  design_1_i/axi_mem_intercon/m03_couplers/auto_ds/inst/gen_downsizer.gen_cascaded_downsizer.first_downsizer_inst/USE_WRITE.write_addr_inst/USE_B_CHANNEL.cmd_b_queue/inst/S_AXI_AREADY_I_i_1/O
                         net (fo=419, routed)         1.981    15.510    <hidden>
    SLICE_X46Y124        FDPE                                         f  <hidden>
  -------------------------------------------------------------------    -------------------

                         (clock clk_fpga_0 rise edge)
                                                      0.000     0.000 r  
    PS7_X0Y0             PS7                          0.000     0.000 r  design_1_i/processing_system7_0/inst/PS7_i/FCLKCLK[0]
                         net (fo=1, routed)           1.088     1.088    design_1_i/processing_system7_0/inst/FCLK_CLK_unbuffered[0]
    BUFGCTRL_X0Y16       BUFG (Prop_bufg_I_O)         0.091     1.179 r  design_1_i/processing_system7_0/inst/buffer_fclk_clk_0.FCLK_CLK_0_BUFG/O
                         net (fo=33471, routed)       1.635     2.814    <hidden>
    SLICE_X46Y124        FDPE                                         r  <hidden>

Slack:                    inf
  Source:                 design_1_i/rst_ps7_0_50M/U0/ACTIVE_LOW_PR_OUT_DFF[0].FDRE_PER_N/C
                            (rising edge-triggered cell FDRE clocked by clk_fpga_0  {rise@0.000ns fall@10.000ns period=20.000ns})
  Destination:            <hidden>
                            (recovery check against rising-edge clock clk_fpga_0  {rise@0.000ns fall@10.000ns period=20.000ns})
  Path Group:             (none)
  Path Type:              Recovery (Max at Slow Process Corner)
  Data Path Delay:        12.414ns  (logic 0.580ns (4.672%)  route 11.834ns (95.328%))
  Logic Levels:           1  (LUT1=1)
  Clock Path Skew:        -0.282ns (DCD - SCD + CPR)
    Destination Clock Delay (DCD):    2.814ns
    Source Clock Delay      (SCD):    3.096ns
    Clock Pessimism Removal (CPR):    0.000ns
  Clock Uncertainty:      0.302ns  ((TSJ^2 + TIJ^2)^1/2 + DJ) / 2 + PE
    Total System Jitter     (TSJ):    0.071ns
    Total Input Jitter      (TIJ):    0.600ns
    Discrete Jitter          (DJ):    0.000ns
    Phase Error              (PE):    0.000ns
  Timing Exception:       False Path

    Location             Delay type                Incr(ns)  Path(ns)    Netlist Resource(s)
  -------------------------------------------------------------------    -------------------
                         (clock clk_fpga_0 rise edge)
                                                      0.000     0.000 r  
    PS7_X0Y0             PS7                          0.000     0.000 r  design_1_i/processing_system7_0/inst/PS7_i/FCLKCLK[0]
                         net (fo=1, routed)           1.193     1.193    design_1_i/processing_system7_0/inst/FCLK_CLK_unbuffered[0]
    BUFGCTRL_X0Y16       BUFG (Prop_bufg_I_O)         0.101     1.294 r  design_1_i/processing_system7_0/inst/buffer_fclk_clk_0.FCLK_CLK_0_BUFG/O
                         net (fo=33471, routed)       1.802     3.096    design_1_i/rst_ps7_0_50M/U0/slowest_sync_clk
    SLICE_X101Y5         FDRE                                         r  design_1_i/rst_ps7_0_50M/U0/ACTIVE_LOW_PR_OUT_DFF[0].FDRE_PER_N/C
  -------------------------------------------------------------------    -------------------
    SLICE_X101Y5         FDRE (Prop_fdre_C_Q)         0.456     3.552 r  design_1_i/rst_ps7_0_50M/U0/ACTIVE_LOW_PR_OUT_DFF[0].FDRE_PER_N/Q
                         net (fo=191, routed)         9.854    13.406    design_1_i/axi_mem_intercon/m03_couplers/auto_ds/inst/gen_downsizer.gen_cascaded_downsizer.first_downsizer_inst/USE_WRITE.write_addr_inst/USE_B_CHANNEL.cmd_b_queue/inst/out
    SLICE_X43Y114        LUT1 (Prop_lut1_I0_O)        0.124    13.530 f  design_1_i/axi_mem_intercon/m03_couplers/auto_ds/inst/gen_downsizer.gen_cascaded_downsizer.first_downsizer_inst/USE_WRITE.write_addr_inst/USE_B_CHANNEL.cmd_b_queue/inst/S_AXI_AREADY_I_i_1/O
                         net (fo=419, routed)         1.981    15.510    <hidden>
    SLICE_X46Y124        FDPE                                         f  <hidden>
  -------------------------------------------------------------------    -------------------

                         (clock clk_fpga_0 rise edge)
                                                      0.000     0.000 r  
    PS7_X0Y0             PS7                          0.000     0.000 r  design_1_i/processing_system7_0/inst/PS7_i/FCLKCLK[0]
                         net (fo=1, routed)           1.088     1.088    design_1_i/processing_system7_0/inst/FCLK_CLK_unbuffered[0]
    BUFGCTRL_X0Y16       BUFG (Prop_bufg_I_O)         0.091     1.179 r  design_1_i/processing_system7_0/inst/buffer_fclk_clk_0.FCLK_CLK_0_BUFG/O
                         net (fo=33471, routed)       1.635     2.814    <hidden>
    SLICE_X46Y124        FDPE                                         r  <hidden>

Slack:                    inf
  Source:                 design_1_i/rst_ps7_0_50M/U0/ACTIVE_LOW_PR_OUT_DFF[0].FDRE_PER_N/C
                            (rising edge-triggered cell FDRE clocked by clk_fpga_0  {rise@0.000ns fall@10.000ns period=20.000ns})
  Destination:            <hidden>
                            (recovery check against rising-edge clock clk_fpga_0  {rise@0.000ns fall@10.000ns period=20.000ns})
  Path Group:             (none)
  Path Type:              Recovery (Max at Slow Process Corner)
  Data Path Delay:        11.991ns  (logic 0.580ns (4.837%)  route 11.411ns (95.163%))
  Logic Levels:           1  (LUT1=1)
  Clock Path Skew:        -0.273ns (DCD - SCD + CPR)
    Destination Clock Delay (DCD):    2.823ns
    Source Clock Delay      (SCD):    3.096ns
    Clock Pessimism Removal (CPR):    0.000ns
  Clock Uncertainty:      0.302ns  ((TSJ^2 + TIJ^2)^1/2 + DJ) / 2 + PE
    Total System Jitter     (TSJ):    0.071ns
    Total Input Jitter      (TIJ):    0.600ns
    Discrete Jitter          (DJ):    0.000ns
    Phase Error              (PE):    0.000ns
  Timing Exception:       False Path

    Location             Delay type                Incr(ns)  Path(ns)    Netlist Resource(s)
  -------------------------------------------------------------------    -------------------
                         (clock clk_fpga_0 rise edge)
                                                      0.000     0.000 r  
    PS7_X0Y0             PS7                          0.000     0.000 r  design_1_i/processing_system7_0/inst/PS7_i/FCLKCLK[0]
                         net (fo=1, routed)           1.193     1.193    design_1_i/processing_system7_0/inst/FCLK_CLK_unbuffered[0]
    BUFGCTRL_X0Y16       BUFG (Prop_bufg_I_O)         0.101     1.294 r  design_1_i/processing_system7_0/inst/buffer_fclk_clk_0.FCLK_CLK_0_BUFG/O
                         net (fo=33471, routed)       1.802     3.096    design_1_i/rst_ps7_0_50M/U0/slowest_sync_clk
    SLICE_X101Y5         FDRE                                         r  design_1_i/rst_ps7_0_50M/U0/ACTIVE_LOW_PR_OUT_DFF[0].FDRE_PER_N/C
  -------------------------------------------------------------------    -------------------
    SLICE_X101Y5         FDRE (Prop_fdre_C_Q)         0.456     3.552 r  design_1_i/rst_ps7_0_50M/U0/ACTIVE_LOW_PR_OUT_DFF[0].FDRE_PER_N/Q
                         net (fo=191, routed)         9.854    13.406    design_1_i/axi_mem_intercon/m03_couplers/auto_ds/inst/gen_downsizer.gen_cascaded_downsizer.first_downsizer_inst/USE_WRITE.write_addr_inst/USE_B_CHANNEL.cmd_b_queue/inst/out
    SLICE_X43Y114        LUT1 (Prop_lut1_I0_O)        0.124    13.530 f  design_1_i/axi_mem_intercon/m03_couplers/auto_ds/inst/gen_downsizer.gen_cascaded_downsizer.first_downsizer_inst/USE_WRITE.write_addr_inst/USE_B_CHANNEL.cmd_b_queue/inst/S_AXI_AREADY_I_i_1/O
                         net (fo=419, routed)         1.558    15.087    <hidden>
    SLICE_X44Y117        FDPE                                         f  <hidden>
  -------------------------------------------------------------------    -------------------

                         (clock clk_fpga_0 rise edge)
                                                      0.000     0.000 r  
    PS7_X0Y0             PS7                          0.000     0.000 r  design_1_i/processing_system7_0/inst/PS7_i/FCLKCLK[0]
                         net (fo=1, routed)           1.088     1.088    design_1_i/processing_system7_0/inst/FCLK_CLK_unbuffered[0]
    BUFGCTRL_X0Y16       BUFG (Prop_bufg_I_O)         0.091     1.179 r  design_1_i/processing_system7_0/inst/buffer_fclk_clk_0.FCLK_CLK_0_BUFG/O
                         net (fo=33471, routed)       1.644     2.823    <hidden>
    SLICE_X44Y117        FDPE                                         r  <hidden>

Slack:                    inf
  Source:                 design_1_i/rst_ps7_0_50M/U0/ACTIVE_LOW_PR_OUT_DFF[0].FDRE_PER_N/C
                            (rising edge-triggered cell FDRE clocked by clk_fpga_0  {rise@0.000ns fall@10.000ns period=20.000ns})
  Destination:            <hidden>
                            (recovery check against rising-edge clock clk_fpga_0  {rise@0.000ns fall@10.000ns period=20.000ns})
  Path Group:             (none)
  Path Type:              Recovery (Max at Slow Process Corner)
  Data Path Delay:        11.991ns  (logic 0.580ns (4.837%)  route 11.411ns (95.163%))
  Logic Levels:           1  (LUT1=1)
  Clock Path Skew:        -0.273ns (DCD - SCD + CPR)
    Destination Clock Delay (DCD):    2.823ns
    Source Clock Delay      (SCD):    3.096ns
    Clock Pessimism Removal (CPR):    0.000ns
  Clock Uncertainty:      0.302ns  ((TSJ^2 + TIJ^2)^1/2 + DJ) / 2 + PE
    Total System Jitter     (TSJ):    0.071ns
    Total Input Jitter      (TIJ):    0.600ns
    Discrete Jitter          (DJ):    0.000ns
    Phase Error              (PE):    0.000ns
  Timing Exception:       False Path

    Location             Delay type                Incr(ns)  Path(ns)    Netlist Resource(s)
  -------------------------------------------------------------------    -------------------
                         (clock clk_fpga_0 rise edge)
                                                      0.000     0.000 r  
    PS7_X0Y0             PS7                          0.000     0.000 r  design_1_i/processing_system7_0/inst/PS7_i/FCLKCLK[0]
                         net (fo=1, routed)           1.193     1.193    design_1_i/processing_system7_0/inst/FCLK_CLK_unbuffered[0]
    BUFGCTRL_X0Y16       BUFG (Prop_bufg_I_O)         0.101     1.294 r  design_1_i/processing_system7_0/inst/buffer_fclk_clk_0.FCLK_CLK_0_BUFG/O
                         net (fo=33471, routed)       1.802     3.096    design_1_i/rst_ps7_0_50M/U0/slowest_sync_clk
    SLICE_X101Y5         FDRE                                         r  design_1_i/rst_ps7_0_50M/U0/ACTIVE_LOW_PR_OUT_DFF[0].FDRE_PER_N/C
  -------------------------------------------------------------------    -------------------
    SLICE_X101Y5         FDRE (Prop_fdre_C_Q)         0.456     3.552 r  design_1_i/rst_ps7_0_50M/U0/ACTIVE_LOW_PR_OUT_DFF[0].FDRE_PER_N/Q
                         net (fo=191, routed)         9.854    13.406    design_1_i/axi_mem_intercon/m03_couplers/auto_ds/inst/gen_downsizer.gen_cascaded_downsizer.first_downsizer_inst/USE_WRITE.write_addr_inst/USE_B_CHANNEL.cmd_b_queue/inst/out
    SLICE_X43Y114        LUT1 (Prop_lut1_I0_O)        0.124    13.530 f  design_1_i/axi_mem_intercon/m03_couplers/auto_ds/inst/gen_downsizer.gen_cascaded_downsizer.first_downsizer_inst/USE_WRITE.write_addr_inst/USE_B_CHANNEL.cmd_b_queue/inst/S_AXI_AREADY_I_i_1/O
                         net (fo=419, routed)         1.558    15.087    <hidden>
    SLICE_X44Y117        FDPE                                         f  <hidden>
  -------------------------------------------------------------------    -------------------

                         (clock clk_fpga_0 rise edge)
                                                      0.000     0.000 r  
    PS7_X0Y0             PS7                          0.000     0.000 r  design_1_i/processing_system7_0/inst/PS7_i/FCLKCLK[0]
                         net (fo=1, routed)           1.088     1.088    design_1_i/processing_system7_0/inst/FCLK_CLK_unbuffered[0]
    BUFGCTRL_X0Y16       BUFG (Prop_bufg_I_O)         0.091     1.179 r  design_1_i/processing_system7_0/inst/buffer_fclk_clk_0.FCLK_CLK_0_BUFG/O
                         net (fo=33471, routed)       1.644     2.823    <hidden>
    SLICE_X44Y117        FDPE                                         r  <hidden>





Min Delay Paths
--------------------------------------------------------------------------------------
Slack:                    inf
  Source:                 design_1_i/axi_smc/inst/clk_map/psr_aclk/U0/ACTIVE_LOW_BSR_OUT_DFF[0].FDRE_BSR_N/C
                            (rising edge-triggered cell FDRE clocked by clk_fpga_0  {rise@0.000ns fall@10.000ns period=20.000ns})
  Destination:            <hidden>
                            (removal check against rising-edge clock clk_fpga_0  {rise@0.000ns fall@10.000ns period=20.000ns})
  Path Group:             (none)
  Path Type:              Removal (Min at Fast Process Corner)
  Data Path Delay:        0.684ns  (logic 0.208ns (30.425%)  route 0.476ns (69.575%))
  Logic Levels:           1  (LUT1=1)
  Clock Path Skew:        0.305ns (DCD - SCD - CPR)
    Destination Clock Delay (DCD):    1.286ns
    Source Clock Delay      (SCD):    0.981ns
    Clock Pessimism Removal (CPR):    -0.000ns
  Clock Uncertainty:      0.302ns  ((TSJ^2 + TIJ^2)^1/2 + DJ) / 2 + PE
    Total System Jitter     (TSJ):    0.071ns
    Total Input Jitter      (TIJ):    0.600ns
    Discrete Jitter          (DJ):    0.000ns
    Phase Error              (PE):    0.000ns
  Timing Exception:       False Path

    Location             Delay type                Incr(ns)  Path(ns)    Netlist Resource(s)
  -------------------------------------------------------------------    -------------------
                         (clock clk_fpga_0 rise edge)
                                                      0.000     0.000 r  
    PS7_X0Y0             PS7                          0.000     0.000 r  design_1_i/processing_system7_0/inst/PS7_i/FCLKCLK[0]
                         net (fo=1, routed)           0.310     0.310    design_1_i/processing_system7_0/inst/FCLK_CLK_unbuffered[0]
    BUFGCTRL_X0Y16       BUFG (Prop_bufg_I_O)         0.026     0.336 r  design_1_i/processing_system7_0/inst/buffer_fclk_clk_0.FCLK_CLK_0_BUFG/O
                         net (fo=33471, routed)       0.645     0.981    design_1_i/axi_smc/inst/clk_map/psr_aclk/U0/aclk
    SLICE_X54Y124        FDRE                                         r  design_1_i/axi_smc/inst/clk_map/psr_aclk/U0/ACTIVE_LOW_BSR_OUT_DFF[0].FDRE_BSR_N/C
  -------------------------------------------------------------------    -------------------
    SLICE_X54Y124        FDRE (Prop_fdre_C_Q)         0.164     1.145 r  design_1_i/axi_smc/inst/clk_map/psr_aclk/U0/ACTIVE_LOW_BSR_OUT_DFF[0].FDRE_BSR_N/Q
                         net (fo=9, routed)           0.300     1.445    <hidden>
    SLICE_X54Y122        LUT1 (Prop_lut1_I0_O)        0.044     1.489 f  <hidden>
                         net (fo=3, routed)           0.176     1.665    <hidden>
    SLICE_X54Y120        FDCE                                         f  <hidden>
  -------------------------------------------------------------------    -------------------

                         (clock clk_fpga_0 rise edge)
                                                      0.000     0.000 r  
    PS7_X0Y0             PS7                          0.000     0.000 r  design_1_i/processing_system7_0/inst/PS7_i/FCLKCLK[0]
                         net (fo=1, routed)           0.337     0.337    design_1_i/processing_system7_0/inst/FCLK_CLK_unbuffered[0]
    BUFGCTRL_X0Y16       BUFG (Prop_bufg_I_O)         0.029     0.366 r  design_1_i/processing_system7_0/inst/buffer_fclk_clk_0.FCLK_CLK_0_BUFG/O
                         net (fo=33471, routed)       0.920     1.286    <hidden>
    SLICE_X54Y120        FDCE                                         r  <hidden>

Slack:                    inf
  Source:                 design_1_i/axi_smc/inst/clk_map/psr_aclk/U0/ACTIVE_LOW_BSR_OUT_DFF[0].FDRE_BSR_N/C
                            (rising edge-triggered cell FDRE clocked by clk_fpga_0  {rise@0.000ns fall@10.000ns period=20.000ns})
  Destination:            <hidden>
                            (removal check against rising-edge clock clk_fpga_0  {rise@0.000ns fall@10.000ns period=20.000ns})
  Path Group:             (none)
  Path Type:              Removal (Min at Fast Process Corner)
  Data Path Delay:        0.684ns  (logic 0.208ns (30.425%)  route 0.476ns (69.575%))
  Logic Levels:           1  (LUT1=1)
  Clock Path Skew:        0.305ns (DCD - SCD - CPR)
    Destination Clock Delay (DCD):    1.286ns
    Source Clock Delay      (SCD):    0.981ns
    Clock Pessimism Removal (CPR):    -0.000ns
  Clock Uncertainty:      0.302ns  ((TSJ^2 + TIJ^2)^1/2 + DJ) / 2 + PE
    Total System Jitter     (TSJ):    0.071ns
    Total Input Jitter      (TIJ):    0.600ns
    Discrete Jitter          (DJ):    0.000ns
    Phase Error              (PE):    0.000ns
  Timing Exception:       False Path

    Location             Delay type                Incr(ns)  Path(ns)    Netlist Resource(s)
  -------------------------------------------------------------------    -------------------
                         (clock clk_fpga_0 rise edge)
                                                      0.000     0.000 r  
    PS7_X0Y0             PS7                          0.000     0.000 r  design_1_i/processing_system7_0/inst/PS7_i/FCLKCLK[0]
                         net (fo=1, routed)           0.310     0.310    design_1_i/processing_system7_0/inst/FCLK_CLK_unbuffered[0]
    BUFGCTRL_X0Y16       BUFG (Prop_bufg_I_O)         0.026     0.336 r  design_1_i/processing_system7_0/inst/buffer_fclk_clk_0.FCLK_CLK_0_BUFG/O
                         net (fo=33471, routed)       0.645     0.981    design_1_i/axi_smc/inst/clk_map/psr_aclk/U0/aclk
    SLICE_X54Y124        FDRE                                         r  design_1_i/axi_smc/inst/clk_map/psr_aclk/U0/ACTIVE_LOW_BSR_OUT_DFF[0].FDRE_BSR_N/C
  -------------------------------------------------------------------    -------------------
    SLICE_X54Y124        FDRE (Prop_fdre_C_Q)         0.164     1.145 r  design_1_i/axi_smc/inst/clk_map/psr_aclk/U0/ACTIVE_LOW_BSR_OUT_DFF[0].FDRE_BSR_N/Q
                         net (fo=9, routed)           0.300     1.445    <hidden>
    SLICE_X54Y122        LUT1 (Prop_lut1_I0_O)        0.044     1.489 f  <hidden>
                         net (fo=3, routed)           0.176     1.665    <hidden>
    SLICE_X54Y120        FDCE                                         f  <hidden>
  -------------------------------------------------------------------    -------------------

                         (clock clk_fpga_0 rise edge)
                                                      0.000     0.000 r  
    PS7_X0Y0             PS7                          0.000     0.000 r  design_1_i/processing_system7_0/inst/PS7_i/FCLKCLK[0]
                         net (fo=1, routed)           0.337     0.337    design_1_i/processing_system7_0/inst/FCLK_CLK_unbuffered[0]
    BUFGCTRL_X0Y16       BUFG (Prop_bufg_I_O)         0.029     0.366 r  design_1_i/processing_system7_0/inst/buffer_fclk_clk_0.FCLK_CLK_0_BUFG/O
                         net (fo=33471, routed)       0.920     1.286    <hidden>
    SLICE_X54Y120        FDCE                                         r  <hidden>

Slack:                    inf
  Source:                 design_1_i/axi_smc/inst/clk_map/psr_aclk/U0/ACTIVE_LOW_BSR_OUT_DFF[0].FDRE_BSR_N/C
                            (rising edge-triggered cell FDRE clocked by clk_fpga_0  {rise@0.000ns fall@10.000ns period=20.000ns})
  Destination:            <hidden>
                            (removal check against rising-edge clock clk_fpga_0  {rise@0.000ns fall@10.000ns period=20.000ns})
  Path Group:             (none)
  Path Type:              Removal (Min at Fast Process Corner)
  Data Path Delay:        0.684ns  (logic 0.208ns (30.425%)  route 0.476ns (69.575%))
  Logic Levels:           1  (LUT1=1)
  Clock Path Skew:        0.305ns (DCD - SCD - CPR)
    Destination Clock Delay (DCD):    1.286ns
    Source Clock Delay      (SCD):    0.981ns
    Clock Pessimism Removal (CPR):    -0.000ns
  Clock Uncertainty:      0.302ns  ((TSJ^2 + TIJ^2)^1/2 + DJ) / 2 + PE
    Total System Jitter     (TSJ):    0.071ns
    Total Input Jitter      (TIJ):    0.600ns
    Discrete Jitter          (DJ):    0.000ns
    Phase Error              (PE):    0.000ns
  Timing Exception:       False Path

    Location             Delay type                Incr(ns)  Path(ns)    Netlist Resource(s)
  -------------------------------------------------------------------    -------------------
                         (clock clk_fpga_0 rise edge)
                                                      0.000     0.000 r  
    PS7_X0Y0             PS7                          0.000     0.000 r  design_1_i/processing_system7_0/inst/PS7_i/FCLKCLK[0]
                         net (fo=1, routed)           0.310     0.310    design_1_i/processing_system7_0/inst/FCLK_CLK_unbuffered[0]
    BUFGCTRL_X0Y16       BUFG (Prop_bufg_I_O)         0.026     0.336 r  design_1_i/processing_system7_0/inst/buffer_fclk_clk_0.FCLK_CLK_0_BUFG/O
                         net (fo=33471, routed)       0.645     0.981    design_1_i/axi_smc/inst/clk_map/psr_aclk/U0/aclk
    SLICE_X54Y124        FDRE                                         r  design_1_i/axi_smc/inst/clk_map/psr_aclk/U0/ACTIVE_LOW_BSR_OUT_DFF[0].FDRE_BSR_N/C
  -------------------------------------------------------------------    -------------------
    SLICE_X54Y124        FDRE (Prop_fdre_C_Q)         0.164     1.145 r  design_1_i/axi_smc/inst/clk_map/psr_aclk/U0/ACTIVE_LOW_BSR_OUT_DFF[0].FDRE_BSR_N/Q
                         net (fo=9, routed)           0.300     1.445    <hidden>
    SLICE_X54Y122        LUT1 (Prop_lut1_I0_O)        0.044     1.489 f  <hidden>
                         net (fo=3, routed)           0.176     1.665    <hidden>
    SLICE_X54Y120        FDCE                                         f  <hidden>
  -------------------------------------------------------------------    -------------------

                         (clock clk_fpga_0 rise edge)
                                                      0.000     0.000 r  
    PS7_X0Y0             PS7                          0.000     0.000 r  design_1_i/processing_system7_0/inst/PS7_i/FCLKCLK[0]
                         net (fo=1, routed)           0.337     0.337    design_1_i/processing_system7_0/inst/FCLK_CLK_unbuffered[0]
    BUFGCTRL_X0Y16       BUFG (Prop_bufg_I_O)         0.029     0.366 r  design_1_i/processing_system7_0/inst/buffer_fclk_clk_0.FCLK_CLK_0_BUFG/O
                         net (fo=33471, routed)       0.920     1.286    <hidden>
    SLICE_X54Y120        FDCE                                         r  <hidden>

Slack:                    inf
  Source:                 design_1_i/axi_smc/inst/clk_map/psr_aclk/U0/ACTIVE_LOW_BSR_OUT_DFF[0].FDRE_BSR_N/C
                            (rising edge-triggered cell FDRE clocked by clk_fpga_0  {rise@0.000ns fall@10.000ns period=20.000ns})
  Destination:            <hidden>
                            (removal check against rising-edge clock clk_fpga_0  {rise@0.000ns fall@10.000ns period=20.000ns})
  Path Group:             (none)
  Path Type:              Removal (Min at Fast Process Corner)
  Data Path Delay:        0.688ns  (logic 0.209ns (30.371%)  route 0.479ns (69.629%))
  Logic Levels:           1  (LUT1=1)
  Clock Path Skew:        0.303ns (DCD - SCD - CPR)
    Destination Clock Delay (DCD):    1.284ns
    Source Clock Delay      (SCD):    0.981ns
    Clock Pessimism Removal (CPR):    -0.000ns
  Clock Uncertainty:      0.302ns  ((TSJ^2 + TIJ^2)^1/2 + DJ) / 2 + PE
    Total System Jitter     (TSJ):    0.071ns
    Total Input Jitter      (TIJ):    0.600ns
    Discrete Jitter          (DJ):    0.000ns
    Phase Error              (PE):    0.000ns
  Timing Exception:       False Path

    Location             Delay type                Incr(ns)  Path(ns)    Netlist Resource(s)
  -------------------------------------------------------------------    -------------------
                         (clock clk_fpga_0 rise edge)
                                                      0.000     0.000 r  
    PS7_X0Y0             PS7                          0.000     0.000 r  design_1_i/processing_system7_0/inst/PS7_i/FCLKCLK[0]
                         net (fo=1, routed)           0.310     0.310    design_1_i/processing_system7_0/inst/FCLK_CLK_unbuffered[0]
    BUFGCTRL_X0Y16       BUFG (Prop_bufg_I_O)         0.026     0.336 r  design_1_i/processing_system7_0/inst/buffer_fclk_clk_0.FCLK_CLK_0_BUFG/O
                         net (fo=33471, routed)       0.645     0.981    design_1_i/axi_smc/inst/clk_map/psr_aclk/U0/aclk
    SLICE_X54Y124        FDRE                                         r  design_1_i/axi_smc/inst/clk_map/psr_aclk/U0/ACTIVE_LOW_BSR_OUT_DFF[0].FDRE_BSR_N/C
  -------------------------------------------------------------------    -------------------
    SLICE_X54Y124        FDRE (Prop_fdre_C_Q)         0.164     1.145 r  design_1_i/axi_smc/inst/clk_map/psr_aclk/U0/ACTIVE_LOW_BSR_OUT_DFF[0].FDRE_BSR_N/Q
                         net (fo=9, routed)           0.300     1.445    <hidden>
    SLICE_X54Y122        LUT1 (Prop_lut1_I0_O)        0.045     1.490 f  <hidden>
                         net (fo=3, routed)           0.179     1.669    <hidden>
    SLICE_X54Y122        FDCE                                         f  <hidden>
  -------------------------------------------------------------------    -------------------

                         (clock clk_fpga_0 rise edge)
                                                      0.000     0.000 r  
    PS7_X0Y0             PS7                          0.000     0.000 r  design_1_i/processing_system7_0/inst/PS7_i/FCLKCLK[0]
                         net (fo=1, routed)           0.337     0.337    design_1_i/processing_system7_0/inst/FCLK_CLK_unbuffered[0]
    BUFGCTRL_X0Y16       BUFG (Prop_bufg_I_O)         0.029     0.366 r  design_1_i/processing_system7_0/inst/buffer_fclk_clk_0.FCLK_CLK_0_BUFG/O
                         net (fo=33471, routed)       0.918     1.284    <hidden>
    SLICE_X54Y122        FDCE                                         r  <hidden>

Slack:                    inf
  Source:                 design_1_i/axi_smc/inst/clk_map/psr_aclk/U0/ACTIVE_LOW_BSR_OUT_DFF[0].FDRE_BSR_N/C
                            (rising edge-triggered cell FDRE clocked by clk_fpga_0  {rise@0.000ns fall@10.000ns period=20.000ns})
  Destination:            <hidden>
                            (removal check against rising-edge clock clk_fpga_0  {rise@0.000ns fall@10.000ns period=20.000ns})
  Path Group:             (none)
  Path Type:              Removal (Min at Fast Process Corner)
  Data Path Delay:        0.688ns  (logic 0.209ns (30.371%)  route 0.479ns (69.629%))
  Logic Levels:           1  (LUT1=1)
  Clock Path Skew:        0.303ns (DCD - SCD - CPR)
    Destination Clock Delay (DCD):    1.284ns
    Source Clock Delay      (SCD):    0.981ns
    Clock Pessimism Removal (CPR):    -0.000ns
  Clock Uncertainty:      0.302ns  ((TSJ^2 + TIJ^2)^1/2 + DJ) / 2 + PE
    Total System Jitter     (TSJ):    0.071ns
    Total Input Jitter      (TIJ):    0.600ns
    Discrete Jitter          (DJ):    0.000ns
    Phase Error              (PE):    0.000ns
  Timing Exception:       False Path

    Location             Delay type                Incr(ns)  Path(ns)    Netlist Resource(s)
  -------------------------------------------------------------------    -------------------
                         (clock clk_fpga_0 rise edge)
                                                      0.000     0.000 r  
    PS7_X0Y0             PS7                          0.000     0.000 r  design_1_i/processing_system7_0/inst/PS7_i/FCLKCLK[0]
                         net (fo=1, routed)           0.310     0.310    design_1_i/processing_system7_0/inst/FCLK_CLK_unbuffered[0]
    BUFGCTRL_X0Y16       BUFG (Prop_bufg_I_O)         0.026     0.336 r  design_1_i/processing_system7_0/inst/buffer_fclk_clk_0.FCLK_CLK_0_BUFG/O
                         net (fo=33471, routed)       0.645     0.981    design_1_i/axi_smc/inst/clk_map/psr_aclk/U0/aclk
    SLICE_X54Y124        FDRE                                         r  design_1_i/axi_smc/inst/clk_map/psr_aclk/U0/ACTIVE_LOW_BSR_OUT_DFF[0].FDRE_BSR_N/C
  -------------------------------------------------------------------    -------------------
    SLICE_X54Y124        FDRE (Prop_fdre_C_Q)         0.164     1.145 r  design_1_i/axi_smc/inst/clk_map/psr_aclk/U0/ACTIVE_LOW_BSR_OUT_DFF[0].FDRE_BSR_N/Q
                         net (fo=9, routed)           0.300     1.445    <hidden>
    SLICE_X54Y122        LUT1 (Prop_lut1_I0_O)        0.045     1.490 f  <hidden>
                         net (fo=3, routed)           0.179     1.669    <hidden>
    SLICE_X54Y122        FDCE                                         f  <hidden>
  -------------------------------------------------------------------    -------------------

                         (clock clk_fpga_0 rise edge)
                                                      0.000     0.000 r  
    PS7_X0Y0             PS7                          0.000     0.000 r  design_1_i/processing_system7_0/inst/PS7_i/FCLKCLK[0]
                         net (fo=1, routed)           0.337     0.337    design_1_i/processing_system7_0/inst/FCLK_CLK_unbuffered[0]
    BUFGCTRL_X0Y16       BUFG (Prop_bufg_I_O)         0.029     0.366 r  design_1_i/processing_system7_0/inst/buffer_fclk_clk_0.FCLK_CLK_0_BUFG/O
                         net (fo=33471, routed)       0.918     1.284    <hidden>
    SLICE_X54Y122        FDCE                                         r  <hidden>

Slack:                    inf
  Source:                 design_1_i/axi_smc/inst/clk_map/psr_aclk/U0/ACTIVE_LOW_BSR_OUT_DFF[0].FDRE_BSR_N/C
                            (rising edge-triggered cell FDRE clocked by clk_fpga_0  {rise@0.000ns fall@10.000ns period=20.000ns})
  Destination:            <hidden>
                            (removal check against rising-edge clock clk_fpga_0  {rise@0.000ns fall@10.000ns period=20.000ns})
  Path Group:             (none)
  Path Type:              Removal (Min at Fast Process Corner)
  Data Path Delay:        0.688ns  (logic 0.209ns (30.371%)  route 0.479ns (69.629%))
  Logic Levels:           1  (LUT1=1)
  Clock Path Skew:        0.303ns (DCD - SCD - CPR)
    Destination Clock Delay (DCD):    1.284ns
    Source Clock Delay      (SCD):    0.981ns
    Clock Pessimism Removal (CPR):    -0.000ns
  Clock Uncertainty:      0.302ns  ((TSJ^2 + TIJ^2)^1/2 + DJ) / 2 + PE
    Total System Jitter     (TSJ):    0.071ns
    Total Input Jitter      (TIJ):    0.600ns
    Discrete Jitter          (DJ):    0.000ns
    Phase Error              (PE):    0.000ns
  Timing Exception:       False Path

    Location             Delay type                Incr(ns)  Path(ns)    Netlist Resource(s)
  -------------------------------------------------------------------    -------------------
                         (clock clk_fpga_0 rise edge)
                                                      0.000     0.000 r  
    PS7_X0Y0             PS7                          0.000     0.000 r  design_1_i/processing_system7_0/inst/PS7_i/FCLKCLK[0]
                         net (fo=1, routed)           0.310     0.310    design_1_i/processing_system7_0/inst/FCLK_CLK_unbuffered[0]
    BUFGCTRL_X0Y16       BUFG (Prop_bufg_I_O)         0.026     0.336 r  design_1_i/processing_system7_0/inst/buffer_fclk_clk_0.FCLK_CLK_0_BUFG/O
                         net (fo=33471, routed)       0.645     0.981    design_1_i/axi_smc/inst/clk_map/psr_aclk/U0/aclk
    SLICE_X54Y124        FDRE                                         r  design_1_i/axi_smc/inst/clk_map/psr_aclk/U0/ACTIVE_LOW_BSR_OUT_DFF[0].FDRE_BSR_N/C
  -------------------------------------------------------------------    -------------------
    SLICE_X54Y124        FDRE (Prop_fdre_C_Q)         0.164     1.145 r  design_1_i/axi_smc/inst/clk_map/psr_aclk/U0/ACTIVE_LOW_BSR_OUT_DFF[0].FDRE_BSR_N/Q
                         net (fo=9, routed)           0.300     1.445    <hidden>
    SLICE_X54Y122        LUT1 (Prop_lut1_I0_O)        0.045     1.490 f  <hidden>
                         net (fo=3, routed)           0.179     1.669    <hidden>
    SLICE_X54Y122        FDCE                                         f  <hidden>
  -------------------------------------------------------------------    -------------------

                         (clock clk_fpga_0 rise edge)
                                                      0.000     0.000 r  
    PS7_X0Y0             PS7                          0.000     0.000 r  design_1_i/processing_system7_0/inst/PS7_i/FCLKCLK[0]
                         net (fo=1, routed)           0.337     0.337    design_1_i/processing_system7_0/inst/FCLK_CLK_unbuffered[0]
    BUFGCTRL_X0Y16       BUFG (Prop_bufg_I_O)         0.029     0.366 r  design_1_i/processing_system7_0/inst/buffer_fclk_clk_0.FCLK_CLK_0_BUFG/O
                         net (fo=33471, routed)       0.918     1.284    <hidden>
    SLICE_X54Y122        FDCE                                         r  <hidden>

Slack:                    inf
  Source:                 design_1_i/axi_smc/inst/clk_map/psr_aclk/U0/ACTIVE_LOW_BSR_OUT_DFF[0].FDRE_BSR_N/C
                            (rising edge-triggered cell FDRE clocked by clk_fpga_0  {rise@0.000ns fall@10.000ns period=20.000ns})
  Destination:            <hidden>
                            (removal check against rising-edge clock clk_fpga_0  {rise@0.000ns fall@10.000ns period=20.000ns})
  Path Group:             (none)
  Path Type:              Removal (Min at Fast Process Corner)
  Data Path Delay:        0.903ns  (logic 0.208ns (23.045%)  route 0.695ns (76.955%))
  Logic Levels:           1  (LUT1=1)
  Clock Path Skew:        0.278ns (DCD - SCD - CPR)
    Destination Clock Delay (DCD):    1.259ns
    Source Clock Delay      (SCD):    0.981ns
    Clock Pessimism Removal (CPR):    -0.000ns
  Clock Uncertainty:      0.302ns  ((TSJ^2 + TIJ^2)^1/2 + DJ) / 2 + PE
    Total System Jitter     (TSJ):    0.071ns
    Total Input Jitter      (TIJ):    0.600ns
    Discrete Jitter          (DJ):    0.000ns
    Phase Error              (PE):    0.000ns
  Timing Exception:       False Path

    Location             Delay type                Incr(ns)  Path(ns)    Netlist Resource(s)
  -------------------------------------------------------------------    -------------------
                         (clock clk_fpga_0 rise edge)
                                                      0.000     0.000 r  
    PS7_X0Y0             PS7                          0.000     0.000 r  design_1_i/processing_system7_0/inst/PS7_i/FCLKCLK[0]
                         net (fo=1, routed)           0.310     0.310    design_1_i/processing_system7_0/inst/FCLK_CLK_unbuffered[0]
    BUFGCTRL_X0Y16       BUFG (Prop_bufg_I_O)         0.026     0.336 r  design_1_i/processing_system7_0/inst/buffer_fclk_clk_0.FCLK_CLK_0_BUFG/O
                         net (fo=33471, routed)       0.645     0.981    design_1_i/axi_smc/inst/clk_map/psr_aclk/U0/aclk
    SLICE_X54Y124        FDRE                                         r  design_1_i/axi_smc/inst/clk_map/psr_aclk/U0/ACTIVE_LOW_BSR_OUT_DFF[0].FDRE_BSR_N/C
  -------------------------------------------------------------------    -------------------
    SLICE_X54Y124        FDRE (Prop_fdre_C_Q)         0.164     1.145 r  design_1_i/axi_smc/inst/clk_map/psr_aclk/U0/ACTIVE_LOW_BSR_OUT_DFF[0].FDRE_BSR_N/Q
                         net (fo=9, routed)           0.518     1.663    <hidden>
    SLICE_X53Y127        LUT1 (Prop_lut1_I0_O)        0.044     1.707 f  <hidden>
                         net (fo=3, routed)           0.177     1.884    <hidden>
    SLICE_X53Y127        FDCE                                         f  <hidden>
  -------------------------------------------------------------------    -------------------

                         (clock clk_fpga_0 rise edge)
                                                      0.000     0.000 r  
    PS7_X0Y0             PS7                          0.000     0.000 r  design_1_i/processing_system7_0/inst/PS7_i/FCLKCLK[0]
                         net (fo=1, routed)           0.337     0.337    design_1_i/processing_system7_0/inst/FCLK_CLK_unbuffered[0]
    BUFGCTRL_X0Y16       BUFG (Prop_bufg_I_O)         0.029     0.366 r  design_1_i/processing_system7_0/inst/buffer_fclk_clk_0.FCLK_CLK_0_BUFG/O
                         net (fo=33471, routed)       0.893     1.259    <hidden>
    SLICE_X53Y127        FDCE                                         r  <hidden>

Slack:                    inf
  Source:                 design_1_i/axi_smc/inst/clk_map/psr_aclk/U0/ACTIVE_LOW_BSR_OUT_DFF[0].FDRE_BSR_N/C
                            (rising edge-triggered cell FDRE clocked by clk_fpga_0  {rise@0.000ns fall@10.000ns period=20.000ns})
  Destination:            <hidden>
                            (removal check against rising-edge clock clk_fpga_0  {rise@0.000ns fall@10.000ns period=20.000ns})
  Path Group:             (none)
  Path Type:              Removal (Min at Fast Process Corner)
  Data Path Delay:        0.903ns  (logic 0.208ns (23.045%)  route 0.695ns (76.955%))
  Logic Levels:           1  (LUT1=1)
  Clock Path Skew:        0.278ns (DCD - SCD - CPR)
    Destination Clock Delay (DCD):    1.259ns
    Source Clock Delay      (SCD):    0.981ns
    Clock Pessimism Removal (CPR):    -0.000ns
  Clock Uncertainty:      0.302ns  ((TSJ^2 + TIJ^2)^1/2 + DJ) / 2 + PE
    Total System Jitter     (TSJ):    0.071ns
    Total Input Jitter      (TIJ):    0.600ns
    Discrete Jitter          (DJ):    0.000ns
    Phase Error              (PE):    0.000ns
  Timing Exception:       False Path

    Location             Delay type                Incr(ns)  Path(ns)    Netlist Resource(s)
  -------------------------------------------------------------------    -------------------
                         (clock clk_fpga_0 rise edge)
                                                      0.000     0.000 r  
    PS7_X0Y0             PS7                          0.000     0.000 r  design_1_i/processing_system7_0/inst/PS7_i/FCLKCLK[0]
                         net (fo=1, routed)           0.310     0.310    design_1_i/processing_system7_0/inst/FCLK_CLK_unbuffered[0]
    BUFGCTRL_X0Y16       BUFG (Prop_bufg_I_O)         0.026     0.336 r  design_1_i/processing_system7_0/inst/buffer_fclk_clk_0.FCLK_CLK_0_BUFG/O
                         net (fo=33471, routed)       0.645     0.981    design_1_i/axi_smc/inst/clk_map/psr_aclk/U0/aclk
    SLICE_X54Y124        FDRE                                         r  design_1_i/axi_smc/inst/clk_map/psr_aclk/U0/ACTIVE_LOW_BSR_OUT_DFF[0].FDRE_BSR_N/C
  -------------------------------------------------------------------    -------------------
    SLICE_X54Y124        FDRE (Prop_fdre_C_Q)         0.164     1.145 r  design_1_i/axi_smc/inst/clk_map/psr_aclk/U0/ACTIVE_LOW_BSR_OUT_DFF[0].FDRE_BSR_N/Q
                         net (fo=9, routed)           0.518     1.663    <hidden>
    SLICE_X53Y127        LUT1 (Prop_lut1_I0_O)        0.044     1.707 f  <hidden>
                         net (fo=3, routed)           0.177     1.884    <hidden>
    SLICE_X53Y127        FDCE                                         f  <hidden>
  -------------------------------------------------------------------    -------------------

                         (clock clk_fpga_0 rise edge)
                                                      0.000     0.000 r  
    PS7_X0Y0             PS7                          0.000     0.000 r  design_1_i/processing_system7_0/inst/PS7_i/FCLKCLK[0]
                         net (fo=1, routed)           0.337     0.337    design_1_i/processing_system7_0/inst/FCLK_CLK_unbuffered[0]
    BUFGCTRL_X0Y16       BUFG (Prop_bufg_I_O)         0.029     0.366 r  design_1_i/processing_system7_0/inst/buffer_fclk_clk_0.FCLK_CLK_0_BUFG/O
                         net (fo=33471, routed)       0.893     1.259    <hidden>
    SLICE_X53Y127        FDCE                                         r  <hidden>

Slack:                    inf
  Source:                 design_1_i/axi_smc/inst/clk_map/psr_aclk/U0/ACTIVE_LOW_BSR_OUT_DFF[0].FDRE_BSR_N/C
                            (rising edge-triggered cell FDRE clocked by clk_fpga_0  {rise@0.000ns fall@10.000ns period=20.000ns})
  Destination:            <hidden>
                            (removal check against rising-edge clock clk_fpga_0  {rise@0.000ns fall@10.000ns period=20.000ns})
  Path Group:             (none)
  Path Type:              Removal (Min at Fast Process Corner)
  Data Path Delay:        0.903ns  (logic 0.208ns (23.045%)  route 0.695ns (76.955%))
  Logic Levels:           1  (LUT1=1)
  Clock Path Skew:        0.278ns (DCD - SCD - CPR)
    Destination Clock Delay (DCD):    1.259ns
    Source Clock Delay      (SCD):    0.981ns
    Clock Pessimism Removal (CPR):    -0.000ns
  Clock Uncertainty:      0.302ns  ((TSJ^2 + TIJ^2)^1/2 + DJ) / 2 + PE
    Total System Jitter     (TSJ):    0.071ns
    Total Input Jitter      (TIJ):    0.600ns
    Discrete Jitter          (DJ):    0.000ns
    Phase Error              (PE):    0.000ns
  Timing Exception:       False Path

    Location             Delay type                Incr(ns)  Path(ns)    Netlist Resource(s)
  -------------------------------------------------------------------    -------------------
                         (clock clk_fpga_0 rise edge)
                                                      0.000     0.000 r  
    PS7_X0Y0             PS7                          0.000     0.000 r  design_1_i/processing_system7_0/inst/PS7_i/FCLKCLK[0]
                         net (fo=1, routed)           0.310     0.310    design_1_i/processing_system7_0/inst/FCLK_CLK_unbuffered[0]
    BUFGCTRL_X0Y16       BUFG (Prop_bufg_I_O)         0.026     0.336 r  design_1_i/processing_system7_0/inst/buffer_fclk_clk_0.FCLK_CLK_0_BUFG/O
                         net (fo=33471, routed)       0.645     0.981    design_1_i/axi_smc/inst/clk_map/psr_aclk/U0/aclk
    SLICE_X54Y124        FDRE                                         r  design_1_i/axi_smc/inst/clk_map/psr_aclk/U0/ACTIVE_LOW_BSR_OUT_DFF[0].FDRE_BSR_N/C
  -------------------------------------------------------------------    -------------------
    SLICE_X54Y124        FDRE (Prop_fdre_C_Q)         0.164     1.145 r  design_1_i/axi_smc/inst/clk_map/psr_aclk/U0/ACTIVE_LOW_BSR_OUT_DFF[0].FDRE_BSR_N/Q
                         net (fo=9, routed)           0.518     1.663    <hidden>
    SLICE_X53Y127        LUT1 (Prop_lut1_I0_O)        0.044     1.707 f  <hidden>
                         net (fo=3, routed)           0.177     1.884    <hidden>
    SLICE_X53Y127        FDCE                                         f  <hidden>
  -------------------------------------------------------------------    -------------------

                         (clock clk_fpga_0 rise edge)
                                                      0.000     0.000 r  
    PS7_X0Y0             PS7                          0.000     0.000 r  design_1_i/processing_system7_0/inst/PS7_i/FCLKCLK[0]
                         net (fo=1, routed)           0.337     0.337    design_1_i/processing_system7_0/inst/FCLK_CLK_unbuffered[0]
    BUFGCTRL_X0Y16       BUFG (Prop_bufg_I_O)         0.029     0.366 r  design_1_i/processing_system7_0/inst/buffer_fclk_clk_0.FCLK_CLK_0_BUFG/O
                         net (fo=33471, routed)       0.893     1.259    <hidden>
    SLICE_X53Y127        FDCE                                         r  <hidden>

Slack:                    inf
  Source:                 design_1_i/axi_smc/inst/clk_map/psr_aclk/U0/ACTIVE_LOW_BSR_OUT_DFF[0].FDRE_BSR_N/C
                            (rising edge-triggered cell FDRE clocked by clk_fpga_0  {rise@0.000ns fall@10.000ns period=20.000ns})
  Destination:            <hidden>
                            (removal check against rising-edge clock clk_fpga_0  {rise@0.000ns fall@10.000ns period=20.000ns})
  Path Group:             (none)
  Path Type:              Removal (Min at Fast Process Corner)
  Data Path Delay:        0.962ns  (logic 0.209ns (21.728%)  route 0.753ns (78.272%))
  Logic Levels:           1  (LUT1=1)
  Clock Path Skew:        0.278ns (DCD - SCD - CPR)
    Destination Clock Delay (DCD):    1.259ns
    Source Clock Delay      (SCD):    0.981ns
    Clock Pessimism Removal (CPR):    -0.000ns
  Clock Uncertainty:      0.302ns  ((TSJ^2 + TIJ^2)^1/2 + DJ) / 2 + PE
    Total System Jitter     (TSJ):    0.071ns
    Total Input Jitter      (TIJ):    0.600ns
    Discrete Jitter          (DJ):    0.000ns
    Phase Error              (PE):    0.000ns
  Timing Exception:       False Path

    Location             Delay type                Incr(ns)  Path(ns)    Netlist Resource(s)
  -------------------------------------------------------------------    -------------------
                         (clock clk_fpga_0 rise edge)
                                                      0.000     0.000 r  
    PS7_X0Y0             PS7                          0.000     0.000 r  design_1_i/processing_system7_0/inst/PS7_i/FCLKCLK[0]
                         net (fo=1, routed)           0.310     0.310    design_1_i/processing_system7_0/inst/FCLK_CLK_unbuffered[0]
    BUFGCTRL_X0Y16       BUFG (Prop_bufg_I_O)         0.026     0.336 r  design_1_i/processing_system7_0/inst/buffer_fclk_clk_0.FCLK_CLK_0_BUFG/O
                         net (fo=33471, routed)       0.645     0.981    design_1_i/axi_smc/inst/clk_map/psr_aclk/U0/aclk
    SLICE_X54Y124        FDRE                                         r  design_1_i/axi_smc/inst/clk_map/psr_aclk/U0/ACTIVE_LOW_BSR_OUT_DFF[0].FDRE_BSR_N/C
  -------------------------------------------------------------------    -------------------
    SLICE_X54Y124        FDRE (Prop_fdre_C_Q)         0.164     1.145 r  design_1_i/axi_smc/inst/clk_map/psr_aclk/U0/ACTIVE_LOW_BSR_OUT_DFF[0].FDRE_BSR_N/Q
                         net (fo=9, routed)           0.518     1.663    <hidden>
    SLICE_X53Y127        LUT1 (Prop_lut1_I0_O)        0.045     1.708 f  <hidden>
                         net (fo=3, routed)           0.235     1.943    <hidden>
    SLICE_X52Y127        FDCE                                         f  <hidden>
  -------------------------------------------------------------------    -------------------

                         (clock clk_fpga_0 rise edge)
                                                      0.000     0.000 r  
    PS7_X0Y0             PS7                          0.000     0.000 r  design_1_i/processing_system7_0/inst/PS7_i/FCLKCLK[0]
                         net (fo=1, routed)           0.337     0.337    design_1_i/processing_system7_0/inst/FCLK_CLK_unbuffered[0]
    BUFGCTRL_X0Y16       BUFG (Prop_bufg_I_O)         0.029     0.366 r  design_1_i/processing_system7_0/inst/buffer_fclk_clk_0.FCLK_CLK_0_BUFG/O
                         net (fo=33471, routed)       0.893     1.259    <hidden>
    SLICE_X52Y127        FDCE                                         r  <hidden>





--------------------------------------------------------------------------------------
Path Group:  (none)
From Clock:  
  To Clock:  clk_fpga_0

Max Delay           150 Endpoints
Min Delay           150 Endpoints
--------------------------------------------------------------------------------------


Max Delay Paths
--------------------------------------------------------------------------------------
Slack:                    inf
  Source:                 design_1_i/MM_0/inst/readAtTiles_U0/mul_27ns_31ns_58_1_1_U13/tmp_product__0/ACOUT[0]
                            (internal pin)
  Destination:            design_1_i/MM_0/inst/readAtTiles_U0/bound6_reg_344_reg__0/ACIN[0]
                            (rising edge-triggered cell DSP48E1 clocked by clk_fpga_0  {rise@0.000ns fall@10.000ns period=20.000ns})
  Path Group:             (none)
  Path Type:              Setup (Max at Slow Process Corner)
  Data Path Delay:        0.002ns  (logic 0.000ns (0.000%)  route 0.002ns (100.000%))
  Logic Levels:           0  
  Clock Uncertainty:      0.301ns  ((TSJ^2 + TIJ^2)^1/2 + DJ) / 2 + PE
    Total System Jitter     (TSJ):    0.050ns
    Total Input Jitter      (TIJ):    0.600ns
    Discrete Jitter          (DJ):    0.000ns
    Phase Error              (PE):    0.000ns

    Location             Delay type                Incr(ns)  Path(ns)    Netlist Resource(s)
  -------------------------------------------------------------------    -------------------
    DSP48_X4Y48          DSP48E1                      0.000     0.000 r  design_1_i/MM_0/inst/readAtTiles_U0/mul_27ns_31ns_58_1_1_U13/tmp_product__0/ACOUT[0]
                         net (fo=1, routed)           0.002     0.002    design_1_i/MM_0/inst/readAtTiles_U0/mul_27ns_31ns_58_1_1_U13_n_112
    DSP48_X4Y49          DSP48E1                                      r  design_1_i/MM_0/inst/readAtTiles_U0/bound6_reg_344_reg__0/ACIN[0]
  -------------------------------------------------------------------    -------------------

                         (clock clk_fpga_0 rise edge)
                                                      0.000     0.000 r  
    PS7_X0Y0             PS7                          0.000     0.000 r  design_1_i/processing_system7_0/inst/PS7_i/FCLKCLK[0]
                         net (fo=1, routed)           1.088     1.088    design_1_i/processing_system7_0/inst/FCLK_CLK_unbuffered[0]
    BUFGCTRL_X0Y16       BUFG (Prop_bufg_I_O)         0.091     1.179 r  design_1_i/processing_system7_0/inst/buffer_fclk_clk_0.FCLK_CLK_0_BUFG/O
                         net (fo=33471, routed)       1.858     3.037    design_1_i/MM_0/inst/readAtTiles_U0/ap_clk
    DSP48_X4Y49          DSP48E1                                      r  design_1_i/MM_0/inst/readAtTiles_U0/bound6_reg_344_reg__0/CLK

Slack:                    inf
  Source:                 design_1_i/MM_0/inst/readAtTiles_U0/mul_27ns_31ns_58_1_1_U13/tmp_product__0/ACOUT[10]
                            (internal pin)
  Destination:            design_1_i/MM_0/inst/readAtTiles_U0/bound6_reg_344_reg__0/ACIN[10]
                            (rising edge-triggered cell DSP48E1 clocked by clk_fpga_0  {rise@0.000ns fall@10.000ns period=20.000ns})
  Path Group:             (none)
  Path Type:              Setup (Max at Slow Process Corner)
  Data Path Delay:        0.002ns  (logic 0.000ns (0.000%)  route 0.002ns (100.000%))
  Logic Levels:           0  
  Clock Uncertainty:      0.301ns  ((TSJ^2 + TIJ^2)^1/2 + DJ) / 2 + PE
    Total System Jitter     (TSJ):    0.050ns
    Total Input Jitter      (TIJ):    0.600ns
    Discrete Jitter          (DJ):    0.000ns
    Phase Error              (PE):    0.000ns

    Location             Delay type                Incr(ns)  Path(ns)    Netlist Resource(s)
  -------------------------------------------------------------------    -------------------
    DSP48_X4Y48          DSP48E1                      0.000     0.000 r  design_1_i/MM_0/inst/readAtTiles_U0/mul_27ns_31ns_58_1_1_U13/tmp_product__0/ACOUT[10]
                         net (fo=1, routed)           0.002     0.002    design_1_i/MM_0/inst/readAtTiles_U0/mul_27ns_31ns_58_1_1_U13_n_102
    DSP48_X4Y49          DSP48E1                                      r  design_1_i/MM_0/inst/readAtTiles_U0/bound6_reg_344_reg__0/ACIN[10]
  -------------------------------------------------------------------    -------------------

                         (clock clk_fpga_0 rise edge)
                                                      0.000     0.000 r  
    PS7_X0Y0             PS7                          0.000     0.000 r  design_1_i/processing_system7_0/inst/PS7_i/FCLKCLK[0]
                         net (fo=1, routed)           1.088     1.088    design_1_i/processing_system7_0/inst/FCLK_CLK_unbuffered[0]
    BUFGCTRL_X0Y16       BUFG (Prop_bufg_I_O)         0.091     1.179 r  design_1_i/processing_system7_0/inst/buffer_fclk_clk_0.FCLK_CLK_0_BUFG/O
                         net (fo=33471, routed)       1.858     3.037    design_1_i/MM_0/inst/readAtTiles_U0/ap_clk
    DSP48_X4Y49          DSP48E1                                      r  design_1_i/MM_0/inst/readAtTiles_U0/bound6_reg_344_reg__0/CLK

Slack:                    inf
  Source:                 design_1_i/MM_0/inst/readAtTiles_U0/mul_27ns_31ns_58_1_1_U13/tmp_product__0/ACOUT[11]
                            (internal pin)
  Destination:            design_1_i/MM_0/inst/readAtTiles_U0/bound6_reg_344_reg__0/ACIN[11]
                            (rising edge-triggered cell DSP48E1 clocked by clk_fpga_0  {rise@0.000ns fall@10.000ns period=20.000ns})
  Path Group:             (none)
  Path Type:              Setup (Max at Slow Process Corner)
  Data Path Delay:        0.002ns  (logic 0.000ns (0.000%)  route 0.002ns (100.000%))
  Logic Levels:           0  
  Clock Uncertainty:      0.301ns  ((TSJ^2 + TIJ^2)^1/2 + DJ) / 2 + PE
    Total System Jitter     (TSJ):    0.050ns
    Total Input Jitter      (TIJ):    0.600ns
    Discrete Jitter          (DJ):    0.000ns
    Phase Error              (PE):    0.000ns

    Location             Delay type                Incr(ns)  Path(ns)    Netlist Resource(s)
  -------------------------------------------------------------------    -------------------
    DSP48_X4Y48          DSP48E1                      0.000     0.000 r  design_1_i/MM_0/inst/readAtTiles_U0/mul_27ns_31ns_58_1_1_U13/tmp_product__0/ACOUT[11]
                         net (fo=1, routed)           0.002     0.002    design_1_i/MM_0/inst/readAtTiles_U0/mul_27ns_31ns_58_1_1_U13_n_101
    DSP48_X4Y49          DSP48E1                                      r  design_1_i/MM_0/inst/readAtTiles_U0/bound6_reg_344_reg__0/ACIN[11]
  -------------------------------------------------------------------    -------------------

                         (clock clk_fpga_0 rise edge)
                                                      0.000     0.000 r  
    PS7_X0Y0             PS7                          0.000     0.000 r  design_1_i/processing_system7_0/inst/PS7_i/FCLKCLK[0]
                         net (fo=1, routed)           1.088     1.088    design_1_i/processing_system7_0/inst/FCLK_CLK_unbuffered[0]
    BUFGCTRL_X0Y16       BUFG (Prop_bufg_I_O)         0.091     1.179 r  design_1_i/processing_system7_0/inst/buffer_fclk_clk_0.FCLK_CLK_0_BUFG/O
                         net (fo=33471, routed)       1.858     3.037    design_1_i/MM_0/inst/readAtTiles_U0/ap_clk
    DSP48_X4Y49          DSP48E1                                      r  design_1_i/MM_0/inst/readAtTiles_U0/bound6_reg_344_reg__0/CLK

Slack:                    inf
  Source:                 design_1_i/MM_0/inst/readAtTiles_U0/mul_27ns_31ns_58_1_1_U13/tmp_product__0/ACOUT[12]
                            (internal pin)
  Destination:            design_1_i/MM_0/inst/readAtTiles_U0/bound6_reg_344_reg__0/ACIN[12]
                            (rising edge-triggered cell DSP48E1 clocked by clk_fpga_0  {rise@0.000ns fall@10.000ns period=20.000ns})
  Path Group:             (none)
  Path Type:              Setup (Max at Slow Process Corner)
  Data Path Delay:        0.002ns  (logic 0.000ns (0.000%)  route 0.002ns (100.000%))
  Logic Levels:           0  
  Clock Uncertainty:      0.301ns  ((TSJ^2 + TIJ^2)^1/2 + DJ) / 2 + PE
    Total System Jitter     (TSJ):    0.050ns
    Total Input Jitter      (TIJ):    0.600ns
    Discrete Jitter          (DJ):    0.000ns
    Phase Error              (PE):    0.000ns

    Location             Delay type                Incr(ns)  Path(ns)    Netlist Resource(s)
  -------------------------------------------------------------------    -------------------
    DSP48_X4Y48          DSP48E1                      0.000     0.000 r  design_1_i/MM_0/inst/readAtTiles_U0/mul_27ns_31ns_58_1_1_U13/tmp_product__0/ACOUT[12]
                         net (fo=1, routed)           0.002     0.002    design_1_i/MM_0/inst/readAtTiles_U0/mul_27ns_31ns_58_1_1_U13_n_100
    DSP48_X4Y49          DSP48E1                                      r  design_1_i/MM_0/inst/readAtTiles_U0/bound6_reg_344_reg__0/ACIN[12]
  -------------------------------------------------------------------    -------------------

                         (clock clk_fpga_0 rise edge)
                                                      0.000     0.000 r  
    PS7_X0Y0             PS7                          0.000     0.000 r  design_1_i/processing_system7_0/inst/PS7_i/FCLKCLK[0]
                         net (fo=1, routed)           1.088     1.088    design_1_i/processing_system7_0/inst/FCLK_CLK_unbuffered[0]
    BUFGCTRL_X0Y16       BUFG (Prop_bufg_I_O)         0.091     1.179 r  design_1_i/processing_system7_0/inst/buffer_fclk_clk_0.FCLK_CLK_0_BUFG/O
                         net (fo=33471, routed)       1.858     3.037    design_1_i/MM_0/inst/readAtTiles_U0/ap_clk
    DSP48_X4Y49          DSP48E1                                      r  design_1_i/MM_0/inst/readAtTiles_U0/bound6_reg_344_reg__0/CLK

Slack:                    inf
  Source:                 design_1_i/MM_0/inst/readAtTiles_U0/mul_27ns_31ns_58_1_1_U13/tmp_product__0/ACOUT[13]
                            (internal pin)
  Destination:            design_1_i/MM_0/inst/readAtTiles_U0/bound6_reg_344_reg__0/ACIN[13]
                            (rising edge-triggered cell DSP48E1 clocked by clk_fpga_0  {rise@0.000ns fall@10.000ns period=20.000ns})
  Path Group:             (none)
  Path Type:              Setup (Max at Slow Process Corner)
  Data Path Delay:        0.002ns  (logic 0.000ns (0.000%)  route 0.002ns (100.000%))
  Logic Levels:           0  
  Clock Uncertainty:      0.301ns  ((TSJ^2 + TIJ^2)^1/2 + DJ) / 2 + PE
    Total System Jitter     (TSJ):    0.050ns
    Total Input Jitter      (TIJ):    0.600ns
    Discrete Jitter          (DJ):    0.000ns
    Phase Error              (PE):    0.000ns

    Location             Delay type                Incr(ns)  Path(ns)    Netlist Resource(s)
  -------------------------------------------------------------------    -------------------
    DSP48_X4Y48          DSP48E1                      0.000     0.000 r  design_1_i/MM_0/inst/readAtTiles_U0/mul_27ns_31ns_58_1_1_U13/tmp_product__0/ACOUT[13]
                         net (fo=1, routed)           0.002     0.002    design_1_i/MM_0/inst/readAtTiles_U0/mul_27ns_31ns_58_1_1_U13_n_99
    DSP48_X4Y49          DSP48E1                                      r  design_1_i/MM_0/inst/readAtTiles_U0/bound6_reg_344_reg__0/ACIN[13]
  -------------------------------------------------------------------    -------------------

                         (clock clk_fpga_0 rise edge)
                                                      0.000     0.000 r  
    PS7_X0Y0             PS7                          0.000     0.000 r  design_1_i/processing_system7_0/inst/PS7_i/FCLKCLK[0]
                         net (fo=1, routed)           1.088     1.088    design_1_i/processing_system7_0/inst/FCLK_CLK_unbuffered[0]
    BUFGCTRL_X0Y16       BUFG (Prop_bufg_I_O)         0.091     1.179 r  design_1_i/processing_system7_0/inst/buffer_fclk_clk_0.FCLK_CLK_0_BUFG/O
                         net (fo=33471, routed)       1.858     3.037    design_1_i/MM_0/inst/readAtTiles_U0/ap_clk
    DSP48_X4Y49          DSP48E1                                      r  design_1_i/MM_0/inst/readAtTiles_U0/bound6_reg_344_reg__0/CLK

Slack:                    inf
  Source:                 design_1_i/MM_0/inst/readAtTiles_U0/mul_27ns_31ns_58_1_1_U13/tmp_product__0/ACOUT[14]
                            (internal pin)
  Destination:            design_1_i/MM_0/inst/readAtTiles_U0/bound6_reg_344_reg__0/ACIN[14]
                            (rising edge-triggered cell DSP48E1 clocked by clk_fpga_0  {rise@0.000ns fall@10.000ns period=20.000ns})
  Path Group:             (none)
  Path Type:              Setup (Max at Slow Process Corner)
  Data Path Delay:        0.002ns  (logic 0.000ns (0.000%)  route 0.002ns (100.000%))
  Logic Levels:           0  
  Clock Uncertainty:      0.301ns  ((TSJ^2 + TIJ^2)^1/2 + DJ) / 2 + PE
    Total System Jitter     (TSJ):    0.050ns
    Total Input Jitter      (TIJ):    0.600ns
    Discrete Jitter          (DJ):    0.000ns
    Phase Error              (PE):    0.000ns

    Location             Delay type                Incr(ns)  Path(ns)    Netlist Resource(s)
  -------------------------------------------------------------------    -------------------
    DSP48_X4Y48          DSP48E1                      0.000     0.000 r  design_1_i/MM_0/inst/readAtTiles_U0/mul_27ns_31ns_58_1_1_U13/tmp_product__0/ACOUT[14]
                         net (fo=1, routed)           0.002     0.002    design_1_i/MM_0/inst/readAtTiles_U0/mul_27ns_31ns_58_1_1_U13_n_98
    DSP48_X4Y49          DSP48E1                                      r  design_1_i/MM_0/inst/readAtTiles_U0/bound6_reg_344_reg__0/ACIN[14]
  -------------------------------------------------------------------    -------------------

                         (clock clk_fpga_0 rise edge)
                                                      0.000     0.000 r  
    PS7_X0Y0             PS7                          0.000     0.000 r  design_1_i/processing_system7_0/inst/PS7_i/FCLKCLK[0]
                         net (fo=1, routed)           1.088     1.088    design_1_i/processing_system7_0/inst/FCLK_CLK_unbuffered[0]
    BUFGCTRL_X0Y16       BUFG (Prop_bufg_I_O)         0.091     1.179 r  design_1_i/processing_system7_0/inst/buffer_fclk_clk_0.FCLK_CLK_0_BUFG/O
                         net (fo=33471, routed)       1.858     3.037    design_1_i/MM_0/inst/readAtTiles_U0/ap_clk
    DSP48_X4Y49          DSP48E1                                      r  design_1_i/MM_0/inst/readAtTiles_U0/bound6_reg_344_reg__0/CLK

Slack:                    inf
  Source:                 design_1_i/MM_0/inst/readAtTiles_U0/mul_27ns_31ns_58_1_1_U13/tmp_product__0/ACOUT[15]
                            (internal pin)
  Destination:            design_1_i/MM_0/inst/readAtTiles_U0/bound6_reg_344_reg__0/ACIN[15]
                            (rising edge-triggered cell DSP48E1 clocked by clk_fpga_0  {rise@0.000ns fall@10.000ns period=20.000ns})
  Path Group:             (none)
  Path Type:              Setup (Max at Slow Process Corner)
  Data Path Delay:        0.002ns  (logic 0.000ns (0.000%)  route 0.002ns (100.000%))
  Logic Levels:           0  
  Clock Uncertainty:      0.301ns  ((TSJ^2 + TIJ^2)^1/2 + DJ) / 2 + PE
    Total System Jitter     (TSJ):    0.050ns
    Total Input Jitter      (TIJ):    0.600ns
    Discrete Jitter          (DJ):    0.000ns
    Phase Error              (PE):    0.000ns

    Location             Delay type                Incr(ns)  Path(ns)    Netlist Resource(s)
  -------------------------------------------------------------------    -------------------
    DSP48_X4Y48          DSP48E1                      0.000     0.000 r  design_1_i/MM_0/inst/readAtTiles_U0/mul_27ns_31ns_58_1_1_U13/tmp_product__0/ACOUT[15]
                         net (fo=1, routed)           0.002     0.002    design_1_i/MM_0/inst/readAtTiles_U0/mul_27ns_31ns_58_1_1_U13_n_97
    DSP48_X4Y49          DSP48E1                                      r  design_1_i/MM_0/inst/readAtTiles_U0/bound6_reg_344_reg__0/ACIN[15]
  -------------------------------------------------------------------    -------------------

                         (clock clk_fpga_0 rise edge)
                                                      0.000     0.000 r  
    PS7_X0Y0             PS7                          0.000     0.000 r  design_1_i/processing_system7_0/inst/PS7_i/FCLKCLK[0]
                         net (fo=1, routed)           1.088     1.088    design_1_i/processing_system7_0/inst/FCLK_CLK_unbuffered[0]
    BUFGCTRL_X0Y16       BUFG (Prop_bufg_I_O)         0.091     1.179 r  design_1_i/processing_system7_0/inst/buffer_fclk_clk_0.FCLK_CLK_0_BUFG/O
                         net (fo=33471, routed)       1.858     3.037    design_1_i/MM_0/inst/readAtTiles_U0/ap_clk
    DSP48_X4Y49          DSP48E1                                      r  design_1_i/MM_0/inst/readAtTiles_U0/bound6_reg_344_reg__0/CLK

Slack:                    inf
  Source:                 design_1_i/MM_0/inst/readAtTiles_U0/mul_27ns_31ns_58_1_1_U13/tmp_product__0/ACOUT[16]
                            (internal pin)
  Destination:            design_1_i/MM_0/inst/readAtTiles_U0/bound6_reg_344_reg__0/ACIN[16]
                            (rising edge-triggered cell DSP48E1 clocked by clk_fpga_0  {rise@0.000ns fall@10.000ns period=20.000ns})
  Path Group:             (none)
  Path Type:              Setup (Max at Slow Process Corner)
  Data Path Delay:        0.002ns  (logic 0.000ns (0.000%)  route 0.002ns (100.000%))
  Logic Levels:           0  
  Clock Uncertainty:      0.301ns  ((TSJ^2 + TIJ^2)^1/2 + DJ) / 2 + PE
    Total System Jitter     (TSJ):    0.050ns
    Total Input Jitter      (TIJ):    0.600ns
    Discrete Jitter          (DJ):    0.000ns
    Phase Error              (PE):    0.000ns

    Location             Delay type                Incr(ns)  Path(ns)    Netlist Resource(s)
  -------------------------------------------------------------------    -------------------
    DSP48_X4Y48          DSP48E1                      0.000     0.000 r  design_1_i/MM_0/inst/readAtTiles_U0/mul_27ns_31ns_58_1_1_U13/tmp_product__0/ACOUT[16]
                         net (fo=1, routed)           0.002     0.002    design_1_i/MM_0/inst/readAtTiles_U0/mul_27ns_31ns_58_1_1_U13_n_96
    DSP48_X4Y49          DSP48E1                                      r  design_1_i/MM_0/inst/readAtTiles_U0/bound6_reg_344_reg__0/ACIN[16]
  -------------------------------------------------------------------    -------------------

                         (clock clk_fpga_0 rise edge)
                                                      0.000     0.000 r  
    PS7_X0Y0             PS7                          0.000     0.000 r  design_1_i/processing_system7_0/inst/PS7_i/FCLKCLK[0]
                         net (fo=1, routed)           1.088     1.088    design_1_i/processing_system7_0/inst/FCLK_CLK_unbuffered[0]
    BUFGCTRL_X0Y16       BUFG (Prop_bufg_I_O)         0.091     1.179 r  design_1_i/processing_system7_0/inst/buffer_fclk_clk_0.FCLK_CLK_0_BUFG/O
                         net (fo=33471, routed)       1.858     3.037    design_1_i/MM_0/inst/readAtTiles_U0/ap_clk
    DSP48_X4Y49          DSP48E1                                      r  design_1_i/MM_0/inst/readAtTiles_U0/bound6_reg_344_reg__0/CLK

Slack:                    inf
  Source:                 design_1_i/MM_0/inst/readAtTiles_U0/mul_27ns_31ns_58_1_1_U13/tmp_product__0/ACOUT[17]
                            (internal pin)
  Destination:            design_1_i/MM_0/inst/readAtTiles_U0/bound6_reg_344_reg__0/ACIN[17]
                            (rising edge-triggered cell DSP48E1 clocked by clk_fpga_0  {rise@0.000ns fall@10.000ns period=20.000ns})
  Path Group:             (none)
  Path Type:              Setup (Max at Slow Process Corner)
  Data Path Delay:        0.002ns  (logic 0.000ns (0.000%)  route 0.002ns (100.000%))
  Logic Levels:           0  
  Clock Uncertainty:      0.301ns  ((TSJ^2 + TIJ^2)^1/2 + DJ) / 2 + PE
    Total System Jitter     (TSJ):    0.050ns
    Total Input Jitter      (TIJ):    0.600ns
    Discrete Jitter          (DJ):    0.000ns
    Phase Error              (PE):    0.000ns

    Location             Delay type                Incr(ns)  Path(ns)    Netlist Resource(s)
  -------------------------------------------------------------------    -------------------
    DSP48_X4Y48          DSP48E1                      0.000     0.000 r  design_1_i/MM_0/inst/readAtTiles_U0/mul_27ns_31ns_58_1_1_U13/tmp_product__0/ACOUT[17]
                         net (fo=1, routed)           0.002     0.002    design_1_i/MM_0/inst/readAtTiles_U0/mul_27ns_31ns_58_1_1_U13_n_95
    DSP48_X4Y49          DSP48E1                                      r  design_1_i/MM_0/inst/readAtTiles_U0/bound6_reg_344_reg__0/ACIN[17]
  -------------------------------------------------------------------    -------------------

                         (clock clk_fpga_0 rise edge)
                                                      0.000     0.000 r  
    PS7_X0Y0             PS7                          0.000     0.000 r  design_1_i/processing_system7_0/inst/PS7_i/FCLKCLK[0]
                         net (fo=1, routed)           1.088     1.088    design_1_i/processing_system7_0/inst/FCLK_CLK_unbuffered[0]
    BUFGCTRL_X0Y16       BUFG (Prop_bufg_I_O)         0.091     1.179 r  design_1_i/processing_system7_0/inst/buffer_fclk_clk_0.FCLK_CLK_0_BUFG/O
                         net (fo=33471, routed)       1.858     3.037    design_1_i/MM_0/inst/readAtTiles_U0/ap_clk
    DSP48_X4Y49          DSP48E1                                      r  design_1_i/MM_0/inst/readAtTiles_U0/bound6_reg_344_reg__0/CLK

Slack:                    inf
  Source:                 design_1_i/MM_0/inst/readAtTiles_U0/mul_27ns_31ns_58_1_1_U13/tmp_product__0/ACOUT[18]
                            (internal pin)
  Destination:            design_1_i/MM_0/inst/readAtTiles_U0/bound6_reg_344_reg__0/ACIN[18]
                            (rising edge-triggered cell DSP48E1 clocked by clk_fpga_0  {rise@0.000ns fall@10.000ns period=20.000ns})
  Path Group:             (none)
  Path Type:              Setup (Max at Slow Process Corner)
  Data Path Delay:        0.002ns  (logic 0.000ns (0.000%)  route 0.002ns (100.000%))
  Logic Levels:           0  
  Clock Uncertainty:      0.301ns  ((TSJ^2 + TIJ^2)^1/2 + DJ) / 2 + PE
    Total System Jitter     (TSJ):    0.050ns
    Total Input Jitter      (TIJ):    0.600ns
    Discrete Jitter          (DJ):    0.000ns
    Phase Error              (PE):    0.000ns

    Location             Delay type                Incr(ns)  Path(ns)    Netlist Resource(s)
  -------------------------------------------------------------------    -------------------
    DSP48_X4Y48          DSP48E1                      0.000     0.000 r  design_1_i/MM_0/inst/readAtTiles_U0/mul_27ns_31ns_58_1_1_U13/tmp_product__0/ACOUT[18]
                         net (fo=1, routed)           0.002     0.002    design_1_i/MM_0/inst/readAtTiles_U0/mul_27ns_31ns_58_1_1_U13_n_94
    DSP48_X4Y49          DSP48E1                                      r  design_1_i/MM_0/inst/readAtTiles_U0/bound6_reg_344_reg__0/ACIN[18]
  -------------------------------------------------------------------    -------------------

                         (clock clk_fpga_0 rise edge)
                                                      0.000     0.000 r  
    PS7_X0Y0             PS7                          0.000     0.000 r  design_1_i/processing_system7_0/inst/PS7_i/FCLKCLK[0]
                         net (fo=1, routed)           1.088     1.088    design_1_i/processing_system7_0/inst/FCLK_CLK_unbuffered[0]
    BUFGCTRL_X0Y16       BUFG (Prop_bufg_I_O)         0.091     1.179 r  design_1_i/processing_system7_0/inst/buffer_fclk_clk_0.FCLK_CLK_0_BUFG/O
                         net (fo=33471, routed)       1.858     3.037    design_1_i/MM_0/inst/readAtTiles_U0/ap_clk
    DSP48_X4Y49          DSP48E1                                      r  design_1_i/MM_0/inst/readAtTiles_U0/bound6_reg_344_reg__0/CLK





Min Delay Paths
--------------------------------------------------------------------------------------
Slack:                    inf
  Source:                 design_1_i/MM_0/inst/readAtTiles_U0/mul_27ns_31ns_58_1_1_U13/tmp_product__0/ACOUT[0]
                            (internal pin)
  Destination:            design_1_i/MM_0/inst/readAtTiles_U0/bound6_reg_344_reg__0/ACIN[0]
                            (rising edge-triggered cell DSP48E1 clocked by clk_fpga_0  {rise@0.000ns fall@10.000ns period=20.000ns})
  Path Group:             (none)
  Path Type:              Hold (Min at Slow Process Corner)
  Data Path Delay:        0.002ns  (logic 0.000ns (0.000%)  route 0.002ns (100.000%))
  Logic Levels:           0  
  Clock Uncertainty:      0.301ns  ((TSJ^2 + TIJ^2)^1/2 + DJ) / 2 + PE
    Total System Jitter     (TSJ):    0.050ns
    Total Input Jitter      (TIJ):    0.600ns
    Discrete Jitter          (DJ):    0.000ns
    Phase Error              (PE):    0.000ns

    Location             Delay type                Incr(ns)  Path(ns)    Netlist Resource(s)
  -------------------------------------------------------------------    -------------------
    DSP48_X4Y48          DSP48E1                      0.000     0.000 r  design_1_i/MM_0/inst/readAtTiles_U0/mul_27ns_31ns_58_1_1_U13/tmp_product__0/ACOUT[0]
                         net (fo=1, routed)           0.002     0.002    design_1_i/MM_0/inst/readAtTiles_U0/mul_27ns_31ns_58_1_1_U13_n_112
    DSP48_X4Y49          DSP48E1                                      r  design_1_i/MM_0/inst/readAtTiles_U0/bound6_reg_344_reg__0/ACIN[0]
  -------------------------------------------------------------------    -------------------

                         (clock clk_fpga_0 rise edge)
                                                      0.000     0.000 r  
    PS7_X0Y0             PS7                          0.000     0.000 r  design_1_i/processing_system7_0/inst/PS7_i/FCLKCLK[0]
                         net (fo=1, routed)           1.193     1.193    design_1_i/processing_system7_0/inst/FCLK_CLK_unbuffered[0]
    BUFGCTRL_X0Y16       BUFG (Prop_bufg_I_O)         0.101     1.294 r  design_1_i/processing_system7_0/inst/buffer_fclk_clk_0.FCLK_CLK_0_BUFG/O
                         net (fo=33471, routed)       2.049     3.343    design_1_i/MM_0/inst/readAtTiles_U0/ap_clk
    DSP48_X4Y49          DSP48E1                                      r  design_1_i/MM_0/inst/readAtTiles_U0/bound6_reg_344_reg__0/CLK

Slack:                    inf
  Source:                 design_1_i/MM_0/inst/readAtTiles_U0/mul_27ns_31ns_58_1_1_U13/tmp_product__0/ACOUT[10]
                            (internal pin)
  Destination:            design_1_i/MM_0/inst/readAtTiles_U0/bound6_reg_344_reg__0/ACIN[10]
                            (rising edge-triggered cell DSP48E1 clocked by clk_fpga_0  {rise@0.000ns fall@10.000ns period=20.000ns})
  Path Group:             (none)
  Path Type:              Hold (Min at Slow Process Corner)
  Data Path Delay:        0.002ns  (logic 0.000ns (0.000%)  route 0.002ns (100.000%))
  Logic Levels:           0  
  Clock Uncertainty:      0.301ns  ((TSJ^2 + TIJ^2)^1/2 + DJ) / 2 + PE
    Total System Jitter     (TSJ):    0.050ns
    Total Input Jitter      (TIJ):    0.600ns
    Discrete Jitter          (DJ):    0.000ns
    Phase Error              (PE):    0.000ns

    Location             Delay type                Incr(ns)  Path(ns)    Netlist Resource(s)
  -------------------------------------------------------------------    -------------------
    DSP48_X4Y48          DSP48E1                      0.000     0.000 r  design_1_i/MM_0/inst/readAtTiles_U0/mul_27ns_31ns_58_1_1_U13/tmp_product__0/ACOUT[10]
                         net (fo=1, routed)           0.002     0.002    design_1_i/MM_0/inst/readAtTiles_U0/mul_27ns_31ns_58_1_1_U13_n_102
    DSP48_X4Y49          DSP48E1                                      r  design_1_i/MM_0/inst/readAtTiles_U0/bound6_reg_344_reg__0/ACIN[10]
  -------------------------------------------------------------------    -------------------

                         (clock clk_fpga_0 rise edge)
                                                      0.000     0.000 r  
    PS7_X0Y0             PS7                          0.000     0.000 r  design_1_i/processing_system7_0/inst/PS7_i/FCLKCLK[0]
                         net (fo=1, routed)           1.193     1.193    design_1_i/processing_system7_0/inst/FCLK_CLK_unbuffered[0]
    BUFGCTRL_X0Y16       BUFG (Prop_bufg_I_O)         0.101     1.294 r  design_1_i/processing_system7_0/inst/buffer_fclk_clk_0.FCLK_CLK_0_BUFG/O
                         net (fo=33471, routed)       2.049     3.343    design_1_i/MM_0/inst/readAtTiles_U0/ap_clk
    DSP48_X4Y49          DSP48E1                                      r  design_1_i/MM_0/inst/readAtTiles_U0/bound6_reg_344_reg__0/CLK

Slack:                    inf
  Source:                 design_1_i/MM_0/inst/readAtTiles_U0/mul_27ns_31ns_58_1_1_U13/tmp_product__0/ACOUT[11]
                            (internal pin)
  Destination:            design_1_i/MM_0/inst/readAtTiles_U0/bound6_reg_344_reg__0/ACIN[11]
                            (rising edge-triggered cell DSP48E1 clocked by clk_fpga_0  {rise@0.000ns fall@10.000ns period=20.000ns})
  Path Group:             (none)
  Path Type:              Hold (Min at Slow Process Corner)
  Data Path Delay:        0.002ns  (logic 0.000ns (0.000%)  route 0.002ns (100.000%))
  Logic Levels:           0  
  Clock Uncertainty:      0.301ns  ((TSJ^2 + TIJ^2)^1/2 + DJ) / 2 + PE
    Total System Jitter     (TSJ):    0.050ns
    Total Input Jitter      (TIJ):    0.600ns
    Discrete Jitter          (DJ):    0.000ns
    Phase Error              (PE):    0.000ns

    Location             Delay type                Incr(ns)  Path(ns)    Netlist Resource(s)
  -------------------------------------------------------------------    -------------------
    DSP48_X4Y48          DSP48E1                      0.000     0.000 r  design_1_i/MM_0/inst/readAtTiles_U0/mul_27ns_31ns_58_1_1_U13/tmp_product__0/ACOUT[11]
                         net (fo=1, routed)           0.002     0.002    design_1_i/MM_0/inst/readAtTiles_U0/mul_27ns_31ns_58_1_1_U13_n_101
    DSP48_X4Y49          DSP48E1                                      r  design_1_i/MM_0/inst/readAtTiles_U0/bound6_reg_344_reg__0/ACIN[11]
  -------------------------------------------------------------------    -------------------

                         (clock clk_fpga_0 rise edge)
                                                      0.000     0.000 r  
    PS7_X0Y0             PS7                          0.000     0.000 r  design_1_i/processing_system7_0/inst/PS7_i/FCLKCLK[0]
                         net (fo=1, routed)           1.193     1.193    design_1_i/processing_system7_0/inst/FCLK_CLK_unbuffered[0]
    BUFGCTRL_X0Y16       BUFG (Prop_bufg_I_O)         0.101     1.294 r  design_1_i/processing_system7_0/inst/buffer_fclk_clk_0.FCLK_CLK_0_BUFG/O
                         net (fo=33471, routed)       2.049     3.343    design_1_i/MM_0/inst/readAtTiles_U0/ap_clk
    DSP48_X4Y49          DSP48E1                                      r  design_1_i/MM_0/inst/readAtTiles_U0/bound6_reg_344_reg__0/CLK

Slack:                    inf
  Source:                 design_1_i/MM_0/inst/readAtTiles_U0/mul_27ns_31ns_58_1_1_U13/tmp_product__0/ACOUT[12]
                            (internal pin)
  Destination:            design_1_i/MM_0/inst/readAtTiles_U0/bound6_reg_344_reg__0/ACIN[12]
                            (rising edge-triggered cell DSP48E1 clocked by clk_fpga_0  {rise@0.000ns fall@10.000ns period=20.000ns})
  Path Group:             (none)
  Path Type:              Hold (Min at Slow Process Corner)
  Data Path Delay:        0.002ns  (logic 0.000ns (0.000%)  route 0.002ns (100.000%))
  Logic Levels:           0  
  Clock Uncertainty:      0.301ns  ((TSJ^2 + TIJ^2)^1/2 + DJ) / 2 + PE
    Total System Jitter     (TSJ):    0.050ns
    Total Input Jitter      (TIJ):    0.600ns
    Discrete Jitter          (DJ):    0.000ns
    Phase Error              (PE):    0.000ns

    Location             Delay type                Incr(ns)  Path(ns)    Netlist Resource(s)
  -------------------------------------------------------------------    -------------------
    DSP48_X4Y48          DSP48E1                      0.000     0.000 r  design_1_i/MM_0/inst/readAtTiles_U0/mul_27ns_31ns_58_1_1_U13/tmp_product__0/ACOUT[12]
                         net (fo=1, routed)           0.002     0.002    design_1_i/MM_0/inst/readAtTiles_U0/mul_27ns_31ns_58_1_1_U13_n_100
    DSP48_X4Y49          DSP48E1                                      r  design_1_i/MM_0/inst/readAtTiles_U0/bound6_reg_344_reg__0/ACIN[12]
  -------------------------------------------------------------------    -------------------

                         (clock clk_fpga_0 rise edge)
                                                      0.000     0.000 r  
    PS7_X0Y0             PS7                          0.000     0.000 r  design_1_i/processing_system7_0/inst/PS7_i/FCLKCLK[0]
                         net (fo=1, routed)           1.193     1.193    design_1_i/processing_system7_0/inst/FCLK_CLK_unbuffered[0]
    BUFGCTRL_X0Y16       BUFG (Prop_bufg_I_O)         0.101     1.294 r  design_1_i/processing_system7_0/inst/buffer_fclk_clk_0.FCLK_CLK_0_BUFG/O
                         net (fo=33471, routed)       2.049     3.343    design_1_i/MM_0/inst/readAtTiles_U0/ap_clk
    DSP48_X4Y49          DSP48E1                                      r  design_1_i/MM_0/inst/readAtTiles_U0/bound6_reg_344_reg__0/CLK

Slack:                    inf
  Source:                 design_1_i/MM_0/inst/readAtTiles_U0/mul_27ns_31ns_58_1_1_U13/tmp_product__0/ACOUT[13]
                            (internal pin)
  Destination:            design_1_i/MM_0/inst/readAtTiles_U0/bound6_reg_344_reg__0/ACIN[13]
                            (rising edge-triggered cell DSP48E1 clocked by clk_fpga_0  {rise@0.000ns fall@10.000ns period=20.000ns})
  Path Group:             (none)
  Path Type:              Hold (Min at Slow Process Corner)
  Data Path Delay:        0.002ns  (logic 0.000ns (0.000%)  route 0.002ns (100.000%))
  Logic Levels:           0  
  Clock Uncertainty:      0.301ns  ((TSJ^2 + TIJ^2)^1/2 + DJ) / 2 + PE
    Total System Jitter     (TSJ):    0.050ns
    Total Input Jitter      (TIJ):    0.600ns
    Discrete Jitter          (DJ):    0.000ns
    Phase Error              (PE):    0.000ns

    Location             Delay type                Incr(ns)  Path(ns)    Netlist Resource(s)
  -------------------------------------------------------------------    -------------------
    DSP48_X4Y48          DSP48E1                      0.000     0.000 r  design_1_i/MM_0/inst/readAtTiles_U0/mul_27ns_31ns_58_1_1_U13/tmp_product__0/ACOUT[13]
                         net (fo=1, routed)           0.002     0.002    design_1_i/MM_0/inst/readAtTiles_U0/mul_27ns_31ns_58_1_1_U13_n_99
    DSP48_X4Y49          DSP48E1                                      r  design_1_i/MM_0/inst/readAtTiles_U0/bound6_reg_344_reg__0/ACIN[13]
  -------------------------------------------------------------------    -------------------

                         (clock clk_fpga_0 rise edge)
                                                      0.000     0.000 r  
    PS7_X0Y0             PS7                          0.000     0.000 r  design_1_i/processing_system7_0/inst/PS7_i/FCLKCLK[0]
                         net (fo=1, routed)           1.193     1.193    design_1_i/processing_system7_0/inst/FCLK_CLK_unbuffered[0]
    BUFGCTRL_X0Y16       BUFG (Prop_bufg_I_O)         0.101     1.294 r  design_1_i/processing_system7_0/inst/buffer_fclk_clk_0.FCLK_CLK_0_BUFG/O
                         net (fo=33471, routed)       2.049     3.343    design_1_i/MM_0/inst/readAtTiles_U0/ap_clk
    DSP48_X4Y49          DSP48E1                                      r  design_1_i/MM_0/inst/readAtTiles_U0/bound6_reg_344_reg__0/CLK

Slack:                    inf
  Source:                 design_1_i/MM_0/inst/readAtTiles_U0/mul_27ns_31ns_58_1_1_U13/tmp_product__0/ACOUT[14]
                            (internal pin)
  Destination:            design_1_i/MM_0/inst/readAtTiles_U0/bound6_reg_344_reg__0/ACIN[14]
                            (rising edge-triggered cell DSP48E1 clocked by clk_fpga_0  {rise@0.000ns fall@10.000ns period=20.000ns})
  Path Group:             (none)
  Path Type:              Hold (Min at Slow Process Corner)
  Data Path Delay:        0.002ns  (logic 0.000ns (0.000%)  route 0.002ns (100.000%))
  Logic Levels:           0  
  Clock Uncertainty:      0.301ns  ((TSJ^2 + TIJ^2)^1/2 + DJ) / 2 + PE
    Total System Jitter     (TSJ):    0.050ns
    Total Input Jitter      (TIJ):    0.600ns
    Discrete Jitter          (DJ):    0.000ns
    Phase Error              (PE):    0.000ns

    Location             Delay type                Incr(ns)  Path(ns)    Netlist Resource(s)
  -------------------------------------------------------------------    -------------------
    DSP48_X4Y48          DSP48E1                      0.000     0.000 r  design_1_i/MM_0/inst/readAtTiles_U0/mul_27ns_31ns_58_1_1_U13/tmp_product__0/ACOUT[14]
                         net (fo=1, routed)           0.002     0.002    design_1_i/MM_0/inst/readAtTiles_U0/mul_27ns_31ns_58_1_1_U13_n_98
    DSP48_X4Y49          DSP48E1                                      r  design_1_i/MM_0/inst/readAtTiles_U0/bound6_reg_344_reg__0/ACIN[14]
  -------------------------------------------------------------------    -------------------

                         (clock clk_fpga_0 rise edge)
                                                      0.000     0.000 r  
    PS7_X0Y0             PS7                          0.000     0.000 r  design_1_i/processing_system7_0/inst/PS7_i/FCLKCLK[0]
                         net (fo=1, routed)           1.193     1.193    design_1_i/processing_system7_0/inst/FCLK_CLK_unbuffered[0]
    BUFGCTRL_X0Y16       BUFG (Prop_bufg_I_O)         0.101     1.294 r  design_1_i/processing_system7_0/inst/buffer_fclk_clk_0.FCLK_CLK_0_BUFG/O
                         net (fo=33471, routed)       2.049     3.343    design_1_i/MM_0/inst/readAtTiles_U0/ap_clk
    DSP48_X4Y49          DSP48E1                                      r  design_1_i/MM_0/inst/readAtTiles_U0/bound6_reg_344_reg__0/CLK

Slack:                    inf
  Source:                 design_1_i/MM_0/inst/readAtTiles_U0/mul_27ns_31ns_58_1_1_U13/tmp_product__0/ACOUT[15]
                            (internal pin)
  Destination:            design_1_i/MM_0/inst/readAtTiles_U0/bound6_reg_344_reg__0/ACIN[15]
                            (rising edge-triggered cell DSP48E1 clocked by clk_fpga_0  {rise@0.000ns fall@10.000ns period=20.000ns})
  Path Group:             (none)
  Path Type:              Hold (Min at Slow Process Corner)
  Data Path Delay:        0.002ns  (logic 0.000ns (0.000%)  route 0.002ns (100.000%))
  Logic Levels:           0  
  Clock Uncertainty:      0.301ns  ((TSJ^2 + TIJ^2)^1/2 + DJ) / 2 + PE
    Total System Jitter     (TSJ):    0.050ns
    Total Input Jitter      (TIJ):    0.600ns
    Discrete Jitter          (DJ):    0.000ns
    Phase Error              (PE):    0.000ns

    Location             Delay type                Incr(ns)  Path(ns)    Netlist Resource(s)
  -------------------------------------------------------------------    -------------------
    DSP48_X4Y48          DSP48E1                      0.000     0.000 r  design_1_i/MM_0/inst/readAtTiles_U0/mul_27ns_31ns_58_1_1_U13/tmp_product__0/ACOUT[15]
                         net (fo=1, routed)           0.002     0.002    design_1_i/MM_0/inst/readAtTiles_U0/mul_27ns_31ns_58_1_1_U13_n_97
    DSP48_X4Y49          DSP48E1                                      r  design_1_i/MM_0/inst/readAtTiles_U0/bound6_reg_344_reg__0/ACIN[15]
  -------------------------------------------------------------------    -------------------

                         (clock clk_fpga_0 rise edge)
                                                      0.000     0.000 r  
    PS7_X0Y0             PS7                          0.000     0.000 r  design_1_i/processing_system7_0/inst/PS7_i/FCLKCLK[0]
                         net (fo=1, routed)           1.193     1.193    design_1_i/processing_system7_0/inst/FCLK_CLK_unbuffered[0]
    BUFGCTRL_X0Y16       BUFG (Prop_bufg_I_O)         0.101     1.294 r  design_1_i/processing_system7_0/inst/buffer_fclk_clk_0.FCLK_CLK_0_BUFG/O
                         net (fo=33471, routed)       2.049     3.343    design_1_i/MM_0/inst/readAtTiles_U0/ap_clk
    DSP48_X4Y49          DSP48E1                                      r  design_1_i/MM_0/inst/readAtTiles_U0/bound6_reg_344_reg__0/CLK

Slack:                    inf
  Source:                 design_1_i/MM_0/inst/readAtTiles_U0/mul_27ns_31ns_58_1_1_U13/tmp_product__0/ACOUT[16]
                            (internal pin)
  Destination:            design_1_i/MM_0/inst/readAtTiles_U0/bound6_reg_344_reg__0/ACIN[16]
                            (rising edge-triggered cell DSP48E1 clocked by clk_fpga_0  {rise@0.000ns fall@10.000ns period=20.000ns})
  Path Group:             (none)
  Path Type:              Hold (Min at Slow Process Corner)
  Data Path Delay:        0.002ns  (logic 0.000ns (0.000%)  route 0.002ns (100.000%))
  Logic Levels:           0  
  Clock Uncertainty:      0.301ns  ((TSJ^2 + TIJ^2)^1/2 + DJ) / 2 + PE
    Total System Jitter     (TSJ):    0.050ns
    Total Input Jitter      (TIJ):    0.600ns
    Discrete Jitter          (DJ):    0.000ns
    Phase Error              (PE):    0.000ns

    Location             Delay type                Incr(ns)  Path(ns)    Netlist Resource(s)
  -------------------------------------------------------------------    -------------------
    DSP48_X4Y48          DSP48E1                      0.000     0.000 r  design_1_i/MM_0/inst/readAtTiles_U0/mul_27ns_31ns_58_1_1_U13/tmp_product__0/ACOUT[16]
                         net (fo=1, routed)           0.002     0.002    design_1_i/MM_0/inst/readAtTiles_U0/mul_27ns_31ns_58_1_1_U13_n_96
    DSP48_X4Y49          DSP48E1                                      r  design_1_i/MM_0/inst/readAtTiles_U0/bound6_reg_344_reg__0/ACIN[16]
  -------------------------------------------------------------------    -------------------

                         (clock clk_fpga_0 rise edge)
                                                      0.000     0.000 r  
    PS7_X0Y0             PS7                          0.000     0.000 r  design_1_i/processing_system7_0/inst/PS7_i/FCLKCLK[0]
                         net (fo=1, routed)           1.193     1.193    design_1_i/processing_system7_0/inst/FCLK_CLK_unbuffered[0]
    BUFGCTRL_X0Y16       BUFG (Prop_bufg_I_O)         0.101     1.294 r  design_1_i/processing_system7_0/inst/buffer_fclk_clk_0.FCLK_CLK_0_BUFG/O
                         net (fo=33471, routed)       2.049     3.343    design_1_i/MM_0/inst/readAtTiles_U0/ap_clk
    DSP48_X4Y49          DSP48E1                                      r  design_1_i/MM_0/inst/readAtTiles_U0/bound6_reg_344_reg__0/CLK

Slack:                    inf
  Source:                 design_1_i/MM_0/inst/readAtTiles_U0/mul_27ns_31ns_58_1_1_U13/tmp_product__0/ACOUT[17]
                            (internal pin)
  Destination:            design_1_i/MM_0/inst/readAtTiles_U0/bound6_reg_344_reg__0/ACIN[17]
                            (rising edge-triggered cell DSP48E1 clocked by clk_fpga_0  {rise@0.000ns fall@10.000ns period=20.000ns})
  Path Group:             (none)
  Path Type:              Hold (Min at Slow Process Corner)
  Data Path Delay:        0.002ns  (logic 0.000ns (0.000%)  route 0.002ns (100.000%))
  Logic Levels:           0  
  Clock Uncertainty:      0.301ns  ((TSJ^2 + TIJ^2)^1/2 + DJ) / 2 + PE
    Total System Jitter     (TSJ):    0.050ns
    Total Input Jitter      (TIJ):    0.600ns
    Discrete Jitter          (DJ):    0.000ns
    Phase Error              (PE):    0.000ns

    Location             Delay type                Incr(ns)  Path(ns)    Netlist Resource(s)
  -------------------------------------------------------------------    -------------------
    DSP48_X4Y48          DSP48E1                      0.000     0.000 r  design_1_i/MM_0/inst/readAtTiles_U0/mul_27ns_31ns_58_1_1_U13/tmp_product__0/ACOUT[17]
                         net (fo=1, routed)           0.002     0.002    design_1_i/MM_0/inst/readAtTiles_U0/mul_27ns_31ns_58_1_1_U13_n_95
    DSP48_X4Y49          DSP48E1                                      r  design_1_i/MM_0/inst/readAtTiles_U0/bound6_reg_344_reg__0/ACIN[17]
  -------------------------------------------------------------------    -------------------

                         (clock clk_fpga_0 rise edge)
                                                      0.000     0.000 r  
    PS7_X0Y0             PS7                          0.000     0.000 r  design_1_i/processing_system7_0/inst/PS7_i/FCLKCLK[0]
                         net (fo=1, routed)           1.193     1.193    design_1_i/processing_system7_0/inst/FCLK_CLK_unbuffered[0]
    BUFGCTRL_X0Y16       BUFG (Prop_bufg_I_O)         0.101     1.294 r  design_1_i/processing_system7_0/inst/buffer_fclk_clk_0.FCLK_CLK_0_BUFG/O
                         net (fo=33471, routed)       2.049     3.343    design_1_i/MM_0/inst/readAtTiles_U0/ap_clk
    DSP48_X4Y49          DSP48E1                                      r  design_1_i/MM_0/inst/readAtTiles_U0/bound6_reg_344_reg__0/CLK

Slack:                    inf
  Source:                 design_1_i/MM_0/inst/readAtTiles_U0/mul_27ns_31ns_58_1_1_U13/tmp_product__0/ACOUT[18]
                            (internal pin)
  Destination:            design_1_i/MM_0/inst/readAtTiles_U0/bound6_reg_344_reg__0/ACIN[18]
                            (rising edge-triggered cell DSP48E1 clocked by clk_fpga_0  {rise@0.000ns fall@10.000ns period=20.000ns})
  Path Group:             (none)
  Path Type:              Hold (Min at Slow Process Corner)
  Data Path Delay:        0.002ns  (logic 0.000ns (0.000%)  route 0.002ns (100.000%))
  Logic Levels:           0  
  Clock Uncertainty:      0.301ns  ((TSJ^2 + TIJ^2)^1/2 + DJ) / 2 + PE
    Total System Jitter     (TSJ):    0.050ns
    Total Input Jitter      (TIJ):    0.600ns
    Discrete Jitter          (DJ):    0.000ns
    Phase Error              (PE):    0.000ns

    Location             Delay type                Incr(ns)  Path(ns)    Netlist Resource(s)
  -------------------------------------------------------------------    -------------------
    DSP48_X4Y48          DSP48E1                      0.000     0.000 r  design_1_i/MM_0/inst/readAtTiles_U0/mul_27ns_31ns_58_1_1_U13/tmp_product__0/ACOUT[18]
                         net (fo=1, routed)           0.002     0.002    design_1_i/MM_0/inst/readAtTiles_U0/mul_27ns_31ns_58_1_1_U13_n_94
    DSP48_X4Y49          DSP48E1                                      r  design_1_i/MM_0/inst/readAtTiles_U0/bound6_reg_344_reg__0/ACIN[18]
  -------------------------------------------------------------------    -------------------

                         (clock clk_fpga_0 rise edge)
                                                      0.000     0.000 r  
    PS7_X0Y0             PS7                          0.000     0.000 r  design_1_i/processing_system7_0/inst/PS7_i/FCLKCLK[0]
                         net (fo=1, routed)           1.193     1.193    design_1_i/processing_system7_0/inst/FCLK_CLK_unbuffered[0]
    BUFGCTRL_X0Y16       BUFG (Prop_bufg_I_O)         0.101     1.294 r  design_1_i/processing_system7_0/inst/buffer_fclk_clk_0.FCLK_CLK_0_BUFG/O
                         net (fo=33471, routed)       2.049     3.343    design_1_i/MM_0/inst/readAtTiles_U0/ap_clk
    DSP48_X4Y49          DSP48E1                                      r  design_1_i/MM_0/inst/readAtTiles_U0/bound6_reg_344_reg__0/CLK





