

================================================================
== Vitis HLS Report for 'computeTiles_Pipeline_k_BLOCK_loop_k_loop_i_loop'
================================================================
* Date:           Sat Apr 11 17:34:14 2026

* Version:        2025.1 (Build 6135595 on May 21 2025)
* Project:        baseline_blockedMM
* Solution:       hls (Vivado IP Flow Target)
* Product family: zynq
* Target device:  xc7z020-clg400-1


================================================================
== Performance Estimates
================================================================
+ Timing: 
    * Summary: 
    +--------+----------+----------+------------+
    |  Clock |  Target  | Estimated| Uncertainty|
    +--------+----------+----------+------------+
    |ap_clk  |  15.00 ns|  8.510 ns|     4.05 ns|
    +--------+----------+----------+------------+

+ Latency: 
    * Summary: 
    +---------+---------+----------+----------+-------+-------+------------------------------------------------+
    |  Latency (cycles) |  Latency (absolute) |    Interval   |                    Pipeline                    |
    |   min   |   max   |    min   |    max   |  min  |  max  |                      Type                      |
    +---------+---------+----------+----------+-------+-------+------------------------------------------------+
    |    12549|    12549|  0.188 ms|  0.188 ms|  12545|  12545|  loop auto-rewind stp (delay=0 clock cycles(s))|
    +---------+---------+----------+----------+-------+-------+------------------------------------------------+

    + Detail: 
        * Instance: 
        N/A

        * Loop: 
        +------------------------------+---------+---------+----------+-----------+-----------+-------+----------+
        |                              |  Latency (cycles) | Iteration|  Initiation Interval  |  Trip |          |
        |           Loop Name          |   min   |   max   |  Latency |  achieved |   target  | Count | Pipelined|
        +------------------------------+---------+---------+----------+-----------+-----------+-------+----------+
        |- k_BLOCK_loop_k_loop_i_loop  |    12547|    12547|         5|          1|          1|  12544|       yes|
        +------------------------------+---------+---------+----------+-----------+-----------+-------+----------+

============================================================
+ Verbose Summary: Synthesis Manager
============================================================
InlineROM: 1
ExposeGlobal: 0
============================================================
+ Verbose Summary: CDFG Model
============================================================
IsTopModel: 0
ResetActiveHigh: 1
IsCombinational: 0
IsDatapathOnly: 0
HasWiredReturn: 1
HasMFsm: 2
HasVarLatency: 1
IsPipeline: 0
IsRtlPipelined: 0
IsInstanceOverlapped: 0
IsDontTouch: 0
HasImplIP: 0
IsGatedGlobalClock: 0

+ Individual pipeline summary: 
  * Pipeline-0: initiation interval (II) = 1, depth = 6


============================================================
+ Verbose Summary: Schedule
============================================================
* Number of FSM states : 6
* Pipeline : 1
  Pipeline-0 : II = 1, D = 6, States = { 1 2 3 4 5 6 }
* Dataflow Pipeline: 0

* FSM state transitions: 
1 --> 2 
2 --> 3 
3 --> 4 
4 --> 5 
5 --> 6 
6 --> 

* FSM state operations: 

State 1 <SV = 0> <Delay = 1.58>
ST_1 : Operation 8 [1/1] (0.00ns)   --->   "%i = alloca i32 1" [C:/Xilinx/2025.1/Vitis/tps/mingw/8.3.0/win64.o/nt\lib\gcc\x86_64-w64-mingw32\8.3.0\include\c++\array:55->C:/Xilinx/2025.1/Vitis/tps/mingw/8.3.0/win64.o/nt\lib\gcc\x86_64-w64-mingw32\8.3.0\include\c++\array:186->../MLP_baseline/mm.cpp:101]   --->   Operation 8 'alloca' 'i' <Predicate = true> <Delay = 0.00>
ST_1 : Operation 9 [1/1] (0.00ns)   --->   "%indvar_flatten = alloca i32 1"   --->   Operation 9 'alloca' 'indvar_flatten' <Predicate = true> <Delay = 0.00>
ST_1 : Operation 10 [1/1] (0.00ns)   --->   "%indvar_flatten43 = alloca i32 1"   --->   Operation 10 'alloca' 'indvar_flatten43' <Predicate = true> <Delay = 0.00>
ST_1 : Operation 11 [1/1] (0.00ns)   --->   "%AB_block_0_2 = alloca i32 1"   --->   Operation 11 'alloca' 'AB_block_0_2' <Predicate = true> <Delay = 0.00>
ST_1 : Operation 12 [1/1] (0.00ns)   --->   "%AB_block_1_2 = alloca i32 1"   --->   Operation 12 'alloca' 'AB_block_1_2' <Predicate = true> <Delay = 0.00>
ST_1 : Operation 13 [1/1] (0.00ns)   --->   "%AB_block_2_2 = alloca i32 1"   --->   Operation 13 'alloca' 'AB_block_2_2' <Predicate = true> <Delay = 0.00>
ST_1 : Operation 14 [1/1] (0.00ns)   --->   "%AB_block_3_2 = alloca i32 1"   --->   Operation 14 'alloca' 'AB_block_3_2' <Predicate = true> <Delay = 0.00>
ST_1 : Operation 15 [1/1] (0.00ns)   --->   "%AB_block_4_2 = alloca i32 1"   --->   Operation 15 'alloca' 'AB_block_4_2' <Predicate = true> <Delay = 0.00>
ST_1 : Operation 16 [1/1] (0.00ns)   --->   "%AB_block_5_2 = alloca i32 1"   --->   Operation 16 'alloca' 'AB_block_5_2' <Predicate = true> <Delay = 0.00>
ST_1 : Operation 17 [1/1] (0.00ns)   --->   "%AB_block_6_2 = alloca i32 1"   --->   Operation 17 'alloca' 'AB_block_6_2' <Predicate = true> <Delay = 0.00>
ST_1 : Operation 18 [1/1] (0.00ns)   --->   "%AB_block_7_2 = alloca i32 1"   --->   Operation 18 'alloca' 'AB_block_7_2' <Predicate = true> <Delay = 0.00>
ST_1 : Operation 19 [1/1] (0.00ns)   --->   "%AB_block_8_2 = alloca i32 1"   --->   Operation 19 'alloca' 'AB_block_8_2' <Predicate = true> <Delay = 0.00>
ST_1 : Operation 20 [1/1] (0.00ns)   --->   "%AB_block_9_2 = alloca i32 1"   --->   Operation 20 'alloca' 'AB_block_9_2' <Predicate = true> <Delay = 0.00>
ST_1 : Operation 21 [1/1] (0.00ns)   --->   "%AB_block_10_2 = alloca i32 1"   --->   Operation 21 'alloca' 'AB_block_10_2' <Predicate = true> <Delay = 0.00>
ST_1 : Operation 22 [1/1] (0.00ns)   --->   "%AB_block_11_2 = alloca i32 1"   --->   Operation 22 'alloca' 'AB_block_11_2' <Predicate = true> <Delay = 0.00>
ST_1 : Operation 23 [1/1] (0.00ns)   --->   "%AB_block_12_2 = alloca i32 1"   --->   Operation 23 'alloca' 'AB_block_12_2' <Predicate = true> <Delay = 0.00>
ST_1 : Operation 24 [1/1] (0.00ns)   --->   "%AB_block_13_2 = alloca i32 1"   --->   Operation 24 'alloca' 'AB_block_13_2' <Predicate = true> <Delay = 0.00>
ST_1 : Operation 25 [1/1] (0.00ns)   --->   "%AB_block_14_2 = alloca i32 1"   --->   Operation 25 'alloca' 'AB_block_14_2' <Predicate = true> <Delay = 0.00>
ST_1 : Operation 26 [1/1] (0.00ns)   --->   "%AB_block_15_2 = alloca i32 1"   --->   Operation 26 'alloca' 'AB_block_15_2' <Predicate = true> <Delay = 0.00>
ST_1 : Operation 27 [1/1] (0.00ns)   --->   "%empty = alloca i32 1"   --->   Operation 27 'alloca' 'empty' <Predicate = true> <Delay = 0.00>
ST_1 : Operation 28 [1/1] (0.00ns)   --->   "%p_038 = alloca i32 1"   --->   Operation 28 'alloca' 'p_038' <Predicate = true> <Delay = 0.00>
ST_1 : Operation 29 [1/1] (0.00ns)   --->   "%specinterface_ln0 = specinterface void @_ssdm_op_SpecInterface, i512 %A_stream, void @empty_13, i32 0, i32 0, void @empty_17, i32 0, i32 0, void @empty_17, void @empty_17, void @empty_17, i32 0, i32 0, i32 0, i32 0, void @empty_17, void @empty_17, i32 4294967295, i32 0, i32 0"   --->   Operation 29 'specinterface' 'specinterface_ln0' <Predicate = true> <Delay = 0.00>
ST_1 : Operation 30 [1/1] (0.00ns)   --->   "%specinterface_ln0 = specinterface void @_ssdm_op_SpecInterface, i512 %B_stream, void @empty_13, i32 0, i32 0, void @empty_17, i32 0, i32 0, void @empty_17, void @empty_17, void @empty_17, i32 0, i32 0, i32 0, i32 0, void @empty_17, void @empty_17, i32 4294967295, i32 0, i32 0"   --->   Operation 30 'specinterface' 'specinterface_ln0' <Predicate = true> <Delay = 0.00>
ST_1 : Operation 31 [1/1] (0.00ns)   --->   "%tmp_45_read = read i35 @_ssdm_op_Read.ap_auto.i35, i35 %tmp_45" [../MLP_baseline/mm.cpp:63]   --->   Operation 31 'read' 'tmp_45_read' <Predicate = true> <Delay = 0.00>
ST_1 : Operation 32 [1/1] (0.00ns)   --->   "%thr_or_read = read i512 @_ssdm_op_Read.ap_auto.i512, i512 %thr_or" [../MLP_baseline/mm.cpp:63]   --->   Operation 32 'read' 'thr_or_read' <Predicate = true> <Delay = 0.00>
ST_1 : Operation 33 [1/1] (0.00ns)   --->   "%thr_or1_read = read i512 @_ssdm_op_Read.ap_auto.i512, i512 %thr_or1" [../MLP_baseline/mm.cpp:63]   --->   Operation 33 'read' 'thr_or1_read' <Predicate = true> <Delay = 0.00>
ST_1 : Operation 34 [1/1] (0.00ns)   --->   "%thr_or2_read = read i512 @_ssdm_op_Read.ap_auto.i512, i512 %thr_or2" [../MLP_baseline/mm.cpp:63]   --->   Operation 34 'read' 'thr_or2_read' <Predicate = true> <Delay = 0.00>
ST_1 : Operation 35 [1/1] (0.00ns)   --->   "%thr_or3_read = read i512 @_ssdm_op_Read.ap_auto.i512, i512 %thr_or3" [../MLP_baseline/mm.cpp:63]   --->   Operation 35 'read' 'thr_or3_read' <Predicate = true> <Delay = 0.00>
ST_1 : Operation 36 [1/1] (0.00ns)   --->   "%thr_or4_read = read i512 @_ssdm_op_Read.ap_auto.i512, i512 %thr_or4" [../MLP_baseline/mm.cpp:63]   --->   Operation 36 'read' 'thr_or4_read' <Predicate = true> <Delay = 0.00>
ST_1 : Operation 37 [1/1] (0.00ns)   --->   "%thr_or5_read = read i512 @_ssdm_op_Read.ap_auto.i512, i512 %thr_or5" [../MLP_baseline/mm.cpp:63]   --->   Operation 37 'read' 'thr_or5_read' <Predicate = true> <Delay = 0.00>
ST_1 : Operation 38 [1/1] (0.00ns)   --->   "%thr_or6_read = read i512 @_ssdm_op_Read.ap_auto.i512, i512 %thr_or6" [../MLP_baseline/mm.cpp:63]   --->   Operation 38 'read' 'thr_or6_read' <Predicate = true> <Delay = 0.00>
ST_1 : Operation 39 [1/1] (0.00ns)   --->   "%thr_or7_read = read i512 @_ssdm_op_Read.ap_auto.i512, i512 %thr_or7" [../MLP_baseline/mm.cpp:63]   --->   Operation 39 'read' 'thr_or7_read' <Predicate = true> <Delay = 0.00>
ST_1 : Operation 40 [1/1] (0.00ns)   --->   "%thr_or8_read = read i512 @_ssdm_op_Read.ap_auto.i512, i512 %thr_or8" [../MLP_baseline/mm.cpp:63]   --->   Operation 40 'read' 'thr_or8_read' <Predicate = true> <Delay = 0.00>
ST_1 : Operation 41 [1/1] (0.00ns)   --->   "%thr_or9_read = read i512 @_ssdm_op_Read.ap_auto.i512, i512 %thr_or9" [../MLP_baseline/mm.cpp:63]   --->   Operation 41 'read' 'thr_or9_read' <Predicate = true> <Delay = 0.00>
ST_1 : Operation 42 [1/1] (0.00ns)   --->   "%thr_or10_read = read i512 @_ssdm_op_Read.ap_auto.i512, i512 %thr_or10" [../MLP_baseline/mm.cpp:63]   --->   Operation 42 'read' 'thr_or10_read' <Predicate = true> <Delay = 0.00>
ST_1 : Operation 43 [1/1] (0.00ns)   --->   "%thr_or11_read = read i512 @_ssdm_op_Read.ap_auto.i512, i512 %thr_or11" [../MLP_baseline/mm.cpp:63]   --->   Operation 43 'read' 'thr_or11_read' <Predicate = true> <Delay = 0.00>
ST_1 : Operation 44 [1/1] (0.00ns)   --->   "%thr_or12_read = read i512 @_ssdm_op_Read.ap_auto.i512, i512 %thr_or12" [../MLP_baseline/mm.cpp:63]   --->   Operation 44 'read' 'thr_or12_read' <Predicate = true> <Delay = 0.00>
ST_1 : Operation 45 [1/1] (0.00ns)   --->   "%thr_or13_read = read i512 @_ssdm_op_Read.ap_auto.i512, i512 %thr_or13" [../MLP_baseline/mm.cpp:63]   --->   Operation 45 'read' 'thr_or13_read' <Predicate = true> <Delay = 0.00>
ST_1 : Operation 46 [1/1] (0.00ns)   --->   "%thr_or14_read = read i512 @_ssdm_op_Read.ap_auto.i512, i512 %thr_or14" [../MLP_baseline/mm.cpp:63]   --->   Operation 46 'read' 'thr_or14_read' <Predicate = true> <Delay = 0.00>
ST_1 : Operation 47 [1/1] (0.00ns)   --->   "%thr_or15_read = read i512 @_ssdm_op_Read.ap_auto.i512, i512 %thr_or15" [../MLP_baseline/mm.cpp:63]   --->   Operation 47 'read' 'thr_or15_read' <Predicate = true> <Delay = 0.00>
ST_1 : Operation 48 [1/1] (1.58ns)   --->   "%store_ln63 = store i512 %thr_or15_read, i512 %AB_block_15_2" [../MLP_baseline/mm.cpp:63]   --->   Operation 48 'store' 'store_ln63' <Predicate = true> <Delay = 1.58>
ST_1 : Operation 49 [1/1] (1.58ns)   --->   "%store_ln63 = store i512 %thr_or14_read, i512 %AB_block_14_2" [../MLP_baseline/mm.cpp:63]   --->   Operation 49 'store' 'store_ln63' <Predicate = true> <Delay = 1.58>
ST_1 : Operation 50 [1/1] (1.58ns)   --->   "%store_ln63 = store i512 %thr_or13_read, i512 %AB_block_13_2" [../MLP_baseline/mm.cpp:63]   --->   Operation 50 'store' 'store_ln63' <Predicate = true> <Delay = 1.58>
ST_1 : Operation 51 [1/1] (1.58ns)   --->   "%store_ln63 = store i512 %thr_or12_read, i512 %AB_block_12_2" [../MLP_baseline/mm.cpp:63]   --->   Operation 51 'store' 'store_ln63' <Predicate = true> <Delay = 1.58>
ST_1 : Operation 52 [1/1] (1.58ns)   --->   "%store_ln63 = store i512 %thr_or11_read, i512 %AB_block_11_2" [../MLP_baseline/mm.cpp:63]   --->   Operation 52 'store' 'store_ln63' <Predicate = true> <Delay = 1.58>
ST_1 : Operation 53 [1/1] (1.58ns)   --->   "%store_ln63 = store i512 %thr_or10_read, i512 %AB_block_10_2" [../MLP_baseline/mm.cpp:63]   --->   Operation 53 'store' 'store_ln63' <Predicate = true> <Delay = 1.58>
ST_1 : Operation 54 [1/1] (1.58ns)   --->   "%store_ln63 = store i512 %thr_or9_read, i512 %AB_block_9_2" [../MLP_baseline/mm.cpp:63]   --->   Operation 54 'store' 'store_ln63' <Predicate = true> <Delay = 1.58>
ST_1 : Operation 55 [1/1] (1.58ns)   --->   "%store_ln63 = store i512 %thr_or8_read, i512 %AB_block_8_2" [../MLP_baseline/mm.cpp:63]   --->   Operation 55 'store' 'store_ln63' <Predicate = true> <Delay = 1.58>
ST_1 : Operation 56 [1/1] (1.58ns)   --->   "%store_ln63 = store i512 %thr_or7_read, i512 %AB_block_7_2" [../MLP_baseline/mm.cpp:63]   --->   Operation 56 'store' 'store_ln63' <Predicate = true> <Delay = 1.58>
ST_1 : Operation 57 [1/1] (1.58ns)   --->   "%store_ln63 = store i512 %thr_or6_read, i512 %AB_block_6_2" [../MLP_baseline/mm.cpp:63]   --->   Operation 57 'store' 'store_ln63' <Predicate = true> <Delay = 1.58>
ST_1 : Operation 58 [1/1] (1.58ns)   --->   "%store_ln63 = store i512 %thr_or5_read, i512 %AB_block_5_2" [../MLP_baseline/mm.cpp:63]   --->   Operation 58 'store' 'store_ln63' <Predicate = true> <Delay = 1.58>
ST_1 : Operation 59 [1/1] (1.58ns)   --->   "%store_ln63 = store i512 %thr_or4_read, i512 %AB_block_4_2" [../MLP_baseline/mm.cpp:63]   --->   Operation 59 'store' 'store_ln63' <Predicate = true> <Delay = 1.58>
ST_1 : Operation 60 [1/1] (1.58ns)   --->   "%store_ln63 = store i512 %thr_or3_read, i512 %AB_block_3_2" [../MLP_baseline/mm.cpp:63]   --->   Operation 60 'store' 'store_ln63' <Predicate = true> <Delay = 1.58>
ST_1 : Operation 61 [1/1] (1.58ns)   --->   "%store_ln63 = store i512 %thr_or2_read, i512 %AB_block_2_2" [../MLP_baseline/mm.cpp:63]   --->   Operation 61 'store' 'store_ln63' <Predicate = true> <Delay = 1.58>
ST_1 : Operation 62 [1/1] (1.58ns)   --->   "%store_ln63 = store i512 %thr_or1_read, i512 %AB_block_1_2" [../MLP_baseline/mm.cpp:63]   --->   Operation 62 'store' 'store_ln63' <Predicate = true> <Delay = 1.58>
ST_1 : Operation 63 [1/1] (1.58ns)   --->   "%store_ln63 = store i512 %thr_or_read, i512 %AB_block_0_2" [../MLP_baseline/mm.cpp:63]   --->   Operation 63 'store' 'store_ln63' <Predicate = true> <Delay = 1.58>
ST_1 : Operation 64 [1/1] (1.58ns)   --->   "%store_ln0 = store i35 0, i35 %indvar_flatten43"   --->   Operation 64 'store' 'store_ln0' <Predicate = true> <Delay = 1.58>
ST_1 : Operation 65 [1/1] (1.58ns)   --->   "%store_ln0 = store i10 0, i10 %indvar_flatten"   --->   Operation 65 'store' 'store_ln0' <Predicate = true> <Delay = 1.58>
ST_1 : Operation 66 [1/1] (1.58ns)   --->   "%store_ln55 = store i5 0, i5 %i" [C:/Xilinx/2025.1/Vitis/tps/mingw/8.3.0/win64.o/nt\lib\gcc\x86_64-w64-mingw32\8.3.0\include\c++\array:55->C:/Xilinx/2025.1/Vitis/tps/mingw/8.3.0/win64.o/nt\lib\gcc\x86_64-w64-mingw32\8.3.0\include\c++\array:186->../MLP_baseline/mm.cpp:101]   --->   Operation 66 'store' 'store_ln55' <Predicate = true> <Delay = 1.58>
ST_1 : Operation 67 [1/1] (0.00ns)   --->   "%br_ln88 = br void %j_loop" [../MLP_baseline/mm.cpp:88]   --->   Operation 67 'br' 'br_ln88' <Predicate = true> <Delay = 0.00>

State 2 <SV = 1> <Delay = 6.36>
ST_2 : Operation 68 [1/1] (0.00ns)   --->   "%indvar_flatten_load = load i10 %indvar_flatten" [../MLP_baseline/mm.cpp:91]   --->   Operation 68 'load' 'indvar_flatten_load' <Predicate = true> <Delay = 0.00>
ST_2 : Operation 69 [1/1] (0.00ns)   --->   "%indvar_flatten43_load = load i35 %indvar_flatten43" [../MLP_baseline/mm.cpp:88]   --->   Operation 69 'load' 'indvar_flatten43_load' <Predicate = true> <Delay = 0.00>
ST_2 : Operation 70 [1/1] (2.67ns)   --->   "%icmp_ln88 = icmp_eq  i35 %indvar_flatten43_load, i35 %tmp_45_read" [../MLP_baseline/mm.cpp:88]   --->   Operation 70 'icmp' 'icmp_ln88' <Predicate = true> <Delay = 2.67> <CoreInst = "Cmp">   --->   Core 9 'Cmp' <Latency = 0> <II = 1> <Delay = 2.67> <FuncUnit> <Opcode : 'seteq' 'setne' 'setle' 'setge' 'setlt' 'setgt'> <InPorts = 2> <OutPorts = 1>
ST_2 : Operation 71 [1/1] (2.67ns)   --->   "%add_ln88 = add i35 %indvar_flatten43_load, i35 1" [../MLP_baseline/mm.cpp:88]   --->   Operation 71 'add' 'add_ln88' <Predicate = true> <Delay = 2.67> <CoreInst = "Adder">   --->   Core 1 'Adder' <Latency = 0> <II = 1> <Delay = 2.67> <FuncUnit> <Opcode : 'add' 'sub'> <InPorts = 2> <OutPorts = 1>
ST_2 : Operation 72 [1/1] (0.00ns)   --->   "%br_ln88 = br i1 %icmp_ln88, void %for.inc57, void %i_output_loop.preheader.exitStub" [../MLP_baseline/mm.cpp:88]   --->   Operation 72 'br' 'br_ln88' <Predicate = true> <Delay = 0.00>
ST_2 : Operation 73 [1/1] (0.00ns)   --->   "%i_load = load i5 %i" [../MLP_baseline/mm.cpp:96]   --->   Operation 73 'load' 'i_load' <Predicate = (!icmp_ln88)> <Delay = 0.00>
ST_2 : Operation 74 [1/1] (0.00ns)   --->   "%specloopname_ln0 = specloopname void @_ssdm_op_SpecLoopName, void @k_BLOCK_loop_k_loop_i_loop_str"   --->   Operation 74 'specloopname' 'specloopname_ln0' <Predicate = (!icmp_ln88)> <Delay = 0.00>
ST_2 : Operation 75 [1/1] (0.00ns)   --->   "%speclooptripcount_ln0 = speclooptripcount void @_ssdm_op_SpecLoopTripCount, i64 12544, i64 12544, i64 12544"   --->   Operation 75 'speclooptripcount' 'speclooptripcount_ln0' <Predicate = (!icmp_ln88)> <Delay = 0.00>
ST_2 : Operation 76 [1/1] (1.73ns)   --->   "%icmp_ln91 = icmp_eq  i10 %indvar_flatten_load, i10 256" [../MLP_baseline/mm.cpp:91]   --->   Operation 76 'icmp' 'icmp_ln91' <Predicate = (!icmp_ln88)> <Delay = 1.73> <CoreInst = "Cmp">   --->   Core 9 'Cmp' <Latency = 0> <II = 1> <Delay = 1.73> <FuncUnit> <Opcode : 'seteq' 'setne' 'setle' 'setge' 'setlt' 'setgt'> <InPorts = 2> <OutPorts = 1>
ST_2 : Operation 77 [1/1] (0.00ns) (grouped into LUT with out node select_ln91)   --->   "%xor_ln88 = xor i1 %icmp_ln91, i1 1" [../MLP_baseline/mm.cpp:88]   --->   Operation 77 'xor' 'xor_ln88' <Predicate = (!icmp_ln88)> <Delay = 0.00> <CoreInst = "LogicGate">   --->   Core 74 'LogicGate' <Latency = 0> <II = 1> <Delay = 0.97> <FuncUnit> <Opcode : 'and' 'or' 'xor'> <InPorts = 2> <OutPorts = 1>
ST_2 : Operation 78 [1/1] (1.78ns)   --->   "%icmp_ln96 = icmp_eq  i5 %i_load, i5 16" [../MLP_baseline/mm.cpp:96]   --->   Operation 78 'icmp' 'icmp_ln96' <Predicate = (!icmp_ln88)> <Delay = 1.78> <CoreInst = "Cmp">   --->   Core 9 'Cmp' <Latency = 0> <II = 1> <Delay = 1.78> <FuncUnit> <Opcode : 'seteq' 'setne' 'setle' 'setge' 'setlt' 'setgt'> <InPorts = 2> <OutPorts = 1>
ST_2 : Operation 79 [1/1] (0.00ns) (grouped into LUT with out node select_ln91)   --->   "%and_ln88 = and i1 %icmp_ln96, i1 %xor_ln88" [../MLP_baseline/mm.cpp:88]   --->   Operation 79 'and' 'and_ln88' <Predicate = (!icmp_ln88)> <Delay = 0.00> <CoreInst = "LogicGate">   --->   Core 74 'LogicGate' <Latency = 0> <II = 1> <Delay = 0.97> <FuncUnit> <Opcode : 'and' 'or' 'xor'> <InPorts = 2> <OutPorts = 1>
ST_2 : Operation 80 [1/1] (0.00ns) (grouped into LUT with out node select_ln91)   --->   "%or_ln91 = or i1 %and_ln88, i1 %icmp_ln91" [../MLP_baseline/mm.cpp:91]   --->   Operation 80 'or' 'or_ln91' <Predicate = (!icmp_ln88)> <Delay = 0.00> <CoreInst = "LogicGate">   --->   Core 74 'LogicGate' <Latency = 0> <II = 1> <Delay = 0.97> <FuncUnit> <Opcode : 'and' 'or' 'xor'> <InPorts = 2> <OutPorts = 1>
ST_2 : Operation 81 [1/1] (1.21ns) (out node of the LUT)   --->   "%select_ln91 = select i1 %or_ln91, i5 0, i5 %i_load" [../MLP_baseline/mm.cpp:91]   --->   Operation 81 'select' 'select_ln91' <Predicate = (!icmp_ln88)> <Delay = 1.21> <CoreInst = "Sel">   --->   Core 73 'Sel' <Latency = 0> <II = 1> <Delay = 1.21> <FuncUnit> <Opcode : 'select'> <InPorts = 3> <OutPorts = 1>
ST_2 : Operation 82 [1/1] (1.78ns)   --->   "%first_iter_0 = icmp_eq  i5 %select_ln91, i5 0" [../MLP_baseline/mm.cpp:91]   --->   Operation 82 'icmp' 'first_iter_0' <Predicate = (!icmp_ln88)> <Delay = 1.78> <CoreInst = "Cmp">   --->   Core 9 'Cmp' <Latency = 0> <II = 1> <Delay = 1.78> <FuncUnit> <Opcode : 'seteq' 'setne' 'setle' 'setge' 'setlt' 'setgt'> <InPorts = 2> <OutPorts = 1>
ST_2 : Operation 83 [1/1] (0.00ns)   --->   "%br_ln96 = br i1 %first_iter_0, void %j_loop.split, void %for.first.iter.j_loop" [../MLP_baseline/mm.cpp:96]   --->   Operation 83 'br' 'br_ln96' <Predicate = (!icmp_ln88)> <Delay = 0.00>
ST_2 : Operation 84 [1/1] (0.00ns)   --->   "%trunc_ln96 = trunc i5 %select_ln91" [../MLP_baseline/mm.cpp:96]   --->   Operation 84 'trunc' 'trunc_ln96' <Predicate = (!icmp_ln88)> <Delay = 0.00>
ST_2 : Operation 85 [1/1] (1.73ns)   --->   "%switch_ln101 = switch i4 %trunc_ln96, void %arrayidx.i.i7131354.case.15, i4 0, void %arrayidx.i.i7131354.case.0, i4 1, void %arrayidx.i.i7131354.case.1, i4 2, void %arrayidx.i.i7131354.case.2, i4 3, void %arrayidx.i.i7131354.case.3, i4 4, void %arrayidx.i.i7131354.case.4, i4 5, void %arrayidx.i.i7131354.case.5, i4 6, void %arrayidx.i.i7131354.case.6, i4 7, void %arrayidx.i.i7131354.case.7, i4 8, void %arrayidx.i.i7131354.case.8, i4 9, void %arrayidx.i.i7131354.case.9, i4 10, void %arrayidx.i.i7131354.case.10, i4 11, void %arrayidx.i.i7131354.case.11, i4 12, void %arrayidx.i.i7131354.case.12, i4 13, void %arrayidx.i.i7131354.case.13, i4 14, void %j_loop.split.arrayidx.i.i7131354.exit_crit_edge" [../MLP_baseline/mm.cpp:101]   --->   Operation 85 'switch' 'switch_ln101' <Predicate = (!icmp_ln88)> <Delay = 1.73>
ST_2 : Operation 86 [1/1] (1.78ns)   --->   "%add_ln96 = add i5 %select_ln91, i5 1" [../MLP_baseline/mm.cpp:96]   --->   Operation 86 'add' 'add_ln96' <Predicate = (!icmp_ln88)> <Delay = 1.78> <CoreInst = "Adder">   --->   Core 1 'Adder' <Latency = 0> <II = 1> <Delay = 1.78> <FuncUnit> <Opcode : 'add' 'sub'> <InPorts = 2> <OutPorts = 1>
ST_2 : Operation 87 [1/1] (1.73ns)   --->   "%add_ln91 = add i10 %indvar_flatten_load, i10 1" [../MLP_baseline/mm.cpp:91]   --->   Operation 87 'add' 'add_ln91' <Predicate = (!icmp_ln88)> <Delay = 1.73> <CoreInst = "Adder">   --->   Core 1 'Adder' <Latency = 0> <II = 1> <Delay = 1.73> <FuncUnit> <Opcode : 'add' 'sub'> <InPorts = 2> <OutPorts = 1>
ST_2 : Operation 88 [1/1] (0.68ns)   --->   "%select_ln91_1 = select i1 %icmp_ln91, i10 1, i10 %add_ln91" [../MLP_baseline/mm.cpp:91]   --->   Operation 88 'select' 'select_ln91_1' <Predicate = (!icmp_ln88)> <Delay = 0.68> <CoreInst = "Sel">   --->   Core 73 'Sel' <Latency = 0> <II = 1> <Delay = 0.68> <FuncUnit> <Opcode : 'select'> <InPorts = 3> <OutPorts = 1>
ST_2 : Operation 89 [1/1] (1.58ns)   --->   "%store_ln88 = store i35 %add_ln88, i35 %indvar_flatten43" [../MLP_baseline/mm.cpp:88]   --->   Operation 89 'store' 'store_ln88' <Predicate = (!icmp_ln88)> <Delay = 1.58>
ST_2 : Operation 90 [1/1] (1.58ns)   --->   "%store_ln91 = store i10 %select_ln91_1, i10 %indvar_flatten" [../MLP_baseline/mm.cpp:91]   --->   Operation 90 'store' 'store_ln91' <Predicate = (!icmp_ln88)> <Delay = 1.58>
ST_2 : Operation 91 [1/1] (1.58ns)   --->   "%store_ln55 = store i5 %add_ln96, i5 %i" [C:/Xilinx/2025.1/Vitis/tps/mingw/8.3.0/win64.o/nt\lib\gcc\x86_64-w64-mingw32\8.3.0\include\c++\array:55->C:/Xilinx/2025.1/Vitis/tps/mingw/8.3.0/win64.o/nt\lib\gcc\x86_64-w64-mingw32\8.3.0\include\c++\array:186->../MLP_baseline/mm.cpp:101]   --->   Operation 91 'store' 'store_ln55' <Predicate = (!icmp_ln88)> <Delay = 1.58>
ST_2 : Operation 92 [1/1] (0.00ns)   --->   "%br_ln96 = br void %j_loop" [../MLP_baseline/mm.cpp:96]   --->   Operation 92 'br' 'br_ln96' <Predicate = (!icmp_ln88)> <Delay = 0.00>

State 3 <SV = 2> <Delay = 3.60>
ST_3 : Operation 93 [1/1] ( I:3.60ns O:3.60ns )   --->   "%A_stream_read = read i512 @_ssdm_op_Read.ap_fifo.volatile.i512P0A, i512 %A_stream" [../MLP_baseline/mm.cpp:92]   --->   Operation 93 'read' 'A_stream_read' <Predicate = (first_iter_0)> <Delay = 3.60> <CoreInst = "FIFO">   --->   Core 77 'FIFO' <Latency = 0> <II = 1> <Delay = 3.60> <Storage> <Opcode : 'read' 'write' 'nbread' 'nbwrite'> <Ports = 0> <Width = 512> <Depth = 32> <FIFO>
ST_3 : Operation 94 [1/1] ( I:3.60ns O:3.60ns )   --->   "%B_stream_read = read i512 @_ssdm_op_Read.ap_fifo.volatile.i512P0A, i512 %B_stream" [../MLP_baseline/mm.cpp:93]   --->   Operation 94 'read' 'B_stream_read' <Predicate = (first_iter_0)> <Delay = 3.60> <CoreInst = "FIFO">   --->   Core 77 'FIFO' <Latency = 0> <II = 1> <Delay = 3.60> <Storage> <Opcode : 'read' 'write' 'nbread' 'nbwrite'> <Ports = 0> <Width = 512> <Depth = 32> <FIFO>
ST_3 : Operation 95 [1/1] (0.00ns)   --->   "%store_ln93 = store i512 %B_stream_read, i512 %p_038" [../MLP_baseline/mm.cpp:93]   --->   Operation 95 'store' 'store_ln93' <Predicate = (first_iter_0)> <Delay = 0.00>
ST_3 : Operation 96 [1/1] (0.00ns)   --->   "%store_ln92 = store i512 %A_stream_read, i512 %empty" [../MLP_baseline/mm.cpp:92]   --->   Operation 96 'store' 'store_ln92' <Predicate = (first_iter_0)> <Delay = 0.00>
ST_3 : Operation 97 [1/1] (0.00ns)   --->   "%br_ln96 = br void %j_loop.split" [../MLP_baseline/mm.cpp:96]   --->   Operation 97 'br' 'br_ln96' <Predicate = (first_iter_0)> <Delay = 0.00>

State 4 <SV = 3> <Delay = 5.94>
ST_4 : Operation 98 [1/1] (0.00ns)   --->   "%p_load = load i512 %empty" [../MLP_baseline/mm.cpp:101]   --->   Operation 98 'load' 'p_load' <Predicate = true> <Delay = 0.00>
ST_4 : Operation 99 [1/1] (0.00ns)   --->   "%p_038_load = load i512 %p_038" [../MLP_baseline/mm.cpp:93]   --->   Operation 99 'load' 'p_038_load' <Predicate = true> <Delay = 0.00>
ST_4 : Operation 100 [1/1] (0.00ns)   --->   "%trunc_ln93 = trunc i512 %p_038_load" [../MLP_baseline/mm.cpp:93]   --->   Operation 100 'trunc' 'trunc_ln93' <Predicate = true> <Delay = 0.00>
ST_4 : Operation 101 [1/1] (0.00ns)   --->   "%trunc_ln93_1 = partselect i32 @_ssdm_op_PartSelect.i32.i512.i32.i32, i512 %p_038_load, i32 32, i32 63" [../MLP_baseline/mm.cpp:93]   --->   Operation 101 'partselect' 'trunc_ln93_1' <Predicate = true> <Delay = 0.00>
ST_4 : Operation 102 [1/1] (0.00ns)   --->   "%trunc_ln93_2 = partselect i32 @_ssdm_op_PartSelect.i32.i512.i32.i32, i512 %p_038_load, i32 64, i32 95" [../MLP_baseline/mm.cpp:93]   --->   Operation 102 'partselect' 'trunc_ln93_2' <Predicate = true> <Delay = 0.00>
ST_4 : Operation 103 [1/1] (0.00ns)   --->   "%trunc_ln93_3 = partselect i32 @_ssdm_op_PartSelect.i32.i512.i32.i32, i512 %p_038_load, i32 96, i32 127" [../MLP_baseline/mm.cpp:93]   --->   Operation 103 'partselect' 'trunc_ln93_3' <Predicate = true> <Delay = 0.00>
ST_4 : Operation 104 [1/1] (0.00ns)   --->   "%trunc_ln93_4 = partselect i32 @_ssdm_op_PartSelect.i32.i512.i32.i32, i512 %p_038_load, i32 128, i32 159" [../MLP_baseline/mm.cpp:93]   --->   Operation 104 'partselect' 'trunc_ln93_4' <Predicate = true> <Delay = 0.00>
ST_4 : Operation 105 [1/1] (0.00ns)   --->   "%trunc_ln93_5 = partselect i32 @_ssdm_op_PartSelect.i32.i512.i32.i32, i512 %p_038_load, i32 160, i32 191" [../MLP_baseline/mm.cpp:93]   --->   Operation 105 'partselect' 'trunc_ln93_5' <Predicate = true> <Delay = 0.00>
ST_4 : Operation 106 [1/1] (0.00ns)   --->   "%trunc_ln93_6 = partselect i32 @_ssdm_op_PartSelect.i32.i512.i32.i32, i512 %p_038_load, i32 192, i32 223" [../MLP_baseline/mm.cpp:93]   --->   Operation 106 'partselect' 'trunc_ln93_6' <Predicate = true> <Delay = 0.00>
ST_4 : Operation 107 [1/1] (0.00ns)   --->   "%trunc_ln93_7 = partselect i32 @_ssdm_op_PartSelect.i32.i512.i32.i32, i512 %p_038_load, i32 224, i32 255" [../MLP_baseline/mm.cpp:93]   --->   Operation 107 'partselect' 'trunc_ln93_7' <Predicate = true> <Delay = 0.00>
ST_4 : Operation 108 [1/1] (0.00ns)   --->   "%trunc_ln93_8 = partselect i32 @_ssdm_op_PartSelect.i32.i512.i32.i32, i512 %p_038_load, i32 256, i32 287" [../MLP_baseline/mm.cpp:93]   --->   Operation 108 'partselect' 'trunc_ln93_8' <Predicate = true> <Delay = 0.00>
ST_4 : Operation 109 [1/1] (0.00ns)   --->   "%trunc_ln93_9 = partselect i32 @_ssdm_op_PartSelect.i32.i512.i32.i32, i512 %p_038_load, i32 288, i32 319" [../MLP_baseline/mm.cpp:93]   --->   Operation 109 'partselect' 'trunc_ln93_9' <Predicate = true> <Delay = 0.00>
ST_4 : Operation 110 [1/1] (0.00ns)   --->   "%trunc_ln93_s = partselect i32 @_ssdm_op_PartSelect.i32.i512.i32.i32, i512 %p_038_load, i32 320, i32 351" [../MLP_baseline/mm.cpp:93]   --->   Operation 110 'partselect' 'trunc_ln93_s' <Predicate = true> <Delay = 0.00>
ST_4 : Operation 111 [1/1] (0.00ns)   --->   "%trunc_ln93_10 = partselect i32 @_ssdm_op_PartSelect.i32.i512.i32.i32, i512 %p_038_load, i32 352, i32 383" [../MLP_baseline/mm.cpp:93]   --->   Operation 111 'partselect' 'trunc_ln93_10' <Predicate = true> <Delay = 0.00>
ST_4 : Operation 112 [1/1] (0.00ns)   --->   "%trunc_ln93_11 = partselect i32 @_ssdm_op_PartSelect.i32.i512.i32.i32, i512 %p_038_load, i32 384, i32 415" [../MLP_baseline/mm.cpp:93]   --->   Operation 112 'partselect' 'trunc_ln93_11' <Predicate = true> <Delay = 0.00>
ST_4 : Operation 113 [1/1] (0.00ns)   --->   "%trunc_ln93_12 = partselect i32 @_ssdm_op_PartSelect.i32.i512.i32.i32, i512 %p_038_load, i32 416, i32 447" [../MLP_baseline/mm.cpp:93]   --->   Operation 113 'partselect' 'trunc_ln93_12' <Predicate = true> <Delay = 0.00>
ST_4 : Operation 114 [1/1] (0.00ns)   --->   "%trunc_ln93_13 = partselect i32 @_ssdm_op_PartSelect.i32.i512.i32.i32, i512 %p_038_load, i32 448, i32 479" [../MLP_baseline/mm.cpp:93]   --->   Operation 114 'partselect' 'trunc_ln93_13' <Predicate = true> <Delay = 0.00>
ST_4 : Operation 115 [1/1] (0.00ns)   --->   "%trunc_ln93_14 = partselect i32 @_ssdm_op_PartSelect.i32.i512.i32.i32, i512 %p_038_load, i32 480, i32 511" [../MLP_baseline/mm.cpp:93]   --->   Operation 115 'partselect' 'trunc_ln93_14' <Predicate = true> <Delay = 0.00>
ST_4 : Operation 116 [1/1] (0.00ns)   --->   "%shl_ln56_1 = bitconcatenate i9 @_ssdm_op_BitConcatenate.i9.i4.i5, i4 %trunc_ln96, i5 0" [C:/Xilinx/2025.1/Vitis/tps/mingw/8.3.0/win64.o/nt\lib\gcc\x86_64-w64-mingw32\8.3.0\include\c++\array:56->C:/Xilinx/2025.1/Vitis/tps/mingw/8.3.0/win64.o/nt\lib\gcc\x86_64-w64-mingw32\8.3.0\include\c++\array:186->../MLP_baseline/mm.cpp:101]   --->   Operation 116 'bitconcatenate' 'shl_ln56_1' <Predicate = true> <Delay = 0.00>
ST_4 : Operation 117 [1/1] (0.00ns)   --->   "%zext_ln101 = zext i9 %shl_ln56_1" [../MLP_baseline/mm.cpp:101]   --->   Operation 117 'zext' 'zext_ln101' <Predicate = true> <Delay = 0.00>
ST_4 : Operation 118 [1/1] (5.94ns)   --->   "%lshr_ln101 = lshr i512 %p_load, i512 %zext_ln101" [../MLP_baseline/mm.cpp:101]   --->   Operation 118 'lshr' 'lshr_ln101' <Predicate = true> <Delay = 5.94> <CoreInst = "Shifter">   --->   Core 75 'Shifter' <Latency = 0> <II = 1> <Delay = 5.94> <FuncUnit> <Opcode : 'shl' 'lshr' 'ashr'> <InPorts = 2> <OutPorts = 1>
ST_4 : Operation 119 [1/1] (0.00ns)   --->   "%trunc_ln101 = trunc i512 %lshr_ln101" [../MLP_baseline/mm.cpp:101]   --->   Operation 119 'trunc' 'trunc_ln101' <Predicate = true> <Delay = 0.00>

State 5 <SV = 4> <Delay = 8.51>
ST_5 : Operation 120 [1/1] (8.51ns)   --->   "%mul_ln101 = mul i32 %trunc_ln101, i32 %trunc_ln93" [../MLP_baseline/mm.cpp:101]   --->   Operation 120 'mul' 'mul_ln101' <Predicate = true> <Delay = 8.51> <CoreInst = "Multiplier">   --->   Core 3 'Multiplier' <Latency = 0> <II = 1> <Delay = 8.51> <FuncUnit> <Opcode : 'mul'> <InPorts = 2> <OutPorts = 1>
ST_5 : Operation 121 [1/1] (8.51ns)   --->   "%mul_ln101_1 = mul i32 %trunc_ln101, i32 %trunc_ln93_1" [../MLP_baseline/mm.cpp:101]   --->   Operation 121 'mul' 'mul_ln101_1' <Predicate = true> <Delay = 8.51> <CoreInst = "Multiplier">   --->   Core 3 'Multiplier' <Latency = 0> <II = 1> <Delay = 8.51> <FuncUnit> <Opcode : 'mul'> <InPorts = 2> <OutPorts = 1>
ST_5 : Operation 122 [1/1] (8.51ns)   --->   "%mul_ln101_2 = mul i32 %trunc_ln101, i32 %trunc_ln93_2" [../MLP_baseline/mm.cpp:101]   --->   Operation 122 'mul' 'mul_ln101_2' <Predicate = true> <Delay = 8.51> <CoreInst = "Multiplier">   --->   Core 3 'Multiplier' <Latency = 0> <II = 1> <Delay = 8.51> <FuncUnit> <Opcode : 'mul'> <InPorts = 2> <OutPorts = 1>
ST_5 : Operation 123 [1/1] (8.51ns)   --->   "%mul_ln101_3 = mul i32 %trunc_ln101, i32 %trunc_ln93_3" [../MLP_baseline/mm.cpp:101]   --->   Operation 123 'mul' 'mul_ln101_3' <Predicate = true> <Delay = 8.51> <CoreInst = "Multiplier">   --->   Core 3 'Multiplier' <Latency = 0> <II = 1> <Delay = 8.51> <FuncUnit> <Opcode : 'mul'> <InPorts = 2> <OutPorts = 1>
ST_5 : Operation 124 [1/1] (8.51ns)   --->   "%mul_ln101_4 = mul i32 %trunc_ln101, i32 %trunc_ln93_4" [../MLP_baseline/mm.cpp:101]   --->   Operation 124 'mul' 'mul_ln101_4' <Predicate = true> <Delay = 8.51> <CoreInst = "Multiplier">   --->   Core 3 'Multiplier' <Latency = 0> <II = 1> <Delay = 8.51> <FuncUnit> <Opcode : 'mul'> <InPorts = 2> <OutPorts = 1>
ST_5 : Operation 125 [1/1] (8.51ns)   --->   "%mul_ln101_5 = mul i32 %trunc_ln101, i32 %trunc_ln93_5" [../MLP_baseline/mm.cpp:101]   --->   Operation 125 'mul' 'mul_ln101_5' <Predicate = true> <Delay = 8.51> <CoreInst = "Multiplier">   --->   Core 3 'Multiplier' <Latency = 0> <II = 1> <Delay = 8.51> <FuncUnit> <Opcode : 'mul'> <InPorts = 2> <OutPorts = 1>
ST_5 : Operation 126 [1/1] (8.51ns)   --->   "%mul_ln101_6 = mul i32 %trunc_ln101, i32 %trunc_ln93_6" [../MLP_baseline/mm.cpp:101]   --->   Operation 126 'mul' 'mul_ln101_6' <Predicate = true> <Delay = 8.51> <CoreInst = "Multiplier">   --->   Core 3 'Multiplier' <Latency = 0> <II = 1> <Delay = 8.51> <FuncUnit> <Opcode : 'mul'> <InPorts = 2> <OutPorts = 1>
ST_5 : Operation 127 [1/1] (8.51ns)   --->   "%mul_ln101_7 = mul i32 %trunc_ln101, i32 %trunc_ln93_7" [../MLP_baseline/mm.cpp:101]   --->   Operation 127 'mul' 'mul_ln101_7' <Predicate = true> <Delay = 8.51> <CoreInst = "Multiplier">   --->   Core 3 'Multiplier' <Latency = 0> <II = 1> <Delay = 8.51> <FuncUnit> <Opcode : 'mul'> <InPorts = 2> <OutPorts = 1>
ST_5 : Operation 128 [1/1] (8.51ns)   --->   "%mul_ln101_8 = mul i32 %trunc_ln101, i32 %trunc_ln93_8" [../MLP_baseline/mm.cpp:101]   --->   Operation 128 'mul' 'mul_ln101_8' <Predicate = true> <Delay = 8.51> <CoreInst = "Multiplier">   --->   Core 3 'Multiplier' <Latency = 0> <II = 1> <Delay = 8.51> <FuncUnit> <Opcode : 'mul'> <InPorts = 2> <OutPorts = 1>
ST_5 : Operation 129 [1/1] (8.51ns)   --->   "%mul_ln101_9 = mul i32 %trunc_ln101, i32 %trunc_ln93_9" [../MLP_baseline/mm.cpp:101]   --->   Operation 129 'mul' 'mul_ln101_9' <Predicate = true> <Delay = 8.51> <CoreInst = "Multiplier">   --->   Core 3 'Multiplier' <Latency = 0> <II = 1> <Delay = 8.51> <FuncUnit> <Opcode : 'mul'> <InPorts = 2> <OutPorts = 1>
ST_5 : Operation 130 [1/1] (8.51ns)   --->   "%mul_ln101_10 = mul i32 %trunc_ln101, i32 %trunc_ln93_s" [../MLP_baseline/mm.cpp:101]   --->   Operation 130 'mul' 'mul_ln101_10' <Predicate = true> <Delay = 8.51> <CoreInst = "Multiplier">   --->   Core 3 'Multiplier' <Latency = 0> <II = 1> <Delay = 8.51> <FuncUnit> <Opcode : 'mul'> <InPorts = 2> <OutPorts = 1>
ST_5 : Operation 131 [1/1] (8.51ns)   --->   "%mul_ln101_11 = mul i32 %trunc_ln101, i32 %trunc_ln93_10" [../MLP_baseline/mm.cpp:101]   --->   Operation 131 'mul' 'mul_ln101_11' <Predicate = true> <Delay = 8.51> <CoreInst = "Multiplier">   --->   Core 3 'Multiplier' <Latency = 0> <II = 1> <Delay = 8.51> <FuncUnit> <Opcode : 'mul'> <InPorts = 2> <OutPorts = 1>
ST_5 : Operation 132 [1/1] (8.51ns)   --->   "%mul_ln101_12 = mul i32 %trunc_ln101, i32 %trunc_ln93_11" [../MLP_baseline/mm.cpp:101]   --->   Operation 132 'mul' 'mul_ln101_12' <Predicate = true> <Delay = 8.51> <CoreInst = "Multiplier">   --->   Core 3 'Multiplier' <Latency = 0> <II = 1> <Delay = 8.51> <FuncUnit> <Opcode : 'mul'> <InPorts = 2> <OutPorts = 1>
ST_5 : Operation 133 [1/1] (8.51ns)   --->   "%mul_ln101_13 = mul i32 %trunc_ln101, i32 %trunc_ln93_12" [../MLP_baseline/mm.cpp:101]   --->   Operation 133 'mul' 'mul_ln101_13' <Predicate = true> <Delay = 8.51> <CoreInst = "Multiplier">   --->   Core 3 'Multiplier' <Latency = 0> <II = 1> <Delay = 8.51> <FuncUnit> <Opcode : 'mul'> <InPorts = 2> <OutPorts = 1>
ST_5 : Operation 134 [1/1] (8.51ns)   --->   "%mul_ln101_14 = mul i32 %trunc_ln101, i32 %trunc_ln93_13" [../MLP_baseline/mm.cpp:101]   --->   Operation 134 'mul' 'mul_ln101_14' <Predicate = true> <Delay = 8.51> <CoreInst = "Multiplier">   --->   Core 3 'Multiplier' <Latency = 0> <II = 1> <Delay = 8.51> <FuncUnit> <Opcode : 'mul'> <InPorts = 2> <OutPorts = 1>
ST_5 : Operation 135 [1/1] (8.51ns)   --->   "%mul_ln101_15 = mul i32 %trunc_ln101, i32 %trunc_ln93_14" [../MLP_baseline/mm.cpp:101]   --->   Operation 135 'mul' 'mul_ln101_15' <Predicate = true> <Delay = 8.51> <CoreInst = "Multiplier">   --->   Core 3 'Multiplier' <Latency = 0> <II = 1> <Delay = 8.51> <FuncUnit> <Opcode : 'mul'> <InPorts = 2> <OutPorts = 1>
ST_5 : Operation 474 [1/1] (0.00ns)   --->   "%AB_block_0_2_load_1 = load i512 %AB_block_0_2"   --->   Operation 474 'load' 'AB_block_0_2_load_1' <Predicate = (icmp_ln88)> <Delay = 0.00>
ST_5 : Operation 475 [1/1] (0.00ns)   --->   "%AB_block_1_2_load_1 = load i512 %AB_block_1_2"   --->   Operation 475 'load' 'AB_block_1_2_load_1' <Predicate = (icmp_ln88)> <Delay = 0.00>
ST_5 : Operation 476 [1/1] (0.00ns)   --->   "%AB_block_2_2_load_1 = load i512 %AB_block_2_2"   --->   Operation 476 'load' 'AB_block_2_2_load_1' <Predicate = (icmp_ln88)> <Delay = 0.00>
ST_5 : Operation 477 [1/1] (0.00ns)   --->   "%AB_block_3_2_load_1 = load i512 %AB_block_3_2"   --->   Operation 477 'load' 'AB_block_3_2_load_1' <Predicate = (icmp_ln88)> <Delay = 0.00>
ST_5 : Operation 478 [1/1] (0.00ns)   --->   "%AB_block_4_2_load_1 = load i512 %AB_block_4_2"   --->   Operation 478 'load' 'AB_block_4_2_load_1' <Predicate = (icmp_ln88)> <Delay = 0.00>
ST_5 : Operation 479 [1/1] (0.00ns)   --->   "%AB_block_5_2_load_1 = load i512 %AB_block_5_2"   --->   Operation 479 'load' 'AB_block_5_2_load_1' <Predicate = (icmp_ln88)> <Delay = 0.00>
ST_5 : Operation 480 [1/1] (0.00ns)   --->   "%AB_block_6_2_load_1 = load i512 %AB_block_6_2"   --->   Operation 480 'load' 'AB_block_6_2_load_1' <Predicate = (icmp_ln88)> <Delay = 0.00>
ST_5 : Operation 481 [1/1] (0.00ns)   --->   "%AB_block_7_2_load_1 = load i512 %AB_block_7_2"   --->   Operation 481 'load' 'AB_block_7_2_load_1' <Predicate = (icmp_ln88)> <Delay = 0.00>
ST_5 : Operation 482 [1/1] (0.00ns)   --->   "%AB_block_8_2_load_1 = load i512 %AB_block_8_2"   --->   Operation 482 'load' 'AB_block_8_2_load_1' <Predicate = (icmp_ln88)> <Delay = 0.00>
ST_5 : Operation 483 [1/1] (0.00ns)   --->   "%AB_block_9_2_load_1 = load i512 %AB_block_9_2"   --->   Operation 483 'load' 'AB_block_9_2_load_1' <Predicate = (icmp_ln88)> <Delay = 0.00>
ST_5 : Operation 484 [1/1] (0.00ns)   --->   "%AB_block_10_2_load_1 = load i512 %AB_block_10_2"   --->   Operation 484 'load' 'AB_block_10_2_load_1' <Predicate = (icmp_ln88)> <Delay = 0.00>
ST_5 : Operation 485 [1/1] (0.00ns)   --->   "%AB_block_11_2_load_1 = load i512 %AB_block_11_2"   --->   Operation 485 'load' 'AB_block_11_2_load_1' <Predicate = (icmp_ln88)> <Delay = 0.00>
ST_5 : Operation 486 [1/1] (0.00ns)   --->   "%AB_block_12_2_load_1 = load i512 %AB_block_12_2"   --->   Operation 486 'load' 'AB_block_12_2_load_1' <Predicate = (icmp_ln88)> <Delay = 0.00>
ST_5 : Operation 487 [1/1] (0.00ns)   --->   "%AB_block_13_2_load_1 = load i512 %AB_block_13_2"   --->   Operation 487 'load' 'AB_block_13_2_load_1' <Predicate = (icmp_ln88)> <Delay = 0.00>
ST_5 : Operation 488 [1/1] (0.00ns)   --->   "%AB_block_14_2_load_1 = load i512 %AB_block_14_2"   --->   Operation 488 'load' 'AB_block_14_2_load_1' <Predicate = (icmp_ln88)> <Delay = 0.00>
ST_5 : Operation 489 [1/1] (0.00ns)   --->   "%AB_block_15_2_load_1 = load i512 %AB_block_15_2"   --->   Operation 489 'load' 'AB_block_15_2_load_1' <Predicate = (icmp_ln88)> <Delay = 0.00>
ST_5 : Operation 490 [1/1] (0.00ns)   --->   "%write_ln0 = write void @_ssdm_op_Write.ap_auto.i512P0A, i512 %AB_block_15_2_out, i512 %AB_block_15_2_load_1"   --->   Operation 490 'write' 'write_ln0' <Predicate = (icmp_ln88)> <Delay = 0.00>
ST_5 : Operation 491 [1/1] (0.00ns)   --->   "%write_ln0 = write void @_ssdm_op_Write.ap_auto.i512P0A, i512 %AB_block_14_2_out, i512 %AB_block_14_2_load_1"   --->   Operation 491 'write' 'write_ln0' <Predicate = (icmp_ln88)> <Delay = 0.00>
ST_5 : Operation 492 [1/1] (0.00ns)   --->   "%write_ln0 = write void @_ssdm_op_Write.ap_auto.i512P0A, i512 %AB_block_13_2_out, i512 %AB_block_13_2_load_1"   --->   Operation 492 'write' 'write_ln0' <Predicate = (icmp_ln88)> <Delay = 0.00>
ST_5 : Operation 493 [1/1] (0.00ns)   --->   "%write_ln0 = write void @_ssdm_op_Write.ap_auto.i512P0A, i512 %AB_block_12_2_out, i512 %AB_block_12_2_load_1"   --->   Operation 493 'write' 'write_ln0' <Predicate = (icmp_ln88)> <Delay = 0.00>
ST_5 : Operation 494 [1/1] (0.00ns)   --->   "%write_ln0 = write void @_ssdm_op_Write.ap_auto.i512P0A, i512 %AB_block_11_2_out, i512 %AB_block_11_2_load_1"   --->   Operation 494 'write' 'write_ln0' <Predicate = (icmp_ln88)> <Delay = 0.00>
ST_5 : Operation 495 [1/1] (0.00ns)   --->   "%write_ln0 = write void @_ssdm_op_Write.ap_auto.i512P0A, i512 %AB_block_10_2_out, i512 %AB_block_10_2_load_1"   --->   Operation 495 'write' 'write_ln0' <Predicate = (icmp_ln88)> <Delay = 0.00>
ST_5 : Operation 496 [1/1] (0.00ns)   --->   "%write_ln0 = write void @_ssdm_op_Write.ap_auto.i512P0A, i512 %AB_block_9_2_out, i512 %AB_block_9_2_load_1"   --->   Operation 496 'write' 'write_ln0' <Predicate = (icmp_ln88)> <Delay = 0.00>
ST_5 : Operation 497 [1/1] (0.00ns)   --->   "%write_ln0 = write void @_ssdm_op_Write.ap_auto.i512P0A, i512 %AB_block_8_2_out, i512 %AB_block_8_2_load_1"   --->   Operation 497 'write' 'write_ln0' <Predicate = (icmp_ln88)> <Delay = 0.00>
ST_5 : Operation 498 [1/1] (0.00ns)   --->   "%write_ln0 = write void @_ssdm_op_Write.ap_auto.i512P0A, i512 %AB_block_7_2_out, i512 %AB_block_7_2_load_1"   --->   Operation 498 'write' 'write_ln0' <Predicate = (icmp_ln88)> <Delay = 0.00>
ST_5 : Operation 499 [1/1] (0.00ns)   --->   "%write_ln0 = write void @_ssdm_op_Write.ap_auto.i512P0A, i512 %AB_block_6_2_out, i512 %AB_block_6_2_load_1"   --->   Operation 499 'write' 'write_ln0' <Predicate = (icmp_ln88)> <Delay = 0.00>
ST_5 : Operation 500 [1/1] (0.00ns)   --->   "%write_ln0 = write void @_ssdm_op_Write.ap_auto.i512P0A, i512 %AB_block_5_2_out, i512 %AB_block_5_2_load_1"   --->   Operation 500 'write' 'write_ln0' <Predicate = (icmp_ln88)> <Delay = 0.00>
ST_5 : Operation 501 [1/1] (0.00ns)   --->   "%write_ln0 = write void @_ssdm_op_Write.ap_auto.i512P0A, i512 %AB_block_4_2_out, i512 %AB_block_4_2_load_1"   --->   Operation 501 'write' 'write_ln0' <Predicate = (icmp_ln88)> <Delay = 0.00>
ST_5 : Operation 502 [1/1] (0.00ns)   --->   "%write_ln0 = write void @_ssdm_op_Write.ap_auto.i512P0A, i512 %AB_block_3_2_out, i512 %AB_block_3_2_load_1"   --->   Operation 502 'write' 'write_ln0' <Predicate = (icmp_ln88)> <Delay = 0.00>
ST_5 : Operation 503 [1/1] (0.00ns)   --->   "%write_ln0 = write void @_ssdm_op_Write.ap_auto.i512P0A, i512 %AB_block_2_2_out, i512 %AB_block_2_2_load_1"   --->   Operation 503 'write' 'write_ln0' <Predicate = (icmp_ln88)> <Delay = 0.00>
ST_5 : Operation 504 [1/1] (0.00ns)   --->   "%write_ln0 = write void @_ssdm_op_Write.ap_auto.i512P0A, i512 %AB_block_1_2_out, i512 %AB_block_1_2_load_1"   --->   Operation 504 'write' 'write_ln0' <Predicate = (icmp_ln88)> <Delay = 0.00>
ST_5 : Operation 505 [1/1] (0.00ns)   --->   "%write_ln0 = write void @_ssdm_op_Write.ap_auto.i512P0A, i512 %AB_block_0_2_out, i512 %AB_block_0_2_load_1"   --->   Operation 505 'write' 'write_ln0' <Predicate = (icmp_ln88)> <Delay = 0.00>
ST_5 : Operation 506 [1/1] (1.58ns)   --->   "%ret_ln0 = ret"   --->   Operation 506 'ret' 'ret_ln0' <Predicate = (icmp_ln88)> <Delay = 1.58>

State 6 <SV = 5> <Delay = 6.20>
ST_6 : Operation 136 [1/1] (0.00ns)   --->   "%AB_block_0_2_load = load i512 %AB_block_0_2" [../MLP_baseline/mm.cpp:101]   --->   Operation 136 'load' 'AB_block_0_2_load' <Predicate = true> <Delay = 0.00>
ST_6 : Operation 137 [1/1] (0.00ns)   --->   "%AB_block_1_2_load = load i512 %AB_block_1_2" [../MLP_baseline/mm.cpp:101]   --->   Operation 137 'load' 'AB_block_1_2_load' <Predicate = true> <Delay = 0.00>
ST_6 : Operation 138 [1/1] (0.00ns)   --->   "%AB_block_2_2_load = load i512 %AB_block_2_2" [../MLP_baseline/mm.cpp:101]   --->   Operation 138 'load' 'AB_block_2_2_load' <Predicate = true> <Delay = 0.00>
ST_6 : Operation 139 [1/1] (0.00ns)   --->   "%AB_block_3_2_load = load i512 %AB_block_3_2" [../MLP_baseline/mm.cpp:101]   --->   Operation 139 'load' 'AB_block_3_2_load' <Predicate = true> <Delay = 0.00>
ST_6 : Operation 140 [1/1] (0.00ns)   --->   "%AB_block_4_2_load = load i512 %AB_block_4_2" [../MLP_baseline/mm.cpp:101]   --->   Operation 140 'load' 'AB_block_4_2_load' <Predicate = true> <Delay = 0.00>
ST_6 : Operation 141 [1/1] (0.00ns)   --->   "%AB_block_5_2_load = load i512 %AB_block_5_2" [../MLP_baseline/mm.cpp:101]   --->   Operation 141 'load' 'AB_block_5_2_load' <Predicate = true> <Delay = 0.00>
ST_6 : Operation 142 [1/1] (0.00ns)   --->   "%AB_block_6_2_load = load i512 %AB_block_6_2" [../MLP_baseline/mm.cpp:101]   --->   Operation 142 'load' 'AB_block_6_2_load' <Predicate = true> <Delay = 0.00>
ST_6 : Operation 143 [1/1] (0.00ns)   --->   "%AB_block_7_2_load = load i512 %AB_block_7_2" [../MLP_baseline/mm.cpp:101]   --->   Operation 143 'load' 'AB_block_7_2_load' <Predicate = true> <Delay = 0.00>
ST_6 : Operation 144 [1/1] (0.00ns)   --->   "%AB_block_8_2_load = load i512 %AB_block_8_2" [../MLP_baseline/mm.cpp:101]   --->   Operation 144 'load' 'AB_block_8_2_load' <Predicate = true> <Delay = 0.00>
ST_6 : Operation 145 [1/1] (0.00ns)   --->   "%AB_block_9_2_load = load i512 %AB_block_9_2" [../MLP_baseline/mm.cpp:101]   --->   Operation 145 'load' 'AB_block_9_2_load' <Predicate = true> <Delay = 0.00>
ST_6 : Operation 146 [1/1] (0.00ns)   --->   "%AB_block_10_2_load = load i512 %AB_block_10_2" [../MLP_baseline/mm.cpp:101]   --->   Operation 146 'load' 'AB_block_10_2_load' <Predicate = true> <Delay = 0.00>
ST_6 : Operation 147 [1/1] (0.00ns)   --->   "%AB_block_11_2_load = load i512 %AB_block_11_2" [../MLP_baseline/mm.cpp:101]   --->   Operation 147 'load' 'AB_block_11_2_load' <Predicate = true> <Delay = 0.00>
ST_6 : Operation 148 [1/1] (0.00ns)   --->   "%AB_block_12_2_load = load i512 %AB_block_12_2" [../MLP_baseline/mm.cpp:101]   --->   Operation 148 'load' 'AB_block_12_2_load' <Predicate = true> <Delay = 0.00>
ST_6 : Operation 149 [1/1] (0.00ns)   --->   "%AB_block_13_2_load = load i512 %AB_block_13_2" [../MLP_baseline/mm.cpp:101]   --->   Operation 149 'load' 'AB_block_13_2_load' <Predicate = true> <Delay = 0.00>
ST_6 : Operation 150 [1/1] (0.00ns)   --->   "%AB_block_14_2_load = load i512 %AB_block_14_2" [../MLP_baseline/mm.cpp:101]   --->   Operation 150 'load' 'AB_block_14_2_load' <Predicate = true> <Delay = 0.00>
ST_6 : Operation 151 [1/1] (0.00ns)   --->   "%AB_block_15_2_load = load i512 %AB_block_15_2" [../MLP_baseline/mm.cpp:101]   --->   Operation 151 'load' 'AB_block_15_2_load' <Predicate = true> <Delay = 0.00>
ST_6 : Operation 152 [1/1] (0.00ns)   --->   "%specpipeline_ln97 = specpipeline void @_ssdm_op_SpecPipeline, i32 1, i32 0, i32 0, i32 0, void @empty_17" [../MLP_baseline/mm.cpp:97]   --->   Operation 152 'specpipeline' 'specpipeline_ln97' <Predicate = true> <Delay = 0.00>
ST_6 : Operation 153 [1/1] (0.00ns)   --->   "%trunc_ln101_1 = trunc i512 %AB_block_0_2_load" [../MLP_baseline/mm.cpp:101]   --->   Operation 153 'trunc' 'trunc_ln101_1' <Predicate = (trunc_ln96 == 0)> <Delay = 0.00>
ST_6 : Operation 154 [1/1] (0.00ns)   --->   "%trunc_ln101_2 = trunc i512 %AB_block_1_2_load" [../MLP_baseline/mm.cpp:101]   --->   Operation 154 'trunc' 'trunc_ln101_2' <Predicate = (trunc_ln96 == 1)> <Delay = 0.00>
ST_6 : Operation 155 [1/1] (0.00ns)   --->   "%trunc_ln101_3 = trunc i512 %AB_block_2_2_load" [../MLP_baseline/mm.cpp:101]   --->   Operation 155 'trunc' 'trunc_ln101_3' <Predicate = (trunc_ln96 == 2)> <Delay = 0.00>
ST_6 : Operation 156 [1/1] (0.00ns)   --->   "%trunc_ln101_4 = trunc i512 %AB_block_3_2_load" [../MLP_baseline/mm.cpp:101]   --->   Operation 156 'trunc' 'trunc_ln101_4' <Predicate = (trunc_ln96 == 3)> <Delay = 0.00>
ST_6 : Operation 157 [1/1] (0.00ns)   --->   "%trunc_ln101_5 = trunc i512 %AB_block_4_2_load" [../MLP_baseline/mm.cpp:101]   --->   Operation 157 'trunc' 'trunc_ln101_5' <Predicate = (trunc_ln96 == 4)> <Delay = 0.00>
ST_6 : Operation 158 [1/1] (0.00ns)   --->   "%trunc_ln101_6 = trunc i512 %AB_block_5_2_load" [../MLP_baseline/mm.cpp:101]   --->   Operation 158 'trunc' 'trunc_ln101_6' <Predicate = (trunc_ln96 == 5)> <Delay = 0.00>
ST_6 : Operation 159 [1/1] (0.00ns)   --->   "%trunc_ln101_7 = trunc i512 %AB_block_6_2_load" [../MLP_baseline/mm.cpp:101]   --->   Operation 159 'trunc' 'trunc_ln101_7' <Predicate = (trunc_ln96 == 6)> <Delay = 0.00>
ST_6 : Operation 160 [1/1] (0.00ns)   --->   "%trunc_ln101_8 = trunc i512 %AB_block_7_2_load" [../MLP_baseline/mm.cpp:101]   --->   Operation 160 'trunc' 'trunc_ln101_8' <Predicate = (trunc_ln96 == 7)> <Delay = 0.00>
ST_6 : Operation 161 [1/1] (0.00ns)   --->   "%trunc_ln101_9 = trunc i512 %AB_block_8_2_load" [../MLP_baseline/mm.cpp:101]   --->   Operation 161 'trunc' 'trunc_ln101_9' <Predicate = (trunc_ln96 == 8)> <Delay = 0.00>
ST_6 : Operation 162 [1/1] (0.00ns)   --->   "%trunc_ln101_10 = trunc i512 %AB_block_9_2_load" [../MLP_baseline/mm.cpp:101]   --->   Operation 162 'trunc' 'trunc_ln101_10' <Predicate = (trunc_ln96 == 9)> <Delay = 0.00>
ST_6 : Operation 163 [1/1] (0.00ns)   --->   "%trunc_ln101_11 = trunc i512 %AB_block_10_2_load" [../MLP_baseline/mm.cpp:101]   --->   Operation 163 'trunc' 'trunc_ln101_11' <Predicate = (trunc_ln96 == 10)> <Delay = 0.00>
ST_6 : Operation 164 [1/1] (0.00ns)   --->   "%trunc_ln101_12 = trunc i512 %AB_block_11_2_load" [../MLP_baseline/mm.cpp:101]   --->   Operation 164 'trunc' 'trunc_ln101_12' <Predicate = (trunc_ln96 == 11)> <Delay = 0.00>
ST_6 : Operation 165 [1/1] (0.00ns)   --->   "%trunc_ln101_13 = trunc i512 %AB_block_12_2_load" [../MLP_baseline/mm.cpp:101]   --->   Operation 165 'trunc' 'trunc_ln101_13' <Predicate = (trunc_ln96 == 12)> <Delay = 0.00>
ST_6 : Operation 166 [1/1] (0.00ns)   --->   "%trunc_ln101_14 = trunc i512 %AB_block_13_2_load" [../MLP_baseline/mm.cpp:101]   --->   Operation 166 'trunc' 'trunc_ln101_14' <Predicate = (trunc_ln96 == 13)> <Delay = 0.00>
ST_6 : Operation 167 [1/1] (0.00ns)   --->   "%trunc_ln101_15 = trunc i512 %AB_block_14_2_load" [../MLP_baseline/mm.cpp:101]   --->   Operation 167 'trunc' 'trunc_ln101_15' <Predicate = (trunc_ln96 == 14)> <Delay = 0.00>
ST_6 : Operation 168 [1/1] (0.00ns)   --->   "%trunc_ln101_256 = trunc i512 %AB_block_15_2_load" [../MLP_baseline/mm.cpp:101]   --->   Operation 168 'trunc' 'trunc_ln101_256' <Predicate = (trunc_ln96 == 15)> <Delay = 0.00>
ST_6 : Operation 169 [1/1] (2.06ns)   --->   "%tmp_s = sparsemux i32 @_ssdm_op_SparseMux.ap_auto.16i32.i32.i4, i4 0, i32 %trunc_ln101_1, i4 1, i32 %trunc_ln101_2, i4 2, i32 %trunc_ln101_3, i4 3, i32 %trunc_ln101_4, i4 4, i32 %trunc_ln101_5, i4 5, i32 %trunc_ln101_6, i4 6, i32 %trunc_ln101_7, i4 7, i32 %trunc_ln101_8, i4 8, i32 %trunc_ln101_9, i4 9, i32 %trunc_ln101_10, i4 10, i32 %trunc_ln101_11, i4 11, i32 %trunc_ln101_12, i4 12, i32 %trunc_ln101_13, i4 13, i32 %trunc_ln101_14, i4 14, i32 %trunc_ln101_15, i4 15, i32 %trunc_ln101_256, i32 0, i4 %trunc_ln96" [../MLP_baseline/mm.cpp:101]   --->   Operation 169 'sparsemux' 'tmp_s' <Predicate = true> <Delay = 2.06> <CoreInst = "BinarySparseMux_DontCare">   --->   Core 137 'BinarySparseMux_DontCare' <Latency = 0> <II = 1> <Delay = 2.06> <FuncUnit> <Opcode : 'sparsemux'> <InPorts = 2> <OutPorts = 1>
ST_6 : Operation 170 [1/1] (2.55ns)   --->   "%add_ln101 = add i32 %tmp_s, i32 %mul_ln101" [../MLP_baseline/mm.cpp:101]   --->   Operation 170 'add' 'add_ln101' <Predicate = true> <Delay = 2.55> <CoreInst = "Adder">   --->   Core 1 'Adder' <Latency = 0> <II = 1> <Delay = 2.55> <FuncUnit> <Opcode : 'add' 'sub'> <InPorts = 2> <OutPorts = 1>
ST_6 : Operation 171 [1/1] (0.00ns)   --->   "%trunc_ln101_s = partselect i32 @_ssdm_op_PartSelect.i32.i512.i32.i32, i512 %AB_block_0_2_load, i32 32, i32 63" [../MLP_baseline/mm.cpp:101]   --->   Operation 171 'partselect' 'trunc_ln101_s' <Predicate = (trunc_ln96 == 0)> <Delay = 0.00>
ST_6 : Operation 172 [1/1] (0.00ns)   --->   "%trunc_ln101_16 = partselect i32 @_ssdm_op_PartSelect.i32.i512.i32.i32, i512 %AB_block_1_2_load, i32 32, i32 63" [../MLP_baseline/mm.cpp:101]   --->   Operation 172 'partselect' 'trunc_ln101_16' <Predicate = (trunc_ln96 == 1)> <Delay = 0.00>
ST_6 : Operation 173 [1/1] (0.00ns)   --->   "%trunc_ln101_17 = partselect i32 @_ssdm_op_PartSelect.i32.i512.i32.i32, i512 %AB_block_2_2_load, i32 32, i32 63" [../MLP_baseline/mm.cpp:101]   --->   Operation 173 'partselect' 'trunc_ln101_17' <Predicate = (trunc_ln96 == 2)> <Delay = 0.00>
ST_6 : Operation 174 [1/1] (0.00ns)   --->   "%trunc_ln101_18 = partselect i32 @_ssdm_op_PartSelect.i32.i512.i32.i32, i512 %AB_block_3_2_load, i32 32, i32 63" [../MLP_baseline/mm.cpp:101]   --->   Operation 174 'partselect' 'trunc_ln101_18' <Predicate = (trunc_ln96 == 3)> <Delay = 0.00>
ST_6 : Operation 175 [1/1] (0.00ns)   --->   "%trunc_ln101_19 = partselect i32 @_ssdm_op_PartSelect.i32.i512.i32.i32, i512 %AB_block_4_2_load, i32 32, i32 63" [../MLP_baseline/mm.cpp:101]   --->   Operation 175 'partselect' 'trunc_ln101_19' <Predicate = (trunc_ln96 == 4)> <Delay = 0.00>
ST_6 : Operation 176 [1/1] (0.00ns)   --->   "%trunc_ln101_20 = partselect i32 @_ssdm_op_PartSelect.i32.i512.i32.i32, i512 %AB_block_5_2_load, i32 32, i32 63" [../MLP_baseline/mm.cpp:101]   --->   Operation 176 'partselect' 'trunc_ln101_20' <Predicate = (trunc_ln96 == 5)> <Delay = 0.00>
ST_6 : Operation 177 [1/1] (0.00ns)   --->   "%trunc_ln101_21 = partselect i32 @_ssdm_op_PartSelect.i32.i512.i32.i32, i512 %AB_block_6_2_load, i32 32, i32 63" [../MLP_baseline/mm.cpp:101]   --->   Operation 177 'partselect' 'trunc_ln101_21' <Predicate = (trunc_ln96 == 6)> <Delay = 0.00>
ST_6 : Operation 178 [1/1] (0.00ns)   --->   "%trunc_ln101_22 = partselect i32 @_ssdm_op_PartSelect.i32.i512.i32.i32, i512 %AB_block_7_2_load, i32 32, i32 63" [../MLP_baseline/mm.cpp:101]   --->   Operation 178 'partselect' 'trunc_ln101_22' <Predicate = (trunc_ln96 == 7)> <Delay = 0.00>
ST_6 : Operation 179 [1/1] (0.00ns)   --->   "%trunc_ln101_23 = partselect i32 @_ssdm_op_PartSelect.i32.i512.i32.i32, i512 %AB_block_8_2_load, i32 32, i32 63" [../MLP_baseline/mm.cpp:101]   --->   Operation 179 'partselect' 'trunc_ln101_23' <Predicate = (trunc_ln96 == 8)> <Delay = 0.00>
ST_6 : Operation 180 [1/1] (0.00ns)   --->   "%trunc_ln101_24 = partselect i32 @_ssdm_op_PartSelect.i32.i512.i32.i32, i512 %AB_block_9_2_load, i32 32, i32 63" [../MLP_baseline/mm.cpp:101]   --->   Operation 180 'partselect' 'trunc_ln101_24' <Predicate = (trunc_ln96 == 9)> <Delay = 0.00>
ST_6 : Operation 181 [1/1] (0.00ns)   --->   "%trunc_ln101_25 = partselect i32 @_ssdm_op_PartSelect.i32.i512.i32.i32, i512 %AB_block_10_2_load, i32 32, i32 63" [../MLP_baseline/mm.cpp:101]   --->   Operation 181 'partselect' 'trunc_ln101_25' <Predicate = (trunc_ln96 == 10)> <Delay = 0.00>
ST_6 : Operation 182 [1/1] (0.00ns)   --->   "%trunc_ln101_26 = partselect i32 @_ssdm_op_PartSelect.i32.i512.i32.i32, i512 %AB_block_11_2_load, i32 32, i32 63" [../MLP_baseline/mm.cpp:101]   --->   Operation 182 'partselect' 'trunc_ln101_26' <Predicate = (trunc_ln96 == 11)> <Delay = 0.00>
ST_6 : Operation 183 [1/1] (0.00ns)   --->   "%trunc_ln101_27 = partselect i32 @_ssdm_op_PartSelect.i32.i512.i32.i32, i512 %AB_block_12_2_load, i32 32, i32 63" [../MLP_baseline/mm.cpp:101]   --->   Operation 183 'partselect' 'trunc_ln101_27' <Predicate = (trunc_ln96 == 12)> <Delay = 0.00>
ST_6 : Operation 184 [1/1] (0.00ns)   --->   "%trunc_ln101_28 = partselect i32 @_ssdm_op_PartSelect.i32.i512.i32.i32, i512 %AB_block_13_2_load, i32 32, i32 63" [../MLP_baseline/mm.cpp:101]   --->   Operation 184 'partselect' 'trunc_ln101_28' <Predicate = (trunc_ln96 == 13)> <Delay = 0.00>
ST_6 : Operation 185 [1/1] (0.00ns)   --->   "%trunc_ln101_29 = partselect i32 @_ssdm_op_PartSelect.i32.i512.i32.i32, i512 %AB_block_14_2_load, i32 32, i32 63" [../MLP_baseline/mm.cpp:101]   --->   Operation 185 'partselect' 'trunc_ln101_29' <Predicate = (trunc_ln96 == 14)> <Delay = 0.00>
ST_6 : Operation 186 [1/1] (0.00ns)   --->   "%trunc_ln101_30 = partselect i32 @_ssdm_op_PartSelect.i32.i512.i32.i32, i512 %AB_block_15_2_load, i32 32, i32 63" [../MLP_baseline/mm.cpp:101]   --->   Operation 186 'partselect' 'trunc_ln101_30' <Predicate = (trunc_ln96 == 15)> <Delay = 0.00>
ST_6 : Operation 187 [1/1] (2.06ns)   --->   "%tmp_1 = sparsemux i32 @_ssdm_op_SparseMux.ap_auto.16i32.i32.i4, i4 0, i32 %trunc_ln101_s, i4 1, i32 %trunc_ln101_16, i4 2, i32 %trunc_ln101_17, i4 3, i32 %trunc_ln101_18, i4 4, i32 %trunc_ln101_19, i4 5, i32 %trunc_ln101_20, i4 6, i32 %trunc_ln101_21, i4 7, i32 %trunc_ln101_22, i4 8, i32 %trunc_ln101_23, i4 9, i32 %trunc_ln101_24, i4 10, i32 %trunc_ln101_25, i4 11, i32 %trunc_ln101_26, i4 12, i32 %trunc_ln101_27, i4 13, i32 %trunc_ln101_28, i4 14, i32 %trunc_ln101_29, i4 15, i32 %trunc_ln101_30, i32 0, i4 %trunc_ln96" [../MLP_baseline/mm.cpp:101]   --->   Operation 187 'sparsemux' 'tmp_1' <Predicate = true> <Delay = 2.06> <CoreInst = "BinarySparseMux_DontCare">   --->   Core 137 'BinarySparseMux_DontCare' <Latency = 0> <II = 1> <Delay = 2.06> <FuncUnit> <Opcode : 'sparsemux'> <InPorts = 2> <OutPorts = 1>
ST_6 : Operation 188 [1/1] (2.55ns)   --->   "%add_ln101_1 = add i32 %tmp_1, i32 %mul_ln101_1" [../MLP_baseline/mm.cpp:101]   --->   Operation 188 'add' 'add_ln101_1' <Predicate = true> <Delay = 2.55> <CoreInst = "Adder">   --->   Core 1 'Adder' <Latency = 0> <II = 1> <Delay = 2.55> <FuncUnit> <Opcode : 'add' 'sub'> <InPorts = 2> <OutPorts = 1>
ST_6 : Operation 189 [1/1] (0.00ns)   --->   "%trunc_ln101_31 = partselect i32 @_ssdm_op_PartSelect.i32.i512.i32.i32, i512 %AB_block_0_2_load, i32 64, i32 95" [../MLP_baseline/mm.cpp:101]   --->   Operation 189 'partselect' 'trunc_ln101_31' <Predicate = (trunc_ln96 == 0)> <Delay = 0.00>
ST_6 : Operation 190 [1/1] (0.00ns)   --->   "%trunc_ln101_32 = partselect i32 @_ssdm_op_PartSelect.i32.i512.i32.i32, i512 %AB_block_1_2_load, i32 64, i32 95" [../MLP_baseline/mm.cpp:101]   --->   Operation 190 'partselect' 'trunc_ln101_32' <Predicate = (trunc_ln96 == 1)> <Delay = 0.00>
ST_6 : Operation 191 [1/1] (0.00ns)   --->   "%trunc_ln101_33 = partselect i32 @_ssdm_op_PartSelect.i32.i512.i32.i32, i512 %AB_block_2_2_load, i32 64, i32 95" [../MLP_baseline/mm.cpp:101]   --->   Operation 191 'partselect' 'trunc_ln101_33' <Predicate = (trunc_ln96 == 2)> <Delay = 0.00>
ST_6 : Operation 192 [1/1] (0.00ns)   --->   "%trunc_ln101_34 = partselect i32 @_ssdm_op_PartSelect.i32.i512.i32.i32, i512 %AB_block_3_2_load, i32 64, i32 95" [../MLP_baseline/mm.cpp:101]   --->   Operation 192 'partselect' 'trunc_ln101_34' <Predicate = (trunc_ln96 == 3)> <Delay = 0.00>
ST_6 : Operation 193 [1/1] (0.00ns)   --->   "%trunc_ln101_35 = partselect i32 @_ssdm_op_PartSelect.i32.i512.i32.i32, i512 %AB_block_4_2_load, i32 64, i32 95" [../MLP_baseline/mm.cpp:101]   --->   Operation 193 'partselect' 'trunc_ln101_35' <Predicate = (trunc_ln96 == 4)> <Delay = 0.00>
ST_6 : Operation 194 [1/1] (0.00ns)   --->   "%trunc_ln101_36 = partselect i32 @_ssdm_op_PartSelect.i32.i512.i32.i32, i512 %AB_block_5_2_load, i32 64, i32 95" [../MLP_baseline/mm.cpp:101]   --->   Operation 194 'partselect' 'trunc_ln101_36' <Predicate = (trunc_ln96 == 5)> <Delay = 0.00>
ST_6 : Operation 195 [1/1] (0.00ns)   --->   "%trunc_ln101_37 = partselect i32 @_ssdm_op_PartSelect.i32.i512.i32.i32, i512 %AB_block_6_2_load, i32 64, i32 95" [../MLP_baseline/mm.cpp:101]   --->   Operation 195 'partselect' 'trunc_ln101_37' <Predicate = (trunc_ln96 == 6)> <Delay = 0.00>
ST_6 : Operation 196 [1/1] (0.00ns)   --->   "%trunc_ln101_38 = partselect i32 @_ssdm_op_PartSelect.i32.i512.i32.i32, i512 %AB_block_7_2_load, i32 64, i32 95" [../MLP_baseline/mm.cpp:101]   --->   Operation 196 'partselect' 'trunc_ln101_38' <Predicate = (trunc_ln96 == 7)> <Delay = 0.00>
ST_6 : Operation 197 [1/1] (0.00ns)   --->   "%trunc_ln101_39 = partselect i32 @_ssdm_op_PartSelect.i32.i512.i32.i32, i512 %AB_block_8_2_load, i32 64, i32 95" [../MLP_baseline/mm.cpp:101]   --->   Operation 197 'partselect' 'trunc_ln101_39' <Predicate = (trunc_ln96 == 8)> <Delay = 0.00>
ST_6 : Operation 198 [1/1] (0.00ns)   --->   "%trunc_ln101_40 = partselect i32 @_ssdm_op_PartSelect.i32.i512.i32.i32, i512 %AB_block_9_2_load, i32 64, i32 95" [../MLP_baseline/mm.cpp:101]   --->   Operation 198 'partselect' 'trunc_ln101_40' <Predicate = (trunc_ln96 == 9)> <Delay = 0.00>
ST_6 : Operation 199 [1/1] (0.00ns)   --->   "%trunc_ln101_41 = partselect i32 @_ssdm_op_PartSelect.i32.i512.i32.i32, i512 %AB_block_10_2_load, i32 64, i32 95" [../MLP_baseline/mm.cpp:101]   --->   Operation 199 'partselect' 'trunc_ln101_41' <Predicate = (trunc_ln96 == 10)> <Delay = 0.00>
ST_6 : Operation 200 [1/1] (0.00ns)   --->   "%trunc_ln101_42 = partselect i32 @_ssdm_op_PartSelect.i32.i512.i32.i32, i512 %AB_block_11_2_load, i32 64, i32 95" [../MLP_baseline/mm.cpp:101]   --->   Operation 200 'partselect' 'trunc_ln101_42' <Predicate = (trunc_ln96 == 11)> <Delay = 0.00>
ST_6 : Operation 201 [1/1] (0.00ns)   --->   "%trunc_ln101_43 = partselect i32 @_ssdm_op_PartSelect.i32.i512.i32.i32, i512 %AB_block_12_2_load, i32 64, i32 95" [../MLP_baseline/mm.cpp:101]   --->   Operation 201 'partselect' 'trunc_ln101_43' <Predicate = (trunc_ln96 == 12)> <Delay = 0.00>
ST_6 : Operation 202 [1/1] (0.00ns)   --->   "%trunc_ln101_44 = partselect i32 @_ssdm_op_PartSelect.i32.i512.i32.i32, i512 %AB_block_13_2_load, i32 64, i32 95" [../MLP_baseline/mm.cpp:101]   --->   Operation 202 'partselect' 'trunc_ln101_44' <Predicate = (trunc_ln96 == 13)> <Delay = 0.00>
ST_6 : Operation 203 [1/1] (0.00ns)   --->   "%trunc_ln101_45 = partselect i32 @_ssdm_op_PartSelect.i32.i512.i32.i32, i512 %AB_block_14_2_load, i32 64, i32 95" [../MLP_baseline/mm.cpp:101]   --->   Operation 203 'partselect' 'trunc_ln101_45' <Predicate = (trunc_ln96 == 14)> <Delay = 0.00>
ST_6 : Operation 204 [1/1] (0.00ns)   --->   "%trunc_ln101_46 = partselect i32 @_ssdm_op_PartSelect.i32.i512.i32.i32, i512 %AB_block_15_2_load, i32 64, i32 95" [../MLP_baseline/mm.cpp:101]   --->   Operation 204 'partselect' 'trunc_ln101_46' <Predicate = (trunc_ln96 == 15)> <Delay = 0.00>
ST_6 : Operation 205 [1/1] (2.06ns)   --->   "%tmp_2 = sparsemux i32 @_ssdm_op_SparseMux.ap_auto.16i32.i32.i4, i4 0, i32 %trunc_ln101_31, i4 1, i32 %trunc_ln101_32, i4 2, i32 %trunc_ln101_33, i4 3, i32 %trunc_ln101_34, i4 4, i32 %trunc_ln101_35, i4 5, i32 %trunc_ln101_36, i4 6, i32 %trunc_ln101_37, i4 7, i32 %trunc_ln101_38, i4 8, i32 %trunc_ln101_39, i4 9, i32 %trunc_ln101_40, i4 10, i32 %trunc_ln101_41, i4 11, i32 %trunc_ln101_42, i4 12, i32 %trunc_ln101_43, i4 13, i32 %trunc_ln101_44, i4 14, i32 %trunc_ln101_45, i4 15, i32 %trunc_ln101_46, i32 0, i4 %trunc_ln96" [../MLP_baseline/mm.cpp:101]   --->   Operation 205 'sparsemux' 'tmp_2' <Predicate = true> <Delay = 2.06> <CoreInst = "BinarySparseMux_DontCare">   --->   Core 137 'BinarySparseMux_DontCare' <Latency = 0> <II = 1> <Delay = 2.06> <FuncUnit> <Opcode : 'sparsemux'> <InPorts = 2> <OutPorts = 1>
ST_6 : Operation 206 [1/1] (2.55ns)   --->   "%add_ln101_2 = add i32 %tmp_2, i32 %mul_ln101_2" [../MLP_baseline/mm.cpp:101]   --->   Operation 206 'add' 'add_ln101_2' <Predicate = true> <Delay = 2.55> <CoreInst = "Adder">   --->   Core 1 'Adder' <Latency = 0> <II = 1> <Delay = 2.55> <FuncUnit> <Opcode : 'add' 'sub'> <InPorts = 2> <OutPorts = 1>
ST_6 : Operation 207 [1/1] (0.00ns)   --->   "%trunc_ln101_47 = partselect i32 @_ssdm_op_PartSelect.i32.i512.i32.i32, i512 %AB_block_0_2_load, i32 96, i32 127" [../MLP_baseline/mm.cpp:101]   --->   Operation 207 'partselect' 'trunc_ln101_47' <Predicate = (trunc_ln96 == 0)> <Delay = 0.00>
ST_6 : Operation 208 [1/1] (0.00ns)   --->   "%trunc_ln101_48 = partselect i32 @_ssdm_op_PartSelect.i32.i512.i32.i32, i512 %AB_block_1_2_load, i32 96, i32 127" [../MLP_baseline/mm.cpp:101]   --->   Operation 208 'partselect' 'trunc_ln101_48' <Predicate = (trunc_ln96 == 1)> <Delay = 0.00>
ST_6 : Operation 209 [1/1] (0.00ns)   --->   "%trunc_ln101_49 = partselect i32 @_ssdm_op_PartSelect.i32.i512.i32.i32, i512 %AB_block_2_2_load, i32 96, i32 127" [../MLP_baseline/mm.cpp:101]   --->   Operation 209 'partselect' 'trunc_ln101_49' <Predicate = (trunc_ln96 == 2)> <Delay = 0.00>
ST_6 : Operation 210 [1/1] (0.00ns)   --->   "%trunc_ln101_50 = partselect i32 @_ssdm_op_PartSelect.i32.i512.i32.i32, i512 %AB_block_3_2_load, i32 96, i32 127" [../MLP_baseline/mm.cpp:101]   --->   Operation 210 'partselect' 'trunc_ln101_50' <Predicate = (trunc_ln96 == 3)> <Delay = 0.00>
ST_6 : Operation 211 [1/1] (0.00ns)   --->   "%trunc_ln101_51 = partselect i32 @_ssdm_op_PartSelect.i32.i512.i32.i32, i512 %AB_block_4_2_load, i32 96, i32 127" [../MLP_baseline/mm.cpp:101]   --->   Operation 211 'partselect' 'trunc_ln101_51' <Predicate = (trunc_ln96 == 4)> <Delay = 0.00>
ST_6 : Operation 212 [1/1] (0.00ns)   --->   "%trunc_ln101_52 = partselect i32 @_ssdm_op_PartSelect.i32.i512.i32.i32, i512 %AB_block_5_2_load, i32 96, i32 127" [../MLP_baseline/mm.cpp:101]   --->   Operation 212 'partselect' 'trunc_ln101_52' <Predicate = (trunc_ln96 == 5)> <Delay = 0.00>
ST_6 : Operation 213 [1/1] (0.00ns)   --->   "%trunc_ln101_53 = partselect i32 @_ssdm_op_PartSelect.i32.i512.i32.i32, i512 %AB_block_6_2_load, i32 96, i32 127" [../MLP_baseline/mm.cpp:101]   --->   Operation 213 'partselect' 'trunc_ln101_53' <Predicate = (trunc_ln96 == 6)> <Delay = 0.00>
ST_6 : Operation 214 [1/1] (0.00ns)   --->   "%trunc_ln101_54 = partselect i32 @_ssdm_op_PartSelect.i32.i512.i32.i32, i512 %AB_block_7_2_load, i32 96, i32 127" [../MLP_baseline/mm.cpp:101]   --->   Operation 214 'partselect' 'trunc_ln101_54' <Predicate = (trunc_ln96 == 7)> <Delay = 0.00>
ST_6 : Operation 215 [1/1] (0.00ns)   --->   "%trunc_ln101_55 = partselect i32 @_ssdm_op_PartSelect.i32.i512.i32.i32, i512 %AB_block_8_2_load, i32 96, i32 127" [../MLP_baseline/mm.cpp:101]   --->   Operation 215 'partselect' 'trunc_ln101_55' <Predicate = (trunc_ln96 == 8)> <Delay = 0.00>
ST_6 : Operation 216 [1/1] (0.00ns)   --->   "%trunc_ln101_56 = partselect i32 @_ssdm_op_PartSelect.i32.i512.i32.i32, i512 %AB_block_9_2_load, i32 96, i32 127" [../MLP_baseline/mm.cpp:101]   --->   Operation 216 'partselect' 'trunc_ln101_56' <Predicate = (trunc_ln96 == 9)> <Delay = 0.00>
ST_6 : Operation 217 [1/1] (0.00ns)   --->   "%trunc_ln101_57 = partselect i32 @_ssdm_op_PartSelect.i32.i512.i32.i32, i512 %AB_block_10_2_load, i32 96, i32 127" [../MLP_baseline/mm.cpp:101]   --->   Operation 217 'partselect' 'trunc_ln101_57' <Predicate = (trunc_ln96 == 10)> <Delay = 0.00>
ST_6 : Operation 218 [1/1] (0.00ns)   --->   "%trunc_ln101_58 = partselect i32 @_ssdm_op_PartSelect.i32.i512.i32.i32, i512 %AB_block_11_2_load, i32 96, i32 127" [../MLP_baseline/mm.cpp:101]   --->   Operation 218 'partselect' 'trunc_ln101_58' <Predicate = (trunc_ln96 == 11)> <Delay = 0.00>
ST_6 : Operation 219 [1/1] (0.00ns)   --->   "%trunc_ln101_59 = partselect i32 @_ssdm_op_PartSelect.i32.i512.i32.i32, i512 %AB_block_12_2_load, i32 96, i32 127" [../MLP_baseline/mm.cpp:101]   --->   Operation 219 'partselect' 'trunc_ln101_59' <Predicate = (trunc_ln96 == 12)> <Delay = 0.00>
ST_6 : Operation 220 [1/1] (0.00ns)   --->   "%trunc_ln101_60 = partselect i32 @_ssdm_op_PartSelect.i32.i512.i32.i32, i512 %AB_block_13_2_load, i32 96, i32 127" [../MLP_baseline/mm.cpp:101]   --->   Operation 220 'partselect' 'trunc_ln101_60' <Predicate = (trunc_ln96 == 13)> <Delay = 0.00>
ST_6 : Operation 221 [1/1] (0.00ns)   --->   "%trunc_ln101_61 = partselect i32 @_ssdm_op_PartSelect.i32.i512.i32.i32, i512 %AB_block_14_2_load, i32 96, i32 127" [../MLP_baseline/mm.cpp:101]   --->   Operation 221 'partselect' 'trunc_ln101_61' <Predicate = (trunc_ln96 == 14)> <Delay = 0.00>
ST_6 : Operation 222 [1/1] (0.00ns)   --->   "%trunc_ln101_62 = partselect i32 @_ssdm_op_PartSelect.i32.i512.i32.i32, i512 %AB_block_15_2_load, i32 96, i32 127" [../MLP_baseline/mm.cpp:101]   --->   Operation 222 'partselect' 'trunc_ln101_62' <Predicate = (trunc_ln96 == 15)> <Delay = 0.00>
ST_6 : Operation 223 [1/1] (2.06ns)   --->   "%tmp_3 = sparsemux i32 @_ssdm_op_SparseMux.ap_auto.16i32.i32.i4, i4 0, i32 %trunc_ln101_47, i4 1, i32 %trunc_ln101_48, i4 2, i32 %trunc_ln101_49, i4 3, i32 %trunc_ln101_50, i4 4, i32 %trunc_ln101_51, i4 5, i32 %trunc_ln101_52, i4 6, i32 %trunc_ln101_53, i4 7, i32 %trunc_ln101_54, i4 8, i32 %trunc_ln101_55, i4 9, i32 %trunc_ln101_56, i4 10, i32 %trunc_ln101_57, i4 11, i32 %trunc_ln101_58, i4 12, i32 %trunc_ln101_59, i4 13, i32 %trunc_ln101_60, i4 14, i32 %trunc_ln101_61, i4 15, i32 %trunc_ln101_62, i32 0, i4 %trunc_ln96" [../MLP_baseline/mm.cpp:101]   --->   Operation 223 'sparsemux' 'tmp_3' <Predicate = true> <Delay = 2.06> <CoreInst = "BinarySparseMux_DontCare">   --->   Core 137 'BinarySparseMux_DontCare' <Latency = 0> <II = 1> <Delay = 2.06> <FuncUnit> <Opcode : 'sparsemux'> <InPorts = 2> <OutPorts = 1>
ST_6 : Operation 224 [1/1] (2.55ns)   --->   "%add_ln101_3 = add i32 %tmp_3, i32 %mul_ln101_3" [../MLP_baseline/mm.cpp:101]   --->   Operation 224 'add' 'add_ln101_3' <Predicate = true> <Delay = 2.55> <CoreInst = "Adder">   --->   Core 1 'Adder' <Latency = 0> <II = 1> <Delay = 2.55> <FuncUnit> <Opcode : 'add' 'sub'> <InPorts = 2> <OutPorts = 1>
ST_6 : Operation 225 [1/1] (0.00ns)   --->   "%trunc_ln101_63 = partselect i32 @_ssdm_op_PartSelect.i32.i512.i32.i32, i512 %AB_block_0_2_load, i32 128, i32 159" [../MLP_baseline/mm.cpp:101]   --->   Operation 225 'partselect' 'trunc_ln101_63' <Predicate = (trunc_ln96 == 0)> <Delay = 0.00>
ST_6 : Operation 226 [1/1] (0.00ns)   --->   "%trunc_ln101_64 = partselect i32 @_ssdm_op_PartSelect.i32.i512.i32.i32, i512 %AB_block_1_2_load, i32 128, i32 159" [../MLP_baseline/mm.cpp:101]   --->   Operation 226 'partselect' 'trunc_ln101_64' <Predicate = (trunc_ln96 == 1)> <Delay = 0.00>
ST_6 : Operation 227 [1/1] (0.00ns)   --->   "%trunc_ln101_65 = partselect i32 @_ssdm_op_PartSelect.i32.i512.i32.i32, i512 %AB_block_2_2_load, i32 128, i32 159" [../MLP_baseline/mm.cpp:101]   --->   Operation 227 'partselect' 'trunc_ln101_65' <Predicate = (trunc_ln96 == 2)> <Delay = 0.00>
ST_6 : Operation 228 [1/1] (0.00ns)   --->   "%trunc_ln101_66 = partselect i32 @_ssdm_op_PartSelect.i32.i512.i32.i32, i512 %AB_block_3_2_load, i32 128, i32 159" [../MLP_baseline/mm.cpp:101]   --->   Operation 228 'partselect' 'trunc_ln101_66' <Predicate = (trunc_ln96 == 3)> <Delay = 0.00>
ST_6 : Operation 229 [1/1] (0.00ns)   --->   "%trunc_ln101_67 = partselect i32 @_ssdm_op_PartSelect.i32.i512.i32.i32, i512 %AB_block_4_2_load, i32 128, i32 159" [../MLP_baseline/mm.cpp:101]   --->   Operation 229 'partselect' 'trunc_ln101_67' <Predicate = (trunc_ln96 == 4)> <Delay = 0.00>
ST_6 : Operation 230 [1/1] (0.00ns)   --->   "%trunc_ln101_68 = partselect i32 @_ssdm_op_PartSelect.i32.i512.i32.i32, i512 %AB_block_5_2_load, i32 128, i32 159" [../MLP_baseline/mm.cpp:101]   --->   Operation 230 'partselect' 'trunc_ln101_68' <Predicate = (trunc_ln96 == 5)> <Delay = 0.00>
ST_6 : Operation 231 [1/1] (0.00ns)   --->   "%trunc_ln101_69 = partselect i32 @_ssdm_op_PartSelect.i32.i512.i32.i32, i512 %AB_block_6_2_load, i32 128, i32 159" [../MLP_baseline/mm.cpp:101]   --->   Operation 231 'partselect' 'trunc_ln101_69' <Predicate = (trunc_ln96 == 6)> <Delay = 0.00>
ST_6 : Operation 232 [1/1] (0.00ns)   --->   "%trunc_ln101_70 = partselect i32 @_ssdm_op_PartSelect.i32.i512.i32.i32, i512 %AB_block_7_2_load, i32 128, i32 159" [../MLP_baseline/mm.cpp:101]   --->   Operation 232 'partselect' 'trunc_ln101_70' <Predicate = (trunc_ln96 == 7)> <Delay = 0.00>
ST_6 : Operation 233 [1/1] (0.00ns)   --->   "%trunc_ln101_71 = partselect i32 @_ssdm_op_PartSelect.i32.i512.i32.i32, i512 %AB_block_8_2_load, i32 128, i32 159" [../MLP_baseline/mm.cpp:101]   --->   Operation 233 'partselect' 'trunc_ln101_71' <Predicate = (trunc_ln96 == 8)> <Delay = 0.00>
ST_6 : Operation 234 [1/1] (0.00ns)   --->   "%trunc_ln101_72 = partselect i32 @_ssdm_op_PartSelect.i32.i512.i32.i32, i512 %AB_block_9_2_load, i32 128, i32 159" [../MLP_baseline/mm.cpp:101]   --->   Operation 234 'partselect' 'trunc_ln101_72' <Predicate = (trunc_ln96 == 9)> <Delay = 0.00>
ST_6 : Operation 235 [1/1] (0.00ns)   --->   "%trunc_ln101_73 = partselect i32 @_ssdm_op_PartSelect.i32.i512.i32.i32, i512 %AB_block_10_2_load, i32 128, i32 159" [../MLP_baseline/mm.cpp:101]   --->   Operation 235 'partselect' 'trunc_ln101_73' <Predicate = (trunc_ln96 == 10)> <Delay = 0.00>
ST_6 : Operation 236 [1/1] (0.00ns)   --->   "%trunc_ln101_74 = partselect i32 @_ssdm_op_PartSelect.i32.i512.i32.i32, i512 %AB_block_11_2_load, i32 128, i32 159" [../MLP_baseline/mm.cpp:101]   --->   Operation 236 'partselect' 'trunc_ln101_74' <Predicate = (trunc_ln96 == 11)> <Delay = 0.00>
ST_6 : Operation 237 [1/1] (0.00ns)   --->   "%trunc_ln101_75 = partselect i32 @_ssdm_op_PartSelect.i32.i512.i32.i32, i512 %AB_block_12_2_load, i32 128, i32 159" [../MLP_baseline/mm.cpp:101]   --->   Operation 237 'partselect' 'trunc_ln101_75' <Predicate = (trunc_ln96 == 12)> <Delay = 0.00>
ST_6 : Operation 238 [1/1] (0.00ns)   --->   "%trunc_ln101_76 = partselect i32 @_ssdm_op_PartSelect.i32.i512.i32.i32, i512 %AB_block_13_2_load, i32 128, i32 159" [../MLP_baseline/mm.cpp:101]   --->   Operation 238 'partselect' 'trunc_ln101_76' <Predicate = (trunc_ln96 == 13)> <Delay = 0.00>
ST_6 : Operation 239 [1/1] (0.00ns)   --->   "%trunc_ln101_77 = partselect i32 @_ssdm_op_PartSelect.i32.i512.i32.i32, i512 %AB_block_14_2_load, i32 128, i32 159" [../MLP_baseline/mm.cpp:101]   --->   Operation 239 'partselect' 'trunc_ln101_77' <Predicate = (trunc_ln96 == 14)> <Delay = 0.00>
ST_6 : Operation 240 [1/1] (0.00ns)   --->   "%trunc_ln101_78 = partselect i32 @_ssdm_op_PartSelect.i32.i512.i32.i32, i512 %AB_block_15_2_load, i32 128, i32 159" [../MLP_baseline/mm.cpp:101]   --->   Operation 240 'partselect' 'trunc_ln101_78' <Predicate = (trunc_ln96 == 15)> <Delay = 0.00>
ST_6 : Operation 241 [1/1] (2.06ns)   --->   "%tmp_4 = sparsemux i32 @_ssdm_op_SparseMux.ap_auto.16i32.i32.i4, i4 0, i32 %trunc_ln101_63, i4 1, i32 %trunc_ln101_64, i4 2, i32 %trunc_ln101_65, i4 3, i32 %trunc_ln101_66, i4 4, i32 %trunc_ln101_67, i4 5, i32 %trunc_ln101_68, i4 6, i32 %trunc_ln101_69, i4 7, i32 %trunc_ln101_70, i4 8, i32 %trunc_ln101_71, i4 9, i32 %trunc_ln101_72, i4 10, i32 %trunc_ln101_73, i4 11, i32 %trunc_ln101_74, i4 12, i32 %trunc_ln101_75, i4 13, i32 %trunc_ln101_76, i4 14, i32 %trunc_ln101_77, i4 15, i32 %trunc_ln101_78, i32 0, i4 %trunc_ln96" [../MLP_baseline/mm.cpp:101]   --->   Operation 241 'sparsemux' 'tmp_4' <Predicate = true> <Delay = 2.06> <CoreInst = "BinarySparseMux_DontCare">   --->   Core 137 'BinarySparseMux_DontCare' <Latency = 0> <II = 1> <Delay = 2.06> <FuncUnit> <Opcode : 'sparsemux'> <InPorts = 2> <OutPorts = 1>
ST_6 : Operation 242 [1/1] (2.55ns)   --->   "%add_ln101_4 = add i32 %tmp_4, i32 %mul_ln101_4" [../MLP_baseline/mm.cpp:101]   --->   Operation 242 'add' 'add_ln101_4' <Predicate = true> <Delay = 2.55> <CoreInst = "Adder">   --->   Core 1 'Adder' <Latency = 0> <II = 1> <Delay = 2.55> <FuncUnit> <Opcode : 'add' 'sub'> <InPorts = 2> <OutPorts = 1>
ST_6 : Operation 243 [1/1] (0.00ns)   --->   "%trunc_ln101_79 = partselect i32 @_ssdm_op_PartSelect.i32.i512.i32.i32, i512 %AB_block_0_2_load, i32 160, i32 191" [../MLP_baseline/mm.cpp:101]   --->   Operation 243 'partselect' 'trunc_ln101_79' <Predicate = (trunc_ln96 == 0)> <Delay = 0.00>
ST_6 : Operation 244 [1/1] (0.00ns)   --->   "%trunc_ln101_80 = partselect i32 @_ssdm_op_PartSelect.i32.i512.i32.i32, i512 %AB_block_1_2_load, i32 160, i32 191" [../MLP_baseline/mm.cpp:101]   --->   Operation 244 'partselect' 'trunc_ln101_80' <Predicate = (trunc_ln96 == 1)> <Delay = 0.00>
ST_6 : Operation 245 [1/1] (0.00ns)   --->   "%trunc_ln101_81 = partselect i32 @_ssdm_op_PartSelect.i32.i512.i32.i32, i512 %AB_block_2_2_load, i32 160, i32 191" [../MLP_baseline/mm.cpp:101]   --->   Operation 245 'partselect' 'trunc_ln101_81' <Predicate = (trunc_ln96 == 2)> <Delay = 0.00>
ST_6 : Operation 246 [1/1] (0.00ns)   --->   "%trunc_ln101_82 = partselect i32 @_ssdm_op_PartSelect.i32.i512.i32.i32, i512 %AB_block_3_2_load, i32 160, i32 191" [../MLP_baseline/mm.cpp:101]   --->   Operation 246 'partselect' 'trunc_ln101_82' <Predicate = (trunc_ln96 == 3)> <Delay = 0.00>
ST_6 : Operation 247 [1/1] (0.00ns)   --->   "%trunc_ln101_83 = partselect i32 @_ssdm_op_PartSelect.i32.i512.i32.i32, i512 %AB_block_4_2_load, i32 160, i32 191" [../MLP_baseline/mm.cpp:101]   --->   Operation 247 'partselect' 'trunc_ln101_83' <Predicate = (trunc_ln96 == 4)> <Delay = 0.00>
ST_6 : Operation 248 [1/1] (0.00ns)   --->   "%trunc_ln101_84 = partselect i32 @_ssdm_op_PartSelect.i32.i512.i32.i32, i512 %AB_block_5_2_load, i32 160, i32 191" [../MLP_baseline/mm.cpp:101]   --->   Operation 248 'partselect' 'trunc_ln101_84' <Predicate = (trunc_ln96 == 5)> <Delay = 0.00>
ST_6 : Operation 249 [1/1] (0.00ns)   --->   "%trunc_ln101_85 = partselect i32 @_ssdm_op_PartSelect.i32.i512.i32.i32, i512 %AB_block_6_2_load, i32 160, i32 191" [../MLP_baseline/mm.cpp:101]   --->   Operation 249 'partselect' 'trunc_ln101_85' <Predicate = (trunc_ln96 == 6)> <Delay = 0.00>
ST_6 : Operation 250 [1/1] (0.00ns)   --->   "%trunc_ln101_86 = partselect i32 @_ssdm_op_PartSelect.i32.i512.i32.i32, i512 %AB_block_7_2_load, i32 160, i32 191" [../MLP_baseline/mm.cpp:101]   --->   Operation 250 'partselect' 'trunc_ln101_86' <Predicate = (trunc_ln96 == 7)> <Delay = 0.00>
ST_6 : Operation 251 [1/1] (0.00ns)   --->   "%trunc_ln101_87 = partselect i32 @_ssdm_op_PartSelect.i32.i512.i32.i32, i512 %AB_block_8_2_load, i32 160, i32 191" [../MLP_baseline/mm.cpp:101]   --->   Operation 251 'partselect' 'trunc_ln101_87' <Predicate = (trunc_ln96 == 8)> <Delay = 0.00>
ST_6 : Operation 252 [1/1] (0.00ns)   --->   "%trunc_ln101_88 = partselect i32 @_ssdm_op_PartSelect.i32.i512.i32.i32, i512 %AB_block_9_2_load, i32 160, i32 191" [../MLP_baseline/mm.cpp:101]   --->   Operation 252 'partselect' 'trunc_ln101_88' <Predicate = (trunc_ln96 == 9)> <Delay = 0.00>
ST_6 : Operation 253 [1/1] (0.00ns)   --->   "%trunc_ln101_89 = partselect i32 @_ssdm_op_PartSelect.i32.i512.i32.i32, i512 %AB_block_10_2_load, i32 160, i32 191" [../MLP_baseline/mm.cpp:101]   --->   Operation 253 'partselect' 'trunc_ln101_89' <Predicate = (trunc_ln96 == 10)> <Delay = 0.00>
ST_6 : Operation 254 [1/1] (0.00ns)   --->   "%trunc_ln101_90 = partselect i32 @_ssdm_op_PartSelect.i32.i512.i32.i32, i512 %AB_block_11_2_load, i32 160, i32 191" [../MLP_baseline/mm.cpp:101]   --->   Operation 254 'partselect' 'trunc_ln101_90' <Predicate = (trunc_ln96 == 11)> <Delay = 0.00>
ST_6 : Operation 255 [1/1] (0.00ns)   --->   "%trunc_ln101_91 = partselect i32 @_ssdm_op_PartSelect.i32.i512.i32.i32, i512 %AB_block_12_2_load, i32 160, i32 191" [../MLP_baseline/mm.cpp:101]   --->   Operation 255 'partselect' 'trunc_ln101_91' <Predicate = (trunc_ln96 == 12)> <Delay = 0.00>
ST_6 : Operation 256 [1/1] (0.00ns)   --->   "%trunc_ln101_92 = partselect i32 @_ssdm_op_PartSelect.i32.i512.i32.i32, i512 %AB_block_13_2_load, i32 160, i32 191" [../MLP_baseline/mm.cpp:101]   --->   Operation 256 'partselect' 'trunc_ln101_92' <Predicate = (trunc_ln96 == 13)> <Delay = 0.00>
ST_6 : Operation 257 [1/1] (0.00ns)   --->   "%trunc_ln101_93 = partselect i32 @_ssdm_op_PartSelect.i32.i512.i32.i32, i512 %AB_block_14_2_load, i32 160, i32 191" [../MLP_baseline/mm.cpp:101]   --->   Operation 257 'partselect' 'trunc_ln101_93' <Predicate = (trunc_ln96 == 14)> <Delay = 0.00>
ST_6 : Operation 258 [1/1] (0.00ns)   --->   "%trunc_ln101_94 = partselect i32 @_ssdm_op_PartSelect.i32.i512.i32.i32, i512 %AB_block_15_2_load, i32 160, i32 191" [../MLP_baseline/mm.cpp:101]   --->   Operation 258 'partselect' 'trunc_ln101_94' <Predicate = (trunc_ln96 == 15)> <Delay = 0.00>
ST_6 : Operation 259 [1/1] (2.06ns)   --->   "%tmp_5 = sparsemux i32 @_ssdm_op_SparseMux.ap_auto.16i32.i32.i4, i4 0, i32 %trunc_ln101_79, i4 1, i32 %trunc_ln101_80, i4 2, i32 %trunc_ln101_81, i4 3, i32 %trunc_ln101_82, i4 4, i32 %trunc_ln101_83, i4 5, i32 %trunc_ln101_84, i4 6, i32 %trunc_ln101_85, i4 7, i32 %trunc_ln101_86, i4 8, i32 %trunc_ln101_87, i4 9, i32 %trunc_ln101_88, i4 10, i32 %trunc_ln101_89, i4 11, i32 %trunc_ln101_90, i4 12, i32 %trunc_ln101_91, i4 13, i32 %trunc_ln101_92, i4 14, i32 %trunc_ln101_93, i4 15, i32 %trunc_ln101_94, i32 0, i4 %trunc_ln96" [../MLP_baseline/mm.cpp:101]   --->   Operation 259 'sparsemux' 'tmp_5' <Predicate = true> <Delay = 2.06> <CoreInst = "BinarySparseMux_DontCare">   --->   Core 137 'BinarySparseMux_DontCare' <Latency = 0> <II = 1> <Delay = 2.06> <FuncUnit> <Opcode : 'sparsemux'> <InPorts = 2> <OutPorts = 1>
ST_6 : Operation 260 [1/1] (2.55ns)   --->   "%add_ln101_5 = add i32 %tmp_5, i32 %mul_ln101_5" [../MLP_baseline/mm.cpp:101]   --->   Operation 260 'add' 'add_ln101_5' <Predicate = true> <Delay = 2.55> <CoreInst = "Adder">   --->   Core 1 'Adder' <Latency = 0> <II = 1> <Delay = 2.55> <FuncUnit> <Opcode : 'add' 'sub'> <InPorts = 2> <OutPorts = 1>
ST_6 : Operation 261 [1/1] (0.00ns)   --->   "%trunc_ln101_95 = partselect i32 @_ssdm_op_PartSelect.i32.i512.i32.i32, i512 %AB_block_0_2_load, i32 192, i32 223" [../MLP_baseline/mm.cpp:101]   --->   Operation 261 'partselect' 'trunc_ln101_95' <Predicate = (trunc_ln96 == 0)> <Delay = 0.00>
ST_6 : Operation 262 [1/1] (0.00ns)   --->   "%trunc_ln101_96 = partselect i32 @_ssdm_op_PartSelect.i32.i512.i32.i32, i512 %AB_block_1_2_load, i32 192, i32 223" [../MLP_baseline/mm.cpp:101]   --->   Operation 262 'partselect' 'trunc_ln101_96' <Predicate = (trunc_ln96 == 1)> <Delay = 0.00>
ST_6 : Operation 263 [1/1] (0.00ns)   --->   "%trunc_ln101_97 = partselect i32 @_ssdm_op_PartSelect.i32.i512.i32.i32, i512 %AB_block_2_2_load, i32 192, i32 223" [../MLP_baseline/mm.cpp:101]   --->   Operation 263 'partselect' 'trunc_ln101_97' <Predicate = (trunc_ln96 == 2)> <Delay = 0.00>
ST_6 : Operation 264 [1/1] (0.00ns)   --->   "%trunc_ln101_98 = partselect i32 @_ssdm_op_PartSelect.i32.i512.i32.i32, i512 %AB_block_3_2_load, i32 192, i32 223" [../MLP_baseline/mm.cpp:101]   --->   Operation 264 'partselect' 'trunc_ln101_98' <Predicate = (trunc_ln96 == 3)> <Delay = 0.00>
ST_6 : Operation 265 [1/1] (0.00ns)   --->   "%trunc_ln101_99 = partselect i32 @_ssdm_op_PartSelect.i32.i512.i32.i32, i512 %AB_block_4_2_load, i32 192, i32 223" [../MLP_baseline/mm.cpp:101]   --->   Operation 265 'partselect' 'trunc_ln101_99' <Predicate = (trunc_ln96 == 4)> <Delay = 0.00>
ST_6 : Operation 266 [1/1] (0.00ns)   --->   "%trunc_ln101_100 = partselect i32 @_ssdm_op_PartSelect.i32.i512.i32.i32, i512 %AB_block_5_2_load, i32 192, i32 223" [../MLP_baseline/mm.cpp:101]   --->   Operation 266 'partselect' 'trunc_ln101_100' <Predicate = (trunc_ln96 == 5)> <Delay = 0.00>
ST_6 : Operation 267 [1/1] (0.00ns)   --->   "%trunc_ln101_101 = partselect i32 @_ssdm_op_PartSelect.i32.i512.i32.i32, i512 %AB_block_6_2_load, i32 192, i32 223" [../MLP_baseline/mm.cpp:101]   --->   Operation 267 'partselect' 'trunc_ln101_101' <Predicate = (trunc_ln96 == 6)> <Delay = 0.00>
ST_6 : Operation 268 [1/1] (0.00ns)   --->   "%trunc_ln101_102 = partselect i32 @_ssdm_op_PartSelect.i32.i512.i32.i32, i512 %AB_block_7_2_load, i32 192, i32 223" [../MLP_baseline/mm.cpp:101]   --->   Operation 268 'partselect' 'trunc_ln101_102' <Predicate = (trunc_ln96 == 7)> <Delay = 0.00>
ST_6 : Operation 269 [1/1] (0.00ns)   --->   "%trunc_ln101_103 = partselect i32 @_ssdm_op_PartSelect.i32.i512.i32.i32, i512 %AB_block_8_2_load, i32 192, i32 223" [../MLP_baseline/mm.cpp:101]   --->   Operation 269 'partselect' 'trunc_ln101_103' <Predicate = (trunc_ln96 == 8)> <Delay = 0.00>
ST_6 : Operation 270 [1/1] (0.00ns)   --->   "%trunc_ln101_104 = partselect i32 @_ssdm_op_PartSelect.i32.i512.i32.i32, i512 %AB_block_9_2_load, i32 192, i32 223" [../MLP_baseline/mm.cpp:101]   --->   Operation 270 'partselect' 'trunc_ln101_104' <Predicate = (trunc_ln96 == 9)> <Delay = 0.00>
ST_6 : Operation 271 [1/1] (0.00ns)   --->   "%trunc_ln101_105 = partselect i32 @_ssdm_op_PartSelect.i32.i512.i32.i32, i512 %AB_block_10_2_load, i32 192, i32 223" [../MLP_baseline/mm.cpp:101]   --->   Operation 271 'partselect' 'trunc_ln101_105' <Predicate = (trunc_ln96 == 10)> <Delay = 0.00>
ST_6 : Operation 272 [1/1] (0.00ns)   --->   "%trunc_ln101_106 = partselect i32 @_ssdm_op_PartSelect.i32.i512.i32.i32, i512 %AB_block_11_2_load, i32 192, i32 223" [../MLP_baseline/mm.cpp:101]   --->   Operation 272 'partselect' 'trunc_ln101_106' <Predicate = (trunc_ln96 == 11)> <Delay = 0.00>
ST_6 : Operation 273 [1/1] (0.00ns)   --->   "%trunc_ln101_107 = partselect i32 @_ssdm_op_PartSelect.i32.i512.i32.i32, i512 %AB_block_12_2_load, i32 192, i32 223" [../MLP_baseline/mm.cpp:101]   --->   Operation 273 'partselect' 'trunc_ln101_107' <Predicate = (trunc_ln96 == 12)> <Delay = 0.00>
ST_6 : Operation 274 [1/1] (0.00ns)   --->   "%trunc_ln101_108 = partselect i32 @_ssdm_op_PartSelect.i32.i512.i32.i32, i512 %AB_block_13_2_load, i32 192, i32 223" [../MLP_baseline/mm.cpp:101]   --->   Operation 274 'partselect' 'trunc_ln101_108' <Predicate = (trunc_ln96 == 13)> <Delay = 0.00>
ST_6 : Operation 275 [1/1] (0.00ns)   --->   "%trunc_ln101_109 = partselect i32 @_ssdm_op_PartSelect.i32.i512.i32.i32, i512 %AB_block_14_2_load, i32 192, i32 223" [../MLP_baseline/mm.cpp:101]   --->   Operation 275 'partselect' 'trunc_ln101_109' <Predicate = (trunc_ln96 == 14)> <Delay = 0.00>
ST_6 : Operation 276 [1/1] (0.00ns)   --->   "%trunc_ln101_110 = partselect i32 @_ssdm_op_PartSelect.i32.i512.i32.i32, i512 %AB_block_15_2_load, i32 192, i32 223" [../MLP_baseline/mm.cpp:101]   --->   Operation 276 'partselect' 'trunc_ln101_110' <Predicate = (trunc_ln96 == 15)> <Delay = 0.00>
ST_6 : Operation 277 [1/1] (2.06ns)   --->   "%tmp_6 = sparsemux i32 @_ssdm_op_SparseMux.ap_auto.16i32.i32.i4, i4 0, i32 %trunc_ln101_95, i4 1, i32 %trunc_ln101_96, i4 2, i32 %trunc_ln101_97, i4 3, i32 %trunc_ln101_98, i4 4, i32 %trunc_ln101_99, i4 5, i32 %trunc_ln101_100, i4 6, i32 %trunc_ln101_101, i4 7, i32 %trunc_ln101_102, i4 8, i32 %trunc_ln101_103, i4 9, i32 %trunc_ln101_104, i4 10, i32 %trunc_ln101_105, i4 11, i32 %trunc_ln101_106, i4 12, i32 %trunc_ln101_107, i4 13, i32 %trunc_ln101_108, i4 14, i32 %trunc_ln101_109, i4 15, i32 %trunc_ln101_110, i32 0, i4 %trunc_ln96" [../MLP_baseline/mm.cpp:101]   --->   Operation 277 'sparsemux' 'tmp_6' <Predicate = true> <Delay = 2.06> <CoreInst = "BinarySparseMux_DontCare">   --->   Core 137 'BinarySparseMux_DontCare' <Latency = 0> <II = 1> <Delay = 2.06> <FuncUnit> <Opcode : 'sparsemux'> <InPorts = 2> <OutPorts = 1>
ST_6 : Operation 278 [1/1] (2.55ns)   --->   "%add_ln101_6 = add i32 %tmp_6, i32 %mul_ln101_6" [../MLP_baseline/mm.cpp:101]   --->   Operation 278 'add' 'add_ln101_6' <Predicate = true> <Delay = 2.55> <CoreInst = "Adder">   --->   Core 1 'Adder' <Latency = 0> <II = 1> <Delay = 2.55> <FuncUnit> <Opcode : 'add' 'sub'> <InPorts = 2> <OutPorts = 1>
ST_6 : Operation 279 [1/1] (0.00ns)   --->   "%trunc_ln101_111 = partselect i32 @_ssdm_op_PartSelect.i32.i512.i32.i32, i512 %AB_block_0_2_load, i32 224, i32 255" [../MLP_baseline/mm.cpp:101]   --->   Operation 279 'partselect' 'trunc_ln101_111' <Predicate = (trunc_ln96 == 0)> <Delay = 0.00>
ST_6 : Operation 280 [1/1] (0.00ns)   --->   "%trunc_ln101_112 = partselect i32 @_ssdm_op_PartSelect.i32.i512.i32.i32, i512 %AB_block_1_2_load, i32 224, i32 255" [../MLP_baseline/mm.cpp:101]   --->   Operation 280 'partselect' 'trunc_ln101_112' <Predicate = (trunc_ln96 == 1)> <Delay = 0.00>
ST_6 : Operation 281 [1/1] (0.00ns)   --->   "%trunc_ln101_113 = partselect i32 @_ssdm_op_PartSelect.i32.i512.i32.i32, i512 %AB_block_2_2_load, i32 224, i32 255" [../MLP_baseline/mm.cpp:101]   --->   Operation 281 'partselect' 'trunc_ln101_113' <Predicate = (trunc_ln96 == 2)> <Delay = 0.00>
ST_6 : Operation 282 [1/1] (0.00ns)   --->   "%trunc_ln101_114 = partselect i32 @_ssdm_op_PartSelect.i32.i512.i32.i32, i512 %AB_block_3_2_load, i32 224, i32 255" [../MLP_baseline/mm.cpp:101]   --->   Operation 282 'partselect' 'trunc_ln101_114' <Predicate = (trunc_ln96 == 3)> <Delay = 0.00>
ST_6 : Operation 283 [1/1] (0.00ns)   --->   "%trunc_ln101_115 = partselect i32 @_ssdm_op_PartSelect.i32.i512.i32.i32, i512 %AB_block_4_2_load, i32 224, i32 255" [../MLP_baseline/mm.cpp:101]   --->   Operation 283 'partselect' 'trunc_ln101_115' <Predicate = (trunc_ln96 == 4)> <Delay = 0.00>
ST_6 : Operation 284 [1/1] (0.00ns)   --->   "%trunc_ln101_116 = partselect i32 @_ssdm_op_PartSelect.i32.i512.i32.i32, i512 %AB_block_5_2_load, i32 224, i32 255" [../MLP_baseline/mm.cpp:101]   --->   Operation 284 'partselect' 'trunc_ln101_116' <Predicate = (trunc_ln96 == 5)> <Delay = 0.00>
ST_6 : Operation 285 [1/1] (0.00ns)   --->   "%trunc_ln101_117 = partselect i32 @_ssdm_op_PartSelect.i32.i512.i32.i32, i512 %AB_block_6_2_load, i32 224, i32 255" [../MLP_baseline/mm.cpp:101]   --->   Operation 285 'partselect' 'trunc_ln101_117' <Predicate = (trunc_ln96 == 6)> <Delay = 0.00>
ST_6 : Operation 286 [1/1] (0.00ns)   --->   "%trunc_ln101_118 = partselect i32 @_ssdm_op_PartSelect.i32.i512.i32.i32, i512 %AB_block_7_2_load, i32 224, i32 255" [../MLP_baseline/mm.cpp:101]   --->   Operation 286 'partselect' 'trunc_ln101_118' <Predicate = (trunc_ln96 == 7)> <Delay = 0.00>
ST_6 : Operation 287 [1/1] (0.00ns)   --->   "%trunc_ln101_119 = partselect i32 @_ssdm_op_PartSelect.i32.i512.i32.i32, i512 %AB_block_8_2_load, i32 224, i32 255" [../MLP_baseline/mm.cpp:101]   --->   Operation 287 'partselect' 'trunc_ln101_119' <Predicate = (trunc_ln96 == 8)> <Delay = 0.00>
ST_6 : Operation 288 [1/1] (0.00ns)   --->   "%trunc_ln101_120 = partselect i32 @_ssdm_op_PartSelect.i32.i512.i32.i32, i512 %AB_block_9_2_load, i32 224, i32 255" [../MLP_baseline/mm.cpp:101]   --->   Operation 288 'partselect' 'trunc_ln101_120' <Predicate = (trunc_ln96 == 9)> <Delay = 0.00>
ST_6 : Operation 289 [1/1] (0.00ns)   --->   "%trunc_ln101_121 = partselect i32 @_ssdm_op_PartSelect.i32.i512.i32.i32, i512 %AB_block_10_2_load, i32 224, i32 255" [../MLP_baseline/mm.cpp:101]   --->   Operation 289 'partselect' 'trunc_ln101_121' <Predicate = (trunc_ln96 == 10)> <Delay = 0.00>
ST_6 : Operation 290 [1/1] (0.00ns)   --->   "%trunc_ln101_122 = partselect i32 @_ssdm_op_PartSelect.i32.i512.i32.i32, i512 %AB_block_11_2_load, i32 224, i32 255" [../MLP_baseline/mm.cpp:101]   --->   Operation 290 'partselect' 'trunc_ln101_122' <Predicate = (trunc_ln96 == 11)> <Delay = 0.00>
ST_6 : Operation 291 [1/1] (0.00ns)   --->   "%trunc_ln101_123 = partselect i32 @_ssdm_op_PartSelect.i32.i512.i32.i32, i512 %AB_block_12_2_load, i32 224, i32 255" [../MLP_baseline/mm.cpp:101]   --->   Operation 291 'partselect' 'trunc_ln101_123' <Predicate = (trunc_ln96 == 12)> <Delay = 0.00>
ST_6 : Operation 292 [1/1] (0.00ns)   --->   "%trunc_ln101_124 = partselect i32 @_ssdm_op_PartSelect.i32.i512.i32.i32, i512 %AB_block_13_2_load, i32 224, i32 255" [../MLP_baseline/mm.cpp:101]   --->   Operation 292 'partselect' 'trunc_ln101_124' <Predicate = (trunc_ln96 == 13)> <Delay = 0.00>
ST_6 : Operation 293 [1/1] (0.00ns)   --->   "%trunc_ln101_125 = partselect i32 @_ssdm_op_PartSelect.i32.i512.i32.i32, i512 %AB_block_14_2_load, i32 224, i32 255" [../MLP_baseline/mm.cpp:101]   --->   Operation 293 'partselect' 'trunc_ln101_125' <Predicate = (trunc_ln96 == 14)> <Delay = 0.00>
ST_6 : Operation 294 [1/1] (0.00ns)   --->   "%trunc_ln101_126 = partselect i32 @_ssdm_op_PartSelect.i32.i512.i32.i32, i512 %AB_block_15_2_load, i32 224, i32 255" [../MLP_baseline/mm.cpp:101]   --->   Operation 294 'partselect' 'trunc_ln101_126' <Predicate = (trunc_ln96 == 15)> <Delay = 0.00>
ST_6 : Operation 295 [1/1] (2.06ns)   --->   "%tmp_7 = sparsemux i32 @_ssdm_op_SparseMux.ap_auto.16i32.i32.i4, i4 0, i32 %trunc_ln101_111, i4 1, i32 %trunc_ln101_112, i4 2, i32 %trunc_ln101_113, i4 3, i32 %trunc_ln101_114, i4 4, i32 %trunc_ln101_115, i4 5, i32 %trunc_ln101_116, i4 6, i32 %trunc_ln101_117, i4 7, i32 %trunc_ln101_118, i4 8, i32 %trunc_ln101_119, i4 9, i32 %trunc_ln101_120, i4 10, i32 %trunc_ln101_121, i4 11, i32 %trunc_ln101_122, i4 12, i32 %trunc_ln101_123, i4 13, i32 %trunc_ln101_124, i4 14, i32 %trunc_ln101_125, i4 15, i32 %trunc_ln101_126, i32 0, i4 %trunc_ln96" [../MLP_baseline/mm.cpp:101]   --->   Operation 295 'sparsemux' 'tmp_7' <Predicate = true> <Delay = 2.06> <CoreInst = "BinarySparseMux_DontCare">   --->   Core 137 'BinarySparseMux_DontCare' <Latency = 0> <II = 1> <Delay = 2.06> <FuncUnit> <Opcode : 'sparsemux'> <InPorts = 2> <OutPorts = 1>
ST_6 : Operation 296 [1/1] (2.55ns)   --->   "%add_ln101_7 = add i32 %tmp_7, i32 %mul_ln101_7" [../MLP_baseline/mm.cpp:101]   --->   Operation 296 'add' 'add_ln101_7' <Predicate = true> <Delay = 2.55> <CoreInst = "Adder">   --->   Core 1 'Adder' <Latency = 0> <II = 1> <Delay = 2.55> <FuncUnit> <Opcode : 'add' 'sub'> <InPorts = 2> <OutPorts = 1>
ST_6 : Operation 297 [1/1] (0.00ns)   --->   "%trunc_ln101_127 = partselect i32 @_ssdm_op_PartSelect.i32.i512.i32.i32, i512 %AB_block_0_2_load, i32 256, i32 287" [../MLP_baseline/mm.cpp:101]   --->   Operation 297 'partselect' 'trunc_ln101_127' <Predicate = (trunc_ln96 == 0)> <Delay = 0.00>
ST_6 : Operation 298 [1/1] (0.00ns)   --->   "%trunc_ln101_128 = partselect i32 @_ssdm_op_PartSelect.i32.i512.i32.i32, i512 %AB_block_1_2_load, i32 256, i32 287" [../MLP_baseline/mm.cpp:101]   --->   Operation 298 'partselect' 'trunc_ln101_128' <Predicate = (trunc_ln96 == 1)> <Delay = 0.00>
ST_6 : Operation 299 [1/1] (0.00ns)   --->   "%trunc_ln101_129 = partselect i32 @_ssdm_op_PartSelect.i32.i512.i32.i32, i512 %AB_block_2_2_load, i32 256, i32 287" [../MLP_baseline/mm.cpp:101]   --->   Operation 299 'partselect' 'trunc_ln101_129' <Predicate = (trunc_ln96 == 2)> <Delay = 0.00>
ST_6 : Operation 300 [1/1] (0.00ns)   --->   "%trunc_ln101_130 = partselect i32 @_ssdm_op_PartSelect.i32.i512.i32.i32, i512 %AB_block_3_2_load, i32 256, i32 287" [../MLP_baseline/mm.cpp:101]   --->   Operation 300 'partselect' 'trunc_ln101_130' <Predicate = (trunc_ln96 == 3)> <Delay = 0.00>
ST_6 : Operation 301 [1/1] (0.00ns)   --->   "%trunc_ln101_131 = partselect i32 @_ssdm_op_PartSelect.i32.i512.i32.i32, i512 %AB_block_4_2_load, i32 256, i32 287" [../MLP_baseline/mm.cpp:101]   --->   Operation 301 'partselect' 'trunc_ln101_131' <Predicate = (trunc_ln96 == 4)> <Delay = 0.00>
ST_6 : Operation 302 [1/1] (0.00ns)   --->   "%trunc_ln101_132 = partselect i32 @_ssdm_op_PartSelect.i32.i512.i32.i32, i512 %AB_block_5_2_load, i32 256, i32 287" [../MLP_baseline/mm.cpp:101]   --->   Operation 302 'partselect' 'trunc_ln101_132' <Predicate = (trunc_ln96 == 5)> <Delay = 0.00>
ST_6 : Operation 303 [1/1] (0.00ns)   --->   "%trunc_ln101_133 = partselect i32 @_ssdm_op_PartSelect.i32.i512.i32.i32, i512 %AB_block_6_2_load, i32 256, i32 287" [../MLP_baseline/mm.cpp:101]   --->   Operation 303 'partselect' 'trunc_ln101_133' <Predicate = (trunc_ln96 == 6)> <Delay = 0.00>
ST_6 : Operation 304 [1/1] (0.00ns)   --->   "%trunc_ln101_134 = partselect i32 @_ssdm_op_PartSelect.i32.i512.i32.i32, i512 %AB_block_7_2_load, i32 256, i32 287" [../MLP_baseline/mm.cpp:101]   --->   Operation 304 'partselect' 'trunc_ln101_134' <Predicate = (trunc_ln96 == 7)> <Delay = 0.00>
ST_6 : Operation 305 [1/1] (0.00ns)   --->   "%trunc_ln101_135 = partselect i32 @_ssdm_op_PartSelect.i32.i512.i32.i32, i512 %AB_block_8_2_load, i32 256, i32 287" [../MLP_baseline/mm.cpp:101]   --->   Operation 305 'partselect' 'trunc_ln101_135' <Predicate = (trunc_ln96 == 8)> <Delay = 0.00>
ST_6 : Operation 306 [1/1] (0.00ns)   --->   "%trunc_ln101_136 = partselect i32 @_ssdm_op_PartSelect.i32.i512.i32.i32, i512 %AB_block_9_2_load, i32 256, i32 287" [../MLP_baseline/mm.cpp:101]   --->   Operation 306 'partselect' 'trunc_ln101_136' <Predicate = (trunc_ln96 == 9)> <Delay = 0.00>
ST_6 : Operation 307 [1/1] (0.00ns)   --->   "%trunc_ln101_137 = partselect i32 @_ssdm_op_PartSelect.i32.i512.i32.i32, i512 %AB_block_10_2_load, i32 256, i32 287" [../MLP_baseline/mm.cpp:101]   --->   Operation 307 'partselect' 'trunc_ln101_137' <Predicate = (trunc_ln96 == 10)> <Delay = 0.00>
ST_6 : Operation 308 [1/1] (0.00ns)   --->   "%trunc_ln101_138 = partselect i32 @_ssdm_op_PartSelect.i32.i512.i32.i32, i512 %AB_block_11_2_load, i32 256, i32 287" [../MLP_baseline/mm.cpp:101]   --->   Operation 308 'partselect' 'trunc_ln101_138' <Predicate = (trunc_ln96 == 11)> <Delay = 0.00>
ST_6 : Operation 309 [1/1] (0.00ns)   --->   "%trunc_ln101_139 = partselect i32 @_ssdm_op_PartSelect.i32.i512.i32.i32, i512 %AB_block_12_2_load, i32 256, i32 287" [../MLP_baseline/mm.cpp:101]   --->   Operation 309 'partselect' 'trunc_ln101_139' <Predicate = (trunc_ln96 == 12)> <Delay = 0.00>
ST_6 : Operation 310 [1/1] (0.00ns)   --->   "%trunc_ln101_140 = partselect i32 @_ssdm_op_PartSelect.i32.i512.i32.i32, i512 %AB_block_13_2_load, i32 256, i32 287" [../MLP_baseline/mm.cpp:101]   --->   Operation 310 'partselect' 'trunc_ln101_140' <Predicate = (trunc_ln96 == 13)> <Delay = 0.00>
ST_6 : Operation 311 [1/1] (0.00ns)   --->   "%trunc_ln101_141 = partselect i32 @_ssdm_op_PartSelect.i32.i512.i32.i32, i512 %AB_block_14_2_load, i32 256, i32 287" [../MLP_baseline/mm.cpp:101]   --->   Operation 311 'partselect' 'trunc_ln101_141' <Predicate = (trunc_ln96 == 14)> <Delay = 0.00>
ST_6 : Operation 312 [1/1] (0.00ns)   --->   "%trunc_ln101_142 = partselect i32 @_ssdm_op_PartSelect.i32.i512.i32.i32, i512 %AB_block_15_2_load, i32 256, i32 287" [../MLP_baseline/mm.cpp:101]   --->   Operation 312 'partselect' 'trunc_ln101_142' <Predicate = (trunc_ln96 == 15)> <Delay = 0.00>
ST_6 : Operation 313 [1/1] (2.06ns)   --->   "%tmp_8 = sparsemux i32 @_ssdm_op_SparseMux.ap_auto.16i32.i32.i4, i4 0, i32 %trunc_ln101_127, i4 1, i32 %trunc_ln101_128, i4 2, i32 %trunc_ln101_129, i4 3, i32 %trunc_ln101_130, i4 4, i32 %trunc_ln101_131, i4 5, i32 %trunc_ln101_132, i4 6, i32 %trunc_ln101_133, i4 7, i32 %trunc_ln101_134, i4 8, i32 %trunc_ln101_135, i4 9, i32 %trunc_ln101_136, i4 10, i32 %trunc_ln101_137, i4 11, i32 %trunc_ln101_138, i4 12, i32 %trunc_ln101_139, i4 13, i32 %trunc_ln101_140, i4 14, i32 %trunc_ln101_141, i4 15, i32 %trunc_ln101_142, i32 0, i4 %trunc_ln96" [../MLP_baseline/mm.cpp:101]   --->   Operation 313 'sparsemux' 'tmp_8' <Predicate = true> <Delay = 2.06> <CoreInst = "BinarySparseMux_DontCare">   --->   Core 137 'BinarySparseMux_DontCare' <Latency = 0> <II = 1> <Delay = 2.06> <FuncUnit> <Opcode : 'sparsemux'> <InPorts = 2> <OutPorts = 1>
ST_6 : Operation 314 [1/1] (2.55ns)   --->   "%add_ln101_8 = add i32 %tmp_8, i32 %mul_ln101_8" [../MLP_baseline/mm.cpp:101]   --->   Operation 314 'add' 'add_ln101_8' <Predicate = true> <Delay = 2.55> <CoreInst = "Adder">   --->   Core 1 'Adder' <Latency = 0> <II = 1> <Delay = 2.55> <FuncUnit> <Opcode : 'add' 'sub'> <InPorts = 2> <OutPorts = 1>
ST_6 : Operation 315 [1/1] (0.00ns)   --->   "%trunc_ln101_143 = partselect i32 @_ssdm_op_PartSelect.i32.i512.i32.i32, i512 %AB_block_0_2_load, i32 288, i32 319" [../MLP_baseline/mm.cpp:101]   --->   Operation 315 'partselect' 'trunc_ln101_143' <Predicate = (trunc_ln96 == 0)> <Delay = 0.00>
ST_6 : Operation 316 [1/1] (0.00ns)   --->   "%trunc_ln101_144 = partselect i32 @_ssdm_op_PartSelect.i32.i512.i32.i32, i512 %AB_block_1_2_load, i32 288, i32 319" [../MLP_baseline/mm.cpp:101]   --->   Operation 316 'partselect' 'trunc_ln101_144' <Predicate = (trunc_ln96 == 1)> <Delay = 0.00>
ST_6 : Operation 317 [1/1] (0.00ns)   --->   "%trunc_ln101_145 = partselect i32 @_ssdm_op_PartSelect.i32.i512.i32.i32, i512 %AB_block_2_2_load, i32 288, i32 319" [../MLP_baseline/mm.cpp:101]   --->   Operation 317 'partselect' 'trunc_ln101_145' <Predicate = (trunc_ln96 == 2)> <Delay = 0.00>
ST_6 : Operation 318 [1/1] (0.00ns)   --->   "%trunc_ln101_146 = partselect i32 @_ssdm_op_PartSelect.i32.i512.i32.i32, i512 %AB_block_3_2_load, i32 288, i32 319" [../MLP_baseline/mm.cpp:101]   --->   Operation 318 'partselect' 'trunc_ln101_146' <Predicate = (trunc_ln96 == 3)> <Delay = 0.00>
ST_6 : Operation 319 [1/1] (0.00ns)   --->   "%trunc_ln101_147 = partselect i32 @_ssdm_op_PartSelect.i32.i512.i32.i32, i512 %AB_block_4_2_load, i32 288, i32 319" [../MLP_baseline/mm.cpp:101]   --->   Operation 319 'partselect' 'trunc_ln101_147' <Predicate = (trunc_ln96 == 4)> <Delay = 0.00>
ST_6 : Operation 320 [1/1] (0.00ns)   --->   "%trunc_ln101_148 = partselect i32 @_ssdm_op_PartSelect.i32.i512.i32.i32, i512 %AB_block_5_2_load, i32 288, i32 319" [../MLP_baseline/mm.cpp:101]   --->   Operation 320 'partselect' 'trunc_ln101_148' <Predicate = (trunc_ln96 == 5)> <Delay = 0.00>
ST_6 : Operation 321 [1/1] (0.00ns)   --->   "%trunc_ln101_149 = partselect i32 @_ssdm_op_PartSelect.i32.i512.i32.i32, i512 %AB_block_6_2_load, i32 288, i32 319" [../MLP_baseline/mm.cpp:101]   --->   Operation 321 'partselect' 'trunc_ln101_149' <Predicate = (trunc_ln96 == 6)> <Delay = 0.00>
ST_6 : Operation 322 [1/1] (0.00ns)   --->   "%trunc_ln101_150 = partselect i32 @_ssdm_op_PartSelect.i32.i512.i32.i32, i512 %AB_block_7_2_load, i32 288, i32 319" [../MLP_baseline/mm.cpp:101]   --->   Operation 322 'partselect' 'trunc_ln101_150' <Predicate = (trunc_ln96 == 7)> <Delay = 0.00>
ST_6 : Operation 323 [1/1] (0.00ns)   --->   "%trunc_ln101_151 = partselect i32 @_ssdm_op_PartSelect.i32.i512.i32.i32, i512 %AB_block_8_2_load, i32 288, i32 319" [../MLP_baseline/mm.cpp:101]   --->   Operation 323 'partselect' 'trunc_ln101_151' <Predicate = (trunc_ln96 == 8)> <Delay = 0.00>
ST_6 : Operation 324 [1/1] (0.00ns)   --->   "%trunc_ln101_152 = partselect i32 @_ssdm_op_PartSelect.i32.i512.i32.i32, i512 %AB_block_9_2_load, i32 288, i32 319" [../MLP_baseline/mm.cpp:101]   --->   Operation 324 'partselect' 'trunc_ln101_152' <Predicate = (trunc_ln96 == 9)> <Delay = 0.00>
ST_6 : Operation 325 [1/1] (0.00ns)   --->   "%trunc_ln101_153 = partselect i32 @_ssdm_op_PartSelect.i32.i512.i32.i32, i512 %AB_block_10_2_load, i32 288, i32 319" [../MLP_baseline/mm.cpp:101]   --->   Operation 325 'partselect' 'trunc_ln101_153' <Predicate = (trunc_ln96 == 10)> <Delay = 0.00>
ST_6 : Operation 326 [1/1] (0.00ns)   --->   "%trunc_ln101_154 = partselect i32 @_ssdm_op_PartSelect.i32.i512.i32.i32, i512 %AB_block_11_2_load, i32 288, i32 319" [../MLP_baseline/mm.cpp:101]   --->   Operation 326 'partselect' 'trunc_ln101_154' <Predicate = (trunc_ln96 == 11)> <Delay = 0.00>
ST_6 : Operation 327 [1/1] (0.00ns)   --->   "%trunc_ln101_155 = partselect i32 @_ssdm_op_PartSelect.i32.i512.i32.i32, i512 %AB_block_12_2_load, i32 288, i32 319" [../MLP_baseline/mm.cpp:101]   --->   Operation 327 'partselect' 'trunc_ln101_155' <Predicate = (trunc_ln96 == 12)> <Delay = 0.00>
ST_6 : Operation 328 [1/1] (0.00ns)   --->   "%trunc_ln101_156 = partselect i32 @_ssdm_op_PartSelect.i32.i512.i32.i32, i512 %AB_block_13_2_load, i32 288, i32 319" [../MLP_baseline/mm.cpp:101]   --->   Operation 328 'partselect' 'trunc_ln101_156' <Predicate = (trunc_ln96 == 13)> <Delay = 0.00>
ST_6 : Operation 329 [1/1] (0.00ns)   --->   "%trunc_ln101_157 = partselect i32 @_ssdm_op_PartSelect.i32.i512.i32.i32, i512 %AB_block_14_2_load, i32 288, i32 319" [../MLP_baseline/mm.cpp:101]   --->   Operation 329 'partselect' 'trunc_ln101_157' <Predicate = (trunc_ln96 == 14)> <Delay = 0.00>
ST_6 : Operation 330 [1/1] (0.00ns)   --->   "%trunc_ln101_158 = partselect i32 @_ssdm_op_PartSelect.i32.i512.i32.i32, i512 %AB_block_15_2_load, i32 288, i32 319" [../MLP_baseline/mm.cpp:101]   --->   Operation 330 'partselect' 'trunc_ln101_158' <Predicate = (trunc_ln96 == 15)> <Delay = 0.00>
ST_6 : Operation 331 [1/1] (2.06ns)   --->   "%tmp_9 = sparsemux i32 @_ssdm_op_SparseMux.ap_auto.16i32.i32.i4, i4 0, i32 %trunc_ln101_143, i4 1, i32 %trunc_ln101_144, i4 2, i32 %trunc_ln101_145, i4 3, i32 %trunc_ln101_146, i4 4, i32 %trunc_ln101_147, i4 5, i32 %trunc_ln101_148, i4 6, i32 %trunc_ln101_149, i4 7, i32 %trunc_ln101_150, i4 8, i32 %trunc_ln101_151, i4 9, i32 %trunc_ln101_152, i4 10, i32 %trunc_ln101_153, i4 11, i32 %trunc_ln101_154, i4 12, i32 %trunc_ln101_155, i4 13, i32 %trunc_ln101_156, i4 14, i32 %trunc_ln101_157, i4 15, i32 %trunc_ln101_158, i32 0, i4 %trunc_ln96" [../MLP_baseline/mm.cpp:101]   --->   Operation 331 'sparsemux' 'tmp_9' <Predicate = true> <Delay = 2.06> <CoreInst = "BinarySparseMux_DontCare">   --->   Core 137 'BinarySparseMux_DontCare' <Latency = 0> <II = 1> <Delay = 2.06> <FuncUnit> <Opcode : 'sparsemux'> <InPorts = 2> <OutPorts = 1>
ST_6 : Operation 332 [1/1] (2.55ns)   --->   "%add_ln101_9 = add i32 %tmp_9, i32 %mul_ln101_9" [../MLP_baseline/mm.cpp:101]   --->   Operation 332 'add' 'add_ln101_9' <Predicate = true> <Delay = 2.55> <CoreInst = "Adder">   --->   Core 1 'Adder' <Latency = 0> <II = 1> <Delay = 2.55> <FuncUnit> <Opcode : 'add' 'sub'> <InPorts = 2> <OutPorts = 1>
ST_6 : Operation 333 [1/1] (0.00ns)   --->   "%trunc_ln101_159 = partselect i32 @_ssdm_op_PartSelect.i32.i512.i32.i32, i512 %AB_block_0_2_load, i32 320, i32 351" [../MLP_baseline/mm.cpp:101]   --->   Operation 333 'partselect' 'trunc_ln101_159' <Predicate = (trunc_ln96 == 0)> <Delay = 0.00>
ST_6 : Operation 334 [1/1] (0.00ns)   --->   "%trunc_ln101_160 = partselect i32 @_ssdm_op_PartSelect.i32.i512.i32.i32, i512 %AB_block_1_2_load, i32 320, i32 351" [../MLP_baseline/mm.cpp:101]   --->   Operation 334 'partselect' 'trunc_ln101_160' <Predicate = (trunc_ln96 == 1)> <Delay = 0.00>
ST_6 : Operation 335 [1/1] (0.00ns)   --->   "%trunc_ln101_161 = partselect i32 @_ssdm_op_PartSelect.i32.i512.i32.i32, i512 %AB_block_2_2_load, i32 320, i32 351" [../MLP_baseline/mm.cpp:101]   --->   Operation 335 'partselect' 'trunc_ln101_161' <Predicate = (trunc_ln96 == 2)> <Delay = 0.00>
ST_6 : Operation 336 [1/1] (0.00ns)   --->   "%trunc_ln101_162 = partselect i32 @_ssdm_op_PartSelect.i32.i512.i32.i32, i512 %AB_block_3_2_load, i32 320, i32 351" [../MLP_baseline/mm.cpp:101]   --->   Operation 336 'partselect' 'trunc_ln101_162' <Predicate = (trunc_ln96 == 3)> <Delay = 0.00>
ST_6 : Operation 337 [1/1] (0.00ns)   --->   "%trunc_ln101_163 = partselect i32 @_ssdm_op_PartSelect.i32.i512.i32.i32, i512 %AB_block_4_2_load, i32 320, i32 351" [../MLP_baseline/mm.cpp:101]   --->   Operation 337 'partselect' 'trunc_ln101_163' <Predicate = (trunc_ln96 == 4)> <Delay = 0.00>
ST_6 : Operation 338 [1/1] (0.00ns)   --->   "%trunc_ln101_164 = partselect i32 @_ssdm_op_PartSelect.i32.i512.i32.i32, i512 %AB_block_5_2_load, i32 320, i32 351" [../MLP_baseline/mm.cpp:101]   --->   Operation 338 'partselect' 'trunc_ln101_164' <Predicate = (trunc_ln96 == 5)> <Delay = 0.00>
ST_6 : Operation 339 [1/1] (0.00ns)   --->   "%trunc_ln101_165 = partselect i32 @_ssdm_op_PartSelect.i32.i512.i32.i32, i512 %AB_block_6_2_load, i32 320, i32 351" [../MLP_baseline/mm.cpp:101]   --->   Operation 339 'partselect' 'trunc_ln101_165' <Predicate = (trunc_ln96 == 6)> <Delay = 0.00>
ST_6 : Operation 340 [1/1] (0.00ns)   --->   "%trunc_ln101_166 = partselect i32 @_ssdm_op_PartSelect.i32.i512.i32.i32, i512 %AB_block_7_2_load, i32 320, i32 351" [../MLP_baseline/mm.cpp:101]   --->   Operation 340 'partselect' 'trunc_ln101_166' <Predicate = (trunc_ln96 == 7)> <Delay = 0.00>
ST_6 : Operation 341 [1/1] (0.00ns)   --->   "%trunc_ln101_167 = partselect i32 @_ssdm_op_PartSelect.i32.i512.i32.i32, i512 %AB_block_8_2_load, i32 320, i32 351" [../MLP_baseline/mm.cpp:101]   --->   Operation 341 'partselect' 'trunc_ln101_167' <Predicate = (trunc_ln96 == 8)> <Delay = 0.00>
ST_6 : Operation 342 [1/1] (0.00ns)   --->   "%trunc_ln101_168 = partselect i32 @_ssdm_op_PartSelect.i32.i512.i32.i32, i512 %AB_block_9_2_load, i32 320, i32 351" [../MLP_baseline/mm.cpp:101]   --->   Operation 342 'partselect' 'trunc_ln101_168' <Predicate = (trunc_ln96 == 9)> <Delay = 0.00>
ST_6 : Operation 343 [1/1] (0.00ns)   --->   "%trunc_ln101_169 = partselect i32 @_ssdm_op_PartSelect.i32.i512.i32.i32, i512 %AB_block_10_2_load, i32 320, i32 351" [../MLP_baseline/mm.cpp:101]   --->   Operation 343 'partselect' 'trunc_ln101_169' <Predicate = (trunc_ln96 == 10)> <Delay = 0.00>
ST_6 : Operation 344 [1/1] (0.00ns)   --->   "%trunc_ln101_170 = partselect i32 @_ssdm_op_PartSelect.i32.i512.i32.i32, i512 %AB_block_11_2_load, i32 320, i32 351" [../MLP_baseline/mm.cpp:101]   --->   Operation 344 'partselect' 'trunc_ln101_170' <Predicate = (trunc_ln96 == 11)> <Delay = 0.00>
ST_6 : Operation 345 [1/1] (0.00ns)   --->   "%trunc_ln101_171 = partselect i32 @_ssdm_op_PartSelect.i32.i512.i32.i32, i512 %AB_block_12_2_load, i32 320, i32 351" [../MLP_baseline/mm.cpp:101]   --->   Operation 345 'partselect' 'trunc_ln101_171' <Predicate = (trunc_ln96 == 12)> <Delay = 0.00>
ST_6 : Operation 346 [1/1] (0.00ns)   --->   "%trunc_ln101_172 = partselect i32 @_ssdm_op_PartSelect.i32.i512.i32.i32, i512 %AB_block_13_2_load, i32 320, i32 351" [../MLP_baseline/mm.cpp:101]   --->   Operation 346 'partselect' 'trunc_ln101_172' <Predicate = (trunc_ln96 == 13)> <Delay = 0.00>
ST_6 : Operation 347 [1/1] (0.00ns)   --->   "%trunc_ln101_173 = partselect i32 @_ssdm_op_PartSelect.i32.i512.i32.i32, i512 %AB_block_14_2_load, i32 320, i32 351" [../MLP_baseline/mm.cpp:101]   --->   Operation 347 'partselect' 'trunc_ln101_173' <Predicate = (trunc_ln96 == 14)> <Delay = 0.00>
ST_6 : Operation 348 [1/1] (0.00ns)   --->   "%trunc_ln101_174 = partselect i32 @_ssdm_op_PartSelect.i32.i512.i32.i32, i512 %AB_block_15_2_load, i32 320, i32 351" [../MLP_baseline/mm.cpp:101]   --->   Operation 348 'partselect' 'trunc_ln101_174' <Predicate = (trunc_ln96 == 15)> <Delay = 0.00>
ST_6 : Operation 349 [1/1] (2.06ns)   --->   "%tmp_10 = sparsemux i32 @_ssdm_op_SparseMux.ap_auto.16i32.i32.i4, i4 0, i32 %trunc_ln101_159, i4 1, i32 %trunc_ln101_160, i4 2, i32 %trunc_ln101_161, i4 3, i32 %trunc_ln101_162, i4 4, i32 %trunc_ln101_163, i4 5, i32 %trunc_ln101_164, i4 6, i32 %trunc_ln101_165, i4 7, i32 %trunc_ln101_166, i4 8, i32 %trunc_ln101_167, i4 9, i32 %trunc_ln101_168, i4 10, i32 %trunc_ln101_169, i4 11, i32 %trunc_ln101_170, i4 12, i32 %trunc_ln101_171, i4 13, i32 %trunc_ln101_172, i4 14, i32 %trunc_ln101_173, i4 15, i32 %trunc_ln101_174, i32 0, i4 %trunc_ln96" [../MLP_baseline/mm.cpp:101]   --->   Operation 349 'sparsemux' 'tmp_10' <Predicate = true> <Delay = 2.06> <CoreInst = "BinarySparseMux_DontCare">   --->   Core 137 'BinarySparseMux_DontCare' <Latency = 0> <II = 1> <Delay = 2.06> <FuncUnit> <Opcode : 'sparsemux'> <InPorts = 2> <OutPorts = 1>
ST_6 : Operation 350 [1/1] (2.55ns)   --->   "%add_ln101_10 = add i32 %tmp_10, i32 %mul_ln101_10" [../MLP_baseline/mm.cpp:101]   --->   Operation 350 'add' 'add_ln101_10' <Predicate = true> <Delay = 2.55> <CoreInst = "Adder">   --->   Core 1 'Adder' <Latency = 0> <II = 1> <Delay = 2.55> <FuncUnit> <Opcode : 'add' 'sub'> <InPorts = 2> <OutPorts = 1>
ST_6 : Operation 351 [1/1] (0.00ns)   --->   "%trunc_ln101_175 = partselect i32 @_ssdm_op_PartSelect.i32.i512.i32.i32, i512 %AB_block_0_2_load, i32 352, i32 383" [../MLP_baseline/mm.cpp:101]   --->   Operation 351 'partselect' 'trunc_ln101_175' <Predicate = (trunc_ln96 == 0)> <Delay = 0.00>
ST_6 : Operation 352 [1/1] (0.00ns)   --->   "%trunc_ln101_176 = partselect i32 @_ssdm_op_PartSelect.i32.i512.i32.i32, i512 %AB_block_1_2_load, i32 352, i32 383" [../MLP_baseline/mm.cpp:101]   --->   Operation 352 'partselect' 'trunc_ln101_176' <Predicate = (trunc_ln96 == 1)> <Delay = 0.00>
ST_6 : Operation 353 [1/1] (0.00ns)   --->   "%trunc_ln101_177 = partselect i32 @_ssdm_op_PartSelect.i32.i512.i32.i32, i512 %AB_block_2_2_load, i32 352, i32 383" [../MLP_baseline/mm.cpp:101]   --->   Operation 353 'partselect' 'trunc_ln101_177' <Predicate = (trunc_ln96 == 2)> <Delay = 0.00>
ST_6 : Operation 354 [1/1] (0.00ns)   --->   "%trunc_ln101_178 = partselect i32 @_ssdm_op_PartSelect.i32.i512.i32.i32, i512 %AB_block_3_2_load, i32 352, i32 383" [../MLP_baseline/mm.cpp:101]   --->   Operation 354 'partselect' 'trunc_ln101_178' <Predicate = (trunc_ln96 == 3)> <Delay = 0.00>
ST_6 : Operation 355 [1/1] (0.00ns)   --->   "%trunc_ln101_179 = partselect i32 @_ssdm_op_PartSelect.i32.i512.i32.i32, i512 %AB_block_4_2_load, i32 352, i32 383" [../MLP_baseline/mm.cpp:101]   --->   Operation 355 'partselect' 'trunc_ln101_179' <Predicate = (trunc_ln96 == 4)> <Delay = 0.00>
ST_6 : Operation 356 [1/1] (0.00ns)   --->   "%trunc_ln101_180 = partselect i32 @_ssdm_op_PartSelect.i32.i512.i32.i32, i512 %AB_block_5_2_load, i32 352, i32 383" [../MLP_baseline/mm.cpp:101]   --->   Operation 356 'partselect' 'trunc_ln101_180' <Predicate = (trunc_ln96 == 5)> <Delay = 0.00>
ST_6 : Operation 357 [1/1] (0.00ns)   --->   "%trunc_ln101_181 = partselect i32 @_ssdm_op_PartSelect.i32.i512.i32.i32, i512 %AB_block_6_2_load, i32 352, i32 383" [../MLP_baseline/mm.cpp:101]   --->   Operation 357 'partselect' 'trunc_ln101_181' <Predicate = (trunc_ln96 == 6)> <Delay = 0.00>
ST_6 : Operation 358 [1/1] (0.00ns)   --->   "%trunc_ln101_182 = partselect i32 @_ssdm_op_PartSelect.i32.i512.i32.i32, i512 %AB_block_7_2_load, i32 352, i32 383" [../MLP_baseline/mm.cpp:101]   --->   Operation 358 'partselect' 'trunc_ln101_182' <Predicate = (trunc_ln96 == 7)> <Delay = 0.00>
ST_6 : Operation 359 [1/1] (0.00ns)   --->   "%trunc_ln101_183 = partselect i32 @_ssdm_op_PartSelect.i32.i512.i32.i32, i512 %AB_block_8_2_load, i32 352, i32 383" [../MLP_baseline/mm.cpp:101]   --->   Operation 359 'partselect' 'trunc_ln101_183' <Predicate = (trunc_ln96 == 8)> <Delay = 0.00>
ST_6 : Operation 360 [1/1] (0.00ns)   --->   "%trunc_ln101_184 = partselect i32 @_ssdm_op_PartSelect.i32.i512.i32.i32, i512 %AB_block_9_2_load, i32 352, i32 383" [../MLP_baseline/mm.cpp:101]   --->   Operation 360 'partselect' 'trunc_ln101_184' <Predicate = (trunc_ln96 == 9)> <Delay = 0.00>
ST_6 : Operation 361 [1/1] (0.00ns)   --->   "%trunc_ln101_185 = partselect i32 @_ssdm_op_PartSelect.i32.i512.i32.i32, i512 %AB_block_10_2_load, i32 352, i32 383" [../MLP_baseline/mm.cpp:101]   --->   Operation 361 'partselect' 'trunc_ln101_185' <Predicate = (trunc_ln96 == 10)> <Delay = 0.00>
ST_6 : Operation 362 [1/1] (0.00ns)   --->   "%trunc_ln101_186 = partselect i32 @_ssdm_op_PartSelect.i32.i512.i32.i32, i512 %AB_block_11_2_load, i32 352, i32 383" [../MLP_baseline/mm.cpp:101]   --->   Operation 362 'partselect' 'trunc_ln101_186' <Predicate = (trunc_ln96 == 11)> <Delay = 0.00>
ST_6 : Operation 363 [1/1] (0.00ns)   --->   "%trunc_ln101_187 = partselect i32 @_ssdm_op_PartSelect.i32.i512.i32.i32, i512 %AB_block_12_2_load, i32 352, i32 383" [../MLP_baseline/mm.cpp:101]   --->   Operation 363 'partselect' 'trunc_ln101_187' <Predicate = (trunc_ln96 == 12)> <Delay = 0.00>
ST_6 : Operation 364 [1/1] (0.00ns)   --->   "%trunc_ln101_188 = partselect i32 @_ssdm_op_PartSelect.i32.i512.i32.i32, i512 %AB_block_13_2_load, i32 352, i32 383" [../MLP_baseline/mm.cpp:101]   --->   Operation 364 'partselect' 'trunc_ln101_188' <Predicate = (trunc_ln96 == 13)> <Delay = 0.00>
ST_6 : Operation 365 [1/1] (0.00ns)   --->   "%trunc_ln101_189 = partselect i32 @_ssdm_op_PartSelect.i32.i512.i32.i32, i512 %AB_block_14_2_load, i32 352, i32 383" [../MLP_baseline/mm.cpp:101]   --->   Operation 365 'partselect' 'trunc_ln101_189' <Predicate = (trunc_ln96 == 14)> <Delay = 0.00>
ST_6 : Operation 366 [1/1] (0.00ns)   --->   "%trunc_ln101_190 = partselect i32 @_ssdm_op_PartSelect.i32.i512.i32.i32, i512 %AB_block_15_2_load, i32 352, i32 383" [../MLP_baseline/mm.cpp:101]   --->   Operation 366 'partselect' 'trunc_ln101_190' <Predicate = (trunc_ln96 == 15)> <Delay = 0.00>
ST_6 : Operation 367 [1/1] (2.06ns)   --->   "%tmp_11 = sparsemux i32 @_ssdm_op_SparseMux.ap_auto.16i32.i32.i4, i4 0, i32 %trunc_ln101_175, i4 1, i32 %trunc_ln101_176, i4 2, i32 %trunc_ln101_177, i4 3, i32 %trunc_ln101_178, i4 4, i32 %trunc_ln101_179, i4 5, i32 %trunc_ln101_180, i4 6, i32 %trunc_ln101_181, i4 7, i32 %trunc_ln101_182, i4 8, i32 %trunc_ln101_183, i4 9, i32 %trunc_ln101_184, i4 10, i32 %trunc_ln101_185, i4 11, i32 %trunc_ln101_186, i4 12, i32 %trunc_ln101_187, i4 13, i32 %trunc_ln101_188, i4 14, i32 %trunc_ln101_189, i4 15, i32 %trunc_ln101_190, i32 0, i4 %trunc_ln96" [../MLP_baseline/mm.cpp:101]   --->   Operation 367 'sparsemux' 'tmp_11' <Predicate = true> <Delay = 2.06> <CoreInst = "BinarySparseMux_DontCare">   --->   Core 137 'BinarySparseMux_DontCare' <Latency = 0> <II = 1> <Delay = 2.06> <FuncUnit> <Opcode : 'sparsemux'> <InPorts = 2> <OutPorts = 1>
ST_6 : Operation 368 [1/1] (2.55ns)   --->   "%add_ln101_11 = add i32 %tmp_11, i32 %mul_ln101_11" [../MLP_baseline/mm.cpp:101]   --->   Operation 368 'add' 'add_ln101_11' <Predicate = true> <Delay = 2.55> <CoreInst = "Adder">   --->   Core 1 'Adder' <Latency = 0> <II = 1> <Delay = 2.55> <FuncUnit> <Opcode : 'add' 'sub'> <InPorts = 2> <OutPorts = 1>
ST_6 : Operation 369 [1/1] (0.00ns)   --->   "%trunc_ln101_191 = partselect i32 @_ssdm_op_PartSelect.i32.i512.i32.i32, i512 %AB_block_0_2_load, i32 384, i32 415" [../MLP_baseline/mm.cpp:101]   --->   Operation 369 'partselect' 'trunc_ln101_191' <Predicate = (trunc_ln96 == 0)> <Delay = 0.00>
ST_6 : Operation 370 [1/1] (0.00ns)   --->   "%trunc_ln101_192 = partselect i32 @_ssdm_op_PartSelect.i32.i512.i32.i32, i512 %AB_block_1_2_load, i32 384, i32 415" [../MLP_baseline/mm.cpp:101]   --->   Operation 370 'partselect' 'trunc_ln101_192' <Predicate = (trunc_ln96 == 1)> <Delay = 0.00>
ST_6 : Operation 371 [1/1] (0.00ns)   --->   "%trunc_ln101_193 = partselect i32 @_ssdm_op_PartSelect.i32.i512.i32.i32, i512 %AB_block_2_2_load, i32 384, i32 415" [../MLP_baseline/mm.cpp:101]   --->   Operation 371 'partselect' 'trunc_ln101_193' <Predicate = (trunc_ln96 == 2)> <Delay = 0.00>
ST_6 : Operation 372 [1/1] (0.00ns)   --->   "%trunc_ln101_194 = partselect i32 @_ssdm_op_PartSelect.i32.i512.i32.i32, i512 %AB_block_3_2_load, i32 384, i32 415" [../MLP_baseline/mm.cpp:101]   --->   Operation 372 'partselect' 'trunc_ln101_194' <Predicate = (trunc_ln96 == 3)> <Delay = 0.00>
ST_6 : Operation 373 [1/1] (0.00ns)   --->   "%trunc_ln101_195 = partselect i32 @_ssdm_op_PartSelect.i32.i512.i32.i32, i512 %AB_block_4_2_load, i32 384, i32 415" [../MLP_baseline/mm.cpp:101]   --->   Operation 373 'partselect' 'trunc_ln101_195' <Predicate = (trunc_ln96 == 4)> <Delay = 0.00>
ST_6 : Operation 374 [1/1] (0.00ns)   --->   "%trunc_ln101_196 = partselect i32 @_ssdm_op_PartSelect.i32.i512.i32.i32, i512 %AB_block_5_2_load, i32 384, i32 415" [../MLP_baseline/mm.cpp:101]   --->   Operation 374 'partselect' 'trunc_ln101_196' <Predicate = (trunc_ln96 == 5)> <Delay = 0.00>
ST_6 : Operation 375 [1/1] (0.00ns)   --->   "%trunc_ln101_197 = partselect i32 @_ssdm_op_PartSelect.i32.i512.i32.i32, i512 %AB_block_6_2_load, i32 384, i32 415" [../MLP_baseline/mm.cpp:101]   --->   Operation 375 'partselect' 'trunc_ln101_197' <Predicate = (trunc_ln96 == 6)> <Delay = 0.00>
ST_6 : Operation 376 [1/1] (0.00ns)   --->   "%trunc_ln101_198 = partselect i32 @_ssdm_op_PartSelect.i32.i512.i32.i32, i512 %AB_block_7_2_load, i32 384, i32 415" [../MLP_baseline/mm.cpp:101]   --->   Operation 376 'partselect' 'trunc_ln101_198' <Predicate = (trunc_ln96 == 7)> <Delay = 0.00>
ST_6 : Operation 377 [1/1] (0.00ns)   --->   "%trunc_ln101_199 = partselect i32 @_ssdm_op_PartSelect.i32.i512.i32.i32, i512 %AB_block_8_2_load, i32 384, i32 415" [../MLP_baseline/mm.cpp:101]   --->   Operation 377 'partselect' 'trunc_ln101_199' <Predicate = (trunc_ln96 == 8)> <Delay = 0.00>
ST_6 : Operation 378 [1/1] (0.00ns)   --->   "%trunc_ln101_200 = partselect i32 @_ssdm_op_PartSelect.i32.i512.i32.i32, i512 %AB_block_9_2_load, i32 384, i32 415" [../MLP_baseline/mm.cpp:101]   --->   Operation 378 'partselect' 'trunc_ln101_200' <Predicate = (trunc_ln96 == 9)> <Delay = 0.00>
ST_6 : Operation 379 [1/1] (0.00ns)   --->   "%trunc_ln101_201 = partselect i32 @_ssdm_op_PartSelect.i32.i512.i32.i32, i512 %AB_block_10_2_load, i32 384, i32 415" [../MLP_baseline/mm.cpp:101]   --->   Operation 379 'partselect' 'trunc_ln101_201' <Predicate = (trunc_ln96 == 10)> <Delay = 0.00>
ST_6 : Operation 380 [1/1] (0.00ns)   --->   "%trunc_ln101_202 = partselect i32 @_ssdm_op_PartSelect.i32.i512.i32.i32, i512 %AB_block_11_2_load, i32 384, i32 415" [../MLP_baseline/mm.cpp:101]   --->   Operation 380 'partselect' 'trunc_ln101_202' <Predicate = (trunc_ln96 == 11)> <Delay = 0.00>
ST_6 : Operation 381 [1/1] (0.00ns)   --->   "%trunc_ln101_203 = partselect i32 @_ssdm_op_PartSelect.i32.i512.i32.i32, i512 %AB_block_12_2_load, i32 384, i32 415" [../MLP_baseline/mm.cpp:101]   --->   Operation 381 'partselect' 'trunc_ln101_203' <Predicate = (trunc_ln96 == 12)> <Delay = 0.00>
ST_6 : Operation 382 [1/1] (0.00ns)   --->   "%trunc_ln101_204 = partselect i32 @_ssdm_op_PartSelect.i32.i512.i32.i32, i512 %AB_block_13_2_load, i32 384, i32 415" [../MLP_baseline/mm.cpp:101]   --->   Operation 382 'partselect' 'trunc_ln101_204' <Predicate = (trunc_ln96 == 13)> <Delay = 0.00>
ST_6 : Operation 383 [1/1] (0.00ns)   --->   "%trunc_ln101_205 = partselect i32 @_ssdm_op_PartSelect.i32.i512.i32.i32, i512 %AB_block_14_2_load, i32 384, i32 415" [../MLP_baseline/mm.cpp:101]   --->   Operation 383 'partselect' 'trunc_ln101_205' <Predicate = (trunc_ln96 == 14)> <Delay = 0.00>
ST_6 : Operation 384 [1/1] (0.00ns)   --->   "%trunc_ln101_206 = partselect i32 @_ssdm_op_PartSelect.i32.i512.i32.i32, i512 %AB_block_15_2_load, i32 384, i32 415" [../MLP_baseline/mm.cpp:101]   --->   Operation 384 'partselect' 'trunc_ln101_206' <Predicate = (trunc_ln96 == 15)> <Delay = 0.00>
ST_6 : Operation 385 [1/1] (2.06ns)   --->   "%tmp_12 = sparsemux i32 @_ssdm_op_SparseMux.ap_auto.16i32.i32.i4, i4 0, i32 %trunc_ln101_191, i4 1, i32 %trunc_ln101_192, i4 2, i32 %trunc_ln101_193, i4 3, i32 %trunc_ln101_194, i4 4, i32 %trunc_ln101_195, i4 5, i32 %trunc_ln101_196, i4 6, i32 %trunc_ln101_197, i4 7, i32 %trunc_ln101_198, i4 8, i32 %trunc_ln101_199, i4 9, i32 %trunc_ln101_200, i4 10, i32 %trunc_ln101_201, i4 11, i32 %trunc_ln101_202, i4 12, i32 %trunc_ln101_203, i4 13, i32 %trunc_ln101_204, i4 14, i32 %trunc_ln101_205, i4 15, i32 %trunc_ln101_206, i32 0, i4 %trunc_ln96" [../MLP_baseline/mm.cpp:101]   --->   Operation 385 'sparsemux' 'tmp_12' <Predicate = true> <Delay = 2.06> <CoreInst = "BinarySparseMux_DontCare">   --->   Core 137 'BinarySparseMux_DontCare' <Latency = 0> <II = 1> <Delay = 2.06> <FuncUnit> <Opcode : 'sparsemux'> <InPorts = 2> <OutPorts = 1>
ST_6 : Operation 386 [1/1] (2.55ns)   --->   "%add_ln101_12 = add i32 %tmp_12, i32 %mul_ln101_12" [../MLP_baseline/mm.cpp:101]   --->   Operation 386 'add' 'add_ln101_12' <Predicate = true> <Delay = 2.55> <CoreInst = "Adder">   --->   Core 1 'Adder' <Latency = 0> <II = 1> <Delay = 2.55> <FuncUnit> <Opcode : 'add' 'sub'> <InPorts = 2> <OutPorts = 1>
ST_6 : Operation 387 [1/1] (0.00ns)   --->   "%trunc_ln101_207 = partselect i32 @_ssdm_op_PartSelect.i32.i512.i32.i32, i512 %AB_block_0_2_load, i32 416, i32 447" [../MLP_baseline/mm.cpp:101]   --->   Operation 387 'partselect' 'trunc_ln101_207' <Predicate = (trunc_ln96 == 0)> <Delay = 0.00>
ST_6 : Operation 388 [1/1] (0.00ns)   --->   "%trunc_ln101_208 = partselect i32 @_ssdm_op_PartSelect.i32.i512.i32.i32, i512 %AB_block_1_2_load, i32 416, i32 447" [../MLP_baseline/mm.cpp:101]   --->   Operation 388 'partselect' 'trunc_ln101_208' <Predicate = (trunc_ln96 == 1)> <Delay = 0.00>
ST_6 : Operation 389 [1/1] (0.00ns)   --->   "%trunc_ln101_209 = partselect i32 @_ssdm_op_PartSelect.i32.i512.i32.i32, i512 %AB_block_2_2_load, i32 416, i32 447" [../MLP_baseline/mm.cpp:101]   --->   Operation 389 'partselect' 'trunc_ln101_209' <Predicate = (trunc_ln96 == 2)> <Delay = 0.00>
ST_6 : Operation 390 [1/1] (0.00ns)   --->   "%trunc_ln101_210 = partselect i32 @_ssdm_op_PartSelect.i32.i512.i32.i32, i512 %AB_block_3_2_load, i32 416, i32 447" [../MLP_baseline/mm.cpp:101]   --->   Operation 390 'partselect' 'trunc_ln101_210' <Predicate = (trunc_ln96 == 3)> <Delay = 0.00>
ST_6 : Operation 391 [1/1] (0.00ns)   --->   "%trunc_ln101_211 = partselect i32 @_ssdm_op_PartSelect.i32.i512.i32.i32, i512 %AB_block_4_2_load, i32 416, i32 447" [../MLP_baseline/mm.cpp:101]   --->   Operation 391 'partselect' 'trunc_ln101_211' <Predicate = (trunc_ln96 == 4)> <Delay = 0.00>
ST_6 : Operation 392 [1/1] (0.00ns)   --->   "%trunc_ln101_212 = partselect i32 @_ssdm_op_PartSelect.i32.i512.i32.i32, i512 %AB_block_5_2_load, i32 416, i32 447" [../MLP_baseline/mm.cpp:101]   --->   Operation 392 'partselect' 'trunc_ln101_212' <Predicate = (trunc_ln96 == 5)> <Delay = 0.00>
ST_6 : Operation 393 [1/1] (0.00ns)   --->   "%trunc_ln101_213 = partselect i32 @_ssdm_op_PartSelect.i32.i512.i32.i32, i512 %AB_block_6_2_load, i32 416, i32 447" [../MLP_baseline/mm.cpp:101]   --->   Operation 393 'partselect' 'trunc_ln101_213' <Predicate = (trunc_ln96 == 6)> <Delay = 0.00>
ST_6 : Operation 394 [1/1] (0.00ns)   --->   "%trunc_ln101_214 = partselect i32 @_ssdm_op_PartSelect.i32.i512.i32.i32, i512 %AB_block_7_2_load, i32 416, i32 447" [../MLP_baseline/mm.cpp:101]   --->   Operation 394 'partselect' 'trunc_ln101_214' <Predicate = (trunc_ln96 == 7)> <Delay = 0.00>
ST_6 : Operation 395 [1/1] (0.00ns)   --->   "%trunc_ln101_215 = partselect i32 @_ssdm_op_PartSelect.i32.i512.i32.i32, i512 %AB_block_8_2_load, i32 416, i32 447" [../MLP_baseline/mm.cpp:101]   --->   Operation 395 'partselect' 'trunc_ln101_215' <Predicate = (trunc_ln96 == 8)> <Delay = 0.00>
ST_6 : Operation 396 [1/1] (0.00ns)   --->   "%trunc_ln101_216 = partselect i32 @_ssdm_op_PartSelect.i32.i512.i32.i32, i512 %AB_block_9_2_load, i32 416, i32 447" [../MLP_baseline/mm.cpp:101]   --->   Operation 396 'partselect' 'trunc_ln101_216' <Predicate = (trunc_ln96 == 9)> <Delay = 0.00>
ST_6 : Operation 397 [1/1] (0.00ns)   --->   "%trunc_ln101_217 = partselect i32 @_ssdm_op_PartSelect.i32.i512.i32.i32, i512 %AB_block_10_2_load, i32 416, i32 447" [../MLP_baseline/mm.cpp:101]   --->   Operation 397 'partselect' 'trunc_ln101_217' <Predicate = (trunc_ln96 == 10)> <Delay = 0.00>
ST_6 : Operation 398 [1/1] (0.00ns)   --->   "%trunc_ln101_218 = partselect i32 @_ssdm_op_PartSelect.i32.i512.i32.i32, i512 %AB_block_11_2_load, i32 416, i32 447" [../MLP_baseline/mm.cpp:101]   --->   Operation 398 'partselect' 'trunc_ln101_218' <Predicate = (trunc_ln96 == 11)> <Delay = 0.00>
ST_6 : Operation 399 [1/1] (0.00ns)   --->   "%trunc_ln101_219 = partselect i32 @_ssdm_op_PartSelect.i32.i512.i32.i32, i512 %AB_block_12_2_load, i32 416, i32 447" [../MLP_baseline/mm.cpp:101]   --->   Operation 399 'partselect' 'trunc_ln101_219' <Predicate = (trunc_ln96 == 12)> <Delay = 0.00>
ST_6 : Operation 400 [1/1] (0.00ns)   --->   "%trunc_ln101_220 = partselect i32 @_ssdm_op_PartSelect.i32.i512.i32.i32, i512 %AB_block_13_2_load, i32 416, i32 447" [../MLP_baseline/mm.cpp:101]   --->   Operation 400 'partselect' 'trunc_ln101_220' <Predicate = (trunc_ln96 == 13)> <Delay = 0.00>
ST_6 : Operation 401 [1/1] (0.00ns)   --->   "%trunc_ln101_221 = partselect i32 @_ssdm_op_PartSelect.i32.i512.i32.i32, i512 %AB_block_14_2_load, i32 416, i32 447" [../MLP_baseline/mm.cpp:101]   --->   Operation 401 'partselect' 'trunc_ln101_221' <Predicate = (trunc_ln96 == 14)> <Delay = 0.00>
ST_6 : Operation 402 [1/1] (0.00ns)   --->   "%trunc_ln101_222 = partselect i32 @_ssdm_op_PartSelect.i32.i512.i32.i32, i512 %AB_block_15_2_load, i32 416, i32 447" [../MLP_baseline/mm.cpp:101]   --->   Operation 402 'partselect' 'trunc_ln101_222' <Predicate = (trunc_ln96 == 15)> <Delay = 0.00>
ST_6 : Operation 403 [1/1] (2.06ns)   --->   "%tmp_13 = sparsemux i32 @_ssdm_op_SparseMux.ap_auto.16i32.i32.i4, i4 0, i32 %trunc_ln101_207, i4 1, i32 %trunc_ln101_208, i4 2, i32 %trunc_ln101_209, i4 3, i32 %trunc_ln101_210, i4 4, i32 %trunc_ln101_211, i4 5, i32 %trunc_ln101_212, i4 6, i32 %trunc_ln101_213, i4 7, i32 %trunc_ln101_214, i4 8, i32 %trunc_ln101_215, i4 9, i32 %trunc_ln101_216, i4 10, i32 %trunc_ln101_217, i4 11, i32 %trunc_ln101_218, i4 12, i32 %trunc_ln101_219, i4 13, i32 %trunc_ln101_220, i4 14, i32 %trunc_ln101_221, i4 15, i32 %trunc_ln101_222, i32 0, i4 %trunc_ln96" [../MLP_baseline/mm.cpp:101]   --->   Operation 403 'sparsemux' 'tmp_13' <Predicate = true> <Delay = 2.06> <CoreInst = "BinarySparseMux_DontCare">   --->   Core 137 'BinarySparseMux_DontCare' <Latency = 0> <II = 1> <Delay = 2.06> <FuncUnit> <Opcode : 'sparsemux'> <InPorts = 2> <OutPorts = 1>
ST_6 : Operation 404 [1/1] (2.55ns)   --->   "%add_ln101_13 = add i32 %tmp_13, i32 %mul_ln101_13" [../MLP_baseline/mm.cpp:101]   --->   Operation 404 'add' 'add_ln101_13' <Predicate = true> <Delay = 2.55> <CoreInst = "Adder">   --->   Core 1 'Adder' <Latency = 0> <II = 1> <Delay = 2.55> <FuncUnit> <Opcode : 'add' 'sub'> <InPorts = 2> <OutPorts = 1>
ST_6 : Operation 405 [1/1] (0.00ns)   --->   "%trunc_ln101_223 = partselect i32 @_ssdm_op_PartSelect.i32.i512.i32.i32, i512 %AB_block_0_2_load, i32 448, i32 479" [../MLP_baseline/mm.cpp:101]   --->   Operation 405 'partselect' 'trunc_ln101_223' <Predicate = (trunc_ln96 == 0)> <Delay = 0.00>
ST_6 : Operation 406 [1/1] (0.00ns)   --->   "%trunc_ln101_224 = partselect i32 @_ssdm_op_PartSelect.i32.i512.i32.i32, i512 %AB_block_1_2_load, i32 448, i32 479" [../MLP_baseline/mm.cpp:101]   --->   Operation 406 'partselect' 'trunc_ln101_224' <Predicate = (trunc_ln96 == 1)> <Delay = 0.00>
ST_6 : Operation 407 [1/1] (0.00ns)   --->   "%trunc_ln101_225 = partselect i32 @_ssdm_op_PartSelect.i32.i512.i32.i32, i512 %AB_block_2_2_load, i32 448, i32 479" [../MLP_baseline/mm.cpp:101]   --->   Operation 407 'partselect' 'trunc_ln101_225' <Predicate = (trunc_ln96 == 2)> <Delay = 0.00>
ST_6 : Operation 408 [1/1] (0.00ns)   --->   "%trunc_ln101_226 = partselect i32 @_ssdm_op_PartSelect.i32.i512.i32.i32, i512 %AB_block_3_2_load, i32 448, i32 479" [../MLP_baseline/mm.cpp:101]   --->   Operation 408 'partselect' 'trunc_ln101_226' <Predicate = (trunc_ln96 == 3)> <Delay = 0.00>
ST_6 : Operation 409 [1/1] (0.00ns)   --->   "%trunc_ln101_227 = partselect i32 @_ssdm_op_PartSelect.i32.i512.i32.i32, i512 %AB_block_4_2_load, i32 448, i32 479" [../MLP_baseline/mm.cpp:101]   --->   Operation 409 'partselect' 'trunc_ln101_227' <Predicate = (trunc_ln96 == 4)> <Delay = 0.00>
ST_6 : Operation 410 [1/1] (0.00ns)   --->   "%trunc_ln101_228 = partselect i32 @_ssdm_op_PartSelect.i32.i512.i32.i32, i512 %AB_block_5_2_load, i32 448, i32 479" [../MLP_baseline/mm.cpp:101]   --->   Operation 410 'partselect' 'trunc_ln101_228' <Predicate = (trunc_ln96 == 5)> <Delay = 0.00>
ST_6 : Operation 411 [1/1] (0.00ns)   --->   "%trunc_ln101_229 = partselect i32 @_ssdm_op_PartSelect.i32.i512.i32.i32, i512 %AB_block_6_2_load, i32 448, i32 479" [../MLP_baseline/mm.cpp:101]   --->   Operation 411 'partselect' 'trunc_ln101_229' <Predicate = (trunc_ln96 == 6)> <Delay = 0.00>
ST_6 : Operation 412 [1/1] (0.00ns)   --->   "%trunc_ln101_230 = partselect i32 @_ssdm_op_PartSelect.i32.i512.i32.i32, i512 %AB_block_7_2_load, i32 448, i32 479" [../MLP_baseline/mm.cpp:101]   --->   Operation 412 'partselect' 'trunc_ln101_230' <Predicate = (trunc_ln96 == 7)> <Delay = 0.00>
ST_6 : Operation 413 [1/1] (0.00ns)   --->   "%trunc_ln101_231 = partselect i32 @_ssdm_op_PartSelect.i32.i512.i32.i32, i512 %AB_block_8_2_load, i32 448, i32 479" [../MLP_baseline/mm.cpp:101]   --->   Operation 413 'partselect' 'trunc_ln101_231' <Predicate = (trunc_ln96 == 8)> <Delay = 0.00>
ST_6 : Operation 414 [1/1] (0.00ns)   --->   "%trunc_ln101_232 = partselect i32 @_ssdm_op_PartSelect.i32.i512.i32.i32, i512 %AB_block_9_2_load, i32 448, i32 479" [../MLP_baseline/mm.cpp:101]   --->   Operation 414 'partselect' 'trunc_ln101_232' <Predicate = (trunc_ln96 == 9)> <Delay = 0.00>
ST_6 : Operation 415 [1/1] (0.00ns)   --->   "%trunc_ln101_233 = partselect i32 @_ssdm_op_PartSelect.i32.i512.i32.i32, i512 %AB_block_10_2_load, i32 448, i32 479" [../MLP_baseline/mm.cpp:101]   --->   Operation 415 'partselect' 'trunc_ln101_233' <Predicate = (trunc_ln96 == 10)> <Delay = 0.00>
ST_6 : Operation 416 [1/1] (0.00ns)   --->   "%trunc_ln101_234 = partselect i32 @_ssdm_op_PartSelect.i32.i512.i32.i32, i512 %AB_block_11_2_load, i32 448, i32 479" [../MLP_baseline/mm.cpp:101]   --->   Operation 416 'partselect' 'trunc_ln101_234' <Predicate = (trunc_ln96 == 11)> <Delay = 0.00>
ST_6 : Operation 417 [1/1] (0.00ns)   --->   "%trunc_ln101_235 = partselect i32 @_ssdm_op_PartSelect.i32.i512.i32.i32, i512 %AB_block_12_2_load, i32 448, i32 479" [../MLP_baseline/mm.cpp:101]   --->   Operation 417 'partselect' 'trunc_ln101_235' <Predicate = (trunc_ln96 == 12)> <Delay = 0.00>
ST_6 : Operation 418 [1/1] (0.00ns)   --->   "%trunc_ln101_236 = partselect i32 @_ssdm_op_PartSelect.i32.i512.i32.i32, i512 %AB_block_13_2_load, i32 448, i32 479" [../MLP_baseline/mm.cpp:101]   --->   Operation 418 'partselect' 'trunc_ln101_236' <Predicate = (trunc_ln96 == 13)> <Delay = 0.00>
ST_6 : Operation 419 [1/1] (0.00ns)   --->   "%trunc_ln101_237 = partselect i32 @_ssdm_op_PartSelect.i32.i512.i32.i32, i512 %AB_block_14_2_load, i32 448, i32 479" [../MLP_baseline/mm.cpp:101]   --->   Operation 419 'partselect' 'trunc_ln101_237' <Predicate = (trunc_ln96 == 14)> <Delay = 0.00>
ST_6 : Operation 420 [1/1] (0.00ns)   --->   "%trunc_ln101_238 = partselect i32 @_ssdm_op_PartSelect.i32.i512.i32.i32, i512 %AB_block_15_2_load, i32 448, i32 479" [../MLP_baseline/mm.cpp:101]   --->   Operation 420 'partselect' 'trunc_ln101_238' <Predicate = (trunc_ln96 == 15)> <Delay = 0.00>
ST_6 : Operation 421 [1/1] (2.06ns)   --->   "%tmp_14 = sparsemux i32 @_ssdm_op_SparseMux.ap_auto.16i32.i32.i4, i4 0, i32 %trunc_ln101_223, i4 1, i32 %trunc_ln101_224, i4 2, i32 %trunc_ln101_225, i4 3, i32 %trunc_ln101_226, i4 4, i32 %trunc_ln101_227, i4 5, i32 %trunc_ln101_228, i4 6, i32 %trunc_ln101_229, i4 7, i32 %trunc_ln101_230, i4 8, i32 %trunc_ln101_231, i4 9, i32 %trunc_ln101_232, i4 10, i32 %trunc_ln101_233, i4 11, i32 %trunc_ln101_234, i4 12, i32 %trunc_ln101_235, i4 13, i32 %trunc_ln101_236, i4 14, i32 %trunc_ln101_237, i4 15, i32 %trunc_ln101_238, i32 0, i4 %trunc_ln96" [../MLP_baseline/mm.cpp:101]   --->   Operation 421 'sparsemux' 'tmp_14' <Predicate = true> <Delay = 2.06> <CoreInst = "BinarySparseMux_DontCare">   --->   Core 137 'BinarySparseMux_DontCare' <Latency = 0> <II = 1> <Delay = 2.06> <FuncUnit> <Opcode : 'sparsemux'> <InPorts = 2> <OutPorts = 1>
ST_6 : Operation 422 [1/1] (2.55ns)   --->   "%add_ln101_14 = add i32 %tmp_14, i32 %mul_ln101_14" [../MLP_baseline/mm.cpp:101]   --->   Operation 422 'add' 'add_ln101_14' <Predicate = true> <Delay = 2.55> <CoreInst = "Adder">   --->   Core 1 'Adder' <Latency = 0> <II = 1> <Delay = 2.55> <FuncUnit> <Opcode : 'add' 'sub'> <InPorts = 2> <OutPorts = 1>
ST_6 : Operation 423 [1/1] (0.00ns)   --->   "%trunc_ln101_239 = partselect i32 @_ssdm_op_PartSelect.i32.i512.i32.i32, i512 %AB_block_0_2_load, i32 480, i32 511" [../MLP_baseline/mm.cpp:101]   --->   Operation 423 'partselect' 'trunc_ln101_239' <Predicate = (trunc_ln96 == 0)> <Delay = 0.00>
ST_6 : Operation 424 [1/1] (0.00ns)   --->   "%trunc_ln101_240 = partselect i32 @_ssdm_op_PartSelect.i32.i512.i32.i32, i512 %AB_block_1_2_load, i32 480, i32 511" [../MLP_baseline/mm.cpp:101]   --->   Operation 424 'partselect' 'trunc_ln101_240' <Predicate = (trunc_ln96 == 1)> <Delay = 0.00>
ST_6 : Operation 425 [1/1] (0.00ns)   --->   "%trunc_ln101_241 = partselect i32 @_ssdm_op_PartSelect.i32.i512.i32.i32, i512 %AB_block_2_2_load, i32 480, i32 511" [../MLP_baseline/mm.cpp:101]   --->   Operation 425 'partselect' 'trunc_ln101_241' <Predicate = (trunc_ln96 == 2)> <Delay = 0.00>
ST_6 : Operation 426 [1/1] (0.00ns)   --->   "%trunc_ln101_242 = partselect i32 @_ssdm_op_PartSelect.i32.i512.i32.i32, i512 %AB_block_3_2_load, i32 480, i32 511" [../MLP_baseline/mm.cpp:101]   --->   Operation 426 'partselect' 'trunc_ln101_242' <Predicate = (trunc_ln96 == 3)> <Delay = 0.00>
ST_6 : Operation 427 [1/1] (0.00ns)   --->   "%trunc_ln101_243 = partselect i32 @_ssdm_op_PartSelect.i32.i512.i32.i32, i512 %AB_block_4_2_load, i32 480, i32 511" [../MLP_baseline/mm.cpp:101]   --->   Operation 427 'partselect' 'trunc_ln101_243' <Predicate = (trunc_ln96 == 4)> <Delay = 0.00>
ST_6 : Operation 428 [1/1] (0.00ns)   --->   "%trunc_ln101_244 = partselect i32 @_ssdm_op_PartSelect.i32.i512.i32.i32, i512 %AB_block_5_2_load, i32 480, i32 511" [../MLP_baseline/mm.cpp:101]   --->   Operation 428 'partselect' 'trunc_ln101_244' <Predicate = (trunc_ln96 == 5)> <Delay = 0.00>
ST_6 : Operation 429 [1/1] (0.00ns)   --->   "%trunc_ln101_245 = partselect i32 @_ssdm_op_PartSelect.i32.i512.i32.i32, i512 %AB_block_6_2_load, i32 480, i32 511" [../MLP_baseline/mm.cpp:101]   --->   Operation 429 'partselect' 'trunc_ln101_245' <Predicate = (trunc_ln96 == 6)> <Delay = 0.00>
ST_6 : Operation 430 [1/1] (0.00ns)   --->   "%trunc_ln101_246 = partselect i32 @_ssdm_op_PartSelect.i32.i512.i32.i32, i512 %AB_block_7_2_load, i32 480, i32 511" [../MLP_baseline/mm.cpp:101]   --->   Operation 430 'partselect' 'trunc_ln101_246' <Predicate = (trunc_ln96 == 7)> <Delay = 0.00>
ST_6 : Operation 431 [1/1] (0.00ns)   --->   "%trunc_ln101_247 = partselect i32 @_ssdm_op_PartSelect.i32.i512.i32.i32, i512 %AB_block_8_2_load, i32 480, i32 511" [../MLP_baseline/mm.cpp:101]   --->   Operation 431 'partselect' 'trunc_ln101_247' <Predicate = (trunc_ln96 == 8)> <Delay = 0.00>
ST_6 : Operation 432 [1/1] (0.00ns)   --->   "%trunc_ln101_248 = partselect i32 @_ssdm_op_PartSelect.i32.i512.i32.i32, i512 %AB_block_9_2_load, i32 480, i32 511" [../MLP_baseline/mm.cpp:101]   --->   Operation 432 'partselect' 'trunc_ln101_248' <Predicate = (trunc_ln96 == 9)> <Delay = 0.00>
ST_6 : Operation 433 [1/1] (0.00ns)   --->   "%trunc_ln101_249 = partselect i32 @_ssdm_op_PartSelect.i32.i512.i32.i32, i512 %AB_block_10_2_load, i32 480, i32 511" [../MLP_baseline/mm.cpp:101]   --->   Operation 433 'partselect' 'trunc_ln101_249' <Predicate = (trunc_ln96 == 10)> <Delay = 0.00>
ST_6 : Operation 434 [1/1] (0.00ns)   --->   "%trunc_ln101_250 = partselect i32 @_ssdm_op_PartSelect.i32.i512.i32.i32, i512 %AB_block_11_2_load, i32 480, i32 511" [../MLP_baseline/mm.cpp:101]   --->   Operation 434 'partselect' 'trunc_ln101_250' <Predicate = (trunc_ln96 == 11)> <Delay = 0.00>
ST_6 : Operation 435 [1/1] (0.00ns)   --->   "%trunc_ln101_251 = partselect i32 @_ssdm_op_PartSelect.i32.i512.i32.i32, i512 %AB_block_12_2_load, i32 480, i32 511" [../MLP_baseline/mm.cpp:101]   --->   Operation 435 'partselect' 'trunc_ln101_251' <Predicate = (trunc_ln96 == 12)> <Delay = 0.00>
ST_6 : Operation 436 [1/1] (0.00ns)   --->   "%trunc_ln101_252 = partselect i32 @_ssdm_op_PartSelect.i32.i512.i32.i32, i512 %AB_block_13_2_load, i32 480, i32 511" [../MLP_baseline/mm.cpp:101]   --->   Operation 436 'partselect' 'trunc_ln101_252' <Predicate = (trunc_ln96 == 13)> <Delay = 0.00>
ST_6 : Operation 437 [1/1] (0.00ns)   --->   "%trunc_ln101_253 = partselect i32 @_ssdm_op_PartSelect.i32.i512.i32.i32, i512 %AB_block_14_2_load, i32 480, i32 511" [../MLP_baseline/mm.cpp:101]   --->   Operation 437 'partselect' 'trunc_ln101_253' <Predicate = (trunc_ln96 == 14)> <Delay = 0.00>
ST_6 : Operation 438 [1/1] (0.00ns)   --->   "%trunc_ln101_254 = partselect i32 @_ssdm_op_PartSelect.i32.i512.i32.i32, i512 %AB_block_15_2_load, i32 480, i32 511" [../MLP_baseline/mm.cpp:101]   --->   Operation 438 'partselect' 'trunc_ln101_254' <Predicate = (trunc_ln96 == 15)> <Delay = 0.00>
ST_6 : Operation 439 [1/1] (2.06ns)   --->   "%tmp_15 = sparsemux i32 @_ssdm_op_SparseMux.ap_auto.16i32.i32.i4, i4 0, i32 %trunc_ln101_239, i4 1, i32 %trunc_ln101_240, i4 2, i32 %trunc_ln101_241, i4 3, i32 %trunc_ln101_242, i4 4, i32 %trunc_ln101_243, i4 5, i32 %trunc_ln101_244, i4 6, i32 %trunc_ln101_245, i4 7, i32 %trunc_ln101_246, i4 8, i32 %trunc_ln101_247, i4 9, i32 %trunc_ln101_248, i4 10, i32 %trunc_ln101_249, i4 11, i32 %trunc_ln101_250, i4 12, i32 %trunc_ln101_251, i4 13, i32 %trunc_ln101_252, i4 14, i32 %trunc_ln101_253, i4 15, i32 %trunc_ln101_254, i32 0, i4 %trunc_ln96" [../MLP_baseline/mm.cpp:101]   --->   Operation 439 'sparsemux' 'tmp_15' <Predicate = true> <Delay = 2.06> <CoreInst = "BinarySparseMux_DontCare">   --->   Core 137 'BinarySparseMux_DontCare' <Latency = 0> <II = 1> <Delay = 2.06> <FuncUnit> <Opcode : 'sparsemux'> <InPorts = 2> <OutPorts = 1>
ST_6 : Operation 440 [1/1] (2.55ns)   --->   "%add_ln101_15 = add i32 %tmp_15, i32 %mul_ln101_15" [../MLP_baseline/mm.cpp:101]   --->   Operation 440 'add' 'add_ln101_15' <Predicate = true> <Delay = 2.55> <CoreInst = "Adder">   --->   Core 1 'Adder' <Latency = 0> <II = 1> <Delay = 2.55> <FuncUnit> <Opcode : 'add' 'sub'> <InPorts = 2> <OutPorts = 1>
ST_6 : Operation 441 [1/1] (0.00ns)   --->   "%or_ln101_s = bitconcatenate i512 @_ssdm_op_BitConcatenate.i512.i32.i32.i32.i32.i32.i32.i32.i32.i32.i32.i32.i32.i32.i32.i32.i32, i32 %add_ln101_15, i32 %add_ln101_14, i32 %add_ln101_13, i32 %add_ln101_12, i32 %add_ln101_11, i32 %add_ln101_10, i32 %add_ln101_9, i32 %add_ln101_8, i32 %add_ln101_7, i32 %add_ln101_6, i32 %add_ln101_5, i32 %add_ln101_4, i32 %add_ln101_3, i32 %add_ln101_2, i32 %add_ln101_1, i32 %add_ln101" [../MLP_baseline/mm.cpp:101]   --->   Operation 441 'bitconcatenate' 'or_ln101_s' <Predicate = true> <Delay = 0.00>
ST_6 : Operation 442 [1/1] (1.58ns)   --->   "%store_ln101 = store i512 %or_ln101_s, i512 %AB_block_14_2" [../MLP_baseline/mm.cpp:101]   --->   Operation 442 'store' 'store_ln101' <Predicate = (trunc_ln96 == 14)> <Delay = 1.58>
ST_6 : Operation 443 [1/1] (0.00ns)   --->   "%br_ln101 = br void %arrayidx.i.i7131354.exit" [../MLP_baseline/mm.cpp:101]   --->   Operation 443 'br' 'br_ln101' <Predicate = (trunc_ln96 == 14)> <Delay = 0.00>
ST_6 : Operation 444 [1/1] (1.58ns)   --->   "%store_ln101 = store i512 %or_ln101_s, i512 %AB_block_13_2" [../MLP_baseline/mm.cpp:101]   --->   Operation 444 'store' 'store_ln101' <Predicate = (trunc_ln96 == 13)> <Delay = 1.58>
ST_6 : Operation 445 [1/1] (0.00ns)   --->   "%br_ln101 = br void %arrayidx.i.i7131354.exit" [../MLP_baseline/mm.cpp:101]   --->   Operation 445 'br' 'br_ln101' <Predicate = (trunc_ln96 == 13)> <Delay = 0.00>
ST_6 : Operation 446 [1/1] (1.58ns)   --->   "%store_ln101 = store i512 %or_ln101_s, i512 %AB_block_12_2" [../MLP_baseline/mm.cpp:101]   --->   Operation 446 'store' 'store_ln101' <Predicate = (trunc_ln96 == 12)> <Delay = 1.58>
ST_6 : Operation 447 [1/1] (0.00ns)   --->   "%br_ln101 = br void %arrayidx.i.i7131354.exit" [../MLP_baseline/mm.cpp:101]   --->   Operation 447 'br' 'br_ln101' <Predicate = (trunc_ln96 == 12)> <Delay = 0.00>
ST_6 : Operation 448 [1/1] (1.58ns)   --->   "%store_ln101 = store i512 %or_ln101_s, i512 %AB_block_11_2" [../MLP_baseline/mm.cpp:101]   --->   Operation 448 'store' 'store_ln101' <Predicate = (trunc_ln96 == 11)> <Delay = 1.58>
ST_6 : Operation 449 [1/1] (0.00ns)   --->   "%br_ln101 = br void %arrayidx.i.i7131354.exit" [../MLP_baseline/mm.cpp:101]   --->   Operation 449 'br' 'br_ln101' <Predicate = (trunc_ln96 == 11)> <Delay = 0.00>
ST_6 : Operation 450 [1/1] (1.58ns)   --->   "%store_ln101 = store i512 %or_ln101_s, i512 %AB_block_10_2" [../MLP_baseline/mm.cpp:101]   --->   Operation 450 'store' 'store_ln101' <Predicate = (trunc_ln96 == 10)> <Delay = 1.58>
ST_6 : Operation 451 [1/1] (0.00ns)   --->   "%br_ln101 = br void %arrayidx.i.i7131354.exit" [../MLP_baseline/mm.cpp:101]   --->   Operation 451 'br' 'br_ln101' <Predicate = (trunc_ln96 == 10)> <Delay = 0.00>
ST_6 : Operation 452 [1/1] (1.58ns)   --->   "%store_ln101 = store i512 %or_ln101_s, i512 %AB_block_9_2" [../MLP_baseline/mm.cpp:101]   --->   Operation 452 'store' 'store_ln101' <Predicate = (trunc_ln96 == 9)> <Delay = 1.58>
ST_6 : Operation 453 [1/1] (0.00ns)   --->   "%br_ln101 = br void %arrayidx.i.i7131354.exit" [../MLP_baseline/mm.cpp:101]   --->   Operation 453 'br' 'br_ln101' <Predicate = (trunc_ln96 == 9)> <Delay = 0.00>
ST_6 : Operation 454 [1/1] (1.58ns)   --->   "%store_ln101 = store i512 %or_ln101_s, i512 %AB_block_8_2" [../MLP_baseline/mm.cpp:101]   --->   Operation 454 'store' 'store_ln101' <Predicate = (trunc_ln96 == 8)> <Delay = 1.58>
ST_6 : Operation 455 [1/1] (0.00ns)   --->   "%br_ln101 = br void %arrayidx.i.i7131354.exit" [../MLP_baseline/mm.cpp:101]   --->   Operation 455 'br' 'br_ln101' <Predicate = (trunc_ln96 == 8)> <Delay = 0.00>
ST_6 : Operation 456 [1/1] (1.58ns)   --->   "%store_ln101 = store i512 %or_ln101_s, i512 %AB_block_7_2" [../MLP_baseline/mm.cpp:101]   --->   Operation 456 'store' 'store_ln101' <Predicate = (trunc_ln96 == 7)> <Delay = 1.58>
ST_6 : Operation 457 [1/1] (0.00ns)   --->   "%br_ln101 = br void %arrayidx.i.i7131354.exit" [../MLP_baseline/mm.cpp:101]   --->   Operation 457 'br' 'br_ln101' <Predicate = (trunc_ln96 == 7)> <Delay = 0.00>
ST_6 : Operation 458 [1/1] (1.58ns)   --->   "%store_ln101 = store i512 %or_ln101_s, i512 %AB_block_6_2" [../MLP_baseline/mm.cpp:101]   --->   Operation 458 'store' 'store_ln101' <Predicate = (trunc_ln96 == 6)> <Delay = 1.58>
ST_6 : Operation 459 [1/1] (0.00ns)   --->   "%br_ln101 = br void %arrayidx.i.i7131354.exit" [../MLP_baseline/mm.cpp:101]   --->   Operation 459 'br' 'br_ln101' <Predicate = (trunc_ln96 == 6)> <Delay = 0.00>
ST_6 : Operation 460 [1/1] (1.58ns)   --->   "%store_ln101 = store i512 %or_ln101_s, i512 %AB_block_5_2" [../MLP_baseline/mm.cpp:101]   --->   Operation 460 'store' 'store_ln101' <Predicate = (trunc_ln96 == 5)> <Delay = 1.58>
ST_6 : Operation 461 [1/1] (0.00ns)   --->   "%br_ln101 = br void %arrayidx.i.i7131354.exit" [../MLP_baseline/mm.cpp:101]   --->   Operation 461 'br' 'br_ln101' <Predicate = (trunc_ln96 == 5)> <Delay = 0.00>
ST_6 : Operation 462 [1/1] (1.58ns)   --->   "%store_ln101 = store i512 %or_ln101_s, i512 %AB_block_4_2" [../MLP_baseline/mm.cpp:101]   --->   Operation 462 'store' 'store_ln101' <Predicate = (trunc_ln96 == 4)> <Delay = 1.58>
ST_6 : Operation 463 [1/1] (0.00ns)   --->   "%br_ln101 = br void %arrayidx.i.i7131354.exit" [../MLP_baseline/mm.cpp:101]   --->   Operation 463 'br' 'br_ln101' <Predicate = (trunc_ln96 == 4)> <Delay = 0.00>
ST_6 : Operation 464 [1/1] (1.58ns)   --->   "%store_ln101 = store i512 %or_ln101_s, i512 %AB_block_3_2" [../MLP_baseline/mm.cpp:101]   --->   Operation 464 'store' 'store_ln101' <Predicate = (trunc_ln96 == 3)> <Delay = 1.58>
ST_6 : Operation 465 [1/1] (0.00ns)   --->   "%br_ln101 = br void %arrayidx.i.i7131354.exit" [../MLP_baseline/mm.cpp:101]   --->   Operation 465 'br' 'br_ln101' <Predicate = (trunc_ln96 == 3)> <Delay = 0.00>
ST_6 : Operation 466 [1/1] (1.58ns)   --->   "%store_ln101 = store i512 %or_ln101_s, i512 %AB_block_2_2" [../MLP_baseline/mm.cpp:101]   --->   Operation 466 'store' 'store_ln101' <Predicate = (trunc_ln96 == 2)> <Delay = 1.58>
ST_6 : Operation 467 [1/1] (0.00ns)   --->   "%br_ln101 = br void %arrayidx.i.i7131354.exit" [../MLP_baseline/mm.cpp:101]   --->   Operation 467 'br' 'br_ln101' <Predicate = (trunc_ln96 == 2)> <Delay = 0.00>
ST_6 : Operation 468 [1/1] (1.58ns)   --->   "%store_ln101 = store i512 %or_ln101_s, i512 %AB_block_1_2" [../MLP_baseline/mm.cpp:101]   --->   Operation 468 'store' 'store_ln101' <Predicate = (trunc_ln96 == 1)> <Delay = 1.58>
ST_6 : Operation 469 [1/1] (0.00ns)   --->   "%br_ln101 = br void %arrayidx.i.i7131354.exit" [../MLP_baseline/mm.cpp:101]   --->   Operation 469 'br' 'br_ln101' <Predicate = (trunc_ln96 == 1)> <Delay = 0.00>
ST_6 : Operation 470 [1/1] (1.58ns)   --->   "%store_ln101 = store i512 %or_ln101_s, i512 %AB_block_0_2" [../MLP_baseline/mm.cpp:101]   --->   Operation 470 'store' 'store_ln101' <Predicate = (trunc_ln96 == 0)> <Delay = 1.58>
ST_6 : Operation 471 [1/1] (0.00ns)   --->   "%br_ln101 = br void %arrayidx.i.i7131354.exit" [../MLP_baseline/mm.cpp:101]   --->   Operation 471 'br' 'br_ln101' <Predicate = (trunc_ln96 == 0)> <Delay = 0.00>
ST_6 : Operation 472 [1/1] (1.58ns)   --->   "%store_ln101 = store i512 %or_ln101_s, i512 %AB_block_15_2" [../MLP_baseline/mm.cpp:101]   --->   Operation 472 'store' 'store_ln101' <Predicate = (trunc_ln96 == 15)> <Delay = 1.58>
ST_6 : Operation 473 [1/1] (0.00ns)   --->   "%br_ln101 = br void %arrayidx.i.i7131354.exit" [../MLP_baseline/mm.cpp:101]   --->   Operation 473 'br' 'br_ln101' <Predicate = (trunc_ln96 == 15)> <Delay = 0.00>


============================================================
+ Verbose Summary: Binding
============================================================
STG Binding: 
---------------- STG Properties BEGIN ----------------
- Is combinational: 0
- Is one-state seq: 0
- Is datapath-only: 0
- Is pipelined: 0
- Is top level: 0
Port [ Return ] is wired: 1; IO mode=ap_ctrl_hs:ce=0
Port [ thr_or15]:  wired=1; compound=0; hidden=0; nouse=0; global=0; static=0; extern=0; dir=0; type=0; pingpong=0; private_global=0; IO mode=ap_none:ce=0
Port [ thr_or14]:  wired=1; compound=0; hidden=0; nouse=0; global=0; static=0; extern=0; dir=0; type=0; pingpong=0; private_global=0; IO mode=ap_none:ce=0
Port [ thr_or13]:  wired=1; compound=0; hidden=0; nouse=0; global=0; static=0; extern=0; dir=0; type=0; pingpong=0; private_global=0; IO mode=ap_none:ce=0
Port [ thr_or12]:  wired=1; compound=0; hidden=0; nouse=0; global=0; static=0; extern=0; dir=0; type=0; pingpong=0; private_global=0; IO mode=ap_none:ce=0
Port [ thr_or11]:  wired=1; compound=0; hidden=0; nouse=0; global=0; static=0; extern=0; dir=0; type=0; pingpong=0; private_global=0; IO mode=ap_none:ce=0
Port [ thr_or10]:  wired=1; compound=0; hidden=0; nouse=0; global=0; static=0; extern=0; dir=0; type=0; pingpong=0; private_global=0; IO mode=ap_none:ce=0
Port [ thr_or9]:  wired=1; compound=0; hidden=0; nouse=0; global=0; static=0; extern=0; dir=0; type=0; pingpong=0; private_global=0; IO mode=ap_none:ce=0
Port [ thr_or8]:  wired=1; compound=0; hidden=0; nouse=0; global=0; static=0; extern=0; dir=0; type=0; pingpong=0; private_global=0; IO mode=ap_none:ce=0
Port [ thr_or7]:  wired=1; compound=0; hidden=0; nouse=0; global=0; static=0; extern=0; dir=0; type=0; pingpong=0; private_global=0; IO mode=ap_none:ce=0
Port [ thr_or6]:  wired=1; compound=0; hidden=0; nouse=0; global=0; static=0; extern=0; dir=0; type=0; pingpong=0; private_global=0; IO mode=ap_none:ce=0
Port [ thr_or5]:  wired=1; compound=0; hidden=0; nouse=0; global=0; static=0; extern=0; dir=0; type=0; pingpong=0; private_global=0; IO mode=ap_none:ce=0
Port [ thr_or4]:  wired=1; compound=0; hidden=0; nouse=0; global=0; static=0; extern=0; dir=0; type=0; pingpong=0; private_global=0; IO mode=ap_none:ce=0
Port [ thr_or3]:  wired=1; compound=0; hidden=0; nouse=0; global=0; static=0; extern=0; dir=0; type=0; pingpong=0; private_global=0; IO mode=ap_none:ce=0
Port [ thr_or2]:  wired=1; compound=0; hidden=0; nouse=0; global=0; static=0; extern=0; dir=0; type=0; pingpong=0; private_global=0; IO mode=ap_none:ce=0
Port [ thr_or1]:  wired=1; compound=0; hidden=0; nouse=0; global=0; static=0; extern=0; dir=0; type=0; pingpong=0; private_global=0; IO mode=ap_none:ce=0
Port [ thr_or]:  wired=1; compound=0; hidden=0; nouse=0; global=0; static=0; extern=0; dir=0; type=0; pingpong=0; private_global=0; IO mode=ap_none:ce=0
Port [ tmp_45]:  wired=1; compound=0; hidden=0; nouse=0; global=0; static=0; extern=0; dir=0; type=0; pingpong=0; private_global=0; IO mode=ap_none:ce=0
Port [ A_stream]:  wired=1; compound=1; hidden=0; nouse=0; global=0; static=0; extern=0; dir=0; type=3; pingpong=0; private_global=0; IO mode=ap_fifo:ce=0
Port [ B_stream]:  wired=1; compound=1; hidden=0; nouse=0; global=0; static=0; extern=0; dir=0; type=3; pingpong=0; private_global=0; IO mode=ap_fifo:ce=0
Port [ AB_block_15_2_out]:  wired=1; compound=0; hidden=0; nouse=0; global=0; static=0; extern=0; dir=1; type=0; pingpong=0; private_global=0; IO mode=ap_vld:ce=0
Port [ AB_block_14_2_out]:  wired=1; compound=0; hidden=0; nouse=0; global=0; static=0; extern=0; dir=1; type=0; pingpong=0; private_global=0; IO mode=ap_vld:ce=0
Port [ AB_block_13_2_out]:  wired=1; compound=0; hidden=0; nouse=0; global=0; static=0; extern=0; dir=1; type=0; pingpong=0; private_global=0; IO mode=ap_vld:ce=0
Port [ AB_block_12_2_out]:  wired=1; compound=0; hidden=0; nouse=0; global=0; static=0; extern=0; dir=1; type=0; pingpong=0; private_global=0; IO mode=ap_vld:ce=0
Port [ AB_block_11_2_out]:  wired=1; compound=0; hidden=0; nouse=0; global=0; static=0; extern=0; dir=1; type=0; pingpong=0; private_global=0; IO mode=ap_vld:ce=0
Port [ AB_block_10_2_out]:  wired=1; compound=0; hidden=0; nouse=0; global=0; static=0; extern=0; dir=1; type=0; pingpong=0; private_global=0; IO mode=ap_vld:ce=0
Port [ AB_block_9_2_out]:  wired=1; compound=0; hidden=0; nouse=0; global=0; static=0; extern=0; dir=1; type=0; pingpong=0; private_global=0; IO mode=ap_vld:ce=0
Port [ AB_block_8_2_out]:  wired=1; compound=0; hidden=0; nouse=0; global=0; static=0; extern=0; dir=1; type=0; pingpong=0; private_global=0; IO mode=ap_vld:ce=0
Port [ AB_block_7_2_out]:  wired=1; compound=0; hidden=0; nouse=0; global=0; static=0; extern=0; dir=1; type=0; pingpong=0; private_global=0; IO mode=ap_vld:ce=0
Port [ AB_block_6_2_out]:  wired=1; compound=0; hidden=0; nouse=0; global=0; static=0; extern=0; dir=1; type=0; pingpong=0; private_global=0; IO mode=ap_vld:ce=0
Port [ AB_block_5_2_out]:  wired=1; compound=0; hidden=0; nouse=0; global=0; static=0; extern=0; dir=1; type=0; pingpong=0; private_global=0; IO mode=ap_vld:ce=0
Port [ AB_block_4_2_out]:  wired=1; compound=0; hidden=0; nouse=0; global=0; static=0; extern=0; dir=1; type=0; pingpong=0; private_global=0; IO mode=ap_vld:ce=0
Port [ AB_block_3_2_out]:  wired=1; compound=0; hidden=0; nouse=0; global=0; static=0; extern=0; dir=1; type=0; pingpong=0; private_global=0; IO mode=ap_vld:ce=0
Port [ AB_block_2_2_out]:  wired=1; compound=0; hidden=0; nouse=0; global=0; static=0; extern=0; dir=1; type=0; pingpong=0; private_global=0; IO mode=ap_vld:ce=0
Port [ AB_block_1_2_out]:  wired=1; compound=0; hidden=0; nouse=0; global=0; static=0; extern=0; dir=1; type=0; pingpong=0; private_global=0; IO mode=ap_vld:ce=0
Port [ AB_block_0_2_out]:  wired=1; compound=0; hidden=0; nouse=0; global=0; static=0; extern=0; dir=1; type=0; pingpong=0; private_global=0; IO mode=ap_vld:ce=0
---------------- STG Properties END ------------------

---------------- Datapath Model BEGIN ----------------

<LifeTime>
<method=bitvector/>
i                     (alloca           ) [ 0110000]
indvar_flatten        (alloca           ) [ 0110000]
indvar_flatten43      (alloca           ) [ 0110000]
AB_block_0_2          (alloca           ) [ 0111111]
AB_block_1_2          (alloca           ) [ 0111111]
AB_block_2_2          (alloca           ) [ 0111111]
AB_block_3_2          (alloca           ) [ 0111111]
AB_block_4_2          (alloca           ) [ 0111111]
AB_block_5_2          (alloca           ) [ 0111111]
AB_block_6_2          (alloca           ) [ 0111111]
AB_block_7_2          (alloca           ) [ 0111111]
AB_block_8_2          (alloca           ) [ 0111111]
AB_block_9_2          (alloca           ) [ 0111111]
AB_block_10_2         (alloca           ) [ 0111111]
AB_block_11_2         (alloca           ) [ 0111111]
AB_block_12_2         (alloca           ) [ 0111111]
AB_block_13_2         (alloca           ) [ 0111111]
AB_block_14_2         (alloca           ) [ 0111111]
AB_block_15_2         (alloca           ) [ 0111111]
empty                 (alloca           ) [ 0111100]
p_038                 (alloca           ) [ 0111100]
specinterface_ln0     (specinterface    ) [ 0000000]
specinterface_ln0     (specinterface    ) [ 0000000]
tmp_45_read           (read             ) [ 0110000]
thr_or_read           (read             ) [ 0000000]
thr_or1_read          (read             ) [ 0000000]
thr_or2_read          (read             ) [ 0000000]
thr_or3_read          (read             ) [ 0000000]
thr_or4_read          (read             ) [ 0000000]
thr_or5_read          (read             ) [ 0000000]
thr_or6_read          (read             ) [ 0000000]
thr_or7_read          (read             ) [ 0000000]
thr_or8_read          (read             ) [ 0000000]
thr_or9_read          (read             ) [ 0000000]
thr_or10_read         (read             ) [ 0000000]
thr_or11_read         (read             ) [ 0000000]
thr_or12_read         (read             ) [ 0000000]
thr_or13_read         (read             ) [ 0000000]
thr_or14_read         (read             ) [ 0000000]
thr_or15_read         (read             ) [ 0000000]
store_ln63            (store            ) [ 0000000]
store_ln63            (store            ) [ 0000000]
store_ln63            (store            ) [ 0000000]
store_ln63            (store            ) [ 0000000]
store_ln63            (store            ) [ 0000000]
store_ln63            (store            ) [ 0000000]
store_ln63            (store            ) [ 0000000]
store_ln63            (store            ) [ 0000000]
store_ln63            (store            ) [ 0000000]
store_ln63            (store            ) [ 0000000]
store_ln63            (store            ) [ 0000000]
store_ln63            (store            ) [ 0000000]
store_ln63            (store            ) [ 0000000]
store_ln63            (store            ) [ 0000000]
store_ln63            (store            ) [ 0000000]
store_ln63            (store            ) [ 0000000]
store_ln0             (store            ) [ 0000000]
store_ln0             (store            ) [ 0000000]
store_ln55            (store            ) [ 0000000]
br_ln88               (br               ) [ 0000000]
indvar_flatten_load   (load             ) [ 0000000]
indvar_flatten43_load (load             ) [ 0000000]
icmp_ln88             (icmp             ) [ 0111110]
add_ln88              (add              ) [ 0000000]
br_ln88               (br               ) [ 0000000]
i_load                (load             ) [ 0000000]
specloopname_ln0      (specloopname     ) [ 0000000]
speclooptripcount_ln0 (speclooptripcount) [ 0000000]
icmp_ln91             (icmp             ) [ 0000000]
xor_ln88              (xor              ) [ 0000000]
icmp_ln96             (icmp             ) [ 0000000]
and_ln88              (and              ) [ 0000000]
or_ln91               (or               ) [ 0000000]
select_ln91           (select           ) [ 0000000]
first_iter_0          (icmp             ) [ 0101000]
br_ln96               (br               ) [ 0000000]
trunc_ln96            (trunc            ) [ 0101111]
switch_ln101          (switch           ) [ 0000000]
add_ln96              (add              ) [ 0000000]
add_ln91              (add              ) [ 0000000]
select_ln91_1         (select           ) [ 0000000]
store_ln88            (store            ) [ 0000000]
store_ln91            (store            ) [ 0000000]
store_ln55            (store            ) [ 0000000]
br_ln96               (br               ) [ 0000000]
A_stream_read         (read             ) [ 0000000]
B_stream_read         (read             ) [ 0000000]
store_ln93            (store            ) [ 0000000]
store_ln92            (store            ) [ 0000000]
br_ln96               (br               ) [ 0000000]
p_load                (load             ) [ 0000000]
p_038_load            (load             ) [ 0000000]
trunc_ln93            (trunc            ) [ 0100010]
trunc_ln93_1          (partselect       ) [ 0100010]
trunc_ln93_2          (partselect       ) [ 0100010]
trunc_ln93_3          (partselect       ) [ 0100010]
trunc_ln93_4          (partselect       ) [ 0100010]
trunc_ln93_5          (partselect       ) [ 0100010]
trunc_ln93_6          (partselect       ) [ 0100010]
trunc_ln93_7          (partselect       ) [ 0100010]
trunc_ln93_8          (partselect       ) [ 0100010]
trunc_ln93_9          (partselect       ) [ 0100010]
trunc_ln93_s          (partselect       ) [ 0100010]
trunc_ln93_10         (partselect       ) [ 0100010]
trunc_ln93_11         (partselect       ) [ 0100010]
trunc_ln93_12         (partselect       ) [ 0100010]
trunc_ln93_13         (partselect       ) [ 0100010]
trunc_ln93_14         (partselect       ) [ 0100010]
shl_ln56_1            (bitconcatenate   ) [ 0000000]
zext_ln101            (zext             ) [ 0000000]
lshr_ln101            (lshr             ) [ 0000000]
trunc_ln101           (trunc            ) [ 0100010]
mul_ln101             (mul              ) [ 0100001]
mul_ln101_1           (mul              ) [ 0100001]
mul_ln101_2           (mul              ) [ 0100001]
mul_ln101_3           (mul              ) [ 0100001]
mul_ln101_4           (mul              ) [ 0100001]
mul_ln101_5           (mul              ) [ 0100001]
mul_ln101_6           (mul              ) [ 0100001]
mul_ln101_7           (mul              ) [ 0100001]
mul_ln101_8           (mul              ) [ 0100001]
mul_ln101_9           (mul              ) [ 0100001]
mul_ln101_10          (mul              ) [ 0100001]
mul_ln101_11          (mul              ) [ 0100001]
mul_ln101_12          (mul              ) [ 0100001]
mul_ln101_13          (mul              ) [ 0100001]
mul_ln101_14          (mul              ) [ 0100001]
mul_ln101_15          (mul              ) [ 0100001]
AB_block_0_2_load     (load             ) [ 0000000]
AB_block_1_2_load     (load             ) [ 0000000]
AB_block_2_2_load     (load             ) [ 0000000]
AB_block_3_2_load     (load             ) [ 0000000]
AB_block_4_2_load     (load             ) [ 0000000]
AB_block_5_2_load     (load             ) [ 0000000]
AB_block_6_2_load     (load             ) [ 0000000]
AB_block_7_2_load     (load             ) [ 0000000]
AB_block_8_2_load     (load             ) [ 0000000]
AB_block_9_2_load     (load             ) [ 0000000]
AB_block_10_2_load    (load             ) [ 0000000]
AB_block_11_2_load    (load             ) [ 0000000]
AB_block_12_2_load    (load             ) [ 0000000]
AB_block_13_2_load    (load             ) [ 0000000]
AB_block_14_2_load    (load             ) [ 0000000]
AB_block_15_2_load    (load             ) [ 0000000]
specpipeline_ln97     (specpipeline     ) [ 0000000]
trunc_ln101_1         (trunc            ) [ 0000000]
trunc_ln101_2         (trunc            ) [ 0000000]
trunc_ln101_3         (trunc            ) [ 0000000]
trunc_ln101_4         (trunc            ) [ 0000000]
trunc_ln101_5         (trunc            ) [ 0000000]
trunc_ln101_6         (trunc            ) [ 0000000]
trunc_ln101_7         (trunc            ) [ 0000000]
trunc_ln101_8         (trunc            ) [ 0000000]
trunc_ln101_9         (trunc            ) [ 0000000]
trunc_ln101_10        (trunc            ) [ 0000000]
trunc_ln101_11        (trunc            ) [ 0000000]
trunc_ln101_12        (trunc            ) [ 0000000]
trunc_ln101_13        (trunc            ) [ 0000000]
trunc_ln101_14        (trunc            ) [ 0000000]
trunc_ln101_15        (trunc            ) [ 0000000]
trunc_ln101_256       (trunc            ) [ 0000000]
tmp_s                 (sparsemux        ) [ 0000000]
add_ln101             (add              ) [ 0000000]
trunc_ln101_s         (partselect       ) [ 0000000]
trunc_ln101_16        (partselect       ) [ 0000000]
trunc_ln101_17        (partselect       ) [ 0000000]
trunc_ln101_18        (partselect       ) [ 0000000]
trunc_ln101_19        (partselect       ) [ 0000000]
trunc_ln101_20        (partselect       ) [ 0000000]
trunc_ln101_21        (partselect       ) [ 0000000]
trunc_ln101_22        (partselect       ) [ 0000000]
trunc_ln101_23        (partselect       ) [ 0000000]
trunc_ln101_24        (partselect       ) [ 0000000]
trunc_ln101_25        (partselect       ) [ 0000000]
trunc_ln101_26        (partselect       ) [ 0000000]
trunc_ln101_27        (partselect       ) [ 0000000]
trunc_ln101_28        (partselect       ) [ 0000000]
trunc_ln101_29        (partselect       ) [ 0000000]
trunc_ln101_30        (partselect       ) [ 0000000]
tmp_1                 (sparsemux        ) [ 0000000]
add_ln101_1           (add              ) [ 0000000]
trunc_ln101_31        (partselect       ) [ 0000000]
trunc_ln101_32        (partselect       ) [ 0000000]
trunc_ln101_33        (partselect       ) [ 0000000]
trunc_ln101_34        (partselect       ) [ 0000000]
trunc_ln101_35        (partselect       ) [ 0000000]
trunc_ln101_36        (partselect       ) [ 0000000]
trunc_ln101_37        (partselect       ) [ 0000000]
trunc_ln101_38        (partselect       ) [ 0000000]
trunc_ln101_39        (partselect       ) [ 0000000]
trunc_ln101_40        (partselect       ) [ 0000000]
trunc_ln101_41        (partselect       ) [ 0000000]
trunc_ln101_42        (partselect       ) [ 0000000]
trunc_ln101_43        (partselect       ) [ 0000000]
trunc_ln101_44        (partselect       ) [ 0000000]
trunc_ln101_45        (partselect       ) [ 0000000]
trunc_ln101_46        (partselect       ) [ 0000000]
tmp_2                 (sparsemux        ) [ 0000000]
add_ln101_2           (add              ) [ 0000000]
trunc_ln101_47        (partselect       ) [ 0000000]
trunc_ln101_48        (partselect       ) [ 0000000]
trunc_ln101_49        (partselect       ) [ 0000000]
trunc_ln101_50        (partselect       ) [ 0000000]
trunc_ln101_51        (partselect       ) [ 0000000]
trunc_ln101_52        (partselect       ) [ 0000000]
trunc_ln101_53        (partselect       ) [ 0000000]
trunc_ln101_54        (partselect       ) [ 0000000]
trunc_ln101_55        (partselect       ) [ 0000000]
trunc_ln101_56        (partselect       ) [ 0000000]
trunc_ln101_57        (partselect       ) [ 0000000]
trunc_ln101_58        (partselect       ) [ 0000000]
trunc_ln101_59        (partselect       ) [ 0000000]
trunc_ln101_60        (partselect       ) [ 0000000]
trunc_ln101_61        (partselect       ) [ 0000000]
trunc_ln101_62        (partselect       ) [ 0000000]
tmp_3                 (sparsemux        ) [ 0000000]
add_ln101_3           (add              ) [ 0000000]
trunc_ln101_63        (partselect       ) [ 0000000]
trunc_ln101_64        (partselect       ) [ 0000000]
trunc_ln101_65        (partselect       ) [ 0000000]
trunc_ln101_66        (partselect       ) [ 0000000]
trunc_ln101_67        (partselect       ) [ 0000000]
trunc_ln101_68        (partselect       ) [ 0000000]
trunc_ln101_69        (partselect       ) [ 0000000]
trunc_ln101_70        (partselect       ) [ 0000000]
trunc_ln101_71        (partselect       ) [ 0000000]
trunc_ln101_72        (partselect       ) [ 0000000]
trunc_ln101_73        (partselect       ) [ 0000000]
trunc_ln101_74        (partselect       ) [ 0000000]
trunc_ln101_75        (partselect       ) [ 0000000]
trunc_ln101_76        (partselect       ) [ 0000000]
trunc_ln101_77        (partselect       ) [ 0000000]
trunc_ln101_78        (partselect       ) [ 0000000]
tmp_4                 (sparsemux        ) [ 0000000]
add_ln101_4           (add              ) [ 0000000]
trunc_ln101_79        (partselect       ) [ 0000000]
trunc_ln101_80        (partselect       ) [ 0000000]
trunc_ln101_81        (partselect       ) [ 0000000]
trunc_ln101_82        (partselect       ) [ 0000000]
trunc_ln101_83        (partselect       ) [ 0000000]
trunc_ln101_84        (partselect       ) [ 0000000]
trunc_ln101_85        (partselect       ) [ 0000000]
trunc_ln101_86        (partselect       ) [ 0000000]
trunc_ln101_87        (partselect       ) [ 0000000]
trunc_ln101_88        (partselect       ) [ 0000000]
trunc_ln101_89        (partselect       ) [ 0000000]
trunc_ln101_90        (partselect       ) [ 0000000]
trunc_ln101_91        (partselect       ) [ 0000000]
trunc_ln101_92        (partselect       ) [ 0000000]
trunc_ln101_93        (partselect       ) [ 0000000]
trunc_ln101_94        (partselect       ) [ 0000000]
tmp_5                 (sparsemux        ) [ 0000000]
add_ln101_5           (add              ) [ 0000000]
trunc_ln101_95        (partselect       ) [ 0000000]
trunc_ln101_96        (partselect       ) [ 0000000]
trunc_ln101_97        (partselect       ) [ 0000000]
trunc_ln101_98        (partselect       ) [ 0000000]
trunc_ln101_99        (partselect       ) [ 0000000]
trunc_ln101_100       (partselect       ) [ 0000000]
trunc_ln101_101       (partselect       ) [ 0000000]
trunc_ln101_102       (partselect       ) [ 0000000]
trunc_ln101_103       (partselect       ) [ 0000000]
trunc_ln101_104       (partselect       ) [ 0000000]
trunc_ln101_105       (partselect       ) [ 0000000]
trunc_ln101_106       (partselect       ) [ 0000000]
trunc_ln101_107       (partselect       ) [ 0000000]
trunc_ln101_108       (partselect       ) [ 0000000]
trunc_ln101_109       (partselect       ) [ 0000000]
trunc_ln101_110       (partselect       ) [ 0000000]
tmp_6                 (sparsemux        ) [ 0000000]
add_ln101_6           (add              ) [ 0000000]
trunc_ln101_111       (partselect       ) [ 0000000]
trunc_ln101_112       (partselect       ) [ 0000000]
trunc_ln101_113       (partselect       ) [ 0000000]
trunc_ln101_114       (partselect       ) [ 0000000]
trunc_ln101_115       (partselect       ) [ 0000000]
trunc_ln101_116       (partselect       ) [ 0000000]
trunc_ln101_117       (partselect       ) [ 0000000]
trunc_ln101_118       (partselect       ) [ 0000000]
trunc_ln101_119       (partselect       ) [ 0000000]
trunc_ln101_120       (partselect       ) [ 0000000]
trunc_ln101_121       (partselect       ) [ 0000000]
trunc_ln101_122       (partselect       ) [ 0000000]
trunc_ln101_123       (partselect       ) [ 0000000]
trunc_ln101_124       (partselect       ) [ 0000000]
trunc_ln101_125       (partselect       ) [ 0000000]
trunc_ln101_126       (partselect       ) [ 0000000]
tmp_7                 (sparsemux        ) [ 0000000]
add_ln101_7           (add              ) [ 0000000]
trunc_ln101_127       (partselect       ) [ 0000000]
trunc_ln101_128       (partselect       ) [ 0000000]
trunc_ln101_129       (partselect       ) [ 0000000]
trunc_ln101_130       (partselect       ) [ 0000000]
trunc_ln101_131       (partselect       ) [ 0000000]
trunc_ln101_132       (partselect       ) [ 0000000]
trunc_ln101_133       (partselect       ) [ 0000000]
trunc_ln101_134       (partselect       ) [ 0000000]
trunc_ln101_135       (partselect       ) [ 0000000]
trunc_ln101_136       (partselect       ) [ 0000000]
trunc_ln101_137       (partselect       ) [ 0000000]
trunc_ln101_138       (partselect       ) [ 0000000]
trunc_ln101_139       (partselect       ) [ 0000000]
trunc_ln101_140       (partselect       ) [ 0000000]
trunc_ln101_141       (partselect       ) [ 0000000]
trunc_ln101_142       (partselect       ) [ 0000000]
tmp_8                 (sparsemux        ) [ 0000000]
add_ln101_8           (add              ) [ 0000000]
trunc_ln101_143       (partselect       ) [ 0000000]
trunc_ln101_144       (partselect       ) [ 0000000]
trunc_ln101_145       (partselect       ) [ 0000000]
trunc_ln101_146       (partselect       ) [ 0000000]
trunc_ln101_147       (partselect       ) [ 0000000]
trunc_ln101_148       (partselect       ) [ 0000000]
trunc_ln101_149       (partselect       ) [ 0000000]
trunc_ln101_150       (partselect       ) [ 0000000]
trunc_ln101_151       (partselect       ) [ 0000000]
trunc_ln101_152       (partselect       ) [ 0000000]
trunc_ln101_153       (partselect       ) [ 0000000]
trunc_ln101_154       (partselect       ) [ 0000000]
trunc_ln101_155       (partselect       ) [ 0000000]
trunc_ln101_156       (partselect       ) [ 0000000]
trunc_ln101_157       (partselect       ) [ 0000000]
trunc_ln101_158       (partselect       ) [ 0000000]
tmp_9                 (sparsemux        ) [ 0000000]
add_ln101_9           (add              ) [ 0000000]
trunc_ln101_159       (partselect       ) [ 0000000]
trunc_ln101_160       (partselect       ) [ 0000000]
trunc_ln101_161       (partselect       ) [ 0000000]
trunc_ln101_162       (partselect       ) [ 0000000]
trunc_ln101_163       (partselect       ) [ 0000000]
trunc_ln101_164       (partselect       ) [ 0000000]
trunc_ln101_165       (partselect       ) [ 0000000]
trunc_ln101_166       (partselect       ) [ 0000000]
trunc_ln101_167       (partselect       ) [ 0000000]
trunc_ln101_168       (partselect       ) [ 0000000]
trunc_ln101_169       (partselect       ) [ 0000000]
trunc_ln101_170       (partselect       ) [ 0000000]
trunc_ln101_171       (partselect       ) [ 0000000]
trunc_ln101_172       (partselect       ) [ 0000000]
trunc_ln101_173       (partselect       ) [ 0000000]
trunc_ln101_174       (partselect       ) [ 0000000]
tmp_10                (sparsemux        ) [ 0000000]
add_ln101_10          (add              ) [ 0000000]
trunc_ln101_175       (partselect       ) [ 0000000]
trunc_ln101_176       (partselect       ) [ 0000000]
trunc_ln101_177       (partselect       ) [ 0000000]
trunc_ln101_178       (partselect       ) [ 0000000]
trunc_ln101_179       (partselect       ) [ 0000000]
trunc_ln101_180       (partselect       ) [ 0000000]
trunc_ln101_181       (partselect       ) [ 0000000]
trunc_ln101_182       (partselect       ) [ 0000000]
trunc_ln101_183       (partselect       ) [ 0000000]
trunc_ln101_184       (partselect       ) [ 0000000]
trunc_ln101_185       (partselect       ) [ 0000000]
trunc_ln101_186       (partselect       ) [ 0000000]
trunc_ln101_187       (partselect       ) [ 0000000]
trunc_ln101_188       (partselect       ) [ 0000000]
trunc_ln101_189       (partselect       ) [ 0000000]
trunc_ln101_190       (partselect       ) [ 0000000]
tmp_11                (sparsemux        ) [ 0000000]
add_ln101_11          (add              ) [ 0000000]
trunc_ln101_191       (partselect       ) [ 0000000]
trunc_ln101_192       (partselect       ) [ 0000000]
trunc_ln101_193       (partselect       ) [ 0000000]
trunc_ln101_194       (partselect       ) [ 0000000]
trunc_ln101_195       (partselect       ) [ 0000000]
trunc_ln101_196       (partselect       ) [ 0000000]
trunc_ln101_197       (partselect       ) [ 0000000]
trunc_ln101_198       (partselect       ) [ 0000000]
trunc_ln101_199       (partselect       ) [ 0000000]
trunc_ln101_200       (partselect       ) [ 0000000]
trunc_ln101_201       (partselect       ) [ 0000000]
trunc_ln101_202       (partselect       ) [ 0000000]
trunc_ln101_203       (partselect       ) [ 0000000]
trunc_ln101_204       (partselect       ) [ 0000000]
trunc_ln101_205       (partselect       ) [ 0000000]
trunc_ln101_206       (partselect       ) [ 0000000]
tmp_12                (sparsemux        ) [ 0000000]
add_ln101_12          (add              ) [ 0000000]
trunc_ln101_207       (partselect       ) [ 0000000]
trunc_ln101_208       (partselect       ) [ 0000000]
trunc_ln101_209       (partselect       ) [ 0000000]
trunc_ln101_210       (partselect       ) [ 0000000]
trunc_ln101_211       (partselect       ) [ 0000000]
trunc_ln101_212       (partselect       ) [ 0000000]
trunc_ln101_213       (partselect       ) [ 0000000]
trunc_ln101_214       (partselect       ) [ 0000000]
trunc_ln101_215       (partselect       ) [ 0000000]
trunc_ln101_216       (partselect       ) [ 0000000]
trunc_ln101_217       (partselect       ) [ 0000000]
trunc_ln101_218       (partselect       ) [ 0000000]
trunc_ln101_219       (partselect       ) [ 0000000]
trunc_ln101_220       (partselect       ) [ 0000000]
trunc_ln101_221       (partselect       ) [ 0000000]
trunc_ln101_222       (partselect       ) [ 0000000]
tmp_13                (sparsemux        ) [ 0000000]
add_ln101_13          (add              ) [ 0000000]
trunc_ln101_223       (partselect       ) [ 0000000]
trunc_ln101_224       (partselect       ) [ 0000000]
trunc_ln101_225       (partselect       ) [ 0000000]
trunc_ln101_226       (partselect       ) [ 0000000]
trunc_ln101_227       (partselect       ) [ 0000000]
trunc_ln101_228       (partselect       ) [ 0000000]
trunc_ln101_229       (partselect       ) [ 0000000]
trunc_ln101_230       (partselect       ) [ 0000000]
trunc_ln101_231       (partselect       ) [ 0000000]
trunc_ln101_232       (partselect       ) [ 0000000]
trunc_ln101_233       (partselect       ) [ 0000000]
trunc_ln101_234       (partselect       ) [ 0000000]
trunc_ln101_235       (partselect       ) [ 0000000]
trunc_ln101_236       (partselect       ) [ 0000000]
trunc_ln101_237       (partselect       ) [ 0000000]
trunc_ln101_238       (partselect       ) [ 0000000]
tmp_14                (sparsemux        ) [ 0000000]
add_ln101_14          (add              ) [ 0000000]
trunc_ln101_239       (partselect       ) [ 0000000]
trunc_ln101_240       (partselect       ) [ 0000000]
trunc_ln101_241       (partselect       ) [ 0000000]
trunc_ln101_242       (partselect       ) [ 0000000]
trunc_ln101_243       (partselect       ) [ 0000000]
trunc_ln101_244       (partselect       ) [ 0000000]
trunc_ln101_245       (partselect       ) [ 0000000]
trunc_ln101_246       (partselect       ) [ 0000000]
trunc_ln101_247       (partselect       ) [ 0000000]
trunc_ln101_248       (partselect       ) [ 0000000]
trunc_ln101_249       (partselect       ) [ 0000000]
trunc_ln101_250       (partselect       ) [ 0000000]
trunc_ln101_251       (partselect       ) [ 0000000]
trunc_ln101_252       (partselect       ) [ 0000000]
trunc_ln101_253       (partselect       ) [ 0000000]
trunc_ln101_254       (partselect       ) [ 0000000]
tmp_15                (sparsemux        ) [ 0000000]
add_ln101_15          (add              ) [ 0000000]
or_ln101_s            (bitconcatenate   ) [ 0000000]
store_ln101           (store            ) [ 0000000]
br_ln101              (br               ) [ 0000000]
store_ln101           (store            ) [ 0000000]
br_ln101              (br               ) [ 0000000]
store_ln101           (store            ) [ 0000000]
br_ln101              (br               ) [ 0000000]
store_ln101           (store            ) [ 0000000]
br_ln101              (br               ) [ 0000000]
store_ln101           (store            ) [ 0000000]
br_ln101              (br               ) [ 0000000]
store_ln101           (store            ) [ 0000000]
br_ln101              (br               ) [ 0000000]
store_ln101           (store            ) [ 0000000]
br_ln101              (br               ) [ 0000000]
store_ln101           (store            ) [ 0000000]
br_ln101              (br               ) [ 0000000]
store_ln101           (store            ) [ 0000000]
br_ln101              (br               ) [ 0000000]
store_ln101           (store            ) [ 0000000]
br_ln101              (br               ) [ 0000000]
store_ln101           (store            ) [ 0000000]
br_ln101              (br               ) [ 0000000]
store_ln101           (store            ) [ 0000000]
br_ln101              (br               ) [ 0000000]
store_ln101           (store            ) [ 0000000]
br_ln101              (br               ) [ 0000000]
store_ln101           (store            ) [ 0000000]
br_ln101              (br               ) [ 0000000]
store_ln101           (store            ) [ 0000000]
br_ln101              (br               ) [ 0000000]
store_ln101           (store            ) [ 0000000]
br_ln101              (br               ) [ 0000000]
AB_block_0_2_load_1   (load             ) [ 0000000]
AB_block_1_2_load_1   (load             ) [ 0000000]
AB_block_2_2_load_1   (load             ) [ 0000000]
AB_block_3_2_load_1   (load             ) [ 0000000]
AB_block_4_2_load_1   (load             ) [ 0000000]
AB_block_5_2_load_1   (load             ) [ 0000000]
AB_block_6_2_load_1   (load             ) [ 0000000]
AB_block_7_2_load_1   (load             ) [ 0000000]
AB_block_8_2_load_1   (load             ) [ 0000000]
AB_block_9_2_load_1   (load             ) [ 0000000]
AB_block_10_2_load_1  (load             ) [ 0000000]
AB_block_11_2_load_1  (load             ) [ 0000000]
AB_block_12_2_load_1  (load             ) [ 0000000]
AB_block_13_2_load_1  (load             ) [ 0000000]
AB_block_14_2_load_1  (load             ) [ 0000000]
AB_block_15_2_load_1  (load             ) [ 0000000]
write_ln0             (write            ) [ 0000000]
write_ln0             (write            ) [ 0000000]
write_ln0             (write            ) [ 0000000]
write_ln0             (write            ) [ 0000000]
write_ln0             (write            ) [ 0000000]
write_ln0             (write            ) [ 0000000]
write_ln0             (write            ) [ 0000000]
write_ln0             (write            ) [ 0000000]
write_ln0             (write            ) [ 0000000]
write_ln0             (write            ) [ 0000000]
write_ln0             (write            ) [ 0000000]
write_ln0             (write            ) [ 0000000]
write_ln0             (write            ) [ 0000000]
write_ln0             (write            ) [ 0000000]
write_ln0             (write            ) [ 0000000]
write_ln0             (write            ) [ 0000000]
ret_ln0               (ret              ) [ 0000000]
</LifeTime>

<model>

<comp_list>
<comp id="0" class="1000" name="thr_or15">
<pin_list>
<pin id="1" dir="1" index="0" bw="1" slack="0"/>
</pin_list>
<bind>
<StgValue><ssdm name="thr_or15"/></StgValue>
</bind>
</comp>

<comp id="2" class="1000" name="thr_or14">
<pin_list>
<pin id="3" dir="1" index="0" bw="1" slack="0"/>
</pin_list>
<bind>
<StgValue><ssdm name="thr_or14"/></StgValue>
</bind>
</comp>

<comp id="4" class="1000" name="thr_or13">
<pin_list>
<pin id="5" dir="1" index="0" bw="1" slack="0"/>
</pin_list>
<bind>
<StgValue><ssdm name="thr_or13"/></StgValue>
</bind>
</comp>

<comp id="6" class="1000" name="thr_or12">
<pin_list>
<pin id="7" dir="1" index="0" bw="1" slack="0"/>
</pin_list>
<bind>
<StgValue><ssdm name="thr_or12"/></StgValue>
</bind>
</comp>

<comp id="8" class="1000" name="thr_or11">
<pin_list>
<pin id="9" dir="1" index="0" bw="1" slack="0"/>
</pin_list>
<bind>
<StgValue><ssdm name="thr_or11"/></StgValue>
</bind>
</comp>

<comp id="10" class="1000" name="thr_or10">
<pin_list>
<pin id="11" dir="1" index="0" bw="1" slack="0"/>
</pin_list>
<bind>
<StgValue><ssdm name="thr_or10"/></StgValue>
</bind>
</comp>

<comp id="12" class="1000" name="thr_or9">
<pin_list>
<pin id="13" dir="1" index="0" bw="1" slack="0"/>
</pin_list>
<bind>
<StgValue><ssdm name="thr_or9"/></StgValue>
</bind>
</comp>

<comp id="14" class="1000" name="thr_or8">
<pin_list>
<pin id="15" dir="1" index="0" bw="1" slack="0"/>
</pin_list>
<bind>
<StgValue><ssdm name="thr_or8"/></StgValue>
</bind>
</comp>

<comp id="16" class="1000" name="thr_or7">
<pin_list>
<pin id="17" dir="1" index="0" bw="1" slack="0"/>
</pin_list>
<bind>
<StgValue><ssdm name="thr_or7"/></StgValue>
</bind>
</comp>

<comp id="18" class="1000" name="thr_or6">
<pin_list>
<pin id="19" dir="1" index="0" bw="1" slack="0"/>
</pin_list>
<bind>
<StgValue><ssdm name="thr_or6"/></StgValue>
</bind>
</comp>

<comp id="20" class="1000" name="thr_or5">
<pin_list>
<pin id="21" dir="1" index="0" bw="1" slack="0"/>
</pin_list>
<bind>
<StgValue><ssdm name="thr_or5"/></StgValue>
</bind>
</comp>

<comp id="22" class="1000" name="thr_or4">
<pin_list>
<pin id="23" dir="1" index="0" bw="1" slack="0"/>
</pin_list>
<bind>
<StgValue><ssdm name="thr_or4"/></StgValue>
</bind>
</comp>

<comp id="24" class="1000" name="thr_or3">
<pin_list>
<pin id="25" dir="1" index="0" bw="1" slack="0"/>
</pin_list>
<bind>
<StgValue><ssdm name="thr_or3"/></StgValue>
</bind>
</comp>

<comp id="26" class="1000" name="thr_or2">
<pin_list>
<pin id="27" dir="1" index="0" bw="1" slack="0"/>
</pin_list>
<bind>
<StgValue><ssdm name="thr_or2"/></StgValue>
</bind>
</comp>

<comp id="28" class="1000" name="thr_or1">
<pin_list>
<pin id="29" dir="1" index="0" bw="1" slack="0"/>
</pin_list>
<bind>
<StgValue><ssdm name="thr_or1"/></StgValue>
</bind>
</comp>

<comp id="30" class="1000" name="thr_or">
<pin_list>
<pin id="31" dir="1" index="0" bw="1" slack="0"/>
</pin_list>
<bind>
<StgValue><ssdm name="thr_or"/></StgValue>
</bind>
</comp>

<comp id="32" class="1000" name="tmp_45">
<pin_list>
<pin id="33" dir="1" index="0" bw="1" slack="0"/>
</pin_list>
<bind>
<StgValue><ssdm name="tmp_45"/></StgValue>
</bind>
</comp>

<comp id="34" class="1000" name="A_stream">
<pin_list>
<pin id="35" dir="1" index="0" bw="1" slack="0"/>
</pin_list>
<bind>
<StgValue><ssdm name="A_stream"/></StgValue>
</bind>
</comp>

<comp id="36" class="1000" name="B_stream">
<pin_list>
<pin id="37" dir="1" index="0" bw="1" slack="0"/>
</pin_list>
<bind>
<StgValue><ssdm name="B_stream"/></StgValue>
</bind>
</comp>

<comp id="38" class="1000" name="AB_block_15_2_out">
<pin_list>
<pin id="39" dir="1" index="0" bw="1" slack="0"/>
</pin_list>
<bind>
<StgValue><ssdm name="AB_block_15_2_out"/></StgValue>
</bind>
</comp>

<comp id="40" class="1000" name="AB_block_14_2_out">
<pin_list>
<pin id="41" dir="1" index="0" bw="1" slack="0"/>
</pin_list>
<bind>
<StgValue><ssdm name="AB_block_14_2_out"/></StgValue>
</bind>
</comp>

<comp id="42" class="1000" name="AB_block_13_2_out">
<pin_list>
<pin id="43" dir="1" index="0" bw="1" slack="0"/>
</pin_list>
<bind>
<StgValue><ssdm name="AB_block_13_2_out"/></StgValue>
</bind>
</comp>

<comp id="44" class="1000" name="AB_block_12_2_out">
<pin_list>
<pin id="45" dir="1" index="0" bw="1" slack="0"/>
</pin_list>
<bind>
<StgValue><ssdm name="AB_block_12_2_out"/></StgValue>
</bind>
</comp>

<comp id="46" class="1000" name="AB_block_11_2_out">
<pin_list>
<pin id="47" dir="1" index="0" bw="1" slack="0"/>
</pin_list>
<bind>
<StgValue><ssdm name="AB_block_11_2_out"/></StgValue>
</bind>
</comp>

<comp id="48" class="1000" name="AB_block_10_2_out">
<pin_list>
<pin id="49" dir="1" index="0" bw="1" slack="0"/>
</pin_list>
<bind>
<StgValue><ssdm name="AB_block_10_2_out"/></StgValue>
</bind>
</comp>

<comp id="50" class="1000" name="AB_block_9_2_out">
<pin_list>
<pin id="51" dir="1" index="0" bw="1" slack="0"/>
</pin_list>
<bind>
<StgValue><ssdm name="AB_block_9_2_out"/></StgValue>
</bind>
</comp>

<comp id="52" class="1000" name="AB_block_8_2_out">
<pin_list>
<pin id="53" dir="1" index="0" bw="1" slack="0"/>
</pin_list>
<bind>
<StgValue><ssdm name="AB_block_8_2_out"/></StgValue>
</bind>
</comp>

<comp id="54" class="1000" name="AB_block_7_2_out">
<pin_list>
<pin id="55" dir="1" index="0" bw="1" slack="0"/>
</pin_list>
<bind>
<StgValue><ssdm name="AB_block_7_2_out"/></StgValue>
</bind>
</comp>

<comp id="56" class="1000" name="AB_block_6_2_out">
<pin_list>
<pin id="57" dir="1" index="0" bw="1" slack="0"/>
</pin_list>
<bind>
<StgValue><ssdm name="AB_block_6_2_out"/></StgValue>
</bind>
</comp>

<comp id="58" class="1000" name="AB_block_5_2_out">
<pin_list>
<pin id="59" dir="1" index="0" bw="1" slack="0"/>
</pin_list>
<bind>
<StgValue><ssdm name="AB_block_5_2_out"/></StgValue>
</bind>
</comp>

<comp id="60" class="1000" name="AB_block_4_2_out">
<pin_list>
<pin id="61" dir="1" index="0" bw="1" slack="0"/>
</pin_list>
<bind>
<StgValue><ssdm name="AB_block_4_2_out"/></StgValue>
</bind>
</comp>

<comp id="62" class="1000" name="AB_block_3_2_out">
<pin_list>
<pin id="63" dir="1" index="0" bw="1" slack="0"/>
</pin_list>
<bind>
<StgValue><ssdm name="AB_block_3_2_out"/></StgValue>
</bind>
</comp>

<comp id="64" class="1000" name="AB_block_2_2_out">
<pin_list>
<pin id="65" dir="1" index="0" bw="1" slack="0"/>
</pin_list>
<bind>
<StgValue><ssdm name="AB_block_2_2_out"/></StgValue>
</bind>
</comp>

<comp id="66" class="1000" name="AB_block_1_2_out">
<pin_list>
<pin id="67" dir="1" index="0" bw="1" slack="0"/>
</pin_list>
<bind>
<StgValue><ssdm name="AB_block_1_2_out"/></StgValue>
</bind>
</comp>

<comp id="68" class="1000" name="AB_block_0_2_out">
<pin_list>
<pin id="69" dir="1" index="0" bw="1" slack="0"/>
</pin_list>
<bind>
<StgValue><ssdm name="AB_block_0_2_out"/></StgValue>
</bind>
</comp>

<comp id="70" class="1001" name="const_70">
<pin_list>
<pin id="71" dir="1" index="0" bw="1" slack="0"/>
</pin_list>
<bind>
<StgValue><ssdm name=""/></StgValue>
</bind>
</comp>

<comp id="72" class="1001" name="const_72">
<pin_list>
<pin id="73" dir="1" index="0" bw="1" slack="2147483647"/>
</pin_list>
<bind>
<StgValue><ssdm name="_ssdm_op_SpecInterface"/></StgValue>
</bind>
</comp>

<comp id="74" class="1001" name="const_74">
<pin_list>
<pin id="75" dir="1" index="0" bw="1" slack="2147483647"/>
</pin_list>
<bind>
<StgValue><ssdm name="empty_13"/></StgValue>
</bind>
</comp>

<comp id="76" class="1001" name="const_76">
<pin_list>
<pin id="77" dir="1" index="0" bw="1" slack="2147483647"/>
</pin_list>
<bind>
<StgValue><ssdm name=""/></StgValue>
</bind>
</comp>

<comp id="78" class="1001" name="const_78">
<pin_list>
<pin id="79" dir="1" index="0" bw="1" slack="2147483647"/>
</pin_list>
<bind>
<StgValue><ssdm name="empty_17"/></StgValue>
</bind>
</comp>

<comp id="80" class="1001" name="const_80">
<pin_list>
<pin id="81" dir="1" index="0" bw="1" slack="2147483647"/>
</pin_list>
<bind>
<StgValue><ssdm name=""/></StgValue>
</bind>
</comp>

<comp id="82" class="1001" name="const_82">
<pin_list>
<pin id="83" dir="1" index="0" bw="1" slack="0"/>
</pin_list>
<bind>
<StgValue><ssdm name="_ssdm_op_Read.ap_auto.i35"/></StgValue>
</bind>
</comp>

<comp id="84" class="1001" name="const_84">
<pin_list>
<pin id="85" dir="1" index="0" bw="1" slack="0"/>
</pin_list>
<bind>
<StgValue><ssdm name="_ssdm_op_Read.ap_auto.i512"/></StgValue>
</bind>
</comp>

<comp id="86" class="1001" name="const_86">
<pin_list>
<pin id="87" dir="1" index="0" bw="1" slack="0"/>
</pin_list>
<bind>
<StgValue><ssdm name=""/></StgValue>
</bind>
</comp>

<comp id="88" class="1001" name="const_88">
<pin_list>
<pin id="89" dir="1" index="0" bw="1" slack="0"/>
</pin_list>
<bind>
<StgValue><ssdm name=""/></StgValue>
</bind>
</comp>

<comp id="90" class="1001" name="const_90">
<pin_list>
<pin id="91" dir="1" index="0" bw="1" slack="0"/>
</pin_list>
<bind>
<StgValue><ssdm name=""/></StgValue>
</bind>
</comp>

<comp id="92" class="1001" name="const_92">
<pin_list>
<pin id="93" dir="1" index="0" bw="1" slack="0"/>
</pin_list>
<bind>
<StgValue><ssdm name=""/></StgValue>
</bind>
</comp>

<comp id="94" class="1001" name="const_94">
<pin_list>
<pin id="95" dir="1" index="0" bw="1" slack="2147483647"/>
</pin_list>
<bind>
<StgValue><ssdm name="_ssdm_op_SpecLoopName"/></StgValue>
</bind>
</comp>

<comp id="96" class="1001" name="const_96">
<pin_list>
<pin id="97" dir="1" index="0" bw="1" slack="2147483647"/>
</pin_list>
<bind>
<StgValue><ssdm name="k_BLOCK_loop_k_loop_i_loop_str"/></StgValue>
</bind>
</comp>

<comp id="98" class="1001" name="const_98">
<pin_list>
<pin id="99" dir="1" index="0" bw="1" slack="2147483647"/>
</pin_list>
<bind>
<StgValue><ssdm name="_ssdm_op_SpecLoopTripCount"/></StgValue>
</bind>
</comp>

<comp id="100" class="1001" name="const_100">
<pin_list>
<pin id="101" dir="1" index="0" bw="1" slack="2147483647"/>
</pin_list>
<bind>
<StgValue><ssdm name=""/></StgValue>
</bind>
</comp>

<comp id="102" class="1001" name="const_102">
<pin_list>
<pin id="103" dir="1" index="0" bw="1" slack="0"/>
</pin_list>
<bind>
<StgValue><ssdm name=""/></StgValue>
</bind>
</comp>

<comp id="104" class="1001" name="const_104">
<pin_list>
<pin id="105" dir="1" index="0" bw="1" slack="0"/>
</pin_list>
<bind>
<StgValue><ssdm name=""/></StgValue>
</bind>
</comp>

<comp id="106" class="1001" name="const_106">
<pin_list>
<pin id="107" dir="1" index="0" bw="1" slack="0"/>
</pin_list>
<bind>
<StgValue><ssdm name=""/></StgValue>
</bind>
</comp>

<comp id="108" class="1001" name="const_108">
<pin_list>
<pin id="109" dir="1" index="0" bw="1" slack="0"/>
</pin_list>
<bind>
<StgValue><ssdm name=""/></StgValue>
</bind>
</comp>

<comp id="110" class="1001" name="const_110">
<pin_list>
<pin id="111" dir="1" index="0" bw="1" slack="0"/>
</pin_list>
<bind>
<StgValue><ssdm name=""/></StgValue>
</bind>
</comp>

<comp id="112" class="1001" name="const_112">
<pin_list>
<pin id="113" dir="1" index="0" bw="1" slack="0"/>
</pin_list>
<bind>
<StgValue><ssdm name=""/></StgValue>
</bind>
</comp>

<comp id="114" class="1001" name="const_114">
<pin_list>
<pin id="115" dir="1" index="0" bw="1" slack="0"/>
</pin_list>
<bind>
<StgValue><ssdm name=""/></StgValue>
</bind>
</comp>

<comp id="116" class="1001" name="const_116">
<pin_list>
<pin id="117" dir="1" index="0" bw="1" slack="0"/>
</pin_list>
<bind>
<StgValue><ssdm name=""/></StgValue>
</bind>
</comp>

<comp id="118" class="1001" name="const_118">
<pin_list>
<pin id="119" dir="1" index="0" bw="1" slack="0"/>
</pin_list>
<bind>
<StgValue><ssdm name=""/></StgValue>
</bind>
</comp>

<comp id="120" class="1001" name="const_120">
<pin_list>
<pin id="121" dir="1" index="0" bw="1" slack="0"/>
</pin_list>
<bind>
<StgValue><ssdm name=""/></StgValue>
</bind>
</comp>

<comp id="122" class="1001" name="const_122">
<pin_list>
<pin id="123" dir="1" index="0" bw="1" slack="0"/>
</pin_list>
<bind>
<StgValue><ssdm name=""/></StgValue>
</bind>
</comp>

<comp id="124" class="1001" name="const_124">
<pin_list>
<pin id="125" dir="1" index="0" bw="1" slack="0"/>
</pin_list>
<bind>
<StgValue><ssdm name=""/></StgValue>
</bind>
</comp>

<comp id="126" class="1001" name="const_126">
<pin_list>
<pin id="127" dir="1" index="0" bw="1" slack="0"/>
</pin_list>
<bind>
<StgValue><ssdm name=""/></StgValue>
</bind>
</comp>

<comp id="128" class="1001" name="const_128">
<pin_list>
<pin id="129" dir="1" index="0" bw="1" slack="0"/>
</pin_list>
<bind>
<StgValue><ssdm name=""/></StgValue>
</bind>
</comp>

<comp id="130" class="1001" name="const_130">
<pin_list>
<pin id="131" dir="1" index="0" bw="1" slack="0"/>
</pin_list>
<bind>
<StgValue><ssdm name=""/></StgValue>
</bind>
</comp>

<comp id="132" class="1001" name="const_132">
<pin_list>
<pin id="133" dir="1" index="0" bw="1" slack="0"/>
</pin_list>
<bind>
<StgValue><ssdm name=""/></StgValue>
</bind>
</comp>

<comp id="134" class="1001" name="const_134">
<pin_list>
<pin id="135" dir="1" index="0" bw="1" slack="0"/>
</pin_list>
<bind>
<StgValue><ssdm name=""/></StgValue>
</bind>
</comp>

<comp id="136" class="1001" name="const_136">
<pin_list>
<pin id="137" dir="1" index="0" bw="1" slack="0"/>
</pin_list>
<bind>
<StgValue><ssdm name=""/></StgValue>
</bind>
</comp>

<comp id="138" class="1001" name="const_138">
<pin_list>
<pin id="139" dir="1" index="0" bw="1" slack="0"/>
</pin_list>
<bind>
<StgValue><ssdm name=""/></StgValue>
</bind>
</comp>

<comp id="140" class="1001" name="const_140">
<pin_list>
<pin id="141" dir="1" index="0" bw="1" slack="0"/>
</pin_list>
<bind>
<StgValue><ssdm name=""/></StgValue>
</bind>
</comp>

<comp id="142" class="1001" name="const_142">
<pin_list>
<pin id="143" dir="1" index="0" bw="1" slack="0"/>
</pin_list>
<bind>
<StgValue><ssdm name="_ssdm_op_Read.ap_fifo.volatile.i512P0A"/></StgValue>
</bind>
</comp>

<comp id="144" class="1001" name="const_144">
<pin_list>
<pin id="145" dir="1" index="0" bw="1" slack="0"/>
</pin_list>
<bind>
<StgValue><ssdm name="_ssdm_op_PartSelect.i32.i512.i32.i32"/></StgValue>
</bind>
</comp>

<comp id="146" class="1001" name="const_146">
<pin_list>
<pin id="147" dir="1" index="0" bw="1" slack="0"/>
</pin_list>
<bind>
<StgValue><ssdm name=""/></StgValue>
</bind>
</comp>

<comp id="148" class="1001" name="const_148">
<pin_list>
<pin id="149" dir="1" index="0" bw="1" slack="0"/>
</pin_list>
<bind>
<StgValue><ssdm name=""/></StgValue>
</bind>
</comp>

<comp id="150" class="1001" name="const_150">
<pin_list>
<pin id="151" dir="1" index="0" bw="1" slack="0"/>
</pin_list>
<bind>
<StgValue><ssdm name=""/></StgValue>
</bind>
</comp>

<comp id="152" class="1001" name="const_152">
<pin_list>
<pin id="153" dir="1" index="0" bw="1" slack="0"/>
</pin_list>
<bind>
<StgValue><ssdm name=""/></StgValue>
</bind>
</comp>

<comp id="154" class="1001" name="const_154">
<pin_list>
<pin id="155" dir="1" index="0" bw="1" slack="0"/>
</pin_list>
<bind>
<StgValue><ssdm name=""/></StgValue>
</bind>
</comp>

<comp id="156" class="1001" name="const_156">
<pin_list>
<pin id="157" dir="1" index="0" bw="1" slack="0"/>
</pin_list>
<bind>
<StgValue><ssdm name=""/></StgValue>
</bind>
</comp>

<comp id="158" class="1001" name="const_158">
<pin_list>
<pin id="159" dir="1" index="0" bw="1" slack="0"/>
</pin_list>
<bind>
<StgValue><ssdm name=""/></StgValue>
</bind>
</comp>

<comp id="160" class="1001" name="const_160">
<pin_list>
<pin id="161" dir="1" index="0" bw="1" slack="0"/>
</pin_list>
<bind>
<StgValue><ssdm name=""/></StgValue>
</bind>
</comp>

<comp id="162" class="1001" name="const_162">
<pin_list>
<pin id="163" dir="1" index="0" bw="1" slack="0"/>
</pin_list>
<bind>
<StgValue><ssdm name=""/></StgValue>
</bind>
</comp>

<comp id="164" class="1001" name="const_164">
<pin_list>
<pin id="165" dir="1" index="0" bw="1" slack="0"/>
</pin_list>
<bind>
<StgValue><ssdm name=""/></StgValue>
</bind>
</comp>

<comp id="166" class="1001" name="const_166">
<pin_list>
<pin id="167" dir="1" index="0" bw="1" slack="0"/>
</pin_list>
<bind>
<StgValue><ssdm name=""/></StgValue>
</bind>
</comp>

<comp id="168" class="1001" name="const_168">
<pin_list>
<pin id="169" dir="1" index="0" bw="1" slack="0"/>
</pin_list>
<bind>
<StgValue><ssdm name=""/></StgValue>
</bind>
</comp>

<comp id="170" class="1001" name="const_170">
<pin_list>
<pin id="171" dir="1" index="0" bw="1" slack="0"/>
</pin_list>
<bind>
<StgValue><ssdm name=""/></StgValue>
</bind>
</comp>

<comp id="172" class="1001" name="const_172">
<pin_list>
<pin id="173" dir="1" index="0" bw="1" slack="0"/>
</pin_list>
<bind>
<StgValue><ssdm name=""/></StgValue>
</bind>
</comp>

<comp id="174" class="1001" name="const_174">
<pin_list>
<pin id="175" dir="1" index="0" bw="1" slack="0"/>
</pin_list>
<bind>
<StgValue><ssdm name=""/></StgValue>
</bind>
</comp>

<comp id="176" class="1001" name="const_176">
<pin_list>
<pin id="177" dir="1" index="0" bw="1" slack="0"/>
</pin_list>
<bind>
<StgValue><ssdm name=""/></StgValue>
</bind>
</comp>

<comp id="178" class="1001" name="const_178">
<pin_list>
<pin id="179" dir="1" index="0" bw="1" slack="0"/>
</pin_list>
<bind>
<StgValue><ssdm name=""/></StgValue>
</bind>
</comp>

<comp id="180" class="1001" name="const_180">
<pin_list>
<pin id="181" dir="1" index="0" bw="1" slack="0"/>
</pin_list>
<bind>
<StgValue><ssdm name=""/></StgValue>
</bind>
</comp>

<comp id="182" class="1001" name="const_182">
<pin_list>
<pin id="183" dir="1" index="0" bw="1" slack="0"/>
</pin_list>
<bind>
<StgValue><ssdm name=""/></StgValue>
</bind>
</comp>

<comp id="184" class="1001" name="const_184">
<pin_list>
<pin id="185" dir="1" index="0" bw="1" slack="0"/>
</pin_list>
<bind>
<StgValue><ssdm name=""/></StgValue>
</bind>
</comp>

<comp id="186" class="1001" name="const_186">
<pin_list>
<pin id="187" dir="1" index="0" bw="1" slack="0"/>
</pin_list>
<bind>
<StgValue><ssdm name=""/></StgValue>
</bind>
</comp>

<comp id="188" class="1001" name="const_188">
<pin_list>
<pin id="189" dir="1" index="0" bw="1" slack="0"/>
</pin_list>
<bind>
<StgValue><ssdm name=""/></StgValue>
</bind>
</comp>

<comp id="190" class="1001" name="const_190">
<pin_list>
<pin id="191" dir="1" index="0" bw="1" slack="0"/>
</pin_list>
<bind>
<StgValue><ssdm name=""/></StgValue>
</bind>
</comp>

<comp id="192" class="1001" name="const_192">
<pin_list>
<pin id="193" dir="1" index="0" bw="1" slack="0"/>
</pin_list>
<bind>
<StgValue><ssdm name=""/></StgValue>
</bind>
</comp>

<comp id="194" class="1001" name="const_194">
<pin_list>
<pin id="195" dir="1" index="0" bw="1" slack="0"/>
</pin_list>
<bind>
<StgValue><ssdm name=""/></StgValue>
</bind>
</comp>

<comp id="196" class="1001" name="const_196">
<pin_list>
<pin id="197" dir="1" index="0" bw="1" slack="0"/>
</pin_list>
<bind>
<StgValue><ssdm name=""/></StgValue>
</bind>
</comp>

<comp id="198" class="1001" name="const_198">
<pin_list>
<pin id="199" dir="1" index="0" bw="1" slack="0"/>
</pin_list>
<bind>
<StgValue><ssdm name=""/></StgValue>
</bind>
</comp>

<comp id="200" class="1001" name="const_200">
<pin_list>
<pin id="201" dir="1" index="0" bw="1" slack="0"/>
</pin_list>
<bind>
<StgValue><ssdm name=""/></StgValue>
</bind>
</comp>

<comp id="202" class="1001" name="const_202">
<pin_list>
<pin id="203" dir="1" index="0" bw="1" slack="0"/>
</pin_list>
<bind>
<StgValue><ssdm name=""/></StgValue>
</bind>
</comp>

<comp id="204" class="1001" name="const_204">
<pin_list>
<pin id="205" dir="1" index="0" bw="1" slack="0"/>
</pin_list>
<bind>
<StgValue><ssdm name=""/></StgValue>
</bind>
</comp>

<comp id="206" class="1001" name="const_206">
<pin_list>
<pin id="207" dir="1" index="0" bw="1" slack="0"/>
</pin_list>
<bind>
<StgValue><ssdm name="_ssdm_op_BitConcatenate.i9.i4.i5"/></StgValue>
</bind>
</comp>

<comp id="208" class="1001" name="const_208">
<pin_list>
<pin id="209" dir="1" index="0" bw="1" slack="2147483647"/>
</pin_list>
<bind>
<StgValue><ssdm name="_ssdm_op_SpecPipeline"/></StgValue>
</bind>
</comp>

<comp id="210" class="1001" name="const_210">
<pin_list>
<pin id="211" dir="1" index="0" bw="1" slack="0"/>
</pin_list>
<bind>
<StgValue><ssdm name="_ssdm_op_SparseMux.ap_auto.16i32.i32.i4"/></StgValue>
</bind>
</comp>

<comp id="212" class="1001" name="const_212">
<pin_list>
<pin id="213" dir="1" index="0" bw="1" slack="0"/>
</pin_list>
<bind>
<StgValue><ssdm name=""/></StgValue>
</bind>
</comp>

<comp id="214" class="1001" name="const_214">
<pin_list>
<pin id="215" dir="1" index="0" bw="1" slack="0"/>
</pin_list>
<bind>
<StgValue><ssdm name=""/></StgValue>
</bind>
</comp>

<comp id="216" class="1001" name="const_216">
<pin_list>
<pin id="217" dir="1" index="0" bw="1" slack="0"/>
</pin_list>
<bind>
<StgValue><ssdm name="_ssdm_op_BitConcatenate.i512.i32.i32.i32.i32.i32.i32.i32.i32.i32.i32.i32.i32.i32.i32.i32.i32"/></StgValue>
</bind>
</comp>

<comp id="218" class="1001" name="const_218">
<pin_list>
<pin id="219" dir="1" index="0" bw="1" slack="0"/>
</pin_list>
<bind>
<StgValue><ssdm name="_ssdm_op_Write.ap_auto.i512P0A"/></StgValue>
</bind>
</comp>

<comp id="220" class="1004" name="i_fu_220">
<pin_list>
<pin id="221" dir="0" index="0" bw="1" slack="0"/>
<pin id="222" dir="1" index="1" bw="5" slack="0"/>
</pin_list>
<bind>
<opcode="alloca(26) " fcode="alloca"/>
<opset="i/1 "/>
</bind>
</comp>

<comp id="224" class="1004" name="indvar_flatten_fu_224">
<pin_list>
<pin id="225" dir="0" index="0" bw="1" slack="0"/>
<pin id="226" dir="1" index="1" bw="10" slack="0"/>
</pin_list>
<bind>
<opcode="alloca(26) " fcode="alloca"/>
<opset="indvar_flatten/1 "/>
</bind>
</comp>

<comp id="228" class="1004" name="indvar_flatten43_fu_228">
<pin_list>
<pin id="229" dir="0" index="0" bw="1" slack="0"/>
<pin id="230" dir="1" index="1" bw="35" slack="0"/>
</pin_list>
<bind>
<opcode="alloca(26) " fcode="alloca"/>
<opset="indvar_flatten43/1 "/>
</bind>
</comp>

<comp id="232" class="1004" name="AB_block_0_2_fu_232">
<pin_list>
<pin id="233" dir="0" index="0" bw="1" slack="0"/>
<pin id="234" dir="1" index="1" bw="512" slack="0"/>
</pin_list>
<bind>
<opcode="alloca(26) " fcode="alloca"/>
<opset="AB_block_0_2/1 "/>
</bind>
</comp>

<comp id="236" class="1004" name="AB_block_1_2_fu_236">
<pin_list>
<pin id="237" dir="0" index="0" bw="1" slack="0"/>
<pin id="238" dir="1" index="1" bw="512" slack="0"/>
</pin_list>
<bind>
<opcode="alloca(26) " fcode="alloca"/>
<opset="AB_block_1_2/1 "/>
</bind>
</comp>

<comp id="240" class="1004" name="AB_block_2_2_fu_240">
<pin_list>
<pin id="241" dir="0" index="0" bw="1" slack="0"/>
<pin id="242" dir="1" index="1" bw="512" slack="0"/>
</pin_list>
<bind>
<opcode="alloca(26) " fcode="alloca"/>
<opset="AB_block_2_2/1 "/>
</bind>
</comp>

<comp id="244" class="1004" name="AB_block_3_2_fu_244">
<pin_list>
<pin id="245" dir="0" index="0" bw="1" slack="0"/>
<pin id="246" dir="1" index="1" bw="512" slack="0"/>
</pin_list>
<bind>
<opcode="alloca(26) " fcode="alloca"/>
<opset="AB_block_3_2/1 "/>
</bind>
</comp>

<comp id="248" class="1004" name="AB_block_4_2_fu_248">
<pin_list>
<pin id="249" dir="0" index="0" bw="1" slack="0"/>
<pin id="250" dir="1" index="1" bw="512" slack="0"/>
</pin_list>
<bind>
<opcode="alloca(26) " fcode="alloca"/>
<opset="AB_block_4_2/1 "/>
</bind>
</comp>

<comp id="252" class="1004" name="AB_block_5_2_fu_252">
<pin_list>
<pin id="253" dir="0" index="0" bw="1" slack="0"/>
<pin id="254" dir="1" index="1" bw="512" slack="0"/>
</pin_list>
<bind>
<opcode="alloca(26) " fcode="alloca"/>
<opset="AB_block_5_2/1 "/>
</bind>
</comp>

<comp id="256" class="1004" name="AB_block_6_2_fu_256">
<pin_list>
<pin id="257" dir="0" index="0" bw="1" slack="0"/>
<pin id="258" dir="1" index="1" bw="512" slack="0"/>
</pin_list>
<bind>
<opcode="alloca(26) " fcode="alloca"/>
<opset="AB_block_6_2/1 "/>
</bind>
</comp>

<comp id="260" class="1004" name="AB_block_7_2_fu_260">
<pin_list>
<pin id="261" dir="0" index="0" bw="1" slack="0"/>
<pin id="262" dir="1" index="1" bw="512" slack="0"/>
</pin_list>
<bind>
<opcode="alloca(26) " fcode="alloca"/>
<opset="AB_block_7_2/1 "/>
</bind>
</comp>

<comp id="264" class="1004" name="AB_block_8_2_fu_264">
<pin_list>
<pin id="265" dir="0" index="0" bw="1" slack="0"/>
<pin id="266" dir="1" index="1" bw="512" slack="0"/>
</pin_list>
<bind>
<opcode="alloca(26) " fcode="alloca"/>
<opset="AB_block_8_2/1 "/>
</bind>
</comp>

<comp id="268" class="1004" name="AB_block_9_2_fu_268">
<pin_list>
<pin id="269" dir="0" index="0" bw="1" slack="0"/>
<pin id="270" dir="1" index="1" bw="512" slack="0"/>
</pin_list>
<bind>
<opcode="alloca(26) " fcode="alloca"/>
<opset="AB_block_9_2/1 "/>
</bind>
</comp>

<comp id="272" class="1004" name="AB_block_10_2_fu_272">
<pin_list>
<pin id="273" dir="0" index="0" bw="1" slack="0"/>
<pin id="274" dir="1" index="1" bw="512" slack="0"/>
</pin_list>
<bind>
<opcode="alloca(26) " fcode="alloca"/>
<opset="AB_block_10_2/1 "/>
</bind>
</comp>

<comp id="276" class="1004" name="AB_block_11_2_fu_276">
<pin_list>
<pin id="277" dir="0" index="0" bw="1" slack="0"/>
<pin id="278" dir="1" index="1" bw="512" slack="0"/>
</pin_list>
<bind>
<opcode="alloca(26) " fcode="alloca"/>
<opset="AB_block_11_2/1 "/>
</bind>
</comp>

<comp id="280" class="1004" name="AB_block_12_2_fu_280">
<pin_list>
<pin id="281" dir="0" index="0" bw="1" slack="0"/>
<pin id="282" dir="1" index="1" bw="512" slack="0"/>
</pin_list>
<bind>
<opcode="alloca(26) " fcode="alloca"/>
<opset="AB_block_12_2/1 "/>
</bind>
</comp>

<comp id="284" class="1004" name="AB_block_13_2_fu_284">
<pin_list>
<pin id="285" dir="0" index="0" bw="1" slack="0"/>
<pin id="286" dir="1" index="1" bw="512" slack="0"/>
</pin_list>
<bind>
<opcode="alloca(26) " fcode="alloca"/>
<opset="AB_block_13_2/1 "/>
</bind>
</comp>

<comp id="288" class="1004" name="AB_block_14_2_fu_288">
<pin_list>
<pin id="289" dir="0" index="0" bw="1" slack="0"/>
<pin id="290" dir="1" index="1" bw="512" slack="0"/>
</pin_list>
<bind>
<opcode="alloca(26) " fcode="alloca"/>
<opset="AB_block_14_2/1 "/>
</bind>
</comp>

<comp id="292" class="1004" name="AB_block_15_2_fu_292">
<pin_list>
<pin id="293" dir="0" index="0" bw="1" slack="0"/>
<pin id="294" dir="1" index="1" bw="512" slack="0"/>
</pin_list>
<bind>
<opcode="alloca(26) " fcode="alloca"/>
<opset="AB_block_15_2/1 "/>
</bind>
</comp>

<comp id="296" class="1004" name="empty_fu_296">
<pin_list>
<pin id="297" dir="0" index="0" bw="1" slack="0"/>
<pin id="298" dir="1" index="1" bw="512" slack="2"/>
</pin_list>
<bind>
<opcode="alloca(26) " fcode="alloca"/>
<opset="empty/1 "/>
</bind>
</comp>

<comp id="300" class="1004" name="p_038_fu_300">
<pin_list>
<pin id="301" dir="0" index="0" bw="1" slack="0"/>
<pin id="302" dir="1" index="1" bw="512" slack="2"/>
</pin_list>
<bind>
<opcode="alloca(26) " fcode="alloca"/>
<opset="p_038/1 "/>
</bind>
</comp>

<comp id="304" class="1004" name="tmp_45_read_read_fu_304">
<pin_list>
<pin id="305" dir="0" index="0" bw="35" slack="0"/>
<pin id="306" dir="0" index="1" bw="35" slack="0"/>
<pin id="307" dir="1" index="2" bw="35" slack="1"/>
</pin_list>
<bind>
<opcode="read(1150) " fcode="read"/>
<opset="tmp_45_read/1 "/>
</bind>
</comp>

<comp id="310" class="1004" name="thr_or_read_read_fu_310">
<pin_list>
<pin id="311" dir="0" index="0" bw="512" slack="0"/>
<pin id="312" dir="0" index="1" bw="512" slack="0"/>
<pin id="313" dir="1" index="2" bw="512" slack="0"/>
</pin_list>
<bind>
<opcode="read(1150) " fcode="read"/>
<opset="thr_or_read/1 "/>
</bind>
</comp>

<comp id="316" class="1004" name="thr_or1_read_read_fu_316">
<pin_list>
<pin id="317" dir="0" index="0" bw="512" slack="0"/>
<pin id="318" dir="0" index="1" bw="512" slack="0"/>
<pin id="319" dir="1" index="2" bw="512" slack="0"/>
</pin_list>
<bind>
<opcode="read(1150) " fcode="read"/>
<opset="thr_or1_read/1 "/>
</bind>
</comp>

<comp id="322" class="1004" name="thr_or2_read_read_fu_322">
<pin_list>
<pin id="323" dir="0" index="0" bw="512" slack="0"/>
<pin id="324" dir="0" index="1" bw="512" slack="0"/>
<pin id="325" dir="1" index="2" bw="512" slack="0"/>
</pin_list>
<bind>
<opcode="read(1150) " fcode="read"/>
<opset="thr_or2_read/1 "/>
</bind>
</comp>

<comp id="328" class="1004" name="thr_or3_read_read_fu_328">
<pin_list>
<pin id="329" dir="0" index="0" bw="512" slack="0"/>
<pin id="330" dir="0" index="1" bw="512" slack="0"/>
<pin id="331" dir="1" index="2" bw="512" slack="0"/>
</pin_list>
<bind>
<opcode="read(1150) " fcode="read"/>
<opset="thr_or3_read/1 "/>
</bind>
</comp>

<comp id="334" class="1004" name="thr_or4_read_read_fu_334">
<pin_list>
<pin id="335" dir="0" index="0" bw="512" slack="0"/>
<pin id="336" dir="0" index="1" bw="512" slack="0"/>
<pin id="337" dir="1" index="2" bw="512" slack="0"/>
</pin_list>
<bind>
<opcode="read(1150) " fcode="read"/>
<opset="thr_or4_read/1 "/>
</bind>
</comp>

<comp id="340" class="1004" name="thr_or5_read_read_fu_340">
<pin_list>
<pin id="341" dir="0" index="0" bw="512" slack="0"/>
<pin id="342" dir="0" index="1" bw="512" slack="0"/>
<pin id="343" dir="1" index="2" bw="512" slack="0"/>
</pin_list>
<bind>
<opcode="read(1150) " fcode="read"/>
<opset="thr_or5_read/1 "/>
</bind>
</comp>

<comp id="346" class="1004" name="thr_or6_read_read_fu_346">
<pin_list>
<pin id="347" dir="0" index="0" bw="512" slack="0"/>
<pin id="348" dir="0" index="1" bw="512" slack="0"/>
<pin id="349" dir="1" index="2" bw="512" slack="0"/>
</pin_list>
<bind>
<opcode="read(1150) " fcode="read"/>
<opset="thr_or6_read/1 "/>
</bind>
</comp>

<comp id="352" class="1004" name="thr_or7_read_read_fu_352">
<pin_list>
<pin id="353" dir="0" index="0" bw="512" slack="0"/>
<pin id="354" dir="0" index="1" bw="512" slack="0"/>
<pin id="355" dir="1" index="2" bw="512" slack="0"/>
</pin_list>
<bind>
<opcode="read(1150) " fcode="read"/>
<opset="thr_or7_read/1 "/>
</bind>
</comp>

<comp id="358" class="1004" name="thr_or8_read_read_fu_358">
<pin_list>
<pin id="359" dir="0" index="0" bw="512" slack="0"/>
<pin id="360" dir="0" index="1" bw="512" slack="0"/>
<pin id="361" dir="1" index="2" bw="512" slack="0"/>
</pin_list>
<bind>
<opcode="read(1150) " fcode="read"/>
<opset="thr_or8_read/1 "/>
</bind>
</comp>

<comp id="364" class="1004" name="thr_or9_read_read_fu_364">
<pin_list>
<pin id="365" dir="0" index="0" bw="512" slack="0"/>
<pin id="366" dir="0" index="1" bw="512" slack="0"/>
<pin id="367" dir="1" index="2" bw="512" slack="0"/>
</pin_list>
<bind>
<opcode="read(1150) " fcode="read"/>
<opset="thr_or9_read/1 "/>
</bind>
</comp>

<comp id="370" class="1004" name="thr_or10_read_read_fu_370">
<pin_list>
<pin id="371" dir="0" index="0" bw="512" slack="0"/>
<pin id="372" dir="0" index="1" bw="512" slack="0"/>
<pin id="373" dir="1" index="2" bw="512" slack="0"/>
</pin_list>
<bind>
<opcode="read(1150) " fcode="read"/>
<opset="thr_or10_read/1 "/>
</bind>
</comp>

<comp id="376" class="1004" name="thr_or11_read_read_fu_376">
<pin_list>
<pin id="377" dir="0" index="0" bw="512" slack="0"/>
<pin id="378" dir="0" index="1" bw="512" slack="0"/>
<pin id="379" dir="1" index="2" bw="512" slack="0"/>
</pin_list>
<bind>
<opcode="read(1150) " fcode="read"/>
<opset="thr_or11_read/1 "/>
</bind>
</comp>

<comp id="382" class="1004" name="thr_or12_read_read_fu_382">
<pin_list>
<pin id="383" dir="0" index="0" bw="512" slack="0"/>
<pin id="384" dir="0" index="1" bw="512" slack="0"/>
<pin id="385" dir="1" index="2" bw="512" slack="0"/>
</pin_list>
<bind>
<opcode="read(1150) " fcode="read"/>
<opset="thr_or12_read/1 "/>
</bind>
</comp>

<comp id="388" class="1004" name="thr_or13_read_read_fu_388">
<pin_list>
<pin id="389" dir="0" index="0" bw="512" slack="0"/>
<pin id="390" dir="0" index="1" bw="512" slack="0"/>
<pin id="391" dir="1" index="2" bw="512" slack="0"/>
</pin_list>
<bind>
<opcode="read(1150) " fcode="read"/>
<opset="thr_or13_read/1 "/>
</bind>
</comp>

<comp id="394" class="1004" name="thr_or14_read_read_fu_394">
<pin_list>
<pin id="395" dir="0" index="0" bw="512" slack="0"/>
<pin id="396" dir="0" index="1" bw="512" slack="0"/>
<pin id="397" dir="1" index="2" bw="512" slack="0"/>
</pin_list>
<bind>
<opcode="read(1150) " fcode="read"/>
<opset="thr_or14_read/1 "/>
</bind>
</comp>

<comp id="400" class="1004" name="thr_or15_read_read_fu_400">
<pin_list>
<pin id="401" dir="0" index="0" bw="512" slack="0"/>
<pin id="402" dir="0" index="1" bw="512" slack="0"/>
<pin id="403" dir="1" index="2" bw="512" slack="0"/>
</pin_list>
<bind>
<opcode="read(1150) " fcode="read"/>
<opset="thr_or15_read/1 "/>
</bind>
</comp>

<comp id="406" class="1004" name="A_stream_read_read_fu_406">
<pin_list>
<pin id="407" dir="0" index="0" bw="512" slack="0"/>
<pin id="408" dir="0" index="1" bw="512" slack="0"/>
<pin id="409" dir="1" index="2" bw="512" slack="0"/>
</pin_list>
<bind>
<opcode="read(1150) " fcode="read"/>
<opset="A_stream_read/3 "/>
</bind>
</comp>

<comp id="412" class="1004" name="B_stream_read_read_fu_412">
<pin_list>
<pin id="413" dir="0" index="0" bw="512" slack="0"/>
<pin id="414" dir="0" index="1" bw="512" slack="0"/>
<pin id="415" dir="1" index="2" bw="512" slack="0"/>
</pin_list>
<bind>
<opcode="read(1150) " fcode="read"/>
<opset="B_stream_read/3 "/>
</bind>
</comp>

<comp id="418" class="1004" name="write_ln0_write_fu_418">
<pin_list>
<pin id="419" dir="0" index="0" bw="0" slack="0"/>
<pin id="420" dir="0" index="1" bw="512" slack="0"/>
<pin id="421" dir="0" index="2" bw="512" slack="0"/>
<pin id="422" dir="1" index="3" bw="0" slack="2147483647"/>
</pin_list>
<bind>
<opcode="write(1151) " fcode="write"/>
<opset="write_ln0/5 "/>
</bind>
</comp>

<comp id="425" class="1004" name="write_ln0_write_fu_425">
<pin_list>
<pin id="426" dir="0" index="0" bw="0" slack="0"/>
<pin id="427" dir="0" index="1" bw="512" slack="0"/>
<pin id="428" dir="0" index="2" bw="512" slack="0"/>
<pin id="429" dir="1" index="3" bw="0" slack="2147483647"/>
</pin_list>
<bind>
<opcode="write(1151) " fcode="write"/>
<opset="write_ln0/5 "/>
</bind>
</comp>

<comp id="432" class="1004" name="write_ln0_write_fu_432">
<pin_list>
<pin id="433" dir="0" index="0" bw="0" slack="0"/>
<pin id="434" dir="0" index="1" bw="512" slack="0"/>
<pin id="435" dir="0" index="2" bw="512" slack="0"/>
<pin id="436" dir="1" index="3" bw="0" slack="2147483647"/>
</pin_list>
<bind>
<opcode="write(1151) " fcode="write"/>
<opset="write_ln0/5 "/>
</bind>
</comp>

<comp id="439" class="1004" name="write_ln0_write_fu_439">
<pin_list>
<pin id="440" dir="0" index="0" bw="0" slack="0"/>
<pin id="441" dir="0" index="1" bw="512" slack="0"/>
<pin id="442" dir="0" index="2" bw="512" slack="0"/>
<pin id="443" dir="1" index="3" bw="0" slack="2147483647"/>
</pin_list>
<bind>
<opcode="write(1151) " fcode="write"/>
<opset="write_ln0/5 "/>
</bind>
</comp>

<comp id="446" class="1004" name="write_ln0_write_fu_446">
<pin_list>
<pin id="447" dir="0" index="0" bw="0" slack="0"/>
<pin id="448" dir="0" index="1" bw="512" slack="0"/>
<pin id="449" dir="0" index="2" bw="512" slack="0"/>
<pin id="450" dir="1" index="3" bw="0" slack="2147483647"/>
</pin_list>
<bind>
<opcode="write(1151) " fcode="write"/>
<opset="write_ln0/5 "/>
</bind>
</comp>

<comp id="453" class="1004" name="write_ln0_write_fu_453">
<pin_list>
<pin id="454" dir="0" index="0" bw="0" slack="0"/>
<pin id="455" dir="0" index="1" bw="512" slack="0"/>
<pin id="456" dir="0" index="2" bw="512" slack="0"/>
<pin id="457" dir="1" index="3" bw="0" slack="2147483647"/>
</pin_list>
<bind>
<opcode="write(1151) " fcode="write"/>
<opset="write_ln0/5 "/>
</bind>
</comp>

<comp id="460" class="1004" name="write_ln0_write_fu_460">
<pin_list>
<pin id="461" dir="0" index="0" bw="0" slack="0"/>
<pin id="462" dir="0" index="1" bw="512" slack="0"/>
<pin id="463" dir="0" index="2" bw="512" slack="0"/>
<pin id="464" dir="1" index="3" bw="0" slack="2147483647"/>
</pin_list>
<bind>
<opcode="write(1151) " fcode="write"/>
<opset="write_ln0/5 "/>
</bind>
</comp>

<comp id="467" class="1004" name="write_ln0_write_fu_467">
<pin_list>
<pin id="468" dir="0" index="0" bw="0" slack="0"/>
<pin id="469" dir="0" index="1" bw="512" slack="0"/>
<pin id="470" dir="0" index="2" bw="512" slack="0"/>
<pin id="471" dir="1" index="3" bw="0" slack="2147483647"/>
</pin_list>
<bind>
<opcode="write(1151) " fcode="write"/>
<opset="write_ln0/5 "/>
</bind>
</comp>

<comp id="474" class="1004" name="write_ln0_write_fu_474">
<pin_list>
<pin id="475" dir="0" index="0" bw="0" slack="0"/>
<pin id="476" dir="0" index="1" bw="512" slack="0"/>
<pin id="477" dir="0" index="2" bw="512" slack="0"/>
<pin id="478" dir="1" index="3" bw="0" slack="2147483647"/>
</pin_list>
<bind>
<opcode="write(1151) " fcode="write"/>
<opset="write_ln0/5 "/>
</bind>
</comp>

<comp id="481" class="1004" name="write_ln0_write_fu_481">
<pin_list>
<pin id="482" dir="0" index="0" bw="0" slack="0"/>
<pin id="483" dir="0" index="1" bw="512" slack="0"/>
<pin id="484" dir="0" index="2" bw="512" slack="0"/>
<pin id="485" dir="1" index="3" bw="0" slack="2147483647"/>
</pin_list>
<bind>
<opcode="write(1151) " fcode="write"/>
<opset="write_ln0/5 "/>
</bind>
</comp>

<comp id="488" class="1004" name="write_ln0_write_fu_488">
<pin_list>
<pin id="489" dir="0" index="0" bw="0" slack="0"/>
<pin id="490" dir="0" index="1" bw="512" slack="0"/>
<pin id="491" dir="0" index="2" bw="512" slack="0"/>
<pin id="492" dir="1" index="3" bw="0" slack="2147483647"/>
</pin_list>
<bind>
<opcode="write(1151) " fcode="write"/>
<opset="write_ln0/5 "/>
</bind>
</comp>

<comp id="495" class="1004" name="write_ln0_write_fu_495">
<pin_list>
<pin id="496" dir="0" index="0" bw="0" slack="0"/>
<pin id="497" dir="0" index="1" bw="512" slack="0"/>
<pin id="498" dir="0" index="2" bw="512" slack="0"/>
<pin id="499" dir="1" index="3" bw="0" slack="2147483647"/>
</pin_list>
<bind>
<opcode="write(1151) " fcode="write"/>
<opset="write_ln0/5 "/>
</bind>
</comp>

<comp id="502" class="1004" name="write_ln0_write_fu_502">
<pin_list>
<pin id="503" dir="0" index="0" bw="0" slack="0"/>
<pin id="504" dir="0" index="1" bw="512" slack="0"/>
<pin id="505" dir="0" index="2" bw="512" slack="0"/>
<pin id="506" dir="1" index="3" bw="0" slack="2147483647"/>
</pin_list>
<bind>
<opcode="write(1151) " fcode="write"/>
<opset="write_ln0/5 "/>
</bind>
</comp>

<comp id="509" class="1004" name="write_ln0_write_fu_509">
<pin_list>
<pin id="510" dir="0" index="0" bw="0" slack="0"/>
<pin id="511" dir="0" index="1" bw="512" slack="0"/>
<pin id="512" dir="0" index="2" bw="512" slack="0"/>
<pin id="513" dir="1" index="3" bw="0" slack="2147483647"/>
</pin_list>
<bind>
<opcode="write(1151) " fcode="write"/>
<opset="write_ln0/5 "/>
</bind>
</comp>

<comp id="516" class="1004" name="write_ln0_write_fu_516">
<pin_list>
<pin id="517" dir="0" index="0" bw="0" slack="0"/>
<pin id="518" dir="0" index="1" bw="512" slack="0"/>
<pin id="519" dir="0" index="2" bw="512" slack="0"/>
<pin id="520" dir="1" index="3" bw="0" slack="2147483647"/>
</pin_list>
<bind>
<opcode="write(1151) " fcode="write"/>
<opset="write_ln0/5 "/>
</bind>
</comp>

<comp id="523" class="1004" name="write_ln0_write_fu_523">
<pin_list>
<pin id="524" dir="0" index="0" bw="0" slack="0"/>
<pin id="525" dir="0" index="1" bw="512" slack="0"/>
<pin id="526" dir="0" index="2" bw="512" slack="0"/>
<pin id="527" dir="1" index="3" bw="0" slack="2147483647"/>
</pin_list>
<bind>
<opcode="write(1151) " fcode="write"/>
<opset="write_ln0/5 "/>
</bind>
</comp>

<comp id="530" class="1004" name="mul_ln101_fu_530">
<pin_list>
<pin id="531" dir="0" index="0" bw="32" slack="1"/>
<pin id="532" dir="0" index="1" bw="32" slack="1"/>
<pin id="533" dir="1" index="2" bw="32" slack="1"/>
</pin_list>
<bind>
<opcode="mul(12) " fcode="mul"/>
<opset="mul_ln101/5 "/>
</bind>
</comp>

<comp id="534" class="1004" name="mul_ln101_1_fu_534">
<pin_list>
<pin id="535" dir="0" index="0" bw="32" slack="1"/>
<pin id="536" dir="0" index="1" bw="32" slack="1"/>
<pin id="537" dir="1" index="2" bw="32" slack="1"/>
</pin_list>
<bind>
<opcode="mul(12) " fcode="mul"/>
<opset="mul_ln101_1/5 "/>
</bind>
</comp>

<comp id="538" class="1004" name="mul_ln101_2_fu_538">
<pin_list>
<pin id="539" dir="0" index="0" bw="32" slack="1"/>
<pin id="540" dir="0" index="1" bw="32" slack="1"/>
<pin id="541" dir="1" index="2" bw="32" slack="1"/>
</pin_list>
<bind>
<opcode="mul(12) " fcode="mul"/>
<opset="mul_ln101_2/5 "/>
</bind>
</comp>

<comp id="542" class="1004" name="mul_ln101_3_fu_542">
<pin_list>
<pin id="543" dir="0" index="0" bw="32" slack="1"/>
<pin id="544" dir="0" index="1" bw="32" slack="1"/>
<pin id="545" dir="1" index="2" bw="32" slack="1"/>
</pin_list>
<bind>
<opcode="mul(12) " fcode="mul"/>
<opset="mul_ln101_3/5 "/>
</bind>
</comp>

<comp id="546" class="1004" name="mul_ln101_4_fu_546">
<pin_list>
<pin id="547" dir="0" index="0" bw="32" slack="1"/>
<pin id="548" dir="0" index="1" bw="32" slack="1"/>
<pin id="549" dir="1" index="2" bw="32" slack="1"/>
</pin_list>
<bind>
<opcode="mul(12) " fcode="mul"/>
<opset="mul_ln101_4/5 "/>
</bind>
</comp>

<comp id="550" class="1004" name="mul_ln101_5_fu_550">
<pin_list>
<pin id="551" dir="0" index="0" bw="32" slack="1"/>
<pin id="552" dir="0" index="1" bw="32" slack="1"/>
<pin id="553" dir="1" index="2" bw="32" slack="1"/>
</pin_list>
<bind>
<opcode="mul(12) " fcode="mul"/>
<opset="mul_ln101_5/5 "/>
</bind>
</comp>

<comp id="554" class="1004" name="mul_ln101_6_fu_554">
<pin_list>
<pin id="555" dir="0" index="0" bw="32" slack="1"/>
<pin id="556" dir="0" index="1" bw="32" slack="1"/>
<pin id="557" dir="1" index="2" bw="32" slack="1"/>
</pin_list>
<bind>
<opcode="mul(12) " fcode="mul"/>
<opset="mul_ln101_6/5 "/>
</bind>
</comp>

<comp id="558" class="1004" name="mul_ln101_7_fu_558">
<pin_list>
<pin id="559" dir="0" index="0" bw="32" slack="1"/>
<pin id="560" dir="0" index="1" bw="32" slack="1"/>
<pin id="561" dir="1" index="2" bw="32" slack="1"/>
</pin_list>
<bind>
<opcode="mul(12) " fcode="mul"/>
<opset="mul_ln101_7/5 "/>
</bind>
</comp>

<comp id="562" class="1004" name="mul_ln101_8_fu_562">
<pin_list>
<pin id="563" dir="0" index="0" bw="32" slack="1"/>
<pin id="564" dir="0" index="1" bw="32" slack="1"/>
<pin id="565" dir="1" index="2" bw="32" slack="1"/>
</pin_list>
<bind>
<opcode="mul(12) " fcode="mul"/>
<opset="mul_ln101_8/5 "/>
</bind>
</comp>

<comp id="566" class="1004" name="mul_ln101_9_fu_566">
<pin_list>
<pin id="567" dir="0" index="0" bw="32" slack="1"/>
<pin id="568" dir="0" index="1" bw="32" slack="1"/>
<pin id="569" dir="1" index="2" bw="32" slack="1"/>
</pin_list>
<bind>
<opcode="mul(12) " fcode="mul"/>
<opset="mul_ln101_9/5 "/>
</bind>
</comp>

<comp id="570" class="1004" name="mul_ln101_10_fu_570">
<pin_list>
<pin id="571" dir="0" index="0" bw="32" slack="1"/>
<pin id="572" dir="0" index="1" bw="32" slack="1"/>
<pin id="573" dir="1" index="2" bw="32" slack="1"/>
</pin_list>
<bind>
<opcode="mul(12) " fcode="mul"/>
<opset="mul_ln101_10/5 "/>
</bind>
</comp>

<comp id="574" class="1004" name="mul_ln101_11_fu_574">
<pin_list>
<pin id="575" dir="0" index="0" bw="32" slack="1"/>
<pin id="576" dir="0" index="1" bw="32" slack="1"/>
<pin id="577" dir="1" index="2" bw="32" slack="1"/>
</pin_list>
<bind>
<opcode="mul(12) " fcode="mul"/>
<opset="mul_ln101_11/5 "/>
</bind>
</comp>

<comp id="578" class="1004" name="mul_ln101_12_fu_578">
<pin_list>
<pin id="579" dir="0" index="0" bw="32" slack="1"/>
<pin id="580" dir="0" index="1" bw="32" slack="1"/>
<pin id="581" dir="1" index="2" bw="32" slack="1"/>
</pin_list>
<bind>
<opcode="mul(12) " fcode="mul"/>
<opset="mul_ln101_12/5 "/>
</bind>
</comp>

<comp id="582" class="1004" name="mul_ln101_13_fu_582">
<pin_list>
<pin id="583" dir="0" index="0" bw="32" slack="1"/>
<pin id="584" dir="0" index="1" bw="32" slack="1"/>
<pin id="585" dir="1" index="2" bw="32" slack="1"/>
</pin_list>
<bind>
<opcode="mul(12) " fcode="mul"/>
<opset="mul_ln101_13/5 "/>
</bind>
</comp>

<comp id="586" class="1004" name="mul_ln101_14_fu_586">
<pin_list>
<pin id="587" dir="0" index="0" bw="32" slack="1"/>
<pin id="588" dir="0" index="1" bw="32" slack="1"/>
<pin id="589" dir="1" index="2" bw="32" slack="1"/>
</pin_list>
<bind>
<opcode="mul(12) " fcode="mul"/>
<opset="mul_ln101_14/5 "/>
</bind>
</comp>

<comp id="590" class="1004" name="mul_ln101_15_fu_590">
<pin_list>
<pin id="591" dir="0" index="0" bw="32" slack="1"/>
<pin id="592" dir="0" index="1" bw="32" slack="1"/>
<pin id="593" dir="1" index="2" bw="32" slack="1"/>
</pin_list>
<bind>
<opcode="mul(12) " fcode="mul"/>
<opset="mul_ln101_15/5 "/>
</bind>
</comp>

<comp id="594" class="1004" name="store_ln63_store_fu_594">
<pin_list>
<pin id="595" dir="0" index="0" bw="512" slack="0"/>
<pin id="596" dir="0" index="1" bw="512" slack="0"/>
<pin id="597" dir="1" index="2" bw="0" slack="2147483647"/>
</pin_list>
<bind>
<opcode="store(28) " fcode="store"/>
<opset="store_ln63/1 "/>
</bind>
</comp>

<comp id="599" class="1004" name="store_ln63_store_fu_599">
<pin_list>
<pin id="600" dir="0" index="0" bw="512" slack="0"/>
<pin id="601" dir="0" index="1" bw="512" slack="0"/>
<pin id="602" dir="1" index="2" bw="0" slack="2147483647"/>
</pin_list>
<bind>
<opcode="store(28) " fcode="store"/>
<opset="store_ln63/1 "/>
</bind>
</comp>

<comp id="604" class="1004" name="store_ln63_store_fu_604">
<pin_list>
<pin id="605" dir="0" index="0" bw="512" slack="0"/>
<pin id="606" dir="0" index="1" bw="512" slack="0"/>
<pin id="607" dir="1" index="2" bw="0" slack="2147483647"/>
</pin_list>
<bind>
<opcode="store(28) " fcode="store"/>
<opset="store_ln63/1 "/>
</bind>
</comp>

<comp id="609" class="1004" name="store_ln63_store_fu_609">
<pin_list>
<pin id="610" dir="0" index="0" bw="512" slack="0"/>
<pin id="611" dir="0" index="1" bw="512" slack="0"/>
<pin id="612" dir="1" index="2" bw="0" slack="2147483647"/>
</pin_list>
<bind>
<opcode="store(28) " fcode="store"/>
<opset="store_ln63/1 "/>
</bind>
</comp>

<comp id="614" class="1004" name="store_ln63_store_fu_614">
<pin_list>
<pin id="615" dir="0" index="0" bw="512" slack="0"/>
<pin id="616" dir="0" index="1" bw="512" slack="0"/>
<pin id="617" dir="1" index="2" bw="0" slack="2147483647"/>
</pin_list>
<bind>
<opcode="store(28) " fcode="store"/>
<opset="store_ln63/1 "/>
</bind>
</comp>

<comp id="619" class="1004" name="store_ln63_store_fu_619">
<pin_list>
<pin id="620" dir="0" index="0" bw="512" slack="0"/>
<pin id="621" dir="0" index="1" bw="512" slack="0"/>
<pin id="622" dir="1" index="2" bw="0" slack="2147483647"/>
</pin_list>
<bind>
<opcode="store(28) " fcode="store"/>
<opset="store_ln63/1 "/>
</bind>
</comp>

<comp id="624" class="1004" name="store_ln63_store_fu_624">
<pin_list>
<pin id="625" dir="0" index="0" bw="512" slack="0"/>
<pin id="626" dir="0" index="1" bw="512" slack="0"/>
<pin id="627" dir="1" index="2" bw="0" slack="2147483647"/>
</pin_list>
<bind>
<opcode="store(28) " fcode="store"/>
<opset="store_ln63/1 "/>
</bind>
</comp>

<comp id="629" class="1004" name="store_ln63_store_fu_629">
<pin_list>
<pin id="630" dir="0" index="0" bw="512" slack="0"/>
<pin id="631" dir="0" index="1" bw="512" slack="0"/>
<pin id="632" dir="1" index="2" bw="0" slack="2147483647"/>
</pin_list>
<bind>
<opcode="store(28) " fcode="store"/>
<opset="store_ln63/1 "/>
</bind>
</comp>

<comp id="634" class="1004" name="store_ln63_store_fu_634">
<pin_list>
<pin id="635" dir="0" index="0" bw="512" slack="0"/>
<pin id="636" dir="0" index="1" bw="512" slack="0"/>
<pin id="637" dir="1" index="2" bw="0" slack="2147483647"/>
</pin_list>
<bind>
<opcode="store(28) " fcode="store"/>
<opset="store_ln63/1 "/>
</bind>
</comp>

<comp id="639" class="1004" name="store_ln63_store_fu_639">
<pin_list>
<pin id="640" dir="0" index="0" bw="512" slack="0"/>
<pin id="641" dir="0" index="1" bw="512" slack="0"/>
<pin id="642" dir="1" index="2" bw="0" slack="2147483647"/>
</pin_list>
<bind>
<opcode="store(28) " fcode="store"/>
<opset="store_ln63/1 "/>
</bind>
</comp>

<comp id="644" class="1004" name="store_ln63_store_fu_644">
<pin_list>
<pin id="645" dir="0" index="0" bw="512" slack="0"/>
<pin id="646" dir="0" index="1" bw="512" slack="0"/>
<pin id="647" dir="1" index="2" bw="0" slack="2147483647"/>
</pin_list>
<bind>
<opcode="store(28) " fcode="store"/>
<opset="store_ln63/1 "/>
</bind>
</comp>

<comp id="649" class="1004" name="store_ln63_store_fu_649">
<pin_list>
<pin id="650" dir="0" index="0" bw="512" slack="0"/>
<pin id="651" dir="0" index="1" bw="512" slack="0"/>
<pin id="652" dir="1" index="2" bw="0" slack="2147483647"/>
</pin_list>
<bind>
<opcode="store(28) " fcode="store"/>
<opset="store_ln63/1 "/>
</bind>
</comp>

<comp id="654" class="1004" name="store_ln63_store_fu_654">
<pin_list>
<pin id="655" dir="0" index="0" bw="512" slack="0"/>
<pin id="656" dir="0" index="1" bw="512" slack="0"/>
<pin id="657" dir="1" index="2" bw="0" slack="2147483647"/>
</pin_list>
<bind>
<opcode="store(28) " fcode="store"/>
<opset="store_ln63/1 "/>
</bind>
</comp>

<comp id="659" class="1004" name="store_ln63_store_fu_659">
<pin_list>
<pin id="660" dir="0" index="0" bw="512" slack="0"/>
<pin id="661" dir="0" index="1" bw="512" slack="0"/>
<pin id="662" dir="1" index="2" bw="0" slack="2147483647"/>
</pin_list>
<bind>
<opcode="store(28) " fcode="store"/>
<opset="store_ln63/1 "/>
</bind>
</comp>

<comp id="664" class="1004" name="store_ln63_store_fu_664">
<pin_list>
<pin id="665" dir="0" index="0" bw="512" slack="0"/>
<pin id="666" dir="0" index="1" bw="512" slack="0"/>
<pin id="667" dir="1" index="2" bw="0" slack="2147483647"/>
</pin_list>
<bind>
<opcode="store(28) " fcode="store"/>
<opset="store_ln63/1 "/>
</bind>
</comp>

<comp id="669" class="1004" name="store_ln63_store_fu_669">
<pin_list>
<pin id="670" dir="0" index="0" bw="512" slack="0"/>
<pin id="671" dir="0" index="1" bw="512" slack="0"/>
<pin id="672" dir="1" index="2" bw="0" slack="2147483647"/>
</pin_list>
<bind>
<opcode="store(28) " fcode="store"/>
<opset="store_ln63/1 "/>
</bind>
</comp>

<comp id="674" class="1004" name="store_ln0_store_fu_674">
<pin_list>
<pin id="675" dir="0" index="0" bw="1" slack="0"/>
<pin id="676" dir="0" index="1" bw="35" slack="0"/>
<pin id="677" dir="1" index="2" bw="0" slack="2147483647"/>
</pin_list>
<bind>
<opcode="store(28) " fcode="store"/>
<opset="store_ln0/1 "/>
</bind>
</comp>

<comp id="679" class="1004" name="store_ln0_store_fu_679">
<pin_list>
<pin id="680" dir="0" index="0" bw="1" slack="0"/>
<pin id="681" dir="0" index="1" bw="10" slack="0"/>
<pin id="682" dir="1" index="2" bw="0" slack="2147483647"/>
</pin_list>
<bind>
<opcode="store(28) " fcode="store"/>
<opset="store_ln0/1 "/>
</bind>
</comp>

<comp id="684" class="1004" name="store_ln55_store_fu_684">
<pin_list>
<pin id="685" dir="0" index="0" bw="1" slack="0"/>
<pin id="686" dir="0" index="1" bw="5" slack="0"/>
<pin id="687" dir="1" index="2" bw="0" slack="2147483647"/>
</pin_list>
<bind>
<opcode="store(28) " fcode="store"/>
<opset="store_ln55/1 "/>
</bind>
</comp>

<comp id="689" class="1004" name="indvar_flatten_load_load_fu_689">
<pin_list>
<pin id="690" dir="0" index="0" bw="10" slack="1"/>
<pin id="691" dir="1" index="1" bw="10" slack="0"/>
</pin_list>
<bind>
<opcode="load(27) " fcode="load"/>
<opset="indvar_flatten_load/2 "/>
</bind>
</comp>

<comp id="692" class="1004" name="indvar_flatten43_load_load_fu_692">
<pin_list>
<pin id="693" dir="0" index="0" bw="35" slack="1"/>
<pin id="694" dir="1" index="1" bw="35" slack="0"/>
</pin_list>
<bind>
<opcode="load(27) " fcode="load"/>
<opset="indvar_flatten43_load/2 "/>
</bind>
</comp>

<comp id="695" class="1004" name="icmp_ln88_fu_695">
<pin_list>
<pin id="696" dir="0" index="0" bw="35" slack="0"/>
<pin id="697" dir="0" index="1" bw="35" slack="1"/>
<pin id="698" dir="1" index="2" bw="1" slack="3"/>
</pin_list>
<bind>
<opcode="icmp(45) " fcode="icmp"/>
<opset="icmp_ln88/2 "/>
</bind>
</comp>

<comp id="700" class="1004" name="add_ln88_fu_700">
<pin_list>
<pin id="701" dir="0" index="0" bw="35" slack="0"/>
<pin id="702" dir="0" index="1" bw="1" slack="0"/>
<pin id="703" dir="1" index="2" bw="35" slack="0"/>
</pin_list>
<bind>
<opcode="add(8) " fcode="add"/>
<opset="add_ln88/2 "/>
</bind>
</comp>

<comp id="706" class="1004" name="i_load_load_fu_706">
<pin_list>
<pin id="707" dir="0" index="0" bw="5" slack="1"/>
<pin id="708" dir="1" index="1" bw="5" slack="0"/>
</pin_list>
<bind>
<opcode="load(27) " fcode="load"/>
<opset="i_load/2 "/>
</bind>
</comp>

<comp id="709" class="1004" name="icmp_ln91_fu_709">
<pin_list>
<pin id="710" dir="0" index="0" bw="10" slack="0"/>
<pin id="711" dir="0" index="1" bw="10" slack="0"/>
<pin id="712" dir="1" index="2" bw="1" slack="0"/>
</pin_list>
<bind>
<opcode="icmp(45) " fcode="icmp"/>
<opset="icmp_ln91/2 "/>
</bind>
</comp>

<comp id="715" class="1004" name="xor_ln88_fu_715">
<pin_list>
<pin id="716" dir="0" index="0" bw="1" slack="0"/>
<pin id="717" dir="0" index="1" bw="1" slack="0"/>
<pin id="718" dir="1" index="2" bw="1" slack="0"/>
</pin_list>
<bind>
<opcode="xor(25) " fcode="xor"/>
<opset="xor_ln88/2 "/>
</bind>
</comp>

<comp id="721" class="1004" name="icmp_ln96_fu_721">
<pin_list>
<pin id="722" dir="0" index="0" bw="5" slack="0"/>
<pin id="723" dir="0" index="1" bw="5" slack="0"/>
<pin id="724" dir="1" index="2" bw="1" slack="0"/>
</pin_list>
<bind>
<opcode="icmp(45) " fcode="icmp"/>
<opset="icmp_ln96/2 "/>
</bind>
</comp>

<comp id="727" class="1004" name="and_ln88_fu_727">
<pin_list>
<pin id="728" dir="0" index="0" bw="1" slack="0"/>
<pin id="729" dir="0" index="1" bw="1" slack="0"/>
<pin id="730" dir="1" index="2" bw="1" slack="0"/>
</pin_list>
<bind>
<opcode="and(23) " fcode="and"/>
<opset="and_ln88/2 "/>
</bind>
</comp>

<comp id="733" class="1004" name="or_ln91_fu_733">
<pin_list>
<pin id="734" dir="0" index="0" bw="1" slack="0"/>
<pin id="735" dir="0" index="1" bw="1" slack="0"/>
<pin id="736" dir="1" index="2" bw="1" slack="0"/>
</pin_list>
<bind>
<opcode="or(24) " fcode="or"/>
<opset="or_ln91/2 "/>
</bind>
</comp>

<comp id="739" class="1004" name="select_ln91_fu_739">
<pin_list>
<pin id="740" dir="0" index="0" bw="1" slack="0"/>
<pin id="741" dir="0" index="1" bw="1" slack="0"/>
<pin id="742" dir="0" index="2" bw="5" slack="0"/>
<pin id="743" dir="1" index="3" bw="5" slack="0"/>
</pin_list>
<bind>
<opcode="select(49) " fcode="select"/>
<opset="select_ln91/2 "/>
</bind>
</comp>

<comp id="747" class="1004" name="first_iter_0_fu_747">
<pin_list>
<pin id="748" dir="0" index="0" bw="5" slack="0"/>
<pin id="749" dir="0" index="1" bw="1" slack="0"/>
<pin id="750" dir="1" index="2" bw="1" slack="1"/>
</pin_list>
<bind>
<opcode="icmp(45) " fcode="icmp"/>
<opset="first_iter_0/2 "/>
</bind>
</comp>

<comp id="753" class="1004" name="trunc_ln96_fu_753">
<pin_list>
<pin id="754" dir="0" index="0" bw="5" slack="0"/>
<pin id="755" dir="1" index="1" bw="4" slack="0"/>
</pin_list>
<bind>
<opcode="trunc(33) " fcode="trunc"/>
<opset="trunc_ln96/2 "/>
</bind>
</comp>

<comp id="757" class="1004" name="switch_ln101_fu_757">
<pin_list>
<pin id="758" dir="0" index="0" bw="4" slack="0"/>
<pin id="759" dir="0" index="1" bw="1" slack="0"/>
<pin id="760" dir="0" index="2" bw="1" slack="0"/>
<pin id="761" dir="0" index="3" bw="3" slack="0"/>
<pin id="762" dir="0" index="4" bw="3" slack="0"/>
<pin id="763" dir="0" index="5" bw="4" slack="0"/>
<pin id="764" dir="0" index="6" bw="4" slack="0"/>
<pin id="765" dir="0" index="7" bw="4" slack="0"/>
<pin id="766" dir="0" index="8" bw="4" slack="0"/>
<pin id="767" dir="0" index="9" bw="4" slack="0"/>
<pin id="768" dir="0" index="10" bw="4" slack="0"/>
<pin id="769" dir="0" index="11" bw="4" slack="0"/>
<pin id="770" dir="0" index="12" bw="4" slack="0"/>
<pin id="771" dir="0" index="13" bw="3" slack="0"/>
<pin id="772" dir="0" index="14" bw="3" slack="0"/>
<pin id="773" dir="0" index="15" bw="2" slack="0"/>
<pin id="774" dir="1" index="16" bw="0" slack="2147483647"/>
</pin_list>
<bind>
<opcode="switch(3) " fcode="switch"/>
<opset="switch_ln101/2 "/>
</bind>
</comp>

<comp id="791" class="1004" name="add_ln96_fu_791">
<pin_list>
<pin id="792" dir="0" index="0" bw="5" slack="0"/>
<pin id="793" dir="0" index="1" bw="1" slack="0"/>
<pin id="794" dir="1" index="2" bw="5" slack="0"/>
</pin_list>
<bind>
<opcode="add(8) " fcode="add"/>
<opset="add_ln96/2 "/>
</bind>
</comp>

<comp id="797" class="1004" name="add_ln91_fu_797">
<pin_list>
<pin id="798" dir="0" index="0" bw="10" slack="0"/>
<pin id="799" dir="0" index="1" bw="1" slack="0"/>
<pin id="800" dir="1" index="2" bw="10" slack="0"/>
</pin_list>
<bind>
<opcode="add(8) " fcode="add"/>
<opset="add_ln91/2 "/>
</bind>
</comp>

<comp id="803" class="1004" name="select_ln91_1_fu_803">
<pin_list>
<pin id="804" dir="0" index="0" bw="1" slack="0"/>
<pin id="805" dir="0" index="1" bw="1" slack="0"/>
<pin id="806" dir="0" index="2" bw="10" slack="0"/>
<pin id="807" dir="1" index="3" bw="10" slack="0"/>
</pin_list>
<bind>
<opcode="select(49) " fcode="select"/>
<opset="select_ln91_1/2 "/>
</bind>
</comp>

<comp id="811" class="1004" name="store_ln88_store_fu_811">
<pin_list>
<pin id="812" dir="0" index="0" bw="35" slack="0"/>
<pin id="813" dir="0" index="1" bw="35" slack="1"/>
<pin id="814" dir="1" index="2" bw="0" slack="2147483647"/>
</pin_list>
<bind>
<opcode="store(28) " fcode="store"/>
<opset="store_ln88/2 "/>
</bind>
</comp>

<comp id="816" class="1004" name="store_ln91_store_fu_816">
<pin_list>
<pin id="817" dir="0" index="0" bw="10" slack="0"/>
<pin id="818" dir="0" index="1" bw="10" slack="1"/>
<pin id="819" dir="1" index="2" bw="0" slack="2147483647"/>
</pin_list>
<bind>
<opcode="store(28) " fcode="store"/>
<opset="store_ln91/2 "/>
</bind>
</comp>

<comp id="821" class="1004" name="store_ln55_store_fu_821">
<pin_list>
<pin id="822" dir="0" index="0" bw="5" slack="0"/>
<pin id="823" dir="0" index="1" bw="5" slack="1"/>
<pin id="824" dir="1" index="2" bw="0" slack="2147483647"/>
</pin_list>
<bind>
<opcode="store(28) " fcode="store"/>
<opset="store_ln55/2 "/>
</bind>
</comp>

<comp id="826" class="1004" name="store_ln93_store_fu_826">
<pin_list>
<pin id="827" dir="0" index="0" bw="512" slack="0"/>
<pin id="828" dir="0" index="1" bw="512" slack="2"/>
<pin id="829" dir="1" index="2" bw="0" slack="2147483647"/>
</pin_list>
<bind>
<opcode="store(28) " fcode="store"/>
<opset="store_ln93/3 "/>
</bind>
</comp>

<comp id="831" class="1004" name="store_ln92_store_fu_831">
<pin_list>
<pin id="832" dir="0" index="0" bw="512" slack="0"/>
<pin id="833" dir="0" index="1" bw="512" slack="2"/>
<pin id="834" dir="1" index="2" bw="0" slack="2147483647"/>
</pin_list>
<bind>
<opcode="store(28) " fcode="store"/>
<opset="store_ln92/3 "/>
</bind>
</comp>

<comp id="836" class="1004" name="p_load_load_fu_836">
<pin_list>
<pin id="837" dir="0" index="0" bw="512" slack="3"/>
<pin id="838" dir="1" index="1" bw="512" slack="0"/>
</pin_list>
<bind>
<opcode="load(27) " fcode="load"/>
<opset="p_load/4 "/>
</bind>
</comp>

<comp id="839" class="1004" name="p_038_load_load_fu_839">
<pin_list>
<pin id="840" dir="0" index="0" bw="512" slack="3"/>
<pin id="841" dir="1" index="1" bw="512" slack="0"/>
</pin_list>
<bind>
<opcode="load(27) " fcode="load"/>
<opset="p_038_load/4 "/>
</bind>
</comp>

<comp id="842" class="1004" name="trunc_ln93_fu_842">
<pin_list>
<pin id="843" dir="0" index="0" bw="512" slack="0"/>
<pin id="844" dir="1" index="1" bw="32" slack="1"/>
</pin_list>
<bind>
<opcode="trunc(33) " fcode="trunc"/>
<opset="trunc_ln93/4 "/>
</bind>
</comp>

<comp id="846" class="1004" name="trunc_ln93_1_fu_846">
<pin_list>
<pin id="847" dir="0" index="0" bw="32" slack="0"/>
<pin id="848" dir="0" index="1" bw="512" slack="0"/>
<pin id="849" dir="0" index="2" bw="7" slack="0"/>
<pin id="850" dir="0" index="3" bw="7" slack="0"/>
<pin id="851" dir="1" index="4" bw="32" slack="1"/>
</pin_list>
<bind>
<opcode="partselect(1002) " fcode="partselect"/>
<opset="trunc_ln93_1/4 "/>
</bind>
</comp>

<comp id="856" class="1004" name="trunc_ln93_2_fu_856">
<pin_list>
<pin id="857" dir="0" index="0" bw="32" slack="0"/>
<pin id="858" dir="0" index="1" bw="512" slack="0"/>
<pin id="859" dir="0" index="2" bw="8" slack="0"/>
<pin id="860" dir="0" index="3" bw="8" slack="0"/>
<pin id="861" dir="1" index="4" bw="32" slack="1"/>
</pin_list>
<bind>
<opcode="partselect(1002) " fcode="partselect"/>
<opset="trunc_ln93_2/4 "/>
</bind>
</comp>

<comp id="866" class="1004" name="trunc_ln93_3_fu_866">
<pin_list>
<pin id="867" dir="0" index="0" bw="32" slack="0"/>
<pin id="868" dir="0" index="1" bw="512" slack="0"/>
<pin id="869" dir="0" index="2" bw="8" slack="0"/>
<pin id="870" dir="0" index="3" bw="8" slack="0"/>
<pin id="871" dir="1" index="4" bw="32" slack="1"/>
</pin_list>
<bind>
<opcode="partselect(1002) " fcode="partselect"/>
<opset="trunc_ln93_3/4 "/>
</bind>
</comp>

<comp id="876" class="1004" name="trunc_ln93_4_fu_876">
<pin_list>
<pin id="877" dir="0" index="0" bw="32" slack="0"/>
<pin id="878" dir="0" index="1" bw="512" slack="0"/>
<pin id="879" dir="0" index="2" bw="9" slack="0"/>
<pin id="880" dir="0" index="3" bw="9" slack="0"/>
<pin id="881" dir="1" index="4" bw="32" slack="1"/>
</pin_list>
<bind>
<opcode="partselect(1002) " fcode="partselect"/>
<opset="trunc_ln93_4/4 "/>
</bind>
</comp>

<comp id="886" class="1004" name="trunc_ln93_5_fu_886">
<pin_list>
<pin id="887" dir="0" index="0" bw="32" slack="0"/>
<pin id="888" dir="0" index="1" bw="512" slack="0"/>
<pin id="889" dir="0" index="2" bw="9" slack="0"/>
<pin id="890" dir="0" index="3" bw="9" slack="0"/>
<pin id="891" dir="1" index="4" bw="32" slack="1"/>
</pin_list>
<bind>
<opcode="partselect(1002) " fcode="partselect"/>
<opset="trunc_ln93_5/4 "/>
</bind>
</comp>

<comp id="896" class="1004" name="trunc_ln93_6_fu_896">
<pin_list>
<pin id="897" dir="0" index="0" bw="32" slack="0"/>
<pin id="898" dir="0" index="1" bw="512" slack="0"/>
<pin id="899" dir="0" index="2" bw="9" slack="0"/>
<pin id="900" dir="0" index="3" bw="9" slack="0"/>
<pin id="901" dir="1" index="4" bw="32" slack="1"/>
</pin_list>
<bind>
<opcode="partselect(1002) " fcode="partselect"/>
<opset="trunc_ln93_6/4 "/>
</bind>
</comp>

<comp id="906" class="1004" name="trunc_ln93_7_fu_906">
<pin_list>
<pin id="907" dir="0" index="0" bw="32" slack="0"/>
<pin id="908" dir="0" index="1" bw="512" slack="0"/>
<pin id="909" dir="0" index="2" bw="9" slack="0"/>
<pin id="910" dir="0" index="3" bw="9" slack="0"/>
<pin id="911" dir="1" index="4" bw="32" slack="1"/>
</pin_list>
<bind>
<opcode="partselect(1002) " fcode="partselect"/>
<opset="trunc_ln93_7/4 "/>
</bind>
</comp>

<comp id="916" class="1004" name="trunc_ln93_8_fu_916">
<pin_list>
<pin id="917" dir="0" index="0" bw="32" slack="0"/>
<pin id="918" dir="0" index="1" bw="512" slack="0"/>
<pin id="919" dir="0" index="2" bw="10" slack="0"/>
<pin id="920" dir="0" index="3" bw="10" slack="0"/>
<pin id="921" dir="1" index="4" bw="32" slack="1"/>
</pin_list>
<bind>
<opcode="partselect(1002) " fcode="partselect"/>
<opset="trunc_ln93_8/4 "/>
</bind>
</comp>

<comp id="926" class="1004" name="trunc_ln93_9_fu_926">
<pin_list>
<pin id="927" dir="0" index="0" bw="32" slack="0"/>
<pin id="928" dir="0" index="1" bw="512" slack="0"/>
<pin id="929" dir="0" index="2" bw="10" slack="0"/>
<pin id="930" dir="0" index="3" bw="10" slack="0"/>
<pin id="931" dir="1" index="4" bw="32" slack="1"/>
</pin_list>
<bind>
<opcode="partselect(1002) " fcode="partselect"/>
<opset="trunc_ln93_9/4 "/>
</bind>
</comp>

<comp id="936" class="1004" name="trunc_ln93_s_fu_936">
<pin_list>
<pin id="937" dir="0" index="0" bw="32" slack="0"/>
<pin id="938" dir="0" index="1" bw="512" slack="0"/>
<pin id="939" dir="0" index="2" bw="10" slack="0"/>
<pin id="940" dir="0" index="3" bw="10" slack="0"/>
<pin id="941" dir="1" index="4" bw="32" slack="1"/>
</pin_list>
<bind>
<opcode="partselect(1002) " fcode="partselect"/>
<opset="trunc_ln93_s/4 "/>
</bind>
</comp>

<comp id="946" class="1004" name="trunc_ln93_10_fu_946">
<pin_list>
<pin id="947" dir="0" index="0" bw="32" slack="0"/>
<pin id="948" dir="0" index="1" bw="512" slack="0"/>
<pin id="949" dir="0" index="2" bw="10" slack="0"/>
<pin id="950" dir="0" index="3" bw="10" slack="0"/>
<pin id="951" dir="1" index="4" bw="32" slack="1"/>
</pin_list>
<bind>
<opcode="partselect(1002) " fcode="partselect"/>
<opset="trunc_ln93_10/4 "/>
</bind>
</comp>

<comp id="956" class="1004" name="trunc_ln93_11_fu_956">
<pin_list>
<pin id="957" dir="0" index="0" bw="32" slack="0"/>
<pin id="958" dir="0" index="1" bw="512" slack="0"/>
<pin id="959" dir="0" index="2" bw="10" slack="0"/>
<pin id="960" dir="0" index="3" bw="10" slack="0"/>
<pin id="961" dir="1" index="4" bw="32" slack="1"/>
</pin_list>
<bind>
<opcode="partselect(1002) " fcode="partselect"/>
<opset="trunc_ln93_11/4 "/>
</bind>
</comp>

<comp id="966" class="1004" name="trunc_ln93_12_fu_966">
<pin_list>
<pin id="967" dir="0" index="0" bw="32" slack="0"/>
<pin id="968" dir="0" index="1" bw="512" slack="0"/>
<pin id="969" dir="0" index="2" bw="10" slack="0"/>
<pin id="970" dir="0" index="3" bw="10" slack="0"/>
<pin id="971" dir="1" index="4" bw="32" slack="1"/>
</pin_list>
<bind>
<opcode="partselect(1002) " fcode="partselect"/>
<opset="trunc_ln93_12/4 "/>
</bind>
</comp>

<comp id="976" class="1004" name="trunc_ln93_13_fu_976">
<pin_list>
<pin id="977" dir="0" index="0" bw="32" slack="0"/>
<pin id="978" dir="0" index="1" bw="512" slack="0"/>
<pin id="979" dir="0" index="2" bw="10" slack="0"/>
<pin id="980" dir="0" index="3" bw="10" slack="0"/>
<pin id="981" dir="1" index="4" bw="32" slack="1"/>
</pin_list>
<bind>
<opcode="partselect(1002) " fcode="partselect"/>
<opset="trunc_ln93_13/4 "/>
</bind>
</comp>

<comp id="986" class="1004" name="trunc_ln93_14_fu_986">
<pin_list>
<pin id="987" dir="0" index="0" bw="32" slack="0"/>
<pin id="988" dir="0" index="1" bw="512" slack="0"/>
<pin id="989" dir="0" index="2" bw="10" slack="0"/>
<pin id="990" dir="0" index="3" bw="10" slack="0"/>
<pin id="991" dir="1" index="4" bw="32" slack="1"/>
</pin_list>
<bind>
<opcode="partselect(1002) " fcode="partselect"/>
<opset="trunc_ln93_14/4 "/>
</bind>
</comp>

<comp id="996" class="1004" name="shl_ln56_1_fu_996">
<pin_list>
<pin id="997" dir="0" index="0" bw="9" slack="0"/>
<pin id="998" dir="0" index="1" bw="4" slack="2"/>
<pin id="999" dir="0" index="2" bw="1" slack="0"/>
<pin id="1000" dir="1" index="3" bw="9" slack="0"/>
</pin_list>
<bind>
<opcode="bitconcatenate(1004) " fcode="bitconcatenate"/>
<opset="shl_ln56_1/4 "/>
</bind>
</comp>

<comp id="1003" class="1004" name="zext_ln101_fu_1003">
<pin_list>
<pin id="1004" dir="0" index="0" bw="9" slack="0"/>
<pin id="1005" dir="1" index="1" bw="512" slack="0"/>
</pin_list>
<bind>
<opcode="zext(34) " fcode="zext"/>
<opset="zext_ln101/4 "/>
</bind>
</comp>

<comp id="1007" class="1004" name="lshr_ln101_fu_1007">
<pin_list>
<pin id="1008" dir="0" index="0" bw="512" slack="0"/>
<pin id="1009" dir="0" index="1" bw="9" slack="0"/>
<pin id="1010" dir="1" index="2" bw="512" slack="0"/>
</pin_list>
<bind>
<opcode="lshr(21) " fcode="lshr"/>
<opset="lshr_ln101/4 "/>
</bind>
</comp>

<comp id="1013" class="1004" name="trunc_ln101_fu_1013">
<pin_list>
<pin id="1014" dir="0" index="0" bw="512" slack="0"/>
<pin id="1015" dir="1" index="1" bw="32" slack="1"/>
</pin_list>
<bind>
<opcode="trunc(33) " fcode="trunc"/>
<opset="trunc_ln101/4 "/>
</bind>
</comp>

<comp id="1017" class="1004" name="AB_block_0_2_load_load_fu_1017">
<pin_list>
<pin id="1018" dir="0" index="0" bw="512" slack="5"/>
<pin id="1019" dir="1" index="1" bw="512" slack="0"/>
</pin_list>
<bind>
<opcode="load(27) " fcode="load"/>
<opset="AB_block_0_2_load/6 "/>
</bind>
</comp>

<comp id="1020" class="1004" name="AB_block_1_2_load_load_fu_1020">
<pin_list>
<pin id="1021" dir="0" index="0" bw="512" slack="5"/>
<pin id="1022" dir="1" index="1" bw="512" slack="0"/>
</pin_list>
<bind>
<opcode="load(27) " fcode="load"/>
<opset="AB_block_1_2_load/6 "/>
</bind>
</comp>

<comp id="1023" class="1004" name="AB_block_2_2_load_load_fu_1023">
<pin_list>
<pin id="1024" dir="0" index="0" bw="512" slack="5"/>
<pin id="1025" dir="1" index="1" bw="512" slack="0"/>
</pin_list>
<bind>
<opcode="load(27) " fcode="load"/>
<opset="AB_block_2_2_load/6 "/>
</bind>
</comp>

<comp id="1026" class="1004" name="AB_block_3_2_load_load_fu_1026">
<pin_list>
<pin id="1027" dir="0" index="0" bw="512" slack="5"/>
<pin id="1028" dir="1" index="1" bw="512" slack="0"/>
</pin_list>
<bind>
<opcode="load(27) " fcode="load"/>
<opset="AB_block_3_2_load/6 "/>
</bind>
</comp>

<comp id="1029" class="1004" name="AB_block_4_2_load_load_fu_1029">
<pin_list>
<pin id="1030" dir="0" index="0" bw="512" slack="5"/>
<pin id="1031" dir="1" index="1" bw="512" slack="0"/>
</pin_list>
<bind>
<opcode="load(27) " fcode="load"/>
<opset="AB_block_4_2_load/6 "/>
</bind>
</comp>

<comp id="1032" class="1004" name="AB_block_5_2_load_load_fu_1032">
<pin_list>
<pin id="1033" dir="0" index="0" bw="512" slack="5"/>
<pin id="1034" dir="1" index="1" bw="512" slack="0"/>
</pin_list>
<bind>
<opcode="load(27) " fcode="load"/>
<opset="AB_block_5_2_load/6 "/>
</bind>
</comp>

<comp id="1035" class="1004" name="AB_block_6_2_load_load_fu_1035">
<pin_list>
<pin id="1036" dir="0" index="0" bw="512" slack="5"/>
<pin id="1037" dir="1" index="1" bw="512" slack="0"/>
</pin_list>
<bind>
<opcode="load(27) " fcode="load"/>
<opset="AB_block_6_2_load/6 "/>
</bind>
</comp>

<comp id="1038" class="1004" name="AB_block_7_2_load_load_fu_1038">
<pin_list>
<pin id="1039" dir="0" index="0" bw="512" slack="5"/>
<pin id="1040" dir="1" index="1" bw="512" slack="0"/>
</pin_list>
<bind>
<opcode="load(27) " fcode="load"/>
<opset="AB_block_7_2_load/6 "/>
</bind>
</comp>

<comp id="1041" class="1004" name="AB_block_8_2_load_load_fu_1041">
<pin_list>
<pin id="1042" dir="0" index="0" bw="512" slack="5"/>
<pin id="1043" dir="1" index="1" bw="512" slack="0"/>
</pin_list>
<bind>
<opcode="load(27) " fcode="load"/>
<opset="AB_block_8_2_load/6 "/>
</bind>
</comp>

<comp id="1044" class="1004" name="AB_block_9_2_load_load_fu_1044">
<pin_list>
<pin id="1045" dir="0" index="0" bw="512" slack="5"/>
<pin id="1046" dir="1" index="1" bw="512" slack="0"/>
</pin_list>
<bind>
<opcode="load(27) " fcode="load"/>
<opset="AB_block_9_2_load/6 "/>
</bind>
</comp>

<comp id="1047" class="1004" name="AB_block_10_2_load_load_fu_1047">
<pin_list>
<pin id="1048" dir="0" index="0" bw="512" slack="5"/>
<pin id="1049" dir="1" index="1" bw="512" slack="0"/>
</pin_list>
<bind>
<opcode="load(27) " fcode="load"/>
<opset="AB_block_10_2_load/6 "/>
</bind>
</comp>

<comp id="1050" class="1004" name="AB_block_11_2_load_load_fu_1050">
<pin_list>
<pin id="1051" dir="0" index="0" bw="512" slack="5"/>
<pin id="1052" dir="1" index="1" bw="512" slack="0"/>
</pin_list>
<bind>
<opcode="load(27) " fcode="load"/>
<opset="AB_block_11_2_load/6 "/>
</bind>
</comp>

<comp id="1053" class="1004" name="AB_block_12_2_load_load_fu_1053">
<pin_list>
<pin id="1054" dir="0" index="0" bw="512" slack="5"/>
<pin id="1055" dir="1" index="1" bw="512" slack="0"/>
</pin_list>
<bind>
<opcode="load(27) " fcode="load"/>
<opset="AB_block_12_2_load/6 "/>
</bind>
</comp>

<comp id="1056" class="1004" name="AB_block_13_2_load_load_fu_1056">
<pin_list>
<pin id="1057" dir="0" index="0" bw="512" slack="5"/>
<pin id="1058" dir="1" index="1" bw="512" slack="0"/>
</pin_list>
<bind>
<opcode="load(27) " fcode="load"/>
<opset="AB_block_13_2_load/6 "/>
</bind>
</comp>

<comp id="1059" class="1004" name="AB_block_14_2_load_load_fu_1059">
<pin_list>
<pin id="1060" dir="0" index="0" bw="512" slack="5"/>
<pin id="1061" dir="1" index="1" bw="512" slack="0"/>
</pin_list>
<bind>
<opcode="load(27) " fcode="load"/>
<opset="AB_block_14_2_load/6 "/>
</bind>
</comp>

<comp id="1062" class="1004" name="AB_block_15_2_load_load_fu_1062">
<pin_list>
<pin id="1063" dir="0" index="0" bw="512" slack="5"/>
<pin id="1064" dir="1" index="1" bw="512" slack="0"/>
</pin_list>
<bind>
<opcode="load(27) " fcode="load"/>
<opset="AB_block_15_2_load/6 "/>
</bind>
</comp>

<comp id="1065" class="1004" name="trunc_ln101_1_fu_1065">
<pin_list>
<pin id="1066" dir="0" index="0" bw="512" slack="0"/>
<pin id="1067" dir="1" index="1" bw="32" slack="0"/>
</pin_list>
<bind>
<opcode="trunc(33) " fcode="trunc"/>
<opset="trunc_ln101_1/6 "/>
</bind>
</comp>

<comp id="1069" class="1004" name="trunc_ln101_2_fu_1069">
<pin_list>
<pin id="1070" dir="0" index="0" bw="512" slack="0"/>
<pin id="1071" dir="1" index="1" bw="32" slack="0"/>
</pin_list>
<bind>
<opcode="trunc(33) " fcode="trunc"/>
<opset="trunc_ln101_2/6 "/>
</bind>
</comp>

<comp id="1073" class="1004" name="trunc_ln101_3_fu_1073">
<pin_list>
<pin id="1074" dir="0" index="0" bw="512" slack="0"/>
<pin id="1075" dir="1" index="1" bw="32" slack="0"/>
</pin_list>
<bind>
<opcode="trunc(33) " fcode="trunc"/>
<opset="trunc_ln101_3/6 "/>
</bind>
</comp>

<comp id="1077" class="1004" name="trunc_ln101_4_fu_1077">
<pin_list>
<pin id="1078" dir="0" index="0" bw="512" slack="0"/>
<pin id="1079" dir="1" index="1" bw="32" slack="0"/>
</pin_list>
<bind>
<opcode="trunc(33) " fcode="trunc"/>
<opset="trunc_ln101_4/6 "/>
</bind>
</comp>

<comp id="1081" class="1004" name="trunc_ln101_5_fu_1081">
<pin_list>
<pin id="1082" dir="0" index="0" bw="512" slack="0"/>
<pin id="1083" dir="1" index="1" bw="32" slack="0"/>
</pin_list>
<bind>
<opcode="trunc(33) " fcode="trunc"/>
<opset="trunc_ln101_5/6 "/>
</bind>
</comp>

<comp id="1085" class="1004" name="trunc_ln101_6_fu_1085">
<pin_list>
<pin id="1086" dir="0" index="0" bw="512" slack="0"/>
<pin id="1087" dir="1" index="1" bw="32" slack="0"/>
</pin_list>
<bind>
<opcode="trunc(33) " fcode="trunc"/>
<opset="trunc_ln101_6/6 "/>
</bind>
</comp>

<comp id="1089" class="1004" name="trunc_ln101_7_fu_1089">
<pin_list>
<pin id="1090" dir="0" index="0" bw="512" slack="0"/>
<pin id="1091" dir="1" index="1" bw="32" slack="0"/>
</pin_list>
<bind>
<opcode="trunc(33) " fcode="trunc"/>
<opset="trunc_ln101_7/6 "/>
</bind>
</comp>

<comp id="1093" class="1004" name="trunc_ln101_8_fu_1093">
<pin_list>
<pin id="1094" dir="0" index="0" bw="512" slack="0"/>
<pin id="1095" dir="1" index="1" bw="32" slack="0"/>
</pin_list>
<bind>
<opcode="trunc(33) " fcode="trunc"/>
<opset="trunc_ln101_8/6 "/>
</bind>
</comp>

<comp id="1097" class="1004" name="trunc_ln101_9_fu_1097">
<pin_list>
<pin id="1098" dir="0" index="0" bw="512" slack="0"/>
<pin id="1099" dir="1" index="1" bw="32" slack="0"/>
</pin_list>
<bind>
<opcode="trunc(33) " fcode="trunc"/>
<opset="trunc_ln101_9/6 "/>
</bind>
</comp>

<comp id="1101" class="1004" name="trunc_ln101_10_fu_1101">
<pin_list>
<pin id="1102" dir="0" index="0" bw="512" slack="0"/>
<pin id="1103" dir="1" index="1" bw="32" slack="0"/>
</pin_list>
<bind>
<opcode="trunc(33) " fcode="trunc"/>
<opset="trunc_ln101_10/6 "/>
</bind>
</comp>

<comp id="1105" class="1004" name="trunc_ln101_11_fu_1105">
<pin_list>
<pin id="1106" dir="0" index="0" bw="512" slack="0"/>
<pin id="1107" dir="1" index="1" bw="32" slack="0"/>
</pin_list>
<bind>
<opcode="trunc(33) " fcode="trunc"/>
<opset="trunc_ln101_11/6 "/>
</bind>
</comp>

<comp id="1109" class="1004" name="trunc_ln101_12_fu_1109">
<pin_list>
<pin id="1110" dir="0" index="0" bw="512" slack="0"/>
<pin id="1111" dir="1" index="1" bw="32" slack="0"/>
</pin_list>
<bind>
<opcode="trunc(33) " fcode="trunc"/>
<opset="trunc_ln101_12/6 "/>
</bind>
</comp>

<comp id="1113" class="1004" name="trunc_ln101_13_fu_1113">
<pin_list>
<pin id="1114" dir="0" index="0" bw="512" slack="0"/>
<pin id="1115" dir="1" index="1" bw="32" slack="0"/>
</pin_list>
<bind>
<opcode="trunc(33) " fcode="trunc"/>
<opset="trunc_ln101_13/6 "/>
</bind>
</comp>

<comp id="1117" class="1004" name="trunc_ln101_14_fu_1117">
<pin_list>
<pin id="1118" dir="0" index="0" bw="512" slack="0"/>
<pin id="1119" dir="1" index="1" bw="32" slack="0"/>
</pin_list>
<bind>
<opcode="trunc(33) " fcode="trunc"/>
<opset="trunc_ln101_14/6 "/>
</bind>
</comp>

<comp id="1121" class="1004" name="trunc_ln101_15_fu_1121">
<pin_list>
<pin id="1122" dir="0" index="0" bw="512" slack="0"/>
<pin id="1123" dir="1" index="1" bw="32" slack="0"/>
</pin_list>
<bind>
<opcode="trunc(33) " fcode="trunc"/>
<opset="trunc_ln101_15/6 "/>
</bind>
</comp>

<comp id="1125" class="1004" name="trunc_ln101_256_fu_1125">
<pin_list>
<pin id="1126" dir="0" index="0" bw="512" slack="0"/>
<pin id="1127" dir="1" index="1" bw="32" slack="0"/>
</pin_list>
<bind>
<opcode="trunc(33) " fcode="trunc"/>
<opset="trunc_ln101_256/6 "/>
</bind>
</comp>

<comp id="1129" class="1004" name="tmp_s_fu_1129">
<pin_list>
<pin id="1130" dir="0" index="0" bw="32" slack="0"/>
<pin id="1131" dir="0" index="1" bw="4" slack="0"/>
<pin id="1132" dir="0" index="2" bw="32" slack="0"/>
<pin id="1133" dir="0" index="3" bw="4" slack="0"/>
<pin id="1134" dir="0" index="4" bw="32" slack="0"/>
<pin id="1135" dir="0" index="5" bw="4" slack="0"/>
<pin id="1136" dir="0" index="6" bw="32" slack="0"/>
<pin id="1137" dir="0" index="7" bw="4" slack="0"/>
<pin id="1138" dir="0" index="8" bw="32" slack="0"/>
<pin id="1139" dir="0" index="9" bw="4" slack="0"/>
<pin id="1140" dir="0" index="10" bw="32" slack="0"/>
<pin id="1141" dir="0" index="11" bw="4" slack="0"/>
<pin id="1142" dir="0" index="12" bw="32" slack="0"/>
<pin id="1143" dir="0" index="13" bw="4" slack="0"/>
<pin id="1144" dir="0" index="14" bw="32" slack="0"/>
<pin id="1145" dir="0" index="15" bw="4" slack="0"/>
<pin id="1146" dir="0" index="16" bw="32" slack="0"/>
<pin id="1147" dir="0" index="17" bw="4" slack="0"/>
<pin id="1148" dir="0" index="18" bw="32" slack="0"/>
<pin id="1149" dir="0" index="19" bw="4" slack="0"/>
<pin id="1150" dir="0" index="20" bw="32" slack="0"/>
<pin id="1151" dir="0" index="21" bw="4" slack="0"/>
<pin id="1152" dir="0" index="22" bw="32" slack="0"/>
<pin id="1153" dir="0" index="23" bw="4" slack="0"/>
<pin id="1154" dir="0" index="24" bw="32" slack="0"/>
<pin id="1155" dir="0" index="25" bw="4" slack="0"/>
<pin id="1156" dir="0" index="26" bw="32" slack="0"/>
<pin id="1157" dir="0" index="27" bw="4" slack="0"/>
<pin id="1158" dir="0" index="28" bw="32" slack="0"/>
<pin id="1159" dir="0" index="29" bw="4" slack="0"/>
<pin id="1160" dir="0" index="30" bw="32" slack="0"/>
<pin id="1161" dir="0" index="31" bw="4" slack="0"/>
<pin id="1162" dir="0" index="32" bw="32" slack="0"/>
<pin id="1163" dir="0" index="33" bw="32" slack="0"/>
<pin id="1164" dir="0" index="34" bw="4" slack="4"/>
<pin id="1165" dir="1" index="35" bw="32" slack="0"/>
</pin_list>
<bind>
<opcode="sparsemux(1197) " fcode="sparsemux"/>
<opset="tmp_s/6 "/>
</bind>
</comp>

<comp id="1200" class="1004" name="add_ln101_fu_1200">
<pin_list>
<pin id="1201" dir="0" index="0" bw="32" slack="0"/>
<pin id="1202" dir="0" index="1" bw="32" slack="1"/>
<pin id="1203" dir="1" index="2" bw="32" slack="0"/>
</pin_list>
<bind>
<opcode="add(8) " fcode="add"/>
<opset="add_ln101/6 "/>
</bind>
</comp>

<comp id="1205" class="1004" name="trunc_ln101_s_fu_1205">
<pin_list>
<pin id="1206" dir="0" index="0" bw="32" slack="0"/>
<pin id="1207" dir="0" index="1" bw="512" slack="0"/>
<pin id="1208" dir="0" index="2" bw="7" slack="0"/>
<pin id="1209" dir="0" index="3" bw="7" slack="0"/>
<pin id="1210" dir="1" index="4" bw="32" slack="0"/>
</pin_list>
<bind>
<opcode="partselect(1002) " fcode="partselect"/>
<opset="trunc_ln101_s/6 "/>
</bind>
</comp>

<comp id="1215" class="1004" name="trunc_ln101_16_fu_1215">
<pin_list>
<pin id="1216" dir="0" index="0" bw="32" slack="0"/>
<pin id="1217" dir="0" index="1" bw="512" slack="0"/>
<pin id="1218" dir="0" index="2" bw="7" slack="0"/>
<pin id="1219" dir="0" index="3" bw="7" slack="0"/>
<pin id="1220" dir="1" index="4" bw="32" slack="0"/>
</pin_list>
<bind>
<opcode="partselect(1002) " fcode="partselect"/>
<opset="trunc_ln101_16/6 "/>
</bind>
</comp>

<comp id="1225" class="1004" name="trunc_ln101_17_fu_1225">
<pin_list>
<pin id="1226" dir="0" index="0" bw="32" slack="0"/>
<pin id="1227" dir="0" index="1" bw="512" slack="0"/>
<pin id="1228" dir="0" index="2" bw="7" slack="0"/>
<pin id="1229" dir="0" index="3" bw="7" slack="0"/>
<pin id="1230" dir="1" index="4" bw="32" slack="0"/>
</pin_list>
<bind>
<opcode="partselect(1002) " fcode="partselect"/>
<opset="trunc_ln101_17/6 "/>
</bind>
</comp>

<comp id="1235" class="1004" name="trunc_ln101_18_fu_1235">
<pin_list>
<pin id="1236" dir="0" index="0" bw="32" slack="0"/>
<pin id="1237" dir="0" index="1" bw="512" slack="0"/>
<pin id="1238" dir="0" index="2" bw="7" slack="0"/>
<pin id="1239" dir="0" index="3" bw="7" slack="0"/>
<pin id="1240" dir="1" index="4" bw="32" slack="0"/>
</pin_list>
<bind>
<opcode="partselect(1002) " fcode="partselect"/>
<opset="trunc_ln101_18/6 "/>
</bind>
</comp>

<comp id="1245" class="1004" name="trunc_ln101_19_fu_1245">
<pin_list>
<pin id="1246" dir="0" index="0" bw="32" slack="0"/>
<pin id="1247" dir="0" index="1" bw="512" slack="0"/>
<pin id="1248" dir="0" index="2" bw="7" slack="0"/>
<pin id="1249" dir="0" index="3" bw="7" slack="0"/>
<pin id="1250" dir="1" index="4" bw="32" slack="0"/>
</pin_list>
<bind>
<opcode="partselect(1002) " fcode="partselect"/>
<opset="trunc_ln101_19/6 "/>
</bind>
</comp>

<comp id="1255" class="1004" name="trunc_ln101_20_fu_1255">
<pin_list>
<pin id="1256" dir="0" index="0" bw="32" slack="0"/>
<pin id="1257" dir="0" index="1" bw="512" slack="0"/>
<pin id="1258" dir="0" index="2" bw="7" slack="0"/>
<pin id="1259" dir="0" index="3" bw="7" slack="0"/>
<pin id="1260" dir="1" index="4" bw="32" slack="0"/>
</pin_list>
<bind>
<opcode="partselect(1002) " fcode="partselect"/>
<opset="trunc_ln101_20/6 "/>
</bind>
</comp>

<comp id="1265" class="1004" name="trunc_ln101_21_fu_1265">
<pin_list>
<pin id="1266" dir="0" index="0" bw="32" slack="0"/>
<pin id="1267" dir="0" index="1" bw="512" slack="0"/>
<pin id="1268" dir="0" index="2" bw="7" slack="0"/>
<pin id="1269" dir="0" index="3" bw="7" slack="0"/>
<pin id="1270" dir="1" index="4" bw="32" slack="0"/>
</pin_list>
<bind>
<opcode="partselect(1002) " fcode="partselect"/>
<opset="trunc_ln101_21/6 "/>
</bind>
</comp>

<comp id="1275" class="1004" name="trunc_ln101_22_fu_1275">
<pin_list>
<pin id="1276" dir="0" index="0" bw="32" slack="0"/>
<pin id="1277" dir="0" index="1" bw="512" slack="0"/>
<pin id="1278" dir="0" index="2" bw="7" slack="0"/>
<pin id="1279" dir="0" index="3" bw="7" slack="0"/>
<pin id="1280" dir="1" index="4" bw="32" slack="0"/>
</pin_list>
<bind>
<opcode="partselect(1002) " fcode="partselect"/>
<opset="trunc_ln101_22/6 "/>
</bind>
</comp>

<comp id="1285" class="1004" name="trunc_ln101_23_fu_1285">
<pin_list>
<pin id="1286" dir="0" index="0" bw="32" slack="0"/>
<pin id="1287" dir="0" index="1" bw="512" slack="0"/>
<pin id="1288" dir="0" index="2" bw="7" slack="0"/>
<pin id="1289" dir="0" index="3" bw="7" slack="0"/>
<pin id="1290" dir="1" index="4" bw="32" slack="0"/>
</pin_list>
<bind>
<opcode="partselect(1002) " fcode="partselect"/>
<opset="trunc_ln101_23/6 "/>
</bind>
</comp>

<comp id="1295" class="1004" name="trunc_ln101_24_fu_1295">
<pin_list>
<pin id="1296" dir="0" index="0" bw="32" slack="0"/>
<pin id="1297" dir="0" index="1" bw="512" slack="0"/>
<pin id="1298" dir="0" index="2" bw="7" slack="0"/>
<pin id="1299" dir="0" index="3" bw="7" slack="0"/>
<pin id="1300" dir="1" index="4" bw="32" slack="0"/>
</pin_list>
<bind>
<opcode="partselect(1002) " fcode="partselect"/>
<opset="trunc_ln101_24/6 "/>
</bind>
</comp>

<comp id="1305" class="1004" name="trunc_ln101_25_fu_1305">
<pin_list>
<pin id="1306" dir="0" index="0" bw="32" slack="0"/>
<pin id="1307" dir="0" index="1" bw="512" slack="0"/>
<pin id="1308" dir="0" index="2" bw="7" slack="0"/>
<pin id="1309" dir="0" index="3" bw="7" slack="0"/>
<pin id="1310" dir="1" index="4" bw="32" slack="0"/>
</pin_list>
<bind>
<opcode="partselect(1002) " fcode="partselect"/>
<opset="trunc_ln101_25/6 "/>
</bind>
</comp>

<comp id="1315" class="1004" name="trunc_ln101_26_fu_1315">
<pin_list>
<pin id="1316" dir="0" index="0" bw="32" slack="0"/>
<pin id="1317" dir="0" index="1" bw="512" slack="0"/>
<pin id="1318" dir="0" index="2" bw="7" slack="0"/>
<pin id="1319" dir="0" index="3" bw="7" slack="0"/>
<pin id="1320" dir="1" index="4" bw="32" slack="0"/>
</pin_list>
<bind>
<opcode="partselect(1002) " fcode="partselect"/>
<opset="trunc_ln101_26/6 "/>
</bind>
</comp>

<comp id="1325" class="1004" name="trunc_ln101_27_fu_1325">
<pin_list>
<pin id="1326" dir="0" index="0" bw="32" slack="0"/>
<pin id="1327" dir="0" index="1" bw="512" slack="0"/>
<pin id="1328" dir="0" index="2" bw="7" slack="0"/>
<pin id="1329" dir="0" index="3" bw="7" slack="0"/>
<pin id="1330" dir="1" index="4" bw="32" slack="0"/>
</pin_list>
<bind>
<opcode="partselect(1002) " fcode="partselect"/>
<opset="trunc_ln101_27/6 "/>
</bind>
</comp>

<comp id="1335" class="1004" name="trunc_ln101_28_fu_1335">
<pin_list>
<pin id="1336" dir="0" index="0" bw="32" slack="0"/>
<pin id="1337" dir="0" index="1" bw="512" slack="0"/>
<pin id="1338" dir="0" index="2" bw="7" slack="0"/>
<pin id="1339" dir="0" index="3" bw="7" slack="0"/>
<pin id="1340" dir="1" index="4" bw="32" slack="0"/>
</pin_list>
<bind>
<opcode="partselect(1002) " fcode="partselect"/>
<opset="trunc_ln101_28/6 "/>
</bind>
</comp>

<comp id="1345" class="1004" name="trunc_ln101_29_fu_1345">
<pin_list>
<pin id="1346" dir="0" index="0" bw="32" slack="0"/>
<pin id="1347" dir="0" index="1" bw="512" slack="0"/>
<pin id="1348" dir="0" index="2" bw="7" slack="0"/>
<pin id="1349" dir="0" index="3" bw="7" slack="0"/>
<pin id="1350" dir="1" index="4" bw="32" slack="0"/>
</pin_list>
<bind>
<opcode="partselect(1002) " fcode="partselect"/>
<opset="trunc_ln101_29/6 "/>
</bind>
</comp>

<comp id="1355" class="1004" name="trunc_ln101_30_fu_1355">
<pin_list>
<pin id="1356" dir="0" index="0" bw="32" slack="0"/>
<pin id="1357" dir="0" index="1" bw="512" slack="0"/>
<pin id="1358" dir="0" index="2" bw="7" slack="0"/>
<pin id="1359" dir="0" index="3" bw="7" slack="0"/>
<pin id="1360" dir="1" index="4" bw="32" slack="0"/>
</pin_list>
<bind>
<opcode="partselect(1002) " fcode="partselect"/>
<opset="trunc_ln101_30/6 "/>
</bind>
</comp>

<comp id="1365" class="1004" name="tmp_1_fu_1365">
<pin_list>
<pin id="1366" dir="0" index="0" bw="32" slack="0"/>
<pin id="1367" dir="0" index="1" bw="4" slack="0"/>
<pin id="1368" dir="0" index="2" bw="32" slack="0"/>
<pin id="1369" dir="0" index="3" bw="4" slack="0"/>
<pin id="1370" dir="0" index="4" bw="32" slack="0"/>
<pin id="1371" dir="0" index="5" bw="4" slack="0"/>
<pin id="1372" dir="0" index="6" bw="32" slack="0"/>
<pin id="1373" dir="0" index="7" bw="4" slack="0"/>
<pin id="1374" dir="0" index="8" bw="32" slack="0"/>
<pin id="1375" dir="0" index="9" bw="4" slack="0"/>
<pin id="1376" dir="0" index="10" bw="32" slack="0"/>
<pin id="1377" dir="0" index="11" bw="4" slack="0"/>
<pin id="1378" dir="0" index="12" bw="32" slack="0"/>
<pin id="1379" dir="0" index="13" bw="4" slack="0"/>
<pin id="1380" dir="0" index="14" bw="32" slack="0"/>
<pin id="1381" dir="0" index="15" bw="4" slack="0"/>
<pin id="1382" dir="0" index="16" bw="32" slack="0"/>
<pin id="1383" dir="0" index="17" bw="4" slack="0"/>
<pin id="1384" dir="0" index="18" bw="32" slack="0"/>
<pin id="1385" dir="0" index="19" bw="4" slack="0"/>
<pin id="1386" dir="0" index="20" bw="32" slack="0"/>
<pin id="1387" dir="0" index="21" bw="4" slack="0"/>
<pin id="1388" dir="0" index="22" bw="32" slack="0"/>
<pin id="1389" dir="0" index="23" bw="4" slack="0"/>
<pin id="1390" dir="0" index="24" bw="32" slack="0"/>
<pin id="1391" dir="0" index="25" bw="4" slack="0"/>
<pin id="1392" dir="0" index="26" bw="32" slack="0"/>
<pin id="1393" dir="0" index="27" bw="4" slack="0"/>
<pin id="1394" dir="0" index="28" bw="32" slack="0"/>
<pin id="1395" dir="0" index="29" bw="4" slack="0"/>
<pin id="1396" dir="0" index="30" bw="32" slack="0"/>
<pin id="1397" dir="0" index="31" bw="4" slack="0"/>
<pin id="1398" dir="0" index="32" bw="32" slack="0"/>
<pin id="1399" dir="0" index="33" bw="32" slack="0"/>
<pin id="1400" dir="0" index="34" bw="4" slack="4"/>
<pin id="1401" dir="1" index="35" bw="32" slack="0"/>
</pin_list>
<bind>
<opcode="sparsemux(1197) " fcode="sparsemux"/>
<opset="tmp_1/6 "/>
</bind>
</comp>

<comp id="1436" class="1004" name="add_ln101_1_fu_1436">
<pin_list>
<pin id="1437" dir="0" index="0" bw="32" slack="0"/>
<pin id="1438" dir="0" index="1" bw="32" slack="1"/>
<pin id="1439" dir="1" index="2" bw="32" slack="0"/>
</pin_list>
<bind>
<opcode="add(8) " fcode="add"/>
<opset="add_ln101_1/6 "/>
</bind>
</comp>

<comp id="1441" class="1004" name="trunc_ln101_31_fu_1441">
<pin_list>
<pin id="1442" dir="0" index="0" bw="32" slack="0"/>
<pin id="1443" dir="0" index="1" bw="512" slack="0"/>
<pin id="1444" dir="0" index="2" bw="8" slack="0"/>
<pin id="1445" dir="0" index="3" bw="8" slack="0"/>
<pin id="1446" dir="1" index="4" bw="32" slack="0"/>
</pin_list>
<bind>
<opcode="partselect(1002) " fcode="partselect"/>
<opset="trunc_ln101_31/6 "/>
</bind>
</comp>

<comp id="1451" class="1004" name="trunc_ln101_32_fu_1451">
<pin_list>
<pin id="1452" dir="0" index="0" bw="32" slack="0"/>
<pin id="1453" dir="0" index="1" bw="512" slack="0"/>
<pin id="1454" dir="0" index="2" bw="8" slack="0"/>
<pin id="1455" dir="0" index="3" bw="8" slack="0"/>
<pin id="1456" dir="1" index="4" bw="32" slack="0"/>
</pin_list>
<bind>
<opcode="partselect(1002) " fcode="partselect"/>
<opset="trunc_ln101_32/6 "/>
</bind>
</comp>

<comp id="1461" class="1004" name="trunc_ln101_33_fu_1461">
<pin_list>
<pin id="1462" dir="0" index="0" bw="32" slack="0"/>
<pin id="1463" dir="0" index="1" bw="512" slack="0"/>
<pin id="1464" dir="0" index="2" bw="8" slack="0"/>
<pin id="1465" dir="0" index="3" bw="8" slack="0"/>
<pin id="1466" dir="1" index="4" bw="32" slack="0"/>
</pin_list>
<bind>
<opcode="partselect(1002) " fcode="partselect"/>
<opset="trunc_ln101_33/6 "/>
</bind>
</comp>

<comp id="1471" class="1004" name="trunc_ln101_34_fu_1471">
<pin_list>
<pin id="1472" dir="0" index="0" bw="32" slack="0"/>
<pin id="1473" dir="0" index="1" bw="512" slack="0"/>
<pin id="1474" dir="0" index="2" bw="8" slack="0"/>
<pin id="1475" dir="0" index="3" bw="8" slack="0"/>
<pin id="1476" dir="1" index="4" bw="32" slack="0"/>
</pin_list>
<bind>
<opcode="partselect(1002) " fcode="partselect"/>
<opset="trunc_ln101_34/6 "/>
</bind>
</comp>

<comp id="1481" class="1004" name="trunc_ln101_35_fu_1481">
<pin_list>
<pin id="1482" dir="0" index="0" bw="32" slack="0"/>
<pin id="1483" dir="0" index="1" bw="512" slack="0"/>
<pin id="1484" dir="0" index="2" bw="8" slack="0"/>
<pin id="1485" dir="0" index="3" bw="8" slack="0"/>
<pin id="1486" dir="1" index="4" bw="32" slack="0"/>
</pin_list>
<bind>
<opcode="partselect(1002) " fcode="partselect"/>
<opset="trunc_ln101_35/6 "/>
</bind>
</comp>

<comp id="1491" class="1004" name="trunc_ln101_36_fu_1491">
<pin_list>
<pin id="1492" dir="0" index="0" bw="32" slack="0"/>
<pin id="1493" dir="0" index="1" bw="512" slack="0"/>
<pin id="1494" dir="0" index="2" bw="8" slack="0"/>
<pin id="1495" dir="0" index="3" bw="8" slack="0"/>
<pin id="1496" dir="1" index="4" bw="32" slack="0"/>
</pin_list>
<bind>
<opcode="partselect(1002) " fcode="partselect"/>
<opset="trunc_ln101_36/6 "/>
</bind>
</comp>

<comp id="1501" class="1004" name="trunc_ln101_37_fu_1501">
<pin_list>
<pin id="1502" dir="0" index="0" bw="32" slack="0"/>
<pin id="1503" dir="0" index="1" bw="512" slack="0"/>
<pin id="1504" dir="0" index="2" bw="8" slack="0"/>
<pin id="1505" dir="0" index="3" bw="8" slack="0"/>
<pin id="1506" dir="1" index="4" bw="32" slack="0"/>
</pin_list>
<bind>
<opcode="partselect(1002) " fcode="partselect"/>
<opset="trunc_ln101_37/6 "/>
</bind>
</comp>

<comp id="1511" class="1004" name="trunc_ln101_38_fu_1511">
<pin_list>
<pin id="1512" dir="0" index="0" bw="32" slack="0"/>
<pin id="1513" dir="0" index="1" bw="512" slack="0"/>
<pin id="1514" dir="0" index="2" bw="8" slack="0"/>
<pin id="1515" dir="0" index="3" bw="8" slack="0"/>
<pin id="1516" dir="1" index="4" bw="32" slack="0"/>
</pin_list>
<bind>
<opcode="partselect(1002) " fcode="partselect"/>
<opset="trunc_ln101_38/6 "/>
</bind>
</comp>

<comp id="1521" class="1004" name="trunc_ln101_39_fu_1521">
<pin_list>
<pin id="1522" dir="0" index="0" bw="32" slack="0"/>
<pin id="1523" dir="0" index="1" bw="512" slack="0"/>
<pin id="1524" dir="0" index="2" bw="8" slack="0"/>
<pin id="1525" dir="0" index="3" bw="8" slack="0"/>
<pin id="1526" dir="1" index="4" bw="32" slack="0"/>
</pin_list>
<bind>
<opcode="partselect(1002) " fcode="partselect"/>
<opset="trunc_ln101_39/6 "/>
</bind>
</comp>

<comp id="1531" class="1004" name="trunc_ln101_40_fu_1531">
<pin_list>
<pin id="1532" dir="0" index="0" bw="32" slack="0"/>
<pin id="1533" dir="0" index="1" bw="512" slack="0"/>
<pin id="1534" dir="0" index="2" bw="8" slack="0"/>
<pin id="1535" dir="0" index="3" bw="8" slack="0"/>
<pin id="1536" dir="1" index="4" bw="32" slack="0"/>
</pin_list>
<bind>
<opcode="partselect(1002) " fcode="partselect"/>
<opset="trunc_ln101_40/6 "/>
</bind>
</comp>

<comp id="1541" class="1004" name="trunc_ln101_41_fu_1541">
<pin_list>
<pin id="1542" dir="0" index="0" bw="32" slack="0"/>
<pin id="1543" dir="0" index="1" bw="512" slack="0"/>
<pin id="1544" dir="0" index="2" bw="8" slack="0"/>
<pin id="1545" dir="0" index="3" bw="8" slack="0"/>
<pin id="1546" dir="1" index="4" bw="32" slack="0"/>
</pin_list>
<bind>
<opcode="partselect(1002) " fcode="partselect"/>
<opset="trunc_ln101_41/6 "/>
</bind>
</comp>

<comp id="1551" class="1004" name="trunc_ln101_42_fu_1551">
<pin_list>
<pin id="1552" dir="0" index="0" bw="32" slack="0"/>
<pin id="1553" dir="0" index="1" bw="512" slack="0"/>
<pin id="1554" dir="0" index="2" bw="8" slack="0"/>
<pin id="1555" dir="0" index="3" bw="8" slack="0"/>
<pin id="1556" dir="1" index="4" bw="32" slack="0"/>
</pin_list>
<bind>
<opcode="partselect(1002) " fcode="partselect"/>
<opset="trunc_ln101_42/6 "/>
</bind>
</comp>

<comp id="1561" class="1004" name="trunc_ln101_43_fu_1561">
<pin_list>
<pin id="1562" dir="0" index="0" bw="32" slack="0"/>
<pin id="1563" dir="0" index="1" bw="512" slack="0"/>
<pin id="1564" dir="0" index="2" bw="8" slack="0"/>
<pin id="1565" dir="0" index="3" bw="8" slack="0"/>
<pin id="1566" dir="1" index="4" bw="32" slack="0"/>
</pin_list>
<bind>
<opcode="partselect(1002) " fcode="partselect"/>
<opset="trunc_ln101_43/6 "/>
</bind>
</comp>

<comp id="1571" class="1004" name="trunc_ln101_44_fu_1571">
<pin_list>
<pin id="1572" dir="0" index="0" bw="32" slack="0"/>
<pin id="1573" dir="0" index="1" bw="512" slack="0"/>
<pin id="1574" dir="0" index="2" bw="8" slack="0"/>
<pin id="1575" dir="0" index="3" bw="8" slack="0"/>
<pin id="1576" dir="1" index="4" bw="32" slack="0"/>
</pin_list>
<bind>
<opcode="partselect(1002) " fcode="partselect"/>
<opset="trunc_ln101_44/6 "/>
</bind>
</comp>

<comp id="1581" class="1004" name="trunc_ln101_45_fu_1581">
<pin_list>
<pin id="1582" dir="0" index="0" bw="32" slack="0"/>
<pin id="1583" dir="0" index="1" bw="512" slack="0"/>
<pin id="1584" dir="0" index="2" bw="8" slack="0"/>
<pin id="1585" dir="0" index="3" bw="8" slack="0"/>
<pin id="1586" dir="1" index="4" bw="32" slack="0"/>
</pin_list>
<bind>
<opcode="partselect(1002) " fcode="partselect"/>
<opset="trunc_ln101_45/6 "/>
</bind>
</comp>

<comp id="1591" class="1004" name="trunc_ln101_46_fu_1591">
<pin_list>
<pin id="1592" dir="0" index="0" bw="32" slack="0"/>
<pin id="1593" dir="0" index="1" bw="512" slack="0"/>
<pin id="1594" dir="0" index="2" bw="8" slack="0"/>
<pin id="1595" dir="0" index="3" bw="8" slack="0"/>
<pin id="1596" dir="1" index="4" bw="32" slack="0"/>
</pin_list>
<bind>
<opcode="partselect(1002) " fcode="partselect"/>
<opset="trunc_ln101_46/6 "/>
</bind>
</comp>

<comp id="1601" class="1004" name="tmp_2_fu_1601">
<pin_list>
<pin id="1602" dir="0" index="0" bw="32" slack="0"/>
<pin id="1603" dir="0" index="1" bw="4" slack="0"/>
<pin id="1604" dir="0" index="2" bw="32" slack="0"/>
<pin id="1605" dir="0" index="3" bw="4" slack="0"/>
<pin id="1606" dir="0" index="4" bw="32" slack="0"/>
<pin id="1607" dir="0" index="5" bw="4" slack="0"/>
<pin id="1608" dir="0" index="6" bw="32" slack="0"/>
<pin id="1609" dir="0" index="7" bw="4" slack="0"/>
<pin id="1610" dir="0" index="8" bw="32" slack="0"/>
<pin id="1611" dir="0" index="9" bw="4" slack="0"/>
<pin id="1612" dir="0" index="10" bw="32" slack="0"/>
<pin id="1613" dir="0" index="11" bw="4" slack="0"/>
<pin id="1614" dir="0" index="12" bw="32" slack="0"/>
<pin id="1615" dir="0" index="13" bw="4" slack="0"/>
<pin id="1616" dir="0" index="14" bw="32" slack="0"/>
<pin id="1617" dir="0" index="15" bw="4" slack="0"/>
<pin id="1618" dir="0" index="16" bw="32" slack="0"/>
<pin id="1619" dir="0" index="17" bw="4" slack="0"/>
<pin id="1620" dir="0" index="18" bw="32" slack="0"/>
<pin id="1621" dir="0" index="19" bw="4" slack="0"/>
<pin id="1622" dir="0" index="20" bw="32" slack="0"/>
<pin id="1623" dir="0" index="21" bw="4" slack="0"/>
<pin id="1624" dir="0" index="22" bw="32" slack="0"/>
<pin id="1625" dir="0" index="23" bw="4" slack="0"/>
<pin id="1626" dir="0" index="24" bw="32" slack="0"/>
<pin id="1627" dir="0" index="25" bw="4" slack="0"/>
<pin id="1628" dir="0" index="26" bw="32" slack="0"/>
<pin id="1629" dir="0" index="27" bw="4" slack="0"/>
<pin id="1630" dir="0" index="28" bw="32" slack="0"/>
<pin id="1631" dir="0" index="29" bw="4" slack="0"/>
<pin id="1632" dir="0" index="30" bw="32" slack="0"/>
<pin id="1633" dir="0" index="31" bw="4" slack="0"/>
<pin id="1634" dir="0" index="32" bw="32" slack="0"/>
<pin id="1635" dir="0" index="33" bw="32" slack="0"/>
<pin id="1636" dir="0" index="34" bw="4" slack="4"/>
<pin id="1637" dir="1" index="35" bw="32" slack="0"/>
</pin_list>
<bind>
<opcode="sparsemux(1197) " fcode="sparsemux"/>
<opset="tmp_2/6 "/>
</bind>
</comp>

<comp id="1672" class="1004" name="add_ln101_2_fu_1672">
<pin_list>
<pin id="1673" dir="0" index="0" bw="32" slack="0"/>
<pin id="1674" dir="0" index="1" bw="32" slack="1"/>
<pin id="1675" dir="1" index="2" bw="32" slack="0"/>
</pin_list>
<bind>
<opcode="add(8) " fcode="add"/>
<opset="add_ln101_2/6 "/>
</bind>
</comp>

<comp id="1677" class="1004" name="trunc_ln101_47_fu_1677">
<pin_list>
<pin id="1678" dir="0" index="0" bw="32" slack="0"/>
<pin id="1679" dir="0" index="1" bw="512" slack="0"/>
<pin id="1680" dir="0" index="2" bw="8" slack="0"/>
<pin id="1681" dir="0" index="3" bw="8" slack="0"/>
<pin id="1682" dir="1" index="4" bw="32" slack="0"/>
</pin_list>
<bind>
<opcode="partselect(1002) " fcode="partselect"/>
<opset="trunc_ln101_47/6 "/>
</bind>
</comp>

<comp id="1687" class="1004" name="trunc_ln101_48_fu_1687">
<pin_list>
<pin id="1688" dir="0" index="0" bw="32" slack="0"/>
<pin id="1689" dir="0" index="1" bw="512" slack="0"/>
<pin id="1690" dir="0" index="2" bw="8" slack="0"/>
<pin id="1691" dir="0" index="3" bw="8" slack="0"/>
<pin id="1692" dir="1" index="4" bw="32" slack="0"/>
</pin_list>
<bind>
<opcode="partselect(1002) " fcode="partselect"/>
<opset="trunc_ln101_48/6 "/>
</bind>
</comp>

<comp id="1697" class="1004" name="trunc_ln101_49_fu_1697">
<pin_list>
<pin id="1698" dir="0" index="0" bw="32" slack="0"/>
<pin id="1699" dir="0" index="1" bw="512" slack="0"/>
<pin id="1700" dir="0" index="2" bw="8" slack="0"/>
<pin id="1701" dir="0" index="3" bw="8" slack="0"/>
<pin id="1702" dir="1" index="4" bw="32" slack="0"/>
</pin_list>
<bind>
<opcode="partselect(1002) " fcode="partselect"/>
<opset="trunc_ln101_49/6 "/>
</bind>
</comp>

<comp id="1707" class="1004" name="trunc_ln101_50_fu_1707">
<pin_list>
<pin id="1708" dir="0" index="0" bw="32" slack="0"/>
<pin id="1709" dir="0" index="1" bw="512" slack="0"/>
<pin id="1710" dir="0" index="2" bw="8" slack="0"/>
<pin id="1711" dir="0" index="3" bw="8" slack="0"/>
<pin id="1712" dir="1" index="4" bw="32" slack="0"/>
</pin_list>
<bind>
<opcode="partselect(1002) " fcode="partselect"/>
<opset="trunc_ln101_50/6 "/>
</bind>
</comp>

<comp id="1717" class="1004" name="trunc_ln101_51_fu_1717">
<pin_list>
<pin id="1718" dir="0" index="0" bw="32" slack="0"/>
<pin id="1719" dir="0" index="1" bw="512" slack="0"/>
<pin id="1720" dir="0" index="2" bw="8" slack="0"/>
<pin id="1721" dir="0" index="3" bw="8" slack="0"/>
<pin id="1722" dir="1" index="4" bw="32" slack="0"/>
</pin_list>
<bind>
<opcode="partselect(1002) " fcode="partselect"/>
<opset="trunc_ln101_51/6 "/>
</bind>
</comp>

<comp id="1727" class="1004" name="trunc_ln101_52_fu_1727">
<pin_list>
<pin id="1728" dir="0" index="0" bw="32" slack="0"/>
<pin id="1729" dir="0" index="1" bw="512" slack="0"/>
<pin id="1730" dir="0" index="2" bw="8" slack="0"/>
<pin id="1731" dir="0" index="3" bw="8" slack="0"/>
<pin id="1732" dir="1" index="4" bw="32" slack="0"/>
</pin_list>
<bind>
<opcode="partselect(1002) " fcode="partselect"/>
<opset="trunc_ln101_52/6 "/>
</bind>
</comp>

<comp id="1737" class="1004" name="trunc_ln101_53_fu_1737">
<pin_list>
<pin id="1738" dir="0" index="0" bw="32" slack="0"/>
<pin id="1739" dir="0" index="1" bw="512" slack="0"/>
<pin id="1740" dir="0" index="2" bw="8" slack="0"/>
<pin id="1741" dir="0" index="3" bw="8" slack="0"/>
<pin id="1742" dir="1" index="4" bw="32" slack="0"/>
</pin_list>
<bind>
<opcode="partselect(1002) " fcode="partselect"/>
<opset="trunc_ln101_53/6 "/>
</bind>
</comp>

<comp id="1747" class="1004" name="trunc_ln101_54_fu_1747">
<pin_list>
<pin id="1748" dir="0" index="0" bw="32" slack="0"/>
<pin id="1749" dir="0" index="1" bw="512" slack="0"/>
<pin id="1750" dir="0" index="2" bw="8" slack="0"/>
<pin id="1751" dir="0" index="3" bw="8" slack="0"/>
<pin id="1752" dir="1" index="4" bw="32" slack="0"/>
</pin_list>
<bind>
<opcode="partselect(1002) " fcode="partselect"/>
<opset="trunc_ln101_54/6 "/>
</bind>
</comp>

<comp id="1757" class="1004" name="trunc_ln101_55_fu_1757">
<pin_list>
<pin id="1758" dir="0" index="0" bw="32" slack="0"/>
<pin id="1759" dir="0" index="1" bw="512" slack="0"/>
<pin id="1760" dir="0" index="2" bw="8" slack="0"/>
<pin id="1761" dir="0" index="3" bw="8" slack="0"/>
<pin id="1762" dir="1" index="4" bw="32" slack="0"/>
</pin_list>
<bind>
<opcode="partselect(1002) " fcode="partselect"/>
<opset="trunc_ln101_55/6 "/>
</bind>
</comp>

<comp id="1767" class="1004" name="trunc_ln101_56_fu_1767">
<pin_list>
<pin id="1768" dir="0" index="0" bw="32" slack="0"/>
<pin id="1769" dir="0" index="1" bw="512" slack="0"/>
<pin id="1770" dir="0" index="2" bw="8" slack="0"/>
<pin id="1771" dir="0" index="3" bw="8" slack="0"/>
<pin id="1772" dir="1" index="4" bw="32" slack="0"/>
</pin_list>
<bind>
<opcode="partselect(1002) " fcode="partselect"/>
<opset="trunc_ln101_56/6 "/>
</bind>
</comp>

<comp id="1777" class="1004" name="trunc_ln101_57_fu_1777">
<pin_list>
<pin id="1778" dir="0" index="0" bw="32" slack="0"/>
<pin id="1779" dir="0" index="1" bw="512" slack="0"/>
<pin id="1780" dir="0" index="2" bw="8" slack="0"/>
<pin id="1781" dir="0" index="3" bw="8" slack="0"/>
<pin id="1782" dir="1" index="4" bw="32" slack="0"/>
</pin_list>
<bind>
<opcode="partselect(1002) " fcode="partselect"/>
<opset="trunc_ln101_57/6 "/>
</bind>
</comp>

<comp id="1787" class="1004" name="trunc_ln101_58_fu_1787">
<pin_list>
<pin id="1788" dir="0" index="0" bw="32" slack="0"/>
<pin id="1789" dir="0" index="1" bw="512" slack="0"/>
<pin id="1790" dir="0" index="2" bw="8" slack="0"/>
<pin id="1791" dir="0" index="3" bw="8" slack="0"/>
<pin id="1792" dir="1" index="4" bw="32" slack="0"/>
</pin_list>
<bind>
<opcode="partselect(1002) " fcode="partselect"/>
<opset="trunc_ln101_58/6 "/>
</bind>
</comp>

<comp id="1797" class="1004" name="trunc_ln101_59_fu_1797">
<pin_list>
<pin id="1798" dir="0" index="0" bw="32" slack="0"/>
<pin id="1799" dir="0" index="1" bw="512" slack="0"/>
<pin id="1800" dir="0" index="2" bw="8" slack="0"/>
<pin id="1801" dir="0" index="3" bw="8" slack="0"/>
<pin id="1802" dir="1" index="4" bw="32" slack="0"/>
</pin_list>
<bind>
<opcode="partselect(1002) " fcode="partselect"/>
<opset="trunc_ln101_59/6 "/>
</bind>
</comp>

<comp id="1807" class="1004" name="trunc_ln101_60_fu_1807">
<pin_list>
<pin id="1808" dir="0" index="0" bw="32" slack="0"/>
<pin id="1809" dir="0" index="1" bw="512" slack="0"/>
<pin id="1810" dir="0" index="2" bw="8" slack="0"/>
<pin id="1811" dir="0" index="3" bw="8" slack="0"/>
<pin id="1812" dir="1" index="4" bw="32" slack="0"/>
</pin_list>
<bind>
<opcode="partselect(1002) " fcode="partselect"/>
<opset="trunc_ln101_60/6 "/>
</bind>
</comp>

<comp id="1817" class="1004" name="trunc_ln101_61_fu_1817">
<pin_list>
<pin id="1818" dir="0" index="0" bw="32" slack="0"/>
<pin id="1819" dir="0" index="1" bw="512" slack="0"/>
<pin id="1820" dir="0" index="2" bw="8" slack="0"/>
<pin id="1821" dir="0" index="3" bw="8" slack="0"/>
<pin id="1822" dir="1" index="4" bw="32" slack="0"/>
</pin_list>
<bind>
<opcode="partselect(1002) " fcode="partselect"/>
<opset="trunc_ln101_61/6 "/>
</bind>
</comp>

<comp id="1827" class="1004" name="trunc_ln101_62_fu_1827">
<pin_list>
<pin id="1828" dir="0" index="0" bw="32" slack="0"/>
<pin id="1829" dir="0" index="1" bw="512" slack="0"/>
<pin id="1830" dir="0" index="2" bw="8" slack="0"/>
<pin id="1831" dir="0" index="3" bw="8" slack="0"/>
<pin id="1832" dir="1" index="4" bw="32" slack="0"/>
</pin_list>
<bind>
<opcode="partselect(1002) " fcode="partselect"/>
<opset="trunc_ln101_62/6 "/>
</bind>
</comp>

<comp id="1837" class="1004" name="tmp_3_fu_1837">
<pin_list>
<pin id="1838" dir="0" index="0" bw="32" slack="0"/>
<pin id="1839" dir="0" index="1" bw="4" slack="0"/>
<pin id="1840" dir="0" index="2" bw="32" slack="0"/>
<pin id="1841" dir="0" index="3" bw="4" slack="0"/>
<pin id="1842" dir="0" index="4" bw="32" slack="0"/>
<pin id="1843" dir="0" index="5" bw="4" slack="0"/>
<pin id="1844" dir="0" index="6" bw="32" slack="0"/>
<pin id="1845" dir="0" index="7" bw="4" slack="0"/>
<pin id="1846" dir="0" index="8" bw="32" slack="0"/>
<pin id="1847" dir="0" index="9" bw="4" slack="0"/>
<pin id="1848" dir="0" index="10" bw="32" slack="0"/>
<pin id="1849" dir="0" index="11" bw="4" slack="0"/>
<pin id="1850" dir="0" index="12" bw="32" slack="0"/>
<pin id="1851" dir="0" index="13" bw="4" slack="0"/>
<pin id="1852" dir="0" index="14" bw="32" slack="0"/>
<pin id="1853" dir="0" index="15" bw="4" slack="0"/>
<pin id="1854" dir="0" index="16" bw="32" slack="0"/>
<pin id="1855" dir="0" index="17" bw="4" slack="0"/>
<pin id="1856" dir="0" index="18" bw="32" slack="0"/>
<pin id="1857" dir="0" index="19" bw="4" slack="0"/>
<pin id="1858" dir="0" index="20" bw="32" slack="0"/>
<pin id="1859" dir="0" index="21" bw="4" slack="0"/>
<pin id="1860" dir="0" index="22" bw="32" slack="0"/>
<pin id="1861" dir="0" index="23" bw="4" slack="0"/>
<pin id="1862" dir="0" index="24" bw="32" slack="0"/>
<pin id="1863" dir="0" index="25" bw="4" slack="0"/>
<pin id="1864" dir="0" index="26" bw="32" slack="0"/>
<pin id="1865" dir="0" index="27" bw="4" slack="0"/>
<pin id="1866" dir="0" index="28" bw="32" slack="0"/>
<pin id="1867" dir="0" index="29" bw="4" slack="0"/>
<pin id="1868" dir="0" index="30" bw="32" slack="0"/>
<pin id="1869" dir="0" index="31" bw="4" slack="0"/>
<pin id="1870" dir="0" index="32" bw="32" slack="0"/>
<pin id="1871" dir="0" index="33" bw="32" slack="0"/>
<pin id="1872" dir="0" index="34" bw="4" slack="4"/>
<pin id="1873" dir="1" index="35" bw="32" slack="0"/>
</pin_list>
<bind>
<opcode="sparsemux(1197) " fcode="sparsemux"/>
<opset="tmp_3/6 "/>
</bind>
</comp>

<comp id="1908" class="1004" name="add_ln101_3_fu_1908">
<pin_list>
<pin id="1909" dir="0" index="0" bw="32" slack="0"/>
<pin id="1910" dir="0" index="1" bw="32" slack="1"/>
<pin id="1911" dir="1" index="2" bw="32" slack="0"/>
</pin_list>
<bind>
<opcode="add(8) " fcode="add"/>
<opset="add_ln101_3/6 "/>
</bind>
</comp>

<comp id="1913" class="1004" name="trunc_ln101_63_fu_1913">
<pin_list>
<pin id="1914" dir="0" index="0" bw="32" slack="0"/>
<pin id="1915" dir="0" index="1" bw="512" slack="0"/>
<pin id="1916" dir="0" index="2" bw="9" slack="0"/>
<pin id="1917" dir="0" index="3" bw="9" slack="0"/>
<pin id="1918" dir="1" index="4" bw="32" slack="0"/>
</pin_list>
<bind>
<opcode="partselect(1002) " fcode="partselect"/>
<opset="trunc_ln101_63/6 "/>
</bind>
</comp>

<comp id="1923" class="1004" name="trunc_ln101_64_fu_1923">
<pin_list>
<pin id="1924" dir="0" index="0" bw="32" slack="0"/>
<pin id="1925" dir="0" index="1" bw="512" slack="0"/>
<pin id="1926" dir="0" index="2" bw="9" slack="0"/>
<pin id="1927" dir="0" index="3" bw="9" slack="0"/>
<pin id="1928" dir="1" index="4" bw="32" slack="0"/>
</pin_list>
<bind>
<opcode="partselect(1002) " fcode="partselect"/>
<opset="trunc_ln101_64/6 "/>
</bind>
</comp>

<comp id="1933" class="1004" name="trunc_ln101_65_fu_1933">
<pin_list>
<pin id="1934" dir="0" index="0" bw="32" slack="0"/>
<pin id="1935" dir="0" index="1" bw="512" slack="0"/>
<pin id="1936" dir="0" index="2" bw="9" slack="0"/>
<pin id="1937" dir="0" index="3" bw="9" slack="0"/>
<pin id="1938" dir="1" index="4" bw="32" slack="0"/>
</pin_list>
<bind>
<opcode="partselect(1002) " fcode="partselect"/>
<opset="trunc_ln101_65/6 "/>
</bind>
</comp>

<comp id="1943" class="1004" name="trunc_ln101_66_fu_1943">
<pin_list>
<pin id="1944" dir="0" index="0" bw="32" slack="0"/>
<pin id="1945" dir="0" index="1" bw="512" slack="0"/>
<pin id="1946" dir="0" index="2" bw="9" slack="0"/>
<pin id="1947" dir="0" index="3" bw="9" slack="0"/>
<pin id="1948" dir="1" index="4" bw="32" slack="0"/>
</pin_list>
<bind>
<opcode="partselect(1002) " fcode="partselect"/>
<opset="trunc_ln101_66/6 "/>
</bind>
</comp>

<comp id="1953" class="1004" name="trunc_ln101_67_fu_1953">
<pin_list>
<pin id="1954" dir="0" index="0" bw="32" slack="0"/>
<pin id="1955" dir="0" index="1" bw="512" slack="0"/>
<pin id="1956" dir="0" index="2" bw="9" slack="0"/>
<pin id="1957" dir="0" index="3" bw="9" slack="0"/>
<pin id="1958" dir="1" index="4" bw="32" slack="0"/>
</pin_list>
<bind>
<opcode="partselect(1002) " fcode="partselect"/>
<opset="trunc_ln101_67/6 "/>
</bind>
</comp>

<comp id="1963" class="1004" name="trunc_ln101_68_fu_1963">
<pin_list>
<pin id="1964" dir="0" index="0" bw="32" slack="0"/>
<pin id="1965" dir="0" index="1" bw="512" slack="0"/>
<pin id="1966" dir="0" index="2" bw="9" slack="0"/>
<pin id="1967" dir="0" index="3" bw="9" slack="0"/>
<pin id="1968" dir="1" index="4" bw="32" slack="0"/>
</pin_list>
<bind>
<opcode="partselect(1002) " fcode="partselect"/>
<opset="trunc_ln101_68/6 "/>
</bind>
</comp>

<comp id="1973" class="1004" name="trunc_ln101_69_fu_1973">
<pin_list>
<pin id="1974" dir="0" index="0" bw="32" slack="0"/>
<pin id="1975" dir="0" index="1" bw="512" slack="0"/>
<pin id="1976" dir="0" index="2" bw="9" slack="0"/>
<pin id="1977" dir="0" index="3" bw="9" slack="0"/>
<pin id="1978" dir="1" index="4" bw="32" slack="0"/>
</pin_list>
<bind>
<opcode="partselect(1002) " fcode="partselect"/>
<opset="trunc_ln101_69/6 "/>
</bind>
</comp>

<comp id="1983" class="1004" name="trunc_ln101_70_fu_1983">
<pin_list>
<pin id="1984" dir="0" index="0" bw="32" slack="0"/>
<pin id="1985" dir="0" index="1" bw="512" slack="0"/>
<pin id="1986" dir="0" index="2" bw="9" slack="0"/>
<pin id="1987" dir="0" index="3" bw="9" slack="0"/>
<pin id="1988" dir="1" index="4" bw="32" slack="0"/>
</pin_list>
<bind>
<opcode="partselect(1002) " fcode="partselect"/>
<opset="trunc_ln101_70/6 "/>
</bind>
</comp>

<comp id="1993" class="1004" name="trunc_ln101_71_fu_1993">
<pin_list>
<pin id="1994" dir="0" index="0" bw="32" slack="0"/>
<pin id="1995" dir="0" index="1" bw="512" slack="0"/>
<pin id="1996" dir="0" index="2" bw="9" slack="0"/>
<pin id="1997" dir="0" index="3" bw="9" slack="0"/>
<pin id="1998" dir="1" index="4" bw="32" slack="0"/>
</pin_list>
<bind>
<opcode="partselect(1002) " fcode="partselect"/>
<opset="trunc_ln101_71/6 "/>
</bind>
</comp>

<comp id="2003" class="1004" name="trunc_ln101_72_fu_2003">
<pin_list>
<pin id="2004" dir="0" index="0" bw="32" slack="0"/>
<pin id="2005" dir="0" index="1" bw="512" slack="0"/>
<pin id="2006" dir="0" index="2" bw="9" slack="0"/>
<pin id="2007" dir="0" index="3" bw="9" slack="0"/>
<pin id="2008" dir="1" index="4" bw="32" slack="0"/>
</pin_list>
<bind>
<opcode="partselect(1002) " fcode="partselect"/>
<opset="trunc_ln101_72/6 "/>
</bind>
</comp>

<comp id="2013" class="1004" name="trunc_ln101_73_fu_2013">
<pin_list>
<pin id="2014" dir="0" index="0" bw="32" slack="0"/>
<pin id="2015" dir="0" index="1" bw="512" slack="0"/>
<pin id="2016" dir="0" index="2" bw="9" slack="0"/>
<pin id="2017" dir="0" index="3" bw="9" slack="0"/>
<pin id="2018" dir="1" index="4" bw="32" slack="0"/>
</pin_list>
<bind>
<opcode="partselect(1002) " fcode="partselect"/>
<opset="trunc_ln101_73/6 "/>
</bind>
</comp>

<comp id="2023" class="1004" name="trunc_ln101_74_fu_2023">
<pin_list>
<pin id="2024" dir="0" index="0" bw="32" slack="0"/>
<pin id="2025" dir="0" index="1" bw="512" slack="0"/>
<pin id="2026" dir="0" index="2" bw="9" slack="0"/>
<pin id="2027" dir="0" index="3" bw="9" slack="0"/>
<pin id="2028" dir="1" index="4" bw="32" slack="0"/>
</pin_list>
<bind>
<opcode="partselect(1002) " fcode="partselect"/>
<opset="trunc_ln101_74/6 "/>
</bind>
</comp>

<comp id="2033" class="1004" name="trunc_ln101_75_fu_2033">
<pin_list>
<pin id="2034" dir="0" index="0" bw="32" slack="0"/>
<pin id="2035" dir="0" index="1" bw="512" slack="0"/>
<pin id="2036" dir="0" index="2" bw="9" slack="0"/>
<pin id="2037" dir="0" index="3" bw="9" slack="0"/>
<pin id="2038" dir="1" index="4" bw="32" slack="0"/>
</pin_list>
<bind>
<opcode="partselect(1002) " fcode="partselect"/>
<opset="trunc_ln101_75/6 "/>
</bind>
</comp>

<comp id="2043" class="1004" name="trunc_ln101_76_fu_2043">
<pin_list>
<pin id="2044" dir="0" index="0" bw="32" slack="0"/>
<pin id="2045" dir="0" index="1" bw="512" slack="0"/>
<pin id="2046" dir="0" index="2" bw="9" slack="0"/>
<pin id="2047" dir="0" index="3" bw="9" slack="0"/>
<pin id="2048" dir="1" index="4" bw="32" slack="0"/>
</pin_list>
<bind>
<opcode="partselect(1002) " fcode="partselect"/>
<opset="trunc_ln101_76/6 "/>
</bind>
</comp>

<comp id="2053" class="1004" name="trunc_ln101_77_fu_2053">
<pin_list>
<pin id="2054" dir="0" index="0" bw="32" slack="0"/>
<pin id="2055" dir="0" index="1" bw="512" slack="0"/>
<pin id="2056" dir="0" index="2" bw="9" slack="0"/>
<pin id="2057" dir="0" index="3" bw="9" slack="0"/>
<pin id="2058" dir="1" index="4" bw="32" slack="0"/>
</pin_list>
<bind>
<opcode="partselect(1002) " fcode="partselect"/>
<opset="trunc_ln101_77/6 "/>
</bind>
</comp>

<comp id="2063" class="1004" name="trunc_ln101_78_fu_2063">
<pin_list>
<pin id="2064" dir="0" index="0" bw="32" slack="0"/>
<pin id="2065" dir="0" index="1" bw="512" slack="0"/>
<pin id="2066" dir="0" index="2" bw="9" slack="0"/>
<pin id="2067" dir="0" index="3" bw="9" slack="0"/>
<pin id="2068" dir="1" index="4" bw="32" slack="0"/>
</pin_list>
<bind>
<opcode="partselect(1002) " fcode="partselect"/>
<opset="trunc_ln101_78/6 "/>
</bind>
</comp>

<comp id="2073" class="1004" name="tmp_4_fu_2073">
<pin_list>
<pin id="2074" dir="0" index="0" bw="32" slack="0"/>
<pin id="2075" dir="0" index="1" bw="4" slack="0"/>
<pin id="2076" dir="0" index="2" bw="32" slack="0"/>
<pin id="2077" dir="0" index="3" bw="4" slack="0"/>
<pin id="2078" dir="0" index="4" bw="32" slack="0"/>
<pin id="2079" dir="0" index="5" bw="4" slack="0"/>
<pin id="2080" dir="0" index="6" bw="32" slack="0"/>
<pin id="2081" dir="0" index="7" bw="4" slack="0"/>
<pin id="2082" dir="0" index="8" bw="32" slack="0"/>
<pin id="2083" dir="0" index="9" bw="4" slack="0"/>
<pin id="2084" dir="0" index="10" bw="32" slack="0"/>
<pin id="2085" dir="0" index="11" bw="4" slack="0"/>
<pin id="2086" dir="0" index="12" bw="32" slack="0"/>
<pin id="2087" dir="0" index="13" bw="4" slack="0"/>
<pin id="2088" dir="0" index="14" bw="32" slack="0"/>
<pin id="2089" dir="0" index="15" bw="4" slack="0"/>
<pin id="2090" dir="0" index="16" bw="32" slack="0"/>
<pin id="2091" dir="0" index="17" bw="4" slack="0"/>
<pin id="2092" dir="0" index="18" bw="32" slack="0"/>
<pin id="2093" dir="0" index="19" bw="4" slack="0"/>
<pin id="2094" dir="0" index="20" bw="32" slack="0"/>
<pin id="2095" dir="0" index="21" bw="4" slack="0"/>
<pin id="2096" dir="0" index="22" bw="32" slack="0"/>
<pin id="2097" dir="0" index="23" bw="4" slack="0"/>
<pin id="2098" dir="0" index="24" bw="32" slack="0"/>
<pin id="2099" dir="0" index="25" bw="4" slack="0"/>
<pin id="2100" dir="0" index="26" bw="32" slack="0"/>
<pin id="2101" dir="0" index="27" bw="4" slack="0"/>
<pin id="2102" dir="0" index="28" bw="32" slack="0"/>
<pin id="2103" dir="0" index="29" bw="4" slack="0"/>
<pin id="2104" dir="0" index="30" bw="32" slack="0"/>
<pin id="2105" dir="0" index="31" bw="4" slack="0"/>
<pin id="2106" dir="0" index="32" bw="32" slack="0"/>
<pin id="2107" dir="0" index="33" bw="32" slack="0"/>
<pin id="2108" dir="0" index="34" bw="4" slack="4"/>
<pin id="2109" dir="1" index="35" bw="32" slack="0"/>
</pin_list>
<bind>
<opcode="sparsemux(1197) " fcode="sparsemux"/>
<opset="tmp_4/6 "/>
</bind>
</comp>

<comp id="2144" class="1004" name="add_ln101_4_fu_2144">
<pin_list>
<pin id="2145" dir="0" index="0" bw="32" slack="0"/>
<pin id="2146" dir="0" index="1" bw="32" slack="1"/>
<pin id="2147" dir="1" index="2" bw="32" slack="0"/>
</pin_list>
<bind>
<opcode="add(8) " fcode="add"/>
<opset="add_ln101_4/6 "/>
</bind>
</comp>

<comp id="2149" class="1004" name="trunc_ln101_79_fu_2149">
<pin_list>
<pin id="2150" dir="0" index="0" bw="32" slack="0"/>
<pin id="2151" dir="0" index="1" bw="512" slack="0"/>
<pin id="2152" dir="0" index="2" bw="9" slack="0"/>
<pin id="2153" dir="0" index="3" bw="9" slack="0"/>
<pin id="2154" dir="1" index="4" bw="32" slack="0"/>
</pin_list>
<bind>
<opcode="partselect(1002) " fcode="partselect"/>
<opset="trunc_ln101_79/6 "/>
</bind>
</comp>

<comp id="2159" class="1004" name="trunc_ln101_80_fu_2159">
<pin_list>
<pin id="2160" dir="0" index="0" bw="32" slack="0"/>
<pin id="2161" dir="0" index="1" bw="512" slack="0"/>
<pin id="2162" dir="0" index="2" bw="9" slack="0"/>
<pin id="2163" dir="0" index="3" bw="9" slack="0"/>
<pin id="2164" dir="1" index="4" bw="32" slack="0"/>
</pin_list>
<bind>
<opcode="partselect(1002) " fcode="partselect"/>
<opset="trunc_ln101_80/6 "/>
</bind>
</comp>

<comp id="2169" class="1004" name="trunc_ln101_81_fu_2169">
<pin_list>
<pin id="2170" dir="0" index="0" bw="32" slack="0"/>
<pin id="2171" dir="0" index="1" bw="512" slack="0"/>
<pin id="2172" dir="0" index="2" bw="9" slack="0"/>
<pin id="2173" dir="0" index="3" bw="9" slack="0"/>
<pin id="2174" dir="1" index="4" bw="32" slack="0"/>
</pin_list>
<bind>
<opcode="partselect(1002) " fcode="partselect"/>
<opset="trunc_ln101_81/6 "/>
</bind>
</comp>

<comp id="2179" class="1004" name="trunc_ln101_82_fu_2179">
<pin_list>
<pin id="2180" dir="0" index="0" bw="32" slack="0"/>
<pin id="2181" dir="0" index="1" bw="512" slack="0"/>
<pin id="2182" dir="0" index="2" bw="9" slack="0"/>
<pin id="2183" dir="0" index="3" bw="9" slack="0"/>
<pin id="2184" dir="1" index="4" bw="32" slack="0"/>
</pin_list>
<bind>
<opcode="partselect(1002) " fcode="partselect"/>
<opset="trunc_ln101_82/6 "/>
</bind>
</comp>

<comp id="2189" class="1004" name="trunc_ln101_83_fu_2189">
<pin_list>
<pin id="2190" dir="0" index="0" bw="32" slack="0"/>
<pin id="2191" dir="0" index="1" bw="512" slack="0"/>
<pin id="2192" dir="0" index="2" bw="9" slack="0"/>
<pin id="2193" dir="0" index="3" bw="9" slack="0"/>
<pin id="2194" dir="1" index="4" bw="32" slack="0"/>
</pin_list>
<bind>
<opcode="partselect(1002) " fcode="partselect"/>
<opset="trunc_ln101_83/6 "/>
</bind>
</comp>

<comp id="2199" class="1004" name="trunc_ln101_84_fu_2199">
<pin_list>
<pin id="2200" dir="0" index="0" bw="32" slack="0"/>
<pin id="2201" dir="0" index="1" bw="512" slack="0"/>
<pin id="2202" dir="0" index="2" bw="9" slack="0"/>
<pin id="2203" dir="0" index="3" bw="9" slack="0"/>
<pin id="2204" dir="1" index="4" bw="32" slack="0"/>
</pin_list>
<bind>
<opcode="partselect(1002) " fcode="partselect"/>
<opset="trunc_ln101_84/6 "/>
</bind>
</comp>

<comp id="2209" class="1004" name="trunc_ln101_85_fu_2209">
<pin_list>
<pin id="2210" dir="0" index="0" bw="32" slack="0"/>
<pin id="2211" dir="0" index="1" bw="512" slack="0"/>
<pin id="2212" dir="0" index="2" bw="9" slack="0"/>
<pin id="2213" dir="0" index="3" bw="9" slack="0"/>
<pin id="2214" dir="1" index="4" bw="32" slack="0"/>
</pin_list>
<bind>
<opcode="partselect(1002) " fcode="partselect"/>
<opset="trunc_ln101_85/6 "/>
</bind>
</comp>

<comp id="2219" class="1004" name="trunc_ln101_86_fu_2219">
<pin_list>
<pin id="2220" dir="0" index="0" bw="32" slack="0"/>
<pin id="2221" dir="0" index="1" bw="512" slack="0"/>
<pin id="2222" dir="0" index="2" bw="9" slack="0"/>
<pin id="2223" dir="0" index="3" bw="9" slack="0"/>
<pin id="2224" dir="1" index="4" bw="32" slack="0"/>
</pin_list>
<bind>
<opcode="partselect(1002) " fcode="partselect"/>
<opset="trunc_ln101_86/6 "/>
</bind>
</comp>

<comp id="2229" class="1004" name="trunc_ln101_87_fu_2229">
<pin_list>
<pin id="2230" dir="0" index="0" bw="32" slack="0"/>
<pin id="2231" dir="0" index="1" bw="512" slack="0"/>
<pin id="2232" dir="0" index="2" bw="9" slack="0"/>
<pin id="2233" dir="0" index="3" bw="9" slack="0"/>
<pin id="2234" dir="1" index="4" bw="32" slack="0"/>
</pin_list>
<bind>
<opcode="partselect(1002) " fcode="partselect"/>
<opset="trunc_ln101_87/6 "/>
</bind>
</comp>

<comp id="2239" class="1004" name="trunc_ln101_88_fu_2239">
<pin_list>
<pin id="2240" dir="0" index="0" bw="32" slack="0"/>
<pin id="2241" dir="0" index="1" bw="512" slack="0"/>
<pin id="2242" dir="0" index="2" bw="9" slack="0"/>
<pin id="2243" dir="0" index="3" bw="9" slack="0"/>
<pin id="2244" dir="1" index="4" bw="32" slack="0"/>
</pin_list>
<bind>
<opcode="partselect(1002) " fcode="partselect"/>
<opset="trunc_ln101_88/6 "/>
</bind>
</comp>

<comp id="2249" class="1004" name="trunc_ln101_89_fu_2249">
<pin_list>
<pin id="2250" dir="0" index="0" bw="32" slack="0"/>
<pin id="2251" dir="0" index="1" bw="512" slack="0"/>
<pin id="2252" dir="0" index="2" bw="9" slack="0"/>
<pin id="2253" dir="0" index="3" bw="9" slack="0"/>
<pin id="2254" dir="1" index="4" bw="32" slack="0"/>
</pin_list>
<bind>
<opcode="partselect(1002) " fcode="partselect"/>
<opset="trunc_ln101_89/6 "/>
</bind>
</comp>

<comp id="2259" class="1004" name="trunc_ln101_90_fu_2259">
<pin_list>
<pin id="2260" dir="0" index="0" bw="32" slack="0"/>
<pin id="2261" dir="0" index="1" bw="512" slack="0"/>
<pin id="2262" dir="0" index="2" bw="9" slack="0"/>
<pin id="2263" dir="0" index="3" bw="9" slack="0"/>
<pin id="2264" dir="1" index="4" bw="32" slack="0"/>
</pin_list>
<bind>
<opcode="partselect(1002) " fcode="partselect"/>
<opset="trunc_ln101_90/6 "/>
</bind>
</comp>

<comp id="2269" class="1004" name="trunc_ln101_91_fu_2269">
<pin_list>
<pin id="2270" dir="0" index="0" bw="32" slack="0"/>
<pin id="2271" dir="0" index="1" bw="512" slack="0"/>
<pin id="2272" dir="0" index="2" bw="9" slack="0"/>
<pin id="2273" dir="0" index="3" bw="9" slack="0"/>
<pin id="2274" dir="1" index="4" bw="32" slack="0"/>
</pin_list>
<bind>
<opcode="partselect(1002) " fcode="partselect"/>
<opset="trunc_ln101_91/6 "/>
</bind>
</comp>

<comp id="2279" class="1004" name="trunc_ln101_92_fu_2279">
<pin_list>
<pin id="2280" dir="0" index="0" bw="32" slack="0"/>
<pin id="2281" dir="0" index="1" bw="512" slack="0"/>
<pin id="2282" dir="0" index="2" bw="9" slack="0"/>
<pin id="2283" dir="0" index="3" bw="9" slack="0"/>
<pin id="2284" dir="1" index="4" bw="32" slack="0"/>
</pin_list>
<bind>
<opcode="partselect(1002) " fcode="partselect"/>
<opset="trunc_ln101_92/6 "/>
</bind>
</comp>

<comp id="2289" class="1004" name="trunc_ln101_93_fu_2289">
<pin_list>
<pin id="2290" dir="0" index="0" bw="32" slack="0"/>
<pin id="2291" dir="0" index="1" bw="512" slack="0"/>
<pin id="2292" dir="0" index="2" bw="9" slack="0"/>
<pin id="2293" dir="0" index="3" bw="9" slack="0"/>
<pin id="2294" dir="1" index="4" bw="32" slack="0"/>
</pin_list>
<bind>
<opcode="partselect(1002) " fcode="partselect"/>
<opset="trunc_ln101_93/6 "/>
</bind>
</comp>

<comp id="2299" class="1004" name="trunc_ln101_94_fu_2299">
<pin_list>
<pin id="2300" dir="0" index="0" bw="32" slack="0"/>
<pin id="2301" dir="0" index="1" bw="512" slack="0"/>
<pin id="2302" dir="0" index="2" bw="9" slack="0"/>
<pin id="2303" dir="0" index="3" bw="9" slack="0"/>
<pin id="2304" dir="1" index="4" bw="32" slack="0"/>
</pin_list>
<bind>
<opcode="partselect(1002) " fcode="partselect"/>
<opset="trunc_ln101_94/6 "/>
</bind>
</comp>

<comp id="2309" class="1004" name="tmp_5_fu_2309">
<pin_list>
<pin id="2310" dir="0" index="0" bw="32" slack="0"/>
<pin id="2311" dir="0" index="1" bw="4" slack="0"/>
<pin id="2312" dir="0" index="2" bw="32" slack="0"/>
<pin id="2313" dir="0" index="3" bw="4" slack="0"/>
<pin id="2314" dir="0" index="4" bw="32" slack="0"/>
<pin id="2315" dir="0" index="5" bw="4" slack="0"/>
<pin id="2316" dir="0" index="6" bw="32" slack="0"/>
<pin id="2317" dir="0" index="7" bw="4" slack="0"/>
<pin id="2318" dir="0" index="8" bw="32" slack="0"/>
<pin id="2319" dir="0" index="9" bw="4" slack="0"/>
<pin id="2320" dir="0" index="10" bw="32" slack="0"/>
<pin id="2321" dir="0" index="11" bw="4" slack="0"/>
<pin id="2322" dir="0" index="12" bw="32" slack="0"/>
<pin id="2323" dir="0" index="13" bw="4" slack="0"/>
<pin id="2324" dir="0" index="14" bw="32" slack="0"/>
<pin id="2325" dir="0" index="15" bw="4" slack="0"/>
<pin id="2326" dir="0" index="16" bw="32" slack="0"/>
<pin id="2327" dir="0" index="17" bw="4" slack="0"/>
<pin id="2328" dir="0" index="18" bw="32" slack="0"/>
<pin id="2329" dir="0" index="19" bw="4" slack="0"/>
<pin id="2330" dir="0" index="20" bw="32" slack="0"/>
<pin id="2331" dir="0" index="21" bw="4" slack="0"/>
<pin id="2332" dir="0" index="22" bw="32" slack="0"/>
<pin id="2333" dir="0" index="23" bw="4" slack="0"/>
<pin id="2334" dir="0" index="24" bw="32" slack="0"/>
<pin id="2335" dir="0" index="25" bw="4" slack="0"/>
<pin id="2336" dir="0" index="26" bw="32" slack="0"/>
<pin id="2337" dir="0" index="27" bw="4" slack="0"/>
<pin id="2338" dir="0" index="28" bw="32" slack="0"/>
<pin id="2339" dir="0" index="29" bw="4" slack="0"/>
<pin id="2340" dir="0" index="30" bw="32" slack="0"/>
<pin id="2341" dir="0" index="31" bw="4" slack="0"/>
<pin id="2342" dir="0" index="32" bw="32" slack="0"/>
<pin id="2343" dir="0" index="33" bw="32" slack="0"/>
<pin id="2344" dir="0" index="34" bw="4" slack="4"/>
<pin id="2345" dir="1" index="35" bw="32" slack="0"/>
</pin_list>
<bind>
<opcode="sparsemux(1197) " fcode="sparsemux"/>
<opset="tmp_5/6 "/>
</bind>
</comp>

<comp id="2380" class="1004" name="add_ln101_5_fu_2380">
<pin_list>
<pin id="2381" dir="0" index="0" bw="32" slack="0"/>
<pin id="2382" dir="0" index="1" bw="32" slack="1"/>
<pin id="2383" dir="1" index="2" bw="32" slack="0"/>
</pin_list>
<bind>
<opcode="add(8) " fcode="add"/>
<opset="add_ln101_5/6 "/>
</bind>
</comp>

<comp id="2385" class="1004" name="trunc_ln101_95_fu_2385">
<pin_list>
<pin id="2386" dir="0" index="0" bw="32" slack="0"/>
<pin id="2387" dir="0" index="1" bw="512" slack="0"/>
<pin id="2388" dir="0" index="2" bw="9" slack="0"/>
<pin id="2389" dir="0" index="3" bw="9" slack="0"/>
<pin id="2390" dir="1" index="4" bw="32" slack="0"/>
</pin_list>
<bind>
<opcode="partselect(1002) " fcode="partselect"/>
<opset="trunc_ln101_95/6 "/>
</bind>
</comp>

<comp id="2395" class="1004" name="trunc_ln101_96_fu_2395">
<pin_list>
<pin id="2396" dir="0" index="0" bw="32" slack="0"/>
<pin id="2397" dir="0" index="1" bw="512" slack="0"/>
<pin id="2398" dir="0" index="2" bw="9" slack="0"/>
<pin id="2399" dir="0" index="3" bw="9" slack="0"/>
<pin id="2400" dir="1" index="4" bw="32" slack="0"/>
</pin_list>
<bind>
<opcode="partselect(1002) " fcode="partselect"/>
<opset="trunc_ln101_96/6 "/>
</bind>
</comp>

<comp id="2405" class="1004" name="trunc_ln101_97_fu_2405">
<pin_list>
<pin id="2406" dir="0" index="0" bw="32" slack="0"/>
<pin id="2407" dir="0" index="1" bw="512" slack="0"/>
<pin id="2408" dir="0" index="2" bw="9" slack="0"/>
<pin id="2409" dir="0" index="3" bw="9" slack="0"/>
<pin id="2410" dir="1" index="4" bw="32" slack="0"/>
</pin_list>
<bind>
<opcode="partselect(1002) " fcode="partselect"/>
<opset="trunc_ln101_97/6 "/>
</bind>
</comp>

<comp id="2415" class="1004" name="trunc_ln101_98_fu_2415">
<pin_list>
<pin id="2416" dir="0" index="0" bw="32" slack="0"/>
<pin id="2417" dir="0" index="1" bw="512" slack="0"/>
<pin id="2418" dir="0" index="2" bw="9" slack="0"/>
<pin id="2419" dir="0" index="3" bw="9" slack="0"/>
<pin id="2420" dir="1" index="4" bw="32" slack="0"/>
</pin_list>
<bind>
<opcode="partselect(1002) " fcode="partselect"/>
<opset="trunc_ln101_98/6 "/>
</bind>
</comp>

<comp id="2425" class="1004" name="trunc_ln101_99_fu_2425">
<pin_list>
<pin id="2426" dir="0" index="0" bw="32" slack="0"/>
<pin id="2427" dir="0" index="1" bw="512" slack="0"/>
<pin id="2428" dir="0" index="2" bw="9" slack="0"/>
<pin id="2429" dir="0" index="3" bw="9" slack="0"/>
<pin id="2430" dir="1" index="4" bw="32" slack="0"/>
</pin_list>
<bind>
<opcode="partselect(1002) " fcode="partselect"/>
<opset="trunc_ln101_99/6 "/>
</bind>
</comp>

<comp id="2435" class="1004" name="trunc_ln101_100_fu_2435">
<pin_list>
<pin id="2436" dir="0" index="0" bw="32" slack="0"/>
<pin id="2437" dir="0" index="1" bw="512" slack="0"/>
<pin id="2438" dir="0" index="2" bw="9" slack="0"/>
<pin id="2439" dir="0" index="3" bw="9" slack="0"/>
<pin id="2440" dir="1" index="4" bw="32" slack="0"/>
</pin_list>
<bind>
<opcode="partselect(1002) " fcode="partselect"/>
<opset="trunc_ln101_100/6 "/>
</bind>
</comp>

<comp id="2445" class="1004" name="trunc_ln101_101_fu_2445">
<pin_list>
<pin id="2446" dir="0" index="0" bw="32" slack="0"/>
<pin id="2447" dir="0" index="1" bw="512" slack="0"/>
<pin id="2448" dir="0" index="2" bw="9" slack="0"/>
<pin id="2449" dir="0" index="3" bw="9" slack="0"/>
<pin id="2450" dir="1" index="4" bw="32" slack="0"/>
</pin_list>
<bind>
<opcode="partselect(1002) " fcode="partselect"/>
<opset="trunc_ln101_101/6 "/>
</bind>
</comp>

<comp id="2455" class="1004" name="trunc_ln101_102_fu_2455">
<pin_list>
<pin id="2456" dir="0" index="0" bw="32" slack="0"/>
<pin id="2457" dir="0" index="1" bw="512" slack="0"/>
<pin id="2458" dir="0" index="2" bw="9" slack="0"/>
<pin id="2459" dir="0" index="3" bw="9" slack="0"/>
<pin id="2460" dir="1" index="4" bw="32" slack="0"/>
</pin_list>
<bind>
<opcode="partselect(1002) " fcode="partselect"/>
<opset="trunc_ln101_102/6 "/>
</bind>
</comp>

<comp id="2465" class="1004" name="trunc_ln101_103_fu_2465">
<pin_list>
<pin id="2466" dir="0" index="0" bw="32" slack="0"/>
<pin id="2467" dir="0" index="1" bw="512" slack="0"/>
<pin id="2468" dir="0" index="2" bw="9" slack="0"/>
<pin id="2469" dir="0" index="3" bw="9" slack="0"/>
<pin id="2470" dir="1" index="4" bw="32" slack="0"/>
</pin_list>
<bind>
<opcode="partselect(1002) " fcode="partselect"/>
<opset="trunc_ln101_103/6 "/>
</bind>
</comp>

<comp id="2475" class="1004" name="trunc_ln101_104_fu_2475">
<pin_list>
<pin id="2476" dir="0" index="0" bw="32" slack="0"/>
<pin id="2477" dir="0" index="1" bw="512" slack="0"/>
<pin id="2478" dir="0" index="2" bw="9" slack="0"/>
<pin id="2479" dir="0" index="3" bw="9" slack="0"/>
<pin id="2480" dir="1" index="4" bw="32" slack="0"/>
</pin_list>
<bind>
<opcode="partselect(1002) " fcode="partselect"/>
<opset="trunc_ln101_104/6 "/>
</bind>
</comp>

<comp id="2485" class="1004" name="trunc_ln101_105_fu_2485">
<pin_list>
<pin id="2486" dir="0" index="0" bw="32" slack="0"/>
<pin id="2487" dir="0" index="1" bw="512" slack="0"/>
<pin id="2488" dir="0" index="2" bw="9" slack="0"/>
<pin id="2489" dir="0" index="3" bw="9" slack="0"/>
<pin id="2490" dir="1" index="4" bw="32" slack="0"/>
</pin_list>
<bind>
<opcode="partselect(1002) " fcode="partselect"/>
<opset="trunc_ln101_105/6 "/>
</bind>
</comp>

<comp id="2495" class="1004" name="trunc_ln101_106_fu_2495">
<pin_list>
<pin id="2496" dir="0" index="0" bw="32" slack="0"/>
<pin id="2497" dir="0" index="1" bw="512" slack="0"/>
<pin id="2498" dir="0" index="2" bw="9" slack="0"/>
<pin id="2499" dir="0" index="3" bw="9" slack="0"/>
<pin id="2500" dir="1" index="4" bw="32" slack="0"/>
</pin_list>
<bind>
<opcode="partselect(1002) " fcode="partselect"/>
<opset="trunc_ln101_106/6 "/>
</bind>
</comp>

<comp id="2505" class="1004" name="trunc_ln101_107_fu_2505">
<pin_list>
<pin id="2506" dir="0" index="0" bw="32" slack="0"/>
<pin id="2507" dir="0" index="1" bw="512" slack="0"/>
<pin id="2508" dir="0" index="2" bw="9" slack="0"/>
<pin id="2509" dir="0" index="3" bw="9" slack="0"/>
<pin id="2510" dir="1" index="4" bw="32" slack="0"/>
</pin_list>
<bind>
<opcode="partselect(1002) " fcode="partselect"/>
<opset="trunc_ln101_107/6 "/>
</bind>
</comp>

<comp id="2515" class="1004" name="trunc_ln101_108_fu_2515">
<pin_list>
<pin id="2516" dir="0" index="0" bw="32" slack="0"/>
<pin id="2517" dir="0" index="1" bw="512" slack="0"/>
<pin id="2518" dir="0" index="2" bw="9" slack="0"/>
<pin id="2519" dir="0" index="3" bw="9" slack="0"/>
<pin id="2520" dir="1" index="4" bw="32" slack="0"/>
</pin_list>
<bind>
<opcode="partselect(1002) " fcode="partselect"/>
<opset="trunc_ln101_108/6 "/>
</bind>
</comp>

<comp id="2525" class="1004" name="trunc_ln101_109_fu_2525">
<pin_list>
<pin id="2526" dir="0" index="0" bw="32" slack="0"/>
<pin id="2527" dir="0" index="1" bw="512" slack="0"/>
<pin id="2528" dir="0" index="2" bw="9" slack="0"/>
<pin id="2529" dir="0" index="3" bw="9" slack="0"/>
<pin id="2530" dir="1" index="4" bw="32" slack="0"/>
</pin_list>
<bind>
<opcode="partselect(1002) " fcode="partselect"/>
<opset="trunc_ln101_109/6 "/>
</bind>
</comp>

<comp id="2535" class="1004" name="trunc_ln101_110_fu_2535">
<pin_list>
<pin id="2536" dir="0" index="0" bw="32" slack="0"/>
<pin id="2537" dir="0" index="1" bw="512" slack="0"/>
<pin id="2538" dir="0" index="2" bw="9" slack="0"/>
<pin id="2539" dir="0" index="3" bw="9" slack="0"/>
<pin id="2540" dir="1" index="4" bw="32" slack="0"/>
</pin_list>
<bind>
<opcode="partselect(1002) " fcode="partselect"/>
<opset="trunc_ln101_110/6 "/>
</bind>
</comp>

<comp id="2545" class="1004" name="tmp_6_fu_2545">
<pin_list>
<pin id="2546" dir="0" index="0" bw="32" slack="0"/>
<pin id="2547" dir="0" index="1" bw="4" slack="0"/>
<pin id="2548" dir="0" index="2" bw="32" slack="0"/>
<pin id="2549" dir="0" index="3" bw="4" slack="0"/>
<pin id="2550" dir="0" index="4" bw="32" slack="0"/>
<pin id="2551" dir="0" index="5" bw="4" slack="0"/>
<pin id="2552" dir="0" index="6" bw="32" slack="0"/>
<pin id="2553" dir="0" index="7" bw="4" slack="0"/>
<pin id="2554" dir="0" index="8" bw="32" slack="0"/>
<pin id="2555" dir="0" index="9" bw="4" slack="0"/>
<pin id="2556" dir="0" index="10" bw="32" slack="0"/>
<pin id="2557" dir="0" index="11" bw="4" slack="0"/>
<pin id="2558" dir="0" index="12" bw="32" slack="0"/>
<pin id="2559" dir="0" index="13" bw="4" slack="0"/>
<pin id="2560" dir="0" index="14" bw="32" slack="0"/>
<pin id="2561" dir="0" index="15" bw="4" slack="0"/>
<pin id="2562" dir="0" index="16" bw="32" slack="0"/>
<pin id="2563" dir="0" index="17" bw="4" slack="0"/>
<pin id="2564" dir="0" index="18" bw="32" slack="0"/>
<pin id="2565" dir="0" index="19" bw="4" slack="0"/>
<pin id="2566" dir="0" index="20" bw="32" slack="0"/>
<pin id="2567" dir="0" index="21" bw="4" slack="0"/>
<pin id="2568" dir="0" index="22" bw="32" slack="0"/>
<pin id="2569" dir="0" index="23" bw="4" slack="0"/>
<pin id="2570" dir="0" index="24" bw="32" slack="0"/>
<pin id="2571" dir="0" index="25" bw="4" slack="0"/>
<pin id="2572" dir="0" index="26" bw="32" slack="0"/>
<pin id="2573" dir="0" index="27" bw="4" slack="0"/>
<pin id="2574" dir="0" index="28" bw="32" slack="0"/>
<pin id="2575" dir="0" index="29" bw="4" slack="0"/>
<pin id="2576" dir="0" index="30" bw="32" slack="0"/>
<pin id="2577" dir="0" index="31" bw="4" slack="0"/>
<pin id="2578" dir="0" index="32" bw="32" slack="0"/>
<pin id="2579" dir="0" index="33" bw="32" slack="0"/>
<pin id="2580" dir="0" index="34" bw="4" slack="4"/>
<pin id="2581" dir="1" index="35" bw="32" slack="0"/>
</pin_list>
<bind>
<opcode="sparsemux(1197) " fcode="sparsemux"/>
<opset="tmp_6/6 "/>
</bind>
</comp>

<comp id="2616" class="1004" name="add_ln101_6_fu_2616">
<pin_list>
<pin id="2617" dir="0" index="0" bw="32" slack="0"/>
<pin id="2618" dir="0" index="1" bw="32" slack="1"/>
<pin id="2619" dir="1" index="2" bw="32" slack="0"/>
</pin_list>
<bind>
<opcode="add(8) " fcode="add"/>
<opset="add_ln101_6/6 "/>
</bind>
</comp>

<comp id="2621" class="1004" name="trunc_ln101_111_fu_2621">
<pin_list>
<pin id="2622" dir="0" index="0" bw="32" slack="0"/>
<pin id="2623" dir="0" index="1" bw="512" slack="0"/>
<pin id="2624" dir="0" index="2" bw="9" slack="0"/>
<pin id="2625" dir="0" index="3" bw="9" slack="0"/>
<pin id="2626" dir="1" index="4" bw="32" slack="0"/>
</pin_list>
<bind>
<opcode="partselect(1002) " fcode="partselect"/>
<opset="trunc_ln101_111/6 "/>
</bind>
</comp>

<comp id="2631" class="1004" name="trunc_ln101_112_fu_2631">
<pin_list>
<pin id="2632" dir="0" index="0" bw="32" slack="0"/>
<pin id="2633" dir="0" index="1" bw="512" slack="0"/>
<pin id="2634" dir="0" index="2" bw="9" slack="0"/>
<pin id="2635" dir="0" index="3" bw="9" slack="0"/>
<pin id="2636" dir="1" index="4" bw="32" slack="0"/>
</pin_list>
<bind>
<opcode="partselect(1002) " fcode="partselect"/>
<opset="trunc_ln101_112/6 "/>
</bind>
</comp>

<comp id="2641" class="1004" name="trunc_ln101_113_fu_2641">
<pin_list>
<pin id="2642" dir="0" index="0" bw="32" slack="0"/>
<pin id="2643" dir="0" index="1" bw="512" slack="0"/>
<pin id="2644" dir="0" index="2" bw="9" slack="0"/>
<pin id="2645" dir="0" index="3" bw="9" slack="0"/>
<pin id="2646" dir="1" index="4" bw="32" slack="0"/>
</pin_list>
<bind>
<opcode="partselect(1002) " fcode="partselect"/>
<opset="trunc_ln101_113/6 "/>
</bind>
</comp>

<comp id="2651" class="1004" name="trunc_ln101_114_fu_2651">
<pin_list>
<pin id="2652" dir="0" index="0" bw="32" slack="0"/>
<pin id="2653" dir="0" index="1" bw="512" slack="0"/>
<pin id="2654" dir="0" index="2" bw="9" slack="0"/>
<pin id="2655" dir="0" index="3" bw="9" slack="0"/>
<pin id="2656" dir="1" index="4" bw="32" slack="0"/>
</pin_list>
<bind>
<opcode="partselect(1002) " fcode="partselect"/>
<opset="trunc_ln101_114/6 "/>
</bind>
</comp>

<comp id="2661" class="1004" name="trunc_ln101_115_fu_2661">
<pin_list>
<pin id="2662" dir="0" index="0" bw="32" slack="0"/>
<pin id="2663" dir="0" index="1" bw="512" slack="0"/>
<pin id="2664" dir="0" index="2" bw="9" slack="0"/>
<pin id="2665" dir="0" index="3" bw="9" slack="0"/>
<pin id="2666" dir="1" index="4" bw="32" slack="0"/>
</pin_list>
<bind>
<opcode="partselect(1002) " fcode="partselect"/>
<opset="trunc_ln101_115/6 "/>
</bind>
</comp>

<comp id="2671" class="1004" name="trunc_ln101_116_fu_2671">
<pin_list>
<pin id="2672" dir="0" index="0" bw="32" slack="0"/>
<pin id="2673" dir="0" index="1" bw="512" slack="0"/>
<pin id="2674" dir="0" index="2" bw="9" slack="0"/>
<pin id="2675" dir="0" index="3" bw="9" slack="0"/>
<pin id="2676" dir="1" index="4" bw="32" slack="0"/>
</pin_list>
<bind>
<opcode="partselect(1002) " fcode="partselect"/>
<opset="trunc_ln101_116/6 "/>
</bind>
</comp>

<comp id="2681" class="1004" name="trunc_ln101_117_fu_2681">
<pin_list>
<pin id="2682" dir="0" index="0" bw="32" slack="0"/>
<pin id="2683" dir="0" index="1" bw="512" slack="0"/>
<pin id="2684" dir="0" index="2" bw="9" slack="0"/>
<pin id="2685" dir="0" index="3" bw="9" slack="0"/>
<pin id="2686" dir="1" index="4" bw="32" slack="0"/>
</pin_list>
<bind>
<opcode="partselect(1002) " fcode="partselect"/>
<opset="trunc_ln101_117/6 "/>
</bind>
</comp>

<comp id="2691" class="1004" name="trunc_ln101_118_fu_2691">
<pin_list>
<pin id="2692" dir="0" index="0" bw="32" slack="0"/>
<pin id="2693" dir="0" index="1" bw="512" slack="0"/>
<pin id="2694" dir="0" index="2" bw="9" slack="0"/>
<pin id="2695" dir="0" index="3" bw="9" slack="0"/>
<pin id="2696" dir="1" index="4" bw="32" slack="0"/>
</pin_list>
<bind>
<opcode="partselect(1002) " fcode="partselect"/>
<opset="trunc_ln101_118/6 "/>
</bind>
</comp>

<comp id="2701" class="1004" name="trunc_ln101_119_fu_2701">
<pin_list>
<pin id="2702" dir="0" index="0" bw="32" slack="0"/>
<pin id="2703" dir="0" index="1" bw="512" slack="0"/>
<pin id="2704" dir="0" index="2" bw="9" slack="0"/>
<pin id="2705" dir="0" index="3" bw="9" slack="0"/>
<pin id="2706" dir="1" index="4" bw="32" slack="0"/>
</pin_list>
<bind>
<opcode="partselect(1002) " fcode="partselect"/>
<opset="trunc_ln101_119/6 "/>
</bind>
</comp>

<comp id="2711" class="1004" name="trunc_ln101_120_fu_2711">
<pin_list>
<pin id="2712" dir="0" index="0" bw="32" slack="0"/>
<pin id="2713" dir="0" index="1" bw="512" slack="0"/>
<pin id="2714" dir="0" index="2" bw="9" slack="0"/>
<pin id="2715" dir="0" index="3" bw="9" slack="0"/>
<pin id="2716" dir="1" index="4" bw="32" slack="0"/>
</pin_list>
<bind>
<opcode="partselect(1002) " fcode="partselect"/>
<opset="trunc_ln101_120/6 "/>
</bind>
</comp>

<comp id="2721" class="1004" name="trunc_ln101_121_fu_2721">
<pin_list>
<pin id="2722" dir="0" index="0" bw="32" slack="0"/>
<pin id="2723" dir="0" index="1" bw="512" slack="0"/>
<pin id="2724" dir="0" index="2" bw="9" slack="0"/>
<pin id="2725" dir="0" index="3" bw="9" slack="0"/>
<pin id="2726" dir="1" index="4" bw="32" slack="0"/>
</pin_list>
<bind>
<opcode="partselect(1002) " fcode="partselect"/>
<opset="trunc_ln101_121/6 "/>
</bind>
</comp>

<comp id="2731" class="1004" name="trunc_ln101_122_fu_2731">
<pin_list>
<pin id="2732" dir="0" index="0" bw="32" slack="0"/>
<pin id="2733" dir="0" index="1" bw="512" slack="0"/>
<pin id="2734" dir="0" index="2" bw="9" slack="0"/>
<pin id="2735" dir="0" index="3" bw="9" slack="0"/>
<pin id="2736" dir="1" index="4" bw="32" slack="0"/>
</pin_list>
<bind>
<opcode="partselect(1002) " fcode="partselect"/>
<opset="trunc_ln101_122/6 "/>
</bind>
</comp>

<comp id="2741" class="1004" name="trunc_ln101_123_fu_2741">
<pin_list>
<pin id="2742" dir="0" index="0" bw="32" slack="0"/>
<pin id="2743" dir="0" index="1" bw="512" slack="0"/>
<pin id="2744" dir="0" index="2" bw="9" slack="0"/>
<pin id="2745" dir="0" index="3" bw="9" slack="0"/>
<pin id="2746" dir="1" index="4" bw="32" slack="0"/>
</pin_list>
<bind>
<opcode="partselect(1002) " fcode="partselect"/>
<opset="trunc_ln101_123/6 "/>
</bind>
</comp>

<comp id="2751" class="1004" name="trunc_ln101_124_fu_2751">
<pin_list>
<pin id="2752" dir="0" index="0" bw="32" slack="0"/>
<pin id="2753" dir="0" index="1" bw="512" slack="0"/>
<pin id="2754" dir="0" index="2" bw="9" slack="0"/>
<pin id="2755" dir="0" index="3" bw="9" slack="0"/>
<pin id="2756" dir="1" index="4" bw="32" slack="0"/>
</pin_list>
<bind>
<opcode="partselect(1002) " fcode="partselect"/>
<opset="trunc_ln101_124/6 "/>
</bind>
</comp>

<comp id="2761" class="1004" name="trunc_ln101_125_fu_2761">
<pin_list>
<pin id="2762" dir="0" index="0" bw="32" slack="0"/>
<pin id="2763" dir="0" index="1" bw="512" slack="0"/>
<pin id="2764" dir="0" index="2" bw="9" slack="0"/>
<pin id="2765" dir="0" index="3" bw="9" slack="0"/>
<pin id="2766" dir="1" index="4" bw="32" slack="0"/>
</pin_list>
<bind>
<opcode="partselect(1002) " fcode="partselect"/>
<opset="trunc_ln101_125/6 "/>
</bind>
</comp>

<comp id="2771" class="1004" name="trunc_ln101_126_fu_2771">
<pin_list>
<pin id="2772" dir="0" index="0" bw="32" slack="0"/>
<pin id="2773" dir="0" index="1" bw="512" slack="0"/>
<pin id="2774" dir="0" index="2" bw="9" slack="0"/>
<pin id="2775" dir="0" index="3" bw="9" slack="0"/>
<pin id="2776" dir="1" index="4" bw="32" slack="0"/>
</pin_list>
<bind>
<opcode="partselect(1002) " fcode="partselect"/>
<opset="trunc_ln101_126/6 "/>
</bind>
</comp>

<comp id="2781" class="1004" name="tmp_7_fu_2781">
<pin_list>
<pin id="2782" dir="0" index="0" bw="32" slack="0"/>
<pin id="2783" dir="0" index="1" bw="4" slack="0"/>
<pin id="2784" dir="0" index="2" bw="32" slack="0"/>
<pin id="2785" dir="0" index="3" bw="4" slack="0"/>
<pin id="2786" dir="0" index="4" bw="32" slack="0"/>
<pin id="2787" dir="0" index="5" bw="4" slack="0"/>
<pin id="2788" dir="0" index="6" bw="32" slack="0"/>
<pin id="2789" dir="0" index="7" bw="4" slack="0"/>
<pin id="2790" dir="0" index="8" bw="32" slack="0"/>
<pin id="2791" dir="0" index="9" bw="4" slack="0"/>
<pin id="2792" dir="0" index="10" bw="32" slack="0"/>
<pin id="2793" dir="0" index="11" bw="4" slack="0"/>
<pin id="2794" dir="0" index="12" bw="32" slack="0"/>
<pin id="2795" dir="0" index="13" bw="4" slack="0"/>
<pin id="2796" dir="0" index="14" bw="32" slack="0"/>
<pin id="2797" dir="0" index="15" bw="4" slack="0"/>
<pin id="2798" dir="0" index="16" bw="32" slack="0"/>
<pin id="2799" dir="0" index="17" bw="4" slack="0"/>
<pin id="2800" dir="0" index="18" bw="32" slack="0"/>
<pin id="2801" dir="0" index="19" bw="4" slack="0"/>
<pin id="2802" dir="0" index="20" bw="32" slack="0"/>
<pin id="2803" dir="0" index="21" bw="4" slack="0"/>
<pin id="2804" dir="0" index="22" bw="32" slack="0"/>
<pin id="2805" dir="0" index="23" bw="4" slack="0"/>
<pin id="2806" dir="0" index="24" bw="32" slack="0"/>
<pin id="2807" dir="0" index="25" bw="4" slack="0"/>
<pin id="2808" dir="0" index="26" bw="32" slack="0"/>
<pin id="2809" dir="0" index="27" bw="4" slack="0"/>
<pin id="2810" dir="0" index="28" bw="32" slack="0"/>
<pin id="2811" dir="0" index="29" bw="4" slack="0"/>
<pin id="2812" dir="0" index="30" bw="32" slack="0"/>
<pin id="2813" dir="0" index="31" bw="4" slack="0"/>
<pin id="2814" dir="0" index="32" bw="32" slack="0"/>
<pin id="2815" dir="0" index="33" bw="32" slack="0"/>
<pin id="2816" dir="0" index="34" bw="4" slack="4"/>
<pin id="2817" dir="1" index="35" bw="32" slack="0"/>
</pin_list>
<bind>
<opcode="sparsemux(1197) " fcode="sparsemux"/>
<opset="tmp_7/6 "/>
</bind>
</comp>

<comp id="2852" class="1004" name="add_ln101_7_fu_2852">
<pin_list>
<pin id="2853" dir="0" index="0" bw="32" slack="0"/>
<pin id="2854" dir="0" index="1" bw="32" slack="1"/>
<pin id="2855" dir="1" index="2" bw="32" slack="0"/>
</pin_list>
<bind>
<opcode="add(8) " fcode="add"/>
<opset="add_ln101_7/6 "/>
</bind>
</comp>

<comp id="2857" class="1004" name="trunc_ln101_127_fu_2857">
<pin_list>
<pin id="2858" dir="0" index="0" bw="32" slack="0"/>
<pin id="2859" dir="0" index="1" bw="512" slack="0"/>
<pin id="2860" dir="0" index="2" bw="10" slack="0"/>
<pin id="2861" dir="0" index="3" bw="10" slack="0"/>
<pin id="2862" dir="1" index="4" bw="32" slack="0"/>
</pin_list>
<bind>
<opcode="partselect(1002) " fcode="partselect"/>
<opset="trunc_ln101_127/6 "/>
</bind>
</comp>

<comp id="2867" class="1004" name="trunc_ln101_128_fu_2867">
<pin_list>
<pin id="2868" dir="0" index="0" bw="32" slack="0"/>
<pin id="2869" dir="0" index="1" bw="512" slack="0"/>
<pin id="2870" dir="0" index="2" bw="10" slack="0"/>
<pin id="2871" dir="0" index="3" bw="10" slack="0"/>
<pin id="2872" dir="1" index="4" bw="32" slack="0"/>
</pin_list>
<bind>
<opcode="partselect(1002) " fcode="partselect"/>
<opset="trunc_ln101_128/6 "/>
</bind>
</comp>

<comp id="2877" class="1004" name="trunc_ln101_129_fu_2877">
<pin_list>
<pin id="2878" dir="0" index="0" bw="32" slack="0"/>
<pin id="2879" dir="0" index="1" bw="512" slack="0"/>
<pin id="2880" dir="0" index="2" bw="10" slack="0"/>
<pin id="2881" dir="0" index="3" bw="10" slack="0"/>
<pin id="2882" dir="1" index="4" bw="32" slack="0"/>
</pin_list>
<bind>
<opcode="partselect(1002) " fcode="partselect"/>
<opset="trunc_ln101_129/6 "/>
</bind>
</comp>

<comp id="2887" class="1004" name="trunc_ln101_130_fu_2887">
<pin_list>
<pin id="2888" dir="0" index="0" bw="32" slack="0"/>
<pin id="2889" dir="0" index="1" bw="512" slack="0"/>
<pin id="2890" dir="0" index="2" bw="10" slack="0"/>
<pin id="2891" dir="0" index="3" bw="10" slack="0"/>
<pin id="2892" dir="1" index="4" bw="32" slack="0"/>
</pin_list>
<bind>
<opcode="partselect(1002) " fcode="partselect"/>
<opset="trunc_ln101_130/6 "/>
</bind>
</comp>

<comp id="2897" class="1004" name="trunc_ln101_131_fu_2897">
<pin_list>
<pin id="2898" dir="0" index="0" bw="32" slack="0"/>
<pin id="2899" dir="0" index="1" bw="512" slack="0"/>
<pin id="2900" dir="0" index="2" bw="10" slack="0"/>
<pin id="2901" dir="0" index="3" bw="10" slack="0"/>
<pin id="2902" dir="1" index="4" bw="32" slack="0"/>
</pin_list>
<bind>
<opcode="partselect(1002) " fcode="partselect"/>
<opset="trunc_ln101_131/6 "/>
</bind>
</comp>

<comp id="2907" class="1004" name="trunc_ln101_132_fu_2907">
<pin_list>
<pin id="2908" dir="0" index="0" bw="32" slack="0"/>
<pin id="2909" dir="0" index="1" bw="512" slack="0"/>
<pin id="2910" dir="0" index="2" bw="10" slack="0"/>
<pin id="2911" dir="0" index="3" bw="10" slack="0"/>
<pin id="2912" dir="1" index="4" bw="32" slack="0"/>
</pin_list>
<bind>
<opcode="partselect(1002) " fcode="partselect"/>
<opset="trunc_ln101_132/6 "/>
</bind>
</comp>

<comp id="2917" class="1004" name="trunc_ln101_133_fu_2917">
<pin_list>
<pin id="2918" dir="0" index="0" bw="32" slack="0"/>
<pin id="2919" dir="0" index="1" bw="512" slack="0"/>
<pin id="2920" dir="0" index="2" bw="10" slack="0"/>
<pin id="2921" dir="0" index="3" bw="10" slack="0"/>
<pin id="2922" dir="1" index="4" bw="32" slack="0"/>
</pin_list>
<bind>
<opcode="partselect(1002) " fcode="partselect"/>
<opset="trunc_ln101_133/6 "/>
</bind>
</comp>

<comp id="2927" class="1004" name="trunc_ln101_134_fu_2927">
<pin_list>
<pin id="2928" dir="0" index="0" bw="32" slack="0"/>
<pin id="2929" dir="0" index="1" bw="512" slack="0"/>
<pin id="2930" dir="0" index="2" bw="10" slack="0"/>
<pin id="2931" dir="0" index="3" bw="10" slack="0"/>
<pin id="2932" dir="1" index="4" bw="32" slack="0"/>
</pin_list>
<bind>
<opcode="partselect(1002) " fcode="partselect"/>
<opset="trunc_ln101_134/6 "/>
</bind>
</comp>

<comp id="2937" class="1004" name="trunc_ln101_135_fu_2937">
<pin_list>
<pin id="2938" dir="0" index="0" bw="32" slack="0"/>
<pin id="2939" dir="0" index="1" bw="512" slack="0"/>
<pin id="2940" dir="0" index="2" bw="10" slack="0"/>
<pin id="2941" dir="0" index="3" bw="10" slack="0"/>
<pin id="2942" dir="1" index="4" bw="32" slack="0"/>
</pin_list>
<bind>
<opcode="partselect(1002) " fcode="partselect"/>
<opset="trunc_ln101_135/6 "/>
</bind>
</comp>

<comp id="2947" class="1004" name="trunc_ln101_136_fu_2947">
<pin_list>
<pin id="2948" dir="0" index="0" bw="32" slack="0"/>
<pin id="2949" dir="0" index="1" bw="512" slack="0"/>
<pin id="2950" dir="0" index="2" bw="10" slack="0"/>
<pin id="2951" dir="0" index="3" bw="10" slack="0"/>
<pin id="2952" dir="1" index="4" bw="32" slack="0"/>
</pin_list>
<bind>
<opcode="partselect(1002) " fcode="partselect"/>
<opset="trunc_ln101_136/6 "/>
</bind>
</comp>

<comp id="2957" class="1004" name="trunc_ln101_137_fu_2957">
<pin_list>
<pin id="2958" dir="0" index="0" bw="32" slack="0"/>
<pin id="2959" dir="0" index="1" bw="512" slack="0"/>
<pin id="2960" dir="0" index="2" bw="10" slack="0"/>
<pin id="2961" dir="0" index="3" bw="10" slack="0"/>
<pin id="2962" dir="1" index="4" bw="32" slack="0"/>
</pin_list>
<bind>
<opcode="partselect(1002) " fcode="partselect"/>
<opset="trunc_ln101_137/6 "/>
</bind>
</comp>

<comp id="2967" class="1004" name="trunc_ln101_138_fu_2967">
<pin_list>
<pin id="2968" dir="0" index="0" bw="32" slack="0"/>
<pin id="2969" dir="0" index="1" bw="512" slack="0"/>
<pin id="2970" dir="0" index="2" bw="10" slack="0"/>
<pin id="2971" dir="0" index="3" bw="10" slack="0"/>
<pin id="2972" dir="1" index="4" bw="32" slack="0"/>
</pin_list>
<bind>
<opcode="partselect(1002) " fcode="partselect"/>
<opset="trunc_ln101_138/6 "/>
</bind>
</comp>

<comp id="2977" class="1004" name="trunc_ln101_139_fu_2977">
<pin_list>
<pin id="2978" dir="0" index="0" bw="32" slack="0"/>
<pin id="2979" dir="0" index="1" bw="512" slack="0"/>
<pin id="2980" dir="0" index="2" bw="10" slack="0"/>
<pin id="2981" dir="0" index="3" bw="10" slack="0"/>
<pin id="2982" dir="1" index="4" bw="32" slack="0"/>
</pin_list>
<bind>
<opcode="partselect(1002) " fcode="partselect"/>
<opset="trunc_ln101_139/6 "/>
</bind>
</comp>

<comp id="2987" class="1004" name="trunc_ln101_140_fu_2987">
<pin_list>
<pin id="2988" dir="0" index="0" bw="32" slack="0"/>
<pin id="2989" dir="0" index="1" bw="512" slack="0"/>
<pin id="2990" dir="0" index="2" bw="10" slack="0"/>
<pin id="2991" dir="0" index="3" bw="10" slack="0"/>
<pin id="2992" dir="1" index="4" bw="32" slack="0"/>
</pin_list>
<bind>
<opcode="partselect(1002) " fcode="partselect"/>
<opset="trunc_ln101_140/6 "/>
</bind>
</comp>

<comp id="2997" class="1004" name="trunc_ln101_141_fu_2997">
<pin_list>
<pin id="2998" dir="0" index="0" bw="32" slack="0"/>
<pin id="2999" dir="0" index="1" bw="512" slack="0"/>
<pin id="3000" dir="0" index="2" bw="10" slack="0"/>
<pin id="3001" dir="0" index="3" bw="10" slack="0"/>
<pin id="3002" dir="1" index="4" bw="32" slack="0"/>
</pin_list>
<bind>
<opcode="partselect(1002) " fcode="partselect"/>
<opset="trunc_ln101_141/6 "/>
</bind>
</comp>

<comp id="3007" class="1004" name="trunc_ln101_142_fu_3007">
<pin_list>
<pin id="3008" dir="0" index="0" bw="32" slack="0"/>
<pin id="3009" dir="0" index="1" bw="512" slack="0"/>
<pin id="3010" dir="0" index="2" bw="10" slack="0"/>
<pin id="3011" dir="0" index="3" bw="10" slack="0"/>
<pin id="3012" dir="1" index="4" bw="32" slack="0"/>
</pin_list>
<bind>
<opcode="partselect(1002) " fcode="partselect"/>
<opset="trunc_ln101_142/6 "/>
</bind>
</comp>

<comp id="3017" class="1004" name="tmp_8_fu_3017">
<pin_list>
<pin id="3018" dir="0" index="0" bw="32" slack="0"/>
<pin id="3019" dir="0" index="1" bw="4" slack="0"/>
<pin id="3020" dir="0" index="2" bw="32" slack="0"/>
<pin id="3021" dir="0" index="3" bw="4" slack="0"/>
<pin id="3022" dir="0" index="4" bw="32" slack="0"/>
<pin id="3023" dir="0" index="5" bw="4" slack="0"/>
<pin id="3024" dir="0" index="6" bw="32" slack="0"/>
<pin id="3025" dir="0" index="7" bw="4" slack="0"/>
<pin id="3026" dir="0" index="8" bw="32" slack="0"/>
<pin id="3027" dir="0" index="9" bw="4" slack="0"/>
<pin id="3028" dir="0" index="10" bw="32" slack="0"/>
<pin id="3029" dir="0" index="11" bw="4" slack="0"/>
<pin id="3030" dir="0" index="12" bw="32" slack="0"/>
<pin id="3031" dir="0" index="13" bw="4" slack="0"/>
<pin id="3032" dir="0" index="14" bw="32" slack="0"/>
<pin id="3033" dir="0" index="15" bw="4" slack="0"/>
<pin id="3034" dir="0" index="16" bw="32" slack="0"/>
<pin id="3035" dir="0" index="17" bw="4" slack="0"/>
<pin id="3036" dir="0" index="18" bw="32" slack="0"/>
<pin id="3037" dir="0" index="19" bw="4" slack="0"/>
<pin id="3038" dir="0" index="20" bw="32" slack="0"/>
<pin id="3039" dir="0" index="21" bw="4" slack="0"/>
<pin id="3040" dir="0" index="22" bw="32" slack="0"/>
<pin id="3041" dir="0" index="23" bw="4" slack="0"/>
<pin id="3042" dir="0" index="24" bw="32" slack="0"/>
<pin id="3043" dir="0" index="25" bw="4" slack="0"/>
<pin id="3044" dir="0" index="26" bw="32" slack="0"/>
<pin id="3045" dir="0" index="27" bw="4" slack="0"/>
<pin id="3046" dir="0" index="28" bw="32" slack="0"/>
<pin id="3047" dir="0" index="29" bw="4" slack="0"/>
<pin id="3048" dir="0" index="30" bw="32" slack="0"/>
<pin id="3049" dir="0" index="31" bw="4" slack="0"/>
<pin id="3050" dir="0" index="32" bw="32" slack="0"/>
<pin id="3051" dir="0" index="33" bw="32" slack="0"/>
<pin id="3052" dir="0" index="34" bw="4" slack="4"/>
<pin id="3053" dir="1" index="35" bw="32" slack="0"/>
</pin_list>
<bind>
<opcode="sparsemux(1197) " fcode="sparsemux"/>
<opset="tmp_8/6 "/>
</bind>
</comp>

<comp id="3088" class="1004" name="add_ln101_8_fu_3088">
<pin_list>
<pin id="3089" dir="0" index="0" bw="32" slack="0"/>
<pin id="3090" dir="0" index="1" bw="32" slack="1"/>
<pin id="3091" dir="1" index="2" bw="32" slack="0"/>
</pin_list>
<bind>
<opcode="add(8) " fcode="add"/>
<opset="add_ln101_8/6 "/>
</bind>
</comp>

<comp id="3093" class="1004" name="trunc_ln101_143_fu_3093">
<pin_list>
<pin id="3094" dir="0" index="0" bw="32" slack="0"/>
<pin id="3095" dir="0" index="1" bw="512" slack="0"/>
<pin id="3096" dir="0" index="2" bw="10" slack="0"/>
<pin id="3097" dir="0" index="3" bw="10" slack="0"/>
<pin id="3098" dir="1" index="4" bw="32" slack="0"/>
</pin_list>
<bind>
<opcode="partselect(1002) " fcode="partselect"/>
<opset="trunc_ln101_143/6 "/>
</bind>
</comp>

<comp id="3103" class="1004" name="trunc_ln101_144_fu_3103">
<pin_list>
<pin id="3104" dir="0" index="0" bw="32" slack="0"/>
<pin id="3105" dir="0" index="1" bw="512" slack="0"/>
<pin id="3106" dir="0" index="2" bw="10" slack="0"/>
<pin id="3107" dir="0" index="3" bw="10" slack="0"/>
<pin id="3108" dir="1" index="4" bw="32" slack="0"/>
</pin_list>
<bind>
<opcode="partselect(1002) " fcode="partselect"/>
<opset="trunc_ln101_144/6 "/>
</bind>
</comp>

<comp id="3113" class="1004" name="trunc_ln101_145_fu_3113">
<pin_list>
<pin id="3114" dir="0" index="0" bw="32" slack="0"/>
<pin id="3115" dir="0" index="1" bw="512" slack="0"/>
<pin id="3116" dir="0" index="2" bw="10" slack="0"/>
<pin id="3117" dir="0" index="3" bw="10" slack="0"/>
<pin id="3118" dir="1" index="4" bw="32" slack="0"/>
</pin_list>
<bind>
<opcode="partselect(1002) " fcode="partselect"/>
<opset="trunc_ln101_145/6 "/>
</bind>
</comp>

<comp id="3123" class="1004" name="trunc_ln101_146_fu_3123">
<pin_list>
<pin id="3124" dir="0" index="0" bw="32" slack="0"/>
<pin id="3125" dir="0" index="1" bw="512" slack="0"/>
<pin id="3126" dir="0" index="2" bw="10" slack="0"/>
<pin id="3127" dir="0" index="3" bw="10" slack="0"/>
<pin id="3128" dir="1" index="4" bw="32" slack="0"/>
</pin_list>
<bind>
<opcode="partselect(1002) " fcode="partselect"/>
<opset="trunc_ln101_146/6 "/>
</bind>
</comp>

<comp id="3133" class="1004" name="trunc_ln101_147_fu_3133">
<pin_list>
<pin id="3134" dir="0" index="0" bw="32" slack="0"/>
<pin id="3135" dir="0" index="1" bw="512" slack="0"/>
<pin id="3136" dir="0" index="2" bw="10" slack="0"/>
<pin id="3137" dir="0" index="3" bw="10" slack="0"/>
<pin id="3138" dir="1" index="4" bw="32" slack="0"/>
</pin_list>
<bind>
<opcode="partselect(1002) " fcode="partselect"/>
<opset="trunc_ln101_147/6 "/>
</bind>
</comp>

<comp id="3143" class="1004" name="trunc_ln101_148_fu_3143">
<pin_list>
<pin id="3144" dir="0" index="0" bw="32" slack="0"/>
<pin id="3145" dir="0" index="1" bw="512" slack="0"/>
<pin id="3146" dir="0" index="2" bw="10" slack="0"/>
<pin id="3147" dir="0" index="3" bw="10" slack="0"/>
<pin id="3148" dir="1" index="4" bw="32" slack="0"/>
</pin_list>
<bind>
<opcode="partselect(1002) " fcode="partselect"/>
<opset="trunc_ln101_148/6 "/>
</bind>
</comp>

<comp id="3153" class="1004" name="trunc_ln101_149_fu_3153">
<pin_list>
<pin id="3154" dir="0" index="0" bw="32" slack="0"/>
<pin id="3155" dir="0" index="1" bw="512" slack="0"/>
<pin id="3156" dir="0" index="2" bw="10" slack="0"/>
<pin id="3157" dir="0" index="3" bw="10" slack="0"/>
<pin id="3158" dir="1" index="4" bw="32" slack="0"/>
</pin_list>
<bind>
<opcode="partselect(1002) " fcode="partselect"/>
<opset="trunc_ln101_149/6 "/>
</bind>
</comp>

<comp id="3163" class="1004" name="trunc_ln101_150_fu_3163">
<pin_list>
<pin id="3164" dir="0" index="0" bw="32" slack="0"/>
<pin id="3165" dir="0" index="1" bw="512" slack="0"/>
<pin id="3166" dir="0" index="2" bw="10" slack="0"/>
<pin id="3167" dir="0" index="3" bw="10" slack="0"/>
<pin id="3168" dir="1" index="4" bw="32" slack="0"/>
</pin_list>
<bind>
<opcode="partselect(1002) " fcode="partselect"/>
<opset="trunc_ln101_150/6 "/>
</bind>
</comp>

<comp id="3173" class="1004" name="trunc_ln101_151_fu_3173">
<pin_list>
<pin id="3174" dir="0" index="0" bw="32" slack="0"/>
<pin id="3175" dir="0" index="1" bw="512" slack="0"/>
<pin id="3176" dir="0" index="2" bw="10" slack="0"/>
<pin id="3177" dir="0" index="3" bw="10" slack="0"/>
<pin id="3178" dir="1" index="4" bw="32" slack="0"/>
</pin_list>
<bind>
<opcode="partselect(1002) " fcode="partselect"/>
<opset="trunc_ln101_151/6 "/>
</bind>
</comp>

<comp id="3183" class="1004" name="trunc_ln101_152_fu_3183">
<pin_list>
<pin id="3184" dir="0" index="0" bw="32" slack="0"/>
<pin id="3185" dir="0" index="1" bw="512" slack="0"/>
<pin id="3186" dir="0" index="2" bw="10" slack="0"/>
<pin id="3187" dir="0" index="3" bw="10" slack="0"/>
<pin id="3188" dir="1" index="4" bw="32" slack="0"/>
</pin_list>
<bind>
<opcode="partselect(1002) " fcode="partselect"/>
<opset="trunc_ln101_152/6 "/>
</bind>
</comp>

<comp id="3193" class="1004" name="trunc_ln101_153_fu_3193">
<pin_list>
<pin id="3194" dir="0" index="0" bw="32" slack="0"/>
<pin id="3195" dir="0" index="1" bw="512" slack="0"/>
<pin id="3196" dir="0" index="2" bw="10" slack="0"/>
<pin id="3197" dir="0" index="3" bw="10" slack="0"/>
<pin id="3198" dir="1" index="4" bw="32" slack="0"/>
</pin_list>
<bind>
<opcode="partselect(1002) " fcode="partselect"/>
<opset="trunc_ln101_153/6 "/>
</bind>
</comp>

<comp id="3203" class="1004" name="trunc_ln101_154_fu_3203">
<pin_list>
<pin id="3204" dir="0" index="0" bw="32" slack="0"/>
<pin id="3205" dir="0" index="1" bw="512" slack="0"/>
<pin id="3206" dir="0" index="2" bw="10" slack="0"/>
<pin id="3207" dir="0" index="3" bw="10" slack="0"/>
<pin id="3208" dir="1" index="4" bw="32" slack="0"/>
</pin_list>
<bind>
<opcode="partselect(1002) " fcode="partselect"/>
<opset="trunc_ln101_154/6 "/>
</bind>
</comp>

<comp id="3213" class="1004" name="trunc_ln101_155_fu_3213">
<pin_list>
<pin id="3214" dir="0" index="0" bw="32" slack="0"/>
<pin id="3215" dir="0" index="1" bw="512" slack="0"/>
<pin id="3216" dir="0" index="2" bw="10" slack="0"/>
<pin id="3217" dir="0" index="3" bw="10" slack="0"/>
<pin id="3218" dir="1" index="4" bw="32" slack="0"/>
</pin_list>
<bind>
<opcode="partselect(1002) " fcode="partselect"/>
<opset="trunc_ln101_155/6 "/>
</bind>
</comp>

<comp id="3223" class="1004" name="trunc_ln101_156_fu_3223">
<pin_list>
<pin id="3224" dir="0" index="0" bw="32" slack="0"/>
<pin id="3225" dir="0" index="1" bw="512" slack="0"/>
<pin id="3226" dir="0" index="2" bw="10" slack="0"/>
<pin id="3227" dir="0" index="3" bw="10" slack="0"/>
<pin id="3228" dir="1" index="4" bw="32" slack="0"/>
</pin_list>
<bind>
<opcode="partselect(1002) " fcode="partselect"/>
<opset="trunc_ln101_156/6 "/>
</bind>
</comp>

<comp id="3233" class="1004" name="trunc_ln101_157_fu_3233">
<pin_list>
<pin id="3234" dir="0" index="0" bw="32" slack="0"/>
<pin id="3235" dir="0" index="1" bw="512" slack="0"/>
<pin id="3236" dir="0" index="2" bw="10" slack="0"/>
<pin id="3237" dir="0" index="3" bw="10" slack="0"/>
<pin id="3238" dir="1" index="4" bw="32" slack="0"/>
</pin_list>
<bind>
<opcode="partselect(1002) " fcode="partselect"/>
<opset="trunc_ln101_157/6 "/>
</bind>
</comp>

<comp id="3243" class="1004" name="trunc_ln101_158_fu_3243">
<pin_list>
<pin id="3244" dir="0" index="0" bw="32" slack="0"/>
<pin id="3245" dir="0" index="1" bw="512" slack="0"/>
<pin id="3246" dir="0" index="2" bw="10" slack="0"/>
<pin id="3247" dir="0" index="3" bw="10" slack="0"/>
<pin id="3248" dir="1" index="4" bw="32" slack="0"/>
</pin_list>
<bind>
<opcode="partselect(1002) " fcode="partselect"/>
<opset="trunc_ln101_158/6 "/>
</bind>
</comp>

<comp id="3253" class="1004" name="tmp_9_fu_3253">
<pin_list>
<pin id="3254" dir="0" index="0" bw="32" slack="0"/>
<pin id="3255" dir="0" index="1" bw="4" slack="0"/>
<pin id="3256" dir="0" index="2" bw="32" slack="0"/>
<pin id="3257" dir="0" index="3" bw="4" slack="0"/>
<pin id="3258" dir="0" index="4" bw="32" slack="0"/>
<pin id="3259" dir="0" index="5" bw="4" slack="0"/>
<pin id="3260" dir="0" index="6" bw="32" slack="0"/>
<pin id="3261" dir="0" index="7" bw="4" slack="0"/>
<pin id="3262" dir="0" index="8" bw="32" slack="0"/>
<pin id="3263" dir="0" index="9" bw="4" slack="0"/>
<pin id="3264" dir="0" index="10" bw="32" slack="0"/>
<pin id="3265" dir="0" index="11" bw="4" slack="0"/>
<pin id="3266" dir="0" index="12" bw="32" slack="0"/>
<pin id="3267" dir="0" index="13" bw="4" slack="0"/>
<pin id="3268" dir="0" index="14" bw="32" slack="0"/>
<pin id="3269" dir="0" index="15" bw="4" slack="0"/>
<pin id="3270" dir="0" index="16" bw="32" slack="0"/>
<pin id="3271" dir="0" index="17" bw="4" slack="0"/>
<pin id="3272" dir="0" index="18" bw="32" slack="0"/>
<pin id="3273" dir="0" index="19" bw="4" slack="0"/>
<pin id="3274" dir="0" index="20" bw="32" slack="0"/>
<pin id="3275" dir="0" index="21" bw="4" slack="0"/>
<pin id="3276" dir="0" index="22" bw="32" slack="0"/>
<pin id="3277" dir="0" index="23" bw="4" slack="0"/>
<pin id="3278" dir="0" index="24" bw="32" slack="0"/>
<pin id="3279" dir="0" index="25" bw="4" slack="0"/>
<pin id="3280" dir="0" index="26" bw="32" slack="0"/>
<pin id="3281" dir="0" index="27" bw="4" slack="0"/>
<pin id="3282" dir="0" index="28" bw="32" slack="0"/>
<pin id="3283" dir="0" index="29" bw="4" slack="0"/>
<pin id="3284" dir="0" index="30" bw="32" slack="0"/>
<pin id="3285" dir="0" index="31" bw="4" slack="0"/>
<pin id="3286" dir="0" index="32" bw="32" slack="0"/>
<pin id="3287" dir="0" index="33" bw="32" slack="0"/>
<pin id="3288" dir="0" index="34" bw="4" slack="4"/>
<pin id="3289" dir="1" index="35" bw="32" slack="0"/>
</pin_list>
<bind>
<opcode="sparsemux(1197) " fcode="sparsemux"/>
<opset="tmp_9/6 "/>
</bind>
</comp>

<comp id="3324" class="1004" name="add_ln101_9_fu_3324">
<pin_list>
<pin id="3325" dir="0" index="0" bw="32" slack="0"/>
<pin id="3326" dir="0" index="1" bw="32" slack="1"/>
<pin id="3327" dir="1" index="2" bw="32" slack="0"/>
</pin_list>
<bind>
<opcode="add(8) " fcode="add"/>
<opset="add_ln101_9/6 "/>
</bind>
</comp>

<comp id="3329" class="1004" name="trunc_ln101_159_fu_3329">
<pin_list>
<pin id="3330" dir="0" index="0" bw="32" slack="0"/>
<pin id="3331" dir="0" index="1" bw="512" slack="0"/>
<pin id="3332" dir="0" index="2" bw="10" slack="0"/>
<pin id="3333" dir="0" index="3" bw="10" slack="0"/>
<pin id="3334" dir="1" index="4" bw="32" slack="0"/>
</pin_list>
<bind>
<opcode="partselect(1002) " fcode="partselect"/>
<opset="trunc_ln101_159/6 "/>
</bind>
</comp>

<comp id="3339" class="1004" name="trunc_ln101_160_fu_3339">
<pin_list>
<pin id="3340" dir="0" index="0" bw="32" slack="0"/>
<pin id="3341" dir="0" index="1" bw="512" slack="0"/>
<pin id="3342" dir="0" index="2" bw="10" slack="0"/>
<pin id="3343" dir="0" index="3" bw="10" slack="0"/>
<pin id="3344" dir="1" index="4" bw="32" slack="0"/>
</pin_list>
<bind>
<opcode="partselect(1002) " fcode="partselect"/>
<opset="trunc_ln101_160/6 "/>
</bind>
</comp>

<comp id="3349" class="1004" name="trunc_ln101_161_fu_3349">
<pin_list>
<pin id="3350" dir="0" index="0" bw="32" slack="0"/>
<pin id="3351" dir="0" index="1" bw="512" slack="0"/>
<pin id="3352" dir="0" index="2" bw="10" slack="0"/>
<pin id="3353" dir="0" index="3" bw="10" slack="0"/>
<pin id="3354" dir="1" index="4" bw="32" slack="0"/>
</pin_list>
<bind>
<opcode="partselect(1002) " fcode="partselect"/>
<opset="trunc_ln101_161/6 "/>
</bind>
</comp>

<comp id="3359" class="1004" name="trunc_ln101_162_fu_3359">
<pin_list>
<pin id="3360" dir="0" index="0" bw="32" slack="0"/>
<pin id="3361" dir="0" index="1" bw="512" slack="0"/>
<pin id="3362" dir="0" index="2" bw="10" slack="0"/>
<pin id="3363" dir="0" index="3" bw="10" slack="0"/>
<pin id="3364" dir="1" index="4" bw="32" slack="0"/>
</pin_list>
<bind>
<opcode="partselect(1002) " fcode="partselect"/>
<opset="trunc_ln101_162/6 "/>
</bind>
</comp>

<comp id="3369" class="1004" name="trunc_ln101_163_fu_3369">
<pin_list>
<pin id="3370" dir="0" index="0" bw="32" slack="0"/>
<pin id="3371" dir="0" index="1" bw="512" slack="0"/>
<pin id="3372" dir="0" index="2" bw="10" slack="0"/>
<pin id="3373" dir="0" index="3" bw="10" slack="0"/>
<pin id="3374" dir="1" index="4" bw="32" slack="0"/>
</pin_list>
<bind>
<opcode="partselect(1002) " fcode="partselect"/>
<opset="trunc_ln101_163/6 "/>
</bind>
</comp>

<comp id="3379" class="1004" name="trunc_ln101_164_fu_3379">
<pin_list>
<pin id="3380" dir="0" index="0" bw="32" slack="0"/>
<pin id="3381" dir="0" index="1" bw="512" slack="0"/>
<pin id="3382" dir="0" index="2" bw="10" slack="0"/>
<pin id="3383" dir="0" index="3" bw="10" slack="0"/>
<pin id="3384" dir="1" index="4" bw="32" slack="0"/>
</pin_list>
<bind>
<opcode="partselect(1002) " fcode="partselect"/>
<opset="trunc_ln101_164/6 "/>
</bind>
</comp>

<comp id="3389" class="1004" name="trunc_ln101_165_fu_3389">
<pin_list>
<pin id="3390" dir="0" index="0" bw="32" slack="0"/>
<pin id="3391" dir="0" index="1" bw="512" slack="0"/>
<pin id="3392" dir="0" index="2" bw="10" slack="0"/>
<pin id="3393" dir="0" index="3" bw="10" slack="0"/>
<pin id="3394" dir="1" index="4" bw="32" slack="0"/>
</pin_list>
<bind>
<opcode="partselect(1002) " fcode="partselect"/>
<opset="trunc_ln101_165/6 "/>
</bind>
</comp>

<comp id="3399" class="1004" name="trunc_ln101_166_fu_3399">
<pin_list>
<pin id="3400" dir="0" index="0" bw="32" slack="0"/>
<pin id="3401" dir="0" index="1" bw="512" slack="0"/>
<pin id="3402" dir="0" index="2" bw="10" slack="0"/>
<pin id="3403" dir="0" index="3" bw="10" slack="0"/>
<pin id="3404" dir="1" index="4" bw="32" slack="0"/>
</pin_list>
<bind>
<opcode="partselect(1002) " fcode="partselect"/>
<opset="trunc_ln101_166/6 "/>
</bind>
</comp>

<comp id="3409" class="1004" name="trunc_ln101_167_fu_3409">
<pin_list>
<pin id="3410" dir="0" index="0" bw="32" slack="0"/>
<pin id="3411" dir="0" index="1" bw="512" slack="0"/>
<pin id="3412" dir="0" index="2" bw="10" slack="0"/>
<pin id="3413" dir="0" index="3" bw="10" slack="0"/>
<pin id="3414" dir="1" index="4" bw="32" slack="0"/>
</pin_list>
<bind>
<opcode="partselect(1002) " fcode="partselect"/>
<opset="trunc_ln101_167/6 "/>
</bind>
</comp>

<comp id="3419" class="1004" name="trunc_ln101_168_fu_3419">
<pin_list>
<pin id="3420" dir="0" index="0" bw="32" slack="0"/>
<pin id="3421" dir="0" index="1" bw="512" slack="0"/>
<pin id="3422" dir="0" index="2" bw="10" slack="0"/>
<pin id="3423" dir="0" index="3" bw="10" slack="0"/>
<pin id="3424" dir="1" index="4" bw="32" slack="0"/>
</pin_list>
<bind>
<opcode="partselect(1002) " fcode="partselect"/>
<opset="trunc_ln101_168/6 "/>
</bind>
</comp>

<comp id="3429" class="1004" name="trunc_ln101_169_fu_3429">
<pin_list>
<pin id="3430" dir="0" index="0" bw="32" slack="0"/>
<pin id="3431" dir="0" index="1" bw="512" slack="0"/>
<pin id="3432" dir="0" index="2" bw="10" slack="0"/>
<pin id="3433" dir="0" index="3" bw="10" slack="0"/>
<pin id="3434" dir="1" index="4" bw="32" slack="0"/>
</pin_list>
<bind>
<opcode="partselect(1002) " fcode="partselect"/>
<opset="trunc_ln101_169/6 "/>
</bind>
</comp>

<comp id="3439" class="1004" name="trunc_ln101_170_fu_3439">
<pin_list>
<pin id="3440" dir="0" index="0" bw="32" slack="0"/>
<pin id="3441" dir="0" index="1" bw="512" slack="0"/>
<pin id="3442" dir="0" index="2" bw="10" slack="0"/>
<pin id="3443" dir="0" index="3" bw="10" slack="0"/>
<pin id="3444" dir="1" index="4" bw="32" slack="0"/>
</pin_list>
<bind>
<opcode="partselect(1002) " fcode="partselect"/>
<opset="trunc_ln101_170/6 "/>
</bind>
</comp>

<comp id="3449" class="1004" name="trunc_ln101_171_fu_3449">
<pin_list>
<pin id="3450" dir="0" index="0" bw="32" slack="0"/>
<pin id="3451" dir="0" index="1" bw="512" slack="0"/>
<pin id="3452" dir="0" index="2" bw="10" slack="0"/>
<pin id="3453" dir="0" index="3" bw="10" slack="0"/>
<pin id="3454" dir="1" index="4" bw="32" slack="0"/>
</pin_list>
<bind>
<opcode="partselect(1002) " fcode="partselect"/>
<opset="trunc_ln101_171/6 "/>
</bind>
</comp>

<comp id="3459" class="1004" name="trunc_ln101_172_fu_3459">
<pin_list>
<pin id="3460" dir="0" index="0" bw="32" slack="0"/>
<pin id="3461" dir="0" index="1" bw="512" slack="0"/>
<pin id="3462" dir="0" index="2" bw="10" slack="0"/>
<pin id="3463" dir="0" index="3" bw="10" slack="0"/>
<pin id="3464" dir="1" index="4" bw="32" slack="0"/>
</pin_list>
<bind>
<opcode="partselect(1002) " fcode="partselect"/>
<opset="trunc_ln101_172/6 "/>
</bind>
</comp>

<comp id="3469" class="1004" name="trunc_ln101_173_fu_3469">
<pin_list>
<pin id="3470" dir="0" index="0" bw="32" slack="0"/>
<pin id="3471" dir="0" index="1" bw="512" slack="0"/>
<pin id="3472" dir="0" index="2" bw="10" slack="0"/>
<pin id="3473" dir="0" index="3" bw="10" slack="0"/>
<pin id="3474" dir="1" index="4" bw="32" slack="0"/>
</pin_list>
<bind>
<opcode="partselect(1002) " fcode="partselect"/>
<opset="trunc_ln101_173/6 "/>
</bind>
</comp>

<comp id="3479" class="1004" name="trunc_ln101_174_fu_3479">
<pin_list>
<pin id="3480" dir="0" index="0" bw="32" slack="0"/>
<pin id="3481" dir="0" index="1" bw="512" slack="0"/>
<pin id="3482" dir="0" index="2" bw="10" slack="0"/>
<pin id="3483" dir="0" index="3" bw="10" slack="0"/>
<pin id="3484" dir="1" index="4" bw="32" slack="0"/>
</pin_list>
<bind>
<opcode="partselect(1002) " fcode="partselect"/>
<opset="trunc_ln101_174/6 "/>
</bind>
</comp>

<comp id="3489" class="1004" name="tmp_10_fu_3489">
<pin_list>
<pin id="3490" dir="0" index="0" bw="32" slack="0"/>
<pin id="3491" dir="0" index="1" bw="4" slack="0"/>
<pin id="3492" dir="0" index="2" bw="32" slack="0"/>
<pin id="3493" dir="0" index="3" bw="4" slack="0"/>
<pin id="3494" dir="0" index="4" bw="32" slack="0"/>
<pin id="3495" dir="0" index="5" bw="4" slack="0"/>
<pin id="3496" dir="0" index="6" bw="32" slack="0"/>
<pin id="3497" dir="0" index="7" bw="4" slack="0"/>
<pin id="3498" dir="0" index="8" bw="32" slack="0"/>
<pin id="3499" dir="0" index="9" bw="4" slack="0"/>
<pin id="3500" dir="0" index="10" bw="32" slack="0"/>
<pin id="3501" dir="0" index="11" bw="4" slack="0"/>
<pin id="3502" dir="0" index="12" bw="32" slack="0"/>
<pin id="3503" dir="0" index="13" bw="4" slack="0"/>
<pin id="3504" dir="0" index="14" bw="32" slack="0"/>
<pin id="3505" dir="0" index="15" bw="4" slack="0"/>
<pin id="3506" dir="0" index="16" bw="32" slack="0"/>
<pin id="3507" dir="0" index="17" bw="4" slack="0"/>
<pin id="3508" dir="0" index="18" bw="32" slack="0"/>
<pin id="3509" dir="0" index="19" bw="4" slack="0"/>
<pin id="3510" dir="0" index="20" bw="32" slack="0"/>
<pin id="3511" dir="0" index="21" bw="4" slack="0"/>
<pin id="3512" dir="0" index="22" bw="32" slack="0"/>
<pin id="3513" dir="0" index="23" bw="4" slack="0"/>
<pin id="3514" dir="0" index="24" bw="32" slack="0"/>
<pin id="3515" dir="0" index="25" bw="4" slack="0"/>
<pin id="3516" dir="0" index="26" bw="32" slack="0"/>
<pin id="3517" dir="0" index="27" bw="4" slack="0"/>
<pin id="3518" dir="0" index="28" bw="32" slack="0"/>
<pin id="3519" dir="0" index="29" bw="4" slack="0"/>
<pin id="3520" dir="0" index="30" bw="32" slack="0"/>
<pin id="3521" dir="0" index="31" bw="4" slack="0"/>
<pin id="3522" dir="0" index="32" bw="32" slack="0"/>
<pin id="3523" dir="0" index="33" bw="32" slack="0"/>
<pin id="3524" dir="0" index="34" bw="4" slack="4"/>
<pin id="3525" dir="1" index="35" bw="32" slack="0"/>
</pin_list>
<bind>
<opcode="sparsemux(1197) " fcode="sparsemux"/>
<opset="tmp_10/6 "/>
</bind>
</comp>

<comp id="3560" class="1004" name="add_ln101_10_fu_3560">
<pin_list>
<pin id="3561" dir="0" index="0" bw="32" slack="0"/>
<pin id="3562" dir="0" index="1" bw="32" slack="1"/>
<pin id="3563" dir="1" index="2" bw="32" slack="0"/>
</pin_list>
<bind>
<opcode="add(8) " fcode="add"/>
<opset="add_ln101_10/6 "/>
</bind>
</comp>

<comp id="3565" class="1004" name="trunc_ln101_175_fu_3565">
<pin_list>
<pin id="3566" dir="0" index="0" bw="32" slack="0"/>
<pin id="3567" dir="0" index="1" bw="512" slack="0"/>
<pin id="3568" dir="0" index="2" bw="10" slack="0"/>
<pin id="3569" dir="0" index="3" bw="10" slack="0"/>
<pin id="3570" dir="1" index="4" bw="32" slack="0"/>
</pin_list>
<bind>
<opcode="partselect(1002) " fcode="partselect"/>
<opset="trunc_ln101_175/6 "/>
</bind>
</comp>

<comp id="3575" class="1004" name="trunc_ln101_176_fu_3575">
<pin_list>
<pin id="3576" dir="0" index="0" bw="32" slack="0"/>
<pin id="3577" dir="0" index="1" bw="512" slack="0"/>
<pin id="3578" dir="0" index="2" bw="10" slack="0"/>
<pin id="3579" dir="0" index="3" bw="10" slack="0"/>
<pin id="3580" dir="1" index="4" bw="32" slack="0"/>
</pin_list>
<bind>
<opcode="partselect(1002) " fcode="partselect"/>
<opset="trunc_ln101_176/6 "/>
</bind>
</comp>

<comp id="3585" class="1004" name="trunc_ln101_177_fu_3585">
<pin_list>
<pin id="3586" dir="0" index="0" bw="32" slack="0"/>
<pin id="3587" dir="0" index="1" bw="512" slack="0"/>
<pin id="3588" dir="0" index="2" bw="10" slack="0"/>
<pin id="3589" dir="0" index="3" bw="10" slack="0"/>
<pin id="3590" dir="1" index="4" bw="32" slack="0"/>
</pin_list>
<bind>
<opcode="partselect(1002) " fcode="partselect"/>
<opset="trunc_ln101_177/6 "/>
</bind>
</comp>

<comp id="3595" class="1004" name="trunc_ln101_178_fu_3595">
<pin_list>
<pin id="3596" dir="0" index="0" bw="32" slack="0"/>
<pin id="3597" dir="0" index="1" bw="512" slack="0"/>
<pin id="3598" dir="0" index="2" bw="10" slack="0"/>
<pin id="3599" dir="0" index="3" bw="10" slack="0"/>
<pin id="3600" dir="1" index="4" bw="32" slack="0"/>
</pin_list>
<bind>
<opcode="partselect(1002) " fcode="partselect"/>
<opset="trunc_ln101_178/6 "/>
</bind>
</comp>

<comp id="3605" class="1004" name="trunc_ln101_179_fu_3605">
<pin_list>
<pin id="3606" dir="0" index="0" bw="32" slack="0"/>
<pin id="3607" dir="0" index="1" bw="512" slack="0"/>
<pin id="3608" dir="0" index="2" bw="10" slack="0"/>
<pin id="3609" dir="0" index="3" bw="10" slack="0"/>
<pin id="3610" dir="1" index="4" bw="32" slack="0"/>
</pin_list>
<bind>
<opcode="partselect(1002) " fcode="partselect"/>
<opset="trunc_ln101_179/6 "/>
</bind>
</comp>

<comp id="3615" class="1004" name="trunc_ln101_180_fu_3615">
<pin_list>
<pin id="3616" dir="0" index="0" bw="32" slack="0"/>
<pin id="3617" dir="0" index="1" bw="512" slack="0"/>
<pin id="3618" dir="0" index="2" bw="10" slack="0"/>
<pin id="3619" dir="0" index="3" bw="10" slack="0"/>
<pin id="3620" dir="1" index="4" bw="32" slack="0"/>
</pin_list>
<bind>
<opcode="partselect(1002) " fcode="partselect"/>
<opset="trunc_ln101_180/6 "/>
</bind>
</comp>

<comp id="3625" class="1004" name="trunc_ln101_181_fu_3625">
<pin_list>
<pin id="3626" dir="0" index="0" bw="32" slack="0"/>
<pin id="3627" dir="0" index="1" bw="512" slack="0"/>
<pin id="3628" dir="0" index="2" bw="10" slack="0"/>
<pin id="3629" dir="0" index="3" bw="10" slack="0"/>
<pin id="3630" dir="1" index="4" bw="32" slack="0"/>
</pin_list>
<bind>
<opcode="partselect(1002) " fcode="partselect"/>
<opset="trunc_ln101_181/6 "/>
</bind>
</comp>

<comp id="3635" class="1004" name="trunc_ln101_182_fu_3635">
<pin_list>
<pin id="3636" dir="0" index="0" bw="32" slack="0"/>
<pin id="3637" dir="0" index="1" bw="512" slack="0"/>
<pin id="3638" dir="0" index="2" bw="10" slack="0"/>
<pin id="3639" dir="0" index="3" bw="10" slack="0"/>
<pin id="3640" dir="1" index="4" bw="32" slack="0"/>
</pin_list>
<bind>
<opcode="partselect(1002) " fcode="partselect"/>
<opset="trunc_ln101_182/6 "/>
</bind>
</comp>

<comp id="3645" class="1004" name="trunc_ln101_183_fu_3645">
<pin_list>
<pin id="3646" dir="0" index="0" bw="32" slack="0"/>
<pin id="3647" dir="0" index="1" bw="512" slack="0"/>
<pin id="3648" dir="0" index="2" bw="10" slack="0"/>
<pin id="3649" dir="0" index="3" bw="10" slack="0"/>
<pin id="3650" dir="1" index="4" bw="32" slack="0"/>
</pin_list>
<bind>
<opcode="partselect(1002) " fcode="partselect"/>
<opset="trunc_ln101_183/6 "/>
</bind>
</comp>

<comp id="3655" class="1004" name="trunc_ln101_184_fu_3655">
<pin_list>
<pin id="3656" dir="0" index="0" bw="32" slack="0"/>
<pin id="3657" dir="0" index="1" bw="512" slack="0"/>
<pin id="3658" dir="0" index="2" bw="10" slack="0"/>
<pin id="3659" dir="0" index="3" bw="10" slack="0"/>
<pin id="3660" dir="1" index="4" bw="32" slack="0"/>
</pin_list>
<bind>
<opcode="partselect(1002) " fcode="partselect"/>
<opset="trunc_ln101_184/6 "/>
</bind>
</comp>

<comp id="3665" class="1004" name="trunc_ln101_185_fu_3665">
<pin_list>
<pin id="3666" dir="0" index="0" bw="32" slack="0"/>
<pin id="3667" dir="0" index="1" bw="512" slack="0"/>
<pin id="3668" dir="0" index="2" bw="10" slack="0"/>
<pin id="3669" dir="0" index="3" bw="10" slack="0"/>
<pin id="3670" dir="1" index="4" bw="32" slack="0"/>
</pin_list>
<bind>
<opcode="partselect(1002) " fcode="partselect"/>
<opset="trunc_ln101_185/6 "/>
</bind>
</comp>

<comp id="3675" class="1004" name="trunc_ln101_186_fu_3675">
<pin_list>
<pin id="3676" dir="0" index="0" bw="32" slack="0"/>
<pin id="3677" dir="0" index="1" bw="512" slack="0"/>
<pin id="3678" dir="0" index="2" bw="10" slack="0"/>
<pin id="3679" dir="0" index="3" bw="10" slack="0"/>
<pin id="3680" dir="1" index="4" bw="32" slack="0"/>
</pin_list>
<bind>
<opcode="partselect(1002) " fcode="partselect"/>
<opset="trunc_ln101_186/6 "/>
</bind>
</comp>

<comp id="3685" class="1004" name="trunc_ln101_187_fu_3685">
<pin_list>
<pin id="3686" dir="0" index="0" bw="32" slack="0"/>
<pin id="3687" dir="0" index="1" bw="512" slack="0"/>
<pin id="3688" dir="0" index="2" bw="10" slack="0"/>
<pin id="3689" dir="0" index="3" bw="10" slack="0"/>
<pin id="3690" dir="1" index="4" bw="32" slack="0"/>
</pin_list>
<bind>
<opcode="partselect(1002) " fcode="partselect"/>
<opset="trunc_ln101_187/6 "/>
</bind>
</comp>

<comp id="3695" class="1004" name="trunc_ln101_188_fu_3695">
<pin_list>
<pin id="3696" dir="0" index="0" bw="32" slack="0"/>
<pin id="3697" dir="0" index="1" bw="512" slack="0"/>
<pin id="3698" dir="0" index="2" bw="10" slack="0"/>
<pin id="3699" dir="0" index="3" bw="10" slack="0"/>
<pin id="3700" dir="1" index="4" bw="32" slack="0"/>
</pin_list>
<bind>
<opcode="partselect(1002) " fcode="partselect"/>
<opset="trunc_ln101_188/6 "/>
</bind>
</comp>

<comp id="3705" class="1004" name="trunc_ln101_189_fu_3705">
<pin_list>
<pin id="3706" dir="0" index="0" bw="32" slack="0"/>
<pin id="3707" dir="0" index="1" bw="512" slack="0"/>
<pin id="3708" dir="0" index="2" bw="10" slack="0"/>
<pin id="3709" dir="0" index="3" bw="10" slack="0"/>
<pin id="3710" dir="1" index="4" bw="32" slack="0"/>
</pin_list>
<bind>
<opcode="partselect(1002) " fcode="partselect"/>
<opset="trunc_ln101_189/6 "/>
</bind>
</comp>

<comp id="3715" class="1004" name="trunc_ln101_190_fu_3715">
<pin_list>
<pin id="3716" dir="0" index="0" bw="32" slack="0"/>
<pin id="3717" dir="0" index="1" bw="512" slack="0"/>
<pin id="3718" dir="0" index="2" bw="10" slack="0"/>
<pin id="3719" dir="0" index="3" bw="10" slack="0"/>
<pin id="3720" dir="1" index="4" bw="32" slack="0"/>
</pin_list>
<bind>
<opcode="partselect(1002) " fcode="partselect"/>
<opset="trunc_ln101_190/6 "/>
</bind>
</comp>

<comp id="3725" class="1004" name="tmp_11_fu_3725">
<pin_list>
<pin id="3726" dir="0" index="0" bw="32" slack="0"/>
<pin id="3727" dir="0" index="1" bw="4" slack="0"/>
<pin id="3728" dir="0" index="2" bw="32" slack="0"/>
<pin id="3729" dir="0" index="3" bw="4" slack="0"/>
<pin id="3730" dir="0" index="4" bw="32" slack="0"/>
<pin id="3731" dir="0" index="5" bw="4" slack="0"/>
<pin id="3732" dir="0" index="6" bw="32" slack="0"/>
<pin id="3733" dir="0" index="7" bw="4" slack="0"/>
<pin id="3734" dir="0" index="8" bw="32" slack="0"/>
<pin id="3735" dir="0" index="9" bw="4" slack="0"/>
<pin id="3736" dir="0" index="10" bw="32" slack="0"/>
<pin id="3737" dir="0" index="11" bw="4" slack="0"/>
<pin id="3738" dir="0" index="12" bw="32" slack="0"/>
<pin id="3739" dir="0" index="13" bw="4" slack="0"/>
<pin id="3740" dir="0" index="14" bw="32" slack="0"/>
<pin id="3741" dir="0" index="15" bw="4" slack="0"/>
<pin id="3742" dir="0" index="16" bw="32" slack="0"/>
<pin id="3743" dir="0" index="17" bw="4" slack="0"/>
<pin id="3744" dir="0" index="18" bw="32" slack="0"/>
<pin id="3745" dir="0" index="19" bw="4" slack="0"/>
<pin id="3746" dir="0" index="20" bw="32" slack="0"/>
<pin id="3747" dir="0" index="21" bw="4" slack="0"/>
<pin id="3748" dir="0" index="22" bw="32" slack="0"/>
<pin id="3749" dir="0" index="23" bw="4" slack="0"/>
<pin id="3750" dir="0" index="24" bw="32" slack="0"/>
<pin id="3751" dir="0" index="25" bw="4" slack="0"/>
<pin id="3752" dir="0" index="26" bw="32" slack="0"/>
<pin id="3753" dir="0" index="27" bw="4" slack="0"/>
<pin id="3754" dir="0" index="28" bw="32" slack="0"/>
<pin id="3755" dir="0" index="29" bw="4" slack="0"/>
<pin id="3756" dir="0" index="30" bw="32" slack="0"/>
<pin id="3757" dir="0" index="31" bw="4" slack="0"/>
<pin id="3758" dir="0" index="32" bw="32" slack="0"/>
<pin id="3759" dir="0" index="33" bw="32" slack="0"/>
<pin id="3760" dir="0" index="34" bw="4" slack="4"/>
<pin id="3761" dir="1" index="35" bw="32" slack="0"/>
</pin_list>
<bind>
<opcode="sparsemux(1197) " fcode="sparsemux"/>
<opset="tmp_11/6 "/>
</bind>
</comp>

<comp id="3796" class="1004" name="add_ln101_11_fu_3796">
<pin_list>
<pin id="3797" dir="0" index="0" bw="32" slack="0"/>
<pin id="3798" dir="0" index="1" bw="32" slack="1"/>
<pin id="3799" dir="1" index="2" bw="32" slack="0"/>
</pin_list>
<bind>
<opcode="add(8) " fcode="add"/>
<opset="add_ln101_11/6 "/>
</bind>
</comp>

<comp id="3801" class="1004" name="trunc_ln101_191_fu_3801">
<pin_list>
<pin id="3802" dir="0" index="0" bw="32" slack="0"/>
<pin id="3803" dir="0" index="1" bw="512" slack="0"/>
<pin id="3804" dir="0" index="2" bw="10" slack="0"/>
<pin id="3805" dir="0" index="3" bw="10" slack="0"/>
<pin id="3806" dir="1" index="4" bw="32" slack="0"/>
</pin_list>
<bind>
<opcode="partselect(1002) " fcode="partselect"/>
<opset="trunc_ln101_191/6 "/>
</bind>
</comp>

<comp id="3811" class="1004" name="trunc_ln101_192_fu_3811">
<pin_list>
<pin id="3812" dir="0" index="0" bw="32" slack="0"/>
<pin id="3813" dir="0" index="1" bw="512" slack="0"/>
<pin id="3814" dir="0" index="2" bw="10" slack="0"/>
<pin id="3815" dir="0" index="3" bw="10" slack="0"/>
<pin id="3816" dir="1" index="4" bw="32" slack="0"/>
</pin_list>
<bind>
<opcode="partselect(1002) " fcode="partselect"/>
<opset="trunc_ln101_192/6 "/>
</bind>
</comp>

<comp id="3821" class="1004" name="trunc_ln101_193_fu_3821">
<pin_list>
<pin id="3822" dir="0" index="0" bw="32" slack="0"/>
<pin id="3823" dir="0" index="1" bw="512" slack="0"/>
<pin id="3824" dir="0" index="2" bw="10" slack="0"/>
<pin id="3825" dir="0" index="3" bw="10" slack="0"/>
<pin id="3826" dir="1" index="4" bw="32" slack="0"/>
</pin_list>
<bind>
<opcode="partselect(1002) " fcode="partselect"/>
<opset="trunc_ln101_193/6 "/>
</bind>
</comp>

<comp id="3831" class="1004" name="trunc_ln101_194_fu_3831">
<pin_list>
<pin id="3832" dir="0" index="0" bw="32" slack="0"/>
<pin id="3833" dir="0" index="1" bw="512" slack="0"/>
<pin id="3834" dir="0" index="2" bw="10" slack="0"/>
<pin id="3835" dir="0" index="3" bw="10" slack="0"/>
<pin id="3836" dir="1" index="4" bw="32" slack="0"/>
</pin_list>
<bind>
<opcode="partselect(1002) " fcode="partselect"/>
<opset="trunc_ln101_194/6 "/>
</bind>
</comp>

<comp id="3841" class="1004" name="trunc_ln101_195_fu_3841">
<pin_list>
<pin id="3842" dir="0" index="0" bw="32" slack="0"/>
<pin id="3843" dir="0" index="1" bw="512" slack="0"/>
<pin id="3844" dir="0" index="2" bw="10" slack="0"/>
<pin id="3845" dir="0" index="3" bw="10" slack="0"/>
<pin id="3846" dir="1" index="4" bw="32" slack="0"/>
</pin_list>
<bind>
<opcode="partselect(1002) " fcode="partselect"/>
<opset="trunc_ln101_195/6 "/>
</bind>
</comp>

<comp id="3851" class="1004" name="trunc_ln101_196_fu_3851">
<pin_list>
<pin id="3852" dir="0" index="0" bw="32" slack="0"/>
<pin id="3853" dir="0" index="1" bw="512" slack="0"/>
<pin id="3854" dir="0" index="2" bw="10" slack="0"/>
<pin id="3855" dir="0" index="3" bw="10" slack="0"/>
<pin id="3856" dir="1" index="4" bw="32" slack="0"/>
</pin_list>
<bind>
<opcode="partselect(1002) " fcode="partselect"/>
<opset="trunc_ln101_196/6 "/>
</bind>
</comp>

<comp id="3861" class="1004" name="trunc_ln101_197_fu_3861">
<pin_list>
<pin id="3862" dir="0" index="0" bw="32" slack="0"/>
<pin id="3863" dir="0" index="1" bw="512" slack="0"/>
<pin id="3864" dir="0" index="2" bw="10" slack="0"/>
<pin id="3865" dir="0" index="3" bw="10" slack="0"/>
<pin id="3866" dir="1" index="4" bw="32" slack="0"/>
</pin_list>
<bind>
<opcode="partselect(1002) " fcode="partselect"/>
<opset="trunc_ln101_197/6 "/>
</bind>
</comp>

<comp id="3871" class="1004" name="trunc_ln101_198_fu_3871">
<pin_list>
<pin id="3872" dir="0" index="0" bw="32" slack="0"/>
<pin id="3873" dir="0" index="1" bw="512" slack="0"/>
<pin id="3874" dir="0" index="2" bw="10" slack="0"/>
<pin id="3875" dir="0" index="3" bw="10" slack="0"/>
<pin id="3876" dir="1" index="4" bw="32" slack="0"/>
</pin_list>
<bind>
<opcode="partselect(1002) " fcode="partselect"/>
<opset="trunc_ln101_198/6 "/>
</bind>
</comp>

<comp id="3881" class="1004" name="trunc_ln101_199_fu_3881">
<pin_list>
<pin id="3882" dir="0" index="0" bw="32" slack="0"/>
<pin id="3883" dir="0" index="1" bw="512" slack="0"/>
<pin id="3884" dir="0" index="2" bw="10" slack="0"/>
<pin id="3885" dir="0" index="3" bw="10" slack="0"/>
<pin id="3886" dir="1" index="4" bw="32" slack="0"/>
</pin_list>
<bind>
<opcode="partselect(1002) " fcode="partselect"/>
<opset="trunc_ln101_199/6 "/>
</bind>
</comp>

<comp id="3891" class="1004" name="trunc_ln101_200_fu_3891">
<pin_list>
<pin id="3892" dir="0" index="0" bw="32" slack="0"/>
<pin id="3893" dir="0" index="1" bw="512" slack="0"/>
<pin id="3894" dir="0" index="2" bw="10" slack="0"/>
<pin id="3895" dir="0" index="3" bw="10" slack="0"/>
<pin id="3896" dir="1" index="4" bw="32" slack="0"/>
</pin_list>
<bind>
<opcode="partselect(1002) " fcode="partselect"/>
<opset="trunc_ln101_200/6 "/>
</bind>
</comp>

<comp id="3901" class="1004" name="trunc_ln101_201_fu_3901">
<pin_list>
<pin id="3902" dir="0" index="0" bw="32" slack="0"/>
<pin id="3903" dir="0" index="1" bw="512" slack="0"/>
<pin id="3904" dir="0" index="2" bw="10" slack="0"/>
<pin id="3905" dir="0" index="3" bw="10" slack="0"/>
<pin id="3906" dir="1" index="4" bw="32" slack="0"/>
</pin_list>
<bind>
<opcode="partselect(1002) " fcode="partselect"/>
<opset="trunc_ln101_201/6 "/>
</bind>
</comp>

<comp id="3911" class="1004" name="trunc_ln101_202_fu_3911">
<pin_list>
<pin id="3912" dir="0" index="0" bw="32" slack="0"/>
<pin id="3913" dir="0" index="1" bw="512" slack="0"/>
<pin id="3914" dir="0" index="2" bw="10" slack="0"/>
<pin id="3915" dir="0" index="3" bw="10" slack="0"/>
<pin id="3916" dir="1" index="4" bw="32" slack="0"/>
</pin_list>
<bind>
<opcode="partselect(1002) " fcode="partselect"/>
<opset="trunc_ln101_202/6 "/>
</bind>
</comp>

<comp id="3921" class="1004" name="trunc_ln101_203_fu_3921">
<pin_list>
<pin id="3922" dir="0" index="0" bw="32" slack="0"/>
<pin id="3923" dir="0" index="1" bw="512" slack="0"/>
<pin id="3924" dir="0" index="2" bw="10" slack="0"/>
<pin id="3925" dir="0" index="3" bw="10" slack="0"/>
<pin id="3926" dir="1" index="4" bw="32" slack="0"/>
</pin_list>
<bind>
<opcode="partselect(1002) " fcode="partselect"/>
<opset="trunc_ln101_203/6 "/>
</bind>
</comp>

<comp id="3931" class="1004" name="trunc_ln101_204_fu_3931">
<pin_list>
<pin id="3932" dir="0" index="0" bw="32" slack="0"/>
<pin id="3933" dir="0" index="1" bw="512" slack="0"/>
<pin id="3934" dir="0" index="2" bw="10" slack="0"/>
<pin id="3935" dir="0" index="3" bw="10" slack="0"/>
<pin id="3936" dir="1" index="4" bw="32" slack="0"/>
</pin_list>
<bind>
<opcode="partselect(1002) " fcode="partselect"/>
<opset="trunc_ln101_204/6 "/>
</bind>
</comp>

<comp id="3941" class="1004" name="trunc_ln101_205_fu_3941">
<pin_list>
<pin id="3942" dir="0" index="0" bw="32" slack="0"/>
<pin id="3943" dir="0" index="1" bw="512" slack="0"/>
<pin id="3944" dir="0" index="2" bw="10" slack="0"/>
<pin id="3945" dir="0" index="3" bw="10" slack="0"/>
<pin id="3946" dir="1" index="4" bw="32" slack="0"/>
</pin_list>
<bind>
<opcode="partselect(1002) " fcode="partselect"/>
<opset="trunc_ln101_205/6 "/>
</bind>
</comp>

<comp id="3951" class="1004" name="trunc_ln101_206_fu_3951">
<pin_list>
<pin id="3952" dir="0" index="0" bw="32" slack="0"/>
<pin id="3953" dir="0" index="1" bw="512" slack="0"/>
<pin id="3954" dir="0" index="2" bw="10" slack="0"/>
<pin id="3955" dir="0" index="3" bw="10" slack="0"/>
<pin id="3956" dir="1" index="4" bw="32" slack="0"/>
</pin_list>
<bind>
<opcode="partselect(1002) " fcode="partselect"/>
<opset="trunc_ln101_206/6 "/>
</bind>
</comp>

<comp id="3961" class="1004" name="tmp_12_fu_3961">
<pin_list>
<pin id="3962" dir="0" index="0" bw="32" slack="0"/>
<pin id="3963" dir="0" index="1" bw="4" slack="0"/>
<pin id="3964" dir="0" index="2" bw="32" slack="0"/>
<pin id="3965" dir="0" index="3" bw="4" slack="0"/>
<pin id="3966" dir="0" index="4" bw="32" slack="0"/>
<pin id="3967" dir="0" index="5" bw="4" slack="0"/>
<pin id="3968" dir="0" index="6" bw="32" slack="0"/>
<pin id="3969" dir="0" index="7" bw="4" slack="0"/>
<pin id="3970" dir="0" index="8" bw="32" slack="0"/>
<pin id="3971" dir="0" index="9" bw="4" slack="0"/>
<pin id="3972" dir="0" index="10" bw="32" slack="0"/>
<pin id="3973" dir="0" index="11" bw="4" slack="0"/>
<pin id="3974" dir="0" index="12" bw="32" slack="0"/>
<pin id="3975" dir="0" index="13" bw="4" slack="0"/>
<pin id="3976" dir="0" index="14" bw="32" slack="0"/>
<pin id="3977" dir="0" index="15" bw="4" slack="0"/>
<pin id="3978" dir="0" index="16" bw="32" slack="0"/>
<pin id="3979" dir="0" index="17" bw="4" slack="0"/>
<pin id="3980" dir="0" index="18" bw="32" slack="0"/>
<pin id="3981" dir="0" index="19" bw="4" slack="0"/>
<pin id="3982" dir="0" index="20" bw="32" slack="0"/>
<pin id="3983" dir="0" index="21" bw="4" slack="0"/>
<pin id="3984" dir="0" index="22" bw="32" slack="0"/>
<pin id="3985" dir="0" index="23" bw="4" slack="0"/>
<pin id="3986" dir="0" index="24" bw="32" slack="0"/>
<pin id="3987" dir="0" index="25" bw="4" slack="0"/>
<pin id="3988" dir="0" index="26" bw="32" slack="0"/>
<pin id="3989" dir="0" index="27" bw="4" slack="0"/>
<pin id="3990" dir="0" index="28" bw="32" slack="0"/>
<pin id="3991" dir="0" index="29" bw="4" slack="0"/>
<pin id="3992" dir="0" index="30" bw="32" slack="0"/>
<pin id="3993" dir="0" index="31" bw="4" slack="0"/>
<pin id="3994" dir="0" index="32" bw="32" slack="0"/>
<pin id="3995" dir="0" index="33" bw="32" slack="0"/>
<pin id="3996" dir="0" index="34" bw="4" slack="4"/>
<pin id="3997" dir="1" index="35" bw="32" slack="0"/>
</pin_list>
<bind>
<opcode="sparsemux(1197) " fcode="sparsemux"/>
<opset="tmp_12/6 "/>
</bind>
</comp>

<comp id="4032" class="1004" name="add_ln101_12_fu_4032">
<pin_list>
<pin id="4033" dir="0" index="0" bw="32" slack="0"/>
<pin id="4034" dir="0" index="1" bw="32" slack="1"/>
<pin id="4035" dir="1" index="2" bw="32" slack="0"/>
</pin_list>
<bind>
<opcode="add(8) " fcode="add"/>
<opset="add_ln101_12/6 "/>
</bind>
</comp>

<comp id="4037" class="1004" name="trunc_ln101_207_fu_4037">
<pin_list>
<pin id="4038" dir="0" index="0" bw="32" slack="0"/>
<pin id="4039" dir="0" index="1" bw="512" slack="0"/>
<pin id="4040" dir="0" index="2" bw="10" slack="0"/>
<pin id="4041" dir="0" index="3" bw="10" slack="0"/>
<pin id="4042" dir="1" index="4" bw="32" slack="0"/>
</pin_list>
<bind>
<opcode="partselect(1002) " fcode="partselect"/>
<opset="trunc_ln101_207/6 "/>
</bind>
</comp>

<comp id="4047" class="1004" name="trunc_ln101_208_fu_4047">
<pin_list>
<pin id="4048" dir="0" index="0" bw="32" slack="0"/>
<pin id="4049" dir="0" index="1" bw="512" slack="0"/>
<pin id="4050" dir="0" index="2" bw="10" slack="0"/>
<pin id="4051" dir="0" index="3" bw="10" slack="0"/>
<pin id="4052" dir="1" index="4" bw="32" slack="0"/>
</pin_list>
<bind>
<opcode="partselect(1002) " fcode="partselect"/>
<opset="trunc_ln101_208/6 "/>
</bind>
</comp>

<comp id="4057" class="1004" name="trunc_ln101_209_fu_4057">
<pin_list>
<pin id="4058" dir="0" index="0" bw="32" slack="0"/>
<pin id="4059" dir="0" index="1" bw="512" slack="0"/>
<pin id="4060" dir="0" index="2" bw="10" slack="0"/>
<pin id="4061" dir="0" index="3" bw="10" slack="0"/>
<pin id="4062" dir="1" index="4" bw="32" slack="0"/>
</pin_list>
<bind>
<opcode="partselect(1002) " fcode="partselect"/>
<opset="trunc_ln101_209/6 "/>
</bind>
</comp>

<comp id="4067" class="1004" name="trunc_ln101_210_fu_4067">
<pin_list>
<pin id="4068" dir="0" index="0" bw="32" slack="0"/>
<pin id="4069" dir="0" index="1" bw="512" slack="0"/>
<pin id="4070" dir="0" index="2" bw="10" slack="0"/>
<pin id="4071" dir="0" index="3" bw="10" slack="0"/>
<pin id="4072" dir="1" index="4" bw="32" slack="0"/>
</pin_list>
<bind>
<opcode="partselect(1002) " fcode="partselect"/>
<opset="trunc_ln101_210/6 "/>
</bind>
</comp>

<comp id="4077" class="1004" name="trunc_ln101_211_fu_4077">
<pin_list>
<pin id="4078" dir="0" index="0" bw="32" slack="0"/>
<pin id="4079" dir="0" index="1" bw="512" slack="0"/>
<pin id="4080" dir="0" index="2" bw="10" slack="0"/>
<pin id="4081" dir="0" index="3" bw="10" slack="0"/>
<pin id="4082" dir="1" index="4" bw="32" slack="0"/>
</pin_list>
<bind>
<opcode="partselect(1002) " fcode="partselect"/>
<opset="trunc_ln101_211/6 "/>
</bind>
</comp>

<comp id="4087" class="1004" name="trunc_ln101_212_fu_4087">
<pin_list>
<pin id="4088" dir="0" index="0" bw="32" slack="0"/>
<pin id="4089" dir="0" index="1" bw="512" slack="0"/>
<pin id="4090" dir="0" index="2" bw="10" slack="0"/>
<pin id="4091" dir="0" index="3" bw="10" slack="0"/>
<pin id="4092" dir="1" index="4" bw="32" slack="0"/>
</pin_list>
<bind>
<opcode="partselect(1002) " fcode="partselect"/>
<opset="trunc_ln101_212/6 "/>
</bind>
</comp>

<comp id="4097" class="1004" name="trunc_ln101_213_fu_4097">
<pin_list>
<pin id="4098" dir="0" index="0" bw="32" slack="0"/>
<pin id="4099" dir="0" index="1" bw="512" slack="0"/>
<pin id="4100" dir="0" index="2" bw="10" slack="0"/>
<pin id="4101" dir="0" index="3" bw="10" slack="0"/>
<pin id="4102" dir="1" index="4" bw="32" slack="0"/>
</pin_list>
<bind>
<opcode="partselect(1002) " fcode="partselect"/>
<opset="trunc_ln101_213/6 "/>
</bind>
</comp>

<comp id="4107" class="1004" name="trunc_ln101_214_fu_4107">
<pin_list>
<pin id="4108" dir="0" index="0" bw="32" slack="0"/>
<pin id="4109" dir="0" index="1" bw="512" slack="0"/>
<pin id="4110" dir="0" index="2" bw="10" slack="0"/>
<pin id="4111" dir="0" index="3" bw="10" slack="0"/>
<pin id="4112" dir="1" index="4" bw="32" slack="0"/>
</pin_list>
<bind>
<opcode="partselect(1002) " fcode="partselect"/>
<opset="trunc_ln101_214/6 "/>
</bind>
</comp>

<comp id="4117" class="1004" name="trunc_ln101_215_fu_4117">
<pin_list>
<pin id="4118" dir="0" index="0" bw="32" slack="0"/>
<pin id="4119" dir="0" index="1" bw="512" slack="0"/>
<pin id="4120" dir="0" index="2" bw="10" slack="0"/>
<pin id="4121" dir="0" index="3" bw="10" slack="0"/>
<pin id="4122" dir="1" index="4" bw="32" slack="0"/>
</pin_list>
<bind>
<opcode="partselect(1002) " fcode="partselect"/>
<opset="trunc_ln101_215/6 "/>
</bind>
</comp>

<comp id="4127" class="1004" name="trunc_ln101_216_fu_4127">
<pin_list>
<pin id="4128" dir="0" index="0" bw="32" slack="0"/>
<pin id="4129" dir="0" index="1" bw="512" slack="0"/>
<pin id="4130" dir="0" index="2" bw="10" slack="0"/>
<pin id="4131" dir="0" index="3" bw="10" slack="0"/>
<pin id="4132" dir="1" index="4" bw="32" slack="0"/>
</pin_list>
<bind>
<opcode="partselect(1002) " fcode="partselect"/>
<opset="trunc_ln101_216/6 "/>
</bind>
</comp>

<comp id="4137" class="1004" name="trunc_ln101_217_fu_4137">
<pin_list>
<pin id="4138" dir="0" index="0" bw="32" slack="0"/>
<pin id="4139" dir="0" index="1" bw="512" slack="0"/>
<pin id="4140" dir="0" index="2" bw="10" slack="0"/>
<pin id="4141" dir="0" index="3" bw="10" slack="0"/>
<pin id="4142" dir="1" index="4" bw="32" slack="0"/>
</pin_list>
<bind>
<opcode="partselect(1002) " fcode="partselect"/>
<opset="trunc_ln101_217/6 "/>
</bind>
</comp>

<comp id="4147" class="1004" name="trunc_ln101_218_fu_4147">
<pin_list>
<pin id="4148" dir="0" index="0" bw="32" slack="0"/>
<pin id="4149" dir="0" index="1" bw="512" slack="0"/>
<pin id="4150" dir="0" index="2" bw="10" slack="0"/>
<pin id="4151" dir="0" index="3" bw="10" slack="0"/>
<pin id="4152" dir="1" index="4" bw="32" slack="0"/>
</pin_list>
<bind>
<opcode="partselect(1002) " fcode="partselect"/>
<opset="trunc_ln101_218/6 "/>
</bind>
</comp>

<comp id="4157" class="1004" name="trunc_ln101_219_fu_4157">
<pin_list>
<pin id="4158" dir="0" index="0" bw="32" slack="0"/>
<pin id="4159" dir="0" index="1" bw="512" slack="0"/>
<pin id="4160" dir="0" index="2" bw="10" slack="0"/>
<pin id="4161" dir="0" index="3" bw="10" slack="0"/>
<pin id="4162" dir="1" index="4" bw="32" slack="0"/>
</pin_list>
<bind>
<opcode="partselect(1002) " fcode="partselect"/>
<opset="trunc_ln101_219/6 "/>
</bind>
</comp>

<comp id="4167" class="1004" name="trunc_ln101_220_fu_4167">
<pin_list>
<pin id="4168" dir="0" index="0" bw="32" slack="0"/>
<pin id="4169" dir="0" index="1" bw="512" slack="0"/>
<pin id="4170" dir="0" index="2" bw="10" slack="0"/>
<pin id="4171" dir="0" index="3" bw="10" slack="0"/>
<pin id="4172" dir="1" index="4" bw="32" slack="0"/>
</pin_list>
<bind>
<opcode="partselect(1002) " fcode="partselect"/>
<opset="trunc_ln101_220/6 "/>
</bind>
</comp>

<comp id="4177" class="1004" name="trunc_ln101_221_fu_4177">
<pin_list>
<pin id="4178" dir="0" index="0" bw="32" slack="0"/>
<pin id="4179" dir="0" index="1" bw="512" slack="0"/>
<pin id="4180" dir="0" index="2" bw="10" slack="0"/>
<pin id="4181" dir="0" index="3" bw="10" slack="0"/>
<pin id="4182" dir="1" index="4" bw="32" slack="0"/>
</pin_list>
<bind>
<opcode="partselect(1002) " fcode="partselect"/>
<opset="trunc_ln101_221/6 "/>
</bind>
</comp>

<comp id="4187" class="1004" name="trunc_ln101_222_fu_4187">
<pin_list>
<pin id="4188" dir="0" index="0" bw="32" slack="0"/>
<pin id="4189" dir="0" index="1" bw="512" slack="0"/>
<pin id="4190" dir="0" index="2" bw="10" slack="0"/>
<pin id="4191" dir="0" index="3" bw="10" slack="0"/>
<pin id="4192" dir="1" index="4" bw="32" slack="0"/>
</pin_list>
<bind>
<opcode="partselect(1002) " fcode="partselect"/>
<opset="trunc_ln101_222/6 "/>
</bind>
</comp>

<comp id="4197" class="1004" name="tmp_13_fu_4197">
<pin_list>
<pin id="4198" dir="0" index="0" bw="32" slack="0"/>
<pin id="4199" dir="0" index="1" bw="4" slack="0"/>
<pin id="4200" dir="0" index="2" bw="32" slack="0"/>
<pin id="4201" dir="0" index="3" bw="4" slack="0"/>
<pin id="4202" dir="0" index="4" bw="32" slack="0"/>
<pin id="4203" dir="0" index="5" bw="4" slack="0"/>
<pin id="4204" dir="0" index="6" bw="32" slack="0"/>
<pin id="4205" dir="0" index="7" bw="4" slack="0"/>
<pin id="4206" dir="0" index="8" bw="32" slack="0"/>
<pin id="4207" dir="0" index="9" bw="4" slack="0"/>
<pin id="4208" dir="0" index="10" bw="32" slack="0"/>
<pin id="4209" dir="0" index="11" bw="4" slack="0"/>
<pin id="4210" dir="0" index="12" bw="32" slack="0"/>
<pin id="4211" dir="0" index="13" bw="4" slack="0"/>
<pin id="4212" dir="0" index="14" bw="32" slack="0"/>
<pin id="4213" dir="0" index="15" bw="4" slack="0"/>
<pin id="4214" dir="0" index="16" bw="32" slack="0"/>
<pin id="4215" dir="0" index="17" bw="4" slack="0"/>
<pin id="4216" dir="0" index="18" bw="32" slack="0"/>
<pin id="4217" dir="0" index="19" bw="4" slack="0"/>
<pin id="4218" dir="0" index="20" bw="32" slack="0"/>
<pin id="4219" dir="0" index="21" bw="4" slack="0"/>
<pin id="4220" dir="0" index="22" bw="32" slack="0"/>
<pin id="4221" dir="0" index="23" bw="4" slack="0"/>
<pin id="4222" dir="0" index="24" bw="32" slack="0"/>
<pin id="4223" dir="0" index="25" bw="4" slack="0"/>
<pin id="4224" dir="0" index="26" bw="32" slack="0"/>
<pin id="4225" dir="0" index="27" bw="4" slack="0"/>
<pin id="4226" dir="0" index="28" bw="32" slack="0"/>
<pin id="4227" dir="0" index="29" bw="4" slack="0"/>
<pin id="4228" dir="0" index="30" bw="32" slack="0"/>
<pin id="4229" dir="0" index="31" bw="4" slack="0"/>
<pin id="4230" dir="0" index="32" bw="32" slack="0"/>
<pin id="4231" dir="0" index="33" bw="32" slack="0"/>
<pin id="4232" dir="0" index="34" bw="4" slack="4"/>
<pin id="4233" dir="1" index="35" bw="32" slack="0"/>
</pin_list>
<bind>
<opcode="sparsemux(1197) " fcode="sparsemux"/>
<opset="tmp_13/6 "/>
</bind>
</comp>

<comp id="4268" class="1004" name="add_ln101_13_fu_4268">
<pin_list>
<pin id="4269" dir="0" index="0" bw="32" slack="0"/>
<pin id="4270" dir="0" index="1" bw="32" slack="1"/>
<pin id="4271" dir="1" index="2" bw="32" slack="0"/>
</pin_list>
<bind>
<opcode="add(8) " fcode="add"/>
<opset="add_ln101_13/6 "/>
</bind>
</comp>

<comp id="4273" class="1004" name="trunc_ln101_223_fu_4273">
<pin_list>
<pin id="4274" dir="0" index="0" bw="32" slack="0"/>
<pin id="4275" dir="0" index="1" bw="512" slack="0"/>
<pin id="4276" dir="0" index="2" bw="10" slack="0"/>
<pin id="4277" dir="0" index="3" bw="10" slack="0"/>
<pin id="4278" dir="1" index="4" bw="32" slack="0"/>
</pin_list>
<bind>
<opcode="partselect(1002) " fcode="partselect"/>
<opset="trunc_ln101_223/6 "/>
</bind>
</comp>

<comp id="4283" class="1004" name="trunc_ln101_224_fu_4283">
<pin_list>
<pin id="4284" dir="0" index="0" bw="32" slack="0"/>
<pin id="4285" dir="0" index="1" bw="512" slack="0"/>
<pin id="4286" dir="0" index="2" bw="10" slack="0"/>
<pin id="4287" dir="0" index="3" bw="10" slack="0"/>
<pin id="4288" dir="1" index="4" bw="32" slack="0"/>
</pin_list>
<bind>
<opcode="partselect(1002) " fcode="partselect"/>
<opset="trunc_ln101_224/6 "/>
</bind>
</comp>

<comp id="4293" class="1004" name="trunc_ln101_225_fu_4293">
<pin_list>
<pin id="4294" dir="0" index="0" bw="32" slack="0"/>
<pin id="4295" dir="0" index="1" bw="512" slack="0"/>
<pin id="4296" dir="0" index="2" bw="10" slack="0"/>
<pin id="4297" dir="0" index="3" bw="10" slack="0"/>
<pin id="4298" dir="1" index="4" bw="32" slack="0"/>
</pin_list>
<bind>
<opcode="partselect(1002) " fcode="partselect"/>
<opset="trunc_ln101_225/6 "/>
</bind>
</comp>

<comp id="4303" class="1004" name="trunc_ln101_226_fu_4303">
<pin_list>
<pin id="4304" dir="0" index="0" bw="32" slack="0"/>
<pin id="4305" dir="0" index="1" bw="512" slack="0"/>
<pin id="4306" dir="0" index="2" bw="10" slack="0"/>
<pin id="4307" dir="0" index="3" bw="10" slack="0"/>
<pin id="4308" dir="1" index="4" bw="32" slack="0"/>
</pin_list>
<bind>
<opcode="partselect(1002) " fcode="partselect"/>
<opset="trunc_ln101_226/6 "/>
</bind>
</comp>

<comp id="4313" class="1004" name="trunc_ln101_227_fu_4313">
<pin_list>
<pin id="4314" dir="0" index="0" bw="32" slack="0"/>
<pin id="4315" dir="0" index="1" bw="512" slack="0"/>
<pin id="4316" dir="0" index="2" bw="10" slack="0"/>
<pin id="4317" dir="0" index="3" bw="10" slack="0"/>
<pin id="4318" dir="1" index="4" bw="32" slack="0"/>
</pin_list>
<bind>
<opcode="partselect(1002) " fcode="partselect"/>
<opset="trunc_ln101_227/6 "/>
</bind>
</comp>

<comp id="4323" class="1004" name="trunc_ln101_228_fu_4323">
<pin_list>
<pin id="4324" dir="0" index="0" bw="32" slack="0"/>
<pin id="4325" dir="0" index="1" bw="512" slack="0"/>
<pin id="4326" dir="0" index="2" bw="10" slack="0"/>
<pin id="4327" dir="0" index="3" bw="10" slack="0"/>
<pin id="4328" dir="1" index="4" bw="32" slack="0"/>
</pin_list>
<bind>
<opcode="partselect(1002) " fcode="partselect"/>
<opset="trunc_ln101_228/6 "/>
</bind>
</comp>

<comp id="4333" class="1004" name="trunc_ln101_229_fu_4333">
<pin_list>
<pin id="4334" dir="0" index="0" bw="32" slack="0"/>
<pin id="4335" dir="0" index="1" bw="512" slack="0"/>
<pin id="4336" dir="0" index="2" bw="10" slack="0"/>
<pin id="4337" dir="0" index="3" bw="10" slack="0"/>
<pin id="4338" dir="1" index="4" bw="32" slack="0"/>
</pin_list>
<bind>
<opcode="partselect(1002) " fcode="partselect"/>
<opset="trunc_ln101_229/6 "/>
</bind>
</comp>

<comp id="4343" class="1004" name="trunc_ln101_230_fu_4343">
<pin_list>
<pin id="4344" dir="0" index="0" bw="32" slack="0"/>
<pin id="4345" dir="0" index="1" bw="512" slack="0"/>
<pin id="4346" dir="0" index="2" bw="10" slack="0"/>
<pin id="4347" dir="0" index="3" bw="10" slack="0"/>
<pin id="4348" dir="1" index="4" bw="32" slack="0"/>
</pin_list>
<bind>
<opcode="partselect(1002) " fcode="partselect"/>
<opset="trunc_ln101_230/6 "/>
</bind>
</comp>

<comp id="4353" class="1004" name="trunc_ln101_231_fu_4353">
<pin_list>
<pin id="4354" dir="0" index="0" bw="32" slack="0"/>
<pin id="4355" dir="0" index="1" bw="512" slack="0"/>
<pin id="4356" dir="0" index="2" bw="10" slack="0"/>
<pin id="4357" dir="0" index="3" bw="10" slack="0"/>
<pin id="4358" dir="1" index="4" bw="32" slack="0"/>
</pin_list>
<bind>
<opcode="partselect(1002) " fcode="partselect"/>
<opset="trunc_ln101_231/6 "/>
</bind>
</comp>

<comp id="4363" class="1004" name="trunc_ln101_232_fu_4363">
<pin_list>
<pin id="4364" dir="0" index="0" bw="32" slack="0"/>
<pin id="4365" dir="0" index="1" bw="512" slack="0"/>
<pin id="4366" dir="0" index="2" bw="10" slack="0"/>
<pin id="4367" dir="0" index="3" bw="10" slack="0"/>
<pin id="4368" dir="1" index="4" bw="32" slack="0"/>
</pin_list>
<bind>
<opcode="partselect(1002) " fcode="partselect"/>
<opset="trunc_ln101_232/6 "/>
</bind>
</comp>

<comp id="4373" class="1004" name="trunc_ln101_233_fu_4373">
<pin_list>
<pin id="4374" dir="0" index="0" bw="32" slack="0"/>
<pin id="4375" dir="0" index="1" bw="512" slack="0"/>
<pin id="4376" dir="0" index="2" bw="10" slack="0"/>
<pin id="4377" dir="0" index="3" bw="10" slack="0"/>
<pin id="4378" dir="1" index="4" bw="32" slack="0"/>
</pin_list>
<bind>
<opcode="partselect(1002) " fcode="partselect"/>
<opset="trunc_ln101_233/6 "/>
</bind>
</comp>

<comp id="4383" class="1004" name="trunc_ln101_234_fu_4383">
<pin_list>
<pin id="4384" dir="0" index="0" bw="32" slack="0"/>
<pin id="4385" dir="0" index="1" bw="512" slack="0"/>
<pin id="4386" dir="0" index="2" bw="10" slack="0"/>
<pin id="4387" dir="0" index="3" bw="10" slack="0"/>
<pin id="4388" dir="1" index="4" bw="32" slack="0"/>
</pin_list>
<bind>
<opcode="partselect(1002) " fcode="partselect"/>
<opset="trunc_ln101_234/6 "/>
</bind>
</comp>

<comp id="4393" class="1004" name="trunc_ln101_235_fu_4393">
<pin_list>
<pin id="4394" dir="0" index="0" bw="32" slack="0"/>
<pin id="4395" dir="0" index="1" bw="512" slack="0"/>
<pin id="4396" dir="0" index="2" bw="10" slack="0"/>
<pin id="4397" dir="0" index="3" bw="10" slack="0"/>
<pin id="4398" dir="1" index="4" bw="32" slack="0"/>
</pin_list>
<bind>
<opcode="partselect(1002) " fcode="partselect"/>
<opset="trunc_ln101_235/6 "/>
</bind>
</comp>

<comp id="4403" class="1004" name="trunc_ln101_236_fu_4403">
<pin_list>
<pin id="4404" dir="0" index="0" bw="32" slack="0"/>
<pin id="4405" dir="0" index="1" bw="512" slack="0"/>
<pin id="4406" dir="0" index="2" bw="10" slack="0"/>
<pin id="4407" dir="0" index="3" bw="10" slack="0"/>
<pin id="4408" dir="1" index="4" bw="32" slack="0"/>
</pin_list>
<bind>
<opcode="partselect(1002) " fcode="partselect"/>
<opset="trunc_ln101_236/6 "/>
</bind>
</comp>

<comp id="4413" class="1004" name="trunc_ln101_237_fu_4413">
<pin_list>
<pin id="4414" dir="0" index="0" bw="32" slack="0"/>
<pin id="4415" dir="0" index="1" bw="512" slack="0"/>
<pin id="4416" dir="0" index="2" bw="10" slack="0"/>
<pin id="4417" dir="0" index="3" bw="10" slack="0"/>
<pin id="4418" dir="1" index="4" bw="32" slack="0"/>
</pin_list>
<bind>
<opcode="partselect(1002) " fcode="partselect"/>
<opset="trunc_ln101_237/6 "/>
</bind>
</comp>

<comp id="4423" class="1004" name="trunc_ln101_238_fu_4423">
<pin_list>
<pin id="4424" dir="0" index="0" bw="32" slack="0"/>
<pin id="4425" dir="0" index="1" bw="512" slack="0"/>
<pin id="4426" dir="0" index="2" bw="10" slack="0"/>
<pin id="4427" dir="0" index="3" bw="10" slack="0"/>
<pin id="4428" dir="1" index="4" bw="32" slack="0"/>
</pin_list>
<bind>
<opcode="partselect(1002) " fcode="partselect"/>
<opset="trunc_ln101_238/6 "/>
</bind>
</comp>

<comp id="4433" class="1004" name="tmp_14_fu_4433">
<pin_list>
<pin id="4434" dir="0" index="0" bw="32" slack="0"/>
<pin id="4435" dir="0" index="1" bw="4" slack="0"/>
<pin id="4436" dir="0" index="2" bw="32" slack="0"/>
<pin id="4437" dir="0" index="3" bw="4" slack="0"/>
<pin id="4438" dir="0" index="4" bw="32" slack="0"/>
<pin id="4439" dir="0" index="5" bw="4" slack="0"/>
<pin id="4440" dir="0" index="6" bw="32" slack="0"/>
<pin id="4441" dir="0" index="7" bw="4" slack="0"/>
<pin id="4442" dir="0" index="8" bw="32" slack="0"/>
<pin id="4443" dir="0" index="9" bw="4" slack="0"/>
<pin id="4444" dir="0" index="10" bw="32" slack="0"/>
<pin id="4445" dir="0" index="11" bw="4" slack="0"/>
<pin id="4446" dir="0" index="12" bw="32" slack="0"/>
<pin id="4447" dir="0" index="13" bw="4" slack="0"/>
<pin id="4448" dir="0" index="14" bw="32" slack="0"/>
<pin id="4449" dir="0" index="15" bw="4" slack="0"/>
<pin id="4450" dir="0" index="16" bw="32" slack="0"/>
<pin id="4451" dir="0" index="17" bw="4" slack="0"/>
<pin id="4452" dir="0" index="18" bw="32" slack="0"/>
<pin id="4453" dir="0" index="19" bw="4" slack="0"/>
<pin id="4454" dir="0" index="20" bw="32" slack="0"/>
<pin id="4455" dir="0" index="21" bw="4" slack="0"/>
<pin id="4456" dir="0" index="22" bw="32" slack="0"/>
<pin id="4457" dir="0" index="23" bw="4" slack="0"/>
<pin id="4458" dir="0" index="24" bw="32" slack="0"/>
<pin id="4459" dir="0" index="25" bw="4" slack="0"/>
<pin id="4460" dir="0" index="26" bw="32" slack="0"/>
<pin id="4461" dir="0" index="27" bw="4" slack="0"/>
<pin id="4462" dir="0" index="28" bw="32" slack="0"/>
<pin id="4463" dir="0" index="29" bw="4" slack="0"/>
<pin id="4464" dir="0" index="30" bw="32" slack="0"/>
<pin id="4465" dir="0" index="31" bw="4" slack="0"/>
<pin id="4466" dir="0" index="32" bw="32" slack="0"/>
<pin id="4467" dir="0" index="33" bw="32" slack="0"/>
<pin id="4468" dir="0" index="34" bw="4" slack="4"/>
<pin id="4469" dir="1" index="35" bw="32" slack="0"/>
</pin_list>
<bind>
<opcode="sparsemux(1197) " fcode="sparsemux"/>
<opset="tmp_14/6 "/>
</bind>
</comp>

<comp id="4504" class="1004" name="add_ln101_14_fu_4504">
<pin_list>
<pin id="4505" dir="0" index="0" bw="32" slack="0"/>
<pin id="4506" dir="0" index="1" bw="32" slack="1"/>
<pin id="4507" dir="1" index="2" bw="32" slack="0"/>
</pin_list>
<bind>
<opcode="add(8) " fcode="add"/>
<opset="add_ln101_14/6 "/>
</bind>
</comp>

<comp id="4509" class="1004" name="trunc_ln101_239_fu_4509">
<pin_list>
<pin id="4510" dir="0" index="0" bw="32" slack="0"/>
<pin id="4511" dir="0" index="1" bw="512" slack="0"/>
<pin id="4512" dir="0" index="2" bw="10" slack="0"/>
<pin id="4513" dir="0" index="3" bw="10" slack="0"/>
<pin id="4514" dir="1" index="4" bw="32" slack="0"/>
</pin_list>
<bind>
<opcode="partselect(1002) " fcode="partselect"/>
<opset="trunc_ln101_239/6 "/>
</bind>
</comp>

<comp id="4519" class="1004" name="trunc_ln101_240_fu_4519">
<pin_list>
<pin id="4520" dir="0" index="0" bw="32" slack="0"/>
<pin id="4521" dir="0" index="1" bw="512" slack="0"/>
<pin id="4522" dir="0" index="2" bw="10" slack="0"/>
<pin id="4523" dir="0" index="3" bw="10" slack="0"/>
<pin id="4524" dir="1" index="4" bw="32" slack="0"/>
</pin_list>
<bind>
<opcode="partselect(1002) " fcode="partselect"/>
<opset="trunc_ln101_240/6 "/>
</bind>
</comp>

<comp id="4529" class="1004" name="trunc_ln101_241_fu_4529">
<pin_list>
<pin id="4530" dir="0" index="0" bw="32" slack="0"/>
<pin id="4531" dir="0" index="1" bw="512" slack="0"/>
<pin id="4532" dir="0" index="2" bw="10" slack="0"/>
<pin id="4533" dir="0" index="3" bw="10" slack="0"/>
<pin id="4534" dir="1" index="4" bw="32" slack="0"/>
</pin_list>
<bind>
<opcode="partselect(1002) " fcode="partselect"/>
<opset="trunc_ln101_241/6 "/>
</bind>
</comp>

<comp id="4539" class="1004" name="trunc_ln101_242_fu_4539">
<pin_list>
<pin id="4540" dir="0" index="0" bw="32" slack="0"/>
<pin id="4541" dir="0" index="1" bw="512" slack="0"/>
<pin id="4542" dir="0" index="2" bw="10" slack="0"/>
<pin id="4543" dir="0" index="3" bw="10" slack="0"/>
<pin id="4544" dir="1" index="4" bw="32" slack="0"/>
</pin_list>
<bind>
<opcode="partselect(1002) " fcode="partselect"/>
<opset="trunc_ln101_242/6 "/>
</bind>
</comp>

<comp id="4549" class="1004" name="trunc_ln101_243_fu_4549">
<pin_list>
<pin id="4550" dir="0" index="0" bw="32" slack="0"/>
<pin id="4551" dir="0" index="1" bw="512" slack="0"/>
<pin id="4552" dir="0" index="2" bw="10" slack="0"/>
<pin id="4553" dir="0" index="3" bw="10" slack="0"/>
<pin id="4554" dir="1" index="4" bw="32" slack="0"/>
</pin_list>
<bind>
<opcode="partselect(1002) " fcode="partselect"/>
<opset="trunc_ln101_243/6 "/>
</bind>
</comp>

<comp id="4559" class="1004" name="trunc_ln101_244_fu_4559">
<pin_list>
<pin id="4560" dir="0" index="0" bw="32" slack="0"/>
<pin id="4561" dir="0" index="1" bw="512" slack="0"/>
<pin id="4562" dir="0" index="2" bw="10" slack="0"/>
<pin id="4563" dir="0" index="3" bw="10" slack="0"/>
<pin id="4564" dir="1" index="4" bw="32" slack="0"/>
</pin_list>
<bind>
<opcode="partselect(1002) " fcode="partselect"/>
<opset="trunc_ln101_244/6 "/>
</bind>
</comp>

<comp id="4569" class="1004" name="trunc_ln101_245_fu_4569">
<pin_list>
<pin id="4570" dir="0" index="0" bw="32" slack="0"/>
<pin id="4571" dir="0" index="1" bw="512" slack="0"/>
<pin id="4572" dir="0" index="2" bw="10" slack="0"/>
<pin id="4573" dir="0" index="3" bw="10" slack="0"/>
<pin id="4574" dir="1" index="4" bw="32" slack="0"/>
</pin_list>
<bind>
<opcode="partselect(1002) " fcode="partselect"/>
<opset="trunc_ln101_245/6 "/>
</bind>
</comp>

<comp id="4579" class="1004" name="trunc_ln101_246_fu_4579">
<pin_list>
<pin id="4580" dir="0" index="0" bw="32" slack="0"/>
<pin id="4581" dir="0" index="1" bw="512" slack="0"/>
<pin id="4582" dir="0" index="2" bw="10" slack="0"/>
<pin id="4583" dir="0" index="3" bw="10" slack="0"/>
<pin id="4584" dir="1" index="4" bw="32" slack="0"/>
</pin_list>
<bind>
<opcode="partselect(1002) " fcode="partselect"/>
<opset="trunc_ln101_246/6 "/>
</bind>
</comp>

<comp id="4589" class="1004" name="trunc_ln101_247_fu_4589">
<pin_list>
<pin id="4590" dir="0" index="0" bw="32" slack="0"/>
<pin id="4591" dir="0" index="1" bw="512" slack="0"/>
<pin id="4592" dir="0" index="2" bw="10" slack="0"/>
<pin id="4593" dir="0" index="3" bw="10" slack="0"/>
<pin id="4594" dir="1" index="4" bw="32" slack="0"/>
</pin_list>
<bind>
<opcode="partselect(1002) " fcode="partselect"/>
<opset="trunc_ln101_247/6 "/>
</bind>
</comp>

<comp id="4599" class="1004" name="trunc_ln101_248_fu_4599">
<pin_list>
<pin id="4600" dir="0" index="0" bw="32" slack="0"/>
<pin id="4601" dir="0" index="1" bw="512" slack="0"/>
<pin id="4602" dir="0" index="2" bw="10" slack="0"/>
<pin id="4603" dir="0" index="3" bw="10" slack="0"/>
<pin id="4604" dir="1" index="4" bw="32" slack="0"/>
</pin_list>
<bind>
<opcode="partselect(1002) " fcode="partselect"/>
<opset="trunc_ln101_248/6 "/>
</bind>
</comp>

<comp id="4609" class="1004" name="trunc_ln101_249_fu_4609">
<pin_list>
<pin id="4610" dir="0" index="0" bw="32" slack="0"/>
<pin id="4611" dir="0" index="1" bw="512" slack="0"/>
<pin id="4612" dir="0" index="2" bw="10" slack="0"/>
<pin id="4613" dir="0" index="3" bw="10" slack="0"/>
<pin id="4614" dir="1" index="4" bw="32" slack="0"/>
</pin_list>
<bind>
<opcode="partselect(1002) " fcode="partselect"/>
<opset="trunc_ln101_249/6 "/>
</bind>
</comp>

<comp id="4619" class="1004" name="trunc_ln101_250_fu_4619">
<pin_list>
<pin id="4620" dir="0" index="0" bw="32" slack="0"/>
<pin id="4621" dir="0" index="1" bw="512" slack="0"/>
<pin id="4622" dir="0" index="2" bw="10" slack="0"/>
<pin id="4623" dir="0" index="3" bw="10" slack="0"/>
<pin id="4624" dir="1" index="4" bw="32" slack="0"/>
</pin_list>
<bind>
<opcode="partselect(1002) " fcode="partselect"/>
<opset="trunc_ln101_250/6 "/>
</bind>
</comp>

<comp id="4629" class="1004" name="trunc_ln101_251_fu_4629">
<pin_list>
<pin id="4630" dir="0" index="0" bw="32" slack="0"/>
<pin id="4631" dir="0" index="1" bw="512" slack="0"/>
<pin id="4632" dir="0" index="2" bw="10" slack="0"/>
<pin id="4633" dir="0" index="3" bw="10" slack="0"/>
<pin id="4634" dir="1" index="4" bw="32" slack="0"/>
</pin_list>
<bind>
<opcode="partselect(1002) " fcode="partselect"/>
<opset="trunc_ln101_251/6 "/>
</bind>
</comp>

<comp id="4639" class="1004" name="trunc_ln101_252_fu_4639">
<pin_list>
<pin id="4640" dir="0" index="0" bw="32" slack="0"/>
<pin id="4641" dir="0" index="1" bw="512" slack="0"/>
<pin id="4642" dir="0" index="2" bw="10" slack="0"/>
<pin id="4643" dir="0" index="3" bw="10" slack="0"/>
<pin id="4644" dir="1" index="4" bw="32" slack="0"/>
</pin_list>
<bind>
<opcode="partselect(1002) " fcode="partselect"/>
<opset="trunc_ln101_252/6 "/>
</bind>
</comp>

<comp id="4649" class="1004" name="trunc_ln101_253_fu_4649">
<pin_list>
<pin id="4650" dir="0" index="0" bw="32" slack="0"/>
<pin id="4651" dir="0" index="1" bw="512" slack="0"/>
<pin id="4652" dir="0" index="2" bw="10" slack="0"/>
<pin id="4653" dir="0" index="3" bw="10" slack="0"/>
<pin id="4654" dir="1" index="4" bw="32" slack="0"/>
</pin_list>
<bind>
<opcode="partselect(1002) " fcode="partselect"/>
<opset="trunc_ln101_253/6 "/>
</bind>
</comp>

<comp id="4659" class="1004" name="trunc_ln101_254_fu_4659">
<pin_list>
<pin id="4660" dir="0" index="0" bw="32" slack="0"/>
<pin id="4661" dir="0" index="1" bw="512" slack="0"/>
<pin id="4662" dir="0" index="2" bw="10" slack="0"/>
<pin id="4663" dir="0" index="3" bw="10" slack="0"/>
<pin id="4664" dir="1" index="4" bw="32" slack="0"/>
</pin_list>
<bind>
<opcode="partselect(1002) " fcode="partselect"/>
<opset="trunc_ln101_254/6 "/>
</bind>
</comp>

<comp id="4669" class="1004" name="tmp_15_fu_4669">
<pin_list>
<pin id="4670" dir="0" index="0" bw="32" slack="0"/>
<pin id="4671" dir="0" index="1" bw="4" slack="0"/>
<pin id="4672" dir="0" index="2" bw="32" slack="0"/>
<pin id="4673" dir="0" index="3" bw="4" slack="0"/>
<pin id="4674" dir="0" index="4" bw="32" slack="0"/>
<pin id="4675" dir="0" index="5" bw="4" slack="0"/>
<pin id="4676" dir="0" index="6" bw="32" slack="0"/>
<pin id="4677" dir="0" index="7" bw="4" slack="0"/>
<pin id="4678" dir="0" index="8" bw="32" slack="0"/>
<pin id="4679" dir="0" index="9" bw="4" slack="0"/>
<pin id="4680" dir="0" index="10" bw="32" slack="0"/>
<pin id="4681" dir="0" index="11" bw="4" slack="0"/>
<pin id="4682" dir="0" index="12" bw="32" slack="0"/>
<pin id="4683" dir="0" index="13" bw="4" slack="0"/>
<pin id="4684" dir="0" index="14" bw="32" slack="0"/>
<pin id="4685" dir="0" index="15" bw="4" slack="0"/>
<pin id="4686" dir="0" index="16" bw="32" slack="0"/>
<pin id="4687" dir="0" index="17" bw="4" slack="0"/>
<pin id="4688" dir="0" index="18" bw="32" slack="0"/>
<pin id="4689" dir="0" index="19" bw="4" slack="0"/>
<pin id="4690" dir="0" index="20" bw="32" slack="0"/>
<pin id="4691" dir="0" index="21" bw="4" slack="0"/>
<pin id="4692" dir="0" index="22" bw="32" slack="0"/>
<pin id="4693" dir="0" index="23" bw="4" slack="0"/>
<pin id="4694" dir="0" index="24" bw="32" slack="0"/>
<pin id="4695" dir="0" index="25" bw="4" slack="0"/>
<pin id="4696" dir="0" index="26" bw="32" slack="0"/>
<pin id="4697" dir="0" index="27" bw="4" slack="0"/>
<pin id="4698" dir="0" index="28" bw="32" slack="0"/>
<pin id="4699" dir="0" index="29" bw="4" slack="0"/>
<pin id="4700" dir="0" index="30" bw="32" slack="0"/>
<pin id="4701" dir="0" index="31" bw="4" slack="0"/>
<pin id="4702" dir="0" index="32" bw="32" slack="0"/>
<pin id="4703" dir="0" index="33" bw="32" slack="0"/>
<pin id="4704" dir="0" index="34" bw="4" slack="4"/>
<pin id="4705" dir="1" index="35" bw="32" slack="0"/>
</pin_list>
<bind>
<opcode="sparsemux(1197) " fcode="sparsemux"/>
<opset="tmp_15/6 "/>
</bind>
</comp>

<comp id="4740" class="1004" name="add_ln101_15_fu_4740">
<pin_list>
<pin id="4741" dir="0" index="0" bw="32" slack="0"/>
<pin id="4742" dir="0" index="1" bw="32" slack="1"/>
<pin id="4743" dir="1" index="2" bw="32" slack="0"/>
</pin_list>
<bind>
<opcode="add(8) " fcode="add"/>
<opset="add_ln101_15/6 "/>
</bind>
</comp>

<comp id="4745" class="1004" name="or_ln101_s_fu_4745">
<pin_list>
<pin id="4746" dir="0" index="0" bw="512" slack="0"/>
<pin id="4747" dir="0" index="1" bw="32" slack="0"/>
<pin id="4748" dir="0" index="2" bw="32" slack="0"/>
<pin id="4749" dir="0" index="3" bw="32" slack="0"/>
<pin id="4750" dir="0" index="4" bw="32" slack="0"/>
<pin id="4751" dir="0" index="5" bw="32" slack="0"/>
<pin id="4752" dir="0" index="6" bw="32" slack="0"/>
<pin id="4753" dir="0" index="7" bw="32" slack="0"/>
<pin id="4754" dir="0" index="8" bw="32" slack="0"/>
<pin id="4755" dir="0" index="9" bw="32" slack="0"/>
<pin id="4756" dir="0" index="10" bw="32" slack="0"/>
<pin id="4757" dir="0" index="11" bw="32" slack="0"/>
<pin id="4758" dir="0" index="12" bw="32" slack="0"/>
<pin id="4759" dir="0" index="13" bw="32" slack="0"/>
<pin id="4760" dir="0" index="14" bw="32" slack="0"/>
<pin id="4761" dir="0" index="15" bw="32" slack="0"/>
<pin id="4762" dir="0" index="16" bw="32" slack="0"/>
<pin id="4763" dir="1" index="17" bw="512" slack="0"/>
</pin_list>
<bind>
<opcode="bitconcatenate(1004) " fcode="bitconcatenate"/>
<opset="or_ln101_s/6 "/>
</bind>
</comp>

<comp id="4781" class="1004" name="store_ln101_store_fu_4781">
<pin_list>
<pin id="4782" dir="0" index="0" bw="512" slack="0"/>
<pin id="4783" dir="0" index="1" bw="512" slack="5"/>
<pin id="4784" dir="1" index="2" bw="0" slack="2147483647"/>
</pin_list>
<bind>
<opcode="store(28) " fcode="store"/>
<opset="store_ln101/6 "/>
</bind>
</comp>

<comp id="4786" class="1004" name="store_ln101_store_fu_4786">
<pin_list>
<pin id="4787" dir="0" index="0" bw="512" slack="0"/>
<pin id="4788" dir="0" index="1" bw="512" slack="5"/>
<pin id="4789" dir="1" index="2" bw="0" slack="2147483647"/>
</pin_list>
<bind>
<opcode="store(28) " fcode="store"/>
<opset="store_ln101/6 "/>
</bind>
</comp>

<comp id="4791" class="1004" name="store_ln101_store_fu_4791">
<pin_list>
<pin id="4792" dir="0" index="0" bw="512" slack="0"/>
<pin id="4793" dir="0" index="1" bw="512" slack="5"/>
<pin id="4794" dir="1" index="2" bw="0" slack="2147483647"/>
</pin_list>
<bind>
<opcode="store(28) " fcode="store"/>
<opset="store_ln101/6 "/>
</bind>
</comp>

<comp id="4796" class="1004" name="store_ln101_store_fu_4796">
<pin_list>
<pin id="4797" dir="0" index="0" bw="512" slack="0"/>
<pin id="4798" dir="0" index="1" bw="512" slack="5"/>
<pin id="4799" dir="1" index="2" bw="0" slack="2147483647"/>
</pin_list>
<bind>
<opcode="store(28) " fcode="store"/>
<opset="store_ln101/6 "/>
</bind>
</comp>

<comp id="4801" class="1004" name="store_ln101_store_fu_4801">
<pin_list>
<pin id="4802" dir="0" index="0" bw="512" slack="0"/>
<pin id="4803" dir="0" index="1" bw="512" slack="5"/>
<pin id="4804" dir="1" index="2" bw="0" slack="2147483647"/>
</pin_list>
<bind>
<opcode="store(28) " fcode="store"/>
<opset="store_ln101/6 "/>
</bind>
</comp>

<comp id="4806" class="1004" name="store_ln101_store_fu_4806">
<pin_list>
<pin id="4807" dir="0" index="0" bw="512" slack="0"/>
<pin id="4808" dir="0" index="1" bw="512" slack="5"/>
<pin id="4809" dir="1" index="2" bw="0" slack="2147483647"/>
</pin_list>
<bind>
<opcode="store(28) " fcode="store"/>
<opset="store_ln101/6 "/>
</bind>
</comp>

<comp id="4811" class="1004" name="store_ln101_store_fu_4811">
<pin_list>
<pin id="4812" dir="0" index="0" bw="512" slack="0"/>
<pin id="4813" dir="0" index="1" bw="512" slack="5"/>
<pin id="4814" dir="1" index="2" bw="0" slack="2147483647"/>
</pin_list>
<bind>
<opcode="store(28) " fcode="store"/>
<opset="store_ln101/6 "/>
</bind>
</comp>

<comp id="4816" class="1004" name="store_ln101_store_fu_4816">
<pin_list>
<pin id="4817" dir="0" index="0" bw="512" slack="0"/>
<pin id="4818" dir="0" index="1" bw="512" slack="5"/>
<pin id="4819" dir="1" index="2" bw="0" slack="2147483647"/>
</pin_list>
<bind>
<opcode="store(28) " fcode="store"/>
<opset="store_ln101/6 "/>
</bind>
</comp>

<comp id="4821" class="1004" name="store_ln101_store_fu_4821">
<pin_list>
<pin id="4822" dir="0" index="0" bw="512" slack="0"/>
<pin id="4823" dir="0" index="1" bw="512" slack="5"/>
<pin id="4824" dir="1" index="2" bw="0" slack="2147483647"/>
</pin_list>
<bind>
<opcode="store(28) " fcode="store"/>
<opset="store_ln101/6 "/>
</bind>
</comp>

<comp id="4826" class="1004" name="store_ln101_store_fu_4826">
<pin_list>
<pin id="4827" dir="0" index="0" bw="512" slack="0"/>
<pin id="4828" dir="0" index="1" bw="512" slack="5"/>
<pin id="4829" dir="1" index="2" bw="0" slack="2147483647"/>
</pin_list>
<bind>
<opcode="store(28) " fcode="store"/>
<opset="store_ln101/6 "/>
</bind>
</comp>

<comp id="4831" class="1004" name="store_ln101_store_fu_4831">
<pin_list>
<pin id="4832" dir="0" index="0" bw="512" slack="0"/>
<pin id="4833" dir="0" index="1" bw="512" slack="5"/>
<pin id="4834" dir="1" index="2" bw="0" slack="2147483647"/>
</pin_list>
<bind>
<opcode="store(28) " fcode="store"/>
<opset="store_ln101/6 "/>
</bind>
</comp>

<comp id="4836" class="1004" name="store_ln101_store_fu_4836">
<pin_list>
<pin id="4837" dir="0" index="0" bw="512" slack="0"/>
<pin id="4838" dir="0" index="1" bw="512" slack="5"/>
<pin id="4839" dir="1" index="2" bw="0" slack="2147483647"/>
</pin_list>
<bind>
<opcode="store(28) " fcode="store"/>
<opset="store_ln101/6 "/>
</bind>
</comp>

<comp id="4841" class="1004" name="store_ln101_store_fu_4841">
<pin_list>
<pin id="4842" dir="0" index="0" bw="512" slack="0"/>
<pin id="4843" dir="0" index="1" bw="512" slack="5"/>
<pin id="4844" dir="1" index="2" bw="0" slack="2147483647"/>
</pin_list>
<bind>
<opcode="store(28) " fcode="store"/>
<opset="store_ln101/6 "/>
</bind>
</comp>

<comp id="4846" class="1004" name="store_ln101_store_fu_4846">
<pin_list>
<pin id="4847" dir="0" index="0" bw="512" slack="0"/>
<pin id="4848" dir="0" index="1" bw="512" slack="5"/>
<pin id="4849" dir="1" index="2" bw="0" slack="2147483647"/>
</pin_list>
<bind>
<opcode="store(28) " fcode="store"/>
<opset="store_ln101/6 "/>
</bind>
</comp>

<comp id="4851" class="1004" name="store_ln101_store_fu_4851">
<pin_list>
<pin id="4852" dir="0" index="0" bw="512" slack="0"/>
<pin id="4853" dir="0" index="1" bw="512" slack="5"/>
<pin id="4854" dir="1" index="2" bw="0" slack="2147483647"/>
</pin_list>
<bind>
<opcode="store(28) " fcode="store"/>
<opset="store_ln101/6 "/>
</bind>
</comp>

<comp id="4856" class="1004" name="store_ln101_store_fu_4856">
<pin_list>
<pin id="4857" dir="0" index="0" bw="512" slack="0"/>
<pin id="4858" dir="0" index="1" bw="512" slack="5"/>
<pin id="4859" dir="1" index="2" bw="0" slack="2147483647"/>
</pin_list>
<bind>
<opcode="store(28) " fcode="store"/>
<opset="store_ln101/6 "/>
</bind>
</comp>

<comp id="4861" class="1004" name="AB_block_0_2_load_1_load_fu_4861">
<pin_list>
<pin id="4862" dir="0" index="0" bw="512" slack="4"/>
<pin id="4863" dir="1" index="1" bw="512" slack="0"/>
</pin_list>
<bind>
<opcode="load(27) " fcode="load"/>
<opset="AB_block_0_2_load_1/5 "/>
</bind>
</comp>

<comp id="4865" class="1004" name="AB_block_1_2_load_1_load_fu_4865">
<pin_list>
<pin id="4866" dir="0" index="0" bw="512" slack="4"/>
<pin id="4867" dir="1" index="1" bw="512" slack="0"/>
</pin_list>
<bind>
<opcode="load(27) " fcode="load"/>
<opset="AB_block_1_2_load_1/5 "/>
</bind>
</comp>

<comp id="4869" class="1004" name="AB_block_2_2_load_1_load_fu_4869">
<pin_list>
<pin id="4870" dir="0" index="0" bw="512" slack="4"/>
<pin id="4871" dir="1" index="1" bw="512" slack="0"/>
</pin_list>
<bind>
<opcode="load(27) " fcode="load"/>
<opset="AB_block_2_2_load_1/5 "/>
</bind>
</comp>

<comp id="4873" class="1004" name="AB_block_3_2_load_1_load_fu_4873">
<pin_list>
<pin id="4874" dir="0" index="0" bw="512" slack="4"/>
<pin id="4875" dir="1" index="1" bw="512" slack="0"/>
</pin_list>
<bind>
<opcode="load(27) " fcode="load"/>
<opset="AB_block_3_2_load_1/5 "/>
</bind>
</comp>

<comp id="4877" class="1004" name="AB_block_4_2_load_1_load_fu_4877">
<pin_list>
<pin id="4878" dir="0" index="0" bw="512" slack="4"/>
<pin id="4879" dir="1" index="1" bw="512" slack="0"/>
</pin_list>
<bind>
<opcode="load(27) " fcode="load"/>
<opset="AB_block_4_2_load_1/5 "/>
</bind>
</comp>

<comp id="4881" class="1004" name="AB_block_5_2_load_1_load_fu_4881">
<pin_list>
<pin id="4882" dir="0" index="0" bw="512" slack="4"/>
<pin id="4883" dir="1" index="1" bw="512" slack="0"/>
</pin_list>
<bind>
<opcode="load(27) " fcode="load"/>
<opset="AB_block_5_2_load_1/5 "/>
</bind>
</comp>

<comp id="4885" class="1004" name="AB_block_6_2_load_1_load_fu_4885">
<pin_list>
<pin id="4886" dir="0" index="0" bw="512" slack="4"/>
<pin id="4887" dir="1" index="1" bw="512" slack="0"/>
</pin_list>
<bind>
<opcode="load(27) " fcode="load"/>
<opset="AB_block_6_2_load_1/5 "/>
</bind>
</comp>

<comp id="4889" class="1004" name="AB_block_7_2_load_1_load_fu_4889">
<pin_list>
<pin id="4890" dir="0" index="0" bw="512" slack="4"/>
<pin id="4891" dir="1" index="1" bw="512" slack="0"/>
</pin_list>
<bind>
<opcode="load(27) " fcode="load"/>
<opset="AB_block_7_2_load_1/5 "/>
</bind>
</comp>

<comp id="4893" class="1004" name="AB_block_8_2_load_1_load_fu_4893">
<pin_list>
<pin id="4894" dir="0" index="0" bw="512" slack="4"/>
<pin id="4895" dir="1" index="1" bw="512" slack="0"/>
</pin_list>
<bind>
<opcode="load(27) " fcode="load"/>
<opset="AB_block_8_2_load_1/5 "/>
</bind>
</comp>

<comp id="4897" class="1004" name="AB_block_9_2_load_1_load_fu_4897">
<pin_list>
<pin id="4898" dir="0" index="0" bw="512" slack="4"/>
<pin id="4899" dir="1" index="1" bw="512" slack="0"/>
</pin_list>
<bind>
<opcode="load(27) " fcode="load"/>
<opset="AB_block_9_2_load_1/5 "/>
</bind>
</comp>

<comp id="4901" class="1004" name="AB_block_10_2_load_1_load_fu_4901">
<pin_list>
<pin id="4902" dir="0" index="0" bw="512" slack="4"/>
<pin id="4903" dir="1" index="1" bw="512" slack="0"/>
</pin_list>
<bind>
<opcode="load(27) " fcode="load"/>
<opset="AB_block_10_2_load_1/5 "/>
</bind>
</comp>

<comp id="4905" class="1004" name="AB_block_11_2_load_1_load_fu_4905">
<pin_list>
<pin id="4906" dir="0" index="0" bw="512" slack="4"/>
<pin id="4907" dir="1" index="1" bw="512" slack="0"/>
</pin_list>
<bind>
<opcode="load(27) " fcode="load"/>
<opset="AB_block_11_2_load_1/5 "/>
</bind>
</comp>

<comp id="4909" class="1004" name="AB_block_12_2_load_1_load_fu_4909">
<pin_list>
<pin id="4910" dir="0" index="0" bw="512" slack="4"/>
<pin id="4911" dir="1" index="1" bw="512" slack="0"/>
</pin_list>
<bind>
<opcode="load(27) " fcode="load"/>
<opset="AB_block_12_2_load_1/5 "/>
</bind>
</comp>

<comp id="4913" class="1004" name="AB_block_13_2_load_1_load_fu_4913">
<pin_list>
<pin id="4914" dir="0" index="0" bw="512" slack="4"/>
<pin id="4915" dir="1" index="1" bw="512" slack="0"/>
</pin_list>
<bind>
<opcode="load(27) " fcode="load"/>
<opset="AB_block_13_2_load_1/5 "/>
</bind>
</comp>

<comp id="4917" class="1004" name="AB_block_14_2_load_1_load_fu_4917">
<pin_list>
<pin id="4918" dir="0" index="0" bw="512" slack="4"/>
<pin id="4919" dir="1" index="1" bw="512" slack="0"/>
</pin_list>
<bind>
<opcode="load(27) " fcode="load"/>
<opset="AB_block_14_2_load_1/5 "/>
</bind>
</comp>

<comp id="4921" class="1004" name="AB_block_15_2_load_1_load_fu_4921">
<pin_list>
<pin id="4922" dir="0" index="0" bw="512" slack="4"/>
<pin id="4923" dir="1" index="1" bw="512" slack="0"/>
</pin_list>
<bind>
<opcode="load(27) " fcode="load"/>
<opset="AB_block_15_2_load_1/5 "/>
</bind>
</comp>

<comp id="4925" class="1005" name="i_reg_4925">
<pin_list>
<pin id="4926" dir="0" index="0" bw="5" slack="0"/>
<pin id="4927" dir="1" index="1" bw="5" slack="0"/>
</pin_list>
<bind>
<opset="i "/>
</bind>
</comp>

<comp id="4932" class="1005" name="indvar_flatten_reg_4932">
<pin_list>
<pin id="4933" dir="0" index="0" bw="10" slack="0"/>
<pin id="4934" dir="1" index="1" bw="10" slack="0"/>
</pin_list>
<bind>
<opset="indvar_flatten "/>
</bind>
</comp>

<comp id="4939" class="1005" name="indvar_flatten43_reg_4939">
<pin_list>
<pin id="4940" dir="0" index="0" bw="35" slack="0"/>
<pin id="4941" dir="1" index="1" bw="35" slack="0"/>
</pin_list>
<bind>
<opset="indvar_flatten43 "/>
</bind>
</comp>

<comp id="4946" class="1005" name="AB_block_0_2_reg_4946">
<pin_list>
<pin id="4947" dir="0" index="0" bw="512" slack="0"/>
<pin id="4948" dir="1" index="1" bw="512" slack="0"/>
</pin_list>
<bind>
<opset="AB_block_0_2 "/>
</bind>
</comp>

<comp id="4954" class="1005" name="AB_block_1_2_reg_4954">
<pin_list>
<pin id="4955" dir="0" index="0" bw="512" slack="0"/>
<pin id="4956" dir="1" index="1" bw="512" slack="0"/>
</pin_list>
<bind>
<opset="AB_block_1_2 "/>
</bind>
</comp>

<comp id="4962" class="1005" name="AB_block_2_2_reg_4962">
<pin_list>
<pin id="4963" dir="0" index="0" bw="512" slack="0"/>
<pin id="4964" dir="1" index="1" bw="512" slack="0"/>
</pin_list>
<bind>
<opset="AB_block_2_2 "/>
</bind>
</comp>

<comp id="4970" class="1005" name="AB_block_3_2_reg_4970">
<pin_list>
<pin id="4971" dir="0" index="0" bw="512" slack="0"/>
<pin id="4972" dir="1" index="1" bw="512" slack="0"/>
</pin_list>
<bind>
<opset="AB_block_3_2 "/>
</bind>
</comp>

<comp id="4978" class="1005" name="AB_block_4_2_reg_4978">
<pin_list>
<pin id="4979" dir="0" index="0" bw="512" slack="0"/>
<pin id="4980" dir="1" index="1" bw="512" slack="0"/>
</pin_list>
<bind>
<opset="AB_block_4_2 "/>
</bind>
</comp>

<comp id="4986" class="1005" name="AB_block_5_2_reg_4986">
<pin_list>
<pin id="4987" dir="0" index="0" bw="512" slack="0"/>
<pin id="4988" dir="1" index="1" bw="512" slack="0"/>
</pin_list>
<bind>
<opset="AB_block_5_2 "/>
</bind>
</comp>

<comp id="4994" class="1005" name="AB_block_6_2_reg_4994">
<pin_list>
<pin id="4995" dir="0" index="0" bw="512" slack="0"/>
<pin id="4996" dir="1" index="1" bw="512" slack="0"/>
</pin_list>
<bind>
<opset="AB_block_6_2 "/>
</bind>
</comp>

<comp id="5002" class="1005" name="AB_block_7_2_reg_5002">
<pin_list>
<pin id="5003" dir="0" index="0" bw="512" slack="0"/>
<pin id="5004" dir="1" index="1" bw="512" slack="0"/>
</pin_list>
<bind>
<opset="AB_block_7_2 "/>
</bind>
</comp>

<comp id="5010" class="1005" name="AB_block_8_2_reg_5010">
<pin_list>
<pin id="5011" dir="0" index="0" bw="512" slack="0"/>
<pin id="5012" dir="1" index="1" bw="512" slack="0"/>
</pin_list>
<bind>
<opset="AB_block_8_2 "/>
</bind>
</comp>

<comp id="5018" class="1005" name="AB_block_9_2_reg_5018">
<pin_list>
<pin id="5019" dir="0" index="0" bw="512" slack="0"/>
<pin id="5020" dir="1" index="1" bw="512" slack="0"/>
</pin_list>
<bind>
<opset="AB_block_9_2 "/>
</bind>
</comp>

<comp id="5026" class="1005" name="AB_block_10_2_reg_5026">
<pin_list>
<pin id="5027" dir="0" index="0" bw="512" slack="0"/>
<pin id="5028" dir="1" index="1" bw="512" slack="0"/>
</pin_list>
<bind>
<opset="AB_block_10_2 "/>
</bind>
</comp>

<comp id="5034" class="1005" name="AB_block_11_2_reg_5034">
<pin_list>
<pin id="5035" dir="0" index="0" bw="512" slack="0"/>
<pin id="5036" dir="1" index="1" bw="512" slack="0"/>
</pin_list>
<bind>
<opset="AB_block_11_2 "/>
</bind>
</comp>

<comp id="5042" class="1005" name="AB_block_12_2_reg_5042">
<pin_list>
<pin id="5043" dir="0" index="0" bw="512" slack="0"/>
<pin id="5044" dir="1" index="1" bw="512" slack="0"/>
</pin_list>
<bind>
<opset="AB_block_12_2 "/>
</bind>
</comp>

<comp id="5050" class="1005" name="AB_block_13_2_reg_5050">
<pin_list>
<pin id="5051" dir="0" index="0" bw="512" slack="0"/>
<pin id="5052" dir="1" index="1" bw="512" slack="0"/>
</pin_list>
<bind>
<opset="AB_block_13_2 "/>
</bind>
</comp>

<comp id="5058" class="1005" name="AB_block_14_2_reg_5058">
<pin_list>
<pin id="5059" dir="0" index="0" bw="512" slack="0"/>
<pin id="5060" dir="1" index="1" bw="512" slack="0"/>
</pin_list>
<bind>
<opset="AB_block_14_2 "/>
</bind>
</comp>

<comp id="5066" class="1005" name="AB_block_15_2_reg_5066">
<pin_list>
<pin id="5067" dir="0" index="0" bw="512" slack="0"/>
<pin id="5068" dir="1" index="1" bw="512" slack="0"/>
</pin_list>
<bind>
<opset="AB_block_15_2 "/>
</bind>
</comp>

<comp id="5074" class="1005" name="empty_reg_5074">
<pin_list>
<pin id="5075" dir="0" index="0" bw="512" slack="2"/>
<pin id="5076" dir="1" index="1" bw="512" slack="2"/>
</pin_list>
<bind>
<opset="empty "/>
</bind>
</comp>

<comp id="5080" class="1005" name="p_038_reg_5080">
<pin_list>
<pin id="5081" dir="0" index="0" bw="512" slack="2"/>
<pin id="5082" dir="1" index="1" bw="512" slack="2"/>
</pin_list>
<bind>
<opset="p_038 "/>
</bind>
</comp>

<comp id="5086" class="1005" name="tmp_45_read_reg_5086">
<pin_list>
<pin id="5087" dir="0" index="0" bw="35" slack="1"/>
<pin id="5088" dir="1" index="1" bw="35" slack="1"/>
</pin_list>
<bind>
<opset="tmp_45_read "/>
</bind>
</comp>

<comp id="5091" class="1005" name="icmp_ln88_reg_5091">
<pin_list>
<pin id="5092" dir="0" index="0" bw="1" slack="3"/>
<pin id="5093" dir="1" index="1" bw="1" slack="2147483647"/>
</pin_list>
<bind>
<opset="icmp_ln88 "/>
</bind>
</comp>

<comp id="5095" class="1005" name="first_iter_0_reg_5095">
<pin_list>
<pin id="5096" dir="0" index="0" bw="1" slack="1"/>
<pin id="5097" dir="1" index="1" bw="1" slack="2147483647"/>
</pin_list>
<bind>
<opset="first_iter_0 "/>
</bind>
</comp>

<comp id="5099" class="1005" name="trunc_ln96_reg_5099">
<pin_list>
<pin id="5100" dir="0" index="0" bw="4" slack="2"/>
<pin id="5101" dir="1" index="1" bw="4" slack="2"/>
</pin_list>
<bind>
<opset="trunc_ln96 "/>
</bind>
</comp>

<comp id="5120" class="1005" name="trunc_ln93_reg_5120">
<pin_list>
<pin id="5121" dir="0" index="0" bw="32" slack="1"/>
<pin id="5122" dir="1" index="1" bw="32" slack="1"/>
</pin_list>
<bind>
<opset="trunc_ln93 "/>
</bind>
</comp>

<comp id="5125" class="1005" name="trunc_ln93_1_reg_5125">
<pin_list>
<pin id="5126" dir="0" index="0" bw="32" slack="1"/>
<pin id="5127" dir="1" index="1" bw="32" slack="1"/>
</pin_list>
<bind>
<opset="trunc_ln93_1 "/>
</bind>
</comp>

<comp id="5130" class="1005" name="trunc_ln93_2_reg_5130">
<pin_list>
<pin id="5131" dir="0" index="0" bw="32" slack="1"/>
<pin id="5132" dir="1" index="1" bw="32" slack="1"/>
</pin_list>
<bind>
<opset="trunc_ln93_2 "/>
</bind>
</comp>

<comp id="5135" class="1005" name="trunc_ln93_3_reg_5135">
<pin_list>
<pin id="5136" dir="0" index="0" bw="32" slack="1"/>
<pin id="5137" dir="1" index="1" bw="32" slack="1"/>
</pin_list>
<bind>
<opset="trunc_ln93_3 "/>
</bind>
</comp>

<comp id="5140" class="1005" name="trunc_ln93_4_reg_5140">
<pin_list>
<pin id="5141" dir="0" index="0" bw="32" slack="1"/>
<pin id="5142" dir="1" index="1" bw="32" slack="1"/>
</pin_list>
<bind>
<opset="trunc_ln93_4 "/>
</bind>
</comp>

<comp id="5145" class="1005" name="trunc_ln93_5_reg_5145">
<pin_list>
<pin id="5146" dir="0" index="0" bw="32" slack="1"/>
<pin id="5147" dir="1" index="1" bw="32" slack="1"/>
</pin_list>
<bind>
<opset="trunc_ln93_5 "/>
</bind>
</comp>

<comp id="5150" class="1005" name="trunc_ln93_6_reg_5150">
<pin_list>
<pin id="5151" dir="0" index="0" bw="32" slack="1"/>
<pin id="5152" dir="1" index="1" bw="32" slack="1"/>
</pin_list>
<bind>
<opset="trunc_ln93_6 "/>
</bind>
</comp>

<comp id="5155" class="1005" name="trunc_ln93_7_reg_5155">
<pin_list>
<pin id="5156" dir="0" index="0" bw="32" slack="1"/>
<pin id="5157" dir="1" index="1" bw="32" slack="1"/>
</pin_list>
<bind>
<opset="trunc_ln93_7 "/>
</bind>
</comp>

<comp id="5160" class="1005" name="trunc_ln93_8_reg_5160">
<pin_list>
<pin id="5161" dir="0" index="0" bw="32" slack="1"/>
<pin id="5162" dir="1" index="1" bw="32" slack="1"/>
</pin_list>
<bind>
<opset="trunc_ln93_8 "/>
</bind>
</comp>

<comp id="5165" class="1005" name="trunc_ln93_9_reg_5165">
<pin_list>
<pin id="5166" dir="0" index="0" bw="32" slack="1"/>
<pin id="5167" dir="1" index="1" bw="32" slack="1"/>
</pin_list>
<bind>
<opset="trunc_ln93_9 "/>
</bind>
</comp>

<comp id="5170" class="1005" name="trunc_ln93_s_reg_5170">
<pin_list>
<pin id="5171" dir="0" index="0" bw="32" slack="1"/>
<pin id="5172" dir="1" index="1" bw="32" slack="1"/>
</pin_list>
<bind>
<opset="trunc_ln93_s "/>
</bind>
</comp>

<comp id="5175" class="1005" name="trunc_ln93_10_reg_5175">
<pin_list>
<pin id="5176" dir="0" index="0" bw="32" slack="1"/>
<pin id="5177" dir="1" index="1" bw="32" slack="1"/>
</pin_list>
<bind>
<opset="trunc_ln93_10 "/>
</bind>
</comp>

<comp id="5180" class="1005" name="trunc_ln93_11_reg_5180">
<pin_list>
<pin id="5181" dir="0" index="0" bw="32" slack="1"/>
<pin id="5182" dir="1" index="1" bw="32" slack="1"/>
</pin_list>
<bind>
<opset="trunc_ln93_11 "/>
</bind>
</comp>

<comp id="5185" class="1005" name="trunc_ln93_12_reg_5185">
<pin_list>
<pin id="5186" dir="0" index="0" bw="32" slack="1"/>
<pin id="5187" dir="1" index="1" bw="32" slack="1"/>
</pin_list>
<bind>
<opset="trunc_ln93_12 "/>
</bind>
</comp>

<comp id="5190" class="1005" name="trunc_ln93_13_reg_5190">
<pin_list>
<pin id="5191" dir="0" index="0" bw="32" slack="1"/>
<pin id="5192" dir="1" index="1" bw="32" slack="1"/>
</pin_list>
<bind>
<opset="trunc_ln93_13 "/>
</bind>
</comp>

<comp id="5195" class="1005" name="trunc_ln93_14_reg_5195">
<pin_list>
<pin id="5196" dir="0" index="0" bw="32" slack="1"/>
<pin id="5197" dir="1" index="1" bw="32" slack="1"/>
</pin_list>
<bind>
<opset="trunc_ln93_14 "/>
</bind>
</comp>

<comp id="5200" class="1005" name="trunc_ln101_reg_5200">
<pin_list>
<pin id="5201" dir="0" index="0" bw="32" slack="1"/>
<pin id="5202" dir="1" index="1" bw="32" slack="1"/>
</pin_list>
<bind>
<opset="trunc_ln101 "/>
</bind>
</comp>

<comp id="5220" class="1005" name="mul_ln101_reg_5220">
<pin_list>
<pin id="5221" dir="0" index="0" bw="32" slack="1"/>
<pin id="5222" dir="1" index="1" bw="32" slack="1"/>
</pin_list>
<bind>
<opset="mul_ln101 "/>
</bind>
</comp>

<comp id="5225" class="1005" name="mul_ln101_1_reg_5225">
<pin_list>
<pin id="5226" dir="0" index="0" bw="32" slack="1"/>
<pin id="5227" dir="1" index="1" bw="32" slack="1"/>
</pin_list>
<bind>
<opset="mul_ln101_1 "/>
</bind>
</comp>

<comp id="5230" class="1005" name="mul_ln101_2_reg_5230">
<pin_list>
<pin id="5231" dir="0" index="0" bw="32" slack="1"/>
<pin id="5232" dir="1" index="1" bw="32" slack="1"/>
</pin_list>
<bind>
<opset="mul_ln101_2 "/>
</bind>
</comp>

<comp id="5235" class="1005" name="mul_ln101_3_reg_5235">
<pin_list>
<pin id="5236" dir="0" index="0" bw="32" slack="1"/>
<pin id="5237" dir="1" index="1" bw="32" slack="1"/>
</pin_list>
<bind>
<opset="mul_ln101_3 "/>
</bind>
</comp>

<comp id="5240" class="1005" name="mul_ln101_4_reg_5240">
<pin_list>
<pin id="5241" dir="0" index="0" bw="32" slack="1"/>
<pin id="5242" dir="1" index="1" bw="32" slack="1"/>
</pin_list>
<bind>
<opset="mul_ln101_4 "/>
</bind>
</comp>

<comp id="5245" class="1005" name="mul_ln101_5_reg_5245">
<pin_list>
<pin id="5246" dir="0" index="0" bw="32" slack="1"/>
<pin id="5247" dir="1" index="1" bw="32" slack="1"/>
</pin_list>
<bind>
<opset="mul_ln101_5 "/>
</bind>
</comp>

<comp id="5250" class="1005" name="mul_ln101_6_reg_5250">
<pin_list>
<pin id="5251" dir="0" index="0" bw="32" slack="1"/>
<pin id="5252" dir="1" index="1" bw="32" slack="1"/>
</pin_list>
<bind>
<opset="mul_ln101_6 "/>
</bind>
</comp>

<comp id="5255" class="1005" name="mul_ln101_7_reg_5255">
<pin_list>
<pin id="5256" dir="0" index="0" bw="32" slack="1"/>
<pin id="5257" dir="1" index="1" bw="32" slack="1"/>
</pin_list>
<bind>
<opset="mul_ln101_7 "/>
</bind>
</comp>

<comp id="5260" class="1005" name="mul_ln101_8_reg_5260">
<pin_list>
<pin id="5261" dir="0" index="0" bw="32" slack="1"/>
<pin id="5262" dir="1" index="1" bw="32" slack="1"/>
</pin_list>
<bind>
<opset="mul_ln101_8 "/>
</bind>
</comp>

<comp id="5265" class="1005" name="mul_ln101_9_reg_5265">
<pin_list>
<pin id="5266" dir="0" index="0" bw="32" slack="1"/>
<pin id="5267" dir="1" index="1" bw="32" slack="1"/>
</pin_list>
<bind>
<opset="mul_ln101_9 "/>
</bind>
</comp>

<comp id="5270" class="1005" name="mul_ln101_10_reg_5270">
<pin_list>
<pin id="5271" dir="0" index="0" bw="32" slack="1"/>
<pin id="5272" dir="1" index="1" bw="32" slack="1"/>
</pin_list>
<bind>
<opset="mul_ln101_10 "/>
</bind>
</comp>

<comp id="5275" class="1005" name="mul_ln101_11_reg_5275">
<pin_list>
<pin id="5276" dir="0" index="0" bw="32" slack="1"/>
<pin id="5277" dir="1" index="1" bw="32" slack="1"/>
</pin_list>
<bind>
<opset="mul_ln101_11 "/>
</bind>
</comp>

<comp id="5280" class="1005" name="mul_ln101_12_reg_5280">
<pin_list>
<pin id="5281" dir="0" index="0" bw="32" slack="1"/>
<pin id="5282" dir="1" index="1" bw="32" slack="1"/>
</pin_list>
<bind>
<opset="mul_ln101_12 "/>
</bind>
</comp>

<comp id="5285" class="1005" name="mul_ln101_13_reg_5285">
<pin_list>
<pin id="5286" dir="0" index="0" bw="32" slack="1"/>
<pin id="5287" dir="1" index="1" bw="32" slack="1"/>
</pin_list>
<bind>
<opset="mul_ln101_13 "/>
</bind>
</comp>

<comp id="5290" class="1005" name="mul_ln101_14_reg_5290">
<pin_list>
<pin id="5291" dir="0" index="0" bw="32" slack="1"/>
<pin id="5292" dir="1" index="1" bw="32" slack="1"/>
</pin_list>
<bind>
<opset="mul_ln101_14 "/>
</bind>
</comp>

<comp id="5295" class="1005" name="mul_ln101_15_reg_5295">
<pin_list>
<pin id="5296" dir="0" index="0" bw="32" slack="1"/>
<pin id="5297" dir="1" index="1" bw="32" slack="1"/>
</pin_list>
<bind>
<opset="mul_ln101_15 "/>
</bind>
</comp>

</comp_list>

<net_list>
<net id="223"><net_src comp="70" pin="0"/><net_sink comp="220" pin=0"/></net>

<net id="227"><net_src comp="70" pin="0"/><net_sink comp="224" pin=0"/></net>

<net id="231"><net_src comp="70" pin="0"/><net_sink comp="228" pin=0"/></net>

<net id="235"><net_src comp="70" pin="0"/><net_sink comp="232" pin=0"/></net>

<net id="239"><net_src comp="70" pin="0"/><net_sink comp="236" pin=0"/></net>

<net id="243"><net_src comp="70" pin="0"/><net_sink comp="240" pin=0"/></net>

<net id="247"><net_src comp="70" pin="0"/><net_sink comp="244" pin=0"/></net>

<net id="251"><net_src comp="70" pin="0"/><net_sink comp="248" pin=0"/></net>

<net id="255"><net_src comp="70" pin="0"/><net_sink comp="252" pin=0"/></net>

<net id="259"><net_src comp="70" pin="0"/><net_sink comp="256" pin=0"/></net>

<net id="263"><net_src comp="70" pin="0"/><net_sink comp="260" pin=0"/></net>

<net id="267"><net_src comp="70" pin="0"/><net_sink comp="264" pin=0"/></net>

<net id="271"><net_src comp="70" pin="0"/><net_sink comp="268" pin=0"/></net>

<net id="275"><net_src comp="70" pin="0"/><net_sink comp="272" pin=0"/></net>

<net id="279"><net_src comp="70" pin="0"/><net_sink comp="276" pin=0"/></net>

<net id="283"><net_src comp="70" pin="0"/><net_sink comp="280" pin=0"/></net>

<net id="287"><net_src comp="70" pin="0"/><net_sink comp="284" pin=0"/></net>

<net id="291"><net_src comp="70" pin="0"/><net_sink comp="288" pin=0"/></net>

<net id="295"><net_src comp="70" pin="0"/><net_sink comp="292" pin=0"/></net>

<net id="299"><net_src comp="70" pin="0"/><net_sink comp="296" pin=0"/></net>

<net id="303"><net_src comp="70" pin="0"/><net_sink comp="300" pin=0"/></net>

<net id="308"><net_src comp="82" pin="0"/><net_sink comp="304" pin=0"/></net>

<net id="309"><net_src comp="32" pin="0"/><net_sink comp="304" pin=1"/></net>

<net id="314"><net_src comp="84" pin="0"/><net_sink comp="310" pin=0"/></net>

<net id="315"><net_src comp="30" pin="0"/><net_sink comp="310" pin=1"/></net>

<net id="320"><net_src comp="84" pin="0"/><net_sink comp="316" pin=0"/></net>

<net id="321"><net_src comp="28" pin="0"/><net_sink comp="316" pin=1"/></net>

<net id="326"><net_src comp="84" pin="0"/><net_sink comp="322" pin=0"/></net>

<net id="327"><net_src comp="26" pin="0"/><net_sink comp="322" pin=1"/></net>

<net id="332"><net_src comp="84" pin="0"/><net_sink comp="328" pin=0"/></net>

<net id="333"><net_src comp="24" pin="0"/><net_sink comp="328" pin=1"/></net>

<net id="338"><net_src comp="84" pin="0"/><net_sink comp="334" pin=0"/></net>

<net id="339"><net_src comp="22" pin="0"/><net_sink comp="334" pin=1"/></net>

<net id="344"><net_src comp="84" pin="0"/><net_sink comp="340" pin=0"/></net>

<net id="345"><net_src comp="20" pin="0"/><net_sink comp="340" pin=1"/></net>

<net id="350"><net_src comp="84" pin="0"/><net_sink comp="346" pin=0"/></net>

<net id="351"><net_src comp="18" pin="0"/><net_sink comp="346" pin=1"/></net>

<net id="356"><net_src comp="84" pin="0"/><net_sink comp="352" pin=0"/></net>

<net id="357"><net_src comp="16" pin="0"/><net_sink comp="352" pin=1"/></net>

<net id="362"><net_src comp="84" pin="0"/><net_sink comp="358" pin=0"/></net>

<net id="363"><net_src comp="14" pin="0"/><net_sink comp="358" pin=1"/></net>

<net id="368"><net_src comp="84" pin="0"/><net_sink comp="364" pin=0"/></net>

<net id="369"><net_src comp="12" pin="0"/><net_sink comp="364" pin=1"/></net>

<net id="374"><net_src comp="84" pin="0"/><net_sink comp="370" pin=0"/></net>

<net id="375"><net_src comp="10" pin="0"/><net_sink comp="370" pin=1"/></net>

<net id="380"><net_src comp="84" pin="0"/><net_sink comp="376" pin=0"/></net>

<net id="381"><net_src comp="8" pin="0"/><net_sink comp="376" pin=1"/></net>

<net id="386"><net_src comp="84" pin="0"/><net_sink comp="382" pin=0"/></net>

<net id="387"><net_src comp="6" pin="0"/><net_sink comp="382" pin=1"/></net>

<net id="392"><net_src comp="84" pin="0"/><net_sink comp="388" pin=0"/></net>

<net id="393"><net_src comp="4" pin="0"/><net_sink comp="388" pin=1"/></net>

<net id="398"><net_src comp="84" pin="0"/><net_sink comp="394" pin=0"/></net>

<net id="399"><net_src comp="2" pin="0"/><net_sink comp="394" pin=1"/></net>

<net id="404"><net_src comp="84" pin="0"/><net_sink comp="400" pin=0"/></net>

<net id="405"><net_src comp="0" pin="0"/><net_sink comp="400" pin=1"/></net>

<net id="410"><net_src comp="142" pin="0"/><net_sink comp="406" pin=0"/></net>

<net id="411"><net_src comp="34" pin="0"/><net_sink comp="406" pin=1"/></net>

<net id="416"><net_src comp="142" pin="0"/><net_sink comp="412" pin=0"/></net>

<net id="417"><net_src comp="36" pin="0"/><net_sink comp="412" pin=1"/></net>

<net id="423"><net_src comp="218" pin="0"/><net_sink comp="418" pin=0"/></net>

<net id="424"><net_src comp="38" pin="0"/><net_sink comp="418" pin=1"/></net>

<net id="430"><net_src comp="218" pin="0"/><net_sink comp="425" pin=0"/></net>

<net id="431"><net_src comp="40" pin="0"/><net_sink comp="425" pin=1"/></net>

<net id="437"><net_src comp="218" pin="0"/><net_sink comp="432" pin=0"/></net>

<net id="438"><net_src comp="42" pin="0"/><net_sink comp="432" pin=1"/></net>

<net id="444"><net_src comp="218" pin="0"/><net_sink comp="439" pin=0"/></net>

<net id="445"><net_src comp="44" pin="0"/><net_sink comp="439" pin=1"/></net>

<net id="451"><net_src comp="218" pin="0"/><net_sink comp="446" pin=0"/></net>

<net id="452"><net_src comp="46" pin="0"/><net_sink comp="446" pin=1"/></net>

<net id="458"><net_src comp="218" pin="0"/><net_sink comp="453" pin=0"/></net>

<net id="459"><net_src comp="48" pin="0"/><net_sink comp="453" pin=1"/></net>

<net id="465"><net_src comp="218" pin="0"/><net_sink comp="460" pin=0"/></net>

<net id="466"><net_src comp="50" pin="0"/><net_sink comp="460" pin=1"/></net>

<net id="472"><net_src comp="218" pin="0"/><net_sink comp="467" pin=0"/></net>

<net id="473"><net_src comp="52" pin="0"/><net_sink comp="467" pin=1"/></net>

<net id="479"><net_src comp="218" pin="0"/><net_sink comp="474" pin=0"/></net>

<net id="480"><net_src comp="54" pin="0"/><net_sink comp="474" pin=1"/></net>

<net id="486"><net_src comp="218" pin="0"/><net_sink comp="481" pin=0"/></net>

<net id="487"><net_src comp="56" pin="0"/><net_sink comp="481" pin=1"/></net>

<net id="493"><net_src comp="218" pin="0"/><net_sink comp="488" pin=0"/></net>

<net id="494"><net_src comp="58" pin="0"/><net_sink comp="488" pin=1"/></net>

<net id="500"><net_src comp="218" pin="0"/><net_sink comp="495" pin=0"/></net>

<net id="501"><net_src comp="60" pin="0"/><net_sink comp="495" pin=1"/></net>

<net id="507"><net_src comp="218" pin="0"/><net_sink comp="502" pin=0"/></net>

<net id="508"><net_src comp="62" pin="0"/><net_sink comp="502" pin=1"/></net>

<net id="514"><net_src comp="218" pin="0"/><net_sink comp="509" pin=0"/></net>

<net id="515"><net_src comp="64" pin="0"/><net_sink comp="509" pin=1"/></net>

<net id="521"><net_src comp="218" pin="0"/><net_sink comp="516" pin=0"/></net>

<net id="522"><net_src comp="66" pin="0"/><net_sink comp="516" pin=1"/></net>

<net id="528"><net_src comp="218" pin="0"/><net_sink comp="523" pin=0"/></net>

<net id="529"><net_src comp="68" pin="0"/><net_sink comp="523" pin=1"/></net>

<net id="598"><net_src comp="400" pin="2"/><net_sink comp="594" pin=0"/></net>

<net id="603"><net_src comp="394" pin="2"/><net_sink comp="599" pin=0"/></net>

<net id="608"><net_src comp="388" pin="2"/><net_sink comp="604" pin=0"/></net>

<net id="613"><net_src comp="382" pin="2"/><net_sink comp="609" pin=0"/></net>

<net id="618"><net_src comp="376" pin="2"/><net_sink comp="614" pin=0"/></net>

<net id="623"><net_src comp="370" pin="2"/><net_sink comp="619" pin=0"/></net>

<net id="628"><net_src comp="364" pin="2"/><net_sink comp="624" pin=0"/></net>

<net id="633"><net_src comp="358" pin="2"/><net_sink comp="629" pin=0"/></net>

<net id="638"><net_src comp="352" pin="2"/><net_sink comp="634" pin=0"/></net>

<net id="643"><net_src comp="346" pin="2"/><net_sink comp="639" pin=0"/></net>

<net id="648"><net_src comp="340" pin="2"/><net_sink comp="644" pin=0"/></net>

<net id="653"><net_src comp="334" pin="2"/><net_sink comp="649" pin=0"/></net>

<net id="658"><net_src comp="328" pin="2"/><net_sink comp="654" pin=0"/></net>

<net id="663"><net_src comp="322" pin="2"/><net_sink comp="659" pin=0"/></net>

<net id="668"><net_src comp="316" pin="2"/><net_sink comp="664" pin=0"/></net>

<net id="673"><net_src comp="310" pin="2"/><net_sink comp="669" pin=0"/></net>

<net id="678"><net_src comp="86" pin="0"/><net_sink comp="674" pin=0"/></net>

<net id="683"><net_src comp="88" pin="0"/><net_sink comp="679" pin=0"/></net>

<net id="688"><net_src comp="90" pin="0"/><net_sink comp="684" pin=0"/></net>

<net id="699"><net_src comp="692" pin="1"/><net_sink comp="695" pin=0"/></net>

<net id="704"><net_src comp="692" pin="1"/><net_sink comp="700" pin=0"/></net>

<net id="705"><net_src comp="92" pin="0"/><net_sink comp="700" pin=1"/></net>

<net id="713"><net_src comp="689" pin="1"/><net_sink comp="709" pin=0"/></net>

<net id="714"><net_src comp="102" pin="0"/><net_sink comp="709" pin=1"/></net>

<net id="719"><net_src comp="709" pin="2"/><net_sink comp="715" pin=0"/></net>

<net id="720"><net_src comp="104" pin="0"/><net_sink comp="715" pin=1"/></net>

<net id="725"><net_src comp="706" pin="1"/><net_sink comp="721" pin=0"/></net>

<net id="726"><net_src comp="106" pin="0"/><net_sink comp="721" pin=1"/></net>

<net id="731"><net_src comp="721" pin="2"/><net_sink comp="727" pin=0"/></net>

<net id="732"><net_src comp="715" pin="2"/><net_sink comp="727" pin=1"/></net>

<net id="737"><net_src comp="727" pin="2"/><net_sink comp="733" pin=0"/></net>

<net id="738"><net_src comp="709" pin="2"/><net_sink comp="733" pin=1"/></net>

<net id="744"><net_src comp="733" pin="2"/><net_sink comp="739" pin=0"/></net>

<net id="745"><net_src comp="90" pin="0"/><net_sink comp="739" pin=1"/></net>

<net id="746"><net_src comp="706" pin="1"/><net_sink comp="739" pin=2"/></net>

<net id="751"><net_src comp="739" pin="3"/><net_sink comp="747" pin=0"/></net>

<net id="752"><net_src comp="90" pin="0"/><net_sink comp="747" pin=1"/></net>

<net id="756"><net_src comp="739" pin="3"/><net_sink comp="753" pin=0"/></net>

<net id="775"><net_src comp="753" pin="1"/><net_sink comp="757" pin=0"/></net>

<net id="776"><net_src comp="108" pin="0"/><net_sink comp="757" pin=1"/></net>

<net id="777"><net_src comp="110" pin="0"/><net_sink comp="757" pin=2"/></net>

<net id="778"><net_src comp="112" pin="0"/><net_sink comp="757" pin=3"/></net>

<net id="779"><net_src comp="114" pin="0"/><net_sink comp="757" pin=4"/></net>

<net id="780"><net_src comp="116" pin="0"/><net_sink comp="757" pin=5"/></net>

<net id="781"><net_src comp="118" pin="0"/><net_sink comp="757" pin=6"/></net>

<net id="782"><net_src comp="120" pin="0"/><net_sink comp="757" pin=7"/></net>

<net id="783"><net_src comp="122" pin="0"/><net_sink comp="757" pin=8"/></net>

<net id="784"><net_src comp="124" pin="0"/><net_sink comp="757" pin=9"/></net>

<net id="785"><net_src comp="126" pin="0"/><net_sink comp="757" pin=10"/></net>

<net id="786"><net_src comp="128" pin="0"/><net_sink comp="757" pin=11"/></net>

<net id="787"><net_src comp="130" pin="0"/><net_sink comp="757" pin=12"/></net>

<net id="788"><net_src comp="132" pin="0"/><net_sink comp="757" pin=13"/></net>

<net id="789"><net_src comp="134" pin="0"/><net_sink comp="757" pin=14"/></net>

<net id="790"><net_src comp="136" pin="0"/><net_sink comp="757" pin=15"/></net>

<net id="795"><net_src comp="739" pin="3"/><net_sink comp="791" pin=0"/></net>

<net id="796"><net_src comp="138" pin="0"/><net_sink comp="791" pin=1"/></net>

<net id="801"><net_src comp="689" pin="1"/><net_sink comp="797" pin=0"/></net>

<net id="802"><net_src comp="140" pin="0"/><net_sink comp="797" pin=1"/></net>

<net id="808"><net_src comp="709" pin="2"/><net_sink comp="803" pin=0"/></net>

<net id="809"><net_src comp="140" pin="0"/><net_sink comp="803" pin=1"/></net>

<net id="810"><net_src comp="797" pin="2"/><net_sink comp="803" pin=2"/></net>

<net id="815"><net_src comp="700" pin="2"/><net_sink comp="811" pin=0"/></net>

<net id="820"><net_src comp="803" pin="3"/><net_sink comp="816" pin=0"/></net>

<net id="825"><net_src comp="791" pin="2"/><net_sink comp="821" pin=0"/></net>

<net id="830"><net_src comp="412" pin="2"/><net_sink comp="826" pin=0"/></net>

<net id="835"><net_src comp="406" pin="2"/><net_sink comp="831" pin=0"/></net>

<net id="845"><net_src comp="839" pin="1"/><net_sink comp="842" pin=0"/></net>

<net id="852"><net_src comp="144" pin="0"/><net_sink comp="846" pin=0"/></net>

<net id="853"><net_src comp="839" pin="1"/><net_sink comp="846" pin=1"/></net>

<net id="854"><net_src comp="146" pin="0"/><net_sink comp="846" pin=2"/></net>

<net id="855"><net_src comp="148" pin="0"/><net_sink comp="846" pin=3"/></net>

<net id="862"><net_src comp="144" pin="0"/><net_sink comp="856" pin=0"/></net>

<net id="863"><net_src comp="839" pin="1"/><net_sink comp="856" pin=1"/></net>

<net id="864"><net_src comp="150" pin="0"/><net_sink comp="856" pin=2"/></net>

<net id="865"><net_src comp="152" pin="0"/><net_sink comp="856" pin=3"/></net>

<net id="872"><net_src comp="144" pin="0"/><net_sink comp="866" pin=0"/></net>

<net id="873"><net_src comp="839" pin="1"/><net_sink comp="866" pin=1"/></net>

<net id="874"><net_src comp="154" pin="0"/><net_sink comp="866" pin=2"/></net>

<net id="875"><net_src comp="156" pin="0"/><net_sink comp="866" pin=3"/></net>

<net id="882"><net_src comp="144" pin="0"/><net_sink comp="876" pin=0"/></net>

<net id="883"><net_src comp="839" pin="1"/><net_sink comp="876" pin=1"/></net>

<net id="884"><net_src comp="158" pin="0"/><net_sink comp="876" pin=2"/></net>

<net id="885"><net_src comp="160" pin="0"/><net_sink comp="876" pin=3"/></net>

<net id="892"><net_src comp="144" pin="0"/><net_sink comp="886" pin=0"/></net>

<net id="893"><net_src comp="839" pin="1"/><net_sink comp="886" pin=1"/></net>

<net id="894"><net_src comp="162" pin="0"/><net_sink comp="886" pin=2"/></net>

<net id="895"><net_src comp="164" pin="0"/><net_sink comp="886" pin=3"/></net>

<net id="902"><net_src comp="144" pin="0"/><net_sink comp="896" pin=0"/></net>

<net id="903"><net_src comp="839" pin="1"/><net_sink comp="896" pin=1"/></net>

<net id="904"><net_src comp="166" pin="0"/><net_sink comp="896" pin=2"/></net>

<net id="905"><net_src comp="168" pin="0"/><net_sink comp="896" pin=3"/></net>

<net id="912"><net_src comp="144" pin="0"/><net_sink comp="906" pin=0"/></net>

<net id="913"><net_src comp="839" pin="1"/><net_sink comp="906" pin=1"/></net>

<net id="914"><net_src comp="170" pin="0"/><net_sink comp="906" pin=2"/></net>

<net id="915"><net_src comp="172" pin="0"/><net_sink comp="906" pin=3"/></net>

<net id="922"><net_src comp="144" pin="0"/><net_sink comp="916" pin=0"/></net>

<net id="923"><net_src comp="839" pin="1"/><net_sink comp="916" pin=1"/></net>

<net id="924"><net_src comp="174" pin="0"/><net_sink comp="916" pin=2"/></net>

<net id="925"><net_src comp="176" pin="0"/><net_sink comp="916" pin=3"/></net>

<net id="932"><net_src comp="144" pin="0"/><net_sink comp="926" pin=0"/></net>

<net id="933"><net_src comp="839" pin="1"/><net_sink comp="926" pin=1"/></net>

<net id="934"><net_src comp="178" pin="0"/><net_sink comp="926" pin=2"/></net>

<net id="935"><net_src comp="180" pin="0"/><net_sink comp="926" pin=3"/></net>

<net id="942"><net_src comp="144" pin="0"/><net_sink comp="936" pin=0"/></net>

<net id="943"><net_src comp="839" pin="1"/><net_sink comp="936" pin=1"/></net>

<net id="944"><net_src comp="182" pin="0"/><net_sink comp="936" pin=2"/></net>

<net id="945"><net_src comp="184" pin="0"/><net_sink comp="936" pin=3"/></net>

<net id="952"><net_src comp="144" pin="0"/><net_sink comp="946" pin=0"/></net>

<net id="953"><net_src comp="839" pin="1"/><net_sink comp="946" pin=1"/></net>

<net id="954"><net_src comp="186" pin="0"/><net_sink comp="946" pin=2"/></net>

<net id="955"><net_src comp="188" pin="0"/><net_sink comp="946" pin=3"/></net>

<net id="962"><net_src comp="144" pin="0"/><net_sink comp="956" pin=0"/></net>

<net id="963"><net_src comp="839" pin="1"/><net_sink comp="956" pin=1"/></net>

<net id="964"><net_src comp="190" pin="0"/><net_sink comp="956" pin=2"/></net>

<net id="965"><net_src comp="192" pin="0"/><net_sink comp="956" pin=3"/></net>

<net id="972"><net_src comp="144" pin="0"/><net_sink comp="966" pin=0"/></net>

<net id="973"><net_src comp="839" pin="1"/><net_sink comp="966" pin=1"/></net>

<net id="974"><net_src comp="194" pin="0"/><net_sink comp="966" pin=2"/></net>

<net id="975"><net_src comp="196" pin="0"/><net_sink comp="966" pin=3"/></net>

<net id="982"><net_src comp="144" pin="0"/><net_sink comp="976" pin=0"/></net>

<net id="983"><net_src comp="839" pin="1"/><net_sink comp="976" pin=1"/></net>

<net id="984"><net_src comp="198" pin="0"/><net_sink comp="976" pin=2"/></net>

<net id="985"><net_src comp="200" pin="0"/><net_sink comp="976" pin=3"/></net>

<net id="992"><net_src comp="144" pin="0"/><net_sink comp="986" pin=0"/></net>

<net id="993"><net_src comp="839" pin="1"/><net_sink comp="986" pin=1"/></net>

<net id="994"><net_src comp="202" pin="0"/><net_sink comp="986" pin=2"/></net>

<net id="995"><net_src comp="204" pin="0"/><net_sink comp="986" pin=3"/></net>

<net id="1001"><net_src comp="206" pin="0"/><net_sink comp="996" pin=0"/></net>

<net id="1002"><net_src comp="90" pin="0"/><net_sink comp="996" pin=2"/></net>

<net id="1006"><net_src comp="996" pin="3"/><net_sink comp="1003" pin=0"/></net>

<net id="1011"><net_src comp="836" pin="1"/><net_sink comp="1007" pin=0"/></net>

<net id="1012"><net_src comp="1003" pin="1"/><net_sink comp="1007" pin=1"/></net>

<net id="1016"><net_src comp="1007" pin="2"/><net_sink comp="1013" pin=0"/></net>

<net id="1068"><net_src comp="1017" pin="1"/><net_sink comp="1065" pin=0"/></net>

<net id="1072"><net_src comp="1020" pin="1"/><net_sink comp="1069" pin=0"/></net>

<net id="1076"><net_src comp="1023" pin="1"/><net_sink comp="1073" pin=0"/></net>

<net id="1080"><net_src comp="1026" pin="1"/><net_sink comp="1077" pin=0"/></net>

<net id="1084"><net_src comp="1029" pin="1"/><net_sink comp="1081" pin=0"/></net>

<net id="1088"><net_src comp="1032" pin="1"/><net_sink comp="1085" pin=0"/></net>

<net id="1092"><net_src comp="1035" pin="1"/><net_sink comp="1089" pin=0"/></net>

<net id="1096"><net_src comp="1038" pin="1"/><net_sink comp="1093" pin=0"/></net>

<net id="1100"><net_src comp="1041" pin="1"/><net_sink comp="1097" pin=0"/></net>

<net id="1104"><net_src comp="1044" pin="1"/><net_sink comp="1101" pin=0"/></net>

<net id="1108"><net_src comp="1047" pin="1"/><net_sink comp="1105" pin=0"/></net>

<net id="1112"><net_src comp="1050" pin="1"/><net_sink comp="1109" pin=0"/></net>

<net id="1116"><net_src comp="1053" pin="1"/><net_sink comp="1113" pin=0"/></net>

<net id="1120"><net_src comp="1056" pin="1"/><net_sink comp="1117" pin=0"/></net>

<net id="1124"><net_src comp="1059" pin="1"/><net_sink comp="1121" pin=0"/></net>

<net id="1128"><net_src comp="1062" pin="1"/><net_sink comp="1125" pin=0"/></net>

<net id="1166"><net_src comp="210" pin="0"/><net_sink comp="1129" pin=0"/></net>

<net id="1167"><net_src comp="108" pin="0"/><net_sink comp="1129" pin=1"/></net>

<net id="1168"><net_src comp="1065" pin="1"/><net_sink comp="1129" pin=2"/></net>

<net id="1169"><net_src comp="110" pin="0"/><net_sink comp="1129" pin=3"/></net>

<net id="1170"><net_src comp="1069" pin="1"/><net_sink comp="1129" pin=4"/></net>

<net id="1171"><net_src comp="112" pin="0"/><net_sink comp="1129" pin=5"/></net>

<net id="1172"><net_src comp="1073" pin="1"/><net_sink comp="1129" pin=6"/></net>

<net id="1173"><net_src comp="114" pin="0"/><net_sink comp="1129" pin=7"/></net>

<net id="1174"><net_src comp="1077" pin="1"/><net_sink comp="1129" pin=8"/></net>

<net id="1175"><net_src comp="116" pin="0"/><net_sink comp="1129" pin=9"/></net>

<net id="1176"><net_src comp="1081" pin="1"/><net_sink comp="1129" pin=10"/></net>

<net id="1177"><net_src comp="118" pin="0"/><net_sink comp="1129" pin=11"/></net>

<net id="1178"><net_src comp="1085" pin="1"/><net_sink comp="1129" pin=12"/></net>

<net id="1179"><net_src comp="120" pin="0"/><net_sink comp="1129" pin=13"/></net>

<net id="1180"><net_src comp="1089" pin="1"/><net_sink comp="1129" pin=14"/></net>

<net id="1181"><net_src comp="122" pin="0"/><net_sink comp="1129" pin=15"/></net>

<net id="1182"><net_src comp="1093" pin="1"/><net_sink comp="1129" pin=16"/></net>

<net id="1183"><net_src comp="124" pin="0"/><net_sink comp="1129" pin=17"/></net>

<net id="1184"><net_src comp="1097" pin="1"/><net_sink comp="1129" pin=18"/></net>

<net id="1185"><net_src comp="126" pin="0"/><net_sink comp="1129" pin=19"/></net>

<net id="1186"><net_src comp="1101" pin="1"/><net_sink comp="1129" pin=20"/></net>

<net id="1187"><net_src comp="128" pin="0"/><net_sink comp="1129" pin=21"/></net>

<net id="1188"><net_src comp="1105" pin="1"/><net_sink comp="1129" pin=22"/></net>

<net id="1189"><net_src comp="130" pin="0"/><net_sink comp="1129" pin=23"/></net>

<net id="1190"><net_src comp="1109" pin="1"/><net_sink comp="1129" pin=24"/></net>

<net id="1191"><net_src comp="132" pin="0"/><net_sink comp="1129" pin=25"/></net>

<net id="1192"><net_src comp="1113" pin="1"/><net_sink comp="1129" pin=26"/></net>

<net id="1193"><net_src comp="134" pin="0"/><net_sink comp="1129" pin=27"/></net>

<net id="1194"><net_src comp="1117" pin="1"/><net_sink comp="1129" pin=28"/></net>

<net id="1195"><net_src comp="136" pin="0"/><net_sink comp="1129" pin=29"/></net>

<net id="1196"><net_src comp="1121" pin="1"/><net_sink comp="1129" pin=30"/></net>

<net id="1197"><net_src comp="212" pin="0"/><net_sink comp="1129" pin=31"/></net>

<net id="1198"><net_src comp="1125" pin="1"/><net_sink comp="1129" pin=32"/></net>

<net id="1199"><net_src comp="214" pin="0"/><net_sink comp="1129" pin=33"/></net>

<net id="1204"><net_src comp="1129" pin="35"/><net_sink comp="1200" pin=0"/></net>

<net id="1211"><net_src comp="144" pin="0"/><net_sink comp="1205" pin=0"/></net>

<net id="1212"><net_src comp="1017" pin="1"/><net_sink comp="1205" pin=1"/></net>

<net id="1213"><net_src comp="146" pin="0"/><net_sink comp="1205" pin=2"/></net>

<net id="1214"><net_src comp="148" pin="0"/><net_sink comp="1205" pin=3"/></net>

<net id="1221"><net_src comp="144" pin="0"/><net_sink comp="1215" pin=0"/></net>

<net id="1222"><net_src comp="1020" pin="1"/><net_sink comp="1215" pin=1"/></net>

<net id="1223"><net_src comp="146" pin="0"/><net_sink comp="1215" pin=2"/></net>

<net id="1224"><net_src comp="148" pin="0"/><net_sink comp="1215" pin=3"/></net>

<net id="1231"><net_src comp="144" pin="0"/><net_sink comp="1225" pin=0"/></net>

<net id="1232"><net_src comp="1023" pin="1"/><net_sink comp="1225" pin=1"/></net>

<net id="1233"><net_src comp="146" pin="0"/><net_sink comp="1225" pin=2"/></net>

<net id="1234"><net_src comp="148" pin="0"/><net_sink comp="1225" pin=3"/></net>

<net id="1241"><net_src comp="144" pin="0"/><net_sink comp="1235" pin=0"/></net>

<net id="1242"><net_src comp="1026" pin="1"/><net_sink comp="1235" pin=1"/></net>

<net id="1243"><net_src comp="146" pin="0"/><net_sink comp="1235" pin=2"/></net>

<net id="1244"><net_src comp="148" pin="0"/><net_sink comp="1235" pin=3"/></net>

<net id="1251"><net_src comp="144" pin="0"/><net_sink comp="1245" pin=0"/></net>

<net id="1252"><net_src comp="1029" pin="1"/><net_sink comp="1245" pin=1"/></net>

<net id="1253"><net_src comp="146" pin="0"/><net_sink comp="1245" pin=2"/></net>

<net id="1254"><net_src comp="148" pin="0"/><net_sink comp="1245" pin=3"/></net>

<net id="1261"><net_src comp="144" pin="0"/><net_sink comp="1255" pin=0"/></net>

<net id="1262"><net_src comp="1032" pin="1"/><net_sink comp="1255" pin=1"/></net>

<net id="1263"><net_src comp="146" pin="0"/><net_sink comp="1255" pin=2"/></net>

<net id="1264"><net_src comp="148" pin="0"/><net_sink comp="1255" pin=3"/></net>

<net id="1271"><net_src comp="144" pin="0"/><net_sink comp="1265" pin=0"/></net>

<net id="1272"><net_src comp="1035" pin="1"/><net_sink comp="1265" pin=1"/></net>

<net id="1273"><net_src comp="146" pin="0"/><net_sink comp="1265" pin=2"/></net>

<net id="1274"><net_src comp="148" pin="0"/><net_sink comp="1265" pin=3"/></net>

<net id="1281"><net_src comp="144" pin="0"/><net_sink comp="1275" pin=0"/></net>

<net id="1282"><net_src comp="1038" pin="1"/><net_sink comp="1275" pin=1"/></net>

<net id="1283"><net_src comp="146" pin="0"/><net_sink comp="1275" pin=2"/></net>

<net id="1284"><net_src comp="148" pin="0"/><net_sink comp="1275" pin=3"/></net>

<net id="1291"><net_src comp="144" pin="0"/><net_sink comp="1285" pin=0"/></net>

<net id="1292"><net_src comp="1041" pin="1"/><net_sink comp="1285" pin=1"/></net>

<net id="1293"><net_src comp="146" pin="0"/><net_sink comp="1285" pin=2"/></net>

<net id="1294"><net_src comp="148" pin="0"/><net_sink comp="1285" pin=3"/></net>

<net id="1301"><net_src comp="144" pin="0"/><net_sink comp="1295" pin=0"/></net>

<net id="1302"><net_src comp="1044" pin="1"/><net_sink comp="1295" pin=1"/></net>

<net id="1303"><net_src comp="146" pin="0"/><net_sink comp="1295" pin=2"/></net>

<net id="1304"><net_src comp="148" pin="0"/><net_sink comp="1295" pin=3"/></net>

<net id="1311"><net_src comp="144" pin="0"/><net_sink comp="1305" pin=0"/></net>

<net id="1312"><net_src comp="1047" pin="1"/><net_sink comp="1305" pin=1"/></net>

<net id="1313"><net_src comp="146" pin="0"/><net_sink comp="1305" pin=2"/></net>

<net id="1314"><net_src comp="148" pin="0"/><net_sink comp="1305" pin=3"/></net>

<net id="1321"><net_src comp="144" pin="0"/><net_sink comp="1315" pin=0"/></net>

<net id="1322"><net_src comp="1050" pin="1"/><net_sink comp="1315" pin=1"/></net>

<net id="1323"><net_src comp="146" pin="0"/><net_sink comp="1315" pin=2"/></net>

<net id="1324"><net_src comp="148" pin="0"/><net_sink comp="1315" pin=3"/></net>

<net id="1331"><net_src comp="144" pin="0"/><net_sink comp="1325" pin=0"/></net>

<net id="1332"><net_src comp="1053" pin="1"/><net_sink comp="1325" pin=1"/></net>

<net id="1333"><net_src comp="146" pin="0"/><net_sink comp="1325" pin=2"/></net>

<net id="1334"><net_src comp="148" pin="0"/><net_sink comp="1325" pin=3"/></net>

<net id="1341"><net_src comp="144" pin="0"/><net_sink comp="1335" pin=0"/></net>

<net id="1342"><net_src comp="1056" pin="1"/><net_sink comp="1335" pin=1"/></net>

<net id="1343"><net_src comp="146" pin="0"/><net_sink comp="1335" pin=2"/></net>

<net id="1344"><net_src comp="148" pin="0"/><net_sink comp="1335" pin=3"/></net>

<net id="1351"><net_src comp="144" pin="0"/><net_sink comp="1345" pin=0"/></net>

<net id="1352"><net_src comp="1059" pin="1"/><net_sink comp="1345" pin=1"/></net>

<net id="1353"><net_src comp="146" pin="0"/><net_sink comp="1345" pin=2"/></net>

<net id="1354"><net_src comp="148" pin="0"/><net_sink comp="1345" pin=3"/></net>

<net id="1361"><net_src comp="144" pin="0"/><net_sink comp="1355" pin=0"/></net>

<net id="1362"><net_src comp="1062" pin="1"/><net_sink comp="1355" pin=1"/></net>

<net id="1363"><net_src comp="146" pin="0"/><net_sink comp="1355" pin=2"/></net>

<net id="1364"><net_src comp="148" pin="0"/><net_sink comp="1355" pin=3"/></net>

<net id="1402"><net_src comp="210" pin="0"/><net_sink comp="1365" pin=0"/></net>

<net id="1403"><net_src comp="108" pin="0"/><net_sink comp="1365" pin=1"/></net>

<net id="1404"><net_src comp="1205" pin="4"/><net_sink comp="1365" pin=2"/></net>

<net id="1405"><net_src comp="110" pin="0"/><net_sink comp="1365" pin=3"/></net>

<net id="1406"><net_src comp="1215" pin="4"/><net_sink comp="1365" pin=4"/></net>

<net id="1407"><net_src comp="112" pin="0"/><net_sink comp="1365" pin=5"/></net>

<net id="1408"><net_src comp="1225" pin="4"/><net_sink comp="1365" pin=6"/></net>

<net id="1409"><net_src comp="114" pin="0"/><net_sink comp="1365" pin=7"/></net>

<net id="1410"><net_src comp="1235" pin="4"/><net_sink comp="1365" pin=8"/></net>

<net id="1411"><net_src comp="116" pin="0"/><net_sink comp="1365" pin=9"/></net>

<net id="1412"><net_src comp="1245" pin="4"/><net_sink comp="1365" pin=10"/></net>

<net id="1413"><net_src comp="118" pin="0"/><net_sink comp="1365" pin=11"/></net>

<net id="1414"><net_src comp="1255" pin="4"/><net_sink comp="1365" pin=12"/></net>

<net id="1415"><net_src comp="120" pin="0"/><net_sink comp="1365" pin=13"/></net>

<net id="1416"><net_src comp="1265" pin="4"/><net_sink comp="1365" pin=14"/></net>

<net id="1417"><net_src comp="122" pin="0"/><net_sink comp="1365" pin=15"/></net>

<net id="1418"><net_src comp="1275" pin="4"/><net_sink comp="1365" pin=16"/></net>

<net id="1419"><net_src comp="124" pin="0"/><net_sink comp="1365" pin=17"/></net>

<net id="1420"><net_src comp="1285" pin="4"/><net_sink comp="1365" pin=18"/></net>

<net id="1421"><net_src comp="126" pin="0"/><net_sink comp="1365" pin=19"/></net>

<net id="1422"><net_src comp="1295" pin="4"/><net_sink comp="1365" pin=20"/></net>

<net id="1423"><net_src comp="128" pin="0"/><net_sink comp="1365" pin=21"/></net>

<net id="1424"><net_src comp="1305" pin="4"/><net_sink comp="1365" pin=22"/></net>

<net id="1425"><net_src comp="130" pin="0"/><net_sink comp="1365" pin=23"/></net>

<net id="1426"><net_src comp="1315" pin="4"/><net_sink comp="1365" pin=24"/></net>

<net id="1427"><net_src comp="132" pin="0"/><net_sink comp="1365" pin=25"/></net>

<net id="1428"><net_src comp="1325" pin="4"/><net_sink comp="1365" pin=26"/></net>

<net id="1429"><net_src comp="134" pin="0"/><net_sink comp="1365" pin=27"/></net>

<net id="1430"><net_src comp="1335" pin="4"/><net_sink comp="1365" pin=28"/></net>

<net id="1431"><net_src comp="136" pin="0"/><net_sink comp="1365" pin=29"/></net>

<net id="1432"><net_src comp="1345" pin="4"/><net_sink comp="1365" pin=30"/></net>

<net id="1433"><net_src comp="212" pin="0"/><net_sink comp="1365" pin=31"/></net>

<net id="1434"><net_src comp="1355" pin="4"/><net_sink comp="1365" pin=32"/></net>

<net id="1435"><net_src comp="214" pin="0"/><net_sink comp="1365" pin=33"/></net>

<net id="1440"><net_src comp="1365" pin="35"/><net_sink comp="1436" pin=0"/></net>

<net id="1447"><net_src comp="144" pin="0"/><net_sink comp="1441" pin=0"/></net>

<net id="1448"><net_src comp="1017" pin="1"/><net_sink comp="1441" pin=1"/></net>

<net id="1449"><net_src comp="150" pin="0"/><net_sink comp="1441" pin=2"/></net>

<net id="1450"><net_src comp="152" pin="0"/><net_sink comp="1441" pin=3"/></net>

<net id="1457"><net_src comp="144" pin="0"/><net_sink comp="1451" pin=0"/></net>

<net id="1458"><net_src comp="1020" pin="1"/><net_sink comp="1451" pin=1"/></net>

<net id="1459"><net_src comp="150" pin="0"/><net_sink comp="1451" pin=2"/></net>

<net id="1460"><net_src comp="152" pin="0"/><net_sink comp="1451" pin=3"/></net>

<net id="1467"><net_src comp="144" pin="0"/><net_sink comp="1461" pin=0"/></net>

<net id="1468"><net_src comp="1023" pin="1"/><net_sink comp="1461" pin=1"/></net>

<net id="1469"><net_src comp="150" pin="0"/><net_sink comp="1461" pin=2"/></net>

<net id="1470"><net_src comp="152" pin="0"/><net_sink comp="1461" pin=3"/></net>

<net id="1477"><net_src comp="144" pin="0"/><net_sink comp="1471" pin=0"/></net>

<net id="1478"><net_src comp="1026" pin="1"/><net_sink comp="1471" pin=1"/></net>

<net id="1479"><net_src comp="150" pin="0"/><net_sink comp="1471" pin=2"/></net>

<net id="1480"><net_src comp="152" pin="0"/><net_sink comp="1471" pin=3"/></net>

<net id="1487"><net_src comp="144" pin="0"/><net_sink comp="1481" pin=0"/></net>

<net id="1488"><net_src comp="1029" pin="1"/><net_sink comp="1481" pin=1"/></net>

<net id="1489"><net_src comp="150" pin="0"/><net_sink comp="1481" pin=2"/></net>

<net id="1490"><net_src comp="152" pin="0"/><net_sink comp="1481" pin=3"/></net>

<net id="1497"><net_src comp="144" pin="0"/><net_sink comp="1491" pin=0"/></net>

<net id="1498"><net_src comp="1032" pin="1"/><net_sink comp="1491" pin=1"/></net>

<net id="1499"><net_src comp="150" pin="0"/><net_sink comp="1491" pin=2"/></net>

<net id="1500"><net_src comp="152" pin="0"/><net_sink comp="1491" pin=3"/></net>

<net id="1507"><net_src comp="144" pin="0"/><net_sink comp="1501" pin=0"/></net>

<net id="1508"><net_src comp="1035" pin="1"/><net_sink comp="1501" pin=1"/></net>

<net id="1509"><net_src comp="150" pin="0"/><net_sink comp="1501" pin=2"/></net>

<net id="1510"><net_src comp="152" pin="0"/><net_sink comp="1501" pin=3"/></net>

<net id="1517"><net_src comp="144" pin="0"/><net_sink comp="1511" pin=0"/></net>

<net id="1518"><net_src comp="1038" pin="1"/><net_sink comp="1511" pin=1"/></net>

<net id="1519"><net_src comp="150" pin="0"/><net_sink comp="1511" pin=2"/></net>

<net id="1520"><net_src comp="152" pin="0"/><net_sink comp="1511" pin=3"/></net>

<net id="1527"><net_src comp="144" pin="0"/><net_sink comp="1521" pin=0"/></net>

<net id="1528"><net_src comp="1041" pin="1"/><net_sink comp="1521" pin=1"/></net>

<net id="1529"><net_src comp="150" pin="0"/><net_sink comp="1521" pin=2"/></net>

<net id="1530"><net_src comp="152" pin="0"/><net_sink comp="1521" pin=3"/></net>

<net id="1537"><net_src comp="144" pin="0"/><net_sink comp="1531" pin=0"/></net>

<net id="1538"><net_src comp="1044" pin="1"/><net_sink comp="1531" pin=1"/></net>

<net id="1539"><net_src comp="150" pin="0"/><net_sink comp="1531" pin=2"/></net>

<net id="1540"><net_src comp="152" pin="0"/><net_sink comp="1531" pin=3"/></net>

<net id="1547"><net_src comp="144" pin="0"/><net_sink comp="1541" pin=0"/></net>

<net id="1548"><net_src comp="1047" pin="1"/><net_sink comp="1541" pin=1"/></net>

<net id="1549"><net_src comp="150" pin="0"/><net_sink comp="1541" pin=2"/></net>

<net id="1550"><net_src comp="152" pin="0"/><net_sink comp="1541" pin=3"/></net>

<net id="1557"><net_src comp="144" pin="0"/><net_sink comp="1551" pin=0"/></net>

<net id="1558"><net_src comp="1050" pin="1"/><net_sink comp="1551" pin=1"/></net>

<net id="1559"><net_src comp="150" pin="0"/><net_sink comp="1551" pin=2"/></net>

<net id="1560"><net_src comp="152" pin="0"/><net_sink comp="1551" pin=3"/></net>

<net id="1567"><net_src comp="144" pin="0"/><net_sink comp="1561" pin=0"/></net>

<net id="1568"><net_src comp="1053" pin="1"/><net_sink comp="1561" pin=1"/></net>

<net id="1569"><net_src comp="150" pin="0"/><net_sink comp="1561" pin=2"/></net>

<net id="1570"><net_src comp="152" pin="0"/><net_sink comp="1561" pin=3"/></net>

<net id="1577"><net_src comp="144" pin="0"/><net_sink comp="1571" pin=0"/></net>

<net id="1578"><net_src comp="1056" pin="1"/><net_sink comp="1571" pin=1"/></net>

<net id="1579"><net_src comp="150" pin="0"/><net_sink comp="1571" pin=2"/></net>

<net id="1580"><net_src comp="152" pin="0"/><net_sink comp="1571" pin=3"/></net>

<net id="1587"><net_src comp="144" pin="0"/><net_sink comp="1581" pin=0"/></net>

<net id="1588"><net_src comp="1059" pin="1"/><net_sink comp="1581" pin=1"/></net>

<net id="1589"><net_src comp="150" pin="0"/><net_sink comp="1581" pin=2"/></net>

<net id="1590"><net_src comp="152" pin="0"/><net_sink comp="1581" pin=3"/></net>

<net id="1597"><net_src comp="144" pin="0"/><net_sink comp="1591" pin=0"/></net>

<net id="1598"><net_src comp="1062" pin="1"/><net_sink comp="1591" pin=1"/></net>

<net id="1599"><net_src comp="150" pin="0"/><net_sink comp="1591" pin=2"/></net>

<net id="1600"><net_src comp="152" pin="0"/><net_sink comp="1591" pin=3"/></net>

<net id="1638"><net_src comp="210" pin="0"/><net_sink comp="1601" pin=0"/></net>

<net id="1639"><net_src comp="108" pin="0"/><net_sink comp="1601" pin=1"/></net>

<net id="1640"><net_src comp="1441" pin="4"/><net_sink comp="1601" pin=2"/></net>

<net id="1641"><net_src comp="110" pin="0"/><net_sink comp="1601" pin=3"/></net>

<net id="1642"><net_src comp="1451" pin="4"/><net_sink comp="1601" pin=4"/></net>

<net id="1643"><net_src comp="112" pin="0"/><net_sink comp="1601" pin=5"/></net>

<net id="1644"><net_src comp="1461" pin="4"/><net_sink comp="1601" pin=6"/></net>

<net id="1645"><net_src comp="114" pin="0"/><net_sink comp="1601" pin=7"/></net>

<net id="1646"><net_src comp="1471" pin="4"/><net_sink comp="1601" pin=8"/></net>

<net id="1647"><net_src comp="116" pin="0"/><net_sink comp="1601" pin=9"/></net>

<net id="1648"><net_src comp="1481" pin="4"/><net_sink comp="1601" pin=10"/></net>

<net id="1649"><net_src comp="118" pin="0"/><net_sink comp="1601" pin=11"/></net>

<net id="1650"><net_src comp="1491" pin="4"/><net_sink comp="1601" pin=12"/></net>

<net id="1651"><net_src comp="120" pin="0"/><net_sink comp="1601" pin=13"/></net>

<net id="1652"><net_src comp="1501" pin="4"/><net_sink comp="1601" pin=14"/></net>

<net id="1653"><net_src comp="122" pin="0"/><net_sink comp="1601" pin=15"/></net>

<net id="1654"><net_src comp="1511" pin="4"/><net_sink comp="1601" pin=16"/></net>

<net id="1655"><net_src comp="124" pin="0"/><net_sink comp="1601" pin=17"/></net>

<net id="1656"><net_src comp="1521" pin="4"/><net_sink comp="1601" pin=18"/></net>

<net id="1657"><net_src comp="126" pin="0"/><net_sink comp="1601" pin=19"/></net>

<net id="1658"><net_src comp="1531" pin="4"/><net_sink comp="1601" pin=20"/></net>

<net id="1659"><net_src comp="128" pin="0"/><net_sink comp="1601" pin=21"/></net>

<net id="1660"><net_src comp="1541" pin="4"/><net_sink comp="1601" pin=22"/></net>

<net id="1661"><net_src comp="130" pin="0"/><net_sink comp="1601" pin=23"/></net>

<net id="1662"><net_src comp="1551" pin="4"/><net_sink comp="1601" pin=24"/></net>

<net id="1663"><net_src comp="132" pin="0"/><net_sink comp="1601" pin=25"/></net>

<net id="1664"><net_src comp="1561" pin="4"/><net_sink comp="1601" pin=26"/></net>

<net id="1665"><net_src comp="134" pin="0"/><net_sink comp="1601" pin=27"/></net>

<net id="1666"><net_src comp="1571" pin="4"/><net_sink comp="1601" pin=28"/></net>

<net id="1667"><net_src comp="136" pin="0"/><net_sink comp="1601" pin=29"/></net>

<net id="1668"><net_src comp="1581" pin="4"/><net_sink comp="1601" pin=30"/></net>

<net id="1669"><net_src comp="212" pin="0"/><net_sink comp="1601" pin=31"/></net>

<net id="1670"><net_src comp="1591" pin="4"/><net_sink comp="1601" pin=32"/></net>

<net id="1671"><net_src comp="214" pin="0"/><net_sink comp="1601" pin=33"/></net>

<net id="1676"><net_src comp="1601" pin="35"/><net_sink comp="1672" pin=0"/></net>

<net id="1683"><net_src comp="144" pin="0"/><net_sink comp="1677" pin=0"/></net>

<net id="1684"><net_src comp="1017" pin="1"/><net_sink comp="1677" pin=1"/></net>

<net id="1685"><net_src comp="154" pin="0"/><net_sink comp="1677" pin=2"/></net>

<net id="1686"><net_src comp="156" pin="0"/><net_sink comp="1677" pin=3"/></net>

<net id="1693"><net_src comp="144" pin="0"/><net_sink comp="1687" pin=0"/></net>

<net id="1694"><net_src comp="1020" pin="1"/><net_sink comp="1687" pin=1"/></net>

<net id="1695"><net_src comp="154" pin="0"/><net_sink comp="1687" pin=2"/></net>

<net id="1696"><net_src comp="156" pin="0"/><net_sink comp="1687" pin=3"/></net>

<net id="1703"><net_src comp="144" pin="0"/><net_sink comp="1697" pin=0"/></net>

<net id="1704"><net_src comp="1023" pin="1"/><net_sink comp="1697" pin=1"/></net>

<net id="1705"><net_src comp="154" pin="0"/><net_sink comp="1697" pin=2"/></net>

<net id="1706"><net_src comp="156" pin="0"/><net_sink comp="1697" pin=3"/></net>

<net id="1713"><net_src comp="144" pin="0"/><net_sink comp="1707" pin=0"/></net>

<net id="1714"><net_src comp="1026" pin="1"/><net_sink comp="1707" pin=1"/></net>

<net id="1715"><net_src comp="154" pin="0"/><net_sink comp="1707" pin=2"/></net>

<net id="1716"><net_src comp="156" pin="0"/><net_sink comp="1707" pin=3"/></net>

<net id="1723"><net_src comp="144" pin="0"/><net_sink comp="1717" pin=0"/></net>

<net id="1724"><net_src comp="1029" pin="1"/><net_sink comp="1717" pin=1"/></net>

<net id="1725"><net_src comp="154" pin="0"/><net_sink comp="1717" pin=2"/></net>

<net id="1726"><net_src comp="156" pin="0"/><net_sink comp="1717" pin=3"/></net>

<net id="1733"><net_src comp="144" pin="0"/><net_sink comp="1727" pin=0"/></net>

<net id="1734"><net_src comp="1032" pin="1"/><net_sink comp="1727" pin=1"/></net>

<net id="1735"><net_src comp="154" pin="0"/><net_sink comp="1727" pin=2"/></net>

<net id="1736"><net_src comp="156" pin="0"/><net_sink comp="1727" pin=3"/></net>

<net id="1743"><net_src comp="144" pin="0"/><net_sink comp="1737" pin=0"/></net>

<net id="1744"><net_src comp="1035" pin="1"/><net_sink comp="1737" pin=1"/></net>

<net id="1745"><net_src comp="154" pin="0"/><net_sink comp="1737" pin=2"/></net>

<net id="1746"><net_src comp="156" pin="0"/><net_sink comp="1737" pin=3"/></net>

<net id="1753"><net_src comp="144" pin="0"/><net_sink comp="1747" pin=0"/></net>

<net id="1754"><net_src comp="1038" pin="1"/><net_sink comp="1747" pin=1"/></net>

<net id="1755"><net_src comp="154" pin="0"/><net_sink comp="1747" pin=2"/></net>

<net id="1756"><net_src comp="156" pin="0"/><net_sink comp="1747" pin=3"/></net>

<net id="1763"><net_src comp="144" pin="0"/><net_sink comp="1757" pin=0"/></net>

<net id="1764"><net_src comp="1041" pin="1"/><net_sink comp="1757" pin=1"/></net>

<net id="1765"><net_src comp="154" pin="0"/><net_sink comp="1757" pin=2"/></net>

<net id="1766"><net_src comp="156" pin="0"/><net_sink comp="1757" pin=3"/></net>

<net id="1773"><net_src comp="144" pin="0"/><net_sink comp="1767" pin=0"/></net>

<net id="1774"><net_src comp="1044" pin="1"/><net_sink comp="1767" pin=1"/></net>

<net id="1775"><net_src comp="154" pin="0"/><net_sink comp="1767" pin=2"/></net>

<net id="1776"><net_src comp="156" pin="0"/><net_sink comp="1767" pin=3"/></net>

<net id="1783"><net_src comp="144" pin="0"/><net_sink comp="1777" pin=0"/></net>

<net id="1784"><net_src comp="1047" pin="1"/><net_sink comp="1777" pin=1"/></net>

<net id="1785"><net_src comp="154" pin="0"/><net_sink comp="1777" pin=2"/></net>

<net id="1786"><net_src comp="156" pin="0"/><net_sink comp="1777" pin=3"/></net>

<net id="1793"><net_src comp="144" pin="0"/><net_sink comp="1787" pin=0"/></net>

<net id="1794"><net_src comp="1050" pin="1"/><net_sink comp="1787" pin=1"/></net>

<net id="1795"><net_src comp="154" pin="0"/><net_sink comp="1787" pin=2"/></net>

<net id="1796"><net_src comp="156" pin="0"/><net_sink comp="1787" pin=3"/></net>

<net id="1803"><net_src comp="144" pin="0"/><net_sink comp="1797" pin=0"/></net>

<net id="1804"><net_src comp="1053" pin="1"/><net_sink comp="1797" pin=1"/></net>

<net id="1805"><net_src comp="154" pin="0"/><net_sink comp="1797" pin=2"/></net>

<net id="1806"><net_src comp="156" pin="0"/><net_sink comp="1797" pin=3"/></net>

<net id="1813"><net_src comp="144" pin="0"/><net_sink comp="1807" pin=0"/></net>

<net id="1814"><net_src comp="1056" pin="1"/><net_sink comp="1807" pin=1"/></net>

<net id="1815"><net_src comp="154" pin="0"/><net_sink comp="1807" pin=2"/></net>

<net id="1816"><net_src comp="156" pin="0"/><net_sink comp="1807" pin=3"/></net>

<net id="1823"><net_src comp="144" pin="0"/><net_sink comp="1817" pin=0"/></net>

<net id="1824"><net_src comp="1059" pin="1"/><net_sink comp="1817" pin=1"/></net>

<net id="1825"><net_src comp="154" pin="0"/><net_sink comp="1817" pin=2"/></net>

<net id="1826"><net_src comp="156" pin="0"/><net_sink comp="1817" pin=3"/></net>

<net id="1833"><net_src comp="144" pin="0"/><net_sink comp="1827" pin=0"/></net>

<net id="1834"><net_src comp="1062" pin="1"/><net_sink comp="1827" pin=1"/></net>

<net id="1835"><net_src comp="154" pin="0"/><net_sink comp="1827" pin=2"/></net>

<net id="1836"><net_src comp="156" pin="0"/><net_sink comp="1827" pin=3"/></net>

<net id="1874"><net_src comp="210" pin="0"/><net_sink comp="1837" pin=0"/></net>

<net id="1875"><net_src comp="108" pin="0"/><net_sink comp="1837" pin=1"/></net>

<net id="1876"><net_src comp="1677" pin="4"/><net_sink comp="1837" pin=2"/></net>

<net id="1877"><net_src comp="110" pin="0"/><net_sink comp="1837" pin=3"/></net>

<net id="1878"><net_src comp="1687" pin="4"/><net_sink comp="1837" pin=4"/></net>

<net id="1879"><net_src comp="112" pin="0"/><net_sink comp="1837" pin=5"/></net>

<net id="1880"><net_src comp="1697" pin="4"/><net_sink comp="1837" pin=6"/></net>

<net id="1881"><net_src comp="114" pin="0"/><net_sink comp="1837" pin=7"/></net>

<net id="1882"><net_src comp="1707" pin="4"/><net_sink comp="1837" pin=8"/></net>

<net id="1883"><net_src comp="116" pin="0"/><net_sink comp="1837" pin=9"/></net>

<net id="1884"><net_src comp="1717" pin="4"/><net_sink comp="1837" pin=10"/></net>

<net id="1885"><net_src comp="118" pin="0"/><net_sink comp="1837" pin=11"/></net>

<net id="1886"><net_src comp="1727" pin="4"/><net_sink comp="1837" pin=12"/></net>

<net id="1887"><net_src comp="120" pin="0"/><net_sink comp="1837" pin=13"/></net>

<net id="1888"><net_src comp="1737" pin="4"/><net_sink comp="1837" pin=14"/></net>

<net id="1889"><net_src comp="122" pin="0"/><net_sink comp="1837" pin=15"/></net>

<net id="1890"><net_src comp="1747" pin="4"/><net_sink comp="1837" pin=16"/></net>

<net id="1891"><net_src comp="124" pin="0"/><net_sink comp="1837" pin=17"/></net>

<net id="1892"><net_src comp="1757" pin="4"/><net_sink comp="1837" pin=18"/></net>

<net id="1893"><net_src comp="126" pin="0"/><net_sink comp="1837" pin=19"/></net>

<net id="1894"><net_src comp="1767" pin="4"/><net_sink comp="1837" pin=20"/></net>

<net id="1895"><net_src comp="128" pin="0"/><net_sink comp="1837" pin=21"/></net>

<net id="1896"><net_src comp="1777" pin="4"/><net_sink comp="1837" pin=22"/></net>

<net id="1897"><net_src comp="130" pin="0"/><net_sink comp="1837" pin=23"/></net>

<net id="1898"><net_src comp="1787" pin="4"/><net_sink comp="1837" pin=24"/></net>

<net id="1899"><net_src comp="132" pin="0"/><net_sink comp="1837" pin=25"/></net>

<net id="1900"><net_src comp="1797" pin="4"/><net_sink comp="1837" pin=26"/></net>

<net id="1901"><net_src comp="134" pin="0"/><net_sink comp="1837" pin=27"/></net>

<net id="1902"><net_src comp="1807" pin="4"/><net_sink comp="1837" pin=28"/></net>

<net id="1903"><net_src comp="136" pin="0"/><net_sink comp="1837" pin=29"/></net>

<net id="1904"><net_src comp="1817" pin="4"/><net_sink comp="1837" pin=30"/></net>

<net id="1905"><net_src comp="212" pin="0"/><net_sink comp="1837" pin=31"/></net>

<net id="1906"><net_src comp="1827" pin="4"/><net_sink comp="1837" pin=32"/></net>

<net id="1907"><net_src comp="214" pin="0"/><net_sink comp="1837" pin=33"/></net>

<net id="1912"><net_src comp="1837" pin="35"/><net_sink comp="1908" pin=0"/></net>

<net id="1919"><net_src comp="144" pin="0"/><net_sink comp="1913" pin=0"/></net>

<net id="1920"><net_src comp="1017" pin="1"/><net_sink comp="1913" pin=1"/></net>

<net id="1921"><net_src comp="158" pin="0"/><net_sink comp="1913" pin=2"/></net>

<net id="1922"><net_src comp="160" pin="0"/><net_sink comp="1913" pin=3"/></net>

<net id="1929"><net_src comp="144" pin="0"/><net_sink comp="1923" pin=0"/></net>

<net id="1930"><net_src comp="1020" pin="1"/><net_sink comp="1923" pin=1"/></net>

<net id="1931"><net_src comp="158" pin="0"/><net_sink comp="1923" pin=2"/></net>

<net id="1932"><net_src comp="160" pin="0"/><net_sink comp="1923" pin=3"/></net>

<net id="1939"><net_src comp="144" pin="0"/><net_sink comp="1933" pin=0"/></net>

<net id="1940"><net_src comp="1023" pin="1"/><net_sink comp="1933" pin=1"/></net>

<net id="1941"><net_src comp="158" pin="0"/><net_sink comp="1933" pin=2"/></net>

<net id="1942"><net_src comp="160" pin="0"/><net_sink comp="1933" pin=3"/></net>

<net id="1949"><net_src comp="144" pin="0"/><net_sink comp="1943" pin=0"/></net>

<net id="1950"><net_src comp="1026" pin="1"/><net_sink comp="1943" pin=1"/></net>

<net id="1951"><net_src comp="158" pin="0"/><net_sink comp="1943" pin=2"/></net>

<net id="1952"><net_src comp="160" pin="0"/><net_sink comp="1943" pin=3"/></net>

<net id="1959"><net_src comp="144" pin="0"/><net_sink comp="1953" pin=0"/></net>

<net id="1960"><net_src comp="1029" pin="1"/><net_sink comp="1953" pin=1"/></net>

<net id="1961"><net_src comp="158" pin="0"/><net_sink comp="1953" pin=2"/></net>

<net id="1962"><net_src comp="160" pin="0"/><net_sink comp="1953" pin=3"/></net>

<net id="1969"><net_src comp="144" pin="0"/><net_sink comp="1963" pin=0"/></net>

<net id="1970"><net_src comp="1032" pin="1"/><net_sink comp="1963" pin=1"/></net>

<net id="1971"><net_src comp="158" pin="0"/><net_sink comp="1963" pin=2"/></net>

<net id="1972"><net_src comp="160" pin="0"/><net_sink comp="1963" pin=3"/></net>

<net id="1979"><net_src comp="144" pin="0"/><net_sink comp="1973" pin=0"/></net>

<net id="1980"><net_src comp="1035" pin="1"/><net_sink comp="1973" pin=1"/></net>

<net id="1981"><net_src comp="158" pin="0"/><net_sink comp="1973" pin=2"/></net>

<net id="1982"><net_src comp="160" pin="0"/><net_sink comp="1973" pin=3"/></net>

<net id="1989"><net_src comp="144" pin="0"/><net_sink comp="1983" pin=0"/></net>

<net id="1990"><net_src comp="1038" pin="1"/><net_sink comp="1983" pin=1"/></net>

<net id="1991"><net_src comp="158" pin="0"/><net_sink comp="1983" pin=2"/></net>

<net id="1992"><net_src comp="160" pin="0"/><net_sink comp="1983" pin=3"/></net>

<net id="1999"><net_src comp="144" pin="0"/><net_sink comp="1993" pin=0"/></net>

<net id="2000"><net_src comp="1041" pin="1"/><net_sink comp="1993" pin=1"/></net>

<net id="2001"><net_src comp="158" pin="0"/><net_sink comp="1993" pin=2"/></net>

<net id="2002"><net_src comp="160" pin="0"/><net_sink comp="1993" pin=3"/></net>

<net id="2009"><net_src comp="144" pin="0"/><net_sink comp="2003" pin=0"/></net>

<net id="2010"><net_src comp="1044" pin="1"/><net_sink comp="2003" pin=1"/></net>

<net id="2011"><net_src comp="158" pin="0"/><net_sink comp="2003" pin=2"/></net>

<net id="2012"><net_src comp="160" pin="0"/><net_sink comp="2003" pin=3"/></net>

<net id="2019"><net_src comp="144" pin="0"/><net_sink comp="2013" pin=0"/></net>

<net id="2020"><net_src comp="1047" pin="1"/><net_sink comp="2013" pin=1"/></net>

<net id="2021"><net_src comp="158" pin="0"/><net_sink comp="2013" pin=2"/></net>

<net id="2022"><net_src comp="160" pin="0"/><net_sink comp="2013" pin=3"/></net>

<net id="2029"><net_src comp="144" pin="0"/><net_sink comp="2023" pin=0"/></net>

<net id="2030"><net_src comp="1050" pin="1"/><net_sink comp="2023" pin=1"/></net>

<net id="2031"><net_src comp="158" pin="0"/><net_sink comp="2023" pin=2"/></net>

<net id="2032"><net_src comp="160" pin="0"/><net_sink comp="2023" pin=3"/></net>

<net id="2039"><net_src comp="144" pin="0"/><net_sink comp="2033" pin=0"/></net>

<net id="2040"><net_src comp="1053" pin="1"/><net_sink comp="2033" pin=1"/></net>

<net id="2041"><net_src comp="158" pin="0"/><net_sink comp="2033" pin=2"/></net>

<net id="2042"><net_src comp="160" pin="0"/><net_sink comp="2033" pin=3"/></net>

<net id="2049"><net_src comp="144" pin="0"/><net_sink comp="2043" pin=0"/></net>

<net id="2050"><net_src comp="1056" pin="1"/><net_sink comp="2043" pin=1"/></net>

<net id="2051"><net_src comp="158" pin="0"/><net_sink comp="2043" pin=2"/></net>

<net id="2052"><net_src comp="160" pin="0"/><net_sink comp="2043" pin=3"/></net>

<net id="2059"><net_src comp="144" pin="0"/><net_sink comp="2053" pin=0"/></net>

<net id="2060"><net_src comp="1059" pin="1"/><net_sink comp="2053" pin=1"/></net>

<net id="2061"><net_src comp="158" pin="0"/><net_sink comp="2053" pin=2"/></net>

<net id="2062"><net_src comp="160" pin="0"/><net_sink comp="2053" pin=3"/></net>

<net id="2069"><net_src comp="144" pin="0"/><net_sink comp="2063" pin=0"/></net>

<net id="2070"><net_src comp="1062" pin="1"/><net_sink comp="2063" pin=1"/></net>

<net id="2071"><net_src comp="158" pin="0"/><net_sink comp="2063" pin=2"/></net>

<net id="2072"><net_src comp="160" pin="0"/><net_sink comp="2063" pin=3"/></net>

<net id="2110"><net_src comp="210" pin="0"/><net_sink comp="2073" pin=0"/></net>

<net id="2111"><net_src comp="108" pin="0"/><net_sink comp="2073" pin=1"/></net>

<net id="2112"><net_src comp="1913" pin="4"/><net_sink comp="2073" pin=2"/></net>

<net id="2113"><net_src comp="110" pin="0"/><net_sink comp="2073" pin=3"/></net>

<net id="2114"><net_src comp="1923" pin="4"/><net_sink comp="2073" pin=4"/></net>

<net id="2115"><net_src comp="112" pin="0"/><net_sink comp="2073" pin=5"/></net>

<net id="2116"><net_src comp="1933" pin="4"/><net_sink comp="2073" pin=6"/></net>

<net id="2117"><net_src comp="114" pin="0"/><net_sink comp="2073" pin=7"/></net>

<net id="2118"><net_src comp="1943" pin="4"/><net_sink comp="2073" pin=8"/></net>

<net id="2119"><net_src comp="116" pin="0"/><net_sink comp="2073" pin=9"/></net>

<net id="2120"><net_src comp="1953" pin="4"/><net_sink comp="2073" pin=10"/></net>

<net id="2121"><net_src comp="118" pin="0"/><net_sink comp="2073" pin=11"/></net>

<net id="2122"><net_src comp="1963" pin="4"/><net_sink comp="2073" pin=12"/></net>

<net id="2123"><net_src comp="120" pin="0"/><net_sink comp="2073" pin=13"/></net>

<net id="2124"><net_src comp="1973" pin="4"/><net_sink comp="2073" pin=14"/></net>

<net id="2125"><net_src comp="122" pin="0"/><net_sink comp="2073" pin=15"/></net>

<net id="2126"><net_src comp="1983" pin="4"/><net_sink comp="2073" pin=16"/></net>

<net id="2127"><net_src comp="124" pin="0"/><net_sink comp="2073" pin=17"/></net>

<net id="2128"><net_src comp="1993" pin="4"/><net_sink comp="2073" pin=18"/></net>

<net id="2129"><net_src comp="126" pin="0"/><net_sink comp="2073" pin=19"/></net>

<net id="2130"><net_src comp="2003" pin="4"/><net_sink comp="2073" pin=20"/></net>

<net id="2131"><net_src comp="128" pin="0"/><net_sink comp="2073" pin=21"/></net>

<net id="2132"><net_src comp="2013" pin="4"/><net_sink comp="2073" pin=22"/></net>

<net id="2133"><net_src comp="130" pin="0"/><net_sink comp="2073" pin=23"/></net>

<net id="2134"><net_src comp="2023" pin="4"/><net_sink comp="2073" pin=24"/></net>

<net id="2135"><net_src comp="132" pin="0"/><net_sink comp="2073" pin=25"/></net>

<net id="2136"><net_src comp="2033" pin="4"/><net_sink comp="2073" pin=26"/></net>

<net id="2137"><net_src comp="134" pin="0"/><net_sink comp="2073" pin=27"/></net>

<net id="2138"><net_src comp="2043" pin="4"/><net_sink comp="2073" pin=28"/></net>

<net id="2139"><net_src comp="136" pin="0"/><net_sink comp="2073" pin=29"/></net>

<net id="2140"><net_src comp="2053" pin="4"/><net_sink comp="2073" pin=30"/></net>

<net id="2141"><net_src comp="212" pin="0"/><net_sink comp="2073" pin=31"/></net>

<net id="2142"><net_src comp="2063" pin="4"/><net_sink comp="2073" pin=32"/></net>

<net id="2143"><net_src comp="214" pin="0"/><net_sink comp="2073" pin=33"/></net>

<net id="2148"><net_src comp="2073" pin="35"/><net_sink comp="2144" pin=0"/></net>

<net id="2155"><net_src comp="144" pin="0"/><net_sink comp="2149" pin=0"/></net>

<net id="2156"><net_src comp="1017" pin="1"/><net_sink comp="2149" pin=1"/></net>

<net id="2157"><net_src comp="162" pin="0"/><net_sink comp="2149" pin=2"/></net>

<net id="2158"><net_src comp="164" pin="0"/><net_sink comp="2149" pin=3"/></net>

<net id="2165"><net_src comp="144" pin="0"/><net_sink comp="2159" pin=0"/></net>

<net id="2166"><net_src comp="1020" pin="1"/><net_sink comp="2159" pin=1"/></net>

<net id="2167"><net_src comp="162" pin="0"/><net_sink comp="2159" pin=2"/></net>

<net id="2168"><net_src comp="164" pin="0"/><net_sink comp="2159" pin=3"/></net>

<net id="2175"><net_src comp="144" pin="0"/><net_sink comp="2169" pin=0"/></net>

<net id="2176"><net_src comp="1023" pin="1"/><net_sink comp="2169" pin=1"/></net>

<net id="2177"><net_src comp="162" pin="0"/><net_sink comp="2169" pin=2"/></net>

<net id="2178"><net_src comp="164" pin="0"/><net_sink comp="2169" pin=3"/></net>

<net id="2185"><net_src comp="144" pin="0"/><net_sink comp="2179" pin=0"/></net>

<net id="2186"><net_src comp="1026" pin="1"/><net_sink comp="2179" pin=1"/></net>

<net id="2187"><net_src comp="162" pin="0"/><net_sink comp="2179" pin=2"/></net>

<net id="2188"><net_src comp="164" pin="0"/><net_sink comp="2179" pin=3"/></net>

<net id="2195"><net_src comp="144" pin="0"/><net_sink comp="2189" pin=0"/></net>

<net id="2196"><net_src comp="1029" pin="1"/><net_sink comp="2189" pin=1"/></net>

<net id="2197"><net_src comp="162" pin="0"/><net_sink comp="2189" pin=2"/></net>

<net id="2198"><net_src comp="164" pin="0"/><net_sink comp="2189" pin=3"/></net>

<net id="2205"><net_src comp="144" pin="0"/><net_sink comp="2199" pin=0"/></net>

<net id="2206"><net_src comp="1032" pin="1"/><net_sink comp="2199" pin=1"/></net>

<net id="2207"><net_src comp="162" pin="0"/><net_sink comp="2199" pin=2"/></net>

<net id="2208"><net_src comp="164" pin="0"/><net_sink comp="2199" pin=3"/></net>

<net id="2215"><net_src comp="144" pin="0"/><net_sink comp="2209" pin=0"/></net>

<net id="2216"><net_src comp="1035" pin="1"/><net_sink comp="2209" pin=1"/></net>

<net id="2217"><net_src comp="162" pin="0"/><net_sink comp="2209" pin=2"/></net>

<net id="2218"><net_src comp="164" pin="0"/><net_sink comp="2209" pin=3"/></net>

<net id="2225"><net_src comp="144" pin="0"/><net_sink comp="2219" pin=0"/></net>

<net id="2226"><net_src comp="1038" pin="1"/><net_sink comp="2219" pin=1"/></net>

<net id="2227"><net_src comp="162" pin="0"/><net_sink comp="2219" pin=2"/></net>

<net id="2228"><net_src comp="164" pin="0"/><net_sink comp="2219" pin=3"/></net>

<net id="2235"><net_src comp="144" pin="0"/><net_sink comp="2229" pin=0"/></net>

<net id="2236"><net_src comp="1041" pin="1"/><net_sink comp="2229" pin=1"/></net>

<net id="2237"><net_src comp="162" pin="0"/><net_sink comp="2229" pin=2"/></net>

<net id="2238"><net_src comp="164" pin="0"/><net_sink comp="2229" pin=3"/></net>

<net id="2245"><net_src comp="144" pin="0"/><net_sink comp="2239" pin=0"/></net>

<net id="2246"><net_src comp="1044" pin="1"/><net_sink comp="2239" pin=1"/></net>

<net id="2247"><net_src comp="162" pin="0"/><net_sink comp="2239" pin=2"/></net>

<net id="2248"><net_src comp="164" pin="0"/><net_sink comp="2239" pin=3"/></net>

<net id="2255"><net_src comp="144" pin="0"/><net_sink comp="2249" pin=0"/></net>

<net id="2256"><net_src comp="1047" pin="1"/><net_sink comp="2249" pin=1"/></net>

<net id="2257"><net_src comp="162" pin="0"/><net_sink comp="2249" pin=2"/></net>

<net id="2258"><net_src comp="164" pin="0"/><net_sink comp="2249" pin=3"/></net>

<net id="2265"><net_src comp="144" pin="0"/><net_sink comp="2259" pin=0"/></net>

<net id="2266"><net_src comp="1050" pin="1"/><net_sink comp="2259" pin=1"/></net>

<net id="2267"><net_src comp="162" pin="0"/><net_sink comp="2259" pin=2"/></net>

<net id="2268"><net_src comp="164" pin="0"/><net_sink comp="2259" pin=3"/></net>

<net id="2275"><net_src comp="144" pin="0"/><net_sink comp="2269" pin=0"/></net>

<net id="2276"><net_src comp="1053" pin="1"/><net_sink comp="2269" pin=1"/></net>

<net id="2277"><net_src comp="162" pin="0"/><net_sink comp="2269" pin=2"/></net>

<net id="2278"><net_src comp="164" pin="0"/><net_sink comp="2269" pin=3"/></net>

<net id="2285"><net_src comp="144" pin="0"/><net_sink comp="2279" pin=0"/></net>

<net id="2286"><net_src comp="1056" pin="1"/><net_sink comp="2279" pin=1"/></net>

<net id="2287"><net_src comp="162" pin="0"/><net_sink comp="2279" pin=2"/></net>

<net id="2288"><net_src comp="164" pin="0"/><net_sink comp="2279" pin=3"/></net>

<net id="2295"><net_src comp="144" pin="0"/><net_sink comp="2289" pin=0"/></net>

<net id="2296"><net_src comp="1059" pin="1"/><net_sink comp="2289" pin=1"/></net>

<net id="2297"><net_src comp="162" pin="0"/><net_sink comp="2289" pin=2"/></net>

<net id="2298"><net_src comp="164" pin="0"/><net_sink comp="2289" pin=3"/></net>

<net id="2305"><net_src comp="144" pin="0"/><net_sink comp="2299" pin=0"/></net>

<net id="2306"><net_src comp="1062" pin="1"/><net_sink comp="2299" pin=1"/></net>

<net id="2307"><net_src comp="162" pin="0"/><net_sink comp="2299" pin=2"/></net>

<net id="2308"><net_src comp="164" pin="0"/><net_sink comp="2299" pin=3"/></net>

<net id="2346"><net_src comp="210" pin="0"/><net_sink comp="2309" pin=0"/></net>

<net id="2347"><net_src comp="108" pin="0"/><net_sink comp="2309" pin=1"/></net>

<net id="2348"><net_src comp="2149" pin="4"/><net_sink comp="2309" pin=2"/></net>

<net id="2349"><net_src comp="110" pin="0"/><net_sink comp="2309" pin=3"/></net>

<net id="2350"><net_src comp="2159" pin="4"/><net_sink comp="2309" pin=4"/></net>

<net id="2351"><net_src comp="112" pin="0"/><net_sink comp="2309" pin=5"/></net>

<net id="2352"><net_src comp="2169" pin="4"/><net_sink comp="2309" pin=6"/></net>

<net id="2353"><net_src comp="114" pin="0"/><net_sink comp="2309" pin=7"/></net>

<net id="2354"><net_src comp="2179" pin="4"/><net_sink comp="2309" pin=8"/></net>

<net id="2355"><net_src comp="116" pin="0"/><net_sink comp="2309" pin=9"/></net>

<net id="2356"><net_src comp="2189" pin="4"/><net_sink comp="2309" pin=10"/></net>

<net id="2357"><net_src comp="118" pin="0"/><net_sink comp="2309" pin=11"/></net>

<net id="2358"><net_src comp="2199" pin="4"/><net_sink comp="2309" pin=12"/></net>

<net id="2359"><net_src comp="120" pin="0"/><net_sink comp="2309" pin=13"/></net>

<net id="2360"><net_src comp="2209" pin="4"/><net_sink comp="2309" pin=14"/></net>

<net id="2361"><net_src comp="122" pin="0"/><net_sink comp="2309" pin=15"/></net>

<net id="2362"><net_src comp="2219" pin="4"/><net_sink comp="2309" pin=16"/></net>

<net id="2363"><net_src comp="124" pin="0"/><net_sink comp="2309" pin=17"/></net>

<net id="2364"><net_src comp="2229" pin="4"/><net_sink comp="2309" pin=18"/></net>

<net id="2365"><net_src comp="126" pin="0"/><net_sink comp="2309" pin=19"/></net>

<net id="2366"><net_src comp="2239" pin="4"/><net_sink comp="2309" pin=20"/></net>

<net id="2367"><net_src comp="128" pin="0"/><net_sink comp="2309" pin=21"/></net>

<net id="2368"><net_src comp="2249" pin="4"/><net_sink comp="2309" pin=22"/></net>

<net id="2369"><net_src comp="130" pin="0"/><net_sink comp="2309" pin=23"/></net>

<net id="2370"><net_src comp="2259" pin="4"/><net_sink comp="2309" pin=24"/></net>

<net id="2371"><net_src comp="132" pin="0"/><net_sink comp="2309" pin=25"/></net>

<net id="2372"><net_src comp="2269" pin="4"/><net_sink comp="2309" pin=26"/></net>

<net id="2373"><net_src comp="134" pin="0"/><net_sink comp="2309" pin=27"/></net>

<net id="2374"><net_src comp="2279" pin="4"/><net_sink comp="2309" pin=28"/></net>

<net id="2375"><net_src comp="136" pin="0"/><net_sink comp="2309" pin=29"/></net>

<net id="2376"><net_src comp="2289" pin="4"/><net_sink comp="2309" pin=30"/></net>

<net id="2377"><net_src comp="212" pin="0"/><net_sink comp="2309" pin=31"/></net>

<net id="2378"><net_src comp="2299" pin="4"/><net_sink comp="2309" pin=32"/></net>

<net id="2379"><net_src comp="214" pin="0"/><net_sink comp="2309" pin=33"/></net>

<net id="2384"><net_src comp="2309" pin="35"/><net_sink comp="2380" pin=0"/></net>

<net id="2391"><net_src comp="144" pin="0"/><net_sink comp="2385" pin=0"/></net>

<net id="2392"><net_src comp="1017" pin="1"/><net_sink comp="2385" pin=1"/></net>

<net id="2393"><net_src comp="166" pin="0"/><net_sink comp="2385" pin=2"/></net>

<net id="2394"><net_src comp="168" pin="0"/><net_sink comp="2385" pin=3"/></net>

<net id="2401"><net_src comp="144" pin="0"/><net_sink comp="2395" pin=0"/></net>

<net id="2402"><net_src comp="1020" pin="1"/><net_sink comp="2395" pin=1"/></net>

<net id="2403"><net_src comp="166" pin="0"/><net_sink comp="2395" pin=2"/></net>

<net id="2404"><net_src comp="168" pin="0"/><net_sink comp="2395" pin=3"/></net>

<net id="2411"><net_src comp="144" pin="0"/><net_sink comp="2405" pin=0"/></net>

<net id="2412"><net_src comp="1023" pin="1"/><net_sink comp="2405" pin=1"/></net>

<net id="2413"><net_src comp="166" pin="0"/><net_sink comp="2405" pin=2"/></net>

<net id="2414"><net_src comp="168" pin="0"/><net_sink comp="2405" pin=3"/></net>

<net id="2421"><net_src comp="144" pin="0"/><net_sink comp="2415" pin=0"/></net>

<net id="2422"><net_src comp="1026" pin="1"/><net_sink comp="2415" pin=1"/></net>

<net id="2423"><net_src comp="166" pin="0"/><net_sink comp="2415" pin=2"/></net>

<net id="2424"><net_src comp="168" pin="0"/><net_sink comp="2415" pin=3"/></net>

<net id="2431"><net_src comp="144" pin="0"/><net_sink comp="2425" pin=0"/></net>

<net id="2432"><net_src comp="1029" pin="1"/><net_sink comp="2425" pin=1"/></net>

<net id="2433"><net_src comp="166" pin="0"/><net_sink comp="2425" pin=2"/></net>

<net id="2434"><net_src comp="168" pin="0"/><net_sink comp="2425" pin=3"/></net>

<net id="2441"><net_src comp="144" pin="0"/><net_sink comp="2435" pin=0"/></net>

<net id="2442"><net_src comp="1032" pin="1"/><net_sink comp="2435" pin=1"/></net>

<net id="2443"><net_src comp="166" pin="0"/><net_sink comp="2435" pin=2"/></net>

<net id="2444"><net_src comp="168" pin="0"/><net_sink comp="2435" pin=3"/></net>

<net id="2451"><net_src comp="144" pin="0"/><net_sink comp="2445" pin=0"/></net>

<net id="2452"><net_src comp="1035" pin="1"/><net_sink comp="2445" pin=1"/></net>

<net id="2453"><net_src comp="166" pin="0"/><net_sink comp="2445" pin=2"/></net>

<net id="2454"><net_src comp="168" pin="0"/><net_sink comp="2445" pin=3"/></net>

<net id="2461"><net_src comp="144" pin="0"/><net_sink comp="2455" pin=0"/></net>

<net id="2462"><net_src comp="1038" pin="1"/><net_sink comp="2455" pin=1"/></net>

<net id="2463"><net_src comp="166" pin="0"/><net_sink comp="2455" pin=2"/></net>

<net id="2464"><net_src comp="168" pin="0"/><net_sink comp="2455" pin=3"/></net>

<net id="2471"><net_src comp="144" pin="0"/><net_sink comp="2465" pin=0"/></net>

<net id="2472"><net_src comp="1041" pin="1"/><net_sink comp="2465" pin=1"/></net>

<net id="2473"><net_src comp="166" pin="0"/><net_sink comp="2465" pin=2"/></net>

<net id="2474"><net_src comp="168" pin="0"/><net_sink comp="2465" pin=3"/></net>

<net id="2481"><net_src comp="144" pin="0"/><net_sink comp="2475" pin=0"/></net>

<net id="2482"><net_src comp="1044" pin="1"/><net_sink comp="2475" pin=1"/></net>

<net id="2483"><net_src comp="166" pin="0"/><net_sink comp="2475" pin=2"/></net>

<net id="2484"><net_src comp="168" pin="0"/><net_sink comp="2475" pin=3"/></net>

<net id="2491"><net_src comp="144" pin="0"/><net_sink comp="2485" pin=0"/></net>

<net id="2492"><net_src comp="1047" pin="1"/><net_sink comp="2485" pin=1"/></net>

<net id="2493"><net_src comp="166" pin="0"/><net_sink comp="2485" pin=2"/></net>

<net id="2494"><net_src comp="168" pin="0"/><net_sink comp="2485" pin=3"/></net>

<net id="2501"><net_src comp="144" pin="0"/><net_sink comp="2495" pin=0"/></net>

<net id="2502"><net_src comp="1050" pin="1"/><net_sink comp="2495" pin=1"/></net>

<net id="2503"><net_src comp="166" pin="0"/><net_sink comp="2495" pin=2"/></net>

<net id="2504"><net_src comp="168" pin="0"/><net_sink comp="2495" pin=3"/></net>

<net id="2511"><net_src comp="144" pin="0"/><net_sink comp="2505" pin=0"/></net>

<net id="2512"><net_src comp="1053" pin="1"/><net_sink comp="2505" pin=1"/></net>

<net id="2513"><net_src comp="166" pin="0"/><net_sink comp="2505" pin=2"/></net>

<net id="2514"><net_src comp="168" pin="0"/><net_sink comp="2505" pin=3"/></net>

<net id="2521"><net_src comp="144" pin="0"/><net_sink comp="2515" pin=0"/></net>

<net id="2522"><net_src comp="1056" pin="1"/><net_sink comp="2515" pin=1"/></net>

<net id="2523"><net_src comp="166" pin="0"/><net_sink comp="2515" pin=2"/></net>

<net id="2524"><net_src comp="168" pin="0"/><net_sink comp="2515" pin=3"/></net>

<net id="2531"><net_src comp="144" pin="0"/><net_sink comp="2525" pin=0"/></net>

<net id="2532"><net_src comp="1059" pin="1"/><net_sink comp="2525" pin=1"/></net>

<net id="2533"><net_src comp="166" pin="0"/><net_sink comp="2525" pin=2"/></net>

<net id="2534"><net_src comp="168" pin="0"/><net_sink comp="2525" pin=3"/></net>

<net id="2541"><net_src comp="144" pin="0"/><net_sink comp="2535" pin=0"/></net>

<net id="2542"><net_src comp="1062" pin="1"/><net_sink comp="2535" pin=1"/></net>

<net id="2543"><net_src comp="166" pin="0"/><net_sink comp="2535" pin=2"/></net>

<net id="2544"><net_src comp="168" pin="0"/><net_sink comp="2535" pin=3"/></net>

<net id="2582"><net_src comp="210" pin="0"/><net_sink comp="2545" pin=0"/></net>

<net id="2583"><net_src comp="108" pin="0"/><net_sink comp="2545" pin=1"/></net>

<net id="2584"><net_src comp="2385" pin="4"/><net_sink comp="2545" pin=2"/></net>

<net id="2585"><net_src comp="110" pin="0"/><net_sink comp="2545" pin=3"/></net>

<net id="2586"><net_src comp="2395" pin="4"/><net_sink comp="2545" pin=4"/></net>

<net id="2587"><net_src comp="112" pin="0"/><net_sink comp="2545" pin=5"/></net>

<net id="2588"><net_src comp="2405" pin="4"/><net_sink comp="2545" pin=6"/></net>

<net id="2589"><net_src comp="114" pin="0"/><net_sink comp="2545" pin=7"/></net>

<net id="2590"><net_src comp="2415" pin="4"/><net_sink comp="2545" pin=8"/></net>

<net id="2591"><net_src comp="116" pin="0"/><net_sink comp="2545" pin=9"/></net>

<net id="2592"><net_src comp="2425" pin="4"/><net_sink comp="2545" pin=10"/></net>

<net id="2593"><net_src comp="118" pin="0"/><net_sink comp="2545" pin=11"/></net>

<net id="2594"><net_src comp="2435" pin="4"/><net_sink comp="2545" pin=12"/></net>

<net id="2595"><net_src comp="120" pin="0"/><net_sink comp="2545" pin=13"/></net>

<net id="2596"><net_src comp="2445" pin="4"/><net_sink comp="2545" pin=14"/></net>

<net id="2597"><net_src comp="122" pin="0"/><net_sink comp="2545" pin=15"/></net>

<net id="2598"><net_src comp="2455" pin="4"/><net_sink comp="2545" pin=16"/></net>

<net id="2599"><net_src comp="124" pin="0"/><net_sink comp="2545" pin=17"/></net>

<net id="2600"><net_src comp="2465" pin="4"/><net_sink comp="2545" pin=18"/></net>

<net id="2601"><net_src comp="126" pin="0"/><net_sink comp="2545" pin=19"/></net>

<net id="2602"><net_src comp="2475" pin="4"/><net_sink comp="2545" pin=20"/></net>

<net id="2603"><net_src comp="128" pin="0"/><net_sink comp="2545" pin=21"/></net>

<net id="2604"><net_src comp="2485" pin="4"/><net_sink comp="2545" pin=22"/></net>

<net id="2605"><net_src comp="130" pin="0"/><net_sink comp="2545" pin=23"/></net>

<net id="2606"><net_src comp="2495" pin="4"/><net_sink comp="2545" pin=24"/></net>

<net id="2607"><net_src comp="132" pin="0"/><net_sink comp="2545" pin=25"/></net>

<net id="2608"><net_src comp="2505" pin="4"/><net_sink comp="2545" pin=26"/></net>

<net id="2609"><net_src comp="134" pin="0"/><net_sink comp="2545" pin=27"/></net>

<net id="2610"><net_src comp="2515" pin="4"/><net_sink comp="2545" pin=28"/></net>

<net id="2611"><net_src comp="136" pin="0"/><net_sink comp="2545" pin=29"/></net>

<net id="2612"><net_src comp="2525" pin="4"/><net_sink comp="2545" pin=30"/></net>

<net id="2613"><net_src comp="212" pin="0"/><net_sink comp="2545" pin=31"/></net>

<net id="2614"><net_src comp="2535" pin="4"/><net_sink comp="2545" pin=32"/></net>

<net id="2615"><net_src comp="214" pin="0"/><net_sink comp="2545" pin=33"/></net>

<net id="2620"><net_src comp="2545" pin="35"/><net_sink comp="2616" pin=0"/></net>

<net id="2627"><net_src comp="144" pin="0"/><net_sink comp="2621" pin=0"/></net>

<net id="2628"><net_src comp="1017" pin="1"/><net_sink comp="2621" pin=1"/></net>

<net id="2629"><net_src comp="170" pin="0"/><net_sink comp="2621" pin=2"/></net>

<net id="2630"><net_src comp="172" pin="0"/><net_sink comp="2621" pin=3"/></net>

<net id="2637"><net_src comp="144" pin="0"/><net_sink comp="2631" pin=0"/></net>

<net id="2638"><net_src comp="1020" pin="1"/><net_sink comp="2631" pin=1"/></net>

<net id="2639"><net_src comp="170" pin="0"/><net_sink comp="2631" pin=2"/></net>

<net id="2640"><net_src comp="172" pin="0"/><net_sink comp="2631" pin=3"/></net>

<net id="2647"><net_src comp="144" pin="0"/><net_sink comp="2641" pin=0"/></net>

<net id="2648"><net_src comp="1023" pin="1"/><net_sink comp="2641" pin=1"/></net>

<net id="2649"><net_src comp="170" pin="0"/><net_sink comp="2641" pin=2"/></net>

<net id="2650"><net_src comp="172" pin="0"/><net_sink comp="2641" pin=3"/></net>

<net id="2657"><net_src comp="144" pin="0"/><net_sink comp="2651" pin=0"/></net>

<net id="2658"><net_src comp="1026" pin="1"/><net_sink comp="2651" pin=1"/></net>

<net id="2659"><net_src comp="170" pin="0"/><net_sink comp="2651" pin=2"/></net>

<net id="2660"><net_src comp="172" pin="0"/><net_sink comp="2651" pin=3"/></net>

<net id="2667"><net_src comp="144" pin="0"/><net_sink comp="2661" pin=0"/></net>

<net id="2668"><net_src comp="1029" pin="1"/><net_sink comp="2661" pin=1"/></net>

<net id="2669"><net_src comp="170" pin="0"/><net_sink comp="2661" pin=2"/></net>

<net id="2670"><net_src comp="172" pin="0"/><net_sink comp="2661" pin=3"/></net>

<net id="2677"><net_src comp="144" pin="0"/><net_sink comp="2671" pin=0"/></net>

<net id="2678"><net_src comp="1032" pin="1"/><net_sink comp="2671" pin=1"/></net>

<net id="2679"><net_src comp="170" pin="0"/><net_sink comp="2671" pin=2"/></net>

<net id="2680"><net_src comp="172" pin="0"/><net_sink comp="2671" pin=3"/></net>

<net id="2687"><net_src comp="144" pin="0"/><net_sink comp="2681" pin=0"/></net>

<net id="2688"><net_src comp="1035" pin="1"/><net_sink comp="2681" pin=1"/></net>

<net id="2689"><net_src comp="170" pin="0"/><net_sink comp="2681" pin=2"/></net>

<net id="2690"><net_src comp="172" pin="0"/><net_sink comp="2681" pin=3"/></net>

<net id="2697"><net_src comp="144" pin="0"/><net_sink comp="2691" pin=0"/></net>

<net id="2698"><net_src comp="1038" pin="1"/><net_sink comp="2691" pin=1"/></net>

<net id="2699"><net_src comp="170" pin="0"/><net_sink comp="2691" pin=2"/></net>

<net id="2700"><net_src comp="172" pin="0"/><net_sink comp="2691" pin=3"/></net>

<net id="2707"><net_src comp="144" pin="0"/><net_sink comp="2701" pin=0"/></net>

<net id="2708"><net_src comp="1041" pin="1"/><net_sink comp="2701" pin=1"/></net>

<net id="2709"><net_src comp="170" pin="0"/><net_sink comp="2701" pin=2"/></net>

<net id="2710"><net_src comp="172" pin="0"/><net_sink comp="2701" pin=3"/></net>

<net id="2717"><net_src comp="144" pin="0"/><net_sink comp="2711" pin=0"/></net>

<net id="2718"><net_src comp="1044" pin="1"/><net_sink comp="2711" pin=1"/></net>

<net id="2719"><net_src comp="170" pin="0"/><net_sink comp="2711" pin=2"/></net>

<net id="2720"><net_src comp="172" pin="0"/><net_sink comp="2711" pin=3"/></net>

<net id="2727"><net_src comp="144" pin="0"/><net_sink comp="2721" pin=0"/></net>

<net id="2728"><net_src comp="1047" pin="1"/><net_sink comp="2721" pin=1"/></net>

<net id="2729"><net_src comp="170" pin="0"/><net_sink comp="2721" pin=2"/></net>

<net id="2730"><net_src comp="172" pin="0"/><net_sink comp="2721" pin=3"/></net>

<net id="2737"><net_src comp="144" pin="0"/><net_sink comp="2731" pin=0"/></net>

<net id="2738"><net_src comp="1050" pin="1"/><net_sink comp="2731" pin=1"/></net>

<net id="2739"><net_src comp="170" pin="0"/><net_sink comp="2731" pin=2"/></net>

<net id="2740"><net_src comp="172" pin="0"/><net_sink comp="2731" pin=3"/></net>

<net id="2747"><net_src comp="144" pin="0"/><net_sink comp="2741" pin=0"/></net>

<net id="2748"><net_src comp="1053" pin="1"/><net_sink comp="2741" pin=1"/></net>

<net id="2749"><net_src comp="170" pin="0"/><net_sink comp="2741" pin=2"/></net>

<net id="2750"><net_src comp="172" pin="0"/><net_sink comp="2741" pin=3"/></net>

<net id="2757"><net_src comp="144" pin="0"/><net_sink comp="2751" pin=0"/></net>

<net id="2758"><net_src comp="1056" pin="1"/><net_sink comp="2751" pin=1"/></net>

<net id="2759"><net_src comp="170" pin="0"/><net_sink comp="2751" pin=2"/></net>

<net id="2760"><net_src comp="172" pin="0"/><net_sink comp="2751" pin=3"/></net>

<net id="2767"><net_src comp="144" pin="0"/><net_sink comp="2761" pin=0"/></net>

<net id="2768"><net_src comp="1059" pin="1"/><net_sink comp="2761" pin=1"/></net>

<net id="2769"><net_src comp="170" pin="0"/><net_sink comp="2761" pin=2"/></net>

<net id="2770"><net_src comp="172" pin="0"/><net_sink comp="2761" pin=3"/></net>

<net id="2777"><net_src comp="144" pin="0"/><net_sink comp="2771" pin=0"/></net>

<net id="2778"><net_src comp="1062" pin="1"/><net_sink comp="2771" pin=1"/></net>

<net id="2779"><net_src comp="170" pin="0"/><net_sink comp="2771" pin=2"/></net>

<net id="2780"><net_src comp="172" pin="0"/><net_sink comp="2771" pin=3"/></net>

<net id="2818"><net_src comp="210" pin="0"/><net_sink comp="2781" pin=0"/></net>

<net id="2819"><net_src comp="108" pin="0"/><net_sink comp="2781" pin=1"/></net>

<net id="2820"><net_src comp="2621" pin="4"/><net_sink comp="2781" pin=2"/></net>

<net id="2821"><net_src comp="110" pin="0"/><net_sink comp="2781" pin=3"/></net>

<net id="2822"><net_src comp="2631" pin="4"/><net_sink comp="2781" pin=4"/></net>

<net id="2823"><net_src comp="112" pin="0"/><net_sink comp="2781" pin=5"/></net>

<net id="2824"><net_src comp="2641" pin="4"/><net_sink comp="2781" pin=6"/></net>

<net id="2825"><net_src comp="114" pin="0"/><net_sink comp="2781" pin=7"/></net>

<net id="2826"><net_src comp="2651" pin="4"/><net_sink comp="2781" pin=8"/></net>

<net id="2827"><net_src comp="116" pin="0"/><net_sink comp="2781" pin=9"/></net>

<net id="2828"><net_src comp="2661" pin="4"/><net_sink comp="2781" pin=10"/></net>

<net id="2829"><net_src comp="118" pin="0"/><net_sink comp="2781" pin=11"/></net>

<net id="2830"><net_src comp="2671" pin="4"/><net_sink comp="2781" pin=12"/></net>

<net id="2831"><net_src comp="120" pin="0"/><net_sink comp="2781" pin=13"/></net>

<net id="2832"><net_src comp="2681" pin="4"/><net_sink comp="2781" pin=14"/></net>

<net id="2833"><net_src comp="122" pin="0"/><net_sink comp="2781" pin=15"/></net>

<net id="2834"><net_src comp="2691" pin="4"/><net_sink comp="2781" pin=16"/></net>

<net id="2835"><net_src comp="124" pin="0"/><net_sink comp="2781" pin=17"/></net>

<net id="2836"><net_src comp="2701" pin="4"/><net_sink comp="2781" pin=18"/></net>

<net id="2837"><net_src comp="126" pin="0"/><net_sink comp="2781" pin=19"/></net>

<net id="2838"><net_src comp="2711" pin="4"/><net_sink comp="2781" pin=20"/></net>

<net id="2839"><net_src comp="128" pin="0"/><net_sink comp="2781" pin=21"/></net>

<net id="2840"><net_src comp="2721" pin="4"/><net_sink comp="2781" pin=22"/></net>

<net id="2841"><net_src comp="130" pin="0"/><net_sink comp="2781" pin=23"/></net>

<net id="2842"><net_src comp="2731" pin="4"/><net_sink comp="2781" pin=24"/></net>

<net id="2843"><net_src comp="132" pin="0"/><net_sink comp="2781" pin=25"/></net>

<net id="2844"><net_src comp="2741" pin="4"/><net_sink comp="2781" pin=26"/></net>

<net id="2845"><net_src comp="134" pin="0"/><net_sink comp="2781" pin=27"/></net>

<net id="2846"><net_src comp="2751" pin="4"/><net_sink comp="2781" pin=28"/></net>

<net id="2847"><net_src comp="136" pin="0"/><net_sink comp="2781" pin=29"/></net>

<net id="2848"><net_src comp="2761" pin="4"/><net_sink comp="2781" pin=30"/></net>

<net id="2849"><net_src comp="212" pin="0"/><net_sink comp="2781" pin=31"/></net>

<net id="2850"><net_src comp="2771" pin="4"/><net_sink comp="2781" pin=32"/></net>

<net id="2851"><net_src comp="214" pin="0"/><net_sink comp="2781" pin=33"/></net>

<net id="2856"><net_src comp="2781" pin="35"/><net_sink comp="2852" pin=0"/></net>

<net id="2863"><net_src comp="144" pin="0"/><net_sink comp="2857" pin=0"/></net>

<net id="2864"><net_src comp="1017" pin="1"/><net_sink comp="2857" pin=1"/></net>

<net id="2865"><net_src comp="174" pin="0"/><net_sink comp="2857" pin=2"/></net>

<net id="2866"><net_src comp="176" pin="0"/><net_sink comp="2857" pin=3"/></net>

<net id="2873"><net_src comp="144" pin="0"/><net_sink comp="2867" pin=0"/></net>

<net id="2874"><net_src comp="1020" pin="1"/><net_sink comp="2867" pin=1"/></net>

<net id="2875"><net_src comp="174" pin="0"/><net_sink comp="2867" pin=2"/></net>

<net id="2876"><net_src comp="176" pin="0"/><net_sink comp="2867" pin=3"/></net>

<net id="2883"><net_src comp="144" pin="0"/><net_sink comp="2877" pin=0"/></net>

<net id="2884"><net_src comp="1023" pin="1"/><net_sink comp="2877" pin=1"/></net>

<net id="2885"><net_src comp="174" pin="0"/><net_sink comp="2877" pin=2"/></net>

<net id="2886"><net_src comp="176" pin="0"/><net_sink comp="2877" pin=3"/></net>

<net id="2893"><net_src comp="144" pin="0"/><net_sink comp="2887" pin=0"/></net>

<net id="2894"><net_src comp="1026" pin="1"/><net_sink comp="2887" pin=1"/></net>

<net id="2895"><net_src comp="174" pin="0"/><net_sink comp="2887" pin=2"/></net>

<net id="2896"><net_src comp="176" pin="0"/><net_sink comp="2887" pin=3"/></net>

<net id="2903"><net_src comp="144" pin="0"/><net_sink comp="2897" pin=0"/></net>

<net id="2904"><net_src comp="1029" pin="1"/><net_sink comp="2897" pin=1"/></net>

<net id="2905"><net_src comp="174" pin="0"/><net_sink comp="2897" pin=2"/></net>

<net id="2906"><net_src comp="176" pin="0"/><net_sink comp="2897" pin=3"/></net>

<net id="2913"><net_src comp="144" pin="0"/><net_sink comp="2907" pin=0"/></net>

<net id="2914"><net_src comp="1032" pin="1"/><net_sink comp="2907" pin=1"/></net>

<net id="2915"><net_src comp="174" pin="0"/><net_sink comp="2907" pin=2"/></net>

<net id="2916"><net_src comp="176" pin="0"/><net_sink comp="2907" pin=3"/></net>

<net id="2923"><net_src comp="144" pin="0"/><net_sink comp="2917" pin=0"/></net>

<net id="2924"><net_src comp="1035" pin="1"/><net_sink comp="2917" pin=1"/></net>

<net id="2925"><net_src comp="174" pin="0"/><net_sink comp="2917" pin=2"/></net>

<net id="2926"><net_src comp="176" pin="0"/><net_sink comp="2917" pin=3"/></net>

<net id="2933"><net_src comp="144" pin="0"/><net_sink comp="2927" pin=0"/></net>

<net id="2934"><net_src comp="1038" pin="1"/><net_sink comp="2927" pin=1"/></net>

<net id="2935"><net_src comp="174" pin="0"/><net_sink comp="2927" pin=2"/></net>

<net id="2936"><net_src comp="176" pin="0"/><net_sink comp="2927" pin=3"/></net>

<net id="2943"><net_src comp="144" pin="0"/><net_sink comp="2937" pin=0"/></net>

<net id="2944"><net_src comp="1041" pin="1"/><net_sink comp="2937" pin=1"/></net>

<net id="2945"><net_src comp="174" pin="0"/><net_sink comp="2937" pin=2"/></net>

<net id="2946"><net_src comp="176" pin="0"/><net_sink comp="2937" pin=3"/></net>

<net id="2953"><net_src comp="144" pin="0"/><net_sink comp="2947" pin=0"/></net>

<net id="2954"><net_src comp="1044" pin="1"/><net_sink comp="2947" pin=1"/></net>

<net id="2955"><net_src comp="174" pin="0"/><net_sink comp="2947" pin=2"/></net>

<net id="2956"><net_src comp="176" pin="0"/><net_sink comp="2947" pin=3"/></net>

<net id="2963"><net_src comp="144" pin="0"/><net_sink comp="2957" pin=0"/></net>

<net id="2964"><net_src comp="1047" pin="1"/><net_sink comp="2957" pin=1"/></net>

<net id="2965"><net_src comp="174" pin="0"/><net_sink comp="2957" pin=2"/></net>

<net id="2966"><net_src comp="176" pin="0"/><net_sink comp="2957" pin=3"/></net>

<net id="2973"><net_src comp="144" pin="0"/><net_sink comp="2967" pin=0"/></net>

<net id="2974"><net_src comp="1050" pin="1"/><net_sink comp="2967" pin=1"/></net>

<net id="2975"><net_src comp="174" pin="0"/><net_sink comp="2967" pin=2"/></net>

<net id="2976"><net_src comp="176" pin="0"/><net_sink comp="2967" pin=3"/></net>

<net id="2983"><net_src comp="144" pin="0"/><net_sink comp="2977" pin=0"/></net>

<net id="2984"><net_src comp="1053" pin="1"/><net_sink comp="2977" pin=1"/></net>

<net id="2985"><net_src comp="174" pin="0"/><net_sink comp="2977" pin=2"/></net>

<net id="2986"><net_src comp="176" pin="0"/><net_sink comp="2977" pin=3"/></net>

<net id="2993"><net_src comp="144" pin="0"/><net_sink comp="2987" pin=0"/></net>

<net id="2994"><net_src comp="1056" pin="1"/><net_sink comp="2987" pin=1"/></net>

<net id="2995"><net_src comp="174" pin="0"/><net_sink comp="2987" pin=2"/></net>

<net id="2996"><net_src comp="176" pin="0"/><net_sink comp="2987" pin=3"/></net>

<net id="3003"><net_src comp="144" pin="0"/><net_sink comp="2997" pin=0"/></net>

<net id="3004"><net_src comp="1059" pin="1"/><net_sink comp="2997" pin=1"/></net>

<net id="3005"><net_src comp="174" pin="0"/><net_sink comp="2997" pin=2"/></net>

<net id="3006"><net_src comp="176" pin="0"/><net_sink comp="2997" pin=3"/></net>

<net id="3013"><net_src comp="144" pin="0"/><net_sink comp="3007" pin=0"/></net>

<net id="3014"><net_src comp="1062" pin="1"/><net_sink comp="3007" pin=1"/></net>

<net id="3015"><net_src comp="174" pin="0"/><net_sink comp="3007" pin=2"/></net>

<net id="3016"><net_src comp="176" pin="0"/><net_sink comp="3007" pin=3"/></net>

<net id="3054"><net_src comp="210" pin="0"/><net_sink comp="3017" pin=0"/></net>

<net id="3055"><net_src comp="108" pin="0"/><net_sink comp="3017" pin=1"/></net>

<net id="3056"><net_src comp="2857" pin="4"/><net_sink comp="3017" pin=2"/></net>

<net id="3057"><net_src comp="110" pin="0"/><net_sink comp="3017" pin=3"/></net>

<net id="3058"><net_src comp="2867" pin="4"/><net_sink comp="3017" pin=4"/></net>

<net id="3059"><net_src comp="112" pin="0"/><net_sink comp="3017" pin=5"/></net>

<net id="3060"><net_src comp="2877" pin="4"/><net_sink comp="3017" pin=6"/></net>

<net id="3061"><net_src comp="114" pin="0"/><net_sink comp="3017" pin=7"/></net>

<net id="3062"><net_src comp="2887" pin="4"/><net_sink comp="3017" pin=8"/></net>

<net id="3063"><net_src comp="116" pin="0"/><net_sink comp="3017" pin=9"/></net>

<net id="3064"><net_src comp="2897" pin="4"/><net_sink comp="3017" pin=10"/></net>

<net id="3065"><net_src comp="118" pin="0"/><net_sink comp="3017" pin=11"/></net>

<net id="3066"><net_src comp="2907" pin="4"/><net_sink comp="3017" pin=12"/></net>

<net id="3067"><net_src comp="120" pin="0"/><net_sink comp="3017" pin=13"/></net>

<net id="3068"><net_src comp="2917" pin="4"/><net_sink comp="3017" pin=14"/></net>

<net id="3069"><net_src comp="122" pin="0"/><net_sink comp="3017" pin=15"/></net>

<net id="3070"><net_src comp="2927" pin="4"/><net_sink comp="3017" pin=16"/></net>

<net id="3071"><net_src comp="124" pin="0"/><net_sink comp="3017" pin=17"/></net>

<net id="3072"><net_src comp="2937" pin="4"/><net_sink comp="3017" pin=18"/></net>

<net id="3073"><net_src comp="126" pin="0"/><net_sink comp="3017" pin=19"/></net>

<net id="3074"><net_src comp="2947" pin="4"/><net_sink comp="3017" pin=20"/></net>

<net id="3075"><net_src comp="128" pin="0"/><net_sink comp="3017" pin=21"/></net>

<net id="3076"><net_src comp="2957" pin="4"/><net_sink comp="3017" pin=22"/></net>

<net id="3077"><net_src comp="130" pin="0"/><net_sink comp="3017" pin=23"/></net>

<net id="3078"><net_src comp="2967" pin="4"/><net_sink comp="3017" pin=24"/></net>

<net id="3079"><net_src comp="132" pin="0"/><net_sink comp="3017" pin=25"/></net>

<net id="3080"><net_src comp="2977" pin="4"/><net_sink comp="3017" pin=26"/></net>

<net id="3081"><net_src comp="134" pin="0"/><net_sink comp="3017" pin=27"/></net>

<net id="3082"><net_src comp="2987" pin="4"/><net_sink comp="3017" pin=28"/></net>

<net id="3083"><net_src comp="136" pin="0"/><net_sink comp="3017" pin=29"/></net>

<net id="3084"><net_src comp="2997" pin="4"/><net_sink comp="3017" pin=30"/></net>

<net id="3085"><net_src comp="212" pin="0"/><net_sink comp="3017" pin=31"/></net>

<net id="3086"><net_src comp="3007" pin="4"/><net_sink comp="3017" pin=32"/></net>

<net id="3087"><net_src comp="214" pin="0"/><net_sink comp="3017" pin=33"/></net>

<net id="3092"><net_src comp="3017" pin="35"/><net_sink comp="3088" pin=0"/></net>

<net id="3099"><net_src comp="144" pin="0"/><net_sink comp="3093" pin=0"/></net>

<net id="3100"><net_src comp="1017" pin="1"/><net_sink comp="3093" pin=1"/></net>

<net id="3101"><net_src comp="178" pin="0"/><net_sink comp="3093" pin=2"/></net>

<net id="3102"><net_src comp="180" pin="0"/><net_sink comp="3093" pin=3"/></net>

<net id="3109"><net_src comp="144" pin="0"/><net_sink comp="3103" pin=0"/></net>

<net id="3110"><net_src comp="1020" pin="1"/><net_sink comp="3103" pin=1"/></net>

<net id="3111"><net_src comp="178" pin="0"/><net_sink comp="3103" pin=2"/></net>

<net id="3112"><net_src comp="180" pin="0"/><net_sink comp="3103" pin=3"/></net>

<net id="3119"><net_src comp="144" pin="0"/><net_sink comp="3113" pin=0"/></net>

<net id="3120"><net_src comp="1023" pin="1"/><net_sink comp="3113" pin=1"/></net>

<net id="3121"><net_src comp="178" pin="0"/><net_sink comp="3113" pin=2"/></net>

<net id="3122"><net_src comp="180" pin="0"/><net_sink comp="3113" pin=3"/></net>

<net id="3129"><net_src comp="144" pin="0"/><net_sink comp="3123" pin=0"/></net>

<net id="3130"><net_src comp="1026" pin="1"/><net_sink comp="3123" pin=1"/></net>

<net id="3131"><net_src comp="178" pin="0"/><net_sink comp="3123" pin=2"/></net>

<net id="3132"><net_src comp="180" pin="0"/><net_sink comp="3123" pin=3"/></net>

<net id="3139"><net_src comp="144" pin="0"/><net_sink comp="3133" pin=0"/></net>

<net id="3140"><net_src comp="1029" pin="1"/><net_sink comp="3133" pin=1"/></net>

<net id="3141"><net_src comp="178" pin="0"/><net_sink comp="3133" pin=2"/></net>

<net id="3142"><net_src comp="180" pin="0"/><net_sink comp="3133" pin=3"/></net>

<net id="3149"><net_src comp="144" pin="0"/><net_sink comp="3143" pin=0"/></net>

<net id="3150"><net_src comp="1032" pin="1"/><net_sink comp="3143" pin=1"/></net>

<net id="3151"><net_src comp="178" pin="0"/><net_sink comp="3143" pin=2"/></net>

<net id="3152"><net_src comp="180" pin="0"/><net_sink comp="3143" pin=3"/></net>

<net id="3159"><net_src comp="144" pin="0"/><net_sink comp="3153" pin=0"/></net>

<net id="3160"><net_src comp="1035" pin="1"/><net_sink comp="3153" pin=1"/></net>

<net id="3161"><net_src comp="178" pin="0"/><net_sink comp="3153" pin=2"/></net>

<net id="3162"><net_src comp="180" pin="0"/><net_sink comp="3153" pin=3"/></net>

<net id="3169"><net_src comp="144" pin="0"/><net_sink comp="3163" pin=0"/></net>

<net id="3170"><net_src comp="1038" pin="1"/><net_sink comp="3163" pin=1"/></net>

<net id="3171"><net_src comp="178" pin="0"/><net_sink comp="3163" pin=2"/></net>

<net id="3172"><net_src comp="180" pin="0"/><net_sink comp="3163" pin=3"/></net>

<net id="3179"><net_src comp="144" pin="0"/><net_sink comp="3173" pin=0"/></net>

<net id="3180"><net_src comp="1041" pin="1"/><net_sink comp="3173" pin=1"/></net>

<net id="3181"><net_src comp="178" pin="0"/><net_sink comp="3173" pin=2"/></net>

<net id="3182"><net_src comp="180" pin="0"/><net_sink comp="3173" pin=3"/></net>

<net id="3189"><net_src comp="144" pin="0"/><net_sink comp="3183" pin=0"/></net>

<net id="3190"><net_src comp="1044" pin="1"/><net_sink comp="3183" pin=1"/></net>

<net id="3191"><net_src comp="178" pin="0"/><net_sink comp="3183" pin=2"/></net>

<net id="3192"><net_src comp="180" pin="0"/><net_sink comp="3183" pin=3"/></net>

<net id="3199"><net_src comp="144" pin="0"/><net_sink comp="3193" pin=0"/></net>

<net id="3200"><net_src comp="1047" pin="1"/><net_sink comp="3193" pin=1"/></net>

<net id="3201"><net_src comp="178" pin="0"/><net_sink comp="3193" pin=2"/></net>

<net id="3202"><net_src comp="180" pin="0"/><net_sink comp="3193" pin=3"/></net>

<net id="3209"><net_src comp="144" pin="0"/><net_sink comp="3203" pin=0"/></net>

<net id="3210"><net_src comp="1050" pin="1"/><net_sink comp="3203" pin=1"/></net>

<net id="3211"><net_src comp="178" pin="0"/><net_sink comp="3203" pin=2"/></net>

<net id="3212"><net_src comp="180" pin="0"/><net_sink comp="3203" pin=3"/></net>

<net id="3219"><net_src comp="144" pin="0"/><net_sink comp="3213" pin=0"/></net>

<net id="3220"><net_src comp="1053" pin="1"/><net_sink comp="3213" pin=1"/></net>

<net id="3221"><net_src comp="178" pin="0"/><net_sink comp="3213" pin=2"/></net>

<net id="3222"><net_src comp="180" pin="0"/><net_sink comp="3213" pin=3"/></net>

<net id="3229"><net_src comp="144" pin="0"/><net_sink comp="3223" pin=0"/></net>

<net id="3230"><net_src comp="1056" pin="1"/><net_sink comp="3223" pin=1"/></net>

<net id="3231"><net_src comp="178" pin="0"/><net_sink comp="3223" pin=2"/></net>

<net id="3232"><net_src comp="180" pin="0"/><net_sink comp="3223" pin=3"/></net>

<net id="3239"><net_src comp="144" pin="0"/><net_sink comp="3233" pin=0"/></net>

<net id="3240"><net_src comp="1059" pin="1"/><net_sink comp="3233" pin=1"/></net>

<net id="3241"><net_src comp="178" pin="0"/><net_sink comp="3233" pin=2"/></net>

<net id="3242"><net_src comp="180" pin="0"/><net_sink comp="3233" pin=3"/></net>

<net id="3249"><net_src comp="144" pin="0"/><net_sink comp="3243" pin=0"/></net>

<net id="3250"><net_src comp="1062" pin="1"/><net_sink comp="3243" pin=1"/></net>

<net id="3251"><net_src comp="178" pin="0"/><net_sink comp="3243" pin=2"/></net>

<net id="3252"><net_src comp="180" pin="0"/><net_sink comp="3243" pin=3"/></net>

<net id="3290"><net_src comp="210" pin="0"/><net_sink comp="3253" pin=0"/></net>

<net id="3291"><net_src comp="108" pin="0"/><net_sink comp="3253" pin=1"/></net>

<net id="3292"><net_src comp="3093" pin="4"/><net_sink comp="3253" pin=2"/></net>

<net id="3293"><net_src comp="110" pin="0"/><net_sink comp="3253" pin=3"/></net>

<net id="3294"><net_src comp="3103" pin="4"/><net_sink comp="3253" pin=4"/></net>

<net id="3295"><net_src comp="112" pin="0"/><net_sink comp="3253" pin=5"/></net>

<net id="3296"><net_src comp="3113" pin="4"/><net_sink comp="3253" pin=6"/></net>

<net id="3297"><net_src comp="114" pin="0"/><net_sink comp="3253" pin=7"/></net>

<net id="3298"><net_src comp="3123" pin="4"/><net_sink comp="3253" pin=8"/></net>

<net id="3299"><net_src comp="116" pin="0"/><net_sink comp="3253" pin=9"/></net>

<net id="3300"><net_src comp="3133" pin="4"/><net_sink comp="3253" pin=10"/></net>

<net id="3301"><net_src comp="118" pin="0"/><net_sink comp="3253" pin=11"/></net>

<net id="3302"><net_src comp="3143" pin="4"/><net_sink comp="3253" pin=12"/></net>

<net id="3303"><net_src comp="120" pin="0"/><net_sink comp="3253" pin=13"/></net>

<net id="3304"><net_src comp="3153" pin="4"/><net_sink comp="3253" pin=14"/></net>

<net id="3305"><net_src comp="122" pin="0"/><net_sink comp="3253" pin=15"/></net>

<net id="3306"><net_src comp="3163" pin="4"/><net_sink comp="3253" pin=16"/></net>

<net id="3307"><net_src comp="124" pin="0"/><net_sink comp="3253" pin=17"/></net>

<net id="3308"><net_src comp="3173" pin="4"/><net_sink comp="3253" pin=18"/></net>

<net id="3309"><net_src comp="126" pin="0"/><net_sink comp="3253" pin=19"/></net>

<net id="3310"><net_src comp="3183" pin="4"/><net_sink comp="3253" pin=20"/></net>

<net id="3311"><net_src comp="128" pin="0"/><net_sink comp="3253" pin=21"/></net>

<net id="3312"><net_src comp="3193" pin="4"/><net_sink comp="3253" pin=22"/></net>

<net id="3313"><net_src comp="130" pin="0"/><net_sink comp="3253" pin=23"/></net>

<net id="3314"><net_src comp="3203" pin="4"/><net_sink comp="3253" pin=24"/></net>

<net id="3315"><net_src comp="132" pin="0"/><net_sink comp="3253" pin=25"/></net>

<net id="3316"><net_src comp="3213" pin="4"/><net_sink comp="3253" pin=26"/></net>

<net id="3317"><net_src comp="134" pin="0"/><net_sink comp="3253" pin=27"/></net>

<net id="3318"><net_src comp="3223" pin="4"/><net_sink comp="3253" pin=28"/></net>

<net id="3319"><net_src comp="136" pin="0"/><net_sink comp="3253" pin=29"/></net>

<net id="3320"><net_src comp="3233" pin="4"/><net_sink comp="3253" pin=30"/></net>

<net id="3321"><net_src comp="212" pin="0"/><net_sink comp="3253" pin=31"/></net>

<net id="3322"><net_src comp="3243" pin="4"/><net_sink comp="3253" pin=32"/></net>

<net id="3323"><net_src comp="214" pin="0"/><net_sink comp="3253" pin=33"/></net>

<net id="3328"><net_src comp="3253" pin="35"/><net_sink comp="3324" pin=0"/></net>

<net id="3335"><net_src comp="144" pin="0"/><net_sink comp="3329" pin=0"/></net>

<net id="3336"><net_src comp="1017" pin="1"/><net_sink comp="3329" pin=1"/></net>

<net id="3337"><net_src comp="182" pin="0"/><net_sink comp="3329" pin=2"/></net>

<net id="3338"><net_src comp="184" pin="0"/><net_sink comp="3329" pin=3"/></net>

<net id="3345"><net_src comp="144" pin="0"/><net_sink comp="3339" pin=0"/></net>

<net id="3346"><net_src comp="1020" pin="1"/><net_sink comp="3339" pin=1"/></net>

<net id="3347"><net_src comp="182" pin="0"/><net_sink comp="3339" pin=2"/></net>

<net id="3348"><net_src comp="184" pin="0"/><net_sink comp="3339" pin=3"/></net>

<net id="3355"><net_src comp="144" pin="0"/><net_sink comp="3349" pin=0"/></net>

<net id="3356"><net_src comp="1023" pin="1"/><net_sink comp="3349" pin=1"/></net>

<net id="3357"><net_src comp="182" pin="0"/><net_sink comp="3349" pin=2"/></net>

<net id="3358"><net_src comp="184" pin="0"/><net_sink comp="3349" pin=3"/></net>

<net id="3365"><net_src comp="144" pin="0"/><net_sink comp="3359" pin=0"/></net>

<net id="3366"><net_src comp="1026" pin="1"/><net_sink comp="3359" pin=1"/></net>

<net id="3367"><net_src comp="182" pin="0"/><net_sink comp="3359" pin=2"/></net>

<net id="3368"><net_src comp="184" pin="0"/><net_sink comp="3359" pin=3"/></net>

<net id="3375"><net_src comp="144" pin="0"/><net_sink comp="3369" pin=0"/></net>

<net id="3376"><net_src comp="1029" pin="1"/><net_sink comp="3369" pin=1"/></net>

<net id="3377"><net_src comp="182" pin="0"/><net_sink comp="3369" pin=2"/></net>

<net id="3378"><net_src comp="184" pin="0"/><net_sink comp="3369" pin=3"/></net>

<net id="3385"><net_src comp="144" pin="0"/><net_sink comp="3379" pin=0"/></net>

<net id="3386"><net_src comp="1032" pin="1"/><net_sink comp="3379" pin=1"/></net>

<net id="3387"><net_src comp="182" pin="0"/><net_sink comp="3379" pin=2"/></net>

<net id="3388"><net_src comp="184" pin="0"/><net_sink comp="3379" pin=3"/></net>

<net id="3395"><net_src comp="144" pin="0"/><net_sink comp="3389" pin=0"/></net>

<net id="3396"><net_src comp="1035" pin="1"/><net_sink comp="3389" pin=1"/></net>

<net id="3397"><net_src comp="182" pin="0"/><net_sink comp="3389" pin=2"/></net>

<net id="3398"><net_src comp="184" pin="0"/><net_sink comp="3389" pin=3"/></net>

<net id="3405"><net_src comp="144" pin="0"/><net_sink comp="3399" pin=0"/></net>

<net id="3406"><net_src comp="1038" pin="1"/><net_sink comp="3399" pin=1"/></net>

<net id="3407"><net_src comp="182" pin="0"/><net_sink comp="3399" pin=2"/></net>

<net id="3408"><net_src comp="184" pin="0"/><net_sink comp="3399" pin=3"/></net>

<net id="3415"><net_src comp="144" pin="0"/><net_sink comp="3409" pin=0"/></net>

<net id="3416"><net_src comp="1041" pin="1"/><net_sink comp="3409" pin=1"/></net>

<net id="3417"><net_src comp="182" pin="0"/><net_sink comp="3409" pin=2"/></net>

<net id="3418"><net_src comp="184" pin="0"/><net_sink comp="3409" pin=3"/></net>

<net id="3425"><net_src comp="144" pin="0"/><net_sink comp="3419" pin=0"/></net>

<net id="3426"><net_src comp="1044" pin="1"/><net_sink comp="3419" pin=1"/></net>

<net id="3427"><net_src comp="182" pin="0"/><net_sink comp="3419" pin=2"/></net>

<net id="3428"><net_src comp="184" pin="0"/><net_sink comp="3419" pin=3"/></net>

<net id="3435"><net_src comp="144" pin="0"/><net_sink comp="3429" pin=0"/></net>

<net id="3436"><net_src comp="1047" pin="1"/><net_sink comp="3429" pin=1"/></net>

<net id="3437"><net_src comp="182" pin="0"/><net_sink comp="3429" pin=2"/></net>

<net id="3438"><net_src comp="184" pin="0"/><net_sink comp="3429" pin=3"/></net>

<net id="3445"><net_src comp="144" pin="0"/><net_sink comp="3439" pin=0"/></net>

<net id="3446"><net_src comp="1050" pin="1"/><net_sink comp="3439" pin=1"/></net>

<net id="3447"><net_src comp="182" pin="0"/><net_sink comp="3439" pin=2"/></net>

<net id="3448"><net_src comp="184" pin="0"/><net_sink comp="3439" pin=3"/></net>

<net id="3455"><net_src comp="144" pin="0"/><net_sink comp="3449" pin=0"/></net>

<net id="3456"><net_src comp="1053" pin="1"/><net_sink comp="3449" pin=1"/></net>

<net id="3457"><net_src comp="182" pin="0"/><net_sink comp="3449" pin=2"/></net>

<net id="3458"><net_src comp="184" pin="0"/><net_sink comp="3449" pin=3"/></net>

<net id="3465"><net_src comp="144" pin="0"/><net_sink comp="3459" pin=0"/></net>

<net id="3466"><net_src comp="1056" pin="1"/><net_sink comp="3459" pin=1"/></net>

<net id="3467"><net_src comp="182" pin="0"/><net_sink comp="3459" pin=2"/></net>

<net id="3468"><net_src comp="184" pin="0"/><net_sink comp="3459" pin=3"/></net>

<net id="3475"><net_src comp="144" pin="0"/><net_sink comp="3469" pin=0"/></net>

<net id="3476"><net_src comp="1059" pin="1"/><net_sink comp="3469" pin=1"/></net>

<net id="3477"><net_src comp="182" pin="0"/><net_sink comp="3469" pin=2"/></net>

<net id="3478"><net_src comp="184" pin="0"/><net_sink comp="3469" pin=3"/></net>

<net id="3485"><net_src comp="144" pin="0"/><net_sink comp="3479" pin=0"/></net>

<net id="3486"><net_src comp="1062" pin="1"/><net_sink comp="3479" pin=1"/></net>

<net id="3487"><net_src comp="182" pin="0"/><net_sink comp="3479" pin=2"/></net>

<net id="3488"><net_src comp="184" pin="0"/><net_sink comp="3479" pin=3"/></net>

<net id="3526"><net_src comp="210" pin="0"/><net_sink comp="3489" pin=0"/></net>

<net id="3527"><net_src comp="108" pin="0"/><net_sink comp="3489" pin=1"/></net>

<net id="3528"><net_src comp="3329" pin="4"/><net_sink comp="3489" pin=2"/></net>

<net id="3529"><net_src comp="110" pin="0"/><net_sink comp="3489" pin=3"/></net>

<net id="3530"><net_src comp="3339" pin="4"/><net_sink comp="3489" pin=4"/></net>

<net id="3531"><net_src comp="112" pin="0"/><net_sink comp="3489" pin=5"/></net>

<net id="3532"><net_src comp="3349" pin="4"/><net_sink comp="3489" pin=6"/></net>

<net id="3533"><net_src comp="114" pin="0"/><net_sink comp="3489" pin=7"/></net>

<net id="3534"><net_src comp="3359" pin="4"/><net_sink comp="3489" pin=8"/></net>

<net id="3535"><net_src comp="116" pin="0"/><net_sink comp="3489" pin=9"/></net>

<net id="3536"><net_src comp="3369" pin="4"/><net_sink comp="3489" pin=10"/></net>

<net id="3537"><net_src comp="118" pin="0"/><net_sink comp="3489" pin=11"/></net>

<net id="3538"><net_src comp="3379" pin="4"/><net_sink comp="3489" pin=12"/></net>

<net id="3539"><net_src comp="120" pin="0"/><net_sink comp="3489" pin=13"/></net>

<net id="3540"><net_src comp="3389" pin="4"/><net_sink comp="3489" pin=14"/></net>

<net id="3541"><net_src comp="122" pin="0"/><net_sink comp="3489" pin=15"/></net>

<net id="3542"><net_src comp="3399" pin="4"/><net_sink comp="3489" pin=16"/></net>

<net id="3543"><net_src comp="124" pin="0"/><net_sink comp="3489" pin=17"/></net>

<net id="3544"><net_src comp="3409" pin="4"/><net_sink comp="3489" pin=18"/></net>

<net id="3545"><net_src comp="126" pin="0"/><net_sink comp="3489" pin=19"/></net>

<net id="3546"><net_src comp="3419" pin="4"/><net_sink comp="3489" pin=20"/></net>

<net id="3547"><net_src comp="128" pin="0"/><net_sink comp="3489" pin=21"/></net>

<net id="3548"><net_src comp="3429" pin="4"/><net_sink comp="3489" pin=22"/></net>

<net id="3549"><net_src comp="130" pin="0"/><net_sink comp="3489" pin=23"/></net>

<net id="3550"><net_src comp="3439" pin="4"/><net_sink comp="3489" pin=24"/></net>

<net id="3551"><net_src comp="132" pin="0"/><net_sink comp="3489" pin=25"/></net>

<net id="3552"><net_src comp="3449" pin="4"/><net_sink comp="3489" pin=26"/></net>

<net id="3553"><net_src comp="134" pin="0"/><net_sink comp="3489" pin=27"/></net>

<net id="3554"><net_src comp="3459" pin="4"/><net_sink comp="3489" pin=28"/></net>

<net id="3555"><net_src comp="136" pin="0"/><net_sink comp="3489" pin=29"/></net>

<net id="3556"><net_src comp="3469" pin="4"/><net_sink comp="3489" pin=30"/></net>

<net id="3557"><net_src comp="212" pin="0"/><net_sink comp="3489" pin=31"/></net>

<net id="3558"><net_src comp="3479" pin="4"/><net_sink comp="3489" pin=32"/></net>

<net id="3559"><net_src comp="214" pin="0"/><net_sink comp="3489" pin=33"/></net>

<net id="3564"><net_src comp="3489" pin="35"/><net_sink comp="3560" pin=0"/></net>

<net id="3571"><net_src comp="144" pin="0"/><net_sink comp="3565" pin=0"/></net>

<net id="3572"><net_src comp="1017" pin="1"/><net_sink comp="3565" pin=1"/></net>

<net id="3573"><net_src comp="186" pin="0"/><net_sink comp="3565" pin=2"/></net>

<net id="3574"><net_src comp="188" pin="0"/><net_sink comp="3565" pin=3"/></net>

<net id="3581"><net_src comp="144" pin="0"/><net_sink comp="3575" pin=0"/></net>

<net id="3582"><net_src comp="1020" pin="1"/><net_sink comp="3575" pin=1"/></net>

<net id="3583"><net_src comp="186" pin="0"/><net_sink comp="3575" pin=2"/></net>

<net id="3584"><net_src comp="188" pin="0"/><net_sink comp="3575" pin=3"/></net>

<net id="3591"><net_src comp="144" pin="0"/><net_sink comp="3585" pin=0"/></net>

<net id="3592"><net_src comp="1023" pin="1"/><net_sink comp="3585" pin=1"/></net>

<net id="3593"><net_src comp="186" pin="0"/><net_sink comp="3585" pin=2"/></net>

<net id="3594"><net_src comp="188" pin="0"/><net_sink comp="3585" pin=3"/></net>

<net id="3601"><net_src comp="144" pin="0"/><net_sink comp="3595" pin=0"/></net>

<net id="3602"><net_src comp="1026" pin="1"/><net_sink comp="3595" pin=1"/></net>

<net id="3603"><net_src comp="186" pin="0"/><net_sink comp="3595" pin=2"/></net>

<net id="3604"><net_src comp="188" pin="0"/><net_sink comp="3595" pin=3"/></net>

<net id="3611"><net_src comp="144" pin="0"/><net_sink comp="3605" pin=0"/></net>

<net id="3612"><net_src comp="1029" pin="1"/><net_sink comp="3605" pin=1"/></net>

<net id="3613"><net_src comp="186" pin="0"/><net_sink comp="3605" pin=2"/></net>

<net id="3614"><net_src comp="188" pin="0"/><net_sink comp="3605" pin=3"/></net>

<net id="3621"><net_src comp="144" pin="0"/><net_sink comp="3615" pin=0"/></net>

<net id="3622"><net_src comp="1032" pin="1"/><net_sink comp="3615" pin=1"/></net>

<net id="3623"><net_src comp="186" pin="0"/><net_sink comp="3615" pin=2"/></net>

<net id="3624"><net_src comp="188" pin="0"/><net_sink comp="3615" pin=3"/></net>

<net id="3631"><net_src comp="144" pin="0"/><net_sink comp="3625" pin=0"/></net>

<net id="3632"><net_src comp="1035" pin="1"/><net_sink comp="3625" pin=1"/></net>

<net id="3633"><net_src comp="186" pin="0"/><net_sink comp="3625" pin=2"/></net>

<net id="3634"><net_src comp="188" pin="0"/><net_sink comp="3625" pin=3"/></net>

<net id="3641"><net_src comp="144" pin="0"/><net_sink comp="3635" pin=0"/></net>

<net id="3642"><net_src comp="1038" pin="1"/><net_sink comp="3635" pin=1"/></net>

<net id="3643"><net_src comp="186" pin="0"/><net_sink comp="3635" pin=2"/></net>

<net id="3644"><net_src comp="188" pin="0"/><net_sink comp="3635" pin=3"/></net>

<net id="3651"><net_src comp="144" pin="0"/><net_sink comp="3645" pin=0"/></net>

<net id="3652"><net_src comp="1041" pin="1"/><net_sink comp="3645" pin=1"/></net>

<net id="3653"><net_src comp="186" pin="0"/><net_sink comp="3645" pin=2"/></net>

<net id="3654"><net_src comp="188" pin="0"/><net_sink comp="3645" pin=3"/></net>

<net id="3661"><net_src comp="144" pin="0"/><net_sink comp="3655" pin=0"/></net>

<net id="3662"><net_src comp="1044" pin="1"/><net_sink comp="3655" pin=1"/></net>

<net id="3663"><net_src comp="186" pin="0"/><net_sink comp="3655" pin=2"/></net>

<net id="3664"><net_src comp="188" pin="0"/><net_sink comp="3655" pin=3"/></net>

<net id="3671"><net_src comp="144" pin="0"/><net_sink comp="3665" pin=0"/></net>

<net id="3672"><net_src comp="1047" pin="1"/><net_sink comp="3665" pin=1"/></net>

<net id="3673"><net_src comp="186" pin="0"/><net_sink comp="3665" pin=2"/></net>

<net id="3674"><net_src comp="188" pin="0"/><net_sink comp="3665" pin=3"/></net>

<net id="3681"><net_src comp="144" pin="0"/><net_sink comp="3675" pin=0"/></net>

<net id="3682"><net_src comp="1050" pin="1"/><net_sink comp="3675" pin=1"/></net>

<net id="3683"><net_src comp="186" pin="0"/><net_sink comp="3675" pin=2"/></net>

<net id="3684"><net_src comp="188" pin="0"/><net_sink comp="3675" pin=3"/></net>

<net id="3691"><net_src comp="144" pin="0"/><net_sink comp="3685" pin=0"/></net>

<net id="3692"><net_src comp="1053" pin="1"/><net_sink comp="3685" pin=1"/></net>

<net id="3693"><net_src comp="186" pin="0"/><net_sink comp="3685" pin=2"/></net>

<net id="3694"><net_src comp="188" pin="0"/><net_sink comp="3685" pin=3"/></net>

<net id="3701"><net_src comp="144" pin="0"/><net_sink comp="3695" pin=0"/></net>

<net id="3702"><net_src comp="1056" pin="1"/><net_sink comp="3695" pin=1"/></net>

<net id="3703"><net_src comp="186" pin="0"/><net_sink comp="3695" pin=2"/></net>

<net id="3704"><net_src comp="188" pin="0"/><net_sink comp="3695" pin=3"/></net>

<net id="3711"><net_src comp="144" pin="0"/><net_sink comp="3705" pin=0"/></net>

<net id="3712"><net_src comp="1059" pin="1"/><net_sink comp="3705" pin=1"/></net>

<net id="3713"><net_src comp="186" pin="0"/><net_sink comp="3705" pin=2"/></net>

<net id="3714"><net_src comp="188" pin="0"/><net_sink comp="3705" pin=3"/></net>

<net id="3721"><net_src comp="144" pin="0"/><net_sink comp="3715" pin=0"/></net>

<net id="3722"><net_src comp="1062" pin="1"/><net_sink comp="3715" pin=1"/></net>

<net id="3723"><net_src comp="186" pin="0"/><net_sink comp="3715" pin=2"/></net>

<net id="3724"><net_src comp="188" pin="0"/><net_sink comp="3715" pin=3"/></net>

<net id="3762"><net_src comp="210" pin="0"/><net_sink comp="3725" pin=0"/></net>

<net id="3763"><net_src comp="108" pin="0"/><net_sink comp="3725" pin=1"/></net>

<net id="3764"><net_src comp="3565" pin="4"/><net_sink comp="3725" pin=2"/></net>

<net id="3765"><net_src comp="110" pin="0"/><net_sink comp="3725" pin=3"/></net>

<net id="3766"><net_src comp="3575" pin="4"/><net_sink comp="3725" pin=4"/></net>

<net id="3767"><net_src comp="112" pin="0"/><net_sink comp="3725" pin=5"/></net>

<net id="3768"><net_src comp="3585" pin="4"/><net_sink comp="3725" pin=6"/></net>

<net id="3769"><net_src comp="114" pin="0"/><net_sink comp="3725" pin=7"/></net>

<net id="3770"><net_src comp="3595" pin="4"/><net_sink comp="3725" pin=8"/></net>

<net id="3771"><net_src comp="116" pin="0"/><net_sink comp="3725" pin=9"/></net>

<net id="3772"><net_src comp="3605" pin="4"/><net_sink comp="3725" pin=10"/></net>

<net id="3773"><net_src comp="118" pin="0"/><net_sink comp="3725" pin=11"/></net>

<net id="3774"><net_src comp="3615" pin="4"/><net_sink comp="3725" pin=12"/></net>

<net id="3775"><net_src comp="120" pin="0"/><net_sink comp="3725" pin=13"/></net>

<net id="3776"><net_src comp="3625" pin="4"/><net_sink comp="3725" pin=14"/></net>

<net id="3777"><net_src comp="122" pin="0"/><net_sink comp="3725" pin=15"/></net>

<net id="3778"><net_src comp="3635" pin="4"/><net_sink comp="3725" pin=16"/></net>

<net id="3779"><net_src comp="124" pin="0"/><net_sink comp="3725" pin=17"/></net>

<net id="3780"><net_src comp="3645" pin="4"/><net_sink comp="3725" pin=18"/></net>

<net id="3781"><net_src comp="126" pin="0"/><net_sink comp="3725" pin=19"/></net>

<net id="3782"><net_src comp="3655" pin="4"/><net_sink comp="3725" pin=20"/></net>

<net id="3783"><net_src comp="128" pin="0"/><net_sink comp="3725" pin=21"/></net>

<net id="3784"><net_src comp="3665" pin="4"/><net_sink comp="3725" pin=22"/></net>

<net id="3785"><net_src comp="130" pin="0"/><net_sink comp="3725" pin=23"/></net>

<net id="3786"><net_src comp="3675" pin="4"/><net_sink comp="3725" pin=24"/></net>

<net id="3787"><net_src comp="132" pin="0"/><net_sink comp="3725" pin=25"/></net>

<net id="3788"><net_src comp="3685" pin="4"/><net_sink comp="3725" pin=26"/></net>

<net id="3789"><net_src comp="134" pin="0"/><net_sink comp="3725" pin=27"/></net>

<net id="3790"><net_src comp="3695" pin="4"/><net_sink comp="3725" pin=28"/></net>

<net id="3791"><net_src comp="136" pin="0"/><net_sink comp="3725" pin=29"/></net>

<net id="3792"><net_src comp="3705" pin="4"/><net_sink comp="3725" pin=30"/></net>

<net id="3793"><net_src comp="212" pin="0"/><net_sink comp="3725" pin=31"/></net>

<net id="3794"><net_src comp="3715" pin="4"/><net_sink comp="3725" pin=32"/></net>

<net id="3795"><net_src comp="214" pin="0"/><net_sink comp="3725" pin=33"/></net>

<net id="3800"><net_src comp="3725" pin="35"/><net_sink comp="3796" pin=0"/></net>

<net id="3807"><net_src comp="144" pin="0"/><net_sink comp="3801" pin=0"/></net>

<net id="3808"><net_src comp="1017" pin="1"/><net_sink comp="3801" pin=1"/></net>

<net id="3809"><net_src comp="190" pin="0"/><net_sink comp="3801" pin=2"/></net>

<net id="3810"><net_src comp="192" pin="0"/><net_sink comp="3801" pin=3"/></net>

<net id="3817"><net_src comp="144" pin="0"/><net_sink comp="3811" pin=0"/></net>

<net id="3818"><net_src comp="1020" pin="1"/><net_sink comp="3811" pin=1"/></net>

<net id="3819"><net_src comp="190" pin="0"/><net_sink comp="3811" pin=2"/></net>

<net id="3820"><net_src comp="192" pin="0"/><net_sink comp="3811" pin=3"/></net>

<net id="3827"><net_src comp="144" pin="0"/><net_sink comp="3821" pin=0"/></net>

<net id="3828"><net_src comp="1023" pin="1"/><net_sink comp="3821" pin=1"/></net>

<net id="3829"><net_src comp="190" pin="0"/><net_sink comp="3821" pin=2"/></net>

<net id="3830"><net_src comp="192" pin="0"/><net_sink comp="3821" pin=3"/></net>

<net id="3837"><net_src comp="144" pin="0"/><net_sink comp="3831" pin=0"/></net>

<net id="3838"><net_src comp="1026" pin="1"/><net_sink comp="3831" pin=1"/></net>

<net id="3839"><net_src comp="190" pin="0"/><net_sink comp="3831" pin=2"/></net>

<net id="3840"><net_src comp="192" pin="0"/><net_sink comp="3831" pin=3"/></net>

<net id="3847"><net_src comp="144" pin="0"/><net_sink comp="3841" pin=0"/></net>

<net id="3848"><net_src comp="1029" pin="1"/><net_sink comp="3841" pin=1"/></net>

<net id="3849"><net_src comp="190" pin="0"/><net_sink comp="3841" pin=2"/></net>

<net id="3850"><net_src comp="192" pin="0"/><net_sink comp="3841" pin=3"/></net>

<net id="3857"><net_src comp="144" pin="0"/><net_sink comp="3851" pin=0"/></net>

<net id="3858"><net_src comp="1032" pin="1"/><net_sink comp="3851" pin=1"/></net>

<net id="3859"><net_src comp="190" pin="0"/><net_sink comp="3851" pin=2"/></net>

<net id="3860"><net_src comp="192" pin="0"/><net_sink comp="3851" pin=3"/></net>

<net id="3867"><net_src comp="144" pin="0"/><net_sink comp="3861" pin=0"/></net>

<net id="3868"><net_src comp="1035" pin="1"/><net_sink comp="3861" pin=1"/></net>

<net id="3869"><net_src comp="190" pin="0"/><net_sink comp="3861" pin=2"/></net>

<net id="3870"><net_src comp="192" pin="0"/><net_sink comp="3861" pin=3"/></net>

<net id="3877"><net_src comp="144" pin="0"/><net_sink comp="3871" pin=0"/></net>

<net id="3878"><net_src comp="1038" pin="1"/><net_sink comp="3871" pin=1"/></net>

<net id="3879"><net_src comp="190" pin="0"/><net_sink comp="3871" pin=2"/></net>

<net id="3880"><net_src comp="192" pin="0"/><net_sink comp="3871" pin=3"/></net>

<net id="3887"><net_src comp="144" pin="0"/><net_sink comp="3881" pin=0"/></net>

<net id="3888"><net_src comp="1041" pin="1"/><net_sink comp="3881" pin=1"/></net>

<net id="3889"><net_src comp="190" pin="0"/><net_sink comp="3881" pin=2"/></net>

<net id="3890"><net_src comp="192" pin="0"/><net_sink comp="3881" pin=3"/></net>

<net id="3897"><net_src comp="144" pin="0"/><net_sink comp="3891" pin=0"/></net>

<net id="3898"><net_src comp="1044" pin="1"/><net_sink comp="3891" pin=1"/></net>

<net id="3899"><net_src comp="190" pin="0"/><net_sink comp="3891" pin=2"/></net>

<net id="3900"><net_src comp="192" pin="0"/><net_sink comp="3891" pin=3"/></net>

<net id="3907"><net_src comp="144" pin="0"/><net_sink comp="3901" pin=0"/></net>

<net id="3908"><net_src comp="1047" pin="1"/><net_sink comp="3901" pin=1"/></net>

<net id="3909"><net_src comp="190" pin="0"/><net_sink comp="3901" pin=2"/></net>

<net id="3910"><net_src comp="192" pin="0"/><net_sink comp="3901" pin=3"/></net>

<net id="3917"><net_src comp="144" pin="0"/><net_sink comp="3911" pin=0"/></net>

<net id="3918"><net_src comp="1050" pin="1"/><net_sink comp="3911" pin=1"/></net>

<net id="3919"><net_src comp="190" pin="0"/><net_sink comp="3911" pin=2"/></net>

<net id="3920"><net_src comp="192" pin="0"/><net_sink comp="3911" pin=3"/></net>

<net id="3927"><net_src comp="144" pin="0"/><net_sink comp="3921" pin=0"/></net>

<net id="3928"><net_src comp="1053" pin="1"/><net_sink comp="3921" pin=1"/></net>

<net id="3929"><net_src comp="190" pin="0"/><net_sink comp="3921" pin=2"/></net>

<net id="3930"><net_src comp="192" pin="0"/><net_sink comp="3921" pin=3"/></net>

<net id="3937"><net_src comp="144" pin="0"/><net_sink comp="3931" pin=0"/></net>

<net id="3938"><net_src comp="1056" pin="1"/><net_sink comp="3931" pin=1"/></net>

<net id="3939"><net_src comp="190" pin="0"/><net_sink comp="3931" pin=2"/></net>

<net id="3940"><net_src comp="192" pin="0"/><net_sink comp="3931" pin=3"/></net>

<net id="3947"><net_src comp="144" pin="0"/><net_sink comp="3941" pin=0"/></net>

<net id="3948"><net_src comp="1059" pin="1"/><net_sink comp="3941" pin=1"/></net>

<net id="3949"><net_src comp="190" pin="0"/><net_sink comp="3941" pin=2"/></net>

<net id="3950"><net_src comp="192" pin="0"/><net_sink comp="3941" pin=3"/></net>

<net id="3957"><net_src comp="144" pin="0"/><net_sink comp="3951" pin=0"/></net>

<net id="3958"><net_src comp="1062" pin="1"/><net_sink comp="3951" pin=1"/></net>

<net id="3959"><net_src comp="190" pin="0"/><net_sink comp="3951" pin=2"/></net>

<net id="3960"><net_src comp="192" pin="0"/><net_sink comp="3951" pin=3"/></net>

<net id="3998"><net_src comp="210" pin="0"/><net_sink comp="3961" pin=0"/></net>

<net id="3999"><net_src comp="108" pin="0"/><net_sink comp="3961" pin=1"/></net>

<net id="4000"><net_src comp="3801" pin="4"/><net_sink comp="3961" pin=2"/></net>

<net id="4001"><net_src comp="110" pin="0"/><net_sink comp="3961" pin=3"/></net>

<net id="4002"><net_src comp="3811" pin="4"/><net_sink comp="3961" pin=4"/></net>

<net id="4003"><net_src comp="112" pin="0"/><net_sink comp="3961" pin=5"/></net>

<net id="4004"><net_src comp="3821" pin="4"/><net_sink comp="3961" pin=6"/></net>

<net id="4005"><net_src comp="114" pin="0"/><net_sink comp="3961" pin=7"/></net>

<net id="4006"><net_src comp="3831" pin="4"/><net_sink comp="3961" pin=8"/></net>

<net id="4007"><net_src comp="116" pin="0"/><net_sink comp="3961" pin=9"/></net>

<net id="4008"><net_src comp="3841" pin="4"/><net_sink comp="3961" pin=10"/></net>

<net id="4009"><net_src comp="118" pin="0"/><net_sink comp="3961" pin=11"/></net>

<net id="4010"><net_src comp="3851" pin="4"/><net_sink comp="3961" pin=12"/></net>

<net id="4011"><net_src comp="120" pin="0"/><net_sink comp="3961" pin=13"/></net>

<net id="4012"><net_src comp="3861" pin="4"/><net_sink comp="3961" pin=14"/></net>

<net id="4013"><net_src comp="122" pin="0"/><net_sink comp="3961" pin=15"/></net>

<net id="4014"><net_src comp="3871" pin="4"/><net_sink comp="3961" pin=16"/></net>

<net id="4015"><net_src comp="124" pin="0"/><net_sink comp="3961" pin=17"/></net>

<net id="4016"><net_src comp="3881" pin="4"/><net_sink comp="3961" pin=18"/></net>

<net id="4017"><net_src comp="126" pin="0"/><net_sink comp="3961" pin=19"/></net>

<net id="4018"><net_src comp="3891" pin="4"/><net_sink comp="3961" pin=20"/></net>

<net id="4019"><net_src comp="128" pin="0"/><net_sink comp="3961" pin=21"/></net>

<net id="4020"><net_src comp="3901" pin="4"/><net_sink comp="3961" pin=22"/></net>

<net id="4021"><net_src comp="130" pin="0"/><net_sink comp="3961" pin=23"/></net>

<net id="4022"><net_src comp="3911" pin="4"/><net_sink comp="3961" pin=24"/></net>

<net id="4023"><net_src comp="132" pin="0"/><net_sink comp="3961" pin=25"/></net>

<net id="4024"><net_src comp="3921" pin="4"/><net_sink comp="3961" pin=26"/></net>

<net id="4025"><net_src comp="134" pin="0"/><net_sink comp="3961" pin=27"/></net>

<net id="4026"><net_src comp="3931" pin="4"/><net_sink comp="3961" pin=28"/></net>

<net id="4027"><net_src comp="136" pin="0"/><net_sink comp="3961" pin=29"/></net>

<net id="4028"><net_src comp="3941" pin="4"/><net_sink comp="3961" pin=30"/></net>

<net id="4029"><net_src comp="212" pin="0"/><net_sink comp="3961" pin=31"/></net>

<net id="4030"><net_src comp="3951" pin="4"/><net_sink comp="3961" pin=32"/></net>

<net id="4031"><net_src comp="214" pin="0"/><net_sink comp="3961" pin=33"/></net>

<net id="4036"><net_src comp="3961" pin="35"/><net_sink comp="4032" pin=0"/></net>

<net id="4043"><net_src comp="144" pin="0"/><net_sink comp="4037" pin=0"/></net>

<net id="4044"><net_src comp="1017" pin="1"/><net_sink comp="4037" pin=1"/></net>

<net id="4045"><net_src comp="194" pin="0"/><net_sink comp="4037" pin=2"/></net>

<net id="4046"><net_src comp="196" pin="0"/><net_sink comp="4037" pin=3"/></net>

<net id="4053"><net_src comp="144" pin="0"/><net_sink comp="4047" pin=0"/></net>

<net id="4054"><net_src comp="1020" pin="1"/><net_sink comp="4047" pin=1"/></net>

<net id="4055"><net_src comp="194" pin="0"/><net_sink comp="4047" pin=2"/></net>

<net id="4056"><net_src comp="196" pin="0"/><net_sink comp="4047" pin=3"/></net>

<net id="4063"><net_src comp="144" pin="0"/><net_sink comp="4057" pin=0"/></net>

<net id="4064"><net_src comp="1023" pin="1"/><net_sink comp="4057" pin=1"/></net>

<net id="4065"><net_src comp="194" pin="0"/><net_sink comp="4057" pin=2"/></net>

<net id="4066"><net_src comp="196" pin="0"/><net_sink comp="4057" pin=3"/></net>

<net id="4073"><net_src comp="144" pin="0"/><net_sink comp="4067" pin=0"/></net>

<net id="4074"><net_src comp="1026" pin="1"/><net_sink comp="4067" pin=1"/></net>

<net id="4075"><net_src comp="194" pin="0"/><net_sink comp="4067" pin=2"/></net>

<net id="4076"><net_src comp="196" pin="0"/><net_sink comp="4067" pin=3"/></net>

<net id="4083"><net_src comp="144" pin="0"/><net_sink comp="4077" pin=0"/></net>

<net id="4084"><net_src comp="1029" pin="1"/><net_sink comp="4077" pin=1"/></net>

<net id="4085"><net_src comp="194" pin="0"/><net_sink comp="4077" pin=2"/></net>

<net id="4086"><net_src comp="196" pin="0"/><net_sink comp="4077" pin=3"/></net>

<net id="4093"><net_src comp="144" pin="0"/><net_sink comp="4087" pin=0"/></net>

<net id="4094"><net_src comp="1032" pin="1"/><net_sink comp="4087" pin=1"/></net>

<net id="4095"><net_src comp="194" pin="0"/><net_sink comp="4087" pin=2"/></net>

<net id="4096"><net_src comp="196" pin="0"/><net_sink comp="4087" pin=3"/></net>

<net id="4103"><net_src comp="144" pin="0"/><net_sink comp="4097" pin=0"/></net>

<net id="4104"><net_src comp="1035" pin="1"/><net_sink comp="4097" pin=1"/></net>

<net id="4105"><net_src comp="194" pin="0"/><net_sink comp="4097" pin=2"/></net>

<net id="4106"><net_src comp="196" pin="0"/><net_sink comp="4097" pin=3"/></net>

<net id="4113"><net_src comp="144" pin="0"/><net_sink comp="4107" pin=0"/></net>

<net id="4114"><net_src comp="1038" pin="1"/><net_sink comp="4107" pin=1"/></net>

<net id="4115"><net_src comp="194" pin="0"/><net_sink comp="4107" pin=2"/></net>

<net id="4116"><net_src comp="196" pin="0"/><net_sink comp="4107" pin=3"/></net>

<net id="4123"><net_src comp="144" pin="0"/><net_sink comp="4117" pin=0"/></net>

<net id="4124"><net_src comp="1041" pin="1"/><net_sink comp="4117" pin=1"/></net>

<net id="4125"><net_src comp="194" pin="0"/><net_sink comp="4117" pin=2"/></net>

<net id="4126"><net_src comp="196" pin="0"/><net_sink comp="4117" pin=3"/></net>

<net id="4133"><net_src comp="144" pin="0"/><net_sink comp="4127" pin=0"/></net>

<net id="4134"><net_src comp="1044" pin="1"/><net_sink comp="4127" pin=1"/></net>

<net id="4135"><net_src comp="194" pin="0"/><net_sink comp="4127" pin=2"/></net>

<net id="4136"><net_src comp="196" pin="0"/><net_sink comp="4127" pin=3"/></net>

<net id="4143"><net_src comp="144" pin="0"/><net_sink comp="4137" pin=0"/></net>

<net id="4144"><net_src comp="1047" pin="1"/><net_sink comp="4137" pin=1"/></net>

<net id="4145"><net_src comp="194" pin="0"/><net_sink comp="4137" pin=2"/></net>

<net id="4146"><net_src comp="196" pin="0"/><net_sink comp="4137" pin=3"/></net>

<net id="4153"><net_src comp="144" pin="0"/><net_sink comp="4147" pin=0"/></net>

<net id="4154"><net_src comp="1050" pin="1"/><net_sink comp="4147" pin=1"/></net>

<net id="4155"><net_src comp="194" pin="0"/><net_sink comp="4147" pin=2"/></net>

<net id="4156"><net_src comp="196" pin="0"/><net_sink comp="4147" pin=3"/></net>

<net id="4163"><net_src comp="144" pin="0"/><net_sink comp="4157" pin=0"/></net>

<net id="4164"><net_src comp="1053" pin="1"/><net_sink comp="4157" pin=1"/></net>

<net id="4165"><net_src comp="194" pin="0"/><net_sink comp="4157" pin=2"/></net>

<net id="4166"><net_src comp="196" pin="0"/><net_sink comp="4157" pin=3"/></net>

<net id="4173"><net_src comp="144" pin="0"/><net_sink comp="4167" pin=0"/></net>

<net id="4174"><net_src comp="1056" pin="1"/><net_sink comp="4167" pin=1"/></net>

<net id="4175"><net_src comp="194" pin="0"/><net_sink comp="4167" pin=2"/></net>

<net id="4176"><net_src comp="196" pin="0"/><net_sink comp="4167" pin=3"/></net>

<net id="4183"><net_src comp="144" pin="0"/><net_sink comp="4177" pin=0"/></net>

<net id="4184"><net_src comp="1059" pin="1"/><net_sink comp="4177" pin=1"/></net>

<net id="4185"><net_src comp="194" pin="0"/><net_sink comp="4177" pin=2"/></net>

<net id="4186"><net_src comp="196" pin="0"/><net_sink comp="4177" pin=3"/></net>

<net id="4193"><net_src comp="144" pin="0"/><net_sink comp="4187" pin=0"/></net>

<net id="4194"><net_src comp="1062" pin="1"/><net_sink comp="4187" pin=1"/></net>

<net id="4195"><net_src comp="194" pin="0"/><net_sink comp="4187" pin=2"/></net>

<net id="4196"><net_src comp="196" pin="0"/><net_sink comp="4187" pin=3"/></net>

<net id="4234"><net_src comp="210" pin="0"/><net_sink comp="4197" pin=0"/></net>

<net id="4235"><net_src comp="108" pin="0"/><net_sink comp="4197" pin=1"/></net>

<net id="4236"><net_src comp="4037" pin="4"/><net_sink comp="4197" pin=2"/></net>

<net id="4237"><net_src comp="110" pin="0"/><net_sink comp="4197" pin=3"/></net>

<net id="4238"><net_src comp="4047" pin="4"/><net_sink comp="4197" pin=4"/></net>

<net id="4239"><net_src comp="112" pin="0"/><net_sink comp="4197" pin=5"/></net>

<net id="4240"><net_src comp="4057" pin="4"/><net_sink comp="4197" pin=6"/></net>

<net id="4241"><net_src comp="114" pin="0"/><net_sink comp="4197" pin=7"/></net>

<net id="4242"><net_src comp="4067" pin="4"/><net_sink comp="4197" pin=8"/></net>

<net id="4243"><net_src comp="116" pin="0"/><net_sink comp="4197" pin=9"/></net>

<net id="4244"><net_src comp="4077" pin="4"/><net_sink comp="4197" pin=10"/></net>

<net id="4245"><net_src comp="118" pin="0"/><net_sink comp="4197" pin=11"/></net>

<net id="4246"><net_src comp="4087" pin="4"/><net_sink comp="4197" pin=12"/></net>

<net id="4247"><net_src comp="120" pin="0"/><net_sink comp="4197" pin=13"/></net>

<net id="4248"><net_src comp="4097" pin="4"/><net_sink comp="4197" pin=14"/></net>

<net id="4249"><net_src comp="122" pin="0"/><net_sink comp="4197" pin=15"/></net>

<net id="4250"><net_src comp="4107" pin="4"/><net_sink comp="4197" pin=16"/></net>

<net id="4251"><net_src comp="124" pin="0"/><net_sink comp="4197" pin=17"/></net>

<net id="4252"><net_src comp="4117" pin="4"/><net_sink comp="4197" pin=18"/></net>

<net id="4253"><net_src comp="126" pin="0"/><net_sink comp="4197" pin=19"/></net>

<net id="4254"><net_src comp="4127" pin="4"/><net_sink comp="4197" pin=20"/></net>

<net id="4255"><net_src comp="128" pin="0"/><net_sink comp="4197" pin=21"/></net>

<net id="4256"><net_src comp="4137" pin="4"/><net_sink comp="4197" pin=22"/></net>

<net id="4257"><net_src comp="130" pin="0"/><net_sink comp="4197" pin=23"/></net>

<net id="4258"><net_src comp="4147" pin="4"/><net_sink comp="4197" pin=24"/></net>

<net id="4259"><net_src comp="132" pin="0"/><net_sink comp="4197" pin=25"/></net>

<net id="4260"><net_src comp="4157" pin="4"/><net_sink comp="4197" pin=26"/></net>

<net id="4261"><net_src comp="134" pin="0"/><net_sink comp="4197" pin=27"/></net>

<net id="4262"><net_src comp="4167" pin="4"/><net_sink comp="4197" pin=28"/></net>

<net id="4263"><net_src comp="136" pin="0"/><net_sink comp="4197" pin=29"/></net>

<net id="4264"><net_src comp="4177" pin="4"/><net_sink comp="4197" pin=30"/></net>

<net id="4265"><net_src comp="212" pin="0"/><net_sink comp="4197" pin=31"/></net>

<net id="4266"><net_src comp="4187" pin="4"/><net_sink comp="4197" pin=32"/></net>

<net id="4267"><net_src comp="214" pin="0"/><net_sink comp="4197" pin=33"/></net>

<net id="4272"><net_src comp="4197" pin="35"/><net_sink comp="4268" pin=0"/></net>

<net id="4279"><net_src comp="144" pin="0"/><net_sink comp="4273" pin=0"/></net>

<net id="4280"><net_src comp="1017" pin="1"/><net_sink comp="4273" pin=1"/></net>

<net id="4281"><net_src comp="198" pin="0"/><net_sink comp="4273" pin=2"/></net>

<net id="4282"><net_src comp="200" pin="0"/><net_sink comp="4273" pin=3"/></net>

<net id="4289"><net_src comp="144" pin="0"/><net_sink comp="4283" pin=0"/></net>

<net id="4290"><net_src comp="1020" pin="1"/><net_sink comp="4283" pin=1"/></net>

<net id="4291"><net_src comp="198" pin="0"/><net_sink comp="4283" pin=2"/></net>

<net id="4292"><net_src comp="200" pin="0"/><net_sink comp="4283" pin=3"/></net>

<net id="4299"><net_src comp="144" pin="0"/><net_sink comp="4293" pin=0"/></net>

<net id="4300"><net_src comp="1023" pin="1"/><net_sink comp="4293" pin=1"/></net>

<net id="4301"><net_src comp="198" pin="0"/><net_sink comp="4293" pin=2"/></net>

<net id="4302"><net_src comp="200" pin="0"/><net_sink comp="4293" pin=3"/></net>

<net id="4309"><net_src comp="144" pin="0"/><net_sink comp="4303" pin=0"/></net>

<net id="4310"><net_src comp="1026" pin="1"/><net_sink comp="4303" pin=1"/></net>

<net id="4311"><net_src comp="198" pin="0"/><net_sink comp="4303" pin=2"/></net>

<net id="4312"><net_src comp="200" pin="0"/><net_sink comp="4303" pin=3"/></net>

<net id="4319"><net_src comp="144" pin="0"/><net_sink comp="4313" pin=0"/></net>

<net id="4320"><net_src comp="1029" pin="1"/><net_sink comp="4313" pin=1"/></net>

<net id="4321"><net_src comp="198" pin="0"/><net_sink comp="4313" pin=2"/></net>

<net id="4322"><net_src comp="200" pin="0"/><net_sink comp="4313" pin=3"/></net>

<net id="4329"><net_src comp="144" pin="0"/><net_sink comp="4323" pin=0"/></net>

<net id="4330"><net_src comp="1032" pin="1"/><net_sink comp="4323" pin=1"/></net>

<net id="4331"><net_src comp="198" pin="0"/><net_sink comp="4323" pin=2"/></net>

<net id="4332"><net_src comp="200" pin="0"/><net_sink comp="4323" pin=3"/></net>

<net id="4339"><net_src comp="144" pin="0"/><net_sink comp="4333" pin=0"/></net>

<net id="4340"><net_src comp="1035" pin="1"/><net_sink comp="4333" pin=1"/></net>

<net id="4341"><net_src comp="198" pin="0"/><net_sink comp="4333" pin=2"/></net>

<net id="4342"><net_src comp="200" pin="0"/><net_sink comp="4333" pin=3"/></net>

<net id="4349"><net_src comp="144" pin="0"/><net_sink comp="4343" pin=0"/></net>

<net id="4350"><net_src comp="1038" pin="1"/><net_sink comp="4343" pin=1"/></net>

<net id="4351"><net_src comp="198" pin="0"/><net_sink comp="4343" pin=2"/></net>

<net id="4352"><net_src comp="200" pin="0"/><net_sink comp="4343" pin=3"/></net>

<net id="4359"><net_src comp="144" pin="0"/><net_sink comp="4353" pin=0"/></net>

<net id="4360"><net_src comp="1041" pin="1"/><net_sink comp="4353" pin=1"/></net>

<net id="4361"><net_src comp="198" pin="0"/><net_sink comp="4353" pin=2"/></net>

<net id="4362"><net_src comp="200" pin="0"/><net_sink comp="4353" pin=3"/></net>

<net id="4369"><net_src comp="144" pin="0"/><net_sink comp="4363" pin=0"/></net>

<net id="4370"><net_src comp="1044" pin="1"/><net_sink comp="4363" pin=1"/></net>

<net id="4371"><net_src comp="198" pin="0"/><net_sink comp="4363" pin=2"/></net>

<net id="4372"><net_src comp="200" pin="0"/><net_sink comp="4363" pin=3"/></net>

<net id="4379"><net_src comp="144" pin="0"/><net_sink comp="4373" pin=0"/></net>

<net id="4380"><net_src comp="1047" pin="1"/><net_sink comp="4373" pin=1"/></net>

<net id="4381"><net_src comp="198" pin="0"/><net_sink comp="4373" pin=2"/></net>

<net id="4382"><net_src comp="200" pin="0"/><net_sink comp="4373" pin=3"/></net>

<net id="4389"><net_src comp="144" pin="0"/><net_sink comp="4383" pin=0"/></net>

<net id="4390"><net_src comp="1050" pin="1"/><net_sink comp="4383" pin=1"/></net>

<net id="4391"><net_src comp="198" pin="0"/><net_sink comp="4383" pin=2"/></net>

<net id="4392"><net_src comp="200" pin="0"/><net_sink comp="4383" pin=3"/></net>

<net id="4399"><net_src comp="144" pin="0"/><net_sink comp="4393" pin=0"/></net>

<net id="4400"><net_src comp="1053" pin="1"/><net_sink comp="4393" pin=1"/></net>

<net id="4401"><net_src comp="198" pin="0"/><net_sink comp="4393" pin=2"/></net>

<net id="4402"><net_src comp="200" pin="0"/><net_sink comp="4393" pin=3"/></net>

<net id="4409"><net_src comp="144" pin="0"/><net_sink comp="4403" pin=0"/></net>

<net id="4410"><net_src comp="1056" pin="1"/><net_sink comp="4403" pin=1"/></net>

<net id="4411"><net_src comp="198" pin="0"/><net_sink comp="4403" pin=2"/></net>

<net id="4412"><net_src comp="200" pin="0"/><net_sink comp="4403" pin=3"/></net>

<net id="4419"><net_src comp="144" pin="0"/><net_sink comp="4413" pin=0"/></net>

<net id="4420"><net_src comp="1059" pin="1"/><net_sink comp="4413" pin=1"/></net>

<net id="4421"><net_src comp="198" pin="0"/><net_sink comp="4413" pin=2"/></net>

<net id="4422"><net_src comp="200" pin="0"/><net_sink comp="4413" pin=3"/></net>

<net id="4429"><net_src comp="144" pin="0"/><net_sink comp="4423" pin=0"/></net>

<net id="4430"><net_src comp="1062" pin="1"/><net_sink comp="4423" pin=1"/></net>

<net id="4431"><net_src comp="198" pin="0"/><net_sink comp="4423" pin=2"/></net>

<net id="4432"><net_src comp="200" pin="0"/><net_sink comp="4423" pin=3"/></net>

<net id="4470"><net_src comp="210" pin="0"/><net_sink comp="4433" pin=0"/></net>

<net id="4471"><net_src comp="108" pin="0"/><net_sink comp="4433" pin=1"/></net>

<net id="4472"><net_src comp="4273" pin="4"/><net_sink comp="4433" pin=2"/></net>

<net id="4473"><net_src comp="110" pin="0"/><net_sink comp="4433" pin=3"/></net>

<net id="4474"><net_src comp="4283" pin="4"/><net_sink comp="4433" pin=4"/></net>

<net id="4475"><net_src comp="112" pin="0"/><net_sink comp="4433" pin=5"/></net>

<net id="4476"><net_src comp="4293" pin="4"/><net_sink comp="4433" pin=6"/></net>

<net id="4477"><net_src comp="114" pin="0"/><net_sink comp="4433" pin=7"/></net>

<net id="4478"><net_src comp="4303" pin="4"/><net_sink comp="4433" pin=8"/></net>

<net id="4479"><net_src comp="116" pin="0"/><net_sink comp="4433" pin=9"/></net>

<net id="4480"><net_src comp="4313" pin="4"/><net_sink comp="4433" pin=10"/></net>

<net id="4481"><net_src comp="118" pin="0"/><net_sink comp="4433" pin=11"/></net>

<net id="4482"><net_src comp="4323" pin="4"/><net_sink comp="4433" pin=12"/></net>

<net id="4483"><net_src comp="120" pin="0"/><net_sink comp="4433" pin=13"/></net>

<net id="4484"><net_src comp="4333" pin="4"/><net_sink comp="4433" pin=14"/></net>

<net id="4485"><net_src comp="122" pin="0"/><net_sink comp="4433" pin=15"/></net>

<net id="4486"><net_src comp="4343" pin="4"/><net_sink comp="4433" pin=16"/></net>

<net id="4487"><net_src comp="124" pin="0"/><net_sink comp="4433" pin=17"/></net>

<net id="4488"><net_src comp="4353" pin="4"/><net_sink comp="4433" pin=18"/></net>

<net id="4489"><net_src comp="126" pin="0"/><net_sink comp="4433" pin=19"/></net>

<net id="4490"><net_src comp="4363" pin="4"/><net_sink comp="4433" pin=20"/></net>

<net id="4491"><net_src comp="128" pin="0"/><net_sink comp="4433" pin=21"/></net>

<net id="4492"><net_src comp="4373" pin="4"/><net_sink comp="4433" pin=22"/></net>

<net id="4493"><net_src comp="130" pin="0"/><net_sink comp="4433" pin=23"/></net>

<net id="4494"><net_src comp="4383" pin="4"/><net_sink comp="4433" pin=24"/></net>

<net id="4495"><net_src comp="132" pin="0"/><net_sink comp="4433" pin=25"/></net>

<net id="4496"><net_src comp="4393" pin="4"/><net_sink comp="4433" pin=26"/></net>

<net id="4497"><net_src comp="134" pin="0"/><net_sink comp="4433" pin=27"/></net>

<net id="4498"><net_src comp="4403" pin="4"/><net_sink comp="4433" pin=28"/></net>

<net id="4499"><net_src comp="136" pin="0"/><net_sink comp="4433" pin=29"/></net>

<net id="4500"><net_src comp="4413" pin="4"/><net_sink comp="4433" pin=30"/></net>

<net id="4501"><net_src comp="212" pin="0"/><net_sink comp="4433" pin=31"/></net>

<net id="4502"><net_src comp="4423" pin="4"/><net_sink comp="4433" pin=32"/></net>

<net id="4503"><net_src comp="214" pin="0"/><net_sink comp="4433" pin=33"/></net>

<net id="4508"><net_src comp="4433" pin="35"/><net_sink comp="4504" pin=0"/></net>

<net id="4515"><net_src comp="144" pin="0"/><net_sink comp="4509" pin=0"/></net>

<net id="4516"><net_src comp="1017" pin="1"/><net_sink comp="4509" pin=1"/></net>

<net id="4517"><net_src comp="202" pin="0"/><net_sink comp="4509" pin=2"/></net>

<net id="4518"><net_src comp="204" pin="0"/><net_sink comp="4509" pin=3"/></net>

<net id="4525"><net_src comp="144" pin="0"/><net_sink comp="4519" pin=0"/></net>

<net id="4526"><net_src comp="1020" pin="1"/><net_sink comp="4519" pin=1"/></net>

<net id="4527"><net_src comp="202" pin="0"/><net_sink comp="4519" pin=2"/></net>

<net id="4528"><net_src comp="204" pin="0"/><net_sink comp="4519" pin=3"/></net>

<net id="4535"><net_src comp="144" pin="0"/><net_sink comp="4529" pin=0"/></net>

<net id="4536"><net_src comp="1023" pin="1"/><net_sink comp="4529" pin=1"/></net>

<net id="4537"><net_src comp="202" pin="0"/><net_sink comp="4529" pin=2"/></net>

<net id="4538"><net_src comp="204" pin="0"/><net_sink comp="4529" pin=3"/></net>

<net id="4545"><net_src comp="144" pin="0"/><net_sink comp="4539" pin=0"/></net>

<net id="4546"><net_src comp="1026" pin="1"/><net_sink comp="4539" pin=1"/></net>

<net id="4547"><net_src comp="202" pin="0"/><net_sink comp="4539" pin=2"/></net>

<net id="4548"><net_src comp="204" pin="0"/><net_sink comp="4539" pin=3"/></net>

<net id="4555"><net_src comp="144" pin="0"/><net_sink comp="4549" pin=0"/></net>

<net id="4556"><net_src comp="1029" pin="1"/><net_sink comp="4549" pin=1"/></net>

<net id="4557"><net_src comp="202" pin="0"/><net_sink comp="4549" pin=2"/></net>

<net id="4558"><net_src comp="204" pin="0"/><net_sink comp="4549" pin=3"/></net>

<net id="4565"><net_src comp="144" pin="0"/><net_sink comp="4559" pin=0"/></net>

<net id="4566"><net_src comp="1032" pin="1"/><net_sink comp="4559" pin=1"/></net>

<net id="4567"><net_src comp="202" pin="0"/><net_sink comp="4559" pin=2"/></net>

<net id="4568"><net_src comp="204" pin="0"/><net_sink comp="4559" pin=3"/></net>

<net id="4575"><net_src comp="144" pin="0"/><net_sink comp="4569" pin=0"/></net>

<net id="4576"><net_src comp="1035" pin="1"/><net_sink comp="4569" pin=1"/></net>

<net id="4577"><net_src comp="202" pin="0"/><net_sink comp="4569" pin=2"/></net>

<net id="4578"><net_src comp="204" pin="0"/><net_sink comp="4569" pin=3"/></net>

<net id="4585"><net_src comp="144" pin="0"/><net_sink comp="4579" pin=0"/></net>

<net id="4586"><net_src comp="1038" pin="1"/><net_sink comp="4579" pin=1"/></net>

<net id="4587"><net_src comp="202" pin="0"/><net_sink comp="4579" pin=2"/></net>

<net id="4588"><net_src comp="204" pin="0"/><net_sink comp="4579" pin=3"/></net>

<net id="4595"><net_src comp="144" pin="0"/><net_sink comp="4589" pin=0"/></net>

<net id="4596"><net_src comp="1041" pin="1"/><net_sink comp="4589" pin=1"/></net>

<net id="4597"><net_src comp="202" pin="0"/><net_sink comp="4589" pin=2"/></net>

<net id="4598"><net_src comp="204" pin="0"/><net_sink comp="4589" pin=3"/></net>

<net id="4605"><net_src comp="144" pin="0"/><net_sink comp="4599" pin=0"/></net>

<net id="4606"><net_src comp="1044" pin="1"/><net_sink comp="4599" pin=1"/></net>

<net id="4607"><net_src comp="202" pin="0"/><net_sink comp="4599" pin=2"/></net>

<net id="4608"><net_src comp="204" pin="0"/><net_sink comp="4599" pin=3"/></net>

<net id="4615"><net_src comp="144" pin="0"/><net_sink comp="4609" pin=0"/></net>

<net id="4616"><net_src comp="1047" pin="1"/><net_sink comp="4609" pin=1"/></net>

<net id="4617"><net_src comp="202" pin="0"/><net_sink comp="4609" pin=2"/></net>

<net id="4618"><net_src comp="204" pin="0"/><net_sink comp="4609" pin=3"/></net>

<net id="4625"><net_src comp="144" pin="0"/><net_sink comp="4619" pin=0"/></net>

<net id="4626"><net_src comp="1050" pin="1"/><net_sink comp="4619" pin=1"/></net>

<net id="4627"><net_src comp="202" pin="0"/><net_sink comp="4619" pin=2"/></net>

<net id="4628"><net_src comp="204" pin="0"/><net_sink comp="4619" pin=3"/></net>

<net id="4635"><net_src comp="144" pin="0"/><net_sink comp="4629" pin=0"/></net>

<net id="4636"><net_src comp="1053" pin="1"/><net_sink comp="4629" pin=1"/></net>

<net id="4637"><net_src comp="202" pin="0"/><net_sink comp="4629" pin=2"/></net>

<net id="4638"><net_src comp="204" pin="0"/><net_sink comp="4629" pin=3"/></net>

<net id="4645"><net_src comp="144" pin="0"/><net_sink comp="4639" pin=0"/></net>

<net id="4646"><net_src comp="1056" pin="1"/><net_sink comp="4639" pin=1"/></net>

<net id="4647"><net_src comp="202" pin="0"/><net_sink comp="4639" pin=2"/></net>

<net id="4648"><net_src comp="204" pin="0"/><net_sink comp="4639" pin=3"/></net>

<net id="4655"><net_src comp="144" pin="0"/><net_sink comp="4649" pin=0"/></net>

<net id="4656"><net_src comp="1059" pin="1"/><net_sink comp="4649" pin=1"/></net>

<net id="4657"><net_src comp="202" pin="0"/><net_sink comp="4649" pin=2"/></net>

<net id="4658"><net_src comp="204" pin="0"/><net_sink comp="4649" pin=3"/></net>

<net id="4665"><net_src comp="144" pin="0"/><net_sink comp="4659" pin=0"/></net>

<net id="4666"><net_src comp="1062" pin="1"/><net_sink comp="4659" pin=1"/></net>

<net id="4667"><net_src comp="202" pin="0"/><net_sink comp="4659" pin=2"/></net>

<net id="4668"><net_src comp="204" pin="0"/><net_sink comp="4659" pin=3"/></net>

<net id="4706"><net_src comp="210" pin="0"/><net_sink comp="4669" pin=0"/></net>

<net id="4707"><net_src comp="108" pin="0"/><net_sink comp="4669" pin=1"/></net>

<net id="4708"><net_src comp="4509" pin="4"/><net_sink comp="4669" pin=2"/></net>

<net id="4709"><net_src comp="110" pin="0"/><net_sink comp="4669" pin=3"/></net>

<net id="4710"><net_src comp="4519" pin="4"/><net_sink comp="4669" pin=4"/></net>

<net id="4711"><net_src comp="112" pin="0"/><net_sink comp="4669" pin=5"/></net>

<net id="4712"><net_src comp="4529" pin="4"/><net_sink comp="4669" pin=6"/></net>

<net id="4713"><net_src comp="114" pin="0"/><net_sink comp="4669" pin=7"/></net>

<net id="4714"><net_src comp="4539" pin="4"/><net_sink comp="4669" pin=8"/></net>

<net id="4715"><net_src comp="116" pin="0"/><net_sink comp="4669" pin=9"/></net>

<net id="4716"><net_src comp="4549" pin="4"/><net_sink comp="4669" pin=10"/></net>

<net id="4717"><net_src comp="118" pin="0"/><net_sink comp="4669" pin=11"/></net>

<net id="4718"><net_src comp="4559" pin="4"/><net_sink comp="4669" pin=12"/></net>

<net id="4719"><net_src comp="120" pin="0"/><net_sink comp="4669" pin=13"/></net>

<net id="4720"><net_src comp="4569" pin="4"/><net_sink comp="4669" pin=14"/></net>

<net id="4721"><net_src comp="122" pin="0"/><net_sink comp="4669" pin=15"/></net>

<net id="4722"><net_src comp="4579" pin="4"/><net_sink comp="4669" pin=16"/></net>

<net id="4723"><net_src comp="124" pin="0"/><net_sink comp="4669" pin=17"/></net>

<net id="4724"><net_src comp="4589" pin="4"/><net_sink comp="4669" pin=18"/></net>

<net id="4725"><net_src comp="126" pin="0"/><net_sink comp="4669" pin=19"/></net>

<net id="4726"><net_src comp="4599" pin="4"/><net_sink comp="4669" pin=20"/></net>

<net id="4727"><net_src comp="128" pin="0"/><net_sink comp="4669" pin=21"/></net>

<net id="4728"><net_src comp="4609" pin="4"/><net_sink comp="4669" pin=22"/></net>

<net id="4729"><net_src comp="130" pin="0"/><net_sink comp="4669" pin=23"/></net>

<net id="4730"><net_src comp="4619" pin="4"/><net_sink comp="4669" pin=24"/></net>

<net id="4731"><net_src comp="132" pin="0"/><net_sink comp="4669" pin=25"/></net>

<net id="4732"><net_src comp="4629" pin="4"/><net_sink comp="4669" pin=26"/></net>

<net id="4733"><net_src comp="134" pin="0"/><net_sink comp="4669" pin=27"/></net>

<net id="4734"><net_src comp="4639" pin="4"/><net_sink comp="4669" pin=28"/></net>

<net id="4735"><net_src comp="136" pin="0"/><net_sink comp="4669" pin=29"/></net>

<net id="4736"><net_src comp="4649" pin="4"/><net_sink comp="4669" pin=30"/></net>

<net id="4737"><net_src comp="212" pin="0"/><net_sink comp="4669" pin=31"/></net>

<net id="4738"><net_src comp="4659" pin="4"/><net_sink comp="4669" pin=32"/></net>

<net id="4739"><net_src comp="214" pin="0"/><net_sink comp="4669" pin=33"/></net>

<net id="4744"><net_src comp="4669" pin="35"/><net_sink comp="4740" pin=0"/></net>

<net id="4764"><net_src comp="216" pin="0"/><net_sink comp="4745" pin=0"/></net>

<net id="4765"><net_src comp="4740" pin="2"/><net_sink comp="4745" pin=1"/></net>

<net id="4766"><net_src comp="4504" pin="2"/><net_sink comp="4745" pin=2"/></net>

<net id="4767"><net_src comp="4268" pin="2"/><net_sink comp="4745" pin=3"/></net>

<net id="4768"><net_src comp="4032" pin="2"/><net_sink comp="4745" pin=4"/></net>

<net id="4769"><net_src comp="3796" pin="2"/><net_sink comp="4745" pin=5"/></net>

<net id="4770"><net_src comp="3560" pin="2"/><net_sink comp="4745" pin=6"/></net>

<net id="4771"><net_src comp="3324" pin="2"/><net_sink comp="4745" pin=7"/></net>

<net id="4772"><net_src comp="3088" pin="2"/><net_sink comp="4745" pin=8"/></net>

<net id="4773"><net_src comp="2852" pin="2"/><net_sink comp="4745" pin=9"/></net>

<net id="4774"><net_src comp="2616" pin="2"/><net_sink comp="4745" pin=10"/></net>

<net id="4775"><net_src comp="2380" pin="2"/><net_sink comp="4745" pin=11"/></net>

<net id="4776"><net_src comp="2144" pin="2"/><net_sink comp="4745" pin=12"/></net>

<net id="4777"><net_src comp="1908" pin="2"/><net_sink comp="4745" pin=13"/></net>

<net id="4778"><net_src comp="1672" pin="2"/><net_sink comp="4745" pin=14"/></net>

<net id="4779"><net_src comp="1436" pin="2"/><net_sink comp="4745" pin=15"/></net>

<net id="4780"><net_src comp="1200" pin="2"/><net_sink comp="4745" pin=16"/></net>

<net id="4785"><net_src comp="4745" pin="17"/><net_sink comp="4781" pin=0"/></net>

<net id="4790"><net_src comp="4745" pin="17"/><net_sink comp="4786" pin=0"/></net>

<net id="4795"><net_src comp="4745" pin="17"/><net_sink comp="4791" pin=0"/></net>

<net id="4800"><net_src comp="4745" pin="17"/><net_sink comp="4796" pin=0"/></net>

<net id="4805"><net_src comp="4745" pin="17"/><net_sink comp="4801" pin=0"/></net>

<net id="4810"><net_src comp="4745" pin="17"/><net_sink comp="4806" pin=0"/></net>

<net id="4815"><net_src comp="4745" pin="17"/><net_sink comp="4811" pin=0"/></net>

<net id="4820"><net_src comp="4745" pin="17"/><net_sink comp="4816" pin=0"/></net>

<net id="4825"><net_src comp="4745" pin="17"/><net_sink comp="4821" pin=0"/></net>

<net id="4830"><net_src comp="4745" pin="17"/><net_sink comp="4826" pin=0"/></net>

<net id="4835"><net_src comp="4745" pin="17"/><net_sink comp="4831" pin=0"/></net>

<net id="4840"><net_src comp="4745" pin="17"/><net_sink comp="4836" pin=0"/></net>

<net id="4845"><net_src comp="4745" pin="17"/><net_sink comp="4841" pin=0"/></net>

<net id="4850"><net_src comp="4745" pin="17"/><net_sink comp="4846" pin=0"/></net>

<net id="4855"><net_src comp="4745" pin="17"/><net_sink comp="4851" pin=0"/></net>

<net id="4860"><net_src comp="4745" pin="17"/><net_sink comp="4856" pin=0"/></net>

<net id="4864"><net_src comp="4861" pin="1"/><net_sink comp="523" pin=2"/></net>

<net id="4868"><net_src comp="4865" pin="1"/><net_sink comp="516" pin=2"/></net>

<net id="4872"><net_src comp="4869" pin="1"/><net_sink comp="509" pin=2"/></net>

<net id="4876"><net_src comp="4873" pin="1"/><net_sink comp="502" pin=2"/></net>

<net id="4880"><net_src comp="4877" pin="1"/><net_sink comp="495" pin=2"/></net>

<net id="4884"><net_src comp="4881" pin="1"/><net_sink comp="488" pin=2"/></net>

<net id="4888"><net_src comp="4885" pin="1"/><net_sink comp="481" pin=2"/></net>

<net id="4892"><net_src comp="4889" pin="1"/><net_sink comp="474" pin=2"/></net>

<net id="4896"><net_src comp="4893" pin="1"/><net_sink comp="467" pin=2"/></net>

<net id="4900"><net_src comp="4897" pin="1"/><net_sink comp="460" pin=2"/></net>

<net id="4904"><net_src comp="4901" pin="1"/><net_sink comp="453" pin=2"/></net>

<net id="4908"><net_src comp="4905" pin="1"/><net_sink comp="446" pin=2"/></net>

<net id="4912"><net_src comp="4909" pin="1"/><net_sink comp="439" pin=2"/></net>

<net id="4916"><net_src comp="4913" pin="1"/><net_sink comp="432" pin=2"/></net>

<net id="4920"><net_src comp="4917" pin="1"/><net_sink comp="425" pin=2"/></net>

<net id="4924"><net_src comp="4921" pin="1"/><net_sink comp="418" pin=2"/></net>

<net id="4928"><net_src comp="220" pin="1"/><net_sink comp="4925" pin=0"/></net>

<net id="4929"><net_src comp="4925" pin="1"/><net_sink comp="684" pin=1"/></net>

<net id="4930"><net_src comp="4925" pin="1"/><net_sink comp="706" pin=0"/></net>

<net id="4931"><net_src comp="4925" pin="1"/><net_sink comp="821" pin=1"/></net>

<net id="4935"><net_src comp="224" pin="1"/><net_sink comp="4932" pin=0"/></net>

<net id="4936"><net_src comp="4932" pin="1"/><net_sink comp="679" pin=1"/></net>

<net id="4937"><net_src comp="4932" pin="1"/><net_sink comp="689" pin=0"/></net>

<net id="4938"><net_src comp="4932" pin="1"/><net_sink comp="816" pin=1"/></net>

<net id="4942"><net_src comp="228" pin="1"/><net_sink comp="4939" pin=0"/></net>

<net id="4943"><net_src comp="4939" pin="1"/><net_sink comp="674" pin=1"/></net>

<net id="4944"><net_src comp="4939" pin="1"/><net_sink comp="692" pin=0"/></net>

<net id="4945"><net_src comp="4939" pin="1"/><net_sink comp="811" pin=1"/></net>

<net id="4949"><net_src comp="232" pin="1"/><net_sink comp="4946" pin=0"/></net>

<net id="4950"><net_src comp="4946" pin="1"/><net_sink comp="669" pin=1"/></net>

<net id="4951"><net_src comp="4946" pin="1"/><net_sink comp="1017" pin=0"/></net>

<net id="4952"><net_src comp="4946" pin="1"/><net_sink comp="4851" pin=1"/></net>

<net id="4953"><net_src comp="4946" pin="1"/><net_sink comp="4861" pin=0"/></net>

<net id="4957"><net_src comp="236" pin="1"/><net_sink comp="4954" pin=0"/></net>

<net id="4958"><net_src comp="4954" pin="1"/><net_sink comp="664" pin=1"/></net>

<net id="4959"><net_src comp="4954" pin="1"/><net_sink comp="1020" pin=0"/></net>

<net id="4960"><net_src comp="4954" pin="1"/><net_sink comp="4846" pin=1"/></net>

<net id="4961"><net_src comp="4954" pin="1"/><net_sink comp="4865" pin=0"/></net>

<net id="4965"><net_src comp="240" pin="1"/><net_sink comp="4962" pin=0"/></net>

<net id="4966"><net_src comp="4962" pin="1"/><net_sink comp="659" pin=1"/></net>

<net id="4967"><net_src comp="4962" pin="1"/><net_sink comp="1023" pin=0"/></net>

<net id="4968"><net_src comp="4962" pin="1"/><net_sink comp="4841" pin=1"/></net>

<net id="4969"><net_src comp="4962" pin="1"/><net_sink comp="4869" pin=0"/></net>

<net id="4973"><net_src comp="244" pin="1"/><net_sink comp="4970" pin=0"/></net>

<net id="4974"><net_src comp="4970" pin="1"/><net_sink comp="654" pin=1"/></net>

<net id="4975"><net_src comp="4970" pin="1"/><net_sink comp="1026" pin=0"/></net>

<net id="4976"><net_src comp="4970" pin="1"/><net_sink comp="4836" pin=1"/></net>

<net id="4977"><net_src comp="4970" pin="1"/><net_sink comp="4873" pin=0"/></net>

<net id="4981"><net_src comp="248" pin="1"/><net_sink comp="4978" pin=0"/></net>

<net id="4982"><net_src comp="4978" pin="1"/><net_sink comp="649" pin=1"/></net>

<net id="4983"><net_src comp="4978" pin="1"/><net_sink comp="1029" pin=0"/></net>

<net id="4984"><net_src comp="4978" pin="1"/><net_sink comp="4831" pin=1"/></net>

<net id="4985"><net_src comp="4978" pin="1"/><net_sink comp="4877" pin=0"/></net>

<net id="4989"><net_src comp="252" pin="1"/><net_sink comp="4986" pin=0"/></net>

<net id="4990"><net_src comp="4986" pin="1"/><net_sink comp="644" pin=1"/></net>

<net id="4991"><net_src comp="4986" pin="1"/><net_sink comp="1032" pin=0"/></net>

<net id="4992"><net_src comp="4986" pin="1"/><net_sink comp="4826" pin=1"/></net>

<net id="4993"><net_src comp="4986" pin="1"/><net_sink comp="4881" pin=0"/></net>

<net id="4997"><net_src comp="256" pin="1"/><net_sink comp="4994" pin=0"/></net>

<net id="4998"><net_src comp="4994" pin="1"/><net_sink comp="639" pin=1"/></net>

<net id="4999"><net_src comp="4994" pin="1"/><net_sink comp="1035" pin=0"/></net>

<net id="5000"><net_src comp="4994" pin="1"/><net_sink comp="4821" pin=1"/></net>

<net id="5001"><net_src comp="4994" pin="1"/><net_sink comp="4885" pin=0"/></net>

<net id="5005"><net_src comp="260" pin="1"/><net_sink comp="5002" pin=0"/></net>

<net id="5006"><net_src comp="5002" pin="1"/><net_sink comp="634" pin=1"/></net>

<net id="5007"><net_src comp="5002" pin="1"/><net_sink comp="1038" pin=0"/></net>

<net id="5008"><net_src comp="5002" pin="1"/><net_sink comp="4816" pin=1"/></net>

<net id="5009"><net_src comp="5002" pin="1"/><net_sink comp="4889" pin=0"/></net>

<net id="5013"><net_src comp="264" pin="1"/><net_sink comp="5010" pin=0"/></net>

<net id="5014"><net_src comp="5010" pin="1"/><net_sink comp="629" pin=1"/></net>

<net id="5015"><net_src comp="5010" pin="1"/><net_sink comp="1041" pin=0"/></net>

<net id="5016"><net_src comp="5010" pin="1"/><net_sink comp="4811" pin=1"/></net>

<net id="5017"><net_src comp="5010" pin="1"/><net_sink comp="4893" pin=0"/></net>

<net id="5021"><net_src comp="268" pin="1"/><net_sink comp="5018" pin=0"/></net>

<net id="5022"><net_src comp="5018" pin="1"/><net_sink comp="624" pin=1"/></net>

<net id="5023"><net_src comp="5018" pin="1"/><net_sink comp="1044" pin=0"/></net>

<net id="5024"><net_src comp="5018" pin="1"/><net_sink comp="4806" pin=1"/></net>

<net id="5025"><net_src comp="5018" pin="1"/><net_sink comp="4897" pin=0"/></net>

<net id="5029"><net_src comp="272" pin="1"/><net_sink comp="5026" pin=0"/></net>

<net id="5030"><net_src comp="5026" pin="1"/><net_sink comp="619" pin=1"/></net>

<net id="5031"><net_src comp="5026" pin="1"/><net_sink comp="1047" pin=0"/></net>

<net id="5032"><net_src comp="5026" pin="1"/><net_sink comp="4801" pin=1"/></net>

<net id="5033"><net_src comp="5026" pin="1"/><net_sink comp="4901" pin=0"/></net>

<net id="5037"><net_src comp="276" pin="1"/><net_sink comp="5034" pin=0"/></net>

<net id="5038"><net_src comp="5034" pin="1"/><net_sink comp="614" pin=1"/></net>

<net id="5039"><net_src comp="5034" pin="1"/><net_sink comp="1050" pin=0"/></net>

<net id="5040"><net_src comp="5034" pin="1"/><net_sink comp="4796" pin=1"/></net>

<net id="5041"><net_src comp="5034" pin="1"/><net_sink comp="4905" pin=0"/></net>

<net id="5045"><net_src comp="280" pin="1"/><net_sink comp="5042" pin=0"/></net>

<net id="5046"><net_src comp="5042" pin="1"/><net_sink comp="609" pin=1"/></net>

<net id="5047"><net_src comp="5042" pin="1"/><net_sink comp="1053" pin=0"/></net>

<net id="5048"><net_src comp="5042" pin="1"/><net_sink comp="4791" pin=1"/></net>

<net id="5049"><net_src comp="5042" pin="1"/><net_sink comp="4909" pin=0"/></net>

<net id="5053"><net_src comp="284" pin="1"/><net_sink comp="5050" pin=0"/></net>

<net id="5054"><net_src comp="5050" pin="1"/><net_sink comp="604" pin=1"/></net>

<net id="5055"><net_src comp="5050" pin="1"/><net_sink comp="1056" pin=0"/></net>

<net id="5056"><net_src comp="5050" pin="1"/><net_sink comp="4786" pin=1"/></net>

<net id="5057"><net_src comp="5050" pin="1"/><net_sink comp="4913" pin=0"/></net>

<net id="5061"><net_src comp="288" pin="1"/><net_sink comp="5058" pin=0"/></net>

<net id="5062"><net_src comp="5058" pin="1"/><net_sink comp="599" pin=1"/></net>

<net id="5063"><net_src comp="5058" pin="1"/><net_sink comp="1059" pin=0"/></net>

<net id="5064"><net_src comp="5058" pin="1"/><net_sink comp="4781" pin=1"/></net>

<net id="5065"><net_src comp="5058" pin="1"/><net_sink comp="4917" pin=0"/></net>

<net id="5069"><net_src comp="292" pin="1"/><net_sink comp="5066" pin=0"/></net>

<net id="5070"><net_src comp="5066" pin="1"/><net_sink comp="594" pin=1"/></net>

<net id="5071"><net_src comp="5066" pin="1"/><net_sink comp="1062" pin=0"/></net>

<net id="5072"><net_src comp="5066" pin="1"/><net_sink comp="4856" pin=1"/></net>

<net id="5073"><net_src comp="5066" pin="1"/><net_sink comp="4921" pin=0"/></net>

<net id="5077"><net_src comp="296" pin="1"/><net_sink comp="5074" pin=0"/></net>

<net id="5078"><net_src comp="5074" pin="1"/><net_sink comp="831" pin=1"/></net>

<net id="5079"><net_src comp="5074" pin="1"/><net_sink comp="836" pin=0"/></net>

<net id="5083"><net_src comp="300" pin="1"/><net_sink comp="5080" pin=0"/></net>

<net id="5084"><net_src comp="5080" pin="1"/><net_sink comp="826" pin=1"/></net>

<net id="5085"><net_src comp="5080" pin="1"/><net_sink comp="839" pin=0"/></net>

<net id="5089"><net_src comp="304" pin="2"/><net_sink comp="5086" pin=0"/></net>

<net id="5090"><net_src comp="5086" pin="1"/><net_sink comp="695" pin=1"/></net>

<net id="5094"><net_src comp="695" pin="2"/><net_sink comp="5091" pin=0"/></net>

<net id="5098"><net_src comp="747" pin="2"/><net_sink comp="5095" pin=0"/></net>

<net id="5102"><net_src comp="753" pin="1"/><net_sink comp="5099" pin=0"/></net>

<net id="5103"><net_src comp="5099" pin="1"/><net_sink comp="996" pin=1"/></net>

<net id="5104"><net_src comp="5099" pin="1"/><net_sink comp="1129" pin=34"/></net>

<net id="5105"><net_src comp="5099" pin="1"/><net_sink comp="1365" pin=34"/></net>

<net id="5106"><net_src comp="5099" pin="1"/><net_sink comp="1601" pin=34"/></net>

<net id="5107"><net_src comp="5099" pin="1"/><net_sink comp="1837" pin=34"/></net>

<net id="5108"><net_src comp="5099" pin="1"/><net_sink comp="2073" pin=34"/></net>

<net id="5109"><net_src comp="5099" pin="1"/><net_sink comp="2309" pin=34"/></net>

<net id="5110"><net_src comp="5099" pin="1"/><net_sink comp="2545" pin=34"/></net>

<net id="5111"><net_src comp="5099" pin="1"/><net_sink comp="2781" pin=34"/></net>

<net id="5112"><net_src comp="5099" pin="1"/><net_sink comp="3017" pin=34"/></net>

<net id="5113"><net_src comp="5099" pin="1"/><net_sink comp="3253" pin=34"/></net>

<net id="5114"><net_src comp="5099" pin="1"/><net_sink comp="3489" pin=34"/></net>

<net id="5115"><net_src comp="5099" pin="1"/><net_sink comp="3725" pin=34"/></net>

<net id="5116"><net_src comp="5099" pin="1"/><net_sink comp="3961" pin=34"/></net>

<net id="5117"><net_src comp="5099" pin="1"/><net_sink comp="4197" pin=34"/></net>

<net id="5118"><net_src comp="5099" pin="1"/><net_sink comp="4433" pin=34"/></net>

<net id="5119"><net_src comp="5099" pin="1"/><net_sink comp="4669" pin=34"/></net>

<net id="5123"><net_src comp="842" pin="1"/><net_sink comp="5120" pin=0"/></net>

<net id="5124"><net_src comp="5120" pin="1"/><net_sink comp="530" pin=1"/></net>

<net id="5128"><net_src comp="846" pin="4"/><net_sink comp="5125" pin=0"/></net>

<net id="5129"><net_src comp="5125" pin="1"/><net_sink comp="534" pin=1"/></net>

<net id="5133"><net_src comp="856" pin="4"/><net_sink comp="5130" pin=0"/></net>

<net id="5134"><net_src comp="5130" pin="1"/><net_sink comp="538" pin=1"/></net>

<net id="5138"><net_src comp="866" pin="4"/><net_sink comp="5135" pin=0"/></net>

<net id="5139"><net_src comp="5135" pin="1"/><net_sink comp="542" pin=1"/></net>

<net id="5143"><net_src comp="876" pin="4"/><net_sink comp="5140" pin=0"/></net>

<net id="5144"><net_src comp="5140" pin="1"/><net_sink comp="546" pin=1"/></net>

<net id="5148"><net_src comp="886" pin="4"/><net_sink comp="5145" pin=0"/></net>

<net id="5149"><net_src comp="5145" pin="1"/><net_sink comp="550" pin=1"/></net>

<net id="5153"><net_src comp="896" pin="4"/><net_sink comp="5150" pin=0"/></net>

<net id="5154"><net_src comp="5150" pin="1"/><net_sink comp="554" pin=1"/></net>

<net id="5158"><net_src comp="906" pin="4"/><net_sink comp="5155" pin=0"/></net>

<net id="5159"><net_src comp="5155" pin="1"/><net_sink comp="558" pin=1"/></net>

<net id="5163"><net_src comp="916" pin="4"/><net_sink comp="5160" pin=0"/></net>

<net id="5164"><net_src comp="5160" pin="1"/><net_sink comp="562" pin=1"/></net>

<net id="5168"><net_src comp="926" pin="4"/><net_sink comp="5165" pin=0"/></net>

<net id="5169"><net_src comp="5165" pin="1"/><net_sink comp="566" pin=1"/></net>

<net id="5173"><net_src comp="936" pin="4"/><net_sink comp="5170" pin=0"/></net>

<net id="5174"><net_src comp="5170" pin="1"/><net_sink comp="570" pin=1"/></net>

<net id="5178"><net_src comp="946" pin="4"/><net_sink comp="5175" pin=0"/></net>

<net id="5179"><net_src comp="5175" pin="1"/><net_sink comp="574" pin=1"/></net>

<net id="5183"><net_src comp="956" pin="4"/><net_sink comp="5180" pin=0"/></net>

<net id="5184"><net_src comp="5180" pin="1"/><net_sink comp="578" pin=1"/></net>

<net id="5188"><net_src comp="966" pin="4"/><net_sink comp="5185" pin=0"/></net>

<net id="5189"><net_src comp="5185" pin="1"/><net_sink comp="582" pin=1"/></net>

<net id="5193"><net_src comp="976" pin="4"/><net_sink comp="5190" pin=0"/></net>

<net id="5194"><net_src comp="5190" pin="1"/><net_sink comp="586" pin=1"/></net>

<net id="5198"><net_src comp="986" pin="4"/><net_sink comp="5195" pin=0"/></net>

<net id="5199"><net_src comp="5195" pin="1"/><net_sink comp="590" pin=1"/></net>

<net id="5203"><net_src comp="1013" pin="1"/><net_sink comp="5200" pin=0"/></net>

<net id="5204"><net_src comp="5200" pin="1"/><net_sink comp="530" pin=0"/></net>

<net id="5205"><net_src comp="5200" pin="1"/><net_sink comp="534" pin=0"/></net>

<net id="5206"><net_src comp="5200" pin="1"/><net_sink comp="538" pin=0"/></net>

<net id="5207"><net_src comp="5200" pin="1"/><net_sink comp="542" pin=0"/></net>

<net id="5208"><net_src comp="5200" pin="1"/><net_sink comp="546" pin=0"/></net>

<net id="5209"><net_src comp="5200" pin="1"/><net_sink comp="550" pin=0"/></net>

<net id="5210"><net_src comp="5200" pin="1"/><net_sink comp="554" pin=0"/></net>

<net id="5211"><net_src comp="5200" pin="1"/><net_sink comp="558" pin=0"/></net>

<net id="5212"><net_src comp="5200" pin="1"/><net_sink comp="562" pin=0"/></net>

<net id="5213"><net_src comp="5200" pin="1"/><net_sink comp="566" pin=0"/></net>

<net id="5214"><net_src comp="5200" pin="1"/><net_sink comp="570" pin=0"/></net>

<net id="5215"><net_src comp="5200" pin="1"/><net_sink comp="574" pin=0"/></net>

<net id="5216"><net_src comp="5200" pin="1"/><net_sink comp="578" pin=0"/></net>

<net id="5217"><net_src comp="5200" pin="1"/><net_sink comp="582" pin=0"/></net>

<net id="5218"><net_src comp="5200" pin="1"/><net_sink comp="586" pin=0"/></net>

<net id="5219"><net_src comp="5200" pin="1"/><net_sink comp="590" pin=0"/></net>

<net id="5223"><net_src comp="530" pin="2"/><net_sink comp="5220" pin=0"/></net>

<net id="5224"><net_src comp="5220" pin="1"/><net_sink comp="1200" pin=1"/></net>

<net id="5228"><net_src comp="534" pin="2"/><net_sink comp="5225" pin=0"/></net>

<net id="5229"><net_src comp="5225" pin="1"/><net_sink comp="1436" pin=1"/></net>

<net id="5233"><net_src comp="538" pin="2"/><net_sink comp="5230" pin=0"/></net>

<net id="5234"><net_src comp="5230" pin="1"/><net_sink comp="1672" pin=1"/></net>

<net id="5238"><net_src comp="542" pin="2"/><net_sink comp="5235" pin=0"/></net>

<net id="5239"><net_src comp="5235" pin="1"/><net_sink comp="1908" pin=1"/></net>

<net id="5243"><net_src comp="546" pin="2"/><net_sink comp="5240" pin=0"/></net>

<net id="5244"><net_src comp="5240" pin="1"/><net_sink comp="2144" pin=1"/></net>

<net id="5248"><net_src comp="550" pin="2"/><net_sink comp="5245" pin=0"/></net>

<net id="5249"><net_src comp="5245" pin="1"/><net_sink comp="2380" pin=1"/></net>

<net id="5253"><net_src comp="554" pin="2"/><net_sink comp="5250" pin=0"/></net>

<net id="5254"><net_src comp="5250" pin="1"/><net_sink comp="2616" pin=1"/></net>

<net id="5258"><net_src comp="558" pin="2"/><net_sink comp="5255" pin=0"/></net>

<net id="5259"><net_src comp="5255" pin="1"/><net_sink comp="2852" pin=1"/></net>

<net id="5263"><net_src comp="562" pin="2"/><net_sink comp="5260" pin=0"/></net>

<net id="5264"><net_src comp="5260" pin="1"/><net_sink comp="3088" pin=1"/></net>

<net id="5268"><net_src comp="566" pin="2"/><net_sink comp="5265" pin=0"/></net>

<net id="5269"><net_src comp="5265" pin="1"/><net_sink comp="3324" pin=1"/></net>

<net id="5273"><net_src comp="570" pin="2"/><net_sink comp="5270" pin=0"/></net>

<net id="5274"><net_src comp="5270" pin="1"/><net_sink comp="3560" pin=1"/></net>

<net id="5278"><net_src comp="574" pin="2"/><net_sink comp="5275" pin=0"/></net>

<net id="5279"><net_src comp="5275" pin="1"/><net_sink comp="3796" pin=1"/></net>

<net id="5283"><net_src comp="578" pin="2"/><net_sink comp="5280" pin=0"/></net>

<net id="5284"><net_src comp="5280" pin="1"/><net_sink comp="4032" pin=1"/></net>

<net id="5288"><net_src comp="582" pin="2"/><net_sink comp="5285" pin=0"/></net>

<net id="5289"><net_src comp="5285" pin="1"/><net_sink comp="4268" pin=1"/></net>

<net id="5293"><net_src comp="586" pin="2"/><net_sink comp="5290" pin=0"/></net>

<net id="5294"><net_src comp="5290" pin="1"/><net_sink comp="4504" pin=1"/></net>

<net id="5298"><net_src comp="590" pin="2"/><net_sink comp="5295" pin=0"/></net>

<net id="5299"><net_src comp="5295" pin="1"/><net_sink comp="4740" pin=1"/></net>

</net_list>

</model> 
---------------- Datapath Model END ------------------

* FSMD analyzer results:
  - Output states:
	Port: AB_block_15_2_out | {5 }
	Port: AB_block_14_2_out | {5 }
	Port: AB_block_13_2_out | {5 }
	Port: AB_block_12_2_out | {5 }
	Port: AB_block_11_2_out | {5 }
	Port: AB_block_10_2_out | {5 }
	Port: AB_block_9_2_out | {5 }
	Port: AB_block_8_2_out | {5 }
	Port: AB_block_7_2_out | {5 }
	Port: AB_block_6_2_out | {5 }
	Port: AB_block_5_2_out | {5 }
	Port: AB_block_4_2_out | {5 }
	Port: AB_block_3_2_out | {5 }
	Port: AB_block_2_2_out | {5 }
	Port: AB_block_1_2_out | {5 }
	Port: AB_block_0_2_out | {5 }
 - Input state : 
	Port: computeTiles_Pipeline_k_BLOCK_loop_k_loop_i_loop : thr_or15 | {1 }
	Port: computeTiles_Pipeline_k_BLOCK_loop_k_loop_i_loop : thr_or14 | {1 }
	Port: computeTiles_Pipeline_k_BLOCK_loop_k_loop_i_loop : thr_or13 | {1 }
	Port: computeTiles_Pipeline_k_BLOCK_loop_k_loop_i_loop : thr_or12 | {1 }
	Port: computeTiles_Pipeline_k_BLOCK_loop_k_loop_i_loop : thr_or11 | {1 }
	Port: computeTiles_Pipeline_k_BLOCK_loop_k_loop_i_loop : thr_or10 | {1 }
	Port: computeTiles_Pipeline_k_BLOCK_loop_k_loop_i_loop : thr_or9 | {1 }
	Port: computeTiles_Pipeline_k_BLOCK_loop_k_loop_i_loop : thr_or8 | {1 }
	Port: computeTiles_Pipeline_k_BLOCK_loop_k_loop_i_loop : thr_or7 | {1 }
	Port: computeTiles_Pipeline_k_BLOCK_loop_k_loop_i_loop : thr_or6 | {1 }
	Port: computeTiles_Pipeline_k_BLOCK_loop_k_loop_i_loop : thr_or5 | {1 }
	Port: computeTiles_Pipeline_k_BLOCK_loop_k_loop_i_loop : thr_or4 | {1 }
	Port: computeTiles_Pipeline_k_BLOCK_loop_k_loop_i_loop : thr_or3 | {1 }
	Port: computeTiles_Pipeline_k_BLOCK_loop_k_loop_i_loop : thr_or2 | {1 }
	Port: computeTiles_Pipeline_k_BLOCK_loop_k_loop_i_loop : thr_or1 | {1 }
	Port: computeTiles_Pipeline_k_BLOCK_loop_k_loop_i_loop : thr_or | {1 }
	Port: computeTiles_Pipeline_k_BLOCK_loop_k_loop_i_loop : tmp_45 | {1 }
	Port: computeTiles_Pipeline_k_BLOCK_loop_k_loop_i_loop : A_stream | {3 }
	Port: computeTiles_Pipeline_k_BLOCK_loop_k_loop_i_loop : B_stream | {3 }
  - Chain level:
	State 1
		store_ln0 : 1
		store_ln0 : 1
		store_ln55 : 1
	State 2
		icmp_ln88 : 1
		add_ln88 : 1
		br_ln88 : 2
		icmp_ln91 : 1
		xor_ln88 : 2
		icmp_ln96 : 1
		and_ln88 : 2
		or_ln91 : 2
		select_ln91 : 2
		first_iter_0 : 3
		br_ln96 : 4
		trunc_ln96 : 3
		switch_ln101 : 4
		add_ln96 : 3
		add_ln91 : 1
		select_ln91_1 : 2
		store_ln88 : 2
		store_ln91 : 3
		store_ln55 : 4
	State 3
	State 4
		trunc_ln93 : 1
		trunc_ln93_1 : 1
		trunc_ln93_2 : 1
		trunc_ln93_3 : 1
		trunc_ln93_4 : 1
		trunc_ln93_5 : 1
		trunc_ln93_6 : 1
		trunc_ln93_7 : 1
		trunc_ln93_8 : 1
		trunc_ln93_9 : 1
		trunc_ln93_s : 1
		trunc_ln93_10 : 1
		trunc_ln93_11 : 1
		trunc_ln93_12 : 1
		trunc_ln93_13 : 1
		trunc_ln93_14 : 1
		zext_ln101 : 1
		lshr_ln101 : 2
		trunc_ln101 : 3
	State 5
		write_ln0 : 1
		write_ln0 : 1
		write_ln0 : 1
		write_ln0 : 1
		write_ln0 : 1
		write_ln0 : 1
		write_ln0 : 1
		write_ln0 : 1
		write_ln0 : 1
		write_ln0 : 1
		write_ln0 : 1
		write_ln0 : 1
		write_ln0 : 1
		write_ln0 : 1
		write_ln0 : 1
		write_ln0 : 1
	State 6
		trunc_ln101_1 : 1
		trunc_ln101_2 : 1
		trunc_ln101_3 : 1
		trunc_ln101_4 : 1
		trunc_ln101_5 : 1
		trunc_ln101_6 : 1
		trunc_ln101_7 : 1
		trunc_ln101_8 : 1
		trunc_ln101_9 : 1
		trunc_ln101_10 : 1
		trunc_ln101_11 : 1
		trunc_ln101_12 : 1
		trunc_ln101_13 : 1
		trunc_ln101_14 : 1
		trunc_ln101_15 : 1
		trunc_ln101_256 : 1
		tmp_s : 2
		add_ln101 : 3
		trunc_ln101_s : 1
		trunc_ln101_16 : 1
		trunc_ln101_17 : 1
		trunc_ln101_18 : 1
		trunc_ln101_19 : 1
		trunc_ln101_20 : 1
		trunc_ln101_21 : 1
		trunc_ln101_22 : 1
		trunc_ln101_23 : 1
		trunc_ln101_24 : 1
		trunc_ln101_25 : 1
		trunc_ln101_26 : 1
		trunc_ln101_27 : 1
		trunc_ln101_28 : 1
		trunc_ln101_29 : 1
		trunc_ln101_30 : 1
		tmp_1 : 2
		add_ln101_1 : 3
		trunc_ln101_31 : 1
		trunc_ln101_32 : 1
		trunc_ln101_33 : 1
		trunc_ln101_34 : 1
		trunc_ln101_35 : 1
		trunc_ln101_36 : 1
		trunc_ln101_37 : 1
		trunc_ln101_38 : 1
		trunc_ln101_39 : 1
		trunc_ln101_40 : 1
		trunc_ln101_41 : 1
		trunc_ln101_42 : 1
		trunc_ln101_43 : 1
		trunc_ln101_44 : 1
		trunc_ln101_45 : 1
		trunc_ln101_46 : 1
		tmp_2 : 2
		add_ln101_2 : 3
		trunc_ln101_47 : 1
		trunc_ln101_48 : 1
		trunc_ln101_49 : 1
		trunc_ln101_50 : 1
		trunc_ln101_51 : 1
		trunc_ln101_52 : 1
		trunc_ln101_53 : 1
		trunc_ln101_54 : 1
		trunc_ln101_55 : 1
		trunc_ln101_56 : 1
		trunc_ln101_57 : 1
		trunc_ln101_58 : 1
		trunc_ln101_59 : 1
		trunc_ln101_60 : 1
		trunc_ln101_61 : 1
		trunc_ln101_62 : 1
		tmp_3 : 2
		add_ln101_3 : 3
		trunc_ln101_63 : 1
		trunc_ln101_64 : 1
		trunc_ln101_65 : 1
		trunc_ln101_66 : 1
		trunc_ln101_67 : 1
		trunc_ln101_68 : 1
		trunc_ln101_69 : 1
		trunc_ln101_70 : 1
		trunc_ln101_71 : 1
		trunc_ln101_72 : 1
		trunc_ln101_73 : 1
		trunc_ln101_74 : 1
		trunc_ln101_75 : 1
		trunc_ln101_76 : 1
		trunc_ln101_77 : 1
		trunc_ln101_78 : 1
		tmp_4 : 2
		add_ln101_4 : 3
		trunc_ln101_79 : 1
		trunc_ln101_80 : 1
		trunc_ln101_81 : 1
		trunc_ln101_82 : 1
		trunc_ln101_83 : 1
		trunc_ln101_84 : 1
		trunc_ln101_85 : 1
		trunc_ln101_86 : 1
		trunc_ln101_87 : 1
		trunc_ln101_88 : 1
		trunc_ln101_89 : 1
		trunc_ln101_90 : 1
		trunc_ln101_91 : 1
		trunc_ln101_92 : 1
		trunc_ln101_93 : 1
		trunc_ln101_94 : 1
		tmp_5 : 2
		add_ln101_5 : 3
		trunc_ln101_95 : 1
		trunc_ln101_96 : 1
		trunc_ln101_97 : 1
		trunc_ln101_98 : 1
		trunc_ln101_99 : 1
		trunc_ln101_100 : 1
		trunc_ln101_101 : 1
		trunc_ln101_102 : 1
		trunc_ln101_103 : 1
		trunc_ln101_104 : 1
		trunc_ln101_105 : 1
		trunc_ln101_106 : 1
		trunc_ln101_107 : 1
		trunc_ln101_108 : 1
		trunc_ln101_109 : 1
		trunc_ln101_110 : 1
		tmp_6 : 2
		add_ln101_6 : 3
		trunc_ln101_111 : 1
		trunc_ln101_112 : 1
		trunc_ln101_113 : 1
		trunc_ln101_114 : 1
		trunc_ln101_115 : 1
		trunc_ln101_116 : 1
		trunc_ln101_117 : 1
		trunc_ln101_118 : 1
		trunc_ln101_119 : 1
		trunc_ln101_120 : 1
		trunc_ln101_121 : 1
		trunc_ln101_122 : 1
		trunc_ln101_123 : 1
		trunc_ln101_124 : 1
		trunc_ln101_125 : 1
		trunc_ln101_126 : 1
		tmp_7 : 2
		add_ln101_7 : 3
		trunc_ln101_127 : 1
		trunc_ln101_128 : 1
		trunc_ln101_129 : 1
		trunc_ln101_130 : 1
		trunc_ln101_131 : 1
		trunc_ln101_132 : 1
		trunc_ln101_133 : 1
		trunc_ln101_134 : 1
		trunc_ln101_135 : 1
		trunc_ln101_136 : 1
		trunc_ln101_137 : 1
		trunc_ln101_138 : 1
		trunc_ln101_139 : 1
		trunc_ln101_140 : 1
		trunc_ln101_141 : 1
		trunc_ln101_142 : 1
		tmp_8 : 2
		add_ln101_8 : 3
		trunc_ln101_143 : 1
		trunc_ln101_144 : 1
		trunc_ln101_145 : 1
		trunc_ln101_146 : 1
		trunc_ln101_147 : 1
		trunc_ln101_148 : 1
		trunc_ln101_149 : 1
		trunc_ln101_150 : 1
		trunc_ln101_151 : 1
		trunc_ln101_152 : 1
		trunc_ln101_153 : 1
		trunc_ln101_154 : 1
		trunc_ln101_155 : 1
		trunc_ln101_156 : 1
		trunc_ln101_157 : 1
		trunc_ln101_158 : 1
		tmp_9 : 2
		add_ln101_9 : 3
		trunc_ln101_159 : 1
		trunc_ln101_160 : 1
		trunc_ln101_161 : 1
		trunc_ln101_162 : 1
		trunc_ln101_163 : 1
		trunc_ln101_164 : 1
		trunc_ln101_165 : 1
		trunc_ln101_166 : 1
		trunc_ln101_167 : 1
		trunc_ln101_168 : 1
		trunc_ln101_169 : 1
		trunc_ln101_170 : 1
		trunc_ln101_171 : 1
		trunc_ln101_172 : 1
		trunc_ln101_173 : 1
		trunc_ln101_174 : 1
		tmp_10 : 2
		add_ln101_10 : 3
		trunc_ln101_175 : 1
		trunc_ln101_176 : 1
		trunc_ln101_177 : 1
		trunc_ln101_178 : 1
		trunc_ln101_179 : 1
		trunc_ln101_180 : 1
		trunc_ln101_181 : 1
		trunc_ln101_182 : 1
		trunc_ln101_183 : 1
		trunc_ln101_184 : 1
		trunc_ln101_185 : 1
		trunc_ln101_186 : 1
		trunc_ln101_187 : 1
		trunc_ln101_188 : 1
		trunc_ln101_189 : 1
		trunc_ln101_190 : 1
		tmp_11 : 2
		add_ln101_11 : 3
		trunc_ln101_191 : 1
		trunc_ln101_192 : 1
		trunc_ln101_193 : 1
		trunc_ln101_194 : 1
		trunc_ln101_195 : 1
		trunc_ln101_196 : 1
		trunc_ln101_197 : 1
		trunc_ln101_198 : 1
		trunc_ln101_199 : 1
		trunc_ln101_200 : 1
		trunc_ln101_201 : 1
		trunc_ln101_202 : 1
		trunc_ln101_203 : 1
		trunc_ln101_204 : 1
		trunc_ln101_205 : 1
		trunc_ln101_206 : 1
		tmp_12 : 2
		add_ln101_12 : 3
		trunc_ln101_207 : 1
		trunc_ln101_208 : 1
		trunc_ln101_209 : 1
		trunc_ln101_210 : 1
		trunc_ln101_211 : 1
		trunc_ln101_212 : 1
		trunc_ln101_213 : 1
		trunc_ln101_214 : 1
		trunc_ln101_215 : 1
		trunc_ln101_216 : 1
		trunc_ln101_217 : 1
		trunc_ln101_218 : 1
		trunc_ln101_219 : 1
		trunc_ln101_220 : 1
		trunc_ln101_221 : 1
		trunc_ln101_222 : 1
		tmp_13 : 2
		add_ln101_13 : 3
		trunc_ln101_223 : 1
		trunc_ln101_224 : 1
		trunc_ln101_225 : 1
		trunc_ln101_226 : 1
		trunc_ln101_227 : 1
		trunc_ln101_228 : 1
		trunc_ln101_229 : 1
		trunc_ln101_230 : 1
		trunc_ln101_231 : 1
		trunc_ln101_232 : 1
		trunc_ln101_233 : 1
		trunc_ln101_234 : 1
		trunc_ln101_235 : 1
		trunc_ln101_236 : 1
		trunc_ln101_237 : 1
		trunc_ln101_238 : 1
		tmp_14 : 2
		add_ln101_14 : 3
		trunc_ln101_239 : 1
		trunc_ln101_240 : 1
		trunc_ln101_241 : 1
		trunc_ln101_242 : 1
		trunc_ln101_243 : 1
		trunc_ln101_244 : 1
		trunc_ln101_245 : 1
		trunc_ln101_246 : 1
		trunc_ln101_247 : 1
		trunc_ln101_248 : 1
		trunc_ln101_249 : 1
		trunc_ln101_250 : 1
		trunc_ln101_251 : 1
		trunc_ln101_252 : 1
		trunc_ln101_253 : 1
		trunc_ln101_254 : 1
		tmp_15 : 2
		add_ln101_15 : 3
		or_ln101_s : 4
		store_ln101 : 5
		store_ln101 : 5
		store_ln101 : 5
		store_ln101 : 5
		store_ln101 : 5
		store_ln101 : 5
		store_ln101 : 5
		store_ln101 : 5
		store_ln101 : 5
		store_ln101 : 5
		store_ln101 : 5
		store_ln101 : 5
		store_ln101 : 5
		store_ln101 : 5
		store_ln101 : 5
		store_ln101 : 5


============================================================
+ Verbose Summary: Datapath Resource usage 
============================================================

* Functional unit list:
|----------|---------------------------|---------|---------|---------|
| Operation|      Functional Unit      |   DSP   |    FF   |   LUT   |
|----------|---------------------------|---------|---------|---------|
|   lshr   |     lshr_ln101_fu_1007    |    0    |    0    |   2171  |
|----------|---------------------------|---------|---------|---------|
|          |       tmp_s_fu_1129       |    0    |    0    |    65   |
|          |       tmp_1_fu_1365       |    0    |    0    |    65   |
|          |       tmp_2_fu_1601       |    0    |    0    |    65   |
|          |       tmp_3_fu_1837       |    0    |    0    |    65   |
|          |       tmp_4_fu_2073       |    0    |    0    |    65   |
|          |       tmp_5_fu_2309       |    0    |    0    |    65   |
|          |       tmp_6_fu_2545       |    0    |    0    |    65   |
| sparsemux|       tmp_7_fu_2781       |    0    |    0    |    65   |
|          |       tmp_8_fu_3017       |    0    |    0    |    65   |
|          |       tmp_9_fu_3253       |    0    |    0    |    65   |
|          |       tmp_10_fu_3489      |    0    |    0    |    65   |
|          |       tmp_11_fu_3725      |    0    |    0    |    65   |
|          |       tmp_12_fu_3961      |    0    |    0    |    65   |
|          |       tmp_13_fu_4197      |    0    |    0    |    65   |
|          |       tmp_14_fu_4433      |    0    |    0    |    65   |
|          |       tmp_15_fu_4669      |    0    |    0    |    65   |
|----------|---------------------------|---------|---------|---------|
|          |      add_ln88_fu_700      |    0    |    0    |    42   |
|          |      add_ln96_fu_791      |    0    |    0    |    13   |
|          |      add_ln91_fu_797      |    0    |    0    |    13   |
|          |     add_ln101_fu_1200     |    0    |    0    |    39   |
|          |    add_ln101_1_fu_1436    |    0    |    0    |    39   |
|          |    add_ln101_2_fu_1672    |    0    |    0    |    39   |
|          |    add_ln101_3_fu_1908    |    0    |    0    |    39   |
|          |    add_ln101_4_fu_2144    |    0    |    0    |    39   |
|          |    add_ln101_5_fu_2380    |    0    |    0    |    39   |
|    add   |    add_ln101_6_fu_2616    |    0    |    0    |    39   |
|          |    add_ln101_7_fu_2852    |    0    |    0    |    39   |
|          |    add_ln101_8_fu_3088    |    0    |    0    |    39   |
|          |    add_ln101_9_fu_3324    |    0    |    0    |    39   |
|          |    add_ln101_10_fu_3560   |    0    |    0    |    39   |
|          |    add_ln101_11_fu_3796   |    0    |    0    |    39   |
|          |    add_ln101_12_fu_4032   |    0    |    0    |    39   |
|          |    add_ln101_13_fu_4268   |    0    |    0    |    39   |
|          |    add_ln101_14_fu_4504   |    0    |    0    |    39   |
|          |    add_ln101_15_fu_4740   |    0    |    0    |    39   |
|----------|---------------------------|---------|---------|---------|
|          |      mul_ln101_fu_530     |    3    |    0    |    20   |
|          |     mul_ln101_1_fu_534    |    3    |    0    |    20   |
|          |     mul_ln101_2_fu_538    |    3    |    0    |    20   |
|          |     mul_ln101_3_fu_542    |    3    |    0    |    20   |
|          |     mul_ln101_4_fu_546    |    3    |    0    |    20   |
|          |     mul_ln101_5_fu_550    |    3    |    0    |    20   |
|          |     mul_ln101_6_fu_554    |    3    |    0    |    20   |
|    mul   |     mul_ln101_7_fu_558    |    3    |    0    |    20   |
|          |     mul_ln101_8_fu_562    |    3    |    0    |    20   |
|          |     mul_ln101_9_fu_566    |    3    |    0    |    20   |
|          |    mul_ln101_10_fu_570    |    3    |    0    |    20   |
|          |    mul_ln101_11_fu_574    |    3    |    0    |    20   |
|          |    mul_ln101_12_fu_578    |    3    |    0    |    20   |
|          |    mul_ln101_13_fu_582    |    3    |    0    |    20   |
|          |    mul_ln101_14_fu_586    |    3    |    0    |    20   |
|          |    mul_ln101_15_fu_590    |    3    |    0    |    20   |
|----------|---------------------------|---------|---------|---------|
|          |      icmp_ln88_fu_695     |    0    |    0    |    42   |
|   icmp   |      icmp_ln91_fu_709     |    0    |    0    |    13   |
|          |      icmp_ln96_fu_721     |    0    |    0    |    13   |
|          |    first_iter_0_fu_747    |    0    |    0    |    13   |
|----------|---------------------------|---------|---------|---------|
|  select  |     select_ln91_fu_739    |    0    |    0    |    5    |
|          |    select_ln91_1_fu_803   |    0    |    0    |    10   |
|----------|---------------------------|---------|---------|---------|
|    xor   |      xor_ln88_fu_715      |    0    |    0    |    2    |
|----------|---------------------------|---------|---------|---------|
|    and   |      and_ln88_fu_727      |    0    |    0    |    2    |
|----------|---------------------------|---------|---------|---------|
|    or    |       or_ln91_fu_733      |    0    |    0    |    2    |
|----------|---------------------------|---------|---------|---------|
|          |  tmp_45_read_read_fu_304  |    0    |    0    |    0    |
|          |  thr_or_read_read_fu_310  |    0    |    0    |    0    |
|          |  thr_or1_read_read_fu_316 |    0    |    0    |    0    |
|          |  thr_or2_read_read_fu_322 |    0    |    0    |    0    |
|          |  thr_or3_read_read_fu_328 |    0    |    0    |    0    |
|          |  thr_or4_read_read_fu_334 |    0    |    0    |    0    |
|          |  thr_or5_read_read_fu_340 |    0    |    0    |    0    |
|          |  thr_or6_read_read_fu_346 |    0    |    0    |    0    |
|          |  thr_or7_read_read_fu_352 |    0    |    0    |    0    |
|   read   |  thr_or8_read_read_fu_358 |    0    |    0    |    0    |
|          |  thr_or9_read_read_fu_364 |    0    |    0    |    0    |
|          | thr_or10_read_read_fu_370 |    0    |    0    |    0    |
|          | thr_or11_read_read_fu_376 |    0    |    0    |    0    |
|          | thr_or12_read_read_fu_382 |    0    |    0    |    0    |
|          | thr_or13_read_read_fu_388 |    0    |    0    |    0    |
|          | thr_or14_read_read_fu_394 |    0    |    0    |    0    |
|          | thr_or15_read_read_fu_400 |    0    |    0    |    0    |
|          | A_stream_read_read_fu_406 |    0    |    0    |    0    |
|          | B_stream_read_read_fu_412 |    0    |    0    |    0    |
|----------|---------------------------|---------|---------|---------|
|          |   write_ln0_write_fu_418  |    0    |    0    |    0    |
|          |   write_ln0_write_fu_425  |    0    |    0    |    0    |
|          |   write_ln0_write_fu_432  |    0    |    0    |    0    |
|          |   write_ln0_write_fu_439  |    0    |    0    |    0    |
|          |   write_ln0_write_fu_446  |    0    |    0    |    0    |
|          |   write_ln0_write_fu_453  |    0    |    0    |    0    |
|          |   write_ln0_write_fu_460  |    0    |    0    |    0    |
|   write  |   write_ln0_write_fu_467  |    0    |    0    |    0    |
|          |   write_ln0_write_fu_474  |    0    |    0    |    0    |
|          |   write_ln0_write_fu_481  |    0    |    0    |    0    |
|          |   write_ln0_write_fu_488  |    0    |    0    |    0    |
|          |   write_ln0_write_fu_495  |    0    |    0    |    0    |
|          |   write_ln0_write_fu_502  |    0    |    0    |    0    |
|          |   write_ln0_write_fu_509  |    0    |    0    |    0    |
|          |   write_ln0_write_fu_516  |    0    |    0    |    0    |
|          |   write_ln0_write_fu_523  |    0    |    0    |    0    |
|----------|---------------------------|---------|---------|---------|
|          |     trunc_ln96_fu_753     |    0    |    0    |    0    |
|          |     trunc_ln93_fu_842     |    0    |    0    |    0    |
|          |    trunc_ln101_fu_1013    |    0    |    0    |    0    |
|          |   trunc_ln101_1_fu_1065   |    0    |    0    |    0    |
|          |   trunc_ln101_2_fu_1069   |    0    |    0    |    0    |
|          |   trunc_ln101_3_fu_1073   |    0    |    0    |    0    |
|          |   trunc_ln101_4_fu_1077   |    0    |    0    |    0    |
|          |   trunc_ln101_5_fu_1081   |    0    |    0    |    0    |
|          |   trunc_ln101_6_fu_1085   |    0    |    0    |    0    |
|   trunc  |   trunc_ln101_7_fu_1089   |    0    |    0    |    0    |
|          |   trunc_ln101_8_fu_1093   |    0    |    0    |    0    |
|          |   trunc_ln101_9_fu_1097   |    0    |    0    |    0    |
|          |   trunc_ln101_10_fu_1101  |    0    |    0    |    0    |
|          |   trunc_ln101_11_fu_1105  |    0    |    0    |    0    |
|          |   trunc_ln101_12_fu_1109  |    0    |    0    |    0    |
|          |   trunc_ln101_13_fu_1113  |    0    |    0    |    0    |
|          |   trunc_ln101_14_fu_1117  |    0    |    0    |    0    |
|          |   trunc_ln101_15_fu_1121  |    0    |    0    |    0    |
|          |  trunc_ln101_256_fu_1125  |    0    |    0    |    0    |
|----------|---------------------------|---------|---------|---------|
|  switch  |    switch_ln101_fu_757    |    0    |    0    |    0    |
|----------|---------------------------|---------|---------|---------|
|          |    trunc_ln93_1_fu_846    |    0    |    0    |    0    |
|          |    trunc_ln93_2_fu_856    |    0    |    0    |    0    |
|          |    trunc_ln93_3_fu_866    |    0    |    0    |    0    |
|          |    trunc_ln93_4_fu_876    |    0    |    0    |    0    |
|          |    trunc_ln93_5_fu_886    |    0    |    0    |    0    |
|          |    trunc_ln93_6_fu_896    |    0    |    0    |    0    |
|          |    trunc_ln93_7_fu_906    |    0    |    0    |    0    |
|          |    trunc_ln93_8_fu_916    |    0    |    0    |    0    |
|          |    trunc_ln93_9_fu_926    |    0    |    0    |    0    |
|          |    trunc_ln93_s_fu_936    |    0    |    0    |    0    |
|          |    trunc_ln93_10_fu_946   |    0    |    0    |    0    |
|          |    trunc_ln93_11_fu_956   |    0    |    0    |    0    |
|          |    trunc_ln93_12_fu_966   |    0    |    0    |    0    |
|          |    trunc_ln93_13_fu_976   |    0    |    0    |    0    |
|          |    trunc_ln93_14_fu_986   |    0    |    0    |    0    |
|          |   trunc_ln101_s_fu_1205   |    0    |    0    |    0    |
|          |   trunc_ln101_16_fu_1215  |    0    |    0    |    0    |
|          |   trunc_ln101_17_fu_1225  |    0    |    0    |    0    |
|          |   trunc_ln101_18_fu_1235  |    0    |    0    |    0    |
|          |   trunc_ln101_19_fu_1245  |    0    |    0    |    0    |
|          |   trunc_ln101_20_fu_1255  |    0    |    0    |    0    |
|          |   trunc_ln101_21_fu_1265  |    0    |    0    |    0    |
|          |   trunc_ln101_22_fu_1275  |    0    |    0    |    0    |
|          |   trunc_ln101_23_fu_1285  |    0    |    0    |    0    |
|          |   trunc_ln101_24_fu_1295  |    0    |    0    |    0    |
|          |   trunc_ln101_25_fu_1305  |    0    |    0    |    0    |
|          |   trunc_ln101_26_fu_1315  |    0    |    0    |    0    |
|          |   trunc_ln101_27_fu_1325  |    0    |    0    |    0    |
|          |   trunc_ln101_28_fu_1335  |    0    |    0    |    0    |
|          |   trunc_ln101_29_fu_1345  |    0    |    0    |    0    |
|          |   trunc_ln101_30_fu_1355  |    0    |    0    |    0    |
|          |   trunc_ln101_31_fu_1441  |    0    |    0    |    0    |
|          |   trunc_ln101_32_fu_1451  |    0    |    0    |    0    |
|          |   trunc_ln101_33_fu_1461  |    0    |    0    |    0    |
|          |   trunc_ln101_34_fu_1471  |    0    |    0    |    0    |
|          |   trunc_ln101_35_fu_1481  |    0    |    0    |    0    |
|          |   trunc_ln101_36_fu_1491  |    0    |    0    |    0    |
|          |   trunc_ln101_37_fu_1501  |    0    |    0    |    0    |
|          |   trunc_ln101_38_fu_1511  |    0    |    0    |    0    |
|          |   trunc_ln101_39_fu_1521  |    0    |    0    |    0    |
|          |   trunc_ln101_40_fu_1531  |    0    |    0    |    0    |
|          |   trunc_ln101_41_fu_1541  |    0    |    0    |    0    |
|          |   trunc_ln101_42_fu_1551  |    0    |    0    |    0    |
|          |   trunc_ln101_43_fu_1561  |    0    |    0    |    0    |
|          |   trunc_ln101_44_fu_1571  |    0    |    0    |    0    |
|          |   trunc_ln101_45_fu_1581  |    0    |    0    |    0    |
|          |   trunc_ln101_46_fu_1591  |    0    |    0    |    0    |
|          |   trunc_ln101_47_fu_1677  |    0    |    0    |    0    |
|          |   trunc_ln101_48_fu_1687  |    0    |    0    |    0    |
|          |   trunc_ln101_49_fu_1697  |    0    |    0    |    0    |
|          |   trunc_ln101_50_fu_1707  |    0    |    0    |    0    |
|          |   trunc_ln101_51_fu_1717  |    0    |    0    |    0    |
|          |   trunc_ln101_52_fu_1727  |    0    |    0    |    0    |
|          |   trunc_ln101_53_fu_1737  |    0    |    0    |    0    |
|          |   trunc_ln101_54_fu_1747  |    0    |    0    |    0    |
|          |   trunc_ln101_55_fu_1757  |    0    |    0    |    0    |
|          |   trunc_ln101_56_fu_1767  |    0    |    0    |    0    |
|          |   trunc_ln101_57_fu_1777  |    0    |    0    |    0    |
|          |   trunc_ln101_58_fu_1787  |    0    |    0    |    0    |
|          |   trunc_ln101_59_fu_1797  |    0    |    0    |    0    |
|          |   trunc_ln101_60_fu_1807  |    0    |    0    |    0    |
|          |   trunc_ln101_61_fu_1817  |    0    |    0    |    0    |
|          |   trunc_ln101_62_fu_1827  |    0    |    0    |    0    |
|          |   trunc_ln101_63_fu_1913  |    0    |    0    |    0    |
|          |   trunc_ln101_64_fu_1923  |    0    |    0    |    0    |
|          |   trunc_ln101_65_fu_1933  |    0    |    0    |    0    |
|          |   trunc_ln101_66_fu_1943  |    0    |    0    |    0    |
|          |   trunc_ln101_67_fu_1953  |    0    |    0    |    0    |
|          |   trunc_ln101_68_fu_1963  |    0    |    0    |    0    |
|          |   trunc_ln101_69_fu_1973  |    0    |    0    |    0    |
|          |   trunc_ln101_70_fu_1983  |    0    |    0    |    0    |
|          |   trunc_ln101_71_fu_1993  |    0    |    0    |    0    |
|          |   trunc_ln101_72_fu_2003  |    0    |    0    |    0    |
|          |   trunc_ln101_73_fu_2013  |    0    |    0    |    0    |
|          |   trunc_ln101_74_fu_2023  |    0    |    0    |    0    |
|          |   trunc_ln101_75_fu_2033  |    0    |    0    |    0    |
|          |   trunc_ln101_76_fu_2043  |    0    |    0    |    0    |
|          |   trunc_ln101_77_fu_2053  |    0    |    0    |    0    |
|          |   trunc_ln101_78_fu_2063  |    0    |    0    |    0    |
|          |   trunc_ln101_79_fu_2149  |    0    |    0    |    0    |
|          |   trunc_ln101_80_fu_2159  |    0    |    0    |    0    |
|          |   trunc_ln101_81_fu_2169  |    0    |    0    |    0    |
|          |   trunc_ln101_82_fu_2179  |    0    |    0    |    0    |
|          |   trunc_ln101_83_fu_2189  |    0    |    0    |    0    |
|          |   trunc_ln101_84_fu_2199  |    0    |    0    |    0    |
|          |   trunc_ln101_85_fu_2209  |    0    |    0    |    0    |
|          |   trunc_ln101_86_fu_2219  |    0    |    0    |    0    |
|          |   trunc_ln101_87_fu_2229  |    0    |    0    |    0    |
|          |   trunc_ln101_88_fu_2239  |    0    |    0    |    0    |
|          |   trunc_ln101_89_fu_2249  |    0    |    0    |    0    |
|          |   trunc_ln101_90_fu_2259  |    0    |    0    |    0    |
|          |   trunc_ln101_91_fu_2269  |    0    |    0    |    0    |
|          |   trunc_ln101_92_fu_2279  |    0    |    0    |    0    |
|          |   trunc_ln101_93_fu_2289  |    0    |    0    |    0    |
|          |   trunc_ln101_94_fu_2299  |    0    |    0    |    0    |
|          |   trunc_ln101_95_fu_2385  |    0    |    0    |    0    |
|          |   trunc_ln101_96_fu_2395  |    0    |    0    |    0    |
|          |   trunc_ln101_97_fu_2405  |    0    |    0    |    0    |
|          |   trunc_ln101_98_fu_2415  |    0    |    0    |    0    |
|          |   trunc_ln101_99_fu_2425  |    0    |    0    |    0    |
|          |  trunc_ln101_100_fu_2435  |    0    |    0    |    0    |
|          |  trunc_ln101_101_fu_2445  |    0    |    0    |    0    |
|          |  trunc_ln101_102_fu_2455  |    0    |    0    |    0    |
|          |  trunc_ln101_103_fu_2465  |    0    |    0    |    0    |
|          |  trunc_ln101_104_fu_2475  |    0    |    0    |    0    |
|          |  trunc_ln101_105_fu_2485  |    0    |    0    |    0    |
|          |  trunc_ln101_106_fu_2495  |    0    |    0    |    0    |
|          |  trunc_ln101_107_fu_2505  |    0    |    0    |    0    |
|          |  trunc_ln101_108_fu_2515  |    0    |    0    |    0    |
|          |  trunc_ln101_109_fu_2525  |    0    |    0    |    0    |
|          |  trunc_ln101_110_fu_2535  |    0    |    0    |    0    |
|          |  trunc_ln101_111_fu_2621  |    0    |    0    |    0    |
|          |  trunc_ln101_112_fu_2631  |    0    |    0    |    0    |
|          |  trunc_ln101_113_fu_2641  |    0    |    0    |    0    |
|          |  trunc_ln101_114_fu_2651  |    0    |    0    |    0    |
|          |  trunc_ln101_115_fu_2661  |    0    |    0    |    0    |
|          |  trunc_ln101_116_fu_2671  |    0    |    0    |    0    |
|          |  trunc_ln101_117_fu_2681  |    0    |    0    |    0    |
|          |  trunc_ln101_118_fu_2691  |    0    |    0    |    0    |
|          |  trunc_ln101_119_fu_2701  |    0    |    0    |    0    |
|          |  trunc_ln101_120_fu_2711  |    0    |    0    |    0    |
|          |  trunc_ln101_121_fu_2721  |    0    |    0    |    0    |
|          |  trunc_ln101_122_fu_2731  |    0    |    0    |    0    |
|          |  trunc_ln101_123_fu_2741  |    0    |    0    |    0    |
|          |  trunc_ln101_124_fu_2751  |    0    |    0    |    0    |
|          |  trunc_ln101_125_fu_2761  |    0    |    0    |    0    |
|          |  trunc_ln101_126_fu_2771  |    0    |    0    |    0    |
|partselect|  trunc_ln101_127_fu_2857  |    0    |    0    |    0    |
|          |  trunc_ln101_128_fu_2867  |    0    |    0    |    0    |
|          |  trunc_ln101_129_fu_2877  |    0    |    0    |    0    |
|          |  trunc_ln101_130_fu_2887  |    0    |    0    |    0    |
|          |  trunc_ln101_131_fu_2897  |    0    |    0    |    0    |
|          |  trunc_ln101_132_fu_2907  |    0    |    0    |    0    |
|          |  trunc_ln101_133_fu_2917  |    0    |    0    |    0    |
|          |  trunc_ln101_134_fu_2927  |    0    |    0    |    0    |
|          |  trunc_ln101_135_fu_2937  |    0    |    0    |    0    |
|          |  trunc_ln101_136_fu_2947  |    0    |    0    |    0    |
|          |  trunc_ln101_137_fu_2957  |    0    |    0    |    0    |
|          |  trunc_ln101_138_fu_2967  |    0    |    0    |    0    |
|          |  trunc_ln101_139_fu_2977  |    0    |    0    |    0    |
|          |  trunc_ln101_140_fu_2987  |    0    |    0    |    0    |
|          |  trunc_ln101_141_fu_2997  |    0    |    0    |    0    |
|          |  trunc_ln101_142_fu_3007  |    0    |    0    |    0    |
|          |  trunc_ln101_143_fu_3093  |    0    |    0    |    0    |
|          |  trunc_ln101_144_fu_3103  |    0    |    0    |    0    |
|          |  trunc_ln101_145_fu_3113  |    0    |    0    |    0    |
|          |  trunc_ln101_146_fu_3123  |    0    |    0    |    0    |
|          |  trunc_ln101_147_fu_3133  |    0    |    0    |    0    |
|          |  trunc_ln101_148_fu_3143  |    0    |    0    |    0    |
|          |  trunc_ln101_149_fu_3153  |    0    |    0    |    0    |
|          |  trunc_ln101_150_fu_3163  |    0    |    0    |    0    |
|          |  trunc_ln101_151_fu_3173  |    0    |    0    |    0    |
|          |  trunc_ln101_152_fu_3183  |    0    |    0    |    0    |
|          |  trunc_ln101_153_fu_3193  |    0    |    0    |    0    |
|          |  trunc_ln101_154_fu_3203  |    0    |    0    |    0    |
|          |  trunc_ln101_155_fu_3213  |    0    |    0    |    0    |
|          |  trunc_ln101_156_fu_3223  |    0    |    0    |    0    |
|          |  trunc_ln101_157_fu_3233  |    0    |    0    |    0    |
|          |  trunc_ln101_158_fu_3243  |    0    |    0    |    0    |
|          |  trunc_ln101_159_fu_3329  |    0    |    0    |    0    |
|          |  trunc_ln101_160_fu_3339  |    0    |    0    |    0    |
|          |  trunc_ln101_161_fu_3349  |    0    |    0    |    0    |
|          |  trunc_ln101_162_fu_3359  |    0    |    0    |    0    |
|          |  trunc_ln101_163_fu_3369  |    0    |    0    |    0    |
|          |  trunc_ln101_164_fu_3379  |    0    |    0    |    0    |
|          |  trunc_ln101_165_fu_3389  |    0    |    0    |    0    |
|          |  trunc_ln101_166_fu_3399  |    0    |    0    |    0    |
|          |  trunc_ln101_167_fu_3409  |    0    |    0    |    0    |
|          |  trunc_ln101_168_fu_3419  |    0    |    0    |    0    |
|          |  trunc_ln101_169_fu_3429  |    0    |    0    |    0    |
|          |  trunc_ln101_170_fu_3439  |    0    |    0    |    0    |
|          |  trunc_ln101_171_fu_3449  |    0    |    0    |    0    |
|          |  trunc_ln101_172_fu_3459  |    0    |    0    |    0    |
|          |  trunc_ln101_173_fu_3469  |    0    |    0    |    0    |
|          |  trunc_ln101_174_fu_3479  |    0    |    0    |    0    |
|          |  trunc_ln101_175_fu_3565  |    0    |    0    |    0    |
|          |  trunc_ln101_176_fu_3575  |    0    |    0    |    0    |
|          |  trunc_ln101_177_fu_3585  |    0    |    0    |    0    |
|          |  trunc_ln101_178_fu_3595  |    0    |    0    |    0    |
|          |  trunc_ln101_179_fu_3605  |    0    |    0    |    0    |
|          |  trunc_ln101_180_fu_3615  |    0    |    0    |    0    |
|          |  trunc_ln101_181_fu_3625  |    0    |    0    |    0    |
|          |  trunc_ln101_182_fu_3635  |    0    |    0    |    0    |
|          |  trunc_ln101_183_fu_3645  |    0    |    0    |    0    |
|          |  trunc_ln101_184_fu_3655  |    0    |    0    |    0    |
|          |  trunc_ln101_185_fu_3665  |    0    |    0    |    0    |
|          |  trunc_ln101_186_fu_3675  |    0    |    0    |    0    |
|          |  trunc_ln101_187_fu_3685  |    0    |    0    |    0    |
|          |  trunc_ln101_188_fu_3695  |    0    |    0    |    0    |
|          |  trunc_ln101_189_fu_3705  |    0    |    0    |    0    |
|          |  trunc_ln101_190_fu_3715  |    0    |    0    |    0    |
|          |  trunc_ln101_191_fu_3801  |    0    |    0    |    0    |
|          |  trunc_ln101_192_fu_3811  |    0    |    0    |    0    |
|          |  trunc_ln101_193_fu_3821  |    0    |    0    |    0    |
|          |  trunc_ln101_194_fu_3831  |    0    |    0    |    0    |
|          |  trunc_ln101_195_fu_3841  |    0    |    0    |    0    |
|          |  trunc_ln101_196_fu_3851  |    0    |    0    |    0    |
|          |  trunc_ln101_197_fu_3861  |    0    |    0    |    0    |
|          |  trunc_ln101_198_fu_3871  |    0    |    0    |    0    |
|          |  trunc_ln101_199_fu_3881  |    0    |    0    |    0    |
|          |  trunc_ln101_200_fu_3891  |    0    |    0    |    0    |
|          |  trunc_ln101_201_fu_3901  |    0    |    0    |    0    |
|          |  trunc_ln101_202_fu_3911  |    0    |    0    |    0    |
|          |  trunc_ln101_203_fu_3921  |    0    |    0    |    0    |
|          |  trunc_ln101_204_fu_3931  |    0    |    0    |    0    |
|          |  trunc_ln101_205_fu_3941  |    0    |    0    |    0    |
|          |  trunc_ln101_206_fu_3951  |    0    |    0    |    0    |
|          |  trunc_ln101_207_fu_4037  |    0    |    0    |    0    |
|          |  trunc_ln101_208_fu_4047  |    0    |    0    |    0    |
|          |  trunc_ln101_209_fu_4057  |    0    |    0    |    0    |
|          |  trunc_ln101_210_fu_4067  |    0    |    0    |    0    |
|          |  trunc_ln101_211_fu_4077  |    0    |    0    |    0    |
|          |  trunc_ln101_212_fu_4087  |    0    |    0    |    0    |
|          |  trunc_ln101_213_fu_4097  |    0    |    0    |    0    |
|          |  trunc_ln101_214_fu_4107  |    0    |    0    |    0    |
|          |  trunc_ln101_215_fu_4117  |    0    |    0    |    0    |
|          |  trunc_ln101_216_fu_4127  |    0    |    0    |    0    |
|          |  trunc_ln101_217_fu_4137  |    0    |    0    |    0    |
|          |  trunc_ln101_218_fu_4147  |    0    |    0    |    0    |
|          |  trunc_ln101_219_fu_4157  |    0    |    0    |    0    |
|          |  trunc_ln101_220_fu_4167  |    0    |    0    |    0    |
|          |  trunc_ln101_221_fu_4177  |    0    |    0    |    0    |
|          |  trunc_ln101_222_fu_4187  |    0    |    0    |    0    |
|          |  trunc_ln101_223_fu_4273  |    0    |    0    |    0    |
|          |  trunc_ln101_224_fu_4283  |    0    |    0    |    0    |
|          |  trunc_ln101_225_fu_4293  |    0    |    0    |    0    |
|          |  trunc_ln101_226_fu_4303  |    0    |    0    |    0    |
|          |  trunc_ln101_227_fu_4313  |    0    |    0    |    0    |
|          |  trunc_ln101_228_fu_4323  |    0    |    0    |    0    |
|          |  trunc_ln101_229_fu_4333  |    0    |    0    |    0    |
|          |  trunc_ln101_230_fu_4343  |    0    |    0    |    0    |
|          |  trunc_ln101_231_fu_4353  |    0    |    0    |    0    |
|          |  trunc_ln101_232_fu_4363  |    0    |    0    |    0    |
|          |  trunc_ln101_233_fu_4373  |    0    |    0    |    0    |
|          |  trunc_ln101_234_fu_4383  |    0    |    0    |    0    |
|          |  trunc_ln101_235_fu_4393  |    0    |    0    |    0    |
|          |  trunc_ln101_236_fu_4403  |    0    |    0    |    0    |
|          |  trunc_ln101_237_fu_4413  |    0    |    0    |    0    |
|          |  trunc_ln101_238_fu_4423  |    0    |    0    |    0    |
|          |  trunc_ln101_239_fu_4509  |    0    |    0    |    0    |
|          |  trunc_ln101_240_fu_4519  |    0    |    0    |    0    |
|          |  trunc_ln101_241_fu_4529  |    0    |    0    |    0    |
|          |  trunc_ln101_242_fu_4539  |    0    |    0    |    0    |
|          |  trunc_ln101_243_fu_4549  |    0    |    0    |    0    |
|          |  trunc_ln101_244_fu_4559  |    0    |    0    |    0    |
|          |  trunc_ln101_245_fu_4569  |    0    |    0    |    0    |
|          |  trunc_ln101_246_fu_4579  |    0    |    0    |    0    |
|          |  trunc_ln101_247_fu_4589  |    0    |    0    |    0    |
|          |  trunc_ln101_248_fu_4599  |    0    |    0    |    0    |
|          |  trunc_ln101_249_fu_4609  |    0    |    0    |    0    |
|          |  trunc_ln101_250_fu_4619  |    0    |    0    |    0    |
|          |  trunc_ln101_251_fu_4629  |    0    |    0    |    0    |
|          |  trunc_ln101_252_fu_4639  |    0    |    0    |    0    |
|          |  trunc_ln101_253_fu_4649  |    0    |    0    |    0    |
|          |  trunc_ln101_254_fu_4659  |    0    |    0    |    0    |
|----------|---------------------------|---------|---------|---------|
|bitconcatenate|     shl_ln56_1_fu_996     |    0    |    0    |    0    |
|          |     or_ln101_s_fu_4745    |    0    |    0    |    0    |
|----------|---------------------------|---------|---------|---------|
|   zext   |     zext_ln101_fu_1003    |    0    |    0    |    0    |
|----------|---------------------------|---------|---------|---------|
|   Total  |                           |    48   |    0    |   4325  |
|----------|---------------------------|---------|---------|---------|

Memories:
N/A

* Register list:
+-------------------------+--------+
|                         |   FF   |
+-------------------------+--------+
|  AB_block_0_2_reg_4946  |   512  |
|  AB_block_10_2_reg_5026 |   512  |
|  AB_block_11_2_reg_5034 |   512  |
|  AB_block_12_2_reg_5042 |   512  |
|  AB_block_13_2_reg_5050 |   512  |
|  AB_block_14_2_reg_5058 |   512  |
|  AB_block_15_2_reg_5066 |   512  |
|  AB_block_1_2_reg_4954  |   512  |
|  AB_block_2_2_reg_4962  |   512  |
|  AB_block_3_2_reg_4970  |   512  |
|  AB_block_4_2_reg_4978  |   512  |
|  AB_block_5_2_reg_4986  |   512  |
|  AB_block_6_2_reg_4994  |   512  |
|  AB_block_7_2_reg_5002  |   512  |
|  AB_block_8_2_reg_5010  |   512  |
|  AB_block_9_2_reg_5018  |   512  |
|      empty_reg_5074     |   512  |
|  first_iter_0_reg_5095  |    1   |
|        i_reg_4925       |    5   |
|    icmp_ln88_reg_5091   |    1   |
|indvar_flatten43_reg_4939|   35   |
| indvar_flatten_reg_4932 |   10   |
|  mul_ln101_10_reg_5270  |   32   |
|  mul_ln101_11_reg_5275  |   32   |
|  mul_ln101_12_reg_5280  |   32   |
|  mul_ln101_13_reg_5285  |   32   |
|  mul_ln101_14_reg_5290  |   32   |
|  mul_ln101_15_reg_5295  |   32   |
|   mul_ln101_1_reg_5225  |   32   |
|   mul_ln101_2_reg_5230  |   32   |
|   mul_ln101_3_reg_5235  |   32   |
|   mul_ln101_4_reg_5240  |   32   |
|   mul_ln101_5_reg_5245  |   32   |
|   mul_ln101_6_reg_5250  |   32   |
|   mul_ln101_7_reg_5255  |   32   |
|   mul_ln101_8_reg_5260  |   32   |
|   mul_ln101_9_reg_5265  |   32   |
|    mul_ln101_reg_5220   |   32   |
|      p_038_reg_5080     |   512  |
|   tmp_45_read_reg_5086  |   35   |
|   trunc_ln101_reg_5200  |   32   |
|  trunc_ln93_10_reg_5175 |   32   |
|  trunc_ln93_11_reg_5180 |   32   |
|  trunc_ln93_12_reg_5185 |   32   |
|  trunc_ln93_13_reg_5190 |   32   |
|  trunc_ln93_14_reg_5195 |   32   |
|  trunc_ln93_1_reg_5125  |   32   |
|  trunc_ln93_2_reg_5130  |   32   |
|  trunc_ln93_3_reg_5135  |   32   |
|  trunc_ln93_4_reg_5140  |   32   |
|  trunc_ln93_5_reg_5145  |   32   |
|  trunc_ln93_6_reg_5150  |   32   |
|  trunc_ln93_7_reg_5155  |   32   |
|  trunc_ln93_8_reg_5160  |   32   |
|  trunc_ln93_9_reg_5165  |   32   |
|   trunc_ln93_reg_5120   |   32   |
|  trunc_ln93_s_reg_5170  |   32   |
|   trunc_ln96_reg_5099   |    4   |
+-------------------------+--------+
|          Total          |  10363 |
+-------------------------+--------+

* Multiplexer (MUX) list: 
|--------|------|------|------|--------|
|  Comp  |  Pin | Size |  BW  | S x BW |
|--------|------|------|------|--------|
|  Total |      |      |      |    0   |
|--------|------|------|------|--------|



* Summary:
+-----------+--------+--------+--------+
|           |   DSP  |   FF   |   LUT  |
+-----------+--------+--------+--------+
|  Function |   48   |    0   |  4325  |
|   Memory  |    -   |    -   |    -   |
|Multiplexer|    -   |    -   |    -   |
|  Register |    -   |  10363 |    -   |
+-----------+--------+--------+--------+
|   Total   |   48   |  10363 |  4325  |
+-----------+--------+--------+--------+
