

================================================================
== Vitis HLS Report for 'MM'
================================================================
* Date:           Sat Apr 11 16:48:33 2026

* Version:        2025.1 (Build 6135595 on May 21 2025)
* Project:        baseline_blockedMM
* Solution:       hls (Vivado IP Flow Target)
* Product family: zynq
* Target device:  xc7z020-clg400-1


================================================================
== Performance Estimates
================================================================
+ Timing: 
    * Summary: 
    +--------+----------+----------+------------+
    |  Clock |  Target  | Estimated| Uncertainty|
    +--------+----------+----------+------------+
    |ap_clk  |  10.00 ns|  7.300 ns|     2.70 ns|
    +--------+----------+----------+------------+

+ Latency: 
    * Summary: 
    +------------+------------+------------+------------+------------+------------+---------+
    |     Latency (cycles)    |    Latency (absolute)   |         Interval        | Pipeline|
    |     min    |     max    |     min    |     max    |     min    |     max    |   Type  |
    +------------+------------+------------+------------+------------+------------+---------+
    |  1819105409|  1819105409|  18.191 sec|  18.191 sec|  1819105410|  1819105410|       no|
    +------------+------------+------------+------------+------------+------------+---------+

    + Detail: 
        * Instance: 
        N/A

        * Loop: 
        +---------------------------------------+------------+------------+----------+-----------+-----------+------+----------+
        |                                       |     Latency (cycles)    | Iteration|  Initiation Interval  | Trip |          |
        |               Loop Name               |     min    |     max    |  Latency |  achieved |   target  | Count| Pipelined|
        +---------------------------------------+------------+------------+----------+-----------+-----------+------+----------+
        |- VITIS_LOOP_35_1                      |  1819105408|  1819105408|  28423522|          -|          -|    64|        no|
        | + VITIS_LOOP_38_2                     |    28423520|    28423520|   3552940|          -|          -|     8|        no|
        |  ++ VITIS_LOOP_43_3_VITIS_LOOP_45_4   |         258|         258|         3|          1|          1|   256|       yes|
        |  ++ VITIS_LOOP_51_5                   |     3552402|     3552402|     72498|          -|          -|    49|        no|
        |   +++ VITIS_LOOP_54_6                 |       72496|       72496|      4531|          -|          -|    16|        no|
        |    ++++ VITIS_LOOP_56_7               |        4528|        4528|       283|          -|          -|    16|        no|
        |     +++++ VITIS_LOOP_60_8             |         272|         272|        17|          -|          -|    16|        no|
        |  ++ VITIS_LOOP_70_9_VITIS_LOOP_72_10  |         266|         266|        12|          1|          1|   256|       yes|
        +---------------------------------------+------------+------------+----------+-----------+-----------+------+----------+

============================================================
+ Verbose Summary: Synthesis Manager
============================================================
InlineROM: 1
ExposeGlobal: 0
============================================================
+ Verbose Summary: CDFG Model
============================================================
IsTopModel: 1
ResetActiveHigh: 1
IsCombinational: 0
IsDatapathOnly: 0
HasWiredReturn: 1
HasMFsm: 2
HasVarLatency: 1
IsPipeline: 0
IsRtlPipelined: 0
IsInstanceOverlapped: 0
IsDontTouch: 0
HasImplIP: 0
IsGatedGlobalClock: 0

+ Individual pipeline summary: 
  * Pipeline-0: initiation interval (II) = 1, depth = 3
  * Pipeline-1: initiation interval (II) = 1, depth = 12


============================================================
+ Verbose Summary: Schedule
============================================================
* Number of FSM states : 58
* Pipeline : 2
  Pipeline-0 : II = 1, D = 3, States = { 12 13 14 }
  Pipeline-1 : II = 1, D = 12, States = { 46 47 48 49 50 51 52 53 54 55 56 57 }
* Dataflow Pipeline: 0

* FSM state transitions: 
1 --> 2 
2 --> 3 
3 --> 4 2 
4 --> 5 
5 --> 6 
6 --> 7 
7 --> 8 
8 --> 9 
9 --> 10 
10 --> 11 
11 --> 12 
12 --> 13 
13 --> 14 
14 --> 15 12 
15 --> 16 
16 --> 17 46 
17 --> 18 16 
18 --> 19 
19 --> 20 17 
20 --> 21 
21 --> 22 
22 --> 23 
23 --> 24 
24 --> 25 
25 --> 26 
26 --> 27 
27 --> 28 
28 --> 29 
29 --> 30 19 
30 --> 31 
31 --> 32 
32 --> 33 
33 --> 34 
34 --> 35 
35 --> 36 
36 --> 37 
37 --> 38 
38 --> 39 
39 --> 40 
40 --> 41 
41 --> 42 
42 --> 43 
43 --> 44 
44 --> 45 
45 --> 29 
46 --> 58 47 
47 --> 48 
48 --> 49 
49 --> 50 
50 --> 51 
51 --> 52 
52 --> 53 
53 --> 54 
54 --> 55 
55 --> 56 
56 --> 57 
57 --> 46 
58 --> 3 

* FSM state operations: 

State 1 <SV = 0> <Delay = 6.82>
ST_1 : Operation 59 [1/1] (0.00ns)   --->   "%phi_mul19 = alloca i32 1"   --->   Operation 59 'alloca' 'phi_mul19' <Predicate = true> <Delay = 0.00>
ST_1 : Operation 60 [1/1] (0.00ns)   --->   "%ib = alloca i32 1" [../MLP_baseline/mm.cpp:35]   --->   Operation 60 'alloca' 'ib' <Predicate = true> <Delay = 0.00>
ST_1 : Operation 61 [1/1] (0.00ns)   --->   "%spectopmodule_ln7 = spectopmodule void @_ssdm_op_SpecTopModule, void @empty_15" [../MLP_baseline/mm.cpp:7]   --->   Operation 61 'spectopmodule' 'spectopmodule_ln7' <Predicate = true> <Delay = 0.00>
ST_1 : Operation 62 [1/1] (0.00ns)   --->   "%specinterface_ln0 = specinterface void @_ssdm_op_SpecInterface, i32 %gmem, void @empty, i32 0, i32 0, void @empty_0, i32 0, i32 802816, void @empty_1, void @empty_2, void @empty_0, i32 16, i32 16, i32 16, i32 16, void @empty_0, void @empty_0, i32 4294967295, i32 0, i32 0"   --->   Operation 62 'specinterface' 'specinterface_ln0' <Predicate = true> <Delay = 0.00>
ST_1 : Operation 63 [1/1] (0.00ns)   --->   "%specbitsmap_ln0 = specbitsmap void @_ssdm_op_SpecBitsMap, i32 %gmem"   --->   Operation 63 'specbitsmap' 'specbitsmap_ln0' <Predicate = true> <Delay = 0.00>
ST_1 : Operation 64 [1/1] (0.00ns)   --->   "%specinterface_ln0 = specinterface void @_ssdm_op_SpecInterface, i64 %A, void @empty_3, i32 4294967295, i32 4294967295, void @empty_4, i32 0, i32 0, void @empty_5, void @empty_6, void @empty_0, i32 0, i32 0, i32 0, i32 0, void @empty_0, void @empty_7, i32 4294967295, i32 0, i32 0"   --->   Operation 64 'specinterface' 'specinterface_ln0' <Predicate = true> <Delay = 0.00>
ST_1 : Operation 65 [1/1] (0.00ns)   --->   "%specinterface_ln0 = specinterface void @_ssdm_op_SpecInterface, i64 %A, void @empty_8, i32 4294967295, i32 4294967295, void @empty_0, i32 0, i32 0, void @empty_0, void @empty_0, void @empty_0, i32 0, i32 0, i32 0, i32 0, void @empty_0, void @empty_7, i32 4294967295, i32 0, i32 0"   --->   Operation 65 'specinterface' 'specinterface_ln0' <Predicate = true> <Delay = 0.00>
ST_1 : Operation 66 [1/1] (0.00ns)   --->   "%specinterface_ln0 = specinterface void @_ssdm_op_SpecInterface, i64 %B, void @empty_3, i32 4294967295, i32 4294967295, void @empty_4, i32 0, i32 0, void @empty_5, void @empty_9, void @empty_0, i32 0, i32 0, i32 0, i32 0, void @empty_0, void @empty_7, i32 4294967295, i32 0, i32 0"   --->   Operation 66 'specinterface' 'specinterface_ln0' <Predicate = true> <Delay = 0.00>
ST_1 : Operation 67 [1/1] (0.00ns)   --->   "%specinterface_ln0 = specinterface void @_ssdm_op_SpecInterface, i64 %B, void @empty_8, i32 4294967295, i32 4294967295, void @empty_0, i32 0, i32 0, void @empty_0, void @empty_0, void @empty_0, i32 0, i32 0, i32 0, i32 0, void @empty_0, void @empty_7, i32 4294967295, i32 0, i32 0"   --->   Operation 67 'specinterface' 'specinterface_ln0' <Predicate = true> <Delay = 0.00>
ST_1 : Operation 68 [1/1] (0.00ns)   --->   "%specinterface_ln0 = specinterface void @_ssdm_op_SpecInterface, i64 %C, void @empty_3, i32 4294967295, i32 4294967295, void @empty_4, i32 0, i32 0, void @empty_5, void @empty_10, void @empty_0, i32 0, i32 0, i32 0, i32 0, void @empty_0, void @empty_7, i32 4294967295, i32 0, i32 0"   --->   Operation 68 'specinterface' 'specinterface_ln0' <Predicate = true> <Delay = 0.00>
ST_1 : Operation 69 [1/1] (0.00ns)   --->   "%specinterface_ln0 = specinterface void @_ssdm_op_SpecInterface, i64 %C, void @empty_8, i32 4294967295, i32 4294967295, void @empty_0, i32 0, i32 0, void @empty_0, void @empty_0, void @empty_0, i32 0, i32 0, i32 0, i32 0, void @empty_0, void @empty_7, i32 4294967295, i32 0, i32 0"   --->   Operation 69 'specinterface' 'specinterface_ln0' <Predicate = true> <Delay = 0.00>
ST_1 : Operation 70 [1/1] (0.00ns)   --->   "%specinterface_ln0 = specinterface void @_ssdm_op_SpecInterface, i64 %ABC, void @empty_3, i32 4294967295, i32 4294967295, void @empty_4, i32 0, i32 0, void @empty_5, void @empty_11, void @empty_0, i32 0, i32 0, i32 0, i32 0, void @empty_0, void @empty_7, i32 4294967295, i32 0, i32 0"   --->   Operation 70 'specinterface' 'specinterface_ln0' <Predicate = true> <Delay = 0.00>
ST_1 : Operation 71 [1/1] (0.00ns)   --->   "%specinterface_ln0 = specinterface void @_ssdm_op_SpecInterface, i64 %ABC, void @empty_8, i32 4294967295, i32 4294967295, void @empty_0, i32 0, i32 0, void @empty_0, void @empty_0, void @empty_0, i32 0, i32 0, i32 0, i32 0, void @empty_0, void @empty_7, i32 4294967295, i32 0, i32 0"   --->   Operation 71 'specinterface' 'specinterface_ln0' <Predicate = true> <Delay = 0.00>
ST_1 : Operation 72 [1/1] (0.00ns)   --->   "%specbitsmap_ln0 = specbitsmap void @_ssdm_op_SpecBitsMap, i32 %N"   --->   Operation 72 'specbitsmap' 'specbitsmap_ln0' <Predicate = true> <Delay = 0.00>
ST_1 : Operation 73 [1/1] (0.00ns)   --->   "%specinterface_ln0 = specinterface void @_ssdm_op_SpecInterface, i32 %N, void @empty_3, i32 4294967295, i32 4294967295, void @empty_4, i32 0, i32 0, void @empty_5, void @empty_12, void @empty_0, i32 0, i32 0, i32 0, i32 0, void @empty_0, void @empty_0, i32 4294967295, i32 0, i32 0"   --->   Operation 73 'specinterface' 'specinterface_ln0' <Predicate = true> <Delay = 0.00>
ST_1 : Operation 74 [1/1] (0.00ns)   --->   "%specinterface_ln0 = specinterface void @_ssdm_op_SpecInterface, i32 %N, void @empty_8, i32 4294967295, i32 4294967295, void @empty_0, i32 0, i32 0, void @empty_0, void @empty_0, void @empty_0, i32 0, i32 0, i32 0, i32 0, void @empty_0, void @empty_0, i32 4294967295, i32 0, i32 0"   --->   Operation 74 'specinterface' 'specinterface_ln0' <Predicate = true> <Delay = 0.00>
ST_1 : Operation 75 [1/1] (0.00ns)   --->   "%specbitsmap_ln0 = specbitsmap void @_ssdm_op_SpecBitsMap, i32 %M"   --->   Operation 75 'specbitsmap' 'specbitsmap_ln0' <Predicate = true> <Delay = 0.00>
ST_1 : Operation 76 [1/1] (0.00ns)   --->   "%specinterface_ln0 = specinterface void @_ssdm_op_SpecInterface, i32 %M, void @empty_3, i32 4294967295, i32 4294967295, void @empty_4, i32 0, i32 0, void @empty_5, void @empty_13, void @empty_0, i32 0, i32 0, i32 0, i32 0, void @empty_0, void @empty_0, i32 4294967295, i32 0, i32 0"   --->   Operation 76 'specinterface' 'specinterface_ln0' <Predicate = true> <Delay = 0.00>
ST_1 : Operation 77 [1/1] (0.00ns)   --->   "%specinterface_ln0 = specinterface void @_ssdm_op_SpecInterface, i32 %M, void @empty_8, i32 4294967295, i32 4294967295, void @empty_0, i32 0, i32 0, void @empty_0, void @empty_0, void @empty_0, i32 0, i32 0, i32 0, i32 0, void @empty_0, void @empty_0, i32 4294967295, i32 0, i32 0"   --->   Operation 77 'specinterface' 'specinterface_ln0' <Predicate = true> <Delay = 0.00>
ST_1 : Operation 78 [1/1] (0.00ns)   --->   "%specbitsmap_ln0 = specbitsmap void @_ssdm_op_SpecBitsMap, i32 %P"   --->   Operation 78 'specbitsmap' 'specbitsmap_ln0' <Predicate = true> <Delay = 0.00>
ST_1 : Operation 79 [1/1] (0.00ns)   --->   "%specinterface_ln0 = specinterface void @_ssdm_op_SpecInterface, i32 %P, void @empty_3, i32 4294967295, i32 4294967295, void @empty_4, i32 0, i32 0, void @empty_5, void @empty_14, void @empty_0, i32 0, i32 0, i32 0, i32 0, void @empty_0, void @empty_0, i32 4294967295, i32 0, i32 0"   --->   Operation 79 'specinterface' 'specinterface_ln0' <Predicate = true> <Delay = 0.00>
ST_1 : Operation 80 [1/1] (0.00ns)   --->   "%specinterface_ln0 = specinterface void @_ssdm_op_SpecInterface, i32 %P, void @empty_8, i32 4294967295, i32 4294967295, void @empty_0, i32 0, i32 0, void @empty_0, void @empty_0, void @empty_0, i32 0, i32 0, i32 0, i32 0, void @empty_0, void @empty_0, i32 4294967295, i32 0, i32 0"   --->   Operation 80 'specinterface' 'specinterface_ln0' <Predicate = true> <Delay = 0.00>
ST_1 : Operation 81 [1/1] (0.00ns)   --->   "%specinterface_ln0 = specinterface void @_ssdm_op_SpecInterface, i32 0, void @empty_3, i32 0, i32 0, void @empty_0, i32 0, i32 0, void @empty_5, void @empty_0, void @empty_0, i32 0, i32 0, i32 0, i32 0, void @empty_0, void @empty_0, i32 4294967295, i32 0, i32 0"   --->   Operation 81 'specinterface' 'specinterface_ln0' <Predicate = true> <Delay = 0.00>
ST_1 : Operation 82 [1/1] (1.00ns)   --->   "%P_read = read i32 @_ssdm_op_Read.s_axilite.i32, i32 %P"   --->   Operation 82 'read' 'P_read' <Predicate = true> <Delay = 1.00> <CoreInst = "s_axilite">   --->   Core 112 's_axilite' <Latency = 0> <II = 1> <Delay = 1.00> <Adapter> <Opcode : 'read' 'write'>
ST_1 : Operation 83 [1/1] (1.00ns)   --->   "%M_read = read i32 @_ssdm_op_Read.s_axilite.i32, i32 %M"   --->   Operation 83 'read' 'M_read' <Predicate = true> <Delay = 1.00> <CoreInst = "s_axilite">   --->   Core 112 's_axilite' <Latency = 0> <II = 1> <Delay = 1.00> <Adapter> <Opcode : 'read' 'write'>
ST_1 : Operation 84 [1/1] (1.00ns)   --->   "%N_read = read i32 @_ssdm_op_Read.s_axilite.i32, i32 %N"   --->   Operation 84 'read' 'N_read' <Predicate = true> <Delay = 1.00> <CoreInst = "s_axilite">   --->   Core 112 's_axilite' <Latency = 0> <II = 1> <Delay = 1.00> <Adapter> <Opcode : 'read' 'write'>
ST_1 : Operation 85 [1/1] (1.00ns)   --->   "%ABC_read = read i64 @_ssdm_op_Read.s_axilite.i64, i64 %ABC"   --->   Operation 85 'read' 'ABC_read' <Predicate = true> <Delay = 1.00> <CoreInst = "s_axilite">   --->   Core 112 's_axilite' <Latency = 0> <II = 1> <Delay = 1.00> <Adapter> <Opcode : 'read' 'write'>
ST_1 : Operation 86 [1/1] (1.00ns)   --->   "%C_read = read i64 @_ssdm_op_Read.s_axilite.i64, i64 %C"   --->   Operation 86 'read' 'C_read' <Predicate = true> <Delay = 1.00> <CoreInst = "s_axilite">   --->   Core 112 's_axilite' <Latency = 0> <II = 1> <Delay = 1.00> <Adapter> <Opcode : 'read' 'write'>
ST_1 : Operation 87 [1/1] (1.00ns)   --->   "%B_read = read i64 @_ssdm_op_Read.s_axilite.i64, i64 %B"   --->   Operation 87 'read' 'B_read' <Predicate = true> <Delay = 1.00> <CoreInst = "s_axilite">   --->   Core 112 's_axilite' <Latency = 0> <II = 1> <Delay = 1.00> <Adapter> <Opcode : 'read' 'write'>
ST_1 : Operation 88 [1/1] (1.00ns)   --->   "%A_read = read i64 @_ssdm_op_Read.s_axilite.i64, i64 %A"   --->   Operation 88 'read' 'A_read' <Predicate = true> <Delay = 1.00> <CoreInst = "s_axilite">   --->   Core 112 's_axilite' <Latency = 0> <II = 1> <Delay = 1.00> <Adapter> <Opcode : 'read' 'write'>
ST_1 : Operation 89 [1/1] (3.25ns)   --->   "%AB_block = alloca i64 1" [../MLP_baseline/mm.cpp:33]   --->   Operation 89 'alloca' 'AB_block' <Predicate = true> <Delay = 3.25> <CoreInst = "RAM">   --->   Core 81 'RAM' <Latency = 1> <II = 1> <Delay = 3.25> <Storage> <Opcode : 'load' 'store'> <Ports = 2> <Width = 32> <Depth = 256> <RAM>
ST_1 : Operation 90 [1/1] (0.00ns)   --->   "%tmp_17 = bitselect i1 @_ssdm_op_BitSelect.i1.i32.i32, i32 %N_read, i32 31"   --->   Operation 90 'bitselect' 'tmp_17' <Predicate = true> <Delay = 0.00>
ST_1 : Operation 91 [1/1] (2.55ns)   --->   "%p_neg9 = sub i32 0, i32 %N_read"   --->   Operation 91 'sub' 'p_neg9' <Predicate = true> <Delay = 2.55> <CoreInst = "Adder">   --->   Core 1 'Adder' <Latency = 0> <II = 1> <Delay = 2.55> <FuncUnit> <Opcode : 'add' 'sub'> <InPorts = 2> <OutPorts = 1>
ST_1 : Operation 92 [1/1] (0.00ns)   --->   "%tmp_1 = partselect i28 @_ssdm_op_PartSelect.i28.i32.i32.i32, i32 %p_neg9, i32 4, i32 31"   --->   Operation 92 'partselect' 'tmp_1' <Predicate = true> <Delay = 0.00>
ST_1 : Operation 93 [1/1] (2.43ns)   --->   "%p_neg_t11 = sub i28 0, i28 %tmp_1"   --->   Operation 93 'sub' 'p_neg_t11' <Predicate = true> <Delay = 2.43> <CoreInst = "Adder">   --->   Core 1 'Adder' <Latency = 0> <II = 1> <Delay = 2.43> <FuncUnit> <Opcode : 'add' 'sub'> <InPorts = 2> <OutPorts = 1>
ST_1 : Operation 94 [1/1] (0.00ns)   --->   "%tmp_2 = partselect i28 @_ssdm_op_PartSelect.i28.i32.i32.i32, i32 %N_read, i32 4, i32 31"   --->   Operation 94 'partselect' 'tmp_2' <Predicate = true> <Delay = 0.00>
ST_1 : Operation 95 [1/1] (0.83ns)   --->   "%div = select i1 %tmp_17, i28 %p_neg_t11, i28 %tmp_2"   --->   Operation 95 'select' 'div' <Predicate = true> <Delay = 0.83> <CoreInst = "Sel">   --->   Core 73 'Sel' <Latency = 0> <II = 1> <Delay = 0.83> <FuncUnit> <Opcode : 'select'> <InPorts = 3> <OutPorts = 1>
ST_1 : Operation 96 [1/1] (0.00ns)   --->   "%tmp_18 = bitselect i1 @_ssdm_op_BitSelect.i1.i32.i32, i32 %P_read, i32 31"   --->   Operation 96 'bitselect' 'tmp_18' <Predicate = true> <Delay = 0.00>
ST_1 : Operation 97 [1/1] (2.55ns)   --->   "%p_neg3 = sub i32 0, i32 %P_read"   --->   Operation 97 'sub' 'p_neg3' <Predicate = true> <Delay = 2.55> <CoreInst = "Adder">   --->   Core 1 'Adder' <Latency = 0> <II = 1> <Delay = 2.55> <FuncUnit> <Opcode : 'add' 'sub'> <InPorts = 2> <OutPorts = 1>
ST_1 : Operation 98 [1/1] (0.00ns)   --->   "%tmp_3 = partselect i28 @_ssdm_op_PartSelect.i28.i32.i32.i32, i32 %p_neg3, i32 4, i32 31"   --->   Operation 98 'partselect' 'tmp_3' <Predicate = true> <Delay = 0.00>
ST_1 : Operation 99 [1/1] (2.43ns)   --->   "%p_neg_t5 = sub i28 0, i28 %tmp_3"   --->   Operation 99 'sub' 'p_neg_t5' <Predicate = true> <Delay = 2.43> <CoreInst = "Adder">   --->   Core 1 'Adder' <Latency = 0> <II = 1> <Delay = 2.43> <FuncUnit> <Opcode : 'add' 'sub'> <InPorts = 2> <OutPorts = 1>
ST_1 : Operation 100 [1/1] (0.00ns)   --->   "%tmp_4 = partselect i28 @_ssdm_op_PartSelect.i28.i32.i32.i32, i32 %P_read, i32 4, i32 31"   --->   Operation 100 'partselect' 'tmp_4' <Predicate = true> <Delay = 0.00>
ST_1 : Operation 101 [1/1] (0.83ns)   --->   "%div2 = select i1 %tmp_18, i28 %p_neg_t5, i28 %tmp_4"   --->   Operation 101 'select' 'div2' <Predicate = true> <Delay = 0.83> <CoreInst = "Sel">   --->   Core 73 'Sel' <Latency = 0> <II = 1> <Delay = 0.83> <FuncUnit> <Opcode : 'select'> <InPorts = 3> <OutPorts = 1>
ST_1 : Operation 102 [1/1] (0.00ns)   --->   "%tmp_19 = bitselect i1 @_ssdm_op_BitSelect.i1.i32.i32, i32 %M_read, i32 31"   --->   Operation 102 'bitselect' 'tmp_19' <Predicate = true> <Delay = 0.00>
ST_1 : Operation 103 [1/1] (2.55ns)   --->   "%p_neg = sub i32 0, i32 %M_read"   --->   Operation 103 'sub' 'p_neg' <Predicate = true> <Delay = 2.55> <CoreInst = "Adder">   --->   Core 1 'Adder' <Latency = 0> <II = 1> <Delay = 2.55> <FuncUnit> <Opcode : 'add' 'sub'> <InPorts = 2> <OutPorts = 1>
ST_1 : Operation 104 [1/1] (0.00ns)   --->   "%tmp_5 = partselect i28 @_ssdm_op_PartSelect.i28.i32.i32.i32, i32 %p_neg, i32 4, i32 31"   --->   Operation 104 'partselect' 'tmp_5' <Predicate = true> <Delay = 0.00>
ST_1 : Operation 105 [1/1] (2.43ns)   --->   "%p_neg_t = sub i28 0, i28 %tmp_5"   --->   Operation 105 'sub' 'p_neg_t' <Predicate = true> <Delay = 2.43> <CoreInst = "Adder">   --->   Core 1 'Adder' <Latency = 0> <II = 1> <Delay = 2.43> <FuncUnit> <Opcode : 'add' 'sub'> <InPorts = 2> <OutPorts = 1>
ST_1 : Operation 106 [1/1] (0.00ns)   --->   "%tmp_6 = partselect i28 @_ssdm_op_PartSelect.i28.i32.i32.i32, i32 %M_read, i32 4, i32 31"   --->   Operation 106 'partselect' 'tmp_6' <Predicate = true> <Delay = 0.00>
ST_1 : Operation 107 [1/1] (0.83ns)   --->   "%div22 = select i1 %tmp_19, i28 %p_neg_t, i28 %tmp_6"   --->   Operation 107 'select' 'div22' <Predicate = true> <Delay = 0.83> <CoreInst = "Sel">   --->   Core 73 'Sel' <Latency = 0> <II = 1> <Delay = 0.83> <FuncUnit> <Opcode : 'select'> <InPorts = 3> <OutPorts = 1>
ST_1 : Operation 108 [1/1] (0.00ns)   --->   "%sext_ln35 = sext i32 %M_read" [../MLP_baseline/mm.cpp:35]   --->   Operation 108 'sext' 'sext_ln35' <Predicate = true> <Delay = 0.00>
ST_1 : Operation 109 [1/1] (0.00ns)   --->   "%sext_ln35_1 = sext i32 %P_read" [../MLP_baseline/mm.cpp:35]   --->   Operation 109 'sext' 'sext_ln35_1' <Predicate = true> <Delay = 0.00>
ST_1 : Operation 110 [1/1] (0.00ns)   --->   "%sext_ln35_3 = sext i32 %P_read" [../MLP_baseline/mm.cpp:35]   --->   Operation 110 'sext' 'sext_ln35_3' <Predicate = true> <Delay = 0.00>
ST_1 : Operation 111 [1/1] (0.00ns)   --->   "%sext_ln35_2 = sext i32 %P_read" [../MLP_baseline/mm.cpp:35]   --->   Operation 111 'sext' 'sext_ln35_2' <Predicate = true> <Delay = 0.00>
ST_1 : Operation 112 [1/1] (1.58ns)   --->   "%store_ln35 = store i27 0, i27 %ib" [../MLP_baseline/mm.cpp:35]   --->   Operation 112 'store' 'store_ln35' <Predicate = true> <Delay = 1.58>
ST_1 : Operation 113 [1/1] (1.58ns)   --->   "%store_ln0 = store i58 0, i58 %phi_mul19"   --->   Operation 113 'store' 'store_ln0' <Predicate = true> <Delay = 1.58>
ST_1 : Operation 114 [1/1] (0.00ns)   --->   "%br_ln35 = br void %VITIS_LOOP_38_2" [../MLP_baseline/mm.cpp:35]   --->   Operation 114 'br' 'br_ln35' <Predicate = true> <Delay = 0.00>

State 2 <SV = 1> <Delay = 4.02>
ST_2 : Operation 115 [1/1] (0.00ns)   --->   "%phi_mul19_load = load i58 %phi_mul19" [../MLP_baseline/mm.cpp:35]   --->   Operation 115 'load' 'phi_mul19_load' <Predicate = true> <Delay = 0.00>
ST_2 : Operation 116 [1/1] (0.00ns)   --->   "%ib_1 = load i27 %ib" [../MLP_baseline/mm.cpp:35]   --->   Operation 116 'load' 'ib_1' <Predicate = true> <Delay = 0.00>
ST_2 : Operation 117 [1/1] (3.36ns)   --->   "%add_ln35_1 = add i58 %phi_mul19_load, i58 %sext_ln35_2" [../MLP_baseline/mm.cpp:35]   --->   Operation 117 'add' 'add_ln35_1' <Predicate = true> <Delay = 3.36> <CoreInst = "Adder">   --->   Core 1 'Adder' <Latency = 0> <II = 1> <Delay = 3.36> <FuncUnit> <Opcode : 'add' 'sub'> <InPorts = 2> <OutPorts = 1>
ST_2 : Operation 118 [1/1] (0.00ns)   --->   "%zext_ln35 = zext i27 %ib_1" [../MLP_baseline/mm.cpp:35]   --->   Operation 118 'zext' 'zext_ln35' <Predicate = true> <Delay = 0.00>
ST_2 : Operation 119 [1/1] (2.43ns)   --->   "%icmp_ln35 = icmp_slt  i28 %zext_ln35, i28 %div" [../MLP_baseline/mm.cpp:35]   --->   Operation 119 'icmp' 'icmp_ln35' <Predicate = true> <Delay = 2.43> <CoreInst = "Cmp">   --->   Core 9 'Cmp' <Latency = 0> <II = 1> <Delay = 2.43> <FuncUnit> <Opcode : 'seteq' 'setne' 'setle' 'setge' 'setlt' 'setgt'> <InPorts = 2> <OutPorts = 1>
ST_2 : Operation 120 [1/1] (2.40ns)   --->   "%add_ln35 = add i27 %ib_1, i27 1" [../MLP_baseline/mm.cpp:35]   --->   Operation 120 'add' 'add_ln35' <Predicate = true> <Delay = 2.40> <CoreInst = "Adder">   --->   Core 1 'Adder' <Latency = 0> <II = 1> <Delay = 2.40> <FuncUnit> <Opcode : 'add' 'sub'> <InPorts = 2> <OutPorts = 1>
ST_2 : Operation 121 [1/1] (0.00ns)   --->   "%br_ln35 = br i1 %icmp_ln35, void %for.end107, void %VITIS_LOOP_38_2.split" [../MLP_baseline/mm.cpp:35]   --->   Operation 121 'br' 'br_ln35' <Predicate = true> <Delay = 0.00>
ST_2 : Operation 122 [1/1] (0.00ns)   --->   "%specpipeline_ln37 = specpipeline void @_ssdm_op_SpecPipeline, i32 0, i32 0, i32 1, i32 0, void @empty_0" [../MLP_baseline/mm.cpp:37]   --->   Operation 122 'specpipeline' 'specpipeline_ln37' <Predicate = (icmp_ln35)> <Delay = 0.00>
ST_2 : Operation 123 [1/1] (0.00ns)   --->   "%speclooptripcount_ln36 = speclooptripcount void @_ssdm_op_SpecLoopTripCount, i64 64, i64 64, i64 64" [../MLP_baseline/mm.cpp:36]   --->   Operation 123 'speclooptripcount' 'speclooptripcount_ln36' <Predicate = (icmp_ln35)> <Delay = 0.00>
ST_2 : Operation 124 [1/1] (0.00ns)   --->   "%specloopname_ln35 = specloopname void @_ssdm_op_SpecLoopName, void @empty_21" [../MLP_baseline/mm.cpp:35]   --->   Operation 124 'specloopname' 'specloopname_ln35' <Predicate = (icmp_ln35)> <Delay = 0.00>
ST_2 : Operation 125 [1/1] (0.00ns)   --->   "%tmp_7 = bitconcatenate i62 @_ssdm_op_BitConcatenate.i62.i58.i4, i58 %phi_mul19_load, i4 0" [../MLP_baseline/mm.cpp:35]   --->   Operation 125 'bitconcatenate' 'tmp_7' <Predicate = (icmp_ln35)> <Delay = 0.00>
ST_2 : Operation 126 [1/1] (0.00ns)   --->   "%tmp_8 = bitconcatenate i33 @_ssdm_op_BitConcatenate.i33.i27.i6, i27 %ib_1, i6 0" [../MLP_baseline/mm.cpp:35]   --->   Operation 126 'bitconcatenate' 'tmp_8' <Predicate = (icmp_ln35)> <Delay = 0.00>
ST_2 : Operation 127 [1/1] (0.00ns)   --->   "%p_cast16 = zext i33 %tmp_8" [../MLP_baseline/mm.cpp:35]   --->   Operation 127 'zext' 'p_cast16' <Predicate = (icmp_ln35)> <Delay = 0.00>
ST_2 : Operation 128 [1/1] (3.52ns)   --->   "%empty = add i64 %p_cast16, i64 %C_read" [../MLP_baseline/mm.cpp:35]   --->   Operation 128 'add' 'empty' <Predicate = (icmp_ln35)> <Delay = 3.52> <CoreInst = "Adder">   --->   Core 1 'Adder' <Latency = 0> <II = 1> <Delay = 3.52> <FuncUnit> <Opcode : 'add' 'sub'> <InPorts = 2> <OutPorts = 1>
ST_2 : Operation 129 [1/1] (0.00ns)   --->   "%tmp_9 = bitconcatenate i31 @_ssdm_op_BitConcatenate.i31.i27.i4, i27 %ib_1, i4 0" [../MLP_baseline/mm.cpp:35]   --->   Operation 129 'bitconcatenate' 'tmp_9' <Predicate = (icmp_ln35)> <Delay = 0.00>
ST_2 : Operation 130 [1/1] (0.00ns)   --->   "%tmp_9_cast = zext i31 %tmp_9" [../MLP_baseline/mm.cpp:35]   --->   Operation 130 'zext' 'tmp_9_cast' <Predicate = (icmp_ln35)> <Delay = 0.00>
ST_2 : Operation 131 [1/1] (0.00ns)   --->   "%p_cast6 = partselect i62 @_ssdm_op_PartSelect.i62.i64.i32.i32, i64 %empty, i32 2, i32 63" [../MLP_baseline/mm.cpp:35]   --->   Operation 131 'partselect' 'p_cast6' <Predicate = (icmp_ln35)> <Delay = 0.00>
ST_2 : Operation 132 [1/1] (0.00ns)   --->   "%p_cast6_cast = sext i62 %p_cast6" [../MLP_baseline/mm.cpp:35]   --->   Operation 132 'sext' 'p_cast6_cast' <Predicate = (icmp_ln35)> <Delay = 0.00>
ST_2 : Operation 133 [1/1] (0.00ns)   --->   "%gmem_addr = getelementptr i32 %gmem, i64 %p_cast6_cast" [../MLP_baseline/mm.cpp:35]   --->   Operation 133 'getelementptr' 'gmem_addr' <Predicate = (icmp_ln35)> <Delay = 0.00>
ST_2 : Operation 134 [1/1] (1.58ns)   --->   "%br_ln38 = br void %VITIS_LOOP_43_3" [../MLP_baseline/mm.cpp:38]   --->   Operation 134 'br' 'br_ln38' <Predicate = (icmp_ln35)> <Delay = 1.58>
ST_2 : Operation 135 [1/1] (0.00ns)   --->   "%ret_ln78 = ret" [../MLP_baseline/mm.cpp:78]   --->   Operation 135 'ret' 'ret_ln78' <Predicate = (!icmp_ln35)> <Delay = 0.00>

State 3 <SV = 2> <Delay = 4.02>
ST_3 : Operation 136 [1/1] (0.00ns)   --->   "%jb = phi i27 0, void %VITIS_LOOP_38_2.split, i27 %add_ln38, void %for.inc102" [../MLP_baseline/mm.cpp:38]   --->   Operation 136 'phi' 'jb' <Predicate = true> <Delay = 0.00>
ST_3 : Operation 137 [1/1] (0.00ns)   --->   "%zext_ln38 = zext i27 %jb" [../MLP_baseline/mm.cpp:38]   --->   Operation 137 'zext' 'zext_ln38' <Predicate = true> <Delay = 0.00>
ST_3 : Operation 138 [1/1] (2.43ns)   --->   "%icmp_ln38 = icmp_slt  i28 %zext_ln38, i28 %div2" [../MLP_baseline/mm.cpp:38]   --->   Operation 138 'icmp' 'icmp_ln38' <Predicate = true> <Delay = 2.43> <CoreInst = "Cmp">   --->   Core 9 'Cmp' <Latency = 0> <II = 1> <Delay = 2.43> <FuncUnit> <Opcode : 'seteq' 'setne' 'setle' 'setge' 'setlt' 'setgt'> <InPorts = 2> <OutPorts = 1>
ST_3 : Operation 139 [1/1] (2.40ns)   --->   "%add_ln38 = add i27 %jb, i27 1" [../MLP_baseline/mm.cpp:38]   --->   Operation 139 'add' 'add_ln38' <Predicate = true> <Delay = 2.40> <CoreInst = "Adder">   --->   Core 1 'Adder' <Latency = 0> <II = 1> <Delay = 2.40> <FuncUnit> <Opcode : 'add' 'sub'> <InPorts = 2> <OutPorts = 1>
ST_3 : Operation 140 [1/1] (0.00ns)   --->   "%br_ln38 = br i1 %icmp_ln38, void %for.inc105, void %VITIS_LOOP_43_3.split" [../MLP_baseline/mm.cpp:38]   --->   Operation 140 'br' 'br_ln38' <Predicate = true> <Delay = 0.00>
ST_3 : Operation 141 [1/1] (1.58ns)   --->   "%store_ln35 = store i27 %add_ln35, i27 %ib" [../MLP_baseline/mm.cpp:35]   --->   Operation 141 'store' 'store_ln35' <Predicate = (!icmp_ln38)> <Delay = 1.58>
ST_3 : Operation 142 [1/1] (1.58ns)   --->   "%store_ln35 = store i58 %add_ln35_1, i58 %phi_mul19" [../MLP_baseline/mm.cpp:35]   --->   Operation 142 'store' 'store_ln35' <Predicate = (!icmp_ln38)> <Delay = 1.58>
ST_3 : Operation 143 [1/1] (0.00ns)   --->   "%br_ln35 = br void %VITIS_LOOP_38_2" [../MLP_baseline/mm.cpp:35]   --->   Operation 143 'br' 'br_ln35' <Predicate = (!icmp_ln38)> <Delay = 0.00>

State 4 <SV = 3> <Delay = 7.30>
ST_4 : Operation 144 [8/8] (7.30ns)   --->   "%empty_48 = readreq i1 @_ssdm_op_ReadReq.m_axi.p1i32, i32 %gmem_addr, i64 16" [../MLP_baseline/mm.cpp:43]   --->   Operation 144 'readreq' 'empty_48' <Predicate = true> <Delay = 7.30> <CoreInst = "m_axi">   --->   Core 111 'm_axi' <Latency = 6> <II = 1> <Delay = 1.00> <Adapter> <Opcode : 'read' 'write' 'readreq' 'writereq' 'writeresp'>

State 5 <SV = 4> <Delay = 7.30>
ST_5 : Operation 145 [7/8] (7.30ns)   --->   "%empty_48 = readreq i1 @_ssdm_op_ReadReq.m_axi.p1i32, i32 %gmem_addr, i64 16" [../MLP_baseline/mm.cpp:43]   --->   Operation 145 'readreq' 'empty_48' <Predicate = true> <Delay = 7.30> <CoreInst = "m_axi">   --->   Core 111 'm_axi' <Latency = 6> <II = 1> <Delay = 1.00> <Adapter> <Opcode : 'read' 'write' 'readreq' 'writereq' 'writeresp'>

State 6 <SV = 5> <Delay = 7.30>
ST_6 : Operation 146 [6/8] (7.30ns)   --->   "%empty_48 = readreq i1 @_ssdm_op_ReadReq.m_axi.p1i32, i32 %gmem_addr, i64 16" [../MLP_baseline/mm.cpp:43]   --->   Operation 146 'readreq' 'empty_48' <Predicate = true> <Delay = 7.30> <CoreInst = "m_axi">   --->   Core 111 'm_axi' <Latency = 6> <II = 1> <Delay = 1.00> <Adapter> <Opcode : 'read' 'write' 'readreq' 'writereq' 'writeresp'>

State 7 <SV = 6> <Delay = 7.30>
ST_7 : Operation 147 [5/8] (7.30ns)   --->   "%empty_48 = readreq i1 @_ssdm_op_ReadReq.m_axi.p1i32, i32 %gmem_addr, i64 16" [../MLP_baseline/mm.cpp:43]   --->   Operation 147 'readreq' 'empty_48' <Predicate = true> <Delay = 7.30> <CoreInst = "m_axi">   --->   Core 111 'm_axi' <Latency = 6> <II = 1> <Delay = 1.00> <Adapter> <Opcode : 'read' 'write' 'readreq' 'writereq' 'writeresp'>

State 8 <SV = 7> <Delay = 7.30>
ST_8 : Operation 148 [4/8] (7.30ns)   --->   "%empty_48 = readreq i1 @_ssdm_op_ReadReq.m_axi.p1i32, i32 %gmem_addr, i64 16" [../MLP_baseline/mm.cpp:43]   --->   Operation 148 'readreq' 'empty_48' <Predicate = true> <Delay = 7.30> <CoreInst = "m_axi">   --->   Core 111 'm_axi' <Latency = 6> <II = 1> <Delay = 1.00> <Adapter> <Opcode : 'read' 'write' 'readreq' 'writereq' 'writeresp'>

State 9 <SV = 8> <Delay = 7.30>
ST_9 : Operation 149 [3/8] (7.30ns)   --->   "%empty_48 = readreq i1 @_ssdm_op_ReadReq.m_axi.p1i32, i32 %gmem_addr, i64 16" [../MLP_baseline/mm.cpp:43]   --->   Operation 149 'readreq' 'empty_48' <Predicate = true> <Delay = 7.30> <CoreInst = "m_axi">   --->   Core 111 'm_axi' <Latency = 6> <II = 1> <Delay = 1.00> <Adapter> <Opcode : 'read' 'write' 'readreq' 'writereq' 'writeresp'>

State 10 <SV = 9> <Delay = 7.30>
ST_10 : Operation 150 [2/8] (7.30ns)   --->   "%empty_48 = readreq i1 @_ssdm_op_ReadReq.m_axi.p1i32, i32 %gmem_addr, i64 16" [../MLP_baseline/mm.cpp:43]   --->   Operation 150 'readreq' 'empty_48' <Predicate = true> <Delay = 7.30> <CoreInst = "m_axi">   --->   Core 111 'm_axi' <Latency = 6> <II = 1> <Delay = 1.00> <Adapter> <Opcode : 'read' 'write' 'readreq' 'writereq' 'writeresp'>

State 11 <SV = 10> <Delay = 7.30>
ST_11 : Operation 151 [1/1] (0.00ns)   --->   "%specpipeline_ln40 = specpipeline void @_ssdm_op_SpecPipeline, i32 0, i32 0, i32 1, i32 0, void @empty_0" [../MLP_baseline/mm.cpp:40]   --->   Operation 151 'specpipeline' 'specpipeline_ln40' <Predicate = true> <Delay = 0.00>
ST_11 : Operation 152 [1/1] (0.00ns)   --->   "%speclooptripcount_ln39 = speclooptripcount void @_ssdm_op_SpecLoopTripCount, i64 8, i64 8, i64 8" [../MLP_baseline/mm.cpp:39]   --->   Operation 152 'speclooptripcount' 'speclooptripcount_ln39' <Predicate = true> <Delay = 0.00>
ST_11 : Operation 153 [1/1] (0.00ns)   --->   "%specloopname_ln38 = specloopname void @_ssdm_op_SpecLoopName, void @empty_20" [../MLP_baseline/mm.cpp:38]   --->   Operation 153 'specloopname' 'specloopname_ln38' <Predicate = true> <Delay = 0.00>
ST_11 : Operation 154 [1/8] (7.30ns)   --->   "%empty_48 = readreq i1 @_ssdm_op_ReadReq.m_axi.p1i32, i32 %gmem_addr, i64 16" [../MLP_baseline/mm.cpp:43]   --->   Operation 154 'readreq' 'empty_48' <Predicate = true> <Delay = 7.30> <CoreInst = "m_axi">   --->   Core 111 'm_axi' <Latency = 6> <II = 1> <Delay = 1.00> <Adapter> <Opcode : 'read' 'write' 'readreq' 'writereq' 'writeresp'>
ST_11 : Operation 155 [1/1] (1.58ns)   --->   "%br_ln43 = br void %for.inc" [../MLP_baseline/mm.cpp:43]   --->   Operation 155 'br' 'br_ln43' <Predicate = true> <Delay = 1.58>

State 12 <SV = 11> <Delay = 4.77>
ST_12 : Operation 156 [1/1] (0.00ns)   --->   "%indvar_flatten = phi i9 0, void %VITIS_LOOP_43_3.split, i9 %add_ln43_1, void %for.inc.split" [../MLP_baseline/mm.cpp:43]   --->   Operation 156 'phi' 'indvar_flatten' <Predicate = true> <Delay = 0.00>
ST_12 : Operation 157 [1/1] (0.00ns)   --->   "%j = phi i5 0, void %VITIS_LOOP_43_3.split, i5 %add_ln45, void %for.inc.split" [../MLP_baseline/mm.cpp:45]   --->   Operation 157 'phi' 'j' <Predicate = true> <Delay = 0.00>
ST_12 : Operation 158 [1/1] (1.82ns)   --->   "%icmp_ln43 = icmp_eq  i9 %indvar_flatten, i9 256" [../MLP_baseline/mm.cpp:43]   --->   Operation 158 'icmp' 'icmp_ln43' <Predicate = true> <Delay = 1.82> <CoreInst = "Cmp">   --->   Core 9 'Cmp' <Latency = 0> <II = 1> <Delay = 1.82> <FuncUnit> <Opcode : 'seteq' 'setne' 'setle' 'setge' 'setlt' 'setgt'> <InPorts = 2> <OutPorts = 1>
ST_12 : Operation 159 [1/1] (1.82ns)   --->   "%add_ln43_1 = add i9 %indvar_flatten, i9 1" [../MLP_baseline/mm.cpp:43]   --->   Operation 159 'add' 'add_ln43_1' <Predicate = true> <Delay = 1.82> <CoreInst = "Adder">   --->   Core 1 'Adder' <Latency = 0> <II = 1> <Delay = 1.82> <FuncUnit> <Opcode : 'add' 'sub'> <InPorts = 2> <OutPorts = 1>
ST_12 : Operation 160 [1/1] (0.00ns)   --->   "%br_ln43 = br i1 %icmp_ln43, void %for.inc18, void %VITIS_LOOP_51_5" [../MLP_baseline/mm.cpp:43]   --->   Operation 160 'br' 'br_ln43' <Predicate = true> <Delay = 0.00>
ST_12 : Operation 161 [1/1] (1.78ns)   --->   "%icmp_ln45 = icmp_eq  i5 %j, i5 16" [../MLP_baseline/mm.cpp:45]   --->   Operation 161 'icmp' 'icmp_ln45' <Predicate = (!icmp_ln43)> <Delay = 1.78> <CoreInst = "Cmp">   --->   Core 9 'Cmp' <Latency = 0> <II = 1> <Delay = 1.78> <FuncUnit> <Opcode : 'seteq' 'setne' 'setle' 'setge' 'setlt' 'setgt'> <InPorts = 2> <OutPorts = 1>
ST_12 : Operation 162 [1/1] (1.21ns)   --->   "%select_ln44 = select i1 %icmp_ln45, i5 0, i5 %j" [../MLP_baseline/mm.cpp:44]   --->   Operation 162 'select' 'select_ln44' <Predicate = (!icmp_ln43)> <Delay = 1.21> <CoreInst = "Sel">   --->   Core 73 'Sel' <Latency = 0> <II = 1> <Delay = 1.21> <FuncUnit> <Opcode : 'select'> <InPorts = 3> <OutPorts = 1>
ST_12 : Operation 163 [1/1] (1.78ns)   --->   "%first_iter_0 = icmp_eq  i5 %select_ln44, i5 0" [../MLP_baseline/mm.cpp:44]   --->   Operation 163 'icmp' 'first_iter_0' <Predicate = (!icmp_ln43)> <Delay = 1.78> <CoreInst = "Cmp">   --->   Core 9 'Cmp' <Latency = 0> <II = 1> <Delay = 1.78> <FuncUnit> <Opcode : 'seteq' 'setne' 'setle' 'setge' 'setlt' 'setgt'> <InPorts = 2> <OutPorts = 1>
ST_12 : Operation 164 [1/1] (1.78ns)   --->   "%add_ln45 = add i5 %select_ln44, i5 1" [../MLP_baseline/mm.cpp:45]   --->   Operation 164 'add' 'add_ln45' <Predicate = (!icmp_ln43)> <Delay = 1.78> <CoreInst = "Adder">   --->   Core 1 'Adder' <Latency = 0> <II = 1> <Delay = 1.78> <FuncUnit> <Opcode : 'add' 'sub'> <InPorts = 2> <OutPorts = 1>

State 13 <SV = 12> <Delay = 7.30>
ST_13 : Operation 165 [1/1] (0.00ns)   --->   "%i = phi i5 0, void %VITIS_LOOP_43_3.split, i5 %select_ln43, void %for.inc.split" [../MLP_baseline/mm.cpp:43]   --->   Operation 165 'phi' 'i' <Predicate = true> <Delay = 0.00>
ST_13 : Operation 166 [1/1] (1.78ns)   --->   "%add_ln43 = add i5 %i, i5 1" [../MLP_baseline/mm.cpp:43]   --->   Operation 166 'add' 'add_ln43' <Predicate = (!icmp_ln43 & icmp_ln45)> <Delay = 1.78> <CoreInst = "Adder">   --->   Core 1 'Adder' <Latency = 0> <II = 1> <Delay = 1.78> <FuncUnit> <Opcode : 'add' 'sub'> <InPorts = 2> <OutPorts = 1>
ST_13 : Operation 167 [1/1] (1.21ns)   --->   "%select_ln43 = select i1 %icmp_ln45, i5 %add_ln43, i5 %i" [../MLP_baseline/mm.cpp:43]   --->   Operation 167 'select' 'select_ln43' <Predicate = (!icmp_ln43)> <Delay = 1.21> <CoreInst = "Sel">   --->   Core 73 'Sel' <Latency = 0> <II = 1> <Delay = 1.21> <FuncUnit> <Opcode : 'select'> <InPorts = 3> <OutPorts = 1>
ST_13 : Operation 168 [1/1] (0.00ns)   --->   "%empty_49 = trunc i5 %select_ln43" [../MLP_baseline/mm.cpp:43]   --->   Operation 168 'trunc' 'empty_49' <Predicate = (!icmp_ln43)> <Delay = 0.00>
ST_13 : Operation 169 [1/1] (7.30ns)   --->   "%gmem_addr_read = read i32 @_ssdm_op_Read.m_axi.p1i32, i32 %gmem_addr" [../MLP_baseline/mm.cpp:35]   --->   Operation 169 'read' 'gmem_addr_read' <Predicate = (!icmp_ln43 & first_iter_0)> <Delay = 7.30> <CoreInst = "m_axi">   --->   Core 111 'm_axi' <Latency = 3> <II = 1> <Delay = 1.00> <Adapter> <Opcode : 'read' 'write' 'readreq' 'writereq' 'writeresp'>
ST_13 : Operation 170 [1/1] (0.00ns)   --->   "%tmp_s = bitconcatenate i8 @_ssdm_op_BitConcatenate.i8.i4.i4, i4 %empty_49, i4 0" [../MLP_baseline/mm.cpp:46]   --->   Operation 170 'bitconcatenate' 'tmp_s' <Predicate = (!icmp_ln43)> <Delay = 0.00>
ST_13 : Operation 171 [1/1] (0.00ns)   --->   "%zext_ln46 = zext i5 %select_ln44" [../MLP_baseline/mm.cpp:46]   --->   Operation 171 'zext' 'zext_ln46' <Predicate = (!icmp_ln43)> <Delay = 0.00>
ST_13 : Operation 172 [1/1] (1.91ns)   --->   "%add_ln46 = add i8 %tmp_s, i8 %zext_ln46" [../MLP_baseline/mm.cpp:46]   --->   Operation 172 'add' 'add_ln46' <Predicate = (!icmp_ln43)> <Delay = 1.91> <CoreInst = "Adder">   --->   Core 1 'Adder' <Latency = 0> <II = 1> <Delay = 1.91> <FuncUnit> <Opcode : 'add' 'sub'> <InPorts = 2> <OutPorts = 1>

State 14 <SV = 13> <Delay = 4.84>
ST_14 : Operation 173 [1/1] (0.00ns)   --->   "%gmem_addr_read1 = phi i32 0, void %VITIS_LOOP_43_3.split, i32 %gmem_addr_read2, void %for.inc.split" [../MLP_baseline/mm.cpp:35]   --->   Operation 173 'phi' 'gmem_addr_read1' <Predicate = true> <Delay = 0.00>
ST_14 : Operation 174 [1/1] (0.00ns)   --->   "%specpipeline_ln44 = specpipeline void @_ssdm_op_SpecPipeline, i32 0, i32 0, i32 1, i32 0, void @empty_0" [../MLP_baseline/mm.cpp:44]   --->   Operation 174 'specpipeline' 'specpipeline_ln44' <Predicate = true> <Delay = 0.00>
ST_14 : Operation 175 [1/1] (0.00ns)   --->   "%specpipeline_ln44 = specpipeline void @_ssdm_op_SpecPipeline, i32 0, i32 0, i32 1, i32 0, void @empty_0" [../MLP_baseline/mm.cpp:44]   --->   Operation 175 'specpipeline' 'specpipeline_ln44' <Predicate = (!icmp_ln43)> <Delay = 0.00>
ST_14 : Operation 176 [1/1] (0.00ns)   --->   "%specloopname_ln0 = specloopname void @_ssdm_op_SpecLoopName, void @VITIS_LOOP_43_3_VITIS_LOOP_45_4_str"   --->   Operation 176 'specloopname' 'specloopname_ln0' <Predicate = (!icmp_ln43)> <Delay = 0.00>
ST_14 : Operation 177 [1/1] (0.00ns)   --->   "%speclooptripcount_ln0 = speclooptripcount void @_ssdm_op_SpecLoopTripCount, i64 256, i64 256, i64 256"   --->   Operation 177 'speclooptripcount' 'speclooptripcount_ln0' <Predicate = (!icmp_ln43)> <Delay = 0.00>
ST_14 : Operation 178 [1/1] (0.00ns)   --->   "%specpipeline_ln44 = specpipeline void @_ssdm_op_SpecPipeline, i32 0, i32 0, i32 1, i32 0, void @empty_0" [../MLP_baseline/mm.cpp:44]   --->   Operation 178 'specpipeline' 'specpipeline_ln44' <Predicate = (!icmp_ln43)> <Delay = 0.00>
ST_14 : Operation 179 [1/1] (1.58ns)   --->   "%br_ln45 = br i1 %first_iter_0, void %for.inc.split, void %for.first.iter.for.inc" [../MLP_baseline/mm.cpp:45]   --->   Operation 179 'br' 'br_ln45' <Predicate = (!icmp_ln43)> <Delay = 1.58>
ST_14 : Operation 180 [1/1] (1.58ns)   --->   "%br_ln45 = br void %for.inc.split" [../MLP_baseline/mm.cpp:45]   --->   Operation 180 'br' 'br_ln45' <Predicate = (!icmp_ln43 & first_iter_0)> <Delay = 1.58>
ST_14 : Operation 181 [1/1] (0.00ns)   --->   "%gmem_addr_read2 = phi i32 %gmem_addr_read1, void %for.inc18, i32 %gmem_addr_read, void %for.first.iter.for.inc" [../MLP_baseline/mm.cpp:35]   --->   Operation 181 'phi' 'gmem_addr_read2' <Predicate = (!icmp_ln43)> <Delay = 0.00>
ST_14 : Operation 182 [1/1] (0.00ns)   --->   "%zext_ln46_1 = zext i8 %add_ln46" [../MLP_baseline/mm.cpp:46]   --->   Operation 182 'zext' 'zext_ln46_1' <Predicate = (!icmp_ln43)> <Delay = 0.00>
ST_14 : Operation 183 [1/1] (0.00ns)   --->   "%AB_block_addr = getelementptr i32 %AB_block, i64 0, i64 %zext_ln46_1" [../MLP_baseline/mm.cpp:46]   --->   Operation 183 'getelementptr' 'AB_block_addr' <Predicate = (!icmp_ln43)> <Delay = 0.00>
ST_14 : Operation 184 [1/1] (0.00ns)   --->   "%specpipeline_ln45 = specpipeline void @_ssdm_op_SpecPipeline, i32 4294967295, i32 0, i32 0, i32 0, void @empty_0" [../MLP_baseline/mm.cpp:45]   --->   Operation 184 'specpipeline' 'specpipeline_ln45' <Predicate = (!icmp_ln43)> <Delay = 0.00>
ST_14 : Operation 185 [1/1] ( I:3.25ns O:3.25ns )   --->   "%store_ln46 = store i32 %gmem_addr_read2, i8 %AB_block_addr" [../MLP_baseline/mm.cpp:46]   --->   Operation 185 'store' 'store_ln46' <Predicate = (!icmp_ln43)> <Delay = 3.25> <CoreInst = "RAM">   --->   Core 81 'RAM' <Latency = 1> <II = 1> <Delay = 3.25> <Storage> <Opcode : 'load' 'store'> <Ports = 2> <Width = 32> <Depth = 256> <RAM>
ST_14 : Operation 186 [1/1] (0.00ns)   --->   "%br_ln45 = br void %for.inc" [../MLP_baseline/mm.cpp:45]   --->   Operation 186 'br' 'br_ln45' <Predicate = (!icmp_ln43)> <Delay = 0.00>

State 15 <SV = 14> <Delay = 1.58>
ST_15 : Operation 187 [1/1] (0.00ns)   --->   "%shl_ln = bitconcatenate i31 @_ssdm_op_BitConcatenate.i31.i27.i4, i27 %jb, i4 0" [../MLP_baseline/mm.cpp:43]   --->   Operation 187 'bitconcatenate' 'shl_ln' <Predicate = true> <Delay = 0.00>
ST_15 : Operation 188 [1/1] (0.00ns)   --->   "%zext_ln51 = zext i31 %shl_ln" [../MLP_baseline/mm.cpp:51]   --->   Operation 188 'zext' 'zext_ln51' <Predicate = true> <Delay = 0.00>
ST_15 : Operation 189 [1/1] (0.00ns)   --->   "%zext_ln51_1 = zext i31 %shl_ln" [../MLP_baseline/mm.cpp:51]   --->   Operation 189 'zext' 'zext_ln51_1' <Predicate = true> <Delay = 0.00>
ST_15 : Operation 190 [1/1] (1.58ns)   --->   "%br_ln51 = br void %VITIS_LOOP_54_6" [../MLP_baseline/mm.cpp:51]   --->   Operation 190 'br' 'br_ln51' <Predicate = true> <Delay = 1.58>

State 16 <SV = 15> <Delay = 4.02>
ST_16 : Operation 191 [1/1] (0.00ns)   --->   "%kb = phi i27 0, void %VITIS_LOOP_51_5, i27 %add_ln51, void %for.inc71" [../MLP_baseline/mm.cpp:51]   --->   Operation 191 'phi' 'kb' <Predicate = true> <Delay = 0.00>
ST_16 : Operation 192 [1/1] (0.00ns)   --->   "%phi_mul14 = phi i58 0, void %VITIS_LOOP_51_5, i58 %add_ln51_1, void %for.inc71" [../MLP_baseline/mm.cpp:51]   --->   Operation 192 'phi' 'phi_mul14' <Predicate = true> <Delay = 0.00>
ST_16 : Operation 193 [1/1] (3.36ns)   --->   "%add_ln51_1 = add i58 %phi_mul14, i58 %sext_ln35_2" [../MLP_baseline/mm.cpp:51]   --->   Operation 193 'add' 'add_ln51_1' <Predicate = true> <Delay = 3.36> <CoreInst = "Adder">   --->   Core 1 'Adder' <Latency = 0> <II = 1> <Delay = 3.36> <FuncUnit> <Opcode : 'add' 'sub'> <InPorts = 2> <OutPorts = 1>
ST_16 : Operation 194 [1/1] (0.00ns)   --->   "%zext_ln51_2 = zext i27 %kb" [../MLP_baseline/mm.cpp:51]   --->   Operation 194 'zext' 'zext_ln51_2' <Predicate = true> <Delay = 0.00>
ST_16 : Operation 195 [1/1] (2.43ns)   --->   "%icmp_ln51 = icmp_slt  i28 %zext_ln51_2, i28 %div22" [../MLP_baseline/mm.cpp:51]   --->   Operation 195 'icmp' 'icmp_ln51' <Predicate = true> <Delay = 2.43> <CoreInst = "Cmp">   --->   Core 9 'Cmp' <Latency = 0> <II = 1> <Delay = 2.43> <FuncUnit> <Opcode : 'seteq' 'setne' 'setle' 'setge' 'setlt' 'setgt'> <InPorts = 2> <OutPorts = 1>
ST_16 : Operation 196 [1/1] (2.40ns)   --->   "%add_ln51 = add i27 %kb, i27 1" [../MLP_baseline/mm.cpp:51]   --->   Operation 196 'add' 'add_ln51' <Predicate = true> <Delay = 2.40> <CoreInst = "Adder">   --->   Core 1 'Adder' <Latency = 0> <II = 1> <Delay = 2.40> <FuncUnit> <Opcode : 'add' 'sub'> <InPorts = 2> <OutPorts = 1>
ST_16 : Operation 197 [1/1] (0.00ns)   --->   "%br_ln51 = br i1 %icmp_ln51, void %for.inc96.preheader, void %VITIS_LOOP_54_6.split" [../MLP_baseline/mm.cpp:51]   --->   Operation 197 'br' 'br_ln51' <Predicate = true> <Delay = 0.00>
ST_16 : Operation 198 [1/1] (0.00ns)   --->   "%specpipeline_ln53 = specpipeline void @_ssdm_op_SpecPipeline, i32 0, i32 0, i32 1, i32 0, void @empty_0" [../MLP_baseline/mm.cpp:53]   --->   Operation 198 'specpipeline' 'specpipeline_ln53' <Predicate = (icmp_ln51)> <Delay = 0.00>
ST_16 : Operation 199 [1/1] (0.00ns)   --->   "%speclooptripcount_ln52 = speclooptripcount void @_ssdm_op_SpecLoopTripCount, i64 49, i64 49, i64 49" [../MLP_baseline/mm.cpp:52]   --->   Operation 199 'speclooptripcount' 'speclooptripcount_ln52' <Predicate = (icmp_ln51)> <Delay = 0.00>
ST_16 : Operation 200 [1/1] (0.00ns)   --->   "%specloopname_ln51 = specloopname void @_ssdm_op_SpecLoopName, void @empty_19" [../MLP_baseline/mm.cpp:51]   --->   Operation 200 'specloopname' 'specloopname_ln51' <Predicate = (icmp_ln51)> <Delay = 0.00>
ST_16 : Operation 201 [1/1] (0.00ns)   --->   "%tmp_10 = bitconcatenate i62 @_ssdm_op_BitConcatenate.i62.i58.i4, i58 %phi_mul14, i4 0" [../MLP_baseline/mm.cpp:51]   --->   Operation 201 'bitconcatenate' 'tmp_10' <Predicate = (icmp_ln51)> <Delay = 0.00>
ST_16 : Operation 202 [1/1] (0.00ns)   --->   "%tmp_11 = bitconcatenate i31 @_ssdm_op_BitConcatenate.i31.i27.i4, i27 %kb, i4 0" [../MLP_baseline/mm.cpp:51]   --->   Operation 202 'bitconcatenate' 'tmp_11' <Predicate = (icmp_ln51)> <Delay = 0.00>
ST_16 : Operation 203 [1/1] (0.00ns)   --->   "%zext_ln54 = zext i31 %tmp_11" [../MLP_baseline/mm.cpp:54]   --->   Operation 203 'zext' 'zext_ln54' <Predicate = (icmp_ln51)> <Delay = 0.00>
ST_16 : Operation 204 [1/1] (1.58ns)   --->   "%br_ln54 = br void %VITIS_LOOP_56_7" [../MLP_baseline/mm.cpp:54]   --->   Operation 204 'br' 'br_ln54' <Predicate = (icmp_ln51)> <Delay = 1.58>
ST_16 : Operation 205 [1/1] (1.58ns)   --->   "%br_ln71 = br void %for.inc96" [../MLP_baseline/mm.cpp:71]   --->   Operation 205 'br' 'br_ln71' <Predicate = (!icmp_ln51)> <Delay = 1.58>

State 17 <SV = 16> <Delay = 6.18>
ST_17 : Operation 206 [1/1] (0.00ns)   --->   "%k = phi i5 0, void %VITIS_LOOP_54_6.split, i5 %add_ln54, void %for.inc68" [../MLP_baseline/mm.cpp:54]   --->   Operation 206 'phi' 'k' <Predicate = true> <Delay = 0.00>
ST_17 : Operation 207 [1/1] (0.00ns)   --->   "%phi_mul = phi i36 0, void %VITIS_LOOP_54_6.split, i36 %add_ln54_1, void %for.inc68" [../MLP_baseline/mm.cpp:54]   --->   Operation 207 'phi' 'phi_mul' <Predicate = true> <Delay = 0.00>
ST_17 : Operation 208 [1/1] (2.71ns)   --->   "%add_ln54_1 = add i36 %phi_mul, i36 %sext_ln35_3" [../MLP_baseline/mm.cpp:54]   --->   Operation 208 'add' 'add_ln54_1' <Predicate = true> <Delay = 2.71> <CoreInst = "Adder">   --->   Core 1 'Adder' <Latency = 0> <II = 1> <Delay = 2.71> <FuncUnit> <Opcode : 'add' 'sub'> <InPorts = 2> <OutPorts = 1>
ST_17 : Operation 209 [1/1] (1.78ns)   --->   "%icmp_ln54 = icmp_eq  i5 %k, i5 16" [../MLP_baseline/mm.cpp:54]   --->   Operation 209 'icmp' 'icmp_ln54' <Predicate = true> <Delay = 1.78> <CoreInst = "Cmp">   --->   Core 9 'Cmp' <Latency = 0> <II = 1> <Delay = 1.78> <FuncUnit> <Opcode : 'seteq' 'setne' 'setle' 'setge' 'setlt' 'setgt'> <InPorts = 2> <OutPorts = 1>
ST_17 : Operation 210 [1/1] (1.78ns)   --->   "%add_ln54 = add i5 %k, i5 1" [../MLP_baseline/mm.cpp:54]   --->   Operation 210 'add' 'add_ln54' <Predicate = true> <Delay = 1.78> <CoreInst = "Adder">   --->   Core 1 'Adder' <Latency = 0> <II = 1> <Delay = 1.78> <FuncUnit> <Opcode : 'add' 'sub'> <InPorts = 2> <OutPorts = 1>
ST_17 : Operation 211 [1/1] (0.00ns)   --->   "%br_ln54 = br i1 %icmp_ln54, void %VITIS_LOOP_56_7.split, void %for.inc71" [../MLP_baseline/mm.cpp:54]   --->   Operation 211 'br' 'br_ln54' <Predicate = true> <Delay = 0.00>
ST_17 : Operation 212 [1/1] (2.71ns)   --->   "%tmp = add i36 %zext_ln51_1, i36 %phi_mul" [../MLP_baseline/mm.cpp:51]   --->   Operation 212 'add' 'tmp' <Predicate = (!icmp_ln54)> <Delay = 2.71> <CoreInst = "Adder">   --->   Core 1 'Adder' <Latency = 0> <II = 1> <Delay = 2.71> <FuncUnit> <Opcode : 'add' 'sub'> <InPorts = 2> <OutPorts = 1>
ST_17 : Operation 213 [1/1] (0.00ns)   --->   "%tmp_cast = sext i36 %tmp" [../MLP_baseline/mm.cpp:51]   --->   Operation 213 'sext' 'tmp_cast' <Predicate = (!icmp_ln54)> <Delay = 0.00>
ST_17 : Operation 214 [1/1] (3.46ns)   --->   "%empty_50 = add i62 %tmp_cast, i62 %tmp_10" [../MLP_baseline/mm.cpp:51]   --->   Operation 214 'add' 'empty_50' <Predicate = (!icmp_ln54)> <Delay = 3.46> <CoreInst = "Adder">   --->   Core 1 'Adder' <Latency = 0> <II = 1> <Delay = 3.46> <FuncUnit> <Opcode : 'add' 'sub'> <InPorts = 2> <OutPorts = 1>
ST_17 : Operation 215 [1/1] (0.00ns)   --->   "%br_ln51 = br void %VITIS_LOOP_54_6" [../MLP_baseline/mm.cpp:51]   --->   Operation 215 'br' 'br_ln51' <Predicate = (icmp_ln54)> <Delay = 0.00>

State 18 <SV = 17> <Delay = 3.52>
ST_18 : Operation 216 [1/1] (0.00ns)   --->   "%zext_ln54_1 = zext i5 %k" [../MLP_baseline/mm.cpp:54]   --->   Operation 216 'zext' 'zext_ln54_1' <Predicate = true> <Delay = 0.00>
ST_18 : Operation 217 [1/1] (0.00ns)   --->   "%specpipeline_ln55 = specpipeline void @_ssdm_op_SpecPipeline, i32 0, i32 0, i32 1, i32 0, void @empty_0" [../MLP_baseline/mm.cpp:55]   --->   Operation 217 'specpipeline' 'specpipeline_ln55' <Predicate = true> <Delay = 0.00>
ST_18 : Operation 218 [1/1] (0.00ns)   --->   "%speclooptripcount_ln54 = speclooptripcount void @_ssdm_op_SpecLoopTripCount, i64 16, i64 16, i64 16" [../MLP_baseline/mm.cpp:54]   --->   Operation 218 'speclooptripcount' 'speclooptripcount_ln54' <Predicate = true> <Delay = 0.00>
ST_18 : Operation 219 [1/1] (0.00ns)   --->   "%specloopname_ln54 = specloopname void @_ssdm_op_SpecLoopName, void @empty_18" [../MLP_baseline/mm.cpp:54]   --->   Operation 219 'specloopname' 'specloopname_ln54' <Predicate = true> <Delay = 0.00>
ST_18 : Operation 220 [1/1] (0.00ns)   --->   "%tmp_12 = bitconcatenate i64 @_ssdm_op_BitConcatenate.i64.i62.i2, i62 %empty_50, i2 0" [../MLP_baseline/mm.cpp:51]   --->   Operation 220 'bitconcatenate' 'tmp_12' <Predicate = true> <Delay = 0.00>
ST_18 : Operation 221 [1/1] (3.52ns)   --->   "%empty_51 = add i64 %tmp_12, i64 %B_read" [../MLP_baseline/mm.cpp:51]   --->   Operation 221 'add' 'empty_51' <Predicate = true> <Delay = 3.52> <CoreInst = "Adder">   --->   Core 1 'Adder' <Latency = 0> <II = 1> <Delay = 3.52> <FuncUnit> <Opcode : 'add' 'sub'> <InPorts = 2> <OutPorts = 1>
ST_18 : Operation 222 [1/1] (0.00ns)   --->   "%trunc_ln = partselect i62 @_ssdm_op_PartSelect.i62.i64.i32.i32, i64 %empty_51, i32 2, i32 63" [../MLP_baseline/mm.cpp:56]   --->   Operation 222 'partselect' 'trunc_ln' <Predicate = true> <Delay = 0.00>
ST_18 : Operation 223 [1/1] (0.00ns)   --->   "%sext_ln56 = sext i62 %trunc_ln" [../MLP_baseline/mm.cpp:56]   --->   Operation 223 'sext' 'sext_ln56' <Predicate = true> <Delay = 0.00>
ST_18 : Operation 224 [1/1] (1.58ns)   --->   "%br_ln56 = br void %VITIS_LOOP_60_8" [../MLP_baseline/mm.cpp:56]   --->   Operation 224 'br' 'br_ln56' <Predicate = true> <Delay = 1.58>

State 19 <SV = 18> <Delay = 3.46>
ST_19 : Operation 225 [1/1] (0.00ns)   --->   "%j_1 = phi i5 0, void %VITIS_LOOP_56_7.split, i5 %add_ln56, void %for.inc65" [../MLP_baseline/mm.cpp:56]   --->   Operation 225 'phi' 'j_1' <Predicate = true> <Delay = 0.00>
ST_19 : Operation 226 [1/1] (1.78ns)   --->   "%icmp_ln56 = icmp_eq  i5 %j_1, i5 16" [../MLP_baseline/mm.cpp:56]   --->   Operation 226 'icmp' 'icmp_ln56' <Predicate = true> <Delay = 1.78> <CoreInst = "Cmp">   --->   Core 9 'Cmp' <Latency = 0> <II = 1> <Delay = 1.78> <FuncUnit> <Opcode : 'seteq' 'setne' 'setle' 'setge' 'setlt' 'setgt'> <InPorts = 2> <OutPorts = 1>
ST_19 : Operation 227 [1/1] (1.78ns)   --->   "%add_ln56 = add i5 %j_1, i5 1" [../MLP_baseline/mm.cpp:56]   --->   Operation 227 'add' 'add_ln56' <Predicate = true> <Delay = 1.78> <CoreInst = "Adder">   --->   Core 1 'Adder' <Latency = 0> <II = 1> <Delay = 1.78> <FuncUnit> <Opcode : 'add' 'sub'> <InPorts = 2> <OutPorts = 1>
ST_19 : Operation 228 [1/1] (0.00ns)   --->   "%br_ln56 = br i1 %icmp_ln56, void %VITIS_LOOP_60_8.split, void %for.inc68" [../MLP_baseline/mm.cpp:56]   --->   Operation 228 'br' 'br_ln56' <Predicate = true> <Delay = 0.00>
ST_19 : Operation 229 [1/1] (0.00ns)   --->   "%zext_ln56_1 = zext i5 %j_1" [../MLP_baseline/mm.cpp:56]   --->   Operation 229 'zext' 'zext_ln56_1' <Predicate = (!icmp_ln56)> <Delay = 0.00>
ST_19 : Operation 230 [1/1] (3.46ns)   --->   "%add_ln58 = add i63 %zext_ln56_1, i63 %sext_ln56" [../MLP_baseline/mm.cpp:58]   --->   Operation 230 'add' 'add_ln58' <Predicate = (!icmp_ln56)> <Delay = 3.46> <CoreInst = "Adder">   --->   Core 1 'Adder' <Latency = 0> <II = 1> <Delay = 3.46> <FuncUnit> <Opcode : 'add' 'sub'> <InPorts = 2> <OutPorts = 1>
ST_19 : Operation 231 [1/1] (0.00ns)   --->   "%sext_ln58 = sext i63 %add_ln58" [../MLP_baseline/mm.cpp:58]   --->   Operation 231 'sext' 'sext_ln58' <Predicate = (!icmp_ln56)> <Delay = 0.00>
ST_19 : Operation 232 [1/1] (0.00ns)   --->   "%gmem_addr_2 = getelementptr i32 %gmem, i64 %sext_ln58" [../MLP_baseline/mm.cpp:58]   --->   Operation 232 'getelementptr' 'gmem_addr_2' <Predicate = (!icmp_ln56)> <Delay = 0.00>
ST_19 : Operation 233 [1/1] (0.00ns)   --->   "%br_ln54 = br void %VITIS_LOOP_56_7" [../MLP_baseline/mm.cpp:54]   --->   Operation 233 'br' 'br_ln54' <Predicate = (icmp_ln56)> <Delay = 0.00>

State 20 <SV = 19> <Delay = 7.30>
ST_20 : Operation 234 [8/8] (7.30ns)   --->   "%Btemp_req = readreq i1 @_ssdm_op_ReadReq.m_axi.i32P1A, i32 %gmem_addr_2, i64 1" [../MLP_baseline/mm.cpp:58]   --->   Operation 234 'readreq' 'Btemp_req' <Predicate = true> <Delay = 7.30> <CoreInst = "m_axi">   --->   Core 111 'm_axi' <Latency = 6> <II = 1> <Delay = 1.00> <Adapter> <Opcode : 'read' 'write' 'readreq' 'writereq' 'writeresp'>

State 21 <SV = 20> <Delay = 7.30>
ST_21 : Operation 235 [7/8] (7.30ns)   --->   "%Btemp_req = readreq i1 @_ssdm_op_ReadReq.m_axi.i32P1A, i32 %gmem_addr_2, i64 1" [../MLP_baseline/mm.cpp:58]   --->   Operation 235 'readreq' 'Btemp_req' <Predicate = true> <Delay = 7.30> <CoreInst = "m_axi">   --->   Core 111 'm_axi' <Latency = 6> <II = 1> <Delay = 1.00> <Adapter> <Opcode : 'read' 'write' 'readreq' 'writereq' 'writeresp'>

State 22 <SV = 21> <Delay = 7.30>
ST_22 : Operation 236 [6/8] (7.30ns)   --->   "%Btemp_req = readreq i1 @_ssdm_op_ReadReq.m_axi.i32P1A, i32 %gmem_addr_2, i64 1" [../MLP_baseline/mm.cpp:58]   --->   Operation 236 'readreq' 'Btemp_req' <Predicate = true> <Delay = 7.30> <CoreInst = "m_axi">   --->   Core 111 'm_axi' <Latency = 6> <II = 1> <Delay = 1.00> <Adapter> <Opcode : 'read' 'write' 'readreq' 'writereq' 'writeresp'>

State 23 <SV = 22> <Delay = 7.30>
ST_23 : Operation 237 [5/8] (7.30ns)   --->   "%Btemp_req = readreq i1 @_ssdm_op_ReadReq.m_axi.i32P1A, i32 %gmem_addr_2, i64 1" [../MLP_baseline/mm.cpp:58]   --->   Operation 237 'readreq' 'Btemp_req' <Predicate = true> <Delay = 7.30> <CoreInst = "m_axi">   --->   Core 111 'm_axi' <Latency = 6> <II = 1> <Delay = 1.00> <Adapter> <Opcode : 'read' 'write' 'readreq' 'writereq' 'writeresp'>

State 24 <SV = 23> <Delay = 7.30>
ST_24 : Operation 238 [4/8] (7.30ns)   --->   "%Btemp_req = readreq i1 @_ssdm_op_ReadReq.m_axi.i32P1A, i32 %gmem_addr_2, i64 1" [../MLP_baseline/mm.cpp:58]   --->   Operation 238 'readreq' 'Btemp_req' <Predicate = true> <Delay = 7.30> <CoreInst = "m_axi">   --->   Core 111 'm_axi' <Latency = 6> <II = 1> <Delay = 1.00> <Adapter> <Opcode : 'read' 'write' 'readreq' 'writereq' 'writeresp'>

State 25 <SV = 24> <Delay = 7.30>
ST_25 : Operation 239 [3/8] (7.30ns)   --->   "%Btemp_req = readreq i1 @_ssdm_op_ReadReq.m_axi.i32P1A, i32 %gmem_addr_2, i64 1" [../MLP_baseline/mm.cpp:58]   --->   Operation 239 'readreq' 'Btemp_req' <Predicate = true> <Delay = 7.30> <CoreInst = "m_axi">   --->   Core 111 'm_axi' <Latency = 6> <II = 1> <Delay = 1.00> <Adapter> <Opcode : 'read' 'write' 'readreq' 'writereq' 'writeresp'>

State 26 <SV = 25> <Delay = 7.30>
ST_26 : Operation 240 [2/8] (7.30ns)   --->   "%Btemp_req = readreq i1 @_ssdm_op_ReadReq.m_axi.i32P1A, i32 %gmem_addr_2, i64 1" [../MLP_baseline/mm.cpp:58]   --->   Operation 240 'readreq' 'Btemp_req' <Predicate = true> <Delay = 7.30> <CoreInst = "m_axi">   --->   Core 111 'm_axi' <Latency = 6> <II = 1> <Delay = 1.00> <Adapter> <Opcode : 'read' 'write' 'readreq' 'writereq' 'writeresp'>

State 27 <SV = 26> <Delay = 7.30>
ST_27 : Operation 241 [1/8] (7.30ns)   --->   "%Btemp_req = readreq i1 @_ssdm_op_ReadReq.m_axi.i32P1A, i32 %gmem_addr_2, i64 1" [../MLP_baseline/mm.cpp:58]   --->   Operation 241 'readreq' 'Btemp_req' <Predicate = true> <Delay = 7.30> <CoreInst = "m_axi">   --->   Core 111 'm_axi' <Latency = 6> <II = 1> <Delay = 1.00> <Adapter> <Opcode : 'read' 'write' 'readreq' 'writereq' 'writeresp'>

State 28 <SV = 27> <Delay = 7.30>
ST_28 : Operation 242 [1/1] (0.00ns)   --->   "%zext_ln56 = zext i5 %j_1" [../MLP_baseline/mm.cpp:56]   --->   Operation 242 'zext' 'zext_ln56' <Predicate = true> <Delay = 0.00>
ST_28 : Operation 243 [1/1] (0.00ns)   --->   "%specpipeline_ln57 = specpipeline void @_ssdm_op_SpecPipeline, i32 0, i32 0, i32 1, i32 0, void @empty_0" [../MLP_baseline/mm.cpp:57]   --->   Operation 243 'specpipeline' 'specpipeline_ln57' <Predicate = true> <Delay = 0.00>
ST_28 : Operation 244 [1/1] (0.00ns)   --->   "%speclooptripcount_ln56 = speclooptripcount void @_ssdm_op_SpecLoopTripCount, i64 16, i64 16, i64 16" [../MLP_baseline/mm.cpp:56]   --->   Operation 244 'speclooptripcount' 'speclooptripcount_ln56' <Predicate = true> <Delay = 0.00>
ST_28 : Operation 245 [1/1] (0.00ns)   --->   "%specloopname_ln56 = specloopname void @_ssdm_op_SpecLoopName, void @empty_17" [../MLP_baseline/mm.cpp:56]   --->   Operation 245 'specloopname' 'specloopname_ln56' <Predicate = true> <Delay = 0.00>
ST_28 : Operation 246 [1/1] (7.30ns)   --->   "%Btemp = read i32 @_ssdm_op_Read.m_axi.i32P1A, i32 %gmem_addr_2" [../MLP_baseline/mm.cpp:58]   --->   Operation 246 'read' 'Btemp' <Predicate = true> <Delay = 7.30> <CoreInst = "m_axi">   --->   Core 111 'm_axi' <Latency = 3> <II = 1> <Delay = 1.00> <Adapter> <Opcode : 'read' 'write' 'readreq' 'writereq' 'writeresp'>
ST_28 : Operation 247 [1/1] (1.58ns)   --->   "%br_ln60 = br void %for.inc62" [../MLP_baseline/mm.cpp:60]   --->   Operation 247 'br' 'br_ln60' <Predicate = true> <Delay = 1.58>

State 29 <SV = 28> <Delay = 2.52>
ST_29 : Operation 248 [1/1] (0.00ns)   --->   "%i_2 = phi i5 0, void %VITIS_LOOP_60_8.split, i5 %add_ln60, void %for.inc62.split" [../MLP_baseline/mm.cpp:60]   --->   Operation 248 'phi' 'i_2' <Predicate = true> <Delay = 0.00>
ST_29 : Operation 249 [1/1] (1.78ns)   --->   "%icmp_ln60 = icmp_eq  i5 %i_2, i5 16" [../MLP_baseline/mm.cpp:60]   --->   Operation 249 'icmp' 'icmp_ln60' <Predicate = true> <Delay = 1.78> <CoreInst = "Cmp">   --->   Core 9 'Cmp' <Latency = 0> <II = 1> <Delay = 1.78> <FuncUnit> <Opcode : 'seteq' 'setne' 'setle' 'setge' 'setlt' 'setgt'> <InPorts = 2> <OutPorts = 1>
ST_29 : Operation 250 [1/1] (1.78ns)   --->   "%add_ln60 = add i5 %i_2, i5 1" [../MLP_baseline/mm.cpp:60]   --->   Operation 250 'add' 'add_ln60' <Predicate = true> <Delay = 1.78> <CoreInst = "Adder">   --->   Core 1 'Adder' <Latency = 0> <II = 1> <Delay = 1.78> <FuncUnit> <Opcode : 'add' 'sub'> <InPorts = 2> <OutPorts = 1>
ST_29 : Operation 251 [1/1] (0.00ns)   --->   "%br_ln60 = br i1 %icmp_ln60, void %for.inc62.split, void %for.inc65" [../MLP_baseline/mm.cpp:60]   --->   Operation 251 'br' 'br_ln60' <Predicate = true> <Delay = 0.00>
ST_29 : Operation 252 [1/1] (0.00ns)   --->   "%trunc_ln60 = trunc i5 %i_2" [../MLP_baseline/mm.cpp:60]   --->   Operation 252 'trunc' 'trunc_ln60' <Predicate = (!icmp_ln60)> <Delay = 0.00>
ST_29 : Operation 253 [1/1] (0.00ns)   --->   "%tmp_15 = bitconcatenate i8 @_ssdm_op_BitConcatenate.i8.i4.i4, i4 %trunc_ln60, i4 0" [../MLP_baseline/mm.cpp:63]   --->   Operation 253 'bitconcatenate' 'tmp_15' <Predicate = (!icmp_ln60)> <Delay = 0.00>
ST_29 : Operation 254 [1/1] (1.91ns)   --->   "%add_ln63_1 = add i8 %tmp_15, i8 %zext_ln56" [../MLP_baseline/mm.cpp:63]   --->   Operation 254 'add' 'add_ln63_1' <Predicate = (!icmp_ln60)> <Delay = 1.91> <CoreInst = "Adder">   --->   Core 1 'Adder' <Latency = 0> <II = 1> <Delay = 1.91> <FuncUnit> <Opcode : 'add' 'sub'> <InPorts = 2> <OutPorts = 1>
ST_29 : Operation 255 [1/1] (0.00ns)   --->   "%zext_ln60 = zext i5 %i_2" [../MLP_baseline/mm.cpp:60]   --->   Operation 255 'zext' 'zext_ln60' <Predicate = (!icmp_ln60)> <Delay = 0.00>
ST_29 : Operation 256 [1/1] (2.52ns)   --->   "%add_ln62 = add i32 %zext_ln60, i32 %tmp_9_cast" [../MLP_baseline/mm.cpp:62]   --->   Operation 256 'add' 'add_ln62' <Predicate = (!icmp_ln60)> <Delay = 2.52> <CoreInst = "Adder">   --->   Core 1 'Adder' <Latency = 0> <II = 1> <Delay = 2.52> <FuncUnit> <Opcode : 'add' 'sub'> <InPorts = 2> <OutPorts = 1>
ST_29 : Operation 257 [1/1] (0.00ns)   --->   "%br_ln56 = br void %VITIS_LOOP_60_8" [../MLP_baseline/mm.cpp:56]   --->   Operation 257 'br' 'br_ln56' <Predicate = (icmp_ln60)> <Delay = 0.00>

State 30 <SV = 29> <Delay = 6.91>
ST_30 : Operation 258 [1/1] (0.00ns)   --->   "%zext_ln62 = zext i32 %add_ln62" [../MLP_baseline/mm.cpp:62]   --->   Operation 258 'zext' 'zext_ln62' <Predicate = true> <Delay = 0.00>
ST_30 : Operation 259 [2/2] (6.91ns)   --->   "%mul_ln62 = mul i62 %zext_ln62, i62 %sext_ln35" [../MLP_baseline/mm.cpp:62]   --->   Operation 259 'mul' 'mul_ln62' <Predicate = true> <Delay = 6.91> <CoreInst = "Multiplier">   --->   Core 3 'Multiplier' <Latency = 1> <II = 1> <Delay = 6.91> <FuncUnit> <Opcode : 'mul'> <InPorts = 2> <OutPorts = 1>

State 31 <SV = 30> <Delay = 6.91>
ST_31 : Operation 260 [1/2] (6.91ns)   --->   "%mul_ln62 = mul i62 %zext_ln62, i62 %sext_ln35" [../MLP_baseline/mm.cpp:62]   --->   Operation 260 'mul' 'mul_ln62' <Predicate = true> <Delay = 6.91> <CoreInst = "Multiplier">   --->   Core 3 'Multiplier' <Latency = 1> <II = 1> <Delay = 6.91> <FuncUnit> <Opcode : 'mul'> <InPorts = 2> <OutPorts = 1>

State 32 <SV = 31> <Delay = 5.25>
ST_32 : Operation 261 [1/1] (0.00ns) (grouped into TernaryAdder)   --->   "%add_ln62_1 = add i62 %zext_ln54, i62 %mul_ln62" [../MLP_baseline/mm.cpp:62]   --->   Operation 261 'add' 'add_ln62_1' <Predicate = true> <Delay = 0.00> <CoreInst = "TAddSub">   --->   Core 10 'TAddSub' <Latency = 0> <II = 1> <Delay = 2.62> <IPBlock> <Opcode : 'add' 'sub'> <InPorts = 3> <OutPorts = 1> <Sync> <CReg>
ST_32 : Operation 262 [1/1] (5.25ns) (root node of TernaryAdder)   --->   "%add_ln62_3 = add i62 %add_ln62_1, i62 %zext_ln54_1" [../MLP_baseline/mm.cpp:62]   --->   Operation 262 'add' 'add_ln62_3' <Predicate = true> <Delay = 5.25> <CoreInst = "TAddSub">   --->   Core 10 'TAddSub' <Latency = 0> <II = 1> <Delay = 2.62> <IPBlock> <Opcode : 'add' 'sub'> <InPorts = 3> <OutPorts = 1> <Sync> <CReg>

State 33 <SV = 32> <Delay = 3.52>
ST_33 : Operation 263 [1/1] (0.00ns)   --->   "%shl_ln1 = bitconcatenate i64 @_ssdm_op_BitConcatenate.i64.i62.i2, i62 %add_ln62_3, i2 0" [../MLP_baseline/mm.cpp:62]   --->   Operation 263 'bitconcatenate' 'shl_ln1' <Predicate = true> <Delay = 0.00>
ST_33 : Operation 264 [1/1] (3.52ns)   --->   "%add_ln62_2 = add i64 %shl_ln1, i64 %A_read" [../MLP_baseline/mm.cpp:62]   --->   Operation 264 'add' 'add_ln62_2' <Predicate = true> <Delay = 3.52> <CoreInst = "Adder">   --->   Core 1 'Adder' <Latency = 0> <II = 1> <Delay = 3.52> <FuncUnit> <Opcode : 'add' 'sub'> <InPorts = 2> <OutPorts = 1>
ST_33 : Operation 265 [1/1] (0.00ns)   --->   "%trunc_ln2 = partselect i62 @_ssdm_op_PartSelect.i62.i64.i32.i32, i64 %add_ln62_2, i32 2, i32 63" [../MLP_baseline/mm.cpp:62]   --->   Operation 265 'partselect' 'trunc_ln2' <Predicate = true> <Delay = 0.00>
ST_33 : Operation 266 [1/1] (0.00ns)   --->   "%sext_ln62 = sext i62 %trunc_ln2" [../MLP_baseline/mm.cpp:62]   --->   Operation 266 'sext' 'sext_ln62' <Predicate = true> <Delay = 0.00>
ST_33 : Operation 267 [1/1] (0.00ns)   --->   "%gmem_addr_3 = getelementptr i32 %gmem, i64 %sext_ln62" [../MLP_baseline/mm.cpp:62]   --->   Operation 267 'getelementptr' 'gmem_addr_3' <Predicate = true> <Delay = 0.00>

State 34 <SV = 33> <Delay = 7.30>
ST_34 : Operation 268 [8/8] (7.30ns)   --->   "%Atemp_req = readreq i1 @_ssdm_op_ReadReq.m_axi.i32P1A, i32 %gmem_addr_3, i64 1" [../MLP_baseline/mm.cpp:62]   --->   Operation 268 'readreq' 'Atemp_req' <Predicate = true> <Delay = 7.30> <CoreInst = "m_axi">   --->   Core 111 'm_axi' <Latency = 6> <II = 1> <Delay = 1.00> <Adapter> <Opcode : 'read' 'write' 'readreq' 'writereq' 'writeresp'>

State 35 <SV = 34> <Delay = 7.30>
ST_35 : Operation 269 [7/8] (7.30ns)   --->   "%Atemp_req = readreq i1 @_ssdm_op_ReadReq.m_axi.i32P1A, i32 %gmem_addr_3, i64 1" [../MLP_baseline/mm.cpp:62]   --->   Operation 269 'readreq' 'Atemp_req' <Predicate = true> <Delay = 7.30> <CoreInst = "m_axi">   --->   Core 111 'm_axi' <Latency = 6> <II = 1> <Delay = 1.00> <Adapter> <Opcode : 'read' 'write' 'readreq' 'writereq' 'writeresp'>

State 36 <SV = 35> <Delay = 7.30>
ST_36 : Operation 270 [6/8] (7.30ns)   --->   "%Atemp_req = readreq i1 @_ssdm_op_ReadReq.m_axi.i32P1A, i32 %gmem_addr_3, i64 1" [../MLP_baseline/mm.cpp:62]   --->   Operation 270 'readreq' 'Atemp_req' <Predicate = true> <Delay = 7.30> <CoreInst = "m_axi">   --->   Core 111 'm_axi' <Latency = 6> <II = 1> <Delay = 1.00> <Adapter> <Opcode : 'read' 'write' 'readreq' 'writereq' 'writeresp'>

State 37 <SV = 36> <Delay = 7.30>
ST_37 : Operation 271 [5/8] (7.30ns)   --->   "%Atemp_req = readreq i1 @_ssdm_op_ReadReq.m_axi.i32P1A, i32 %gmem_addr_3, i64 1" [../MLP_baseline/mm.cpp:62]   --->   Operation 271 'readreq' 'Atemp_req' <Predicate = true> <Delay = 7.30> <CoreInst = "m_axi">   --->   Core 111 'm_axi' <Latency = 6> <II = 1> <Delay = 1.00> <Adapter> <Opcode : 'read' 'write' 'readreq' 'writereq' 'writeresp'>

State 38 <SV = 37> <Delay = 7.30>
ST_38 : Operation 272 [4/8] (7.30ns)   --->   "%Atemp_req = readreq i1 @_ssdm_op_ReadReq.m_axi.i32P1A, i32 %gmem_addr_3, i64 1" [../MLP_baseline/mm.cpp:62]   --->   Operation 272 'readreq' 'Atemp_req' <Predicate = true> <Delay = 7.30> <CoreInst = "m_axi">   --->   Core 111 'm_axi' <Latency = 6> <II = 1> <Delay = 1.00> <Adapter> <Opcode : 'read' 'write' 'readreq' 'writereq' 'writeresp'>

State 39 <SV = 38> <Delay = 7.30>
ST_39 : Operation 273 [3/8] (7.30ns)   --->   "%Atemp_req = readreq i1 @_ssdm_op_ReadReq.m_axi.i32P1A, i32 %gmem_addr_3, i64 1" [../MLP_baseline/mm.cpp:62]   --->   Operation 273 'readreq' 'Atemp_req' <Predicate = true> <Delay = 7.30> <CoreInst = "m_axi">   --->   Core 111 'm_axi' <Latency = 6> <II = 1> <Delay = 1.00> <Adapter> <Opcode : 'read' 'write' 'readreq' 'writereq' 'writeresp'>

State 40 <SV = 39> <Delay = 7.30>
ST_40 : Operation 274 [2/8] (7.30ns)   --->   "%Atemp_req = readreq i1 @_ssdm_op_ReadReq.m_axi.i32P1A, i32 %gmem_addr_3, i64 1" [../MLP_baseline/mm.cpp:62]   --->   Operation 274 'readreq' 'Atemp_req' <Predicate = true> <Delay = 7.30> <CoreInst = "m_axi">   --->   Core 111 'm_axi' <Latency = 6> <II = 1> <Delay = 1.00> <Adapter> <Opcode : 'read' 'write' 'readreq' 'writereq' 'writeresp'>

State 41 <SV = 40> <Delay = 7.30>
ST_41 : Operation 275 [1/8] (7.30ns)   --->   "%Atemp_req = readreq i1 @_ssdm_op_ReadReq.m_axi.i32P1A, i32 %gmem_addr_3, i64 1" [../MLP_baseline/mm.cpp:62]   --->   Operation 275 'readreq' 'Atemp_req' <Predicate = true> <Delay = 7.30> <CoreInst = "m_axi">   --->   Core 111 'm_axi' <Latency = 6> <II = 1> <Delay = 1.00> <Adapter> <Opcode : 'read' 'write' 'readreq' 'writereq' 'writeresp'>

State 42 <SV = 41> <Delay = 7.30>
ST_42 : Operation 276 [1/1] (7.30ns)   --->   "%Atemp = read i32 @_ssdm_op_Read.m_axi.i32P1A, i32 %gmem_addr_3" [../MLP_baseline/mm.cpp:62]   --->   Operation 276 'read' 'Atemp' <Predicate = true> <Delay = 7.30> <CoreInst = "m_axi">   --->   Core 111 'm_axi' <Latency = 3> <II = 1> <Delay = 1.00> <Adapter> <Opcode : 'read' 'write' 'readreq' 'writereq' 'writeresp'>

State 43 <SV = 42> <Delay = 6.91>
ST_43 : Operation 277 [1/1] (0.00ns)   --->   "%zext_ln63 = zext i8 %add_ln63_1" [../MLP_baseline/mm.cpp:63]   --->   Operation 277 'zext' 'zext_ln63' <Predicate = true> <Delay = 0.00>
ST_43 : Operation 278 [1/1] (0.00ns)   --->   "%AB_block_addr_2 = getelementptr i32 %AB_block, i64 0, i64 %zext_ln63" [../MLP_baseline/mm.cpp:63]   --->   Operation 278 'getelementptr' 'AB_block_addr_2' <Predicate = true> <Delay = 0.00>
ST_43 : Operation 279 [2/2] (6.91ns)   --->   "%mul_ln63 = mul i32 %Atemp, i32 %Btemp" [../MLP_baseline/mm.cpp:63]   --->   Operation 279 'mul' 'mul_ln63' <Predicate = true> <Delay = 6.91> <CoreInst = "Multiplier">   --->   Core 3 'Multiplier' <Latency = 1> <II = 1> <Delay = 6.91> <FuncUnit> <Opcode : 'mul'> <InPorts = 2> <OutPorts = 1>
ST_43 : Operation 280 [2/2] (3.25ns)   --->   "%AB_block_load_1 = load i8 %AB_block_addr_2" [../MLP_baseline/mm.cpp:63]   --->   Operation 280 'load' 'AB_block_load_1' <Predicate = true> <Delay = 3.25> <CoreInst = "RAM">   --->   Core 81 'RAM' <Latency = 1> <II = 1> <Delay = 3.25> <Storage> <Opcode : 'load' 'store'> <Ports = 2> <Width = 32> <Depth = 256> <RAM>

State 44 <SV = 43> <Delay = 6.91>
ST_44 : Operation 281 [1/2] (6.91ns)   --->   "%mul_ln63 = mul i32 %Atemp, i32 %Btemp" [../MLP_baseline/mm.cpp:63]   --->   Operation 281 'mul' 'mul_ln63' <Predicate = true> <Delay = 6.91> <CoreInst = "Multiplier">   --->   Core 3 'Multiplier' <Latency = 1> <II = 1> <Delay = 6.91> <FuncUnit> <Opcode : 'mul'> <InPorts = 2> <OutPorts = 1>
ST_44 : Operation 282 [1/2] ( I:3.25ns O:3.25ns )   --->   "%AB_block_load_1 = load i8 %AB_block_addr_2" [../MLP_baseline/mm.cpp:63]   --->   Operation 282 'load' 'AB_block_load_1' <Predicate = true> <Delay = 3.25> <CoreInst = "RAM">   --->   Core 81 'RAM' <Latency = 1> <II = 1> <Delay = 3.25> <Storage> <Opcode : 'load' 'store'> <Ports = 2> <Width = 32> <Depth = 256> <RAM>

State 45 <SV = 44> <Delay = 5.80>
ST_45 : Operation 283 [1/1] (0.00ns)   --->   "%specpipeline_ln61 = specpipeline void @_ssdm_op_SpecPipeline, i32 0, i32 0, i32 1, i32 0, void @empty_0" [../MLP_baseline/mm.cpp:61]   --->   Operation 283 'specpipeline' 'specpipeline_ln61' <Predicate = true> <Delay = 0.00>
ST_45 : Operation 284 [1/1] (0.00ns)   --->   "%speclooptripcount_ln60 = speclooptripcount void @_ssdm_op_SpecLoopTripCount, i64 16, i64 16, i64 16" [../MLP_baseline/mm.cpp:60]   --->   Operation 284 'speclooptripcount' 'speclooptripcount_ln60' <Predicate = true> <Delay = 0.00>
ST_45 : Operation 285 [1/1] (0.00ns)   --->   "%specloopname_ln60 = specloopname void @_ssdm_op_SpecLoopName, void @empty_16" [../MLP_baseline/mm.cpp:60]   --->   Operation 285 'specloopname' 'specloopname_ln60' <Predicate = true> <Delay = 0.00>
ST_45 : Operation 286 [1/1] (2.55ns)   --->   "%add_ln63 = add i32 %AB_block_load_1, i32 %mul_ln63" [../MLP_baseline/mm.cpp:63]   --->   Operation 286 'add' 'add_ln63' <Predicate = true> <Delay = 2.55> <CoreInst = "Adder">   --->   Core 1 'Adder' <Latency = 0> <II = 1> <Delay = 2.55> <FuncUnit> <Opcode : 'add' 'sub'> <InPorts = 2> <OutPorts = 1>
ST_45 : Operation 287 [1/1] ( I:3.25ns O:3.25ns )   --->   "%store_ln63 = store i32 %add_ln63, i8 %AB_block_addr_2" [../MLP_baseline/mm.cpp:63]   --->   Operation 287 'store' 'store_ln63' <Predicate = true> <Delay = 3.25> <CoreInst = "RAM">   --->   Core 81 'RAM' <Latency = 1> <II = 1> <Delay = 3.25> <Storage> <Opcode : 'load' 'store'> <Ports = 2> <Width = 32> <Depth = 256> <RAM>
ST_45 : Operation 288 [1/1] (0.00ns)   --->   "%br_ln60 = br void %for.inc62" [../MLP_baseline/mm.cpp:60]   --->   Operation 288 'br' 'br_ln60' <Predicate = true> <Delay = 0.00>

State 46 <SV = 16> <Delay = 6.55>
ST_46 : Operation 289 [1/1] (0.00ns)   --->   "%indvar_flatten8 = phi i9 %add_ln70_1, void %new.latch.for.inc96.split, i9 0, void %for.inc96.preheader" [../MLP_baseline/mm.cpp:70]   --->   Operation 289 'phi' 'indvar_flatten8' <Predicate = true> <Delay = 0.00>
ST_46 : Operation 290 [1/1] (0.00ns)   --->   "%i_1 = phi i5 %select_ln70, void %new.latch.for.inc96.split, i5 0, void %for.inc96.preheader" [../MLP_baseline/mm.cpp:70]   --->   Operation 290 'phi' 'i_1' <Predicate = true> <Delay = 0.00>
ST_46 : Operation 291 [1/1] (0.00ns)   --->   "%j_2 = phi i5 %add_ln72, void %new.latch.for.inc96.split, i5 0, void %for.inc96.preheader" [../MLP_baseline/mm.cpp:72]   --->   Operation 291 'phi' 'j_2' <Predicate = true> <Delay = 0.00>
ST_46 : Operation 292 [1/1] (0.00ns)   --->   "%specpipeline_ln71 = specpipeline void @_ssdm_op_SpecPipeline, i32 0, i32 0, i32 1, i32 0, void @empty_0" [../MLP_baseline/mm.cpp:71]   --->   Operation 292 'specpipeline' 'specpipeline_ln71' <Predicate = true> <Delay = 0.00>
ST_46 : Operation 293 [1/1] (1.82ns)   --->   "%icmp_ln70 = icmp_eq  i9 %indvar_flatten8, i9 256" [../MLP_baseline/mm.cpp:70]   --->   Operation 293 'icmp' 'icmp_ln70' <Predicate = true> <Delay = 1.82> <CoreInst = "Cmp">   --->   Core 9 'Cmp' <Latency = 0> <II = 1> <Delay = 1.82> <FuncUnit> <Opcode : 'seteq' 'setne' 'setle' 'setge' 'setlt' 'setgt'> <InPorts = 2> <OutPorts = 1>
ST_46 : Operation 294 [1/1] (1.82ns)   --->   "%add_ln70_1 = add i9 %indvar_flatten8, i9 1" [../MLP_baseline/mm.cpp:70]   --->   Operation 294 'add' 'add_ln70_1' <Predicate = true> <Delay = 1.82> <CoreInst = "Adder">   --->   Core 1 'Adder' <Latency = 0> <II = 1> <Delay = 1.82> <FuncUnit> <Opcode : 'add' 'sub'> <InPorts = 2> <OutPorts = 1>
ST_46 : Operation 295 [1/1] (0.00ns)   --->   "%br_ln70 = br i1 %icmp_ln70, void %for.inc99, void %for.inc102" [../MLP_baseline/mm.cpp:70]   --->   Operation 295 'br' 'br_ln70' <Predicate = true> <Delay = 0.00>
ST_46 : Operation 296 [1/1] (1.78ns)   --->   "%add_ln70 = add i5 %i_1, i5 1" [../MLP_baseline/mm.cpp:70]   --->   Operation 296 'add' 'add_ln70' <Predicate = (!icmp_ln70)> <Delay = 1.78> <CoreInst = "Adder">   --->   Core 1 'Adder' <Latency = 0> <II = 1> <Delay = 1.78> <FuncUnit> <Opcode : 'add' 'sub'> <InPorts = 2> <OutPorts = 1>
ST_46 : Operation 297 [1/1] (1.78ns)   --->   "%icmp_ln72 = icmp_eq  i5 %j_2, i5 16" [../MLP_baseline/mm.cpp:72]   --->   Operation 297 'icmp' 'icmp_ln72' <Predicate = (!icmp_ln70)> <Delay = 1.78> <CoreInst = "Cmp">   --->   Core 9 'Cmp' <Latency = 0> <II = 1> <Delay = 1.78> <FuncUnit> <Opcode : 'seteq' 'setne' 'setle' 'setge' 'setlt' 'setgt'> <InPorts = 2> <OutPorts = 1>
ST_46 : Operation 298 [1/1] (1.21ns)   --->   "%select_ln71 = select i1 %icmp_ln72, i5 0, i5 %j_2" [../MLP_baseline/mm.cpp:71]   --->   Operation 298 'select' 'select_ln71' <Predicate = (!icmp_ln70)> <Delay = 1.21> <CoreInst = "Sel">   --->   Core 73 'Sel' <Latency = 0> <II = 1> <Delay = 1.21> <FuncUnit> <Opcode : 'select'> <InPorts = 3> <OutPorts = 1>
ST_46 : Operation 299 [1/1] (1.21ns)   --->   "%select_ln70 = select i1 %icmp_ln72, i5 %add_ln70, i5 %i_1" [../MLP_baseline/mm.cpp:70]   --->   Operation 299 'select' 'select_ln70' <Predicate = (!icmp_ln70)> <Delay = 1.21> <CoreInst = "Sel">   --->   Core 73 'Sel' <Latency = 0> <II = 1> <Delay = 1.21> <FuncUnit> <Opcode : 'select'> <InPorts = 3> <OutPorts = 1>
ST_46 : Operation 300 [1/1] (0.00ns)   --->   "%empty_54 = trunc i5 %select_ln70" [../MLP_baseline/mm.cpp:70]   --->   Operation 300 'trunc' 'empty_54' <Predicate = (!icmp_ln70)> <Delay = 0.00>
ST_46 : Operation 301 [1/1] (1.78ns)   --->   "%first_iter_1 = icmp_eq  i5 %select_ln71, i5 0" [../MLP_baseline/mm.cpp:71]   --->   Operation 301 'icmp' 'first_iter_1' <Predicate = (!icmp_ln70)> <Delay = 1.78> <CoreInst = "Cmp">   --->   Core 9 'Cmp' <Latency = 0> <II = 1> <Delay = 1.78> <FuncUnit> <Opcode : 'seteq' 'setne' 'setle' 'setge' 'setlt' 'setgt'> <InPorts = 2> <OutPorts = 1>
ST_46 : Operation 302 [1/1] (0.00ns)   --->   "%br_ln72 = br i1 %first_iter_1, void %for.inc96.split, void %for.first.iter.for.inc96" [../MLP_baseline/mm.cpp:72]   --->   Operation 302 'br' 'br_ln72' <Predicate = (!icmp_ln70)> <Delay = 0.00>
ST_46 : Operation 303 [1/1] (0.00ns)   --->   "%tmp_14 = bitconcatenate i8 @_ssdm_op_BitConcatenate.i8.i4.i4, i4 %empty_54, i4 0" [../MLP_baseline/mm.cpp:73]   --->   Operation 303 'bitconcatenate' 'tmp_14' <Predicate = (!icmp_ln70)> <Delay = 0.00>
ST_46 : Operation 304 [1/1] (0.00ns)   --->   "%zext_ln73 = zext i5 %select_ln71" [../MLP_baseline/mm.cpp:73]   --->   Operation 304 'zext' 'zext_ln73' <Predicate = (!icmp_ln70)> <Delay = 0.00>
ST_46 : Operation 305 [1/1] (1.91ns)   --->   "%add_ln73 = add i8 %tmp_14, i8 %zext_ln73" [../MLP_baseline/mm.cpp:73]   --->   Operation 305 'add' 'add_ln73' <Predicate = (!icmp_ln70)> <Delay = 1.91> <CoreInst = "Adder">   --->   Core 1 'Adder' <Latency = 0> <II = 1> <Delay = 1.91> <FuncUnit> <Opcode : 'add' 'sub'> <InPorts = 2> <OutPorts = 1>
ST_46 : Operation 306 [1/1] (1.78ns)   --->   "%add_ln72 = add i5 %select_ln71, i5 1" [../MLP_baseline/mm.cpp:72]   --->   Operation 306 'add' 'add_ln72' <Predicate = (!icmp_ln70)> <Delay = 1.78> <CoreInst = "Adder">   --->   Core 1 'Adder' <Latency = 0> <II = 1> <Delay = 1.78> <FuncUnit> <Opcode : 'add' 'sub'> <InPorts = 2> <OutPorts = 1>
ST_46 : Operation 307 [1/1] (1.78ns)   --->   "%icmp_ln72_1 = icmp_eq  i5 %add_ln72, i5 16" [../MLP_baseline/mm.cpp:72]   --->   Operation 307 'icmp' 'icmp_ln72_1' <Predicate = (!icmp_ln70)> <Delay = 1.78> <CoreInst = "Cmp">   --->   Core 9 'Cmp' <Latency = 0> <II = 1> <Delay = 1.78> <FuncUnit> <Opcode : 'seteq' 'setne' 'setle' 'setge' 'setlt' 'setgt'> <InPorts = 2> <OutPorts = 1>
ST_46 : Operation 308 [1/1] (0.00ns)   --->   "%br_ln72 = br i1 %icmp_ln72_1, void %new.latch.for.inc96.split, void %last.iter.for.inc96.split" [../MLP_baseline/mm.cpp:72]   --->   Operation 308 'br' 'br_ln72' <Predicate = (!icmp_ln70)> <Delay = 0.00>
ST_46 : Operation 309 [1/1] (0.00ns)   --->   "%br_ln72 = br void %for.inc96" [../MLP_baseline/mm.cpp:72]   --->   Operation 309 'br' 'br_ln72' <Predicate = (!icmp_ln70)> <Delay = 0.00>

State 47 <SV = 17> <Delay = 6.91>
ST_47 : Operation 310 [1/1] (0.00ns)   --->   "%zext_ln70 = zext i5 %select_ln70" [../MLP_baseline/mm.cpp:70]   --->   Operation 310 'zext' 'zext_ln70' <Predicate = (!icmp_ln70)> <Delay = 0.00>
ST_47 : Operation 311 [2/2] (6.91ns)   --->   "%empty_55 = mul i37 %zext_ln70, i37 %sext_ln35_1" [../MLP_baseline/mm.cpp:70]   --->   Operation 311 'mul' 'empty_55' <Predicate = (!icmp_ln70)> <Delay = 6.91> <CoreInst = "Multiplier">   --->   Core 3 'Multiplier' <Latency = 1> <II = 1> <Delay = 6.91> <FuncUnit> <Opcode : 'mul'> <InPorts = 2> <OutPorts = 1>

State 48 <SV = 18> <Delay = 6.91>
ST_48 : Operation 312 [1/2] (6.91ns)   --->   "%empty_55 = mul i37 %zext_ln70, i37 %sext_ln35_1" [../MLP_baseline/mm.cpp:70]   --->   Operation 312 'mul' 'empty_55' <Predicate = (!icmp_ln70)> <Delay = 6.91> <CoreInst = "Multiplier">   --->   Core 3 'Multiplier' <Latency = 1> <II = 1> <Delay = 6.91> <FuncUnit> <Opcode : 'mul'> <InPorts = 2> <OutPorts = 1>

State 49 <SV = 19> <Delay = 5.25>
ST_49 : Operation 313 [1/1] (0.00ns)   --->   "%p_cast12 = sext i37 %empty_55" [../MLP_baseline/mm.cpp:70]   --->   Operation 313 'sext' 'p_cast12' <Predicate = (!icmp_ln70)> <Delay = 0.00>
ST_49 : Operation 314 [1/1] (0.00ns) (grouped into TernaryAdder)   --->   "%tmp2 = add i62 %tmp_7, i62 %p_cast12" [../MLP_baseline/mm.cpp:35]   --->   Operation 314 'add' 'tmp2' <Predicate = (!icmp_ln70)> <Delay = 0.00> <CoreInst = "TAddSub">   --->   Core 10 'TAddSub' <Latency = 0> <II = 1> <Delay = 2.62> <IPBlock> <Opcode : 'add' 'sub'> <InPorts = 3> <OutPorts = 1> <Sync> <CReg>
ST_49 : Operation 315 [1/1] (5.25ns) (root node of TernaryAdder)   --->   "%empty_56 = add i62 %tmp2, i62 %zext_ln51" [../MLP_baseline/mm.cpp:35]   --->   Operation 315 'add' 'empty_56' <Predicate = (!icmp_ln70)> <Delay = 5.25> <CoreInst = "TAddSub">   --->   Core 10 'TAddSub' <Latency = 0> <II = 1> <Delay = 2.62> <IPBlock> <Opcode : 'add' 'sub'> <InPorts = 3> <OutPorts = 1> <Sync> <CReg>

State 50 <SV = 20> <Delay = 3.52>
ST_50 : Operation 316 [1/1] (0.00ns)   --->   "%specpipeline_ln71 = specpipeline void @_ssdm_op_SpecPipeline, i32 0, i32 0, i32 1, i32 0, void @empty_0" [../MLP_baseline/mm.cpp:71]   --->   Operation 316 'specpipeline' 'specpipeline_ln71' <Predicate = (!icmp_ln70)> <Delay = 0.00>
ST_50 : Operation 317 [1/1] (0.00ns)   --->   "%specloopname_ln0 = specloopname void @_ssdm_op_SpecLoopName, void @VITIS_LOOP_70_9_VITIS_LOOP_72_10_str"   --->   Operation 317 'specloopname' 'specloopname_ln0' <Predicate = (!icmp_ln70)> <Delay = 0.00>
ST_50 : Operation 318 [1/1] (0.00ns)   --->   "%speclooptripcount_ln0 = speclooptripcount void @_ssdm_op_SpecLoopTripCount, i64 256, i64 256, i64 256"   --->   Operation 318 'speclooptripcount' 'speclooptripcount_ln0' <Predicate = (!icmp_ln70)> <Delay = 0.00>
ST_50 : Operation 319 [1/1] (0.00ns)   --->   "%specpipeline_ln71 = specpipeline void @_ssdm_op_SpecPipeline, i32 0, i32 0, i32 1, i32 0, void @empty_0" [../MLP_baseline/mm.cpp:71]   --->   Operation 319 'specpipeline' 'specpipeline_ln71' <Predicate = (!icmp_ln70)> <Delay = 0.00>
ST_50 : Operation 320 [1/1] (0.00ns)   --->   "%tmp_13 = bitconcatenate i64 @_ssdm_op_BitConcatenate.i64.i62.i2, i62 %empty_56, i2 0" [../MLP_baseline/mm.cpp:35]   --->   Operation 320 'bitconcatenate' 'tmp_13' <Predicate = (!icmp_ln70)> <Delay = 0.00>
ST_50 : Operation 321 [1/1] (3.52ns)   --->   "%empty_57 = add i64 %tmp_13, i64 %ABC_read" [../MLP_baseline/mm.cpp:35]   --->   Operation 321 'add' 'empty_57' <Predicate = (!icmp_ln70)> <Delay = 3.52> <CoreInst = "Adder">   --->   Core 1 'Adder' <Latency = 0> <II = 1> <Delay = 3.52> <FuncUnit> <Opcode : 'add' 'sub'> <InPorts = 2> <OutPorts = 1>
ST_50 : Operation 322 [1/1] (0.00ns)   --->   "%trunc_ln1 = partselect i62 @_ssdm_op_PartSelect.i62.i64.i32.i32, i64 %empty_57, i32 2, i32 63" [../MLP_baseline/mm.cpp:72]   --->   Operation 322 'partselect' 'trunc_ln1' <Predicate = (!icmp_ln70)> <Delay = 0.00>
ST_50 : Operation 323 [1/1] (0.00ns)   --->   "%sext_ln72 = sext i62 %trunc_ln1" [../MLP_baseline/mm.cpp:72]   --->   Operation 323 'sext' 'sext_ln72' <Predicate = (!icmp_ln70)> <Delay = 0.00>
ST_50 : Operation 324 [1/1] (0.00ns)   --->   "%gmem_addr_1 = getelementptr i32 %gmem, i64 %sext_ln72" [../MLP_baseline/mm.cpp:72]   --->   Operation 324 'getelementptr' 'gmem_addr_1' <Predicate = (!icmp_ln70)> <Delay = 0.00>
ST_50 : Operation 325 [1/1] (0.00ns)   --->   "%zext_ln73_1 = zext i8 %add_ln73" [../MLP_baseline/mm.cpp:73]   --->   Operation 325 'zext' 'zext_ln73_1' <Predicate = (!icmp_ln70)> <Delay = 0.00>
ST_50 : Operation 326 [1/1] (0.00ns)   --->   "%AB_block_addr_1 = getelementptr i32 %AB_block, i64 0, i64 %zext_ln73_1" [../MLP_baseline/mm.cpp:73]   --->   Operation 326 'getelementptr' 'AB_block_addr_1' <Predicate = (!icmp_ln70)> <Delay = 0.00>
ST_50 : Operation 327 [2/2] (3.25ns)   --->   "%AB_block_load = load i8 %AB_block_addr_1" [../MLP_baseline/mm.cpp:73]   --->   Operation 327 'load' 'AB_block_load' <Predicate = (!icmp_ln70)> <Delay = 3.25> <CoreInst = "RAM">   --->   Core 81 'RAM' <Latency = 1> <II = 1> <Delay = 3.25> <Storage> <Opcode : 'load' 'store'> <Ports = 2> <Width = 32> <Depth = 256> <RAM>

State 51 <SV = 21> <Delay = 7.30>
ST_51 : Operation 328 [1/1] (7.30ns)   --->   "%empty_52 = writereq i1 @_ssdm_op_WriteReq.m_axi.p1i32, i32 %gmem_addr_1, i64 16" [../MLP_baseline/mm.cpp:72]   --->   Operation 328 'writereq' 'empty_52' <Predicate = (first_iter_1)> <Delay = 7.30> <CoreInst = "m_axi">   --->   Core 111 'm_axi' <Latency = 9> <II = 1> <Delay = 1.00> <Adapter> <Opcode : 'read' 'write' 'readreq' 'writereq' 'writeresp'>
ST_51 : Operation 329 [1/1] (0.00ns)   --->   "%br_ln72 = br void %for.inc96.split" [../MLP_baseline/mm.cpp:72]   --->   Operation 329 'br' 'br_ln72' <Predicate = (first_iter_1)> <Delay = 0.00>
ST_51 : Operation 330 [1/2] ( I:3.25ns O:3.25ns )   --->   "%AB_block_load = load i8 %AB_block_addr_1" [../MLP_baseline/mm.cpp:73]   --->   Operation 330 'load' 'AB_block_load' <Predicate = (!icmp_ln70)> <Delay = 3.25> <CoreInst = "RAM">   --->   Core 81 'RAM' <Latency = 1> <II = 1> <Delay = 3.25> <Storage> <Opcode : 'load' 'store'> <Ports = 2> <Width = 32> <Depth = 256> <RAM>

State 52 <SV = 22> <Delay = 7.30>
ST_52 : Operation 331 [1/1] (0.00ns)   --->   "%specpipeline_ln72 = specpipeline void @_ssdm_op_SpecPipeline, i32 4294967295, i32 0, i32 0, i32 0, void @empty_0" [../MLP_baseline/mm.cpp:72]   --->   Operation 331 'specpipeline' 'specpipeline_ln72' <Predicate = (!icmp_ln70)> <Delay = 0.00>
ST_52 : Operation 332 [1/1] (7.30ns)   --->   "%write_ln73 = write void @_ssdm_op_Write.m_axi.p1i32, i32 %gmem_addr_1, i32 %AB_block_load, i4 15" [../MLP_baseline/mm.cpp:73]   --->   Operation 332 'write' 'write_ln73' <Predicate = (!icmp_ln70)> <Delay = 7.30> <CoreInst = "m_axi">   --->   Core 111 'm_axi' <Latency = 5> <II = 1> <Delay = 1.00> <Adapter> <Opcode : 'read' 'write' 'readreq' 'writereq' 'writeresp'>

State 53 <SV = 23> <Delay = 7.30>
ST_53 : Operation 333 [5/5] (7.30ns)   --->   "%empty_53 = writeresp i1 @_ssdm_op_WriteResp.m_axi.p1i32, i32 %gmem_addr_1" [../MLP_baseline/mm.cpp:70]   --->   Operation 333 'writeresp' 'empty_53' <Predicate = (icmp_ln72_1)> <Delay = 7.30> <CoreInst = "m_axi">   --->   Core 111 'm_axi' <Latency = 3> <II = 1> <Delay = 1.00> <Adapter> <Opcode : 'read' 'write' 'readreq' 'writereq' 'writeresp'>

State 54 <SV = 24> <Delay = 7.30>
ST_54 : Operation 334 [4/5] (7.30ns)   --->   "%empty_53 = writeresp i1 @_ssdm_op_WriteResp.m_axi.p1i32, i32 %gmem_addr_1" [../MLP_baseline/mm.cpp:70]   --->   Operation 334 'writeresp' 'empty_53' <Predicate = (icmp_ln72_1)> <Delay = 7.30> <CoreInst = "m_axi">   --->   Core 111 'm_axi' <Latency = 3> <II = 1> <Delay = 1.00> <Adapter> <Opcode : 'read' 'write' 'readreq' 'writereq' 'writeresp'>

State 55 <SV = 25> <Delay = 7.30>
ST_55 : Operation 335 [3/5] (7.30ns)   --->   "%empty_53 = writeresp i1 @_ssdm_op_WriteResp.m_axi.p1i32, i32 %gmem_addr_1" [../MLP_baseline/mm.cpp:70]   --->   Operation 335 'writeresp' 'empty_53' <Predicate = (icmp_ln72_1)> <Delay = 7.30> <CoreInst = "m_axi">   --->   Core 111 'm_axi' <Latency = 3> <II = 1> <Delay = 1.00> <Adapter> <Opcode : 'read' 'write' 'readreq' 'writereq' 'writeresp'>

State 56 <SV = 26> <Delay = 7.30>
ST_56 : Operation 336 [2/5] (7.30ns)   --->   "%empty_53 = writeresp i1 @_ssdm_op_WriteResp.m_axi.p1i32, i32 %gmem_addr_1" [../MLP_baseline/mm.cpp:70]   --->   Operation 336 'writeresp' 'empty_53' <Predicate = (icmp_ln72_1)> <Delay = 7.30> <CoreInst = "m_axi">   --->   Core 111 'm_axi' <Latency = 3> <II = 1> <Delay = 1.00> <Adapter> <Opcode : 'read' 'write' 'readreq' 'writereq' 'writeresp'>

State 57 <SV = 27> <Delay = 7.30>
ST_57 : Operation 337 [1/5] (7.30ns)   --->   "%empty_53 = writeresp i1 @_ssdm_op_WriteResp.m_axi.p1i32, i32 %gmem_addr_1" [../MLP_baseline/mm.cpp:70]   --->   Operation 337 'writeresp' 'empty_53' <Predicate = (icmp_ln72_1)> <Delay = 7.30> <CoreInst = "m_axi">   --->   Core 111 'm_axi' <Latency = 3> <II = 1> <Delay = 1.00> <Adapter> <Opcode : 'read' 'write' 'readreq' 'writereq' 'writeresp'>
ST_57 : Operation 338 [1/1] (0.00ns)   --->   "%br_ln72 = br void %new.latch.for.inc96.split" [../MLP_baseline/mm.cpp:72]   --->   Operation 338 'br' 'br_ln72' <Predicate = (icmp_ln72_1)> <Delay = 0.00>

State 58 <SV = 17> <Delay = 0.00>
ST_58 : Operation 339 [1/1] (0.00ns)   --->   "%br_ln38 = br void %VITIS_LOOP_43_3" [../MLP_baseline/mm.cpp:38]   --->   Operation 339 'br' 'br_ln38' <Predicate = true> <Delay = 0.00>


============================================================
+ Verbose Summary: Binding
============================================================
STG Binding: 
---------------- STG Properties BEGIN ----------------
- Is combinational: 0
- Is one-state seq: 0
- Is datapath-only: 0
- Is pipelined: 0
- Is top level: 1
Port [ Return ] is wired: 1; IO mode=ap_ctrl_hs:ce=0
Port [ gmem]:  wired=1; compound=1; hidden=0; nouse=0; global=0; static=0; extern=0; dir=2; type=4; pingpong=0; private_global=0; IO mode=m_axi:ce=0
Port [ A]:  wired=1; compound=0; hidden=0; nouse=0; global=0; static=0; extern=0; dir=0; type=0; pingpong=0; private_global=0; IO mode=ap_none:ce=0
Port [ B]:  wired=1; compound=0; hidden=0; nouse=0; global=0; static=0; extern=0; dir=0; type=0; pingpong=0; private_global=0; IO mode=ap_none:ce=0
Port [ C]:  wired=1; compound=0; hidden=0; nouse=0; global=0; static=0; extern=0; dir=0; type=0; pingpong=0; private_global=0; IO mode=ap_none:ce=0
Port [ ABC]:  wired=1; compound=0; hidden=0; nouse=0; global=0; static=0; extern=0; dir=0; type=0; pingpong=0; private_global=0; IO mode=ap_none:ce=0
Port [ N]:  wired=1; compound=0; hidden=0; nouse=0; global=0; static=0; extern=0; dir=0; type=0; pingpong=0; private_global=0; IO mode=ap_none:ce=0
Port [ M]:  wired=1; compound=0; hidden=0; nouse=0; global=0; static=0; extern=0; dir=0; type=0; pingpong=0; private_global=0; IO mode=ap_none:ce=0
Port [ P]:  wired=1; compound=0; hidden=0; nouse=0; global=0; static=0; extern=0; dir=0; type=0; pingpong=0; private_global=0; IO mode=ap_none:ce=0
---------------- STG Properties END ------------------

---------------- Datapath Model BEGIN ----------------

<LifeTime>
<method=bitvector/>
phi_mul19              (alloca           ) [ 01111111111111111111111111111111111111111111111111111111111]
ib                     (alloca           ) [ 01111111111111111111111111111111111111111111111111111111111]
spectopmodule_ln7      (spectopmodule    ) [ 00000000000000000000000000000000000000000000000000000000000]
specinterface_ln0      (specinterface    ) [ 00000000000000000000000000000000000000000000000000000000000]
specbitsmap_ln0        (specbitsmap      ) [ 00000000000000000000000000000000000000000000000000000000000]
specinterface_ln0      (specinterface    ) [ 00000000000000000000000000000000000000000000000000000000000]
specinterface_ln0      (specinterface    ) [ 00000000000000000000000000000000000000000000000000000000000]
specinterface_ln0      (specinterface    ) [ 00000000000000000000000000000000000000000000000000000000000]
specinterface_ln0      (specinterface    ) [ 00000000000000000000000000000000000000000000000000000000000]
specinterface_ln0      (specinterface    ) [ 00000000000000000000000000000000000000000000000000000000000]
specinterface_ln0      (specinterface    ) [ 00000000000000000000000000000000000000000000000000000000000]
specinterface_ln0      (specinterface    ) [ 00000000000000000000000000000000000000000000000000000000000]
specinterface_ln0      (specinterface    ) [ 00000000000000000000000000000000000000000000000000000000000]
specbitsmap_ln0        (specbitsmap      ) [ 00000000000000000000000000000000000000000000000000000000000]
specinterface_ln0      (specinterface    ) [ 00000000000000000000000000000000000000000000000000000000000]
specinterface_ln0      (specinterface    ) [ 00000000000000000000000000000000000000000000000000000000000]
specbitsmap_ln0        (specbitsmap      ) [ 00000000000000000000000000000000000000000000000000000000000]
specinterface_ln0      (specinterface    ) [ 00000000000000000000000000000000000000000000000000000000000]
specinterface_ln0      (specinterface    ) [ 00000000000000000000000000000000000000000000000000000000000]
specbitsmap_ln0        (specbitsmap      ) [ 00000000000000000000000000000000000000000000000000000000000]
specinterface_ln0      (specinterface    ) [ 00000000000000000000000000000000000000000000000000000000000]
specinterface_ln0      (specinterface    ) [ 00000000000000000000000000000000000000000000000000000000000]
specinterface_ln0      (specinterface    ) [ 00000000000000000000000000000000000000000000000000000000000]
P_read                 (read             ) [ 00000000000000000000000000000000000000000000000000000000000]
M_read                 (read             ) [ 00000000000000000000000000000000000000000000000000000000000]
N_read                 (read             ) [ 00000000000000000000000000000000000000000000000000000000000]
ABC_read               (read             ) [ 00111111111111111111111111111111111111111111111111111111111]
C_read                 (read             ) [ 00111111111111111111111111111111111111111111111111111111111]
B_read                 (read             ) [ 00111111111111111111111111111111111111111111111111111111111]
A_read                 (read             ) [ 00111111111111111111111111111111111111111111111111111111111]
AB_block               (alloca           ) [ 00111111111111111111111111111111111111111111111111111111111]
tmp_17                 (bitselect        ) [ 00000000000000000000000000000000000000000000000000000000000]
p_neg9                 (sub              ) [ 00000000000000000000000000000000000000000000000000000000000]
tmp_1                  (partselect       ) [ 00000000000000000000000000000000000000000000000000000000000]
p_neg_t11              (sub              ) [ 00000000000000000000000000000000000000000000000000000000000]
tmp_2                  (partselect       ) [ 00000000000000000000000000000000000000000000000000000000000]
div                    (select           ) [ 00111111111111111111111111111111111111111111111111111111111]
tmp_18                 (bitselect        ) [ 00000000000000000000000000000000000000000000000000000000000]
p_neg3                 (sub              ) [ 00000000000000000000000000000000000000000000000000000000000]
tmp_3                  (partselect       ) [ 00000000000000000000000000000000000000000000000000000000000]
p_neg_t5               (sub              ) [ 00000000000000000000000000000000000000000000000000000000000]
tmp_4                  (partselect       ) [ 00000000000000000000000000000000000000000000000000000000000]
div2                   (select           ) [ 00111111111111111111111111111111111111111111111111111111111]
tmp_19                 (bitselect        ) [ 00000000000000000000000000000000000000000000000000000000000]
p_neg                  (sub              ) [ 00000000000000000000000000000000000000000000000000000000000]
tmp_5                  (partselect       ) [ 00000000000000000000000000000000000000000000000000000000000]
p_neg_t                (sub              ) [ 00000000000000000000000000000000000000000000000000000000000]
tmp_6                  (partselect       ) [ 00000000000000000000000000000000000000000000000000000000000]
div22                  (select           ) [ 00111111111111111111111111111111111111111111111111111111111]
sext_ln35              (sext             ) [ 00111111111111111111111111111111111111111111111111111111111]
sext_ln35_1            (sext             ) [ 00111111111111111111111111111111111111111111111111111111111]
sext_ln35_3            (sext             ) [ 00111111111111111111111111111111111111111111111111111111111]
sext_ln35_2            (sext             ) [ 00111111111111111111111111111111111111111111111111111111111]
store_ln35             (store            ) [ 00000000000000000000000000000000000000000000000000000000000]
store_ln0              (store            ) [ 00000000000000000000000000000000000000000000000000000000000]
br_ln35                (br               ) [ 00000000000000000000000000000000000000000000000000000000000]
phi_mul19_load         (load             ) [ 00000000000000000000000000000000000000000000000000000000000]
ib_1                   (load             ) [ 00000000000000000000000000000000000000000000000000000000000]
add_ln35_1             (add              ) [ 00011111111111111111111111111111111111111111111111111111111]
zext_ln35              (zext             ) [ 00000000000000000000000000000000000000000000000000000000000]
icmp_ln35              (icmp             ) [ 00111111111111111111111111111111111111111111111111111111111]
add_ln35               (add              ) [ 00011111111111111111111111111111111111111111111111111111111]
br_ln35                (br               ) [ 00000000000000000000000000000000000000000000000000000000000]
specpipeline_ln37      (specpipeline     ) [ 00000000000000000000000000000000000000000000000000000000000]
speclooptripcount_ln36 (speclooptripcount) [ 00000000000000000000000000000000000000000000000000000000000]
specloopname_ln35      (specloopname     ) [ 00000000000000000000000000000000000000000000000000000000000]
tmp_7                  (bitconcatenate   ) [ 00011111111111111111111111111111111111111111111111111111111]
tmp_8                  (bitconcatenate   ) [ 00000000000000000000000000000000000000000000000000000000000]
p_cast16               (zext             ) [ 00000000000000000000000000000000000000000000000000000000000]
empty                  (add              ) [ 00000000000000000000000000000000000000000000000000000000000]
tmp_9                  (bitconcatenate   ) [ 00000000000000000000000000000000000000000000000000000000000]
tmp_9_cast             (zext             ) [ 00011111111111111111111111111111111111111111111111111111111]
p_cast6                (partselect       ) [ 00000000000000000000000000000000000000000000000000000000000]
p_cast6_cast           (sext             ) [ 00000000000000000000000000000000000000000000000000000000000]
gmem_addr              (getelementptr    ) [ 00011111111111111111111111111111111111111111111111111111111]
br_ln38                (br               ) [ 00111111111111111111111111111111111111111111111111111111111]
ret_ln78               (ret              ) [ 00000000000000000000000000000000000000000000000000000000000]
jb                     (phi              ) [ 00011111111111110000000000000000000000000000000000000000000]
zext_ln38              (zext             ) [ 00000000000000000000000000000000000000000000000000000000000]
icmp_ln38              (icmp             ) [ 00111111111111111111111111111111111111111111111111111111111]
add_ln38               (add              ) [ 00111111111111111111111111111111111111111111111111111111111]
br_ln38                (br               ) [ 00000000000000000000000000000000000000000000000000000000000]
store_ln35             (store            ) [ 00000000000000000000000000000000000000000000000000000000000]
store_ln35             (store            ) [ 00000000000000000000000000000000000000000000000000000000000]
br_ln35                (br               ) [ 00000000000000000000000000000000000000000000000000000000000]
specpipeline_ln40      (specpipeline     ) [ 00000000000000000000000000000000000000000000000000000000000]
speclooptripcount_ln39 (speclooptripcount) [ 00000000000000000000000000000000000000000000000000000000000]
specloopname_ln38      (specloopname     ) [ 00000000000000000000000000000000000000000000000000000000000]
empty_48               (readreq          ) [ 00000000000000000000000000000000000000000000000000000000000]
br_ln43                (br               ) [ 00111111111111111111111111111111111111111111111111111111111]
indvar_flatten         (phi              ) [ 00000000000010000000000000000000000000000000000000000000000]
j                      (phi              ) [ 00000000000010000000000000000000000000000000000000000000000]
icmp_ln43              (icmp             ) [ 00111111111111111111111111111111111111111111111111111111111]
add_ln43_1             (add              ) [ 00111111111111111111111111111111111111111111111111111111111]
br_ln43                (br               ) [ 00000000000000000000000000000000000000000000000000000000000]
icmp_ln45              (icmp             ) [ 00000000000011000000000000000000000000000000000000000000000]
select_ln44            (select           ) [ 00000000000011000000000000000000000000000000000000000000000]
first_iter_0           (icmp             ) [ 00000000000011100000000000000000000000000000000000000000000]
add_ln45               (add              ) [ 00111111111111111111111111111111111111111111111111111111111]
i                      (phi              ) [ 00000000000011000000000000000000000000000000000000000000000]
add_ln43               (add              ) [ 00000000000000000000000000000000000000000000000000000000000]
select_ln43            (select           ) [ 00111111111111111111111111111111111111111111111111111111111]
empty_49               (trunc            ) [ 00000000000000000000000000000000000000000000000000000000000]
gmem_addr_read         (read             ) [ 00000000000010100000000000000000000000000000000000000000000]
tmp_s                  (bitconcatenate   ) [ 00000000000000000000000000000000000000000000000000000000000]
zext_ln46              (zext             ) [ 00000000000000000000000000000000000000000000000000000000000]
add_ln46               (add              ) [ 00000000000010100000000000000000000000000000000000000000000]
gmem_addr_read1        (phi              ) [ 00000000000011100000000000000000000000000000000000000000000]
specpipeline_ln44      (specpipeline     ) [ 00000000000000000000000000000000000000000000000000000000000]
specpipeline_ln44      (specpipeline     ) [ 00000000000000000000000000000000000000000000000000000000000]
specloopname_ln0       (specloopname     ) [ 00000000000000000000000000000000000000000000000000000000000]
speclooptripcount_ln0  (speclooptripcount) [ 00000000000000000000000000000000000000000000000000000000000]
specpipeline_ln44      (specpipeline     ) [ 00000000000000000000000000000000000000000000000000000000000]
br_ln45                (br               ) [ 00000000000000000000000000000000000000000000000000000000000]
br_ln45                (br               ) [ 00000000000000000000000000000000000000000000000000000000000]
gmem_addr_read2        (phi              ) [ 00111111111110111111111111111111111111111111111111111111111]
zext_ln46_1            (zext             ) [ 00000000000000000000000000000000000000000000000000000000000]
AB_block_addr          (getelementptr    ) [ 00000000000000000000000000000000000000000000000000000000000]
specpipeline_ln45      (specpipeline     ) [ 00000000000000000000000000000000000000000000000000000000000]
store_ln46             (store            ) [ 00000000000000000000000000000000000000000000000000000000000]
br_ln45                (br               ) [ 00111111111111111111111111111111111111111111111111111111111]
shl_ln                 (bitconcatenate   ) [ 00000000000000000000000000000000000000000000000000000000000]
zext_ln51              (zext             ) [ 00000000000000001111111111111111111111111111111111111111110]
zext_ln51_1            (zext             ) [ 00000000000000001111111111111111111111111111110000000000000]
br_ln51                (br               ) [ 00111111111111111111111111111111111111111111111111111111111]
kb                     (phi              ) [ 00000000000000001000000000000000000000000000000000000000000]
phi_mul14              (phi              ) [ 00000000000000001000000000000000000000000000000000000000000]
add_ln51_1             (add              ) [ 00111111111111111111111111111111111111111111111111111111111]
zext_ln51_2            (zext             ) [ 00000000000000000000000000000000000000000000000000000000000]
icmp_ln51              (icmp             ) [ 00111111111111111111111111111111111111111111111111111111111]
add_ln51               (add              ) [ 00111111111111111111111111111111111111111111111111111111111]
br_ln51                (br               ) [ 00000000000000000000000000000000000000000000000000000000000]
specpipeline_ln53      (specpipeline     ) [ 00000000000000000000000000000000000000000000000000000000000]
speclooptripcount_ln52 (speclooptripcount) [ 00000000000000000000000000000000000000000000000000000000000]
specloopname_ln51      (specloopname     ) [ 00000000000000000000000000000000000000000000000000000000000]
tmp_10                 (bitconcatenate   ) [ 00000000000000000111111111111111111111111111110000000000000]
tmp_11                 (bitconcatenate   ) [ 00000000000000000000000000000000000000000000000000000000000]
zext_ln54              (zext             ) [ 00000000000000000111111111111111111111111111110000000000000]
br_ln54                (br               ) [ 00111111111111111111111111111111111111111111111111111111111]
br_ln71                (br               ) [ 00111111111111111111111111111111111111111111111111111111111]
k                      (phi              ) [ 00000000000000000110000000000000000000000000000000000000000]
phi_mul                (phi              ) [ 00000000000000000100000000000000000000000000000000000000000]
add_ln54_1             (add              ) [ 00111111111111111111111111111111111111111111111111111111111]
icmp_ln54              (icmp             ) [ 00111111111111111111111111111111111111111111111111111111111]
add_ln54               (add              ) [ 00111111111111111111111111111111111111111111111111111111111]
br_ln54                (br               ) [ 00000000000000000000000000000000000000000000000000000000000]
tmp                    (add              ) [ 00000000000000000000000000000000000000000000000000000000000]
tmp_cast               (sext             ) [ 00000000000000000000000000000000000000000000000000000000000]
empty_50               (add              ) [ 00000000000000000010000000000000000000000000000000000000000]
br_ln51                (br               ) [ 00111111111111111111111111111111111111111111111111111111111]
zext_ln54_1            (zext             ) [ 00000000000000000001111111111111111111111111110000000000000]
specpipeline_ln55      (specpipeline     ) [ 00000000000000000000000000000000000000000000000000000000000]
speclooptripcount_ln54 (speclooptripcount) [ 00000000000000000000000000000000000000000000000000000000000]
specloopname_ln54      (specloopname     ) [ 00000000000000000000000000000000000000000000000000000000000]
tmp_12                 (bitconcatenate   ) [ 00000000000000000000000000000000000000000000000000000000000]
empty_51               (add              ) [ 00000000000000000000000000000000000000000000000000000000000]
trunc_ln               (partselect       ) [ 00000000000000000000000000000000000000000000000000000000000]
sext_ln56              (sext             ) [ 00000000000000000001111111111111111111111111110000000000000]
br_ln56                (br               ) [ 00111111111111111111111111111111111111111111111111111111111]
j_1                    (phi              ) [ 00000000000000000001111111111000000000000000000000000000000]
icmp_ln56              (icmp             ) [ 00111111111111111111111111111111111111111111111111111111111]
add_ln56               (add              ) [ 00111111111111111111111111111111111111111111111111111111111]
br_ln56                (br               ) [ 00000000000000000000000000000000000000000000000000000000000]
zext_ln56_1            (zext             ) [ 00000000000000000000000000000000000000000000000000000000000]
add_ln58               (add              ) [ 00000000000000000000000000000000000000000000000000000000000]
sext_ln58              (sext             ) [ 00000000000000000000000000000000000000000000000000000000000]
gmem_addr_2            (getelementptr    ) [ 00000000000000000000111111111000000000000000000000000000000]
br_ln54                (br               ) [ 00111111111111111111111111111111111111111111111111111111111]
Btemp_req              (readreq          ) [ 00000000000000000000000000000000000000000000000000000000000]
zext_ln56              (zext             ) [ 00000000000000000000000000000111111111111111110000000000000]
specpipeline_ln57      (specpipeline     ) [ 00000000000000000000000000000000000000000000000000000000000]
speclooptripcount_ln56 (speclooptripcount) [ 00000000000000000000000000000000000000000000000000000000000]
specloopname_ln56      (specloopname     ) [ 00000000000000000000000000000000000000000000000000000000000]
Btemp                  (read             ) [ 00000000000000000000000000000111111111111111110000000000000]
br_ln60                (br               ) [ 00111111111111111111111111111111111111111111111111111111111]
i_2                    (phi              ) [ 00000000000000000000000000000100000000000000000000000000000]
icmp_ln60              (icmp             ) [ 00111111111111111111111111111111111111111111111111111111111]
add_ln60               (add              ) [ 00111111111111111111111111111111111111111111111111111111111]
br_ln60                (br               ) [ 00000000000000000000000000000000000000000000000000000000000]
trunc_ln60             (trunc            ) [ 00000000000000000000000000000000000000000000000000000000000]
tmp_15                 (bitconcatenate   ) [ 00000000000000000000000000000000000000000000000000000000000]
add_ln63_1             (add              ) [ 00000000000000000000000000000011111111111111000000000000000]
zext_ln60              (zext             ) [ 00000000000000000000000000000000000000000000000000000000000]
add_ln62               (add              ) [ 00000000000000000000000000000010000000000000000000000000000]
br_ln56                (br               ) [ 00111111111111111111111111111111111111111111111111111111111]
zext_ln62              (zext             ) [ 00000000000000000000000000000001000000000000000000000000000]
mul_ln62               (mul              ) [ 00000000000000000000000000000000100000000000000000000000000]
add_ln62_1             (add              ) [ 00000000000000000000000000000000000000000000000000000000000]
add_ln62_3             (add              ) [ 00000000000000000000000000000000010000000000000000000000000]
shl_ln1                (bitconcatenate   ) [ 00000000000000000000000000000000000000000000000000000000000]
add_ln62_2             (add              ) [ 00000000000000000000000000000000000000000000000000000000000]
trunc_ln2              (partselect       ) [ 00000000000000000000000000000000000000000000000000000000000]
sext_ln62              (sext             ) [ 00000000000000000000000000000000000000000000000000000000000]
gmem_addr_3            (getelementptr    ) [ 00000000000000000000000000000000001111111110000000000000000]
Atemp_req              (readreq          ) [ 00000000000000000000000000000000000000000000000000000000000]
Atemp                  (read             ) [ 00000000000000000000000000000000000000000001100000000000000]
zext_ln63              (zext             ) [ 00000000000000000000000000000000000000000000000000000000000]
AB_block_addr_2        (getelementptr    ) [ 00000000000000000000000000000000000000000000110000000000000]
mul_ln63               (mul              ) [ 00000000000000000000000000000000000000000000010000000000000]
AB_block_load_1        (load             ) [ 00000000000000000000000000000000000000000000010000000000000]
specpipeline_ln61      (specpipeline     ) [ 00000000000000000000000000000000000000000000000000000000000]
speclooptripcount_ln60 (speclooptripcount) [ 00000000000000000000000000000000000000000000000000000000000]
specloopname_ln60      (specloopname     ) [ 00000000000000000000000000000000000000000000000000000000000]
add_ln63               (add              ) [ 00000000000000000000000000000000000000000000000000000000000]
store_ln63             (store            ) [ 00000000000000000000000000000000000000000000000000000000000]
br_ln60                (br               ) [ 00111111111111111111111111111111111111111111111111111111111]
indvar_flatten8        (phi              ) [ 00000000000000000000000000000000000000000000001111111111110]
i_1                    (phi              ) [ 00000000000000000000000000000000000000000000001111111111110]
j_2                    (phi              ) [ 00000000000000000000000000000000000000000000001111111111110]
specpipeline_ln71      (specpipeline     ) [ 00000000000000000000000000000000000000000000000000000000000]
icmp_ln70              (icmp             ) [ 00111111111111111111111111111111111111111111111111111111111]
add_ln70_1             (add              ) [ 00111111111111111111111111111111111111111111111111111111111]
br_ln70                (br               ) [ 00000000000000000000000000000000000000000000000000000000000]
add_ln70               (add              ) [ 00000000000000000000000000000000000000000000000000000000000]
icmp_ln72              (icmp             ) [ 00000000000000000000000000000000000000000000000000000000000]
select_ln71            (select           ) [ 00000000000000000000000000000000000000000000000000000000000]
select_ln70            (select           ) [ 00111111111111111111111111111111111111111111111111111111111]
empty_54               (trunc            ) [ 00000000000000000000000000000000000000000000000000000000000]
first_iter_1           (icmp             ) [ 00000000000000000000000000000000000000000000001111110000000]
br_ln72                (br               ) [ 00000000000000000000000000000000000000000000000000000000000]
tmp_14                 (bitconcatenate   ) [ 00000000000000000000000000000000000000000000000000000000000]
zext_ln73              (zext             ) [ 00000000000000000000000000000000000000000000000000000000000]
add_ln73               (add              ) [ 00000000000000000000000000000000000000000000001111100000000]
add_ln72               (add              ) [ 00111111111111111111111111111111111111111111111111111111111]
icmp_ln72_1            (icmp             ) [ 00000000000000000000000000000000000000000000001111111111110]
br_ln72                (br               ) [ 00000000000000000000000000000000000000000000000000000000000]
br_ln72                (br               ) [ 00111111111111111111111111111111111111111111111111111111111]
zext_ln70              (zext             ) [ 00000000000000000000000000000000000000000000001010000000000]
empty_55               (mul              ) [ 00000000000000000000000000000000000000000000001001000000000]
p_cast12               (sext             ) [ 00000000000000000000000000000000000000000000000000000000000]
tmp2                   (add              ) [ 00000000000000000000000000000000000000000000000000000000000]
empty_56               (add              ) [ 00000000000000000000000000000000000000000000001000100000000]
specpipeline_ln71      (specpipeline     ) [ 00000000000000000000000000000000000000000000000000000000000]
specloopname_ln0       (specloopname     ) [ 00000000000000000000000000000000000000000000000000000000000]
speclooptripcount_ln0  (speclooptripcount) [ 00000000000000000000000000000000000000000000000000000000000]
specpipeline_ln71      (specpipeline     ) [ 00000000000000000000000000000000000000000000000000000000000]
tmp_13                 (bitconcatenate   ) [ 00000000000000000000000000000000000000000000000000000000000]
empty_57               (add              ) [ 00000000000000000000000000000000000000000000000000000000000]
trunc_ln1              (partselect       ) [ 00000000000000000000000000000000000000000000000000000000000]
sext_ln72              (sext             ) [ 00000000000000000000000000000000000000000000000000000000000]
gmem_addr_1            (getelementptr    ) [ 00000000000000000000000000000000000000000000001000011111110]
zext_ln73_1            (zext             ) [ 00000000000000000000000000000000000000000000000000000000000]
AB_block_addr_1        (getelementptr    ) [ 00000000000000000000000000000000000000000000001000010000000]
empty_52               (writereq         ) [ 00000000000000000000000000000000000000000000000000000000000]
br_ln72                (br               ) [ 00000000000000000000000000000000000000000000000000000000000]
AB_block_load          (load             ) [ 00000000000000000000000000000000000000000000001000001000000]
specpipeline_ln72      (specpipeline     ) [ 00000000000000000000000000000000000000000000000000000000000]
write_ln73             (write            ) [ 00000000000000000000000000000000000000000000000000000000000]
empty_53               (writeresp        ) [ 00000000000000000000000000000000000000000000000000000000000]
br_ln72                (br               ) [ 00000000000000000000000000000000000000000000000000000000000]
br_ln38                (br               ) [ 00111111111111111111111111111111111111111111111111111111111]
</LifeTime>

<model>

<comp_list>
<comp id="0" class="1000" name="gmem">
<pin_list>
<pin id="1" dir="1" index="0" bw="1" slack="0"/>
</pin_list>
<bind>
<StgValue><ssdm name="gmem"/><MemPortTyVec>2 </MemPortTyVec>
</StgValue>
</bind>
</comp>

<comp id="2" class="1000" name="A">
<pin_list>
<pin id="3" dir="1" index="0" bw="1" slack="0"/>
</pin_list>
<bind>
<StgValue><ssdm name="A"/></StgValue>
</bind>
</comp>

<comp id="4" class="1000" name="B">
<pin_list>
<pin id="5" dir="1" index="0" bw="1" slack="0"/>
</pin_list>
<bind>
<StgValue><ssdm name="B"/></StgValue>
</bind>
</comp>

<comp id="6" class="1000" name="C">
<pin_list>
<pin id="7" dir="1" index="0" bw="1" slack="0"/>
</pin_list>
<bind>
<StgValue><ssdm name="C"/></StgValue>
</bind>
</comp>

<comp id="8" class="1000" name="ABC">
<pin_list>
<pin id="9" dir="1" index="0" bw="1" slack="0"/>
</pin_list>
<bind>
<StgValue><ssdm name="ABC"/></StgValue>
</bind>
</comp>

<comp id="10" class="1000" name="N">
<pin_list>
<pin id="11" dir="1" index="0" bw="1" slack="0"/>
</pin_list>
<bind>
<StgValue><ssdm name="N"/></StgValue>
</bind>
</comp>

<comp id="12" class="1000" name="M">
<pin_list>
<pin id="13" dir="1" index="0" bw="1" slack="0"/>
</pin_list>
<bind>
<StgValue><ssdm name="M"/></StgValue>
</bind>
</comp>

<comp id="14" class="1000" name="P">
<pin_list>
<pin id="15" dir="1" index="0" bw="1" slack="0"/>
</pin_list>
<bind>
<StgValue><ssdm name="P"/></StgValue>
</bind>
</comp>

<comp id="16" class="1001" name="const_16">
<pin_list>
<pin id="17" dir="1" index="0" bw="1" slack="0"/>
</pin_list>
<bind>
<StgValue><ssdm name=""/></StgValue>
</bind>
</comp>

<comp id="18" class="1001" name="const_18">
<pin_list>
<pin id="19" dir="1" index="0" bw="1" slack="2147483647"/>
</pin_list>
<bind>
<StgValue><ssdm name="_ssdm_op_SpecTopModule"/></StgValue>
</bind>
</comp>

<comp id="20" class="1001" name="const_20">
<pin_list>
<pin id="21" dir="1" index="0" bw="1" slack="2147483647"/>
</pin_list>
<bind>
<StgValue><ssdm name="empty_15"/></StgValue>
</bind>
</comp>

<comp id="22" class="1001" name="const_22">
<pin_list>
<pin id="23" dir="1" index="0" bw="1" slack="2147483647"/>
</pin_list>
<bind>
<StgValue><ssdm name="_ssdm_op_SpecInterface"/></StgValue>
</bind>
</comp>

<comp id="24" class="1001" name="const_24">
<pin_list>
<pin id="25" dir="1" index="0" bw="1" slack="2147483647"/>
</pin_list>
<bind>
<StgValue><ssdm name="empty"/></StgValue>
</bind>
</comp>

<comp id="26" class="1001" name="const_26">
<pin_list>
<pin id="27" dir="1" index="0" bw="1" slack="0"/>
</pin_list>
<bind>
<StgValue><ssdm name=""/></StgValue>
</bind>
</comp>

<comp id="28" class="1001" name="const_28">
<pin_list>
<pin id="29" dir="1" index="0" bw="1" slack="2147483647"/>
</pin_list>
<bind>
<StgValue><ssdm name="empty_0"/></StgValue>
</bind>
</comp>

<comp id="30" class="1001" name="const_30">
<pin_list>
<pin id="31" dir="1" index="0" bw="1" slack="2147483647"/>
</pin_list>
<bind>
<StgValue><ssdm name=""/></StgValue>
</bind>
</comp>

<comp id="32" class="1001" name="const_32">
<pin_list>
<pin id="33" dir="1" index="0" bw="1" slack="2147483647"/>
</pin_list>
<bind>
<StgValue><ssdm name="empty_1"/></StgValue>
</bind>
</comp>

<comp id="34" class="1001" name="const_34">
<pin_list>
<pin id="35" dir="1" index="0" bw="1" slack="2147483647"/>
</pin_list>
<bind>
<StgValue><ssdm name="empty_2"/></StgValue>
</bind>
</comp>

<comp id="36" class="1001" name="const_36">
<pin_list>
<pin id="37" dir="1" index="0" bw="1" slack="2147483647"/>
</pin_list>
<bind>
<StgValue><ssdm name=""/></StgValue>
</bind>
</comp>

<comp id="38" class="1001" name="const_38">
<pin_list>
<pin id="39" dir="1" index="0" bw="1" slack="2147483647"/>
</pin_list>
<bind>
<StgValue><ssdm name=""/></StgValue>
</bind>
</comp>

<comp id="40" class="1001" name="const_40">
<pin_list>
<pin id="41" dir="1" index="0" bw="1" slack="2147483647"/>
</pin_list>
<bind>
<StgValue><ssdm name="_ssdm_op_SpecBitsMap"/></StgValue>
</bind>
</comp>

<comp id="42" class="1001" name="const_42">
<pin_list>
<pin id="43" dir="1" index="0" bw="1" slack="2147483647"/>
</pin_list>
<bind>
<StgValue><ssdm name="empty_3"/></StgValue>
</bind>
</comp>

<comp id="44" class="1001" name="const_44">
<pin_list>
<pin id="45" dir="1" index="0" bw="1" slack="2147483647"/>
</pin_list>
<bind>
<StgValue><ssdm name="empty_4"/></StgValue>
</bind>
</comp>

<comp id="46" class="1001" name="const_46">
<pin_list>
<pin id="47" dir="1" index="0" bw="1" slack="2147483647"/>
</pin_list>
<bind>
<StgValue><ssdm name="empty_5"/></StgValue>
</bind>
</comp>

<comp id="48" class="1001" name="const_48">
<pin_list>
<pin id="49" dir="1" index="0" bw="1" slack="2147483647"/>
</pin_list>
<bind>
<StgValue><ssdm name="empty_6"/></StgValue>
</bind>
</comp>

<comp id="50" class="1001" name="const_50">
<pin_list>
<pin id="51" dir="1" index="0" bw="1" slack="2147483647"/>
</pin_list>
<bind>
<StgValue><ssdm name="empty_7"/></StgValue>
</bind>
</comp>

<comp id="52" class="1001" name="const_52">
<pin_list>
<pin id="53" dir="1" index="0" bw="1" slack="2147483647"/>
</pin_list>
<bind>
<StgValue><ssdm name="empty_8"/></StgValue>
</bind>
</comp>

<comp id="54" class="1001" name="const_54">
<pin_list>
<pin id="55" dir="1" index="0" bw="1" slack="2147483647"/>
</pin_list>
<bind>
<StgValue><ssdm name="empty_9"/></StgValue>
</bind>
</comp>

<comp id="56" class="1001" name="const_56">
<pin_list>
<pin id="57" dir="1" index="0" bw="1" slack="2147483647"/>
</pin_list>
<bind>
<StgValue><ssdm name="empty_10"/></StgValue>
</bind>
</comp>

<comp id="58" class="1001" name="const_58">
<pin_list>
<pin id="59" dir="1" index="0" bw="1" slack="2147483647"/>
</pin_list>
<bind>
<StgValue><ssdm name="empty_11"/></StgValue>
</bind>
</comp>

<comp id="60" class="1001" name="const_60">
<pin_list>
<pin id="61" dir="1" index="0" bw="1" slack="2147483647"/>
</pin_list>
<bind>
<StgValue><ssdm name="empty_12"/></StgValue>
</bind>
</comp>

<comp id="62" class="1001" name="const_62">
<pin_list>
<pin id="63" dir="1" index="0" bw="1" slack="2147483647"/>
</pin_list>
<bind>
<StgValue><ssdm name="empty_13"/></StgValue>
</bind>
</comp>

<comp id="64" class="1001" name="const_64">
<pin_list>
<pin id="65" dir="1" index="0" bw="1" slack="2147483647"/>
</pin_list>
<bind>
<StgValue><ssdm name="empty_14"/></StgValue>
</bind>
</comp>

<comp id="66" class="1001" name="const_66">
<pin_list>
<pin id="67" dir="1" index="0" bw="1" slack="0"/>
</pin_list>
<bind>
<StgValue><ssdm name="_ssdm_op_Read.s_axilite.i32"/></StgValue>
</bind>
</comp>

<comp id="68" class="1001" name="const_68">
<pin_list>
<pin id="69" dir="1" index="0" bw="1" slack="0"/>
</pin_list>
<bind>
<StgValue><ssdm name="_ssdm_op_Read.s_axilite.i64"/></StgValue>
</bind>
</comp>

<comp id="70" class="1001" name="const_70">
<pin_list>
<pin id="71" dir="1" index="0" bw="1" slack="0"/>
</pin_list>
<bind>
<StgValue><ssdm name=""/></StgValue>
</bind>
</comp>

<comp id="72" class="1001" name="const_72">
<pin_list>
<pin id="73" dir="1" index="0" bw="1" slack="0"/>
</pin_list>
<bind>
<StgValue><ssdm name="_ssdm_op_BitSelect.i1.i32.i32"/></StgValue>
</bind>
</comp>

<comp id="74" class="1001" name="const_74">
<pin_list>
<pin id="75" dir="1" index="0" bw="1" slack="0"/>
</pin_list>
<bind>
<StgValue><ssdm name=""/></StgValue>
</bind>
</comp>

<comp id="76" class="1001" name="const_76">
<pin_list>
<pin id="77" dir="1" index="0" bw="1" slack="0"/>
</pin_list>
<bind>
<StgValue><ssdm name="_ssdm_op_PartSelect.i28.i32.i32.i32"/></StgValue>
</bind>
</comp>

<comp id="78" class="1001" name="const_78">
<pin_list>
<pin id="79" dir="1" index="0" bw="1" slack="0"/>
</pin_list>
<bind>
<StgValue><ssdm name=""/></StgValue>
</bind>
</comp>

<comp id="80" class="1001" name="const_80">
<pin_list>
<pin id="81" dir="1" index="0" bw="1" slack="0"/>
</pin_list>
<bind>
<StgValue><ssdm name=""/></StgValue>
</bind>
</comp>

<comp id="82" class="1001" name="const_82">
<pin_list>
<pin id="83" dir="1" index="0" bw="1" slack="0"/>
</pin_list>
<bind>
<StgValue><ssdm name=""/></StgValue>
</bind>
</comp>

<comp id="84" class="1001" name="const_84">
<pin_list>
<pin id="85" dir="1" index="0" bw="1" slack="0"/>
</pin_list>
<bind>
<StgValue><ssdm name=""/></StgValue>
</bind>
</comp>

<comp id="86" class="1001" name="const_86">
<pin_list>
<pin id="87" dir="1" index="0" bw="1" slack="0"/>
</pin_list>
<bind>
<StgValue><ssdm name=""/></StgValue>
</bind>
</comp>

<comp id="88" class="1001" name="const_88">
<pin_list>
<pin id="89" dir="1" index="0" bw="1" slack="2147483647"/>
</pin_list>
<bind>
<StgValue><ssdm name="_ssdm_op_SpecPipeline"/></StgValue>
</bind>
</comp>

<comp id="90" class="1001" name="const_90">
<pin_list>
<pin id="91" dir="1" index="0" bw="1" slack="2147483647"/>
</pin_list>
<bind>
<StgValue><ssdm name="_ssdm_op_SpecLoopTripCount"/></StgValue>
</bind>
</comp>

<comp id="92" class="1001" name="const_92">
<pin_list>
<pin id="93" dir="1" index="0" bw="1" slack="2147483647"/>
</pin_list>
<bind>
<StgValue><ssdm name=""/></StgValue>
</bind>
</comp>

<comp id="94" class="1001" name="const_94">
<pin_list>
<pin id="95" dir="1" index="0" bw="1" slack="2147483647"/>
</pin_list>
<bind>
<StgValue><ssdm name="_ssdm_op_SpecLoopName"/></StgValue>
</bind>
</comp>

<comp id="96" class="1001" name="const_96">
<pin_list>
<pin id="97" dir="1" index="0" bw="1" slack="2147483647"/>
</pin_list>
<bind>
<StgValue><ssdm name="empty_21"/></StgValue>
</bind>
</comp>

<comp id="98" class="1001" name="const_98">
<pin_list>
<pin id="99" dir="1" index="0" bw="1" slack="0"/>
</pin_list>
<bind>
<StgValue><ssdm name="_ssdm_op_BitConcatenate.i62.i58.i4"/></StgValue>
</bind>
</comp>

<comp id="100" class="1001" name="const_100">
<pin_list>
<pin id="101" dir="1" index="0" bw="1" slack="0"/>
</pin_list>
<bind>
<StgValue><ssdm name=""/></StgValue>
</bind>
</comp>

<comp id="102" class="1001" name="const_102">
<pin_list>
<pin id="103" dir="1" index="0" bw="1" slack="0"/>
</pin_list>
<bind>
<StgValue><ssdm name="_ssdm_op_BitConcatenate.i33.i27.i6"/></StgValue>
</bind>
</comp>

<comp id="104" class="1001" name="const_104">
<pin_list>
<pin id="105" dir="1" index="0" bw="1" slack="0"/>
</pin_list>
<bind>
<StgValue><ssdm name=""/></StgValue>
</bind>
</comp>

<comp id="106" class="1001" name="const_106">
<pin_list>
<pin id="107" dir="1" index="0" bw="1" slack="0"/>
</pin_list>
<bind>
<StgValue><ssdm name="_ssdm_op_BitConcatenate.i31.i27.i4"/></StgValue>
</bind>
</comp>

<comp id="108" class="1001" name="const_108">
<pin_list>
<pin id="109" dir="1" index="0" bw="1" slack="0"/>
</pin_list>
<bind>
<StgValue><ssdm name="_ssdm_op_PartSelect.i62.i64.i32.i32"/></StgValue>
</bind>
</comp>

<comp id="110" class="1001" name="const_110">
<pin_list>
<pin id="111" dir="1" index="0" bw="1" slack="0"/>
</pin_list>
<bind>
<StgValue><ssdm name=""/></StgValue>
</bind>
</comp>

<comp id="112" class="1001" name="const_112">
<pin_list>
<pin id="113" dir="1" index="0" bw="1" slack="0"/>
</pin_list>
<bind>
<StgValue><ssdm name=""/></StgValue>
</bind>
</comp>

<comp id="114" class="1001" name="const_114">
<pin_list>
<pin id="115" dir="1" index="0" bw="1" slack="0"/>
</pin_list>
<bind>
<StgValue><ssdm name="_ssdm_op_ReadReq.m_axi.p1i32"/></StgValue>
</bind>
</comp>

<comp id="116" class="1001" name="const_116">
<pin_list>
<pin id="117" dir="1" index="0" bw="1" slack="0"/>
</pin_list>
<bind>
<StgValue><ssdm name=""/></StgValue>
</bind>
</comp>

<comp id="118" class="1001" name="const_118">
<pin_list>
<pin id="119" dir="1" index="0" bw="1" slack="2147483647"/>
</pin_list>
<bind>
<StgValue><ssdm name=""/></StgValue>
</bind>
</comp>

<comp id="120" class="1001" name="const_120">
<pin_list>
<pin id="121" dir="1" index="0" bw="1" slack="2147483647"/>
</pin_list>
<bind>
<StgValue><ssdm name="empty_20"/></StgValue>
</bind>
</comp>

<comp id="122" class="1001" name="const_122">
<pin_list>
<pin id="123" dir="1" index="0" bw="1" slack="1"/>
</pin_list>
<bind>
<StgValue><ssdm name=""/></StgValue>
</bind>
</comp>

<comp id="124" class="1001" name="const_124">
<pin_list>
<pin id="125" dir="1" index="0" bw="1" slack="0"/>
</pin_list>
<bind>
<StgValue><ssdm name=""/></StgValue>
</bind>
</comp>

<comp id="126" class="1001" name="const_126">
<pin_list>
<pin id="127" dir="1" index="0" bw="1" slack="0"/>
</pin_list>
<bind>
<StgValue><ssdm name=""/></StgValue>
</bind>
</comp>

<comp id="128" class="1001" name="const_128">
<pin_list>
<pin id="129" dir="1" index="0" bw="1" slack="0"/>
</pin_list>
<bind>
<StgValue><ssdm name=""/></StgValue>
</bind>
</comp>

<comp id="130" class="1001" name="const_130">
<pin_list>
<pin id="131" dir="1" index="0" bw="1" slack="0"/>
</pin_list>
<bind>
<StgValue><ssdm name=""/></StgValue>
</bind>
</comp>

<comp id="132" class="1001" name="const_132">
<pin_list>
<pin id="133" dir="1" index="0" bw="1" slack="0"/>
</pin_list>
<bind>
<StgValue><ssdm name=""/></StgValue>
</bind>
</comp>

<comp id="134" class="1001" name="const_134">
<pin_list>
<pin id="135" dir="1" index="0" bw="1" slack="0"/>
</pin_list>
<bind>
<StgValue><ssdm name="_ssdm_op_Read.m_axi.p1i32"/></StgValue>
</bind>
</comp>

<comp id="136" class="1001" name="const_136">
<pin_list>
<pin id="137" dir="1" index="0" bw="1" slack="0"/>
</pin_list>
<bind>
<StgValue><ssdm name="_ssdm_op_BitConcatenate.i8.i4.i4"/></StgValue>
</bind>
</comp>

<comp id="138" class="1001" name="const_138">
<pin_list>
<pin id="139" dir="1" index="0" bw="1" slack="3"/>
</pin_list>
<bind>
<StgValue><ssdm name=""/></StgValue>
</bind>
</comp>

<comp id="140" class="1001" name="const_140">
<pin_list>
<pin id="141" dir="1" index="0" bw="1" slack="2147483647"/>
</pin_list>
<bind>
<StgValue><ssdm name="VITIS_LOOP_43_3_VITIS_LOOP_45_4_str"/></StgValue>
</bind>
</comp>

<comp id="142" class="1001" name="const_142">
<pin_list>
<pin id="143" dir="1" index="0" bw="1" slack="2147483647"/>
</pin_list>
<bind>
<StgValue><ssdm name=""/></StgValue>
</bind>
</comp>

<comp id="144" class="1001" name="const_144">
<pin_list>
<pin id="145" dir="1" index="0" bw="1" slack="0"/>
</pin_list>
<bind>
<StgValue><ssdm name=""/></StgValue>
</bind>
</comp>

<comp id="146" class="1001" name="const_146">
<pin_list>
<pin id="147" dir="1" index="0" bw="1" slack="2147483647"/>
</pin_list>
<bind>
<StgValue><ssdm name=""/></StgValue>
</bind>
</comp>

<comp id="148" class="1001" name="const_148">
<pin_list>
<pin id="149" dir="1" index="0" bw="1" slack="2147483647"/>
</pin_list>
<bind>
<StgValue><ssdm name="empty_19"/></StgValue>
</bind>
</comp>

<comp id="150" class="1001" name="const_150">
<pin_list>
<pin id="151" dir="1" index="0" bw="1" slack="1"/>
</pin_list>
<bind>
<StgValue><ssdm name=""/></StgValue>
</bind>
</comp>

<comp id="152" class="1001" name="const_152">
<pin_list>
<pin id="153" dir="1" index="0" bw="1" slack="2147483647"/>
</pin_list>
<bind>
<StgValue><ssdm name="empty_18"/></StgValue>
</bind>
</comp>

<comp id="154" class="1001" name="const_154">
<pin_list>
<pin id="155" dir="1" index="0" bw="1" slack="0"/>
</pin_list>
<bind>
<StgValue><ssdm name="_ssdm_op_BitConcatenate.i64.i62.i2"/></StgValue>
</bind>
</comp>

<comp id="156" class="1001" name="const_156">
<pin_list>
<pin id="157" dir="1" index="0" bw="1" slack="0"/>
</pin_list>
<bind>
<StgValue><ssdm name=""/></StgValue>
</bind>
</comp>

<comp id="158" class="1001" name="const_158">
<pin_list>
<pin id="159" dir="1" index="0" bw="1" slack="0"/>
</pin_list>
<bind>
<StgValue><ssdm name="_ssdm_op_ReadReq.m_axi.i32P1A"/></StgValue>
</bind>
</comp>

<comp id="160" class="1001" name="const_160">
<pin_list>
<pin id="161" dir="1" index="0" bw="1" slack="2147483647"/>
</pin_list>
<bind>
<StgValue><ssdm name="empty_17"/></StgValue>
</bind>
</comp>

<comp id="162" class="1001" name="const_162">
<pin_list>
<pin id="163" dir="1" index="0" bw="1" slack="0"/>
</pin_list>
<bind>
<StgValue><ssdm name="_ssdm_op_Read.m_axi.i32P1A"/></StgValue>
</bind>
</comp>

<comp id="164" class="1001" name="const_164">
<pin_list>
<pin id="165" dir="1" index="0" bw="1" slack="2147483647"/>
</pin_list>
<bind>
<StgValue><ssdm name="empty_16"/></StgValue>
</bind>
</comp>

<comp id="166" class="1001" name="const_166">
<pin_list>
<pin id="167" dir="1" index="0" bw="1" slack="2147483647"/>
</pin_list>
<bind>
<StgValue><ssdm name="VITIS_LOOP_70_9_VITIS_LOOP_72_10_str"/></StgValue>
</bind>
</comp>

<comp id="168" class="1001" name="const_168">
<pin_list>
<pin id="169" dir="1" index="0" bw="1" slack="0"/>
</pin_list>
<bind>
<StgValue><ssdm name="_ssdm_op_WriteReq.m_axi.p1i32"/></StgValue>
</bind>
</comp>

<comp id="170" class="1001" name="const_170">
<pin_list>
<pin id="171" dir="1" index="0" bw="1" slack="0"/>
</pin_list>
<bind>
<StgValue><ssdm name="_ssdm_op_Write.m_axi.p1i32"/></StgValue>
</bind>
</comp>

<comp id="172" class="1001" name="const_172">
<pin_list>
<pin id="173" dir="1" index="0" bw="1" slack="0"/>
</pin_list>
<bind>
<StgValue><ssdm name=""/></StgValue>
</bind>
</comp>

<comp id="174" class="1001" name="const_174">
<pin_list>
<pin id="175" dir="1" index="0" bw="1" slack="0"/>
</pin_list>
<bind>
<StgValue><ssdm name="_ssdm_op_WriteResp.m_axi.p1i32"/></StgValue>
</bind>
</comp>

<comp id="176" class="1004" name="phi_mul19_fu_176">
<pin_list>
<pin id="177" dir="0" index="0" bw="1" slack="0"/>
<pin id="178" dir="1" index="1" bw="58" slack="0"/>
</pin_list>
<bind>
<opcode="alloca(26) " fcode="alloca"/>
<opset="phi_mul19/1 "/>
</bind>
</comp>

<comp id="180" class="1004" name="ib_fu_180">
<pin_list>
<pin id="181" dir="0" index="0" bw="1" slack="0"/>
<pin id="182" dir="1" index="1" bw="27" slack="0"/>
</pin_list>
<bind>
<opcode="alloca(26) " fcode="alloca"/>
<opset="ib/1 "/>
</bind>
</comp>

<comp id="184" class="1004" name="AB_block_alloca_fu_184">
<pin_list>
<pin id="185" dir="0" index="0" bw="1" slack="0"/>
<pin id="186" dir="1" index="1" bw="32" slack="2147483647"/>
</pin_list>
<bind>
<opcode="alloca(26) " fcode="alloca"/>
<opset="AB_block/1 "/>
</bind>
</comp>

<comp id="188" class="1004" name="P_read_read_fu_188">
<pin_list>
<pin id="189" dir="0" index="0" bw="32" slack="0"/>
<pin id="190" dir="0" index="1" bw="32" slack="0"/>
<pin id="191" dir="1" index="2" bw="32" slack="0"/>
</pin_list>
<bind>
<opcode="read(1150) " fcode="read"/>
<opset="P_read/1 "/>
</bind>
</comp>

<comp id="194" class="1004" name="M_read_read_fu_194">
<pin_list>
<pin id="195" dir="0" index="0" bw="32" slack="0"/>
<pin id="196" dir="0" index="1" bw="32" slack="0"/>
<pin id="197" dir="1" index="2" bw="32" slack="0"/>
</pin_list>
<bind>
<opcode="read(1150) " fcode="read"/>
<opset="M_read/1 "/>
</bind>
</comp>

<comp id="200" class="1004" name="N_read_read_fu_200">
<pin_list>
<pin id="201" dir="0" index="0" bw="32" slack="0"/>
<pin id="202" dir="0" index="1" bw="32" slack="0"/>
<pin id="203" dir="1" index="2" bw="32" slack="0"/>
</pin_list>
<bind>
<opcode="read(1150) " fcode="read"/>
<opset="N_read/1 "/>
</bind>
</comp>

<comp id="206" class="1004" name="ABC_read_read_fu_206">
<pin_list>
<pin id="207" dir="0" index="0" bw="64" slack="0"/>
<pin id="208" dir="0" index="1" bw="64" slack="0"/>
<pin id="209" dir="1" index="2" bw="64" slack="20"/>
</pin_list>
<bind>
<opcode="read(1150) " fcode="read"/>
<opset="ABC_read/1 "/>
</bind>
</comp>

<comp id="212" class="1004" name="C_read_read_fu_212">
<pin_list>
<pin id="213" dir="0" index="0" bw="64" slack="0"/>
<pin id="214" dir="0" index="1" bw="64" slack="0"/>
<pin id="215" dir="1" index="2" bw="64" slack="1"/>
</pin_list>
<bind>
<opcode="read(1150) " fcode="read"/>
<opset="C_read/1 "/>
</bind>
</comp>

<comp id="218" class="1004" name="B_read_read_fu_218">
<pin_list>
<pin id="219" dir="0" index="0" bw="64" slack="0"/>
<pin id="220" dir="0" index="1" bw="64" slack="0"/>
<pin id="221" dir="1" index="2" bw="64" slack="17"/>
</pin_list>
<bind>
<opcode="read(1150) " fcode="read"/>
<opset="B_read/1 "/>
</bind>
</comp>

<comp id="224" class="1004" name="A_read_read_fu_224">
<pin_list>
<pin id="225" dir="0" index="0" bw="64" slack="0"/>
<pin id="226" dir="0" index="1" bw="64" slack="0"/>
<pin id="227" dir="1" index="2" bw="64" slack="32"/>
</pin_list>
<bind>
<opcode="read(1150) " fcode="read"/>
<opset="A_read/1 "/>
</bind>
</comp>

<comp id="230" class="1004" name="AB_block_addr_gep_fu_230">
<pin_list>
<pin id="231" dir="0" index="0" bw="32" slack="2147483647"/>
<pin id="232" dir="0" index="1" bw="1" slack="0"/>
<pin id="233" dir="0" index="2" bw="8" slack="0"/>
<pin id="234" dir="1" index="3" bw="8" slack="0"/>
</pin_list>
<bind>
<opcode="getelementptr(29) " fcode="getelementptr"/>
<opset="AB_block_addr/14 "/>
</bind>
</comp>

<comp id="236" class="1004" name="grp_access_fu_236">
<pin_list>
<pin id="237" dir="0" index="0" bw="8" slack="0"/>
<pin id="238" dir="0" index="1" bw="32" slack="0"/>
<pin id="239" dir="0" index="2" bw="0" slack="2147483647"/>
<pin id="240" dir="1" index="3" bw="32" slack="1"/>
</pin_list>
<bind>
<opcode="load(27) store(28) " fcode="load"/>
<opset="store_ln46/14 AB_block_load_1/43 store_ln63/45 AB_block_load/50 "/>
</bind>
</comp>

<comp id="242" class="1004" name="AB_block_addr_2_gep_fu_242">
<pin_list>
<pin id="243" dir="0" index="0" bw="32" slack="2147483647"/>
<pin id="244" dir="0" index="1" bw="1" slack="0"/>
<pin id="245" dir="0" index="2" bw="8" slack="0"/>
<pin id="246" dir="1" index="3" bw="8" slack="0"/>
</pin_list>
<bind>
<opcode="getelementptr(29) " fcode="getelementptr"/>
<opset="AB_block_addr_2/43 "/>
</bind>
</comp>

<comp id="249" class="1004" name="AB_block_addr_1_gep_fu_249">
<pin_list>
<pin id="250" dir="0" index="0" bw="32" slack="2147483647"/>
<pin id="251" dir="0" index="1" bw="1" slack="0"/>
<pin id="252" dir="0" index="2" bw="8" slack="0"/>
<pin id="253" dir="1" index="3" bw="8" slack="0"/>
</pin_list>
<bind>
<opcode="getelementptr(29) " fcode="getelementptr"/>
<opset="AB_block_addr_1/50 "/>
</bind>
</comp>

<comp id="256" class="1004" name="grp_readreq_fu_256">
<pin_list>
<pin id="257" dir="0" index="0" bw="1" slack="0"/>
<pin id="258" dir="0" index="1" bw="32" slack="1"/>
<pin id="259" dir="0" index="2" bw="6" slack="0"/>
<pin id="260" dir="1" index="3" bw="1" slack="2147483647"/>
</pin_list>
<bind>
<opcode="readreq(1154) " fcode="readreq"/>
<opset="empty_48/4 Btemp_req/20 Atemp_req/34 "/>
</bind>
</comp>

<comp id="263" class="1004" name="grp_read_fu_263">
<pin_list>
<pin id="264" dir="0" index="0" bw="32" slack="0"/>
<pin id="265" dir="0" index="1" bw="32" slack="9"/>
<pin id="266" dir="1" index="2" bw="32" slack="1"/>
</pin_list>
<bind>
<opcode="read(1150) " fcode="read"/>
<opset="gmem_addr_read/13 Btemp/28 Atemp/42 "/>
</bind>
</comp>

<comp id="271" class="1004" name="empty_52_writereq_fu_271">
<pin_list>
<pin id="272" dir="0" index="0" bw="1" slack="0"/>
<pin id="273" dir="0" index="1" bw="32" slack="1"/>
<pin id="274" dir="0" index="2" bw="6" slack="0"/>
<pin id="275" dir="1" index="3" bw="1" slack="2147483647"/>
</pin_list>
<bind>
<opcode="writereq(1155) " fcode="writereq"/>
<opset="empty_52/51 "/>
</bind>
</comp>

<comp id="278" class="1004" name="write_ln73_write_fu_278">
<pin_list>
<pin id="279" dir="0" index="0" bw="0" slack="0"/>
<pin id="280" dir="0" index="1" bw="32" slack="2"/>
<pin id="281" dir="0" index="2" bw="32" slack="1"/>
<pin id="282" dir="0" index="3" bw="1" slack="0"/>
<pin id="283" dir="1" index="4" bw="0" slack="2147483647"/>
</pin_list>
<bind>
<opcode="write(1151) " fcode="write"/>
<opset="write_ln73/52 "/>
</bind>
</comp>

<comp id="286" class="1004" name="grp_writeresp_fu_286">
<pin_list>
<pin id="287" dir="0" index="0" bw="1" slack="0"/>
<pin id="288" dir="0" index="1" bw="32" slack="3"/>
<pin id="289" dir="1" index="2" bw="1" slack="2147483647"/>
</pin_list>
<bind>
<opcode="writeresp(1158) " fcode="writeresp"/>
<opset="empty_53/53 "/>
</bind>
</comp>

<comp id="291" class="1005" name="jb_reg_291">
<pin_list>
<pin id="292" dir="0" index="0" bw="27" slack="1"/>
<pin id="293" dir="1" index="1" bw="27" slack="1"/>
</pin_list>
<bind>
<opset="jb (phireg) "/>
</bind>
</comp>

<comp id="295" class="1004" name="jb_phi_fu_295">
<pin_list>
<pin id="296" dir="0" index="0" bw="1" slack="1"/>
<pin id="297" dir="0" index="1" bw="0" slack="2147483647"/>
<pin id="298" dir="0" index="2" bw="27" slack="0"/>
<pin id="299" dir="0" index="3" bw="0" slack="2147483647"/>
<pin id="300" dir="1" index="4" bw="27" slack="0"/>
</pin_list>
<bind>
<opcode="phi(47) " fcode="phi"/>
<opset="jb/3 "/>
</bind>
</comp>

<comp id="303" class="1005" name="indvar_flatten_reg_303">
<pin_list>
<pin id="304" dir="0" index="0" bw="9" slack="1"/>
<pin id="305" dir="1" index="1" bw="9" slack="1"/>
</pin_list>
<bind>
<opset="indvar_flatten (phireg) "/>
</bind>
</comp>

<comp id="307" class="1004" name="indvar_flatten_phi_fu_307">
<pin_list>
<pin id="308" dir="0" index="0" bw="1" slack="1"/>
<pin id="309" dir="0" index="1" bw="0" slack="2147483647"/>
<pin id="310" dir="0" index="2" bw="9" slack="0"/>
<pin id="311" dir="0" index="3" bw="0" slack="2147483647"/>
<pin id="312" dir="1" index="4" bw="9" slack="0"/>
</pin_list>
<bind>
<opcode="phi(47) " fcode="phi"/>
<opset="indvar_flatten/12 "/>
</bind>
</comp>

<comp id="314" class="1005" name="j_reg_314">
<pin_list>
<pin id="315" dir="0" index="0" bw="5" slack="1"/>
<pin id="316" dir="1" index="1" bw="5" slack="1"/>
</pin_list>
<bind>
<opset="j (phireg) "/>
</bind>
</comp>

<comp id="318" class="1004" name="j_phi_fu_318">
<pin_list>
<pin id="319" dir="0" index="0" bw="1" slack="1"/>
<pin id="320" dir="0" index="1" bw="0" slack="2147483647"/>
<pin id="321" dir="0" index="2" bw="5" slack="0"/>
<pin id="322" dir="0" index="3" bw="0" slack="2147483647"/>
<pin id="323" dir="1" index="4" bw="5" slack="0"/>
</pin_list>
<bind>
<opcode="phi(47) " fcode="phi"/>
<opset="j/12 "/>
</bind>
</comp>

<comp id="325" class="1005" name="i_reg_325">
<pin_list>
<pin id="326" dir="0" index="0" bw="5" slack="2"/>
<pin id="327" dir="1" index="1" bw="5" slack="2"/>
</pin_list>
<bind>
<opset="i (phireg) "/>
</bind>
</comp>

<comp id="329" class="1004" name="i_phi_fu_329">
<pin_list>
<pin id="330" dir="0" index="0" bw="1" slack="2"/>
<pin id="331" dir="0" index="1" bw="0" slack="2147483647"/>
<pin id="332" dir="0" index="2" bw="5" slack="0"/>
<pin id="333" dir="0" index="3" bw="0" slack="2147483647"/>
<pin id="334" dir="1" index="4" bw="5" slack="0"/>
</pin_list>
<bind>
<opcode="phi(47) " fcode="phi"/>
<opset="i/13 "/>
</bind>
</comp>

<comp id="336" class="1005" name="gmem_addr_read1_reg_336">
<pin_list>
<pin id="337" dir="0" index="0" bw="32" slack="3"/>
<pin id="338" dir="1" index="1" bw="32" slack="3"/>
</pin_list>
<bind>
<opset="gmem_addr_read1 (phireg) "/>
</bind>
</comp>

<comp id="340" class="1004" name="gmem_addr_read1_phi_fu_340">
<pin_list>
<pin id="341" dir="0" index="0" bw="1" slack="3"/>
<pin id="342" dir="0" index="1" bw="0" slack="2147483647"/>
<pin id="343" dir="0" index="2" bw="32" slack="0"/>
<pin id="344" dir="0" index="3" bw="0" slack="2147483647"/>
<pin id="345" dir="1" index="4" bw="32" slack="0"/>
</pin_list>
<bind>
<opcode="phi(47) " fcode="phi"/>
<opset="gmem_addr_read1/14 "/>
</bind>
</comp>

<comp id="347" class="1005" name="gmem_addr_read2_reg_347">
<pin_list>
<pin id="348" dir="0" index="0" bw="32" slack="0"/>
<pin id="349" dir="1" index="1" bw="32" slack="0"/>
</pin_list>
<bind>
<opset="gmem_addr_read2 (phireg) "/>
</bind>
</comp>

<comp id="351" class="1004" name="gmem_addr_read2_phi_fu_351">
<pin_list>
<pin id="352" dir="0" index="0" bw="32" slack="0"/>
<pin id="353" dir="0" index="1" bw="0" slack="2147483647"/>
<pin id="354" dir="0" index="2" bw="32" slack="1"/>
<pin id="355" dir="0" index="3" bw="0" slack="2147483647"/>
<pin id="356" dir="1" index="4" bw="32" slack="0"/>
</pin_list>
<bind>
<opcode="phi(47) " fcode="phi"/>
<opset="gmem_addr_read2/14 "/>
</bind>
</comp>

<comp id="360" class="1005" name="kb_reg_360">
<pin_list>
<pin id="361" dir="0" index="0" bw="27" slack="1"/>
<pin id="362" dir="1" index="1" bw="27" slack="1"/>
</pin_list>
<bind>
<opset="kb (phireg) "/>
</bind>
</comp>

<comp id="364" class="1004" name="kb_phi_fu_364">
<pin_list>
<pin id="365" dir="0" index="0" bw="1" slack="1"/>
<pin id="366" dir="0" index="1" bw="0" slack="2147483647"/>
<pin id="367" dir="0" index="2" bw="27" slack="0"/>
<pin id="368" dir="0" index="3" bw="0" slack="2147483647"/>
<pin id="369" dir="1" index="4" bw="27" slack="0"/>
</pin_list>
<bind>
<opcode="phi(47) " fcode="phi"/>
<opset="kb/16 "/>
</bind>
</comp>

<comp id="371" class="1005" name="phi_mul14_reg_371">
<pin_list>
<pin id="372" dir="0" index="0" bw="58" slack="1"/>
<pin id="373" dir="1" index="1" bw="58" slack="1"/>
</pin_list>
<bind>
<opset="phi_mul14 (phireg) "/>
</bind>
</comp>

<comp id="375" class="1004" name="phi_mul14_phi_fu_375">
<pin_list>
<pin id="376" dir="0" index="0" bw="1" slack="1"/>
<pin id="377" dir="0" index="1" bw="0" slack="2147483647"/>
<pin id="378" dir="0" index="2" bw="58" slack="0"/>
<pin id="379" dir="0" index="3" bw="0" slack="2147483647"/>
<pin id="380" dir="1" index="4" bw="58" slack="0"/>
</pin_list>
<bind>
<opcode="phi(47) " fcode="phi"/>
<opset="phi_mul14/16 "/>
</bind>
</comp>

<comp id="382" class="1005" name="k_reg_382">
<pin_list>
<pin id="383" dir="0" index="0" bw="5" slack="1"/>
<pin id="384" dir="1" index="1" bw="5" slack="1"/>
</pin_list>
<bind>
<opset="k (phireg) "/>
</bind>
</comp>

<comp id="386" class="1004" name="k_phi_fu_386">
<pin_list>
<pin id="387" dir="0" index="0" bw="1" slack="1"/>
<pin id="388" dir="0" index="1" bw="0" slack="2147483647"/>
<pin id="389" dir="0" index="2" bw="5" slack="0"/>
<pin id="390" dir="0" index="3" bw="0" slack="2147483647"/>
<pin id="391" dir="1" index="4" bw="5" slack="0"/>
</pin_list>
<bind>
<opcode="phi(47) " fcode="phi"/>
<opset="k/17 "/>
</bind>
</comp>

<comp id="394" class="1005" name="phi_mul_reg_394">
<pin_list>
<pin id="395" dir="0" index="0" bw="36" slack="1"/>
<pin id="396" dir="1" index="1" bw="36" slack="1"/>
</pin_list>
<bind>
<opset="phi_mul (phireg) "/>
</bind>
</comp>

<comp id="398" class="1004" name="phi_mul_phi_fu_398">
<pin_list>
<pin id="399" dir="0" index="0" bw="1" slack="1"/>
<pin id="400" dir="0" index="1" bw="0" slack="2147483647"/>
<pin id="401" dir="0" index="2" bw="36" slack="0"/>
<pin id="402" dir="0" index="3" bw="0" slack="2147483647"/>
<pin id="403" dir="1" index="4" bw="36" slack="0"/>
</pin_list>
<bind>
<opcode="phi(47) " fcode="phi"/>
<opset="phi_mul/17 "/>
</bind>
</comp>

<comp id="405" class="1005" name="j_1_reg_405">
<pin_list>
<pin id="406" dir="0" index="0" bw="5" slack="1"/>
<pin id="407" dir="1" index="1" bw="5" slack="1"/>
</pin_list>
<bind>
<opset="j_1 (phireg) "/>
</bind>
</comp>

<comp id="409" class="1004" name="j_1_phi_fu_409">
<pin_list>
<pin id="410" dir="0" index="0" bw="1" slack="1"/>
<pin id="411" dir="0" index="1" bw="0" slack="2147483647"/>
<pin id="412" dir="0" index="2" bw="5" slack="0"/>
<pin id="413" dir="0" index="3" bw="0" slack="2147483647"/>
<pin id="414" dir="1" index="4" bw="5" slack="0"/>
</pin_list>
<bind>
<opcode="phi(47) " fcode="phi"/>
<opset="j_1/19 "/>
</bind>
</comp>

<comp id="417" class="1005" name="i_2_reg_417">
<pin_list>
<pin id="418" dir="0" index="0" bw="5" slack="1"/>
<pin id="419" dir="1" index="1" bw="5" slack="1"/>
</pin_list>
<bind>
<opset="i_2 (phireg) "/>
</bind>
</comp>

<comp id="421" class="1004" name="i_2_phi_fu_421">
<pin_list>
<pin id="422" dir="0" index="0" bw="1" slack="1"/>
<pin id="423" dir="0" index="1" bw="0" slack="2147483647"/>
<pin id="424" dir="0" index="2" bw="5" slack="0"/>
<pin id="425" dir="0" index="3" bw="0" slack="2147483647"/>
<pin id="426" dir="1" index="4" bw="5" slack="0"/>
</pin_list>
<bind>
<opcode="phi(47) " fcode="phi"/>
<opset="i_2/29 "/>
</bind>
</comp>

<comp id="428" class="1005" name="indvar_flatten8_reg_428">
<pin_list>
<pin id="429" dir="0" index="0" bw="9" slack="1"/>
<pin id="430" dir="1" index="1" bw="9" slack="1"/>
</pin_list>
<bind>
<opset="indvar_flatten8 (phireg) "/>
</bind>
</comp>

<comp id="432" class="1004" name="indvar_flatten8_phi_fu_432">
<pin_list>
<pin id="433" dir="0" index="0" bw="9" slack="0"/>
<pin id="434" dir="0" index="1" bw="0" slack="2147483647"/>
<pin id="435" dir="0" index="2" bw="1" slack="1"/>
<pin id="436" dir="0" index="3" bw="0" slack="2147483647"/>
<pin id="437" dir="1" index="4" bw="9" slack="0"/>
</pin_list>
<bind>
<opcode="phi(47) " fcode="phi"/>
<opset="indvar_flatten8/46 "/>
</bind>
</comp>

<comp id="439" class="1005" name="i_1_reg_439">
<pin_list>
<pin id="440" dir="0" index="0" bw="5" slack="1"/>
<pin id="441" dir="1" index="1" bw="5" slack="1"/>
</pin_list>
<bind>
<opset="i_1 (phireg) "/>
</bind>
</comp>

<comp id="443" class="1004" name="i_1_phi_fu_443">
<pin_list>
<pin id="444" dir="0" index="0" bw="5" slack="0"/>
<pin id="445" dir="0" index="1" bw="0" slack="2147483647"/>
<pin id="446" dir="0" index="2" bw="1" slack="1"/>
<pin id="447" dir="0" index="3" bw="0" slack="2147483647"/>
<pin id="448" dir="1" index="4" bw="5" slack="0"/>
</pin_list>
<bind>
<opcode="phi(47) " fcode="phi"/>
<opset="i_1/46 "/>
</bind>
</comp>

<comp id="450" class="1005" name="j_2_reg_450">
<pin_list>
<pin id="451" dir="0" index="0" bw="5" slack="1"/>
<pin id="452" dir="1" index="1" bw="5" slack="1"/>
</pin_list>
<bind>
<opset="j_2 (phireg) "/>
</bind>
</comp>

<comp id="454" class="1004" name="j_2_phi_fu_454">
<pin_list>
<pin id="455" dir="0" index="0" bw="5" slack="0"/>
<pin id="456" dir="0" index="1" bw="0" slack="2147483647"/>
<pin id="457" dir="0" index="2" bw="1" slack="1"/>
<pin id="458" dir="0" index="3" bw="0" slack="2147483647"/>
<pin id="459" dir="1" index="4" bw="5" slack="0"/>
</pin_list>
<bind>
<opcode="phi(47) " fcode="phi"/>
<opset="j_2/46 "/>
</bind>
</comp>

<comp id="461" class="1004" name="grp_fu_461">
<pin_list>
<pin id="462" dir="0" index="0" bw="32" slack="0"/>
<pin id="463" dir="0" index="1" bw="32" slack="29"/>
<pin id="464" dir="1" index="2" bw="62" slack="1"/>
</pin_list>
<bind>
<opcode="mul(12) " fcode="mul"/>
<opset="mul_ln62/30 "/>
</bind>
</comp>

<comp id="465" class="1004" name="grp_fu_465">
<pin_list>
<pin id="466" dir="0" index="0" bw="32" slack="1"/>
<pin id="467" dir="0" index="1" bw="32" slack="15"/>
<pin id="468" dir="1" index="2" bw="32" slack="1"/>
</pin_list>
<bind>
<opcode="mul(12) " fcode="mul"/>
<opset="mul_ln63/43 "/>
</bind>
</comp>

<comp id="469" class="1005" name="reg_469">
<pin_list>
<pin id="470" dir="0" index="0" bw="32" slack="1"/>
<pin id="471" dir="1" index="1" bw="32" slack="1"/>
</pin_list>
<bind>
<opset="gmem_addr_read Btemp "/>
</bind>
</comp>

<comp id="475" class="1005" name="reg_475">
<pin_list>
<pin id="476" dir="0" index="0" bw="32" slack="1"/>
<pin id="477" dir="1" index="1" bw="32" slack="1"/>
</pin_list>
<bind>
<opset="AB_block_load_1 AB_block_load "/>
</bind>
</comp>

<comp id="480" class="1004" name="tmp_17_fu_480">
<pin_list>
<pin id="481" dir="0" index="0" bw="1" slack="0"/>
<pin id="482" dir="0" index="1" bw="32" slack="0"/>
<pin id="483" dir="0" index="2" bw="6" slack="0"/>
<pin id="484" dir="1" index="3" bw="1" slack="0"/>
</pin_list>
<bind>
<opcode="bitselect(1000) " fcode="bitselect"/>
<opset="tmp_17/1 "/>
</bind>
</comp>

<comp id="488" class="1004" name="p_neg9_fu_488">
<pin_list>
<pin id="489" dir="0" index="0" bw="1" slack="0"/>
<pin id="490" dir="0" index="1" bw="32" slack="0"/>
<pin id="491" dir="1" index="2" bw="32" slack="0"/>
</pin_list>
<bind>
<opcode="sub(10) " fcode="sub"/>
<opset="p_neg9/1 "/>
</bind>
</comp>

<comp id="494" class="1004" name="tmp_1_fu_494">
<pin_list>
<pin id="495" dir="0" index="0" bw="28" slack="0"/>
<pin id="496" dir="0" index="1" bw="32" slack="0"/>
<pin id="497" dir="0" index="2" bw="4" slack="0"/>
<pin id="498" dir="0" index="3" bw="6" slack="0"/>
<pin id="499" dir="1" index="4" bw="28" slack="0"/>
</pin_list>
<bind>
<opcode="partselect(1002) " fcode="partselect"/>
<opset="tmp_1/1 "/>
</bind>
</comp>

<comp id="504" class="1004" name="p_neg_t11_fu_504">
<pin_list>
<pin id="505" dir="0" index="0" bw="1" slack="0"/>
<pin id="506" dir="0" index="1" bw="28" slack="0"/>
<pin id="507" dir="1" index="2" bw="28" slack="0"/>
</pin_list>
<bind>
<opcode="sub(10) " fcode="sub"/>
<opset="p_neg_t11/1 "/>
</bind>
</comp>

<comp id="510" class="1004" name="tmp_2_fu_510">
<pin_list>
<pin id="511" dir="0" index="0" bw="28" slack="0"/>
<pin id="512" dir="0" index="1" bw="32" slack="0"/>
<pin id="513" dir="0" index="2" bw="4" slack="0"/>
<pin id="514" dir="0" index="3" bw="6" slack="0"/>
<pin id="515" dir="1" index="4" bw="28" slack="0"/>
</pin_list>
<bind>
<opcode="partselect(1002) " fcode="partselect"/>
<opset="tmp_2/1 "/>
</bind>
</comp>

<comp id="520" class="1004" name="div_fu_520">
<pin_list>
<pin id="521" dir="0" index="0" bw="1" slack="0"/>
<pin id="522" dir="0" index="1" bw="28" slack="0"/>
<pin id="523" dir="0" index="2" bw="28" slack="0"/>
<pin id="524" dir="1" index="3" bw="28" slack="1"/>
</pin_list>
<bind>
<opcode="select(49) " fcode="select"/>
<opset="div/1 "/>
</bind>
</comp>

<comp id="528" class="1004" name="tmp_18_fu_528">
<pin_list>
<pin id="529" dir="0" index="0" bw="1" slack="0"/>
<pin id="530" dir="0" index="1" bw="32" slack="0"/>
<pin id="531" dir="0" index="2" bw="6" slack="0"/>
<pin id="532" dir="1" index="3" bw="1" slack="0"/>
</pin_list>
<bind>
<opcode="bitselect(1000) " fcode="bitselect"/>
<opset="tmp_18/1 "/>
</bind>
</comp>

<comp id="536" class="1004" name="p_neg3_fu_536">
<pin_list>
<pin id="537" dir="0" index="0" bw="1" slack="0"/>
<pin id="538" dir="0" index="1" bw="32" slack="0"/>
<pin id="539" dir="1" index="2" bw="32" slack="0"/>
</pin_list>
<bind>
<opcode="sub(10) " fcode="sub"/>
<opset="p_neg3/1 "/>
</bind>
</comp>

<comp id="542" class="1004" name="tmp_3_fu_542">
<pin_list>
<pin id="543" dir="0" index="0" bw="28" slack="0"/>
<pin id="544" dir="0" index="1" bw="32" slack="0"/>
<pin id="545" dir="0" index="2" bw="4" slack="0"/>
<pin id="546" dir="0" index="3" bw="6" slack="0"/>
<pin id="547" dir="1" index="4" bw="28" slack="0"/>
</pin_list>
<bind>
<opcode="partselect(1002) " fcode="partselect"/>
<opset="tmp_3/1 "/>
</bind>
</comp>

<comp id="552" class="1004" name="p_neg_t5_fu_552">
<pin_list>
<pin id="553" dir="0" index="0" bw="1" slack="0"/>
<pin id="554" dir="0" index="1" bw="28" slack="0"/>
<pin id="555" dir="1" index="2" bw="28" slack="0"/>
</pin_list>
<bind>
<opcode="sub(10) " fcode="sub"/>
<opset="p_neg_t5/1 "/>
</bind>
</comp>

<comp id="558" class="1004" name="tmp_4_fu_558">
<pin_list>
<pin id="559" dir="0" index="0" bw="28" slack="0"/>
<pin id="560" dir="0" index="1" bw="32" slack="0"/>
<pin id="561" dir="0" index="2" bw="4" slack="0"/>
<pin id="562" dir="0" index="3" bw="6" slack="0"/>
<pin id="563" dir="1" index="4" bw="28" slack="0"/>
</pin_list>
<bind>
<opcode="partselect(1002) " fcode="partselect"/>
<opset="tmp_4/1 "/>
</bind>
</comp>

<comp id="568" class="1004" name="div2_fu_568">
<pin_list>
<pin id="569" dir="0" index="0" bw="1" slack="0"/>
<pin id="570" dir="0" index="1" bw="28" slack="0"/>
<pin id="571" dir="0" index="2" bw="28" slack="0"/>
<pin id="572" dir="1" index="3" bw="28" slack="2"/>
</pin_list>
<bind>
<opcode="select(49) " fcode="select"/>
<opset="div2/1 "/>
</bind>
</comp>

<comp id="576" class="1004" name="tmp_19_fu_576">
<pin_list>
<pin id="577" dir="0" index="0" bw="1" slack="0"/>
<pin id="578" dir="0" index="1" bw="32" slack="0"/>
<pin id="579" dir="0" index="2" bw="6" slack="0"/>
<pin id="580" dir="1" index="3" bw="1" slack="0"/>
</pin_list>
<bind>
<opcode="bitselect(1000) " fcode="bitselect"/>
<opset="tmp_19/1 "/>
</bind>
</comp>

<comp id="584" class="1004" name="p_neg_fu_584">
<pin_list>
<pin id="585" dir="0" index="0" bw="1" slack="0"/>
<pin id="586" dir="0" index="1" bw="32" slack="0"/>
<pin id="587" dir="1" index="2" bw="32" slack="0"/>
</pin_list>
<bind>
<opcode="sub(10) " fcode="sub"/>
<opset="p_neg/1 "/>
</bind>
</comp>

<comp id="590" class="1004" name="tmp_5_fu_590">
<pin_list>
<pin id="591" dir="0" index="0" bw="28" slack="0"/>
<pin id="592" dir="0" index="1" bw="32" slack="0"/>
<pin id="593" dir="0" index="2" bw="4" slack="0"/>
<pin id="594" dir="0" index="3" bw="6" slack="0"/>
<pin id="595" dir="1" index="4" bw="28" slack="0"/>
</pin_list>
<bind>
<opcode="partselect(1002) " fcode="partselect"/>
<opset="tmp_5/1 "/>
</bind>
</comp>

<comp id="600" class="1004" name="p_neg_t_fu_600">
<pin_list>
<pin id="601" dir="0" index="0" bw="1" slack="0"/>
<pin id="602" dir="0" index="1" bw="28" slack="0"/>
<pin id="603" dir="1" index="2" bw="28" slack="0"/>
</pin_list>
<bind>
<opcode="sub(10) " fcode="sub"/>
<opset="p_neg_t/1 "/>
</bind>
</comp>

<comp id="606" class="1004" name="tmp_6_fu_606">
<pin_list>
<pin id="607" dir="0" index="0" bw="28" slack="0"/>
<pin id="608" dir="0" index="1" bw="32" slack="0"/>
<pin id="609" dir="0" index="2" bw="4" slack="0"/>
<pin id="610" dir="0" index="3" bw="6" slack="0"/>
<pin id="611" dir="1" index="4" bw="28" slack="0"/>
</pin_list>
<bind>
<opcode="partselect(1002) " fcode="partselect"/>
<opset="tmp_6/1 "/>
</bind>
</comp>

<comp id="616" class="1004" name="div22_fu_616">
<pin_list>
<pin id="617" dir="0" index="0" bw="1" slack="0"/>
<pin id="618" dir="0" index="1" bw="28" slack="0"/>
<pin id="619" dir="0" index="2" bw="28" slack="0"/>
<pin id="620" dir="1" index="3" bw="28" slack="15"/>
</pin_list>
<bind>
<opcode="select(49) " fcode="select"/>
<opset="div22/1 "/>
</bind>
</comp>

<comp id="624" class="1004" name="sext_ln35_fu_624">
<pin_list>
<pin id="625" dir="0" index="0" bw="32" slack="0"/>
<pin id="626" dir="1" index="1" bw="62" slack="29"/>
</pin_list>
<bind>
<opcode="sext(35) " fcode="sext"/>
<opset="sext_ln35/1 "/>
</bind>
</comp>

<comp id="628" class="1004" name="sext_ln35_1_fu_628">
<pin_list>
<pin id="629" dir="0" index="0" bw="32" slack="0"/>
<pin id="630" dir="1" index="1" bw="37" slack="17"/>
</pin_list>
<bind>
<opcode="sext(35) " fcode="sext"/>
<opset="sext_ln35_1/1 "/>
</bind>
</comp>

<comp id="632" class="1004" name="sext_ln35_3_fu_632">
<pin_list>
<pin id="633" dir="0" index="0" bw="32" slack="0"/>
<pin id="634" dir="1" index="1" bw="36" slack="16"/>
</pin_list>
<bind>
<opcode="sext(35) " fcode="sext"/>
<opset="sext_ln35_3/1 "/>
</bind>
</comp>

<comp id="636" class="1004" name="sext_ln35_2_fu_636">
<pin_list>
<pin id="637" dir="0" index="0" bw="32" slack="0"/>
<pin id="638" dir="1" index="1" bw="58" slack="1"/>
</pin_list>
<bind>
<opcode="sext(35) " fcode="sext"/>
<opset="sext_ln35_2/1 "/>
</bind>
</comp>

<comp id="640" class="1004" name="store_ln35_store_fu_640">
<pin_list>
<pin id="641" dir="0" index="0" bw="1" slack="0"/>
<pin id="642" dir="0" index="1" bw="27" slack="0"/>
<pin id="643" dir="1" index="2" bw="0" slack="2147483647"/>
</pin_list>
<bind>
<opcode="store(28) " fcode="store"/>
<opset="store_ln35/1 "/>
</bind>
</comp>

<comp id="645" class="1004" name="store_ln0_store_fu_645">
<pin_list>
<pin id="646" dir="0" index="0" bw="1" slack="0"/>
<pin id="647" dir="0" index="1" bw="58" slack="0"/>
<pin id="648" dir="1" index="2" bw="0" slack="2147483647"/>
</pin_list>
<bind>
<opcode="store(28) " fcode="store"/>
<opset="store_ln0/1 "/>
</bind>
</comp>

<comp id="650" class="1004" name="phi_mul19_load_load_fu_650">
<pin_list>
<pin id="651" dir="0" index="0" bw="58" slack="1"/>
<pin id="652" dir="1" index="1" bw="58" slack="0"/>
</pin_list>
<bind>
<opcode="load(27) " fcode="load"/>
<opset="phi_mul19_load/2 "/>
</bind>
</comp>

<comp id="653" class="1004" name="ib_1_load_fu_653">
<pin_list>
<pin id="654" dir="0" index="0" bw="27" slack="1"/>
<pin id="655" dir="1" index="1" bw="27" slack="0"/>
</pin_list>
<bind>
<opcode="load(27) " fcode="load"/>
<opset="ib_1/2 "/>
</bind>
</comp>

<comp id="656" class="1004" name="add_ln35_1_fu_656">
<pin_list>
<pin id="657" dir="0" index="0" bw="58" slack="0"/>
<pin id="658" dir="0" index="1" bw="32" slack="1"/>
<pin id="659" dir="1" index="2" bw="58" slack="1"/>
</pin_list>
<bind>
<opcode="add(8) " fcode="add"/>
<opset="add_ln35_1/2 "/>
</bind>
</comp>

<comp id="661" class="1004" name="zext_ln35_fu_661">
<pin_list>
<pin id="662" dir="0" index="0" bw="27" slack="0"/>
<pin id="663" dir="1" index="1" bw="28" slack="0"/>
</pin_list>
<bind>
<opcode="zext(34) " fcode="zext"/>
<opset="zext_ln35/2 "/>
</bind>
</comp>

<comp id="665" class="1004" name="icmp_ln35_fu_665">
<pin_list>
<pin id="666" dir="0" index="0" bw="27" slack="0"/>
<pin id="667" dir="0" index="1" bw="28" slack="1"/>
<pin id="668" dir="1" index="2" bw="1" slack="2147483647"/>
</pin_list>
<bind>
<opcode="icmp(45) " fcode="icmp"/>
<opset="icmp_ln35/2 "/>
</bind>
</comp>

<comp id="670" class="1004" name="add_ln35_fu_670">
<pin_list>
<pin id="671" dir="0" index="0" bw="27" slack="0"/>
<pin id="672" dir="0" index="1" bw="1" slack="0"/>
<pin id="673" dir="1" index="2" bw="27" slack="1"/>
</pin_list>
<bind>
<opcode="add(8) " fcode="add"/>
<opset="add_ln35/2 "/>
</bind>
</comp>

<comp id="676" class="1004" name="tmp_7_fu_676">
<pin_list>
<pin id="677" dir="0" index="0" bw="62" slack="0"/>
<pin id="678" dir="0" index="1" bw="58" slack="0"/>
<pin id="679" dir="0" index="2" bw="1" slack="0"/>
<pin id="680" dir="1" index="3" bw="62" slack="18"/>
</pin_list>
<bind>
<opcode="bitconcatenate(1004) " fcode="bitconcatenate"/>
<opset="tmp_7/2 "/>
</bind>
</comp>

<comp id="684" class="1004" name="tmp_8_fu_684">
<pin_list>
<pin id="685" dir="0" index="0" bw="33" slack="0"/>
<pin id="686" dir="0" index="1" bw="27" slack="0"/>
<pin id="687" dir="0" index="2" bw="1" slack="0"/>
<pin id="688" dir="1" index="3" bw="33" slack="0"/>
</pin_list>
<bind>
<opcode="bitconcatenate(1004) " fcode="bitconcatenate"/>
<opset="tmp_8/2 "/>
</bind>
</comp>

<comp id="692" class="1004" name="p_cast16_fu_692">
<pin_list>
<pin id="693" dir="0" index="0" bw="33" slack="0"/>
<pin id="694" dir="1" index="1" bw="64" slack="0"/>
</pin_list>
<bind>
<opcode="zext(34) " fcode="zext"/>
<opset="p_cast16/2 "/>
</bind>
</comp>

<comp id="696" class="1004" name="empty_fu_696">
<pin_list>
<pin id="697" dir="0" index="0" bw="33" slack="0"/>
<pin id="698" dir="0" index="1" bw="64" slack="1"/>
<pin id="699" dir="1" index="2" bw="64" slack="0"/>
</pin_list>
<bind>
<opcode="add(8) " fcode="add"/>
<opset="empty/2 "/>
</bind>
</comp>

<comp id="701" class="1004" name="tmp_9_fu_701">
<pin_list>
<pin id="702" dir="0" index="0" bw="31" slack="0"/>
<pin id="703" dir="0" index="1" bw="27" slack="0"/>
<pin id="704" dir="0" index="2" bw="1" slack="0"/>
<pin id="705" dir="1" index="3" bw="31" slack="0"/>
</pin_list>
<bind>
<opcode="bitconcatenate(1004) " fcode="bitconcatenate"/>
<opset="tmp_9/2 "/>
</bind>
</comp>

<comp id="709" class="1004" name="tmp_9_cast_fu_709">
<pin_list>
<pin id="710" dir="0" index="0" bw="31" slack="0"/>
<pin id="711" dir="1" index="1" bw="32" slack="27"/>
</pin_list>
<bind>
<opcode="zext(34) " fcode="zext"/>
<opset="tmp_9_cast/2 "/>
</bind>
</comp>

<comp id="713" class="1004" name="p_cast6_fu_713">
<pin_list>
<pin id="714" dir="0" index="0" bw="62" slack="0"/>
<pin id="715" dir="0" index="1" bw="64" slack="0"/>
<pin id="716" dir="0" index="2" bw="3" slack="0"/>
<pin id="717" dir="0" index="3" bw="7" slack="0"/>
<pin id="718" dir="1" index="4" bw="62" slack="0"/>
</pin_list>
<bind>
<opcode="partselect(1002) " fcode="partselect"/>
<opset="p_cast6/2 "/>
</bind>
</comp>

<comp id="723" class="1004" name="p_cast6_cast_fu_723">
<pin_list>
<pin id="724" dir="0" index="0" bw="62" slack="0"/>
<pin id="725" dir="1" index="1" bw="64" slack="0"/>
</pin_list>
<bind>
<opcode="sext(35) " fcode="sext"/>
<opset="p_cast6_cast/2 "/>
</bind>
</comp>

<comp id="727" class="1004" name="gmem_addr_fu_727">
<pin_list>
<pin id="728" dir="0" index="0" bw="32" slack="0"/>
<pin id="729" dir="0" index="1" bw="62" slack="0"/>
<pin id="730" dir="1" index="2" bw="32" slack="2"/>
</pin_list>
<bind>
<opcode="getelementptr(29) " fcode="getelementptr"/>
<opset="gmem_addr/2 "/>
</bind>
</comp>

<comp id="733" class="1004" name="zext_ln38_fu_733">
<pin_list>
<pin id="734" dir="0" index="0" bw="27" slack="0"/>
<pin id="735" dir="1" index="1" bw="28" slack="0"/>
</pin_list>
<bind>
<opcode="zext(34) " fcode="zext"/>
<opset="zext_ln38/3 "/>
</bind>
</comp>

<comp id="737" class="1004" name="icmp_ln38_fu_737">
<pin_list>
<pin id="738" dir="0" index="0" bw="27" slack="0"/>
<pin id="739" dir="0" index="1" bw="28" slack="2"/>
<pin id="740" dir="1" index="2" bw="1" slack="2147483647"/>
</pin_list>
<bind>
<opcode="icmp(45) " fcode="icmp"/>
<opset="icmp_ln38/3 "/>
</bind>
</comp>

<comp id="742" class="1004" name="add_ln38_fu_742">
<pin_list>
<pin id="743" dir="0" index="0" bw="27" slack="0"/>
<pin id="744" dir="0" index="1" bw="1" slack="0"/>
<pin id="745" dir="1" index="2" bw="27" slack="0"/>
</pin_list>
<bind>
<opcode="add(8) " fcode="add"/>
<opset="add_ln38/3 "/>
</bind>
</comp>

<comp id="748" class="1004" name="store_ln35_store_fu_748">
<pin_list>
<pin id="749" dir="0" index="0" bw="27" slack="1"/>
<pin id="750" dir="0" index="1" bw="27" slack="2"/>
<pin id="751" dir="1" index="2" bw="0" slack="2147483647"/>
</pin_list>
<bind>
<opcode="store(28) " fcode="store"/>
<opset="store_ln35/3 "/>
</bind>
</comp>

<comp id="752" class="1004" name="store_ln35_store_fu_752">
<pin_list>
<pin id="753" dir="0" index="0" bw="58" slack="1"/>
<pin id="754" dir="0" index="1" bw="58" slack="2"/>
<pin id="755" dir="1" index="2" bw="0" slack="2147483647"/>
</pin_list>
<bind>
<opcode="store(28) " fcode="store"/>
<opset="store_ln35/3 "/>
</bind>
</comp>

<comp id="756" class="1004" name="icmp_ln43_fu_756">
<pin_list>
<pin id="757" dir="0" index="0" bw="9" slack="0"/>
<pin id="758" dir="0" index="1" bw="9" slack="0"/>
<pin id="759" dir="1" index="2" bw="1" slack="1"/>
</pin_list>
<bind>
<opcode="icmp(45) " fcode="icmp"/>
<opset="icmp_ln43/12 "/>
</bind>
</comp>

<comp id="762" class="1004" name="add_ln43_1_fu_762">
<pin_list>
<pin id="763" dir="0" index="0" bw="9" slack="0"/>
<pin id="764" dir="0" index="1" bw="1" slack="0"/>
<pin id="765" dir="1" index="2" bw="9" slack="0"/>
</pin_list>
<bind>
<opcode="add(8) " fcode="add"/>
<opset="add_ln43_1/12 "/>
</bind>
</comp>

<comp id="768" class="1004" name="icmp_ln45_fu_768">
<pin_list>
<pin id="769" dir="0" index="0" bw="5" slack="0"/>
<pin id="770" dir="0" index="1" bw="5" slack="0"/>
<pin id="771" dir="1" index="2" bw="1" slack="0"/>
</pin_list>
<bind>
<opcode="icmp(45) " fcode="icmp"/>
<opset="icmp_ln45/12 "/>
</bind>
</comp>

<comp id="774" class="1004" name="select_ln44_fu_774">
<pin_list>
<pin id="775" dir="0" index="0" bw="1" slack="0"/>
<pin id="776" dir="0" index="1" bw="1" slack="0"/>
<pin id="777" dir="0" index="2" bw="5" slack="0"/>
<pin id="778" dir="1" index="3" bw="5" slack="0"/>
</pin_list>
<bind>
<opcode="select(49) " fcode="select"/>
<opset="select_ln44/12 "/>
</bind>
</comp>

<comp id="782" class="1004" name="first_iter_0_fu_782">
<pin_list>
<pin id="783" dir="0" index="0" bw="5" slack="0"/>
<pin id="784" dir="0" index="1" bw="1" slack="0"/>
<pin id="785" dir="1" index="2" bw="1" slack="1"/>
</pin_list>
<bind>
<opcode="icmp(45) " fcode="icmp"/>
<opset="first_iter_0/12 "/>
</bind>
</comp>

<comp id="788" class="1004" name="add_ln45_fu_788">
<pin_list>
<pin id="789" dir="0" index="0" bw="5" slack="0"/>
<pin id="790" dir="0" index="1" bw="1" slack="0"/>
<pin id="791" dir="1" index="2" bw="5" slack="0"/>
</pin_list>
<bind>
<opcode="add(8) " fcode="add"/>
<opset="add_ln45/12 "/>
</bind>
</comp>

<comp id="794" class="1004" name="add_ln43_fu_794">
<pin_list>
<pin id="795" dir="0" index="0" bw="5" slack="0"/>
<pin id="796" dir="0" index="1" bw="1" slack="0"/>
<pin id="797" dir="1" index="2" bw="5" slack="0"/>
</pin_list>
<bind>
<opcode="add(8) " fcode="add"/>
<opset="add_ln43/13 "/>
</bind>
</comp>

<comp id="800" class="1004" name="select_ln43_fu_800">
<pin_list>
<pin id="801" dir="0" index="0" bw="1" slack="1"/>
<pin id="802" dir="0" index="1" bw="5" slack="0"/>
<pin id="803" dir="0" index="2" bw="5" slack="0"/>
<pin id="804" dir="1" index="3" bw="5" slack="0"/>
</pin_list>
<bind>
<opcode="select(49) " fcode="select"/>
<opset="select_ln43/13 "/>
</bind>
</comp>

<comp id="807" class="1004" name="empty_49_fu_807">
<pin_list>
<pin id="808" dir="0" index="0" bw="5" slack="0"/>
<pin id="809" dir="1" index="1" bw="4" slack="0"/>
</pin_list>
<bind>
<opcode="trunc(33) " fcode="trunc"/>
<opset="empty_49/13 "/>
</bind>
</comp>

<comp id="811" class="1004" name="tmp_s_fu_811">
<pin_list>
<pin id="812" dir="0" index="0" bw="8" slack="0"/>
<pin id="813" dir="0" index="1" bw="4" slack="0"/>
<pin id="814" dir="0" index="2" bw="1" slack="0"/>
<pin id="815" dir="1" index="3" bw="8" slack="0"/>
</pin_list>
<bind>
<opcode="bitconcatenate(1004) " fcode="bitconcatenate"/>
<opset="tmp_s/13 "/>
</bind>
</comp>

<comp id="819" class="1004" name="zext_ln46_fu_819">
<pin_list>
<pin id="820" dir="0" index="0" bw="5" slack="1"/>
<pin id="821" dir="1" index="1" bw="8" slack="0"/>
</pin_list>
<bind>
<opcode="zext(34) " fcode="zext"/>
<opset="zext_ln46/13 "/>
</bind>
</comp>

<comp id="822" class="1004" name="add_ln46_fu_822">
<pin_list>
<pin id="823" dir="0" index="0" bw="8" slack="0"/>
<pin id="824" dir="0" index="1" bw="5" slack="0"/>
<pin id="825" dir="1" index="2" bw="8" slack="1"/>
</pin_list>
<bind>
<opcode="add(8) " fcode="add"/>
<opset="add_ln46/13 "/>
</bind>
</comp>

<comp id="828" class="1004" name="zext_ln46_1_fu_828">
<pin_list>
<pin id="829" dir="0" index="0" bw="8" slack="1"/>
<pin id="830" dir="1" index="1" bw="64" slack="0"/>
</pin_list>
<bind>
<opcode="zext(34) " fcode="zext"/>
<opset="zext_ln46_1/14 "/>
</bind>
</comp>

<comp id="832" class="1004" name="shl_ln_fu_832">
<pin_list>
<pin id="833" dir="0" index="0" bw="31" slack="0"/>
<pin id="834" dir="0" index="1" bw="27" slack="12"/>
<pin id="835" dir="0" index="2" bw="1" slack="0"/>
<pin id="836" dir="1" index="3" bw="31" slack="0"/>
</pin_list>
<bind>
<opcode="bitconcatenate(1004) " fcode="bitconcatenate"/>
<opset="shl_ln/15 "/>
</bind>
</comp>

<comp id="840" class="1004" name="zext_ln51_fu_840">
<pin_list>
<pin id="841" dir="0" index="0" bw="31" slack="0"/>
<pin id="842" dir="1" index="1" bw="62" slack="5"/>
</pin_list>
<bind>
<opcode="zext(34) " fcode="zext"/>
<opset="zext_ln51/15 "/>
</bind>
</comp>

<comp id="844" class="1004" name="zext_ln51_1_fu_844">
<pin_list>
<pin id="845" dir="0" index="0" bw="31" slack="0"/>
<pin id="846" dir="1" index="1" bw="36" slack="2"/>
</pin_list>
<bind>
<opcode="zext(34) " fcode="zext"/>
<opset="zext_ln51_1/15 "/>
</bind>
</comp>

<comp id="848" class="1004" name="add_ln51_1_fu_848">
<pin_list>
<pin id="849" dir="0" index="0" bw="58" slack="0"/>
<pin id="850" dir="0" index="1" bw="32" slack="15"/>
<pin id="851" dir="1" index="2" bw="58" slack="0"/>
</pin_list>
<bind>
<opcode="add(8) " fcode="add"/>
<opset="add_ln51_1/16 "/>
</bind>
</comp>

<comp id="853" class="1004" name="zext_ln51_2_fu_853">
<pin_list>
<pin id="854" dir="0" index="0" bw="27" slack="0"/>
<pin id="855" dir="1" index="1" bw="28" slack="0"/>
</pin_list>
<bind>
<opcode="zext(34) " fcode="zext"/>
<opset="zext_ln51_2/16 "/>
</bind>
</comp>

<comp id="857" class="1004" name="icmp_ln51_fu_857">
<pin_list>
<pin id="858" dir="0" index="0" bw="27" slack="0"/>
<pin id="859" dir="0" index="1" bw="28" slack="15"/>
<pin id="860" dir="1" index="2" bw="1" slack="1"/>
</pin_list>
<bind>
<opcode="icmp(45) " fcode="icmp"/>
<opset="icmp_ln51/16 "/>
</bind>
</comp>

<comp id="862" class="1004" name="add_ln51_fu_862">
<pin_list>
<pin id="863" dir="0" index="0" bw="27" slack="0"/>
<pin id="864" dir="0" index="1" bw="1" slack="0"/>
<pin id="865" dir="1" index="2" bw="27" slack="0"/>
</pin_list>
<bind>
<opcode="add(8) " fcode="add"/>
<opset="add_ln51/16 "/>
</bind>
</comp>

<comp id="868" class="1004" name="tmp_10_fu_868">
<pin_list>
<pin id="869" dir="0" index="0" bw="62" slack="0"/>
<pin id="870" dir="0" index="1" bw="58" slack="0"/>
<pin id="871" dir="0" index="2" bw="1" slack="0"/>
<pin id="872" dir="1" index="3" bw="62" slack="1"/>
</pin_list>
<bind>
<opcode="bitconcatenate(1004) " fcode="bitconcatenate"/>
<opset="tmp_10/16 "/>
</bind>
</comp>

<comp id="876" class="1004" name="tmp_11_fu_876">
<pin_list>
<pin id="877" dir="0" index="0" bw="31" slack="0"/>
<pin id="878" dir="0" index="1" bw="27" slack="0"/>
<pin id="879" dir="0" index="2" bw="1" slack="0"/>
<pin id="880" dir="1" index="3" bw="31" slack="0"/>
</pin_list>
<bind>
<opcode="bitconcatenate(1004) " fcode="bitconcatenate"/>
<opset="tmp_11/16 "/>
</bind>
</comp>

<comp id="884" class="1004" name="zext_ln54_fu_884">
<pin_list>
<pin id="885" dir="0" index="0" bw="31" slack="0"/>
<pin id="886" dir="1" index="1" bw="62" slack="16"/>
</pin_list>
<bind>
<opcode="zext(34) " fcode="zext"/>
<opset="zext_ln54/16 "/>
</bind>
</comp>

<comp id="888" class="1004" name="add_ln54_1_fu_888">
<pin_list>
<pin id="889" dir="0" index="0" bw="36" slack="0"/>
<pin id="890" dir="0" index="1" bw="32" slack="16"/>
<pin id="891" dir="1" index="2" bw="36" slack="0"/>
</pin_list>
<bind>
<opcode="add(8) " fcode="add"/>
<opset="add_ln54_1/17 "/>
</bind>
</comp>

<comp id="893" class="1004" name="icmp_ln54_fu_893">
<pin_list>
<pin id="894" dir="0" index="0" bw="5" slack="0"/>
<pin id="895" dir="0" index="1" bw="5" slack="0"/>
<pin id="896" dir="1" index="2" bw="1" slack="2147483647"/>
</pin_list>
<bind>
<opcode="icmp(45) " fcode="icmp"/>
<opset="icmp_ln54/17 "/>
</bind>
</comp>

<comp id="899" class="1004" name="add_ln54_fu_899">
<pin_list>
<pin id="900" dir="0" index="0" bw="5" slack="0"/>
<pin id="901" dir="0" index="1" bw="1" slack="0"/>
<pin id="902" dir="1" index="2" bw="5" slack="0"/>
</pin_list>
<bind>
<opcode="add(8) " fcode="add"/>
<opset="add_ln54/17 "/>
</bind>
</comp>

<comp id="905" class="1004" name="tmp_fu_905">
<pin_list>
<pin id="906" dir="0" index="0" bw="31" slack="2"/>
<pin id="907" dir="0" index="1" bw="36" slack="0"/>
<pin id="908" dir="1" index="2" bw="36" slack="0"/>
</pin_list>
<bind>
<opcode="add(8) " fcode="add"/>
<opset="tmp/17 "/>
</bind>
</comp>

<comp id="910" class="1004" name="tmp_cast_fu_910">
<pin_list>
<pin id="911" dir="0" index="0" bw="36" slack="0"/>
<pin id="912" dir="1" index="1" bw="62" slack="0"/>
</pin_list>
<bind>
<opcode="sext(35) " fcode="sext"/>
<opset="tmp_cast/17 "/>
</bind>
</comp>

<comp id="914" class="1004" name="empty_50_fu_914">
<pin_list>
<pin id="915" dir="0" index="0" bw="36" slack="0"/>
<pin id="916" dir="0" index="1" bw="62" slack="1"/>
<pin id="917" dir="1" index="2" bw="62" slack="1"/>
</pin_list>
<bind>
<opcode="add(8) " fcode="add"/>
<opset="empty_50/17 "/>
</bind>
</comp>

<comp id="919" class="1004" name="zext_ln54_1_fu_919">
<pin_list>
<pin id="920" dir="0" index="0" bw="5" slack="1"/>
<pin id="921" dir="1" index="1" bw="62" slack="14"/>
</pin_list>
<bind>
<opcode="zext(34) " fcode="zext"/>
<opset="zext_ln54_1/18 "/>
</bind>
</comp>

<comp id="923" class="1004" name="tmp_12_fu_923">
<pin_list>
<pin id="924" dir="0" index="0" bw="64" slack="0"/>
<pin id="925" dir="0" index="1" bw="62" slack="1"/>
<pin id="926" dir="0" index="2" bw="1" slack="0"/>
<pin id="927" dir="1" index="3" bw="64" slack="0"/>
</pin_list>
<bind>
<opcode="bitconcatenate(1004) " fcode="bitconcatenate"/>
<opset="tmp_12/18 "/>
</bind>
</comp>

<comp id="930" class="1004" name="empty_51_fu_930">
<pin_list>
<pin id="931" dir="0" index="0" bw="64" slack="0"/>
<pin id="932" dir="0" index="1" bw="64" slack="17"/>
<pin id="933" dir="1" index="2" bw="64" slack="0"/>
</pin_list>
<bind>
<opcode="add(8) " fcode="add"/>
<opset="empty_51/18 "/>
</bind>
</comp>

<comp id="935" class="1004" name="trunc_ln_fu_935">
<pin_list>
<pin id="936" dir="0" index="0" bw="62" slack="0"/>
<pin id="937" dir="0" index="1" bw="64" slack="0"/>
<pin id="938" dir="0" index="2" bw="3" slack="0"/>
<pin id="939" dir="0" index="3" bw="7" slack="0"/>
<pin id="940" dir="1" index="4" bw="62" slack="0"/>
</pin_list>
<bind>
<opcode="partselect(1002) " fcode="partselect"/>
<opset="trunc_ln/18 "/>
</bind>
</comp>

<comp id="945" class="1004" name="sext_ln56_fu_945">
<pin_list>
<pin id="946" dir="0" index="0" bw="62" slack="0"/>
<pin id="947" dir="1" index="1" bw="63" slack="1"/>
</pin_list>
<bind>
<opcode="sext(35) " fcode="sext"/>
<opset="sext_ln56/18 "/>
</bind>
</comp>

<comp id="949" class="1004" name="icmp_ln56_fu_949">
<pin_list>
<pin id="950" dir="0" index="0" bw="5" slack="0"/>
<pin id="951" dir="0" index="1" bw="5" slack="0"/>
<pin id="952" dir="1" index="2" bw="1" slack="2147483647"/>
</pin_list>
<bind>
<opcode="icmp(45) " fcode="icmp"/>
<opset="icmp_ln56/19 "/>
</bind>
</comp>

<comp id="955" class="1004" name="add_ln56_fu_955">
<pin_list>
<pin id="956" dir="0" index="0" bw="5" slack="0"/>
<pin id="957" dir="0" index="1" bw="1" slack="0"/>
<pin id="958" dir="1" index="2" bw="5" slack="0"/>
</pin_list>
<bind>
<opcode="add(8) " fcode="add"/>
<opset="add_ln56/19 "/>
</bind>
</comp>

<comp id="961" class="1004" name="zext_ln56_1_fu_961">
<pin_list>
<pin id="962" dir="0" index="0" bw="5" slack="0"/>
<pin id="963" dir="1" index="1" bw="63" slack="0"/>
</pin_list>
<bind>
<opcode="zext(34) " fcode="zext"/>
<opset="zext_ln56_1/19 "/>
</bind>
</comp>

<comp id="965" class="1004" name="add_ln58_fu_965">
<pin_list>
<pin id="966" dir="0" index="0" bw="5" slack="0"/>
<pin id="967" dir="0" index="1" bw="62" slack="1"/>
<pin id="968" dir="1" index="2" bw="63" slack="0"/>
</pin_list>
<bind>
<opcode="add(8) " fcode="add"/>
<opset="add_ln58/19 "/>
</bind>
</comp>

<comp id="970" class="1004" name="sext_ln58_fu_970">
<pin_list>
<pin id="971" dir="0" index="0" bw="63" slack="0"/>
<pin id="972" dir="1" index="1" bw="64" slack="0"/>
</pin_list>
<bind>
<opcode="sext(35) " fcode="sext"/>
<opset="sext_ln58/19 "/>
</bind>
</comp>

<comp id="974" class="1004" name="gmem_addr_2_fu_974">
<pin_list>
<pin id="975" dir="0" index="0" bw="32" slack="0"/>
<pin id="976" dir="0" index="1" bw="63" slack="0"/>
<pin id="977" dir="1" index="2" bw="32" slack="1"/>
</pin_list>
<bind>
<opcode="getelementptr(29) " fcode="getelementptr"/>
<opset="gmem_addr_2/19 "/>
</bind>
</comp>

<comp id="980" class="1004" name="zext_ln56_fu_980">
<pin_list>
<pin id="981" dir="0" index="0" bw="5" slack="9"/>
<pin id="982" dir="1" index="1" bw="8" slack="1"/>
</pin_list>
<bind>
<opcode="zext(34) " fcode="zext"/>
<opset="zext_ln56/28 "/>
</bind>
</comp>

<comp id="984" class="1004" name="icmp_ln60_fu_984">
<pin_list>
<pin id="985" dir="0" index="0" bw="5" slack="0"/>
<pin id="986" dir="0" index="1" bw="5" slack="0"/>
<pin id="987" dir="1" index="2" bw="1" slack="2147483647"/>
</pin_list>
<bind>
<opcode="icmp(45) " fcode="icmp"/>
<opset="icmp_ln60/29 "/>
</bind>
</comp>

<comp id="990" class="1004" name="add_ln60_fu_990">
<pin_list>
<pin id="991" dir="0" index="0" bw="5" slack="0"/>
<pin id="992" dir="0" index="1" bw="1" slack="0"/>
<pin id="993" dir="1" index="2" bw="5" slack="0"/>
</pin_list>
<bind>
<opcode="add(8) " fcode="add"/>
<opset="add_ln60/29 "/>
</bind>
</comp>

<comp id="996" class="1004" name="trunc_ln60_fu_996">
<pin_list>
<pin id="997" dir="0" index="0" bw="5" slack="0"/>
<pin id="998" dir="1" index="1" bw="4" slack="0"/>
</pin_list>
<bind>
<opcode="trunc(33) " fcode="trunc"/>
<opset="trunc_ln60/29 "/>
</bind>
</comp>

<comp id="1000" class="1004" name="tmp_15_fu_1000">
<pin_list>
<pin id="1001" dir="0" index="0" bw="8" slack="0"/>
<pin id="1002" dir="0" index="1" bw="4" slack="0"/>
<pin id="1003" dir="0" index="2" bw="1" slack="0"/>
<pin id="1004" dir="1" index="3" bw="8" slack="0"/>
</pin_list>
<bind>
<opcode="bitconcatenate(1004) " fcode="bitconcatenate"/>
<opset="tmp_15/29 "/>
</bind>
</comp>

<comp id="1008" class="1004" name="add_ln63_1_fu_1008">
<pin_list>
<pin id="1009" dir="0" index="0" bw="8" slack="0"/>
<pin id="1010" dir="0" index="1" bw="5" slack="1"/>
<pin id="1011" dir="1" index="2" bw="8" slack="14"/>
</pin_list>
<bind>
<opcode="add(8) " fcode="add"/>
<opset="add_ln63_1/29 "/>
</bind>
</comp>

<comp id="1013" class="1004" name="zext_ln60_fu_1013">
<pin_list>
<pin id="1014" dir="0" index="0" bw="5" slack="0"/>
<pin id="1015" dir="1" index="1" bw="32" slack="0"/>
</pin_list>
<bind>
<opcode="zext(34) " fcode="zext"/>
<opset="zext_ln60/29 "/>
</bind>
</comp>

<comp id="1017" class="1004" name="add_ln62_fu_1017">
<pin_list>
<pin id="1018" dir="0" index="0" bw="5" slack="0"/>
<pin id="1019" dir="0" index="1" bw="31" slack="27"/>
<pin id="1020" dir="1" index="2" bw="32" slack="1"/>
</pin_list>
<bind>
<opcode="add(8) " fcode="add"/>
<opset="add_ln62/29 "/>
</bind>
</comp>

<comp id="1022" class="1004" name="zext_ln62_fu_1022">
<pin_list>
<pin id="1023" dir="0" index="0" bw="32" slack="1"/>
<pin id="1024" dir="1" index="1" bw="62" slack="0"/>
</pin_list>
<bind>
<opcode="zext(34) " fcode="zext"/>
<opset="zext_ln62/30 "/>
</bind>
</comp>

<comp id="1026" class="1004" name="add_ln62_1_fu_1026">
<pin_list>
<pin id="1027" dir="0" index="0" bw="31" slack="16"/>
<pin id="1028" dir="0" index="1" bw="62" slack="1"/>
<pin id="1029" dir="1" index="2" bw="62" slack="0"/>
</pin_list>
<bind>
<opcode="add(8) " fcode="add"/>
<opset="add_ln62_1/32 "/>
</bind>
</comp>

<comp id="1030" class="1004" name="add_ln62_3_fu_1030">
<pin_list>
<pin id="1031" dir="0" index="0" bw="62" slack="0"/>
<pin id="1032" dir="0" index="1" bw="5" slack="14"/>
<pin id="1033" dir="1" index="2" bw="62" slack="1"/>
</pin_list>
<bind>
<opcode="add(8) " fcode="add"/>
<opset="add_ln62_3/32 "/>
</bind>
</comp>

<comp id="1035" class="1004" name="shl_ln1_fu_1035">
<pin_list>
<pin id="1036" dir="0" index="0" bw="64" slack="0"/>
<pin id="1037" dir="0" index="1" bw="62" slack="1"/>
<pin id="1038" dir="0" index="2" bw="1" slack="0"/>
<pin id="1039" dir="1" index="3" bw="64" slack="0"/>
</pin_list>
<bind>
<opcode="bitconcatenate(1004) " fcode="bitconcatenate"/>
<opset="shl_ln1/33 "/>
</bind>
</comp>

<comp id="1042" class="1004" name="add_ln62_2_fu_1042">
<pin_list>
<pin id="1043" dir="0" index="0" bw="64" slack="0"/>
<pin id="1044" dir="0" index="1" bw="64" slack="32"/>
<pin id="1045" dir="1" index="2" bw="64" slack="0"/>
</pin_list>
<bind>
<opcode="add(8) " fcode="add"/>
<opset="add_ln62_2/33 "/>
</bind>
</comp>

<comp id="1047" class="1004" name="trunc_ln2_fu_1047">
<pin_list>
<pin id="1048" dir="0" index="0" bw="62" slack="0"/>
<pin id="1049" dir="0" index="1" bw="64" slack="0"/>
<pin id="1050" dir="0" index="2" bw="3" slack="0"/>
<pin id="1051" dir="0" index="3" bw="7" slack="0"/>
<pin id="1052" dir="1" index="4" bw="62" slack="0"/>
</pin_list>
<bind>
<opcode="partselect(1002) " fcode="partselect"/>
<opset="trunc_ln2/33 "/>
</bind>
</comp>

<comp id="1057" class="1004" name="sext_ln62_fu_1057">
<pin_list>
<pin id="1058" dir="0" index="0" bw="62" slack="0"/>
<pin id="1059" dir="1" index="1" bw="64" slack="0"/>
</pin_list>
<bind>
<opcode="sext(35) " fcode="sext"/>
<opset="sext_ln62/33 "/>
</bind>
</comp>

<comp id="1061" class="1004" name="gmem_addr_3_fu_1061">
<pin_list>
<pin id="1062" dir="0" index="0" bw="32" slack="0"/>
<pin id="1063" dir="0" index="1" bw="62" slack="0"/>
<pin id="1064" dir="1" index="2" bw="32" slack="1"/>
</pin_list>
<bind>
<opcode="getelementptr(29) " fcode="getelementptr"/>
<opset="gmem_addr_3/33 "/>
</bind>
</comp>

<comp id="1067" class="1004" name="zext_ln63_fu_1067">
<pin_list>
<pin id="1068" dir="0" index="0" bw="8" slack="14"/>
<pin id="1069" dir="1" index="1" bw="64" slack="0"/>
</pin_list>
<bind>
<opcode="zext(34) " fcode="zext"/>
<opset="zext_ln63/43 "/>
</bind>
</comp>

<comp id="1071" class="1004" name="add_ln63_fu_1071">
<pin_list>
<pin id="1072" dir="0" index="0" bw="32" slack="1"/>
<pin id="1073" dir="0" index="1" bw="32" slack="1"/>
<pin id="1074" dir="1" index="2" bw="32" slack="0"/>
</pin_list>
<bind>
<opcode="add(8) " fcode="add"/>
<opset="add_ln63/45 "/>
</bind>
</comp>

<comp id="1077" class="1004" name="icmp_ln70_fu_1077">
<pin_list>
<pin id="1078" dir="0" index="0" bw="9" slack="0"/>
<pin id="1079" dir="0" index="1" bw="9" slack="0"/>
<pin id="1080" dir="1" index="2" bw="1" slack="1"/>
</pin_list>
<bind>
<opcode="icmp(45) " fcode="icmp"/>
<opset="icmp_ln70/46 "/>
</bind>
</comp>

<comp id="1083" class="1004" name="add_ln70_1_fu_1083">
<pin_list>
<pin id="1084" dir="0" index="0" bw="9" slack="0"/>
<pin id="1085" dir="0" index="1" bw="1" slack="0"/>
<pin id="1086" dir="1" index="2" bw="9" slack="0"/>
</pin_list>
<bind>
<opcode="add(8) " fcode="add"/>
<opset="add_ln70_1/46 "/>
</bind>
</comp>

<comp id="1089" class="1004" name="add_ln70_fu_1089">
<pin_list>
<pin id="1090" dir="0" index="0" bw="5" slack="0"/>
<pin id="1091" dir="0" index="1" bw="1" slack="0"/>
<pin id="1092" dir="1" index="2" bw="5" slack="0"/>
</pin_list>
<bind>
<opcode="add(8) " fcode="add"/>
<opset="add_ln70/46 "/>
</bind>
</comp>

<comp id="1095" class="1004" name="icmp_ln72_fu_1095">
<pin_list>
<pin id="1096" dir="0" index="0" bw="5" slack="0"/>
<pin id="1097" dir="0" index="1" bw="5" slack="0"/>
<pin id="1098" dir="1" index="2" bw="1" slack="0"/>
</pin_list>
<bind>
<opcode="icmp(45) " fcode="icmp"/>
<opset="icmp_ln72/46 "/>
</bind>
</comp>

<comp id="1101" class="1004" name="select_ln71_fu_1101">
<pin_list>
<pin id="1102" dir="0" index="0" bw="1" slack="0"/>
<pin id="1103" dir="0" index="1" bw="1" slack="0"/>
<pin id="1104" dir="0" index="2" bw="5" slack="0"/>
<pin id="1105" dir="1" index="3" bw="5" slack="0"/>
</pin_list>
<bind>
<opcode="select(49) " fcode="select"/>
<opset="select_ln71/46 "/>
</bind>
</comp>

<comp id="1109" class="1004" name="select_ln70_fu_1109">
<pin_list>
<pin id="1110" dir="0" index="0" bw="1" slack="0"/>
<pin id="1111" dir="0" index="1" bw="5" slack="0"/>
<pin id="1112" dir="0" index="2" bw="5" slack="0"/>
<pin id="1113" dir="1" index="3" bw="5" slack="0"/>
</pin_list>
<bind>
<opcode="select(49) " fcode="select"/>
<opset="select_ln70/46 "/>
</bind>
</comp>

<comp id="1117" class="1004" name="empty_54_fu_1117">
<pin_list>
<pin id="1118" dir="0" index="0" bw="5" slack="0"/>
<pin id="1119" dir="1" index="1" bw="4" slack="0"/>
</pin_list>
<bind>
<opcode="trunc(33) " fcode="trunc"/>
<opset="empty_54/46 "/>
</bind>
</comp>

<comp id="1121" class="1004" name="first_iter_1_fu_1121">
<pin_list>
<pin id="1122" dir="0" index="0" bw="5" slack="0"/>
<pin id="1123" dir="0" index="1" bw="1" slack="0"/>
<pin id="1124" dir="1" index="2" bw="1" slack="5"/>
</pin_list>
<bind>
<opcode="icmp(45) " fcode="icmp"/>
<opset="first_iter_1/46 "/>
</bind>
</comp>

<comp id="1127" class="1004" name="tmp_14_fu_1127">
<pin_list>
<pin id="1128" dir="0" index="0" bw="8" slack="0"/>
<pin id="1129" dir="0" index="1" bw="4" slack="0"/>
<pin id="1130" dir="0" index="2" bw="1" slack="0"/>
<pin id="1131" dir="1" index="3" bw="8" slack="0"/>
</pin_list>
<bind>
<opcode="bitconcatenate(1004) " fcode="bitconcatenate"/>
<opset="tmp_14/46 "/>
</bind>
</comp>

<comp id="1135" class="1004" name="zext_ln73_fu_1135">
<pin_list>
<pin id="1136" dir="0" index="0" bw="5" slack="0"/>
<pin id="1137" dir="1" index="1" bw="8" slack="0"/>
</pin_list>
<bind>
<opcode="zext(34) " fcode="zext"/>
<opset="zext_ln73/46 "/>
</bind>
</comp>

<comp id="1139" class="1004" name="add_ln73_fu_1139">
<pin_list>
<pin id="1140" dir="0" index="0" bw="8" slack="0"/>
<pin id="1141" dir="0" index="1" bw="5" slack="0"/>
<pin id="1142" dir="1" index="2" bw="8" slack="4"/>
</pin_list>
<bind>
<opcode="add(8) " fcode="add"/>
<opset="add_ln73/46 "/>
</bind>
</comp>

<comp id="1145" class="1004" name="add_ln72_fu_1145">
<pin_list>
<pin id="1146" dir="0" index="0" bw="5" slack="0"/>
<pin id="1147" dir="0" index="1" bw="1" slack="0"/>
<pin id="1148" dir="1" index="2" bw="5" slack="0"/>
</pin_list>
<bind>
<opcode="add(8) " fcode="add"/>
<opset="add_ln72/46 "/>
</bind>
</comp>

<comp id="1151" class="1004" name="icmp_ln72_1_fu_1151">
<pin_list>
<pin id="1152" dir="0" index="0" bw="5" slack="0"/>
<pin id="1153" dir="0" index="1" bw="5" slack="0"/>
<pin id="1154" dir="1" index="2" bw="1" slack="7"/>
</pin_list>
<bind>
<opcode="icmp(45) " fcode="icmp"/>
<opset="icmp_ln72_1/46 "/>
</bind>
</comp>

<comp id="1157" class="1004" name="zext_ln70_fu_1157">
<pin_list>
<pin id="1158" dir="0" index="0" bw="5" slack="1"/>
<pin id="1159" dir="1" index="1" bw="37" slack="0"/>
</pin_list>
<bind>
<opcode="zext(34) " fcode="zext"/>
<opset="zext_ln70/47 "/>
</bind>
</comp>

<comp id="1160" class="1004" name="grp_fu_1160">
<pin_list>
<pin id="1161" dir="0" index="0" bw="5" slack="0"/>
<pin id="1162" dir="0" index="1" bw="32" slack="17"/>
<pin id="1163" dir="1" index="2" bw="37" slack="1"/>
</pin_list>
<bind>
<opcode="mul(12) " fcode="mul"/>
<opset="empty_55/47 "/>
</bind>
</comp>

<comp id="1165" class="1004" name="p_cast12_fu_1165">
<pin_list>
<pin id="1166" dir="0" index="0" bw="37" slack="1"/>
<pin id="1167" dir="1" index="1" bw="62" slack="0"/>
</pin_list>
<bind>
<opcode="sext(35) " fcode="sext"/>
<opset="p_cast12/49 "/>
</bind>
</comp>

<comp id="1168" class="1004" name="tmp2_fu_1168">
<pin_list>
<pin id="1169" dir="0" index="0" bw="62" slack="18"/>
<pin id="1170" dir="0" index="1" bw="37" slack="0"/>
<pin id="1171" dir="1" index="2" bw="62" slack="0"/>
</pin_list>
<bind>
<opcode="add(8) " fcode="add"/>
<opset="tmp2/49 "/>
</bind>
</comp>

<comp id="1173" class="1004" name="empty_56_fu_1173">
<pin_list>
<pin id="1174" dir="0" index="0" bw="62" slack="0"/>
<pin id="1175" dir="0" index="1" bw="31" slack="5"/>
<pin id="1176" dir="1" index="2" bw="62" slack="1"/>
</pin_list>
<bind>
<opcode="add(8) " fcode="add"/>
<opset="empty_56/49 "/>
</bind>
</comp>

<comp id="1178" class="1004" name="tmp_13_fu_1178">
<pin_list>
<pin id="1179" dir="0" index="0" bw="64" slack="0"/>
<pin id="1180" dir="0" index="1" bw="62" slack="1"/>
<pin id="1181" dir="0" index="2" bw="1" slack="0"/>
<pin id="1182" dir="1" index="3" bw="64" slack="0"/>
</pin_list>
<bind>
<opcode="bitconcatenate(1004) " fcode="bitconcatenate"/>
<opset="tmp_13/50 "/>
</bind>
</comp>

<comp id="1185" class="1004" name="empty_57_fu_1185">
<pin_list>
<pin id="1186" dir="0" index="0" bw="64" slack="0"/>
<pin id="1187" dir="0" index="1" bw="64" slack="20"/>
<pin id="1188" dir="1" index="2" bw="64" slack="0"/>
</pin_list>
<bind>
<opcode="add(8) " fcode="add"/>
<opset="empty_57/50 "/>
</bind>
</comp>

<comp id="1190" class="1004" name="trunc_ln1_fu_1190">
<pin_list>
<pin id="1191" dir="0" index="0" bw="62" slack="0"/>
<pin id="1192" dir="0" index="1" bw="64" slack="0"/>
<pin id="1193" dir="0" index="2" bw="3" slack="0"/>
<pin id="1194" dir="0" index="3" bw="7" slack="0"/>
<pin id="1195" dir="1" index="4" bw="62" slack="0"/>
</pin_list>
<bind>
<opcode="partselect(1002) " fcode="partselect"/>
<opset="trunc_ln1/50 "/>
</bind>
</comp>

<comp id="1200" class="1004" name="sext_ln72_fu_1200">
<pin_list>
<pin id="1201" dir="0" index="0" bw="62" slack="0"/>
<pin id="1202" dir="1" index="1" bw="64" slack="0"/>
</pin_list>
<bind>
<opcode="sext(35) " fcode="sext"/>
<opset="sext_ln72/50 "/>
</bind>
</comp>

<comp id="1204" class="1004" name="gmem_addr_1_fu_1204">
<pin_list>
<pin id="1205" dir="0" index="0" bw="32" slack="0"/>
<pin id="1206" dir="0" index="1" bw="62" slack="0"/>
<pin id="1207" dir="1" index="2" bw="32" slack="1"/>
</pin_list>
<bind>
<opcode="getelementptr(29) " fcode="getelementptr"/>
<opset="gmem_addr_1/50 "/>
</bind>
</comp>

<comp id="1210" class="1004" name="zext_ln73_1_fu_1210">
<pin_list>
<pin id="1211" dir="0" index="0" bw="8" slack="4"/>
<pin id="1212" dir="1" index="1" bw="64" slack="0"/>
</pin_list>
<bind>
<opcode="zext(34) " fcode="zext"/>
<opset="zext_ln73_1/50 "/>
</bind>
</comp>

<comp id="1214" class="1005" name="phi_mul19_reg_1214">
<pin_list>
<pin id="1215" dir="0" index="0" bw="58" slack="0"/>
<pin id="1216" dir="1" index="1" bw="58" slack="0"/>
</pin_list>
<bind>
<opset="phi_mul19 "/>
</bind>
</comp>

<comp id="1221" class="1005" name="ib_reg_1221">
<pin_list>
<pin id="1222" dir="0" index="0" bw="27" slack="0"/>
<pin id="1223" dir="1" index="1" bw="27" slack="0"/>
</pin_list>
<bind>
<opset="ib "/>
</bind>
</comp>

<comp id="1228" class="1005" name="ABC_read_reg_1228">
<pin_list>
<pin id="1229" dir="0" index="0" bw="64" slack="20"/>
<pin id="1230" dir="1" index="1" bw="64" slack="20"/>
</pin_list>
<bind>
<opset="ABC_read "/>
</bind>
</comp>

<comp id="1233" class="1005" name="C_read_reg_1233">
<pin_list>
<pin id="1234" dir="0" index="0" bw="64" slack="1"/>
<pin id="1235" dir="1" index="1" bw="64" slack="1"/>
</pin_list>
<bind>
<opset="C_read "/>
</bind>
</comp>

<comp id="1238" class="1005" name="B_read_reg_1238">
<pin_list>
<pin id="1239" dir="0" index="0" bw="64" slack="17"/>
<pin id="1240" dir="1" index="1" bw="64" slack="17"/>
</pin_list>
<bind>
<opset="B_read "/>
</bind>
</comp>

<comp id="1243" class="1005" name="A_read_reg_1243">
<pin_list>
<pin id="1244" dir="0" index="0" bw="64" slack="32"/>
<pin id="1245" dir="1" index="1" bw="64" slack="32"/>
</pin_list>
<bind>
<opset="A_read "/>
</bind>
</comp>

<comp id="1248" class="1005" name="div_reg_1248">
<pin_list>
<pin id="1249" dir="0" index="0" bw="28" slack="1"/>
<pin id="1250" dir="1" index="1" bw="28" slack="1"/>
</pin_list>
<bind>
<opset="div "/>
</bind>
</comp>

<comp id="1253" class="1005" name="div2_reg_1253">
<pin_list>
<pin id="1254" dir="0" index="0" bw="28" slack="2"/>
<pin id="1255" dir="1" index="1" bw="28" slack="2"/>
</pin_list>
<bind>
<opset="div2 "/>
</bind>
</comp>

<comp id="1258" class="1005" name="div22_reg_1258">
<pin_list>
<pin id="1259" dir="0" index="0" bw="28" slack="15"/>
<pin id="1260" dir="1" index="1" bw="28" slack="15"/>
</pin_list>
<bind>
<opset="div22 "/>
</bind>
</comp>

<comp id="1263" class="1005" name="sext_ln35_reg_1263">
<pin_list>
<pin id="1264" dir="0" index="0" bw="62" slack="29"/>
<pin id="1265" dir="1" index="1" bw="62" slack="29"/>
</pin_list>
<bind>
<opset="sext_ln35 "/>
</bind>
</comp>

<comp id="1268" class="1005" name="sext_ln35_1_reg_1268">
<pin_list>
<pin id="1269" dir="0" index="0" bw="37" slack="17"/>
<pin id="1270" dir="1" index="1" bw="37" slack="17"/>
</pin_list>
<bind>
<opset="sext_ln35_1 "/>
</bind>
</comp>

<comp id="1273" class="1005" name="sext_ln35_3_reg_1273">
<pin_list>
<pin id="1274" dir="0" index="0" bw="36" slack="16"/>
<pin id="1275" dir="1" index="1" bw="36" slack="16"/>
</pin_list>
<bind>
<opset="sext_ln35_3 "/>
</bind>
</comp>

<comp id="1278" class="1005" name="sext_ln35_2_reg_1278">
<pin_list>
<pin id="1279" dir="0" index="0" bw="58" slack="1"/>
<pin id="1280" dir="1" index="1" bw="58" slack="1"/>
</pin_list>
<bind>
<opset="sext_ln35_2 "/>
</bind>
</comp>

<comp id="1284" class="1005" name="add_ln35_1_reg_1284">
<pin_list>
<pin id="1285" dir="0" index="0" bw="58" slack="1"/>
<pin id="1286" dir="1" index="1" bw="58" slack="1"/>
</pin_list>
<bind>
<opset="add_ln35_1 "/>
</bind>
</comp>

<comp id="1292" class="1005" name="add_ln35_reg_1292">
<pin_list>
<pin id="1293" dir="0" index="0" bw="27" slack="1"/>
<pin id="1294" dir="1" index="1" bw="27" slack="1"/>
</pin_list>
<bind>
<opset="add_ln35 "/>
</bind>
</comp>

<comp id="1297" class="1005" name="tmp_7_reg_1297">
<pin_list>
<pin id="1298" dir="0" index="0" bw="62" slack="18"/>
<pin id="1299" dir="1" index="1" bw="62" slack="18"/>
</pin_list>
<bind>
<opset="tmp_7 "/>
</bind>
</comp>

<comp id="1302" class="1005" name="tmp_9_cast_reg_1302">
<pin_list>
<pin id="1303" dir="0" index="0" bw="32" slack="27"/>
<pin id="1304" dir="1" index="1" bw="32" slack="27"/>
</pin_list>
<bind>
<opset="tmp_9_cast "/>
</bind>
</comp>

<comp id="1307" class="1005" name="gmem_addr_reg_1307">
<pin_list>
<pin id="1308" dir="0" index="0" bw="32" slack="2"/>
<pin id="1309" dir="1" index="1" bw="32" slack="2"/>
</pin_list>
<bind>
<opset="gmem_addr "/>
</bind>
</comp>

<comp id="1316" class="1005" name="add_ln38_reg_1316">
<pin_list>
<pin id="1317" dir="0" index="0" bw="27" slack="0"/>
<pin id="1318" dir="1" index="1" bw="27" slack="0"/>
</pin_list>
<bind>
<opset="add_ln38 "/>
</bind>
</comp>

<comp id="1321" class="1005" name="icmp_ln43_reg_1321">
<pin_list>
<pin id="1322" dir="0" index="0" bw="1" slack="1"/>
<pin id="1323" dir="1" index="1" bw="1" slack="2147483647"/>
</pin_list>
<bind>
<opset="icmp_ln43 "/>
</bind>
</comp>

<comp id="1325" class="1005" name="add_ln43_1_reg_1325">
<pin_list>
<pin id="1326" dir="0" index="0" bw="9" slack="0"/>
<pin id="1327" dir="1" index="1" bw="9" slack="0"/>
</pin_list>
<bind>
<opset="add_ln43_1 "/>
</bind>
</comp>

<comp id="1330" class="1005" name="icmp_ln45_reg_1330">
<pin_list>
<pin id="1331" dir="0" index="0" bw="1" slack="1"/>
<pin id="1332" dir="1" index="1" bw="1" slack="1"/>
</pin_list>
<bind>
<opset="icmp_ln45 "/>
</bind>
</comp>

<comp id="1335" class="1005" name="select_ln44_reg_1335">
<pin_list>
<pin id="1336" dir="0" index="0" bw="5" slack="1"/>
<pin id="1337" dir="1" index="1" bw="5" slack="1"/>
</pin_list>
<bind>
<opset="select_ln44 "/>
</bind>
</comp>

<comp id="1340" class="1005" name="first_iter_0_reg_1340">
<pin_list>
<pin id="1341" dir="0" index="0" bw="1" slack="1"/>
<pin id="1342" dir="1" index="1" bw="1" slack="2147483647"/>
</pin_list>
<bind>
<opset="first_iter_0 "/>
</bind>
</comp>

<comp id="1344" class="1005" name="add_ln45_reg_1344">
<pin_list>
<pin id="1345" dir="0" index="0" bw="5" slack="0"/>
<pin id="1346" dir="1" index="1" bw="5" slack="0"/>
</pin_list>
<bind>
<opset="add_ln45 "/>
</bind>
</comp>

<comp id="1349" class="1005" name="select_ln43_reg_1349">
<pin_list>
<pin id="1350" dir="0" index="0" bw="5" slack="0"/>
<pin id="1351" dir="1" index="1" bw="5" slack="0"/>
</pin_list>
<bind>
<opset="select_ln43 "/>
</bind>
</comp>

<comp id="1354" class="1005" name="add_ln46_reg_1354">
<pin_list>
<pin id="1355" dir="0" index="0" bw="8" slack="1"/>
<pin id="1356" dir="1" index="1" bw="8" slack="1"/>
</pin_list>
<bind>
<opset="add_ln46 "/>
</bind>
</comp>

<comp id="1359" class="1005" name="zext_ln51_reg_1359">
<pin_list>
<pin id="1360" dir="0" index="0" bw="62" slack="5"/>
<pin id="1361" dir="1" index="1" bw="62" slack="5"/>
</pin_list>
<bind>
<opset="zext_ln51 "/>
</bind>
</comp>

<comp id="1364" class="1005" name="zext_ln51_1_reg_1364">
<pin_list>
<pin id="1365" dir="0" index="0" bw="36" slack="2"/>
<pin id="1366" dir="1" index="1" bw="36" slack="2"/>
</pin_list>
<bind>
<opset="zext_ln51_1 "/>
</bind>
</comp>

<comp id="1369" class="1005" name="add_ln51_1_reg_1369">
<pin_list>
<pin id="1370" dir="0" index="0" bw="58" slack="0"/>
<pin id="1371" dir="1" index="1" bw="58" slack="0"/>
</pin_list>
<bind>
<opset="add_ln51_1 "/>
</bind>
</comp>

<comp id="1374" class="1005" name="icmp_ln51_reg_1374">
<pin_list>
<pin id="1375" dir="0" index="0" bw="1" slack="1"/>
<pin id="1376" dir="1" index="1" bw="1" slack="2147483647"/>
</pin_list>
<bind>
<opset="icmp_ln51 "/>
</bind>
</comp>

<comp id="1378" class="1005" name="add_ln51_reg_1378">
<pin_list>
<pin id="1379" dir="0" index="0" bw="27" slack="0"/>
<pin id="1380" dir="1" index="1" bw="27" slack="0"/>
</pin_list>
<bind>
<opset="add_ln51 "/>
</bind>
</comp>

<comp id="1383" class="1005" name="tmp_10_reg_1383">
<pin_list>
<pin id="1384" dir="0" index="0" bw="62" slack="1"/>
<pin id="1385" dir="1" index="1" bw="62" slack="1"/>
</pin_list>
<bind>
<opset="tmp_10 "/>
</bind>
</comp>

<comp id="1388" class="1005" name="zext_ln54_reg_1388">
<pin_list>
<pin id="1389" dir="0" index="0" bw="62" slack="16"/>
<pin id="1390" dir="1" index="1" bw="62" slack="16"/>
</pin_list>
<bind>
<opset="zext_ln54 "/>
</bind>
</comp>

<comp id="1393" class="1005" name="add_ln54_1_reg_1393">
<pin_list>
<pin id="1394" dir="0" index="0" bw="36" slack="0"/>
<pin id="1395" dir="1" index="1" bw="36" slack="0"/>
</pin_list>
<bind>
<opset="add_ln54_1 "/>
</bind>
</comp>

<comp id="1401" class="1005" name="add_ln54_reg_1401">
<pin_list>
<pin id="1402" dir="0" index="0" bw="5" slack="0"/>
<pin id="1403" dir="1" index="1" bw="5" slack="0"/>
</pin_list>
<bind>
<opset="add_ln54 "/>
</bind>
</comp>

<comp id="1406" class="1005" name="empty_50_reg_1406">
<pin_list>
<pin id="1407" dir="0" index="0" bw="62" slack="1"/>
<pin id="1408" dir="1" index="1" bw="62" slack="1"/>
</pin_list>
<bind>
<opset="empty_50 "/>
</bind>
</comp>

<comp id="1411" class="1005" name="zext_ln54_1_reg_1411">
<pin_list>
<pin id="1412" dir="0" index="0" bw="62" slack="14"/>
<pin id="1413" dir="1" index="1" bw="62" slack="14"/>
</pin_list>
<bind>
<opset="zext_ln54_1 "/>
</bind>
</comp>

<comp id="1416" class="1005" name="sext_ln56_reg_1416">
<pin_list>
<pin id="1417" dir="0" index="0" bw="63" slack="1"/>
<pin id="1418" dir="1" index="1" bw="63" slack="1"/>
</pin_list>
<bind>
<opset="sext_ln56 "/>
</bind>
</comp>

<comp id="1424" class="1005" name="add_ln56_reg_1424">
<pin_list>
<pin id="1425" dir="0" index="0" bw="5" slack="0"/>
<pin id="1426" dir="1" index="1" bw="5" slack="0"/>
</pin_list>
<bind>
<opset="add_ln56 "/>
</bind>
</comp>

<comp id="1429" class="1005" name="gmem_addr_2_reg_1429">
<pin_list>
<pin id="1430" dir="0" index="0" bw="32" slack="1"/>
<pin id="1431" dir="1" index="1" bw="32" slack="1"/>
</pin_list>
<bind>
<opset="gmem_addr_2 "/>
</bind>
</comp>

<comp id="1435" class="1005" name="zext_ln56_reg_1435">
<pin_list>
<pin id="1436" dir="0" index="0" bw="8" slack="1"/>
<pin id="1437" dir="1" index="1" bw="8" slack="1"/>
</pin_list>
<bind>
<opset="zext_ln56 "/>
</bind>
</comp>

<comp id="1443" class="1005" name="add_ln60_reg_1443">
<pin_list>
<pin id="1444" dir="0" index="0" bw="5" slack="0"/>
<pin id="1445" dir="1" index="1" bw="5" slack="0"/>
</pin_list>
<bind>
<opset="add_ln60 "/>
</bind>
</comp>

<comp id="1448" class="1005" name="add_ln63_1_reg_1448">
<pin_list>
<pin id="1449" dir="0" index="0" bw="8" slack="14"/>
<pin id="1450" dir="1" index="1" bw="8" slack="14"/>
</pin_list>
<bind>
<opset="add_ln63_1 "/>
</bind>
</comp>

<comp id="1453" class="1005" name="add_ln62_reg_1453">
<pin_list>
<pin id="1454" dir="0" index="0" bw="32" slack="1"/>
<pin id="1455" dir="1" index="1" bw="32" slack="1"/>
</pin_list>
<bind>
<opset="add_ln62 "/>
</bind>
</comp>

<comp id="1458" class="1005" name="zext_ln62_reg_1458">
<pin_list>
<pin id="1459" dir="0" index="0" bw="62" slack="1"/>
<pin id="1460" dir="1" index="1" bw="62" slack="1"/>
</pin_list>
<bind>
<opset="zext_ln62 "/>
</bind>
</comp>

<comp id="1463" class="1005" name="mul_ln62_reg_1463">
<pin_list>
<pin id="1464" dir="0" index="0" bw="62" slack="1"/>
<pin id="1465" dir="1" index="1" bw="62" slack="1"/>
</pin_list>
<bind>
<opset="mul_ln62 "/>
</bind>
</comp>

<comp id="1468" class="1005" name="add_ln62_3_reg_1468">
<pin_list>
<pin id="1469" dir="0" index="0" bw="62" slack="1"/>
<pin id="1470" dir="1" index="1" bw="62" slack="1"/>
</pin_list>
<bind>
<opset="add_ln62_3 "/>
</bind>
</comp>

<comp id="1473" class="1005" name="gmem_addr_3_reg_1473">
<pin_list>
<pin id="1474" dir="0" index="0" bw="32" slack="1"/>
<pin id="1475" dir="1" index="1" bw="32" slack="1"/>
</pin_list>
<bind>
<opset="gmem_addr_3 "/>
</bind>
</comp>

<comp id="1479" class="1005" name="Atemp_reg_1479">
<pin_list>
<pin id="1480" dir="0" index="0" bw="32" slack="1"/>
<pin id="1481" dir="1" index="1" bw="32" slack="1"/>
</pin_list>
<bind>
<opset="Atemp "/>
</bind>
</comp>

<comp id="1484" class="1005" name="AB_block_addr_2_reg_1484">
<pin_list>
<pin id="1485" dir="0" index="0" bw="8" slack="1"/>
<pin id="1486" dir="1" index="1" bw="8" slack="1"/>
</pin_list>
<bind>
<opset="AB_block_addr_2 "/>
</bind>
</comp>

<comp id="1489" class="1005" name="mul_ln63_reg_1489">
<pin_list>
<pin id="1490" dir="0" index="0" bw="32" slack="1"/>
<pin id="1491" dir="1" index="1" bw="32" slack="1"/>
</pin_list>
<bind>
<opset="mul_ln63 "/>
</bind>
</comp>

<comp id="1494" class="1005" name="icmp_ln70_reg_1494">
<pin_list>
<pin id="1495" dir="0" index="0" bw="1" slack="1"/>
<pin id="1496" dir="1" index="1" bw="1" slack="2147483647"/>
</pin_list>
<bind>
<opset="icmp_ln70 "/>
</bind>
</comp>

<comp id="1498" class="1005" name="add_ln70_1_reg_1498">
<pin_list>
<pin id="1499" dir="0" index="0" bw="9" slack="0"/>
<pin id="1500" dir="1" index="1" bw="9" slack="0"/>
</pin_list>
<bind>
<opset="add_ln70_1 "/>
</bind>
</comp>

<comp id="1503" class="1005" name="select_ln70_reg_1503">
<pin_list>
<pin id="1504" dir="0" index="0" bw="5" slack="0"/>
<pin id="1505" dir="1" index="1" bw="5" slack="0"/>
</pin_list>
<bind>
<opset="select_ln70 "/>
</bind>
</comp>

<comp id="1509" class="1005" name="first_iter_1_reg_1509">
<pin_list>
<pin id="1510" dir="0" index="0" bw="1" slack="5"/>
<pin id="1511" dir="1" index="1" bw="1" slack="2147483647"/>
</pin_list>
<bind>
<opset="first_iter_1 "/>
</bind>
</comp>

<comp id="1513" class="1005" name="add_ln73_reg_1513">
<pin_list>
<pin id="1514" dir="0" index="0" bw="8" slack="4"/>
<pin id="1515" dir="1" index="1" bw="8" slack="4"/>
</pin_list>
<bind>
<opset="add_ln73 "/>
</bind>
</comp>

<comp id="1518" class="1005" name="add_ln72_reg_1518">
<pin_list>
<pin id="1519" dir="0" index="0" bw="5" slack="0"/>
<pin id="1520" dir="1" index="1" bw="5" slack="0"/>
</pin_list>
<bind>
<opset="add_ln72 "/>
</bind>
</comp>

<comp id="1523" class="1005" name="icmp_ln72_1_reg_1523">
<pin_list>
<pin id="1524" dir="0" index="0" bw="1" slack="7"/>
<pin id="1525" dir="1" index="1" bw="1" slack="2147483647"/>
</pin_list>
<bind>
<opset="icmp_ln72_1 "/>
</bind>
</comp>

<comp id="1527" class="1005" name="zext_ln70_reg_1527">
<pin_list>
<pin id="1528" dir="0" index="0" bw="37" slack="1"/>
<pin id="1529" dir="1" index="1" bw="37" slack="1"/>
</pin_list>
<bind>
<opset="zext_ln70 "/>
</bind>
</comp>

<comp id="1532" class="1005" name="empty_55_reg_1532">
<pin_list>
<pin id="1533" dir="0" index="0" bw="37" slack="1"/>
<pin id="1534" dir="1" index="1" bw="37" slack="1"/>
</pin_list>
<bind>
<opset="empty_55 "/>
</bind>
</comp>

<comp id="1537" class="1005" name="empty_56_reg_1537">
<pin_list>
<pin id="1538" dir="0" index="0" bw="62" slack="1"/>
<pin id="1539" dir="1" index="1" bw="62" slack="1"/>
</pin_list>
<bind>
<opset="empty_56 "/>
</bind>
</comp>

<comp id="1542" class="1005" name="gmem_addr_1_reg_1542">
<pin_list>
<pin id="1543" dir="0" index="0" bw="32" slack="1"/>
<pin id="1544" dir="1" index="1" bw="32" slack="1"/>
</pin_list>
<bind>
<opset="gmem_addr_1 "/>
</bind>
</comp>

<comp id="1549" class="1005" name="AB_block_addr_1_reg_1549">
<pin_list>
<pin id="1550" dir="0" index="0" bw="8" slack="1"/>
<pin id="1551" dir="1" index="1" bw="8" slack="1"/>
</pin_list>
<bind>
<opset="AB_block_addr_1 "/>
</bind>
</comp>

</comp_list>

<net_list>
<net id="179"><net_src comp="16" pin="0"/><net_sink comp="176" pin=0"/></net>

<net id="183"><net_src comp="16" pin="0"/><net_sink comp="180" pin=0"/></net>

<net id="187"><net_src comp="70" pin="0"/><net_sink comp="184" pin=0"/></net>

<net id="192"><net_src comp="66" pin="0"/><net_sink comp="188" pin=0"/></net>

<net id="193"><net_src comp="14" pin="0"/><net_sink comp="188" pin=1"/></net>

<net id="198"><net_src comp="66" pin="0"/><net_sink comp="194" pin=0"/></net>

<net id="199"><net_src comp="12" pin="0"/><net_sink comp="194" pin=1"/></net>

<net id="204"><net_src comp="66" pin="0"/><net_sink comp="200" pin=0"/></net>

<net id="205"><net_src comp="10" pin="0"/><net_sink comp="200" pin=1"/></net>

<net id="210"><net_src comp="68" pin="0"/><net_sink comp="206" pin=0"/></net>

<net id="211"><net_src comp="8" pin="0"/><net_sink comp="206" pin=1"/></net>

<net id="216"><net_src comp="68" pin="0"/><net_sink comp="212" pin=0"/></net>

<net id="217"><net_src comp="6" pin="0"/><net_sink comp="212" pin=1"/></net>

<net id="222"><net_src comp="68" pin="0"/><net_sink comp="218" pin=0"/></net>

<net id="223"><net_src comp="4" pin="0"/><net_sink comp="218" pin=1"/></net>

<net id="228"><net_src comp="68" pin="0"/><net_sink comp="224" pin=0"/></net>

<net id="229"><net_src comp="2" pin="0"/><net_sink comp="224" pin=1"/></net>

<net id="235"><net_src comp="144" pin="0"/><net_sink comp="230" pin=1"/></net>

<net id="241"><net_src comp="230" pin="3"/><net_sink comp="236" pin=0"/></net>

<net id="247"><net_src comp="144" pin="0"/><net_sink comp="242" pin=1"/></net>

<net id="248"><net_src comp="242" pin="3"/><net_sink comp="236" pin=0"/></net>

<net id="254"><net_src comp="144" pin="0"/><net_sink comp="249" pin=1"/></net>

<net id="255"><net_src comp="249" pin="3"/><net_sink comp="236" pin=0"/></net>

<net id="261"><net_src comp="114" pin="0"/><net_sink comp="256" pin=0"/></net>

<net id="262"><net_src comp="116" pin="0"/><net_sink comp="256" pin=2"/></net>

<net id="267"><net_src comp="134" pin="0"/><net_sink comp="263" pin=0"/></net>

<net id="268"><net_src comp="158" pin="0"/><net_sink comp="256" pin=0"/></net>

<net id="269"><net_src comp="70" pin="0"/><net_sink comp="256" pin=2"/></net>

<net id="270"><net_src comp="162" pin="0"/><net_sink comp="263" pin=0"/></net>

<net id="276"><net_src comp="168" pin="0"/><net_sink comp="271" pin=0"/></net>

<net id="277"><net_src comp="116" pin="0"/><net_sink comp="271" pin=2"/></net>

<net id="284"><net_src comp="170" pin="0"/><net_sink comp="278" pin=0"/></net>

<net id="285"><net_src comp="172" pin="0"/><net_sink comp="278" pin=3"/></net>

<net id="290"><net_src comp="174" pin="0"/><net_sink comp="286" pin=0"/></net>

<net id="294"><net_src comp="82" pin="0"/><net_sink comp="291" pin=0"/></net>

<net id="301"><net_src comp="291" pin="1"/><net_sink comp="295" pin=0"/></net>

<net id="302"><net_src comp="295" pin="4"/><net_sink comp="291" pin=0"/></net>

<net id="306"><net_src comp="122" pin="0"/><net_sink comp="303" pin=0"/></net>

<net id="313"><net_src comp="303" pin="1"/><net_sink comp="307" pin=0"/></net>

<net id="317"><net_src comp="124" pin="0"/><net_sink comp="314" pin=0"/></net>

<net id="324"><net_src comp="314" pin="1"/><net_sink comp="318" pin=0"/></net>

<net id="328"><net_src comp="124" pin="0"/><net_sink comp="325" pin=0"/></net>

<net id="335"><net_src comp="325" pin="1"/><net_sink comp="329" pin=0"/></net>

<net id="339"><net_src comp="138" pin="0"/><net_sink comp="336" pin=0"/></net>

<net id="346"><net_src comp="336" pin="1"/><net_sink comp="340" pin=0"/></net>

<net id="350"><net_src comp="347" pin="1"/><net_sink comp="340" pin=2"/></net>

<net id="357"><net_src comp="340" pin="4"/><net_sink comp="351" pin=0"/></net>

<net id="358"><net_src comp="351" pin="4"/><net_sink comp="347" pin=0"/></net>

<net id="359"><net_src comp="351" pin="4"/><net_sink comp="236" pin=1"/></net>

<net id="363"><net_src comp="82" pin="0"/><net_sink comp="360" pin=0"/></net>

<net id="370"><net_src comp="360" pin="1"/><net_sink comp="364" pin=0"/></net>

<net id="374"><net_src comp="84" pin="0"/><net_sink comp="371" pin=0"/></net>

<net id="381"><net_src comp="371" pin="1"/><net_sink comp="375" pin=0"/></net>

<net id="385"><net_src comp="124" pin="0"/><net_sink comp="382" pin=0"/></net>

<net id="392"><net_src comp="382" pin="1"/><net_sink comp="386" pin=0"/></net>

<net id="393"><net_src comp="386" pin="4"/><net_sink comp="382" pin=0"/></net>

<net id="397"><net_src comp="150" pin="0"/><net_sink comp="394" pin=0"/></net>

<net id="404"><net_src comp="394" pin="1"/><net_sink comp="398" pin=0"/></net>

<net id="408"><net_src comp="124" pin="0"/><net_sink comp="405" pin=0"/></net>

<net id="415"><net_src comp="405" pin="1"/><net_sink comp="409" pin=0"/></net>

<net id="416"><net_src comp="409" pin="4"/><net_sink comp="405" pin=0"/></net>

<net id="420"><net_src comp="124" pin="0"/><net_sink comp="417" pin=0"/></net>

<net id="427"><net_src comp="417" pin="1"/><net_sink comp="421" pin=0"/></net>

<net id="431"><net_src comp="122" pin="0"/><net_sink comp="428" pin=0"/></net>

<net id="438"><net_src comp="428" pin="1"/><net_sink comp="432" pin=2"/></net>

<net id="442"><net_src comp="124" pin="0"/><net_sink comp="439" pin=0"/></net>

<net id="449"><net_src comp="439" pin="1"/><net_sink comp="443" pin=2"/></net>

<net id="453"><net_src comp="124" pin="0"/><net_sink comp="450" pin=0"/></net>

<net id="460"><net_src comp="450" pin="1"/><net_sink comp="454" pin=2"/></net>

<net id="472"><net_src comp="263" pin="2"/><net_sink comp="469" pin=0"/></net>

<net id="473"><net_src comp="469" pin="1"/><net_sink comp="351" pin=2"/></net>

<net id="474"><net_src comp="469" pin="1"/><net_sink comp="465" pin=1"/></net>

<net id="478"><net_src comp="236" pin="3"/><net_sink comp="475" pin=0"/></net>

<net id="479"><net_src comp="475" pin="1"/><net_sink comp="278" pin=2"/></net>

<net id="485"><net_src comp="72" pin="0"/><net_sink comp="480" pin=0"/></net>

<net id="486"><net_src comp="200" pin="2"/><net_sink comp="480" pin=1"/></net>

<net id="487"><net_src comp="74" pin="0"/><net_sink comp="480" pin=2"/></net>

<net id="492"><net_src comp="26" pin="0"/><net_sink comp="488" pin=0"/></net>

<net id="493"><net_src comp="200" pin="2"/><net_sink comp="488" pin=1"/></net>

<net id="500"><net_src comp="76" pin="0"/><net_sink comp="494" pin=0"/></net>

<net id="501"><net_src comp="488" pin="2"/><net_sink comp="494" pin=1"/></net>

<net id="502"><net_src comp="78" pin="0"/><net_sink comp="494" pin=2"/></net>

<net id="503"><net_src comp="74" pin="0"/><net_sink comp="494" pin=3"/></net>

<net id="508"><net_src comp="80" pin="0"/><net_sink comp="504" pin=0"/></net>

<net id="509"><net_src comp="494" pin="4"/><net_sink comp="504" pin=1"/></net>

<net id="516"><net_src comp="76" pin="0"/><net_sink comp="510" pin=0"/></net>

<net id="517"><net_src comp="200" pin="2"/><net_sink comp="510" pin=1"/></net>

<net id="518"><net_src comp="78" pin="0"/><net_sink comp="510" pin=2"/></net>

<net id="519"><net_src comp="74" pin="0"/><net_sink comp="510" pin=3"/></net>

<net id="525"><net_src comp="480" pin="3"/><net_sink comp="520" pin=0"/></net>

<net id="526"><net_src comp="504" pin="2"/><net_sink comp="520" pin=1"/></net>

<net id="527"><net_src comp="510" pin="4"/><net_sink comp="520" pin=2"/></net>

<net id="533"><net_src comp="72" pin="0"/><net_sink comp="528" pin=0"/></net>

<net id="534"><net_src comp="188" pin="2"/><net_sink comp="528" pin=1"/></net>

<net id="535"><net_src comp="74" pin="0"/><net_sink comp="528" pin=2"/></net>

<net id="540"><net_src comp="26" pin="0"/><net_sink comp="536" pin=0"/></net>

<net id="541"><net_src comp="188" pin="2"/><net_sink comp="536" pin=1"/></net>

<net id="548"><net_src comp="76" pin="0"/><net_sink comp="542" pin=0"/></net>

<net id="549"><net_src comp="536" pin="2"/><net_sink comp="542" pin=1"/></net>

<net id="550"><net_src comp="78" pin="0"/><net_sink comp="542" pin=2"/></net>

<net id="551"><net_src comp="74" pin="0"/><net_sink comp="542" pin=3"/></net>

<net id="556"><net_src comp="80" pin="0"/><net_sink comp="552" pin=0"/></net>

<net id="557"><net_src comp="542" pin="4"/><net_sink comp="552" pin=1"/></net>

<net id="564"><net_src comp="76" pin="0"/><net_sink comp="558" pin=0"/></net>

<net id="565"><net_src comp="188" pin="2"/><net_sink comp="558" pin=1"/></net>

<net id="566"><net_src comp="78" pin="0"/><net_sink comp="558" pin=2"/></net>

<net id="567"><net_src comp="74" pin="0"/><net_sink comp="558" pin=3"/></net>

<net id="573"><net_src comp="528" pin="3"/><net_sink comp="568" pin=0"/></net>

<net id="574"><net_src comp="552" pin="2"/><net_sink comp="568" pin=1"/></net>

<net id="575"><net_src comp="558" pin="4"/><net_sink comp="568" pin=2"/></net>

<net id="581"><net_src comp="72" pin="0"/><net_sink comp="576" pin=0"/></net>

<net id="582"><net_src comp="194" pin="2"/><net_sink comp="576" pin=1"/></net>

<net id="583"><net_src comp="74" pin="0"/><net_sink comp="576" pin=2"/></net>

<net id="588"><net_src comp="26" pin="0"/><net_sink comp="584" pin=0"/></net>

<net id="589"><net_src comp="194" pin="2"/><net_sink comp="584" pin=1"/></net>

<net id="596"><net_src comp="76" pin="0"/><net_sink comp="590" pin=0"/></net>

<net id="597"><net_src comp="584" pin="2"/><net_sink comp="590" pin=1"/></net>

<net id="598"><net_src comp="78" pin="0"/><net_sink comp="590" pin=2"/></net>

<net id="599"><net_src comp="74" pin="0"/><net_sink comp="590" pin=3"/></net>

<net id="604"><net_src comp="80" pin="0"/><net_sink comp="600" pin=0"/></net>

<net id="605"><net_src comp="590" pin="4"/><net_sink comp="600" pin=1"/></net>

<net id="612"><net_src comp="76" pin="0"/><net_sink comp="606" pin=0"/></net>

<net id="613"><net_src comp="194" pin="2"/><net_sink comp="606" pin=1"/></net>

<net id="614"><net_src comp="78" pin="0"/><net_sink comp="606" pin=2"/></net>

<net id="615"><net_src comp="74" pin="0"/><net_sink comp="606" pin=3"/></net>

<net id="621"><net_src comp="576" pin="3"/><net_sink comp="616" pin=0"/></net>

<net id="622"><net_src comp="600" pin="2"/><net_sink comp="616" pin=1"/></net>

<net id="623"><net_src comp="606" pin="4"/><net_sink comp="616" pin=2"/></net>

<net id="627"><net_src comp="194" pin="2"/><net_sink comp="624" pin=0"/></net>

<net id="631"><net_src comp="188" pin="2"/><net_sink comp="628" pin=0"/></net>

<net id="635"><net_src comp="188" pin="2"/><net_sink comp="632" pin=0"/></net>

<net id="639"><net_src comp="188" pin="2"/><net_sink comp="636" pin=0"/></net>

<net id="644"><net_src comp="82" pin="0"/><net_sink comp="640" pin=0"/></net>

<net id="649"><net_src comp="84" pin="0"/><net_sink comp="645" pin=0"/></net>

<net id="660"><net_src comp="650" pin="1"/><net_sink comp="656" pin=0"/></net>

<net id="664"><net_src comp="653" pin="1"/><net_sink comp="661" pin=0"/></net>

<net id="669"><net_src comp="661" pin="1"/><net_sink comp="665" pin=0"/></net>

<net id="674"><net_src comp="653" pin="1"/><net_sink comp="670" pin=0"/></net>

<net id="675"><net_src comp="86" pin="0"/><net_sink comp="670" pin=1"/></net>

<net id="681"><net_src comp="98" pin="0"/><net_sink comp="676" pin=0"/></net>

<net id="682"><net_src comp="650" pin="1"/><net_sink comp="676" pin=1"/></net>

<net id="683"><net_src comp="100" pin="0"/><net_sink comp="676" pin=2"/></net>

<net id="689"><net_src comp="102" pin="0"/><net_sink comp="684" pin=0"/></net>

<net id="690"><net_src comp="653" pin="1"/><net_sink comp="684" pin=1"/></net>

<net id="691"><net_src comp="104" pin="0"/><net_sink comp="684" pin=2"/></net>

<net id="695"><net_src comp="684" pin="3"/><net_sink comp="692" pin=0"/></net>

<net id="700"><net_src comp="692" pin="1"/><net_sink comp="696" pin=0"/></net>

<net id="706"><net_src comp="106" pin="0"/><net_sink comp="701" pin=0"/></net>

<net id="707"><net_src comp="653" pin="1"/><net_sink comp="701" pin=1"/></net>

<net id="708"><net_src comp="100" pin="0"/><net_sink comp="701" pin=2"/></net>

<net id="712"><net_src comp="701" pin="3"/><net_sink comp="709" pin=0"/></net>

<net id="719"><net_src comp="108" pin="0"/><net_sink comp="713" pin=0"/></net>

<net id="720"><net_src comp="696" pin="2"/><net_sink comp="713" pin=1"/></net>

<net id="721"><net_src comp="110" pin="0"/><net_sink comp="713" pin=2"/></net>

<net id="722"><net_src comp="112" pin="0"/><net_sink comp="713" pin=3"/></net>

<net id="726"><net_src comp="713" pin="4"/><net_sink comp="723" pin=0"/></net>

<net id="731"><net_src comp="0" pin="0"/><net_sink comp="727" pin=0"/></net>

<net id="732"><net_src comp="723" pin="1"/><net_sink comp="727" pin=1"/></net>

<net id="736"><net_src comp="295" pin="4"/><net_sink comp="733" pin=0"/></net>

<net id="741"><net_src comp="733" pin="1"/><net_sink comp="737" pin=0"/></net>

<net id="746"><net_src comp="295" pin="4"/><net_sink comp="742" pin=0"/></net>

<net id="747"><net_src comp="86" pin="0"/><net_sink comp="742" pin=1"/></net>

<net id="760"><net_src comp="307" pin="4"/><net_sink comp="756" pin=0"/></net>

<net id="761"><net_src comp="126" pin="0"/><net_sink comp="756" pin=1"/></net>

<net id="766"><net_src comp="307" pin="4"/><net_sink comp="762" pin=0"/></net>

<net id="767"><net_src comp="128" pin="0"/><net_sink comp="762" pin=1"/></net>

<net id="772"><net_src comp="318" pin="4"/><net_sink comp="768" pin=0"/></net>

<net id="773"><net_src comp="130" pin="0"/><net_sink comp="768" pin=1"/></net>

<net id="779"><net_src comp="768" pin="2"/><net_sink comp="774" pin=0"/></net>

<net id="780"><net_src comp="124" pin="0"/><net_sink comp="774" pin=1"/></net>

<net id="781"><net_src comp="318" pin="4"/><net_sink comp="774" pin=2"/></net>

<net id="786"><net_src comp="774" pin="3"/><net_sink comp="782" pin=0"/></net>

<net id="787"><net_src comp="124" pin="0"/><net_sink comp="782" pin=1"/></net>

<net id="792"><net_src comp="774" pin="3"/><net_sink comp="788" pin=0"/></net>

<net id="793"><net_src comp="132" pin="0"/><net_sink comp="788" pin=1"/></net>

<net id="798"><net_src comp="329" pin="4"/><net_sink comp="794" pin=0"/></net>

<net id="799"><net_src comp="132" pin="0"/><net_sink comp="794" pin=1"/></net>

<net id="805"><net_src comp="794" pin="2"/><net_sink comp="800" pin=1"/></net>

<net id="806"><net_src comp="329" pin="4"/><net_sink comp="800" pin=2"/></net>

<net id="810"><net_src comp="800" pin="3"/><net_sink comp="807" pin=0"/></net>

<net id="816"><net_src comp="136" pin="0"/><net_sink comp="811" pin=0"/></net>

<net id="817"><net_src comp="807" pin="1"/><net_sink comp="811" pin=1"/></net>

<net id="818"><net_src comp="100" pin="0"/><net_sink comp="811" pin=2"/></net>

<net id="826"><net_src comp="811" pin="3"/><net_sink comp="822" pin=0"/></net>

<net id="827"><net_src comp="819" pin="1"/><net_sink comp="822" pin=1"/></net>

<net id="831"><net_src comp="828" pin="1"/><net_sink comp="230" pin=2"/></net>

<net id="837"><net_src comp="106" pin="0"/><net_sink comp="832" pin=0"/></net>

<net id="838"><net_src comp="291" pin="1"/><net_sink comp="832" pin=1"/></net>

<net id="839"><net_src comp="100" pin="0"/><net_sink comp="832" pin=2"/></net>

<net id="843"><net_src comp="832" pin="3"/><net_sink comp="840" pin=0"/></net>

<net id="847"><net_src comp="832" pin="3"/><net_sink comp="844" pin=0"/></net>

<net id="852"><net_src comp="375" pin="4"/><net_sink comp="848" pin=0"/></net>

<net id="856"><net_src comp="364" pin="4"/><net_sink comp="853" pin=0"/></net>

<net id="861"><net_src comp="853" pin="1"/><net_sink comp="857" pin=0"/></net>

<net id="866"><net_src comp="364" pin="4"/><net_sink comp="862" pin=0"/></net>

<net id="867"><net_src comp="86" pin="0"/><net_sink comp="862" pin=1"/></net>

<net id="873"><net_src comp="98" pin="0"/><net_sink comp="868" pin=0"/></net>

<net id="874"><net_src comp="375" pin="4"/><net_sink comp="868" pin=1"/></net>

<net id="875"><net_src comp="100" pin="0"/><net_sink comp="868" pin=2"/></net>

<net id="881"><net_src comp="106" pin="0"/><net_sink comp="876" pin=0"/></net>

<net id="882"><net_src comp="364" pin="4"/><net_sink comp="876" pin=1"/></net>

<net id="883"><net_src comp="100" pin="0"/><net_sink comp="876" pin=2"/></net>

<net id="887"><net_src comp="876" pin="3"/><net_sink comp="884" pin=0"/></net>

<net id="892"><net_src comp="398" pin="4"/><net_sink comp="888" pin=0"/></net>

<net id="897"><net_src comp="386" pin="4"/><net_sink comp="893" pin=0"/></net>

<net id="898"><net_src comp="130" pin="0"/><net_sink comp="893" pin=1"/></net>

<net id="903"><net_src comp="386" pin="4"/><net_sink comp="899" pin=0"/></net>

<net id="904"><net_src comp="132" pin="0"/><net_sink comp="899" pin=1"/></net>

<net id="909"><net_src comp="398" pin="4"/><net_sink comp="905" pin=1"/></net>

<net id="913"><net_src comp="905" pin="2"/><net_sink comp="910" pin=0"/></net>

<net id="918"><net_src comp="910" pin="1"/><net_sink comp="914" pin=0"/></net>

<net id="922"><net_src comp="382" pin="1"/><net_sink comp="919" pin=0"/></net>

<net id="928"><net_src comp="154" pin="0"/><net_sink comp="923" pin=0"/></net>

<net id="929"><net_src comp="156" pin="0"/><net_sink comp="923" pin=2"/></net>

<net id="934"><net_src comp="923" pin="3"/><net_sink comp="930" pin=0"/></net>

<net id="941"><net_src comp="108" pin="0"/><net_sink comp="935" pin=0"/></net>

<net id="942"><net_src comp="930" pin="2"/><net_sink comp="935" pin=1"/></net>

<net id="943"><net_src comp="110" pin="0"/><net_sink comp="935" pin=2"/></net>

<net id="944"><net_src comp="112" pin="0"/><net_sink comp="935" pin=3"/></net>

<net id="948"><net_src comp="935" pin="4"/><net_sink comp="945" pin=0"/></net>

<net id="953"><net_src comp="409" pin="4"/><net_sink comp="949" pin=0"/></net>

<net id="954"><net_src comp="130" pin="0"/><net_sink comp="949" pin=1"/></net>

<net id="959"><net_src comp="409" pin="4"/><net_sink comp="955" pin=0"/></net>

<net id="960"><net_src comp="132" pin="0"/><net_sink comp="955" pin=1"/></net>

<net id="964"><net_src comp="409" pin="4"/><net_sink comp="961" pin=0"/></net>

<net id="969"><net_src comp="961" pin="1"/><net_sink comp="965" pin=0"/></net>

<net id="973"><net_src comp="965" pin="2"/><net_sink comp="970" pin=0"/></net>

<net id="978"><net_src comp="0" pin="0"/><net_sink comp="974" pin=0"/></net>

<net id="979"><net_src comp="970" pin="1"/><net_sink comp="974" pin=1"/></net>

<net id="983"><net_src comp="405" pin="1"/><net_sink comp="980" pin=0"/></net>

<net id="988"><net_src comp="421" pin="4"/><net_sink comp="984" pin=0"/></net>

<net id="989"><net_src comp="130" pin="0"/><net_sink comp="984" pin=1"/></net>

<net id="994"><net_src comp="421" pin="4"/><net_sink comp="990" pin=0"/></net>

<net id="995"><net_src comp="132" pin="0"/><net_sink comp="990" pin=1"/></net>

<net id="999"><net_src comp="421" pin="4"/><net_sink comp="996" pin=0"/></net>

<net id="1005"><net_src comp="136" pin="0"/><net_sink comp="1000" pin=0"/></net>

<net id="1006"><net_src comp="996" pin="1"/><net_sink comp="1000" pin=1"/></net>

<net id="1007"><net_src comp="100" pin="0"/><net_sink comp="1000" pin=2"/></net>

<net id="1012"><net_src comp="1000" pin="3"/><net_sink comp="1008" pin=0"/></net>

<net id="1016"><net_src comp="421" pin="4"/><net_sink comp="1013" pin=0"/></net>

<net id="1021"><net_src comp="1013" pin="1"/><net_sink comp="1017" pin=0"/></net>

<net id="1025"><net_src comp="1022" pin="1"/><net_sink comp="461" pin=0"/></net>

<net id="1034"><net_src comp="1026" pin="2"/><net_sink comp="1030" pin=0"/></net>

<net id="1040"><net_src comp="154" pin="0"/><net_sink comp="1035" pin=0"/></net>

<net id="1041"><net_src comp="156" pin="0"/><net_sink comp="1035" pin=2"/></net>

<net id="1046"><net_src comp="1035" pin="3"/><net_sink comp="1042" pin=0"/></net>

<net id="1053"><net_src comp="108" pin="0"/><net_sink comp="1047" pin=0"/></net>

<net id="1054"><net_src comp="1042" pin="2"/><net_sink comp="1047" pin=1"/></net>

<net id="1055"><net_src comp="110" pin="0"/><net_sink comp="1047" pin=2"/></net>

<net id="1056"><net_src comp="112" pin="0"/><net_sink comp="1047" pin=3"/></net>

<net id="1060"><net_src comp="1047" pin="4"/><net_sink comp="1057" pin=0"/></net>

<net id="1065"><net_src comp="0" pin="0"/><net_sink comp="1061" pin=0"/></net>

<net id="1066"><net_src comp="1057" pin="1"/><net_sink comp="1061" pin=1"/></net>

<net id="1070"><net_src comp="1067" pin="1"/><net_sink comp="242" pin=2"/></net>

<net id="1075"><net_src comp="475" pin="1"/><net_sink comp="1071" pin=0"/></net>

<net id="1076"><net_src comp="1071" pin="2"/><net_sink comp="236" pin=1"/></net>

<net id="1081"><net_src comp="432" pin="4"/><net_sink comp="1077" pin=0"/></net>

<net id="1082"><net_src comp="126" pin="0"/><net_sink comp="1077" pin=1"/></net>

<net id="1087"><net_src comp="432" pin="4"/><net_sink comp="1083" pin=0"/></net>

<net id="1088"><net_src comp="128" pin="0"/><net_sink comp="1083" pin=1"/></net>

<net id="1093"><net_src comp="443" pin="4"/><net_sink comp="1089" pin=0"/></net>

<net id="1094"><net_src comp="132" pin="0"/><net_sink comp="1089" pin=1"/></net>

<net id="1099"><net_src comp="454" pin="4"/><net_sink comp="1095" pin=0"/></net>

<net id="1100"><net_src comp="130" pin="0"/><net_sink comp="1095" pin=1"/></net>

<net id="1106"><net_src comp="1095" pin="2"/><net_sink comp="1101" pin=0"/></net>

<net id="1107"><net_src comp="124" pin="0"/><net_sink comp="1101" pin=1"/></net>

<net id="1108"><net_src comp="454" pin="4"/><net_sink comp="1101" pin=2"/></net>

<net id="1114"><net_src comp="1095" pin="2"/><net_sink comp="1109" pin=0"/></net>

<net id="1115"><net_src comp="1089" pin="2"/><net_sink comp="1109" pin=1"/></net>

<net id="1116"><net_src comp="443" pin="4"/><net_sink comp="1109" pin=2"/></net>

<net id="1120"><net_src comp="1109" pin="3"/><net_sink comp="1117" pin=0"/></net>

<net id="1125"><net_src comp="1101" pin="3"/><net_sink comp="1121" pin=0"/></net>

<net id="1126"><net_src comp="124" pin="0"/><net_sink comp="1121" pin=1"/></net>

<net id="1132"><net_src comp="136" pin="0"/><net_sink comp="1127" pin=0"/></net>

<net id="1133"><net_src comp="1117" pin="1"/><net_sink comp="1127" pin=1"/></net>

<net id="1134"><net_src comp="100" pin="0"/><net_sink comp="1127" pin=2"/></net>

<net id="1138"><net_src comp="1101" pin="3"/><net_sink comp="1135" pin=0"/></net>

<net id="1143"><net_src comp="1127" pin="3"/><net_sink comp="1139" pin=0"/></net>

<net id="1144"><net_src comp="1135" pin="1"/><net_sink comp="1139" pin=1"/></net>

<net id="1149"><net_src comp="1101" pin="3"/><net_sink comp="1145" pin=0"/></net>

<net id="1150"><net_src comp="132" pin="0"/><net_sink comp="1145" pin=1"/></net>

<net id="1155"><net_src comp="1145" pin="2"/><net_sink comp="1151" pin=0"/></net>

<net id="1156"><net_src comp="130" pin="0"/><net_sink comp="1151" pin=1"/></net>

<net id="1164"><net_src comp="1157" pin="1"/><net_sink comp="1160" pin=0"/></net>

<net id="1172"><net_src comp="1165" pin="1"/><net_sink comp="1168" pin=1"/></net>

<net id="1177"><net_src comp="1168" pin="2"/><net_sink comp="1173" pin=0"/></net>

<net id="1183"><net_src comp="154" pin="0"/><net_sink comp="1178" pin=0"/></net>

<net id="1184"><net_src comp="156" pin="0"/><net_sink comp="1178" pin=2"/></net>

<net id="1189"><net_src comp="1178" pin="3"/><net_sink comp="1185" pin=0"/></net>

<net id="1196"><net_src comp="108" pin="0"/><net_sink comp="1190" pin=0"/></net>

<net id="1197"><net_src comp="1185" pin="2"/><net_sink comp="1190" pin=1"/></net>

<net id="1198"><net_src comp="110" pin="0"/><net_sink comp="1190" pin=2"/></net>

<net id="1199"><net_src comp="112" pin="0"/><net_sink comp="1190" pin=3"/></net>

<net id="1203"><net_src comp="1190" pin="4"/><net_sink comp="1200" pin=0"/></net>

<net id="1208"><net_src comp="0" pin="0"/><net_sink comp="1204" pin=0"/></net>

<net id="1209"><net_src comp="1200" pin="1"/><net_sink comp="1204" pin=1"/></net>

<net id="1213"><net_src comp="1210" pin="1"/><net_sink comp="249" pin=2"/></net>

<net id="1217"><net_src comp="176" pin="1"/><net_sink comp="1214" pin=0"/></net>

<net id="1218"><net_src comp="1214" pin="1"/><net_sink comp="645" pin=1"/></net>

<net id="1219"><net_src comp="1214" pin="1"/><net_sink comp="650" pin=0"/></net>

<net id="1220"><net_src comp="1214" pin="1"/><net_sink comp="752" pin=1"/></net>

<net id="1224"><net_src comp="180" pin="1"/><net_sink comp="1221" pin=0"/></net>

<net id="1225"><net_src comp="1221" pin="1"/><net_sink comp="640" pin=1"/></net>

<net id="1226"><net_src comp="1221" pin="1"/><net_sink comp="653" pin=0"/></net>

<net id="1227"><net_src comp="1221" pin="1"/><net_sink comp="748" pin=1"/></net>

<net id="1231"><net_src comp="206" pin="2"/><net_sink comp="1228" pin=0"/></net>

<net id="1232"><net_src comp="1228" pin="1"/><net_sink comp="1185" pin=1"/></net>

<net id="1236"><net_src comp="212" pin="2"/><net_sink comp="1233" pin=0"/></net>

<net id="1237"><net_src comp="1233" pin="1"/><net_sink comp="696" pin=1"/></net>

<net id="1241"><net_src comp="218" pin="2"/><net_sink comp="1238" pin=0"/></net>

<net id="1242"><net_src comp="1238" pin="1"/><net_sink comp="930" pin=1"/></net>

<net id="1246"><net_src comp="224" pin="2"/><net_sink comp="1243" pin=0"/></net>

<net id="1247"><net_src comp="1243" pin="1"/><net_sink comp="1042" pin=1"/></net>

<net id="1251"><net_src comp="520" pin="3"/><net_sink comp="1248" pin=0"/></net>

<net id="1252"><net_src comp="1248" pin="1"/><net_sink comp="665" pin=1"/></net>

<net id="1256"><net_src comp="568" pin="3"/><net_sink comp="1253" pin=0"/></net>

<net id="1257"><net_src comp="1253" pin="1"/><net_sink comp="737" pin=1"/></net>

<net id="1261"><net_src comp="616" pin="3"/><net_sink comp="1258" pin=0"/></net>

<net id="1262"><net_src comp="1258" pin="1"/><net_sink comp="857" pin=1"/></net>

<net id="1266"><net_src comp="624" pin="1"/><net_sink comp="1263" pin=0"/></net>

<net id="1267"><net_src comp="1263" pin="1"/><net_sink comp="461" pin=1"/></net>

<net id="1271"><net_src comp="628" pin="1"/><net_sink comp="1268" pin=0"/></net>

<net id="1272"><net_src comp="1268" pin="1"/><net_sink comp="1160" pin=1"/></net>

<net id="1276"><net_src comp="632" pin="1"/><net_sink comp="1273" pin=0"/></net>

<net id="1277"><net_src comp="1273" pin="1"/><net_sink comp="888" pin=1"/></net>

<net id="1281"><net_src comp="636" pin="1"/><net_sink comp="1278" pin=0"/></net>

<net id="1282"><net_src comp="1278" pin="1"/><net_sink comp="656" pin=1"/></net>

<net id="1283"><net_src comp="1278" pin="1"/><net_sink comp="848" pin=1"/></net>

<net id="1287"><net_src comp="656" pin="2"/><net_sink comp="1284" pin=0"/></net>

<net id="1288"><net_src comp="1284" pin="1"/><net_sink comp="752" pin=0"/></net>

<net id="1295"><net_src comp="670" pin="2"/><net_sink comp="1292" pin=0"/></net>

<net id="1296"><net_src comp="1292" pin="1"/><net_sink comp="748" pin=0"/></net>

<net id="1300"><net_src comp="676" pin="3"/><net_sink comp="1297" pin=0"/></net>

<net id="1301"><net_src comp="1297" pin="1"/><net_sink comp="1168" pin=0"/></net>

<net id="1305"><net_src comp="709" pin="1"/><net_sink comp="1302" pin=0"/></net>

<net id="1306"><net_src comp="1302" pin="1"/><net_sink comp="1017" pin=1"/></net>

<net id="1310"><net_src comp="727" pin="2"/><net_sink comp="1307" pin=0"/></net>

<net id="1311"><net_src comp="1307" pin="1"/><net_sink comp="256" pin=1"/></net>

<net id="1312"><net_src comp="1307" pin="1"/><net_sink comp="263" pin=1"/></net>

<net id="1319"><net_src comp="742" pin="2"/><net_sink comp="1316" pin=0"/></net>

<net id="1320"><net_src comp="1316" pin="1"/><net_sink comp="295" pin=2"/></net>

<net id="1324"><net_src comp="756" pin="2"/><net_sink comp="1321" pin=0"/></net>

<net id="1328"><net_src comp="762" pin="2"/><net_sink comp="1325" pin=0"/></net>

<net id="1329"><net_src comp="1325" pin="1"/><net_sink comp="307" pin=2"/></net>

<net id="1333"><net_src comp="768" pin="2"/><net_sink comp="1330" pin=0"/></net>

<net id="1334"><net_src comp="1330" pin="1"/><net_sink comp="800" pin=0"/></net>

<net id="1338"><net_src comp="774" pin="3"/><net_sink comp="1335" pin=0"/></net>

<net id="1339"><net_src comp="1335" pin="1"/><net_sink comp="819" pin=0"/></net>

<net id="1343"><net_src comp="782" pin="2"/><net_sink comp="1340" pin=0"/></net>

<net id="1347"><net_src comp="788" pin="2"/><net_sink comp="1344" pin=0"/></net>

<net id="1348"><net_src comp="1344" pin="1"/><net_sink comp="318" pin=2"/></net>

<net id="1352"><net_src comp="800" pin="3"/><net_sink comp="1349" pin=0"/></net>

<net id="1353"><net_src comp="1349" pin="1"/><net_sink comp="329" pin=2"/></net>

<net id="1357"><net_src comp="822" pin="2"/><net_sink comp="1354" pin=0"/></net>

<net id="1358"><net_src comp="1354" pin="1"/><net_sink comp="828" pin=0"/></net>

<net id="1362"><net_src comp="840" pin="1"/><net_sink comp="1359" pin=0"/></net>

<net id="1363"><net_src comp="1359" pin="1"/><net_sink comp="1173" pin=1"/></net>

<net id="1367"><net_src comp="844" pin="1"/><net_sink comp="1364" pin=0"/></net>

<net id="1368"><net_src comp="1364" pin="1"/><net_sink comp="905" pin=0"/></net>

<net id="1372"><net_src comp="848" pin="2"/><net_sink comp="1369" pin=0"/></net>

<net id="1373"><net_src comp="1369" pin="1"/><net_sink comp="375" pin=2"/></net>

<net id="1377"><net_src comp="857" pin="2"/><net_sink comp="1374" pin=0"/></net>

<net id="1381"><net_src comp="862" pin="2"/><net_sink comp="1378" pin=0"/></net>

<net id="1382"><net_src comp="1378" pin="1"/><net_sink comp="364" pin=2"/></net>

<net id="1386"><net_src comp="868" pin="3"/><net_sink comp="1383" pin=0"/></net>

<net id="1387"><net_src comp="1383" pin="1"/><net_sink comp="914" pin=1"/></net>

<net id="1391"><net_src comp="884" pin="1"/><net_sink comp="1388" pin=0"/></net>

<net id="1392"><net_src comp="1388" pin="1"/><net_sink comp="1026" pin=0"/></net>

<net id="1396"><net_src comp="888" pin="2"/><net_sink comp="1393" pin=0"/></net>

<net id="1397"><net_src comp="1393" pin="1"/><net_sink comp="398" pin=2"/></net>

<net id="1404"><net_src comp="899" pin="2"/><net_sink comp="1401" pin=0"/></net>

<net id="1405"><net_src comp="1401" pin="1"/><net_sink comp="386" pin=2"/></net>

<net id="1409"><net_src comp="914" pin="2"/><net_sink comp="1406" pin=0"/></net>

<net id="1410"><net_src comp="1406" pin="1"/><net_sink comp="923" pin=1"/></net>

<net id="1414"><net_src comp="919" pin="1"/><net_sink comp="1411" pin=0"/></net>

<net id="1415"><net_src comp="1411" pin="1"/><net_sink comp="1030" pin=1"/></net>

<net id="1419"><net_src comp="945" pin="1"/><net_sink comp="1416" pin=0"/></net>

<net id="1420"><net_src comp="1416" pin="1"/><net_sink comp="965" pin=1"/></net>

<net id="1427"><net_src comp="955" pin="2"/><net_sink comp="1424" pin=0"/></net>

<net id="1428"><net_src comp="1424" pin="1"/><net_sink comp="409" pin=2"/></net>

<net id="1432"><net_src comp="974" pin="2"/><net_sink comp="1429" pin=0"/></net>

<net id="1433"><net_src comp="1429" pin="1"/><net_sink comp="256" pin=1"/></net>

<net id="1434"><net_src comp="1429" pin="1"/><net_sink comp="263" pin=1"/></net>

<net id="1438"><net_src comp="980" pin="1"/><net_sink comp="1435" pin=0"/></net>

<net id="1439"><net_src comp="1435" pin="1"/><net_sink comp="1008" pin=1"/></net>

<net id="1446"><net_src comp="990" pin="2"/><net_sink comp="1443" pin=0"/></net>

<net id="1447"><net_src comp="1443" pin="1"/><net_sink comp="421" pin=2"/></net>

<net id="1451"><net_src comp="1008" pin="2"/><net_sink comp="1448" pin=0"/></net>

<net id="1452"><net_src comp="1448" pin="1"/><net_sink comp="1067" pin=0"/></net>

<net id="1456"><net_src comp="1017" pin="2"/><net_sink comp="1453" pin=0"/></net>

<net id="1457"><net_src comp="1453" pin="1"/><net_sink comp="1022" pin=0"/></net>

<net id="1461"><net_src comp="1022" pin="1"/><net_sink comp="1458" pin=0"/></net>

<net id="1462"><net_src comp="1458" pin="1"/><net_sink comp="461" pin=0"/></net>

<net id="1466"><net_src comp="461" pin="2"/><net_sink comp="1463" pin=0"/></net>

<net id="1467"><net_src comp="1463" pin="1"/><net_sink comp="1026" pin=1"/></net>

<net id="1471"><net_src comp="1030" pin="2"/><net_sink comp="1468" pin=0"/></net>

<net id="1472"><net_src comp="1468" pin="1"/><net_sink comp="1035" pin=1"/></net>

<net id="1476"><net_src comp="1061" pin="2"/><net_sink comp="1473" pin=0"/></net>

<net id="1477"><net_src comp="1473" pin="1"/><net_sink comp="256" pin=1"/></net>

<net id="1478"><net_src comp="1473" pin="1"/><net_sink comp="263" pin=1"/></net>

<net id="1482"><net_src comp="263" pin="2"/><net_sink comp="1479" pin=0"/></net>

<net id="1483"><net_src comp="1479" pin="1"/><net_sink comp="465" pin=0"/></net>

<net id="1487"><net_src comp="242" pin="3"/><net_sink comp="1484" pin=0"/></net>

<net id="1488"><net_src comp="1484" pin="1"/><net_sink comp="236" pin=0"/></net>

<net id="1492"><net_src comp="465" pin="2"/><net_sink comp="1489" pin=0"/></net>

<net id="1493"><net_src comp="1489" pin="1"/><net_sink comp="1071" pin=1"/></net>

<net id="1497"><net_src comp="1077" pin="2"/><net_sink comp="1494" pin=0"/></net>

<net id="1501"><net_src comp="1083" pin="2"/><net_sink comp="1498" pin=0"/></net>

<net id="1502"><net_src comp="1498" pin="1"/><net_sink comp="432" pin=0"/></net>

<net id="1506"><net_src comp="1109" pin="3"/><net_sink comp="1503" pin=0"/></net>

<net id="1507"><net_src comp="1503" pin="1"/><net_sink comp="443" pin=0"/></net>

<net id="1508"><net_src comp="1503" pin="1"/><net_sink comp="1157" pin=0"/></net>

<net id="1512"><net_src comp="1121" pin="2"/><net_sink comp="1509" pin=0"/></net>

<net id="1516"><net_src comp="1139" pin="2"/><net_sink comp="1513" pin=0"/></net>

<net id="1517"><net_src comp="1513" pin="1"/><net_sink comp="1210" pin=0"/></net>

<net id="1521"><net_src comp="1145" pin="2"/><net_sink comp="1518" pin=0"/></net>

<net id="1522"><net_src comp="1518" pin="1"/><net_sink comp="454" pin=0"/></net>

<net id="1526"><net_src comp="1151" pin="2"/><net_sink comp="1523" pin=0"/></net>

<net id="1530"><net_src comp="1157" pin="1"/><net_sink comp="1527" pin=0"/></net>

<net id="1531"><net_src comp="1527" pin="1"/><net_sink comp="1160" pin=0"/></net>

<net id="1535"><net_src comp="1160" pin="2"/><net_sink comp="1532" pin=0"/></net>

<net id="1536"><net_src comp="1532" pin="1"/><net_sink comp="1165" pin=0"/></net>

<net id="1540"><net_src comp="1173" pin="2"/><net_sink comp="1537" pin=0"/></net>

<net id="1541"><net_src comp="1537" pin="1"/><net_sink comp="1178" pin=1"/></net>

<net id="1545"><net_src comp="1204" pin="2"/><net_sink comp="1542" pin=0"/></net>

<net id="1546"><net_src comp="1542" pin="1"/><net_sink comp="271" pin=1"/></net>

<net id="1547"><net_src comp="1542" pin="1"/><net_sink comp="278" pin=1"/></net>

<net id="1548"><net_src comp="1542" pin="1"/><net_sink comp="286" pin=1"/></net>

<net id="1552"><net_src comp="249" pin="3"/><net_sink comp="1549" pin=0"/></net>

<net id="1553"><net_src comp="1549" pin="1"/><net_sink comp="236" pin=0"/></net>

</net_list>

</model> 
---------------- Datapath Model END ------------------

* FSMD analyzer results:
  - Output states:
	Port: gmem | {51 52 53 54 55 56 57 }
 - Input state : 
	Port: MM : gmem | {4 5 6 7 8 9 10 11 13 20 21 22 23 24 25 26 27 28 34 35 36 37 38 39 40 41 42 }
	Port: MM : A | {1 }
	Port: MM : B | {1 }
	Port: MM : C | {1 }
	Port: MM : ABC | {1 }
	Port: MM : N | {1 }
	Port: MM : M | {1 }
	Port: MM : P | {1 }
  - Chain level:
	State 1
		tmp_1 : 1
		p_neg_t11 : 2
		div : 3
		tmp_3 : 1
		p_neg_t5 : 2
		div2 : 3
		tmp_5 : 1
		p_neg_t : 2
		div22 : 3
		store_ln35 : 1
		store_ln0 : 1
	State 2
		add_ln35_1 : 1
		zext_ln35 : 1
		icmp_ln35 : 2
		add_ln35 : 1
		br_ln35 : 3
		tmp_7 : 1
		tmp_8 : 1
		p_cast16 : 2
		empty : 3
		tmp_9 : 1
		tmp_9_cast : 2
		p_cast6 : 4
		p_cast6_cast : 5
		gmem_addr : 6
	State 3
		zext_ln38 : 1
		icmp_ln38 : 2
		add_ln38 : 1
		br_ln38 : 3
	State 4
	State 5
	State 6
	State 7
	State 8
	State 9
	State 10
	State 11
	State 12
		icmp_ln43 : 1
		add_ln43_1 : 1
		br_ln43 : 2
		icmp_ln45 : 1
		select_ln44 : 2
		first_iter_0 : 3
		add_ln45 : 3
	State 13
		add_ln43 : 1
		select_ln43 : 2
		empty_49 : 3
		tmp_s : 4
		add_ln46 : 5
	State 14
		gmem_addr_read2 : 1
		AB_block_addr : 1
		store_ln46 : 2
	State 15
		zext_ln51 : 1
		zext_ln51_1 : 1
	State 16
		add_ln51_1 : 1
		zext_ln51_2 : 1
		icmp_ln51 : 2
		add_ln51 : 1
		br_ln51 : 3
		tmp_10 : 1
		tmp_11 : 1
		zext_ln54 : 2
	State 17
		add_ln54_1 : 1
		icmp_ln54 : 1
		add_ln54 : 1
		br_ln54 : 2
		tmp : 1
		tmp_cast : 2
		empty_50 : 3
	State 18
		empty_51 : 1
		trunc_ln : 2
		sext_ln56 : 3
	State 19
		icmp_ln56 : 1
		add_ln56 : 1
		br_ln56 : 2
		zext_ln56_1 : 1
		add_ln58 : 2
		sext_ln58 : 3
		gmem_addr_2 : 4
	State 20
	State 21
	State 22
	State 23
	State 24
	State 25
	State 26
	State 27
	State 28
	State 29
		icmp_ln60 : 1
		add_ln60 : 1
		br_ln60 : 2
		trunc_ln60 : 1
		tmp_15 : 2
		add_ln63_1 : 3
		zext_ln60 : 1
		add_ln62 : 2
	State 30
		mul_ln62 : 1
	State 31
	State 32
		add_ln62_3 : 1
	State 33
		add_ln62_2 : 1
		trunc_ln2 : 2
		sext_ln62 : 3
		gmem_addr_3 : 4
	State 34
	State 35
	State 36
	State 37
	State 38
	State 39
	State 40
	State 41
	State 42
	State 43
		AB_block_addr_2 : 1
		AB_block_load_1 : 2
	State 44
	State 45
		store_ln63 : 1
	State 46
		icmp_ln70 : 1
		add_ln70_1 : 1
		br_ln70 : 2
		add_ln70 : 1
		icmp_ln72 : 1
		select_ln71 : 2
		select_ln70 : 2
		empty_54 : 3
		first_iter_1 : 3
		br_ln72 : 4
		tmp_14 : 4
		zext_ln73 : 3
		add_ln73 : 5
		add_ln72 : 3
		icmp_ln72_1 : 4
		br_ln72 : 5
	State 47
		empty_55 : 1
	State 48
	State 49
		tmp2 : 1
		empty_56 : 2
	State 50
		empty_57 : 1
		trunc_ln1 : 2
		sext_ln72 : 3
		gmem_addr_1 : 4
		AB_block_addr_1 : 1
		AB_block_load : 2
	State 51
	State 52
	State 53
	State 54
	State 55
	State 56
	State 57
	State 58


============================================================
+ Verbose Summary: Datapath Resource usage 
============================================================

* Functional unit list:
|----------|--------------------------|---------|---------|---------|
| Operation|      Functional Unit     |   DSP   |    FF   |   LUT   |
|----------|--------------------------|---------|---------|---------|
|          |     add_ln35_1_fu_656    |    0    |    0    |    65   |
|          |      add_ln35_fu_670     |    0    |    0    |    34   |
|          |       empty_fu_696       |    0    |    0    |    71   |
|          |      add_ln38_fu_742     |    0    |    0    |    34   |
|          |     add_ln43_1_fu_762    |    0    |    0    |    14   |
|          |      add_ln45_fu_788     |    0    |    0    |    13   |
|          |      add_ln43_fu_794     |    0    |    0    |    13   |
|          |      add_ln46_fu_822     |    0    |    0    |    15   |
|          |     add_ln51_1_fu_848    |    0    |    0    |    65   |
|          |      add_ln51_fu_862     |    0    |    0    |    34   |
|          |     add_ln54_1_fu_888    |    0    |    0    |    43   |
|          |      add_ln54_fu_899     |    0    |    0    |    13   |
|          |        tmp_fu_905        |    0    |    0    |    43   |
|          |      empty_50_fu_914     |    0    |    0    |    69   |
|          |      empty_51_fu_930     |    0    |    0    |    71   |
|    add   |      add_ln56_fu_955     |    0    |    0    |    13   |
|          |      add_ln58_fu_965     |    0    |    0    |    69   |
|          |      add_ln60_fu_990     |    0    |    0    |    13   |
|          |    add_ln63_1_fu_1008    |    0    |    0    |    15   |
|          |     add_ln62_fu_1017     |    0    |    0    |    38   |
|          |    add_ln62_1_fu_1026    |    0    |    0    |    62   |
|          |    add_ln62_3_fu_1030    |    0    |    0    |    62   |
|          |    add_ln62_2_fu_1042    |    0    |    0    |    71   |
|          |     add_ln63_fu_1071     |    0    |    0    |    39   |
|          |    add_ln70_1_fu_1083    |    0    |    0    |    14   |
|          |     add_ln70_fu_1089     |    0    |    0    |    13   |
|          |     add_ln73_fu_1139     |    0    |    0    |    15   |
|          |     add_ln72_fu_1145     |    0    |    0    |    13   |
|          |       tmp2_fu_1168       |    0    |    0    |    62   |
|          |     empty_56_fu_1173     |    0    |    0    |    62   |
|          |     empty_57_fu_1185     |    0    |    0    |    71   |
|----------|--------------------------|---------|---------|---------|
|          |        grp_fu_461        |    4    |   165   |    50   |
|    mul   |        grp_fu_465        |    3    |   165   |    50   |
|          |        grp_fu_1160       |    2    |   165   |    50   |
|----------|--------------------------|---------|---------|---------|
|          |     icmp_ln35_fu_665     |    0    |    0    |    35   |
|          |     icmp_ln38_fu_737     |    0    |    0    |    35   |
|          |     icmp_ln43_fu_756     |    0    |    0    |    14   |
|          |     icmp_ln45_fu_768     |    0    |    0    |    13   |
|          |    first_iter_0_fu_782   |    0    |    0    |    13   |
|          |     icmp_ln51_fu_857     |    0    |    0    |    35   |
|   icmp   |     icmp_ln54_fu_893     |    0    |    0    |    13   |
|          |     icmp_ln56_fu_949     |    0    |    0    |    13   |
|          |     icmp_ln60_fu_984     |    0    |    0    |    13   |
|          |     icmp_ln70_fu_1077    |    0    |    0    |    14   |
|          |     icmp_ln72_fu_1095    |    0    |    0    |    13   |
|          |   first_iter_1_fu_1121   |    0    |    0    |    13   |
|          |    icmp_ln72_1_fu_1151   |    0    |    0    |    13   |
|----------|--------------------------|---------|---------|---------|
|          |       p_neg9_fu_488      |    0    |    0    |    39   |
|          |     p_neg_t11_fu_504     |    0    |    0    |    35   |
|    sub   |       p_neg3_fu_536      |    0    |    0    |    39   |
|          |      p_neg_t5_fu_552     |    0    |    0    |    35   |
|          |       p_neg_fu_584       |    0    |    0    |    39   |
|          |      p_neg_t_fu_600      |    0    |    0    |    35   |
|----------|--------------------------|---------|---------|---------|
|          |        div_fu_520        |    0    |    0    |    28   |
|          |        div2_fu_568       |    0    |    0    |    28   |
|          |       div22_fu_616       |    0    |    0    |    28   |
|  select  |    select_ln44_fu_774    |    0    |    0    |    5    |
|          |    select_ln43_fu_800    |    0    |    0    |    5    |
|          |    select_ln71_fu_1101   |    0    |    0    |    5    |
|          |    select_ln70_fu_1109   |    0    |    0    |    5    |
|----------|--------------------------|---------|---------|---------|
|          |    P_read_read_fu_188    |    0    |    0    |    0    |
|          |    M_read_read_fu_194    |    0    |    0    |    0    |
|          |    N_read_read_fu_200    |    0    |    0    |    0    |
|   read   |   ABC_read_read_fu_206   |    0    |    0    |    0    |
|          |    C_read_read_fu_212    |    0    |    0    |    0    |
|          |    B_read_read_fu_218    |    0    |    0    |    0    |
|          |    A_read_read_fu_224    |    0    |    0    |    0    |
|          |      grp_read_fu_263     |    0    |    0    |    0    |
|----------|--------------------------|---------|---------|---------|
|  readreq |    grp_readreq_fu_256    |    0    |    0    |    0    |
|----------|--------------------------|---------|---------|---------|
| writereq | empty_52_writereq_fu_271 |    0    |    0    |    0    |
|----------|--------------------------|---------|---------|---------|
|   write  |  write_ln73_write_fu_278 |    0    |    0    |    0    |
|----------|--------------------------|---------|---------|---------|
| writeresp|   grp_writeresp_fu_286   |    0    |    0    |    0    |
|----------|--------------------------|---------|---------|---------|
|          |       tmp_17_fu_480      |    0    |    0    |    0    |
| bitselect|       tmp_18_fu_528      |    0    |    0    |    0    |
|          |       tmp_19_fu_576      |    0    |    0    |    0    |
|----------|--------------------------|---------|---------|---------|
|          |       tmp_1_fu_494       |    0    |    0    |    0    |
|          |       tmp_2_fu_510       |    0    |    0    |    0    |
|          |       tmp_3_fu_542       |    0    |    0    |    0    |
|          |       tmp_4_fu_558       |    0    |    0    |    0    |
|partselect|       tmp_5_fu_590       |    0    |    0    |    0    |
|          |       tmp_6_fu_606       |    0    |    0    |    0    |
|          |      p_cast6_fu_713      |    0    |    0    |    0    |
|          |      trunc_ln_fu_935     |    0    |    0    |    0    |
|          |     trunc_ln2_fu_1047    |    0    |    0    |    0    |
|          |     trunc_ln1_fu_1190    |    0    |    0    |    0    |
|----------|--------------------------|---------|---------|---------|
|          |     sext_ln35_fu_624     |    0    |    0    |    0    |
|          |    sext_ln35_1_fu_628    |    0    |    0    |    0    |
|          |    sext_ln35_3_fu_632    |    0    |    0    |    0    |
|          |    sext_ln35_2_fu_636    |    0    |    0    |    0    |
|          |    p_cast6_cast_fu_723   |    0    |    0    |    0    |
|   sext   |      tmp_cast_fu_910     |    0    |    0    |    0    |
|          |     sext_ln56_fu_945     |    0    |    0    |    0    |
|          |     sext_ln58_fu_970     |    0    |    0    |    0    |
|          |     sext_ln62_fu_1057    |    0    |    0    |    0    |
|          |     p_cast12_fu_1165     |    0    |    0    |    0    |
|          |     sext_ln72_fu_1200    |    0    |    0    |    0    |
|----------|--------------------------|---------|---------|---------|
|          |     zext_ln35_fu_661     |    0    |    0    |    0    |
|          |      p_cast16_fu_692     |    0    |    0    |    0    |
|          |     tmp_9_cast_fu_709    |    0    |    0    |    0    |
|          |     zext_ln38_fu_733     |    0    |    0    |    0    |
|          |     zext_ln46_fu_819     |    0    |    0    |    0    |
|          |    zext_ln46_1_fu_828    |    0    |    0    |    0    |
|          |     zext_ln51_fu_840     |    0    |    0    |    0    |
|          |    zext_ln51_1_fu_844    |    0    |    0    |    0    |
|          |    zext_ln51_2_fu_853    |    0    |    0    |    0    |
|   zext   |     zext_ln54_fu_884     |    0    |    0    |    0    |
|          |    zext_ln54_1_fu_919    |    0    |    0    |    0    |
|          |    zext_ln56_1_fu_961    |    0    |    0    |    0    |
|          |     zext_ln56_fu_980     |    0    |    0    |    0    |
|          |     zext_ln60_fu_1013    |    0    |    0    |    0    |
|          |     zext_ln62_fu_1022    |    0    |    0    |    0    |
|          |     zext_ln63_fu_1067    |    0    |    0    |    0    |
|          |     zext_ln73_fu_1135    |    0    |    0    |    0    |
|          |     zext_ln70_fu_1157    |    0    |    0    |    0    |
|          |    zext_ln73_1_fu_1210   |    0    |    0    |    0    |
|----------|--------------------------|---------|---------|---------|
|          |       tmp_7_fu_676       |    0    |    0    |    0    |
|          |       tmp_8_fu_684       |    0    |    0    |    0    |
|          |       tmp_9_fu_701       |    0    |    0    |    0    |
|          |       tmp_s_fu_811       |    0    |    0    |    0    |
|          |       shl_ln_fu_832      |    0    |    0    |    0    |
|bitconcatenate|       tmp_10_fu_868      |    0    |    0    |    0    |
|          |       tmp_11_fu_876      |    0    |    0    |    0    |
|          |       tmp_12_fu_923      |    0    |    0    |    0    |
|          |      tmp_15_fu_1000      |    0    |    0    |    0    |
|          |      shl_ln1_fu_1035     |    0    |    0    |    0    |
|          |      tmp_14_fu_1127      |    0    |    0    |    0    |
|          |      tmp_13_fu_1178      |    0    |    0    |    0    |
|----------|--------------------------|---------|---------|---------|
|          |      empty_49_fu_807     |    0    |    0    |    0    |
|   trunc  |     trunc_ln60_fu_996    |    0    |    0    |    0    |
|          |     empty_54_fu_1117     |    0    |    0    |    0    |
|----------|--------------------------|---------|---------|---------|
|   Total  |                          |    9    |   495   |   1942  |
|----------|--------------------------|---------|---------|---------|

Memories:
+--------+--------+--------+--------+--------+
|        |  BRAM  |   FF   |   LUT  |  URAM  |
+--------+--------+--------+--------+--------+
|AB_block|    1   |    0   |    0   |    0   |
+--------+--------+--------+--------+--------+
|  Total |    1   |    0   |    0   |    0   |
+--------+--------+--------+--------+--------+

* Register list:
+------------------------+--------+
|                        |   FF   |
+------------------------+--------+
|    ABC_read_reg_1228   |   64   |
|AB_block_addr_1_reg_1549|    8   |
|AB_block_addr_2_reg_1484|    8   |
|     A_read_reg_1243    |   64   |
|     Atemp_reg_1479     |   32   |
|     B_read_reg_1238    |   64   |
|     C_read_reg_1233    |   64   |
|   add_ln35_1_reg_1284  |   58   |
|    add_ln35_reg_1292   |   27   |
|    add_ln38_reg_1316   |   27   |
|   add_ln43_1_reg_1325  |    9   |
|    add_ln45_reg_1344   |    5   |
|    add_ln46_reg_1354   |    8   |
|   add_ln51_1_reg_1369  |   58   |
|    add_ln51_reg_1378   |   27   |
|   add_ln54_1_reg_1393  |   36   |
|    add_ln54_reg_1401   |    5   |
|    add_ln56_reg_1424   |    5   |
|    add_ln60_reg_1443   |    5   |
|   add_ln62_3_reg_1468  |   62   |
|    add_ln62_reg_1453   |   32   |
|   add_ln63_1_reg_1448  |    8   |
|   add_ln70_1_reg_1498  |    9   |
|    add_ln72_reg_1518   |    5   |
|    add_ln73_reg_1513   |    8   |
|     div22_reg_1258     |   28   |
|      div2_reg_1253     |   28   |
|      div_reg_1248      |   28   |
|    empty_50_reg_1406   |   62   |
|    empty_55_reg_1532   |   37   |
|    empty_56_reg_1537   |   62   |
|  first_iter_0_reg_1340 |    1   |
|  first_iter_1_reg_1509 |    1   |
|  gmem_addr_1_reg_1542  |   32   |
|  gmem_addr_2_reg_1429  |   32   |
|  gmem_addr_3_reg_1473  |   32   |
| gmem_addr_read1_reg_336|   32   |
| gmem_addr_read2_reg_347|   32   |
|   gmem_addr_reg_1307   |   32   |
|       i_1_reg_439      |    5   |
|       i_2_reg_417      |    5   |
|        i_reg_325       |    5   |
|       ib_reg_1221      |   27   |
|   icmp_ln43_reg_1321   |    1   |
|   icmp_ln45_reg_1330   |    1   |
|   icmp_ln51_reg_1374   |    1   |
|   icmp_ln70_reg_1494   |    1   |
|  icmp_ln72_1_reg_1523  |    1   |
| indvar_flatten8_reg_428|    9   |
| indvar_flatten_reg_303 |    9   |
|       j_1_reg_405      |    5   |
|       j_2_reg_450      |    5   |
|        j_reg_314       |    5   |
|       jb_reg_291       |   27   |
|        k_reg_382       |    5   |
|       kb_reg_360       |   27   |
|    mul_ln62_reg_1463   |   62   |
|    mul_ln63_reg_1489   |   32   |
|    phi_mul14_reg_371   |   58   |
|   phi_mul19_reg_1214   |   58   |
|     phi_mul_reg_394    |   36   |
|         reg_469        |   32   |
|         reg_475        |   32   |
|  select_ln43_reg_1349  |    5   |
|  select_ln44_reg_1335  |    5   |
|  select_ln70_reg_1503  |    5   |
|  sext_ln35_1_reg_1268  |   37   |
|  sext_ln35_2_reg_1278  |   58   |
|  sext_ln35_3_reg_1273  |   36   |
|   sext_ln35_reg_1263   |   62   |
|   sext_ln56_reg_1416   |   63   |
|     tmp_10_reg_1383    |   62   |
|     tmp_7_reg_1297     |   62   |
|   tmp_9_cast_reg_1302  |   32   |
|  zext_ln51_1_reg_1364  |   36   |
|   zext_ln51_reg_1359   |   62   |
|  zext_ln54_1_reg_1411  |   62   |
|   zext_ln54_reg_1388   |   62   |
|   zext_ln56_reg_1435   |    8   |
|   zext_ln62_reg_1458   |   62   |
|   zext_ln70_reg_1527   |   37   |
+------------------------+--------+
|          Total         |  2342  |
+------------------------+--------+

* Multiplexer (MUX) list: 
|--------------------|------|------|------|--------||---------||---------||---------|
|        Comp        |  Pin | Size |  BW  | S x BW ||  Delay  ||    FF   ||   LUT   |
|--------------------|------|------|------|--------||---------||---------||---------|
|  grp_access_fu_236 |  p0  |   5  |   8  |   40   ||    0    ||    25   |
|  grp_access_fu_236 |  p1  |   2  |  32  |   64   ||    0    ||    9    |
| grp_readreq_fu_256 |  p0  |   2  |   1  |    2   |
| grp_readreq_fu_256 |  p1  |   3  |  32  |   96   ||    0    ||    14   |
| grp_readreq_fu_256 |  p2  |   2  |   6  |   12   |
|   grp_read_fu_263  |  p0  |   2  |  32  |   64   |
|   grp_read_fu_263  |  p1  |   3  |  32  |   96   ||    0    ||    14   |
|     jb_reg_291     |  p0  |   2  |  27  |   54   ||    0    ||    9    |
|      k_reg_382     |  p0  |   2  |   5  |   10   ||    0    ||    9    |
|     j_1_reg_405    |  p0  |   2  |   5  |   10   ||    0    ||    9    |
|     grp_fu_461     |  p0  |   2  |  32  |   64   ||    0    ||    9    |
|     grp_fu_1160    |  p0  |   2  |   5  |   10   ||    0    ||    9    |
|--------------------|------|------|------|--------||---------||---------||---------|
|        Total       |      |      |      |   522  || 19.6525 ||    0    ||   107   |
|--------------------|------|------|------|--------||---------||---------||---------|



* Summary:
+-----------+--------+--------+--------+--------+--------+--------+
|           |  BRAM  |   DSP  |  Delay |   FF   |   LUT  |  URAM  |
+-----------+--------+--------+--------+--------+--------+--------+
|  Function |    -   |    9   |    -   |   495  |  1942  |    -   |
|   Memory  |    1   |    -   |    -   |    0   |    0   |    0   |
|Multiplexer|    -   |    -   |   19   |    0   |   107  |    -   |
|  Register |    -   |    -   |    -   |  2342  |    -   |    -   |
+-----------+--------+--------+--------+--------+--------+--------+
|   Total   |    1   |    9   |   19   |  2837  |  2049  |    0   |
+-----------+--------+--------+--------+--------+--------+--------+
