

================================================================
== Vitis HLS Report for 'MM_Pipeline_i_loop'
================================================================
* Date:           Wed Apr  8 12:46:18 2026

* Version:        2025.2 (Build 6295257 on Nov 14 2025)
* Project:        baseline_blockedMM
* Solution:       hls (Vivado IP Flow Target)
* Product family: zynq
* Target device:  xc7z020-clg400-1


================================================================
== Performance Estimates
================================================================
+ Timing: 
    * Summary: 
    +--------+----------+----------+------------+
    |  Clock |  Target  | Estimated| Uncertainty|
    +--------+----------+----------+------------+
    |ap_clk  |  15.00 ns|  8.510 ns|     4.05 ns|
    +--------+----------+----------+------------+

+ Latency: 
    * Summary: 
    +---------+---------+----------+----------+-----+-----+-------------------+
    |  Latency (cycles) |  Latency (absolute) |  Interval |      Pipeline     |
    |   min   |   max   |    min   |    max   | min | max |        Type       |
    +---------+---------+----------+----------+-----+-----+-------------------+
    |       19|       19|  0.285 us|  0.285 us|    0|    0|  loop pipeline stp|
    +---------+---------+----------+----------+-----+-----+-------------------+

    + Detail: 
        * Instance: 
        N/A

        * Loop: 
        +----------+---------+---------+----------+-----------+-----------+------+----------+
        |          |  Latency (cycles) | Iteration|  Initiation Interval  | Trip |          |
        | Loop Name|   min   |   max   |  Latency |  achieved |   target  | Count| Pipelined|
        +----------+---------+---------+----------+-----------+-----------+------+----------+
        |- i_loop  |       17|       17|         3|          1|          1|    16|       yes|
        +----------+---------+---------+----------+-----------+-----------+------+----------+



================================================================
== Utilization Estimates
================================================================
* Summary: 
+-----------------+---------+-----+--------+-------+-----+
|       Name      | BRAM_18K| DSP |   FF   |  LUT  | URAM|
+-----------------+---------+-----+--------+-------+-----+
|DSP              |        -|    -|       -|      -|    -|
|Expression       |        -|    -|       0|   2824|    -|
|FIFO             |        -|    -|       -|      -|    -|
|Instance         |        -|   48|       0|   1360|    -|
|Memory           |        -|    -|       -|      -|    -|
|Multiplexer      |        -|    -|       0|    180|    -|
|Register         |        -|    -|    8755|      -|    -|
+-----------------+---------+-----+--------+-------+-----+
|Total            |        0|   48|    8755|   4364|    0|
+-----------------+---------+-----+--------+-------+-----+
|Available        |      280|  220|  106400|  53200|    0|
+-----------------+---------+-----+--------+-------+-----+
|Utilization (%)  |        0|   21|       8|      8|    0|
+-----------------+---------+-----+--------+-------+-----+

+ Detail: 
    * Instance: 
    +---------------------------+-----------------------+---------+----+---+----+-----+
    |          Instance         |         Module        | BRAM_18K| DSP| FF| LUT| URAM|
    +---------------------------+-----------------------+---------+----+---+----+-----+
    |mul_32s_32s_32_1_1_U1      |mul_32s_32s_32_1_1     |        0|   3|  0|  20|    0|
    |mul_32s_32s_32_1_1_U2      |mul_32s_32s_32_1_1     |        0|   3|  0|  20|    0|
    |mul_32s_32s_32_1_1_U3      |mul_32s_32s_32_1_1     |        0|   3|  0|  20|    0|
    |mul_32s_32s_32_1_1_U4      |mul_32s_32s_32_1_1     |        0|   3|  0|  20|    0|
    |mul_32s_32s_32_1_1_U5      |mul_32s_32s_32_1_1     |        0|   3|  0|  20|    0|
    |mul_32s_32s_32_1_1_U6      |mul_32s_32s_32_1_1     |        0|   3|  0|  20|    0|
    |mul_32s_32s_32_1_1_U7      |mul_32s_32s_32_1_1     |        0|   3|  0|  20|    0|
    |mul_32s_32s_32_1_1_U8      |mul_32s_32s_32_1_1     |        0|   3|  0|  20|    0|
    |mul_32s_32s_32_1_1_U9      |mul_32s_32s_32_1_1     |        0|   3|  0|  20|    0|
    |mul_32s_32s_32_1_1_U10     |mul_32s_32s_32_1_1     |        0|   3|  0|  20|    0|
    |mul_32s_32s_32_1_1_U11     |mul_32s_32s_32_1_1     |        0|   3|  0|  20|    0|
    |mul_32s_32s_32_1_1_U12     |mul_32s_32s_32_1_1     |        0|   3|  0|  20|    0|
    |mul_32s_32s_32_1_1_U13     |mul_32s_32s_32_1_1     |        0|   3|  0|  20|    0|
    |mul_32s_32s_32_1_1_U14     |mul_32s_32s_32_1_1     |        0|   3|  0|  20|    0|
    |mul_32s_32s_32_1_1_U15     |mul_32s_32s_32_1_1     |        0|   3|  0|  20|    0|
    |mul_32s_32s_32_1_1_U16     |mul_32s_32s_32_1_1     |        0|   3|  0|  20|    0|
    |sparsemux_33_4_32_1_1_U17  |sparsemux_33_4_32_1_1  |        0|   0|  0|  65|    0|
    |sparsemux_33_4_32_1_1_U18  |sparsemux_33_4_32_1_1  |        0|   0|  0|  65|    0|
    |sparsemux_33_4_32_1_1_U19  |sparsemux_33_4_32_1_1  |        0|   0|  0|  65|    0|
    |sparsemux_33_4_32_1_1_U20  |sparsemux_33_4_32_1_1  |        0|   0|  0|  65|    0|
    |sparsemux_33_4_32_1_1_U21  |sparsemux_33_4_32_1_1  |        0|   0|  0|  65|    0|
    |sparsemux_33_4_32_1_1_U22  |sparsemux_33_4_32_1_1  |        0|   0|  0|  65|    0|
    |sparsemux_33_4_32_1_1_U23  |sparsemux_33_4_32_1_1  |        0|   0|  0|  65|    0|
    |sparsemux_33_4_32_1_1_U24  |sparsemux_33_4_32_1_1  |        0|   0|  0|  65|    0|
    |sparsemux_33_4_32_1_1_U25  |sparsemux_33_4_32_1_1  |        0|   0|  0|  65|    0|
    |sparsemux_33_4_32_1_1_U26  |sparsemux_33_4_32_1_1  |        0|   0|  0|  65|    0|
    |sparsemux_33_4_32_1_1_U27  |sparsemux_33_4_32_1_1  |        0|   0|  0|  65|    0|
    |sparsemux_33_4_32_1_1_U28  |sparsemux_33_4_32_1_1  |        0|   0|  0|  65|    0|
    |sparsemux_33_4_32_1_1_U29  |sparsemux_33_4_32_1_1  |        0|   0|  0|  65|    0|
    |sparsemux_33_4_32_1_1_U30  |sparsemux_33_4_32_1_1  |        0|   0|  0|  65|    0|
    |sparsemux_33_4_32_1_1_U31  |sparsemux_33_4_32_1_1  |        0|   0|  0|  65|    0|
    |sparsemux_33_4_32_1_1_U32  |sparsemux_33_4_32_1_1  |        0|   0|  0|  65|    0|
    +---------------------------+-----------------------+---------+----+---+----+-----+
    |Total                      |                       |        0|  48|  0|1360|    0|
    +---------------------------+-----------------------+---------+----+---+----+-----+

    * DSP: 
    N/A

    * Memory: 
    N/A

    * FIFO: 
    N/A

    * Expression: 
    +------------------------+----------+----+---+------+------------+------------+
    |      Variable Name     | Operation| DSP| FF|  LUT | Bitwidth P0| Bitwidth P1|
    +------------------------+----------+----+---+------+------------+------------+
    |add_ln67_fu_766_p2      |         +|   0|  0|    13|           5|           1|
    |add_ln72_10_fu_3380_p2  |         +|   0|  0|    39|          32|          32|
    |add_ln72_11_fu_3616_p2  |         +|   0|  0|    39|          32|          32|
    |add_ln72_12_fu_3852_p2  |         +|   0|  0|    39|          32|          32|
    |add_ln72_13_fu_4088_p2  |         +|   0|  0|    39|          32|          32|
    |add_ln72_14_fu_4324_p2  |         +|   0|  0|    39|          32|          32|
    |add_ln72_15_fu_4560_p2  |         +|   0|  0|    39|          32|          32|
    |add_ln72_1_fu_1256_p2   |         +|   0|  0|    39|          32|          32|
    |add_ln72_2_fu_1492_p2   |         +|   0|  0|    39|          32|          32|
    |add_ln72_3_fu_1728_p2   |         +|   0|  0|    39|          32|          32|
    |add_ln72_4_fu_1964_p2   |         +|   0|  0|    39|          32|          32|
    |add_ln72_5_fu_2200_p2   |         +|   0|  0|    39|          32|          32|
    |add_ln72_6_fu_2436_p2   |         +|   0|  0|    39|          32|          32|
    |add_ln72_7_fu_2672_p2   |         +|   0|  0|    39|          32|          32|
    |add_ln72_8_fu_2908_p2   |         +|   0|  0|    39|          32|          32|
    |add_ln72_9_fu_3144_p2   |         +|   0|  0|    39|          32|          32|
    |add_ln72_fu_1020_p2     |         +|   0|  0|    39|          32|          32|
    |icmp_ln67_fu_760_p2     |      icmp|   0|  0|    14|           5|           6|
    |lshr_ln72_fu_788_p2     |      lshr|   0|  0|  2171|         512|         512|
    |ap_enable_pp0           |       xor|   0|  0|     2|           1|           2|
    +------------------------+----------+----+---+------+------------+------------+
    |Total                   |          |   0|  0|  2824|        1035|        1033|
    +------------------------+----------+----+---+------+------------+------------+

    * Multiplexer: 
    +-------------------------+----+-----------+-----+-----------+
    |           Name          | LUT| Input Size| Bits| Total Bits|
    +-------------------------+----+-----------+-----+-----------+
    |AB_block_10_fu_274       |   9|          2|  512|       1024|
    |AB_block_11_fu_278       |   9|          2|  512|       1024|
    |AB_block_12_fu_282       |   9|          2|  512|       1024|
    |AB_block_13_fu_286       |   9|          2|  512|       1024|
    |AB_block_14_fu_290       |   9|          2|  512|       1024|
    |AB_block_15_fu_294       |   9|          2|  512|       1024|
    |AB_block_1_fu_238        |   9|          2|  512|       1024|
    |AB_block_2_fu_242        |   9|          2|  512|       1024|
    |AB_block_3_fu_246        |   9|          2|  512|       1024|
    |AB_block_4_fu_250        |   9|          2|  512|       1024|
    |AB_block_5_fu_254        |   9|          2|  512|       1024|
    |AB_block_6_fu_258        |   9|          2|  512|       1024|
    |AB_block_7_fu_262        |   9|          2|  512|       1024|
    |AB_block_8_fu_266        |   9|          2|  512|       1024|
    |AB_block_9_fu_270        |   9|          2|  512|       1024|
    |AB_block_fu_234          |   9|          2|  512|       1024|
    |ap_done_int              |   9|          2|    1|          2|
    |ap_enable_reg_pp0_iter1  |   9|          2|    1|          2|
    |ap_sig_allocacmp_i_1     |   9|          2|    5|         10|
    |i_fu_230                 |   9|          2|    5|         10|
    +-------------------------+----+-----------+-----+-----------+
    |Total                    | 180|         40| 8204|      16408|
    +-------------------------+----+-----------+-----+-----------+

    * Register: 
    +-----------------------------------+-----+----+-----+-----------+
    |                Name               |  FF | LUT| Bits| Const Bits|
    +-----------------------------------+-----+----+-----+-----------+
    |AB_block_10_fu_274                 |  512|   0|  512|          0|
    |AB_block_11_fu_278                 |  512|   0|  512|          0|
    |AB_block_12_fu_282                 |  512|   0|  512|          0|
    |AB_block_13_fu_286                 |  512|   0|  512|          0|
    |AB_block_14_fu_290                 |  512|   0|  512|          0|
    |AB_block_15_fu_294                 |  512|   0|  512|          0|
    |AB_block_1_fu_238                  |  512|   0|  512|          0|
    |AB_block_2_fu_242                  |  512|   0|  512|          0|
    |AB_block_3_fu_246                  |  512|   0|  512|          0|
    |AB_block_4_fu_250                  |  512|   0|  512|          0|
    |AB_block_5_fu_254                  |  512|   0|  512|          0|
    |AB_block_6_fu_258                  |  512|   0|  512|          0|
    |AB_block_7_fu_262                  |  512|   0|  512|          0|
    |AB_block_8_fu_266                  |  512|   0|  512|          0|
    |AB_block_9_fu_270                  |  512|   0|  512|          0|
    |AB_block_fu_234                    |  512|   0|  512|          0|
    |ap_CS_fsm                          |    1|   0|    1|          0|
    |ap_done_reg                        |    1|   0|    1|          0|
    |ap_enable_reg_pp0_iter1            |    1|   0|    1|          0|
    |ap_enable_reg_pp0_iter2            |    1|   0|    1|          0|
    |ap_loop_exit_ready_pp0_iter1_reg   |    1|   0|    1|          0|
    |i_fu_230                           |    5|   0|    5|          0|
    |icmp_ln67_reg_4960                 |    1|   0|    1|          0|
    |mul_ln72_10_reg_5054               |   32|   0|   32|          0|
    |mul_ln72_11_reg_5059               |   32|   0|   32|          0|
    |mul_ln72_12_reg_5064               |   32|   0|   32|          0|
    |mul_ln72_13_reg_5069               |   32|   0|   32|          0|
    |mul_ln72_14_reg_5074               |   32|   0|   32|          0|
    |mul_ln72_15_reg_5079               |   32|   0|   32|          0|
    |mul_ln72_1_reg_5009                |   32|   0|   32|          0|
    |mul_ln72_2_reg_5014                |   32|   0|   32|          0|
    |mul_ln72_3_reg_5019                |   32|   0|   32|          0|
    |mul_ln72_4_reg_5024                |   32|   0|   32|          0|
    |mul_ln72_5_reg_5029                |   32|   0|   32|          0|
    |mul_ln72_6_reg_5034                |   32|   0|   32|          0|
    |mul_ln72_7_reg_5039                |   32|   0|   32|          0|
    |mul_ln72_8_reg_5044                |   32|   0|   32|          0|
    |mul_ln72_9_reg_5049                |   32|   0|   32|          0|
    |mul_ln72_reg_5004                  |   32|   0|   32|          0|
    |trunc_ln67_reg_4964                |    4|   0|    4|          0|
    |trunc_ln67_reg_4964_pp0_iter1_reg  |    4|   0|    4|          0|
    |trunc_ln72_reg_4984                |   32|   0|   32|          0|
    +-----------------------------------+-----+----+-----+-----------+
    |Total                              | 8755|   0| 8755|          0|
    +-----------------------------------+-----+----+-----+-----------+



================================================================
== Interface
================================================================
* Summary: 
+------------------------+-----+-----+------------+--------------------+--------------+
|        RTL Ports       | Dir | Bits|  Protocol  |    Source Object   |    C Type    |
+------------------------+-----+-----+------------+--------------------+--------------+
|ap_clk                  |   in|    1|  ap_ctrl_hs|  MM_Pipeline_i_loop|  return value|
|ap_rst                  |   in|    1|  ap_ctrl_hs|  MM_Pipeline_i_loop|  return value|
|ap_start                |   in|    1|  ap_ctrl_hs|  MM_Pipeline_i_loop|  return value|
|ap_done                 |  out|    1|  ap_ctrl_hs|  MM_Pipeline_i_loop|  return value|
|ap_idle                 |  out|    1|  ap_ctrl_hs|  MM_Pipeline_i_loop|  return value|
|ap_ready                |  out|    1|  ap_ctrl_hs|  MM_Pipeline_i_loop|  return value|
|AB_block_47             |   in|  512|     ap_none|         AB_block_47|        scalar|
|AB_block_46             |   in|  512|     ap_none|         AB_block_46|        scalar|
|AB_block_45             |   in|  512|     ap_none|         AB_block_45|        scalar|
|AB_block_44             |   in|  512|     ap_none|         AB_block_44|        scalar|
|AB_block_43             |   in|  512|     ap_none|         AB_block_43|        scalar|
|AB_block_42             |   in|  512|     ap_none|         AB_block_42|        scalar|
|AB_block_41             |   in|  512|     ap_none|         AB_block_41|        scalar|
|AB_block_40             |   in|  512|     ap_none|         AB_block_40|        scalar|
|AB_block_39             |   in|  512|     ap_none|         AB_block_39|        scalar|
|AB_block_38             |   in|  512|     ap_none|         AB_block_38|        scalar|
|AB_block_37             |   in|  512|     ap_none|         AB_block_37|        scalar|
|AB_block_36             |   in|  512|     ap_none|         AB_block_36|        scalar|
|AB_block_35             |   in|  512|     ap_none|         AB_block_35|        scalar|
|AB_block_34             |   in|  512|     ap_none|         AB_block_34|        scalar|
|AB_block_33             |   in|  512|     ap_none|         AB_block_33|        scalar|
|AB_block_32             |   in|  512|     ap_none|         AB_block_32|        scalar|
|A_line                  |   in|  512|     ap_none|              A_line|        scalar|
|empty                   |   in|   32|     ap_none|               empty|        scalar|
|trunc_ln63_2            |   in|   32|     ap_none|        trunc_ln63_2|        scalar|
|trunc_ln63_3            |   in|   32|     ap_none|        trunc_ln63_3|        scalar|
|trunc_ln63_4            |   in|   32|     ap_none|        trunc_ln63_4|        scalar|
|trunc_ln63_5            |   in|   32|     ap_none|        trunc_ln63_5|        scalar|
|trunc_ln63_6            |   in|   32|     ap_none|        trunc_ln63_6|        scalar|
|trunc_ln63_7            |   in|   32|     ap_none|        trunc_ln63_7|        scalar|
|trunc_ln63_8            |   in|   32|     ap_none|        trunc_ln63_8|        scalar|
|trunc_ln63_9            |   in|   32|     ap_none|        trunc_ln63_9|        scalar|
|trunc_ln63_10           |   in|   32|     ap_none|       trunc_ln63_10|        scalar|
|trunc_ln63_11           |   in|   32|     ap_none|       trunc_ln63_11|        scalar|
|trunc_ln63_12           |   in|   32|     ap_none|       trunc_ln63_12|        scalar|
|trunc_ln63_13           |   in|   32|     ap_none|       trunc_ln63_13|        scalar|
|trunc_ln63_14           |   in|   32|     ap_none|       trunc_ln63_14|        scalar|
|trunc_ln63_15           |   in|   32|     ap_none|       trunc_ln63_15|        scalar|
|trunc_ln63_16           |   in|   32|     ap_none|       trunc_ln63_16|        scalar|
|AB_block_63_out         |  out|  512|      ap_vld|     AB_block_63_out|       pointer|
|AB_block_63_out_ap_vld  |  out|    1|      ap_vld|     AB_block_63_out|       pointer|
|AB_block_62_out         |  out|  512|      ap_vld|     AB_block_62_out|       pointer|
|AB_block_62_out_ap_vld  |  out|    1|      ap_vld|     AB_block_62_out|       pointer|
|AB_block_61_out         |  out|  512|      ap_vld|     AB_block_61_out|       pointer|
|AB_block_61_out_ap_vld  |  out|    1|      ap_vld|     AB_block_61_out|       pointer|
|AB_block_60_out         |  out|  512|      ap_vld|     AB_block_60_out|       pointer|
|AB_block_60_out_ap_vld  |  out|    1|      ap_vld|     AB_block_60_out|       pointer|
|AB_block_59_out         |  out|  512|      ap_vld|     AB_block_59_out|       pointer|
|AB_block_59_out_ap_vld  |  out|    1|      ap_vld|     AB_block_59_out|       pointer|
|AB_block_58_out         |  out|  512|      ap_vld|     AB_block_58_out|       pointer|
|AB_block_58_out_ap_vld  |  out|    1|      ap_vld|     AB_block_58_out|       pointer|
|AB_block_57_out         |  out|  512|      ap_vld|     AB_block_57_out|       pointer|
|AB_block_57_out_ap_vld  |  out|    1|      ap_vld|     AB_block_57_out|       pointer|
|AB_block_56_out         |  out|  512|      ap_vld|     AB_block_56_out|       pointer|
|AB_block_56_out_ap_vld  |  out|    1|      ap_vld|     AB_block_56_out|       pointer|
|AB_block_55_out         |  out|  512|      ap_vld|     AB_block_55_out|       pointer|
|AB_block_55_out_ap_vld  |  out|    1|      ap_vld|     AB_block_55_out|       pointer|
|AB_block_54_out         |  out|  512|      ap_vld|     AB_block_54_out|       pointer|
|AB_block_54_out_ap_vld  |  out|    1|      ap_vld|     AB_block_54_out|       pointer|
|AB_block_53_out         |  out|  512|      ap_vld|     AB_block_53_out|       pointer|
|AB_block_53_out_ap_vld  |  out|    1|      ap_vld|     AB_block_53_out|       pointer|
|AB_block_52_out         |  out|  512|      ap_vld|     AB_block_52_out|       pointer|
|AB_block_52_out_ap_vld  |  out|    1|      ap_vld|     AB_block_52_out|       pointer|
|AB_block_51_out         |  out|  512|      ap_vld|     AB_block_51_out|       pointer|
|AB_block_51_out_ap_vld  |  out|    1|      ap_vld|     AB_block_51_out|       pointer|
|AB_block_50_out         |  out|  512|      ap_vld|     AB_block_50_out|       pointer|
|AB_block_50_out_ap_vld  |  out|    1|      ap_vld|     AB_block_50_out|       pointer|
|AB_block_49_out         |  out|  512|      ap_vld|     AB_block_49_out|       pointer|
|AB_block_49_out_ap_vld  |  out|    1|      ap_vld|     AB_block_49_out|       pointer|
|AB_block_48_out         |  out|  512|      ap_vld|     AB_block_48_out|       pointer|
|AB_block_48_out_ap_vld  |  out|    1|      ap_vld|     AB_block_48_out|       pointer|
+------------------------+-----+-----+------------+--------------------+--------------+

============================================================
+ Verbose Summary: Synthesis Manager
============================================================
InlineROM: 1
ExposeGlobal: 0
============================================================
+ Verbose Summary: CDFG Model
============================================================
IsTopModel: 0
ResetActiveHigh: 1
IsCombinational: 2
IsDatapathOnly: 2
HasWiredReturn: 1
HasMFsm: 2
HasVarLatency: 1
IsPipeline: 0
IsRtlPipelined: 0
IsInstanceOverlapped: 0
IsDontTouch: 0
HasImplIP: 0
IsGatedGlobalClock: 0

+ Individual pipeline summary: 
  * Pipeline-0: initiation interval (II) = 1, depth = 3


============================================================
+ Verbose Summary: Schedule
============================================================
* Number of FSM states : 3
* Pipeline : 1
  Pipeline-0 : II = 1, D = 3, States = { 1 2 3 }
* Dataflow Pipeline: 0

* FSM state transitions: 
1 --> 2 
2 --> 3 
3 --> 

* FSM state operations: 

State 1 <SV = 0> <Delay = 7.53>
ST_1 : Operation 6 [1/1] (0.00ns)   --->   "%i = alloca i32 1" [T:/AMDDesignTools/2025.2/Vitis/tps/mingw/8.3.0/win64.o/nt\lib\gcc\x86_64-w64-mingw32\8.3.0\include\c++\array:55->T:/AMDDesignTools/2025.2/Vitis/tps/mingw/8.3.0/win64.o/nt\lib\gcc\x86_64-w64-mingw32\8.3.0\include\c++\array:186->../MLP_baseline/mm.cpp:72]   --->   Operation 6 'alloca' 'i' <Predicate = true> <Delay = 0.00>
ST_1 : Operation 7 [1/1] (0.00ns)   --->   "%AB_block = alloca i32 1" [../MLP_baseline/mm.cpp:39]   --->   Operation 7 'alloca' 'AB_block' <Predicate = true> <Delay = 0.00>
ST_1 : Operation 8 [1/1] (0.00ns)   --->   "%AB_block_1 = alloca i32 1" [../MLP_baseline/mm.cpp:39]   --->   Operation 8 'alloca' 'AB_block_1' <Predicate = true> <Delay = 0.00>
ST_1 : Operation 9 [1/1] (0.00ns)   --->   "%AB_block_2 = alloca i32 1" [../MLP_baseline/mm.cpp:39]   --->   Operation 9 'alloca' 'AB_block_2' <Predicate = true> <Delay = 0.00>
ST_1 : Operation 10 [1/1] (0.00ns)   --->   "%AB_block_3 = alloca i32 1" [../MLP_baseline/mm.cpp:39]   --->   Operation 10 'alloca' 'AB_block_3' <Predicate = true> <Delay = 0.00>
ST_1 : Operation 11 [1/1] (0.00ns)   --->   "%AB_block_4 = alloca i32 1" [../MLP_baseline/mm.cpp:39]   --->   Operation 11 'alloca' 'AB_block_4' <Predicate = true> <Delay = 0.00>
ST_1 : Operation 12 [1/1] (0.00ns)   --->   "%AB_block_5 = alloca i32 1" [../MLP_baseline/mm.cpp:39]   --->   Operation 12 'alloca' 'AB_block_5' <Predicate = true> <Delay = 0.00>
ST_1 : Operation 13 [1/1] (0.00ns)   --->   "%AB_block_6 = alloca i32 1" [../MLP_baseline/mm.cpp:39]   --->   Operation 13 'alloca' 'AB_block_6' <Predicate = true> <Delay = 0.00>
ST_1 : Operation 14 [1/1] (0.00ns)   --->   "%AB_block_7 = alloca i32 1" [../MLP_baseline/mm.cpp:39]   --->   Operation 14 'alloca' 'AB_block_7' <Predicate = true> <Delay = 0.00>
ST_1 : Operation 15 [1/1] (0.00ns)   --->   "%AB_block_8 = alloca i32 1" [../MLP_baseline/mm.cpp:39]   --->   Operation 15 'alloca' 'AB_block_8' <Predicate = true> <Delay = 0.00>
ST_1 : Operation 16 [1/1] (0.00ns)   --->   "%AB_block_9 = alloca i32 1" [../MLP_baseline/mm.cpp:39]   --->   Operation 16 'alloca' 'AB_block_9' <Predicate = true> <Delay = 0.00>
ST_1 : Operation 17 [1/1] (0.00ns)   --->   "%AB_block_10 = alloca i32 1" [../MLP_baseline/mm.cpp:39]   --->   Operation 17 'alloca' 'AB_block_10' <Predicate = true> <Delay = 0.00>
ST_1 : Operation 18 [1/1] (0.00ns)   --->   "%AB_block_11 = alloca i32 1" [../MLP_baseline/mm.cpp:39]   --->   Operation 18 'alloca' 'AB_block_11' <Predicate = true> <Delay = 0.00>
ST_1 : Operation 19 [1/1] (0.00ns)   --->   "%AB_block_12 = alloca i32 1" [../MLP_baseline/mm.cpp:39]   --->   Operation 19 'alloca' 'AB_block_12' <Predicate = true> <Delay = 0.00>
ST_1 : Operation 20 [1/1] (0.00ns)   --->   "%AB_block_13 = alloca i32 1" [../MLP_baseline/mm.cpp:39]   --->   Operation 20 'alloca' 'AB_block_13' <Predicate = true> <Delay = 0.00>
ST_1 : Operation 21 [1/1] (0.00ns)   --->   "%AB_block_14 = alloca i32 1" [../MLP_baseline/mm.cpp:39]   --->   Operation 21 'alloca' 'AB_block_14' <Predicate = true> <Delay = 0.00>
ST_1 : Operation 22 [1/1] (0.00ns)   --->   "%AB_block_15 = alloca i32 1" [../MLP_baseline/mm.cpp:39]   --->   Operation 22 'alloca' 'AB_block_15' <Predicate = true> <Delay = 0.00>
ST_1 : Operation 23 [1/1] (0.00ns)   --->   "%trunc_ln63_16_read = read i32 @_ssdm_op_Read.ap_auto.i32, i32 %trunc_ln63_16"   --->   Operation 23 'read' 'trunc_ln63_16_read' <Predicate = true> <Delay = 0.00>
ST_1 : Operation 24 [1/1] (0.00ns)   --->   "%trunc_ln63_15_read = read i32 @_ssdm_op_Read.ap_auto.i32, i32 %trunc_ln63_15"   --->   Operation 24 'read' 'trunc_ln63_15_read' <Predicate = true> <Delay = 0.00>
ST_1 : Operation 25 [1/1] (0.00ns)   --->   "%trunc_ln63_14_read = read i32 @_ssdm_op_Read.ap_auto.i32, i32 %trunc_ln63_14"   --->   Operation 25 'read' 'trunc_ln63_14_read' <Predicate = true> <Delay = 0.00>
ST_1 : Operation 26 [1/1] (0.00ns)   --->   "%trunc_ln63_13_read = read i32 @_ssdm_op_Read.ap_auto.i32, i32 %trunc_ln63_13"   --->   Operation 26 'read' 'trunc_ln63_13_read' <Predicate = true> <Delay = 0.00>
ST_1 : Operation 27 [1/1] (0.00ns)   --->   "%trunc_ln63_12_read = read i32 @_ssdm_op_Read.ap_auto.i32, i32 %trunc_ln63_12"   --->   Operation 27 'read' 'trunc_ln63_12_read' <Predicate = true> <Delay = 0.00>
ST_1 : Operation 28 [1/1] (0.00ns)   --->   "%trunc_ln63_11_read = read i32 @_ssdm_op_Read.ap_auto.i32, i32 %trunc_ln63_11"   --->   Operation 28 'read' 'trunc_ln63_11_read' <Predicate = true> <Delay = 0.00>
ST_1 : Operation 29 [1/1] (0.00ns)   --->   "%trunc_ln63_10_read = read i32 @_ssdm_op_Read.ap_auto.i32, i32 %trunc_ln63_10"   --->   Operation 29 'read' 'trunc_ln63_10_read' <Predicate = true> <Delay = 0.00>
ST_1 : Operation 30 [1/1] (0.00ns)   --->   "%trunc_ln63_9_read = read i32 @_ssdm_op_Read.ap_auto.i32, i32 %trunc_ln63_9"   --->   Operation 30 'read' 'trunc_ln63_9_read' <Predicate = true> <Delay = 0.00>
ST_1 : Operation 31 [1/1] (0.00ns)   --->   "%trunc_ln63_8_read = read i32 @_ssdm_op_Read.ap_auto.i32, i32 %trunc_ln63_8"   --->   Operation 31 'read' 'trunc_ln63_8_read' <Predicate = true> <Delay = 0.00>
ST_1 : Operation 32 [1/1] (0.00ns)   --->   "%trunc_ln63_7_read = read i32 @_ssdm_op_Read.ap_auto.i32, i32 %trunc_ln63_7"   --->   Operation 32 'read' 'trunc_ln63_7_read' <Predicate = true> <Delay = 0.00>
ST_1 : Operation 33 [1/1] (0.00ns)   --->   "%trunc_ln63_6_read = read i32 @_ssdm_op_Read.ap_auto.i32, i32 %trunc_ln63_6"   --->   Operation 33 'read' 'trunc_ln63_6_read' <Predicate = true> <Delay = 0.00>
ST_1 : Operation 34 [1/1] (0.00ns)   --->   "%trunc_ln63_5_read = read i32 @_ssdm_op_Read.ap_auto.i32, i32 %trunc_ln63_5"   --->   Operation 34 'read' 'trunc_ln63_5_read' <Predicate = true> <Delay = 0.00>
ST_1 : Operation 35 [1/1] (0.00ns)   --->   "%trunc_ln63_4_read = read i32 @_ssdm_op_Read.ap_auto.i32, i32 %trunc_ln63_4"   --->   Operation 35 'read' 'trunc_ln63_4_read' <Predicate = true> <Delay = 0.00>
ST_1 : Operation 36 [1/1] (0.00ns)   --->   "%trunc_ln63_3_read = read i32 @_ssdm_op_Read.ap_auto.i32, i32 %trunc_ln63_3"   --->   Operation 36 'read' 'trunc_ln63_3_read' <Predicate = true> <Delay = 0.00>
ST_1 : Operation 37 [1/1] (0.00ns)   --->   "%trunc_ln63_2_read = read i32 @_ssdm_op_Read.ap_auto.i32, i32 %trunc_ln63_2"   --->   Operation 37 'read' 'trunc_ln63_2_read' <Predicate = true> <Delay = 0.00>
ST_1 : Operation 38 [1/1] (0.00ns)   --->   "%tmp = read i32 @_ssdm_op_Read.ap_auto.i32, i32 %empty"   --->   Operation 38 'read' 'tmp' <Predicate = true> <Delay = 0.00>
ST_1 : Operation 39 [1/1] (0.00ns)   --->   "%A_line_read = read i512 @_ssdm_op_Read.ap_auto.i512, i512 %A_line"   --->   Operation 39 'read' 'A_line_read' <Predicate = true> <Delay = 0.00>
ST_1 : Operation 40 [1/1] (0.00ns)   --->   "%AB_block_32_read = read i512 @_ssdm_op_Read.ap_auto.i512, i512 %AB_block_32"   --->   Operation 40 'read' 'AB_block_32_read' <Predicate = true> <Delay = 0.00>
ST_1 : Operation 41 [1/1] (0.00ns)   --->   "%AB_block_33_read = read i512 @_ssdm_op_Read.ap_auto.i512, i512 %AB_block_33"   --->   Operation 41 'read' 'AB_block_33_read' <Predicate = true> <Delay = 0.00>
ST_1 : Operation 42 [1/1] (0.00ns)   --->   "%AB_block_34_read = read i512 @_ssdm_op_Read.ap_auto.i512, i512 %AB_block_34"   --->   Operation 42 'read' 'AB_block_34_read' <Predicate = true> <Delay = 0.00>
ST_1 : Operation 43 [1/1] (0.00ns)   --->   "%AB_block_35_read = read i512 @_ssdm_op_Read.ap_auto.i512, i512 %AB_block_35"   --->   Operation 43 'read' 'AB_block_35_read' <Predicate = true> <Delay = 0.00>
ST_1 : Operation 44 [1/1] (0.00ns)   --->   "%AB_block_36_read = read i512 @_ssdm_op_Read.ap_auto.i512, i512 %AB_block_36"   --->   Operation 44 'read' 'AB_block_36_read' <Predicate = true> <Delay = 0.00>
ST_1 : Operation 45 [1/1] (0.00ns)   --->   "%AB_block_37_read = read i512 @_ssdm_op_Read.ap_auto.i512, i512 %AB_block_37"   --->   Operation 45 'read' 'AB_block_37_read' <Predicate = true> <Delay = 0.00>
ST_1 : Operation 46 [1/1] (0.00ns)   --->   "%AB_block_38_read = read i512 @_ssdm_op_Read.ap_auto.i512, i512 %AB_block_38"   --->   Operation 46 'read' 'AB_block_38_read' <Predicate = true> <Delay = 0.00>
ST_1 : Operation 47 [1/1] (0.00ns)   --->   "%AB_block_39_read = read i512 @_ssdm_op_Read.ap_auto.i512, i512 %AB_block_39"   --->   Operation 47 'read' 'AB_block_39_read' <Predicate = true> <Delay = 0.00>
ST_1 : Operation 48 [1/1] (0.00ns)   --->   "%AB_block_40_read = read i512 @_ssdm_op_Read.ap_auto.i512, i512 %AB_block_40"   --->   Operation 48 'read' 'AB_block_40_read' <Predicate = true> <Delay = 0.00>
ST_1 : Operation 49 [1/1] (0.00ns)   --->   "%AB_block_41_read = read i512 @_ssdm_op_Read.ap_auto.i512, i512 %AB_block_41"   --->   Operation 49 'read' 'AB_block_41_read' <Predicate = true> <Delay = 0.00>
ST_1 : Operation 50 [1/1] (0.00ns)   --->   "%AB_block_42_read = read i512 @_ssdm_op_Read.ap_auto.i512, i512 %AB_block_42"   --->   Operation 50 'read' 'AB_block_42_read' <Predicate = true> <Delay = 0.00>
ST_1 : Operation 51 [1/1] (0.00ns)   --->   "%AB_block_43_read = read i512 @_ssdm_op_Read.ap_auto.i512, i512 %AB_block_43"   --->   Operation 51 'read' 'AB_block_43_read' <Predicate = true> <Delay = 0.00>
ST_1 : Operation 52 [1/1] (0.00ns)   --->   "%AB_block_44_read = read i512 @_ssdm_op_Read.ap_auto.i512, i512 %AB_block_44"   --->   Operation 52 'read' 'AB_block_44_read' <Predicate = true> <Delay = 0.00>
ST_1 : Operation 53 [1/1] (0.00ns)   --->   "%AB_block_45_read = read i512 @_ssdm_op_Read.ap_auto.i512, i512 %AB_block_45"   --->   Operation 53 'read' 'AB_block_45_read' <Predicate = true> <Delay = 0.00>
ST_1 : Operation 54 [1/1] (0.00ns)   --->   "%AB_block_46_read = read i512 @_ssdm_op_Read.ap_auto.i512, i512 %AB_block_46"   --->   Operation 54 'read' 'AB_block_46_read' <Predicate = true> <Delay = 0.00>
ST_1 : Operation 55 [1/1] (0.00ns)   --->   "%AB_block_47_read = read i512 @_ssdm_op_Read.ap_auto.i512, i512 %AB_block_47"   --->   Operation 55 'read' 'AB_block_47_read' <Predicate = true> <Delay = 0.00>
ST_1 : Operation 56 [1/1] (1.58ns)   --->   "%store_ln39 = store i512 %AB_block_47_read, i512 %AB_block_15" [../MLP_baseline/mm.cpp:39]   --->   Operation 56 'store' 'store_ln39' <Predicate = true> <Delay = 1.58>
ST_1 : Operation 57 [1/1] (1.58ns)   --->   "%store_ln39 = store i512 %AB_block_46_read, i512 %AB_block_14" [../MLP_baseline/mm.cpp:39]   --->   Operation 57 'store' 'store_ln39' <Predicate = true> <Delay = 1.58>
ST_1 : Operation 58 [1/1] (1.58ns)   --->   "%store_ln39 = store i512 %AB_block_45_read, i512 %AB_block_13" [../MLP_baseline/mm.cpp:39]   --->   Operation 58 'store' 'store_ln39' <Predicate = true> <Delay = 1.58>
ST_1 : Operation 59 [1/1] (1.58ns)   --->   "%store_ln39 = store i512 %AB_block_44_read, i512 %AB_block_12" [../MLP_baseline/mm.cpp:39]   --->   Operation 59 'store' 'store_ln39' <Predicate = true> <Delay = 1.58>
ST_1 : Operation 60 [1/1] (1.58ns)   --->   "%store_ln39 = store i512 %AB_block_43_read, i512 %AB_block_11" [../MLP_baseline/mm.cpp:39]   --->   Operation 60 'store' 'store_ln39' <Predicate = true> <Delay = 1.58>
ST_1 : Operation 61 [1/1] (1.58ns)   --->   "%store_ln39 = store i512 %AB_block_42_read, i512 %AB_block_10" [../MLP_baseline/mm.cpp:39]   --->   Operation 61 'store' 'store_ln39' <Predicate = true> <Delay = 1.58>
ST_1 : Operation 62 [1/1] (1.58ns)   --->   "%store_ln39 = store i512 %AB_block_41_read, i512 %AB_block_9" [../MLP_baseline/mm.cpp:39]   --->   Operation 62 'store' 'store_ln39' <Predicate = true> <Delay = 1.58>
ST_1 : Operation 63 [1/1] (1.58ns)   --->   "%store_ln39 = store i512 %AB_block_40_read, i512 %AB_block_8" [../MLP_baseline/mm.cpp:39]   --->   Operation 63 'store' 'store_ln39' <Predicate = true> <Delay = 1.58>
ST_1 : Operation 64 [1/1] (1.58ns)   --->   "%store_ln39 = store i512 %AB_block_39_read, i512 %AB_block_7" [../MLP_baseline/mm.cpp:39]   --->   Operation 64 'store' 'store_ln39' <Predicate = true> <Delay = 1.58>
ST_1 : Operation 65 [1/1] (1.58ns)   --->   "%store_ln39 = store i512 %AB_block_38_read, i512 %AB_block_6" [../MLP_baseline/mm.cpp:39]   --->   Operation 65 'store' 'store_ln39' <Predicate = true> <Delay = 1.58>
ST_1 : Operation 66 [1/1] (1.58ns)   --->   "%store_ln39 = store i512 %AB_block_37_read, i512 %AB_block_5" [../MLP_baseline/mm.cpp:39]   --->   Operation 66 'store' 'store_ln39' <Predicate = true> <Delay = 1.58>
ST_1 : Operation 67 [1/1] (1.58ns)   --->   "%store_ln39 = store i512 %AB_block_36_read, i512 %AB_block_4" [../MLP_baseline/mm.cpp:39]   --->   Operation 67 'store' 'store_ln39' <Predicate = true> <Delay = 1.58>
ST_1 : Operation 68 [1/1] (1.58ns)   --->   "%store_ln39 = store i512 %AB_block_35_read, i512 %AB_block_3" [../MLP_baseline/mm.cpp:39]   --->   Operation 68 'store' 'store_ln39' <Predicate = true> <Delay = 1.58>
ST_1 : Operation 69 [1/1] (1.58ns)   --->   "%store_ln39 = store i512 %AB_block_34_read, i512 %AB_block_2" [../MLP_baseline/mm.cpp:39]   --->   Operation 69 'store' 'store_ln39' <Predicate = true> <Delay = 1.58>
ST_1 : Operation 70 [1/1] (1.58ns)   --->   "%store_ln39 = store i512 %AB_block_33_read, i512 %AB_block_1" [../MLP_baseline/mm.cpp:39]   --->   Operation 70 'store' 'store_ln39' <Predicate = true> <Delay = 1.58>
ST_1 : Operation 71 [1/1] (1.58ns)   --->   "%store_ln39 = store i512 %AB_block_32_read, i512 %AB_block" [../MLP_baseline/mm.cpp:39]   --->   Operation 71 'store' 'store_ln39' <Predicate = true> <Delay = 1.58>
ST_1 : Operation 72 [1/1] (1.58ns)   --->   "%store_ln55 = store i5 0, i5 %i" [T:/AMDDesignTools/2025.2/Vitis/tps/mingw/8.3.0/win64.o/nt\lib\gcc\x86_64-w64-mingw32\8.3.0\include\c++\array:55->T:/AMDDesignTools/2025.2/Vitis/tps/mingw/8.3.0/win64.o/nt\lib\gcc\x86_64-w64-mingw32\8.3.0\include\c++\array:186->../MLP_baseline/mm.cpp:72]   --->   Operation 72 'store' 'store_ln55' <Predicate = true> <Delay = 1.58>
ST_1 : Operation 73 [1/1] (0.00ns)   --->   "%br_ln0 = br void %j_loop"   --->   Operation 73 'br' 'br_ln0' <Predicate = true> <Delay = 0.00>
ST_1 : Operation 74 [1/1] (0.00ns)   --->   "%i_1 = load i5 %i" [../MLP_baseline/mm.cpp:67]   --->   Operation 74 'load' 'i_1' <Predicate = true> <Delay = 0.00>
ST_1 : Operation 75 [1/1] (1.78ns)   --->   "%icmp_ln67 = icmp_eq  i5 %i_1, i5 16" [../MLP_baseline/mm.cpp:67]   --->   Operation 75 'icmp' 'icmp_ln67' <Predicate = true> <Delay = 1.78> <CoreInst = "Cmp">   --->   Core 9 'Cmp' <Latency = 0> <II = 1> <Delay = 1.82> <FuncUnit> <Opcode : 'seteq' 'setne' 'setle' 'setge' 'setlt' 'setgt'> <InPorts = 2> <OutPorts = 1>
ST_1 : Operation 76 [1/1] (1.78ns)   --->   "%add_ln67 = add i5 %i_1, i5 1" [../MLP_baseline/mm.cpp:67]   --->   Operation 76 'add' 'add_ln67' <Predicate = true> <Delay = 1.78> <CoreInst = "Adder">   --->   Core 1 'Adder' <Latency = 0> <II = 1> <Delay = 1.78> <FuncUnit> <Opcode : 'add' 'sub'> <InPorts = 2> <OutPorts = 1>
ST_1 : Operation 77 [1/1] (0.00ns)   --->   "%br_ln67 = br i1 %icmp_ln67, void %j_loop.split, void %for.inc72.exitStub" [../MLP_baseline/mm.cpp:67]   --->   Operation 77 'br' 'br_ln67' <Predicate = true> <Delay = 0.00>
ST_1 : Operation 78 [1/1] (0.00ns)   --->   "%trunc_ln67 = trunc i5 %i_1" [../MLP_baseline/mm.cpp:67]   --->   Operation 78 'trunc' 'trunc_ln67' <Predicate = (!icmp_ln67)> <Delay = 0.00>
ST_1 : Operation 79 [1/1] (0.00ns)   --->   "%shl_ln56_1 = bitconcatenate i9 @_ssdm_op_BitConcatenate.i9.i4.i5, i4 %trunc_ln67, i5 0" [T:/AMDDesignTools/2025.2/Vitis/tps/mingw/8.3.0/win64.o/nt\lib\gcc\x86_64-w64-mingw32\8.3.0\include\c++\array:56->T:/AMDDesignTools/2025.2/Vitis/tps/mingw/8.3.0/win64.o/nt\lib\gcc\x86_64-w64-mingw32\8.3.0\include\c++\array:186->../MLP_baseline/mm.cpp:72]   --->   Operation 79 'bitconcatenate' 'shl_ln56_1' <Predicate = (!icmp_ln67)> <Delay = 0.00>
ST_1 : Operation 80 [1/1] (0.00ns)   --->   "%zext_ln72 = zext i9 %shl_ln56_1" [../MLP_baseline/mm.cpp:72]   --->   Operation 80 'zext' 'zext_ln72' <Predicate = (!icmp_ln67)> <Delay = 0.00>
ST_1 : Operation 81 [1/1] (5.94ns)   --->   "%lshr_ln72 = lshr i512 %A_line_read, i512 %zext_ln72" [../MLP_baseline/mm.cpp:72]   --->   Operation 81 'lshr' 'lshr_ln72' <Predicate = (!icmp_ln67)> <Delay = 5.94> <CoreInst = "Shifter">   --->   Core 75 'Shifter' <Latency = 0> <II = 1> <Delay = 5.94> <FuncUnit> <Opcode : 'shl' 'lshr' 'ashr'> <InPorts = 2> <OutPorts = 1>
ST_1 : Operation 82 [1/1] (0.00ns)   --->   "%trunc_ln72 = trunc i512 %lshr_ln72" [../MLP_baseline/mm.cpp:72]   --->   Operation 82 'trunc' 'trunc_ln72' <Predicate = (!icmp_ln67)> <Delay = 0.00>
ST_1 : Operation 83 [1/1] (1.73ns)   --->   "%switch_ln72 = switch i4 %trunc_ln67, void %arrayidx.i.i6881256.case.15, i4 0, void %arrayidx.i.i6881256.case.0, i4 1, void %arrayidx.i.i6881256.case.1, i4 2, void %arrayidx.i.i6881256.case.2, i4 3, void %arrayidx.i.i6881256.case.3, i4 4, void %arrayidx.i.i6881256.case.4, i4 5, void %arrayidx.i.i6881256.case.5, i4 6, void %arrayidx.i.i6881256.case.6, i4 7, void %arrayidx.i.i6881256.case.7, i4 8, void %arrayidx.i.i6881256.case.8, i4 9, void %arrayidx.i.i6881256.case.9, i4 10, void %arrayidx.i.i6881256.case.10, i4 11, void %arrayidx.i.i6881256.case.11, i4 12, void %arrayidx.i.i6881256.case.12, i4 13, void %arrayidx.i.i6881256.case.13, i4 14, void %j_loop.split.arrayidx.i.i6881256.exit_crit_edge" [../MLP_baseline/mm.cpp:72]   --->   Operation 83 'switch' 'switch_ln72' <Predicate = (!icmp_ln67)> <Delay = 1.73>
ST_1 : Operation 84 [1/1] (1.58ns)   --->   "%store_ln55 = store i5 %add_ln67, i5 %i" [T:/AMDDesignTools/2025.2/Vitis/tps/mingw/8.3.0/win64.o/nt\lib\gcc\x86_64-w64-mingw32\8.3.0\include\c++\array:55->T:/AMDDesignTools/2025.2/Vitis/tps/mingw/8.3.0/win64.o/nt\lib\gcc\x86_64-w64-mingw32\8.3.0\include\c++\array:186->../MLP_baseline/mm.cpp:72]   --->   Operation 84 'store' 'store_ln55' <Predicate = (!icmp_ln67)> <Delay = 1.58>
ST_1 : Operation 85 [1/1] (0.00ns)   --->   "%br_ln67 = br void %j_loop" [../MLP_baseline/mm.cpp:67]   --->   Operation 85 'br' 'br_ln67' <Predicate = (!icmp_ln67)> <Delay = 0.00>

State 2 <SV = 1> <Delay = 8.51>
ST_2 : Operation 86 [1/1] (8.51ns)   --->   "%mul_ln72 = mul i32 %trunc_ln72, i32 %tmp" [../MLP_baseline/mm.cpp:72]   --->   Operation 86 'mul' 'mul_ln72' <Predicate = true> <Delay = 8.51> <CoreInst = "Multiplier">   --->   Core 3 'Multiplier' <Latency = 0> <II = 1> <Delay = 8.51> <FuncUnit> <Opcode : 'mul'> <InPorts = 2> <OutPorts = 1>
ST_2 : Operation 87 [1/1] (8.51ns)   --->   "%mul_ln72_1 = mul i32 %trunc_ln72, i32 %trunc_ln63_2_read" [../MLP_baseline/mm.cpp:72]   --->   Operation 87 'mul' 'mul_ln72_1' <Predicate = true> <Delay = 8.51> <CoreInst = "Multiplier">   --->   Core 3 'Multiplier' <Latency = 0> <II = 1> <Delay = 8.51> <FuncUnit> <Opcode : 'mul'> <InPorts = 2> <OutPorts = 1>
ST_2 : Operation 88 [1/1] (8.51ns)   --->   "%mul_ln72_2 = mul i32 %trunc_ln72, i32 %trunc_ln63_3_read" [../MLP_baseline/mm.cpp:72]   --->   Operation 88 'mul' 'mul_ln72_2' <Predicate = true> <Delay = 8.51> <CoreInst = "Multiplier">   --->   Core 3 'Multiplier' <Latency = 0> <II = 1> <Delay = 8.51> <FuncUnit> <Opcode : 'mul'> <InPorts = 2> <OutPorts = 1>
ST_2 : Operation 89 [1/1] (8.51ns)   --->   "%mul_ln72_3 = mul i32 %trunc_ln72, i32 %trunc_ln63_4_read" [../MLP_baseline/mm.cpp:72]   --->   Operation 89 'mul' 'mul_ln72_3' <Predicate = true> <Delay = 8.51> <CoreInst = "Multiplier">   --->   Core 3 'Multiplier' <Latency = 0> <II = 1> <Delay = 8.51> <FuncUnit> <Opcode : 'mul'> <InPorts = 2> <OutPorts = 1>
ST_2 : Operation 90 [1/1] (8.51ns)   --->   "%mul_ln72_4 = mul i32 %trunc_ln72, i32 %trunc_ln63_5_read" [../MLP_baseline/mm.cpp:72]   --->   Operation 90 'mul' 'mul_ln72_4' <Predicate = true> <Delay = 8.51> <CoreInst = "Multiplier">   --->   Core 3 'Multiplier' <Latency = 0> <II = 1> <Delay = 8.51> <FuncUnit> <Opcode : 'mul'> <InPorts = 2> <OutPorts = 1>
ST_2 : Operation 91 [1/1] (8.51ns)   --->   "%mul_ln72_5 = mul i32 %trunc_ln72, i32 %trunc_ln63_6_read" [../MLP_baseline/mm.cpp:72]   --->   Operation 91 'mul' 'mul_ln72_5' <Predicate = true> <Delay = 8.51> <CoreInst = "Multiplier">   --->   Core 3 'Multiplier' <Latency = 0> <II = 1> <Delay = 8.51> <FuncUnit> <Opcode : 'mul'> <InPorts = 2> <OutPorts = 1>
ST_2 : Operation 92 [1/1] (8.51ns)   --->   "%mul_ln72_6 = mul i32 %trunc_ln72, i32 %trunc_ln63_7_read" [../MLP_baseline/mm.cpp:72]   --->   Operation 92 'mul' 'mul_ln72_6' <Predicate = true> <Delay = 8.51> <CoreInst = "Multiplier">   --->   Core 3 'Multiplier' <Latency = 0> <II = 1> <Delay = 8.51> <FuncUnit> <Opcode : 'mul'> <InPorts = 2> <OutPorts = 1>
ST_2 : Operation 93 [1/1] (8.51ns)   --->   "%mul_ln72_7 = mul i32 %trunc_ln72, i32 %trunc_ln63_8_read" [../MLP_baseline/mm.cpp:72]   --->   Operation 93 'mul' 'mul_ln72_7' <Predicate = true> <Delay = 8.51> <CoreInst = "Multiplier">   --->   Core 3 'Multiplier' <Latency = 0> <II = 1> <Delay = 8.51> <FuncUnit> <Opcode : 'mul'> <InPorts = 2> <OutPorts = 1>
ST_2 : Operation 94 [1/1] (8.51ns)   --->   "%mul_ln72_8 = mul i32 %trunc_ln72, i32 %trunc_ln63_9_read" [../MLP_baseline/mm.cpp:72]   --->   Operation 94 'mul' 'mul_ln72_8' <Predicate = true> <Delay = 8.51> <CoreInst = "Multiplier">   --->   Core 3 'Multiplier' <Latency = 0> <II = 1> <Delay = 8.51> <FuncUnit> <Opcode : 'mul'> <InPorts = 2> <OutPorts = 1>
ST_2 : Operation 95 [1/1] (8.51ns)   --->   "%mul_ln72_9 = mul i32 %trunc_ln72, i32 %trunc_ln63_10_read" [../MLP_baseline/mm.cpp:72]   --->   Operation 95 'mul' 'mul_ln72_9' <Predicate = true> <Delay = 8.51> <CoreInst = "Multiplier">   --->   Core 3 'Multiplier' <Latency = 0> <II = 1> <Delay = 8.51> <FuncUnit> <Opcode : 'mul'> <InPorts = 2> <OutPorts = 1>
ST_2 : Operation 96 [1/1] (8.51ns)   --->   "%mul_ln72_10 = mul i32 %trunc_ln72, i32 %trunc_ln63_11_read" [../MLP_baseline/mm.cpp:72]   --->   Operation 96 'mul' 'mul_ln72_10' <Predicate = true> <Delay = 8.51> <CoreInst = "Multiplier">   --->   Core 3 'Multiplier' <Latency = 0> <II = 1> <Delay = 8.51> <FuncUnit> <Opcode : 'mul'> <InPorts = 2> <OutPorts = 1>
ST_2 : Operation 97 [1/1] (8.51ns)   --->   "%mul_ln72_11 = mul i32 %trunc_ln72, i32 %trunc_ln63_12_read" [../MLP_baseline/mm.cpp:72]   --->   Operation 97 'mul' 'mul_ln72_11' <Predicate = true> <Delay = 8.51> <CoreInst = "Multiplier">   --->   Core 3 'Multiplier' <Latency = 0> <II = 1> <Delay = 8.51> <FuncUnit> <Opcode : 'mul'> <InPorts = 2> <OutPorts = 1>
ST_2 : Operation 98 [1/1] (8.51ns)   --->   "%mul_ln72_12 = mul i32 %trunc_ln72, i32 %trunc_ln63_13_read" [../MLP_baseline/mm.cpp:72]   --->   Operation 98 'mul' 'mul_ln72_12' <Predicate = true> <Delay = 8.51> <CoreInst = "Multiplier">   --->   Core 3 'Multiplier' <Latency = 0> <II = 1> <Delay = 8.51> <FuncUnit> <Opcode : 'mul'> <InPorts = 2> <OutPorts = 1>
ST_2 : Operation 99 [1/1] (8.51ns)   --->   "%mul_ln72_13 = mul i32 %trunc_ln72, i32 %trunc_ln63_14_read" [../MLP_baseline/mm.cpp:72]   --->   Operation 99 'mul' 'mul_ln72_13' <Predicate = true> <Delay = 8.51> <CoreInst = "Multiplier">   --->   Core 3 'Multiplier' <Latency = 0> <II = 1> <Delay = 8.51> <FuncUnit> <Opcode : 'mul'> <InPorts = 2> <OutPorts = 1>
ST_2 : Operation 100 [1/1] (8.51ns)   --->   "%mul_ln72_14 = mul i32 %trunc_ln72, i32 %trunc_ln63_15_read" [../MLP_baseline/mm.cpp:72]   --->   Operation 100 'mul' 'mul_ln72_14' <Predicate = true> <Delay = 8.51> <CoreInst = "Multiplier">   --->   Core 3 'Multiplier' <Latency = 0> <II = 1> <Delay = 8.51> <FuncUnit> <Opcode : 'mul'> <InPorts = 2> <OutPorts = 1>
ST_2 : Operation 101 [1/1] (8.51ns)   --->   "%mul_ln72_15 = mul i32 %trunc_ln72, i32 %trunc_ln63_16_read" [../MLP_baseline/mm.cpp:72]   --->   Operation 101 'mul' 'mul_ln72_15' <Predicate = true> <Delay = 8.51> <CoreInst = "Multiplier">   --->   Core 3 'Multiplier' <Latency = 0> <II = 1> <Delay = 8.51> <FuncUnit> <Opcode : 'mul'> <InPorts = 2> <OutPorts = 1>
ST_2 : Operation 442 [1/1] (0.00ns)   --->   "%AB_block_load = load i512 %AB_block"   --->   Operation 442 'load' 'AB_block_load' <Predicate = (icmp_ln67)> <Delay = 0.00>
ST_2 : Operation 443 [1/1] (0.00ns)   --->   "%AB_block_1_load = load i512 %AB_block_1"   --->   Operation 443 'load' 'AB_block_1_load' <Predicate = (icmp_ln67)> <Delay = 0.00>
ST_2 : Operation 444 [1/1] (0.00ns)   --->   "%AB_block_2_load = load i512 %AB_block_2"   --->   Operation 444 'load' 'AB_block_2_load' <Predicate = (icmp_ln67)> <Delay = 0.00>
ST_2 : Operation 445 [1/1] (0.00ns)   --->   "%AB_block_3_load = load i512 %AB_block_3"   --->   Operation 445 'load' 'AB_block_3_load' <Predicate = (icmp_ln67)> <Delay = 0.00>
ST_2 : Operation 446 [1/1] (0.00ns)   --->   "%AB_block_4_load = load i512 %AB_block_4"   --->   Operation 446 'load' 'AB_block_4_load' <Predicate = (icmp_ln67)> <Delay = 0.00>
ST_2 : Operation 447 [1/1] (0.00ns)   --->   "%AB_block_5_load = load i512 %AB_block_5"   --->   Operation 447 'load' 'AB_block_5_load' <Predicate = (icmp_ln67)> <Delay = 0.00>
ST_2 : Operation 448 [1/1] (0.00ns)   --->   "%AB_block_6_load = load i512 %AB_block_6"   --->   Operation 448 'load' 'AB_block_6_load' <Predicate = (icmp_ln67)> <Delay = 0.00>
ST_2 : Operation 449 [1/1] (0.00ns)   --->   "%AB_block_7_load = load i512 %AB_block_7"   --->   Operation 449 'load' 'AB_block_7_load' <Predicate = (icmp_ln67)> <Delay = 0.00>
ST_2 : Operation 450 [1/1] (0.00ns)   --->   "%AB_block_8_load = load i512 %AB_block_8"   --->   Operation 450 'load' 'AB_block_8_load' <Predicate = (icmp_ln67)> <Delay = 0.00>
ST_2 : Operation 451 [1/1] (0.00ns)   --->   "%AB_block_9_load = load i512 %AB_block_9"   --->   Operation 451 'load' 'AB_block_9_load' <Predicate = (icmp_ln67)> <Delay = 0.00>
ST_2 : Operation 452 [1/1] (0.00ns)   --->   "%AB_block_10_load = load i512 %AB_block_10"   --->   Operation 452 'load' 'AB_block_10_load' <Predicate = (icmp_ln67)> <Delay = 0.00>
ST_2 : Operation 453 [1/1] (0.00ns)   --->   "%AB_block_11_load = load i512 %AB_block_11"   --->   Operation 453 'load' 'AB_block_11_load' <Predicate = (icmp_ln67)> <Delay = 0.00>
ST_2 : Operation 454 [1/1] (0.00ns)   --->   "%AB_block_12_load = load i512 %AB_block_12"   --->   Operation 454 'load' 'AB_block_12_load' <Predicate = (icmp_ln67)> <Delay = 0.00>
ST_2 : Operation 455 [1/1] (0.00ns)   --->   "%AB_block_13_load = load i512 %AB_block_13"   --->   Operation 455 'load' 'AB_block_13_load' <Predicate = (icmp_ln67)> <Delay = 0.00>
ST_2 : Operation 456 [1/1] (0.00ns)   --->   "%AB_block_14_load = load i512 %AB_block_14"   --->   Operation 456 'load' 'AB_block_14_load' <Predicate = (icmp_ln67)> <Delay = 0.00>
ST_2 : Operation 457 [1/1] (0.00ns)   --->   "%AB_block_15_load = load i512 %AB_block_15"   --->   Operation 457 'load' 'AB_block_15_load' <Predicate = (icmp_ln67)> <Delay = 0.00>
ST_2 : Operation 458 [1/1] (0.00ns)   --->   "%write_ln0 = write void @_ssdm_op_Write.ap_auto.i512P0A, i512 %AB_block_63_out, i512 %AB_block_15_load"   --->   Operation 458 'write' 'write_ln0' <Predicate = (icmp_ln67)> <Delay = 0.00>
ST_2 : Operation 459 [1/1] (0.00ns)   --->   "%write_ln0 = write void @_ssdm_op_Write.ap_auto.i512P0A, i512 %AB_block_62_out, i512 %AB_block_14_load"   --->   Operation 459 'write' 'write_ln0' <Predicate = (icmp_ln67)> <Delay = 0.00>
ST_2 : Operation 460 [1/1] (0.00ns)   --->   "%write_ln0 = write void @_ssdm_op_Write.ap_auto.i512P0A, i512 %AB_block_61_out, i512 %AB_block_13_load"   --->   Operation 460 'write' 'write_ln0' <Predicate = (icmp_ln67)> <Delay = 0.00>
ST_2 : Operation 461 [1/1] (0.00ns)   --->   "%write_ln0 = write void @_ssdm_op_Write.ap_auto.i512P0A, i512 %AB_block_60_out, i512 %AB_block_12_load"   --->   Operation 461 'write' 'write_ln0' <Predicate = (icmp_ln67)> <Delay = 0.00>
ST_2 : Operation 462 [1/1] (0.00ns)   --->   "%write_ln0 = write void @_ssdm_op_Write.ap_auto.i512P0A, i512 %AB_block_59_out, i512 %AB_block_11_load"   --->   Operation 462 'write' 'write_ln0' <Predicate = (icmp_ln67)> <Delay = 0.00>
ST_2 : Operation 463 [1/1] (0.00ns)   --->   "%write_ln0 = write void @_ssdm_op_Write.ap_auto.i512P0A, i512 %AB_block_58_out, i512 %AB_block_10_load"   --->   Operation 463 'write' 'write_ln0' <Predicate = (icmp_ln67)> <Delay = 0.00>
ST_2 : Operation 464 [1/1] (0.00ns)   --->   "%write_ln0 = write void @_ssdm_op_Write.ap_auto.i512P0A, i512 %AB_block_57_out, i512 %AB_block_9_load"   --->   Operation 464 'write' 'write_ln0' <Predicate = (icmp_ln67)> <Delay = 0.00>
ST_2 : Operation 465 [1/1] (0.00ns)   --->   "%write_ln0 = write void @_ssdm_op_Write.ap_auto.i512P0A, i512 %AB_block_56_out, i512 %AB_block_8_load"   --->   Operation 465 'write' 'write_ln0' <Predicate = (icmp_ln67)> <Delay = 0.00>
ST_2 : Operation 466 [1/1] (0.00ns)   --->   "%write_ln0 = write void @_ssdm_op_Write.ap_auto.i512P0A, i512 %AB_block_55_out, i512 %AB_block_7_load"   --->   Operation 466 'write' 'write_ln0' <Predicate = (icmp_ln67)> <Delay = 0.00>
ST_2 : Operation 467 [1/1] (0.00ns)   --->   "%write_ln0 = write void @_ssdm_op_Write.ap_auto.i512P0A, i512 %AB_block_54_out, i512 %AB_block_6_load"   --->   Operation 467 'write' 'write_ln0' <Predicate = (icmp_ln67)> <Delay = 0.00>
ST_2 : Operation 468 [1/1] (0.00ns)   --->   "%write_ln0 = write void @_ssdm_op_Write.ap_auto.i512P0A, i512 %AB_block_53_out, i512 %AB_block_5_load"   --->   Operation 468 'write' 'write_ln0' <Predicate = (icmp_ln67)> <Delay = 0.00>
ST_2 : Operation 469 [1/1] (0.00ns)   --->   "%write_ln0 = write void @_ssdm_op_Write.ap_auto.i512P0A, i512 %AB_block_52_out, i512 %AB_block_4_load"   --->   Operation 469 'write' 'write_ln0' <Predicate = (icmp_ln67)> <Delay = 0.00>
ST_2 : Operation 470 [1/1] (0.00ns)   --->   "%write_ln0 = write void @_ssdm_op_Write.ap_auto.i512P0A, i512 %AB_block_51_out, i512 %AB_block_3_load"   --->   Operation 470 'write' 'write_ln0' <Predicate = (icmp_ln67)> <Delay = 0.00>
ST_2 : Operation 471 [1/1] (0.00ns)   --->   "%write_ln0 = write void @_ssdm_op_Write.ap_auto.i512P0A, i512 %AB_block_50_out, i512 %AB_block_2_load"   --->   Operation 471 'write' 'write_ln0' <Predicate = (icmp_ln67)> <Delay = 0.00>
ST_2 : Operation 472 [1/1] (0.00ns)   --->   "%write_ln0 = write void @_ssdm_op_Write.ap_auto.i512P0A, i512 %AB_block_49_out, i512 %AB_block_1_load"   --->   Operation 472 'write' 'write_ln0' <Predicate = (icmp_ln67)> <Delay = 0.00>
ST_2 : Operation 473 [1/1] (0.00ns)   --->   "%write_ln0 = write void @_ssdm_op_Write.ap_auto.i512P0A, i512 %AB_block_48_out, i512 %AB_block_load"   --->   Operation 473 'write' 'write_ln0' <Predicate = (icmp_ln67)> <Delay = 0.00>
ST_2 : Operation 474 [1/1] (1.58ns)   --->   "%ret_ln0 = ret"   --->   Operation 474 'ret' 'ret_ln0' <Predicate = (icmp_ln67)> <Delay = 1.58>

State 3 <SV = 2> <Delay = 6.20>
ST_3 : Operation 102 [1/1] (0.00ns)   --->   "%AB_block_load_1 = load i512 %AB_block" [../MLP_baseline/mm.cpp:72]   --->   Operation 102 'load' 'AB_block_load_1' <Predicate = true> <Delay = 0.00>
ST_3 : Operation 103 [1/1] (0.00ns)   --->   "%AB_block_1_load_1 = load i512 %AB_block_1" [../MLP_baseline/mm.cpp:72]   --->   Operation 103 'load' 'AB_block_1_load_1' <Predicate = true> <Delay = 0.00>
ST_3 : Operation 104 [1/1] (0.00ns)   --->   "%AB_block_2_load_1 = load i512 %AB_block_2" [../MLP_baseline/mm.cpp:72]   --->   Operation 104 'load' 'AB_block_2_load_1' <Predicate = true> <Delay = 0.00>
ST_3 : Operation 105 [1/1] (0.00ns)   --->   "%AB_block_3_load_1 = load i512 %AB_block_3" [../MLP_baseline/mm.cpp:72]   --->   Operation 105 'load' 'AB_block_3_load_1' <Predicate = true> <Delay = 0.00>
ST_3 : Operation 106 [1/1] (0.00ns)   --->   "%AB_block_4_load_1 = load i512 %AB_block_4" [../MLP_baseline/mm.cpp:72]   --->   Operation 106 'load' 'AB_block_4_load_1' <Predicate = true> <Delay = 0.00>
ST_3 : Operation 107 [1/1] (0.00ns)   --->   "%AB_block_5_load_1 = load i512 %AB_block_5" [../MLP_baseline/mm.cpp:72]   --->   Operation 107 'load' 'AB_block_5_load_1' <Predicate = true> <Delay = 0.00>
ST_3 : Operation 108 [1/1] (0.00ns)   --->   "%AB_block_6_load_1 = load i512 %AB_block_6" [../MLP_baseline/mm.cpp:72]   --->   Operation 108 'load' 'AB_block_6_load_1' <Predicate = true> <Delay = 0.00>
ST_3 : Operation 109 [1/1] (0.00ns)   --->   "%AB_block_7_load_1 = load i512 %AB_block_7" [../MLP_baseline/mm.cpp:72]   --->   Operation 109 'load' 'AB_block_7_load_1' <Predicate = true> <Delay = 0.00>
ST_3 : Operation 110 [1/1] (0.00ns)   --->   "%AB_block_8_load_1 = load i512 %AB_block_8" [../MLP_baseline/mm.cpp:72]   --->   Operation 110 'load' 'AB_block_8_load_1' <Predicate = true> <Delay = 0.00>
ST_3 : Operation 111 [1/1] (0.00ns)   --->   "%AB_block_9_load_1 = load i512 %AB_block_9" [../MLP_baseline/mm.cpp:72]   --->   Operation 111 'load' 'AB_block_9_load_1' <Predicate = true> <Delay = 0.00>
ST_3 : Operation 112 [1/1] (0.00ns)   --->   "%AB_block_10_load_1 = load i512 %AB_block_10" [../MLP_baseline/mm.cpp:72]   --->   Operation 112 'load' 'AB_block_10_load_1' <Predicate = true> <Delay = 0.00>
ST_3 : Operation 113 [1/1] (0.00ns)   --->   "%AB_block_11_load_1 = load i512 %AB_block_11" [../MLP_baseline/mm.cpp:72]   --->   Operation 113 'load' 'AB_block_11_load_1' <Predicate = true> <Delay = 0.00>
ST_3 : Operation 114 [1/1] (0.00ns)   --->   "%AB_block_12_load_1 = load i512 %AB_block_12" [../MLP_baseline/mm.cpp:72]   --->   Operation 114 'load' 'AB_block_12_load_1' <Predicate = true> <Delay = 0.00>
ST_3 : Operation 115 [1/1] (0.00ns)   --->   "%AB_block_13_load_1 = load i512 %AB_block_13" [../MLP_baseline/mm.cpp:72]   --->   Operation 115 'load' 'AB_block_13_load_1' <Predicate = true> <Delay = 0.00>
ST_3 : Operation 116 [1/1] (0.00ns)   --->   "%AB_block_14_load_1 = load i512 %AB_block_14" [../MLP_baseline/mm.cpp:72]   --->   Operation 116 'load' 'AB_block_14_load_1' <Predicate = true> <Delay = 0.00>
ST_3 : Operation 117 [1/1] (0.00ns)   --->   "%AB_block_15_load_1 = load i512 %AB_block_15" [../MLP_baseline/mm.cpp:72]   --->   Operation 117 'load' 'AB_block_15_load_1' <Predicate = true> <Delay = 0.00>
ST_3 : Operation 118 [1/1] (0.00ns)   --->   "%specpipeline_ln68 = specpipeline void @_ssdm_op_SpecPipeline, i32 1, i32 0, i32 0, i32 0, i32 4294967295, void @empty_0" [../MLP_baseline/mm.cpp:68]   --->   Operation 118 'specpipeline' 'specpipeline_ln68' <Predicate = true> <Delay = 0.00>
ST_3 : Operation 119 [1/1] (0.00ns)   --->   "%speclooptripcount_ln39 = speclooptripcount void @_ssdm_op_SpecLoopTripCount, i64 16, i64 16, i64 16" [../MLP_baseline/mm.cpp:39]   --->   Operation 119 'speclooptripcount' 'speclooptripcount_ln39' <Predicate = true> <Delay = 0.00>
ST_3 : Operation 120 [1/1] (0.00ns)   --->   "%specloopname_ln67 = specloopname void @_ssdm_op_SpecLoopName, void @empty_15" [../MLP_baseline/mm.cpp:67]   --->   Operation 120 'specloopname' 'specloopname_ln67' <Predicate = true> <Delay = 0.00>
ST_3 : Operation 121 [1/1] (0.00ns)   --->   "%trunc_ln72_1 = trunc i512 %AB_block_load_1" [../MLP_baseline/mm.cpp:72]   --->   Operation 121 'trunc' 'trunc_ln72_1' <Predicate = (trunc_ln67 == 0)> <Delay = 0.00>
ST_3 : Operation 122 [1/1] (0.00ns)   --->   "%trunc_ln72_2 = trunc i512 %AB_block_1_load_1" [../MLP_baseline/mm.cpp:72]   --->   Operation 122 'trunc' 'trunc_ln72_2' <Predicate = (trunc_ln67 == 1)> <Delay = 0.00>
ST_3 : Operation 123 [1/1] (0.00ns)   --->   "%trunc_ln72_3 = trunc i512 %AB_block_2_load_1" [../MLP_baseline/mm.cpp:72]   --->   Operation 123 'trunc' 'trunc_ln72_3' <Predicate = (trunc_ln67 == 2)> <Delay = 0.00>
ST_3 : Operation 124 [1/1] (0.00ns)   --->   "%trunc_ln72_4 = trunc i512 %AB_block_3_load_1" [../MLP_baseline/mm.cpp:72]   --->   Operation 124 'trunc' 'trunc_ln72_4' <Predicate = (trunc_ln67 == 3)> <Delay = 0.00>
ST_3 : Operation 125 [1/1] (0.00ns)   --->   "%trunc_ln72_5 = trunc i512 %AB_block_4_load_1" [../MLP_baseline/mm.cpp:72]   --->   Operation 125 'trunc' 'trunc_ln72_5' <Predicate = (trunc_ln67 == 4)> <Delay = 0.00>
ST_3 : Operation 126 [1/1] (0.00ns)   --->   "%trunc_ln72_6 = trunc i512 %AB_block_5_load_1" [../MLP_baseline/mm.cpp:72]   --->   Operation 126 'trunc' 'trunc_ln72_6' <Predicate = (trunc_ln67 == 5)> <Delay = 0.00>
ST_3 : Operation 127 [1/1] (0.00ns)   --->   "%trunc_ln72_7 = trunc i512 %AB_block_6_load_1" [../MLP_baseline/mm.cpp:72]   --->   Operation 127 'trunc' 'trunc_ln72_7' <Predicate = (trunc_ln67 == 6)> <Delay = 0.00>
ST_3 : Operation 128 [1/1] (0.00ns)   --->   "%trunc_ln72_8 = trunc i512 %AB_block_7_load_1" [../MLP_baseline/mm.cpp:72]   --->   Operation 128 'trunc' 'trunc_ln72_8' <Predicate = (trunc_ln67 == 7)> <Delay = 0.00>
ST_3 : Operation 129 [1/1] (0.00ns)   --->   "%trunc_ln72_9 = trunc i512 %AB_block_8_load_1" [../MLP_baseline/mm.cpp:72]   --->   Operation 129 'trunc' 'trunc_ln72_9' <Predicate = (trunc_ln67 == 8)> <Delay = 0.00>
ST_3 : Operation 130 [1/1] (0.00ns)   --->   "%trunc_ln72_10 = trunc i512 %AB_block_9_load_1" [../MLP_baseline/mm.cpp:72]   --->   Operation 130 'trunc' 'trunc_ln72_10' <Predicate = (trunc_ln67 == 9)> <Delay = 0.00>
ST_3 : Operation 131 [1/1] (0.00ns)   --->   "%trunc_ln72_11 = trunc i512 %AB_block_10_load_1" [../MLP_baseline/mm.cpp:72]   --->   Operation 131 'trunc' 'trunc_ln72_11' <Predicate = (trunc_ln67 == 10)> <Delay = 0.00>
ST_3 : Operation 132 [1/1] (0.00ns)   --->   "%trunc_ln72_12 = trunc i512 %AB_block_11_load_1" [../MLP_baseline/mm.cpp:72]   --->   Operation 132 'trunc' 'trunc_ln72_12' <Predicate = (trunc_ln67 == 11)> <Delay = 0.00>
ST_3 : Operation 133 [1/1] (0.00ns)   --->   "%trunc_ln72_13 = trunc i512 %AB_block_12_load_1" [../MLP_baseline/mm.cpp:72]   --->   Operation 133 'trunc' 'trunc_ln72_13' <Predicate = (trunc_ln67 == 12)> <Delay = 0.00>
ST_3 : Operation 134 [1/1] (0.00ns)   --->   "%trunc_ln72_14 = trunc i512 %AB_block_13_load_1" [../MLP_baseline/mm.cpp:72]   --->   Operation 134 'trunc' 'trunc_ln72_14' <Predicate = (trunc_ln67 == 13)> <Delay = 0.00>
ST_3 : Operation 135 [1/1] (0.00ns)   --->   "%trunc_ln72_15 = trunc i512 %AB_block_14_load_1" [../MLP_baseline/mm.cpp:72]   --->   Operation 135 'trunc' 'trunc_ln72_15' <Predicate = (trunc_ln67 == 14)> <Delay = 0.00>
ST_3 : Operation 136 [1/1] (0.00ns)   --->   "%trunc_ln72_256 = trunc i512 %AB_block_15_load_1" [../MLP_baseline/mm.cpp:72]   --->   Operation 136 'trunc' 'trunc_ln72_256' <Predicate = (trunc_ln67 == 15)> <Delay = 0.00>
ST_3 : Operation 137 [1/1] (2.06ns)   --->   "%tmp_s = sparsemux i32 @_ssdm_op_SparseMux.ap_auto.16i32.i32.i4, i4 0, i32 %trunc_ln72_1, i4 1, i32 %trunc_ln72_2, i4 2, i32 %trunc_ln72_3, i4 3, i32 %trunc_ln72_4, i4 4, i32 %trunc_ln72_5, i4 5, i32 %trunc_ln72_6, i4 6, i32 %trunc_ln72_7, i4 7, i32 %trunc_ln72_8, i4 8, i32 %trunc_ln72_9, i4 9, i32 %trunc_ln72_10, i4 10, i32 %trunc_ln72_11, i4 11, i32 %trunc_ln72_12, i4 12, i32 %trunc_ln72_13, i4 13, i32 %trunc_ln72_14, i4 14, i32 %trunc_ln72_15, i4 15, i32 %trunc_ln72_256, i32 0, i4 %trunc_ln67" [../MLP_baseline/mm.cpp:72]   --->   Operation 137 'sparsemux' 'tmp_s' <Predicate = true> <Delay = 2.06> <CoreInst = "BinarySparseMux_DontCare">   --->   Core 137 'BinarySparseMux_DontCare' <Latency = 0> <II = 1> <Delay = 2.06> <FuncUnit> <Opcode : 'sparsemux'> <InPorts = 2> <OutPorts = 1>
ST_3 : Operation 138 [1/1] (2.55ns)   --->   "%add_ln72 = add i32 %tmp_s, i32 %mul_ln72" [../MLP_baseline/mm.cpp:72]   --->   Operation 138 'add' 'add_ln72' <Predicate = true> <Delay = 2.55> <CoreInst = "Adder">   --->   Core 1 'Adder' <Latency = 0> <II = 1> <Delay = 2.55> <FuncUnit> <Opcode : 'add' 'sub'> <InPorts = 2> <OutPorts = 1>
ST_3 : Operation 139 [1/1] (0.00ns)   --->   "%trunc_ln72_s = partselect i32 @_ssdm_op_PartSelect.i32.i512.i32.i32, i512 %AB_block_load_1, i32 32, i32 63" [../MLP_baseline/mm.cpp:72]   --->   Operation 139 'partselect' 'trunc_ln72_s' <Predicate = (trunc_ln67 == 0)> <Delay = 0.00>
ST_3 : Operation 140 [1/1] (0.00ns)   --->   "%trunc_ln72_16 = partselect i32 @_ssdm_op_PartSelect.i32.i512.i32.i32, i512 %AB_block_1_load_1, i32 32, i32 63" [../MLP_baseline/mm.cpp:72]   --->   Operation 140 'partselect' 'trunc_ln72_16' <Predicate = (trunc_ln67 == 1)> <Delay = 0.00>
ST_3 : Operation 141 [1/1] (0.00ns)   --->   "%trunc_ln72_17 = partselect i32 @_ssdm_op_PartSelect.i32.i512.i32.i32, i512 %AB_block_2_load_1, i32 32, i32 63" [../MLP_baseline/mm.cpp:72]   --->   Operation 141 'partselect' 'trunc_ln72_17' <Predicate = (trunc_ln67 == 2)> <Delay = 0.00>
ST_3 : Operation 142 [1/1] (0.00ns)   --->   "%trunc_ln72_18 = partselect i32 @_ssdm_op_PartSelect.i32.i512.i32.i32, i512 %AB_block_3_load_1, i32 32, i32 63" [../MLP_baseline/mm.cpp:72]   --->   Operation 142 'partselect' 'trunc_ln72_18' <Predicate = (trunc_ln67 == 3)> <Delay = 0.00>
ST_3 : Operation 143 [1/1] (0.00ns)   --->   "%trunc_ln72_19 = partselect i32 @_ssdm_op_PartSelect.i32.i512.i32.i32, i512 %AB_block_4_load_1, i32 32, i32 63" [../MLP_baseline/mm.cpp:72]   --->   Operation 143 'partselect' 'trunc_ln72_19' <Predicate = (trunc_ln67 == 4)> <Delay = 0.00>
ST_3 : Operation 144 [1/1] (0.00ns)   --->   "%trunc_ln72_20 = partselect i32 @_ssdm_op_PartSelect.i32.i512.i32.i32, i512 %AB_block_5_load_1, i32 32, i32 63" [../MLP_baseline/mm.cpp:72]   --->   Operation 144 'partselect' 'trunc_ln72_20' <Predicate = (trunc_ln67 == 5)> <Delay = 0.00>
ST_3 : Operation 145 [1/1] (0.00ns)   --->   "%trunc_ln72_21 = partselect i32 @_ssdm_op_PartSelect.i32.i512.i32.i32, i512 %AB_block_6_load_1, i32 32, i32 63" [../MLP_baseline/mm.cpp:72]   --->   Operation 145 'partselect' 'trunc_ln72_21' <Predicate = (trunc_ln67 == 6)> <Delay = 0.00>
ST_3 : Operation 146 [1/1] (0.00ns)   --->   "%trunc_ln72_22 = partselect i32 @_ssdm_op_PartSelect.i32.i512.i32.i32, i512 %AB_block_7_load_1, i32 32, i32 63" [../MLP_baseline/mm.cpp:72]   --->   Operation 146 'partselect' 'trunc_ln72_22' <Predicate = (trunc_ln67 == 7)> <Delay = 0.00>
ST_3 : Operation 147 [1/1] (0.00ns)   --->   "%trunc_ln72_23 = partselect i32 @_ssdm_op_PartSelect.i32.i512.i32.i32, i512 %AB_block_8_load_1, i32 32, i32 63" [../MLP_baseline/mm.cpp:72]   --->   Operation 147 'partselect' 'trunc_ln72_23' <Predicate = (trunc_ln67 == 8)> <Delay = 0.00>
ST_3 : Operation 148 [1/1] (0.00ns)   --->   "%trunc_ln72_24 = partselect i32 @_ssdm_op_PartSelect.i32.i512.i32.i32, i512 %AB_block_9_load_1, i32 32, i32 63" [../MLP_baseline/mm.cpp:72]   --->   Operation 148 'partselect' 'trunc_ln72_24' <Predicate = (trunc_ln67 == 9)> <Delay = 0.00>
ST_3 : Operation 149 [1/1] (0.00ns)   --->   "%trunc_ln72_25 = partselect i32 @_ssdm_op_PartSelect.i32.i512.i32.i32, i512 %AB_block_10_load_1, i32 32, i32 63" [../MLP_baseline/mm.cpp:72]   --->   Operation 149 'partselect' 'trunc_ln72_25' <Predicate = (trunc_ln67 == 10)> <Delay = 0.00>
ST_3 : Operation 150 [1/1] (0.00ns)   --->   "%trunc_ln72_26 = partselect i32 @_ssdm_op_PartSelect.i32.i512.i32.i32, i512 %AB_block_11_load_1, i32 32, i32 63" [../MLP_baseline/mm.cpp:72]   --->   Operation 150 'partselect' 'trunc_ln72_26' <Predicate = (trunc_ln67 == 11)> <Delay = 0.00>
ST_3 : Operation 151 [1/1] (0.00ns)   --->   "%trunc_ln72_27 = partselect i32 @_ssdm_op_PartSelect.i32.i512.i32.i32, i512 %AB_block_12_load_1, i32 32, i32 63" [../MLP_baseline/mm.cpp:72]   --->   Operation 151 'partselect' 'trunc_ln72_27' <Predicate = (trunc_ln67 == 12)> <Delay = 0.00>
ST_3 : Operation 152 [1/1] (0.00ns)   --->   "%trunc_ln72_28 = partselect i32 @_ssdm_op_PartSelect.i32.i512.i32.i32, i512 %AB_block_13_load_1, i32 32, i32 63" [../MLP_baseline/mm.cpp:72]   --->   Operation 152 'partselect' 'trunc_ln72_28' <Predicate = (trunc_ln67 == 13)> <Delay = 0.00>
ST_3 : Operation 153 [1/1] (0.00ns)   --->   "%trunc_ln72_29 = partselect i32 @_ssdm_op_PartSelect.i32.i512.i32.i32, i512 %AB_block_14_load_1, i32 32, i32 63" [../MLP_baseline/mm.cpp:72]   --->   Operation 153 'partselect' 'trunc_ln72_29' <Predicate = (trunc_ln67 == 14)> <Delay = 0.00>
ST_3 : Operation 154 [1/1] (0.00ns)   --->   "%trunc_ln72_30 = partselect i32 @_ssdm_op_PartSelect.i32.i512.i32.i32, i512 %AB_block_15_load_1, i32 32, i32 63" [../MLP_baseline/mm.cpp:72]   --->   Operation 154 'partselect' 'trunc_ln72_30' <Predicate = (trunc_ln67 == 15)> <Delay = 0.00>
ST_3 : Operation 155 [1/1] (2.06ns)   --->   "%tmp_1 = sparsemux i32 @_ssdm_op_SparseMux.ap_auto.16i32.i32.i4, i4 0, i32 %trunc_ln72_s, i4 1, i32 %trunc_ln72_16, i4 2, i32 %trunc_ln72_17, i4 3, i32 %trunc_ln72_18, i4 4, i32 %trunc_ln72_19, i4 5, i32 %trunc_ln72_20, i4 6, i32 %trunc_ln72_21, i4 7, i32 %trunc_ln72_22, i4 8, i32 %trunc_ln72_23, i4 9, i32 %trunc_ln72_24, i4 10, i32 %trunc_ln72_25, i4 11, i32 %trunc_ln72_26, i4 12, i32 %trunc_ln72_27, i4 13, i32 %trunc_ln72_28, i4 14, i32 %trunc_ln72_29, i4 15, i32 %trunc_ln72_30, i32 0, i4 %trunc_ln67" [../MLP_baseline/mm.cpp:72]   --->   Operation 155 'sparsemux' 'tmp_1' <Predicate = true> <Delay = 2.06> <CoreInst = "BinarySparseMux_DontCare">   --->   Core 137 'BinarySparseMux_DontCare' <Latency = 0> <II = 1> <Delay = 2.06> <FuncUnit> <Opcode : 'sparsemux'> <InPorts = 2> <OutPorts = 1>
ST_3 : Operation 156 [1/1] (2.55ns)   --->   "%add_ln72_1 = add i32 %tmp_1, i32 %mul_ln72_1" [../MLP_baseline/mm.cpp:72]   --->   Operation 156 'add' 'add_ln72_1' <Predicate = true> <Delay = 2.55> <CoreInst = "Adder">   --->   Core 1 'Adder' <Latency = 0> <II = 1> <Delay = 2.55> <FuncUnit> <Opcode : 'add' 'sub'> <InPorts = 2> <OutPorts = 1>
ST_3 : Operation 157 [1/1] (0.00ns)   --->   "%trunc_ln72_31 = partselect i32 @_ssdm_op_PartSelect.i32.i512.i32.i32, i512 %AB_block_load_1, i32 64, i32 95" [../MLP_baseline/mm.cpp:72]   --->   Operation 157 'partselect' 'trunc_ln72_31' <Predicate = (trunc_ln67 == 0)> <Delay = 0.00>
ST_3 : Operation 158 [1/1] (0.00ns)   --->   "%trunc_ln72_32 = partselect i32 @_ssdm_op_PartSelect.i32.i512.i32.i32, i512 %AB_block_1_load_1, i32 64, i32 95" [../MLP_baseline/mm.cpp:72]   --->   Operation 158 'partselect' 'trunc_ln72_32' <Predicate = (trunc_ln67 == 1)> <Delay = 0.00>
ST_3 : Operation 159 [1/1] (0.00ns)   --->   "%trunc_ln72_33 = partselect i32 @_ssdm_op_PartSelect.i32.i512.i32.i32, i512 %AB_block_2_load_1, i32 64, i32 95" [../MLP_baseline/mm.cpp:72]   --->   Operation 159 'partselect' 'trunc_ln72_33' <Predicate = (trunc_ln67 == 2)> <Delay = 0.00>
ST_3 : Operation 160 [1/1] (0.00ns)   --->   "%trunc_ln72_34 = partselect i32 @_ssdm_op_PartSelect.i32.i512.i32.i32, i512 %AB_block_3_load_1, i32 64, i32 95" [../MLP_baseline/mm.cpp:72]   --->   Operation 160 'partselect' 'trunc_ln72_34' <Predicate = (trunc_ln67 == 3)> <Delay = 0.00>
ST_3 : Operation 161 [1/1] (0.00ns)   --->   "%trunc_ln72_35 = partselect i32 @_ssdm_op_PartSelect.i32.i512.i32.i32, i512 %AB_block_4_load_1, i32 64, i32 95" [../MLP_baseline/mm.cpp:72]   --->   Operation 161 'partselect' 'trunc_ln72_35' <Predicate = (trunc_ln67 == 4)> <Delay = 0.00>
ST_3 : Operation 162 [1/1] (0.00ns)   --->   "%trunc_ln72_36 = partselect i32 @_ssdm_op_PartSelect.i32.i512.i32.i32, i512 %AB_block_5_load_1, i32 64, i32 95" [../MLP_baseline/mm.cpp:72]   --->   Operation 162 'partselect' 'trunc_ln72_36' <Predicate = (trunc_ln67 == 5)> <Delay = 0.00>
ST_3 : Operation 163 [1/1] (0.00ns)   --->   "%trunc_ln72_37 = partselect i32 @_ssdm_op_PartSelect.i32.i512.i32.i32, i512 %AB_block_6_load_1, i32 64, i32 95" [../MLP_baseline/mm.cpp:72]   --->   Operation 163 'partselect' 'trunc_ln72_37' <Predicate = (trunc_ln67 == 6)> <Delay = 0.00>
ST_3 : Operation 164 [1/1] (0.00ns)   --->   "%trunc_ln72_38 = partselect i32 @_ssdm_op_PartSelect.i32.i512.i32.i32, i512 %AB_block_7_load_1, i32 64, i32 95" [../MLP_baseline/mm.cpp:72]   --->   Operation 164 'partselect' 'trunc_ln72_38' <Predicate = (trunc_ln67 == 7)> <Delay = 0.00>
ST_3 : Operation 165 [1/1] (0.00ns)   --->   "%trunc_ln72_39 = partselect i32 @_ssdm_op_PartSelect.i32.i512.i32.i32, i512 %AB_block_8_load_1, i32 64, i32 95" [../MLP_baseline/mm.cpp:72]   --->   Operation 165 'partselect' 'trunc_ln72_39' <Predicate = (trunc_ln67 == 8)> <Delay = 0.00>
ST_3 : Operation 166 [1/1] (0.00ns)   --->   "%trunc_ln72_40 = partselect i32 @_ssdm_op_PartSelect.i32.i512.i32.i32, i512 %AB_block_9_load_1, i32 64, i32 95" [../MLP_baseline/mm.cpp:72]   --->   Operation 166 'partselect' 'trunc_ln72_40' <Predicate = (trunc_ln67 == 9)> <Delay = 0.00>
ST_3 : Operation 167 [1/1] (0.00ns)   --->   "%trunc_ln72_41 = partselect i32 @_ssdm_op_PartSelect.i32.i512.i32.i32, i512 %AB_block_10_load_1, i32 64, i32 95" [../MLP_baseline/mm.cpp:72]   --->   Operation 167 'partselect' 'trunc_ln72_41' <Predicate = (trunc_ln67 == 10)> <Delay = 0.00>
ST_3 : Operation 168 [1/1] (0.00ns)   --->   "%trunc_ln72_42 = partselect i32 @_ssdm_op_PartSelect.i32.i512.i32.i32, i512 %AB_block_11_load_1, i32 64, i32 95" [../MLP_baseline/mm.cpp:72]   --->   Operation 168 'partselect' 'trunc_ln72_42' <Predicate = (trunc_ln67 == 11)> <Delay = 0.00>
ST_3 : Operation 169 [1/1] (0.00ns)   --->   "%trunc_ln72_43 = partselect i32 @_ssdm_op_PartSelect.i32.i512.i32.i32, i512 %AB_block_12_load_1, i32 64, i32 95" [../MLP_baseline/mm.cpp:72]   --->   Operation 169 'partselect' 'trunc_ln72_43' <Predicate = (trunc_ln67 == 12)> <Delay = 0.00>
ST_3 : Operation 170 [1/1] (0.00ns)   --->   "%trunc_ln72_44 = partselect i32 @_ssdm_op_PartSelect.i32.i512.i32.i32, i512 %AB_block_13_load_1, i32 64, i32 95" [../MLP_baseline/mm.cpp:72]   --->   Operation 170 'partselect' 'trunc_ln72_44' <Predicate = (trunc_ln67 == 13)> <Delay = 0.00>
ST_3 : Operation 171 [1/1] (0.00ns)   --->   "%trunc_ln72_45 = partselect i32 @_ssdm_op_PartSelect.i32.i512.i32.i32, i512 %AB_block_14_load_1, i32 64, i32 95" [../MLP_baseline/mm.cpp:72]   --->   Operation 171 'partselect' 'trunc_ln72_45' <Predicate = (trunc_ln67 == 14)> <Delay = 0.00>
ST_3 : Operation 172 [1/1] (0.00ns)   --->   "%trunc_ln72_46 = partselect i32 @_ssdm_op_PartSelect.i32.i512.i32.i32, i512 %AB_block_15_load_1, i32 64, i32 95" [../MLP_baseline/mm.cpp:72]   --->   Operation 172 'partselect' 'trunc_ln72_46' <Predicate = (trunc_ln67 == 15)> <Delay = 0.00>
ST_3 : Operation 173 [1/1] (2.06ns)   --->   "%tmp_2 = sparsemux i32 @_ssdm_op_SparseMux.ap_auto.16i32.i32.i4, i4 0, i32 %trunc_ln72_31, i4 1, i32 %trunc_ln72_32, i4 2, i32 %trunc_ln72_33, i4 3, i32 %trunc_ln72_34, i4 4, i32 %trunc_ln72_35, i4 5, i32 %trunc_ln72_36, i4 6, i32 %trunc_ln72_37, i4 7, i32 %trunc_ln72_38, i4 8, i32 %trunc_ln72_39, i4 9, i32 %trunc_ln72_40, i4 10, i32 %trunc_ln72_41, i4 11, i32 %trunc_ln72_42, i4 12, i32 %trunc_ln72_43, i4 13, i32 %trunc_ln72_44, i4 14, i32 %trunc_ln72_45, i4 15, i32 %trunc_ln72_46, i32 0, i4 %trunc_ln67" [../MLP_baseline/mm.cpp:72]   --->   Operation 173 'sparsemux' 'tmp_2' <Predicate = true> <Delay = 2.06> <CoreInst = "BinarySparseMux_DontCare">   --->   Core 137 'BinarySparseMux_DontCare' <Latency = 0> <II = 1> <Delay = 2.06> <FuncUnit> <Opcode : 'sparsemux'> <InPorts = 2> <OutPorts = 1>
ST_3 : Operation 174 [1/1] (2.55ns)   --->   "%add_ln72_2 = add i32 %tmp_2, i32 %mul_ln72_2" [../MLP_baseline/mm.cpp:72]   --->   Operation 174 'add' 'add_ln72_2' <Predicate = true> <Delay = 2.55> <CoreInst = "Adder">   --->   Core 1 'Adder' <Latency = 0> <II = 1> <Delay = 2.55> <FuncUnit> <Opcode : 'add' 'sub'> <InPorts = 2> <OutPorts = 1>
ST_3 : Operation 175 [1/1] (0.00ns)   --->   "%trunc_ln72_47 = partselect i32 @_ssdm_op_PartSelect.i32.i512.i32.i32, i512 %AB_block_load_1, i32 96, i32 127" [../MLP_baseline/mm.cpp:72]   --->   Operation 175 'partselect' 'trunc_ln72_47' <Predicate = (trunc_ln67 == 0)> <Delay = 0.00>
ST_3 : Operation 176 [1/1] (0.00ns)   --->   "%trunc_ln72_48 = partselect i32 @_ssdm_op_PartSelect.i32.i512.i32.i32, i512 %AB_block_1_load_1, i32 96, i32 127" [../MLP_baseline/mm.cpp:72]   --->   Operation 176 'partselect' 'trunc_ln72_48' <Predicate = (trunc_ln67 == 1)> <Delay = 0.00>
ST_3 : Operation 177 [1/1] (0.00ns)   --->   "%trunc_ln72_49 = partselect i32 @_ssdm_op_PartSelect.i32.i512.i32.i32, i512 %AB_block_2_load_1, i32 96, i32 127" [../MLP_baseline/mm.cpp:72]   --->   Operation 177 'partselect' 'trunc_ln72_49' <Predicate = (trunc_ln67 == 2)> <Delay = 0.00>
ST_3 : Operation 178 [1/1] (0.00ns)   --->   "%trunc_ln72_50 = partselect i32 @_ssdm_op_PartSelect.i32.i512.i32.i32, i512 %AB_block_3_load_1, i32 96, i32 127" [../MLP_baseline/mm.cpp:72]   --->   Operation 178 'partselect' 'trunc_ln72_50' <Predicate = (trunc_ln67 == 3)> <Delay = 0.00>
ST_3 : Operation 179 [1/1] (0.00ns)   --->   "%trunc_ln72_51 = partselect i32 @_ssdm_op_PartSelect.i32.i512.i32.i32, i512 %AB_block_4_load_1, i32 96, i32 127" [../MLP_baseline/mm.cpp:72]   --->   Operation 179 'partselect' 'trunc_ln72_51' <Predicate = (trunc_ln67 == 4)> <Delay = 0.00>
ST_3 : Operation 180 [1/1] (0.00ns)   --->   "%trunc_ln72_52 = partselect i32 @_ssdm_op_PartSelect.i32.i512.i32.i32, i512 %AB_block_5_load_1, i32 96, i32 127" [../MLP_baseline/mm.cpp:72]   --->   Operation 180 'partselect' 'trunc_ln72_52' <Predicate = (trunc_ln67 == 5)> <Delay = 0.00>
ST_3 : Operation 181 [1/1] (0.00ns)   --->   "%trunc_ln72_53 = partselect i32 @_ssdm_op_PartSelect.i32.i512.i32.i32, i512 %AB_block_6_load_1, i32 96, i32 127" [../MLP_baseline/mm.cpp:72]   --->   Operation 181 'partselect' 'trunc_ln72_53' <Predicate = (trunc_ln67 == 6)> <Delay = 0.00>
ST_3 : Operation 182 [1/1] (0.00ns)   --->   "%trunc_ln72_54 = partselect i32 @_ssdm_op_PartSelect.i32.i512.i32.i32, i512 %AB_block_7_load_1, i32 96, i32 127" [../MLP_baseline/mm.cpp:72]   --->   Operation 182 'partselect' 'trunc_ln72_54' <Predicate = (trunc_ln67 == 7)> <Delay = 0.00>
ST_3 : Operation 183 [1/1] (0.00ns)   --->   "%trunc_ln72_55 = partselect i32 @_ssdm_op_PartSelect.i32.i512.i32.i32, i512 %AB_block_8_load_1, i32 96, i32 127" [../MLP_baseline/mm.cpp:72]   --->   Operation 183 'partselect' 'trunc_ln72_55' <Predicate = (trunc_ln67 == 8)> <Delay = 0.00>
ST_3 : Operation 184 [1/1] (0.00ns)   --->   "%trunc_ln72_56 = partselect i32 @_ssdm_op_PartSelect.i32.i512.i32.i32, i512 %AB_block_9_load_1, i32 96, i32 127" [../MLP_baseline/mm.cpp:72]   --->   Operation 184 'partselect' 'trunc_ln72_56' <Predicate = (trunc_ln67 == 9)> <Delay = 0.00>
ST_3 : Operation 185 [1/1] (0.00ns)   --->   "%trunc_ln72_57 = partselect i32 @_ssdm_op_PartSelect.i32.i512.i32.i32, i512 %AB_block_10_load_1, i32 96, i32 127" [../MLP_baseline/mm.cpp:72]   --->   Operation 185 'partselect' 'trunc_ln72_57' <Predicate = (trunc_ln67 == 10)> <Delay = 0.00>
ST_3 : Operation 186 [1/1] (0.00ns)   --->   "%trunc_ln72_58 = partselect i32 @_ssdm_op_PartSelect.i32.i512.i32.i32, i512 %AB_block_11_load_1, i32 96, i32 127" [../MLP_baseline/mm.cpp:72]   --->   Operation 186 'partselect' 'trunc_ln72_58' <Predicate = (trunc_ln67 == 11)> <Delay = 0.00>
ST_3 : Operation 187 [1/1] (0.00ns)   --->   "%trunc_ln72_59 = partselect i32 @_ssdm_op_PartSelect.i32.i512.i32.i32, i512 %AB_block_12_load_1, i32 96, i32 127" [../MLP_baseline/mm.cpp:72]   --->   Operation 187 'partselect' 'trunc_ln72_59' <Predicate = (trunc_ln67 == 12)> <Delay = 0.00>
ST_3 : Operation 188 [1/1] (0.00ns)   --->   "%trunc_ln72_60 = partselect i32 @_ssdm_op_PartSelect.i32.i512.i32.i32, i512 %AB_block_13_load_1, i32 96, i32 127" [../MLP_baseline/mm.cpp:72]   --->   Operation 188 'partselect' 'trunc_ln72_60' <Predicate = (trunc_ln67 == 13)> <Delay = 0.00>
ST_3 : Operation 189 [1/1] (0.00ns)   --->   "%trunc_ln72_61 = partselect i32 @_ssdm_op_PartSelect.i32.i512.i32.i32, i512 %AB_block_14_load_1, i32 96, i32 127" [../MLP_baseline/mm.cpp:72]   --->   Operation 189 'partselect' 'trunc_ln72_61' <Predicate = (trunc_ln67 == 14)> <Delay = 0.00>
ST_3 : Operation 190 [1/1] (0.00ns)   --->   "%trunc_ln72_62 = partselect i32 @_ssdm_op_PartSelect.i32.i512.i32.i32, i512 %AB_block_15_load_1, i32 96, i32 127" [../MLP_baseline/mm.cpp:72]   --->   Operation 190 'partselect' 'trunc_ln72_62' <Predicate = (trunc_ln67 == 15)> <Delay = 0.00>
ST_3 : Operation 191 [1/1] (2.06ns)   --->   "%tmp_3 = sparsemux i32 @_ssdm_op_SparseMux.ap_auto.16i32.i32.i4, i4 0, i32 %trunc_ln72_47, i4 1, i32 %trunc_ln72_48, i4 2, i32 %trunc_ln72_49, i4 3, i32 %trunc_ln72_50, i4 4, i32 %trunc_ln72_51, i4 5, i32 %trunc_ln72_52, i4 6, i32 %trunc_ln72_53, i4 7, i32 %trunc_ln72_54, i4 8, i32 %trunc_ln72_55, i4 9, i32 %trunc_ln72_56, i4 10, i32 %trunc_ln72_57, i4 11, i32 %trunc_ln72_58, i4 12, i32 %trunc_ln72_59, i4 13, i32 %trunc_ln72_60, i4 14, i32 %trunc_ln72_61, i4 15, i32 %trunc_ln72_62, i32 0, i4 %trunc_ln67" [../MLP_baseline/mm.cpp:72]   --->   Operation 191 'sparsemux' 'tmp_3' <Predicate = true> <Delay = 2.06> <CoreInst = "BinarySparseMux_DontCare">   --->   Core 137 'BinarySparseMux_DontCare' <Latency = 0> <II = 1> <Delay = 2.06> <FuncUnit> <Opcode : 'sparsemux'> <InPorts = 2> <OutPorts = 1>
ST_3 : Operation 192 [1/1] (2.55ns)   --->   "%add_ln72_3 = add i32 %tmp_3, i32 %mul_ln72_3" [../MLP_baseline/mm.cpp:72]   --->   Operation 192 'add' 'add_ln72_3' <Predicate = true> <Delay = 2.55> <CoreInst = "Adder">   --->   Core 1 'Adder' <Latency = 0> <II = 1> <Delay = 2.55> <FuncUnit> <Opcode : 'add' 'sub'> <InPorts = 2> <OutPorts = 1>
ST_3 : Operation 193 [1/1] (0.00ns)   --->   "%trunc_ln72_63 = partselect i32 @_ssdm_op_PartSelect.i32.i512.i32.i32, i512 %AB_block_load_1, i32 128, i32 159" [../MLP_baseline/mm.cpp:72]   --->   Operation 193 'partselect' 'trunc_ln72_63' <Predicate = (trunc_ln67 == 0)> <Delay = 0.00>
ST_3 : Operation 194 [1/1] (0.00ns)   --->   "%trunc_ln72_64 = partselect i32 @_ssdm_op_PartSelect.i32.i512.i32.i32, i512 %AB_block_1_load_1, i32 128, i32 159" [../MLP_baseline/mm.cpp:72]   --->   Operation 194 'partselect' 'trunc_ln72_64' <Predicate = (trunc_ln67 == 1)> <Delay = 0.00>
ST_3 : Operation 195 [1/1] (0.00ns)   --->   "%trunc_ln72_65 = partselect i32 @_ssdm_op_PartSelect.i32.i512.i32.i32, i512 %AB_block_2_load_1, i32 128, i32 159" [../MLP_baseline/mm.cpp:72]   --->   Operation 195 'partselect' 'trunc_ln72_65' <Predicate = (trunc_ln67 == 2)> <Delay = 0.00>
ST_3 : Operation 196 [1/1] (0.00ns)   --->   "%trunc_ln72_66 = partselect i32 @_ssdm_op_PartSelect.i32.i512.i32.i32, i512 %AB_block_3_load_1, i32 128, i32 159" [../MLP_baseline/mm.cpp:72]   --->   Operation 196 'partselect' 'trunc_ln72_66' <Predicate = (trunc_ln67 == 3)> <Delay = 0.00>
ST_3 : Operation 197 [1/1] (0.00ns)   --->   "%trunc_ln72_67 = partselect i32 @_ssdm_op_PartSelect.i32.i512.i32.i32, i512 %AB_block_4_load_1, i32 128, i32 159" [../MLP_baseline/mm.cpp:72]   --->   Operation 197 'partselect' 'trunc_ln72_67' <Predicate = (trunc_ln67 == 4)> <Delay = 0.00>
ST_3 : Operation 198 [1/1] (0.00ns)   --->   "%trunc_ln72_68 = partselect i32 @_ssdm_op_PartSelect.i32.i512.i32.i32, i512 %AB_block_5_load_1, i32 128, i32 159" [../MLP_baseline/mm.cpp:72]   --->   Operation 198 'partselect' 'trunc_ln72_68' <Predicate = (trunc_ln67 == 5)> <Delay = 0.00>
ST_3 : Operation 199 [1/1] (0.00ns)   --->   "%trunc_ln72_69 = partselect i32 @_ssdm_op_PartSelect.i32.i512.i32.i32, i512 %AB_block_6_load_1, i32 128, i32 159" [../MLP_baseline/mm.cpp:72]   --->   Operation 199 'partselect' 'trunc_ln72_69' <Predicate = (trunc_ln67 == 6)> <Delay = 0.00>
ST_3 : Operation 200 [1/1] (0.00ns)   --->   "%trunc_ln72_70 = partselect i32 @_ssdm_op_PartSelect.i32.i512.i32.i32, i512 %AB_block_7_load_1, i32 128, i32 159" [../MLP_baseline/mm.cpp:72]   --->   Operation 200 'partselect' 'trunc_ln72_70' <Predicate = (trunc_ln67 == 7)> <Delay = 0.00>
ST_3 : Operation 201 [1/1] (0.00ns)   --->   "%trunc_ln72_71 = partselect i32 @_ssdm_op_PartSelect.i32.i512.i32.i32, i512 %AB_block_8_load_1, i32 128, i32 159" [../MLP_baseline/mm.cpp:72]   --->   Operation 201 'partselect' 'trunc_ln72_71' <Predicate = (trunc_ln67 == 8)> <Delay = 0.00>
ST_3 : Operation 202 [1/1] (0.00ns)   --->   "%trunc_ln72_72 = partselect i32 @_ssdm_op_PartSelect.i32.i512.i32.i32, i512 %AB_block_9_load_1, i32 128, i32 159" [../MLP_baseline/mm.cpp:72]   --->   Operation 202 'partselect' 'trunc_ln72_72' <Predicate = (trunc_ln67 == 9)> <Delay = 0.00>
ST_3 : Operation 203 [1/1] (0.00ns)   --->   "%trunc_ln72_73 = partselect i32 @_ssdm_op_PartSelect.i32.i512.i32.i32, i512 %AB_block_10_load_1, i32 128, i32 159" [../MLP_baseline/mm.cpp:72]   --->   Operation 203 'partselect' 'trunc_ln72_73' <Predicate = (trunc_ln67 == 10)> <Delay = 0.00>
ST_3 : Operation 204 [1/1] (0.00ns)   --->   "%trunc_ln72_74 = partselect i32 @_ssdm_op_PartSelect.i32.i512.i32.i32, i512 %AB_block_11_load_1, i32 128, i32 159" [../MLP_baseline/mm.cpp:72]   --->   Operation 204 'partselect' 'trunc_ln72_74' <Predicate = (trunc_ln67 == 11)> <Delay = 0.00>
ST_3 : Operation 205 [1/1] (0.00ns)   --->   "%trunc_ln72_75 = partselect i32 @_ssdm_op_PartSelect.i32.i512.i32.i32, i512 %AB_block_12_load_1, i32 128, i32 159" [../MLP_baseline/mm.cpp:72]   --->   Operation 205 'partselect' 'trunc_ln72_75' <Predicate = (trunc_ln67 == 12)> <Delay = 0.00>
ST_3 : Operation 206 [1/1] (0.00ns)   --->   "%trunc_ln72_76 = partselect i32 @_ssdm_op_PartSelect.i32.i512.i32.i32, i512 %AB_block_13_load_1, i32 128, i32 159" [../MLP_baseline/mm.cpp:72]   --->   Operation 206 'partselect' 'trunc_ln72_76' <Predicate = (trunc_ln67 == 13)> <Delay = 0.00>
ST_3 : Operation 207 [1/1] (0.00ns)   --->   "%trunc_ln72_77 = partselect i32 @_ssdm_op_PartSelect.i32.i512.i32.i32, i512 %AB_block_14_load_1, i32 128, i32 159" [../MLP_baseline/mm.cpp:72]   --->   Operation 207 'partselect' 'trunc_ln72_77' <Predicate = (trunc_ln67 == 14)> <Delay = 0.00>
ST_3 : Operation 208 [1/1] (0.00ns)   --->   "%trunc_ln72_78 = partselect i32 @_ssdm_op_PartSelect.i32.i512.i32.i32, i512 %AB_block_15_load_1, i32 128, i32 159" [../MLP_baseline/mm.cpp:72]   --->   Operation 208 'partselect' 'trunc_ln72_78' <Predicate = (trunc_ln67 == 15)> <Delay = 0.00>
ST_3 : Operation 209 [1/1] (2.06ns)   --->   "%tmp_4 = sparsemux i32 @_ssdm_op_SparseMux.ap_auto.16i32.i32.i4, i4 0, i32 %trunc_ln72_63, i4 1, i32 %trunc_ln72_64, i4 2, i32 %trunc_ln72_65, i4 3, i32 %trunc_ln72_66, i4 4, i32 %trunc_ln72_67, i4 5, i32 %trunc_ln72_68, i4 6, i32 %trunc_ln72_69, i4 7, i32 %trunc_ln72_70, i4 8, i32 %trunc_ln72_71, i4 9, i32 %trunc_ln72_72, i4 10, i32 %trunc_ln72_73, i4 11, i32 %trunc_ln72_74, i4 12, i32 %trunc_ln72_75, i4 13, i32 %trunc_ln72_76, i4 14, i32 %trunc_ln72_77, i4 15, i32 %trunc_ln72_78, i32 0, i4 %trunc_ln67" [../MLP_baseline/mm.cpp:72]   --->   Operation 209 'sparsemux' 'tmp_4' <Predicate = true> <Delay = 2.06> <CoreInst = "BinarySparseMux_DontCare">   --->   Core 137 'BinarySparseMux_DontCare' <Latency = 0> <II = 1> <Delay = 2.06> <FuncUnit> <Opcode : 'sparsemux'> <InPorts = 2> <OutPorts = 1>
ST_3 : Operation 210 [1/1] (2.55ns)   --->   "%add_ln72_4 = add i32 %tmp_4, i32 %mul_ln72_4" [../MLP_baseline/mm.cpp:72]   --->   Operation 210 'add' 'add_ln72_4' <Predicate = true> <Delay = 2.55> <CoreInst = "Adder">   --->   Core 1 'Adder' <Latency = 0> <II = 1> <Delay = 2.55> <FuncUnit> <Opcode : 'add' 'sub'> <InPorts = 2> <OutPorts = 1>
ST_3 : Operation 211 [1/1] (0.00ns)   --->   "%trunc_ln72_79 = partselect i32 @_ssdm_op_PartSelect.i32.i512.i32.i32, i512 %AB_block_load_1, i32 160, i32 191" [../MLP_baseline/mm.cpp:72]   --->   Operation 211 'partselect' 'trunc_ln72_79' <Predicate = (trunc_ln67 == 0)> <Delay = 0.00>
ST_3 : Operation 212 [1/1] (0.00ns)   --->   "%trunc_ln72_80 = partselect i32 @_ssdm_op_PartSelect.i32.i512.i32.i32, i512 %AB_block_1_load_1, i32 160, i32 191" [../MLP_baseline/mm.cpp:72]   --->   Operation 212 'partselect' 'trunc_ln72_80' <Predicate = (trunc_ln67 == 1)> <Delay = 0.00>
ST_3 : Operation 213 [1/1] (0.00ns)   --->   "%trunc_ln72_81 = partselect i32 @_ssdm_op_PartSelect.i32.i512.i32.i32, i512 %AB_block_2_load_1, i32 160, i32 191" [../MLP_baseline/mm.cpp:72]   --->   Operation 213 'partselect' 'trunc_ln72_81' <Predicate = (trunc_ln67 == 2)> <Delay = 0.00>
ST_3 : Operation 214 [1/1] (0.00ns)   --->   "%trunc_ln72_82 = partselect i32 @_ssdm_op_PartSelect.i32.i512.i32.i32, i512 %AB_block_3_load_1, i32 160, i32 191" [../MLP_baseline/mm.cpp:72]   --->   Operation 214 'partselect' 'trunc_ln72_82' <Predicate = (trunc_ln67 == 3)> <Delay = 0.00>
ST_3 : Operation 215 [1/1] (0.00ns)   --->   "%trunc_ln72_83 = partselect i32 @_ssdm_op_PartSelect.i32.i512.i32.i32, i512 %AB_block_4_load_1, i32 160, i32 191" [../MLP_baseline/mm.cpp:72]   --->   Operation 215 'partselect' 'trunc_ln72_83' <Predicate = (trunc_ln67 == 4)> <Delay = 0.00>
ST_3 : Operation 216 [1/1] (0.00ns)   --->   "%trunc_ln72_84 = partselect i32 @_ssdm_op_PartSelect.i32.i512.i32.i32, i512 %AB_block_5_load_1, i32 160, i32 191" [../MLP_baseline/mm.cpp:72]   --->   Operation 216 'partselect' 'trunc_ln72_84' <Predicate = (trunc_ln67 == 5)> <Delay = 0.00>
ST_3 : Operation 217 [1/1] (0.00ns)   --->   "%trunc_ln72_85 = partselect i32 @_ssdm_op_PartSelect.i32.i512.i32.i32, i512 %AB_block_6_load_1, i32 160, i32 191" [../MLP_baseline/mm.cpp:72]   --->   Operation 217 'partselect' 'trunc_ln72_85' <Predicate = (trunc_ln67 == 6)> <Delay = 0.00>
ST_3 : Operation 218 [1/1] (0.00ns)   --->   "%trunc_ln72_86 = partselect i32 @_ssdm_op_PartSelect.i32.i512.i32.i32, i512 %AB_block_7_load_1, i32 160, i32 191" [../MLP_baseline/mm.cpp:72]   --->   Operation 218 'partselect' 'trunc_ln72_86' <Predicate = (trunc_ln67 == 7)> <Delay = 0.00>
ST_3 : Operation 219 [1/1] (0.00ns)   --->   "%trunc_ln72_87 = partselect i32 @_ssdm_op_PartSelect.i32.i512.i32.i32, i512 %AB_block_8_load_1, i32 160, i32 191" [../MLP_baseline/mm.cpp:72]   --->   Operation 219 'partselect' 'trunc_ln72_87' <Predicate = (trunc_ln67 == 8)> <Delay = 0.00>
ST_3 : Operation 220 [1/1] (0.00ns)   --->   "%trunc_ln72_88 = partselect i32 @_ssdm_op_PartSelect.i32.i512.i32.i32, i512 %AB_block_9_load_1, i32 160, i32 191" [../MLP_baseline/mm.cpp:72]   --->   Operation 220 'partselect' 'trunc_ln72_88' <Predicate = (trunc_ln67 == 9)> <Delay = 0.00>
ST_3 : Operation 221 [1/1] (0.00ns)   --->   "%trunc_ln72_89 = partselect i32 @_ssdm_op_PartSelect.i32.i512.i32.i32, i512 %AB_block_10_load_1, i32 160, i32 191" [../MLP_baseline/mm.cpp:72]   --->   Operation 221 'partselect' 'trunc_ln72_89' <Predicate = (trunc_ln67 == 10)> <Delay = 0.00>
ST_3 : Operation 222 [1/1] (0.00ns)   --->   "%trunc_ln72_90 = partselect i32 @_ssdm_op_PartSelect.i32.i512.i32.i32, i512 %AB_block_11_load_1, i32 160, i32 191" [../MLP_baseline/mm.cpp:72]   --->   Operation 222 'partselect' 'trunc_ln72_90' <Predicate = (trunc_ln67 == 11)> <Delay = 0.00>
ST_3 : Operation 223 [1/1] (0.00ns)   --->   "%trunc_ln72_91 = partselect i32 @_ssdm_op_PartSelect.i32.i512.i32.i32, i512 %AB_block_12_load_1, i32 160, i32 191" [../MLP_baseline/mm.cpp:72]   --->   Operation 223 'partselect' 'trunc_ln72_91' <Predicate = (trunc_ln67 == 12)> <Delay = 0.00>
ST_3 : Operation 224 [1/1] (0.00ns)   --->   "%trunc_ln72_92 = partselect i32 @_ssdm_op_PartSelect.i32.i512.i32.i32, i512 %AB_block_13_load_1, i32 160, i32 191" [../MLP_baseline/mm.cpp:72]   --->   Operation 224 'partselect' 'trunc_ln72_92' <Predicate = (trunc_ln67 == 13)> <Delay = 0.00>
ST_3 : Operation 225 [1/1] (0.00ns)   --->   "%trunc_ln72_93 = partselect i32 @_ssdm_op_PartSelect.i32.i512.i32.i32, i512 %AB_block_14_load_1, i32 160, i32 191" [../MLP_baseline/mm.cpp:72]   --->   Operation 225 'partselect' 'trunc_ln72_93' <Predicate = (trunc_ln67 == 14)> <Delay = 0.00>
ST_3 : Operation 226 [1/1] (0.00ns)   --->   "%trunc_ln72_94 = partselect i32 @_ssdm_op_PartSelect.i32.i512.i32.i32, i512 %AB_block_15_load_1, i32 160, i32 191" [../MLP_baseline/mm.cpp:72]   --->   Operation 226 'partselect' 'trunc_ln72_94' <Predicate = (trunc_ln67 == 15)> <Delay = 0.00>
ST_3 : Operation 227 [1/1] (2.06ns)   --->   "%tmp_5 = sparsemux i32 @_ssdm_op_SparseMux.ap_auto.16i32.i32.i4, i4 0, i32 %trunc_ln72_79, i4 1, i32 %trunc_ln72_80, i4 2, i32 %trunc_ln72_81, i4 3, i32 %trunc_ln72_82, i4 4, i32 %trunc_ln72_83, i4 5, i32 %trunc_ln72_84, i4 6, i32 %trunc_ln72_85, i4 7, i32 %trunc_ln72_86, i4 8, i32 %trunc_ln72_87, i4 9, i32 %trunc_ln72_88, i4 10, i32 %trunc_ln72_89, i4 11, i32 %trunc_ln72_90, i4 12, i32 %trunc_ln72_91, i4 13, i32 %trunc_ln72_92, i4 14, i32 %trunc_ln72_93, i4 15, i32 %trunc_ln72_94, i32 0, i4 %trunc_ln67" [../MLP_baseline/mm.cpp:72]   --->   Operation 227 'sparsemux' 'tmp_5' <Predicate = true> <Delay = 2.06> <CoreInst = "BinarySparseMux_DontCare">   --->   Core 137 'BinarySparseMux_DontCare' <Latency = 0> <II = 1> <Delay = 2.06> <FuncUnit> <Opcode : 'sparsemux'> <InPorts = 2> <OutPorts = 1>
ST_3 : Operation 228 [1/1] (2.55ns)   --->   "%add_ln72_5 = add i32 %tmp_5, i32 %mul_ln72_5" [../MLP_baseline/mm.cpp:72]   --->   Operation 228 'add' 'add_ln72_5' <Predicate = true> <Delay = 2.55> <CoreInst = "Adder">   --->   Core 1 'Adder' <Latency = 0> <II = 1> <Delay = 2.55> <FuncUnit> <Opcode : 'add' 'sub'> <InPorts = 2> <OutPorts = 1>
ST_3 : Operation 229 [1/1] (0.00ns)   --->   "%trunc_ln72_95 = partselect i32 @_ssdm_op_PartSelect.i32.i512.i32.i32, i512 %AB_block_load_1, i32 192, i32 223" [../MLP_baseline/mm.cpp:72]   --->   Operation 229 'partselect' 'trunc_ln72_95' <Predicate = (trunc_ln67 == 0)> <Delay = 0.00>
ST_3 : Operation 230 [1/1] (0.00ns)   --->   "%trunc_ln72_96 = partselect i32 @_ssdm_op_PartSelect.i32.i512.i32.i32, i512 %AB_block_1_load_1, i32 192, i32 223" [../MLP_baseline/mm.cpp:72]   --->   Operation 230 'partselect' 'trunc_ln72_96' <Predicate = (trunc_ln67 == 1)> <Delay = 0.00>
ST_3 : Operation 231 [1/1] (0.00ns)   --->   "%trunc_ln72_97 = partselect i32 @_ssdm_op_PartSelect.i32.i512.i32.i32, i512 %AB_block_2_load_1, i32 192, i32 223" [../MLP_baseline/mm.cpp:72]   --->   Operation 231 'partselect' 'trunc_ln72_97' <Predicate = (trunc_ln67 == 2)> <Delay = 0.00>
ST_3 : Operation 232 [1/1] (0.00ns)   --->   "%trunc_ln72_98 = partselect i32 @_ssdm_op_PartSelect.i32.i512.i32.i32, i512 %AB_block_3_load_1, i32 192, i32 223" [../MLP_baseline/mm.cpp:72]   --->   Operation 232 'partselect' 'trunc_ln72_98' <Predicate = (trunc_ln67 == 3)> <Delay = 0.00>
ST_3 : Operation 233 [1/1] (0.00ns)   --->   "%trunc_ln72_99 = partselect i32 @_ssdm_op_PartSelect.i32.i512.i32.i32, i512 %AB_block_4_load_1, i32 192, i32 223" [../MLP_baseline/mm.cpp:72]   --->   Operation 233 'partselect' 'trunc_ln72_99' <Predicate = (trunc_ln67 == 4)> <Delay = 0.00>
ST_3 : Operation 234 [1/1] (0.00ns)   --->   "%trunc_ln72_100 = partselect i32 @_ssdm_op_PartSelect.i32.i512.i32.i32, i512 %AB_block_5_load_1, i32 192, i32 223" [../MLP_baseline/mm.cpp:72]   --->   Operation 234 'partselect' 'trunc_ln72_100' <Predicate = (trunc_ln67 == 5)> <Delay = 0.00>
ST_3 : Operation 235 [1/1] (0.00ns)   --->   "%trunc_ln72_101 = partselect i32 @_ssdm_op_PartSelect.i32.i512.i32.i32, i512 %AB_block_6_load_1, i32 192, i32 223" [../MLP_baseline/mm.cpp:72]   --->   Operation 235 'partselect' 'trunc_ln72_101' <Predicate = (trunc_ln67 == 6)> <Delay = 0.00>
ST_3 : Operation 236 [1/1] (0.00ns)   --->   "%trunc_ln72_102 = partselect i32 @_ssdm_op_PartSelect.i32.i512.i32.i32, i512 %AB_block_7_load_1, i32 192, i32 223" [../MLP_baseline/mm.cpp:72]   --->   Operation 236 'partselect' 'trunc_ln72_102' <Predicate = (trunc_ln67 == 7)> <Delay = 0.00>
ST_3 : Operation 237 [1/1] (0.00ns)   --->   "%trunc_ln72_103 = partselect i32 @_ssdm_op_PartSelect.i32.i512.i32.i32, i512 %AB_block_8_load_1, i32 192, i32 223" [../MLP_baseline/mm.cpp:72]   --->   Operation 237 'partselect' 'trunc_ln72_103' <Predicate = (trunc_ln67 == 8)> <Delay = 0.00>
ST_3 : Operation 238 [1/1] (0.00ns)   --->   "%trunc_ln72_104 = partselect i32 @_ssdm_op_PartSelect.i32.i512.i32.i32, i512 %AB_block_9_load_1, i32 192, i32 223" [../MLP_baseline/mm.cpp:72]   --->   Operation 238 'partselect' 'trunc_ln72_104' <Predicate = (trunc_ln67 == 9)> <Delay = 0.00>
ST_3 : Operation 239 [1/1] (0.00ns)   --->   "%trunc_ln72_105 = partselect i32 @_ssdm_op_PartSelect.i32.i512.i32.i32, i512 %AB_block_10_load_1, i32 192, i32 223" [../MLP_baseline/mm.cpp:72]   --->   Operation 239 'partselect' 'trunc_ln72_105' <Predicate = (trunc_ln67 == 10)> <Delay = 0.00>
ST_3 : Operation 240 [1/1] (0.00ns)   --->   "%trunc_ln72_106 = partselect i32 @_ssdm_op_PartSelect.i32.i512.i32.i32, i512 %AB_block_11_load_1, i32 192, i32 223" [../MLP_baseline/mm.cpp:72]   --->   Operation 240 'partselect' 'trunc_ln72_106' <Predicate = (trunc_ln67 == 11)> <Delay = 0.00>
ST_3 : Operation 241 [1/1] (0.00ns)   --->   "%trunc_ln72_107 = partselect i32 @_ssdm_op_PartSelect.i32.i512.i32.i32, i512 %AB_block_12_load_1, i32 192, i32 223" [../MLP_baseline/mm.cpp:72]   --->   Operation 241 'partselect' 'trunc_ln72_107' <Predicate = (trunc_ln67 == 12)> <Delay = 0.00>
ST_3 : Operation 242 [1/1] (0.00ns)   --->   "%trunc_ln72_108 = partselect i32 @_ssdm_op_PartSelect.i32.i512.i32.i32, i512 %AB_block_13_load_1, i32 192, i32 223" [../MLP_baseline/mm.cpp:72]   --->   Operation 242 'partselect' 'trunc_ln72_108' <Predicate = (trunc_ln67 == 13)> <Delay = 0.00>
ST_3 : Operation 243 [1/1] (0.00ns)   --->   "%trunc_ln72_109 = partselect i32 @_ssdm_op_PartSelect.i32.i512.i32.i32, i512 %AB_block_14_load_1, i32 192, i32 223" [../MLP_baseline/mm.cpp:72]   --->   Operation 243 'partselect' 'trunc_ln72_109' <Predicate = (trunc_ln67 == 14)> <Delay = 0.00>
ST_3 : Operation 244 [1/1] (0.00ns)   --->   "%trunc_ln72_110 = partselect i32 @_ssdm_op_PartSelect.i32.i512.i32.i32, i512 %AB_block_15_load_1, i32 192, i32 223" [../MLP_baseline/mm.cpp:72]   --->   Operation 244 'partselect' 'trunc_ln72_110' <Predicate = (trunc_ln67 == 15)> <Delay = 0.00>
ST_3 : Operation 245 [1/1] (2.06ns)   --->   "%tmp_6 = sparsemux i32 @_ssdm_op_SparseMux.ap_auto.16i32.i32.i4, i4 0, i32 %trunc_ln72_95, i4 1, i32 %trunc_ln72_96, i4 2, i32 %trunc_ln72_97, i4 3, i32 %trunc_ln72_98, i4 4, i32 %trunc_ln72_99, i4 5, i32 %trunc_ln72_100, i4 6, i32 %trunc_ln72_101, i4 7, i32 %trunc_ln72_102, i4 8, i32 %trunc_ln72_103, i4 9, i32 %trunc_ln72_104, i4 10, i32 %trunc_ln72_105, i4 11, i32 %trunc_ln72_106, i4 12, i32 %trunc_ln72_107, i4 13, i32 %trunc_ln72_108, i4 14, i32 %trunc_ln72_109, i4 15, i32 %trunc_ln72_110, i32 0, i4 %trunc_ln67" [../MLP_baseline/mm.cpp:72]   --->   Operation 245 'sparsemux' 'tmp_6' <Predicate = true> <Delay = 2.06> <CoreInst = "BinarySparseMux_DontCare">   --->   Core 137 'BinarySparseMux_DontCare' <Latency = 0> <II = 1> <Delay = 2.06> <FuncUnit> <Opcode : 'sparsemux'> <InPorts = 2> <OutPorts = 1>
ST_3 : Operation 246 [1/1] (2.55ns)   --->   "%add_ln72_6 = add i32 %tmp_6, i32 %mul_ln72_6" [../MLP_baseline/mm.cpp:72]   --->   Operation 246 'add' 'add_ln72_6' <Predicate = true> <Delay = 2.55> <CoreInst = "Adder">   --->   Core 1 'Adder' <Latency = 0> <II = 1> <Delay = 2.55> <FuncUnit> <Opcode : 'add' 'sub'> <InPorts = 2> <OutPorts = 1>
ST_3 : Operation 247 [1/1] (0.00ns)   --->   "%trunc_ln72_111 = partselect i32 @_ssdm_op_PartSelect.i32.i512.i32.i32, i512 %AB_block_load_1, i32 224, i32 255" [../MLP_baseline/mm.cpp:72]   --->   Operation 247 'partselect' 'trunc_ln72_111' <Predicate = (trunc_ln67 == 0)> <Delay = 0.00>
ST_3 : Operation 248 [1/1] (0.00ns)   --->   "%trunc_ln72_112 = partselect i32 @_ssdm_op_PartSelect.i32.i512.i32.i32, i512 %AB_block_1_load_1, i32 224, i32 255" [../MLP_baseline/mm.cpp:72]   --->   Operation 248 'partselect' 'trunc_ln72_112' <Predicate = (trunc_ln67 == 1)> <Delay = 0.00>
ST_3 : Operation 249 [1/1] (0.00ns)   --->   "%trunc_ln72_113 = partselect i32 @_ssdm_op_PartSelect.i32.i512.i32.i32, i512 %AB_block_2_load_1, i32 224, i32 255" [../MLP_baseline/mm.cpp:72]   --->   Operation 249 'partselect' 'trunc_ln72_113' <Predicate = (trunc_ln67 == 2)> <Delay = 0.00>
ST_3 : Operation 250 [1/1] (0.00ns)   --->   "%trunc_ln72_114 = partselect i32 @_ssdm_op_PartSelect.i32.i512.i32.i32, i512 %AB_block_3_load_1, i32 224, i32 255" [../MLP_baseline/mm.cpp:72]   --->   Operation 250 'partselect' 'trunc_ln72_114' <Predicate = (trunc_ln67 == 3)> <Delay = 0.00>
ST_3 : Operation 251 [1/1] (0.00ns)   --->   "%trunc_ln72_115 = partselect i32 @_ssdm_op_PartSelect.i32.i512.i32.i32, i512 %AB_block_4_load_1, i32 224, i32 255" [../MLP_baseline/mm.cpp:72]   --->   Operation 251 'partselect' 'trunc_ln72_115' <Predicate = (trunc_ln67 == 4)> <Delay = 0.00>
ST_3 : Operation 252 [1/1] (0.00ns)   --->   "%trunc_ln72_116 = partselect i32 @_ssdm_op_PartSelect.i32.i512.i32.i32, i512 %AB_block_5_load_1, i32 224, i32 255" [../MLP_baseline/mm.cpp:72]   --->   Operation 252 'partselect' 'trunc_ln72_116' <Predicate = (trunc_ln67 == 5)> <Delay = 0.00>
ST_3 : Operation 253 [1/1] (0.00ns)   --->   "%trunc_ln72_117 = partselect i32 @_ssdm_op_PartSelect.i32.i512.i32.i32, i512 %AB_block_6_load_1, i32 224, i32 255" [../MLP_baseline/mm.cpp:72]   --->   Operation 253 'partselect' 'trunc_ln72_117' <Predicate = (trunc_ln67 == 6)> <Delay = 0.00>
ST_3 : Operation 254 [1/1] (0.00ns)   --->   "%trunc_ln72_118 = partselect i32 @_ssdm_op_PartSelect.i32.i512.i32.i32, i512 %AB_block_7_load_1, i32 224, i32 255" [../MLP_baseline/mm.cpp:72]   --->   Operation 254 'partselect' 'trunc_ln72_118' <Predicate = (trunc_ln67 == 7)> <Delay = 0.00>
ST_3 : Operation 255 [1/1] (0.00ns)   --->   "%trunc_ln72_119 = partselect i32 @_ssdm_op_PartSelect.i32.i512.i32.i32, i512 %AB_block_8_load_1, i32 224, i32 255" [../MLP_baseline/mm.cpp:72]   --->   Operation 255 'partselect' 'trunc_ln72_119' <Predicate = (trunc_ln67 == 8)> <Delay = 0.00>
ST_3 : Operation 256 [1/1] (0.00ns)   --->   "%trunc_ln72_120 = partselect i32 @_ssdm_op_PartSelect.i32.i512.i32.i32, i512 %AB_block_9_load_1, i32 224, i32 255" [../MLP_baseline/mm.cpp:72]   --->   Operation 256 'partselect' 'trunc_ln72_120' <Predicate = (trunc_ln67 == 9)> <Delay = 0.00>
ST_3 : Operation 257 [1/1] (0.00ns)   --->   "%trunc_ln72_121 = partselect i32 @_ssdm_op_PartSelect.i32.i512.i32.i32, i512 %AB_block_10_load_1, i32 224, i32 255" [../MLP_baseline/mm.cpp:72]   --->   Operation 257 'partselect' 'trunc_ln72_121' <Predicate = (trunc_ln67 == 10)> <Delay = 0.00>
ST_3 : Operation 258 [1/1] (0.00ns)   --->   "%trunc_ln72_122 = partselect i32 @_ssdm_op_PartSelect.i32.i512.i32.i32, i512 %AB_block_11_load_1, i32 224, i32 255" [../MLP_baseline/mm.cpp:72]   --->   Operation 258 'partselect' 'trunc_ln72_122' <Predicate = (trunc_ln67 == 11)> <Delay = 0.00>
ST_3 : Operation 259 [1/1] (0.00ns)   --->   "%trunc_ln72_123 = partselect i32 @_ssdm_op_PartSelect.i32.i512.i32.i32, i512 %AB_block_12_load_1, i32 224, i32 255" [../MLP_baseline/mm.cpp:72]   --->   Operation 259 'partselect' 'trunc_ln72_123' <Predicate = (trunc_ln67 == 12)> <Delay = 0.00>
ST_3 : Operation 260 [1/1] (0.00ns)   --->   "%trunc_ln72_124 = partselect i32 @_ssdm_op_PartSelect.i32.i512.i32.i32, i512 %AB_block_13_load_1, i32 224, i32 255" [../MLP_baseline/mm.cpp:72]   --->   Operation 260 'partselect' 'trunc_ln72_124' <Predicate = (trunc_ln67 == 13)> <Delay = 0.00>
ST_3 : Operation 261 [1/1] (0.00ns)   --->   "%trunc_ln72_125 = partselect i32 @_ssdm_op_PartSelect.i32.i512.i32.i32, i512 %AB_block_14_load_1, i32 224, i32 255" [../MLP_baseline/mm.cpp:72]   --->   Operation 261 'partselect' 'trunc_ln72_125' <Predicate = (trunc_ln67 == 14)> <Delay = 0.00>
ST_3 : Operation 262 [1/1] (0.00ns)   --->   "%trunc_ln72_126 = partselect i32 @_ssdm_op_PartSelect.i32.i512.i32.i32, i512 %AB_block_15_load_1, i32 224, i32 255" [../MLP_baseline/mm.cpp:72]   --->   Operation 262 'partselect' 'trunc_ln72_126' <Predicate = (trunc_ln67 == 15)> <Delay = 0.00>
ST_3 : Operation 263 [1/1] (2.06ns)   --->   "%tmp_7 = sparsemux i32 @_ssdm_op_SparseMux.ap_auto.16i32.i32.i4, i4 0, i32 %trunc_ln72_111, i4 1, i32 %trunc_ln72_112, i4 2, i32 %trunc_ln72_113, i4 3, i32 %trunc_ln72_114, i4 4, i32 %trunc_ln72_115, i4 5, i32 %trunc_ln72_116, i4 6, i32 %trunc_ln72_117, i4 7, i32 %trunc_ln72_118, i4 8, i32 %trunc_ln72_119, i4 9, i32 %trunc_ln72_120, i4 10, i32 %trunc_ln72_121, i4 11, i32 %trunc_ln72_122, i4 12, i32 %trunc_ln72_123, i4 13, i32 %trunc_ln72_124, i4 14, i32 %trunc_ln72_125, i4 15, i32 %trunc_ln72_126, i32 0, i4 %trunc_ln67" [../MLP_baseline/mm.cpp:72]   --->   Operation 263 'sparsemux' 'tmp_7' <Predicate = true> <Delay = 2.06> <CoreInst = "BinarySparseMux_DontCare">   --->   Core 137 'BinarySparseMux_DontCare' <Latency = 0> <II = 1> <Delay = 2.06> <FuncUnit> <Opcode : 'sparsemux'> <InPorts = 2> <OutPorts = 1>
ST_3 : Operation 264 [1/1] (2.55ns)   --->   "%add_ln72_7 = add i32 %tmp_7, i32 %mul_ln72_7" [../MLP_baseline/mm.cpp:72]   --->   Operation 264 'add' 'add_ln72_7' <Predicate = true> <Delay = 2.55> <CoreInst = "Adder">   --->   Core 1 'Adder' <Latency = 0> <II = 1> <Delay = 2.55> <FuncUnit> <Opcode : 'add' 'sub'> <InPorts = 2> <OutPorts = 1>
ST_3 : Operation 265 [1/1] (0.00ns)   --->   "%trunc_ln72_127 = partselect i32 @_ssdm_op_PartSelect.i32.i512.i32.i32, i512 %AB_block_load_1, i32 256, i32 287" [../MLP_baseline/mm.cpp:72]   --->   Operation 265 'partselect' 'trunc_ln72_127' <Predicate = (trunc_ln67 == 0)> <Delay = 0.00>
ST_3 : Operation 266 [1/1] (0.00ns)   --->   "%trunc_ln72_128 = partselect i32 @_ssdm_op_PartSelect.i32.i512.i32.i32, i512 %AB_block_1_load_1, i32 256, i32 287" [../MLP_baseline/mm.cpp:72]   --->   Operation 266 'partselect' 'trunc_ln72_128' <Predicate = (trunc_ln67 == 1)> <Delay = 0.00>
ST_3 : Operation 267 [1/1] (0.00ns)   --->   "%trunc_ln72_129 = partselect i32 @_ssdm_op_PartSelect.i32.i512.i32.i32, i512 %AB_block_2_load_1, i32 256, i32 287" [../MLP_baseline/mm.cpp:72]   --->   Operation 267 'partselect' 'trunc_ln72_129' <Predicate = (trunc_ln67 == 2)> <Delay = 0.00>
ST_3 : Operation 268 [1/1] (0.00ns)   --->   "%trunc_ln72_130 = partselect i32 @_ssdm_op_PartSelect.i32.i512.i32.i32, i512 %AB_block_3_load_1, i32 256, i32 287" [../MLP_baseline/mm.cpp:72]   --->   Operation 268 'partselect' 'trunc_ln72_130' <Predicate = (trunc_ln67 == 3)> <Delay = 0.00>
ST_3 : Operation 269 [1/1] (0.00ns)   --->   "%trunc_ln72_131 = partselect i32 @_ssdm_op_PartSelect.i32.i512.i32.i32, i512 %AB_block_4_load_1, i32 256, i32 287" [../MLP_baseline/mm.cpp:72]   --->   Operation 269 'partselect' 'trunc_ln72_131' <Predicate = (trunc_ln67 == 4)> <Delay = 0.00>
ST_3 : Operation 270 [1/1] (0.00ns)   --->   "%trunc_ln72_132 = partselect i32 @_ssdm_op_PartSelect.i32.i512.i32.i32, i512 %AB_block_5_load_1, i32 256, i32 287" [../MLP_baseline/mm.cpp:72]   --->   Operation 270 'partselect' 'trunc_ln72_132' <Predicate = (trunc_ln67 == 5)> <Delay = 0.00>
ST_3 : Operation 271 [1/1] (0.00ns)   --->   "%trunc_ln72_133 = partselect i32 @_ssdm_op_PartSelect.i32.i512.i32.i32, i512 %AB_block_6_load_1, i32 256, i32 287" [../MLP_baseline/mm.cpp:72]   --->   Operation 271 'partselect' 'trunc_ln72_133' <Predicate = (trunc_ln67 == 6)> <Delay = 0.00>
ST_3 : Operation 272 [1/1] (0.00ns)   --->   "%trunc_ln72_134 = partselect i32 @_ssdm_op_PartSelect.i32.i512.i32.i32, i512 %AB_block_7_load_1, i32 256, i32 287" [../MLP_baseline/mm.cpp:72]   --->   Operation 272 'partselect' 'trunc_ln72_134' <Predicate = (trunc_ln67 == 7)> <Delay = 0.00>
ST_3 : Operation 273 [1/1] (0.00ns)   --->   "%trunc_ln72_135 = partselect i32 @_ssdm_op_PartSelect.i32.i512.i32.i32, i512 %AB_block_8_load_1, i32 256, i32 287" [../MLP_baseline/mm.cpp:72]   --->   Operation 273 'partselect' 'trunc_ln72_135' <Predicate = (trunc_ln67 == 8)> <Delay = 0.00>
ST_3 : Operation 274 [1/1] (0.00ns)   --->   "%trunc_ln72_136 = partselect i32 @_ssdm_op_PartSelect.i32.i512.i32.i32, i512 %AB_block_9_load_1, i32 256, i32 287" [../MLP_baseline/mm.cpp:72]   --->   Operation 274 'partselect' 'trunc_ln72_136' <Predicate = (trunc_ln67 == 9)> <Delay = 0.00>
ST_3 : Operation 275 [1/1] (0.00ns)   --->   "%trunc_ln72_137 = partselect i32 @_ssdm_op_PartSelect.i32.i512.i32.i32, i512 %AB_block_10_load_1, i32 256, i32 287" [../MLP_baseline/mm.cpp:72]   --->   Operation 275 'partselect' 'trunc_ln72_137' <Predicate = (trunc_ln67 == 10)> <Delay = 0.00>
ST_3 : Operation 276 [1/1] (0.00ns)   --->   "%trunc_ln72_138 = partselect i32 @_ssdm_op_PartSelect.i32.i512.i32.i32, i512 %AB_block_11_load_1, i32 256, i32 287" [../MLP_baseline/mm.cpp:72]   --->   Operation 276 'partselect' 'trunc_ln72_138' <Predicate = (trunc_ln67 == 11)> <Delay = 0.00>
ST_3 : Operation 277 [1/1] (0.00ns)   --->   "%trunc_ln72_139 = partselect i32 @_ssdm_op_PartSelect.i32.i512.i32.i32, i512 %AB_block_12_load_1, i32 256, i32 287" [../MLP_baseline/mm.cpp:72]   --->   Operation 277 'partselect' 'trunc_ln72_139' <Predicate = (trunc_ln67 == 12)> <Delay = 0.00>
ST_3 : Operation 278 [1/1] (0.00ns)   --->   "%trunc_ln72_140 = partselect i32 @_ssdm_op_PartSelect.i32.i512.i32.i32, i512 %AB_block_13_load_1, i32 256, i32 287" [../MLP_baseline/mm.cpp:72]   --->   Operation 278 'partselect' 'trunc_ln72_140' <Predicate = (trunc_ln67 == 13)> <Delay = 0.00>
ST_3 : Operation 279 [1/1] (0.00ns)   --->   "%trunc_ln72_141 = partselect i32 @_ssdm_op_PartSelect.i32.i512.i32.i32, i512 %AB_block_14_load_1, i32 256, i32 287" [../MLP_baseline/mm.cpp:72]   --->   Operation 279 'partselect' 'trunc_ln72_141' <Predicate = (trunc_ln67 == 14)> <Delay = 0.00>
ST_3 : Operation 280 [1/1] (0.00ns)   --->   "%trunc_ln72_142 = partselect i32 @_ssdm_op_PartSelect.i32.i512.i32.i32, i512 %AB_block_15_load_1, i32 256, i32 287" [../MLP_baseline/mm.cpp:72]   --->   Operation 280 'partselect' 'trunc_ln72_142' <Predicate = (trunc_ln67 == 15)> <Delay = 0.00>
ST_3 : Operation 281 [1/1] (2.06ns)   --->   "%tmp_8 = sparsemux i32 @_ssdm_op_SparseMux.ap_auto.16i32.i32.i4, i4 0, i32 %trunc_ln72_127, i4 1, i32 %trunc_ln72_128, i4 2, i32 %trunc_ln72_129, i4 3, i32 %trunc_ln72_130, i4 4, i32 %trunc_ln72_131, i4 5, i32 %trunc_ln72_132, i4 6, i32 %trunc_ln72_133, i4 7, i32 %trunc_ln72_134, i4 8, i32 %trunc_ln72_135, i4 9, i32 %trunc_ln72_136, i4 10, i32 %trunc_ln72_137, i4 11, i32 %trunc_ln72_138, i4 12, i32 %trunc_ln72_139, i4 13, i32 %trunc_ln72_140, i4 14, i32 %trunc_ln72_141, i4 15, i32 %trunc_ln72_142, i32 0, i4 %trunc_ln67" [../MLP_baseline/mm.cpp:72]   --->   Operation 281 'sparsemux' 'tmp_8' <Predicate = true> <Delay = 2.06> <CoreInst = "BinarySparseMux_DontCare">   --->   Core 137 'BinarySparseMux_DontCare' <Latency = 0> <II = 1> <Delay = 2.06> <FuncUnit> <Opcode : 'sparsemux'> <InPorts = 2> <OutPorts = 1>
ST_3 : Operation 282 [1/1] (2.55ns)   --->   "%add_ln72_8 = add i32 %tmp_8, i32 %mul_ln72_8" [../MLP_baseline/mm.cpp:72]   --->   Operation 282 'add' 'add_ln72_8' <Predicate = true> <Delay = 2.55> <CoreInst = "Adder">   --->   Core 1 'Adder' <Latency = 0> <II = 1> <Delay = 2.55> <FuncUnit> <Opcode : 'add' 'sub'> <InPorts = 2> <OutPorts = 1>
ST_3 : Operation 283 [1/1] (0.00ns)   --->   "%trunc_ln72_143 = partselect i32 @_ssdm_op_PartSelect.i32.i512.i32.i32, i512 %AB_block_load_1, i32 288, i32 319" [../MLP_baseline/mm.cpp:72]   --->   Operation 283 'partselect' 'trunc_ln72_143' <Predicate = (trunc_ln67 == 0)> <Delay = 0.00>
ST_3 : Operation 284 [1/1] (0.00ns)   --->   "%trunc_ln72_144 = partselect i32 @_ssdm_op_PartSelect.i32.i512.i32.i32, i512 %AB_block_1_load_1, i32 288, i32 319" [../MLP_baseline/mm.cpp:72]   --->   Operation 284 'partselect' 'trunc_ln72_144' <Predicate = (trunc_ln67 == 1)> <Delay = 0.00>
ST_3 : Operation 285 [1/1] (0.00ns)   --->   "%trunc_ln72_145 = partselect i32 @_ssdm_op_PartSelect.i32.i512.i32.i32, i512 %AB_block_2_load_1, i32 288, i32 319" [../MLP_baseline/mm.cpp:72]   --->   Operation 285 'partselect' 'trunc_ln72_145' <Predicate = (trunc_ln67 == 2)> <Delay = 0.00>
ST_3 : Operation 286 [1/1] (0.00ns)   --->   "%trunc_ln72_146 = partselect i32 @_ssdm_op_PartSelect.i32.i512.i32.i32, i512 %AB_block_3_load_1, i32 288, i32 319" [../MLP_baseline/mm.cpp:72]   --->   Operation 286 'partselect' 'trunc_ln72_146' <Predicate = (trunc_ln67 == 3)> <Delay = 0.00>
ST_3 : Operation 287 [1/1] (0.00ns)   --->   "%trunc_ln72_147 = partselect i32 @_ssdm_op_PartSelect.i32.i512.i32.i32, i512 %AB_block_4_load_1, i32 288, i32 319" [../MLP_baseline/mm.cpp:72]   --->   Operation 287 'partselect' 'trunc_ln72_147' <Predicate = (trunc_ln67 == 4)> <Delay = 0.00>
ST_3 : Operation 288 [1/1] (0.00ns)   --->   "%trunc_ln72_148 = partselect i32 @_ssdm_op_PartSelect.i32.i512.i32.i32, i512 %AB_block_5_load_1, i32 288, i32 319" [../MLP_baseline/mm.cpp:72]   --->   Operation 288 'partselect' 'trunc_ln72_148' <Predicate = (trunc_ln67 == 5)> <Delay = 0.00>
ST_3 : Operation 289 [1/1] (0.00ns)   --->   "%trunc_ln72_149 = partselect i32 @_ssdm_op_PartSelect.i32.i512.i32.i32, i512 %AB_block_6_load_1, i32 288, i32 319" [../MLP_baseline/mm.cpp:72]   --->   Operation 289 'partselect' 'trunc_ln72_149' <Predicate = (trunc_ln67 == 6)> <Delay = 0.00>
ST_3 : Operation 290 [1/1] (0.00ns)   --->   "%trunc_ln72_150 = partselect i32 @_ssdm_op_PartSelect.i32.i512.i32.i32, i512 %AB_block_7_load_1, i32 288, i32 319" [../MLP_baseline/mm.cpp:72]   --->   Operation 290 'partselect' 'trunc_ln72_150' <Predicate = (trunc_ln67 == 7)> <Delay = 0.00>
ST_3 : Operation 291 [1/1] (0.00ns)   --->   "%trunc_ln72_151 = partselect i32 @_ssdm_op_PartSelect.i32.i512.i32.i32, i512 %AB_block_8_load_1, i32 288, i32 319" [../MLP_baseline/mm.cpp:72]   --->   Operation 291 'partselect' 'trunc_ln72_151' <Predicate = (trunc_ln67 == 8)> <Delay = 0.00>
ST_3 : Operation 292 [1/1] (0.00ns)   --->   "%trunc_ln72_152 = partselect i32 @_ssdm_op_PartSelect.i32.i512.i32.i32, i512 %AB_block_9_load_1, i32 288, i32 319" [../MLP_baseline/mm.cpp:72]   --->   Operation 292 'partselect' 'trunc_ln72_152' <Predicate = (trunc_ln67 == 9)> <Delay = 0.00>
ST_3 : Operation 293 [1/1] (0.00ns)   --->   "%trunc_ln72_153 = partselect i32 @_ssdm_op_PartSelect.i32.i512.i32.i32, i512 %AB_block_10_load_1, i32 288, i32 319" [../MLP_baseline/mm.cpp:72]   --->   Operation 293 'partselect' 'trunc_ln72_153' <Predicate = (trunc_ln67 == 10)> <Delay = 0.00>
ST_3 : Operation 294 [1/1] (0.00ns)   --->   "%trunc_ln72_154 = partselect i32 @_ssdm_op_PartSelect.i32.i512.i32.i32, i512 %AB_block_11_load_1, i32 288, i32 319" [../MLP_baseline/mm.cpp:72]   --->   Operation 294 'partselect' 'trunc_ln72_154' <Predicate = (trunc_ln67 == 11)> <Delay = 0.00>
ST_3 : Operation 295 [1/1] (0.00ns)   --->   "%trunc_ln72_155 = partselect i32 @_ssdm_op_PartSelect.i32.i512.i32.i32, i512 %AB_block_12_load_1, i32 288, i32 319" [../MLP_baseline/mm.cpp:72]   --->   Operation 295 'partselect' 'trunc_ln72_155' <Predicate = (trunc_ln67 == 12)> <Delay = 0.00>
ST_3 : Operation 296 [1/1] (0.00ns)   --->   "%trunc_ln72_156 = partselect i32 @_ssdm_op_PartSelect.i32.i512.i32.i32, i512 %AB_block_13_load_1, i32 288, i32 319" [../MLP_baseline/mm.cpp:72]   --->   Operation 296 'partselect' 'trunc_ln72_156' <Predicate = (trunc_ln67 == 13)> <Delay = 0.00>
ST_3 : Operation 297 [1/1] (0.00ns)   --->   "%trunc_ln72_157 = partselect i32 @_ssdm_op_PartSelect.i32.i512.i32.i32, i512 %AB_block_14_load_1, i32 288, i32 319" [../MLP_baseline/mm.cpp:72]   --->   Operation 297 'partselect' 'trunc_ln72_157' <Predicate = (trunc_ln67 == 14)> <Delay = 0.00>
ST_3 : Operation 298 [1/1] (0.00ns)   --->   "%trunc_ln72_158 = partselect i32 @_ssdm_op_PartSelect.i32.i512.i32.i32, i512 %AB_block_15_load_1, i32 288, i32 319" [../MLP_baseline/mm.cpp:72]   --->   Operation 298 'partselect' 'trunc_ln72_158' <Predicate = (trunc_ln67 == 15)> <Delay = 0.00>
ST_3 : Operation 299 [1/1] (2.06ns)   --->   "%tmp_9 = sparsemux i32 @_ssdm_op_SparseMux.ap_auto.16i32.i32.i4, i4 0, i32 %trunc_ln72_143, i4 1, i32 %trunc_ln72_144, i4 2, i32 %trunc_ln72_145, i4 3, i32 %trunc_ln72_146, i4 4, i32 %trunc_ln72_147, i4 5, i32 %trunc_ln72_148, i4 6, i32 %trunc_ln72_149, i4 7, i32 %trunc_ln72_150, i4 8, i32 %trunc_ln72_151, i4 9, i32 %trunc_ln72_152, i4 10, i32 %trunc_ln72_153, i4 11, i32 %trunc_ln72_154, i4 12, i32 %trunc_ln72_155, i4 13, i32 %trunc_ln72_156, i4 14, i32 %trunc_ln72_157, i4 15, i32 %trunc_ln72_158, i32 0, i4 %trunc_ln67" [../MLP_baseline/mm.cpp:72]   --->   Operation 299 'sparsemux' 'tmp_9' <Predicate = true> <Delay = 2.06> <CoreInst = "BinarySparseMux_DontCare">   --->   Core 137 'BinarySparseMux_DontCare' <Latency = 0> <II = 1> <Delay = 2.06> <FuncUnit> <Opcode : 'sparsemux'> <InPorts = 2> <OutPorts = 1>
ST_3 : Operation 300 [1/1] (2.55ns)   --->   "%add_ln72_9 = add i32 %tmp_9, i32 %mul_ln72_9" [../MLP_baseline/mm.cpp:72]   --->   Operation 300 'add' 'add_ln72_9' <Predicate = true> <Delay = 2.55> <CoreInst = "Adder">   --->   Core 1 'Adder' <Latency = 0> <II = 1> <Delay = 2.55> <FuncUnit> <Opcode : 'add' 'sub'> <InPorts = 2> <OutPorts = 1>
ST_3 : Operation 301 [1/1] (0.00ns)   --->   "%trunc_ln72_159 = partselect i32 @_ssdm_op_PartSelect.i32.i512.i32.i32, i512 %AB_block_load_1, i32 320, i32 351" [../MLP_baseline/mm.cpp:72]   --->   Operation 301 'partselect' 'trunc_ln72_159' <Predicate = (trunc_ln67 == 0)> <Delay = 0.00>
ST_3 : Operation 302 [1/1] (0.00ns)   --->   "%trunc_ln72_160 = partselect i32 @_ssdm_op_PartSelect.i32.i512.i32.i32, i512 %AB_block_1_load_1, i32 320, i32 351" [../MLP_baseline/mm.cpp:72]   --->   Operation 302 'partselect' 'trunc_ln72_160' <Predicate = (trunc_ln67 == 1)> <Delay = 0.00>
ST_3 : Operation 303 [1/1] (0.00ns)   --->   "%trunc_ln72_161 = partselect i32 @_ssdm_op_PartSelect.i32.i512.i32.i32, i512 %AB_block_2_load_1, i32 320, i32 351" [../MLP_baseline/mm.cpp:72]   --->   Operation 303 'partselect' 'trunc_ln72_161' <Predicate = (trunc_ln67 == 2)> <Delay = 0.00>
ST_3 : Operation 304 [1/1] (0.00ns)   --->   "%trunc_ln72_162 = partselect i32 @_ssdm_op_PartSelect.i32.i512.i32.i32, i512 %AB_block_3_load_1, i32 320, i32 351" [../MLP_baseline/mm.cpp:72]   --->   Operation 304 'partselect' 'trunc_ln72_162' <Predicate = (trunc_ln67 == 3)> <Delay = 0.00>
ST_3 : Operation 305 [1/1] (0.00ns)   --->   "%trunc_ln72_163 = partselect i32 @_ssdm_op_PartSelect.i32.i512.i32.i32, i512 %AB_block_4_load_1, i32 320, i32 351" [../MLP_baseline/mm.cpp:72]   --->   Operation 305 'partselect' 'trunc_ln72_163' <Predicate = (trunc_ln67 == 4)> <Delay = 0.00>
ST_3 : Operation 306 [1/1] (0.00ns)   --->   "%trunc_ln72_164 = partselect i32 @_ssdm_op_PartSelect.i32.i512.i32.i32, i512 %AB_block_5_load_1, i32 320, i32 351" [../MLP_baseline/mm.cpp:72]   --->   Operation 306 'partselect' 'trunc_ln72_164' <Predicate = (trunc_ln67 == 5)> <Delay = 0.00>
ST_3 : Operation 307 [1/1] (0.00ns)   --->   "%trunc_ln72_165 = partselect i32 @_ssdm_op_PartSelect.i32.i512.i32.i32, i512 %AB_block_6_load_1, i32 320, i32 351" [../MLP_baseline/mm.cpp:72]   --->   Operation 307 'partselect' 'trunc_ln72_165' <Predicate = (trunc_ln67 == 6)> <Delay = 0.00>
ST_3 : Operation 308 [1/1] (0.00ns)   --->   "%trunc_ln72_166 = partselect i32 @_ssdm_op_PartSelect.i32.i512.i32.i32, i512 %AB_block_7_load_1, i32 320, i32 351" [../MLP_baseline/mm.cpp:72]   --->   Operation 308 'partselect' 'trunc_ln72_166' <Predicate = (trunc_ln67 == 7)> <Delay = 0.00>
ST_3 : Operation 309 [1/1] (0.00ns)   --->   "%trunc_ln72_167 = partselect i32 @_ssdm_op_PartSelect.i32.i512.i32.i32, i512 %AB_block_8_load_1, i32 320, i32 351" [../MLP_baseline/mm.cpp:72]   --->   Operation 309 'partselect' 'trunc_ln72_167' <Predicate = (trunc_ln67 == 8)> <Delay = 0.00>
ST_3 : Operation 310 [1/1] (0.00ns)   --->   "%trunc_ln72_168 = partselect i32 @_ssdm_op_PartSelect.i32.i512.i32.i32, i512 %AB_block_9_load_1, i32 320, i32 351" [../MLP_baseline/mm.cpp:72]   --->   Operation 310 'partselect' 'trunc_ln72_168' <Predicate = (trunc_ln67 == 9)> <Delay = 0.00>
ST_3 : Operation 311 [1/1] (0.00ns)   --->   "%trunc_ln72_169 = partselect i32 @_ssdm_op_PartSelect.i32.i512.i32.i32, i512 %AB_block_10_load_1, i32 320, i32 351" [../MLP_baseline/mm.cpp:72]   --->   Operation 311 'partselect' 'trunc_ln72_169' <Predicate = (trunc_ln67 == 10)> <Delay = 0.00>
ST_3 : Operation 312 [1/1] (0.00ns)   --->   "%trunc_ln72_170 = partselect i32 @_ssdm_op_PartSelect.i32.i512.i32.i32, i512 %AB_block_11_load_1, i32 320, i32 351" [../MLP_baseline/mm.cpp:72]   --->   Operation 312 'partselect' 'trunc_ln72_170' <Predicate = (trunc_ln67 == 11)> <Delay = 0.00>
ST_3 : Operation 313 [1/1] (0.00ns)   --->   "%trunc_ln72_171 = partselect i32 @_ssdm_op_PartSelect.i32.i512.i32.i32, i512 %AB_block_12_load_1, i32 320, i32 351" [../MLP_baseline/mm.cpp:72]   --->   Operation 313 'partselect' 'trunc_ln72_171' <Predicate = (trunc_ln67 == 12)> <Delay = 0.00>
ST_3 : Operation 314 [1/1] (0.00ns)   --->   "%trunc_ln72_172 = partselect i32 @_ssdm_op_PartSelect.i32.i512.i32.i32, i512 %AB_block_13_load_1, i32 320, i32 351" [../MLP_baseline/mm.cpp:72]   --->   Operation 314 'partselect' 'trunc_ln72_172' <Predicate = (trunc_ln67 == 13)> <Delay = 0.00>
ST_3 : Operation 315 [1/1] (0.00ns)   --->   "%trunc_ln72_173 = partselect i32 @_ssdm_op_PartSelect.i32.i512.i32.i32, i512 %AB_block_14_load_1, i32 320, i32 351" [../MLP_baseline/mm.cpp:72]   --->   Operation 315 'partselect' 'trunc_ln72_173' <Predicate = (trunc_ln67 == 14)> <Delay = 0.00>
ST_3 : Operation 316 [1/1] (0.00ns)   --->   "%trunc_ln72_174 = partselect i32 @_ssdm_op_PartSelect.i32.i512.i32.i32, i512 %AB_block_15_load_1, i32 320, i32 351" [../MLP_baseline/mm.cpp:72]   --->   Operation 316 'partselect' 'trunc_ln72_174' <Predicate = (trunc_ln67 == 15)> <Delay = 0.00>
ST_3 : Operation 317 [1/1] (2.06ns)   --->   "%tmp_10 = sparsemux i32 @_ssdm_op_SparseMux.ap_auto.16i32.i32.i4, i4 0, i32 %trunc_ln72_159, i4 1, i32 %trunc_ln72_160, i4 2, i32 %trunc_ln72_161, i4 3, i32 %trunc_ln72_162, i4 4, i32 %trunc_ln72_163, i4 5, i32 %trunc_ln72_164, i4 6, i32 %trunc_ln72_165, i4 7, i32 %trunc_ln72_166, i4 8, i32 %trunc_ln72_167, i4 9, i32 %trunc_ln72_168, i4 10, i32 %trunc_ln72_169, i4 11, i32 %trunc_ln72_170, i4 12, i32 %trunc_ln72_171, i4 13, i32 %trunc_ln72_172, i4 14, i32 %trunc_ln72_173, i4 15, i32 %trunc_ln72_174, i32 0, i4 %trunc_ln67" [../MLP_baseline/mm.cpp:72]   --->   Operation 317 'sparsemux' 'tmp_10' <Predicate = true> <Delay = 2.06> <CoreInst = "BinarySparseMux_DontCare">   --->   Core 137 'BinarySparseMux_DontCare' <Latency = 0> <II = 1> <Delay = 2.06> <FuncUnit> <Opcode : 'sparsemux'> <InPorts = 2> <OutPorts = 1>
ST_3 : Operation 318 [1/1] (2.55ns)   --->   "%add_ln72_10 = add i32 %tmp_10, i32 %mul_ln72_10" [../MLP_baseline/mm.cpp:72]   --->   Operation 318 'add' 'add_ln72_10' <Predicate = true> <Delay = 2.55> <CoreInst = "Adder">   --->   Core 1 'Adder' <Latency = 0> <II = 1> <Delay = 2.55> <FuncUnit> <Opcode : 'add' 'sub'> <InPorts = 2> <OutPorts = 1>
ST_3 : Operation 319 [1/1] (0.00ns)   --->   "%trunc_ln72_175 = partselect i32 @_ssdm_op_PartSelect.i32.i512.i32.i32, i512 %AB_block_load_1, i32 352, i32 383" [../MLP_baseline/mm.cpp:72]   --->   Operation 319 'partselect' 'trunc_ln72_175' <Predicate = (trunc_ln67 == 0)> <Delay = 0.00>
ST_3 : Operation 320 [1/1] (0.00ns)   --->   "%trunc_ln72_176 = partselect i32 @_ssdm_op_PartSelect.i32.i512.i32.i32, i512 %AB_block_1_load_1, i32 352, i32 383" [../MLP_baseline/mm.cpp:72]   --->   Operation 320 'partselect' 'trunc_ln72_176' <Predicate = (trunc_ln67 == 1)> <Delay = 0.00>
ST_3 : Operation 321 [1/1] (0.00ns)   --->   "%trunc_ln72_177 = partselect i32 @_ssdm_op_PartSelect.i32.i512.i32.i32, i512 %AB_block_2_load_1, i32 352, i32 383" [../MLP_baseline/mm.cpp:72]   --->   Operation 321 'partselect' 'trunc_ln72_177' <Predicate = (trunc_ln67 == 2)> <Delay = 0.00>
ST_3 : Operation 322 [1/1] (0.00ns)   --->   "%trunc_ln72_178 = partselect i32 @_ssdm_op_PartSelect.i32.i512.i32.i32, i512 %AB_block_3_load_1, i32 352, i32 383" [../MLP_baseline/mm.cpp:72]   --->   Operation 322 'partselect' 'trunc_ln72_178' <Predicate = (trunc_ln67 == 3)> <Delay = 0.00>
ST_3 : Operation 323 [1/1] (0.00ns)   --->   "%trunc_ln72_179 = partselect i32 @_ssdm_op_PartSelect.i32.i512.i32.i32, i512 %AB_block_4_load_1, i32 352, i32 383" [../MLP_baseline/mm.cpp:72]   --->   Operation 323 'partselect' 'trunc_ln72_179' <Predicate = (trunc_ln67 == 4)> <Delay = 0.00>
ST_3 : Operation 324 [1/1] (0.00ns)   --->   "%trunc_ln72_180 = partselect i32 @_ssdm_op_PartSelect.i32.i512.i32.i32, i512 %AB_block_5_load_1, i32 352, i32 383" [../MLP_baseline/mm.cpp:72]   --->   Operation 324 'partselect' 'trunc_ln72_180' <Predicate = (trunc_ln67 == 5)> <Delay = 0.00>
ST_3 : Operation 325 [1/1] (0.00ns)   --->   "%trunc_ln72_181 = partselect i32 @_ssdm_op_PartSelect.i32.i512.i32.i32, i512 %AB_block_6_load_1, i32 352, i32 383" [../MLP_baseline/mm.cpp:72]   --->   Operation 325 'partselect' 'trunc_ln72_181' <Predicate = (trunc_ln67 == 6)> <Delay = 0.00>
ST_3 : Operation 326 [1/1] (0.00ns)   --->   "%trunc_ln72_182 = partselect i32 @_ssdm_op_PartSelect.i32.i512.i32.i32, i512 %AB_block_7_load_1, i32 352, i32 383" [../MLP_baseline/mm.cpp:72]   --->   Operation 326 'partselect' 'trunc_ln72_182' <Predicate = (trunc_ln67 == 7)> <Delay = 0.00>
ST_3 : Operation 327 [1/1] (0.00ns)   --->   "%trunc_ln72_183 = partselect i32 @_ssdm_op_PartSelect.i32.i512.i32.i32, i512 %AB_block_8_load_1, i32 352, i32 383" [../MLP_baseline/mm.cpp:72]   --->   Operation 327 'partselect' 'trunc_ln72_183' <Predicate = (trunc_ln67 == 8)> <Delay = 0.00>
ST_3 : Operation 328 [1/1] (0.00ns)   --->   "%trunc_ln72_184 = partselect i32 @_ssdm_op_PartSelect.i32.i512.i32.i32, i512 %AB_block_9_load_1, i32 352, i32 383" [../MLP_baseline/mm.cpp:72]   --->   Operation 328 'partselect' 'trunc_ln72_184' <Predicate = (trunc_ln67 == 9)> <Delay = 0.00>
ST_3 : Operation 329 [1/1] (0.00ns)   --->   "%trunc_ln72_185 = partselect i32 @_ssdm_op_PartSelect.i32.i512.i32.i32, i512 %AB_block_10_load_1, i32 352, i32 383" [../MLP_baseline/mm.cpp:72]   --->   Operation 329 'partselect' 'trunc_ln72_185' <Predicate = (trunc_ln67 == 10)> <Delay = 0.00>
ST_3 : Operation 330 [1/1] (0.00ns)   --->   "%trunc_ln72_186 = partselect i32 @_ssdm_op_PartSelect.i32.i512.i32.i32, i512 %AB_block_11_load_1, i32 352, i32 383" [../MLP_baseline/mm.cpp:72]   --->   Operation 330 'partselect' 'trunc_ln72_186' <Predicate = (trunc_ln67 == 11)> <Delay = 0.00>
ST_3 : Operation 331 [1/1] (0.00ns)   --->   "%trunc_ln72_187 = partselect i32 @_ssdm_op_PartSelect.i32.i512.i32.i32, i512 %AB_block_12_load_1, i32 352, i32 383" [../MLP_baseline/mm.cpp:72]   --->   Operation 331 'partselect' 'trunc_ln72_187' <Predicate = (trunc_ln67 == 12)> <Delay = 0.00>
ST_3 : Operation 332 [1/1] (0.00ns)   --->   "%trunc_ln72_188 = partselect i32 @_ssdm_op_PartSelect.i32.i512.i32.i32, i512 %AB_block_13_load_1, i32 352, i32 383" [../MLP_baseline/mm.cpp:72]   --->   Operation 332 'partselect' 'trunc_ln72_188' <Predicate = (trunc_ln67 == 13)> <Delay = 0.00>
ST_3 : Operation 333 [1/1] (0.00ns)   --->   "%trunc_ln72_189 = partselect i32 @_ssdm_op_PartSelect.i32.i512.i32.i32, i512 %AB_block_14_load_1, i32 352, i32 383" [../MLP_baseline/mm.cpp:72]   --->   Operation 333 'partselect' 'trunc_ln72_189' <Predicate = (trunc_ln67 == 14)> <Delay = 0.00>
ST_3 : Operation 334 [1/1] (0.00ns)   --->   "%trunc_ln72_190 = partselect i32 @_ssdm_op_PartSelect.i32.i512.i32.i32, i512 %AB_block_15_load_1, i32 352, i32 383" [../MLP_baseline/mm.cpp:72]   --->   Operation 334 'partselect' 'trunc_ln72_190' <Predicate = (trunc_ln67 == 15)> <Delay = 0.00>
ST_3 : Operation 335 [1/1] (2.06ns)   --->   "%tmp_11 = sparsemux i32 @_ssdm_op_SparseMux.ap_auto.16i32.i32.i4, i4 0, i32 %trunc_ln72_175, i4 1, i32 %trunc_ln72_176, i4 2, i32 %trunc_ln72_177, i4 3, i32 %trunc_ln72_178, i4 4, i32 %trunc_ln72_179, i4 5, i32 %trunc_ln72_180, i4 6, i32 %trunc_ln72_181, i4 7, i32 %trunc_ln72_182, i4 8, i32 %trunc_ln72_183, i4 9, i32 %trunc_ln72_184, i4 10, i32 %trunc_ln72_185, i4 11, i32 %trunc_ln72_186, i4 12, i32 %trunc_ln72_187, i4 13, i32 %trunc_ln72_188, i4 14, i32 %trunc_ln72_189, i4 15, i32 %trunc_ln72_190, i32 0, i4 %trunc_ln67" [../MLP_baseline/mm.cpp:72]   --->   Operation 335 'sparsemux' 'tmp_11' <Predicate = true> <Delay = 2.06> <CoreInst = "BinarySparseMux_DontCare">   --->   Core 137 'BinarySparseMux_DontCare' <Latency = 0> <II = 1> <Delay = 2.06> <FuncUnit> <Opcode : 'sparsemux'> <InPorts = 2> <OutPorts = 1>
ST_3 : Operation 336 [1/1] (2.55ns)   --->   "%add_ln72_11 = add i32 %tmp_11, i32 %mul_ln72_11" [../MLP_baseline/mm.cpp:72]   --->   Operation 336 'add' 'add_ln72_11' <Predicate = true> <Delay = 2.55> <CoreInst = "Adder">   --->   Core 1 'Adder' <Latency = 0> <II = 1> <Delay = 2.55> <FuncUnit> <Opcode : 'add' 'sub'> <InPorts = 2> <OutPorts = 1>
ST_3 : Operation 337 [1/1] (0.00ns)   --->   "%trunc_ln72_191 = partselect i32 @_ssdm_op_PartSelect.i32.i512.i32.i32, i512 %AB_block_load_1, i32 384, i32 415" [../MLP_baseline/mm.cpp:72]   --->   Operation 337 'partselect' 'trunc_ln72_191' <Predicate = (trunc_ln67 == 0)> <Delay = 0.00>
ST_3 : Operation 338 [1/1] (0.00ns)   --->   "%trunc_ln72_192 = partselect i32 @_ssdm_op_PartSelect.i32.i512.i32.i32, i512 %AB_block_1_load_1, i32 384, i32 415" [../MLP_baseline/mm.cpp:72]   --->   Operation 338 'partselect' 'trunc_ln72_192' <Predicate = (trunc_ln67 == 1)> <Delay = 0.00>
ST_3 : Operation 339 [1/1] (0.00ns)   --->   "%trunc_ln72_193 = partselect i32 @_ssdm_op_PartSelect.i32.i512.i32.i32, i512 %AB_block_2_load_1, i32 384, i32 415" [../MLP_baseline/mm.cpp:72]   --->   Operation 339 'partselect' 'trunc_ln72_193' <Predicate = (trunc_ln67 == 2)> <Delay = 0.00>
ST_3 : Operation 340 [1/1] (0.00ns)   --->   "%trunc_ln72_194 = partselect i32 @_ssdm_op_PartSelect.i32.i512.i32.i32, i512 %AB_block_3_load_1, i32 384, i32 415" [../MLP_baseline/mm.cpp:72]   --->   Operation 340 'partselect' 'trunc_ln72_194' <Predicate = (trunc_ln67 == 3)> <Delay = 0.00>
ST_3 : Operation 341 [1/1] (0.00ns)   --->   "%trunc_ln72_195 = partselect i32 @_ssdm_op_PartSelect.i32.i512.i32.i32, i512 %AB_block_4_load_1, i32 384, i32 415" [../MLP_baseline/mm.cpp:72]   --->   Operation 341 'partselect' 'trunc_ln72_195' <Predicate = (trunc_ln67 == 4)> <Delay = 0.00>
ST_3 : Operation 342 [1/1] (0.00ns)   --->   "%trunc_ln72_196 = partselect i32 @_ssdm_op_PartSelect.i32.i512.i32.i32, i512 %AB_block_5_load_1, i32 384, i32 415" [../MLP_baseline/mm.cpp:72]   --->   Operation 342 'partselect' 'trunc_ln72_196' <Predicate = (trunc_ln67 == 5)> <Delay = 0.00>
ST_3 : Operation 343 [1/1] (0.00ns)   --->   "%trunc_ln72_197 = partselect i32 @_ssdm_op_PartSelect.i32.i512.i32.i32, i512 %AB_block_6_load_1, i32 384, i32 415" [../MLP_baseline/mm.cpp:72]   --->   Operation 343 'partselect' 'trunc_ln72_197' <Predicate = (trunc_ln67 == 6)> <Delay = 0.00>
ST_3 : Operation 344 [1/1] (0.00ns)   --->   "%trunc_ln72_198 = partselect i32 @_ssdm_op_PartSelect.i32.i512.i32.i32, i512 %AB_block_7_load_1, i32 384, i32 415" [../MLP_baseline/mm.cpp:72]   --->   Operation 344 'partselect' 'trunc_ln72_198' <Predicate = (trunc_ln67 == 7)> <Delay = 0.00>
ST_3 : Operation 345 [1/1] (0.00ns)   --->   "%trunc_ln72_199 = partselect i32 @_ssdm_op_PartSelect.i32.i512.i32.i32, i512 %AB_block_8_load_1, i32 384, i32 415" [../MLP_baseline/mm.cpp:72]   --->   Operation 345 'partselect' 'trunc_ln72_199' <Predicate = (trunc_ln67 == 8)> <Delay = 0.00>
ST_3 : Operation 346 [1/1] (0.00ns)   --->   "%trunc_ln72_200 = partselect i32 @_ssdm_op_PartSelect.i32.i512.i32.i32, i512 %AB_block_9_load_1, i32 384, i32 415" [../MLP_baseline/mm.cpp:72]   --->   Operation 346 'partselect' 'trunc_ln72_200' <Predicate = (trunc_ln67 == 9)> <Delay = 0.00>
ST_3 : Operation 347 [1/1] (0.00ns)   --->   "%trunc_ln72_201 = partselect i32 @_ssdm_op_PartSelect.i32.i512.i32.i32, i512 %AB_block_10_load_1, i32 384, i32 415" [../MLP_baseline/mm.cpp:72]   --->   Operation 347 'partselect' 'trunc_ln72_201' <Predicate = (trunc_ln67 == 10)> <Delay = 0.00>
ST_3 : Operation 348 [1/1] (0.00ns)   --->   "%trunc_ln72_202 = partselect i32 @_ssdm_op_PartSelect.i32.i512.i32.i32, i512 %AB_block_11_load_1, i32 384, i32 415" [../MLP_baseline/mm.cpp:72]   --->   Operation 348 'partselect' 'trunc_ln72_202' <Predicate = (trunc_ln67 == 11)> <Delay = 0.00>
ST_3 : Operation 349 [1/1] (0.00ns)   --->   "%trunc_ln72_203 = partselect i32 @_ssdm_op_PartSelect.i32.i512.i32.i32, i512 %AB_block_12_load_1, i32 384, i32 415" [../MLP_baseline/mm.cpp:72]   --->   Operation 349 'partselect' 'trunc_ln72_203' <Predicate = (trunc_ln67 == 12)> <Delay = 0.00>
ST_3 : Operation 350 [1/1] (0.00ns)   --->   "%trunc_ln72_204 = partselect i32 @_ssdm_op_PartSelect.i32.i512.i32.i32, i512 %AB_block_13_load_1, i32 384, i32 415" [../MLP_baseline/mm.cpp:72]   --->   Operation 350 'partselect' 'trunc_ln72_204' <Predicate = (trunc_ln67 == 13)> <Delay = 0.00>
ST_3 : Operation 351 [1/1] (0.00ns)   --->   "%trunc_ln72_205 = partselect i32 @_ssdm_op_PartSelect.i32.i512.i32.i32, i512 %AB_block_14_load_1, i32 384, i32 415" [../MLP_baseline/mm.cpp:72]   --->   Operation 351 'partselect' 'trunc_ln72_205' <Predicate = (trunc_ln67 == 14)> <Delay = 0.00>
ST_3 : Operation 352 [1/1] (0.00ns)   --->   "%trunc_ln72_206 = partselect i32 @_ssdm_op_PartSelect.i32.i512.i32.i32, i512 %AB_block_15_load_1, i32 384, i32 415" [../MLP_baseline/mm.cpp:72]   --->   Operation 352 'partselect' 'trunc_ln72_206' <Predicate = (trunc_ln67 == 15)> <Delay = 0.00>
ST_3 : Operation 353 [1/1] (2.06ns)   --->   "%tmp_12 = sparsemux i32 @_ssdm_op_SparseMux.ap_auto.16i32.i32.i4, i4 0, i32 %trunc_ln72_191, i4 1, i32 %trunc_ln72_192, i4 2, i32 %trunc_ln72_193, i4 3, i32 %trunc_ln72_194, i4 4, i32 %trunc_ln72_195, i4 5, i32 %trunc_ln72_196, i4 6, i32 %trunc_ln72_197, i4 7, i32 %trunc_ln72_198, i4 8, i32 %trunc_ln72_199, i4 9, i32 %trunc_ln72_200, i4 10, i32 %trunc_ln72_201, i4 11, i32 %trunc_ln72_202, i4 12, i32 %trunc_ln72_203, i4 13, i32 %trunc_ln72_204, i4 14, i32 %trunc_ln72_205, i4 15, i32 %trunc_ln72_206, i32 0, i4 %trunc_ln67" [../MLP_baseline/mm.cpp:72]   --->   Operation 353 'sparsemux' 'tmp_12' <Predicate = true> <Delay = 2.06> <CoreInst = "BinarySparseMux_DontCare">   --->   Core 137 'BinarySparseMux_DontCare' <Latency = 0> <II = 1> <Delay = 2.06> <FuncUnit> <Opcode : 'sparsemux'> <InPorts = 2> <OutPorts = 1>
ST_3 : Operation 354 [1/1] (2.55ns)   --->   "%add_ln72_12 = add i32 %tmp_12, i32 %mul_ln72_12" [../MLP_baseline/mm.cpp:72]   --->   Operation 354 'add' 'add_ln72_12' <Predicate = true> <Delay = 2.55> <CoreInst = "Adder">   --->   Core 1 'Adder' <Latency = 0> <II = 1> <Delay = 2.55> <FuncUnit> <Opcode : 'add' 'sub'> <InPorts = 2> <OutPorts = 1>
ST_3 : Operation 355 [1/1] (0.00ns)   --->   "%trunc_ln72_207 = partselect i32 @_ssdm_op_PartSelect.i32.i512.i32.i32, i512 %AB_block_load_1, i32 416, i32 447" [../MLP_baseline/mm.cpp:72]   --->   Operation 355 'partselect' 'trunc_ln72_207' <Predicate = (trunc_ln67 == 0)> <Delay = 0.00>
ST_3 : Operation 356 [1/1] (0.00ns)   --->   "%trunc_ln72_208 = partselect i32 @_ssdm_op_PartSelect.i32.i512.i32.i32, i512 %AB_block_1_load_1, i32 416, i32 447" [../MLP_baseline/mm.cpp:72]   --->   Operation 356 'partselect' 'trunc_ln72_208' <Predicate = (trunc_ln67 == 1)> <Delay = 0.00>
ST_3 : Operation 357 [1/1] (0.00ns)   --->   "%trunc_ln72_209 = partselect i32 @_ssdm_op_PartSelect.i32.i512.i32.i32, i512 %AB_block_2_load_1, i32 416, i32 447" [../MLP_baseline/mm.cpp:72]   --->   Operation 357 'partselect' 'trunc_ln72_209' <Predicate = (trunc_ln67 == 2)> <Delay = 0.00>
ST_3 : Operation 358 [1/1] (0.00ns)   --->   "%trunc_ln72_210 = partselect i32 @_ssdm_op_PartSelect.i32.i512.i32.i32, i512 %AB_block_3_load_1, i32 416, i32 447" [../MLP_baseline/mm.cpp:72]   --->   Operation 358 'partselect' 'trunc_ln72_210' <Predicate = (trunc_ln67 == 3)> <Delay = 0.00>
ST_3 : Operation 359 [1/1] (0.00ns)   --->   "%trunc_ln72_211 = partselect i32 @_ssdm_op_PartSelect.i32.i512.i32.i32, i512 %AB_block_4_load_1, i32 416, i32 447" [../MLP_baseline/mm.cpp:72]   --->   Operation 359 'partselect' 'trunc_ln72_211' <Predicate = (trunc_ln67 == 4)> <Delay = 0.00>
ST_3 : Operation 360 [1/1] (0.00ns)   --->   "%trunc_ln72_212 = partselect i32 @_ssdm_op_PartSelect.i32.i512.i32.i32, i512 %AB_block_5_load_1, i32 416, i32 447" [../MLP_baseline/mm.cpp:72]   --->   Operation 360 'partselect' 'trunc_ln72_212' <Predicate = (trunc_ln67 == 5)> <Delay = 0.00>
ST_3 : Operation 361 [1/1] (0.00ns)   --->   "%trunc_ln72_213 = partselect i32 @_ssdm_op_PartSelect.i32.i512.i32.i32, i512 %AB_block_6_load_1, i32 416, i32 447" [../MLP_baseline/mm.cpp:72]   --->   Operation 361 'partselect' 'trunc_ln72_213' <Predicate = (trunc_ln67 == 6)> <Delay = 0.00>
ST_3 : Operation 362 [1/1] (0.00ns)   --->   "%trunc_ln72_214 = partselect i32 @_ssdm_op_PartSelect.i32.i512.i32.i32, i512 %AB_block_7_load_1, i32 416, i32 447" [../MLP_baseline/mm.cpp:72]   --->   Operation 362 'partselect' 'trunc_ln72_214' <Predicate = (trunc_ln67 == 7)> <Delay = 0.00>
ST_3 : Operation 363 [1/1] (0.00ns)   --->   "%trunc_ln72_215 = partselect i32 @_ssdm_op_PartSelect.i32.i512.i32.i32, i512 %AB_block_8_load_1, i32 416, i32 447" [../MLP_baseline/mm.cpp:72]   --->   Operation 363 'partselect' 'trunc_ln72_215' <Predicate = (trunc_ln67 == 8)> <Delay = 0.00>
ST_3 : Operation 364 [1/1] (0.00ns)   --->   "%trunc_ln72_216 = partselect i32 @_ssdm_op_PartSelect.i32.i512.i32.i32, i512 %AB_block_9_load_1, i32 416, i32 447" [../MLP_baseline/mm.cpp:72]   --->   Operation 364 'partselect' 'trunc_ln72_216' <Predicate = (trunc_ln67 == 9)> <Delay = 0.00>
ST_3 : Operation 365 [1/1] (0.00ns)   --->   "%trunc_ln72_217 = partselect i32 @_ssdm_op_PartSelect.i32.i512.i32.i32, i512 %AB_block_10_load_1, i32 416, i32 447" [../MLP_baseline/mm.cpp:72]   --->   Operation 365 'partselect' 'trunc_ln72_217' <Predicate = (trunc_ln67 == 10)> <Delay = 0.00>
ST_3 : Operation 366 [1/1] (0.00ns)   --->   "%trunc_ln72_218 = partselect i32 @_ssdm_op_PartSelect.i32.i512.i32.i32, i512 %AB_block_11_load_1, i32 416, i32 447" [../MLP_baseline/mm.cpp:72]   --->   Operation 366 'partselect' 'trunc_ln72_218' <Predicate = (trunc_ln67 == 11)> <Delay = 0.00>
ST_3 : Operation 367 [1/1] (0.00ns)   --->   "%trunc_ln72_219 = partselect i32 @_ssdm_op_PartSelect.i32.i512.i32.i32, i512 %AB_block_12_load_1, i32 416, i32 447" [../MLP_baseline/mm.cpp:72]   --->   Operation 367 'partselect' 'trunc_ln72_219' <Predicate = (trunc_ln67 == 12)> <Delay = 0.00>
ST_3 : Operation 368 [1/1] (0.00ns)   --->   "%trunc_ln72_220 = partselect i32 @_ssdm_op_PartSelect.i32.i512.i32.i32, i512 %AB_block_13_load_1, i32 416, i32 447" [../MLP_baseline/mm.cpp:72]   --->   Operation 368 'partselect' 'trunc_ln72_220' <Predicate = (trunc_ln67 == 13)> <Delay = 0.00>
ST_3 : Operation 369 [1/1] (0.00ns)   --->   "%trunc_ln72_221 = partselect i32 @_ssdm_op_PartSelect.i32.i512.i32.i32, i512 %AB_block_14_load_1, i32 416, i32 447" [../MLP_baseline/mm.cpp:72]   --->   Operation 369 'partselect' 'trunc_ln72_221' <Predicate = (trunc_ln67 == 14)> <Delay = 0.00>
ST_3 : Operation 370 [1/1] (0.00ns)   --->   "%trunc_ln72_222 = partselect i32 @_ssdm_op_PartSelect.i32.i512.i32.i32, i512 %AB_block_15_load_1, i32 416, i32 447" [../MLP_baseline/mm.cpp:72]   --->   Operation 370 'partselect' 'trunc_ln72_222' <Predicate = (trunc_ln67 == 15)> <Delay = 0.00>
ST_3 : Operation 371 [1/1] (2.06ns)   --->   "%tmp_13 = sparsemux i32 @_ssdm_op_SparseMux.ap_auto.16i32.i32.i4, i4 0, i32 %trunc_ln72_207, i4 1, i32 %trunc_ln72_208, i4 2, i32 %trunc_ln72_209, i4 3, i32 %trunc_ln72_210, i4 4, i32 %trunc_ln72_211, i4 5, i32 %trunc_ln72_212, i4 6, i32 %trunc_ln72_213, i4 7, i32 %trunc_ln72_214, i4 8, i32 %trunc_ln72_215, i4 9, i32 %trunc_ln72_216, i4 10, i32 %trunc_ln72_217, i4 11, i32 %trunc_ln72_218, i4 12, i32 %trunc_ln72_219, i4 13, i32 %trunc_ln72_220, i4 14, i32 %trunc_ln72_221, i4 15, i32 %trunc_ln72_222, i32 0, i4 %trunc_ln67" [../MLP_baseline/mm.cpp:72]   --->   Operation 371 'sparsemux' 'tmp_13' <Predicate = true> <Delay = 2.06> <CoreInst = "BinarySparseMux_DontCare">   --->   Core 137 'BinarySparseMux_DontCare' <Latency = 0> <II = 1> <Delay = 2.06> <FuncUnit> <Opcode : 'sparsemux'> <InPorts = 2> <OutPorts = 1>
ST_3 : Operation 372 [1/1] (2.55ns)   --->   "%add_ln72_13 = add i32 %tmp_13, i32 %mul_ln72_13" [../MLP_baseline/mm.cpp:72]   --->   Operation 372 'add' 'add_ln72_13' <Predicate = true> <Delay = 2.55> <CoreInst = "Adder">   --->   Core 1 'Adder' <Latency = 0> <II = 1> <Delay = 2.55> <FuncUnit> <Opcode : 'add' 'sub'> <InPorts = 2> <OutPorts = 1>
ST_3 : Operation 373 [1/1] (0.00ns)   --->   "%trunc_ln72_223 = partselect i32 @_ssdm_op_PartSelect.i32.i512.i32.i32, i512 %AB_block_load_1, i32 448, i32 479" [../MLP_baseline/mm.cpp:72]   --->   Operation 373 'partselect' 'trunc_ln72_223' <Predicate = (trunc_ln67 == 0)> <Delay = 0.00>
ST_3 : Operation 374 [1/1] (0.00ns)   --->   "%trunc_ln72_224 = partselect i32 @_ssdm_op_PartSelect.i32.i512.i32.i32, i512 %AB_block_1_load_1, i32 448, i32 479" [../MLP_baseline/mm.cpp:72]   --->   Operation 374 'partselect' 'trunc_ln72_224' <Predicate = (trunc_ln67 == 1)> <Delay = 0.00>
ST_3 : Operation 375 [1/1] (0.00ns)   --->   "%trunc_ln72_225 = partselect i32 @_ssdm_op_PartSelect.i32.i512.i32.i32, i512 %AB_block_2_load_1, i32 448, i32 479" [../MLP_baseline/mm.cpp:72]   --->   Operation 375 'partselect' 'trunc_ln72_225' <Predicate = (trunc_ln67 == 2)> <Delay = 0.00>
ST_3 : Operation 376 [1/1] (0.00ns)   --->   "%trunc_ln72_226 = partselect i32 @_ssdm_op_PartSelect.i32.i512.i32.i32, i512 %AB_block_3_load_1, i32 448, i32 479" [../MLP_baseline/mm.cpp:72]   --->   Operation 376 'partselect' 'trunc_ln72_226' <Predicate = (trunc_ln67 == 3)> <Delay = 0.00>
ST_3 : Operation 377 [1/1] (0.00ns)   --->   "%trunc_ln72_227 = partselect i32 @_ssdm_op_PartSelect.i32.i512.i32.i32, i512 %AB_block_4_load_1, i32 448, i32 479" [../MLP_baseline/mm.cpp:72]   --->   Operation 377 'partselect' 'trunc_ln72_227' <Predicate = (trunc_ln67 == 4)> <Delay = 0.00>
ST_3 : Operation 378 [1/1] (0.00ns)   --->   "%trunc_ln72_228 = partselect i32 @_ssdm_op_PartSelect.i32.i512.i32.i32, i512 %AB_block_5_load_1, i32 448, i32 479" [../MLP_baseline/mm.cpp:72]   --->   Operation 378 'partselect' 'trunc_ln72_228' <Predicate = (trunc_ln67 == 5)> <Delay = 0.00>
ST_3 : Operation 379 [1/1] (0.00ns)   --->   "%trunc_ln72_229 = partselect i32 @_ssdm_op_PartSelect.i32.i512.i32.i32, i512 %AB_block_6_load_1, i32 448, i32 479" [../MLP_baseline/mm.cpp:72]   --->   Operation 379 'partselect' 'trunc_ln72_229' <Predicate = (trunc_ln67 == 6)> <Delay = 0.00>
ST_3 : Operation 380 [1/1] (0.00ns)   --->   "%trunc_ln72_230 = partselect i32 @_ssdm_op_PartSelect.i32.i512.i32.i32, i512 %AB_block_7_load_1, i32 448, i32 479" [../MLP_baseline/mm.cpp:72]   --->   Operation 380 'partselect' 'trunc_ln72_230' <Predicate = (trunc_ln67 == 7)> <Delay = 0.00>
ST_3 : Operation 381 [1/1] (0.00ns)   --->   "%trunc_ln72_231 = partselect i32 @_ssdm_op_PartSelect.i32.i512.i32.i32, i512 %AB_block_8_load_1, i32 448, i32 479" [../MLP_baseline/mm.cpp:72]   --->   Operation 381 'partselect' 'trunc_ln72_231' <Predicate = (trunc_ln67 == 8)> <Delay = 0.00>
ST_3 : Operation 382 [1/1] (0.00ns)   --->   "%trunc_ln72_232 = partselect i32 @_ssdm_op_PartSelect.i32.i512.i32.i32, i512 %AB_block_9_load_1, i32 448, i32 479" [../MLP_baseline/mm.cpp:72]   --->   Operation 382 'partselect' 'trunc_ln72_232' <Predicate = (trunc_ln67 == 9)> <Delay = 0.00>
ST_3 : Operation 383 [1/1] (0.00ns)   --->   "%trunc_ln72_233 = partselect i32 @_ssdm_op_PartSelect.i32.i512.i32.i32, i512 %AB_block_10_load_1, i32 448, i32 479" [../MLP_baseline/mm.cpp:72]   --->   Operation 383 'partselect' 'trunc_ln72_233' <Predicate = (trunc_ln67 == 10)> <Delay = 0.00>
ST_3 : Operation 384 [1/1] (0.00ns)   --->   "%trunc_ln72_234 = partselect i32 @_ssdm_op_PartSelect.i32.i512.i32.i32, i512 %AB_block_11_load_1, i32 448, i32 479" [../MLP_baseline/mm.cpp:72]   --->   Operation 384 'partselect' 'trunc_ln72_234' <Predicate = (trunc_ln67 == 11)> <Delay = 0.00>
ST_3 : Operation 385 [1/1] (0.00ns)   --->   "%trunc_ln72_235 = partselect i32 @_ssdm_op_PartSelect.i32.i512.i32.i32, i512 %AB_block_12_load_1, i32 448, i32 479" [../MLP_baseline/mm.cpp:72]   --->   Operation 385 'partselect' 'trunc_ln72_235' <Predicate = (trunc_ln67 == 12)> <Delay = 0.00>
ST_3 : Operation 386 [1/1] (0.00ns)   --->   "%trunc_ln72_236 = partselect i32 @_ssdm_op_PartSelect.i32.i512.i32.i32, i512 %AB_block_13_load_1, i32 448, i32 479" [../MLP_baseline/mm.cpp:72]   --->   Operation 386 'partselect' 'trunc_ln72_236' <Predicate = (trunc_ln67 == 13)> <Delay = 0.00>
ST_3 : Operation 387 [1/1] (0.00ns)   --->   "%trunc_ln72_237 = partselect i32 @_ssdm_op_PartSelect.i32.i512.i32.i32, i512 %AB_block_14_load_1, i32 448, i32 479" [../MLP_baseline/mm.cpp:72]   --->   Operation 387 'partselect' 'trunc_ln72_237' <Predicate = (trunc_ln67 == 14)> <Delay = 0.00>
ST_3 : Operation 388 [1/1] (0.00ns)   --->   "%trunc_ln72_238 = partselect i32 @_ssdm_op_PartSelect.i32.i512.i32.i32, i512 %AB_block_15_load_1, i32 448, i32 479" [../MLP_baseline/mm.cpp:72]   --->   Operation 388 'partselect' 'trunc_ln72_238' <Predicate = (trunc_ln67 == 15)> <Delay = 0.00>
ST_3 : Operation 389 [1/1] (2.06ns)   --->   "%tmp_14 = sparsemux i32 @_ssdm_op_SparseMux.ap_auto.16i32.i32.i4, i4 0, i32 %trunc_ln72_223, i4 1, i32 %trunc_ln72_224, i4 2, i32 %trunc_ln72_225, i4 3, i32 %trunc_ln72_226, i4 4, i32 %trunc_ln72_227, i4 5, i32 %trunc_ln72_228, i4 6, i32 %trunc_ln72_229, i4 7, i32 %trunc_ln72_230, i4 8, i32 %trunc_ln72_231, i4 9, i32 %trunc_ln72_232, i4 10, i32 %trunc_ln72_233, i4 11, i32 %trunc_ln72_234, i4 12, i32 %trunc_ln72_235, i4 13, i32 %trunc_ln72_236, i4 14, i32 %trunc_ln72_237, i4 15, i32 %trunc_ln72_238, i32 0, i4 %trunc_ln67" [../MLP_baseline/mm.cpp:72]   --->   Operation 389 'sparsemux' 'tmp_14' <Predicate = true> <Delay = 2.06> <CoreInst = "BinarySparseMux_DontCare">   --->   Core 137 'BinarySparseMux_DontCare' <Latency = 0> <II = 1> <Delay = 2.06> <FuncUnit> <Opcode : 'sparsemux'> <InPorts = 2> <OutPorts = 1>
ST_3 : Operation 390 [1/1] (2.55ns)   --->   "%add_ln72_14 = add i32 %tmp_14, i32 %mul_ln72_14" [../MLP_baseline/mm.cpp:72]   --->   Operation 390 'add' 'add_ln72_14' <Predicate = true> <Delay = 2.55> <CoreInst = "Adder">   --->   Core 1 'Adder' <Latency = 0> <II = 1> <Delay = 2.55> <FuncUnit> <Opcode : 'add' 'sub'> <InPorts = 2> <OutPorts = 1>
ST_3 : Operation 391 [1/1] (0.00ns)   --->   "%trunc_ln72_239 = partselect i32 @_ssdm_op_PartSelect.i32.i512.i32.i32, i512 %AB_block_load_1, i32 480, i32 511" [../MLP_baseline/mm.cpp:72]   --->   Operation 391 'partselect' 'trunc_ln72_239' <Predicate = (trunc_ln67 == 0)> <Delay = 0.00>
ST_3 : Operation 392 [1/1] (0.00ns)   --->   "%trunc_ln72_240 = partselect i32 @_ssdm_op_PartSelect.i32.i512.i32.i32, i512 %AB_block_1_load_1, i32 480, i32 511" [../MLP_baseline/mm.cpp:72]   --->   Operation 392 'partselect' 'trunc_ln72_240' <Predicate = (trunc_ln67 == 1)> <Delay = 0.00>
ST_3 : Operation 393 [1/1] (0.00ns)   --->   "%trunc_ln72_241 = partselect i32 @_ssdm_op_PartSelect.i32.i512.i32.i32, i512 %AB_block_2_load_1, i32 480, i32 511" [../MLP_baseline/mm.cpp:72]   --->   Operation 393 'partselect' 'trunc_ln72_241' <Predicate = (trunc_ln67 == 2)> <Delay = 0.00>
ST_3 : Operation 394 [1/1] (0.00ns)   --->   "%trunc_ln72_242 = partselect i32 @_ssdm_op_PartSelect.i32.i512.i32.i32, i512 %AB_block_3_load_1, i32 480, i32 511" [../MLP_baseline/mm.cpp:72]   --->   Operation 394 'partselect' 'trunc_ln72_242' <Predicate = (trunc_ln67 == 3)> <Delay = 0.00>
ST_3 : Operation 395 [1/1] (0.00ns)   --->   "%trunc_ln72_243 = partselect i32 @_ssdm_op_PartSelect.i32.i512.i32.i32, i512 %AB_block_4_load_1, i32 480, i32 511" [../MLP_baseline/mm.cpp:72]   --->   Operation 395 'partselect' 'trunc_ln72_243' <Predicate = (trunc_ln67 == 4)> <Delay = 0.00>
ST_3 : Operation 396 [1/1] (0.00ns)   --->   "%trunc_ln72_244 = partselect i32 @_ssdm_op_PartSelect.i32.i512.i32.i32, i512 %AB_block_5_load_1, i32 480, i32 511" [../MLP_baseline/mm.cpp:72]   --->   Operation 396 'partselect' 'trunc_ln72_244' <Predicate = (trunc_ln67 == 5)> <Delay = 0.00>
ST_3 : Operation 397 [1/1] (0.00ns)   --->   "%trunc_ln72_245 = partselect i32 @_ssdm_op_PartSelect.i32.i512.i32.i32, i512 %AB_block_6_load_1, i32 480, i32 511" [../MLP_baseline/mm.cpp:72]   --->   Operation 397 'partselect' 'trunc_ln72_245' <Predicate = (trunc_ln67 == 6)> <Delay = 0.00>
ST_3 : Operation 398 [1/1] (0.00ns)   --->   "%trunc_ln72_246 = partselect i32 @_ssdm_op_PartSelect.i32.i512.i32.i32, i512 %AB_block_7_load_1, i32 480, i32 511" [../MLP_baseline/mm.cpp:72]   --->   Operation 398 'partselect' 'trunc_ln72_246' <Predicate = (trunc_ln67 == 7)> <Delay = 0.00>
ST_3 : Operation 399 [1/1] (0.00ns)   --->   "%trunc_ln72_247 = partselect i32 @_ssdm_op_PartSelect.i32.i512.i32.i32, i512 %AB_block_8_load_1, i32 480, i32 511" [../MLP_baseline/mm.cpp:72]   --->   Operation 399 'partselect' 'trunc_ln72_247' <Predicate = (trunc_ln67 == 8)> <Delay = 0.00>
ST_3 : Operation 400 [1/1] (0.00ns)   --->   "%trunc_ln72_248 = partselect i32 @_ssdm_op_PartSelect.i32.i512.i32.i32, i512 %AB_block_9_load_1, i32 480, i32 511" [../MLP_baseline/mm.cpp:72]   --->   Operation 400 'partselect' 'trunc_ln72_248' <Predicate = (trunc_ln67 == 9)> <Delay = 0.00>
ST_3 : Operation 401 [1/1] (0.00ns)   --->   "%trunc_ln72_249 = partselect i32 @_ssdm_op_PartSelect.i32.i512.i32.i32, i512 %AB_block_10_load_1, i32 480, i32 511" [../MLP_baseline/mm.cpp:72]   --->   Operation 401 'partselect' 'trunc_ln72_249' <Predicate = (trunc_ln67 == 10)> <Delay = 0.00>
ST_3 : Operation 402 [1/1] (0.00ns)   --->   "%trunc_ln72_250 = partselect i32 @_ssdm_op_PartSelect.i32.i512.i32.i32, i512 %AB_block_11_load_1, i32 480, i32 511" [../MLP_baseline/mm.cpp:72]   --->   Operation 402 'partselect' 'trunc_ln72_250' <Predicate = (trunc_ln67 == 11)> <Delay = 0.00>
ST_3 : Operation 403 [1/1] (0.00ns)   --->   "%trunc_ln72_251 = partselect i32 @_ssdm_op_PartSelect.i32.i512.i32.i32, i512 %AB_block_12_load_1, i32 480, i32 511" [../MLP_baseline/mm.cpp:72]   --->   Operation 403 'partselect' 'trunc_ln72_251' <Predicate = (trunc_ln67 == 12)> <Delay = 0.00>
ST_3 : Operation 404 [1/1] (0.00ns)   --->   "%trunc_ln72_252 = partselect i32 @_ssdm_op_PartSelect.i32.i512.i32.i32, i512 %AB_block_13_load_1, i32 480, i32 511" [../MLP_baseline/mm.cpp:72]   --->   Operation 404 'partselect' 'trunc_ln72_252' <Predicate = (trunc_ln67 == 13)> <Delay = 0.00>
ST_3 : Operation 405 [1/1] (0.00ns)   --->   "%trunc_ln72_253 = partselect i32 @_ssdm_op_PartSelect.i32.i512.i32.i32, i512 %AB_block_14_load_1, i32 480, i32 511" [../MLP_baseline/mm.cpp:72]   --->   Operation 405 'partselect' 'trunc_ln72_253' <Predicate = (trunc_ln67 == 14)> <Delay = 0.00>
ST_3 : Operation 406 [1/1] (0.00ns)   --->   "%trunc_ln72_254 = partselect i32 @_ssdm_op_PartSelect.i32.i512.i32.i32, i512 %AB_block_15_load_1, i32 480, i32 511" [../MLP_baseline/mm.cpp:72]   --->   Operation 406 'partselect' 'trunc_ln72_254' <Predicate = (trunc_ln67 == 15)> <Delay = 0.00>
ST_3 : Operation 407 [1/1] (2.06ns)   --->   "%tmp_15 = sparsemux i32 @_ssdm_op_SparseMux.ap_auto.16i32.i32.i4, i4 0, i32 %trunc_ln72_239, i4 1, i32 %trunc_ln72_240, i4 2, i32 %trunc_ln72_241, i4 3, i32 %trunc_ln72_242, i4 4, i32 %trunc_ln72_243, i4 5, i32 %trunc_ln72_244, i4 6, i32 %trunc_ln72_245, i4 7, i32 %trunc_ln72_246, i4 8, i32 %trunc_ln72_247, i4 9, i32 %trunc_ln72_248, i4 10, i32 %trunc_ln72_249, i4 11, i32 %trunc_ln72_250, i4 12, i32 %trunc_ln72_251, i4 13, i32 %trunc_ln72_252, i4 14, i32 %trunc_ln72_253, i4 15, i32 %trunc_ln72_254, i32 0, i4 %trunc_ln67" [../MLP_baseline/mm.cpp:72]   --->   Operation 407 'sparsemux' 'tmp_15' <Predicate = true> <Delay = 2.06> <CoreInst = "BinarySparseMux_DontCare">   --->   Core 137 'BinarySparseMux_DontCare' <Latency = 0> <II = 1> <Delay = 2.06> <FuncUnit> <Opcode : 'sparsemux'> <InPorts = 2> <OutPorts = 1>
ST_3 : Operation 408 [1/1] (2.55ns)   --->   "%add_ln72_15 = add i32 %tmp_15, i32 %mul_ln72_15" [../MLP_baseline/mm.cpp:72]   --->   Operation 408 'add' 'add_ln72_15' <Predicate = true> <Delay = 2.55> <CoreInst = "Adder">   --->   Core 1 'Adder' <Latency = 0> <II = 1> <Delay = 2.55> <FuncUnit> <Opcode : 'add' 'sub'> <InPorts = 2> <OutPorts = 1>
ST_3 : Operation 409 [1/1] (0.00ns)   --->   "%AB_block_16 = bitconcatenate i512 @_ssdm_op_BitConcatenate.i512.i32.i32.i32.i32.i32.i32.i32.i32.i32.i32.i32.i32.i32.i32.i32.i32, i32 %add_ln72_15, i32 %add_ln72_14, i32 %add_ln72_13, i32 %add_ln72_12, i32 %add_ln72_11, i32 %add_ln72_10, i32 %add_ln72_9, i32 %add_ln72_8, i32 %add_ln72_7, i32 %add_ln72_6, i32 %add_ln72_5, i32 %add_ln72_4, i32 %add_ln72_3, i32 %add_ln72_2, i32 %add_ln72_1, i32 %add_ln72" [../MLP_baseline/mm.cpp:72]   --->   Operation 409 'bitconcatenate' 'AB_block_16' <Predicate = true> <Delay = 0.00>
ST_3 : Operation 410 [1/1] (1.58ns)   --->   "%store_ln39 = store i512 %AB_block_16, i512 %AB_block_14" [../MLP_baseline/mm.cpp:39]   --->   Operation 410 'store' 'store_ln39' <Predicate = (trunc_ln67 == 14)> <Delay = 1.58>
ST_3 : Operation 411 [1/1] (0.00ns)   --->   "%br_ln72 = br void %arrayidx.i.i6881256.exit" [../MLP_baseline/mm.cpp:72]   --->   Operation 411 'br' 'br_ln72' <Predicate = (trunc_ln67 == 14)> <Delay = 0.00>
ST_3 : Operation 412 [1/1] (1.58ns)   --->   "%store_ln39 = store i512 %AB_block_16, i512 %AB_block_13" [../MLP_baseline/mm.cpp:39]   --->   Operation 412 'store' 'store_ln39' <Predicate = (trunc_ln67 == 13)> <Delay = 1.58>
ST_3 : Operation 413 [1/1] (0.00ns)   --->   "%br_ln72 = br void %arrayidx.i.i6881256.exit" [../MLP_baseline/mm.cpp:72]   --->   Operation 413 'br' 'br_ln72' <Predicate = (trunc_ln67 == 13)> <Delay = 0.00>
ST_3 : Operation 414 [1/1] (1.58ns)   --->   "%store_ln39 = store i512 %AB_block_16, i512 %AB_block_12" [../MLP_baseline/mm.cpp:39]   --->   Operation 414 'store' 'store_ln39' <Predicate = (trunc_ln67 == 12)> <Delay = 1.58>
ST_3 : Operation 415 [1/1] (0.00ns)   --->   "%br_ln72 = br void %arrayidx.i.i6881256.exit" [../MLP_baseline/mm.cpp:72]   --->   Operation 415 'br' 'br_ln72' <Predicate = (trunc_ln67 == 12)> <Delay = 0.00>
ST_3 : Operation 416 [1/1] (1.58ns)   --->   "%store_ln39 = store i512 %AB_block_16, i512 %AB_block_11" [../MLP_baseline/mm.cpp:39]   --->   Operation 416 'store' 'store_ln39' <Predicate = (trunc_ln67 == 11)> <Delay = 1.58>
ST_3 : Operation 417 [1/1] (0.00ns)   --->   "%br_ln72 = br void %arrayidx.i.i6881256.exit" [../MLP_baseline/mm.cpp:72]   --->   Operation 417 'br' 'br_ln72' <Predicate = (trunc_ln67 == 11)> <Delay = 0.00>
ST_3 : Operation 418 [1/1] (1.58ns)   --->   "%store_ln39 = store i512 %AB_block_16, i512 %AB_block_10" [../MLP_baseline/mm.cpp:39]   --->   Operation 418 'store' 'store_ln39' <Predicate = (trunc_ln67 == 10)> <Delay = 1.58>
ST_3 : Operation 419 [1/1] (0.00ns)   --->   "%br_ln72 = br void %arrayidx.i.i6881256.exit" [../MLP_baseline/mm.cpp:72]   --->   Operation 419 'br' 'br_ln72' <Predicate = (trunc_ln67 == 10)> <Delay = 0.00>
ST_3 : Operation 420 [1/1] (1.58ns)   --->   "%store_ln39 = store i512 %AB_block_16, i512 %AB_block_9" [../MLP_baseline/mm.cpp:39]   --->   Operation 420 'store' 'store_ln39' <Predicate = (trunc_ln67 == 9)> <Delay = 1.58>
ST_3 : Operation 421 [1/1] (0.00ns)   --->   "%br_ln72 = br void %arrayidx.i.i6881256.exit" [../MLP_baseline/mm.cpp:72]   --->   Operation 421 'br' 'br_ln72' <Predicate = (trunc_ln67 == 9)> <Delay = 0.00>
ST_3 : Operation 422 [1/1] (1.58ns)   --->   "%store_ln39 = store i512 %AB_block_16, i512 %AB_block_8" [../MLP_baseline/mm.cpp:39]   --->   Operation 422 'store' 'store_ln39' <Predicate = (trunc_ln67 == 8)> <Delay = 1.58>
ST_3 : Operation 423 [1/1] (0.00ns)   --->   "%br_ln72 = br void %arrayidx.i.i6881256.exit" [../MLP_baseline/mm.cpp:72]   --->   Operation 423 'br' 'br_ln72' <Predicate = (trunc_ln67 == 8)> <Delay = 0.00>
ST_3 : Operation 424 [1/1] (1.58ns)   --->   "%store_ln39 = store i512 %AB_block_16, i512 %AB_block_7" [../MLP_baseline/mm.cpp:39]   --->   Operation 424 'store' 'store_ln39' <Predicate = (trunc_ln67 == 7)> <Delay = 1.58>
ST_3 : Operation 425 [1/1] (0.00ns)   --->   "%br_ln72 = br void %arrayidx.i.i6881256.exit" [../MLP_baseline/mm.cpp:72]   --->   Operation 425 'br' 'br_ln72' <Predicate = (trunc_ln67 == 7)> <Delay = 0.00>
ST_3 : Operation 426 [1/1] (1.58ns)   --->   "%store_ln39 = store i512 %AB_block_16, i512 %AB_block_6" [../MLP_baseline/mm.cpp:39]   --->   Operation 426 'store' 'store_ln39' <Predicate = (trunc_ln67 == 6)> <Delay = 1.58>
ST_3 : Operation 427 [1/1] (0.00ns)   --->   "%br_ln72 = br void %arrayidx.i.i6881256.exit" [../MLP_baseline/mm.cpp:72]   --->   Operation 427 'br' 'br_ln72' <Predicate = (trunc_ln67 == 6)> <Delay = 0.00>
ST_3 : Operation 428 [1/1] (1.58ns)   --->   "%store_ln39 = store i512 %AB_block_16, i512 %AB_block_5" [../MLP_baseline/mm.cpp:39]   --->   Operation 428 'store' 'store_ln39' <Predicate = (trunc_ln67 == 5)> <Delay = 1.58>
ST_3 : Operation 429 [1/1] (0.00ns)   --->   "%br_ln72 = br void %arrayidx.i.i6881256.exit" [../MLP_baseline/mm.cpp:72]   --->   Operation 429 'br' 'br_ln72' <Predicate = (trunc_ln67 == 5)> <Delay = 0.00>
ST_3 : Operation 430 [1/1] (1.58ns)   --->   "%store_ln39 = store i512 %AB_block_16, i512 %AB_block_4" [../MLP_baseline/mm.cpp:39]   --->   Operation 430 'store' 'store_ln39' <Predicate = (trunc_ln67 == 4)> <Delay = 1.58>
ST_3 : Operation 431 [1/1] (0.00ns)   --->   "%br_ln72 = br void %arrayidx.i.i6881256.exit" [../MLP_baseline/mm.cpp:72]   --->   Operation 431 'br' 'br_ln72' <Predicate = (trunc_ln67 == 4)> <Delay = 0.00>
ST_3 : Operation 432 [1/1] (1.58ns)   --->   "%store_ln39 = store i512 %AB_block_16, i512 %AB_block_3" [../MLP_baseline/mm.cpp:39]   --->   Operation 432 'store' 'store_ln39' <Predicate = (trunc_ln67 == 3)> <Delay = 1.58>
ST_3 : Operation 433 [1/1] (0.00ns)   --->   "%br_ln72 = br void %arrayidx.i.i6881256.exit" [../MLP_baseline/mm.cpp:72]   --->   Operation 433 'br' 'br_ln72' <Predicate = (trunc_ln67 == 3)> <Delay = 0.00>
ST_3 : Operation 434 [1/1] (1.58ns)   --->   "%store_ln39 = store i512 %AB_block_16, i512 %AB_block_2" [../MLP_baseline/mm.cpp:39]   --->   Operation 434 'store' 'store_ln39' <Predicate = (trunc_ln67 == 2)> <Delay = 1.58>
ST_3 : Operation 435 [1/1] (0.00ns)   --->   "%br_ln72 = br void %arrayidx.i.i6881256.exit" [../MLP_baseline/mm.cpp:72]   --->   Operation 435 'br' 'br_ln72' <Predicate = (trunc_ln67 == 2)> <Delay = 0.00>
ST_3 : Operation 436 [1/1] (1.58ns)   --->   "%store_ln39 = store i512 %AB_block_16, i512 %AB_block_1" [../MLP_baseline/mm.cpp:39]   --->   Operation 436 'store' 'store_ln39' <Predicate = (trunc_ln67 == 1)> <Delay = 1.58>
ST_3 : Operation 437 [1/1] (0.00ns)   --->   "%br_ln72 = br void %arrayidx.i.i6881256.exit" [../MLP_baseline/mm.cpp:72]   --->   Operation 437 'br' 'br_ln72' <Predicate = (trunc_ln67 == 1)> <Delay = 0.00>
ST_3 : Operation 438 [1/1] (1.58ns)   --->   "%store_ln39 = store i512 %AB_block_16, i512 %AB_block" [../MLP_baseline/mm.cpp:39]   --->   Operation 438 'store' 'store_ln39' <Predicate = (trunc_ln67 == 0)> <Delay = 1.58>
ST_3 : Operation 439 [1/1] (0.00ns)   --->   "%br_ln72 = br void %arrayidx.i.i6881256.exit" [../MLP_baseline/mm.cpp:72]   --->   Operation 439 'br' 'br_ln72' <Predicate = (trunc_ln67 == 0)> <Delay = 0.00>
ST_3 : Operation 440 [1/1] (1.58ns)   --->   "%store_ln39 = store i512 %AB_block_16, i512 %AB_block_15" [../MLP_baseline/mm.cpp:39]   --->   Operation 440 'store' 'store_ln39' <Predicate = (trunc_ln67 == 15)> <Delay = 1.58>
ST_3 : Operation 441 [1/1] (0.00ns)   --->   "%br_ln72 = br void %arrayidx.i.i6881256.exit" [../MLP_baseline/mm.cpp:72]   --->   Operation 441 'br' 'br_ln72' <Predicate = (trunc_ln67 == 15)> <Delay = 0.00>


============================================================
+ Verbose Summary: Binding
============================================================
STG Binding: 
---------------- STG Properties BEGIN ----------------
- Is combinational: 0
- Is one-state seq: 0
- Is datapath-only: 0
- Is pipelined: 0
- Is top level: 0
Port [ Return ] is wired: 1; IO mode=ap_ctrl_hs:ce=0
Port [ AB_block_47]:  wired=1; compound=0; hidden=0; nouse=0; global=0; static=0; extern=0; dir=0; type=0; pingpong=0; private_global=0; IO mode=ap_none:ce=0
Port [ AB_block_46]:  wired=1; compound=0; hidden=0; nouse=0; global=0; static=0; extern=0; dir=0; type=0; pingpong=0; private_global=0; IO mode=ap_none:ce=0
Port [ AB_block_45]:  wired=1; compound=0; hidden=0; nouse=0; global=0; static=0; extern=0; dir=0; type=0; pingpong=0; private_global=0; IO mode=ap_none:ce=0
Port [ AB_block_44]:  wired=1; compound=0; hidden=0; nouse=0; global=0; static=0; extern=0; dir=0; type=0; pingpong=0; private_global=0; IO mode=ap_none:ce=0
Port [ AB_block_43]:  wired=1; compound=0; hidden=0; nouse=0; global=0; static=0; extern=0; dir=0; type=0; pingpong=0; private_global=0; IO mode=ap_none:ce=0
Port [ AB_block_42]:  wired=1; compound=0; hidden=0; nouse=0; global=0; static=0; extern=0; dir=0; type=0; pingpong=0; private_global=0; IO mode=ap_none:ce=0
Port [ AB_block_41]:  wired=1; compound=0; hidden=0; nouse=0; global=0; static=0; extern=0; dir=0; type=0; pingpong=0; private_global=0; IO mode=ap_none:ce=0
Port [ AB_block_40]:  wired=1; compound=0; hidden=0; nouse=0; global=0; static=0; extern=0; dir=0; type=0; pingpong=0; private_global=0; IO mode=ap_none:ce=0
Port [ AB_block_39]:  wired=1; compound=0; hidden=0; nouse=0; global=0; static=0; extern=0; dir=0; type=0; pingpong=0; private_global=0; IO mode=ap_none:ce=0
Port [ AB_block_38]:  wired=1; compound=0; hidden=0; nouse=0; global=0; static=0; extern=0; dir=0; type=0; pingpong=0; private_global=0; IO mode=ap_none:ce=0
Port [ AB_block_37]:  wired=1; compound=0; hidden=0; nouse=0; global=0; static=0; extern=0; dir=0; type=0; pingpong=0; private_global=0; IO mode=ap_none:ce=0
Port [ AB_block_36]:  wired=1; compound=0; hidden=0; nouse=0; global=0; static=0; extern=0; dir=0; type=0; pingpong=0; private_global=0; IO mode=ap_none:ce=0
Port [ AB_block_35]:  wired=1; compound=0; hidden=0; nouse=0; global=0; static=0; extern=0; dir=0; type=0; pingpong=0; private_global=0; IO mode=ap_none:ce=0
Port [ AB_block_34]:  wired=1; compound=0; hidden=0; nouse=0; global=0; static=0; extern=0; dir=0; type=0; pingpong=0; private_global=0; IO mode=ap_none:ce=0
Port [ AB_block_33]:  wired=1; compound=0; hidden=0; nouse=0; global=0; static=0; extern=0; dir=0; type=0; pingpong=0; private_global=0; IO mode=ap_none:ce=0
Port [ AB_block_32]:  wired=1; compound=0; hidden=0; nouse=0; global=0; static=0; extern=0; dir=0; type=0; pingpong=0; private_global=0; IO mode=ap_none:ce=0
Port [ A_line]:  wired=1; compound=0; hidden=0; nouse=0; global=0; static=0; extern=0; dir=0; type=0; pingpong=0; private_global=0; IO mode=ap_none:ce=0
Port [ empty]:  wired=1; compound=0; hidden=0; nouse=0; global=0; static=0; extern=0; dir=0; type=0; pingpong=0; private_global=0; IO mode=ap_none:ce=0
Port [ trunc_ln63_2]:  wired=1; compound=0; hidden=0; nouse=0; global=0; static=0; extern=0; dir=0; type=0; pingpong=0; private_global=0; IO mode=ap_none:ce=0
Port [ trunc_ln63_3]:  wired=1; compound=0; hidden=0; nouse=0; global=0; static=0; extern=0; dir=0; type=0; pingpong=0; private_global=0; IO mode=ap_none:ce=0
Port [ trunc_ln63_4]:  wired=1; compound=0; hidden=0; nouse=0; global=0; static=0; extern=0; dir=0; type=0; pingpong=0; private_global=0; IO mode=ap_none:ce=0
Port [ trunc_ln63_5]:  wired=1; compound=0; hidden=0; nouse=0; global=0; static=0; extern=0; dir=0; type=0; pingpong=0; private_global=0; IO mode=ap_none:ce=0
Port [ trunc_ln63_6]:  wired=1; compound=0; hidden=0; nouse=0; global=0; static=0; extern=0; dir=0; type=0; pingpong=0; private_global=0; IO mode=ap_none:ce=0
Port [ trunc_ln63_7]:  wired=1; compound=0; hidden=0; nouse=0; global=0; static=0; extern=0; dir=0; type=0; pingpong=0; private_global=0; IO mode=ap_none:ce=0
Port [ trunc_ln63_8]:  wired=1; compound=0; hidden=0; nouse=0; global=0; static=0; extern=0; dir=0; type=0; pingpong=0; private_global=0; IO mode=ap_none:ce=0
Port [ trunc_ln63_9]:  wired=1; compound=0; hidden=0; nouse=0; global=0; static=0; extern=0; dir=0; type=0; pingpong=0; private_global=0; IO mode=ap_none:ce=0
Port [ trunc_ln63_10]:  wired=1; compound=0; hidden=0; nouse=0; global=0; static=0; extern=0; dir=0; type=0; pingpong=0; private_global=0; IO mode=ap_none:ce=0
Port [ trunc_ln63_11]:  wired=1; compound=0; hidden=0; nouse=0; global=0; static=0; extern=0; dir=0; type=0; pingpong=0; private_global=0; IO mode=ap_none:ce=0
Port [ trunc_ln63_12]:  wired=1; compound=0; hidden=0; nouse=0; global=0; static=0; extern=0; dir=0; type=0; pingpong=0; private_global=0; IO mode=ap_none:ce=0
Port [ trunc_ln63_13]:  wired=1; compound=0; hidden=0; nouse=0; global=0; static=0; extern=0; dir=0; type=0; pingpong=0; private_global=0; IO mode=ap_none:ce=0
Port [ trunc_ln63_14]:  wired=1; compound=0; hidden=0; nouse=0; global=0; static=0; extern=0; dir=0; type=0; pingpong=0; private_global=0; IO mode=ap_none:ce=0
Port [ trunc_ln63_15]:  wired=1; compound=0; hidden=0; nouse=0; global=0; static=0; extern=0; dir=0; type=0; pingpong=0; private_global=0; IO mode=ap_none:ce=0
Port [ trunc_ln63_16]:  wired=1; compound=0; hidden=0; nouse=0; global=0; static=0; extern=0; dir=0; type=0; pingpong=0; private_global=0; IO mode=ap_none:ce=0
Port [ AB_block_63_out]:  wired=1; compound=0; hidden=0; nouse=0; global=0; static=0; extern=0; dir=1; type=0; pingpong=0; private_global=0; IO mode=ap_vld:ce=0
Port [ AB_block_62_out]:  wired=1; compound=0; hidden=0; nouse=0; global=0; static=0; extern=0; dir=1; type=0; pingpong=0; private_global=0; IO mode=ap_vld:ce=0
Port [ AB_block_61_out]:  wired=1; compound=0; hidden=0; nouse=0; global=0; static=0; extern=0; dir=1; type=0; pingpong=0; private_global=0; IO mode=ap_vld:ce=0
Port [ AB_block_60_out]:  wired=1; compound=0; hidden=0; nouse=0; global=0; static=0; extern=0; dir=1; type=0; pingpong=0; private_global=0; IO mode=ap_vld:ce=0
Port [ AB_block_59_out]:  wired=1; compound=0; hidden=0; nouse=0; global=0; static=0; extern=0; dir=1; type=0; pingpong=0; private_global=0; IO mode=ap_vld:ce=0
Port [ AB_block_58_out]:  wired=1; compound=0; hidden=0; nouse=0; global=0; static=0; extern=0; dir=1; type=0; pingpong=0; private_global=0; IO mode=ap_vld:ce=0
Port [ AB_block_57_out]:  wired=1; compound=0; hidden=0; nouse=0; global=0; static=0; extern=0; dir=1; type=0; pingpong=0; private_global=0; IO mode=ap_vld:ce=0
Port [ AB_block_56_out]:  wired=1; compound=0; hidden=0; nouse=0; global=0; static=0; extern=0; dir=1; type=0; pingpong=0; private_global=0; IO mode=ap_vld:ce=0
Port [ AB_block_55_out]:  wired=1; compound=0; hidden=0; nouse=0; global=0; static=0; extern=0; dir=1; type=0; pingpong=0; private_global=0; IO mode=ap_vld:ce=0
Port [ AB_block_54_out]:  wired=1; compound=0; hidden=0; nouse=0; global=0; static=0; extern=0; dir=1; type=0; pingpong=0; private_global=0; IO mode=ap_vld:ce=0
Port [ AB_block_53_out]:  wired=1; compound=0; hidden=0; nouse=0; global=0; static=0; extern=0; dir=1; type=0; pingpong=0; private_global=0; IO mode=ap_vld:ce=0
Port [ AB_block_52_out]:  wired=1; compound=0; hidden=0; nouse=0; global=0; static=0; extern=0; dir=1; type=0; pingpong=0; private_global=0; IO mode=ap_vld:ce=0
Port [ AB_block_51_out]:  wired=1; compound=0; hidden=0; nouse=0; global=0; static=0; extern=0; dir=1; type=0; pingpong=0; private_global=0; IO mode=ap_vld:ce=0
Port [ AB_block_50_out]:  wired=1; compound=0; hidden=0; nouse=0; global=0; static=0; extern=0; dir=1; type=0; pingpong=0; private_global=0; IO mode=ap_vld:ce=0
Port [ AB_block_49_out]:  wired=1; compound=0; hidden=0; nouse=0; global=0; static=0; extern=0; dir=1; type=0; pingpong=0; private_global=0; IO mode=ap_vld:ce=0
Port [ AB_block_48_out]:  wired=1; compound=0; hidden=0; nouse=0; global=0; static=0; extern=0; dir=1; type=0; pingpong=0; private_global=0; IO mode=ap_vld:ce=0
---------------- STG Properties END ------------------

---------------- Datapath Model BEGIN ----------------

<LifeTime>
<method=bitvector/>
i                      (alloca           ) [ 0100]
AB_block               (alloca           ) [ 0111]
AB_block_1             (alloca           ) [ 0111]
AB_block_2             (alloca           ) [ 0111]
AB_block_3             (alloca           ) [ 0111]
AB_block_4             (alloca           ) [ 0111]
AB_block_5             (alloca           ) [ 0111]
AB_block_6             (alloca           ) [ 0111]
AB_block_7             (alloca           ) [ 0111]
AB_block_8             (alloca           ) [ 0111]
AB_block_9             (alloca           ) [ 0111]
AB_block_10            (alloca           ) [ 0111]
AB_block_11            (alloca           ) [ 0111]
AB_block_12            (alloca           ) [ 0111]
AB_block_13            (alloca           ) [ 0111]
AB_block_14            (alloca           ) [ 0111]
AB_block_15            (alloca           ) [ 0111]
trunc_ln63_16_read     (read             ) [ 0110]
trunc_ln63_15_read     (read             ) [ 0110]
trunc_ln63_14_read     (read             ) [ 0110]
trunc_ln63_13_read     (read             ) [ 0110]
trunc_ln63_12_read     (read             ) [ 0110]
trunc_ln63_11_read     (read             ) [ 0110]
trunc_ln63_10_read     (read             ) [ 0110]
trunc_ln63_9_read      (read             ) [ 0110]
trunc_ln63_8_read      (read             ) [ 0110]
trunc_ln63_7_read      (read             ) [ 0110]
trunc_ln63_6_read      (read             ) [ 0110]
trunc_ln63_5_read      (read             ) [ 0110]
trunc_ln63_4_read      (read             ) [ 0110]
trunc_ln63_3_read      (read             ) [ 0110]
trunc_ln63_2_read      (read             ) [ 0110]
tmp                    (read             ) [ 0110]
A_line_read            (read             ) [ 0000]
AB_block_32_read       (read             ) [ 0000]
AB_block_33_read       (read             ) [ 0000]
AB_block_34_read       (read             ) [ 0000]
AB_block_35_read       (read             ) [ 0000]
AB_block_36_read       (read             ) [ 0000]
AB_block_37_read       (read             ) [ 0000]
AB_block_38_read       (read             ) [ 0000]
AB_block_39_read       (read             ) [ 0000]
AB_block_40_read       (read             ) [ 0000]
AB_block_41_read       (read             ) [ 0000]
AB_block_42_read       (read             ) [ 0000]
AB_block_43_read       (read             ) [ 0000]
AB_block_44_read       (read             ) [ 0000]
AB_block_45_read       (read             ) [ 0000]
AB_block_46_read       (read             ) [ 0000]
AB_block_47_read       (read             ) [ 0000]
store_ln39             (store            ) [ 0000]
store_ln39             (store            ) [ 0000]
store_ln39             (store            ) [ 0000]
store_ln39             (store            ) [ 0000]
store_ln39             (store            ) [ 0000]
store_ln39             (store            ) [ 0000]
store_ln39             (store            ) [ 0000]
store_ln39             (store            ) [ 0000]
store_ln39             (store            ) [ 0000]
store_ln39             (store            ) [ 0000]
store_ln39             (store            ) [ 0000]
store_ln39             (store            ) [ 0000]
store_ln39             (store            ) [ 0000]
store_ln39             (store            ) [ 0000]
store_ln39             (store            ) [ 0000]
store_ln39             (store            ) [ 0000]
store_ln55             (store            ) [ 0000]
br_ln0                 (br               ) [ 0000]
i_1                    (load             ) [ 0000]
icmp_ln67              (icmp             ) [ 0110]
add_ln67               (add              ) [ 0000]
br_ln67                (br               ) [ 0000]
trunc_ln67             (trunc            ) [ 0111]
shl_ln56_1             (bitconcatenate   ) [ 0000]
zext_ln72              (zext             ) [ 0000]
lshr_ln72              (lshr             ) [ 0000]
trunc_ln72             (trunc            ) [ 0110]
switch_ln72            (switch           ) [ 0000]
store_ln55             (store            ) [ 0000]
br_ln67                (br               ) [ 0000]
mul_ln72               (mul              ) [ 0101]
mul_ln72_1             (mul              ) [ 0101]
mul_ln72_2             (mul              ) [ 0101]
mul_ln72_3             (mul              ) [ 0101]
mul_ln72_4             (mul              ) [ 0101]
mul_ln72_5             (mul              ) [ 0101]
mul_ln72_6             (mul              ) [ 0101]
mul_ln72_7             (mul              ) [ 0101]
mul_ln72_8             (mul              ) [ 0101]
mul_ln72_9             (mul              ) [ 0101]
mul_ln72_10            (mul              ) [ 0101]
mul_ln72_11            (mul              ) [ 0101]
mul_ln72_12            (mul              ) [ 0101]
mul_ln72_13            (mul              ) [ 0101]
mul_ln72_14            (mul              ) [ 0101]
mul_ln72_15            (mul              ) [ 0101]
AB_block_load_1        (load             ) [ 0000]
AB_block_1_load_1      (load             ) [ 0000]
AB_block_2_load_1      (load             ) [ 0000]
AB_block_3_load_1      (load             ) [ 0000]
AB_block_4_load_1      (load             ) [ 0000]
AB_block_5_load_1      (load             ) [ 0000]
AB_block_6_load_1      (load             ) [ 0000]
AB_block_7_load_1      (load             ) [ 0000]
AB_block_8_load_1      (load             ) [ 0000]
AB_block_9_load_1      (load             ) [ 0000]
AB_block_10_load_1     (load             ) [ 0000]
AB_block_11_load_1     (load             ) [ 0000]
AB_block_12_load_1     (load             ) [ 0000]
AB_block_13_load_1     (load             ) [ 0000]
AB_block_14_load_1     (load             ) [ 0000]
AB_block_15_load_1     (load             ) [ 0000]
specpipeline_ln68      (specpipeline     ) [ 0000]
speclooptripcount_ln39 (speclooptripcount) [ 0000]
specloopname_ln67      (specloopname     ) [ 0000]
trunc_ln72_1           (trunc            ) [ 0000]
trunc_ln72_2           (trunc            ) [ 0000]
trunc_ln72_3           (trunc            ) [ 0000]
trunc_ln72_4           (trunc            ) [ 0000]
trunc_ln72_5           (trunc            ) [ 0000]
trunc_ln72_6           (trunc            ) [ 0000]
trunc_ln72_7           (trunc            ) [ 0000]
trunc_ln72_8           (trunc            ) [ 0000]
trunc_ln72_9           (trunc            ) [ 0000]
trunc_ln72_10          (trunc            ) [ 0000]
trunc_ln72_11          (trunc            ) [ 0000]
trunc_ln72_12          (trunc            ) [ 0000]
trunc_ln72_13          (trunc            ) [ 0000]
trunc_ln72_14          (trunc            ) [ 0000]
trunc_ln72_15          (trunc            ) [ 0000]
trunc_ln72_256         (trunc            ) [ 0000]
tmp_s                  (sparsemux        ) [ 0000]
add_ln72               (add              ) [ 0000]
trunc_ln72_s           (partselect       ) [ 0000]
trunc_ln72_16          (partselect       ) [ 0000]
trunc_ln72_17          (partselect       ) [ 0000]
trunc_ln72_18          (partselect       ) [ 0000]
trunc_ln72_19          (partselect       ) [ 0000]
trunc_ln72_20          (partselect       ) [ 0000]
trunc_ln72_21          (partselect       ) [ 0000]
trunc_ln72_22          (partselect       ) [ 0000]
trunc_ln72_23          (partselect       ) [ 0000]
trunc_ln72_24          (partselect       ) [ 0000]
trunc_ln72_25          (partselect       ) [ 0000]
trunc_ln72_26          (partselect       ) [ 0000]
trunc_ln72_27          (partselect       ) [ 0000]
trunc_ln72_28          (partselect       ) [ 0000]
trunc_ln72_29          (partselect       ) [ 0000]
trunc_ln72_30          (partselect       ) [ 0000]
tmp_1                  (sparsemux        ) [ 0000]
add_ln72_1             (add              ) [ 0000]
trunc_ln72_31          (partselect       ) [ 0000]
trunc_ln72_32          (partselect       ) [ 0000]
trunc_ln72_33          (partselect       ) [ 0000]
trunc_ln72_34          (partselect       ) [ 0000]
trunc_ln72_35          (partselect       ) [ 0000]
trunc_ln72_36          (partselect       ) [ 0000]
trunc_ln72_37          (partselect       ) [ 0000]
trunc_ln72_38          (partselect       ) [ 0000]
trunc_ln72_39          (partselect       ) [ 0000]
trunc_ln72_40          (partselect       ) [ 0000]
trunc_ln72_41          (partselect       ) [ 0000]
trunc_ln72_42          (partselect       ) [ 0000]
trunc_ln72_43          (partselect       ) [ 0000]
trunc_ln72_44          (partselect       ) [ 0000]
trunc_ln72_45          (partselect       ) [ 0000]
trunc_ln72_46          (partselect       ) [ 0000]
tmp_2                  (sparsemux        ) [ 0000]
add_ln72_2             (add              ) [ 0000]
trunc_ln72_47          (partselect       ) [ 0000]
trunc_ln72_48          (partselect       ) [ 0000]
trunc_ln72_49          (partselect       ) [ 0000]
trunc_ln72_50          (partselect       ) [ 0000]
trunc_ln72_51          (partselect       ) [ 0000]
trunc_ln72_52          (partselect       ) [ 0000]
trunc_ln72_53          (partselect       ) [ 0000]
trunc_ln72_54          (partselect       ) [ 0000]
trunc_ln72_55          (partselect       ) [ 0000]
trunc_ln72_56          (partselect       ) [ 0000]
trunc_ln72_57          (partselect       ) [ 0000]
trunc_ln72_58          (partselect       ) [ 0000]
trunc_ln72_59          (partselect       ) [ 0000]
trunc_ln72_60          (partselect       ) [ 0000]
trunc_ln72_61          (partselect       ) [ 0000]
trunc_ln72_62          (partselect       ) [ 0000]
tmp_3                  (sparsemux        ) [ 0000]
add_ln72_3             (add              ) [ 0000]
trunc_ln72_63          (partselect       ) [ 0000]
trunc_ln72_64          (partselect       ) [ 0000]
trunc_ln72_65          (partselect       ) [ 0000]
trunc_ln72_66          (partselect       ) [ 0000]
trunc_ln72_67          (partselect       ) [ 0000]
trunc_ln72_68          (partselect       ) [ 0000]
trunc_ln72_69          (partselect       ) [ 0000]
trunc_ln72_70          (partselect       ) [ 0000]
trunc_ln72_71          (partselect       ) [ 0000]
trunc_ln72_72          (partselect       ) [ 0000]
trunc_ln72_73          (partselect       ) [ 0000]
trunc_ln72_74          (partselect       ) [ 0000]
trunc_ln72_75          (partselect       ) [ 0000]
trunc_ln72_76          (partselect       ) [ 0000]
trunc_ln72_77          (partselect       ) [ 0000]
trunc_ln72_78          (partselect       ) [ 0000]
tmp_4                  (sparsemux        ) [ 0000]
add_ln72_4             (add              ) [ 0000]
trunc_ln72_79          (partselect       ) [ 0000]
trunc_ln72_80          (partselect       ) [ 0000]
trunc_ln72_81          (partselect       ) [ 0000]
trunc_ln72_82          (partselect       ) [ 0000]
trunc_ln72_83          (partselect       ) [ 0000]
trunc_ln72_84          (partselect       ) [ 0000]
trunc_ln72_85          (partselect       ) [ 0000]
trunc_ln72_86          (partselect       ) [ 0000]
trunc_ln72_87          (partselect       ) [ 0000]
trunc_ln72_88          (partselect       ) [ 0000]
trunc_ln72_89          (partselect       ) [ 0000]
trunc_ln72_90          (partselect       ) [ 0000]
trunc_ln72_91          (partselect       ) [ 0000]
trunc_ln72_92          (partselect       ) [ 0000]
trunc_ln72_93          (partselect       ) [ 0000]
trunc_ln72_94          (partselect       ) [ 0000]
tmp_5                  (sparsemux        ) [ 0000]
add_ln72_5             (add              ) [ 0000]
trunc_ln72_95          (partselect       ) [ 0000]
trunc_ln72_96          (partselect       ) [ 0000]
trunc_ln72_97          (partselect       ) [ 0000]
trunc_ln72_98          (partselect       ) [ 0000]
trunc_ln72_99          (partselect       ) [ 0000]
trunc_ln72_100         (partselect       ) [ 0000]
trunc_ln72_101         (partselect       ) [ 0000]
trunc_ln72_102         (partselect       ) [ 0000]
trunc_ln72_103         (partselect       ) [ 0000]
trunc_ln72_104         (partselect       ) [ 0000]
trunc_ln72_105         (partselect       ) [ 0000]
trunc_ln72_106         (partselect       ) [ 0000]
trunc_ln72_107         (partselect       ) [ 0000]
trunc_ln72_108         (partselect       ) [ 0000]
trunc_ln72_109         (partselect       ) [ 0000]
trunc_ln72_110         (partselect       ) [ 0000]
tmp_6                  (sparsemux        ) [ 0000]
add_ln72_6             (add              ) [ 0000]
trunc_ln72_111         (partselect       ) [ 0000]
trunc_ln72_112         (partselect       ) [ 0000]
trunc_ln72_113         (partselect       ) [ 0000]
trunc_ln72_114         (partselect       ) [ 0000]
trunc_ln72_115         (partselect       ) [ 0000]
trunc_ln72_116         (partselect       ) [ 0000]
trunc_ln72_117         (partselect       ) [ 0000]
trunc_ln72_118         (partselect       ) [ 0000]
trunc_ln72_119         (partselect       ) [ 0000]
trunc_ln72_120         (partselect       ) [ 0000]
trunc_ln72_121         (partselect       ) [ 0000]
trunc_ln72_122         (partselect       ) [ 0000]
trunc_ln72_123         (partselect       ) [ 0000]
trunc_ln72_124         (partselect       ) [ 0000]
trunc_ln72_125         (partselect       ) [ 0000]
trunc_ln72_126         (partselect       ) [ 0000]
tmp_7                  (sparsemux        ) [ 0000]
add_ln72_7             (add              ) [ 0000]
trunc_ln72_127         (partselect       ) [ 0000]
trunc_ln72_128         (partselect       ) [ 0000]
trunc_ln72_129         (partselect       ) [ 0000]
trunc_ln72_130         (partselect       ) [ 0000]
trunc_ln72_131         (partselect       ) [ 0000]
trunc_ln72_132         (partselect       ) [ 0000]
trunc_ln72_133         (partselect       ) [ 0000]
trunc_ln72_134         (partselect       ) [ 0000]
trunc_ln72_135         (partselect       ) [ 0000]
trunc_ln72_136         (partselect       ) [ 0000]
trunc_ln72_137         (partselect       ) [ 0000]
trunc_ln72_138         (partselect       ) [ 0000]
trunc_ln72_139         (partselect       ) [ 0000]
trunc_ln72_140         (partselect       ) [ 0000]
trunc_ln72_141         (partselect       ) [ 0000]
trunc_ln72_142         (partselect       ) [ 0000]
tmp_8                  (sparsemux        ) [ 0000]
add_ln72_8             (add              ) [ 0000]
trunc_ln72_143         (partselect       ) [ 0000]
trunc_ln72_144         (partselect       ) [ 0000]
trunc_ln72_145         (partselect       ) [ 0000]
trunc_ln72_146         (partselect       ) [ 0000]
trunc_ln72_147         (partselect       ) [ 0000]
trunc_ln72_148         (partselect       ) [ 0000]
trunc_ln72_149         (partselect       ) [ 0000]
trunc_ln72_150         (partselect       ) [ 0000]
trunc_ln72_151         (partselect       ) [ 0000]
trunc_ln72_152         (partselect       ) [ 0000]
trunc_ln72_153         (partselect       ) [ 0000]
trunc_ln72_154         (partselect       ) [ 0000]
trunc_ln72_155         (partselect       ) [ 0000]
trunc_ln72_156         (partselect       ) [ 0000]
trunc_ln72_157         (partselect       ) [ 0000]
trunc_ln72_158         (partselect       ) [ 0000]
tmp_9                  (sparsemux        ) [ 0000]
add_ln72_9             (add              ) [ 0000]
trunc_ln72_159         (partselect       ) [ 0000]
trunc_ln72_160         (partselect       ) [ 0000]
trunc_ln72_161         (partselect       ) [ 0000]
trunc_ln72_162         (partselect       ) [ 0000]
trunc_ln72_163         (partselect       ) [ 0000]
trunc_ln72_164         (partselect       ) [ 0000]
trunc_ln72_165         (partselect       ) [ 0000]
trunc_ln72_166         (partselect       ) [ 0000]
trunc_ln72_167         (partselect       ) [ 0000]
trunc_ln72_168         (partselect       ) [ 0000]
trunc_ln72_169         (partselect       ) [ 0000]
trunc_ln72_170         (partselect       ) [ 0000]
trunc_ln72_171         (partselect       ) [ 0000]
trunc_ln72_172         (partselect       ) [ 0000]
trunc_ln72_173         (partselect       ) [ 0000]
trunc_ln72_174         (partselect       ) [ 0000]
tmp_10                 (sparsemux        ) [ 0000]
add_ln72_10            (add              ) [ 0000]
trunc_ln72_175         (partselect       ) [ 0000]
trunc_ln72_176         (partselect       ) [ 0000]
trunc_ln72_177         (partselect       ) [ 0000]
trunc_ln72_178         (partselect       ) [ 0000]
trunc_ln72_179         (partselect       ) [ 0000]
trunc_ln72_180         (partselect       ) [ 0000]
trunc_ln72_181         (partselect       ) [ 0000]
trunc_ln72_182         (partselect       ) [ 0000]
trunc_ln72_183         (partselect       ) [ 0000]
trunc_ln72_184         (partselect       ) [ 0000]
trunc_ln72_185         (partselect       ) [ 0000]
trunc_ln72_186         (partselect       ) [ 0000]
trunc_ln72_187         (partselect       ) [ 0000]
trunc_ln72_188         (partselect       ) [ 0000]
trunc_ln72_189         (partselect       ) [ 0000]
trunc_ln72_190         (partselect       ) [ 0000]
tmp_11                 (sparsemux        ) [ 0000]
add_ln72_11            (add              ) [ 0000]
trunc_ln72_191         (partselect       ) [ 0000]
trunc_ln72_192         (partselect       ) [ 0000]
trunc_ln72_193         (partselect       ) [ 0000]
trunc_ln72_194         (partselect       ) [ 0000]
trunc_ln72_195         (partselect       ) [ 0000]
trunc_ln72_196         (partselect       ) [ 0000]
trunc_ln72_197         (partselect       ) [ 0000]
trunc_ln72_198         (partselect       ) [ 0000]
trunc_ln72_199         (partselect       ) [ 0000]
trunc_ln72_200         (partselect       ) [ 0000]
trunc_ln72_201         (partselect       ) [ 0000]
trunc_ln72_202         (partselect       ) [ 0000]
trunc_ln72_203         (partselect       ) [ 0000]
trunc_ln72_204         (partselect       ) [ 0000]
trunc_ln72_205         (partselect       ) [ 0000]
trunc_ln72_206         (partselect       ) [ 0000]
tmp_12                 (sparsemux        ) [ 0000]
add_ln72_12            (add              ) [ 0000]
trunc_ln72_207         (partselect       ) [ 0000]
trunc_ln72_208         (partselect       ) [ 0000]
trunc_ln72_209         (partselect       ) [ 0000]
trunc_ln72_210         (partselect       ) [ 0000]
trunc_ln72_211         (partselect       ) [ 0000]
trunc_ln72_212         (partselect       ) [ 0000]
trunc_ln72_213         (partselect       ) [ 0000]
trunc_ln72_214         (partselect       ) [ 0000]
trunc_ln72_215         (partselect       ) [ 0000]
trunc_ln72_216         (partselect       ) [ 0000]
trunc_ln72_217         (partselect       ) [ 0000]
trunc_ln72_218         (partselect       ) [ 0000]
trunc_ln72_219         (partselect       ) [ 0000]
trunc_ln72_220         (partselect       ) [ 0000]
trunc_ln72_221         (partselect       ) [ 0000]
trunc_ln72_222         (partselect       ) [ 0000]
tmp_13                 (sparsemux        ) [ 0000]
add_ln72_13            (add              ) [ 0000]
trunc_ln72_223         (partselect       ) [ 0000]
trunc_ln72_224         (partselect       ) [ 0000]
trunc_ln72_225         (partselect       ) [ 0000]
trunc_ln72_226         (partselect       ) [ 0000]
trunc_ln72_227         (partselect       ) [ 0000]
trunc_ln72_228         (partselect       ) [ 0000]
trunc_ln72_229         (partselect       ) [ 0000]
trunc_ln72_230         (partselect       ) [ 0000]
trunc_ln72_231         (partselect       ) [ 0000]
trunc_ln72_232         (partselect       ) [ 0000]
trunc_ln72_233         (partselect       ) [ 0000]
trunc_ln72_234         (partselect       ) [ 0000]
trunc_ln72_235         (partselect       ) [ 0000]
trunc_ln72_236         (partselect       ) [ 0000]
trunc_ln72_237         (partselect       ) [ 0000]
trunc_ln72_238         (partselect       ) [ 0000]
tmp_14                 (sparsemux        ) [ 0000]
add_ln72_14            (add              ) [ 0000]
trunc_ln72_239         (partselect       ) [ 0000]
trunc_ln72_240         (partselect       ) [ 0000]
trunc_ln72_241         (partselect       ) [ 0000]
trunc_ln72_242         (partselect       ) [ 0000]
trunc_ln72_243         (partselect       ) [ 0000]
trunc_ln72_244         (partselect       ) [ 0000]
trunc_ln72_245         (partselect       ) [ 0000]
trunc_ln72_246         (partselect       ) [ 0000]
trunc_ln72_247         (partselect       ) [ 0000]
trunc_ln72_248         (partselect       ) [ 0000]
trunc_ln72_249         (partselect       ) [ 0000]
trunc_ln72_250         (partselect       ) [ 0000]
trunc_ln72_251         (partselect       ) [ 0000]
trunc_ln72_252         (partselect       ) [ 0000]
trunc_ln72_253         (partselect       ) [ 0000]
trunc_ln72_254         (partselect       ) [ 0000]
tmp_15                 (sparsemux        ) [ 0000]
add_ln72_15            (add              ) [ 0000]
AB_block_16            (bitconcatenate   ) [ 0000]
store_ln39             (store            ) [ 0000]
br_ln72                (br               ) [ 0000]
store_ln39             (store            ) [ 0000]
br_ln72                (br               ) [ 0000]
store_ln39             (store            ) [ 0000]
br_ln72                (br               ) [ 0000]
store_ln39             (store            ) [ 0000]
br_ln72                (br               ) [ 0000]
store_ln39             (store            ) [ 0000]
br_ln72                (br               ) [ 0000]
store_ln39             (store            ) [ 0000]
br_ln72                (br               ) [ 0000]
store_ln39             (store            ) [ 0000]
br_ln72                (br               ) [ 0000]
store_ln39             (store            ) [ 0000]
br_ln72                (br               ) [ 0000]
store_ln39             (store            ) [ 0000]
br_ln72                (br               ) [ 0000]
store_ln39             (store            ) [ 0000]
br_ln72                (br               ) [ 0000]
store_ln39             (store            ) [ 0000]
br_ln72                (br               ) [ 0000]
store_ln39             (store            ) [ 0000]
br_ln72                (br               ) [ 0000]
store_ln39             (store            ) [ 0000]
br_ln72                (br               ) [ 0000]
store_ln39             (store            ) [ 0000]
br_ln72                (br               ) [ 0000]
store_ln39             (store            ) [ 0000]
br_ln72                (br               ) [ 0000]
store_ln39             (store            ) [ 0000]
br_ln72                (br               ) [ 0000]
AB_block_load          (load             ) [ 0000]
AB_block_1_load        (load             ) [ 0000]
AB_block_2_load        (load             ) [ 0000]
AB_block_3_load        (load             ) [ 0000]
AB_block_4_load        (load             ) [ 0000]
AB_block_5_load        (load             ) [ 0000]
AB_block_6_load        (load             ) [ 0000]
AB_block_7_load        (load             ) [ 0000]
AB_block_8_load        (load             ) [ 0000]
AB_block_9_load        (load             ) [ 0000]
AB_block_10_load       (load             ) [ 0000]
AB_block_11_load       (load             ) [ 0000]
AB_block_12_load       (load             ) [ 0000]
AB_block_13_load       (load             ) [ 0000]
AB_block_14_load       (load             ) [ 0000]
AB_block_15_load       (load             ) [ 0000]
write_ln0              (write            ) [ 0000]
write_ln0              (write            ) [ 0000]
write_ln0              (write            ) [ 0000]
write_ln0              (write            ) [ 0000]
write_ln0              (write            ) [ 0000]
write_ln0              (write            ) [ 0000]
write_ln0              (write            ) [ 0000]
write_ln0              (write            ) [ 0000]
write_ln0              (write            ) [ 0000]
write_ln0              (write            ) [ 0000]
write_ln0              (write            ) [ 0000]
write_ln0              (write            ) [ 0000]
write_ln0              (write            ) [ 0000]
write_ln0              (write            ) [ 0000]
write_ln0              (write            ) [ 0000]
write_ln0              (write            ) [ 0000]
ret_ln0                (ret              ) [ 0000]
</LifeTime>

<model>

<comp_list>
<comp id="0" class="1000" name="AB_block_47">
<pin_list>
<pin id="1" dir="1" index="0" bw="1" slack="0"/>
</pin_list>
<bind>
<StgValue><ssdm name="AB_block_47"/></StgValue>
</bind>
</comp>

<comp id="2" class="1000" name="AB_block_46">
<pin_list>
<pin id="3" dir="1" index="0" bw="1" slack="0"/>
</pin_list>
<bind>
<StgValue><ssdm name="AB_block_46"/></StgValue>
</bind>
</comp>

<comp id="4" class="1000" name="AB_block_45">
<pin_list>
<pin id="5" dir="1" index="0" bw="1" slack="0"/>
</pin_list>
<bind>
<StgValue><ssdm name="AB_block_45"/></StgValue>
</bind>
</comp>

<comp id="6" class="1000" name="AB_block_44">
<pin_list>
<pin id="7" dir="1" index="0" bw="1" slack="0"/>
</pin_list>
<bind>
<StgValue><ssdm name="AB_block_44"/></StgValue>
</bind>
</comp>

<comp id="8" class="1000" name="AB_block_43">
<pin_list>
<pin id="9" dir="1" index="0" bw="1" slack="0"/>
</pin_list>
<bind>
<StgValue><ssdm name="AB_block_43"/></StgValue>
</bind>
</comp>

<comp id="10" class="1000" name="AB_block_42">
<pin_list>
<pin id="11" dir="1" index="0" bw="1" slack="0"/>
</pin_list>
<bind>
<StgValue><ssdm name="AB_block_42"/></StgValue>
</bind>
</comp>

<comp id="12" class="1000" name="AB_block_41">
<pin_list>
<pin id="13" dir="1" index="0" bw="1" slack="0"/>
</pin_list>
<bind>
<StgValue><ssdm name="AB_block_41"/></StgValue>
</bind>
</comp>

<comp id="14" class="1000" name="AB_block_40">
<pin_list>
<pin id="15" dir="1" index="0" bw="1" slack="0"/>
</pin_list>
<bind>
<StgValue><ssdm name="AB_block_40"/></StgValue>
</bind>
</comp>

<comp id="16" class="1000" name="AB_block_39">
<pin_list>
<pin id="17" dir="1" index="0" bw="1" slack="0"/>
</pin_list>
<bind>
<StgValue><ssdm name="AB_block_39"/></StgValue>
</bind>
</comp>

<comp id="18" class="1000" name="AB_block_38">
<pin_list>
<pin id="19" dir="1" index="0" bw="1" slack="0"/>
</pin_list>
<bind>
<StgValue><ssdm name="AB_block_38"/></StgValue>
</bind>
</comp>

<comp id="20" class="1000" name="AB_block_37">
<pin_list>
<pin id="21" dir="1" index="0" bw="1" slack="0"/>
</pin_list>
<bind>
<StgValue><ssdm name="AB_block_37"/></StgValue>
</bind>
</comp>

<comp id="22" class="1000" name="AB_block_36">
<pin_list>
<pin id="23" dir="1" index="0" bw="1" slack="0"/>
</pin_list>
<bind>
<StgValue><ssdm name="AB_block_36"/></StgValue>
</bind>
</comp>

<comp id="24" class="1000" name="AB_block_35">
<pin_list>
<pin id="25" dir="1" index="0" bw="1" slack="0"/>
</pin_list>
<bind>
<StgValue><ssdm name="AB_block_35"/></StgValue>
</bind>
</comp>

<comp id="26" class="1000" name="AB_block_34">
<pin_list>
<pin id="27" dir="1" index="0" bw="1" slack="0"/>
</pin_list>
<bind>
<StgValue><ssdm name="AB_block_34"/></StgValue>
</bind>
</comp>

<comp id="28" class="1000" name="AB_block_33">
<pin_list>
<pin id="29" dir="1" index="0" bw="1" slack="0"/>
</pin_list>
<bind>
<StgValue><ssdm name="AB_block_33"/></StgValue>
</bind>
</comp>

<comp id="30" class="1000" name="AB_block_32">
<pin_list>
<pin id="31" dir="1" index="0" bw="1" slack="0"/>
</pin_list>
<bind>
<StgValue><ssdm name="AB_block_32"/></StgValue>
</bind>
</comp>

<comp id="32" class="1000" name="A_line">
<pin_list>
<pin id="33" dir="1" index="0" bw="1" slack="0"/>
</pin_list>
<bind>
<StgValue><ssdm name="A_line"/></StgValue>
</bind>
</comp>

<comp id="34" class="1000" name="empty">
<pin_list>
<pin id="35" dir="1" index="0" bw="1" slack="0"/>
</pin_list>
<bind>
<StgValue><ssdm name="empty"/></StgValue>
</bind>
</comp>

<comp id="36" class="1000" name="trunc_ln63_2">
<pin_list>
<pin id="37" dir="1" index="0" bw="1" slack="0"/>
</pin_list>
<bind>
<StgValue><ssdm name="trunc_ln63_2"/></StgValue>
</bind>
</comp>

<comp id="38" class="1000" name="trunc_ln63_3">
<pin_list>
<pin id="39" dir="1" index="0" bw="1" slack="0"/>
</pin_list>
<bind>
<StgValue><ssdm name="trunc_ln63_3"/></StgValue>
</bind>
</comp>

<comp id="40" class="1000" name="trunc_ln63_4">
<pin_list>
<pin id="41" dir="1" index="0" bw="1" slack="0"/>
</pin_list>
<bind>
<StgValue><ssdm name="trunc_ln63_4"/></StgValue>
</bind>
</comp>

<comp id="42" class="1000" name="trunc_ln63_5">
<pin_list>
<pin id="43" dir="1" index="0" bw="1" slack="0"/>
</pin_list>
<bind>
<StgValue><ssdm name="trunc_ln63_5"/></StgValue>
</bind>
</comp>

<comp id="44" class="1000" name="trunc_ln63_6">
<pin_list>
<pin id="45" dir="1" index="0" bw="1" slack="0"/>
</pin_list>
<bind>
<StgValue><ssdm name="trunc_ln63_6"/></StgValue>
</bind>
</comp>

<comp id="46" class="1000" name="trunc_ln63_7">
<pin_list>
<pin id="47" dir="1" index="0" bw="1" slack="0"/>
</pin_list>
<bind>
<StgValue><ssdm name="trunc_ln63_7"/></StgValue>
</bind>
</comp>

<comp id="48" class="1000" name="trunc_ln63_8">
<pin_list>
<pin id="49" dir="1" index="0" bw="1" slack="0"/>
</pin_list>
<bind>
<StgValue><ssdm name="trunc_ln63_8"/></StgValue>
</bind>
</comp>

<comp id="50" class="1000" name="trunc_ln63_9">
<pin_list>
<pin id="51" dir="1" index="0" bw="1" slack="0"/>
</pin_list>
<bind>
<StgValue><ssdm name="trunc_ln63_9"/></StgValue>
</bind>
</comp>

<comp id="52" class="1000" name="trunc_ln63_10">
<pin_list>
<pin id="53" dir="1" index="0" bw="1" slack="0"/>
</pin_list>
<bind>
<StgValue><ssdm name="trunc_ln63_10"/></StgValue>
</bind>
</comp>

<comp id="54" class="1000" name="trunc_ln63_11">
<pin_list>
<pin id="55" dir="1" index="0" bw="1" slack="0"/>
</pin_list>
<bind>
<StgValue><ssdm name="trunc_ln63_11"/></StgValue>
</bind>
</comp>

<comp id="56" class="1000" name="trunc_ln63_12">
<pin_list>
<pin id="57" dir="1" index="0" bw="1" slack="0"/>
</pin_list>
<bind>
<StgValue><ssdm name="trunc_ln63_12"/></StgValue>
</bind>
</comp>

<comp id="58" class="1000" name="trunc_ln63_13">
<pin_list>
<pin id="59" dir="1" index="0" bw="1" slack="0"/>
</pin_list>
<bind>
<StgValue><ssdm name="trunc_ln63_13"/></StgValue>
</bind>
</comp>

<comp id="60" class="1000" name="trunc_ln63_14">
<pin_list>
<pin id="61" dir="1" index="0" bw="1" slack="0"/>
</pin_list>
<bind>
<StgValue><ssdm name="trunc_ln63_14"/></StgValue>
</bind>
</comp>

<comp id="62" class="1000" name="trunc_ln63_15">
<pin_list>
<pin id="63" dir="1" index="0" bw="1" slack="0"/>
</pin_list>
<bind>
<StgValue><ssdm name="trunc_ln63_15"/></StgValue>
</bind>
</comp>

<comp id="64" class="1000" name="trunc_ln63_16">
<pin_list>
<pin id="65" dir="1" index="0" bw="1" slack="0"/>
</pin_list>
<bind>
<StgValue><ssdm name="trunc_ln63_16"/></StgValue>
</bind>
</comp>

<comp id="66" class="1000" name="AB_block_63_out">
<pin_list>
<pin id="67" dir="1" index="0" bw="1" slack="0"/>
</pin_list>
<bind>
<StgValue><ssdm name="AB_block_63_out"/></StgValue>
</bind>
</comp>

<comp id="68" class="1000" name="AB_block_62_out">
<pin_list>
<pin id="69" dir="1" index="0" bw="1" slack="0"/>
</pin_list>
<bind>
<StgValue><ssdm name="AB_block_62_out"/></StgValue>
</bind>
</comp>

<comp id="70" class="1000" name="AB_block_61_out">
<pin_list>
<pin id="71" dir="1" index="0" bw="1" slack="0"/>
</pin_list>
<bind>
<StgValue><ssdm name="AB_block_61_out"/></StgValue>
</bind>
</comp>

<comp id="72" class="1000" name="AB_block_60_out">
<pin_list>
<pin id="73" dir="1" index="0" bw="1" slack="0"/>
</pin_list>
<bind>
<StgValue><ssdm name="AB_block_60_out"/></StgValue>
</bind>
</comp>

<comp id="74" class="1000" name="AB_block_59_out">
<pin_list>
<pin id="75" dir="1" index="0" bw="1" slack="0"/>
</pin_list>
<bind>
<StgValue><ssdm name="AB_block_59_out"/></StgValue>
</bind>
</comp>

<comp id="76" class="1000" name="AB_block_58_out">
<pin_list>
<pin id="77" dir="1" index="0" bw="1" slack="0"/>
</pin_list>
<bind>
<StgValue><ssdm name="AB_block_58_out"/></StgValue>
</bind>
</comp>

<comp id="78" class="1000" name="AB_block_57_out">
<pin_list>
<pin id="79" dir="1" index="0" bw="1" slack="0"/>
</pin_list>
<bind>
<StgValue><ssdm name="AB_block_57_out"/></StgValue>
</bind>
</comp>

<comp id="80" class="1000" name="AB_block_56_out">
<pin_list>
<pin id="81" dir="1" index="0" bw="1" slack="0"/>
</pin_list>
<bind>
<StgValue><ssdm name="AB_block_56_out"/></StgValue>
</bind>
</comp>

<comp id="82" class="1000" name="AB_block_55_out">
<pin_list>
<pin id="83" dir="1" index="0" bw="1" slack="0"/>
</pin_list>
<bind>
<StgValue><ssdm name="AB_block_55_out"/></StgValue>
</bind>
</comp>

<comp id="84" class="1000" name="AB_block_54_out">
<pin_list>
<pin id="85" dir="1" index="0" bw="1" slack="0"/>
</pin_list>
<bind>
<StgValue><ssdm name="AB_block_54_out"/></StgValue>
</bind>
</comp>

<comp id="86" class="1000" name="AB_block_53_out">
<pin_list>
<pin id="87" dir="1" index="0" bw="1" slack="0"/>
</pin_list>
<bind>
<StgValue><ssdm name="AB_block_53_out"/></StgValue>
</bind>
</comp>

<comp id="88" class="1000" name="AB_block_52_out">
<pin_list>
<pin id="89" dir="1" index="0" bw="1" slack="0"/>
</pin_list>
<bind>
<StgValue><ssdm name="AB_block_52_out"/></StgValue>
</bind>
</comp>

<comp id="90" class="1000" name="AB_block_51_out">
<pin_list>
<pin id="91" dir="1" index="0" bw="1" slack="0"/>
</pin_list>
<bind>
<StgValue><ssdm name="AB_block_51_out"/></StgValue>
</bind>
</comp>

<comp id="92" class="1000" name="AB_block_50_out">
<pin_list>
<pin id="93" dir="1" index="0" bw="1" slack="0"/>
</pin_list>
<bind>
<StgValue><ssdm name="AB_block_50_out"/></StgValue>
</bind>
</comp>

<comp id="94" class="1000" name="AB_block_49_out">
<pin_list>
<pin id="95" dir="1" index="0" bw="1" slack="0"/>
</pin_list>
<bind>
<StgValue><ssdm name="AB_block_49_out"/></StgValue>
</bind>
</comp>

<comp id="96" class="1000" name="AB_block_48_out">
<pin_list>
<pin id="97" dir="1" index="0" bw="1" slack="0"/>
</pin_list>
<bind>
<StgValue><ssdm name="AB_block_48_out"/></StgValue>
</bind>
</comp>

<comp id="98" class="1001" name="const_98">
<pin_list>
<pin id="99" dir="1" index="0" bw="1" slack="0"/>
</pin_list>
<bind>
<StgValue><ssdm name=""/></StgValue>
</bind>
</comp>

<comp id="100" class="1001" name="const_100">
<pin_list>
<pin id="101" dir="1" index="0" bw="1" slack="0"/>
</pin_list>
<bind>
<StgValue><ssdm name="_ssdm_op_Read.ap_auto.i32"/></StgValue>
</bind>
</comp>

<comp id="102" class="1001" name="const_102">
<pin_list>
<pin id="103" dir="1" index="0" bw="1" slack="0"/>
</pin_list>
<bind>
<StgValue><ssdm name="_ssdm_op_Read.ap_auto.i512"/></StgValue>
</bind>
</comp>

<comp id="104" class="1001" name="const_104">
<pin_list>
<pin id="105" dir="1" index="0" bw="1" slack="0"/>
</pin_list>
<bind>
<StgValue><ssdm name=""/></StgValue>
</bind>
</comp>

<comp id="106" class="1001" name="const_106">
<pin_list>
<pin id="107" dir="1" index="0" bw="1" slack="0"/>
</pin_list>
<bind>
<StgValue><ssdm name=""/></StgValue>
</bind>
</comp>

<comp id="108" class="1001" name="const_108">
<pin_list>
<pin id="109" dir="1" index="0" bw="1" slack="0"/>
</pin_list>
<bind>
<StgValue><ssdm name=""/></StgValue>
</bind>
</comp>

<comp id="110" class="1001" name="const_110">
<pin_list>
<pin id="111" dir="1" index="0" bw="1" slack="0"/>
</pin_list>
<bind>
<StgValue><ssdm name="_ssdm_op_BitConcatenate.i9.i4.i5"/></StgValue>
</bind>
</comp>

<comp id="112" class="1001" name="const_112">
<pin_list>
<pin id="113" dir="1" index="0" bw="1" slack="0"/>
</pin_list>
<bind>
<StgValue><ssdm name=""/></StgValue>
</bind>
</comp>

<comp id="114" class="1001" name="const_114">
<pin_list>
<pin id="115" dir="1" index="0" bw="1" slack="0"/>
</pin_list>
<bind>
<StgValue><ssdm name=""/></StgValue>
</bind>
</comp>

<comp id="116" class="1001" name="const_116">
<pin_list>
<pin id="117" dir="1" index="0" bw="1" slack="0"/>
</pin_list>
<bind>
<StgValue><ssdm name=""/></StgValue>
</bind>
</comp>

<comp id="118" class="1001" name="const_118">
<pin_list>
<pin id="119" dir="1" index="0" bw="1" slack="0"/>
</pin_list>
<bind>
<StgValue><ssdm name=""/></StgValue>
</bind>
</comp>

<comp id="120" class="1001" name="const_120">
<pin_list>
<pin id="121" dir="1" index="0" bw="1" slack="0"/>
</pin_list>
<bind>
<StgValue><ssdm name=""/></StgValue>
</bind>
</comp>

<comp id="122" class="1001" name="const_122">
<pin_list>
<pin id="123" dir="1" index="0" bw="1" slack="0"/>
</pin_list>
<bind>
<StgValue><ssdm name=""/></StgValue>
</bind>
</comp>

<comp id="124" class="1001" name="const_124">
<pin_list>
<pin id="125" dir="1" index="0" bw="1" slack="0"/>
</pin_list>
<bind>
<StgValue><ssdm name=""/></StgValue>
</bind>
</comp>

<comp id="126" class="1001" name="const_126">
<pin_list>
<pin id="127" dir="1" index="0" bw="1" slack="0"/>
</pin_list>
<bind>
<StgValue><ssdm name=""/></StgValue>
</bind>
</comp>

<comp id="128" class="1001" name="const_128">
<pin_list>
<pin id="129" dir="1" index="0" bw="1" slack="0"/>
</pin_list>
<bind>
<StgValue><ssdm name=""/></StgValue>
</bind>
</comp>

<comp id="130" class="1001" name="const_130">
<pin_list>
<pin id="131" dir="1" index="0" bw="1" slack="0"/>
</pin_list>
<bind>
<StgValue><ssdm name=""/></StgValue>
</bind>
</comp>

<comp id="132" class="1001" name="const_132">
<pin_list>
<pin id="133" dir="1" index="0" bw="1" slack="0"/>
</pin_list>
<bind>
<StgValue><ssdm name=""/></StgValue>
</bind>
</comp>

<comp id="134" class="1001" name="const_134">
<pin_list>
<pin id="135" dir="1" index="0" bw="1" slack="0"/>
</pin_list>
<bind>
<StgValue><ssdm name=""/></StgValue>
</bind>
</comp>

<comp id="136" class="1001" name="const_136">
<pin_list>
<pin id="137" dir="1" index="0" bw="1" slack="0"/>
</pin_list>
<bind>
<StgValue><ssdm name=""/></StgValue>
</bind>
</comp>

<comp id="138" class="1001" name="const_138">
<pin_list>
<pin id="139" dir="1" index="0" bw="1" slack="0"/>
</pin_list>
<bind>
<StgValue><ssdm name=""/></StgValue>
</bind>
</comp>

<comp id="140" class="1001" name="const_140">
<pin_list>
<pin id="141" dir="1" index="0" bw="1" slack="0"/>
</pin_list>
<bind>
<StgValue><ssdm name=""/></StgValue>
</bind>
</comp>

<comp id="142" class="1001" name="const_142">
<pin_list>
<pin id="143" dir="1" index="0" bw="1" slack="2147483647"/>
</pin_list>
<bind>
<StgValue><ssdm name="_ssdm_op_SpecPipeline"/></StgValue>
</bind>
</comp>

<comp id="144" class="1001" name="const_144">
<pin_list>
<pin id="145" dir="1" index="0" bw="1" slack="2147483647"/>
</pin_list>
<bind>
<StgValue><ssdm name=""/></StgValue>
</bind>
</comp>

<comp id="146" class="1001" name="const_146">
<pin_list>
<pin id="147" dir="1" index="0" bw="1" slack="2147483647"/>
</pin_list>
<bind>
<StgValue><ssdm name=""/></StgValue>
</bind>
</comp>

<comp id="148" class="1001" name="const_148">
<pin_list>
<pin id="149" dir="1" index="0" bw="1" slack="2147483647"/>
</pin_list>
<bind>
<StgValue><ssdm name="empty_0"/></StgValue>
</bind>
</comp>

<comp id="150" class="1001" name="const_150">
<pin_list>
<pin id="151" dir="1" index="0" bw="1" slack="2147483647"/>
</pin_list>
<bind>
<StgValue><ssdm name="_ssdm_op_SpecLoopTripCount"/></StgValue>
</bind>
</comp>

<comp id="152" class="1001" name="const_152">
<pin_list>
<pin id="153" dir="1" index="0" bw="1" slack="2147483647"/>
</pin_list>
<bind>
<StgValue><ssdm name=""/></StgValue>
</bind>
</comp>

<comp id="154" class="1001" name="const_154">
<pin_list>
<pin id="155" dir="1" index="0" bw="1" slack="2147483647"/>
</pin_list>
<bind>
<StgValue><ssdm name="_ssdm_op_SpecLoopName"/></StgValue>
</bind>
</comp>

<comp id="156" class="1001" name="const_156">
<pin_list>
<pin id="157" dir="1" index="0" bw="1" slack="2147483647"/>
</pin_list>
<bind>
<StgValue><ssdm name="empty_15"/></StgValue>
</bind>
</comp>

<comp id="158" class="1001" name="const_158">
<pin_list>
<pin id="159" dir="1" index="0" bw="1" slack="0"/>
</pin_list>
<bind>
<StgValue><ssdm name="_ssdm_op_SparseMux.ap_auto.16i32.i32.i4"/></StgValue>
</bind>
</comp>

<comp id="160" class="1001" name="const_160">
<pin_list>
<pin id="161" dir="1" index="0" bw="1" slack="0"/>
</pin_list>
<bind>
<StgValue><ssdm name=""/></StgValue>
</bind>
</comp>

<comp id="162" class="1001" name="const_162">
<pin_list>
<pin id="163" dir="1" index="0" bw="1" slack="0"/>
</pin_list>
<bind>
<StgValue><ssdm name=""/></StgValue>
</bind>
</comp>

<comp id="164" class="1001" name="const_164">
<pin_list>
<pin id="165" dir="1" index="0" bw="1" slack="0"/>
</pin_list>
<bind>
<StgValue><ssdm name="_ssdm_op_PartSelect.i32.i512.i32.i32"/></StgValue>
</bind>
</comp>

<comp id="166" class="1001" name="const_166">
<pin_list>
<pin id="167" dir="1" index="0" bw="1" slack="0"/>
</pin_list>
<bind>
<StgValue><ssdm name=""/></StgValue>
</bind>
</comp>

<comp id="168" class="1001" name="const_168">
<pin_list>
<pin id="169" dir="1" index="0" bw="1" slack="0"/>
</pin_list>
<bind>
<StgValue><ssdm name=""/></StgValue>
</bind>
</comp>

<comp id="170" class="1001" name="const_170">
<pin_list>
<pin id="171" dir="1" index="0" bw="1" slack="0"/>
</pin_list>
<bind>
<StgValue><ssdm name=""/></StgValue>
</bind>
</comp>

<comp id="172" class="1001" name="const_172">
<pin_list>
<pin id="173" dir="1" index="0" bw="1" slack="0"/>
</pin_list>
<bind>
<StgValue><ssdm name=""/></StgValue>
</bind>
</comp>

<comp id="174" class="1001" name="const_174">
<pin_list>
<pin id="175" dir="1" index="0" bw="1" slack="0"/>
</pin_list>
<bind>
<StgValue><ssdm name=""/></StgValue>
</bind>
</comp>

<comp id="176" class="1001" name="const_176">
<pin_list>
<pin id="177" dir="1" index="0" bw="1" slack="0"/>
</pin_list>
<bind>
<StgValue><ssdm name=""/></StgValue>
</bind>
</comp>

<comp id="178" class="1001" name="const_178">
<pin_list>
<pin id="179" dir="1" index="0" bw="1" slack="0"/>
</pin_list>
<bind>
<StgValue><ssdm name=""/></StgValue>
</bind>
</comp>

<comp id="180" class="1001" name="const_180">
<pin_list>
<pin id="181" dir="1" index="0" bw="1" slack="0"/>
</pin_list>
<bind>
<StgValue><ssdm name=""/></StgValue>
</bind>
</comp>

<comp id="182" class="1001" name="const_182">
<pin_list>
<pin id="183" dir="1" index="0" bw="1" slack="0"/>
</pin_list>
<bind>
<StgValue><ssdm name=""/></StgValue>
</bind>
</comp>

<comp id="184" class="1001" name="const_184">
<pin_list>
<pin id="185" dir="1" index="0" bw="1" slack="0"/>
</pin_list>
<bind>
<StgValue><ssdm name=""/></StgValue>
</bind>
</comp>

<comp id="186" class="1001" name="const_186">
<pin_list>
<pin id="187" dir="1" index="0" bw="1" slack="0"/>
</pin_list>
<bind>
<StgValue><ssdm name=""/></StgValue>
</bind>
</comp>

<comp id="188" class="1001" name="const_188">
<pin_list>
<pin id="189" dir="1" index="0" bw="1" slack="0"/>
</pin_list>
<bind>
<StgValue><ssdm name=""/></StgValue>
</bind>
</comp>

<comp id="190" class="1001" name="const_190">
<pin_list>
<pin id="191" dir="1" index="0" bw="1" slack="0"/>
</pin_list>
<bind>
<StgValue><ssdm name=""/></StgValue>
</bind>
</comp>

<comp id="192" class="1001" name="const_192">
<pin_list>
<pin id="193" dir="1" index="0" bw="1" slack="0"/>
</pin_list>
<bind>
<StgValue><ssdm name=""/></StgValue>
</bind>
</comp>

<comp id="194" class="1001" name="const_194">
<pin_list>
<pin id="195" dir="1" index="0" bw="1" slack="0"/>
</pin_list>
<bind>
<StgValue><ssdm name=""/></StgValue>
</bind>
</comp>

<comp id="196" class="1001" name="const_196">
<pin_list>
<pin id="197" dir="1" index="0" bw="1" slack="0"/>
</pin_list>
<bind>
<StgValue><ssdm name=""/></StgValue>
</bind>
</comp>

<comp id="198" class="1001" name="const_198">
<pin_list>
<pin id="199" dir="1" index="0" bw="1" slack="0"/>
</pin_list>
<bind>
<StgValue><ssdm name=""/></StgValue>
</bind>
</comp>

<comp id="200" class="1001" name="const_200">
<pin_list>
<pin id="201" dir="1" index="0" bw="1" slack="0"/>
</pin_list>
<bind>
<StgValue><ssdm name=""/></StgValue>
</bind>
</comp>

<comp id="202" class="1001" name="const_202">
<pin_list>
<pin id="203" dir="1" index="0" bw="1" slack="0"/>
</pin_list>
<bind>
<StgValue><ssdm name=""/></StgValue>
</bind>
</comp>

<comp id="204" class="1001" name="const_204">
<pin_list>
<pin id="205" dir="1" index="0" bw="1" slack="0"/>
</pin_list>
<bind>
<StgValue><ssdm name=""/></StgValue>
</bind>
</comp>

<comp id="206" class="1001" name="const_206">
<pin_list>
<pin id="207" dir="1" index="0" bw="1" slack="0"/>
</pin_list>
<bind>
<StgValue><ssdm name=""/></StgValue>
</bind>
</comp>

<comp id="208" class="1001" name="const_208">
<pin_list>
<pin id="209" dir="1" index="0" bw="1" slack="0"/>
</pin_list>
<bind>
<StgValue><ssdm name=""/></StgValue>
</bind>
</comp>

<comp id="210" class="1001" name="const_210">
<pin_list>
<pin id="211" dir="1" index="0" bw="1" slack="0"/>
</pin_list>
<bind>
<StgValue><ssdm name=""/></StgValue>
</bind>
</comp>

<comp id="212" class="1001" name="const_212">
<pin_list>
<pin id="213" dir="1" index="0" bw="1" slack="0"/>
</pin_list>
<bind>
<StgValue><ssdm name=""/></StgValue>
</bind>
</comp>

<comp id="214" class="1001" name="const_214">
<pin_list>
<pin id="215" dir="1" index="0" bw="1" slack="0"/>
</pin_list>
<bind>
<StgValue><ssdm name=""/></StgValue>
</bind>
</comp>

<comp id="216" class="1001" name="const_216">
<pin_list>
<pin id="217" dir="1" index="0" bw="1" slack="0"/>
</pin_list>
<bind>
<StgValue><ssdm name=""/></StgValue>
</bind>
</comp>

<comp id="218" class="1001" name="const_218">
<pin_list>
<pin id="219" dir="1" index="0" bw="1" slack="0"/>
</pin_list>
<bind>
<StgValue><ssdm name=""/></StgValue>
</bind>
</comp>

<comp id="220" class="1001" name="const_220">
<pin_list>
<pin id="221" dir="1" index="0" bw="1" slack="0"/>
</pin_list>
<bind>
<StgValue><ssdm name=""/></StgValue>
</bind>
</comp>

<comp id="222" class="1001" name="const_222">
<pin_list>
<pin id="223" dir="1" index="0" bw="1" slack="0"/>
</pin_list>
<bind>
<StgValue><ssdm name=""/></StgValue>
</bind>
</comp>

<comp id="224" class="1001" name="const_224">
<pin_list>
<pin id="225" dir="1" index="0" bw="1" slack="0"/>
</pin_list>
<bind>
<StgValue><ssdm name=""/></StgValue>
</bind>
</comp>

<comp id="226" class="1001" name="const_226">
<pin_list>
<pin id="227" dir="1" index="0" bw="1" slack="0"/>
</pin_list>
<bind>
<StgValue><ssdm name="_ssdm_op_BitConcatenate.i512.i32.i32.i32.i32.i32.i32.i32.i32.i32.i32.i32.i32.i32.i32.i32.i32"/></StgValue>
</bind>
</comp>

<comp id="228" class="1001" name="const_228">
<pin_list>
<pin id="229" dir="1" index="0" bw="1" slack="0"/>
</pin_list>
<bind>
<StgValue><ssdm name="_ssdm_op_Write.ap_auto.i512P0A"/></StgValue>
</bind>
</comp>

<comp id="230" class="1004" name="i_fu_230">
<pin_list>
<pin id="231" dir="0" index="0" bw="1" slack="0"/>
<pin id="232" dir="1" index="1" bw="5" slack="0"/>
</pin_list>
<bind>
<opcode="alloca(26) " fcode="alloca"/>
<opset="i/1 "/>
</bind>
</comp>

<comp id="234" class="1004" name="AB_block_fu_234">
<pin_list>
<pin id="235" dir="0" index="0" bw="1" slack="0"/>
<pin id="236" dir="1" index="1" bw="512" slack="0"/>
</pin_list>
<bind>
<opcode="alloca(26) " fcode="alloca"/>
<opset="AB_block/1 "/>
</bind>
</comp>

<comp id="238" class="1004" name="AB_block_1_fu_238">
<pin_list>
<pin id="239" dir="0" index="0" bw="1" slack="0"/>
<pin id="240" dir="1" index="1" bw="512" slack="0"/>
</pin_list>
<bind>
<opcode="alloca(26) " fcode="alloca"/>
<opset="AB_block_1/1 "/>
</bind>
</comp>

<comp id="242" class="1004" name="AB_block_2_fu_242">
<pin_list>
<pin id="243" dir="0" index="0" bw="1" slack="0"/>
<pin id="244" dir="1" index="1" bw="512" slack="0"/>
</pin_list>
<bind>
<opcode="alloca(26) " fcode="alloca"/>
<opset="AB_block_2/1 "/>
</bind>
</comp>

<comp id="246" class="1004" name="AB_block_3_fu_246">
<pin_list>
<pin id="247" dir="0" index="0" bw="1" slack="0"/>
<pin id="248" dir="1" index="1" bw="512" slack="0"/>
</pin_list>
<bind>
<opcode="alloca(26) " fcode="alloca"/>
<opset="AB_block_3/1 "/>
</bind>
</comp>

<comp id="250" class="1004" name="AB_block_4_fu_250">
<pin_list>
<pin id="251" dir="0" index="0" bw="1" slack="0"/>
<pin id="252" dir="1" index="1" bw="512" slack="0"/>
</pin_list>
<bind>
<opcode="alloca(26) " fcode="alloca"/>
<opset="AB_block_4/1 "/>
</bind>
</comp>

<comp id="254" class="1004" name="AB_block_5_fu_254">
<pin_list>
<pin id="255" dir="0" index="0" bw="1" slack="0"/>
<pin id="256" dir="1" index="1" bw="512" slack="0"/>
</pin_list>
<bind>
<opcode="alloca(26) " fcode="alloca"/>
<opset="AB_block_5/1 "/>
</bind>
</comp>

<comp id="258" class="1004" name="AB_block_6_fu_258">
<pin_list>
<pin id="259" dir="0" index="0" bw="1" slack="0"/>
<pin id="260" dir="1" index="1" bw="512" slack="0"/>
</pin_list>
<bind>
<opcode="alloca(26) " fcode="alloca"/>
<opset="AB_block_6/1 "/>
</bind>
</comp>

<comp id="262" class="1004" name="AB_block_7_fu_262">
<pin_list>
<pin id="263" dir="0" index="0" bw="1" slack="0"/>
<pin id="264" dir="1" index="1" bw="512" slack="0"/>
</pin_list>
<bind>
<opcode="alloca(26) " fcode="alloca"/>
<opset="AB_block_7/1 "/>
</bind>
</comp>

<comp id="266" class="1004" name="AB_block_8_fu_266">
<pin_list>
<pin id="267" dir="0" index="0" bw="1" slack="0"/>
<pin id="268" dir="1" index="1" bw="512" slack="0"/>
</pin_list>
<bind>
<opcode="alloca(26) " fcode="alloca"/>
<opset="AB_block_8/1 "/>
</bind>
</comp>

<comp id="270" class="1004" name="AB_block_9_fu_270">
<pin_list>
<pin id="271" dir="0" index="0" bw="1" slack="0"/>
<pin id="272" dir="1" index="1" bw="512" slack="0"/>
</pin_list>
<bind>
<opcode="alloca(26) " fcode="alloca"/>
<opset="AB_block_9/1 "/>
</bind>
</comp>

<comp id="274" class="1004" name="AB_block_10_fu_274">
<pin_list>
<pin id="275" dir="0" index="0" bw="1" slack="0"/>
<pin id="276" dir="1" index="1" bw="512" slack="0"/>
</pin_list>
<bind>
<opcode="alloca(26) " fcode="alloca"/>
<opset="AB_block_10/1 "/>
</bind>
</comp>

<comp id="278" class="1004" name="AB_block_11_fu_278">
<pin_list>
<pin id="279" dir="0" index="0" bw="1" slack="0"/>
<pin id="280" dir="1" index="1" bw="512" slack="0"/>
</pin_list>
<bind>
<opcode="alloca(26) " fcode="alloca"/>
<opset="AB_block_11/1 "/>
</bind>
</comp>

<comp id="282" class="1004" name="AB_block_12_fu_282">
<pin_list>
<pin id="283" dir="0" index="0" bw="1" slack="0"/>
<pin id="284" dir="1" index="1" bw="512" slack="0"/>
</pin_list>
<bind>
<opcode="alloca(26) " fcode="alloca"/>
<opset="AB_block_12/1 "/>
</bind>
</comp>

<comp id="286" class="1004" name="AB_block_13_fu_286">
<pin_list>
<pin id="287" dir="0" index="0" bw="1" slack="0"/>
<pin id="288" dir="1" index="1" bw="512" slack="0"/>
</pin_list>
<bind>
<opcode="alloca(26) " fcode="alloca"/>
<opset="AB_block_13/1 "/>
</bind>
</comp>

<comp id="290" class="1004" name="AB_block_14_fu_290">
<pin_list>
<pin id="291" dir="0" index="0" bw="1" slack="0"/>
<pin id="292" dir="1" index="1" bw="512" slack="0"/>
</pin_list>
<bind>
<opcode="alloca(26) " fcode="alloca"/>
<opset="AB_block_14/1 "/>
</bind>
</comp>

<comp id="294" class="1004" name="AB_block_15_fu_294">
<pin_list>
<pin id="295" dir="0" index="0" bw="1" slack="0"/>
<pin id="296" dir="1" index="1" bw="512" slack="0"/>
</pin_list>
<bind>
<opcode="alloca(26) " fcode="alloca"/>
<opset="AB_block_15/1 "/>
</bind>
</comp>

<comp id="298" class="1004" name="trunc_ln63_16_read_read_fu_298">
<pin_list>
<pin id="299" dir="0" index="0" bw="32" slack="0"/>
<pin id="300" dir="0" index="1" bw="32" slack="0"/>
<pin id="301" dir="1" index="2" bw="32" slack="1"/>
</pin_list>
<bind>
<opcode="read(1150) " fcode="read"/>
<opset="trunc_ln63_16_read/1 "/>
</bind>
</comp>

<comp id="304" class="1004" name="trunc_ln63_15_read_read_fu_304">
<pin_list>
<pin id="305" dir="0" index="0" bw="32" slack="0"/>
<pin id="306" dir="0" index="1" bw="32" slack="0"/>
<pin id="307" dir="1" index="2" bw="32" slack="1"/>
</pin_list>
<bind>
<opcode="read(1150) " fcode="read"/>
<opset="trunc_ln63_15_read/1 "/>
</bind>
</comp>

<comp id="310" class="1004" name="trunc_ln63_14_read_read_fu_310">
<pin_list>
<pin id="311" dir="0" index="0" bw="32" slack="0"/>
<pin id="312" dir="0" index="1" bw="32" slack="0"/>
<pin id="313" dir="1" index="2" bw="32" slack="1"/>
</pin_list>
<bind>
<opcode="read(1150) " fcode="read"/>
<opset="trunc_ln63_14_read/1 "/>
</bind>
</comp>

<comp id="316" class="1004" name="trunc_ln63_13_read_read_fu_316">
<pin_list>
<pin id="317" dir="0" index="0" bw="32" slack="0"/>
<pin id="318" dir="0" index="1" bw="32" slack="0"/>
<pin id="319" dir="1" index="2" bw="32" slack="1"/>
</pin_list>
<bind>
<opcode="read(1150) " fcode="read"/>
<opset="trunc_ln63_13_read/1 "/>
</bind>
</comp>

<comp id="322" class="1004" name="trunc_ln63_12_read_read_fu_322">
<pin_list>
<pin id="323" dir="0" index="0" bw="32" slack="0"/>
<pin id="324" dir="0" index="1" bw="32" slack="0"/>
<pin id="325" dir="1" index="2" bw="32" slack="1"/>
</pin_list>
<bind>
<opcode="read(1150) " fcode="read"/>
<opset="trunc_ln63_12_read/1 "/>
</bind>
</comp>

<comp id="328" class="1004" name="trunc_ln63_11_read_read_fu_328">
<pin_list>
<pin id="329" dir="0" index="0" bw="32" slack="0"/>
<pin id="330" dir="0" index="1" bw="32" slack="0"/>
<pin id="331" dir="1" index="2" bw="32" slack="1"/>
</pin_list>
<bind>
<opcode="read(1150) " fcode="read"/>
<opset="trunc_ln63_11_read/1 "/>
</bind>
</comp>

<comp id="334" class="1004" name="trunc_ln63_10_read_read_fu_334">
<pin_list>
<pin id="335" dir="0" index="0" bw="32" slack="0"/>
<pin id="336" dir="0" index="1" bw="32" slack="0"/>
<pin id="337" dir="1" index="2" bw="32" slack="1"/>
</pin_list>
<bind>
<opcode="read(1150) " fcode="read"/>
<opset="trunc_ln63_10_read/1 "/>
</bind>
</comp>

<comp id="340" class="1004" name="trunc_ln63_9_read_read_fu_340">
<pin_list>
<pin id="341" dir="0" index="0" bw="32" slack="0"/>
<pin id="342" dir="0" index="1" bw="32" slack="0"/>
<pin id="343" dir="1" index="2" bw="32" slack="1"/>
</pin_list>
<bind>
<opcode="read(1150) " fcode="read"/>
<opset="trunc_ln63_9_read/1 "/>
</bind>
</comp>

<comp id="346" class="1004" name="trunc_ln63_8_read_read_fu_346">
<pin_list>
<pin id="347" dir="0" index="0" bw="32" slack="0"/>
<pin id="348" dir="0" index="1" bw="32" slack="0"/>
<pin id="349" dir="1" index="2" bw="32" slack="1"/>
</pin_list>
<bind>
<opcode="read(1150) " fcode="read"/>
<opset="trunc_ln63_8_read/1 "/>
</bind>
</comp>

<comp id="352" class="1004" name="trunc_ln63_7_read_read_fu_352">
<pin_list>
<pin id="353" dir="0" index="0" bw="32" slack="0"/>
<pin id="354" dir="0" index="1" bw="32" slack="0"/>
<pin id="355" dir="1" index="2" bw="32" slack="1"/>
</pin_list>
<bind>
<opcode="read(1150) " fcode="read"/>
<opset="trunc_ln63_7_read/1 "/>
</bind>
</comp>

<comp id="358" class="1004" name="trunc_ln63_6_read_read_fu_358">
<pin_list>
<pin id="359" dir="0" index="0" bw="32" slack="0"/>
<pin id="360" dir="0" index="1" bw="32" slack="0"/>
<pin id="361" dir="1" index="2" bw="32" slack="1"/>
</pin_list>
<bind>
<opcode="read(1150) " fcode="read"/>
<opset="trunc_ln63_6_read/1 "/>
</bind>
</comp>

<comp id="364" class="1004" name="trunc_ln63_5_read_read_fu_364">
<pin_list>
<pin id="365" dir="0" index="0" bw="32" slack="0"/>
<pin id="366" dir="0" index="1" bw="32" slack="0"/>
<pin id="367" dir="1" index="2" bw="32" slack="1"/>
</pin_list>
<bind>
<opcode="read(1150) " fcode="read"/>
<opset="trunc_ln63_5_read/1 "/>
</bind>
</comp>

<comp id="370" class="1004" name="trunc_ln63_4_read_read_fu_370">
<pin_list>
<pin id="371" dir="0" index="0" bw="32" slack="0"/>
<pin id="372" dir="0" index="1" bw="32" slack="0"/>
<pin id="373" dir="1" index="2" bw="32" slack="1"/>
</pin_list>
<bind>
<opcode="read(1150) " fcode="read"/>
<opset="trunc_ln63_4_read/1 "/>
</bind>
</comp>

<comp id="376" class="1004" name="trunc_ln63_3_read_read_fu_376">
<pin_list>
<pin id="377" dir="0" index="0" bw="32" slack="0"/>
<pin id="378" dir="0" index="1" bw="32" slack="0"/>
<pin id="379" dir="1" index="2" bw="32" slack="1"/>
</pin_list>
<bind>
<opcode="read(1150) " fcode="read"/>
<opset="trunc_ln63_3_read/1 "/>
</bind>
</comp>

<comp id="382" class="1004" name="trunc_ln63_2_read_read_fu_382">
<pin_list>
<pin id="383" dir="0" index="0" bw="32" slack="0"/>
<pin id="384" dir="0" index="1" bw="32" slack="0"/>
<pin id="385" dir="1" index="2" bw="32" slack="1"/>
</pin_list>
<bind>
<opcode="read(1150) " fcode="read"/>
<opset="trunc_ln63_2_read/1 "/>
</bind>
</comp>

<comp id="388" class="1004" name="tmp_read_fu_388">
<pin_list>
<pin id="389" dir="0" index="0" bw="32" slack="0"/>
<pin id="390" dir="0" index="1" bw="32" slack="0"/>
<pin id="391" dir="1" index="2" bw="32" slack="1"/>
</pin_list>
<bind>
<opcode="read(1150) " fcode="read"/>
<opset="tmp/1 "/>
</bind>
</comp>

<comp id="394" class="1004" name="A_line_read_read_fu_394">
<pin_list>
<pin id="395" dir="0" index="0" bw="512" slack="0"/>
<pin id="396" dir="0" index="1" bw="512" slack="0"/>
<pin id="397" dir="1" index="2" bw="512" slack="0"/>
</pin_list>
<bind>
<opcode="read(1150) " fcode="read"/>
<opset="A_line_read/1 "/>
</bind>
</comp>

<comp id="400" class="1004" name="AB_block_32_read_read_fu_400">
<pin_list>
<pin id="401" dir="0" index="0" bw="512" slack="0"/>
<pin id="402" dir="0" index="1" bw="512" slack="0"/>
<pin id="403" dir="1" index="2" bw="512" slack="0"/>
</pin_list>
<bind>
<opcode="read(1150) " fcode="read"/>
<opset="AB_block_32_read/1 "/>
</bind>
</comp>

<comp id="406" class="1004" name="AB_block_33_read_read_fu_406">
<pin_list>
<pin id="407" dir="0" index="0" bw="512" slack="0"/>
<pin id="408" dir="0" index="1" bw="512" slack="0"/>
<pin id="409" dir="1" index="2" bw="512" slack="0"/>
</pin_list>
<bind>
<opcode="read(1150) " fcode="read"/>
<opset="AB_block_33_read/1 "/>
</bind>
</comp>

<comp id="412" class="1004" name="AB_block_34_read_read_fu_412">
<pin_list>
<pin id="413" dir="0" index="0" bw="512" slack="0"/>
<pin id="414" dir="0" index="1" bw="512" slack="0"/>
<pin id="415" dir="1" index="2" bw="512" slack="0"/>
</pin_list>
<bind>
<opcode="read(1150) " fcode="read"/>
<opset="AB_block_34_read/1 "/>
</bind>
</comp>

<comp id="418" class="1004" name="AB_block_35_read_read_fu_418">
<pin_list>
<pin id="419" dir="0" index="0" bw="512" slack="0"/>
<pin id="420" dir="0" index="1" bw="512" slack="0"/>
<pin id="421" dir="1" index="2" bw="512" slack="0"/>
</pin_list>
<bind>
<opcode="read(1150) " fcode="read"/>
<opset="AB_block_35_read/1 "/>
</bind>
</comp>

<comp id="424" class="1004" name="AB_block_36_read_read_fu_424">
<pin_list>
<pin id="425" dir="0" index="0" bw="512" slack="0"/>
<pin id="426" dir="0" index="1" bw="512" slack="0"/>
<pin id="427" dir="1" index="2" bw="512" slack="0"/>
</pin_list>
<bind>
<opcode="read(1150) " fcode="read"/>
<opset="AB_block_36_read/1 "/>
</bind>
</comp>

<comp id="430" class="1004" name="AB_block_37_read_read_fu_430">
<pin_list>
<pin id="431" dir="0" index="0" bw="512" slack="0"/>
<pin id="432" dir="0" index="1" bw="512" slack="0"/>
<pin id="433" dir="1" index="2" bw="512" slack="0"/>
</pin_list>
<bind>
<opcode="read(1150) " fcode="read"/>
<opset="AB_block_37_read/1 "/>
</bind>
</comp>

<comp id="436" class="1004" name="AB_block_38_read_read_fu_436">
<pin_list>
<pin id="437" dir="0" index="0" bw="512" slack="0"/>
<pin id="438" dir="0" index="1" bw="512" slack="0"/>
<pin id="439" dir="1" index="2" bw="512" slack="0"/>
</pin_list>
<bind>
<opcode="read(1150) " fcode="read"/>
<opset="AB_block_38_read/1 "/>
</bind>
</comp>

<comp id="442" class="1004" name="AB_block_39_read_read_fu_442">
<pin_list>
<pin id="443" dir="0" index="0" bw="512" slack="0"/>
<pin id="444" dir="0" index="1" bw="512" slack="0"/>
<pin id="445" dir="1" index="2" bw="512" slack="0"/>
</pin_list>
<bind>
<opcode="read(1150) " fcode="read"/>
<opset="AB_block_39_read/1 "/>
</bind>
</comp>

<comp id="448" class="1004" name="AB_block_40_read_read_fu_448">
<pin_list>
<pin id="449" dir="0" index="0" bw="512" slack="0"/>
<pin id="450" dir="0" index="1" bw="512" slack="0"/>
<pin id="451" dir="1" index="2" bw="512" slack="0"/>
</pin_list>
<bind>
<opcode="read(1150) " fcode="read"/>
<opset="AB_block_40_read/1 "/>
</bind>
</comp>

<comp id="454" class="1004" name="AB_block_41_read_read_fu_454">
<pin_list>
<pin id="455" dir="0" index="0" bw="512" slack="0"/>
<pin id="456" dir="0" index="1" bw="512" slack="0"/>
<pin id="457" dir="1" index="2" bw="512" slack="0"/>
</pin_list>
<bind>
<opcode="read(1150) " fcode="read"/>
<opset="AB_block_41_read/1 "/>
</bind>
</comp>

<comp id="460" class="1004" name="AB_block_42_read_read_fu_460">
<pin_list>
<pin id="461" dir="0" index="0" bw="512" slack="0"/>
<pin id="462" dir="0" index="1" bw="512" slack="0"/>
<pin id="463" dir="1" index="2" bw="512" slack="0"/>
</pin_list>
<bind>
<opcode="read(1150) " fcode="read"/>
<opset="AB_block_42_read/1 "/>
</bind>
</comp>

<comp id="466" class="1004" name="AB_block_43_read_read_fu_466">
<pin_list>
<pin id="467" dir="0" index="0" bw="512" slack="0"/>
<pin id="468" dir="0" index="1" bw="512" slack="0"/>
<pin id="469" dir="1" index="2" bw="512" slack="0"/>
</pin_list>
<bind>
<opcode="read(1150) " fcode="read"/>
<opset="AB_block_43_read/1 "/>
</bind>
</comp>

<comp id="472" class="1004" name="AB_block_44_read_read_fu_472">
<pin_list>
<pin id="473" dir="0" index="0" bw="512" slack="0"/>
<pin id="474" dir="0" index="1" bw="512" slack="0"/>
<pin id="475" dir="1" index="2" bw="512" slack="0"/>
</pin_list>
<bind>
<opcode="read(1150) " fcode="read"/>
<opset="AB_block_44_read/1 "/>
</bind>
</comp>

<comp id="478" class="1004" name="AB_block_45_read_read_fu_478">
<pin_list>
<pin id="479" dir="0" index="0" bw="512" slack="0"/>
<pin id="480" dir="0" index="1" bw="512" slack="0"/>
<pin id="481" dir="1" index="2" bw="512" slack="0"/>
</pin_list>
<bind>
<opcode="read(1150) " fcode="read"/>
<opset="AB_block_45_read/1 "/>
</bind>
</comp>

<comp id="484" class="1004" name="AB_block_46_read_read_fu_484">
<pin_list>
<pin id="485" dir="0" index="0" bw="512" slack="0"/>
<pin id="486" dir="0" index="1" bw="512" slack="0"/>
<pin id="487" dir="1" index="2" bw="512" slack="0"/>
</pin_list>
<bind>
<opcode="read(1150) " fcode="read"/>
<opset="AB_block_46_read/1 "/>
</bind>
</comp>

<comp id="490" class="1004" name="AB_block_47_read_read_fu_490">
<pin_list>
<pin id="491" dir="0" index="0" bw="512" slack="0"/>
<pin id="492" dir="0" index="1" bw="512" slack="0"/>
<pin id="493" dir="1" index="2" bw="512" slack="0"/>
</pin_list>
<bind>
<opcode="read(1150) " fcode="read"/>
<opset="AB_block_47_read/1 "/>
</bind>
</comp>

<comp id="496" class="1004" name="write_ln0_write_fu_496">
<pin_list>
<pin id="497" dir="0" index="0" bw="0" slack="0"/>
<pin id="498" dir="0" index="1" bw="512" slack="0"/>
<pin id="499" dir="0" index="2" bw="512" slack="0"/>
<pin id="500" dir="1" index="3" bw="0" slack="2147483647"/>
</pin_list>
<bind>
<opcode="write(1151) " fcode="write"/>
<opset="write_ln0/2 "/>
</bind>
</comp>

<comp id="503" class="1004" name="write_ln0_write_fu_503">
<pin_list>
<pin id="504" dir="0" index="0" bw="0" slack="0"/>
<pin id="505" dir="0" index="1" bw="512" slack="0"/>
<pin id="506" dir="0" index="2" bw="512" slack="0"/>
<pin id="507" dir="1" index="3" bw="0" slack="2147483647"/>
</pin_list>
<bind>
<opcode="write(1151) " fcode="write"/>
<opset="write_ln0/2 "/>
</bind>
</comp>

<comp id="510" class="1004" name="write_ln0_write_fu_510">
<pin_list>
<pin id="511" dir="0" index="0" bw="0" slack="0"/>
<pin id="512" dir="0" index="1" bw="512" slack="0"/>
<pin id="513" dir="0" index="2" bw="512" slack="0"/>
<pin id="514" dir="1" index="3" bw="0" slack="2147483647"/>
</pin_list>
<bind>
<opcode="write(1151) " fcode="write"/>
<opset="write_ln0/2 "/>
</bind>
</comp>

<comp id="517" class="1004" name="write_ln0_write_fu_517">
<pin_list>
<pin id="518" dir="0" index="0" bw="0" slack="0"/>
<pin id="519" dir="0" index="1" bw="512" slack="0"/>
<pin id="520" dir="0" index="2" bw="512" slack="0"/>
<pin id="521" dir="1" index="3" bw="0" slack="2147483647"/>
</pin_list>
<bind>
<opcode="write(1151) " fcode="write"/>
<opset="write_ln0/2 "/>
</bind>
</comp>

<comp id="524" class="1004" name="write_ln0_write_fu_524">
<pin_list>
<pin id="525" dir="0" index="0" bw="0" slack="0"/>
<pin id="526" dir="0" index="1" bw="512" slack="0"/>
<pin id="527" dir="0" index="2" bw="512" slack="0"/>
<pin id="528" dir="1" index="3" bw="0" slack="2147483647"/>
</pin_list>
<bind>
<opcode="write(1151) " fcode="write"/>
<opset="write_ln0/2 "/>
</bind>
</comp>

<comp id="531" class="1004" name="write_ln0_write_fu_531">
<pin_list>
<pin id="532" dir="0" index="0" bw="0" slack="0"/>
<pin id="533" dir="0" index="1" bw="512" slack="0"/>
<pin id="534" dir="0" index="2" bw="512" slack="0"/>
<pin id="535" dir="1" index="3" bw="0" slack="2147483647"/>
</pin_list>
<bind>
<opcode="write(1151) " fcode="write"/>
<opset="write_ln0/2 "/>
</bind>
</comp>

<comp id="538" class="1004" name="write_ln0_write_fu_538">
<pin_list>
<pin id="539" dir="0" index="0" bw="0" slack="0"/>
<pin id="540" dir="0" index="1" bw="512" slack="0"/>
<pin id="541" dir="0" index="2" bw="512" slack="0"/>
<pin id="542" dir="1" index="3" bw="0" slack="2147483647"/>
</pin_list>
<bind>
<opcode="write(1151) " fcode="write"/>
<opset="write_ln0/2 "/>
</bind>
</comp>

<comp id="545" class="1004" name="write_ln0_write_fu_545">
<pin_list>
<pin id="546" dir="0" index="0" bw="0" slack="0"/>
<pin id="547" dir="0" index="1" bw="512" slack="0"/>
<pin id="548" dir="0" index="2" bw="512" slack="0"/>
<pin id="549" dir="1" index="3" bw="0" slack="2147483647"/>
</pin_list>
<bind>
<opcode="write(1151) " fcode="write"/>
<opset="write_ln0/2 "/>
</bind>
</comp>

<comp id="552" class="1004" name="write_ln0_write_fu_552">
<pin_list>
<pin id="553" dir="0" index="0" bw="0" slack="0"/>
<pin id="554" dir="0" index="1" bw="512" slack="0"/>
<pin id="555" dir="0" index="2" bw="512" slack="0"/>
<pin id="556" dir="1" index="3" bw="0" slack="2147483647"/>
</pin_list>
<bind>
<opcode="write(1151) " fcode="write"/>
<opset="write_ln0/2 "/>
</bind>
</comp>

<comp id="559" class="1004" name="write_ln0_write_fu_559">
<pin_list>
<pin id="560" dir="0" index="0" bw="0" slack="0"/>
<pin id="561" dir="0" index="1" bw="512" slack="0"/>
<pin id="562" dir="0" index="2" bw="512" slack="0"/>
<pin id="563" dir="1" index="3" bw="0" slack="2147483647"/>
</pin_list>
<bind>
<opcode="write(1151) " fcode="write"/>
<opset="write_ln0/2 "/>
</bind>
</comp>

<comp id="566" class="1004" name="write_ln0_write_fu_566">
<pin_list>
<pin id="567" dir="0" index="0" bw="0" slack="0"/>
<pin id="568" dir="0" index="1" bw="512" slack="0"/>
<pin id="569" dir="0" index="2" bw="512" slack="0"/>
<pin id="570" dir="1" index="3" bw="0" slack="2147483647"/>
</pin_list>
<bind>
<opcode="write(1151) " fcode="write"/>
<opset="write_ln0/2 "/>
</bind>
</comp>

<comp id="573" class="1004" name="write_ln0_write_fu_573">
<pin_list>
<pin id="574" dir="0" index="0" bw="0" slack="0"/>
<pin id="575" dir="0" index="1" bw="512" slack="0"/>
<pin id="576" dir="0" index="2" bw="512" slack="0"/>
<pin id="577" dir="1" index="3" bw="0" slack="2147483647"/>
</pin_list>
<bind>
<opcode="write(1151) " fcode="write"/>
<opset="write_ln0/2 "/>
</bind>
</comp>

<comp id="580" class="1004" name="write_ln0_write_fu_580">
<pin_list>
<pin id="581" dir="0" index="0" bw="0" slack="0"/>
<pin id="582" dir="0" index="1" bw="512" slack="0"/>
<pin id="583" dir="0" index="2" bw="512" slack="0"/>
<pin id="584" dir="1" index="3" bw="0" slack="2147483647"/>
</pin_list>
<bind>
<opcode="write(1151) " fcode="write"/>
<opset="write_ln0/2 "/>
</bind>
</comp>

<comp id="587" class="1004" name="write_ln0_write_fu_587">
<pin_list>
<pin id="588" dir="0" index="0" bw="0" slack="0"/>
<pin id="589" dir="0" index="1" bw="512" slack="0"/>
<pin id="590" dir="0" index="2" bw="512" slack="0"/>
<pin id="591" dir="1" index="3" bw="0" slack="2147483647"/>
</pin_list>
<bind>
<opcode="write(1151) " fcode="write"/>
<opset="write_ln0/2 "/>
</bind>
</comp>

<comp id="594" class="1004" name="write_ln0_write_fu_594">
<pin_list>
<pin id="595" dir="0" index="0" bw="0" slack="0"/>
<pin id="596" dir="0" index="1" bw="512" slack="0"/>
<pin id="597" dir="0" index="2" bw="512" slack="0"/>
<pin id="598" dir="1" index="3" bw="0" slack="2147483647"/>
</pin_list>
<bind>
<opcode="write(1151) " fcode="write"/>
<opset="write_ln0/2 "/>
</bind>
</comp>

<comp id="601" class="1004" name="write_ln0_write_fu_601">
<pin_list>
<pin id="602" dir="0" index="0" bw="0" slack="0"/>
<pin id="603" dir="0" index="1" bw="512" slack="0"/>
<pin id="604" dir="0" index="2" bw="512" slack="0"/>
<pin id="605" dir="1" index="3" bw="0" slack="2147483647"/>
</pin_list>
<bind>
<opcode="write(1151) " fcode="write"/>
<opset="write_ln0/2 "/>
</bind>
</comp>

<comp id="608" class="1004" name="mul_ln72_fu_608">
<pin_list>
<pin id="609" dir="0" index="0" bw="32" slack="1"/>
<pin id="610" dir="0" index="1" bw="32" slack="1"/>
<pin id="611" dir="1" index="2" bw="32" slack="1"/>
</pin_list>
<bind>
<opcode="mul(12) " fcode="mul"/>
<opset="mul_ln72/2 "/>
</bind>
</comp>

<comp id="612" class="1004" name="mul_ln72_1_fu_612">
<pin_list>
<pin id="613" dir="0" index="0" bw="32" slack="1"/>
<pin id="614" dir="0" index="1" bw="32" slack="1"/>
<pin id="615" dir="1" index="2" bw="32" slack="1"/>
</pin_list>
<bind>
<opcode="mul(12) " fcode="mul"/>
<opset="mul_ln72_1/2 "/>
</bind>
</comp>

<comp id="616" class="1004" name="mul_ln72_2_fu_616">
<pin_list>
<pin id="617" dir="0" index="0" bw="32" slack="1"/>
<pin id="618" dir="0" index="1" bw="32" slack="1"/>
<pin id="619" dir="1" index="2" bw="32" slack="1"/>
</pin_list>
<bind>
<opcode="mul(12) " fcode="mul"/>
<opset="mul_ln72_2/2 "/>
</bind>
</comp>

<comp id="620" class="1004" name="mul_ln72_3_fu_620">
<pin_list>
<pin id="621" dir="0" index="0" bw="32" slack="1"/>
<pin id="622" dir="0" index="1" bw="32" slack="1"/>
<pin id="623" dir="1" index="2" bw="32" slack="1"/>
</pin_list>
<bind>
<opcode="mul(12) " fcode="mul"/>
<opset="mul_ln72_3/2 "/>
</bind>
</comp>

<comp id="624" class="1004" name="mul_ln72_4_fu_624">
<pin_list>
<pin id="625" dir="0" index="0" bw="32" slack="1"/>
<pin id="626" dir="0" index="1" bw="32" slack="1"/>
<pin id="627" dir="1" index="2" bw="32" slack="1"/>
</pin_list>
<bind>
<opcode="mul(12) " fcode="mul"/>
<opset="mul_ln72_4/2 "/>
</bind>
</comp>

<comp id="628" class="1004" name="mul_ln72_5_fu_628">
<pin_list>
<pin id="629" dir="0" index="0" bw="32" slack="1"/>
<pin id="630" dir="0" index="1" bw="32" slack="1"/>
<pin id="631" dir="1" index="2" bw="32" slack="1"/>
</pin_list>
<bind>
<opcode="mul(12) " fcode="mul"/>
<opset="mul_ln72_5/2 "/>
</bind>
</comp>

<comp id="632" class="1004" name="mul_ln72_6_fu_632">
<pin_list>
<pin id="633" dir="0" index="0" bw="32" slack="1"/>
<pin id="634" dir="0" index="1" bw="32" slack="1"/>
<pin id="635" dir="1" index="2" bw="32" slack="1"/>
</pin_list>
<bind>
<opcode="mul(12) " fcode="mul"/>
<opset="mul_ln72_6/2 "/>
</bind>
</comp>

<comp id="636" class="1004" name="mul_ln72_7_fu_636">
<pin_list>
<pin id="637" dir="0" index="0" bw="32" slack="1"/>
<pin id="638" dir="0" index="1" bw="32" slack="1"/>
<pin id="639" dir="1" index="2" bw="32" slack="1"/>
</pin_list>
<bind>
<opcode="mul(12) " fcode="mul"/>
<opset="mul_ln72_7/2 "/>
</bind>
</comp>

<comp id="640" class="1004" name="mul_ln72_8_fu_640">
<pin_list>
<pin id="641" dir="0" index="0" bw="32" slack="1"/>
<pin id="642" dir="0" index="1" bw="32" slack="1"/>
<pin id="643" dir="1" index="2" bw="32" slack="1"/>
</pin_list>
<bind>
<opcode="mul(12) " fcode="mul"/>
<opset="mul_ln72_8/2 "/>
</bind>
</comp>

<comp id="644" class="1004" name="mul_ln72_9_fu_644">
<pin_list>
<pin id="645" dir="0" index="0" bw="32" slack="1"/>
<pin id="646" dir="0" index="1" bw="32" slack="1"/>
<pin id="647" dir="1" index="2" bw="32" slack="1"/>
</pin_list>
<bind>
<opcode="mul(12) " fcode="mul"/>
<opset="mul_ln72_9/2 "/>
</bind>
</comp>

<comp id="648" class="1004" name="mul_ln72_10_fu_648">
<pin_list>
<pin id="649" dir="0" index="0" bw="32" slack="1"/>
<pin id="650" dir="0" index="1" bw="32" slack="1"/>
<pin id="651" dir="1" index="2" bw="32" slack="1"/>
</pin_list>
<bind>
<opcode="mul(12) " fcode="mul"/>
<opset="mul_ln72_10/2 "/>
</bind>
</comp>

<comp id="652" class="1004" name="mul_ln72_11_fu_652">
<pin_list>
<pin id="653" dir="0" index="0" bw="32" slack="1"/>
<pin id="654" dir="0" index="1" bw="32" slack="1"/>
<pin id="655" dir="1" index="2" bw="32" slack="1"/>
</pin_list>
<bind>
<opcode="mul(12) " fcode="mul"/>
<opset="mul_ln72_11/2 "/>
</bind>
</comp>

<comp id="656" class="1004" name="mul_ln72_12_fu_656">
<pin_list>
<pin id="657" dir="0" index="0" bw="32" slack="1"/>
<pin id="658" dir="0" index="1" bw="32" slack="1"/>
<pin id="659" dir="1" index="2" bw="32" slack="1"/>
</pin_list>
<bind>
<opcode="mul(12) " fcode="mul"/>
<opset="mul_ln72_12/2 "/>
</bind>
</comp>

<comp id="660" class="1004" name="mul_ln72_13_fu_660">
<pin_list>
<pin id="661" dir="0" index="0" bw="32" slack="1"/>
<pin id="662" dir="0" index="1" bw="32" slack="1"/>
<pin id="663" dir="1" index="2" bw="32" slack="1"/>
</pin_list>
<bind>
<opcode="mul(12) " fcode="mul"/>
<opset="mul_ln72_13/2 "/>
</bind>
</comp>

<comp id="664" class="1004" name="mul_ln72_14_fu_664">
<pin_list>
<pin id="665" dir="0" index="0" bw="32" slack="1"/>
<pin id="666" dir="0" index="1" bw="32" slack="1"/>
<pin id="667" dir="1" index="2" bw="32" slack="1"/>
</pin_list>
<bind>
<opcode="mul(12) " fcode="mul"/>
<opset="mul_ln72_14/2 "/>
</bind>
</comp>

<comp id="668" class="1004" name="mul_ln72_15_fu_668">
<pin_list>
<pin id="669" dir="0" index="0" bw="32" slack="1"/>
<pin id="670" dir="0" index="1" bw="32" slack="1"/>
<pin id="671" dir="1" index="2" bw="32" slack="1"/>
</pin_list>
<bind>
<opcode="mul(12) " fcode="mul"/>
<opset="mul_ln72_15/2 "/>
</bind>
</comp>

<comp id="672" class="1004" name="store_ln39_store_fu_672">
<pin_list>
<pin id="673" dir="0" index="0" bw="512" slack="0"/>
<pin id="674" dir="0" index="1" bw="512" slack="0"/>
<pin id="675" dir="1" index="2" bw="0" slack="2147483647"/>
</pin_list>
<bind>
<opcode="store(28) " fcode="store"/>
<opset="store_ln39/1 "/>
</bind>
</comp>

<comp id="677" class="1004" name="store_ln39_store_fu_677">
<pin_list>
<pin id="678" dir="0" index="0" bw="512" slack="0"/>
<pin id="679" dir="0" index="1" bw="512" slack="0"/>
<pin id="680" dir="1" index="2" bw="0" slack="2147483647"/>
</pin_list>
<bind>
<opcode="store(28) " fcode="store"/>
<opset="store_ln39/1 "/>
</bind>
</comp>

<comp id="682" class="1004" name="store_ln39_store_fu_682">
<pin_list>
<pin id="683" dir="0" index="0" bw="512" slack="0"/>
<pin id="684" dir="0" index="1" bw="512" slack="0"/>
<pin id="685" dir="1" index="2" bw="0" slack="2147483647"/>
</pin_list>
<bind>
<opcode="store(28) " fcode="store"/>
<opset="store_ln39/1 "/>
</bind>
</comp>

<comp id="687" class="1004" name="store_ln39_store_fu_687">
<pin_list>
<pin id="688" dir="0" index="0" bw="512" slack="0"/>
<pin id="689" dir="0" index="1" bw="512" slack="0"/>
<pin id="690" dir="1" index="2" bw="0" slack="2147483647"/>
</pin_list>
<bind>
<opcode="store(28) " fcode="store"/>
<opset="store_ln39/1 "/>
</bind>
</comp>

<comp id="692" class="1004" name="store_ln39_store_fu_692">
<pin_list>
<pin id="693" dir="0" index="0" bw="512" slack="0"/>
<pin id="694" dir="0" index="1" bw="512" slack="0"/>
<pin id="695" dir="1" index="2" bw="0" slack="2147483647"/>
</pin_list>
<bind>
<opcode="store(28) " fcode="store"/>
<opset="store_ln39/1 "/>
</bind>
</comp>

<comp id="697" class="1004" name="store_ln39_store_fu_697">
<pin_list>
<pin id="698" dir="0" index="0" bw="512" slack="0"/>
<pin id="699" dir="0" index="1" bw="512" slack="0"/>
<pin id="700" dir="1" index="2" bw="0" slack="2147483647"/>
</pin_list>
<bind>
<opcode="store(28) " fcode="store"/>
<opset="store_ln39/1 "/>
</bind>
</comp>

<comp id="702" class="1004" name="store_ln39_store_fu_702">
<pin_list>
<pin id="703" dir="0" index="0" bw="512" slack="0"/>
<pin id="704" dir="0" index="1" bw="512" slack="0"/>
<pin id="705" dir="1" index="2" bw="0" slack="2147483647"/>
</pin_list>
<bind>
<opcode="store(28) " fcode="store"/>
<opset="store_ln39/1 "/>
</bind>
</comp>

<comp id="707" class="1004" name="store_ln39_store_fu_707">
<pin_list>
<pin id="708" dir="0" index="0" bw="512" slack="0"/>
<pin id="709" dir="0" index="1" bw="512" slack="0"/>
<pin id="710" dir="1" index="2" bw="0" slack="2147483647"/>
</pin_list>
<bind>
<opcode="store(28) " fcode="store"/>
<opset="store_ln39/1 "/>
</bind>
</comp>

<comp id="712" class="1004" name="store_ln39_store_fu_712">
<pin_list>
<pin id="713" dir="0" index="0" bw="512" slack="0"/>
<pin id="714" dir="0" index="1" bw="512" slack="0"/>
<pin id="715" dir="1" index="2" bw="0" slack="2147483647"/>
</pin_list>
<bind>
<opcode="store(28) " fcode="store"/>
<opset="store_ln39/1 "/>
</bind>
</comp>

<comp id="717" class="1004" name="store_ln39_store_fu_717">
<pin_list>
<pin id="718" dir="0" index="0" bw="512" slack="0"/>
<pin id="719" dir="0" index="1" bw="512" slack="0"/>
<pin id="720" dir="1" index="2" bw="0" slack="2147483647"/>
</pin_list>
<bind>
<opcode="store(28) " fcode="store"/>
<opset="store_ln39/1 "/>
</bind>
</comp>

<comp id="722" class="1004" name="store_ln39_store_fu_722">
<pin_list>
<pin id="723" dir="0" index="0" bw="512" slack="0"/>
<pin id="724" dir="0" index="1" bw="512" slack="0"/>
<pin id="725" dir="1" index="2" bw="0" slack="2147483647"/>
</pin_list>
<bind>
<opcode="store(28) " fcode="store"/>
<opset="store_ln39/1 "/>
</bind>
</comp>

<comp id="727" class="1004" name="store_ln39_store_fu_727">
<pin_list>
<pin id="728" dir="0" index="0" bw="512" slack="0"/>
<pin id="729" dir="0" index="1" bw="512" slack="0"/>
<pin id="730" dir="1" index="2" bw="0" slack="2147483647"/>
</pin_list>
<bind>
<opcode="store(28) " fcode="store"/>
<opset="store_ln39/1 "/>
</bind>
</comp>

<comp id="732" class="1004" name="store_ln39_store_fu_732">
<pin_list>
<pin id="733" dir="0" index="0" bw="512" slack="0"/>
<pin id="734" dir="0" index="1" bw="512" slack="0"/>
<pin id="735" dir="1" index="2" bw="0" slack="2147483647"/>
</pin_list>
<bind>
<opcode="store(28) " fcode="store"/>
<opset="store_ln39/1 "/>
</bind>
</comp>

<comp id="737" class="1004" name="store_ln39_store_fu_737">
<pin_list>
<pin id="738" dir="0" index="0" bw="512" slack="0"/>
<pin id="739" dir="0" index="1" bw="512" slack="0"/>
<pin id="740" dir="1" index="2" bw="0" slack="2147483647"/>
</pin_list>
<bind>
<opcode="store(28) " fcode="store"/>
<opset="store_ln39/1 "/>
</bind>
</comp>

<comp id="742" class="1004" name="store_ln39_store_fu_742">
<pin_list>
<pin id="743" dir="0" index="0" bw="512" slack="0"/>
<pin id="744" dir="0" index="1" bw="512" slack="0"/>
<pin id="745" dir="1" index="2" bw="0" slack="2147483647"/>
</pin_list>
<bind>
<opcode="store(28) " fcode="store"/>
<opset="store_ln39/1 "/>
</bind>
</comp>

<comp id="747" class="1004" name="store_ln39_store_fu_747">
<pin_list>
<pin id="748" dir="0" index="0" bw="512" slack="0"/>
<pin id="749" dir="0" index="1" bw="512" slack="0"/>
<pin id="750" dir="1" index="2" bw="0" slack="2147483647"/>
</pin_list>
<bind>
<opcode="store(28) " fcode="store"/>
<opset="store_ln39/1 "/>
</bind>
</comp>

<comp id="752" class="1004" name="store_ln55_store_fu_752">
<pin_list>
<pin id="753" dir="0" index="0" bw="1" slack="0"/>
<pin id="754" dir="0" index="1" bw="5" slack="0"/>
<pin id="755" dir="1" index="2" bw="0" slack="2147483647"/>
</pin_list>
<bind>
<opcode="store(28) " fcode="store"/>
<opset="store_ln55/1 "/>
</bind>
</comp>

<comp id="757" class="1004" name="i_1_load_fu_757">
<pin_list>
<pin id="758" dir="0" index="0" bw="5" slack="0"/>
<pin id="759" dir="1" index="1" bw="5" slack="0"/>
</pin_list>
<bind>
<opcode="load(27) " fcode="load"/>
<opset="i_1/1 "/>
</bind>
</comp>

<comp id="760" class="1004" name="icmp_ln67_fu_760">
<pin_list>
<pin id="761" dir="0" index="0" bw="5" slack="0"/>
<pin id="762" dir="0" index="1" bw="5" slack="0"/>
<pin id="763" dir="1" index="2" bw="1" slack="1"/>
</pin_list>
<bind>
<opcode="icmp(45) " fcode="icmp"/>
<opset="icmp_ln67/1 "/>
</bind>
</comp>

<comp id="766" class="1004" name="add_ln67_fu_766">
<pin_list>
<pin id="767" dir="0" index="0" bw="5" slack="0"/>
<pin id="768" dir="0" index="1" bw="1" slack="0"/>
<pin id="769" dir="1" index="2" bw="5" slack="0"/>
</pin_list>
<bind>
<opcode="add(8) " fcode="add"/>
<opset="add_ln67/1 "/>
</bind>
</comp>

<comp id="772" class="1004" name="trunc_ln67_fu_772">
<pin_list>
<pin id="773" dir="0" index="0" bw="5" slack="0"/>
<pin id="774" dir="1" index="1" bw="4" slack="0"/>
</pin_list>
<bind>
<opcode="trunc(33) " fcode="trunc"/>
<opset="trunc_ln67/1 "/>
</bind>
</comp>

<comp id="776" class="1004" name="shl_ln56_1_fu_776">
<pin_list>
<pin id="777" dir="0" index="0" bw="9" slack="0"/>
<pin id="778" dir="0" index="1" bw="4" slack="0"/>
<pin id="779" dir="0" index="2" bw="1" slack="0"/>
<pin id="780" dir="1" index="3" bw="9" slack="0"/>
</pin_list>
<bind>
<opcode="bitconcatenate(1004) " fcode="bitconcatenate"/>
<opset="shl_ln56_1/1 "/>
</bind>
</comp>

<comp id="784" class="1004" name="zext_ln72_fu_784">
<pin_list>
<pin id="785" dir="0" index="0" bw="9" slack="0"/>
<pin id="786" dir="1" index="1" bw="512" slack="0"/>
</pin_list>
<bind>
<opcode="zext(34) " fcode="zext"/>
<opset="zext_ln72/1 "/>
</bind>
</comp>

<comp id="788" class="1004" name="lshr_ln72_fu_788">
<pin_list>
<pin id="789" dir="0" index="0" bw="512" slack="0"/>
<pin id="790" dir="0" index="1" bw="9" slack="0"/>
<pin id="791" dir="1" index="2" bw="512" slack="0"/>
</pin_list>
<bind>
<opcode="lshr(21) " fcode="lshr"/>
<opset="lshr_ln72/1 "/>
</bind>
</comp>

<comp id="794" class="1004" name="trunc_ln72_fu_794">
<pin_list>
<pin id="795" dir="0" index="0" bw="512" slack="0"/>
<pin id="796" dir="1" index="1" bw="32" slack="1"/>
</pin_list>
<bind>
<opcode="trunc(33) " fcode="trunc"/>
<opset="trunc_ln72/1 "/>
</bind>
</comp>

<comp id="798" class="1004" name="switch_ln72_fu_798">
<pin_list>
<pin id="799" dir="0" index="0" bw="4" slack="0"/>
<pin id="800" dir="0" index="1" bw="1" slack="0"/>
<pin id="801" dir="0" index="2" bw="1" slack="0"/>
<pin id="802" dir="0" index="3" bw="3" slack="0"/>
<pin id="803" dir="0" index="4" bw="3" slack="0"/>
<pin id="804" dir="0" index="5" bw="4" slack="0"/>
<pin id="805" dir="0" index="6" bw="4" slack="0"/>
<pin id="806" dir="0" index="7" bw="4" slack="0"/>
<pin id="807" dir="0" index="8" bw="4" slack="0"/>
<pin id="808" dir="0" index="9" bw="4" slack="0"/>
<pin id="809" dir="0" index="10" bw="4" slack="0"/>
<pin id="810" dir="0" index="11" bw="4" slack="0"/>
<pin id="811" dir="0" index="12" bw="4" slack="0"/>
<pin id="812" dir="0" index="13" bw="3" slack="0"/>
<pin id="813" dir="0" index="14" bw="3" slack="0"/>
<pin id="814" dir="0" index="15" bw="2" slack="0"/>
<pin id="815" dir="1" index="16" bw="0" slack="2147483647"/>
</pin_list>
<bind>
<opcode="switch(3) " fcode="switch"/>
<opset="switch_ln72/1 "/>
</bind>
</comp>

<comp id="832" class="1004" name="store_ln55_store_fu_832">
<pin_list>
<pin id="833" dir="0" index="0" bw="5" slack="0"/>
<pin id="834" dir="0" index="1" bw="5" slack="0"/>
<pin id="835" dir="1" index="2" bw="0" slack="2147483647"/>
</pin_list>
<bind>
<opcode="store(28) " fcode="store"/>
<opset="store_ln55/1 "/>
</bind>
</comp>

<comp id="837" class="1004" name="AB_block_load_1_load_fu_837">
<pin_list>
<pin id="838" dir="0" index="0" bw="512" slack="2"/>
<pin id="839" dir="1" index="1" bw="512" slack="0"/>
</pin_list>
<bind>
<opcode="load(27) " fcode="load"/>
<opset="AB_block_load_1/3 "/>
</bind>
</comp>

<comp id="840" class="1004" name="AB_block_1_load_1_load_fu_840">
<pin_list>
<pin id="841" dir="0" index="0" bw="512" slack="2"/>
<pin id="842" dir="1" index="1" bw="512" slack="0"/>
</pin_list>
<bind>
<opcode="load(27) " fcode="load"/>
<opset="AB_block_1_load_1/3 "/>
</bind>
</comp>

<comp id="843" class="1004" name="AB_block_2_load_1_load_fu_843">
<pin_list>
<pin id="844" dir="0" index="0" bw="512" slack="2"/>
<pin id="845" dir="1" index="1" bw="512" slack="0"/>
</pin_list>
<bind>
<opcode="load(27) " fcode="load"/>
<opset="AB_block_2_load_1/3 "/>
</bind>
</comp>

<comp id="846" class="1004" name="AB_block_3_load_1_load_fu_846">
<pin_list>
<pin id="847" dir="0" index="0" bw="512" slack="2"/>
<pin id="848" dir="1" index="1" bw="512" slack="0"/>
</pin_list>
<bind>
<opcode="load(27) " fcode="load"/>
<opset="AB_block_3_load_1/3 "/>
</bind>
</comp>

<comp id="849" class="1004" name="AB_block_4_load_1_load_fu_849">
<pin_list>
<pin id="850" dir="0" index="0" bw="512" slack="2"/>
<pin id="851" dir="1" index="1" bw="512" slack="0"/>
</pin_list>
<bind>
<opcode="load(27) " fcode="load"/>
<opset="AB_block_4_load_1/3 "/>
</bind>
</comp>

<comp id="852" class="1004" name="AB_block_5_load_1_load_fu_852">
<pin_list>
<pin id="853" dir="0" index="0" bw="512" slack="2"/>
<pin id="854" dir="1" index="1" bw="512" slack="0"/>
</pin_list>
<bind>
<opcode="load(27) " fcode="load"/>
<opset="AB_block_5_load_1/3 "/>
</bind>
</comp>

<comp id="855" class="1004" name="AB_block_6_load_1_load_fu_855">
<pin_list>
<pin id="856" dir="0" index="0" bw="512" slack="2"/>
<pin id="857" dir="1" index="1" bw="512" slack="0"/>
</pin_list>
<bind>
<opcode="load(27) " fcode="load"/>
<opset="AB_block_6_load_1/3 "/>
</bind>
</comp>

<comp id="858" class="1004" name="AB_block_7_load_1_load_fu_858">
<pin_list>
<pin id="859" dir="0" index="0" bw="512" slack="2"/>
<pin id="860" dir="1" index="1" bw="512" slack="0"/>
</pin_list>
<bind>
<opcode="load(27) " fcode="load"/>
<opset="AB_block_7_load_1/3 "/>
</bind>
</comp>

<comp id="861" class="1004" name="AB_block_8_load_1_load_fu_861">
<pin_list>
<pin id="862" dir="0" index="0" bw="512" slack="2"/>
<pin id="863" dir="1" index="1" bw="512" slack="0"/>
</pin_list>
<bind>
<opcode="load(27) " fcode="load"/>
<opset="AB_block_8_load_1/3 "/>
</bind>
</comp>

<comp id="864" class="1004" name="AB_block_9_load_1_load_fu_864">
<pin_list>
<pin id="865" dir="0" index="0" bw="512" slack="2"/>
<pin id="866" dir="1" index="1" bw="512" slack="0"/>
</pin_list>
<bind>
<opcode="load(27) " fcode="load"/>
<opset="AB_block_9_load_1/3 "/>
</bind>
</comp>

<comp id="867" class="1004" name="AB_block_10_load_1_load_fu_867">
<pin_list>
<pin id="868" dir="0" index="0" bw="512" slack="2"/>
<pin id="869" dir="1" index="1" bw="512" slack="0"/>
</pin_list>
<bind>
<opcode="load(27) " fcode="load"/>
<opset="AB_block_10_load_1/3 "/>
</bind>
</comp>

<comp id="870" class="1004" name="AB_block_11_load_1_load_fu_870">
<pin_list>
<pin id="871" dir="0" index="0" bw="512" slack="2"/>
<pin id="872" dir="1" index="1" bw="512" slack="0"/>
</pin_list>
<bind>
<opcode="load(27) " fcode="load"/>
<opset="AB_block_11_load_1/3 "/>
</bind>
</comp>

<comp id="873" class="1004" name="AB_block_12_load_1_load_fu_873">
<pin_list>
<pin id="874" dir="0" index="0" bw="512" slack="2"/>
<pin id="875" dir="1" index="1" bw="512" slack="0"/>
</pin_list>
<bind>
<opcode="load(27) " fcode="load"/>
<opset="AB_block_12_load_1/3 "/>
</bind>
</comp>

<comp id="876" class="1004" name="AB_block_13_load_1_load_fu_876">
<pin_list>
<pin id="877" dir="0" index="0" bw="512" slack="2"/>
<pin id="878" dir="1" index="1" bw="512" slack="0"/>
</pin_list>
<bind>
<opcode="load(27) " fcode="load"/>
<opset="AB_block_13_load_1/3 "/>
</bind>
</comp>

<comp id="879" class="1004" name="AB_block_14_load_1_load_fu_879">
<pin_list>
<pin id="880" dir="0" index="0" bw="512" slack="2"/>
<pin id="881" dir="1" index="1" bw="512" slack="0"/>
</pin_list>
<bind>
<opcode="load(27) " fcode="load"/>
<opset="AB_block_14_load_1/3 "/>
</bind>
</comp>

<comp id="882" class="1004" name="AB_block_15_load_1_load_fu_882">
<pin_list>
<pin id="883" dir="0" index="0" bw="512" slack="2"/>
<pin id="884" dir="1" index="1" bw="512" slack="0"/>
</pin_list>
<bind>
<opcode="load(27) " fcode="load"/>
<opset="AB_block_15_load_1/3 "/>
</bind>
</comp>

<comp id="885" class="1004" name="trunc_ln72_1_fu_885">
<pin_list>
<pin id="886" dir="0" index="0" bw="512" slack="0"/>
<pin id="887" dir="1" index="1" bw="32" slack="0"/>
</pin_list>
<bind>
<opcode="trunc(33) " fcode="trunc"/>
<opset="trunc_ln72_1/3 "/>
</bind>
</comp>

<comp id="889" class="1004" name="trunc_ln72_2_fu_889">
<pin_list>
<pin id="890" dir="0" index="0" bw="512" slack="0"/>
<pin id="891" dir="1" index="1" bw="32" slack="0"/>
</pin_list>
<bind>
<opcode="trunc(33) " fcode="trunc"/>
<opset="trunc_ln72_2/3 "/>
</bind>
</comp>

<comp id="893" class="1004" name="trunc_ln72_3_fu_893">
<pin_list>
<pin id="894" dir="0" index="0" bw="512" slack="0"/>
<pin id="895" dir="1" index="1" bw="32" slack="0"/>
</pin_list>
<bind>
<opcode="trunc(33) " fcode="trunc"/>
<opset="trunc_ln72_3/3 "/>
</bind>
</comp>

<comp id="897" class="1004" name="trunc_ln72_4_fu_897">
<pin_list>
<pin id="898" dir="0" index="0" bw="512" slack="0"/>
<pin id="899" dir="1" index="1" bw="32" slack="0"/>
</pin_list>
<bind>
<opcode="trunc(33) " fcode="trunc"/>
<opset="trunc_ln72_4/3 "/>
</bind>
</comp>

<comp id="901" class="1004" name="trunc_ln72_5_fu_901">
<pin_list>
<pin id="902" dir="0" index="0" bw="512" slack="0"/>
<pin id="903" dir="1" index="1" bw="32" slack="0"/>
</pin_list>
<bind>
<opcode="trunc(33) " fcode="trunc"/>
<opset="trunc_ln72_5/3 "/>
</bind>
</comp>

<comp id="905" class="1004" name="trunc_ln72_6_fu_905">
<pin_list>
<pin id="906" dir="0" index="0" bw="512" slack="0"/>
<pin id="907" dir="1" index="1" bw="32" slack="0"/>
</pin_list>
<bind>
<opcode="trunc(33) " fcode="trunc"/>
<opset="trunc_ln72_6/3 "/>
</bind>
</comp>

<comp id="909" class="1004" name="trunc_ln72_7_fu_909">
<pin_list>
<pin id="910" dir="0" index="0" bw="512" slack="0"/>
<pin id="911" dir="1" index="1" bw="32" slack="0"/>
</pin_list>
<bind>
<opcode="trunc(33) " fcode="trunc"/>
<opset="trunc_ln72_7/3 "/>
</bind>
</comp>

<comp id="913" class="1004" name="trunc_ln72_8_fu_913">
<pin_list>
<pin id="914" dir="0" index="0" bw="512" slack="0"/>
<pin id="915" dir="1" index="1" bw="32" slack="0"/>
</pin_list>
<bind>
<opcode="trunc(33) " fcode="trunc"/>
<opset="trunc_ln72_8/3 "/>
</bind>
</comp>

<comp id="917" class="1004" name="trunc_ln72_9_fu_917">
<pin_list>
<pin id="918" dir="0" index="0" bw="512" slack="0"/>
<pin id="919" dir="1" index="1" bw="32" slack="0"/>
</pin_list>
<bind>
<opcode="trunc(33) " fcode="trunc"/>
<opset="trunc_ln72_9/3 "/>
</bind>
</comp>

<comp id="921" class="1004" name="trunc_ln72_10_fu_921">
<pin_list>
<pin id="922" dir="0" index="0" bw="512" slack="0"/>
<pin id="923" dir="1" index="1" bw="32" slack="0"/>
</pin_list>
<bind>
<opcode="trunc(33) " fcode="trunc"/>
<opset="trunc_ln72_10/3 "/>
</bind>
</comp>

<comp id="925" class="1004" name="trunc_ln72_11_fu_925">
<pin_list>
<pin id="926" dir="0" index="0" bw="512" slack="0"/>
<pin id="927" dir="1" index="1" bw="32" slack="0"/>
</pin_list>
<bind>
<opcode="trunc(33) " fcode="trunc"/>
<opset="trunc_ln72_11/3 "/>
</bind>
</comp>

<comp id="929" class="1004" name="trunc_ln72_12_fu_929">
<pin_list>
<pin id="930" dir="0" index="0" bw="512" slack="0"/>
<pin id="931" dir="1" index="1" bw="32" slack="0"/>
</pin_list>
<bind>
<opcode="trunc(33) " fcode="trunc"/>
<opset="trunc_ln72_12/3 "/>
</bind>
</comp>

<comp id="933" class="1004" name="trunc_ln72_13_fu_933">
<pin_list>
<pin id="934" dir="0" index="0" bw="512" slack="0"/>
<pin id="935" dir="1" index="1" bw="32" slack="0"/>
</pin_list>
<bind>
<opcode="trunc(33) " fcode="trunc"/>
<opset="trunc_ln72_13/3 "/>
</bind>
</comp>

<comp id="937" class="1004" name="trunc_ln72_14_fu_937">
<pin_list>
<pin id="938" dir="0" index="0" bw="512" slack="0"/>
<pin id="939" dir="1" index="1" bw="32" slack="0"/>
</pin_list>
<bind>
<opcode="trunc(33) " fcode="trunc"/>
<opset="trunc_ln72_14/3 "/>
</bind>
</comp>

<comp id="941" class="1004" name="trunc_ln72_15_fu_941">
<pin_list>
<pin id="942" dir="0" index="0" bw="512" slack="0"/>
<pin id="943" dir="1" index="1" bw="32" slack="0"/>
</pin_list>
<bind>
<opcode="trunc(33) " fcode="trunc"/>
<opset="trunc_ln72_15/3 "/>
</bind>
</comp>

<comp id="945" class="1004" name="trunc_ln72_256_fu_945">
<pin_list>
<pin id="946" dir="0" index="0" bw="512" slack="0"/>
<pin id="947" dir="1" index="1" bw="32" slack="0"/>
</pin_list>
<bind>
<opcode="trunc(33) " fcode="trunc"/>
<opset="trunc_ln72_256/3 "/>
</bind>
</comp>

<comp id="949" class="1004" name="tmp_s_fu_949">
<pin_list>
<pin id="950" dir="0" index="0" bw="32" slack="0"/>
<pin id="951" dir="0" index="1" bw="4" slack="0"/>
<pin id="952" dir="0" index="2" bw="32" slack="0"/>
<pin id="953" dir="0" index="3" bw="4" slack="0"/>
<pin id="954" dir="0" index="4" bw="32" slack="0"/>
<pin id="955" dir="0" index="5" bw="4" slack="0"/>
<pin id="956" dir="0" index="6" bw="32" slack="0"/>
<pin id="957" dir="0" index="7" bw="4" slack="0"/>
<pin id="958" dir="0" index="8" bw="32" slack="0"/>
<pin id="959" dir="0" index="9" bw="4" slack="0"/>
<pin id="960" dir="0" index="10" bw="32" slack="0"/>
<pin id="961" dir="0" index="11" bw="4" slack="0"/>
<pin id="962" dir="0" index="12" bw="32" slack="0"/>
<pin id="963" dir="0" index="13" bw="4" slack="0"/>
<pin id="964" dir="0" index="14" bw="32" slack="0"/>
<pin id="965" dir="0" index="15" bw="4" slack="0"/>
<pin id="966" dir="0" index="16" bw="32" slack="0"/>
<pin id="967" dir="0" index="17" bw="4" slack="0"/>
<pin id="968" dir="0" index="18" bw="32" slack="0"/>
<pin id="969" dir="0" index="19" bw="4" slack="0"/>
<pin id="970" dir="0" index="20" bw="32" slack="0"/>
<pin id="971" dir="0" index="21" bw="4" slack="0"/>
<pin id="972" dir="0" index="22" bw="32" slack="0"/>
<pin id="973" dir="0" index="23" bw="4" slack="0"/>
<pin id="974" dir="0" index="24" bw="32" slack="0"/>
<pin id="975" dir="0" index="25" bw="4" slack="0"/>
<pin id="976" dir="0" index="26" bw="32" slack="0"/>
<pin id="977" dir="0" index="27" bw="4" slack="0"/>
<pin id="978" dir="0" index="28" bw="32" slack="0"/>
<pin id="979" dir="0" index="29" bw="4" slack="0"/>
<pin id="980" dir="0" index="30" bw="32" slack="0"/>
<pin id="981" dir="0" index="31" bw="4" slack="0"/>
<pin id="982" dir="0" index="32" bw="32" slack="0"/>
<pin id="983" dir="0" index="33" bw="32" slack="0"/>
<pin id="984" dir="0" index="34" bw="4" slack="2"/>
<pin id="985" dir="1" index="35" bw="32" slack="0"/>
</pin_list>
<bind>
<opcode="sparsemux(1197) " fcode="sparsemux"/>
<opset="tmp_s/3 "/>
</bind>
</comp>

<comp id="1020" class="1004" name="add_ln72_fu_1020">
<pin_list>
<pin id="1021" dir="0" index="0" bw="32" slack="0"/>
<pin id="1022" dir="0" index="1" bw="32" slack="1"/>
<pin id="1023" dir="1" index="2" bw="32" slack="0"/>
</pin_list>
<bind>
<opcode="add(8) " fcode="add"/>
<opset="add_ln72/3 "/>
</bind>
</comp>

<comp id="1025" class="1004" name="trunc_ln72_s_fu_1025">
<pin_list>
<pin id="1026" dir="0" index="0" bw="32" slack="0"/>
<pin id="1027" dir="0" index="1" bw="512" slack="0"/>
<pin id="1028" dir="0" index="2" bw="7" slack="0"/>
<pin id="1029" dir="0" index="3" bw="7" slack="0"/>
<pin id="1030" dir="1" index="4" bw="32" slack="0"/>
</pin_list>
<bind>
<opcode="partselect(1002) " fcode="partselect"/>
<opset="trunc_ln72_s/3 "/>
</bind>
</comp>

<comp id="1035" class="1004" name="trunc_ln72_16_fu_1035">
<pin_list>
<pin id="1036" dir="0" index="0" bw="32" slack="0"/>
<pin id="1037" dir="0" index="1" bw="512" slack="0"/>
<pin id="1038" dir="0" index="2" bw="7" slack="0"/>
<pin id="1039" dir="0" index="3" bw="7" slack="0"/>
<pin id="1040" dir="1" index="4" bw="32" slack="0"/>
</pin_list>
<bind>
<opcode="partselect(1002) " fcode="partselect"/>
<opset="trunc_ln72_16/3 "/>
</bind>
</comp>

<comp id="1045" class="1004" name="trunc_ln72_17_fu_1045">
<pin_list>
<pin id="1046" dir="0" index="0" bw="32" slack="0"/>
<pin id="1047" dir="0" index="1" bw="512" slack="0"/>
<pin id="1048" dir="0" index="2" bw="7" slack="0"/>
<pin id="1049" dir="0" index="3" bw="7" slack="0"/>
<pin id="1050" dir="1" index="4" bw="32" slack="0"/>
</pin_list>
<bind>
<opcode="partselect(1002) " fcode="partselect"/>
<opset="trunc_ln72_17/3 "/>
</bind>
</comp>

<comp id="1055" class="1004" name="trunc_ln72_18_fu_1055">
<pin_list>
<pin id="1056" dir="0" index="0" bw="32" slack="0"/>
<pin id="1057" dir="0" index="1" bw="512" slack="0"/>
<pin id="1058" dir="0" index="2" bw="7" slack="0"/>
<pin id="1059" dir="0" index="3" bw="7" slack="0"/>
<pin id="1060" dir="1" index="4" bw="32" slack="0"/>
</pin_list>
<bind>
<opcode="partselect(1002) " fcode="partselect"/>
<opset="trunc_ln72_18/3 "/>
</bind>
</comp>

<comp id="1065" class="1004" name="trunc_ln72_19_fu_1065">
<pin_list>
<pin id="1066" dir="0" index="0" bw="32" slack="0"/>
<pin id="1067" dir="0" index="1" bw="512" slack="0"/>
<pin id="1068" dir="0" index="2" bw="7" slack="0"/>
<pin id="1069" dir="0" index="3" bw="7" slack="0"/>
<pin id="1070" dir="1" index="4" bw="32" slack="0"/>
</pin_list>
<bind>
<opcode="partselect(1002) " fcode="partselect"/>
<opset="trunc_ln72_19/3 "/>
</bind>
</comp>

<comp id="1075" class="1004" name="trunc_ln72_20_fu_1075">
<pin_list>
<pin id="1076" dir="0" index="0" bw="32" slack="0"/>
<pin id="1077" dir="0" index="1" bw="512" slack="0"/>
<pin id="1078" dir="0" index="2" bw="7" slack="0"/>
<pin id="1079" dir="0" index="3" bw="7" slack="0"/>
<pin id="1080" dir="1" index="4" bw="32" slack="0"/>
</pin_list>
<bind>
<opcode="partselect(1002) " fcode="partselect"/>
<opset="trunc_ln72_20/3 "/>
</bind>
</comp>

<comp id="1085" class="1004" name="trunc_ln72_21_fu_1085">
<pin_list>
<pin id="1086" dir="0" index="0" bw="32" slack="0"/>
<pin id="1087" dir="0" index="1" bw="512" slack="0"/>
<pin id="1088" dir="0" index="2" bw="7" slack="0"/>
<pin id="1089" dir="0" index="3" bw="7" slack="0"/>
<pin id="1090" dir="1" index="4" bw="32" slack="0"/>
</pin_list>
<bind>
<opcode="partselect(1002) " fcode="partselect"/>
<opset="trunc_ln72_21/3 "/>
</bind>
</comp>

<comp id="1095" class="1004" name="trunc_ln72_22_fu_1095">
<pin_list>
<pin id="1096" dir="0" index="0" bw="32" slack="0"/>
<pin id="1097" dir="0" index="1" bw="512" slack="0"/>
<pin id="1098" dir="0" index="2" bw="7" slack="0"/>
<pin id="1099" dir="0" index="3" bw="7" slack="0"/>
<pin id="1100" dir="1" index="4" bw="32" slack="0"/>
</pin_list>
<bind>
<opcode="partselect(1002) " fcode="partselect"/>
<opset="trunc_ln72_22/3 "/>
</bind>
</comp>

<comp id="1105" class="1004" name="trunc_ln72_23_fu_1105">
<pin_list>
<pin id="1106" dir="0" index="0" bw="32" slack="0"/>
<pin id="1107" dir="0" index="1" bw="512" slack="0"/>
<pin id="1108" dir="0" index="2" bw="7" slack="0"/>
<pin id="1109" dir="0" index="3" bw="7" slack="0"/>
<pin id="1110" dir="1" index="4" bw="32" slack="0"/>
</pin_list>
<bind>
<opcode="partselect(1002) " fcode="partselect"/>
<opset="trunc_ln72_23/3 "/>
</bind>
</comp>

<comp id="1115" class="1004" name="trunc_ln72_24_fu_1115">
<pin_list>
<pin id="1116" dir="0" index="0" bw="32" slack="0"/>
<pin id="1117" dir="0" index="1" bw="512" slack="0"/>
<pin id="1118" dir="0" index="2" bw="7" slack="0"/>
<pin id="1119" dir="0" index="3" bw="7" slack="0"/>
<pin id="1120" dir="1" index="4" bw="32" slack="0"/>
</pin_list>
<bind>
<opcode="partselect(1002) " fcode="partselect"/>
<opset="trunc_ln72_24/3 "/>
</bind>
</comp>

<comp id="1125" class="1004" name="trunc_ln72_25_fu_1125">
<pin_list>
<pin id="1126" dir="0" index="0" bw="32" slack="0"/>
<pin id="1127" dir="0" index="1" bw="512" slack="0"/>
<pin id="1128" dir="0" index="2" bw="7" slack="0"/>
<pin id="1129" dir="0" index="3" bw="7" slack="0"/>
<pin id="1130" dir="1" index="4" bw="32" slack="0"/>
</pin_list>
<bind>
<opcode="partselect(1002) " fcode="partselect"/>
<opset="trunc_ln72_25/3 "/>
</bind>
</comp>

<comp id="1135" class="1004" name="trunc_ln72_26_fu_1135">
<pin_list>
<pin id="1136" dir="0" index="0" bw="32" slack="0"/>
<pin id="1137" dir="0" index="1" bw="512" slack="0"/>
<pin id="1138" dir="0" index="2" bw="7" slack="0"/>
<pin id="1139" dir="0" index="3" bw="7" slack="0"/>
<pin id="1140" dir="1" index="4" bw="32" slack="0"/>
</pin_list>
<bind>
<opcode="partselect(1002) " fcode="partselect"/>
<opset="trunc_ln72_26/3 "/>
</bind>
</comp>

<comp id="1145" class="1004" name="trunc_ln72_27_fu_1145">
<pin_list>
<pin id="1146" dir="0" index="0" bw="32" slack="0"/>
<pin id="1147" dir="0" index="1" bw="512" slack="0"/>
<pin id="1148" dir="0" index="2" bw="7" slack="0"/>
<pin id="1149" dir="0" index="3" bw="7" slack="0"/>
<pin id="1150" dir="1" index="4" bw="32" slack="0"/>
</pin_list>
<bind>
<opcode="partselect(1002) " fcode="partselect"/>
<opset="trunc_ln72_27/3 "/>
</bind>
</comp>

<comp id="1155" class="1004" name="trunc_ln72_28_fu_1155">
<pin_list>
<pin id="1156" dir="0" index="0" bw="32" slack="0"/>
<pin id="1157" dir="0" index="1" bw="512" slack="0"/>
<pin id="1158" dir="0" index="2" bw="7" slack="0"/>
<pin id="1159" dir="0" index="3" bw="7" slack="0"/>
<pin id="1160" dir="1" index="4" bw="32" slack="0"/>
</pin_list>
<bind>
<opcode="partselect(1002) " fcode="partselect"/>
<opset="trunc_ln72_28/3 "/>
</bind>
</comp>

<comp id="1165" class="1004" name="trunc_ln72_29_fu_1165">
<pin_list>
<pin id="1166" dir="0" index="0" bw="32" slack="0"/>
<pin id="1167" dir="0" index="1" bw="512" slack="0"/>
<pin id="1168" dir="0" index="2" bw="7" slack="0"/>
<pin id="1169" dir="0" index="3" bw="7" slack="0"/>
<pin id="1170" dir="1" index="4" bw="32" slack="0"/>
</pin_list>
<bind>
<opcode="partselect(1002) " fcode="partselect"/>
<opset="trunc_ln72_29/3 "/>
</bind>
</comp>

<comp id="1175" class="1004" name="trunc_ln72_30_fu_1175">
<pin_list>
<pin id="1176" dir="0" index="0" bw="32" slack="0"/>
<pin id="1177" dir="0" index="1" bw="512" slack="0"/>
<pin id="1178" dir="0" index="2" bw="7" slack="0"/>
<pin id="1179" dir="0" index="3" bw="7" slack="0"/>
<pin id="1180" dir="1" index="4" bw="32" slack="0"/>
</pin_list>
<bind>
<opcode="partselect(1002) " fcode="partselect"/>
<opset="trunc_ln72_30/3 "/>
</bind>
</comp>

<comp id="1185" class="1004" name="tmp_1_fu_1185">
<pin_list>
<pin id="1186" dir="0" index="0" bw="32" slack="0"/>
<pin id="1187" dir="0" index="1" bw="4" slack="0"/>
<pin id="1188" dir="0" index="2" bw="32" slack="0"/>
<pin id="1189" dir="0" index="3" bw="4" slack="0"/>
<pin id="1190" dir="0" index="4" bw="32" slack="0"/>
<pin id="1191" dir="0" index="5" bw="4" slack="0"/>
<pin id="1192" dir="0" index="6" bw="32" slack="0"/>
<pin id="1193" dir="0" index="7" bw="4" slack="0"/>
<pin id="1194" dir="0" index="8" bw="32" slack="0"/>
<pin id="1195" dir="0" index="9" bw="4" slack="0"/>
<pin id="1196" dir="0" index="10" bw="32" slack="0"/>
<pin id="1197" dir="0" index="11" bw="4" slack="0"/>
<pin id="1198" dir="0" index="12" bw="32" slack="0"/>
<pin id="1199" dir="0" index="13" bw="4" slack="0"/>
<pin id="1200" dir="0" index="14" bw="32" slack="0"/>
<pin id="1201" dir="0" index="15" bw="4" slack="0"/>
<pin id="1202" dir="0" index="16" bw="32" slack="0"/>
<pin id="1203" dir="0" index="17" bw="4" slack="0"/>
<pin id="1204" dir="0" index="18" bw="32" slack="0"/>
<pin id="1205" dir="0" index="19" bw="4" slack="0"/>
<pin id="1206" dir="0" index="20" bw="32" slack="0"/>
<pin id="1207" dir="0" index="21" bw="4" slack="0"/>
<pin id="1208" dir="0" index="22" bw="32" slack="0"/>
<pin id="1209" dir="0" index="23" bw="4" slack="0"/>
<pin id="1210" dir="0" index="24" bw="32" slack="0"/>
<pin id="1211" dir="0" index="25" bw="4" slack="0"/>
<pin id="1212" dir="0" index="26" bw="32" slack="0"/>
<pin id="1213" dir="0" index="27" bw="4" slack="0"/>
<pin id="1214" dir="0" index="28" bw="32" slack="0"/>
<pin id="1215" dir="0" index="29" bw="4" slack="0"/>
<pin id="1216" dir="0" index="30" bw="32" slack="0"/>
<pin id="1217" dir="0" index="31" bw="4" slack="0"/>
<pin id="1218" dir="0" index="32" bw="32" slack="0"/>
<pin id="1219" dir="0" index="33" bw="32" slack="0"/>
<pin id="1220" dir="0" index="34" bw="4" slack="2"/>
<pin id="1221" dir="1" index="35" bw="32" slack="0"/>
</pin_list>
<bind>
<opcode="sparsemux(1197) " fcode="sparsemux"/>
<opset="tmp_1/3 "/>
</bind>
</comp>

<comp id="1256" class="1004" name="add_ln72_1_fu_1256">
<pin_list>
<pin id="1257" dir="0" index="0" bw="32" slack="0"/>
<pin id="1258" dir="0" index="1" bw="32" slack="1"/>
<pin id="1259" dir="1" index="2" bw="32" slack="0"/>
</pin_list>
<bind>
<opcode="add(8) " fcode="add"/>
<opset="add_ln72_1/3 "/>
</bind>
</comp>

<comp id="1261" class="1004" name="trunc_ln72_31_fu_1261">
<pin_list>
<pin id="1262" dir="0" index="0" bw="32" slack="0"/>
<pin id="1263" dir="0" index="1" bw="512" slack="0"/>
<pin id="1264" dir="0" index="2" bw="8" slack="0"/>
<pin id="1265" dir="0" index="3" bw="8" slack="0"/>
<pin id="1266" dir="1" index="4" bw="32" slack="0"/>
</pin_list>
<bind>
<opcode="partselect(1002) " fcode="partselect"/>
<opset="trunc_ln72_31/3 "/>
</bind>
</comp>

<comp id="1271" class="1004" name="trunc_ln72_32_fu_1271">
<pin_list>
<pin id="1272" dir="0" index="0" bw="32" slack="0"/>
<pin id="1273" dir="0" index="1" bw="512" slack="0"/>
<pin id="1274" dir="0" index="2" bw="8" slack="0"/>
<pin id="1275" dir="0" index="3" bw="8" slack="0"/>
<pin id="1276" dir="1" index="4" bw="32" slack="0"/>
</pin_list>
<bind>
<opcode="partselect(1002) " fcode="partselect"/>
<opset="trunc_ln72_32/3 "/>
</bind>
</comp>

<comp id="1281" class="1004" name="trunc_ln72_33_fu_1281">
<pin_list>
<pin id="1282" dir="0" index="0" bw="32" slack="0"/>
<pin id="1283" dir="0" index="1" bw="512" slack="0"/>
<pin id="1284" dir="0" index="2" bw="8" slack="0"/>
<pin id="1285" dir="0" index="3" bw="8" slack="0"/>
<pin id="1286" dir="1" index="4" bw="32" slack="0"/>
</pin_list>
<bind>
<opcode="partselect(1002) " fcode="partselect"/>
<opset="trunc_ln72_33/3 "/>
</bind>
</comp>

<comp id="1291" class="1004" name="trunc_ln72_34_fu_1291">
<pin_list>
<pin id="1292" dir="0" index="0" bw="32" slack="0"/>
<pin id="1293" dir="0" index="1" bw="512" slack="0"/>
<pin id="1294" dir="0" index="2" bw="8" slack="0"/>
<pin id="1295" dir="0" index="3" bw="8" slack="0"/>
<pin id="1296" dir="1" index="4" bw="32" slack="0"/>
</pin_list>
<bind>
<opcode="partselect(1002) " fcode="partselect"/>
<opset="trunc_ln72_34/3 "/>
</bind>
</comp>

<comp id="1301" class="1004" name="trunc_ln72_35_fu_1301">
<pin_list>
<pin id="1302" dir="0" index="0" bw="32" slack="0"/>
<pin id="1303" dir="0" index="1" bw="512" slack="0"/>
<pin id="1304" dir="0" index="2" bw="8" slack="0"/>
<pin id="1305" dir="0" index="3" bw="8" slack="0"/>
<pin id="1306" dir="1" index="4" bw="32" slack="0"/>
</pin_list>
<bind>
<opcode="partselect(1002) " fcode="partselect"/>
<opset="trunc_ln72_35/3 "/>
</bind>
</comp>

<comp id="1311" class="1004" name="trunc_ln72_36_fu_1311">
<pin_list>
<pin id="1312" dir="0" index="0" bw="32" slack="0"/>
<pin id="1313" dir="0" index="1" bw="512" slack="0"/>
<pin id="1314" dir="0" index="2" bw="8" slack="0"/>
<pin id="1315" dir="0" index="3" bw="8" slack="0"/>
<pin id="1316" dir="1" index="4" bw="32" slack="0"/>
</pin_list>
<bind>
<opcode="partselect(1002) " fcode="partselect"/>
<opset="trunc_ln72_36/3 "/>
</bind>
</comp>

<comp id="1321" class="1004" name="trunc_ln72_37_fu_1321">
<pin_list>
<pin id="1322" dir="0" index="0" bw="32" slack="0"/>
<pin id="1323" dir="0" index="1" bw="512" slack="0"/>
<pin id="1324" dir="0" index="2" bw="8" slack="0"/>
<pin id="1325" dir="0" index="3" bw="8" slack="0"/>
<pin id="1326" dir="1" index="4" bw="32" slack="0"/>
</pin_list>
<bind>
<opcode="partselect(1002) " fcode="partselect"/>
<opset="trunc_ln72_37/3 "/>
</bind>
</comp>

<comp id="1331" class="1004" name="trunc_ln72_38_fu_1331">
<pin_list>
<pin id="1332" dir="0" index="0" bw="32" slack="0"/>
<pin id="1333" dir="0" index="1" bw="512" slack="0"/>
<pin id="1334" dir="0" index="2" bw="8" slack="0"/>
<pin id="1335" dir="0" index="3" bw="8" slack="0"/>
<pin id="1336" dir="1" index="4" bw="32" slack="0"/>
</pin_list>
<bind>
<opcode="partselect(1002) " fcode="partselect"/>
<opset="trunc_ln72_38/3 "/>
</bind>
</comp>

<comp id="1341" class="1004" name="trunc_ln72_39_fu_1341">
<pin_list>
<pin id="1342" dir="0" index="0" bw="32" slack="0"/>
<pin id="1343" dir="0" index="1" bw="512" slack="0"/>
<pin id="1344" dir="0" index="2" bw="8" slack="0"/>
<pin id="1345" dir="0" index="3" bw="8" slack="0"/>
<pin id="1346" dir="1" index="4" bw="32" slack="0"/>
</pin_list>
<bind>
<opcode="partselect(1002) " fcode="partselect"/>
<opset="trunc_ln72_39/3 "/>
</bind>
</comp>

<comp id="1351" class="1004" name="trunc_ln72_40_fu_1351">
<pin_list>
<pin id="1352" dir="0" index="0" bw="32" slack="0"/>
<pin id="1353" dir="0" index="1" bw="512" slack="0"/>
<pin id="1354" dir="0" index="2" bw="8" slack="0"/>
<pin id="1355" dir="0" index="3" bw="8" slack="0"/>
<pin id="1356" dir="1" index="4" bw="32" slack="0"/>
</pin_list>
<bind>
<opcode="partselect(1002) " fcode="partselect"/>
<opset="trunc_ln72_40/3 "/>
</bind>
</comp>

<comp id="1361" class="1004" name="trunc_ln72_41_fu_1361">
<pin_list>
<pin id="1362" dir="0" index="0" bw="32" slack="0"/>
<pin id="1363" dir="0" index="1" bw="512" slack="0"/>
<pin id="1364" dir="0" index="2" bw="8" slack="0"/>
<pin id="1365" dir="0" index="3" bw="8" slack="0"/>
<pin id="1366" dir="1" index="4" bw="32" slack="0"/>
</pin_list>
<bind>
<opcode="partselect(1002) " fcode="partselect"/>
<opset="trunc_ln72_41/3 "/>
</bind>
</comp>

<comp id="1371" class="1004" name="trunc_ln72_42_fu_1371">
<pin_list>
<pin id="1372" dir="0" index="0" bw="32" slack="0"/>
<pin id="1373" dir="0" index="1" bw="512" slack="0"/>
<pin id="1374" dir="0" index="2" bw="8" slack="0"/>
<pin id="1375" dir="0" index="3" bw="8" slack="0"/>
<pin id="1376" dir="1" index="4" bw="32" slack="0"/>
</pin_list>
<bind>
<opcode="partselect(1002) " fcode="partselect"/>
<opset="trunc_ln72_42/3 "/>
</bind>
</comp>

<comp id="1381" class="1004" name="trunc_ln72_43_fu_1381">
<pin_list>
<pin id="1382" dir="0" index="0" bw="32" slack="0"/>
<pin id="1383" dir="0" index="1" bw="512" slack="0"/>
<pin id="1384" dir="0" index="2" bw="8" slack="0"/>
<pin id="1385" dir="0" index="3" bw="8" slack="0"/>
<pin id="1386" dir="1" index="4" bw="32" slack="0"/>
</pin_list>
<bind>
<opcode="partselect(1002) " fcode="partselect"/>
<opset="trunc_ln72_43/3 "/>
</bind>
</comp>

<comp id="1391" class="1004" name="trunc_ln72_44_fu_1391">
<pin_list>
<pin id="1392" dir="0" index="0" bw="32" slack="0"/>
<pin id="1393" dir="0" index="1" bw="512" slack="0"/>
<pin id="1394" dir="0" index="2" bw="8" slack="0"/>
<pin id="1395" dir="0" index="3" bw="8" slack="0"/>
<pin id="1396" dir="1" index="4" bw="32" slack="0"/>
</pin_list>
<bind>
<opcode="partselect(1002) " fcode="partselect"/>
<opset="trunc_ln72_44/3 "/>
</bind>
</comp>

<comp id="1401" class="1004" name="trunc_ln72_45_fu_1401">
<pin_list>
<pin id="1402" dir="0" index="0" bw="32" slack="0"/>
<pin id="1403" dir="0" index="1" bw="512" slack="0"/>
<pin id="1404" dir="0" index="2" bw="8" slack="0"/>
<pin id="1405" dir="0" index="3" bw="8" slack="0"/>
<pin id="1406" dir="1" index="4" bw="32" slack="0"/>
</pin_list>
<bind>
<opcode="partselect(1002) " fcode="partselect"/>
<opset="trunc_ln72_45/3 "/>
</bind>
</comp>

<comp id="1411" class="1004" name="trunc_ln72_46_fu_1411">
<pin_list>
<pin id="1412" dir="0" index="0" bw="32" slack="0"/>
<pin id="1413" dir="0" index="1" bw="512" slack="0"/>
<pin id="1414" dir="0" index="2" bw="8" slack="0"/>
<pin id="1415" dir="0" index="3" bw="8" slack="0"/>
<pin id="1416" dir="1" index="4" bw="32" slack="0"/>
</pin_list>
<bind>
<opcode="partselect(1002) " fcode="partselect"/>
<opset="trunc_ln72_46/3 "/>
</bind>
</comp>

<comp id="1421" class="1004" name="tmp_2_fu_1421">
<pin_list>
<pin id="1422" dir="0" index="0" bw="32" slack="0"/>
<pin id="1423" dir="0" index="1" bw="4" slack="0"/>
<pin id="1424" dir="0" index="2" bw="32" slack="0"/>
<pin id="1425" dir="0" index="3" bw="4" slack="0"/>
<pin id="1426" dir="0" index="4" bw="32" slack="0"/>
<pin id="1427" dir="0" index="5" bw="4" slack="0"/>
<pin id="1428" dir="0" index="6" bw="32" slack="0"/>
<pin id="1429" dir="0" index="7" bw="4" slack="0"/>
<pin id="1430" dir="0" index="8" bw="32" slack="0"/>
<pin id="1431" dir="0" index="9" bw="4" slack="0"/>
<pin id="1432" dir="0" index="10" bw="32" slack="0"/>
<pin id="1433" dir="0" index="11" bw="4" slack="0"/>
<pin id="1434" dir="0" index="12" bw="32" slack="0"/>
<pin id="1435" dir="0" index="13" bw="4" slack="0"/>
<pin id="1436" dir="0" index="14" bw="32" slack="0"/>
<pin id="1437" dir="0" index="15" bw="4" slack="0"/>
<pin id="1438" dir="0" index="16" bw="32" slack="0"/>
<pin id="1439" dir="0" index="17" bw="4" slack="0"/>
<pin id="1440" dir="0" index="18" bw="32" slack="0"/>
<pin id="1441" dir="0" index="19" bw="4" slack="0"/>
<pin id="1442" dir="0" index="20" bw="32" slack="0"/>
<pin id="1443" dir="0" index="21" bw="4" slack="0"/>
<pin id="1444" dir="0" index="22" bw="32" slack="0"/>
<pin id="1445" dir="0" index="23" bw="4" slack="0"/>
<pin id="1446" dir="0" index="24" bw="32" slack="0"/>
<pin id="1447" dir="0" index="25" bw="4" slack="0"/>
<pin id="1448" dir="0" index="26" bw="32" slack="0"/>
<pin id="1449" dir="0" index="27" bw="4" slack="0"/>
<pin id="1450" dir="0" index="28" bw="32" slack="0"/>
<pin id="1451" dir="0" index="29" bw="4" slack="0"/>
<pin id="1452" dir="0" index="30" bw="32" slack="0"/>
<pin id="1453" dir="0" index="31" bw="4" slack="0"/>
<pin id="1454" dir="0" index="32" bw="32" slack="0"/>
<pin id="1455" dir="0" index="33" bw="32" slack="0"/>
<pin id="1456" dir="0" index="34" bw="4" slack="2"/>
<pin id="1457" dir="1" index="35" bw="32" slack="0"/>
</pin_list>
<bind>
<opcode="sparsemux(1197) " fcode="sparsemux"/>
<opset="tmp_2/3 "/>
</bind>
</comp>

<comp id="1492" class="1004" name="add_ln72_2_fu_1492">
<pin_list>
<pin id="1493" dir="0" index="0" bw="32" slack="0"/>
<pin id="1494" dir="0" index="1" bw="32" slack="1"/>
<pin id="1495" dir="1" index="2" bw="32" slack="0"/>
</pin_list>
<bind>
<opcode="add(8) " fcode="add"/>
<opset="add_ln72_2/3 "/>
</bind>
</comp>

<comp id="1497" class="1004" name="trunc_ln72_47_fu_1497">
<pin_list>
<pin id="1498" dir="0" index="0" bw="32" slack="0"/>
<pin id="1499" dir="0" index="1" bw="512" slack="0"/>
<pin id="1500" dir="0" index="2" bw="8" slack="0"/>
<pin id="1501" dir="0" index="3" bw="8" slack="0"/>
<pin id="1502" dir="1" index="4" bw="32" slack="0"/>
</pin_list>
<bind>
<opcode="partselect(1002) " fcode="partselect"/>
<opset="trunc_ln72_47/3 "/>
</bind>
</comp>

<comp id="1507" class="1004" name="trunc_ln72_48_fu_1507">
<pin_list>
<pin id="1508" dir="0" index="0" bw="32" slack="0"/>
<pin id="1509" dir="0" index="1" bw="512" slack="0"/>
<pin id="1510" dir="0" index="2" bw="8" slack="0"/>
<pin id="1511" dir="0" index="3" bw="8" slack="0"/>
<pin id="1512" dir="1" index="4" bw="32" slack="0"/>
</pin_list>
<bind>
<opcode="partselect(1002) " fcode="partselect"/>
<opset="trunc_ln72_48/3 "/>
</bind>
</comp>

<comp id="1517" class="1004" name="trunc_ln72_49_fu_1517">
<pin_list>
<pin id="1518" dir="0" index="0" bw="32" slack="0"/>
<pin id="1519" dir="0" index="1" bw="512" slack="0"/>
<pin id="1520" dir="0" index="2" bw="8" slack="0"/>
<pin id="1521" dir="0" index="3" bw="8" slack="0"/>
<pin id="1522" dir="1" index="4" bw="32" slack="0"/>
</pin_list>
<bind>
<opcode="partselect(1002) " fcode="partselect"/>
<opset="trunc_ln72_49/3 "/>
</bind>
</comp>

<comp id="1527" class="1004" name="trunc_ln72_50_fu_1527">
<pin_list>
<pin id="1528" dir="0" index="0" bw="32" slack="0"/>
<pin id="1529" dir="0" index="1" bw="512" slack="0"/>
<pin id="1530" dir="0" index="2" bw="8" slack="0"/>
<pin id="1531" dir="0" index="3" bw="8" slack="0"/>
<pin id="1532" dir="1" index="4" bw="32" slack="0"/>
</pin_list>
<bind>
<opcode="partselect(1002) " fcode="partselect"/>
<opset="trunc_ln72_50/3 "/>
</bind>
</comp>

<comp id="1537" class="1004" name="trunc_ln72_51_fu_1537">
<pin_list>
<pin id="1538" dir="0" index="0" bw="32" slack="0"/>
<pin id="1539" dir="0" index="1" bw="512" slack="0"/>
<pin id="1540" dir="0" index="2" bw="8" slack="0"/>
<pin id="1541" dir="0" index="3" bw="8" slack="0"/>
<pin id="1542" dir="1" index="4" bw="32" slack="0"/>
</pin_list>
<bind>
<opcode="partselect(1002) " fcode="partselect"/>
<opset="trunc_ln72_51/3 "/>
</bind>
</comp>

<comp id="1547" class="1004" name="trunc_ln72_52_fu_1547">
<pin_list>
<pin id="1548" dir="0" index="0" bw="32" slack="0"/>
<pin id="1549" dir="0" index="1" bw="512" slack="0"/>
<pin id="1550" dir="0" index="2" bw="8" slack="0"/>
<pin id="1551" dir="0" index="3" bw="8" slack="0"/>
<pin id="1552" dir="1" index="4" bw="32" slack="0"/>
</pin_list>
<bind>
<opcode="partselect(1002) " fcode="partselect"/>
<opset="trunc_ln72_52/3 "/>
</bind>
</comp>

<comp id="1557" class="1004" name="trunc_ln72_53_fu_1557">
<pin_list>
<pin id="1558" dir="0" index="0" bw="32" slack="0"/>
<pin id="1559" dir="0" index="1" bw="512" slack="0"/>
<pin id="1560" dir="0" index="2" bw="8" slack="0"/>
<pin id="1561" dir="0" index="3" bw="8" slack="0"/>
<pin id="1562" dir="1" index="4" bw="32" slack="0"/>
</pin_list>
<bind>
<opcode="partselect(1002) " fcode="partselect"/>
<opset="trunc_ln72_53/3 "/>
</bind>
</comp>

<comp id="1567" class="1004" name="trunc_ln72_54_fu_1567">
<pin_list>
<pin id="1568" dir="0" index="0" bw="32" slack="0"/>
<pin id="1569" dir="0" index="1" bw="512" slack="0"/>
<pin id="1570" dir="0" index="2" bw="8" slack="0"/>
<pin id="1571" dir="0" index="3" bw="8" slack="0"/>
<pin id="1572" dir="1" index="4" bw="32" slack="0"/>
</pin_list>
<bind>
<opcode="partselect(1002) " fcode="partselect"/>
<opset="trunc_ln72_54/3 "/>
</bind>
</comp>

<comp id="1577" class="1004" name="trunc_ln72_55_fu_1577">
<pin_list>
<pin id="1578" dir="0" index="0" bw="32" slack="0"/>
<pin id="1579" dir="0" index="1" bw="512" slack="0"/>
<pin id="1580" dir="0" index="2" bw="8" slack="0"/>
<pin id="1581" dir="0" index="3" bw="8" slack="0"/>
<pin id="1582" dir="1" index="4" bw="32" slack="0"/>
</pin_list>
<bind>
<opcode="partselect(1002) " fcode="partselect"/>
<opset="trunc_ln72_55/3 "/>
</bind>
</comp>

<comp id="1587" class="1004" name="trunc_ln72_56_fu_1587">
<pin_list>
<pin id="1588" dir="0" index="0" bw="32" slack="0"/>
<pin id="1589" dir="0" index="1" bw="512" slack="0"/>
<pin id="1590" dir="0" index="2" bw="8" slack="0"/>
<pin id="1591" dir="0" index="3" bw="8" slack="0"/>
<pin id="1592" dir="1" index="4" bw="32" slack="0"/>
</pin_list>
<bind>
<opcode="partselect(1002) " fcode="partselect"/>
<opset="trunc_ln72_56/3 "/>
</bind>
</comp>

<comp id="1597" class="1004" name="trunc_ln72_57_fu_1597">
<pin_list>
<pin id="1598" dir="0" index="0" bw="32" slack="0"/>
<pin id="1599" dir="0" index="1" bw="512" slack="0"/>
<pin id="1600" dir="0" index="2" bw="8" slack="0"/>
<pin id="1601" dir="0" index="3" bw="8" slack="0"/>
<pin id="1602" dir="1" index="4" bw="32" slack="0"/>
</pin_list>
<bind>
<opcode="partselect(1002) " fcode="partselect"/>
<opset="trunc_ln72_57/3 "/>
</bind>
</comp>

<comp id="1607" class="1004" name="trunc_ln72_58_fu_1607">
<pin_list>
<pin id="1608" dir="0" index="0" bw="32" slack="0"/>
<pin id="1609" dir="0" index="1" bw="512" slack="0"/>
<pin id="1610" dir="0" index="2" bw="8" slack="0"/>
<pin id="1611" dir="0" index="3" bw="8" slack="0"/>
<pin id="1612" dir="1" index="4" bw="32" slack="0"/>
</pin_list>
<bind>
<opcode="partselect(1002) " fcode="partselect"/>
<opset="trunc_ln72_58/3 "/>
</bind>
</comp>

<comp id="1617" class="1004" name="trunc_ln72_59_fu_1617">
<pin_list>
<pin id="1618" dir="0" index="0" bw="32" slack="0"/>
<pin id="1619" dir="0" index="1" bw="512" slack="0"/>
<pin id="1620" dir="0" index="2" bw="8" slack="0"/>
<pin id="1621" dir="0" index="3" bw="8" slack="0"/>
<pin id="1622" dir="1" index="4" bw="32" slack="0"/>
</pin_list>
<bind>
<opcode="partselect(1002) " fcode="partselect"/>
<opset="trunc_ln72_59/3 "/>
</bind>
</comp>

<comp id="1627" class="1004" name="trunc_ln72_60_fu_1627">
<pin_list>
<pin id="1628" dir="0" index="0" bw="32" slack="0"/>
<pin id="1629" dir="0" index="1" bw="512" slack="0"/>
<pin id="1630" dir="0" index="2" bw="8" slack="0"/>
<pin id="1631" dir="0" index="3" bw="8" slack="0"/>
<pin id="1632" dir="1" index="4" bw="32" slack="0"/>
</pin_list>
<bind>
<opcode="partselect(1002) " fcode="partselect"/>
<opset="trunc_ln72_60/3 "/>
</bind>
</comp>

<comp id="1637" class="1004" name="trunc_ln72_61_fu_1637">
<pin_list>
<pin id="1638" dir="0" index="0" bw="32" slack="0"/>
<pin id="1639" dir="0" index="1" bw="512" slack="0"/>
<pin id="1640" dir="0" index="2" bw="8" slack="0"/>
<pin id="1641" dir="0" index="3" bw="8" slack="0"/>
<pin id="1642" dir="1" index="4" bw="32" slack="0"/>
</pin_list>
<bind>
<opcode="partselect(1002) " fcode="partselect"/>
<opset="trunc_ln72_61/3 "/>
</bind>
</comp>

<comp id="1647" class="1004" name="trunc_ln72_62_fu_1647">
<pin_list>
<pin id="1648" dir="0" index="0" bw="32" slack="0"/>
<pin id="1649" dir="0" index="1" bw="512" slack="0"/>
<pin id="1650" dir="0" index="2" bw="8" slack="0"/>
<pin id="1651" dir="0" index="3" bw="8" slack="0"/>
<pin id="1652" dir="1" index="4" bw="32" slack="0"/>
</pin_list>
<bind>
<opcode="partselect(1002) " fcode="partselect"/>
<opset="trunc_ln72_62/3 "/>
</bind>
</comp>

<comp id="1657" class="1004" name="tmp_3_fu_1657">
<pin_list>
<pin id="1658" dir="0" index="0" bw="32" slack="0"/>
<pin id="1659" dir="0" index="1" bw="4" slack="0"/>
<pin id="1660" dir="0" index="2" bw="32" slack="0"/>
<pin id="1661" dir="0" index="3" bw="4" slack="0"/>
<pin id="1662" dir="0" index="4" bw="32" slack="0"/>
<pin id="1663" dir="0" index="5" bw="4" slack="0"/>
<pin id="1664" dir="0" index="6" bw="32" slack="0"/>
<pin id="1665" dir="0" index="7" bw="4" slack="0"/>
<pin id="1666" dir="0" index="8" bw="32" slack="0"/>
<pin id="1667" dir="0" index="9" bw="4" slack="0"/>
<pin id="1668" dir="0" index="10" bw="32" slack="0"/>
<pin id="1669" dir="0" index="11" bw="4" slack="0"/>
<pin id="1670" dir="0" index="12" bw="32" slack="0"/>
<pin id="1671" dir="0" index="13" bw="4" slack="0"/>
<pin id="1672" dir="0" index="14" bw="32" slack="0"/>
<pin id="1673" dir="0" index="15" bw="4" slack="0"/>
<pin id="1674" dir="0" index="16" bw="32" slack="0"/>
<pin id="1675" dir="0" index="17" bw="4" slack="0"/>
<pin id="1676" dir="0" index="18" bw="32" slack="0"/>
<pin id="1677" dir="0" index="19" bw="4" slack="0"/>
<pin id="1678" dir="0" index="20" bw="32" slack="0"/>
<pin id="1679" dir="0" index="21" bw="4" slack="0"/>
<pin id="1680" dir="0" index="22" bw="32" slack="0"/>
<pin id="1681" dir="0" index="23" bw="4" slack="0"/>
<pin id="1682" dir="0" index="24" bw="32" slack="0"/>
<pin id="1683" dir="0" index="25" bw="4" slack="0"/>
<pin id="1684" dir="0" index="26" bw="32" slack="0"/>
<pin id="1685" dir="0" index="27" bw="4" slack="0"/>
<pin id="1686" dir="0" index="28" bw="32" slack="0"/>
<pin id="1687" dir="0" index="29" bw="4" slack="0"/>
<pin id="1688" dir="0" index="30" bw="32" slack="0"/>
<pin id="1689" dir="0" index="31" bw="4" slack="0"/>
<pin id="1690" dir="0" index="32" bw="32" slack="0"/>
<pin id="1691" dir="0" index="33" bw="32" slack="0"/>
<pin id="1692" dir="0" index="34" bw="4" slack="2"/>
<pin id="1693" dir="1" index="35" bw="32" slack="0"/>
</pin_list>
<bind>
<opcode="sparsemux(1197) " fcode="sparsemux"/>
<opset="tmp_3/3 "/>
</bind>
</comp>

<comp id="1728" class="1004" name="add_ln72_3_fu_1728">
<pin_list>
<pin id="1729" dir="0" index="0" bw="32" slack="0"/>
<pin id="1730" dir="0" index="1" bw="32" slack="1"/>
<pin id="1731" dir="1" index="2" bw="32" slack="0"/>
</pin_list>
<bind>
<opcode="add(8) " fcode="add"/>
<opset="add_ln72_3/3 "/>
</bind>
</comp>

<comp id="1733" class="1004" name="trunc_ln72_63_fu_1733">
<pin_list>
<pin id="1734" dir="0" index="0" bw="32" slack="0"/>
<pin id="1735" dir="0" index="1" bw="512" slack="0"/>
<pin id="1736" dir="0" index="2" bw="9" slack="0"/>
<pin id="1737" dir="0" index="3" bw="9" slack="0"/>
<pin id="1738" dir="1" index="4" bw="32" slack="0"/>
</pin_list>
<bind>
<opcode="partselect(1002) " fcode="partselect"/>
<opset="trunc_ln72_63/3 "/>
</bind>
</comp>

<comp id="1743" class="1004" name="trunc_ln72_64_fu_1743">
<pin_list>
<pin id="1744" dir="0" index="0" bw="32" slack="0"/>
<pin id="1745" dir="0" index="1" bw="512" slack="0"/>
<pin id="1746" dir="0" index="2" bw="9" slack="0"/>
<pin id="1747" dir="0" index="3" bw="9" slack="0"/>
<pin id="1748" dir="1" index="4" bw="32" slack="0"/>
</pin_list>
<bind>
<opcode="partselect(1002) " fcode="partselect"/>
<opset="trunc_ln72_64/3 "/>
</bind>
</comp>

<comp id="1753" class="1004" name="trunc_ln72_65_fu_1753">
<pin_list>
<pin id="1754" dir="0" index="0" bw="32" slack="0"/>
<pin id="1755" dir="0" index="1" bw="512" slack="0"/>
<pin id="1756" dir="0" index="2" bw="9" slack="0"/>
<pin id="1757" dir="0" index="3" bw="9" slack="0"/>
<pin id="1758" dir="1" index="4" bw="32" slack="0"/>
</pin_list>
<bind>
<opcode="partselect(1002) " fcode="partselect"/>
<opset="trunc_ln72_65/3 "/>
</bind>
</comp>

<comp id="1763" class="1004" name="trunc_ln72_66_fu_1763">
<pin_list>
<pin id="1764" dir="0" index="0" bw="32" slack="0"/>
<pin id="1765" dir="0" index="1" bw="512" slack="0"/>
<pin id="1766" dir="0" index="2" bw="9" slack="0"/>
<pin id="1767" dir="0" index="3" bw="9" slack="0"/>
<pin id="1768" dir="1" index="4" bw="32" slack="0"/>
</pin_list>
<bind>
<opcode="partselect(1002) " fcode="partselect"/>
<opset="trunc_ln72_66/3 "/>
</bind>
</comp>

<comp id="1773" class="1004" name="trunc_ln72_67_fu_1773">
<pin_list>
<pin id="1774" dir="0" index="0" bw="32" slack="0"/>
<pin id="1775" dir="0" index="1" bw="512" slack="0"/>
<pin id="1776" dir="0" index="2" bw="9" slack="0"/>
<pin id="1777" dir="0" index="3" bw="9" slack="0"/>
<pin id="1778" dir="1" index="4" bw="32" slack="0"/>
</pin_list>
<bind>
<opcode="partselect(1002) " fcode="partselect"/>
<opset="trunc_ln72_67/3 "/>
</bind>
</comp>

<comp id="1783" class="1004" name="trunc_ln72_68_fu_1783">
<pin_list>
<pin id="1784" dir="0" index="0" bw="32" slack="0"/>
<pin id="1785" dir="0" index="1" bw="512" slack="0"/>
<pin id="1786" dir="0" index="2" bw="9" slack="0"/>
<pin id="1787" dir="0" index="3" bw="9" slack="0"/>
<pin id="1788" dir="1" index="4" bw="32" slack="0"/>
</pin_list>
<bind>
<opcode="partselect(1002) " fcode="partselect"/>
<opset="trunc_ln72_68/3 "/>
</bind>
</comp>

<comp id="1793" class="1004" name="trunc_ln72_69_fu_1793">
<pin_list>
<pin id="1794" dir="0" index="0" bw="32" slack="0"/>
<pin id="1795" dir="0" index="1" bw="512" slack="0"/>
<pin id="1796" dir="0" index="2" bw="9" slack="0"/>
<pin id="1797" dir="0" index="3" bw="9" slack="0"/>
<pin id="1798" dir="1" index="4" bw="32" slack="0"/>
</pin_list>
<bind>
<opcode="partselect(1002) " fcode="partselect"/>
<opset="trunc_ln72_69/3 "/>
</bind>
</comp>

<comp id="1803" class="1004" name="trunc_ln72_70_fu_1803">
<pin_list>
<pin id="1804" dir="0" index="0" bw="32" slack="0"/>
<pin id="1805" dir="0" index="1" bw="512" slack="0"/>
<pin id="1806" dir="0" index="2" bw="9" slack="0"/>
<pin id="1807" dir="0" index="3" bw="9" slack="0"/>
<pin id="1808" dir="1" index="4" bw="32" slack="0"/>
</pin_list>
<bind>
<opcode="partselect(1002) " fcode="partselect"/>
<opset="trunc_ln72_70/3 "/>
</bind>
</comp>

<comp id="1813" class="1004" name="trunc_ln72_71_fu_1813">
<pin_list>
<pin id="1814" dir="0" index="0" bw="32" slack="0"/>
<pin id="1815" dir="0" index="1" bw="512" slack="0"/>
<pin id="1816" dir="0" index="2" bw="9" slack="0"/>
<pin id="1817" dir="0" index="3" bw="9" slack="0"/>
<pin id="1818" dir="1" index="4" bw="32" slack="0"/>
</pin_list>
<bind>
<opcode="partselect(1002) " fcode="partselect"/>
<opset="trunc_ln72_71/3 "/>
</bind>
</comp>

<comp id="1823" class="1004" name="trunc_ln72_72_fu_1823">
<pin_list>
<pin id="1824" dir="0" index="0" bw="32" slack="0"/>
<pin id="1825" dir="0" index="1" bw="512" slack="0"/>
<pin id="1826" dir="0" index="2" bw="9" slack="0"/>
<pin id="1827" dir="0" index="3" bw="9" slack="0"/>
<pin id="1828" dir="1" index="4" bw="32" slack="0"/>
</pin_list>
<bind>
<opcode="partselect(1002) " fcode="partselect"/>
<opset="trunc_ln72_72/3 "/>
</bind>
</comp>

<comp id="1833" class="1004" name="trunc_ln72_73_fu_1833">
<pin_list>
<pin id="1834" dir="0" index="0" bw="32" slack="0"/>
<pin id="1835" dir="0" index="1" bw="512" slack="0"/>
<pin id="1836" dir="0" index="2" bw="9" slack="0"/>
<pin id="1837" dir="0" index="3" bw="9" slack="0"/>
<pin id="1838" dir="1" index="4" bw="32" slack="0"/>
</pin_list>
<bind>
<opcode="partselect(1002) " fcode="partselect"/>
<opset="trunc_ln72_73/3 "/>
</bind>
</comp>

<comp id="1843" class="1004" name="trunc_ln72_74_fu_1843">
<pin_list>
<pin id="1844" dir="0" index="0" bw="32" slack="0"/>
<pin id="1845" dir="0" index="1" bw="512" slack="0"/>
<pin id="1846" dir="0" index="2" bw="9" slack="0"/>
<pin id="1847" dir="0" index="3" bw="9" slack="0"/>
<pin id="1848" dir="1" index="4" bw="32" slack="0"/>
</pin_list>
<bind>
<opcode="partselect(1002) " fcode="partselect"/>
<opset="trunc_ln72_74/3 "/>
</bind>
</comp>

<comp id="1853" class="1004" name="trunc_ln72_75_fu_1853">
<pin_list>
<pin id="1854" dir="0" index="0" bw="32" slack="0"/>
<pin id="1855" dir="0" index="1" bw="512" slack="0"/>
<pin id="1856" dir="0" index="2" bw="9" slack="0"/>
<pin id="1857" dir="0" index="3" bw="9" slack="0"/>
<pin id="1858" dir="1" index="4" bw="32" slack="0"/>
</pin_list>
<bind>
<opcode="partselect(1002) " fcode="partselect"/>
<opset="trunc_ln72_75/3 "/>
</bind>
</comp>

<comp id="1863" class="1004" name="trunc_ln72_76_fu_1863">
<pin_list>
<pin id="1864" dir="0" index="0" bw="32" slack="0"/>
<pin id="1865" dir="0" index="1" bw="512" slack="0"/>
<pin id="1866" dir="0" index="2" bw="9" slack="0"/>
<pin id="1867" dir="0" index="3" bw="9" slack="0"/>
<pin id="1868" dir="1" index="4" bw="32" slack="0"/>
</pin_list>
<bind>
<opcode="partselect(1002) " fcode="partselect"/>
<opset="trunc_ln72_76/3 "/>
</bind>
</comp>

<comp id="1873" class="1004" name="trunc_ln72_77_fu_1873">
<pin_list>
<pin id="1874" dir="0" index="0" bw="32" slack="0"/>
<pin id="1875" dir="0" index="1" bw="512" slack="0"/>
<pin id="1876" dir="0" index="2" bw="9" slack="0"/>
<pin id="1877" dir="0" index="3" bw="9" slack="0"/>
<pin id="1878" dir="1" index="4" bw="32" slack="0"/>
</pin_list>
<bind>
<opcode="partselect(1002) " fcode="partselect"/>
<opset="trunc_ln72_77/3 "/>
</bind>
</comp>

<comp id="1883" class="1004" name="trunc_ln72_78_fu_1883">
<pin_list>
<pin id="1884" dir="0" index="0" bw="32" slack="0"/>
<pin id="1885" dir="0" index="1" bw="512" slack="0"/>
<pin id="1886" dir="0" index="2" bw="9" slack="0"/>
<pin id="1887" dir="0" index="3" bw="9" slack="0"/>
<pin id="1888" dir="1" index="4" bw="32" slack="0"/>
</pin_list>
<bind>
<opcode="partselect(1002) " fcode="partselect"/>
<opset="trunc_ln72_78/3 "/>
</bind>
</comp>

<comp id="1893" class="1004" name="tmp_4_fu_1893">
<pin_list>
<pin id="1894" dir="0" index="0" bw="32" slack="0"/>
<pin id="1895" dir="0" index="1" bw="4" slack="0"/>
<pin id="1896" dir="0" index="2" bw="32" slack="0"/>
<pin id="1897" dir="0" index="3" bw="4" slack="0"/>
<pin id="1898" dir="0" index="4" bw="32" slack="0"/>
<pin id="1899" dir="0" index="5" bw="4" slack="0"/>
<pin id="1900" dir="0" index="6" bw="32" slack="0"/>
<pin id="1901" dir="0" index="7" bw="4" slack="0"/>
<pin id="1902" dir="0" index="8" bw="32" slack="0"/>
<pin id="1903" dir="0" index="9" bw="4" slack="0"/>
<pin id="1904" dir="0" index="10" bw="32" slack="0"/>
<pin id="1905" dir="0" index="11" bw="4" slack="0"/>
<pin id="1906" dir="0" index="12" bw="32" slack="0"/>
<pin id="1907" dir="0" index="13" bw="4" slack="0"/>
<pin id="1908" dir="0" index="14" bw="32" slack="0"/>
<pin id="1909" dir="0" index="15" bw="4" slack="0"/>
<pin id="1910" dir="0" index="16" bw="32" slack="0"/>
<pin id="1911" dir="0" index="17" bw="4" slack="0"/>
<pin id="1912" dir="0" index="18" bw="32" slack="0"/>
<pin id="1913" dir="0" index="19" bw="4" slack="0"/>
<pin id="1914" dir="0" index="20" bw="32" slack="0"/>
<pin id="1915" dir="0" index="21" bw="4" slack="0"/>
<pin id="1916" dir="0" index="22" bw="32" slack="0"/>
<pin id="1917" dir="0" index="23" bw="4" slack="0"/>
<pin id="1918" dir="0" index="24" bw="32" slack="0"/>
<pin id="1919" dir="0" index="25" bw="4" slack="0"/>
<pin id="1920" dir="0" index="26" bw="32" slack="0"/>
<pin id="1921" dir="0" index="27" bw="4" slack="0"/>
<pin id="1922" dir="0" index="28" bw="32" slack="0"/>
<pin id="1923" dir="0" index="29" bw="4" slack="0"/>
<pin id="1924" dir="0" index="30" bw="32" slack="0"/>
<pin id="1925" dir="0" index="31" bw="4" slack="0"/>
<pin id="1926" dir="0" index="32" bw="32" slack="0"/>
<pin id="1927" dir="0" index="33" bw="32" slack="0"/>
<pin id="1928" dir="0" index="34" bw="4" slack="2"/>
<pin id="1929" dir="1" index="35" bw="32" slack="0"/>
</pin_list>
<bind>
<opcode="sparsemux(1197) " fcode="sparsemux"/>
<opset="tmp_4/3 "/>
</bind>
</comp>

<comp id="1964" class="1004" name="add_ln72_4_fu_1964">
<pin_list>
<pin id="1965" dir="0" index="0" bw="32" slack="0"/>
<pin id="1966" dir="0" index="1" bw="32" slack="1"/>
<pin id="1967" dir="1" index="2" bw="32" slack="0"/>
</pin_list>
<bind>
<opcode="add(8) " fcode="add"/>
<opset="add_ln72_4/3 "/>
</bind>
</comp>

<comp id="1969" class="1004" name="trunc_ln72_79_fu_1969">
<pin_list>
<pin id="1970" dir="0" index="0" bw="32" slack="0"/>
<pin id="1971" dir="0" index="1" bw="512" slack="0"/>
<pin id="1972" dir="0" index="2" bw="9" slack="0"/>
<pin id="1973" dir="0" index="3" bw="9" slack="0"/>
<pin id="1974" dir="1" index="4" bw="32" slack="0"/>
</pin_list>
<bind>
<opcode="partselect(1002) " fcode="partselect"/>
<opset="trunc_ln72_79/3 "/>
</bind>
</comp>

<comp id="1979" class="1004" name="trunc_ln72_80_fu_1979">
<pin_list>
<pin id="1980" dir="0" index="0" bw="32" slack="0"/>
<pin id="1981" dir="0" index="1" bw="512" slack="0"/>
<pin id="1982" dir="0" index="2" bw="9" slack="0"/>
<pin id="1983" dir="0" index="3" bw="9" slack="0"/>
<pin id="1984" dir="1" index="4" bw="32" slack="0"/>
</pin_list>
<bind>
<opcode="partselect(1002) " fcode="partselect"/>
<opset="trunc_ln72_80/3 "/>
</bind>
</comp>

<comp id="1989" class="1004" name="trunc_ln72_81_fu_1989">
<pin_list>
<pin id="1990" dir="0" index="0" bw="32" slack="0"/>
<pin id="1991" dir="0" index="1" bw="512" slack="0"/>
<pin id="1992" dir="0" index="2" bw="9" slack="0"/>
<pin id="1993" dir="0" index="3" bw="9" slack="0"/>
<pin id="1994" dir="1" index="4" bw="32" slack="0"/>
</pin_list>
<bind>
<opcode="partselect(1002) " fcode="partselect"/>
<opset="trunc_ln72_81/3 "/>
</bind>
</comp>

<comp id="1999" class="1004" name="trunc_ln72_82_fu_1999">
<pin_list>
<pin id="2000" dir="0" index="0" bw="32" slack="0"/>
<pin id="2001" dir="0" index="1" bw="512" slack="0"/>
<pin id="2002" dir="0" index="2" bw="9" slack="0"/>
<pin id="2003" dir="0" index="3" bw="9" slack="0"/>
<pin id="2004" dir="1" index="4" bw="32" slack="0"/>
</pin_list>
<bind>
<opcode="partselect(1002) " fcode="partselect"/>
<opset="trunc_ln72_82/3 "/>
</bind>
</comp>

<comp id="2009" class="1004" name="trunc_ln72_83_fu_2009">
<pin_list>
<pin id="2010" dir="0" index="0" bw="32" slack="0"/>
<pin id="2011" dir="0" index="1" bw="512" slack="0"/>
<pin id="2012" dir="0" index="2" bw="9" slack="0"/>
<pin id="2013" dir="0" index="3" bw="9" slack="0"/>
<pin id="2014" dir="1" index="4" bw="32" slack="0"/>
</pin_list>
<bind>
<opcode="partselect(1002) " fcode="partselect"/>
<opset="trunc_ln72_83/3 "/>
</bind>
</comp>

<comp id="2019" class="1004" name="trunc_ln72_84_fu_2019">
<pin_list>
<pin id="2020" dir="0" index="0" bw="32" slack="0"/>
<pin id="2021" dir="0" index="1" bw="512" slack="0"/>
<pin id="2022" dir="0" index="2" bw="9" slack="0"/>
<pin id="2023" dir="0" index="3" bw="9" slack="0"/>
<pin id="2024" dir="1" index="4" bw="32" slack="0"/>
</pin_list>
<bind>
<opcode="partselect(1002) " fcode="partselect"/>
<opset="trunc_ln72_84/3 "/>
</bind>
</comp>

<comp id="2029" class="1004" name="trunc_ln72_85_fu_2029">
<pin_list>
<pin id="2030" dir="0" index="0" bw="32" slack="0"/>
<pin id="2031" dir="0" index="1" bw="512" slack="0"/>
<pin id="2032" dir="0" index="2" bw="9" slack="0"/>
<pin id="2033" dir="0" index="3" bw="9" slack="0"/>
<pin id="2034" dir="1" index="4" bw="32" slack="0"/>
</pin_list>
<bind>
<opcode="partselect(1002) " fcode="partselect"/>
<opset="trunc_ln72_85/3 "/>
</bind>
</comp>

<comp id="2039" class="1004" name="trunc_ln72_86_fu_2039">
<pin_list>
<pin id="2040" dir="0" index="0" bw="32" slack="0"/>
<pin id="2041" dir="0" index="1" bw="512" slack="0"/>
<pin id="2042" dir="0" index="2" bw="9" slack="0"/>
<pin id="2043" dir="0" index="3" bw="9" slack="0"/>
<pin id="2044" dir="1" index="4" bw="32" slack="0"/>
</pin_list>
<bind>
<opcode="partselect(1002) " fcode="partselect"/>
<opset="trunc_ln72_86/3 "/>
</bind>
</comp>

<comp id="2049" class="1004" name="trunc_ln72_87_fu_2049">
<pin_list>
<pin id="2050" dir="0" index="0" bw="32" slack="0"/>
<pin id="2051" dir="0" index="1" bw="512" slack="0"/>
<pin id="2052" dir="0" index="2" bw="9" slack="0"/>
<pin id="2053" dir="0" index="3" bw="9" slack="0"/>
<pin id="2054" dir="1" index="4" bw="32" slack="0"/>
</pin_list>
<bind>
<opcode="partselect(1002) " fcode="partselect"/>
<opset="trunc_ln72_87/3 "/>
</bind>
</comp>

<comp id="2059" class="1004" name="trunc_ln72_88_fu_2059">
<pin_list>
<pin id="2060" dir="0" index="0" bw="32" slack="0"/>
<pin id="2061" dir="0" index="1" bw="512" slack="0"/>
<pin id="2062" dir="0" index="2" bw="9" slack="0"/>
<pin id="2063" dir="0" index="3" bw="9" slack="0"/>
<pin id="2064" dir="1" index="4" bw="32" slack="0"/>
</pin_list>
<bind>
<opcode="partselect(1002) " fcode="partselect"/>
<opset="trunc_ln72_88/3 "/>
</bind>
</comp>

<comp id="2069" class="1004" name="trunc_ln72_89_fu_2069">
<pin_list>
<pin id="2070" dir="0" index="0" bw="32" slack="0"/>
<pin id="2071" dir="0" index="1" bw="512" slack="0"/>
<pin id="2072" dir="0" index="2" bw="9" slack="0"/>
<pin id="2073" dir="0" index="3" bw="9" slack="0"/>
<pin id="2074" dir="1" index="4" bw="32" slack="0"/>
</pin_list>
<bind>
<opcode="partselect(1002) " fcode="partselect"/>
<opset="trunc_ln72_89/3 "/>
</bind>
</comp>

<comp id="2079" class="1004" name="trunc_ln72_90_fu_2079">
<pin_list>
<pin id="2080" dir="0" index="0" bw="32" slack="0"/>
<pin id="2081" dir="0" index="1" bw="512" slack="0"/>
<pin id="2082" dir="0" index="2" bw="9" slack="0"/>
<pin id="2083" dir="0" index="3" bw="9" slack="0"/>
<pin id="2084" dir="1" index="4" bw="32" slack="0"/>
</pin_list>
<bind>
<opcode="partselect(1002) " fcode="partselect"/>
<opset="trunc_ln72_90/3 "/>
</bind>
</comp>

<comp id="2089" class="1004" name="trunc_ln72_91_fu_2089">
<pin_list>
<pin id="2090" dir="0" index="0" bw="32" slack="0"/>
<pin id="2091" dir="0" index="1" bw="512" slack="0"/>
<pin id="2092" dir="0" index="2" bw="9" slack="0"/>
<pin id="2093" dir="0" index="3" bw="9" slack="0"/>
<pin id="2094" dir="1" index="4" bw="32" slack="0"/>
</pin_list>
<bind>
<opcode="partselect(1002) " fcode="partselect"/>
<opset="trunc_ln72_91/3 "/>
</bind>
</comp>

<comp id="2099" class="1004" name="trunc_ln72_92_fu_2099">
<pin_list>
<pin id="2100" dir="0" index="0" bw="32" slack="0"/>
<pin id="2101" dir="0" index="1" bw="512" slack="0"/>
<pin id="2102" dir="0" index="2" bw="9" slack="0"/>
<pin id="2103" dir="0" index="3" bw="9" slack="0"/>
<pin id="2104" dir="1" index="4" bw="32" slack="0"/>
</pin_list>
<bind>
<opcode="partselect(1002) " fcode="partselect"/>
<opset="trunc_ln72_92/3 "/>
</bind>
</comp>

<comp id="2109" class="1004" name="trunc_ln72_93_fu_2109">
<pin_list>
<pin id="2110" dir="0" index="0" bw="32" slack="0"/>
<pin id="2111" dir="0" index="1" bw="512" slack="0"/>
<pin id="2112" dir="0" index="2" bw="9" slack="0"/>
<pin id="2113" dir="0" index="3" bw="9" slack="0"/>
<pin id="2114" dir="1" index="4" bw="32" slack="0"/>
</pin_list>
<bind>
<opcode="partselect(1002) " fcode="partselect"/>
<opset="trunc_ln72_93/3 "/>
</bind>
</comp>

<comp id="2119" class="1004" name="trunc_ln72_94_fu_2119">
<pin_list>
<pin id="2120" dir="0" index="0" bw="32" slack="0"/>
<pin id="2121" dir="0" index="1" bw="512" slack="0"/>
<pin id="2122" dir="0" index="2" bw="9" slack="0"/>
<pin id="2123" dir="0" index="3" bw="9" slack="0"/>
<pin id="2124" dir="1" index="4" bw="32" slack="0"/>
</pin_list>
<bind>
<opcode="partselect(1002) " fcode="partselect"/>
<opset="trunc_ln72_94/3 "/>
</bind>
</comp>

<comp id="2129" class="1004" name="tmp_5_fu_2129">
<pin_list>
<pin id="2130" dir="0" index="0" bw="32" slack="0"/>
<pin id="2131" dir="0" index="1" bw="4" slack="0"/>
<pin id="2132" dir="0" index="2" bw="32" slack="0"/>
<pin id="2133" dir="0" index="3" bw="4" slack="0"/>
<pin id="2134" dir="0" index="4" bw="32" slack="0"/>
<pin id="2135" dir="0" index="5" bw="4" slack="0"/>
<pin id="2136" dir="0" index="6" bw="32" slack="0"/>
<pin id="2137" dir="0" index="7" bw="4" slack="0"/>
<pin id="2138" dir="0" index="8" bw="32" slack="0"/>
<pin id="2139" dir="0" index="9" bw="4" slack="0"/>
<pin id="2140" dir="0" index="10" bw="32" slack="0"/>
<pin id="2141" dir="0" index="11" bw="4" slack="0"/>
<pin id="2142" dir="0" index="12" bw="32" slack="0"/>
<pin id="2143" dir="0" index="13" bw="4" slack="0"/>
<pin id="2144" dir="0" index="14" bw="32" slack="0"/>
<pin id="2145" dir="0" index="15" bw="4" slack="0"/>
<pin id="2146" dir="0" index="16" bw="32" slack="0"/>
<pin id="2147" dir="0" index="17" bw="4" slack="0"/>
<pin id="2148" dir="0" index="18" bw="32" slack="0"/>
<pin id="2149" dir="0" index="19" bw="4" slack="0"/>
<pin id="2150" dir="0" index="20" bw="32" slack="0"/>
<pin id="2151" dir="0" index="21" bw="4" slack="0"/>
<pin id="2152" dir="0" index="22" bw="32" slack="0"/>
<pin id="2153" dir="0" index="23" bw="4" slack="0"/>
<pin id="2154" dir="0" index="24" bw="32" slack="0"/>
<pin id="2155" dir="0" index="25" bw="4" slack="0"/>
<pin id="2156" dir="0" index="26" bw="32" slack="0"/>
<pin id="2157" dir="0" index="27" bw="4" slack="0"/>
<pin id="2158" dir="0" index="28" bw="32" slack="0"/>
<pin id="2159" dir="0" index="29" bw="4" slack="0"/>
<pin id="2160" dir="0" index="30" bw="32" slack="0"/>
<pin id="2161" dir="0" index="31" bw="4" slack="0"/>
<pin id="2162" dir="0" index="32" bw="32" slack="0"/>
<pin id="2163" dir="0" index="33" bw="32" slack="0"/>
<pin id="2164" dir="0" index="34" bw="4" slack="2"/>
<pin id="2165" dir="1" index="35" bw="32" slack="0"/>
</pin_list>
<bind>
<opcode="sparsemux(1197) " fcode="sparsemux"/>
<opset="tmp_5/3 "/>
</bind>
</comp>

<comp id="2200" class="1004" name="add_ln72_5_fu_2200">
<pin_list>
<pin id="2201" dir="0" index="0" bw="32" slack="0"/>
<pin id="2202" dir="0" index="1" bw="32" slack="1"/>
<pin id="2203" dir="1" index="2" bw="32" slack="0"/>
</pin_list>
<bind>
<opcode="add(8) " fcode="add"/>
<opset="add_ln72_5/3 "/>
</bind>
</comp>

<comp id="2205" class="1004" name="trunc_ln72_95_fu_2205">
<pin_list>
<pin id="2206" dir="0" index="0" bw="32" slack="0"/>
<pin id="2207" dir="0" index="1" bw="512" slack="0"/>
<pin id="2208" dir="0" index="2" bw="9" slack="0"/>
<pin id="2209" dir="0" index="3" bw="9" slack="0"/>
<pin id="2210" dir="1" index="4" bw="32" slack="0"/>
</pin_list>
<bind>
<opcode="partselect(1002) " fcode="partselect"/>
<opset="trunc_ln72_95/3 "/>
</bind>
</comp>

<comp id="2215" class="1004" name="trunc_ln72_96_fu_2215">
<pin_list>
<pin id="2216" dir="0" index="0" bw="32" slack="0"/>
<pin id="2217" dir="0" index="1" bw="512" slack="0"/>
<pin id="2218" dir="0" index="2" bw="9" slack="0"/>
<pin id="2219" dir="0" index="3" bw="9" slack="0"/>
<pin id="2220" dir="1" index="4" bw="32" slack="0"/>
</pin_list>
<bind>
<opcode="partselect(1002) " fcode="partselect"/>
<opset="trunc_ln72_96/3 "/>
</bind>
</comp>

<comp id="2225" class="1004" name="trunc_ln72_97_fu_2225">
<pin_list>
<pin id="2226" dir="0" index="0" bw="32" slack="0"/>
<pin id="2227" dir="0" index="1" bw="512" slack="0"/>
<pin id="2228" dir="0" index="2" bw="9" slack="0"/>
<pin id="2229" dir="0" index="3" bw="9" slack="0"/>
<pin id="2230" dir="1" index="4" bw="32" slack="0"/>
</pin_list>
<bind>
<opcode="partselect(1002) " fcode="partselect"/>
<opset="trunc_ln72_97/3 "/>
</bind>
</comp>

<comp id="2235" class="1004" name="trunc_ln72_98_fu_2235">
<pin_list>
<pin id="2236" dir="0" index="0" bw="32" slack="0"/>
<pin id="2237" dir="0" index="1" bw="512" slack="0"/>
<pin id="2238" dir="0" index="2" bw="9" slack="0"/>
<pin id="2239" dir="0" index="3" bw="9" slack="0"/>
<pin id="2240" dir="1" index="4" bw="32" slack="0"/>
</pin_list>
<bind>
<opcode="partselect(1002) " fcode="partselect"/>
<opset="trunc_ln72_98/3 "/>
</bind>
</comp>

<comp id="2245" class="1004" name="trunc_ln72_99_fu_2245">
<pin_list>
<pin id="2246" dir="0" index="0" bw="32" slack="0"/>
<pin id="2247" dir="0" index="1" bw="512" slack="0"/>
<pin id="2248" dir="0" index="2" bw="9" slack="0"/>
<pin id="2249" dir="0" index="3" bw="9" slack="0"/>
<pin id="2250" dir="1" index="4" bw="32" slack="0"/>
</pin_list>
<bind>
<opcode="partselect(1002) " fcode="partselect"/>
<opset="trunc_ln72_99/3 "/>
</bind>
</comp>

<comp id="2255" class="1004" name="trunc_ln72_100_fu_2255">
<pin_list>
<pin id="2256" dir="0" index="0" bw="32" slack="0"/>
<pin id="2257" dir="0" index="1" bw="512" slack="0"/>
<pin id="2258" dir="0" index="2" bw="9" slack="0"/>
<pin id="2259" dir="0" index="3" bw="9" slack="0"/>
<pin id="2260" dir="1" index="4" bw="32" slack="0"/>
</pin_list>
<bind>
<opcode="partselect(1002) " fcode="partselect"/>
<opset="trunc_ln72_100/3 "/>
</bind>
</comp>

<comp id="2265" class="1004" name="trunc_ln72_101_fu_2265">
<pin_list>
<pin id="2266" dir="0" index="0" bw="32" slack="0"/>
<pin id="2267" dir="0" index="1" bw="512" slack="0"/>
<pin id="2268" dir="0" index="2" bw="9" slack="0"/>
<pin id="2269" dir="0" index="3" bw="9" slack="0"/>
<pin id="2270" dir="1" index="4" bw="32" slack="0"/>
</pin_list>
<bind>
<opcode="partselect(1002) " fcode="partselect"/>
<opset="trunc_ln72_101/3 "/>
</bind>
</comp>

<comp id="2275" class="1004" name="trunc_ln72_102_fu_2275">
<pin_list>
<pin id="2276" dir="0" index="0" bw="32" slack="0"/>
<pin id="2277" dir="0" index="1" bw="512" slack="0"/>
<pin id="2278" dir="0" index="2" bw="9" slack="0"/>
<pin id="2279" dir="0" index="3" bw="9" slack="0"/>
<pin id="2280" dir="1" index="4" bw="32" slack="0"/>
</pin_list>
<bind>
<opcode="partselect(1002) " fcode="partselect"/>
<opset="trunc_ln72_102/3 "/>
</bind>
</comp>

<comp id="2285" class="1004" name="trunc_ln72_103_fu_2285">
<pin_list>
<pin id="2286" dir="0" index="0" bw="32" slack="0"/>
<pin id="2287" dir="0" index="1" bw="512" slack="0"/>
<pin id="2288" dir="0" index="2" bw="9" slack="0"/>
<pin id="2289" dir="0" index="3" bw="9" slack="0"/>
<pin id="2290" dir="1" index="4" bw="32" slack="0"/>
</pin_list>
<bind>
<opcode="partselect(1002) " fcode="partselect"/>
<opset="trunc_ln72_103/3 "/>
</bind>
</comp>

<comp id="2295" class="1004" name="trunc_ln72_104_fu_2295">
<pin_list>
<pin id="2296" dir="0" index="0" bw="32" slack="0"/>
<pin id="2297" dir="0" index="1" bw="512" slack="0"/>
<pin id="2298" dir="0" index="2" bw="9" slack="0"/>
<pin id="2299" dir="0" index="3" bw="9" slack="0"/>
<pin id="2300" dir="1" index="4" bw="32" slack="0"/>
</pin_list>
<bind>
<opcode="partselect(1002) " fcode="partselect"/>
<opset="trunc_ln72_104/3 "/>
</bind>
</comp>

<comp id="2305" class="1004" name="trunc_ln72_105_fu_2305">
<pin_list>
<pin id="2306" dir="0" index="0" bw="32" slack="0"/>
<pin id="2307" dir="0" index="1" bw="512" slack="0"/>
<pin id="2308" dir="0" index="2" bw="9" slack="0"/>
<pin id="2309" dir="0" index="3" bw="9" slack="0"/>
<pin id="2310" dir="1" index="4" bw="32" slack="0"/>
</pin_list>
<bind>
<opcode="partselect(1002) " fcode="partselect"/>
<opset="trunc_ln72_105/3 "/>
</bind>
</comp>

<comp id="2315" class="1004" name="trunc_ln72_106_fu_2315">
<pin_list>
<pin id="2316" dir="0" index="0" bw="32" slack="0"/>
<pin id="2317" dir="0" index="1" bw="512" slack="0"/>
<pin id="2318" dir="0" index="2" bw="9" slack="0"/>
<pin id="2319" dir="0" index="3" bw="9" slack="0"/>
<pin id="2320" dir="1" index="4" bw="32" slack="0"/>
</pin_list>
<bind>
<opcode="partselect(1002) " fcode="partselect"/>
<opset="trunc_ln72_106/3 "/>
</bind>
</comp>

<comp id="2325" class="1004" name="trunc_ln72_107_fu_2325">
<pin_list>
<pin id="2326" dir="0" index="0" bw="32" slack="0"/>
<pin id="2327" dir="0" index="1" bw="512" slack="0"/>
<pin id="2328" dir="0" index="2" bw="9" slack="0"/>
<pin id="2329" dir="0" index="3" bw="9" slack="0"/>
<pin id="2330" dir="1" index="4" bw="32" slack="0"/>
</pin_list>
<bind>
<opcode="partselect(1002) " fcode="partselect"/>
<opset="trunc_ln72_107/3 "/>
</bind>
</comp>

<comp id="2335" class="1004" name="trunc_ln72_108_fu_2335">
<pin_list>
<pin id="2336" dir="0" index="0" bw="32" slack="0"/>
<pin id="2337" dir="0" index="1" bw="512" slack="0"/>
<pin id="2338" dir="0" index="2" bw="9" slack="0"/>
<pin id="2339" dir="0" index="3" bw="9" slack="0"/>
<pin id="2340" dir="1" index="4" bw="32" slack="0"/>
</pin_list>
<bind>
<opcode="partselect(1002) " fcode="partselect"/>
<opset="trunc_ln72_108/3 "/>
</bind>
</comp>

<comp id="2345" class="1004" name="trunc_ln72_109_fu_2345">
<pin_list>
<pin id="2346" dir="0" index="0" bw="32" slack="0"/>
<pin id="2347" dir="0" index="1" bw="512" slack="0"/>
<pin id="2348" dir="0" index="2" bw="9" slack="0"/>
<pin id="2349" dir="0" index="3" bw="9" slack="0"/>
<pin id="2350" dir="1" index="4" bw="32" slack="0"/>
</pin_list>
<bind>
<opcode="partselect(1002) " fcode="partselect"/>
<opset="trunc_ln72_109/3 "/>
</bind>
</comp>

<comp id="2355" class="1004" name="trunc_ln72_110_fu_2355">
<pin_list>
<pin id="2356" dir="0" index="0" bw="32" slack="0"/>
<pin id="2357" dir="0" index="1" bw="512" slack="0"/>
<pin id="2358" dir="0" index="2" bw="9" slack="0"/>
<pin id="2359" dir="0" index="3" bw="9" slack="0"/>
<pin id="2360" dir="1" index="4" bw="32" slack="0"/>
</pin_list>
<bind>
<opcode="partselect(1002) " fcode="partselect"/>
<opset="trunc_ln72_110/3 "/>
</bind>
</comp>

<comp id="2365" class="1004" name="tmp_6_fu_2365">
<pin_list>
<pin id="2366" dir="0" index="0" bw="32" slack="0"/>
<pin id="2367" dir="0" index="1" bw="4" slack="0"/>
<pin id="2368" dir="0" index="2" bw="32" slack="0"/>
<pin id="2369" dir="0" index="3" bw="4" slack="0"/>
<pin id="2370" dir="0" index="4" bw="32" slack="0"/>
<pin id="2371" dir="0" index="5" bw="4" slack="0"/>
<pin id="2372" dir="0" index="6" bw="32" slack="0"/>
<pin id="2373" dir="0" index="7" bw="4" slack="0"/>
<pin id="2374" dir="0" index="8" bw="32" slack="0"/>
<pin id="2375" dir="0" index="9" bw="4" slack="0"/>
<pin id="2376" dir="0" index="10" bw="32" slack="0"/>
<pin id="2377" dir="0" index="11" bw="4" slack="0"/>
<pin id="2378" dir="0" index="12" bw="32" slack="0"/>
<pin id="2379" dir="0" index="13" bw="4" slack="0"/>
<pin id="2380" dir="0" index="14" bw="32" slack="0"/>
<pin id="2381" dir="0" index="15" bw="4" slack="0"/>
<pin id="2382" dir="0" index="16" bw="32" slack="0"/>
<pin id="2383" dir="0" index="17" bw="4" slack="0"/>
<pin id="2384" dir="0" index="18" bw="32" slack="0"/>
<pin id="2385" dir="0" index="19" bw="4" slack="0"/>
<pin id="2386" dir="0" index="20" bw="32" slack="0"/>
<pin id="2387" dir="0" index="21" bw="4" slack="0"/>
<pin id="2388" dir="0" index="22" bw="32" slack="0"/>
<pin id="2389" dir="0" index="23" bw="4" slack="0"/>
<pin id="2390" dir="0" index="24" bw="32" slack="0"/>
<pin id="2391" dir="0" index="25" bw="4" slack="0"/>
<pin id="2392" dir="0" index="26" bw="32" slack="0"/>
<pin id="2393" dir="0" index="27" bw="4" slack="0"/>
<pin id="2394" dir="0" index="28" bw="32" slack="0"/>
<pin id="2395" dir="0" index="29" bw="4" slack="0"/>
<pin id="2396" dir="0" index="30" bw="32" slack="0"/>
<pin id="2397" dir="0" index="31" bw="4" slack="0"/>
<pin id="2398" dir="0" index="32" bw="32" slack="0"/>
<pin id="2399" dir="0" index="33" bw="32" slack="0"/>
<pin id="2400" dir="0" index="34" bw="4" slack="2"/>
<pin id="2401" dir="1" index="35" bw="32" slack="0"/>
</pin_list>
<bind>
<opcode="sparsemux(1197) " fcode="sparsemux"/>
<opset="tmp_6/3 "/>
</bind>
</comp>

<comp id="2436" class="1004" name="add_ln72_6_fu_2436">
<pin_list>
<pin id="2437" dir="0" index="0" bw="32" slack="0"/>
<pin id="2438" dir="0" index="1" bw="32" slack="1"/>
<pin id="2439" dir="1" index="2" bw="32" slack="0"/>
</pin_list>
<bind>
<opcode="add(8) " fcode="add"/>
<opset="add_ln72_6/3 "/>
</bind>
</comp>

<comp id="2441" class="1004" name="trunc_ln72_111_fu_2441">
<pin_list>
<pin id="2442" dir="0" index="0" bw="32" slack="0"/>
<pin id="2443" dir="0" index="1" bw="512" slack="0"/>
<pin id="2444" dir="0" index="2" bw="9" slack="0"/>
<pin id="2445" dir="0" index="3" bw="9" slack="0"/>
<pin id="2446" dir="1" index="4" bw="32" slack="0"/>
</pin_list>
<bind>
<opcode="partselect(1002) " fcode="partselect"/>
<opset="trunc_ln72_111/3 "/>
</bind>
</comp>

<comp id="2451" class="1004" name="trunc_ln72_112_fu_2451">
<pin_list>
<pin id="2452" dir="0" index="0" bw="32" slack="0"/>
<pin id="2453" dir="0" index="1" bw="512" slack="0"/>
<pin id="2454" dir="0" index="2" bw="9" slack="0"/>
<pin id="2455" dir="0" index="3" bw="9" slack="0"/>
<pin id="2456" dir="1" index="4" bw="32" slack="0"/>
</pin_list>
<bind>
<opcode="partselect(1002) " fcode="partselect"/>
<opset="trunc_ln72_112/3 "/>
</bind>
</comp>

<comp id="2461" class="1004" name="trunc_ln72_113_fu_2461">
<pin_list>
<pin id="2462" dir="0" index="0" bw="32" slack="0"/>
<pin id="2463" dir="0" index="1" bw="512" slack="0"/>
<pin id="2464" dir="0" index="2" bw="9" slack="0"/>
<pin id="2465" dir="0" index="3" bw="9" slack="0"/>
<pin id="2466" dir="1" index="4" bw="32" slack="0"/>
</pin_list>
<bind>
<opcode="partselect(1002) " fcode="partselect"/>
<opset="trunc_ln72_113/3 "/>
</bind>
</comp>

<comp id="2471" class="1004" name="trunc_ln72_114_fu_2471">
<pin_list>
<pin id="2472" dir="0" index="0" bw="32" slack="0"/>
<pin id="2473" dir="0" index="1" bw="512" slack="0"/>
<pin id="2474" dir="0" index="2" bw="9" slack="0"/>
<pin id="2475" dir="0" index="3" bw="9" slack="0"/>
<pin id="2476" dir="1" index="4" bw="32" slack="0"/>
</pin_list>
<bind>
<opcode="partselect(1002) " fcode="partselect"/>
<opset="trunc_ln72_114/3 "/>
</bind>
</comp>

<comp id="2481" class="1004" name="trunc_ln72_115_fu_2481">
<pin_list>
<pin id="2482" dir="0" index="0" bw="32" slack="0"/>
<pin id="2483" dir="0" index="1" bw="512" slack="0"/>
<pin id="2484" dir="0" index="2" bw="9" slack="0"/>
<pin id="2485" dir="0" index="3" bw="9" slack="0"/>
<pin id="2486" dir="1" index="4" bw="32" slack="0"/>
</pin_list>
<bind>
<opcode="partselect(1002) " fcode="partselect"/>
<opset="trunc_ln72_115/3 "/>
</bind>
</comp>

<comp id="2491" class="1004" name="trunc_ln72_116_fu_2491">
<pin_list>
<pin id="2492" dir="0" index="0" bw="32" slack="0"/>
<pin id="2493" dir="0" index="1" bw="512" slack="0"/>
<pin id="2494" dir="0" index="2" bw="9" slack="0"/>
<pin id="2495" dir="0" index="3" bw="9" slack="0"/>
<pin id="2496" dir="1" index="4" bw="32" slack="0"/>
</pin_list>
<bind>
<opcode="partselect(1002) " fcode="partselect"/>
<opset="trunc_ln72_116/3 "/>
</bind>
</comp>

<comp id="2501" class="1004" name="trunc_ln72_117_fu_2501">
<pin_list>
<pin id="2502" dir="0" index="0" bw="32" slack="0"/>
<pin id="2503" dir="0" index="1" bw="512" slack="0"/>
<pin id="2504" dir="0" index="2" bw="9" slack="0"/>
<pin id="2505" dir="0" index="3" bw="9" slack="0"/>
<pin id="2506" dir="1" index="4" bw="32" slack="0"/>
</pin_list>
<bind>
<opcode="partselect(1002) " fcode="partselect"/>
<opset="trunc_ln72_117/3 "/>
</bind>
</comp>

<comp id="2511" class="1004" name="trunc_ln72_118_fu_2511">
<pin_list>
<pin id="2512" dir="0" index="0" bw="32" slack="0"/>
<pin id="2513" dir="0" index="1" bw="512" slack="0"/>
<pin id="2514" dir="0" index="2" bw="9" slack="0"/>
<pin id="2515" dir="0" index="3" bw="9" slack="0"/>
<pin id="2516" dir="1" index="4" bw="32" slack="0"/>
</pin_list>
<bind>
<opcode="partselect(1002) " fcode="partselect"/>
<opset="trunc_ln72_118/3 "/>
</bind>
</comp>

<comp id="2521" class="1004" name="trunc_ln72_119_fu_2521">
<pin_list>
<pin id="2522" dir="0" index="0" bw="32" slack="0"/>
<pin id="2523" dir="0" index="1" bw="512" slack="0"/>
<pin id="2524" dir="0" index="2" bw="9" slack="0"/>
<pin id="2525" dir="0" index="3" bw="9" slack="0"/>
<pin id="2526" dir="1" index="4" bw="32" slack="0"/>
</pin_list>
<bind>
<opcode="partselect(1002) " fcode="partselect"/>
<opset="trunc_ln72_119/3 "/>
</bind>
</comp>

<comp id="2531" class="1004" name="trunc_ln72_120_fu_2531">
<pin_list>
<pin id="2532" dir="0" index="0" bw="32" slack="0"/>
<pin id="2533" dir="0" index="1" bw="512" slack="0"/>
<pin id="2534" dir="0" index="2" bw="9" slack="0"/>
<pin id="2535" dir="0" index="3" bw="9" slack="0"/>
<pin id="2536" dir="1" index="4" bw="32" slack="0"/>
</pin_list>
<bind>
<opcode="partselect(1002) " fcode="partselect"/>
<opset="trunc_ln72_120/3 "/>
</bind>
</comp>

<comp id="2541" class="1004" name="trunc_ln72_121_fu_2541">
<pin_list>
<pin id="2542" dir="0" index="0" bw="32" slack="0"/>
<pin id="2543" dir="0" index="1" bw="512" slack="0"/>
<pin id="2544" dir="0" index="2" bw="9" slack="0"/>
<pin id="2545" dir="0" index="3" bw="9" slack="0"/>
<pin id="2546" dir="1" index="4" bw="32" slack="0"/>
</pin_list>
<bind>
<opcode="partselect(1002) " fcode="partselect"/>
<opset="trunc_ln72_121/3 "/>
</bind>
</comp>

<comp id="2551" class="1004" name="trunc_ln72_122_fu_2551">
<pin_list>
<pin id="2552" dir="0" index="0" bw="32" slack="0"/>
<pin id="2553" dir="0" index="1" bw="512" slack="0"/>
<pin id="2554" dir="0" index="2" bw="9" slack="0"/>
<pin id="2555" dir="0" index="3" bw="9" slack="0"/>
<pin id="2556" dir="1" index="4" bw="32" slack="0"/>
</pin_list>
<bind>
<opcode="partselect(1002) " fcode="partselect"/>
<opset="trunc_ln72_122/3 "/>
</bind>
</comp>

<comp id="2561" class="1004" name="trunc_ln72_123_fu_2561">
<pin_list>
<pin id="2562" dir="0" index="0" bw="32" slack="0"/>
<pin id="2563" dir="0" index="1" bw="512" slack="0"/>
<pin id="2564" dir="0" index="2" bw="9" slack="0"/>
<pin id="2565" dir="0" index="3" bw="9" slack="0"/>
<pin id="2566" dir="1" index="4" bw="32" slack="0"/>
</pin_list>
<bind>
<opcode="partselect(1002) " fcode="partselect"/>
<opset="trunc_ln72_123/3 "/>
</bind>
</comp>

<comp id="2571" class="1004" name="trunc_ln72_124_fu_2571">
<pin_list>
<pin id="2572" dir="0" index="0" bw="32" slack="0"/>
<pin id="2573" dir="0" index="1" bw="512" slack="0"/>
<pin id="2574" dir="0" index="2" bw="9" slack="0"/>
<pin id="2575" dir="0" index="3" bw="9" slack="0"/>
<pin id="2576" dir="1" index="4" bw="32" slack="0"/>
</pin_list>
<bind>
<opcode="partselect(1002) " fcode="partselect"/>
<opset="trunc_ln72_124/3 "/>
</bind>
</comp>

<comp id="2581" class="1004" name="trunc_ln72_125_fu_2581">
<pin_list>
<pin id="2582" dir="0" index="0" bw="32" slack="0"/>
<pin id="2583" dir="0" index="1" bw="512" slack="0"/>
<pin id="2584" dir="0" index="2" bw="9" slack="0"/>
<pin id="2585" dir="0" index="3" bw="9" slack="0"/>
<pin id="2586" dir="1" index="4" bw="32" slack="0"/>
</pin_list>
<bind>
<opcode="partselect(1002) " fcode="partselect"/>
<opset="trunc_ln72_125/3 "/>
</bind>
</comp>

<comp id="2591" class="1004" name="trunc_ln72_126_fu_2591">
<pin_list>
<pin id="2592" dir="0" index="0" bw="32" slack="0"/>
<pin id="2593" dir="0" index="1" bw="512" slack="0"/>
<pin id="2594" dir="0" index="2" bw="9" slack="0"/>
<pin id="2595" dir="0" index="3" bw="9" slack="0"/>
<pin id="2596" dir="1" index="4" bw="32" slack="0"/>
</pin_list>
<bind>
<opcode="partselect(1002) " fcode="partselect"/>
<opset="trunc_ln72_126/3 "/>
</bind>
</comp>

<comp id="2601" class="1004" name="tmp_7_fu_2601">
<pin_list>
<pin id="2602" dir="0" index="0" bw="32" slack="0"/>
<pin id="2603" dir="0" index="1" bw="4" slack="0"/>
<pin id="2604" dir="0" index="2" bw="32" slack="0"/>
<pin id="2605" dir="0" index="3" bw="4" slack="0"/>
<pin id="2606" dir="0" index="4" bw="32" slack="0"/>
<pin id="2607" dir="0" index="5" bw="4" slack="0"/>
<pin id="2608" dir="0" index="6" bw="32" slack="0"/>
<pin id="2609" dir="0" index="7" bw="4" slack="0"/>
<pin id="2610" dir="0" index="8" bw="32" slack="0"/>
<pin id="2611" dir="0" index="9" bw="4" slack="0"/>
<pin id="2612" dir="0" index="10" bw="32" slack="0"/>
<pin id="2613" dir="0" index="11" bw="4" slack="0"/>
<pin id="2614" dir="0" index="12" bw="32" slack="0"/>
<pin id="2615" dir="0" index="13" bw="4" slack="0"/>
<pin id="2616" dir="0" index="14" bw="32" slack="0"/>
<pin id="2617" dir="0" index="15" bw="4" slack="0"/>
<pin id="2618" dir="0" index="16" bw="32" slack="0"/>
<pin id="2619" dir="0" index="17" bw="4" slack="0"/>
<pin id="2620" dir="0" index="18" bw="32" slack="0"/>
<pin id="2621" dir="0" index="19" bw="4" slack="0"/>
<pin id="2622" dir="0" index="20" bw="32" slack="0"/>
<pin id="2623" dir="0" index="21" bw="4" slack="0"/>
<pin id="2624" dir="0" index="22" bw="32" slack="0"/>
<pin id="2625" dir="0" index="23" bw="4" slack="0"/>
<pin id="2626" dir="0" index="24" bw="32" slack="0"/>
<pin id="2627" dir="0" index="25" bw="4" slack="0"/>
<pin id="2628" dir="0" index="26" bw="32" slack="0"/>
<pin id="2629" dir="0" index="27" bw="4" slack="0"/>
<pin id="2630" dir="0" index="28" bw="32" slack="0"/>
<pin id="2631" dir="0" index="29" bw="4" slack="0"/>
<pin id="2632" dir="0" index="30" bw="32" slack="0"/>
<pin id="2633" dir="0" index="31" bw="4" slack="0"/>
<pin id="2634" dir="0" index="32" bw="32" slack="0"/>
<pin id="2635" dir="0" index="33" bw="32" slack="0"/>
<pin id="2636" dir="0" index="34" bw="4" slack="2"/>
<pin id="2637" dir="1" index="35" bw="32" slack="0"/>
</pin_list>
<bind>
<opcode="sparsemux(1197) " fcode="sparsemux"/>
<opset="tmp_7/3 "/>
</bind>
</comp>

<comp id="2672" class="1004" name="add_ln72_7_fu_2672">
<pin_list>
<pin id="2673" dir="0" index="0" bw="32" slack="0"/>
<pin id="2674" dir="0" index="1" bw="32" slack="1"/>
<pin id="2675" dir="1" index="2" bw="32" slack="0"/>
</pin_list>
<bind>
<opcode="add(8) " fcode="add"/>
<opset="add_ln72_7/3 "/>
</bind>
</comp>

<comp id="2677" class="1004" name="trunc_ln72_127_fu_2677">
<pin_list>
<pin id="2678" dir="0" index="0" bw="32" slack="0"/>
<pin id="2679" dir="0" index="1" bw="512" slack="0"/>
<pin id="2680" dir="0" index="2" bw="10" slack="0"/>
<pin id="2681" dir="0" index="3" bw="10" slack="0"/>
<pin id="2682" dir="1" index="4" bw="32" slack="0"/>
</pin_list>
<bind>
<opcode="partselect(1002) " fcode="partselect"/>
<opset="trunc_ln72_127/3 "/>
</bind>
</comp>

<comp id="2687" class="1004" name="trunc_ln72_128_fu_2687">
<pin_list>
<pin id="2688" dir="0" index="0" bw="32" slack="0"/>
<pin id="2689" dir="0" index="1" bw="512" slack="0"/>
<pin id="2690" dir="0" index="2" bw="10" slack="0"/>
<pin id="2691" dir="0" index="3" bw="10" slack="0"/>
<pin id="2692" dir="1" index="4" bw="32" slack="0"/>
</pin_list>
<bind>
<opcode="partselect(1002) " fcode="partselect"/>
<opset="trunc_ln72_128/3 "/>
</bind>
</comp>

<comp id="2697" class="1004" name="trunc_ln72_129_fu_2697">
<pin_list>
<pin id="2698" dir="0" index="0" bw="32" slack="0"/>
<pin id="2699" dir="0" index="1" bw="512" slack="0"/>
<pin id="2700" dir="0" index="2" bw="10" slack="0"/>
<pin id="2701" dir="0" index="3" bw="10" slack="0"/>
<pin id="2702" dir="1" index="4" bw="32" slack="0"/>
</pin_list>
<bind>
<opcode="partselect(1002) " fcode="partselect"/>
<opset="trunc_ln72_129/3 "/>
</bind>
</comp>

<comp id="2707" class="1004" name="trunc_ln72_130_fu_2707">
<pin_list>
<pin id="2708" dir="0" index="0" bw="32" slack="0"/>
<pin id="2709" dir="0" index="1" bw="512" slack="0"/>
<pin id="2710" dir="0" index="2" bw="10" slack="0"/>
<pin id="2711" dir="0" index="3" bw="10" slack="0"/>
<pin id="2712" dir="1" index="4" bw="32" slack="0"/>
</pin_list>
<bind>
<opcode="partselect(1002) " fcode="partselect"/>
<opset="trunc_ln72_130/3 "/>
</bind>
</comp>

<comp id="2717" class="1004" name="trunc_ln72_131_fu_2717">
<pin_list>
<pin id="2718" dir="0" index="0" bw="32" slack="0"/>
<pin id="2719" dir="0" index="1" bw="512" slack="0"/>
<pin id="2720" dir="0" index="2" bw="10" slack="0"/>
<pin id="2721" dir="0" index="3" bw="10" slack="0"/>
<pin id="2722" dir="1" index="4" bw="32" slack="0"/>
</pin_list>
<bind>
<opcode="partselect(1002) " fcode="partselect"/>
<opset="trunc_ln72_131/3 "/>
</bind>
</comp>

<comp id="2727" class="1004" name="trunc_ln72_132_fu_2727">
<pin_list>
<pin id="2728" dir="0" index="0" bw="32" slack="0"/>
<pin id="2729" dir="0" index="1" bw="512" slack="0"/>
<pin id="2730" dir="0" index="2" bw="10" slack="0"/>
<pin id="2731" dir="0" index="3" bw="10" slack="0"/>
<pin id="2732" dir="1" index="4" bw="32" slack="0"/>
</pin_list>
<bind>
<opcode="partselect(1002) " fcode="partselect"/>
<opset="trunc_ln72_132/3 "/>
</bind>
</comp>

<comp id="2737" class="1004" name="trunc_ln72_133_fu_2737">
<pin_list>
<pin id="2738" dir="0" index="0" bw="32" slack="0"/>
<pin id="2739" dir="0" index="1" bw="512" slack="0"/>
<pin id="2740" dir="0" index="2" bw="10" slack="0"/>
<pin id="2741" dir="0" index="3" bw="10" slack="0"/>
<pin id="2742" dir="1" index="4" bw="32" slack="0"/>
</pin_list>
<bind>
<opcode="partselect(1002) " fcode="partselect"/>
<opset="trunc_ln72_133/3 "/>
</bind>
</comp>

<comp id="2747" class="1004" name="trunc_ln72_134_fu_2747">
<pin_list>
<pin id="2748" dir="0" index="0" bw="32" slack="0"/>
<pin id="2749" dir="0" index="1" bw="512" slack="0"/>
<pin id="2750" dir="0" index="2" bw="10" slack="0"/>
<pin id="2751" dir="0" index="3" bw="10" slack="0"/>
<pin id="2752" dir="1" index="4" bw="32" slack="0"/>
</pin_list>
<bind>
<opcode="partselect(1002) " fcode="partselect"/>
<opset="trunc_ln72_134/3 "/>
</bind>
</comp>

<comp id="2757" class="1004" name="trunc_ln72_135_fu_2757">
<pin_list>
<pin id="2758" dir="0" index="0" bw="32" slack="0"/>
<pin id="2759" dir="0" index="1" bw="512" slack="0"/>
<pin id="2760" dir="0" index="2" bw="10" slack="0"/>
<pin id="2761" dir="0" index="3" bw="10" slack="0"/>
<pin id="2762" dir="1" index="4" bw="32" slack="0"/>
</pin_list>
<bind>
<opcode="partselect(1002) " fcode="partselect"/>
<opset="trunc_ln72_135/3 "/>
</bind>
</comp>

<comp id="2767" class="1004" name="trunc_ln72_136_fu_2767">
<pin_list>
<pin id="2768" dir="0" index="0" bw="32" slack="0"/>
<pin id="2769" dir="0" index="1" bw="512" slack="0"/>
<pin id="2770" dir="0" index="2" bw="10" slack="0"/>
<pin id="2771" dir="0" index="3" bw="10" slack="0"/>
<pin id="2772" dir="1" index="4" bw="32" slack="0"/>
</pin_list>
<bind>
<opcode="partselect(1002) " fcode="partselect"/>
<opset="trunc_ln72_136/3 "/>
</bind>
</comp>

<comp id="2777" class="1004" name="trunc_ln72_137_fu_2777">
<pin_list>
<pin id="2778" dir="0" index="0" bw="32" slack="0"/>
<pin id="2779" dir="0" index="1" bw="512" slack="0"/>
<pin id="2780" dir="0" index="2" bw="10" slack="0"/>
<pin id="2781" dir="0" index="3" bw="10" slack="0"/>
<pin id="2782" dir="1" index="4" bw="32" slack="0"/>
</pin_list>
<bind>
<opcode="partselect(1002) " fcode="partselect"/>
<opset="trunc_ln72_137/3 "/>
</bind>
</comp>

<comp id="2787" class="1004" name="trunc_ln72_138_fu_2787">
<pin_list>
<pin id="2788" dir="0" index="0" bw="32" slack="0"/>
<pin id="2789" dir="0" index="1" bw="512" slack="0"/>
<pin id="2790" dir="0" index="2" bw="10" slack="0"/>
<pin id="2791" dir="0" index="3" bw="10" slack="0"/>
<pin id="2792" dir="1" index="4" bw="32" slack="0"/>
</pin_list>
<bind>
<opcode="partselect(1002) " fcode="partselect"/>
<opset="trunc_ln72_138/3 "/>
</bind>
</comp>

<comp id="2797" class="1004" name="trunc_ln72_139_fu_2797">
<pin_list>
<pin id="2798" dir="0" index="0" bw="32" slack="0"/>
<pin id="2799" dir="0" index="1" bw="512" slack="0"/>
<pin id="2800" dir="0" index="2" bw="10" slack="0"/>
<pin id="2801" dir="0" index="3" bw="10" slack="0"/>
<pin id="2802" dir="1" index="4" bw="32" slack="0"/>
</pin_list>
<bind>
<opcode="partselect(1002) " fcode="partselect"/>
<opset="trunc_ln72_139/3 "/>
</bind>
</comp>

<comp id="2807" class="1004" name="trunc_ln72_140_fu_2807">
<pin_list>
<pin id="2808" dir="0" index="0" bw="32" slack="0"/>
<pin id="2809" dir="0" index="1" bw="512" slack="0"/>
<pin id="2810" dir="0" index="2" bw="10" slack="0"/>
<pin id="2811" dir="0" index="3" bw="10" slack="0"/>
<pin id="2812" dir="1" index="4" bw="32" slack="0"/>
</pin_list>
<bind>
<opcode="partselect(1002) " fcode="partselect"/>
<opset="trunc_ln72_140/3 "/>
</bind>
</comp>

<comp id="2817" class="1004" name="trunc_ln72_141_fu_2817">
<pin_list>
<pin id="2818" dir="0" index="0" bw="32" slack="0"/>
<pin id="2819" dir="0" index="1" bw="512" slack="0"/>
<pin id="2820" dir="0" index="2" bw="10" slack="0"/>
<pin id="2821" dir="0" index="3" bw="10" slack="0"/>
<pin id="2822" dir="1" index="4" bw="32" slack="0"/>
</pin_list>
<bind>
<opcode="partselect(1002) " fcode="partselect"/>
<opset="trunc_ln72_141/3 "/>
</bind>
</comp>

<comp id="2827" class="1004" name="trunc_ln72_142_fu_2827">
<pin_list>
<pin id="2828" dir="0" index="0" bw="32" slack="0"/>
<pin id="2829" dir="0" index="1" bw="512" slack="0"/>
<pin id="2830" dir="0" index="2" bw="10" slack="0"/>
<pin id="2831" dir="0" index="3" bw="10" slack="0"/>
<pin id="2832" dir="1" index="4" bw="32" slack="0"/>
</pin_list>
<bind>
<opcode="partselect(1002) " fcode="partselect"/>
<opset="trunc_ln72_142/3 "/>
</bind>
</comp>

<comp id="2837" class="1004" name="tmp_8_fu_2837">
<pin_list>
<pin id="2838" dir="0" index="0" bw="32" slack="0"/>
<pin id="2839" dir="0" index="1" bw="4" slack="0"/>
<pin id="2840" dir="0" index="2" bw="32" slack="0"/>
<pin id="2841" dir="0" index="3" bw="4" slack="0"/>
<pin id="2842" dir="0" index="4" bw="32" slack="0"/>
<pin id="2843" dir="0" index="5" bw="4" slack="0"/>
<pin id="2844" dir="0" index="6" bw="32" slack="0"/>
<pin id="2845" dir="0" index="7" bw="4" slack="0"/>
<pin id="2846" dir="0" index="8" bw="32" slack="0"/>
<pin id="2847" dir="0" index="9" bw="4" slack="0"/>
<pin id="2848" dir="0" index="10" bw="32" slack="0"/>
<pin id="2849" dir="0" index="11" bw="4" slack="0"/>
<pin id="2850" dir="0" index="12" bw="32" slack="0"/>
<pin id="2851" dir="0" index="13" bw="4" slack="0"/>
<pin id="2852" dir="0" index="14" bw="32" slack="0"/>
<pin id="2853" dir="0" index="15" bw="4" slack="0"/>
<pin id="2854" dir="0" index="16" bw="32" slack="0"/>
<pin id="2855" dir="0" index="17" bw="4" slack="0"/>
<pin id="2856" dir="0" index="18" bw="32" slack="0"/>
<pin id="2857" dir="0" index="19" bw="4" slack="0"/>
<pin id="2858" dir="0" index="20" bw="32" slack="0"/>
<pin id="2859" dir="0" index="21" bw="4" slack="0"/>
<pin id="2860" dir="0" index="22" bw="32" slack="0"/>
<pin id="2861" dir="0" index="23" bw="4" slack="0"/>
<pin id="2862" dir="0" index="24" bw="32" slack="0"/>
<pin id="2863" dir="0" index="25" bw="4" slack="0"/>
<pin id="2864" dir="0" index="26" bw="32" slack="0"/>
<pin id="2865" dir="0" index="27" bw="4" slack="0"/>
<pin id="2866" dir="0" index="28" bw="32" slack="0"/>
<pin id="2867" dir="0" index="29" bw="4" slack="0"/>
<pin id="2868" dir="0" index="30" bw="32" slack="0"/>
<pin id="2869" dir="0" index="31" bw="4" slack="0"/>
<pin id="2870" dir="0" index="32" bw="32" slack="0"/>
<pin id="2871" dir="0" index="33" bw="32" slack="0"/>
<pin id="2872" dir="0" index="34" bw="4" slack="2"/>
<pin id="2873" dir="1" index="35" bw="32" slack="0"/>
</pin_list>
<bind>
<opcode="sparsemux(1197) " fcode="sparsemux"/>
<opset="tmp_8/3 "/>
</bind>
</comp>

<comp id="2908" class="1004" name="add_ln72_8_fu_2908">
<pin_list>
<pin id="2909" dir="0" index="0" bw="32" slack="0"/>
<pin id="2910" dir="0" index="1" bw="32" slack="1"/>
<pin id="2911" dir="1" index="2" bw="32" slack="0"/>
</pin_list>
<bind>
<opcode="add(8) " fcode="add"/>
<opset="add_ln72_8/3 "/>
</bind>
</comp>

<comp id="2913" class="1004" name="trunc_ln72_143_fu_2913">
<pin_list>
<pin id="2914" dir="0" index="0" bw="32" slack="0"/>
<pin id="2915" dir="0" index="1" bw="512" slack="0"/>
<pin id="2916" dir="0" index="2" bw="10" slack="0"/>
<pin id="2917" dir="0" index="3" bw="10" slack="0"/>
<pin id="2918" dir="1" index="4" bw="32" slack="0"/>
</pin_list>
<bind>
<opcode="partselect(1002) " fcode="partselect"/>
<opset="trunc_ln72_143/3 "/>
</bind>
</comp>

<comp id="2923" class="1004" name="trunc_ln72_144_fu_2923">
<pin_list>
<pin id="2924" dir="0" index="0" bw="32" slack="0"/>
<pin id="2925" dir="0" index="1" bw="512" slack="0"/>
<pin id="2926" dir="0" index="2" bw="10" slack="0"/>
<pin id="2927" dir="0" index="3" bw="10" slack="0"/>
<pin id="2928" dir="1" index="4" bw="32" slack="0"/>
</pin_list>
<bind>
<opcode="partselect(1002) " fcode="partselect"/>
<opset="trunc_ln72_144/3 "/>
</bind>
</comp>

<comp id="2933" class="1004" name="trunc_ln72_145_fu_2933">
<pin_list>
<pin id="2934" dir="0" index="0" bw="32" slack="0"/>
<pin id="2935" dir="0" index="1" bw="512" slack="0"/>
<pin id="2936" dir="0" index="2" bw="10" slack="0"/>
<pin id="2937" dir="0" index="3" bw="10" slack="0"/>
<pin id="2938" dir="1" index="4" bw="32" slack="0"/>
</pin_list>
<bind>
<opcode="partselect(1002) " fcode="partselect"/>
<opset="trunc_ln72_145/3 "/>
</bind>
</comp>

<comp id="2943" class="1004" name="trunc_ln72_146_fu_2943">
<pin_list>
<pin id="2944" dir="0" index="0" bw="32" slack="0"/>
<pin id="2945" dir="0" index="1" bw="512" slack="0"/>
<pin id="2946" dir="0" index="2" bw="10" slack="0"/>
<pin id="2947" dir="0" index="3" bw="10" slack="0"/>
<pin id="2948" dir="1" index="4" bw="32" slack="0"/>
</pin_list>
<bind>
<opcode="partselect(1002) " fcode="partselect"/>
<opset="trunc_ln72_146/3 "/>
</bind>
</comp>

<comp id="2953" class="1004" name="trunc_ln72_147_fu_2953">
<pin_list>
<pin id="2954" dir="0" index="0" bw="32" slack="0"/>
<pin id="2955" dir="0" index="1" bw="512" slack="0"/>
<pin id="2956" dir="0" index="2" bw="10" slack="0"/>
<pin id="2957" dir="0" index="3" bw="10" slack="0"/>
<pin id="2958" dir="1" index="4" bw="32" slack="0"/>
</pin_list>
<bind>
<opcode="partselect(1002) " fcode="partselect"/>
<opset="trunc_ln72_147/3 "/>
</bind>
</comp>

<comp id="2963" class="1004" name="trunc_ln72_148_fu_2963">
<pin_list>
<pin id="2964" dir="0" index="0" bw="32" slack="0"/>
<pin id="2965" dir="0" index="1" bw="512" slack="0"/>
<pin id="2966" dir="0" index="2" bw="10" slack="0"/>
<pin id="2967" dir="0" index="3" bw="10" slack="0"/>
<pin id="2968" dir="1" index="4" bw="32" slack="0"/>
</pin_list>
<bind>
<opcode="partselect(1002) " fcode="partselect"/>
<opset="trunc_ln72_148/3 "/>
</bind>
</comp>

<comp id="2973" class="1004" name="trunc_ln72_149_fu_2973">
<pin_list>
<pin id="2974" dir="0" index="0" bw="32" slack="0"/>
<pin id="2975" dir="0" index="1" bw="512" slack="0"/>
<pin id="2976" dir="0" index="2" bw="10" slack="0"/>
<pin id="2977" dir="0" index="3" bw="10" slack="0"/>
<pin id="2978" dir="1" index="4" bw="32" slack="0"/>
</pin_list>
<bind>
<opcode="partselect(1002) " fcode="partselect"/>
<opset="trunc_ln72_149/3 "/>
</bind>
</comp>

<comp id="2983" class="1004" name="trunc_ln72_150_fu_2983">
<pin_list>
<pin id="2984" dir="0" index="0" bw="32" slack="0"/>
<pin id="2985" dir="0" index="1" bw="512" slack="0"/>
<pin id="2986" dir="0" index="2" bw="10" slack="0"/>
<pin id="2987" dir="0" index="3" bw="10" slack="0"/>
<pin id="2988" dir="1" index="4" bw="32" slack="0"/>
</pin_list>
<bind>
<opcode="partselect(1002) " fcode="partselect"/>
<opset="trunc_ln72_150/3 "/>
</bind>
</comp>

<comp id="2993" class="1004" name="trunc_ln72_151_fu_2993">
<pin_list>
<pin id="2994" dir="0" index="0" bw="32" slack="0"/>
<pin id="2995" dir="0" index="1" bw="512" slack="0"/>
<pin id="2996" dir="0" index="2" bw="10" slack="0"/>
<pin id="2997" dir="0" index="3" bw="10" slack="0"/>
<pin id="2998" dir="1" index="4" bw="32" slack="0"/>
</pin_list>
<bind>
<opcode="partselect(1002) " fcode="partselect"/>
<opset="trunc_ln72_151/3 "/>
</bind>
</comp>

<comp id="3003" class="1004" name="trunc_ln72_152_fu_3003">
<pin_list>
<pin id="3004" dir="0" index="0" bw="32" slack="0"/>
<pin id="3005" dir="0" index="1" bw="512" slack="0"/>
<pin id="3006" dir="0" index="2" bw="10" slack="0"/>
<pin id="3007" dir="0" index="3" bw="10" slack="0"/>
<pin id="3008" dir="1" index="4" bw="32" slack="0"/>
</pin_list>
<bind>
<opcode="partselect(1002) " fcode="partselect"/>
<opset="trunc_ln72_152/3 "/>
</bind>
</comp>

<comp id="3013" class="1004" name="trunc_ln72_153_fu_3013">
<pin_list>
<pin id="3014" dir="0" index="0" bw="32" slack="0"/>
<pin id="3015" dir="0" index="1" bw="512" slack="0"/>
<pin id="3016" dir="0" index="2" bw="10" slack="0"/>
<pin id="3017" dir="0" index="3" bw="10" slack="0"/>
<pin id="3018" dir="1" index="4" bw="32" slack="0"/>
</pin_list>
<bind>
<opcode="partselect(1002) " fcode="partselect"/>
<opset="trunc_ln72_153/3 "/>
</bind>
</comp>

<comp id="3023" class="1004" name="trunc_ln72_154_fu_3023">
<pin_list>
<pin id="3024" dir="0" index="0" bw="32" slack="0"/>
<pin id="3025" dir="0" index="1" bw="512" slack="0"/>
<pin id="3026" dir="0" index="2" bw="10" slack="0"/>
<pin id="3027" dir="0" index="3" bw="10" slack="0"/>
<pin id="3028" dir="1" index="4" bw="32" slack="0"/>
</pin_list>
<bind>
<opcode="partselect(1002) " fcode="partselect"/>
<opset="trunc_ln72_154/3 "/>
</bind>
</comp>

<comp id="3033" class="1004" name="trunc_ln72_155_fu_3033">
<pin_list>
<pin id="3034" dir="0" index="0" bw="32" slack="0"/>
<pin id="3035" dir="0" index="1" bw="512" slack="0"/>
<pin id="3036" dir="0" index="2" bw="10" slack="0"/>
<pin id="3037" dir="0" index="3" bw="10" slack="0"/>
<pin id="3038" dir="1" index="4" bw="32" slack="0"/>
</pin_list>
<bind>
<opcode="partselect(1002) " fcode="partselect"/>
<opset="trunc_ln72_155/3 "/>
</bind>
</comp>

<comp id="3043" class="1004" name="trunc_ln72_156_fu_3043">
<pin_list>
<pin id="3044" dir="0" index="0" bw="32" slack="0"/>
<pin id="3045" dir="0" index="1" bw="512" slack="0"/>
<pin id="3046" dir="0" index="2" bw="10" slack="0"/>
<pin id="3047" dir="0" index="3" bw="10" slack="0"/>
<pin id="3048" dir="1" index="4" bw="32" slack="0"/>
</pin_list>
<bind>
<opcode="partselect(1002) " fcode="partselect"/>
<opset="trunc_ln72_156/3 "/>
</bind>
</comp>

<comp id="3053" class="1004" name="trunc_ln72_157_fu_3053">
<pin_list>
<pin id="3054" dir="0" index="0" bw="32" slack="0"/>
<pin id="3055" dir="0" index="1" bw="512" slack="0"/>
<pin id="3056" dir="0" index="2" bw="10" slack="0"/>
<pin id="3057" dir="0" index="3" bw="10" slack="0"/>
<pin id="3058" dir="1" index="4" bw="32" slack="0"/>
</pin_list>
<bind>
<opcode="partselect(1002) " fcode="partselect"/>
<opset="trunc_ln72_157/3 "/>
</bind>
</comp>

<comp id="3063" class="1004" name="trunc_ln72_158_fu_3063">
<pin_list>
<pin id="3064" dir="0" index="0" bw="32" slack="0"/>
<pin id="3065" dir="0" index="1" bw="512" slack="0"/>
<pin id="3066" dir="0" index="2" bw="10" slack="0"/>
<pin id="3067" dir="0" index="3" bw="10" slack="0"/>
<pin id="3068" dir="1" index="4" bw="32" slack="0"/>
</pin_list>
<bind>
<opcode="partselect(1002) " fcode="partselect"/>
<opset="trunc_ln72_158/3 "/>
</bind>
</comp>

<comp id="3073" class="1004" name="tmp_9_fu_3073">
<pin_list>
<pin id="3074" dir="0" index="0" bw="32" slack="0"/>
<pin id="3075" dir="0" index="1" bw="4" slack="0"/>
<pin id="3076" dir="0" index="2" bw="32" slack="0"/>
<pin id="3077" dir="0" index="3" bw="4" slack="0"/>
<pin id="3078" dir="0" index="4" bw="32" slack="0"/>
<pin id="3079" dir="0" index="5" bw="4" slack="0"/>
<pin id="3080" dir="0" index="6" bw="32" slack="0"/>
<pin id="3081" dir="0" index="7" bw="4" slack="0"/>
<pin id="3082" dir="0" index="8" bw="32" slack="0"/>
<pin id="3083" dir="0" index="9" bw="4" slack="0"/>
<pin id="3084" dir="0" index="10" bw="32" slack="0"/>
<pin id="3085" dir="0" index="11" bw="4" slack="0"/>
<pin id="3086" dir="0" index="12" bw="32" slack="0"/>
<pin id="3087" dir="0" index="13" bw="4" slack="0"/>
<pin id="3088" dir="0" index="14" bw="32" slack="0"/>
<pin id="3089" dir="0" index="15" bw="4" slack="0"/>
<pin id="3090" dir="0" index="16" bw="32" slack="0"/>
<pin id="3091" dir="0" index="17" bw="4" slack="0"/>
<pin id="3092" dir="0" index="18" bw="32" slack="0"/>
<pin id="3093" dir="0" index="19" bw="4" slack="0"/>
<pin id="3094" dir="0" index="20" bw="32" slack="0"/>
<pin id="3095" dir="0" index="21" bw="4" slack="0"/>
<pin id="3096" dir="0" index="22" bw="32" slack="0"/>
<pin id="3097" dir="0" index="23" bw="4" slack="0"/>
<pin id="3098" dir="0" index="24" bw="32" slack="0"/>
<pin id="3099" dir="0" index="25" bw="4" slack="0"/>
<pin id="3100" dir="0" index="26" bw="32" slack="0"/>
<pin id="3101" dir="0" index="27" bw="4" slack="0"/>
<pin id="3102" dir="0" index="28" bw="32" slack="0"/>
<pin id="3103" dir="0" index="29" bw="4" slack="0"/>
<pin id="3104" dir="0" index="30" bw="32" slack="0"/>
<pin id="3105" dir="0" index="31" bw="4" slack="0"/>
<pin id="3106" dir="0" index="32" bw="32" slack="0"/>
<pin id="3107" dir="0" index="33" bw="32" slack="0"/>
<pin id="3108" dir="0" index="34" bw="4" slack="2"/>
<pin id="3109" dir="1" index="35" bw="32" slack="0"/>
</pin_list>
<bind>
<opcode="sparsemux(1197) " fcode="sparsemux"/>
<opset="tmp_9/3 "/>
</bind>
</comp>

<comp id="3144" class="1004" name="add_ln72_9_fu_3144">
<pin_list>
<pin id="3145" dir="0" index="0" bw="32" slack="0"/>
<pin id="3146" dir="0" index="1" bw="32" slack="1"/>
<pin id="3147" dir="1" index="2" bw="32" slack="0"/>
</pin_list>
<bind>
<opcode="add(8) " fcode="add"/>
<opset="add_ln72_9/3 "/>
</bind>
</comp>

<comp id="3149" class="1004" name="trunc_ln72_159_fu_3149">
<pin_list>
<pin id="3150" dir="0" index="0" bw="32" slack="0"/>
<pin id="3151" dir="0" index="1" bw="512" slack="0"/>
<pin id="3152" dir="0" index="2" bw="10" slack="0"/>
<pin id="3153" dir="0" index="3" bw="10" slack="0"/>
<pin id="3154" dir="1" index="4" bw="32" slack="0"/>
</pin_list>
<bind>
<opcode="partselect(1002) " fcode="partselect"/>
<opset="trunc_ln72_159/3 "/>
</bind>
</comp>

<comp id="3159" class="1004" name="trunc_ln72_160_fu_3159">
<pin_list>
<pin id="3160" dir="0" index="0" bw="32" slack="0"/>
<pin id="3161" dir="0" index="1" bw="512" slack="0"/>
<pin id="3162" dir="0" index="2" bw="10" slack="0"/>
<pin id="3163" dir="0" index="3" bw="10" slack="0"/>
<pin id="3164" dir="1" index="4" bw="32" slack="0"/>
</pin_list>
<bind>
<opcode="partselect(1002) " fcode="partselect"/>
<opset="trunc_ln72_160/3 "/>
</bind>
</comp>

<comp id="3169" class="1004" name="trunc_ln72_161_fu_3169">
<pin_list>
<pin id="3170" dir="0" index="0" bw="32" slack="0"/>
<pin id="3171" dir="0" index="1" bw="512" slack="0"/>
<pin id="3172" dir="0" index="2" bw="10" slack="0"/>
<pin id="3173" dir="0" index="3" bw="10" slack="0"/>
<pin id="3174" dir="1" index="4" bw="32" slack="0"/>
</pin_list>
<bind>
<opcode="partselect(1002) " fcode="partselect"/>
<opset="trunc_ln72_161/3 "/>
</bind>
</comp>

<comp id="3179" class="1004" name="trunc_ln72_162_fu_3179">
<pin_list>
<pin id="3180" dir="0" index="0" bw="32" slack="0"/>
<pin id="3181" dir="0" index="1" bw="512" slack="0"/>
<pin id="3182" dir="0" index="2" bw="10" slack="0"/>
<pin id="3183" dir="0" index="3" bw="10" slack="0"/>
<pin id="3184" dir="1" index="4" bw="32" slack="0"/>
</pin_list>
<bind>
<opcode="partselect(1002) " fcode="partselect"/>
<opset="trunc_ln72_162/3 "/>
</bind>
</comp>

<comp id="3189" class="1004" name="trunc_ln72_163_fu_3189">
<pin_list>
<pin id="3190" dir="0" index="0" bw="32" slack="0"/>
<pin id="3191" dir="0" index="1" bw="512" slack="0"/>
<pin id="3192" dir="0" index="2" bw="10" slack="0"/>
<pin id="3193" dir="0" index="3" bw="10" slack="0"/>
<pin id="3194" dir="1" index="4" bw="32" slack="0"/>
</pin_list>
<bind>
<opcode="partselect(1002) " fcode="partselect"/>
<opset="trunc_ln72_163/3 "/>
</bind>
</comp>

<comp id="3199" class="1004" name="trunc_ln72_164_fu_3199">
<pin_list>
<pin id="3200" dir="0" index="0" bw="32" slack="0"/>
<pin id="3201" dir="0" index="1" bw="512" slack="0"/>
<pin id="3202" dir="0" index="2" bw="10" slack="0"/>
<pin id="3203" dir="0" index="3" bw="10" slack="0"/>
<pin id="3204" dir="1" index="4" bw="32" slack="0"/>
</pin_list>
<bind>
<opcode="partselect(1002) " fcode="partselect"/>
<opset="trunc_ln72_164/3 "/>
</bind>
</comp>

<comp id="3209" class="1004" name="trunc_ln72_165_fu_3209">
<pin_list>
<pin id="3210" dir="0" index="0" bw="32" slack="0"/>
<pin id="3211" dir="0" index="1" bw="512" slack="0"/>
<pin id="3212" dir="0" index="2" bw="10" slack="0"/>
<pin id="3213" dir="0" index="3" bw="10" slack="0"/>
<pin id="3214" dir="1" index="4" bw="32" slack="0"/>
</pin_list>
<bind>
<opcode="partselect(1002) " fcode="partselect"/>
<opset="trunc_ln72_165/3 "/>
</bind>
</comp>

<comp id="3219" class="1004" name="trunc_ln72_166_fu_3219">
<pin_list>
<pin id="3220" dir="0" index="0" bw="32" slack="0"/>
<pin id="3221" dir="0" index="1" bw="512" slack="0"/>
<pin id="3222" dir="0" index="2" bw="10" slack="0"/>
<pin id="3223" dir="0" index="3" bw="10" slack="0"/>
<pin id="3224" dir="1" index="4" bw="32" slack="0"/>
</pin_list>
<bind>
<opcode="partselect(1002) " fcode="partselect"/>
<opset="trunc_ln72_166/3 "/>
</bind>
</comp>

<comp id="3229" class="1004" name="trunc_ln72_167_fu_3229">
<pin_list>
<pin id="3230" dir="0" index="0" bw="32" slack="0"/>
<pin id="3231" dir="0" index="1" bw="512" slack="0"/>
<pin id="3232" dir="0" index="2" bw="10" slack="0"/>
<pin id="3233" dir="0" index="3" bw="10" slack="0"/>
<pin id="3234" dir="1" index="4" bw="32" slack="0"/>
</pin_list>
<bind>
<opcode="partselect(1002) " fcode="partselect"/>
<opset="trunc_ln72_167/3 "/>
</bind>
</comp>

<comp id="3239" class="1004" name="trunc_ln72_168_fu_3239">
<pin_list>
<pin id="3240" dir="0" index="0" bw="32" slack="0"/>
<pin id="3241" dir="0" index="1" bw="512" slack="0"/>
<pin id="3242" dir="0" index="2" bw="10" slack="0"/>
<pin id="3243" dir="0" index="3" bw="10" slack="0"/>
<pin id="3244" dir="1" index="4" bw="32" slack="0"/>
</pin_list>
<bind>
<opcode="partselect(1002) " fcode="partselect"/>
<opset="trunc_ln72_168/3 "/>
</bind>
</comp>

<comp id="3249" class="1004" name="trunc_ln72_169_fu_3249">
<pin_list>
<pin id="3250" dir="0" index="0" bw="32" slack="0"/>
<pin id="3251" dir="0" index="1" bw="512" slack="0"/>
<pin id="3252" dir="0" index="2" bw="10" slack="0"/>
<pin id="3253" dir="0" index="3" bw="10" slack="0"/>
<pin id="3254" dir="1" index="4" bw="32" slack="0"/>
</pin_list>
<bind>
<opcode="partselect(1002) " fcode="partselect"/>
<opset="trunc_ln72_169/3 "/>
</bind>
</comp>

<comp id="3259" class="1004" name="trunc_ln72_170_fu_3259">
<pin_list>
<pin id="3260" dir="0" index="0" bw="32" slack="0"/>
<pin id="3261" dir="0" index="1" bw="512" slack="0"/>
<pin id="3262" dir="0" index="2" bw="10" slack="0"/>
<pin id="3263" dir="0" index="3" bw="10" slack="0"/>
<pin id="3264" dir="1" index="4" bw="32" slack="0"/>
</pin_list>
<bind>
<opcode="partselect(1002) " fcode="partselect"/>
<opset="trunc_ln72_170/3 "/>
</bind>
</comp>

<comp id="3269" class="1004" name="trunc_ln72_171_fu_3269">
<pin_list>
<pin id="3270" dir="0" index="0" bw="32" slack="0"/>
<pin id="3271" dir="0" index="1" bw="512" slack="0"/>
<pin id="3272" dir="0" index="2" bw="10" slack="0"/>
<pin id="3273" dir="0" index="3" bw="10" slack="0"/>
<pin id="3274" dir="1" index="4" bw="32" slack="0"/>
</pin_list>
<bind>
<opcode="partselect(1002) " fcode="partselect"/>
<opset="trunc_ln72_171/3 "/>
</bind>
</comp>

<comp id="3279" class="1004" name="trunc_ln72_172_fu_3279">
<pin_list>
<pin id="3280" dir="0" index="0" bw="32" slack="0"/>
<pin id="3281" dir="0" index="1" bw="512" slack="0"/>
<pin id="3282" dir="0" index="2" bw="10" slack="0"/>
<pin id="3283" dir="0" index="3" bw="10" slack="0"/>
<pin id="3284" dir="1" index="4" bw="32" slack="0"/>
</pin_list>
<bind>
<opcode="partselect(1002) " fcode="partselect"/>
<opset="trunc_ln72_172/3 "/>
</bind>
</comp>

<comp id="3289" class="1004" name="trunc_ln72_173_fu_3289">
<pin_list>
<pin id="3290" dir="0" index="0" bw="32" slack="0"/>
<pin id="3291" dir="0" index="1" bw="512" slack="0"/>
<pin id="3292" dir="0" index="2" bw="10" slack="0"/>
<pin id="3293" dir="0" index="3" bw="10" slack="0"/>
<pin id="3294" dir="1" index="4" bw="32" slack="0"/>
</pin_list>
<bind>
<opcode="partselect(1002) " fcode="partselect"/>
<opset="trunc_ln72_173/3 "/>
</bind>
</comp>

<comp id="3299" class="1004" name="trunc_ln72_174_fu_3299">
<pin_list>
<pin id="3300" dir="0" index="0" bw="32" slack="0"/>
<pin id="3301" dir="0" index="1" bw="512" slack="0"/>
<pin id="3302" dir="0" index="2" bw="10" slack="0"/>
<pin id="3303" dir="0" index="3" bw="10" slack="0"/>
<pin id="3304" dir="1" index="4" bw="32" slack="0"/>
</pin_list>
<bind>
<opcode="partselect(1002) " fcode="partselect"/>
<opset="trunc_ln72_174/3 "/>
</bind>
</comp>

<comp id="3309" class="1004" name="tmp_10_fu_3309">
<pin_list>
<pin id="3310" dir="0" index="0" bw="32" slack="0"/>
<pin id="3311" dir="0" index="1" bw="4" slack="0"/>
<pin id="3312" dir="0" index="2" bw="32" slack="0"/>
<pin id="3313" dir="0" index="3" bw="4" slack="0"/>
<pin id="3314" dir="0" index="4" bw="32" slack="0"/>
<pin id="3315" dir="0" index="5" bw="4" slack="0"/>
<pin id="3316" dir="0" index="6" bw="32" slack="0"/>
<pin id="3317" dir="0" index="7" bw="4" slack="0"/>
<pin id="3318" dir="0" index="8" bw="32" slack="0"/>
<pin id="3319" dir="0" index="9" bw="4" slack="0"/>
<pin id="3320" dir="0" index="10" bw="32" slack="0"/>
<pin id="3321" dir="0" index="11" bw="4" slack="0"/>
<pin id="3322" dir="0" index="12" bw="32" slack="0"/>
<pin id="3323" dir="0" index="13" bw="4" slack="0"/>
<pin id="3324" dir="0" index="14" bw="32" slack="0"/>
<pin id="3325" dir="0" index="15" bw="4" slack="0"/>
<pin id="3326" dir="0" index="16" bw="32" slack="0"/>
<pin id="3327" dir="0" index="17" bw="4" slack="0"/>
<pin id="3328" dir="0" index="18" bw="32" slack="0"/>
<pin id="3329" dir="0" index="19" bw="4" slack="0"/>
<pin id="3330" dir="0" index="20" bw="32" slack="0"/>
<pin id="3331" dir="0" index="21" bw="4" slack="0"/>
<pin id="3332" dir="0" index="22" bw="32" slack="0"/>
<pin id="3333" dir="0" index="23" bw="4" slack="0"/>
<pin id="3334" dir="0" index="24" bw="32" slack="0"/>
<pin id="3335" dir="0" index="25" bw="4" slack="0"/>
<pin id="3336" dir="0" index="26" bw="32" slack="0"/>
<pin id="3337" dir="0" index="27" bw="4" slack="0"/>
<pin id="3338" dir="0" index="28" bw="32" slack="0"/>
<pin id="3339" dir="0" index="29" bw="4" slack="0"/>
<pin id="3340" dir="0" index="30" bw="32" slack="0"/>
<pin id="3341" dir="0" index="31" bw="4" slack="0"/>
<pin id="3342" dir="0" index="32" bw="32" slack="0"/>
<pin id="3343" dir="0" index="33" bw="32" slack="0"/>
<pin id="3344" dir="0" index="34" bw="4" slack="2"/>
<pin id="3345" dir="1" index="35" bw="32" slack="0"/>
</pin_list>
<bind>
<opcode="sparsemux(1197) " fcode="sparsemux"/>
<opset="tmp_10/3 "/>
</bind>
</comp>

<comp id="3380" class="1004" name="add_ln72_10_fu_3380">
<pin_list>
<pin id="3381" dir="0" index="0" bw="32" slack="0"/>
<pin id="3382" dir="0" index="1" bw="32" slack="1"/>
<pin id="3383" dir="1" index="2" bw="32" slack="0"/>
</pin_list>
<bind>
<opcode="add(8) " fcode="add"/>
<opset="add_ln72_10/3 "/>
</bind>
</comp>

<comp id="3385" class="1004" name="trunc_ln72_175_fu_3385">
<pin_list>
<pin id="3386" dir="0" index="0" bw="32" slack="0"/>
<pin id="3387" dir="0" index="1" bw="512" slack="0"/>
<pin id="3388" dir="0" index="2" bw="10" slack="0"/>
<pin id="3389" dir="0" index="3" bw="10" slack="0"/>
<pin id="3390" dir="1" index="4" bw="32" slack="0"/>
</pin_list>
<bind>
<opcode="partselect(1002) " fcode="partselect"/>
<opset="trunc_ln72_175/3 "/>
</bind>
</comp>

<comp id="3395" class="1004" name="trunc_ln72_176_fu_3395">
<pin_list>
<pin id="3396" dir="0" index="0" bw="32" slack="0"/>
<pin id="3397" dir="0" index="1" bw="512" slack="0"/>
<pin id="3398" dir="0" index="2" bw="10" slack="0"/>
<pin id="3399" dir="0" index="3" bw="10" slack="0"/>
<pin id="3400" dir="1" index="4" bw="32" slack="0"/>
</pin_list>
<bind>
<opcode="partselect(1002) " fcode="partselect"/>
<opset="trunc_ln72_176/3 "/>
</bind>
</comp>

<comp id="3405" class="1004" name="trunc_ln72_177_fu_3405">
<pin_list>
<pin id="3406" dir="0" index="0" bw="32" slack="0"/>
<pin id="3407" dir="0" index="1" bw="512" slack="0"/>
<pin id="3408" dir="0" index="2" bw="10" slack="0"/>
<pin id="3409" dir="0" index="3" bw="10" slack="0"/>
<pin id="3410" dir="1" index="4" bw="32" slack="0"/>
</pin_list>
<bind>
<opcode="partselect(1002) " fcode="partselect"/>
<opset="trunc_ln72_177/3 "/>
</bind>
</comp>

<comp id="3415" class="1004" name="trunc_ln72_178_fu_3415">
<pin_list>
<pin id="3416" dir="0" index="0" bw="32" slack="0"/>
<pin id="3417" dir="0" index="1" bw="512" slack="0"/>
<pin id="3418" dir="0" index="2" bw="10" slack="0"/>
<pin id="3419" dir="0" index="3" bw="10" slack="0"/>
<pin id="3420" dir="1" index="4" bw="32" slack="0"/>
</pin_list>
<bind>
<opcode="partselect(1002) " fcode="partselect"/>
<opset="trunc_ln72_178/3 "/>
</bind>
</comp>

<comp id="3425" class="1004" name="trunc_ln72_179_fu_3425">
<pin_list>
<pin id="3426" dir="0" index="0" bw="32" slack="0"/>
<pin id="3427" dir="0" index="1" bw="512" slack="0"/>
<pin id="3428" dir="0" index="2" bw="10" slack="0"/>
<pin id="3429" dir="0" index="3" bw="10" slack="0"/>
<pin id="3430" dir="1" index="4" bw="32" slack="0"/>
</pin_list>
<bind>
<opcode="partselect(1002) " fcode="partselect"/>
<opset="trunc_ln72_179/3 "/>
</bind>
</comp>

<comp id="3435" class="1004" name="trunc_ln72_180_fu_3435">
<pin_list>
<pin id="3436" dir="0" index="0" bw="32" slack="0"/>
<pin id="3437" dir="0" index="1" bw="512" slack="0"/>
<pin id="3438" dir="0" index="2" bw="10" slack="0"/>
<pin id="3439" dir="0" index="3" bw="10" slack="0"/>
<pin id="3440" dir="1" index="4" bw="32" slack="0"/>
</pin_list>
<bind>
<opcode="partselect(1002) " fcode="partselect"/>
<opset="trunc_ln72_180/3 "/>
</bind>
</comp>

<comp id="3445" class="1004" name="trunc_ln72_181_fu_3445">
<pin_list>
<pin id="3446" dir="0" index="0" bw="32" slack="0"/>
<pin id="3447" dir="0" index="1" bw="512" slack="0"/>
<pin id="3448" dir="0" index="2" bw="10" slack="0"/>
<pin id="3449" dir="0" index="3" bw="10" slack="0"/>
<pin id="3450" dir="1" index="4" bw="32" slack="0"/>
</pin_list>
<bind>
<opcode="partselect(1002) " fcode="partselect"/>
<opset="trunc_ln72_181/3 "/>
</bind>
</comp>

<comp id="3455" class="1004" name="trunc_ln72_182_fu_3455">
<pin_list>
<pin id="3456" dir="0" index="0" bw="32" slack="0"/>
<pin id="3457" dir="0" index="1" bw="512" slack="0"/>
<pin id="3458" dir="0" index="2" bw="10" slack="0"/>
<pin id="3459" dir="0" index="3" bw="10" slack="0"/>
<pin id="3460" dir="1" index="4" bw="32" slack="0"/>
</pin_list>
<bind>
<opcode="partselect(1002) " fcode="partselect"/>
<opset="trunc_ln72_182/3 "/>
</bind>
</comp>

<comp id="3465" class="1004" name="trunc_ln72_183_fu_3465">
<pin_list>
<pin id="3466" dir="0" index="0" bw="32" slack="0"/>
<pin id="3467" dir="0" index="1" bw="512" slack="0"/>
<pin id="3468" dir="0" index="2" bw="10" slack="0"/>
<pin id="3469" dir="0" index="3" bw="10" slack="0"/>
<pin id="3470" dir="1" index="4" bw="32" slack="0"/>
</pin_list>
<bind>
<opcode="partselect(1002) " fcode="partselect"/>
<opset="trunc_ln72_183/3 "/>
</bind>
</comp>

<comp id="3475" class="1004" name="trunc_ln72_184_fu_3475">
<pin_list>
<pin id="3476" dir="0" index="0" bw="32" slack="0"/>
<pin id="3477" dir="0" index="1" bw="512" slack="0"/>
<pin id="3478" dir="0" index="2" bw="10" slack="0"/>
<pin id="3479" dir="0" index="3" bw="10" slack="0"/>
<pin id="3480" dir="1" index="4" bw="32" slack="0"/>
</pin_list>
<bind>
<opcode="partselect(1002) " fcode="partselect"/>
<opset="trunc_ln72_184/3 "/>
</bind>
</comp>

<comp id="3485" class="1004" name="trunc_ln72_185_fu_3485">
<pin_list>
<pin id="3486" dir="0" index="0" bw="32" slack="0"/>
<pin id="3487" dir="0" index="1" bw="512" slack="0"/>
<pin id="3488" dir="0" index="2" bw="10" slack="0"/>
<pin id="3489" dir="0" index="3" bw="10" slack="0"/>
<pin id="3490" dir="1" index="4" bw="32" slack="0"/>
</pin_list>
<bind>
<opcode="partselect(1002) " fcode="partselect"/>
<opset="trunc_ln72_185/3 "/>
</bind>
</comp>

<comp id="3495" class="1004" name="trunc_ln72_186_fu_3495">
<pin_list>
<pin id="3496" dir="0" index="0" bw="32" slack="0"/>
<pin id="3497" dir="0" index="1" bw="512" slack="0"/>
<pin id="3498" dir="0" index="2" bw="10" slack="0"/>
<pin id="3499" dir="0" index="3" bw="10" slack="0"/>
<pin id="3500" dir="1" index="4" bw="32" slack="0"/>
</pin_list>
<bind>
<opcode="partselect(1002) " fcode="partselect"/>
<opset="trunc_ln72_186/3 "/>
</bind>
</comp>

<comp id="3505" class="1004" name="trunc_ln72_187_fu_3505">
<pin_list>
<pin id="3506" dir="0" index="0" bw="32" slack="0"/>
<pin id="3507" dir="0" index="1" bw="512" slack="0"/>
<pin id="3508" dir="0" index="2" bw="10" slack="0"/>
<pin id="3509" dir="0" index="3" bw="10" slack="0"/>
<pin id="3510" dir="1" index="4" bw="32" slack="0"/>
</pin_list>
<bind>
<opcode="partselect(1002) " fcode="partselect"/>
<opset="trunc_ln72_187/3 "/>
</bind>
</comp>

<comp id="3515" class="1004" name="trunc_ln72_188_fu_3515">
<pin_list>
<pin id="3516" dir="0" index="0" bw="32" slack="0"/>
<pin id="3517" dir="0" index="1" bw="512" slack="0"/>
<pin id="3518" dir="0" index="2" bw="10" slack="0"/>
<pin id="3519" dir="0" index="3" bw="10" slack="0"/>
<pin id="3520" dir="1" index="4" bw="32" slack="0"/>
</pin_list>
<bind>
<opcode="partselect(1002) " fcode="partselect"/>
<opset="trunc_ln72_188/3 "/>
</bind>
</comp>

<comp id="3525" class="1004" name="trunc_ln72_189_fu_3525">
<pin_list>
<pin id="3526" dir="0" index="0" bw="32" slack="0"/>
<pin id="3527" dir="0" index="1" bw="512" slack="0"/>
<pin id="3528" dir="0" index="2" bw="10" slack="0"/>
<pin id="3529" dir="0" index="3" bw="10" slack="0"/>
<pin id="3530" dir="1" index="4" bw="32" slack="0"/>
</pin_list>
<bind>
<opcode="partselect(1002) " fcode="partselect"/>
<opset="trunc_ln72_189/3 "/>
</bind>
</comp>

<comp id="3535" class="1004" name="trunc_ln72_190_fu_3535">
<pin_list>
<pin id="3536" dir="0" index="0" bw="32" slack="0"/>
<pin id="3537" dir="0" index="1" bw="512" slack="0"/>
<pin id="3538" dir="0" index="2" bw="10" slack="0"/>
<pin id="3539" dir="0" index="3" bw="10" slack="0"/>
<pin id="3540" dir="1" index="4" bw="32" slack="0"/>
</pin_list>
<bind>
<opcode="partselect(1002) " fcode="partselect"/>
<opset="trunc_ln72_190/3 "/>
</bind>
</comp>

<comp id="3545" class="1004" name="tmp_11_fu_3545">
<pin_list>
<pin id="3546" dir="0" index="0" bw="32" slack="0"/>
<pin id="3547" dir="0" index="1" bw="4" slack="0"/>
<pin id="3548" dir="0" index="2" bw="32" slack="0"/>
<pin id="3549" dir="0" index="3" bw="4" slack="0"/>
<pin id="3550" dir="0" index="4" bw="32" slack="0"/>
<pin id="3551" dir="0" index="5" bw="4" slack="0"/>
<pin id="3552" dir="0" index="6" bw="32" slack="0"/>
<pin id="3553" dir="0" index="7" bw="4" slack="0"/>
<pin id="3554" dir="0" index="8" bw="32" slack="0"/>
<pin id="3555" dir="0" index="9" bw="4" slack="0"/>
<pin id="3556" dir="0" index="10" bw="32" slack="0"/>
<pin id="3557" dir="0" index="11" bw="4" slack="0"/>
<pin id="3558" dir="0" index="12" bw="32" slack="0"/>
<pin id="3559" dir="0" index="13" bw="4" slack="0"/>
<pin id="3560" dir="0" index="14" bw="32" slack="0"/>
<pin id="3561" dir="0" index="15" bw="4" slack="0"/>
<pin id="3562" dir="0" index="16" bw="32" slack="0"/>
<pin id="3563" dir="0" index="17" bw="4" slack="0"/>
<pin id="3564" dir="0" index="18" bw="32" slack="0"/>
<pin id="3565" dir="0" index="19" bw="4" slack="0"/>
<pin id="3566" dir="0" index="20" bw="32" slack="0"/>
<pin id="3567" dir="0" index="21" bw="4" slack="0"/>
<pin id="3568" dir="0" index="22" bw="32" slack="0"/>
<pin id="3569" dir="0" index="23" bw="4" slack="0"/>
<pin id="3570" dir="0" index="24" bw="32" slack="0"/>
<pin id="3571" dir="0" index="25" bw="4" slack="0"/>
<pin id="3572" dir="0" index="26" bw="32" slack="0"/>
<pin id="3573" dir="0" index="27" bw="4" slack="0"/>
<pin id="3574" dir="0" index="28" bw="32" slack="0"/>
<pin id="3575" dir="0" index="29" bw="4" slack="0"/>
<pin id="3576" dir="0" index="30" bw="32" slack="0"/>
<pin id="3577" dir="0" index="31" bw="4" slack="0"/>
<pin id="3578" dir="0" index="32" bw="32" slack="0"/>
<pin id="3579" dir="0" index="33" bw="32" slack="0"/>
<pin id="3580" dir="0" index="34" bw="4" slack="2"/>
<pin id="3581" dir="1" index="35" bw="32" slack="0"/>
</pin_list>
<bind>
<opcode="sparsemux(1197) " fcode="sparsemux"/>
<opset="tmp_11/3 "/>
</bind>
</comp>

<comp id="3616" class="1004" name="add_ln72_11_fu_3616">
<pin_list>
<pin id="3617" dir="0" index="0" bw="32" slack="0"/>
<pin id="3618" dir="0" index="1" bw="32" slack="1"/>
<pin id="3619" dir="1" index="2" bw="32" slack="0"/>
</pin_list>
<bind>
<opcode="add(8) " fcode="add"/>
<opset="add_ln72_11/3 "/>
</bind>
</comp>

<comp id="3621" class="1004" name="trunc_ln72_191_fu_3621">
<pin_list>
<pin id="3622" dir="0" index="0" bw="32" slack="0"/>
<pin id="3623" dir="0" index="1" bw="512" slack="0"/>
<pin id="3624" dir="0" index="2" bw="10" slack="0"/>
<pin id="3625" dir="0" index="3" bw="10" slack="0"/>
<pin id="3626" dir="1" index="4" bw="32" slack="0"/>
</pin_list>
<bind>
<opcode="partselect(1002) " fcode="partselect"/>
<opset="trunc_ln72_191/3 "/>
</bind>
</comp>

<comp id="3631" class="1004" name="trunc_ln72_192_fu_3631">
<pin_list>
<pin id="3632" dir="0" index="0" bw="32" slack="0"/>
<pin id="3633" dir="0" index="1" bw="512" slack="0"/>
<pin id="3634" dir="0" index="2" bw="10" slack="0"/>
<pin id="3635" dir="0" index="3" bw="10" slack="0"/>
<pin id="3636" dir="1" index="4" bw="32" slack="0"/>
</pin_list>
<bind>
<opcode="partselect(1002) " fcode="partselect"/>
<opset="trunc_ln72_192/3 "/>
</bind>
</comp>

<comp id="3641" class="1004" name="trunc_ln72_193_fu_3641">
<pin_list>
<pin id="3642" dir="0" index="0" bw="32" slack="0"/>
<pin id="3643" dir="0" index="1" bw="512" slack="0"/>
<pin id="3644" dir="0" index="2" bw="10" slack="0"/>
<pin id="3645" dir="0" index="3" bw="10" slack="0"/>
<pin id="3646" dir="1" index="4" bw="32" slack="0"/>
</pin_list>
<bind>
<opcode="partselect(1002) " fcode="partselect"/>
<opset="trunc_ln72_193/3 "/>
</bind>
</comp>

<comp id="3651" class="1004" name="trunc_ln72_194_fu_3651">
<pin_list>
<pin id="3652" dir="0" index="0" bw="32" slack="0"/>
<pin id="3653" dir="0" index="1" bw="512" slack="0"/>
<pin id="3654" dir="0" index="2" bw="10" slack="0"/>
<pin id="3655" dir="0" index="3" bw="10" slack="0"/>
<pin id="3656" dir="1" index="4" bw="32" slack="0"/>
</pin_list>
<bind>
<opcode="partselect(1002) " fcode="partselect"/>
<opset="trunc_ln72_194/3 "/>
</bind>
</comp>

<comp id="3661" class="1004" name="trunc_ln72_195_fu_3661">
<pin_list>
<pin id="3662" dir="0" index="0" bw="32" slack="0"/>
<pin id="3663" dir="0" index="1" bw="512" slack="0"/>
<pin id="3664" dir="0" index="2" bw="10" slack="0"/>
<pin id="3665" dir="0" index="3" bw="10" slack="0"/>
<pin id="3666" dir="1" index="4" bw="32" slack="0"/>
</pin_list>
<bind>
<opcode="partselect(1002) " fcode="partselect"/>
<opset="trunc_ln72_195/3 "/>
</bind>
</comp>

<comp id="3671" class="1004" name="trunc_ln72_196_fu_3671">
<pin_list>
<pin id="3672" dir="0" index="0" bw="32" slack="0"/>
<pin id="3673" dir="0" index="1" bw="512" slack="0"/>
<pin id="3674" dir="0" index="2" bw="10" slack="0"/>
<pin id="3675" dir="0" index="3" bw="10" slack="0"/>
<pin id="3676" dir="1" index="4" bw="32" slack="0"/>
</pin_list>
<bind>
<opcode="partselect(1002) " fcode="partselect"/>
<opset="trunc_ln72_196/3 "/>
</bind>
</comp>

<comp id="3681" class="1004" name="trunc_ln72_197_fu_3681">
<pin_list>
<pin id="3682" dir="0" index="0" bw="32" slack="0"/>
<pin id="3683" dir="0" index="1" bw="512" slack="0"/>
<pin id="3684" dir="0" index="2" bw="10" slack="0"/>
<pin id="3685" dir="0" index="3" bw="10" slack="0"/>
<pin id="3686" dir="1" index="4" bw="32" slack="0"/>
</pin_list>
<bind>
<opcode="partselect(1002) " fcode="partselect"/>
<opset="trunc_ln72_197/3 "/>
</bind>
</comp>

<comp id="3691" class="1004" name="trunc_ln72_198_fu_3691">
<pin_list>
<pin id="3692" dir="0" index="0" bw="32" slack="0"/>
<pin id="3693" dir="0" index="1" bw="512" slack="0"/>
<pin id="3694" dir="0" index="2" bw="10" slack="0"/>
<pin id="3695" dir="0" index="3" bw="10" slack="0"/>
<pin id="3696" dir="1" index="4" bw="32" slack="0"/>
</pin_list>
<bind>
<opcode="partselect(1002) " fcode="partselect"/>
<opset="trunc_ln72_198/3 "/>
</bind>
</comp>

<comp id="3701" class="1004" name="trunc_ln72_199_fu_3701">
<pin_list>
<pin id="3702" dir="0" index="0" bw="32" slack="0"/>
<pin id="3703" dir="0" index="1" bw="512" slack="0"/>
<pin id="3704" dir="0" index="2" bw="10" slack="0"/>
<pin id="3705" dir="0" index="3" bw="10" slack="0"/>
<pin id="3706" dir="1" index="4" bw="32" slack="0"/>
</pin_list>
<bind>
<opcode="partselect(1002) " fcode="partselect"/>
<opset="trunc_ln72_199/3 "/>
</bind>
</comp>

<comp id="3711" class="1004" name="trunc_ln72_200_fu_3711">
<pin_list>
<pin id="3712" dir="0" index="0" bw="32" slack="0"/>
<pin id="3713" dir="0" index="1" bw="512" slack="0"/>
<pin id="3714" dir="0" index="2" bw="10" slack="0"/>
<pin id="3715" dir="0" index="3" bw="10" slack="0"/>
<pin id="3716" dir="1" index="4" bw="32" slack="0"/>
</pin_list>
<bind>
<opcode="partselect(1002) " fcode="partselect"/>
<opset="trunc_ln72_200/3 "/>
</bind>
</comp>

<comp id="3721" class="1004" name="trunc_ln72_201_fu_3721">
<pin_list>
<pin id="3722" dir="0" index="0" bw="32" slack="0"/>
<pin id="3723" dir="0" index="1" bw="512" slack="0"/>
<pin id="3724" dir="0" index="2" bw="10" slack="0"/>
<pin id="3725" dir="0" index="3" bw="10" slack="0"/>
<pin id="3726" dir="1" index="4" bw="32" slack="0"/>
</pin_list>
<bind>
<opcode="partselect(1002) " fcode="partselect"/>
<opset="trunc_ln72_201/3 "/>
</bind>
</comp>

<comp id="3731" class="1004" name="trunc_ln72_202_fu_3731">
<pin_list>
<pin id="3732" dir="0" index="0" bw="32" slack="0"/>
<pin id="3733" dir="0" index="1" bw="512" slack="0"/>
<pin id="3734" dir="0" index="2" bw="10" slack="0"/>
<pin id="3735" dir="0" index="3" bw="10" slack="0"/>
<pin id="3736" dir="1" index="4" bw="32" slack="0"/>
</pin_list>
<bind>
<opcode="partselect(1002) " fcode="partselect"/>
<opset="trunc_ln72_202/3 "/>
</bind>
</comp>

<comp id="3741" class="1004" name="trunc_ln72_203_fu_3741">
<pin_list>
<pin id="3742" dir="0" index="0" bw="32" slack="0"/>
<pin id="3743" dir="0" index="1" bw="512" slack="0"/>
<pin id="3744" dir="0" index="2" bw="10" slack="0"/>
<pin id="3745" dir="0" index="3" bw="10" slack="0"/>
<pin id="3746" dir="1" index="4" bw="32" slack="0"/>
</pin_list>
<bind>
<opcode="partselect(1002) " fcode="partselect"/>
<opset="trunc_ln72_203/3 "/>
</bind>
</comp>

<comp id="3751" class="1004" name="trunc_ln72_204_fu_3751">
<pin_list>
<pin id="3752" dir="0" index="0" bw="32" slack="0"/>
<pin id="3753" dir="0" index="1" bw="512" slack="0"/>
<pin id="3754" dir="0" index="2" bw="10" slack="0"/>
<pin id="3755" dir="0" index="3" bw="10" slack="0"/>
<pin id="3756" dir="1" index="4" bw="32" slack="0"/>
</pin_list>
<bind>
<opcode="partselect(1002) " fcode="partselect"/>
<opset="trunc_ln72_204/3 "/>
</bind>
</comp>

<comp id="3761" class="1004" name="trunc_ln72_205_fu_3761">
<pin_list>
<pin id="3762" dir="0" index="0" bw="32" slack="0"/>
<pin id="3763" dir="0" index="1" bw="512" slack="0"/>
<pin id="3764" dir="0" index="2" bw="10" slack="0"/>
<pin id="3765" dir="0" index="3" bw="10" slack="0"/>
<pin id="3766" dir="1" index="4" bw="32" slack="0"/>
</pin_list>
<bind>
<opcode="partselect(1002) " fcode="partselect"/>
<opset="trunc_ln72_205/3 "/>
</bind>
</comp>

<comp id="3771" class="1004" name="trunc_ln72_206_fu_3771">
<pin_list>
<pin id="3772" dir="0" index="0" bw="32" slack="0"/>
<pin id="3773" dir="0" index="1" bw="512" slack="0"/>
<pin id="3774" dir="0" index="2" bw="10" slack="0"/>
<pin id="3775" dir="0" index="3" bw="10" slack="0"/>
<pin id="3776" dir="1" index="4" bw="32" slack="0"/>
</pin_list>
<bind>
<opcode="partselect(1002) " fcode="partselect"/>
<opset="trunc_ln72_206/3 "/>
</bind>
</comp>

<comp id="3781" class="1004" name="tmp_12_fu_3781">
<pin_list>
<pin id="3782" dir="0" index="0" bw="32" slack="0"/>
<pin id="3783" dir="0" index="1" bw="4" slack="0"/>
<pin id="3784" dir="0" index="2" bw="32" slack="0"/>
<pin id="3785" dir="0" index="3" bw="4" slack="0"/>
<pin id="3786" dir="0" index="4" bw="32" slack="0"/>
<pin id="3787" dir="0" index="5" bw="4" slack="0"/>
<pin id="3788" dir="0" index="6" bw="32" slack="0"/>
<pin id="3789" dir="0" index="7" bw="4" slack="0"/>
<pin id="3790" dir="0" index="8" bw="32" slack="0"/>
<pin id="3791" dir="0" index="9" bw="4" slack="0"/>
<pin id="3792" dir="0" index="10" bw="32" slack="0"/>
<pin id="3793" dir="0" index="11" bw="4" slack="0"/>
<pin id="3794" dir="0" index="12" bw="32" slack="0"/>
<pin id="3795" dir="0" index="13" bw="4" slack="0"/>
<pin id="3796" dir="0" index="14" bw="32" slack="0"/>
<pin id="3797" dir="0" index="15" bw="4" slack="0"/>
<pin id="3798" dir="0" index="16" bw="32" slack="0"/>
<pin id="3799" dir="0" index="17" bw="4" slack="0"/>
<pin id="3800" dir="0" index="18" bw="32" slack="0"/>
<pin id="3801" dir="0" index="19" bw="4" slack="0"/>
<pin id="3802" dir="0" index="20" bw="32" slack="0"/>
<pin id="3803" dir="0" index="21" bw="4" slack="0"/>
<pin id="3804" dir="0" index="22" bw="32" slack="0"/>
<pin id="3805" dir="0" index="23" bw="4" slack="0"/>
<pin id="3806" dir="0" index="24" bw="32" slack="0"/>
<pin id="3807" dir="0" index="25" bw="4" slack="0"/>
<pin id="3808" dir="0" index="26" bw="32" slack="0"/>
<pin id="3809" dir="0" index="27" bw="4" slack="0"/>
<pin id="3810" dir="0" index="28" bw="32" slack="0"/>
<pin id="3811" dir="0" index="29" bw="4" slack="0"/>
<pin id="3812" dir="0" index="30" bw="32" slack="0"/>
<pin id="3813" dir="0" index="31" bw="4" slack="0"/>
<pin id="3814" dir="0" index="32" bw="32" slack="0"/>
<pin id="3815" dir="0" index="33" bw="32" slack="0"/>
<pin id="3816" dir="0" index="34" bw="4" slack="2"/>
<pin id="3817" dir="1" index="35" bw="32" slack="0"/>
</pin_list>
<bind>
<opcode="sparsemux(1197) " fcode="sparsemux"/>
<opset="tmp_12/3 "/>
</bind>
</comp>

<comp id="3852" class="1004" name="add_ln72_12_fu_3852">
<pin_list>
<pin id="3853" dir="0" index="0" bw="32" slack="0"/>
<pin id="3854" dir="0" index="1" bw="32" slack="1"/>
<pin id="3855" dir="1" index="2" bw="32" slack="0"/>
</pin_list>
<bind>
<opcode="add(8) " fcode="add"/>
<opset="add_ln72_12/3 "/>
</bind>
</comp>

<comp id="3857" class="1004" name="trunc_ln72_207_fu_3857">
<pin_list>
<pin id="3858" dir="0" index="0" bw="32" slack="0"/>
<pin id="3859" dir="0" index="1" bw="512" slack="0"/>
<pin id="3860" dir="0" index="2" bw="10" slack="0"/>
<pin id="3861" dir="0" index="3" bw="10" slack="0"/>
<pin id="3862" dir="1" index="4" bw="32" slack="0"/>
</pin_list>
<bind>
<opcode="partselect(1002) " fcode="partselect"/>
<opset="trunc_ln72_207/3 "/>
</bind>
</comp>

<comp id="3867" class="1004" name="trunc_ln72_208_fu_3867">
<pin_list>
<pin id="3868" dir="0" index="0" bw="32" slack="0"/>
<pin id="3869" dir="0" index="1" bw="512" slack="0"/>
<pin id="3870" dir="0" index="2" bw="10" slack="0"/>
<pin id="3871" dir="0" index="3" bw="10" slack="0"/>
<pin id="3872" dir="1" index="4" bw="32" slack="0"/>
</pin_list>
<bind>
<opcode="partselect(1002) " fcode="partselect"/>
<opset="trunc_ln72_208/3 "/>
</bind>
</comp>

<comp id="3877" class="1004" name="trunc_ln72_209_fu_3877">
<pin_list>
<pin id="3878" dir="0" index="0" bw="32" slack="0"/>
<pin id="3879" dir="0" index="1" bw="512" slack="0"/>
<pin id="3880" dir="0" index="2" bw="10" slack="0"/>
<pin id="3881" dir="0" index="3" bw="10" slack="0"/>
<pin id="3882" dir="1" index="4" bw="32" slack="0"/>
</pin_list>
<bind>
<opcode="partselect(1002) " fcode="partselect"/>
<opset="trunc_ln72_209/3 "/>
</bind>
</comp>

<comp id="3887" class="1004" name="trunc_ln72_210_fu_3887">
<pin_list>
<pin id="3888" dir="0" index="0" bw="32" slack="0"/>
<pin id="3889" dir="0" index="1" bw="512" slack="0"/>
<pin id="3890" dir="0" index="2" bw="10" slack="0"/>
<pin id="3891" dir="0" index="3" bw="10" slack="0"/>
<pin id="3892" dir="1" index="4" bw="32" slack="0"/>
</pin_list>
<bind>
<opcode="partselect(1002) " fcode="partselect"/>
<opset="trunc_ln72_210/3 "/>
</bind>
</comp>

<comp id="3897" class="1004" name="trunc_ln72_211_fu_3897">
<pin_list>
<pin id="3898" dir="0" index="0" bw="32" slack="0"/>
<pin id="3899" dir="0" index="1" bw="512" slack="0"/>
<pin id="3900" dir="0" index="2" bw="10" slack="0"/>
<pin id="3901" dir="0" index="3" bw="10" slack="0"/>
<pin id="3902" dir="1" index="4" bw="32" slack="0"/>
</pin_list>
<bind>
<opcode="partselect(1002) " fcode="partselect"/>
<opset="trunc_ln72_211/3 "/>
</bind>
</comp>

<comp id="3907" class="1004" name="trunc_ln72_212_fu_3907">
<pin_list>
<pin id="3908" dir="0" index="0" bw="32" slack="0"/>
<pin id="3909" dir="0" index="1" bw="512" slack="0"/>
<pin id="3910" dir="0" index="2" bw="10" slack="0"/>
<pin id="3911" dir="0" index="3" bw="10" slack="0"/>
<pin id="3912" dir="1" index="4" bw="32" slack="0"/>
</pin_list>
<bind>
<opcode="partselect(1002) " fcode="partselect"/>
<opset="trunc_ln72_212/3 "/>
</bind>
</comp>

<comp id="3917" class="1004" name="trunc_ln72_213_fu_3917">
<pin_list>
<pin id="3918" dir="0" index="0" bw="32" slack="0"/>
<pin id="3919" dir="0" index="1" bw="512" slack="0"/>
<pin id="3920" dir="0" index="2" bw="10" slack="0"/>
<pin id="3921" dir="0" index="3" bw="10" slack="0"/>
<pin id="3922" dir="1" index="4" bw="32" slack="0"/>
</pin_list>
<bind>
<opcode="partselect(1002) " fcode="partselect"/>
<opset="trunc_ln72_213/3 "/>
</bind>
</comp>

<comp id="3927" class="1004" name="trunc_ln72_214_fu_3927">
<pin_list>
<pin id="3928" dir="0" index="0" bw="32" slack="0"/>
<pin id="3929" dir="0" index="1" bw="512" slack="0"/>
<pin id="3930" dir="0" index="2" bw="10" slack="0"/>
<pin id="3931" dir="0" index="3" bw="10" slack="0"/>
<pin id="3932" dir="1" index="4" bw="32" slack="0"/>
</pin_list>
<bind>
<opcode="partselect(1002) " fcode="partselect"/>
<opset="trunc_ln72_214/3 "/>
</bind>
</comp>

<comp id="3937" class="1004" name="trunc_ln72_215_fu_3937">
<pin_list>
<pin id="3938" dir="0" index="0" bw="32" slack="0"/>
<pin id="3939" dir="0" index="1" bw="512" slack="0"/>
<pin id="3940" dir="0" index="2" bw="10" slack="0"/>
<pin id="3941" dir="0" index="3" bw="10" slack="0"/>
<pin id="3942" dir="1" index="4" bw="32" slack="0"/>
</pin_list>
<bind>
<opcode="partselect(1002) " fcode="partselect"/>
<opset="trunc_ln72_215/3 "/>
</bind>
</comp>

<comp id="3947" class="1004" name="trunc_ln72_216_fu_3947">
<pin_list>
<pin id="3948" dir="0" index="0" bw="32" slack="0"/>
<pin id="3949" dir="0" index="1" bw="512" slack="0"/>
<pin id="3950" dir="0" index="2" bw="10" slack="0"/>
<pin id="3951" dir="0" index="3" bw="10" slack="0"/>
<pin id="3952" dir="1" index="4" bw="32" slack="0"/>
</pin_list>
<bind>
<opcode="partselect(1002) " fcode="partselect"/>
<opset="trunc_ln72_216/3 "/>
</bind>
</comp>

<comp id="3957" class="1004" name="trunc_ln72_217_fu_3957">
<pin_list>
<pin id="3958" dir="0" index="0" bw="32" slack="0"/>
<pin id="3959" dir="0" index="1" bw="512" slack="0"/>
<pin id="3960" dir="0" index="2" bw="10" slack="0"/>
<pin id="3961" dir="0" index="3" bw="10" slack="0"/>
<pin id="3962" dir="1" index="4" bw="32" slack="0"/>
</pin_list>
<bind>
<opcode="partselect(1002) " fcode="partselect"/>
<opset="trunc_ln72_217/3 "/>
</bind>
</comp>

<comp id="3967" class="1004" name="trunc_ln72_218_fu_3967">
<pin_list>
<pin id="3968" dir="0" index="0" bw="32" slack="0"/>
<pin id="3969" dir="0" index="1" bw="512" slack="0"/>
<pin id="3970" dir="0" index="2" bw="10" slack="0"/>
<pin id="3971" dir="0" index="3" bw="10" slack="0"/>
<pin id="3972" dir="1" index="4" bw="32" slack="0"/>
</pin_list>
<bind>
<opcode="partselect(1002) " fcode="partselect"/>
<opset="trunc_ln72_218/3 "/>
</bind>
</comp>

<comp id="3977" class="1004" name="trunc_ln72_219_fu_3977">
<pin_list>
<pin id="3978" dir="0" index="0" bw="32" slack="0"/>
<pin id="3979" dir="0" index="1" bw="512" slack="0"/>
<pin id="3980" dir="0" index="2" bw="10" slack="0"/>
<pin id="3981" dir="0" index="3" bw="10" slack="0"/>
<pin id="3982" dir="1" index="4" bw="32" slack="0"/>
</pin_list>
<bind>
<opcode="partselect(1002) " fcode="partselect"/>
<opset="trunc_ln72_219/3 "/>
</bind>
</comp>

<comp id="3987" class="1004" name="trunc_ln72_220_fu_3987">
<pin_list>
<pin id="3988" dir="0" index="0" bw="32" slack="0"/>
<pin id="3989" dir="0" index="1" bw="512" slack="0"/>
<pin id="3990" dir="0" index="2" bw="10" slack="0"/>
<pin id="3991" dir="0" index="3" bw="10" slack="0"/>
<pin id="3992" dir="1" index="4" bw="32" slack="0"/>
</pin_list>
<bind>
<opcode="partselect(1002) " fcode="partselect"/>
<opset="trunc_ln72_220/3 "/>
</bind>
</comp>

<comp id="3997" class="1004" name="trunc_ln72_221_fu_3997">
<pin_list>
<pin id="3998" dir="0" index="0" bw="32" slack="0"/>
<pin id="3999" dir="0" index="1" bw="512" slack="0"/>
<pin id="4000" dir="0" index="2" bw="10" slack="0"/>
<pin id="4001" dir="0" index="3" bw="10" slack="0"/>
<pin id="4002" dir="1" index="4" bw="32" slack="0"/>
</pin_list>
<bind>
<opcode="partselect(1002) " fcode="partselect"/>
<opset="trunc_ln72_221/3 "/>
</bind>
</comp>

<comp id="4007" class="1004" name="trunc_ln72_222_fu_4007">
<pin_list>
<pin id="4008" dir="0" index="0" bw="32" slack="0"/>
<pin id="4009" dir="0" index="1" bw="512" slack="0"/>
<pin id="4010" dir="0" index="2" bw="10" slack="0"/>
<pin id="4011" dir="0" index="3" bw="10" slack="0"/>
<pin id="4012" dir="1" index="4" bw="32" slack="0"/>
</pin_list>
<bind>
<opcode="partselect(1002) " fcode="partselect"/>
<opset="trunc_ln72_222/3 "/>
</bind>
</comp>

<comp id="4017" class="1004" name="tmp_13_fu_4017">
<pin_list>
<pin id="4018" dir="0" index="0" bw="32" slack="0"/>
<pin id="4019" dir="0" index="1" bw="4" slack="0"/>
<pin id="4020" dir="0" index="2" bw="32" slack="0"/>
<pin id="4021" dir="0" index="3" bw="4" slack="0"/>
<pin id="4022" dir="0" index="4" bw="32" slack="0"/>
<pin id="4023" dir="0" index="5" bw="4" slack="0"/>
<pin id="4024" dir="0" index="6" bw="32" slack="0"/>
<pin id="4025" dir="0" index="7" bw="4" slack="0"/>
<pin id="4026" dir="0" index="8" bw="32" slack="0"/>
<pin id="4027" dir="0" index="9" bw="4" slack="0"/>
<pin id="4028" dir="0" index="10" bw="32" slack="0"/>
<pin id="4029" dir="0" index="11" bw="4" slack="0"/>
<pin id="4030" dir="0" index="12" bw="32" slack="0"/>
<pin id="4031" dir="0" index="13" bw="4" slack="0"/>
<pin id="4032" dir="0" index="14" bw="32" slack="0"/>
<pin id="4033" dir="0" index="15" bw="4" slack="0"/>
<pin id="4034" dir="0" index="16" bw="32" slack="0"/>
<pin id="4035" dir="0" index="17" bw="4" slack="0"/>
<pin id="4036" dir="0" index="18" bw="32" slack="0"/>
<pin id="4037" dir="0" index="19" bw="4" slack="0"/>
<pin id="4038" dir="0" index="20" bw="32" slack="0"/>
<pin id="4039" dir="0" index="21" bw="4" slack="0"/>
<pin id="4040" dir="0" index="22" bw="32" slack="0"/>
<pin id="4041" dir="0" index="23" bw="4" slack="0"/>
<pin id="4042" dir="0" index="24" bw="32" slack="0"/>
<pin id="4043" dir="0" index="25" bw="4" slack="0"/>
<pin id="4044" dir="0" index="26" bw="32" slack="0"/>
<pin id="4045" dir="0" index="27" bw="4" slack="0"/>
<pin id="4046" dir="0" index="28" bw="32" slack="0"/>
<pin id="4047" dir="0" index="29" bw="4" slack="0"/>
<pin id="4048" dir="0" index="30" bw="32" slack="0"/>
<pin id="4049" dir="0" index="31" bw="4" slack="0"/>
<pin id="4050" dir="0" index="32" bw="32" slack="0"/>
<pin id="4051" dir="0" index="33" bw="32" slack="0"/>
<pin id="4052" dir="0" index="34" bw="4" slack="2"/>
<pin id="4053" dir="1" index="35" bw="32" slack="0"/>
</pin_list>
<bind>
<opcode="sparsemux(1197) " fcode="sparsemux"/>
<opset="tmp_13/3 "/>
</bind>
</comp>

<comp id="4088" class="1004" name="add_ln72_13_fu_4088">
<pin_list>
<pin id="4089" dir="0" index="0" bw="32" slack="0"/>
<pin id="4090" dir="0" index="1" bw="32" slack="1"/>
<pin id="4091" dir="1" index="2" bw="32" slack="0"/>
</pin_list>
<bind>
<opcode="add(8) " fcode="add"/>
<opset="add_ln72_13/3 "/>
</bind>
</comp>

<comp id="4093" class="1004" name="trunc_ln72_223_fu_4093">
<pin_list>
<pin id="4094" dir="0" index="0" bw="32" slack="0"/>
<pin id="4095" dir="0" index="1" bw="512" slack="0"/>
<pin id="4096" dir="0" index="2" bw="10" slack="0"/>
<pin id="4097" dir="0" index="3" bw="10" slack="0"/>
<pin id="4098" dir="1" index="4" bw="32" slack="0"/>
</pin_list>
<bind>
<opcode="partselect(1002) " fcode="partselect"/>
<opset="trunc_ln72_223/3 "/>
</bind>
</comp>

<comp id="4103" class="1004" name="trunc_ln72_224_fu_4103">
<pin_list>
<pin id="4104" dir="0" index="0" bw="32" slack="0"/>
<pin id="4105" dir="0" index="1" bw="512" slack="0"/>
<pin id="4106" dir="0" index="2" bw="10" slack="0"/>
<pin id="4107" dir="0" index="3" bw="10" slack="0"/>
<pin id="4108" dir="1" index="4" bw="32" slack="0"/>
</pin_list>
<bind>
<opcode="partselect(1002) " fcode="partselect"/>
<opset="trunc_ln72_224/3 "/>
</bind>
</comp>

<comp id="4113" class="1004" name="trunc_ln72_225_fu_4113">
<pin_list>
<pin id="4114" dir="0" index="0" bw="32" slack="0"/>
<pin id="4115" dir="0" index="1" bw="512" slack="0"/>
<pin id="4116" dir="0" index="2" bw="10" slack="0"/>
<pin id="4117" dir="0" index="3" bw="10" slack="0"/>
<pin id="4118" dir="1" index="4" bw="32" slack="0"/>
</pin_list>
<bind>
<opcode="partselect(1002) " fcode="partselect"/>
<opset="trunc_ln72_225/3 "/>
</bind>
</comp>

<comp id="4123" class="1004" name="trunc_ln72_226_fu_4123">
<pin_list>
<pin id="4124" dir="0" index="0" bw="32" slack="0"/>
<pin id="4125" dir="0" index="1" bw="512" slack="0"/>
<pin id="4126" dir="0" index="2" bw="10" slack="0"/>
<pin id="4127" dir="0" index="3" bw="10" slack="0"/>
<pin id="4128" dir="1" index="4" bw="32" slack="0"/>
</pin_list>
<bind>
<opcode="partselect(1002) " fcode="partselect"/>
<opset="trunc_ln72_226/3 "/>
</bind>
</comp>

<comp id="4133" class="1004" name="trunc_ln72_227_fu_4133">
<pin_list>
<pin id="4134" dir="0" index="0" bw="32" slack="0"/>
<pin id="4135" dir="0" index="1" bw="512" slack="0"/>
<pin id="4136" dir="0" index="2" bw="10" slack="0"/>
<pin id="4137" dir="0" index="3" bw="10" slack="0"/>
<pin id="4138" dir="1" index="4" bw="32" slack="0"/>
</pin_list>
<bind>
<opcode="partselect(1002) " fcode="partselect"/>
<opset="trunc_ln72_227/3 "/>
</bind>
</comp>

<comp id="4143" class="1004" name="trunc_ln72_228_fu_4143">
<pin_list>
<pin id="4144" dir="0" index="0" bw="32" slack="0"/>
<pin id="4145" dir="0" index="1" bw="512" slack="0"/>
<pin id="4146" dir="0" index="2" bw="10" slack="0"/>
<pin id="4147" dir="0" index="3" bw="10" slack="0"/>
<pin id="4148" dir="1" index="4" bw="32" slack="0"/>
</pin_list>
<bind>
<opcode="partselect(1002) " fcode="partselect"/>
<opset="trunc_ln72_228/3 "/>
</bind>
</comp>

<comp id="4153" class="1004" name="trunc_ln72_229_fu_4153">
<pin_list>
<pin id="4154" dir="0" index="0" bw="32" slack="0"/>
<pin id="4155" dir="0" index="1" bw="512" slack="0"/>
<pin id="4156" dir="0" index="2" bw="10" slack="0"/>
<pin id="4157" dir="0" index="3" bw="10" slack="0"/>
<pin id="4158" dir="1" index="4" bw="32" slack="0"/>
</pin_list>
<bind>
<opcode="partselect(1002) " fcode="partselect"/>
<opset="trunc_ln72_229/3 "/>
</bind>
</comp>

<comp id="4163" class="1004" name="trunc_ln72_230_fu_4163">
<pin_list>
<pin id="4164" dir="0" index="0" bw="32" slack="0"/>
<pin id="4165" dir="0" index="1" bw="512" slack="0"/>
<pin id="4166" dir="0" index="2" bw="10" slack="0"/>
<pin id="4167" dir="0" index="3" bw="10" slack="0"/>
<pin id="4168" dir="1" index="4" bw="32" slack="0"/>
</pin_list>
<bind>
<opcode="partselect(1002) " fcode="partselect"/>
<opset="trunc_ln72_230/3 "/>
</bind>
</comp>

<comp id="4173" class="1004" name="trunc_ln72_231_fu_4173">
<pin_list>
<pin id="4174" dir="0" index="0" bw="32" slack="0"/>
<pin id="4175" dir="0" index="1" bw="512" slack="0"/>
<pin id="4176" dir="0" index="2" bw="10" slack="0"/>
<pin id="4177" dir="0" index="3" bw="10" slack="0"/>
<pin id="4178" dir="1" index="4" bw="32" slack="0"/>
</pin_list>
<bind>
<opcode="partselect(1002) " fcode="partselect"/>
<opset="trunc_ln72_231/3 "/>
</bind>
</comp>

<comp id="4183" class="1004" name="trunc_ln72_232_fu_4183">
<pin_list>
<pin id="4184" dir="0" index="0" bw="32" slack="0"/>
<pin id="4185" dir="0" index="1" bw="512" slack="0"/>
<pin id="4186" dir="0" index="2" bw="10" slack="0"/>
<pin id="4187" dir="0" index="3" bw="10" slack="0"/>
<pin id="4188" dir="1" index="4" bw="32" slack="0"/>
</pin_list>
<bind>
<opcode="partselect(1002) " fcode="partselect"/>
<opset="trunc_ln72_232/3 "/>
</bind>
</comp>

<comp id="4193" class="1004" name="trunc_ln72_233_fu_4193">
<pin_list>
<pin id="4194" dir="0" index="0" bw="32" slack="0"/>
<pin id="4195" dir="0" index="1" bw="512" slack="0"/>
<pin id="4196" dir="0" index="2" bw="10" slack="0"/>
<pin id="4197" dir="0" index="3" bw="10" slack="0"/>
<pin id="4198" dir="1" index="4" bw="32" slack="0"/>
</pin_list>
<bind>
<opcode="partselect(1002) " fcode="partselect"/>
<opset="trunc_ln72_233/3 "/>
</bind>
</comp>

<comp id="4203" class="1004" name="trunc_ln72_234_fu_4203">
<pin_list>
<pin id="4204" dir="0" index="0" bw="32" slack="0"/>
<pin id="4205" dir="0" index="1" bw="512" slack="0"/>
<pin id="4206" dir="0" index="2" bw="10" slack="0"/>
<pin id="4207" dir="0" index="3" bw="10" slack="0"/>
<pin id="4208" dir="1" index="4" bw="32" slack="0"/>
</pin_list>
<bind>
<opcode="partselect(1002) " fcode="partselect"/>
<opset="trunc_ln72_234/3 "/>
</bind>
</comp>

<comp id="4213" class="1004" name="trunc_ln72_235_fu_4213">
<pin_list>
<pin id="4214" dir="0" index="0" bw="32" slack="0"/>
<pin id="4215" dir="0" index="1" bw="512" slack="0"/>
<pin id="4216" dir="0" index="2" bw="10" slack="0"/>
<pin id="4217" dir="0" index="3" bw="10" slack="0"/>
<pin id="4218" dir="1" index="4" bw="32" slack="0"/>
</pin_list>
<bind>
<opcode="partselect(1002) " fcode="partselect"/>
<opset="trunc_ln72_235/3 "/>
</bind>
</comp>

<comp id="4223" class="1004" name="trunc_ln72_236_fu_4223">
<pin_list>
<pin id="4224" dir="0" index="0" bw="32" slack="0"/>
<pin id="4225" dir="0" index="1" bw="512" slack="0"/>
<pin id="4226" dir="0" index="2" bw="10" slack="0"/>
<pin id="4227" dir="0" index="3" bw="10" slack="0"/>
<pin id="4228" dir="1" index="4" bw="32" slack="0"/>
</pin_list>
<bind>
<opcode="partselect(1002) " fcode="partselect"/>
<opset="trunc_ln72_236/3 "/>
</bind>
</comp>

<comp id="4233" class="1004" name="trunc_ln72_237_fu_4233">
<pin_list>
<pin id="4234" dir="0" index="0" bw="32" slack="0"/>
<pin id="4235" dir="0" index="1" bw="512" slack="0"/>
<pin id="4236" dir="0" index="2" bw="10" slack="0"/>
<pin id="4237" dir="0" index="3" bw="10" slack="0"/>
<pin id="4238" dir="1" index="4" bw="32" slack="0"/>
</pin_list>
<bind>
<opcode="partselect(1002) " fcode="partselect"/>
<opset="trunc_ln72_237/3 "/>
</bind>
</comp>

<comp id="4243" class="1004" name="trunc_ln72_238_fu_4243">
<pin_list>
<pin id="4244" dir="0" index="0" bw="32" slack="0"/>
<pin id="4245" dir="0" index="1" bw="512" slack="0"/>
<pin id="4246" dir="0" index="2" bw="10" slack="0"/>
<pin id="4247" dir="0" index="3" bw="10" slack="0"/>
<pin id="4248" dir="1" index="4" bw="32" slack="0"/>
</pin_list>
<bind>
<opcode="partselect(1002) " fcode="partselect"/>
<opset="trunc_ln72_238/3 "/>
</bind>
</comp>

<comp id="4253" class="1004" name="tmp_14_fu_4253">
<pin_list>
<pin id="4254" dir="0" index="0" bw="32" slack="0"/>
<pin id="4255" dir="0" index="1" bw="4" slack="0"/>
<pin id="4256" dir="0" index="2" bw="32" slack="0"/>
<pin id="4257" dir="0" index="3" bw="4" slack="0"/>
<pin id="4258" dir="0" index="4" bw="32" slack="0"/>
<pin id="4259" dir="0" index="5" bw="4" slack="0"/>
<pin id="4260" dir="0" index="6" bw="32" slack="0"/>
<pin id="4261" dir="0" index="7" bw="4" slack="0"/>
<pin id="4262" dir="0" index="8" bw="32" slack="0"/>
<pin id="4263" dir="0" index="9" bw="4" slack="0"/>
<pin id="4264" dir="0" index="10" bw="32" slack="0"/>
<pin id="4265" dir="0" index="11" bw="4" slack="0"/>
<pin id="4266" dir="0" index="12" bw="32" slack="0"/>
<pin id="4267" dir="0" index="13" bw="4" slack="0"/>
<pin id="4268" dir="0" index="14" bw="32" slack="0"/>
<pin id="4269" dir="0" index="15" bw="4" slack="0"/>
<pin id="4270" dir="0" index="16" bw="32" slack="0"/>
<pin id="4271" dir="0" index="17" bw="4" slack="0"/>
<pin id="4272" dir="0" index="18" bw="32" slack="0"/>
<pin id="4273" dir="0" index="19" bw="4" slack="0"/>
<pin id="4274" dir="0" index="20" bw="32" slack="0"/>
<pin id="4275" dir="0" index="21" bw="4" slack="0"/>
<pin id="4276" dir="0" index="22" bw="32" slack="0"/>
<pin id="4277" dir="0" index="23" bw="4" slack="0"/>
<pin id="4278" dir="0" index="24" bw="32" slack="0"/>
<pin id="4279" dir="0" index="25" bw="4" slack="0"/>
<pin id="4280" dir="0" index="26" bw="32" slack="0"/>
<pin id="4281" dir="0" index="27" bw="4" slack="0"/>
<pin id="4282" dir="0" index="28" bw="32" slack="0"/>
<pin id="4283" dir="0" index="29" bw="4" slack="0"/>
<pin id="4284" dir="0" index="30" bw="32" slack="0"/>
<pin id="4285" dir="0" index="31" bw="4" slack="0"/>
<pin id="4286" dir="0" index="32" bw="32" slack="0"/>
<pin id="4287" dir="0" index="33" bw="32" slack="0"/>
<pin id="4288" dir="0" index="34" bw="4" slack="2"/>
<pin id="4289" dir="1" index="35" bw="32" slack="0"/>
</pin_list>
<bind>
<opcode="sparsemux(1197) " fcode="sparsemux"/>
<opset="tmp_14/3 "/>
</bind>
</comp>

<comp id="4324" class="1004" name="add_ln72_14_fu_4324">
<pin_list>
<pin id="4325" dir="0" index="0" bw="32" slack="0"/>
<pin id="4326" dir="0" index="1" bw="32" slack="1"/>
<pin id="4327" dir="1" index="2" bw="32" slack="0"/>
</pin_list>
<bind>
<opcode="add(8) " fcode="add"/>
<opset="add_ln72_14/3 "/>
</bind>
</comp>

<comp id="4329" class="1004" name="trunc_ln72_239_fu_4329">
<pin_list>
<pin id="4330" dir="0" index="0" bw="32" slack="0"/>
<pin id="4331" dir="0" index="1" bw="512" slack="0"/>
<pin id="4332" dir="0" index="2" bw="10" slack="0"/>
<pin id="4333" dir="0" index="3" bw="10" slack="0"/>
<pin id="4334" dir="1" index="4" bw="32" slack="0"/>
</pin_list>
<bind>
<opcode="partselect(1002) " fcode="partselect"/>
<opset="trunc_ln72_239/3 "/>
</bind>
</comp>

<comp id="4339" class="1004" name="trunc_ln72_240_fu_4339">
<pin_list>
<pin id="4340" dir="0" index="0" bw="32" slack="0"/>
<pin id="4341" dir="0" index="1" bw="512" slack="0"/>
<pin id="4342" dir="0" index="2" bw="10" slack="0"/>
<pin id="4343" dir="0" index="3" bw="10" slack="0"/>
<pin id="4344" dir="1" index="4" bw="32" slack="0"/>
</pin_list>
<bind>
<opcode="partselect(1002) " fcode="partselect"/>
<opset="trunc_ln72_240/3 "/>
</bind>
</comp>

<comp id="4349" class="1004" name="trunc_ln72_241_fu_4349">
<pin_list>
<pin id="4350" dir="0" index="0" bw="32" slack="0"/>
<pin id="4351" dir="0" index="1" bw="512" slack="0"/>
<pin id="4352" dir="0" index="2" bw="10" slack="0"/>
<pin id="4353" dir="0" index="3" bw="10" slack="0"/>
<pin id="4354" dir="1" index="4" bw="32" slack="0"/>
</pin_list>
<bind>
<opcode="partselect(1002) " fcode="partselect"/>
<opset="trunc_ln72_241/3 "/>
</bind>
</comp>

<comp id="4359" class="1004" name="trunc_ln72_242_fu_4359">
<pin_list>
<pin id="4360" dir="0" index="0" bw="32" slack="0"/>
<pin id="4361" dir="0" index="1" bw="512" slack="0"/>
<pin id="4362" dir="0" index="2" bw="10" slack="0"/>
<pin id="4363" dir="0" index="3" bw="10" slack="0"/>
<pin id="4364" dir="1" index="4" bw="32" slack="0"/>
</pin_list>
<bind>
<opcode="partselect(1002) " fcode="partselect"/>
<opset="trunc_ln72_242/3 "/>
</bind>
</comp>

<comp id="4369" class="1004" name="trunc_ln72_243_fu_4369">
<pin_list>
<pin id="4370" dir="0" index="0" bw="32" slack="0"/>
<pin id="4371" dir="0" index="1" bw="512" slack="0"/>
<pin id="4372" dir="0" index="2" bw="10" slack="0"/>
<pin id="4373" dir="0" index="3" bw="10" slack="0"/>
<pin id="4374" dir="1" index="4" bw="32" slack="0"/>
</pin_list>
<bind>
<opcode="partselect(1002) " fcode="partselect"/>
<opset="trunc_ln72_243/3 "/>
</bind>
</comp>

<comp id="4379" class="1004" name="trunc_ln72_244_fu_4379">
<pin_list>
<pin id="4380" dir="0" index="0" bw="32" slack="0"/>
<pin id="4381" dir="0" index="1" bw="512" slack="0"/>
<pin id="4382" dir="0" index="2" bw="10" slack="0"/>
<pin id="4383" dir="0" index="3" bw="10" slack="0"/>
<pin id="4384" dir="1" index="4" bw="32" slack="0"/>
</pin_list>
<bind>
<opcode="partselect(1002) " fcode="partselect"/>
<opset="trunc_ln72_244/3 "/>
</bind>
</comp>

<comp id="4389" class="1004" name="trunc_ln72_245_fu_4389">
<pin_list>
<pin id="4390" dir="0" index="0" bw="32" slack="0"/>
<pin id="4391" dir="0" index="1" bw="512" slack="0"/>
<pin id="4392" dir="0" index="2" bw="10" slack="0"/>
<pin id="4393" dir="0" index="3" bw="10" slack="0"/>
<pin id="4394" dir="1" index="4" bw="32" slack="0"/>
</pin_list>
<bind>
<opcode="partselect(1002) " fcode="partselect"/>
<opset="trunc_ln72_245/3 "/>
</bind>
</comp>

<comp id="4399" class="1004" name="trunc_ln72_246_fu_4399">
<pin_list>
<pin id="4400" dir="0" index="0" bw="32" slack="0"/>
<pin id="4401" dir="0" index="1" bw="512" slack="0"/>
<pin id="4402" dir="0" index="2" bw="10" slack="0"/>
<pin id="4403" dir="0" index="3" bw="10" slack="0"/>
<pin id="4404" dir="1" index="4" bw="32" slack="0"/>
</pin_list>
<bind>
<opcode="partselect(1002) " fcode="partselect"/>
<opset="trunc_ln72_246/3 "/>
</bind>
</comp>

<comp id="4409" class="1004" name="trunc_ln72_247_fu_4409">
<pin_list>
<pin id="4410" dir="0" index="0" bw="32" slack="0"/>
<pin id="4411" dir="0" index="1" bw="512" slack="0"/>
<pin id="4412" dir="0" index="2" bw="10" slack="0"/>
<pin id="4413" dir="0" index="3" bw="10" slack="0"/>
<pin id="4414" dir="1" index="4" bw="32" slack="0"/>
</pin_list>
<bind>
<opcode="partselect(1002) " fcode="partselect"/>
<opset="trunc_ln72_247/3 "/>
</bind>
</comp>

<comp id="4419" class="1004" name="trunc_ln72_248_fu_4419">
<pin_list>
<pin id="4420" dir="0" index="0" bw="32" slack="0"/>
<pin id="4421" dir="0" index="1" bw="512" slack="0"/>
<pin id="4422" dir="0" index="2" bw="10" slack="0"/>
<pin id="4423" dir="0" index="3" bw="10" slack="0"/>
<pin id="4424" dir="1" index="4" bw="32" slack="0"/>
</pin_list>
<bind>
<opcode="partselect(1002) " fcode="partselect"/>
<opset="trunc_ln72_248/3 "/>
</bind>
</comp>

<comp id="4429" class="1004" name="trunc_ln72_249_fu_4429">
<pin_list>
<pin id="4430" dir="0" index="0" bw="32" slack="0"/>
<pin id="4431" dir="0" index="1" bw="512" slack="0"/>
<pin id="4432" dir="0" index="2" bw="10" slack="0"/>
<pin id="4433" dir="0" index="3" bw="10" slack="0"/>
<pin id="4434" dir="1" index="4" bw="32" slack="0"/>
</pin_list>
<bind>
<opcode="partselect(1002) " fcode="partselect"/>
<opset="trunc_ln72_249/3 "/>
</bind>
</comp>

<comp id="4439" class="1004" name="trunc_ln72_250_fu_4439">
<pin_list>
<pin id="4440" dir="0" index="0" bw="32" slack="0"/>
<pin id="4441" dir="0" index="1" bw="512" slack="0"/>
<pin id="4442" dir="0" index="2" bw="10" slack="0"/>
<pin id="4443" dir="0" index="3" bw="10" slack="0"/>
<pin id="4444" dir="1" index="4" bw="32" slack="0"/>
</pin_list>
<bind>
<opcode="partselect(1002) " fcode="partselect"/>
<opset="trunc_ln72_250/3 "/>
</bind>
</comp>

<comp id="4449" class="1004" name="trunc_ln72_251_fu_4449">
<pin_list>
<pin id="4450" dir="0" index="0" bw="32" slack="0"/>
<pin id="4451" dir="0" index="1" bw="512" slack="0"/>
<pin id="4452" dir="0" index="2" bw="10" slack="0"/>
<pin id="4453" dir="0" index="3" bw="10" slack="0"/>
<pin id="4454" dir="1" index="4" bw="32" slack="0"/>
</pin_list>
<bind>
<opcode="partselect(1002) " fcode="partselect"/>
<opset="trunc_ln72_251/3 "/>
</bind>
</comp>

<comp id="4459" class="1004" name="trunc_ln72_252_fu_4459">
<pin_list>
<pin id="4460" dir="0" index="0" bw="32" slack="0"/>
<pin id="4461" dir="0" index="1" bw="512" slack="0"/>
<pin id="4462" dir="0" index="2" bw="10" slack="0"/>
<pin id="4463" dir="0" index="3" bw="10" slack="0"/>
<pin id="4464" dir="1" index="4" bw="32" slack="0"/>
</pin_list>
<bind>
<opcode="partselect(1002) " fcode="partselect"/>
<opset="trunc_ln72_252/3 "/>
</bind>
</comp>

<comp id="4469" class="1004" name="trunc_ln72_253_fu_4469">
<pin_list>
<pin id="4470" dir="0" index="0" bw="32" slack="0"/>
<pin id="4471" dir="0" index="1" bw="512" slack="0"/>
<pin id="4472" dir="0" index="2" bw="10" slack="0"/>
<pin id="4473" dir="0" index="3" bw="10" slack="0"/>
<pin id="4474" dir="1" index="4" bw="32" slack="0"/>
</pin_list>
<bind>
<opcode="partselect(1002) " fcode="partselect"/>
<opset="trunc_ln72_253/3 "/>
</bind>
</comp>

<comp id="4479" class="1004" name="trunc_ln72_254_fu_4479">
<pin_list>
<pin id="4480" dir="0" index="0" bw="32" slack="0"/>
<pin id="4481" dir="0" index="1" bw="512" slack="0"/>
<pin id="4482" dir="0" index="2" bw="10" slack="0"/>
<pin id="4483" dir="0" index="3" bw="10" slack="0"/>
<pin id="4484" dir="1" index="4" bw="32" slack="0"/>
</pin_list>
<bind>
<opcode="partselect(1002) " fcode="partselect"/>
<opset="trunc_ln72_254/3 "/>
</bind>
</comp>

<comp id="4489" class="1004" name="tmp_15_fu_4489">
<pin_list>
<pin id="4490" dir="0" index="0" bw="32" slack="0"/>
<pin id="4491" dir="0" index="1" bw="4" slack="0"/>
<pin id="4492" dir="0" index="2" bw="32" slack="0"/>
<pin id="4493" dir="0" index="3" bw="4" slack="0"/>
<pin id="4494" dir="0" index="4" bw="32" slack="0"/>
<pin id="4495" dir="0" index="5" bw="4" slack="0"/>
<pin id="4496" dir="0" index="6" bw="32" slack="0"/>
<pin id="4497" dir="0" index="7" bw="4" slack="0"/>
<pin id="4498" dir="0" index="8" bw="32" slack="0"/>
<pin id="4499" dir="0" index="9" bw="4" slack="0"/>
<pin id="4500" dir="0" index="10" bw="32" slack="0"/>
<pin id="4501" dir="0" index="11" bw="4" slack="0"/>
<pin id="4502" dir="0" index="12" bw="32" slack="0"/>
<pin id="4503" dir="0" index="13" bw="4" slack="0"/>
<pin id="4504" dir="0" index="14" bw="32" slack="0"/>
<pin id="4505" dir="0" index="15" bw="4" slack="0"/>
<pin id="4506" dir="0" index="16" bw="32" slack="0"/>
<pin id="4507" dir="0" index="17" bw="4" slack="0"/>
<pin id="4508" dir="0" index="18" bw="32" slack="0"/>
<pin id="4509" dir="0" index="19" bw="4" slack="0"/>
<pin id="4510" dir="0" index="20" bw="32" slack="0"/>
<pin id="4511" dir="0" index="21" bw="4" slack="0"/>
<pin id="4512" dir="0" index="22" bw="32" slack="0"/>
<pin id="4513" dir="0" index="23" bw="4" slack="0"/>
<pin id="4514" dir="0" index="24" bw="32" slack="0"/>
<pin id="4515" dir="0" index="25" bw="4" slack="0"/>
<pin id="4516" dir="0" index="26" bw="32" slack="0"/>
<pin id="4517" dir="0" index="27" bw="4" slack="0"/>
<pin id="4518" dir="0" index="28" bw="32" slack="0"/>
<pin id="4519" dir="0" index="29" bw="4" slack="0"/>
<pin id="4520" dir="0" index="30" bw="32" slack="0"/>
<pin id="4521" dir="0" index="31" bw="4" slack="0"/>
<pin id="4522" dir="0" index="32" bw="32" slack="0"/>
<pin id="4523" dir="0" index="33" bw="32" slack="0"/>
<pin id="4524" dir="0" index="34" bw="4" slack="2"/>
<pin id="4525" dir="1" index="35" bw="32" slack="0"/>
</pin_list>
<bind>
<opcode="sparsemux(1197) " fcode="sparsemux"/>
<opset="tmp_15/3 "/>
</bind>
</comp>

<comp id="4560" class="1004" name="add_ln72_15_fu_4560">
<pin_list>
<pin id="4561" dir="0" index="0" bw="32" slack="0"/>
<pin id="4562" dir="0" index="1" bw="32" slack="1"/>
<pin id="4563" dir="1" index="2" bw="32" slack="0"/>
</pin_list>
<bind>
<opcode="add(8) " fcode="add"/>
<opset="add_ln72_15/3 "/>
</bind>
</comp>

<comp id="4565" class="1004" name="AB_block_16_fu_4565">
<pin_list>
<pin id="4566" dir="0" index="0" bw="512" slack="0"/>
<pin id="4567" dir="0" index="1" bw="32" slack="0"/>
<pin id="4568" dir="0" index="2" bw="32" slack="0"/>
<pin id="4569" dir="0" index="3" bw="32" slack="0"/>
<pin id="4570" dir="0" index="4" bw="32" slack="0"/>
<pin id="4571" dir="0" index="5" bw="32" slack="0"/>
<pin id="4572" dir="0" index="6" bw="32" slack="0"/>
<pin id="4573" dir="0" index="7" bw="32" slack="0"/>
<pin id="4574" dir="0" index="8" bw="32" slack="0"/>
<pin id="4575" dir="0" index="9" bw="32" slack="0"/>
<pin id="4576" dir="0" index="10" bw="32" slack="0"/>
<pin id="4577" dir="0" index="11" bw="32" slack="0"/>
<pin id="4578" dir="0" index="12" bw="32" slack="0"/>
<pin id="4579" dir="0" index="13" bw="32" slack="0"/>
<pin id="4580" dir="0" index="14" bw="32" slack="0"/>
<pin id="4581" dir="0" index="15" bw="32" slack="0"/>
<pin id="4582" dir="0" index="16" bw="32" slack="0"/>
<pin id="4583" dir="1" index="17" bw="512" slack="0"/>
</pin_list>
<bind>
<opcode="bitconcatenate(1004) " fcode="bitconcatenate"/>
<opset="AB_block_16/3 "/>
</bind>
</comp>

<comp id="4601" class="1004" name="store_ln39_store_fu_4601">
<pin_list>
<pin id="4602" dir="0" index="0" bw="512" slack="0"/>
<pin id="4603" dir="0" index="1" bw="512" slack="2"/>
<pin id="4604" dir="1" index="2" bw="0" slack="2147483647"/>
</pin_list>
<bind>
<opcode="store(28) " fcode="store"/>
<opset="store_ln39/3 "/>
</bind>
</comp>

<comp id="4606" class="1004" name="store_ln39_store_fu_4606">
<pin_list>
<pin id="4607" dir="0" index="0" bw="512" slack="0"/>
<pin id="4608" dir="0" index="1" bw="512" slack="2"/>
<pin id="4609" dir="1" index="2" bw="0" slack="2147483647"/>
</pin_list>
<bind>
<opcode="store(28) " fcode="store"/>
<opset="store_ln39/3 "/>
</bind>
</comp>

<comp id="4611" class="1004" name="store_ln39_store_fu_4611">
<pin_list>
<pin id="4612" dir="0" index="0" bw="512" slack="0"/>
<pin id="4613" dir="0" index="1" bw="512" slack="2"/>
<pin id="4614" dir="1" index="2" bw="0" slack="2147483647"/>
</pin_list>
<bind>
<opcode="store(28) " fcode="store"/>
<opset="store_ln39/3 "/>
</bind>
</comp>

<comp id="4616" class="1004" name="store_ln39_store_fu_4616">
<pin_list>
<pin id="4617" dir="0" index="0" bw="512" slack="0"/>
<pin id="4618" dir="0" index="1" bw="512" slack="2"/>
<pin id="4619" dir="1" index="2" bw="0" slack="2147483647"/>
</pin_list>
<bind>
<opcode="store(28) " fcode="store"/>
<opset="store_ln39/3 "/>
</bind>
</comp>

<comp id="4621" class="1004" name="store_ln39_store_fu_4621">
<pin_list>
<pin id="4622" dir="0" index="0" bw="512" slack="0"/>
<pin id="4623" dir="0" index="1" bw="512" slack="2"/>
<pin id="4624" dir="1" index="2" bw="0" slack="2147483647"/>
</pin_list>
<bind>
<opcode="store(28) " fcode="store"/>
<opset="store_ln39/3 "/>
</bind>
</comp>

<comp id="4626" class="1004" name="store_ln39_store_fu_4626">
<pin_list>
<pin id="4627" dir="0" index="0" bw="512" slack="0"/>
<pin id="4628" dir="0" index="1" bw="512" slack="2"/>
<pin id="4629" dir="1" index="2" bw="0" slack="2147483647"/>
</pin_list>
<bind>
<opcode="store(28) " fcode="store"/>
<opset="store_ln39/3 "/>
</bind>
</comp>

<comp id="4631" class="1004" name="store_ln39_store_fu_4631">
<pin_list>
<pin id="4632" dir="0" index="0" bw="512" slack="0"/>
<pin id="4633" dir="0" index="1" bw="512" slack="2"/>
<pin id="4634" dir="1" index="2" bw="0" slack="2147483647"/>
</pin_list>
<bind>
<opcode="store(28) " fcode="store"/>
<opset="store_ln39/3 "/>
</bind>
</comp>

<comp id="4636" class="1004" name="store_ln39_store_fu_4636">
<pin_list>
<pin id="4637" dir="0" index="0" bw="512" slack="0"/>
<pin id="4638" dir="0" index="1" bw="512" slack="2"/>
<pin id="4639" dir="1" index="2" bw="0" slack="2147483647"/>
</pin_list>
<bind>
<opcode="store(28) " fcode="store"/>
<opset="store_ln39/3 "/>
</bind>
</comp>

<comp id="4641" class="1004" name="store_ln39_store_fu_4641">
<pin_list>
<pin id="4642" dir="0" index="0" bw="512" slack="0"/>
<pin id="4643" dir="0" index="1" bw="512" slack="2"/>
<pin id="4644" dir="1" index="2" bw="0" slack="2147483647"/>
</pin_list>
<bind>
<opcode="store(28) " fcode="store"/>
<opset="store_ln39/3 "/>
</bind>
</comp>

<comp id="4646" class="1004" name="store_ln39_store_fu_4646">
<pin_list>
<pin id="4647" dir="0" index="0" bw="512" slack="0"/>
<pin id="4648" dir="0" index="1" bw="512" slack="2"/>
<pin id="4649" dir="1" index="2" bw="0" slack="2147483647"/>
</pin_list>
<bind>
<opcode="store(28) " fcode="store"/>
<opset="store_ln39/3 "/>
</bind>
</comp>

<comp id="4651" class="1004" name="store_ln39_store_fu_4651">
<pin_list>
<pin id="4652" dir="0" index="0" bw="512" slack="0"/>
<pin id="4653" dir="0" index="1" bw="512" slack="2"/>
<pin id="4654" dir="1" index="2" bw="0" slack="2147483647"/>
</pin_list>
<bind>
<opcode="store(28) " fcode="store"/>
<opset="store_ln39/3 "/>
</bind>
</comp>

<comp id="4656" class="1004" name="store_ln39_store_fu_4656">
<pin_list>
<pin id="4657" dir="0" index="0" bw="512" slack="0"/>
<pin id="4658" dir="0" index="1" bw="512" slack="2"/>
<pin id="4659" dir="1" index="2" bw="0" slack="2147483647"/>
</pin_list>
<bind>
<opcode="store(28) " fcode="store"/>
<opset="store_ln39/3 "/>
</bind>
</comp>

<comp id="4661" class="1004" name="store_ln39_store_fu_4661">
<pin_list>
<pin id="4662" dir="0" index="0" bw="512" slack="0"/>
<pin id="4663" dir="0" index="1" bw="512" slack="2"/>
<pin id="4664" dir="1" index="2" bw="0" slack="2147483647"/>
</pin_list>
<bind>
<opcode="store(28) " fcode="store"/>
<opset="store_ln39/3 "/>
</bind>
</comp>

<comp id="4666" class="1004" name="store_ln39_store_fu_4666">
<pin_list>
<pin id="4667" dir="0" index="0" bw="512" slack="0"/>
<pin id="4668" dir="0" index="1" bw="512" slack="2"/>
<pin id="4669" dir="1" index="2" bw="0" slack="2147483647"/>
</pin_list>
<bind>
<opcode="store(28) " fcode="store"/>
<opset="store_ln39/3 "/>
</bind>
</comp>

<comp id="4671" class="1004" name="store_ln39_store_fu_4671">
<pin_list>
<pin id="4672" dir="0" index="0" bw="512" slack="0"/>
<pin id="4673" dir="0" index="1" bw="512" slack="2"/>
<pin id="4674" dir="1" index="2" bw="0" slack="2147483647"/>
</pin_list>
<bind>
<opcode="store(28) " fcode="store"/>
<opset="store_ln39/3 "/>
</bind>
</comp>

<comp id="4676" class="1004" name="store_ln39_store_fu_4676">
<pin_list>
<pin id="4677" dir="0" index="0" bw="512" slack="0"/>
<pin id="4678" dir="0" index="1" bw="512" slack="2"/>
<pin id="4679" dir="1" index="2" bw="0" slack="2147483647"/>
</pin_list>
<bind>
<opcode="store(28) " fcode="store"/>
<opset="store_ln39/3 "/>
</bind>
</comp>

<comp id="4681" class="1004" name="AB_block_load_load_fu_4681">
<pin_list>
<pin id="4682" dir="0" index="0" bw="512" slack="1"/>
<pin id="4683" dir="1" index="1" bw="512" slack="0"/>
</pin_list>
<bind>
<opcode="load(27) " fcode="load"/>
<opset="AB_block_load/2 "/>
</bind>
</comp>

<comp id="4685" class="1004" name="AB_block_1_load_load_fu_4685">
<pin_list>
<pin id="4686" dir="0" index="0" bw="512" slack="1"/>
<pin id="4687" dir="1" index="1" bw="512" slack="0"/>
</pin_list>
<bind>
<opcode="load(27) " fcode="load"/>
<opset="AB_block_1_load/2 "/>
</bind>
</comp>

<comp id="4689" class="1004" name="AB_block_2_load_load_fu_4689">
<pin_list>
<pin id="4690" dir="0" index="0" bw="512" slack="1"/>
<pin id="4691" dir="1" index="1" bw="512" slack="0"/>
</pin_list>
<bind>
<opcode="load(27) " fcode="load"/>
<opset="AB_block_2_load/2 "/>
</bind>
</comp>

<comp id="4693" class="1004" name="AB_block_3_load_load_fu_4693">
<pin_list>
<pin id="4694" dir="0" index="0" bw="512" slack="1"/>
<pin id="4695" dir="1" index="1" bw="512" slack="0"/>
</pin_list>
<bind>
<opcode="load(27) " fcode="load"/>
<opset="AB_block_3_load/2 "/>
</bind>
</comp>

<comp id="4697" class="1004" name="AB_block_4_load_load_fu_4697">
<pin_list>
<pin id="4698" dir="0" index="0" bw="512" slack="1"/>
<pin id="4699" dir="1" index="1" bw="512" slack="0"/>
</pin_list>
<bind>
<opcode="load(27) " fcode="load"/>
<opset="AB_block_4_load/2 "/>
</bind>
</comp>

<comp id="4701" class="1004" name="AB_block_5_load_load_fu_4701">
<pin_list>
<pin id="4702" dir="0" index="0" bw="512" slack="1"/>
<pin id="4703" dir="1" index="1" bw="512" slack="0"/>
</pin_list>
<bind>
<opcode="load(27) " fcode="load"/>
<opset="AB_block_5_load/2 "/>
</bind>
</comp>

<comp id="4705" class="1004" name="AB_block_6_load_load_fu_4705">
<pin_list>
<pin id="4706" dir="0" index="0" bw="512" slack="1"/>
<pin id="4707" dir="1" index="1" bw="512" slack="0"/>
</pin_list>
<bind>
<opcode="load(27) " fcode="load"/>
<opset="AB_block_6_load/2 "/>
</bind>
</comp>

<comp id="4709" class="1004" name="AB_block_7_load_load_fu_4709">
<pin_list>
<pin id="4710" dir="0" index="0" bw="512" slack="1"/>
<pin id="4711" dir="1" index="1" bw="512" slack="0"/>
</pin_list>
<bind>
<opcode="load(27) " fcode="load"/>
<opset="AB_block_7_load/2 "/>
</bind>
</comp>

<comp id="4713" class="1004" name="AB_block_8_load_load_fu_4713">
<pin_list>
<pin id="4714" dir="0" index="0" bw="512" slack="1"/>
<pin id="4715" dir="1" index="1" bw="512" slack="0"/>
</pin_list>
<bind>
<opcode="load(27) " fcode="load"/>
<opset="AB_block_8_load/2 "/>
</bind>
</comp>

<comp id="4717" class="1004" name="AB_block_9_load_load_fu_4717">
<pin_list>
<pin id="4718" dir="0" index="0" bw="512" slack="1"/>
<pin id="4719" dir="1" index="1" bw="512" slack="0"/>
</pin_list>
<bind>
<opcode="load(27) " fcode="load"/>
<opset="AB_block_9_load/2 "/>
</bind>
</comp>

<comp id="4721" class="1004" name="AB_block_10_load_load_fu_4721">
<pin_list>
<pin id="4722" dir="0" index="0" bw="512" slack="1"/>
<pin id="4723" dir="1" index="1" bw="512" slack="0"/>
</pin_list>
<bind>
<opcode="load(27) " fcode="load"/>
<opset="AB_block_10_load/2 "/>
</bind>
</comp>

<comp id="4725" class="1004" name="AB_block_11_load_load_fu_4725">
<pin_list>
<pin id="4726" dir="0" index="0" bw="512" slack="1"/>
<pin id="4727" dir="1" index="1" bw="512" slack="0"/>
</pin_list>
<bind>
<opcode="load(27) " fcode="load"/>
<opset="AB_block_11_load/2 "/>
</bind>
</comp>

<comp id="4729" class="1004" name="AB_block_12_load_load_fu_4729">
<pin_list>
<pin id="4730" dir="0" index="0" bw="512" slack="1"/>
<pin id="4731" dir="1" index="1" bw="512" slack="0"/>
</pin_list>
<bind>
<opcode="load(27) " fcode="load"/>
<opset="AB_block_12_load/2 "/>
</bind>
</comp>

<comp id="4733" class="1004" name="AB_block_13_load_load_fu_4733">
<pin_list>
<pin id="4734" dir="0" index="0" bw="512" slack="1"/>
<pin id="4735" dir="1" index="1" bw="512" slack="0"/>
</pin_list>
<bind>
<opcode="load(27) " fcode="load"/>
<opset="AB_block_13_load/2 "/>
</bind>
</comp>

<comp id="4737" class="1004" name="AB_block_14_load_load_fu_4737">
<pin_list>
<pin id="4738" dir="0" index="0" bw="512" slack="1"/>
<pin id="4739" dir="1" index="1" bw="512" slack="0"/>
</pin_list>
<bind>
<opcode="load(27) " fcode="load"/>
<opset="AB_block_14_load/2 "/>
</bind>
</comp>

<comp id="4741" class="1004" name="AB_block_15_load_load_fu_4741">
<pin_list>
<pin id="4742" dir="0" index="0" bw="512" slack="1"/>
<pin id="4743" dir="1" index="1" bw="512" slack="0"/>
</pin_list>
<bind>
<opcode="load(27) " fcode="load"/>
<opset="AB_block_15_load/2 "/>
</bind>
</comp>

<comp id="4745" class="1005" name="i_reg_4745">
<pin_list>
<pin id="4746" dir="0" index="0" bw="5" slack="0"/>
<pin id="4747" dir="1" index="1" bw="5" slack="0"/>
</pin_list>
<bind>
<opset="i "/>
</bind>
</comp>

<comp id="4752" class="1005" name="AB_block_reg_4752">
<pin_list>
<pin id="4753" dir="0" index="0" bw="512" slack="0"/>
<pin id="4754" dir="1" index="1" bw="512" slack="0"/>
</pin_list>
<bind>
<opset="AB_block "/>
</bind>
</comp>

<comp id="4760" class="1005" name="AB_block_1_reg_4760">
<pin_list>
<pin id="4761" dir="0" index="0" bw="512" slack="0"/>
<pin id="4762" dir="1" index="1" bw="512" slack="0"/>
</pin_list>
<bind>
<opset="AB_block_1 "/>
</bind>
</comp>

<comp id="4768" class="1005" name="AB_block_2_reg_4768">
<pin_list>
<pin id="4769" dir="0" index="0" bw="512" slack="0"/>
<pin id="4770" dir="1" index="1" bw="512" slack="0"/>
</pin_list>
<bind>
<opset="AB_block_2 "/>
</bind>
</comp>

<comp id="4776" class="1005" name="AB_block_3_reg_4776">
<pin_list>
<pin id="4777" dir="0" index="0" bw="512" slack="0"/>
<pin id="4778" dir="1" index="1" bw="512" slack="0"/>
</pin_list>
<bind>
<opset="AB_block_3 "/>
</bind>
</comp>

<comp id="4784" class="1005" name="AB_block_4_reg_4784">
<pin_list>
<pin id="4785" dir="0" index="0" bw="512" slack="0"/>
<pin id="4786" dir="1" index="1" bw="512" slack="0"/>
</pin_list>
<bind>
<opset="AB_block_4 "/>
</bind>
</comp>

<comp id="4792" class="1005" name="AB_block_5_reg_4792">
<pin_list>
<pin id="4793" dir="0" index="0" bw="512" slack="0"/>
<pin id="4794" dir="1" index="1" bw="512" slack="0"/>
</pin_list>
<bind>
<opset="AB_block_5 "/>
</bind>
</comp>

<comp id="4800" class="1005" name="AB_block_6_reg_4800">
<pin_list>
<pin id="4801" dir="0" index="0" bw="512" slack="0"/>
<pin id="4802" dir="1" index="1" bw="512" slack="0"/>
</pin_list>
<bind>
<opset="AB_block_6 "/>
</bind>
</comp>

<comp id="4808" class="1005" name="AB_block_7_reg_4808">
<pin_list>
<pin id="4809" dir="0" index="0" bw="512" slack="0"/>
<pin id="4810" dir="1" index="1" bw="512" slack="0"/>
</pin_list>
<bind>
<opset="AB_block_7 "/>
</bind>
</comp>

<comp id="4816" class="1005" name="AB_block_8_reg_4816">
<pin_list>
<pin id="4817" dir="0" index="0" bw="512" slack="0"/>
<pin id="4818" dir="1" index="1" bw="512" slack="0"/>
</pin_list>
<bind>
<opset="AB_block_8 "/>
</bind>
</comp>

<comp id="4824" class="1005" name="AB_block_9_reg_4824">
<pin_list>
<pin id="4825" dir="0" index="0" bw="512" slack="0"/>
<pin id="4826" dir="1" index="1" bw="512" slack="0"/>
</pin_list>
<bind>
<opset="AB_block_9 "/>
</bind>
</comp>

<comp id="4832" class="1005" name="AB_block_10_reg_4832">
<pin_list>
<pin id="4833" dir="0" index="0" bw="512" slack="0"/>
<pin id="4834" dir="1" index="1" bw="512" slack="0"/>
</pin_list>
<bind>
<opset="AB_block_10 "/>
</bind>
</comp>

<comp id="4840" class="1005" name="AB_block_11_reg_4840">
<pin_list>
<pin id="4841" dir="0" index="0" bw="512" slack="0"/>
<pin id="4842" dir="1" index="1" bw="512" slack="0"/>
</pin_list>
<bind>
<opset="AB_block_11 "/>
</bind>
</comp>

<comp id="4848" class="1005" name="AB_block_12_reg_4848">
<pin_list>
<pin id="4849" dir="0" index="0" bw="512" slack="0"/>
<pin id="4850" dir="1" index="1" bw="512" slack="0"/>
</pin_list>
<bind>
<opset="AB_block_12 "/>
</bind>
</comp>

<comp id="4856" class="1005" name="AB_block_13_reg_4856">
<pin_list>
<pin id="4857" dir="0" index="0" bw="512" slack="0"/>
<pin id="4858" dir="1" index="1" bw="512" slack="0"/>
</pin_list>
<bind>
<opset="AB_block_13 "/>
</bind>
</comp>

<comp id="4864" class="1005" name="AB_block_14_reg_4864">
<pin_list>
<pin id="4865" dir="0" index="0" bw="512" slack="0"/>
<pin id="4866" dir="1" index="1" bw="512" slack="0"/>
</pin_list>
<bind>
<opset="AB_block_14 "/>
</bind>
</comp>

<comp id="4872" class="1005" name="AB_block_15_reg_4872">
<pin_list>
<pin id="4873" dir="0" index="0" bw="512" slack="0"/>
<pin id="4874" dir="1" index="1" bw="512" slack="0"/>
</pin_list>
<bind>
<opset="AB_block_15 "/>
</bind>
</comp>

<comp id="4880" class="1005" name="trunc_ln63_16_read_reg_4880">
<pin_list>
<pin id="4881" dir="0" index="0" bw="32" slack="1"/>
<pin id="4882" dir="1" index="1" bw="32" slack="1"/>
</pin_list>
<bind>
<opset="trunc_ln63_16_read "/>
</bind>
</comp>

<comp id="4885" class="1005" name="trunc_ln63_15_read_reg_4885">
<pin_list>
<pin id="4886" dir="0" index="0" bw="32" slack="1"/>
<pin id="4887" dir="1" index="1" bw="32" slack="1"/>
</pin_list>
<bind>
<opset="trunc_ln63_15_read "/>
</bind>
</comp>

<comp id="4890" class="1005" name="trunc_ln63_14_read_reg_4890">
<pin_list>
<pin id="4891" dir="0" index="0" bw="32" slack="1"/>
<pin id="4892" dir="1" index="1" bw="32" slack="1"/>
</pin_list>
<bind>
<opset="trunc_ln63_14_read "/>
</bind>
</comp>

<comp id="4895" class="1005" name="trunc_ln63_13_read_reg_4895">
<pin_list>
<pin id="4896" dir="0" index="0" bw="32" slack="1"/>
<pin id="4897" dir="1" index="1" bw="32" slack="1"/>
</pin_list>
<bind>
<opset="trunc_ln63_13_read "/>
</bind>
</comp>

<comp id="4900" class="1005" name="trunc_ln63_12_read_reg_4900">
<pin_list>
<pin id="4901" dir="0" index="0" bw="32" slack="1"/>
<pin id="4902" dir="1" index="1" bw="32" slack="1"/>
</pin_list>
<bind>
<opset="trunc_ln63_12_read "/>
</bind>
</comp>

<comp id="4905" class="1005" name="trunc_ln63_11_read_reg_4905">
<pin_list>
<pin id="4906" dir="0" index="0" bw="32" slack="1"/>
<pin id="4907" dir="1" index="1" bw="32" slack="1"/>
</pin_list>
<bind>
<opset="trunc_ln63_11_read "/>
</bind>
</comp>

<comp id="4910" class="1005" name="trunc_ln63_10_read_reg_4910">
<pin_list>
<pin id="4911" dir="0" index="0" bw="32" slack="1"/>
<pin id="4912" dir="1" index="1" bw="32" slack="1"/>
</pin_list>
<bind>
<opset="trunc_ln63_10_read "/>
</bind>
</comp>

<comp id="4915" class="1005" name="trunc_ln63_9_read_reg_4915">
<pin_list>
<pin id="4916" dir="0" index="0" bw="32" slack="1"/>
<pin id="4917" dir="1" index="1" bw="32" slack="1"/>
</pin_list>
<bind>
<opset="trunc_ln63_9_read "/>
</bind>
</comp>

<comp id="4920" class="1005" name="trunc_ln63_8_read_reg_4920">
<pin_list>
<pin id="4921" dir="0" index="0" bw="32" slack="1"/>
<pin id="4922" dir="1" index="1" bw="32" slack="1"/>
</pin_list>
<bind>
<opset="trunc_ln63_8_read "/>
</bind>
</comp>

<comp id="4925" class="1005" name="trunc_ln63_7_read_reg_4925">
<pin_list>
<pin id="4926" dir="0" index="0" bw="32" slack="1"/>
<pin id="4927" dir="1" index="1" bw="32" slack="1"/>
</pin_list>
<bind>
<opset="trunc_ln63_7_read "/>
</bind>
</comp>

<comp id="4930" class="1005" name="trunc_ln63_6_read_reg_4930">
<pin_list>
<pin id="4931" dir="0" index="0" bw="32" slack="1"/>
<pin id="4932" dir="1" index="1" bw="32" slack="1"/>
</pin_list>
<bind>
<opset="trunc_ln63_6_read "/>
</bind>
</comp>

<comp id="4935" class="1005" name="trunc_ln63_5_read_reg_4935">
<pin_list>
<pin id="4936" dir="0" index="0" bw="32" slack="1"/>
<pin id="4937" dir="1" index="1" bw="32" slack="1"/>
</pin_list>
<bind>
<opset="trunc_ln63_5_read "/>
</bind>
</comp>

<comp id="4940" class="1005" name="trunc_ln63_4_read_reg_4940">
<pin_list>
<pin id="4941" dir="0" index="0" bw="32" slack="1"/>
<pin id="4942" dir="1" index="1" bw="32" slack="1"/>
</pin_list>
<bind>
<opset="trunc_ln63_4_read "/>
</bind>
</comp>

<comp id="4945" class="1005" name="trunc_ln63_3_read_reg_4945">
<pin_list>
<pin id="4946" dir="0" index="0" bw="32" slack="1"/>
<pin id="4947" dir="1" index="1" bw="32" slack="1"/>
</pin_list>
<bind>
<opset="trunc_ln63_3_read "/>
</bind>
</comp>

<comp id="4950" class="1005" name="trunc_ln63_2_read_reg_4950">
<pin_list>
<pin id="4951" dir="0" index="0" bw="32" slack="1"/>
<pin id="4952" dir="1" index="1" bw="32" slack="1"/>
</pin_list>
<bind>
<opset="trunc_ln63_2_read "/>
</bind>
</comp>

<comp id="4955" class="1005" name="tmp_reg_4955">
<pin_list>
<pin id="4956" dir="0" index="0" bw="32" slack="1"/>
<pin id="4957" dir="1" index="1" bw="32" slack="1"/>
</pin_list>
<bind>
<opset="tmp "/>
</bind>
</comp>

<comp id="4960" class="1005" name="icmp_ln67_reg_4960">
<pin_list>
<pin id="4961" dir="0" index="0" bw="1" slack="1"/>
<pin id="4962" dir="1" index="1" bw="1" slack="2147483647"/>
</pin_list>
<bind>
<opset="icmp_ln67 "/>
</bind>
</comp>

<comp id="4964" class="1005" name="trunc_ln67_reg_4964">
<pin_list>
<pin id="4965" dir="0" index="0" bw="4" slack="2"/>
<pin id="4966" dir="1" index="1" bw="4" slack="2"/>
</pin_list>
<bind>
<opset="trunc_ln67 "/>
</bind>
</comp>

<comp id="4984" class="1005" name="trunc_ln72_reg_4984">
<pin_list>
<pin id="4985" dir="0" index="0" bw="32" slack="1"/>
<pin id="4986" dir="1" index="1" bw="32" slack="1"/>
</pin_list>
<bind>
<opset="trunc_ln72 "/>
</bind>
</comp>

<comp id="5004" class="1005" name="mul_ln72_reg_5004">
<pin_list>
<pin id="5005" dir="0" index="0" bw="32" slack="1"/>
<pin id="5006" dir="1" index="1" bw="32" slack="1"/>
</pin_list>
<bind>
<opset="mul_ln72 "/>
</bind>
</comp>

<comp id="5009" class="1005" name="mul_ln72_1_reg_5009">
<pin_list>
<pin id="5010" dir="0" index="0" bw="32" slack="1"/>
<pin id="5011" dir="1" index="1" bw="32" slack="1"/>
</pin_list>
<bind>
<opset="mul_ln72_1 "/>
</bind>
</comp>

<comp id="5014" class="1005" name="mul_ln72_2_reg_5014">
<pin_list>
<pin id="5015" dir="0" index="0" bw="32" slack="1"/>
<pin id="5016" dir="1" index="1" bw="32" slack="1"/>
</pin_list>
<bind>
<opset="mul_ln72_2 "/>
</bind>
</comp>

<comp id="5019" class="1005" name="mul_ln72_3_reg_5019">
<pin_list>
<pin id="5020" dir="0" index="0" bw="32" slack="1"/>
<pin id="5021" dir="1" index="1" bw="32" slack="1"/>
</pin_list>
<bind>
<opset="mul_ln72_3 "/>
</bind>
</comp>

<comp id="5024" class="1005" name="mul_ln72_4_reg_5024">
<pin_list>
<pin id="5025" dir="0" index="0" bw="32" slack="1"/>
<pin id="5026" dir="1" index="1" bw="32" slack="1"/>
</pin_list>
<bind>
<opset="mul_ln72_4 "/>
</bind>
</comp>

<comp id="5029" class="1005" name="mul_ln72_5_reg_5029">
<pin_list>
<pin id="5030" dir="0" index="0" bw="32" slack="1"/>
<pin id="5031" dir="1" index="1" bw="32" slack="1"/>
</pin_list>
<bind>
<opset="mul_ln72_5 "/>
</bind>
</comp>

<comp id="5034" class="1005" name="mul_ln72_6_reg_5034">
<pin_list>
<pin id="5035" dir="0" index="0" bw="32" slack="1"/>
<pin id="5036" dir="1" index="1" bw="32" slack="1"/>
</pin_list>
<bind>
<opset="mul_ln72_6 "/>
</bind>
</comp>

<comp id="5039" class="1005" name="mul_ln72_7_reg_5039">
<pin_list>
<pin id="5040" dir="0" index="0" bw="32" slack="1"/>
<pin id="5041" dir="1" index="1" bw="32" slack="1"/>
</pin_list>
<bind>
<opset="mul_ln72_7 "/>
</bind>
</comp>

<comp id="5044" class="1005" name="mul_ln72_8_reg_5044">
<pin_list>
<pin id="5045" dir="0" index="0" bw="32" slack="1"/>
<pin id="5046" dir="1" index="1" bw="32" slack="1"/>
</pin_list>
<bind>
<opset="mul_ln72_8 "/>
</bind>
</comp>

<comp id="5049" class="1005" name="mul_ln72_9_reg_5049">
<pin_list>
<pin id="5050" dir="0" index="0" bw="32" slack="1"/>
<pin id="5051" dir="1" index="1" bw="32" slack="1"/>
</pin_list>
<bind>
<opset="mul_ln72_9 "/>
</bind>
</comp>

<comp id="5054" class="1005" name="mul_ln72_10_reg_5054">
<pin_list>
<pin id="5055" dir="0" index="0" bw="32" slack="1"/>
<pin id="5056" dir="1" index="1" bw="32" slack="1"/>
</pin_list>
<bind>
<opset="mul_ln72_10 "/>
</bind>
</comp>

<comp id="5059" class="1005" name="mul_ln72_11_reg_5059">
<pin_list>
<pin id="5060" dir="0" index="0" bw="32" slack="1"/>
<pin id="5061" dir="1" index="1" bw="32" slack="1"/>
</pin_list>
<bind>
<opset="mul_ln72_11 "/>
</bind>
</comp>

<comp id="5064" class="1005" name="mul_ln72_12_reg_5064">
<pin_list>
<pin id="5065" dir="0" index="0" bw="32" slack="1"/>
<pin id="5066" dir="1" index="1" bw="32" slack="1"/>
</pin_list>
<bind>
<opset="mul_ln72_12 "/>
</bind>
</comp>

<comp id="5069" class="1005" name="mul_ln72_13_reg_5069">
<pin_list>
<pin id="5070" dir="0" index="0" bw="32" slack="1"/>
<pin id="5071" dir="1" index="1" bw="32" slack="1"/>
</pin_list>
<bind>
<opset="mul_ln72_13 "/>
</bind>
</comp>

<comp id="5074" class="1005" name="mul_ln72_14_reg_5074">
<pin_list>
<pin id="5075" dir="0" index="0" bw="32" slack="1"/>
<pin id="5076" dir="1" index="1" bw="32" slack="1"/>
</pin_list>
<bind>
<opset="mul_ln72_14 "/>
</bind>
</comp>

<comp id="5079" class="1005" name="mul_ln72_15_reg_5079">
<pin_list>
<pin id="5080" dir="0" index="0" bw="32" slack="1"/>
<pin id="5081" dir="1" index="1" bw="32" slack="1"/>
</pin_list>
<bind>
<opset="mul_ln72_15 "/>
</bind>
</comp>

</comp_list>

<net_list>
<net id="233"><net_src comp="98" pin="0"/><net_sink comp="230" pin=0"/></net>

<net id="237"><net_src comp="98" pin="0"/><net_sink comp="234" pin=0"/></net>

<net id="241"><net_src comp="98" pin="0"/><net_sink comp="238" pin=0"/></net>

<net id="245"><net_src comp="98" pin="0"/><net_sink comp="242" pin=0"/></net>

<net id="249"><net_src comp="98" pin="0"/><net_sink comp="246" pin=0"/></net>

<net id="253"><net_src comp="98" pin="0"/><net_sink comp="250" pin=0"/></net>

<net id="257"><net_src comp="98" pin="0"/><net_sink comp="254" pin=0"/></net>

<net id="261"><net_src comp="98" pin="0"/><net_sink comp="258" pin=0"/></net>

<net id="265"><net_src comp="98" pin="0"/><net_sink comp="262" pin=0"/></net>

<net id="269"><net_src comp="98" pin="0"/><net_sink comp="266" pin=0"/></net>

<net id="273"><net_src comp="98" pin="0"/><net_sink comp="270" pin=0"/></net>

<net id="277"><net_src comp="98" pin="0"/><net_sink comp="274" pin=0"/></net>

<net id="281"><net_src comp="98" pin="0"/><net_sink comp="278" pin=0"/></net>

<net id="285"><net_src comp="98" pin="0"/><net_sink comp="282" pin=0"/></net>

<net id="289"><net_src comp="98" pin="0"/><net_sink comp="286" pin=0"/></net>

<net id="293"><net_src comp="98" pin="0"/><net_sink comp="290" pin=0"/></net>

<net id="297"><net_src comp="98" pin="0"/><net_sink comp="294" pin=0"/></net>

<net id="302"><net_src comp="100" pin="0"/><net_sink comp="298" pin=0"/></net>

<net id="303"><net_src comp="64" pin="0"/><net_sink comp="298" pin=1"/></net>

<net id="308"><net_src comp="100" pin="0"/><net_sink comp="304" pin=0"/></net>

<net id="309"><net_src comp="62" pin="0"/><net_sink comp="304" pin=1"/></net>

<net id="314"><net_src comp="100" pin="0"/><net_sink comp="310" pin=0"/></net>

<net id="315"><net_src comp="60" pin="0"/><net_sink comp="310" pin=1"/></net>

<net id="320"><net_src comp="100" pin="0"/><net_sink comp="316" pin=0"/></net>

<net id="321"><net_src comp="58" pin="0"/><net_sink comp="316" pin=1"/></net>

<net id="326"><net_src comp="100" pin="0"/><net_sink comp="322" pin=0"/></net>

<net id="327"><net_src comp="56" pin="0"/><net_sink comp="322" pin=1"/></net>

<net id="332"><net_src comp="100" pin="0"/><net_sink comp="328" pin=0"/></net>

<net id="333"><net_src comp="54" pin="0"/><net_sink comp="328" pin=1"/></net>

<net id="338"><net_src comp="100" pin="0"/><net_sink comp="334" pin=0"/></net>

<net id="339"><net_src comp="52" pin="0"/><net_sink comp="334" pin=1"/></net>

<net id="344"><net_src comp="100" pin="0"/><net_sink comp="340" pin=0"/></net>

<net id="345"><net_src comp="50" pin="0"/><net_sink comp="340" pin=1"/></net>

<net id="350"><net_src comp="100" pin="0"/><net_sink comp="346" pin=0"/></net>

<net id="351"><net_src comp="48" pin="0"/><net_sink comp="346" pin=1"/></net>

<net id="356"><net_src comp="100" pin="0"/><net_sink comp="352" pin=0"/></net>

<net id="357"><net_src comp="46" pin="0"/><net_sink comp="352" pin=1"/></net>

<net id="362"><net_src comp="100" pin="0"/><net_sink comp="358" pin=0"/></net>

<net id="363"><net_src comp="44" pin="0"/><net_sink comp="358" pin=1"/></net>

<net id="368"><net_src comp="100" pin="0"/><net_sink comp="364" pin=0"/></net>

<net id="369"><net_src comp="42" pin="0"/><net_sink comp="364" pin=1"/></net>

<net id="374"><net_src comp="100" pin="0"/><net_sink comp="370" pin=0"/></net>

<net id="375"><net_src comp="40" pin="0"/><net_sink comp="370" pin=1"/></net>

<net id="380"><net_src comp="100" pin="0"/><net_sink comp="376" pin=0"/></net>

<net id="381"><net_src comp="38" pin="0"/><net_sink comp="376" pin=1"/></net>

<net id="386"><net_src comp="100" pin="0"/><net_sink comp="382" pin=0"/></net>

<net id="387"><net_src comp="36" pin="0"/><net_sink comp="382" pin=1"/></net>

<net id="392"><net_src comp="100" pin="0"/><net_sink comp="388" pin=0"/></net>

<net id="393"><net_src comp="34" pin="0"/><net_sink comp="388" pin=1"/></net>

<net id="398"><net_src comp="102" pin="0"/><net_sink comp="394" pin=0"/></net>

<net id="399"><net_src comp="32" pin="0"/><net_sink comp="394" pin=1"/></net>

<net id="404"><net_src comp="102" pin="0"/><net_sink comp="400" pin=0"/></net>

<net id="405"><net_src comp="30" pin="0"/><net_sink comp="400" pin=1"/></net>

<net id="410"><net_src comp="102" pin="0"/><net_sink comp="406" pin=0"/></net>

<net id="411"><net_src comp="28" pin="0"/><net_sink comp="406" pin=1"/></net>

<net id="416"><net_src comp="102" pin="0"/><net_sink comp="412" pin=0"/></net>

<net id="417"><net_src comp="26" pin="0"/><net_sink comp="412" pin=1"/></net>

<net id="422"><net_src comp="102" pin="0"/><net_sink comp="418" pin=0"/></net>

<net id="423"><net_src comp="24" pin="0"/><net_sink comp="418" pin=1"/></net>

<net id="428"><net_src comp="102" pin="0"/><net_sink comp="424" pin=0"/></net>

<net id="429"><net_src comp="22" pin="0"/><net_sink comp="424" pin=1"/></net>

<net id="434"><net_src comp="102" pin="0"/><net_sink comp="430" pin=0"/></net>

<net id="435"><net_src comp="20" pin="0"/><net_sink comp="430" pin=1"/></net>

<net id="440"><net_src comp="102" pin="0"/><net_sink comp="436" pin=0"/></net>

<net id="441"><net_src comp="18" pin="0"/><net_sink comp="436" pin=1"/></net>

<net id="446"><net_src comp="102" pin="0"/><net_sink comp="442" pin=0"/></net>

<net id="447"><net_src comp="16" pin="0"/><net_sink comp="442" pin=1"/></net>

<net id="452"><net_src comp="102" pin="0"/><net_sink comp="448" pin=0"/></net>

<net id="453"><net_src comp="14" pin="0"/><net_sink comp="448" pin=1"/></net>

<net id="458"><net_src comp="102" pin="0"/><net_sink comp="454" pin=0"/></net>

<net id="459"><net_src comp="12" pin="0"/><net_sink comp="454" pin=1"/></net>

<net id="464"><net_src comp="102" pin="0"/><net_sink comp="460" pin=0"/></net>

<net id="465"><net_src comp="10" pin="0"/><net_sink comp="460" pin=1"/></net>

<net id="470"><net_src comp="102" pin="0"/><net_sink comp="466" pin=0"/></net>

<net id="471"><net_src comp="8" pin="0"/><net_sink comp="466" pin=1"/></net>

<net id="476"><net_src comp="102" pin="0"/><net_sink comp="472" pin=0"/></net>

<net id="477"><net_src comp="6" pin="0"/><net_sink comp="472" pin=1"/></net>

<net id="482"><net_src comp="102" pin="0"/><net_sink comp="478" pin=0"/></net>

<net id="483"><net_src comp="4" pin="0"/><net_sink comp="478" pin=1"/></net>

<net id="488"><net_src comp="102" pin="0"/><net_sink comp="484" pin=0"/></net>

<net id="489"><net_src comp="2" pin="0"/><net_sink comp="484" pin=1"/></net>

<net id="494"><net_src comp="102" pin="0"/><net_sink comp="490" pin=0"/></net>

<net id="495"><net_src comp="0" pin="0"/><net_sink comp="490" pin=1"/></net>

<net id="501"><net_src comp="228" pin="0"/><net_sink comp="496" pin=0"/></net>

<net id="502"><net_src comp="66" pin="0"/><net_sink comp="496" pin=1"/></net>

<net id="508"><net_src comp="228" pin="0"/><net_sink comp="503" pin=0"/></net>

<net id="509"><net_src comp="68" pin="0"/><net_sink comp="503" pin=1"/></net>

<net id="515"><net_src comp="228" pin="0"/><net_sink comp="510" pin=0"/></net>

<net id="516"><net_src comp="70" pin="0"/><net_sink comp="510" pin=1"/></net>

<net id="522"><net_src comp="228" pin="0"/><net_sink comp="517" pin=0"/></net>

<net id="523"><net_src comp="72" pin="0"/><net_sink comp="517" pin=1"/></net>

<net id="529"><net_src comp="228" pin="0"/><net_sink comp="524" pin=0"/></net>

<net id="530"><net_src comp="74" pin="0"/><net_sink comp="524" pin=1"/></net>

<net id="536"><net_src comp="228" pin="0"/><net_sink comp="531" pin=0"/></net>

<net id="537"><net_src comp="76" pin="0"/><net_sink comp="531" pin=1"/></net>

<net id="543"><net_src comp="228" pin="0"/><net_sink comp="538" pin=0"/></net>

<net id="544"><net_src comp="78" pin="0"/><net_sink comp="538" pin=1"/></net>

<net id="550"><net_src comp="228" pin="0"/><net_sink comp="545" pin=0"/></net>

<net id="551"><net_src comp="80" pin="0"/><net_sink comp="545" pin=1"/></net>

<net id="557"><net_src comp="228" pin="0"/><net_sink comp="552" pin=0"/></net>

<net id="558"><net_src comp="82" pin="0"/><net_sink comp="552" pin=1"/></net>

<net id="564"><net_src comp="228" pin="0"/><net_sink comp="559" pin=0"/></net>

<net id="565"><net_src comp="84" pin="0"/><net_sink comp="559" pin=1"/></net>

<net id="571"><net_src comp="228" pin="0"/><net_sink comp="566" pin=0"/></net>

<net id="572"><net_src comp="86" pin="0"/><net_sink comp="566" pin=1"/></net>

<net id="578"><net_src comp="228" pin="0"/><net_sink comp="573" pin=0"/></net>

<net id="579"><net_src comp="88" pin="0"/><net_sink comp="573" pin=1"/></net>

<net id="585"><net_src comp="228" pin="0"/><net_sink comp="580" pin=0"/></net>

<net id="586"><net_src comp="90" pin="0"/><net_sink comp="580" pin=1"/></net>

<net id="592"><net_src comp="228" pin="0"/><net_sink comp="587" pin=0"/></net>

<net id="593"><net_src comp="92" pin="0"/><net_sink comp="587" pin=1"/></net>

<net id="599"><net_src comp="228" pin="0"/><net_sink comp="594" pin=0"/></net>

<net id="600"><net_src comp="94" pin="0"/><net_sink comp="594" pin=1"/></net>

<net id="606"><net_src comp="228" pin="0"/><net_sink comp="601" pin=0"/></net>

<net id="607"><net_src comp="96" pin="0"/><net_sink comp="601" pin=1"/></net>

<net id="676"><net_src comp="490" pin="2"/><net_sink comp="672" pin=0"/></net>

<net id="681"><net_src comp="484" pin="2"/><net_sink comp="677" pin=0"/></net>

<net id="686"><net_src comp="478" pin="2"/><net_sink comp="682" pin=0"/></net>

<net id="691"><net_src comp="472" pin="2"/><net_sink comp="687" pin=0"/></net>

<net id="696"><net_src comp="466" pin="2"/><net_sink comp="692" pin=0"/></net>

<net id="701"><net_src comp="460" pin="2"/><net_sink comp="697" pin=0"/></net>

<net id="706"><net_src comp="454" pin="2"/><net_sink comp="702" pin=0"/></net>

<net id="711"><net_src comp="448" pin="2"/><net_sink comp="707" pin=0"/></net>

<net id="716"><net_src comp="442" pin="2"/><net_sink comp="712" pin=0"/></net>

<net id="721"><net_src comp="436" pin="2"/><net_sink comp="717" pin=0"/></net>

<net id="726"><net_src comp="430" pin="2"/><net_sink comp="722" pin=0"/></net>

<net id="731"><net_src comp="424" pin="2"/><net_sink comp="727" pin=0"/></net>

<net id="736"><net_src comp="418" pin="2"/><net_sink comp="732" pin=0"/></net>

<net id="741"><net_src comp="412" pin="2"/><net_sink comp="737" pin=0"/></net>

<net id="746"><net_src comp="406" pin="2"/><net_sink comp="742" pin=0"/></net>

<net id="751"><net_src comp="400" pin="2"/><net_sink comp="747" pin=0"/></net>

<net id="756"><net_src comp="104" pin="0"/><net_sink comp="752" pin=0"/></net>

<net id="764"><net_src comp="757" pin="1"/><net_sink comp="760" pin=0"/></net>

<net id="765"><net_src comp="106" pin="0"/><net_sink comp="760" pin=1"/></net>

<net id="770"><net_src comp="757" pin="1"/><net_sink comp="766" pin=0"/></net>

<net id="771"><net_src comp="108" pin="0"/><net_sink comp="766" pin=1"/></net>

<net id="775"><net_src comp="757" pin="1"/><net_sink comp="772" pin=0"/></net>

<net id="781"><net_src comp="110" pin="0"/><net_sink comp="776" pin=0"/></net>

<net id="782"><net_src comp="772" pin="1"/><net_sink comp="776" pin=1"/></net>

<net id="783"><net_src comp="104" pin="0"/><net_sink comp="776" pin=2"/></net>

<net id="787"><net_src comp="776" pin="3"/><net_sink comp="784" pin=0"/></net>

<net id="792"><net_src comp="394" pin="2"/><net_sink comp="788" pin=0"/></net>

<net id="793"><net_src comp="784" pin="1"/><net_sink comp="788" pin=1"/></net>

<net id="797"><net_src comp="788" pin="2"/><net_sink comp="794" pin=0"/></net>

<net id="816"><net_src comp="772" pin="1"/><net_sink comp="798" pin=0"/></net>

<net id="817"><net_src comp="112" pin="0"/><net_sink comp="798" pin=1"/></net>

<net id="818"><net_src comp="114" pin="0"/><net_sink comp="798" pin=2"/></net>

<net id="819"><net_src comp="116" pin="0"/><net_sink comp="798" pin=3"/></net>

<net id="820"><net_src comp="118" pin="0"/><net_sink comp="798" pin=4"/></net>

<net id="821"><net_src comp="120" pin="0"/><net_sink comp="798" pin=5"/></net>

<net id="822"><net_src comp="122" pin="0"/><net_sink comp="798" pin=6"/></net>

<net id="823"><net_src comp="124" pin="0"/><net_sink comp="798" pin=7"/></net>

<net id="824"><net_src comp="126" pin="0"/><net_sink comp="798" pin=8"/></net>

<net id="825"><net_src comp="128" pin="0"/><net_sink comp="798" pin=9"/></net>

<net id="826"><net_src comp="130" pin="0"/><net_sink comp="798" pin=10"/></net>

<net id="827"><net_src comp="132" pin="0"/><net_sink comp="798" pin=11"/></net>

<net id="828"><net_src comp="134" pin="0"/><net_sink comp="798" pin=12"/></net>

<net id="829"><net_src comp="136" pin="0"/><net_sink comp="798" pin=13"/></net>

<net id="830"><net_src comp="138" pin="0"/><net_sink comp="798" pin=14"/></net>

<net id="831"><net_src comp="140" pin="0"/><net_sink comp="798" pin=15"/></net>

<net id="836"><net_src comp="766" pin="2"/><net_sink comp="832" pin=0"/></net>

<net id="888"><net_src comp="837" pin="1"/><net_sink comp="885" pin=0"/></net>

<net id="892"><net_src comp="840" pin="1"/><net_sink comp="889" pin=0"/></net>

<net id="896"><net_src comp="843" pin="1"/><net_sink comp="893" pin=0"/></net>

<net id="900"><net_src comp="846" pin="1"/><net_sink comp="897" pin=0"/></net>

<net id="904"><net_src comp="849" pin="1"/><net_sink comp="901" pin=0"/></net>

<net id="908"><net_src comp="852" pin="1"/><net_sink comp="905" pin=0"/></net>

<net id="912"><net_src comp="855" pin="1"/><net_sink comp="909" pin=0"/></net>

<net id="916"><net_src comp="858" pin="1"/><net_sink comp="913" pin=0"/></net>

<net id="920"><net_src comp="861" pin="1"/><net_sink comp="917" pin=0"/></net>

<net id="924"><net_src comp="864" pin="1"/><net_sink comp="921" pin=0"/></net>

<net id="928"><net_src comp="867" pin="1"/><net_sink comp="925" pin=0"/></net>

<net id="932"><net_src comp="870" pin="1"/><net_sink comp="929" pin=0"/></net>

<net id="936"><net_src comp="873" pin="1"/><net_sink comp="933" pin=0"/></net>

<net id="940"><net_src comp="876" pin="1"/><net_sink comp="937" pin=0"/></net>

<net id="944"><net_src comp="879" pin="1"/><net_sink comp="941" pin=0"/></net>

<net id="948"><net_src comp="882" pin="1"/><net_sink comp="945" pin=0"/></net>

<net id="986"><net_src comp="158" pin="0"/><net_sink comp="949" pin=0"/></net>

<net id="987"><net_src comp="112" pin="0"/><net_sink comp="949" pin=1"/></net>

<net id="988"><net_src comp="885" pin="1"/><net_sink comp="949" pin=2"/></net>

<net id="989"><net_src comp="114" pin="0"/><net_sink comp="949" pin=3"/></net>

<net id="990"><net_src comp="889" pin="1"/><net_sink comp="949" pin=4"/></net>

<net id="991"><net_src comp="116" pin="0"/><net_sink comp="949" pin=5"/></net>

<net id="992"><net_src comp="893" pin="1"/><net_sink comp="949" pin=6"/></net>

<net id="993"><net_src comp="118" pin="0"/><net_sink comp="949" pin=7"/></net>

<net id="994"><net_src comp="897" pin="1"/><net_sink comp="949" pin=8"/></net>

<net id="995"><net_src comp="120" pin="0"/><net_sink comp="949" pin=9"/></net>

<net id="996"><net_src comp="901" pin="1"/><net_sink comp="949" pin=10"/></net>

<net id="997"><net_src comp="122" pin="0"/><net_sink comp="949" pin=11"/></net>

<net id="998"><net_src comp="905" pin="1"/><net_sink comp="949" pin=12"/></net>

<net id="999"><net_src comp="124" pin="0"/><net_sink comp="949" pin=13"/></net>

<net id="1000"><net_src comp="909" pin="1"/><net_sink comp="949" pin=14"/></net>

<net id="1001"><net_src comp="126" pin="0"/><net_sink comp="949" pin=15"/></net>

<net id="1002"><net_src comp="913" pin="1"/><net_sink comp="949" pin=16"/></net>

<net id="1003"><net_src comp="128" pin="0"/><net_sink comp="949" pin=17"/></net>

<net id="1004"><net_src comp="917" pin="1"/><net_sink comp="949" pin=18"/></net>

<net id="1005"><net_src comp="130" pin="0"/><net_sink comp="949" pin=19"/></net>

<net id="1006"><net_src comp="921" pin="1"/><net_sink comp="949" pin=20"/></net>

<net id="1007"><net_src comp="132" pin="0"/><net_sink comp="949" pin=21"/></net>

<net id="1008"><net_src comp="925" pin="1"/><net_sink comp="949" pin=22"/></net>

<net id="1009"><net_src comp="134" pin="0"/><net_sink comp="949" pin=23"/></net>

<net id="1010"><net_src comp="929" pin="1"/><net_sink comp="949" pin=24"/></net>

<net id="1011"><net_src comp="136" pin="0"/><net_sink comp="949" pin=25"/></net>

<net id="1012"><net_src comp="933" pin="1"/><net_sink comp="949" pin=26"/></net>

<net id="1013"><net_src comp="138" pin="0"/><net_sink comp="949" pin=27"/></net>

<net id="1014"><net_src comp="937" pin="1"/><net_sink comp="949" pin=28"/></net>

<net id="1015"><net_src comp="140" pin="0"/><net_sink comp="949" pin=29"/></net>

<net id="1016"><net_src comp="941" pin="1"/><net_sink comp="949" pin=30"/></net>

<net id="1017"><net_src comp="160" pin="0"/><net_sink comp="949" pin=31"/></net>

<net id="1018"><net_src comp="945" pin="1"/><net_sink comp="949" pin=32"/></net>

<net id="1019"><net_src comp="162" pin="0"/><net_sink comp="949" pin=33"/></net>

<net id="1024"><net_src comp="949" pin="35"/><net_sink comp="1020" pin=0"/></net>

<net id="1031"><net_src comp="164" pin="0"/><net_sink comp="1025" pin=0"/></net>

<net id="1032"><net_src comp="837" pin="1"/><net_sink comp="1025" pin=1"/></net>

<net id="1033"><net_src comp="166" pin="0"/><net_sink comp="1025" pin=2"/></net>

<net id="1034"><net_src comp="168" pin="0"/><net_sink comp="1025" pin=3"/></net>

<net id="1041"><net_src comp="164" pin="0"/><net_sink comp="1035" pin=0"/></net>

<net id="1042"><net_src comp="840" pin="1"/><net_sink comp="1035" pin=1"/></net>

<net id="1043"><net_src comp="166" pin="0"/><net_sink comp="1035" pin=2"/></net>

<net id="1044"><net_src comp="168" pin="0"/><net_sink comp="1035" pin=3"/></net>

<net id="1051"><net_src comp="164" pin="0"/><net_sink comp="1045" pin=0"/></net>

<net id="1052"><net_src comp="843" pin="1"/><net_sink comp="1045" pin=1"/></net>

<net id="1053"><net_src comp="166" pin="0"/><net_sink comp="1045" pin=2"/></net>

<net id="1054"><net_src comp="168" pin="0"/><net_sink comp="1045" pin=3"/></net>

<net id="1061"><net_src comp="164" pin="0"/><net_sink comp="1055" pin=0"/></net>

<net id="1062"><net_src comp="846" pin="1"/><net_sink comp="1055" pin=1"/></net>

<net id="1063"><net_src comp="166" pin="0"/><net_sink comp="1055" pin=2"/></net>

<net id="1064"><net_src comp="168" pin="0"/><net_sink comp="1055" pin=3"/></net>

<net id="1071"><net_src comp="164" pin="0"/><net_sink comp="1065" pin=0"/></net>

<net id="1072"><net_src comp="849" pin="1"/><net_sink comp="1065" pin=1"/></net>

<net id="1073"><net_src comp="166" pin="0"/><net_sink comp="1065" pin=2"/></net>

<net id="1074"><net_src comp="168" pin="0"/><net_sink comp="1065" pin=3"/></net>

<net id="1081"><net_src comp="164" pin="0"/><net_sink comp="1075" pin=0"/></net>

<net id="1082"><net_src comp="852" pin="1"/><net_sink comp="1075" pin=1"/></net>

<net id="1083"><net_src comp="166" pin="0"/><net_sink comp="1075" pin=2"/></net>

<net id="1084"><net_src comp="168" pin="0"/><net_sink comp="1075" pin=3"/></net>

<net id="1091"><net_src comp="164" pin="0"/><net_sink comp="1085" pin=0"/></net>

<net id="1092"><net_src comp="855" pin="1"/><net_sink comp="1085" pin=1"/></net>

<net id="1093"><net_src comp="166" pin="0"/><net_sink comp="1085" pin=2"/></net>

<net id="1094"><net_src comp="168" pin="0"/><net_sink comp="1085" pin=3"/></net>

<net id="1101"><net_src comp="164" pin="0"/><net_sink comp="1095" pin=0"/></net>

<net id="1102"><net_src comp="858" pin="1"/><net_sink comp="1095" pin=1"/></net>

<net id="1103"><net_src comp="166" pin="0"/><net_sink comp="1095" pin=2"/></net>

<net id="1104"><net_src comp="168" pin="0"/><net_sink comp="1095" pin=3"/></net>

<net id="1111"><net_src comp="164" pin="0"/><net_sink comp="1105" pin=0"/></net>

<net id="1112"><net_src comp="861" pin="1"/><net_sink comp="1105" pin=1"/></net>

<net id="1113"><net_src comp="166" pin="0"/><net_sink comp="1105" pin=2"/></net>

<net id="1114"><net_src comp="168" pin="0"/><net_sink comp="1105" pin=3"/></net>

<net id="1121"><net_src comp="164" pin="0"/><net_sink comp="1115" pin=0"/></net>

<net id="1122"><net_src comp="864" pin="1"/><net_sink comp="1115" pin=1"/></net>

<net id="1123"><net_src comp="166" pin="0"/><net_sink comp="1115" pin=2"/></net>

<net id="1124"><net_src comp="168" pin="0"/><net_sink comp="1115" pin=3"/></net>

<net id="1131"><net_src comp="164" pin="0"/><net_sink comp="1125" pin=0"/></net>

<net id="1132"><net_src comp="867" pin="1"/><net_sink comp="1125" pin=1"/></net>

<net id="1133"><net_src comp="166" pin="0"/><net_sink comp="1125" pin=2"/></net>

<net id="1134"><net_src comp="168" pin="0"/><net_sink comp="1125" pin=3"/></net>

<net id="1141"><net_src comp="164" pin="0"/><net_sink comp="1135" pin=0"/></net>

<net id="1142"><net_src comp="870" pin="1"/><net_sink comp="1135" pin=1"/></net>

<net id="1143"><net_src comp="166" pin="0"/><net_sink comp="1135" pin=2"/></net>

<net id="1144"><net_src comp="168" pin="0"/><net_sink comp="1135" pin=3"/></net>

<net id="1151"><net_src comp="164" pin="0"/><net_sink comp="1145" pin=0"/></net>

<net id="1152"><net_src comp="873" pin="1"/><net_sink comp="1145" pin=1"/></net>

<net id="1153"><net_src comp="166" pin="0"/><net_sink comp="1145" pin=2"/></net>

<net id="1154"><net_src comp="168" pin="0"/><net_sink comp="1145" pin=3"/></net>

<net id="1161"><net_src comp="164" pin="0"/><net_sink comp="1155" pin=0"/></net>

<net id="1162"><net_src comp="876" pin="1"/><net_sink comp="1155" pin=1"/></net>

<net id="1163"><net_src comp="166" pin="0"/><net_sink comp="1155" pin=2"/></net>

<net id="1164"><net_src comp="168" pin="0"/><net_sink comp="1155" pin=3"/></net>

<net id="1171"><net_src comp="164" pin="0"/><net_sink comp="1165" pin=0"/></net>

<net id="1172"><net_src comp="879" pin="1"/><net_sink comp="1165" pin=1"/></net>

<net id="1173"><net_src comp="166" pin="0"/><net_sink comp="1165" pin=2"/></net>

<net id="1174"><net_src comp="168" pin="0"/><net_sink comp="1165" pin=3"/></net>

<net id="1181"><net_src comp="164" pin="0"/><net_sink comp="1175" pin=0"/></net>

<net id="1182"><net_src comp="882" pin="1"/><net_sink comp="1175" pin=1"/></net>

<net id="1183"><net_src comp="166" pin="0"/><net_sink comp="1175" pin=2"/></net>

<net id="1184"><net_src comp="168" pin="0"/><net_sink comp="1175" pin=3"/></net>

<net id="1222"><net_src comp="158" pin="0"/><net_sink comp="1185" pin=0"/></net>

<net id="1223"><net_src comp="112" pin="0"/><net_sink comp="1185" pin=1"/></net>

<net id="1224"><net_src comp="1025" pin="4"/><net_sink comp="1185" pin=2"/></net>

<net id="1225"><net_src comp="114" pin="0"/><net_sink comp="1185" pin=3"/></net>

<net id="1226"><net_src comp="1035" pin="4"/><net_sink comp="1185" pin=4"/></net>

<net id="1227"><net_src comp="116" pin="0"/><net_sink comp="1185" pin=5"/></net>

<net id="1228"><net_src comp="1045" pin="4"/><net_sink comp="1185" pin=6"/></net>

<net id="1229"><net_src comp="118" pin="0"/><net_sink comp="1185" pin=7"/></net>

<net id="1230"><net_src comp="1055" pin="4"/><net_sink comp="1185" pin=8"/></net>

<net id="1231"><net_src comp="120" pin="0"/><net_sink comp="1185" pin=9"/></net>

<net id="1232"><net_src comp="1065" pin="4"/><net_sink comp="1185" pin=10"/></net>

<net id="1233"><net_src comp="122" pin="0"/><net_sink comp="1185" pin=11"/></net>

<net id="1234"><net_src comp="1075" pin="4"/><net_sink comp="1185" pin=12"/></net>

<net id="1235"><net_src comp="124" pin="0"/><net_sink comp="1185" pin=13"/></net>

<net id="1236"><net_src comp="1085" pin="4"/><net_sink comp="1185" pin=14"/></net>

<net id="1237"><net_src comp="126" pin="0"/><net_sink comp="1185" pin=15"/></net>

<net id="1238"><net_src comp="1095" pin="4"/><net_sink comp="1185" pin=16"/></net>

<net id="1239"><net_src comp="128" pin="0"/><net_sink comp="1185" pin=17"/></net>

<net id="1240"><net_src comp="1105" pin="4"/><net_sink comp="1185" pin=18"/></net>

<net id="1241"><net_src comp="130" pin="0"/><net_sink comp="1185" pin=19"/></net>

<net id="1242"><net_src comp="1115" pin="4"/><net_sink comp="1185" pin=20"/></net>

<net id="1243"><net_src comp="132" pin="0"/><net_sink comp="1185" pin=21"/></net>

<net id="1244"><net_src comp="1125" pin="4"/><net_sink comp="1185" pin=22"/></net>

<net id="1245"><net_src comp="134" pin="0"/><net_sink comp="1185" pin=23"/></net>

<net id="1246"><net_src comp="1135" pin="4"/><net_sink comp="1185" pin=24"/></net>

<net id="1247"><net_src comp="136" pin="0"/><net_sink comp="1185" pin=25"/></net>

<net id="1248"><net_src comp="1145" pin="4"/><net_sink comp="1185" pin=26"/></net>

<net id="1249"><net_src comp="138" pin="0"/><net_sink comp="1185" pin=27"/></net>

<net id="1250"><net_src comp="1155" pin="4"/><net_sink comp="1185" pin=28"/></net>

<net id="1251"><net_src comp="140" pin="0"/><net_sink comp="1185" pin=29"/></net>

<net id="1252"><net_src comp="1165" pin="4"/><net_sink comp="1185" pin=30"/></net>

<net id="1253"><net_src comp="160" pin="0"/><net_sink comp="1185" pin=31"/></net>

<net id="1254"><net_src comp="1175" pin="4"/><net_sink comp="1185" pin=32"/></net>

<net id="1255"><net_src comp="162" pin="0"/><net_sink comp="1185" pin=33"/></net>

<net id="1260"><net_src comp="1185" pin="35"/><net_sink comp="1256" pin=0"/></net>

<net id="1267"><net_src comp="164" pin="0"/><net_sink comp="1261" pin=0"/></net>

<net id="1268"><net_src comp="837" pin="1"/><net_sink comp="1261" pin=1"/></net>

<net id="1269"><net_src comp="170" pin="0"/><net_sink comp="1261" pin=2"/></net>

<net id="1270"><net_src comp="172" pin="0"/><net_sink comp="1261" pin=3"/></net>

<net id="1277"><net_src comp="164" pin="0"/><net_sink comp="1271" pin=0"/></net>

<net id="1278"><net_src comp="840" pin="1"/><net_sink comp="1271" pin=1"/></net>

<net id="1279"><net_src comp="170" pin="0"/><net_sink comp="1271" pin=2"/></net>

<net id="1280"><net_src comp="172" pin="0"/><net_sink comp="1271" pin=3"/></net>

<net id="1287"><net_src comp="164" pin="0"/><net_sink comp="1281" pin=0"/></net>

<net id="1288"><net_src comp="843" pin="1"/><net_sink comp="1281" pin=1"/></net>

<net id="1289"><net_src comp="170" pin="0"/><net_sink comp="1281" pin=2"/></net>

<net id="1290"><net_src comp="172" pin="0"/><net_sink comp="1281" pin=3"/></net>

<net id="1297"><net_src comp="164" pin="0"/><net_sink comp="1291" pin=0"/></net>

<net id="1298"><net_src comp="846" pin="1"/><net_sink comp="1291" pin=1"/></net>

<net id="1299"><net_src comp="170" pin="0"/><net_sink comp="1291" pin=2"/></net>

<net id="1300"><net_src comp="172" pin="0"/><net_sink comp="1291" pin=3"/></net>

<net id="1307"><net_src comp="164" pin="0"/><net_sink comp="1301" pin=0"/></net>

<net id="1308"><net_src comp="849" pin="1"/><net_sink comp="1301" pin=1"/></net>

<net id="1309"><net_src comp="170" pin="0"/><net_sink comp="1301" pin=2"/></net>

<net id="1310"><net_src comp="172" pin="0"/><net_sink comp="1301" pin=3"/></net>

<net id="1317"><net_src comp="164" pin="0"/><net_sink comp="1311" pin=0"/></net>

<net id="1318"><net_src comp="852" pin="1"/><net_sink comp="1311" pin=1"/></net>

<net id="1319"><net_src comp="170" pin="0"/><net_sink comp="1311" pin=2"/></net>

<net id="1320"><net_src comp="172" pin="0"/><net_sink comp="1311" pin=3"/></net>

<net id="1327"><net_src comp="164" pin="0"/><net_sink comp="1321" pin=0"/></net>

<net id="1328"><net_src comp="855" pin="1"/><net_sink comp="1321" pin=1"/></net>

<net id="1329"><net_src comp="170" pin="0"/><net_sink comp="1321" pin=2"/></net>

<net id="1330"><net_src comp="172" pin="0"/><net_sink comp="1321" pin=3"/></net>

<net id="1337"><net_src comp="164" pin="0"/><net_sink comp="1331" pin=0"/></net>

<net id="1338"><net_src comp="858" pin="1"/><net_sink comp="1331" pin=1"/></net>

<net id="1339"><net_src comp="170" pin="0"/><net_sink comp="1331" pin=2"/></net>

<net id="1340"><net_src comp="172" pin="0"/><net_sink comp="1331" pin=3"/></net>

<net id="1347"><net_src comp="164" pin="0"/><net_sink comp="1341" pin=0"/></net>

<net id="1348"><net_src comp="861" pin="1"/><net_sink comp="1341" pin=1"/></net>

<net id="1349"><net_src comp="170" pin="0"/><net_sink comp="1341" pin=2"/></net>

<net id="1350"><net_src comp="172" pin="0"/><net_sink comp="1341" pin=3"/></net>

<net id="1357"><net_src comp="164" pin="0"/><net_sink comp="1351" pin=0"/></net>

<net id="1358"><net_src comp="864" pin="1"/><net_sink comp="1351" pin=1"/></net>

<net id="1359"><net_src comp="170" pin="0"/><net_sink comp="1351" pin=2"/></net>

<net id="1360"><net_src comp="172" pin="0"/><net_sink comp="1351" pin=3"/></net>

<net id="1367"><net_src comp="164" pin="0"/><net_sink comp="1361" pin=0"/></net>

<net id="1368"><net_src comp="867" pin="1"/><net_sink comp="1361" pin=1"/></net>

<net id="1369"><net_src comp="170" pin="0"/><net_sink comp="1361" pin=2"/></net>

<net id="1370"><net_src comp="172" pin="0"/><net_sink comp="1361" pin=3"/></net>

<net id="1377"><net_src comp="164" pin="0"/><net_sink comp="1371" pin=0"/></net>

<net id="1378"><net_src comp="870" pin="1"/><net_sink comp="1371" pin=1"/></net>

<net id="1379"><net_src comp="170" pin="0"/><net_sink comp="1371" pin=2"/></net>

<net id="1380"><net_src comp="172" pin="0"/><net_sink comp="1371" pin=3"/></net>

<net id="1387"><net_src comp="164" pin="0"/><net_sink comp="1381" pin=0"/></net>

<net id="1388"><net_src comp="873" pin="1"/><net_sink comp="1381" pin=1"/></net>

<net id="1389"><net_src comp="170" pin="0"/><net_sink comp="1381" pin=2"/></net>

<net id="1390"><net_src comp="172" pin="0"/><net_sink comp="1381" pin=3"/></net>

<net id="1397"><net_src comp="164" pin="0"/><net_sink comp="1391" pin=0"/></net>

<net id="1398"><net_src comp="876" pin="1"/><net_sink comp="1391" pin=1"/></net>

<net id="1399"><net_src comp="170" pin="0"/><net_sink comp="1391" pin=2"/></net>

<net id="1400"><net_src comp="172" pin="0"/><net_sink comp="1391" pin=3"/></net>

<net id="1407"><net_src comp="164" pin="0"/><net_sink comp="1401" pin=0"/></net>

<net id="1408"><net_src comp="879" pin="1"/><net_sink comp="1401" pin=1"/></net>

<net id="1409"><net_src comp="170" pin="0"/><net_sink comp="1401" pin=2"/></net>

<net id="1410"><net_src comp="172" pin="0"/><net_sink comp="1401" pin=3"/></net>

<net id="1417"><net_src comp="164" pin="0"/><net_sink comp="1411" pin=0"/></net>

<net id="1418"><net_src comp="882" pin="1"/><net_sink comp="1411" pin=1"/></net>

<net id="1419"><net_src comp="170" pin="0"/><net_sink comp="1411" pin=2"/></net>

<net id="1420"><net_src comp="172" pin="0"/><net_sink comp="1411" pin=3"/></net>

<net id="1458"><net_src comp="158" pin="0"/><net_sink comp="1421" pin=0"/></net>

<net id="1459"><net_src comp="112" pin="0"/><net_sink comp="1421" pin=1"/></net>

<net id="1460"><net_src comp="1261" pin="4"/><net_sink comp="1421" pin=2"/></net>

<net id="1461"><net_src comp="114" pin="0"/><net_sink comp="1421" pin=3"/></net>

<net id="1462"><net_src comp="1271" pin="4"/><net_sink comp="1421" pin=4"/></net>

<net id="1463"><net_src comp="116" pin="0"/><net_sink comp="1421" pin=5"/></net>

<net id="1464"><net_src comp="1281" pin="4"/><net_sink comp="1421" pin=6"/></net>

<net id="1465"><net_src comp="118" pin="0"/><net_sink comp="1421" pin=7"/></net>

<net id="1466"><net_src comp="1291" pin="4"/><net_sink comp="1421" pin=8"/></net>

<net id="1467"><net_src comp="120" pin="0"/><net_sink comp="1421" pin=9"/></net>

<net id="1468"><net_src comp="1301" pin="4"/><net_sink comp="1421" pin=10"/></net>

<net id="1469"><net_src comp="122" pin="0"/><net_sink comp="1421" pin=11"/></net>

<net id="1470"><net_src comp="1311" pin="4"/><net_sink comp="1421" pin=12"/></net>

<net id="1471"><net_src comp="124" pin="0"/><net_sink comp="1421" pin=13"/></net>

<net id="1472"><net_src comp="1321" pin="4"/><net_sink comp="1421" pin=14"/></net>

<net id="1473"><net_src comp="126" pin="0"/><net_sink comp="1421" pin=15"/></net>

<net id="1474"><net_src comp="1331" pin="4"/><net_sink comp="1421" pin=16"/></net>

<net id="1475"><net_src comp="128" pin="0"/><net_sink comp="1421" pin=17"/></net>

<net id="1476"><net_src comp="1341" pin="4"/><net_sink comp="1421" pin=18"/></net>

<net id="1477"><net_src comp="130" pin="0"/><net_sink comp="1421" pin=19"/></net>

<net id="1478"><net_src comp="1351" pin="4"/><net_sink comp="1421" pin=20"/></net>

<net id="1479"><net_src comp="132" pin="0"/><net_sink comp="1421" pin=21"/></net>

<net id="1480"><net_src comp="1361" pin="4"/><net_sink comp="1421" pin=22"/></net>

<net id="1481"><net_src comp="134" pin="0"/><net_sink comp="1421" pin=23"/></net>

<net id="1482"><net_src comp="1371" pin="4"/><net_sink comp="1421" pin=24"/></net>

<net id="1483"><net_src comp="136" pin="0"/><net_sink comp="1421" pin=25"/></net>

<net id="1484"><net_src comp="1381" pin="4"/><net_sink comp="1421" pin=26"/></net>

<net id="1485"><net_src comp="138" pin="0"/><net_sink comp="1421" pin=27"/></net>

<net id="1486"><net_src comp="1391" pin="4"/><net_sink comp="1421" pin=28"/></net>

<net id="1487"><net_src comp="140" pin="0"/><net_sink comp="1421" pin=29"/></net>

<net id="1488"><net_src comp="1401" pin="4"/><net_sink comp="1421" pin=30"/></net>

<net id="1489"><net_src comp="160" pin="0"/><net_sink comp="1421" pin=31"/></net>

<net id="1490"><net_src comp="1411" pin="4"/><net_sink comp="1421" pin=32"/></net>

<net id="1491"><net_src comp="162" pin="0"/><net_sink comp="1421" pin=33"/></net>

<net id="1496"><net_src comp="1421" pin="35"/><net_sink comp="1492" pin=0"/></net>

<net id="1503"><net_src comp="164" pin="0"/><net_sink comp="1497" pin=0"/></net>

<net id="1504"><net_src comp="837" pin="1"/><net_sink comp="1497" pin=1"/></net>

<net id="1505"><net_src comp="174" pin="0"/><net_sink comp="1497" pin=2"/></net>

<net id="1506"><net_src comp="176" pin="0"/><net_sink comp="1497" pin=3"/></net>

<net id="1513"><net_src comp="164" pin="0"/><net_sink comp="1507" pin=0"/></net>

<net id="1514"><net_src comp="840" pin="1"/><net_sink comp="1507" pin=1"/></net>

<net id="1515"><net_src comp="174" pin="0"/><net_sink comp="1507" pin=2"/></net>

<net id="1516"><net_src comp="176" pin="0"/><net_sink comp="1507" pin=3"/></net>

<net id="1523"><net_src comp="164" pin="0"/><net_sink comp="1517" pin=0"/></net>

<net id="1524"><net_src comp="843" pin="1"/><net_sink comp="1517" pin=1"/></net>

<net id="1525"><net_src comp="174" pin="0"/><net_sink comp="1517" pin=2"/></net>

<net id="1526"><net_src comp="176" pin="0"/><net_sink comp="1517" pin=3"/></net>

<net id="1533"><net_src comp="164" pin="0"/><net_sink comp="1527" pin=0"/></net>

<net id="1534"><net_src comp="846" pin="1"/><net_sink comp="1527" pin=1"/></net>

<net id="1535"><net_src comp="174" pin="0"/><net_sink comp="1527" pin=2"/></net>

<net id="1536"><net_src comp="176" pin="0"/><net_sink comp="1527" pin=3"/></net>

<net id="1543"><net_src comp="164" pin="0"/><net_sink comp="1537" pin=0"/></net>

<net id="1544"><net_src comp="849" pin="1"/><net_sink comp="1537" pin=1"/></net>

<net id="1545"><net_src comp="174" pin="0"/><net_sink comp="1537" pin=2"/></net>

<net id="1546"><net_src comp="176" pin="0"/><net_sink comp="1537" pin=3"/></net>

<net id="1553"><net_src comp="164" pin="0"/><net_sink comp="1547" pin=0"/></net>

<net id="1554"><net_src comp="852" pin="1"/><net_sink comp="1547" pin=1"/></net>

<net id="1555"><net_src comp="174" pin="0"/><net_sink comp="1547" pin=2"/></net>

<net id="1556"><net_src comp="176" pin="0"/><net_sink comp="1547" pin=3"/></net>

<net id="1563"><net_src comp="164" pin="0"/><net_sink comp="1557" pin=0"/></net>

<net id="1564"><net_src comp="855" pin="1"/><net_sink comp="1557" pin=1"/></net>

<net id="1565"><net_src comp="174" pin="0"/><net_sink comp="1557" pin=2"/></net>

<net id="1566"><net_src comp="176" pin="0"/><net_sink comp="1557" pin=3"/></net>

<net id="1573"><net_src comp="164" pin="0"/><net_sink comp="1567" pin=0"/></net>

<net id="1574"><net_src comp="858" pin="1"/><net_sink comp="1567" pin=1"/></net>

<net id="1575"><net_src comp="174" pin="0"/><net_sink comp="1567" pin=2"/></net>

<net id="1576"><net_src comp="176" pin="0"/><net_sink comp="1567" pin=3"/></net>

<net id="1583"><net_src comp="164" pin="0"/><net_sink comp="1577" pin=0"/></net>

<net id="1584"><net_src comp="861" pin="1"/><net_sink comp="1577" pin=1"/></net>

<net id="1585"><net_src comp="174" pin="0"/><net_sink comp="1577" pin=2"/></net>

<net id="1586"><net_src comp="176" pin="0"/><net_sink comp="1577" pin=3"/></net>

<net id="1593"><net_src comp="164" pin="0"/><net_sink comp="1587" pin=0"/></net>

<net id="1594"><net_src comp="864" pin="1"/><net_sink comp="1587" pin=1"/></net>

<net id="1595"><net_src comp="174" pin="0"/><net_sink comp="1587" pin=2"/></net>

<net id="1596"><net_src comp="176" pin="0"/><net_sink comp="1587" pin=3"/></net>

<net id="1603"><net_src comp="164" pin="0"/><net_sink comp="1597" pin=0"/></net>

<net id="1604"><net_src comp="867" pin="1"/><net_sink comp="1597" pin=1"/></net>

<net id="1605"><net_src comp="174" pin="0"/><net_sink comp="1597" pin=2"/></net>

<net id="1606"><net_src comp="176" pin="0"/><net_sink comp="1597" pin=3"/></net>

<net id="1613"><net_src comp="164" pin="0"/><net_sink comp="1607" pin=0"/></net>

<net id="1614"><net_src comp="870" pin="1"/><net_sink comp="1607" pin=1"/></net>

<net id="1615"><net_src comp="174" pin="0"/><net_sink comp="1607" pin=2"/></net>

<net id="1616"><net_src comp="176" pin="0"/><net_sink comp="1607" pin=3"/></net>

<net id="1623"><net_src comp="164" pin="0"/><net_sink comp="1617" pin=0"/></net>

<net id="1624"><net_src comp="873" pin="1"/><net_sink comp="1617" pin=1"/></net>

<net id="1625"><net_src comp="174" pin="0"/><net_sink comp="1617" pin=2"/></net>

<net id="1626"><net_src comp="176" pin="0"/><net_sink comp="1617" pin=3"/></net>

<net id="1633"><net_src comp="164" pin="0"/><net_sink comp="1627" pin=0"/></net>

<net id="1634"><net_src comp="876" pin="1"/><net_sink comp="1627" pin=1"/></net>

<net id="1635"><net_src comp="174" pin="0"/><net_sink comp="1627" pin=2"/></net>

<net id="1636"><net_src comp="176" pin="0"/><net_sink comp="1627" pin=3"/></net>

<net id="1643"><net_src comp="164" pin="0"/><net_sink comp="1637" pin=0"/></net>

<net id="1644"><net_src comp="879" pin="1"/><net_sink comp="1637" pin=1"/></net>

<net id="1645"><net_src comp="174" pin="0"/><net_sink comp="1637" pin=2"/></net>

<net id="1646"><net_src comp="176" pin="0"/><net_sink comp="1637" pin=3"/></net>

<net id="1653"><net_src comp="164" pin="0"/><net_sink comp="1647" pin=0"/></net>

<net id="1654"><net_src comp="882" pin="1"/><net_sink comp="1647" pin=1"/></net>

<net id="1655"><net_src comp="174" pin="0"/><net_sink comp="1647" pin=2"/></net>

<net id="1656"><net_src comp="176" pin="0"/><net_sink comp="1647" pin=3"/></net>

<net id="1694"><net_src comp="158" pin="0"/><net_sink comp="1657" pin=0"/></net>

<net id="1695"><net_src comp="112" pin="0"/><net_sink comp="1657" pin=1"/></net>

<net id="1696"><net_src comp="1497" pin="4"/><net_sink comp="1657" pin=2"/></net>

<net id="1697"><net_src comp="114" pin="0"/><net_sink comp="1657" pin=3"/></net>

<net id="1698"><net_src comp="1507" pin="4"/><net_sink comp="1657" pin=4"/></net>

<net id="1699"><net_src comp="116" pin="0"/><net_sink comp="1657" pin=5"/></net>

<net id="1700"><net_src comp="1517" pin="4"/><net_sink comp="1657" pin=6"/></net>

<net id="1701"><net_src comp="118" pin="0"/><net_sink comp="1657" pin=7"/></net>

<net id="1702"><net_src comp="1527" pin="4"/><net_sink comp="1657" pin=8"/></net>

<net id="1703"><net_src comp="120" pin="0"/><net_sink comp="1657" pin=9"/></net>

<net id="1704"><net_src comp="1537" pin="4"/><net_sink comp="1657" pin=10"/></net>

<net id="1705"><net_src comp="122" pin="0"/><net_sink comp="1657" pin=11"/></net>

<net id="1706"><net_src comp="1547" pin="4"/><net_sink comp="1657" pin=12"/></net>

<net id="1707"><net_src comp="124" pin="0"/><net_sink comp="1657" pin=13"/></net>

<net id="1708"><net_src comp="1557" pin="4"/><net_sink comp="1657" pin=14"/></net>

<net id="1709"><net_src comp="126" pin="0"/><net_sink comp="1657" pin=15"/></net>

<net id="1710"><net_src comp="1567" pin="4"/><net_sink comp="1657" pin=16"/></net>

<net id="1711"><net_src comp="128" pin="0"/><net_sink comp="1657" pin=17"/></net>

<net id="1712"><net_src comp="1577" pin="4"/><net_sink comp="1657" pin=18"/></net>

<net id="1713"><net_src comp="130" pin="0"/><net_sink comp="1657" pin=19"/></net>

<net id="1714"><net_src comp="1587" pin="4"/><net_sink comp="1657" pin=20"/></net>

<net id="1715"><net_src comp="132" pin="0"/><net_sink comp="1657" pin=21"/></net>

<net id="1716"><net_src comp="1597" pin="4"/><net_sink comp="1657" pin=22"/></net>

<net id="1717"><net_src comp="134" pin="0"/><net_sink comp="1657" pin=23"/></net>

<net id="1718"><net_src comp="1607" pin="4"/><net_sink comp="1657" pin=24"/></net>

<net id="1719"><net_src comp="136" pin="0"/><net_sink comp="1657" pin=25"/></net>

<net id="1720"><net_src comp="1617" pin="4"/><net_sink comp="1657" pin=26"/></net>

<net id="1721"><net_src comp="138" pin="0"/><net_sink comp="1657" pin=27"/></net>

<net id="1722"><net_src comp="1627" pin="4"/><net_sink comp="1657" pin=28"/></net>

<net id="1723"><net_src comp="140" pin="0"/><net_sink comp="1657" pin=29"/></net>

<net id="1724"><net_src comp="1637" pin="4"/><net_sink comp="1657" pin=30"/></net>

<net id="1725"><net_src comp="160" pin="0"/><net_sink comp="1657" pin=31"/></net>

<net id="1726"><net_src comp="1647" pin="4"/><net_sink comp="1657" pin=32"/></net>

<net id="1727"><net_src comp="162" pin="0"/><net_sink comp="1657" pin=33"/></net>

<net id="1732"><net_src comp="1657" pin="35"/><net_sink comp="1728" pin=0"/></net>

<net id="1739"><net_src comp="164" pin="0"/><net_sink comp="1733" pin=0"/></net>

<net id="1740"><net_src comp="837" pin="1"/><net_sink comp="1733" pin=1"/></net>

<net id="1741"><net_src comp="178" pin="0"/><net_sink comp="1733" pin=2"/></net>

<net id="1742"><net_src comp="180" pin="0"/><net_sink comp="1733" pin=3"/></net>

<net id="1749"><net_src comp="164" pin="0"/><net_sink comp="1743" pin=0"/></net>

<net id="1750"><net_src comp="840" pin="1"/><net_sink comp="1743" pin=1"/></net>

<net id="1751"><net_src comp="178" pin="0"/><net_sink comp="1743" pin=2"/></net>

<net id="1752"><net_src comp="180" pin="0"/><net_sink comp="1743" pin=3"/></net>

<net id="1759"><net_src comp="164" pin="0"/><net_sink comp="1753" pin=0"/></net>

<net id="1760"><net_src comp="843" pin="1"/><net_sink comp="1753" pin=1"/></net>

<net id="1761"><net_src comp="178" pin="0"/><net_sink comp="1753" pin=2"/></net>

<net id="1762"><net_src comp="180" pin="0"/><net_sink comp="1753" pin=3"/></net>

<net id="1769"><net_src comp="164" pin="0"/><net_sink comp="1763" pin=0"/></net>

<net id="1770"><net_src comp="846" pin="1"/><net_sink comp="1763" pin=1"/></net>

<net id="1771"><net_src comp="178" pin="0"/><net_sink comp="1763" pin=2"/></net>

<net id="1772"><net_src comp="180" pin="0"/><net_sink comp="1763" pin=3"/></net>

<net id="1779"><net_src comp="164" pin="0"/><net_sink comp="1773" pin=0"/></net>

<net id="1780"><net_src comp="849" pin="1"/><net_sink comp="1773" pin=1"/></net>

<net id="1781"><net_src comp="178" pin="0"/><net_sink comp="1773" pin=2"/></net>

<net id="1782"><net_src comp="180" pin="0"/><net_sink comp="1773" pin=3"/></net>

<net id="1789"><net_src comp="164" pin="0"/><net_sink comp="1783" pin=0"/></net>

<net id="1790"><net_src comp="852" pin="1"/><net_sink comp="1783" pin=1"/></net>

<net id="1791"><net_src comp="178" pin="0"/><net_sink comp="1783" pin=2"/></net>

<net id="1792"><net_src comp="180" pin="0"/><net_sink comp="1783" pin=3"/></net>

<net id="1799"><net_src comp="164" pin="0"/><net_sink comp="1793" pin=0"/></net>

<net id="1800"><net_src comp="855" pin="1"/><net_sink comp="1793" pin=1"/></net>

<net id="1801"><net_src comp="178" pin="0"/><net_sink comp="1793" pin=2"/></net>

<net id="1802"><net_src comp="180" pin="0"/><net_sink comp="1793" pin=3"/></net>

<net id="1809"><net_src comp="164" pin="0"/><net_sink comp="1803" pin=0"/></net>

<net id="1810"><net_src comp="858" pin="1"/><net_sink comp="1803" pin=1"/></net>

<net id="1811"><net_src comp="178" pin="0"/><net_sink comp="1803" pin=2"/></net>

<net id="1812"><net_src comp="180" pin="0"/><net_sink comp="1803" pin=3"/></net>

<net id="1819"><net_src comp="164" pin="0"/><net_sink comp="1813" pin=0"/></net>

<net id="1820"><net_src comp="861" pin="1"/><net_sink comp="1813" pin=1"/></net>

<net id="1821"><net_src comp="178" pin="0"/><net_sink comp="1813" pin=2"/></net>

<net id="1822"><net_src comp="180" pin="0"/><net_sink comp="1813" pin=3"/></net>

<net id="1829"><net_src comp="164" pin="0"/><net_sink comp="1823" pin=0"/></net>

<net id="1830"><net_src comp="864" pin="1"/><net_sink comp="1823" pin=1"/></net>

<net id="1831"><net_src comp="178" pin="0"/><net_sink comp="1823" pin=2"/></net>

<net id="1832"><net_src comp="180" pin="0"/><net_sink comp="1823" pin=3"/></net>

<net id="1839"><net_src comp="164" pin="0"/><net_sink comp="1833" pin=0"/></net>

<net id="1840"><net_src comp="867" pin="1"/><net_sink comp="1833" pin=1"/></net>

<net id="1841"><net_src comp="178" pin="0"/><net_sink comp="1833" pin=2"/></net>

<net id="1842"><net_src comp="180" pin="0"/><net_sink comp="1833" pin=3"/></net>

<net id="1849"><net_src comp="164" pin="0"/><net_sink comp="1843" pin=0"/></net>

<net id="1850"><net_src comp="870" pin="1"/><net_sink comp="1843" pin=1"/></net>

<net id="1851"><net_src comp="178" pin="0"/><net_sink comp="1843" pin=2"/></net>

<net id="1852"><net_src comp="180" pin="0"/><net_sink comp="1843" pin=3"/></net>

<net id="1859"><net_src comp="164" pin="0"/><net_sink comp="1853" pin=0"/></net>

<net id="1860"><net_src comp="873" pin="1"/><net_sink comp="1853" pin=1"/></net>

<net id="1861"><net_src comp="178" pin="0"/><net_sink comp="1853" pin=2"/></net>

<net id="1862"><net_src comp="180" pin="0"/><net_sink comp="1853" pin=3"/></net>

<net id="1869"><net_src comp="164" pin="0"/><net_sink comp="1863" pin=0"/></net>

<net id="1870"><net_src comp="876" pin="1"/><net_sink comp="1863" pin=1"/></net>

<net id="1871"><net_src comp="178" pin="0"/><net_sink comp="1863" pin=2"/></net>

<net id="1872"><net_src comp="180" pin="0"/><net_sink comp="1863" pin=3"/></net>

<net id="1879"><net_src comp="164" pin="0"/><net_sink comp="1873" pin=0"/></net>

<net id="1880"><net_src comp="879" pin="1"/><net_sink comp="1873" pin=1"/></net>

<net id="1881"><net_src comp="178" pin="0"/><net_sink comp="1873" pin=2"/></net>

<net id="1882"><net_src comp="180" pin="0"/><net_sink comp="1873" pin=3"/></net>

<net id="1889"><net_src comp="164" pin="0"/><net_sink comp="1883" pin=0"/></net>

<net id="1890"><net_src comp="882" pin="1"/><net_sink comp="1883" pin=1"/></net>

<net id="1891"><net_src comp="178" pin="0"/><net_sink comp="1883" pin=2"/></net>

<net id="1892"><net_src comp="180" pin="0"/><net_sink comp="1883" pin=3"/></net>

<net id="1930"><net_src comp="158" pin="0"/><net_sink comp="1893" pin=0"/></net>

<net id="1931"><net_src comp="112" pin="0"/><net_sink comp="1893" pin=1"/></net>

<net id="1932"><net_src comp="1733" pin="4"/><net_sink comp="1893" pin=2"/></net>

<net id="1933"><net_src comp="114" pin="0"/><net_sink comp="1893" pin=3"/></net>

<net id="1934"><net_src comp="1743" pin="4"/><net_sink comp="1893" pin=4"/></net>

<net id="1935"><net_src comp="116" pin="0"/><net_sink comp="1893" pin=5"/></net>

<net id="1936"><net_src comp="1753" pin="4"/><net_sink comp="1893" pin=6"/></net>

<net id="1937"><net_src comp="118" pin="0"/><net_sink comp="1893" pin=7"/></net>

<net id="1938"><net_src comp="1763" pin="4"/><net_sink comp="1893" pin=8"/></net>

<net id="1939"><net_src comp="120" pin="0"/><net_sink comp="1893" pin=9"/></net>

<net id="1940"><net_src comp="1773" pin="4"/><net_sink comp="1893" pin=10"/></net>

<net id="1941"><net_src comp="122" pin="0"/><net_sink comp="1893" pin=11"/></net>

<net id="1942"><net_src comp="1783" pin="4"/><net_sink comp="1893" pin=12"/></net>

<net id="1943"><net_src comp="124" pin="0"/><net_sink comp="1893" pin=13"/></net>

<net id="1944"><net_src comp="1793" pin="4"/><net_sink comp="1893" pin=14"/></net>

<net id="1945"><net_src comp="126" pin="0"/><net_sink comp="1893" pin=15"/></net>

<net id="1946"><net_src comp="1803" pin="4"/><net_sink comp="1893" pin=16"/></net>

<net id="1947"><net_src comp="128" pin="0"/><net_sink comp="1893" pin=17"/></net>

<net id="1948"><net_src comp="1813" pin="4"/><net_sink comp="1893" pin=18"/></net>

<net id="1949"><net_src comp="130" pin="0"/><net_sink comp="1893" pin=19"/></net>

<net id="1950"><net_src comp="1823" pin="4"/><net_sink comp="1893" pin=20"/></net>

<net id="1951"><net_src comp="132" pin="0"/><net_sink comp="1893" pin=21"/></net>

<net id="1952"><net_src comp="1833" pin="4"/><net_sink comp="1893" pin=22"/></net>

<net id="1953"><net_src comp="134" pin="0"/><net_sink comp="1893" pin=23"/></net>

<net id="1954"><net_src comp="1843" pin="4"/><net_sink comp="1893" pin=24"/></net>

<net id="1955"><net_src comp="136" pin="0"/><net_sink comp="1893" pin=25"/></net>

<net id="1956"><net_src comp="1853" pin="4"/><net_sink comp="1893" pin=26"/></net>

<net id="1957"><net_src comp="138" pin="0"/><net_sink comp="1893" pin=27"/></net>

<net id="1958"><net_src comp="1863" pin="4"/><net_sink comp="1893" pin=28"/></net>

<net id="1959"><net_src comp="140" pin="0"/><net_sink comp="1893" pin=29"/></net>

<net id="1960"><net_src comp="1873" pin="4"/><net_sink comp="1893" pin=30"/></net>

<net id="1961"><net_src comp="160" pin="0"/><net_sink comp="1893" pin=31"/></net>

<net id="1962"><net_src comp="1883" pin="4"/><net_sink comp="1893" pin=32"/></net>

<net id="1963"><net_src comp="162" pin="0"/><net_sink comp="1893" pin=33"/></net>

<net id="1968"><net_src comp="1893" pin="35"/><net_sink comp="1964" pin=0"/></net>

<net id="1975"><net_src comp="164" pin="0"/><net_sink comp="1969" pin=0"/></net>

<net id="1976"><net_src comp="837" pin="1"/><net_sink comp="1969" pin=1"/></net>

<net id="1977"><net_src comp="182" pin="0"/><net_sink comp="1969" pin=2"/></net>

<net id="1978"><net_src comp="184" pin="0"/><net_sink comp="1969" pin=3"/></net>

<net id="1985"><net_src comp="164" pin="0"/><net_sink comp="1979" pin=0"/></net>

<net id="1986"><net_src comp="840" pin="1"/><net_sink comp="1979" pin=1"/></net>

<net id="1987"><net_src comp="182" pin="0"/><net_sink comp="1979" pin=2"/></net>

<net id="1988"><net_src comp="184" pin="0"/><net_sink comp="1979" pin=3"/></net>

<net id="1995"><net_src comp="164" pin="0"/><net_sink comp="1989" pin=0"/></net>

<net id="1996"><net_src comp="843" pin="1"/><net_sink comp="1989" pin=1"/></net>

<net id="1997"><net_src comp="182" pin="0"/><net_sink comp="1989" pin=2"/></net>

<net id="1998"><net_src comp="184" pin="0"/><net_sink comp="1989" pin=3"/></net>

<net id="2005"><net_src comp="164" pin="0"/><net_sink comp="1999" pin=0"/></net>

<net id="2006"><net_src comp="846" pin="1"/><net_sink comp="1999" pin=1"/></net>

<net id="2007"><net_src comp="182" pin="0"/><net_sink comp="1999" pin=2"/></net>

<net id="2008"><net_src comp="184" pin="0"/><net_sink comp="1999" pin=3"/></net>

<net id="2015"><net_src comp="164" pin="0"/><net_sink comp="2009" pin=0"/></net>

<net id="2016"><net_src comp="849" pin="1"/><net_sink comp="2009" pin=1"/></net>

<net id="2017"><net_src comp="182" pin="0"/><net_sink comp="2009" pin=2"/></net>

<net id="2018"><net_src comp="184" pin="0"/><net_sink comp="2009" pin=3"/></net>

<net id="2025"><net_src comp="164" pin="0"/><net_sink comp="2019" pin=0"/></net>

<net id="2026"><net_src comp="852" pin="1"/><net_sink comp="2019" pin=1"/></net>

<net id="2027"><net_src comp="182" pin="0"/><net_sink comp="2019" pin=2"/></net>

<net id="2028"><net_src comp="184" pin="0"/><net_sink comp="2019" pin=3"/></net>

<net id="2035"><net_src comp="164" pin="0"/><net_sink comp="2029" pin=0"/></net>

<net id="2036"><net_src comp="855" pin="1"/><net_sink comp="2029" pin=1"/></net>

<net id="2037"><net_src comp="182" pin="0"/><net_sink comp="2029" pin=2"/></net>

<net id="2038"><net_src comp="184" pin="0"/><net_sink comp="2029" pin=3"/></net>

<net id="2045"><net_src comp="164" pin="0"/><net_sink comp="2039" pin=0"/></net>

<net id="2046"><net_src comp="858" pin="1"/><net_sink comp="2039" pin=1"/></net>

<net id="2047"><net_src comp="182" pin="0"/><net_sink comp="2039" pin=2"/></net>

<net id="2048"><net_src comp="184" pin="0"/><net_sink comp="2039" pin=3"/></net>

<net id="2055"><net_src comp="164" pin="0"/><net_sink comp="2049" pin=0"/></net>

<net id="2056"><net_src comp="861" pin="1"/><net_sink comp="2049" pin=1"/></net>

<net id="2057"><net_src comp="182" pin="0"/><net_sink comp="2049" pin=2"/></net>

<net id="2058"><net_src comp="184" pin="0"/><net_sink comp="2049" pin=3"/></net>

<net id="2065"><net_src comp="164" pin="0"/><net_sink comp="2059" pin=0"/></net>

<net id="2066"><net_src comp="864" pin="1"/><net_sink comp="2059" pin=1"/></net>

<net id="2067"><net_src comp="182" pin="0"/><net_sink comp="2059" pin=2"/></net>

<net id="2068"><net_src comp="184" pin="0"/><net_sink comp="2059" pin=3"/></net>

<net id="2075"><net_src comp="164" pin="0"/><net_sink comp="2069" pin=0"/></net>

<net id="2076"><net_src comp="867" pin="1"/><net_sink comp="2069" pin=1"/></net>

<net id="2077"><net_src comp="182" pin="0"/><net_sink comp="2069" pin=2"/></net>

<net id="2078"><net_src comp="184" pin="0"/><net_sink comp="2069" pin=3"/></net>

<net id="2085"><net_src comp="164" pin="0"/><net_sink comp="2079" pin=0"/></net>

<net id="2086"><net_src comp="870" pin="1"/><net_sink comp="2079" pin=1"/></net>

<net id="2087"><net_src comp="182" pin="0"/><net_sink comp="2079" pin=2"/></net>

<net id="2088"><net_src comp="184" pin="0"/><net_sink comp="2079" pin=3"/></net>

<net id="2095"><net_src comp="164" pin="0"/><net_sink comp="2089" pin=0"/></net>

<net id="2096"><net_src comp="873" pin="1"/><net_sink comp="2089" pin=1"/></net>

<net id="2097"><net_src comp="182" pin="0"/><net_sink comp="2089" pin=2"/></net>

<net id="2098"><net_src comp="184" pin="0"/><net_sink comp="2089" pin=3"/></net>

<net id="2105"><net_src comp="164" pin="0"/><net_sink comp="2099" pin=0"/></net>

<net id="2106"><net_src comp="876" pin="1"/><net_sink comp="2099" pin=1"/></net>

<net id="2107"><net_src comp="182" pin="0"/><net_sink comp="2099" pin=2"/></net>

<net id="2108"><net_src comp="184" pin="0"/><net_sink comp="2099" pin=3"/></net>

<net id="2115"><net_src comp="164" pin="0"/><net_sink comp="2109" pin=0"/></net>

<net id="2116"><net_src comp="879" pin="1"/><net_sink comp="2109" pin=1"/></net>

<net id="2117"><net_src comp="182" pin="0"/><net_sink comp="2109" pin=2"/></net>

<net id="2118"><net_src comp="184" pin="0"/><net_sink comp="2109" pin=3"/></net>

<net id="2125"><net_src comp="164" pin="0"/><net_sink comp="2119" pin=0"/></net>

<net id="2126"><net_src comp="882" pin="1"/><net_sink comp="2119" pin=1"/></net>

<net id="2127"><net_src comp="182" pin="0"/><net_sink comp="2119" pin=2"/></net>

<net id="2128"><net_src comp="184" pin="0"/><net_sink comp="2119" pin=3"/></net>

<net id="2166"><net_src comp="158" pin="0"/><net_sink comp="2129" pin=0"/></net>

<net id="2167"><net_src comp="112" pin="0"/><net_sink comp="2129" pin=1"/></net>

<net id="2168"><net_src comp="1969" pin="4"/><net_sink comp="2129" pin=2"/></net>

<net id="2169"><net_src comp="114" pin="0"/><net_sink comp="2129" pin=3"/></net>

<net id="2170"><net_src comp="1979" pin="4"/><net_sink comp="2129" pin=4"/></net>

<net id="2171"><net_src comp="116" pin="0"/><net_sink comp="2129" pin=5"/></net>

<net id="2172"><net_src comp="1989" pin="4"/><net_sink comp="2129" pin=6"/></net>

<net id="2173"><net_src comp="118" pin="0"/><net_sink comp="2129" pin=7"/></net>

<net id="2174"><net_src comp="1999" pin="4"/><net_sink comp="2129" pin=8"/></net>

<net id="2175"><net_src comp="120" pin="0"/><net_sink comp="2129" pin=9"/></net>

<net id="2176"><net_src comp="2009" pin="4"/><net_sink comp="2129" pin=10"/></net>

<net id="2177"><net_src comp="122" pin="0"/><net_sink comp="2129" pin=11"/></net>

<net id="2178"><net_src comp="2019" pin="4"/><net_sink comp="2129" pin=12"/></net>

<net id="2179"><net_src comp="124" pin="0"/><net_sink comp="2129" pin=13"/></net>

<net id="2180"><net_src comp="2029" pin="4"/><net_sink comp="2129" pin=14"/></net>

<net id="2181"><net_src comp="126" pin="0"/><net_sink comp="2129" pin=15"/></net>

<net id="2182"><net_src comp="2039" pin="4"/><net_sink comp="2129" pin=16"/></net>

<net id="2183"><net_src comp="128" pin="0"/><net_sink comp="2129" pin=17"/></net>

<net id="2184"><net_src comp="2049" pin="4"/><net_sink comp="2129" pin=18"/></net>

<net id="2185"><net_src comp="130" pin="0"/><net_sink comp="2129" pin=19"/></net>

<net id="2186"><net_src comp="2059" pin="4"/><net_sink comp="2129" pin=20"/></net>

<net id="2187"><net_src comp="132" pin="0"/><net_sink comp="2129" pin=21"/></net>

<net id="2188"><net_src comp="2069" pin="4"/><net_sink comp="2129" pin=22"/></net>

<net id="2189"><net_src comp="134" pin="0"/><net_sink comp="2129" pin=23"/></net>

<net id="2190"><net_src comp="2079" pin="4"/><net_sink comp="2129" pin=24"/></net>

<net id="2191"><net_src comp="136" pin="0"/><net_sink comp="2129" pin=25"/></net>

<net id="2192"><net_src comp="2089" pin="4"/><net_sink comp="2129" pin=26"/></net>

<net id="2193"><net_src comp="138" pin="0"/><net_sink comp="2129" pin=27"/></net>

<net id="2194"><net_src comp="2099" pin="4"/><net_sink comp="2129" pin=28"/></net>

<net id="2195"><net_src comp="140" pin="0"/><net_sink comp="2129" pin=29"/></net>

<net id="2196"><net_src comp="2109" pin="4"/><net_sink comp="2129" pin=30"/></net>

<net id="2197"><net_src comp="160" pin="0"/><net_sink comp="2129" pin=31"/></net>

<net id="2198"><net_src comp="2119" pin="4"/><net_sink comp="2129" pin=32"/></net>

<net id="2199"><net_src comp="162" pin="0"/><net_sink comp="2129" pin=33"/></net>

<net id="2204"><net_src comp="2129" pin="35"/><net_sink comp="2200" pin=0"/></net>

<net id="2211"><net_src comp="164" pin="0"/><net_sink comp="2205" pin=0"/></net>

<net id="2212"><net_src comp="837" pin="1"/><net_sink comp="2205" pin=1"/></net>

<net id="2213"><net_src comp="186" pin="0"/><net_sink comp="2205" pin=2"/></net>

<net id="2214"><net_src comp="188" pin="0"/><net_sink comp="2205" pin=3"/></net>

<net id="2221"><net_src comp="164" pin="0"/><net_sink comp="2215" pin=0"/></net>

<net id="2222"><net_src comp="840" pin="1"/><net_sink comp="2215" pin=1"/></net>

<net id="2223"><net_src comp="186" pin="0"/><net_sink comp="2215" pin=2"/></net>

<net id="2224"><net_src comp="188" pin="0"/><net_sink comp="2215" pin=3"/></net>

<net id="2231"><net_src comp="164" pin="0"/><net_sink comp="2225" pin=0"/></net>

<net id="2232"><net_src comp="843" pin="1"/><net_sink comp="2225" pin=1"/></net>

<net id="2233"><net_src comp="186" pin="0"/><net_sink comp="2225" pin=2"/></net>

<net id="2234"><net_src comp="188" pin="0"/><net_sink comp="2225" pin=3"/></net>

<net id="2241"><net_src comp="164" pin="0"/><net_sink comp="2235" pin=0"/></net>

<net id="2242"><net_src comp="846" pin="1"/><net_sink comp="2235" pin=1"/></net>

<net id="2243"><net_src comp="186" pin="0"/><net_sink comp="2235" pin=2"/></net>

<net id="2244"><net_src comp="188" pin="0"/><net_sink comp="2235" pin=3"/></net>

<net id="2251"><net_src comp="164" pin="0"/><net_sink comp="2245" pin=0"/></net>

<net id="2252"><net_src comp="849" pin="1"/><net_sink comp="2245" pin=1"/></net>

<net id="2253"><net_src comp="186" pin="0"/><net_sink comp="2245" pin=2"/></net>

<net id="2254"><net_src comp="188" pin="0"/><net_sink comp="2245" pin=3"/></net>

<net id="2261"><net_src comp="164" pin="0"/><net_sink comp="2255" pin=0"/></net>

<net id="2262"><net_src comp="852" pin="1"/><net_sink comp="2255" pin=1"/></net>

<net id="2263"><net_src comp="186" pin="0"/><net_sink comp="2255" pin=2"/></net>

<net id="2264"><net_src comp="188" pin="0"/><net_sink comp="2255" pin=3"/></net>

<net id="2271"><net_src comp="164" pin="0"/><net_sink comp="2265" pin=0"/></net>

<net id="2272"><net_src comp="855" pin="1"/><net_sink comp="2265" pin=1"/></net>

<net id="2273"><net_src comp="186" pin="0"/><net_sink comp="2265" pin=2"/></net>

<net id="2274"><net_src comp="188" pin="0"/><net_sink comp="2265" pin=3"/></net>

<net id="2281"><net_src comp="164" pin="0"/><net_sink comp="2275" pin=0"/></net>

<net id="2282"><net_src comp="858" pin="1"/><net_sink comp="2275" pin=1"/></net>

<net id="2283"><net_src comp="186" pin="0"/><net_sink comp="2275" pin=2"/></net>

<net id="2284"><net_src comp="188" pin="0"/><net_sink comp="2275" pin=3"/></net>

<net id="2291"><net_src comp="164" pin="0"/><net_sink comp="2285" pin=0"/></net>

<net id="2292"><net_src comp="861" pin="1"/><net_sink comp="2285" pin=1"/></net>

<net id="2293"><net_src comp="186" pin="0"/><net_sink comp="2285" pin=2"/></net>

<net id="2294"><net_src comp="188" pin="0"/><net_sink comp="2285" pin=3"/></net>

<net id="2301"><net_src comp="164" pin="0"/><net_sink comp="2295" pin=0"/></net>

<net id="2302"><net_src comp="864" pin="1"/><net_sink comp="2295" pin=1"/></net>

<net id="2303"><net_src comp="186" pin="0"/><net_sink comp="2295" pin=2"/></net>

<net id="2304"><net_src comp="188" pin="0"/><net_sink comp="2295" pin=3"/></net>

<net id="2311"><net_src comp="164" pin="0"/><net_sink comp="2305" pin=0"/></net>

<net id="2312"><net_src comp="867" pin="1"/><net_sink comp="2305" pin=1"/></net>

<net id="2313"><net_src comp="186" pin="0"/><net_sink comp="2305" pin=2"/></net>

<net id="2314"><net_src comp="188" pin="0"/><net_sink comp="2305" pin=3"/></net>

<net id="2321"><net_src comp="164" pin="0"/><net_sink comp="2315" pin=0"/></net>

<net id="2322"><net_src comp="870" pin="1"/><net_sink comp="2315" pin=1"/></net>

<net id="2323"><net_src comp="186" pin="0"/><net_sink comp="2315" pin=2"/></net>

<net id="2324"><net_src comp="188" pin="0"/><net_sink comp="2315" pin=3"/></net>

<net id="2331"><net_src comp="164" pin="0"/><net_sink comp="2325" pin=0"/></net>

<net id="2332"><net_src comp="873" pin="1"/><net_sink comp="2325" pin=1"/></net>

<net id="2333"><net_src comp="186" pin="0"/><net_sink comp="2325" pin=2"/></net>

<net id="2334"><net_src comp="188" pin="0"/><net_sink comp="2325" pin=3"/></net>

<net id="2341"><net_src comp="164" pin="0"/><net_sink comp="2335" pin=0"/></net>

<net id="2342"><net_src comp="876" pin="1"/><net_sink comp="2335" pin=1"/></net>

<net id="2343"><net_src comp="186" pin="0"/><net_sink comp="2335" pin=2"/></net>

<net id="2344"><net_src comp="188" pin="0"/><net_sink comp="2335" pin=3"/></net>

<net id="2351"><net_src comp="164" pin="0"/><net_sink comp="2345" pin=0"/></net>

<net id="2352"><net_src comp="879" pin="1"/><net_sink comp="2345" pin=1"/></net>

<net id="2353"><net_src comp="186" pin="0"/><net_sink comp="2345" pin=2"/></net>

<net id="2354"><net_src comp="188" pin="0"/><net_sink comp="2345" pin=3"/></net>

<net id="2361"><net_src comp="164" pin="0"/><net_sink comp="2355" pin=0"/></net>

<net id="2362"><net_src comp="882" pin="1"/><net_sink comp="2355" pin=1"/></net>

<net id="2363"><net_src comp="186" pin="0"/><net_sink comp="2355" pin=2"/></net>

<net id="2364"><net_src comp="188" pin="0"/><net_sink comp="2355" pin=3"/></net>

<net id="2402"><net_src comp="158" pin="0"/><net_sink comp="2365" pin=0"/></net>

<net id="2403"><net_src comp="112" pin="0"/><net_sink comp="2365" pin=1"/></net>

<net id="2404"><net_src comp="2205" pin="4"/><net_sink comp="2365" pin=2"/></net>

<net id="2405"><net_src comp="114" pin="0"/><net_sink comp="2365" pin=3"/></net>

<net id="2406"><net_src comp="2215" pin="4"/><net_sink comp="2365" pin=4"/></net>

<net id="2407"><net_src comp="116" pin="0"/><net_sink comp="2365" pin=5"/></net>

<net id="2408"><net_src comp="2225" pin="4"/><net_sink comp="2365" pin=6"/></net>

<net id="2409"><net_src comp="118" pin="0"/><net_sink comp="2365" pin=7"/></net>

<net id="2410"><net_src comp="2235" pin="4"/><net_sink comp="2365" pin=8"/></net>

<net id="2411"><net_src comp="120" pin="0"/><net_sink comp="2365" pin=9"/></net>

<net id="2412"><net_src comp="2245" pin="4"/><net_sink comp="2365" pin=10"/></net>

<net id="2413"><net_src comp="122" pin="0"/><net_sink comp="2365" pin=11"/></net>

<net id="2414"><net_src comp="2255" pin="4"/><net_sink comp="2365" pin=12"/></net>

<net id="2415"><net_src comp="124" pin="0"/><net_sink comp="2365" pin=13"/></net>

<net id="2416"><net_src comp="2265" pin="4"/><net_sink comp="2365" pin=14"/></net>

<net id="2417"><net_src comp="126" pin="0"/><net_sink comp="2365" pin=15"/></net>

<net id="2418"><net_src comp="2275" pin="4"/><net_sink comp="2365" pin=16"/></net>

<net id="2419"><net_src comp="128" pin="0"/><net_sink comp="2365" pin=17"/></net>

<net id="2420"><net_src comp="2285" pin="4"/><net_sink comp="2365" pin=18"/></net>

<net id="2421"><net_src comp="130" pin="0"/><net_sink comp="2365" pin=19"/></net>

<net id="2422"><net_src comp="2295" pin="4"/><net_sink comp="2365" pin=20"/></net>

<net id="2423"><net_src comp="132" pin="0"/><net_sink comp="2365" pin=21"/></net>

<net id="2424"><net_src comp="2305" pin="4"/><net_sink comp="2365" pin=22"/></net>

<net id="2425"><net_src comp="134" pin="0"/><net_sink comp="2365" pin=23"/></net>

<net id="2426"><net_src comp="2315" pin="4"/><net_sink comp="2365" pin=24"/></net>

<net id="2427"><net_src comp="136" pin="0"/><net_sink comp="2365" pin=25"/></net>

<net id="2428"><net_src comp="2325" pin="4"/><net_sink comp="2365" pin=26"/></net>

<net id="2429"><net_src comp="138" pin="0"/><net_sink comp="2365" pin=27"/></net>

<net id="2430"><net_src comp="2335" pin="4"/><net_sink comp="2365" pin=28"/></net>

<net id="2431"><net_src comp="140" pin="0"/><net_sink comp="2365" pin=29"/></net>

<net id="2432"><net_src comp="2345" pin="4"/><net_sink comp="2365" pin=30"/></net>

<net id="2433"><net_src comp="160" pin="0"/><net_sink comp="2365" pin=31"/></net>

<net id="2434"><net_src comp="2355" pin="4"/><net_sink comp="2365" pin=32"/></net>

<net id="2435"><net_src comp="162" pin="0"/><net_sink comp="2365" pin=33"/></net>

<net id="2440"><net_src comp="2365" pin="35"/><net_sink comp="2436" pin=0"/></net>

<net id="2447"><net_src comp="164" pin="0"/><net_sink comp="2441" pin=0"/></net>

<net id="2448"><net_src comp="837" pin="1"/><net_sink comp="2441" pin=1"/></net>

<net id="2449"><net_src comp="190" pin="0"/><net_sink comp="2441" pin=2"/></net>

<net id="2450"><net_src comp="192" pin="0"/><net_sink comp="2441" pin=3"/></net>

<net id="2457"><net_src comp="164" pin="0"/><net_sink comp="2451" pin=0"/></net>

<net id="2458"><net_src comp="840" pin="1"/><net_sink comp="2451" pin=1"/></net>

<net id="2459"><net_src comp="190" pin="0"/><net_sink comp="2451" pin=2"/></net>

<net id="2460"><net_src comp="192" pin="0"/><net_sink comp="2451" pin=3"/></net>

<net id="2467"><net_src comp="164" pin="0"/><net_sink comp="2461" pin=0"/></net>

<net id="2468"><net_src comp="843" pin="1"/><net_sink comp="2461" pin=1"/></net>

<net id="2469"><net_src comp="190" pin="0"/><net_sink comp="2461" pin=2"/></net>

<net id="2470"><net_src comp="192" pin="0"/><net_sink comp="2461" pin=3"/></net>

<net id="2477"><net_src comp="164" pin="0"/><net_sink comp="2471" pin=0"/></net>

<net id="2478"><net_src comp="846" pin="1"/><net_sink comp="2471" pin=1"/></net>

<net id="2479"><net_src comp="190" pin="0"/><net_sink comp="2471" pin=2"/></net>

<net id="2480"><net_src comp="192" pin="0"/><net_sink comp="2471" pin=3"/></net>

<net id="2487"><net_src comp="164" pin="0"/><net_sink comp="2481" pin=0"/></net>

<net id="2488"><net_src comp="849" pin="1"/><net_sink comp="2481" pin=1"/></net>

<net id="2489"><net_src comp="190" pin="0"/><net_sink comp="2481" pin=2"/></net>

<net id="2490"><net_src comp="192" pin="0"/><net_sink comp="2481" pin=3"/></net>

<net id="2497"><net_src comp="164" pin="0"/><net_sink comp="2491" pin=0"/></net>

<net id="2498"><net_src comp="852" pin="1"/><net_sink comp="2491" pin=1"/></net>

<net id="2499"><net_src comp="190" pin="0"/><net_sink comp="2491" pin=2"/></net>

<net id="2500"><net_src comp="192" pin="0"/><net_sink comp="2491" pin=3"/></net>

<net id="2507"><net_src comp="164" pin="0"/><net_sink comp="2501" pin=0"/></net>

<net id="2508"><net_src comp="855" pin="1"/><net_sink comp="2501" pin=1"/></net>

<net id="2509"><net_src comp="190" pin="0"/><net_sink comp="2501" pin=2"/></net>

<net id="2510"><net_src comp="192" pin="0"/><net_sink comp="2501" pin=3"/></net>

<net id="2517"><net_src comp="164" pin="0"/><net_sink comp="2511" pin=0"/></net>

<net id="2518"><net_src comp="858" pin="1"/><net_sink comp="2511" pin=1"/></net>

<net id="2519"><net_src comp="190" pin="0"/><net_sink comp="2511" pin=2"/></net>

<net id="2520"><net_src comp="192" pin="0"/><net_sink comp="2511" pin=3"/></net>

<net id="2527"><net_src comp="164" pin="0"/><net_sink comp="2521" pin=0"/></net>

<net id="2528"><net_src comp="861" pin="1"/><net_sink comp="2521" pin=1"/></net>

<net id="2529"><net_src comp="190" pin="0"/><net_sink comp="2521" pin=2"/></net>

<net id="2530"><net_src comp="192" pin="0"/><net_sink comp="2521" pin=3"/></net>

<net id="2537"><net_src comp="164" pin="0"/><net_sink comp="2531" pin=0"/></net>

<net id="2538"><net_src comp="864" pin="1"/><net_sink comp="2531" pin=1"/></net>

<net id="2539"><net_src comp="190" pin="0"/><net_sink comp="2531" pin=2"/></net>

<net id="2540"><net_src comp="192" pin="0"/><net_sink comp="2531" pin=3"/></net>

<net id="2547"><net_src comp="164" pin="0"/><net_sink comp="2541" pin=0"/></net>

<net id="2548"><net_src comp="867" pin="1"/><net_sink comp="2541" pin=1"/></net>

<net id="2549"><net_src comp="190" pin="0"/><net_sink comp="2541" pin=2"/></net>

<net id="2550"><net_src comp="192" pin="0"/><net_sink comp="2541" pin=3"/></net>

<net id="2557"><net_src comp="164" pin="0"/><net_sink comp="2551" pin=0"/></net>

<net id="2558"><net_src comp="870" pin="1"/><net_sink comp="2551" pin=1"/></net>

<net id="2559"><net_src comp="190" pin="0"/><net_sink comp="2551" pin=2"/></net>

<net id="2560"><net_src comp="192" pin="0"/><net_sink comp="2551" pin=3"/></net>

<net id="2567"><net_src comp="164" pin="0"/><net_sink comp="2561" pin=0"/></net>

<net id="2568"><net_src comp="873" pin="1"/><net_sink comp="2561" pin=1"/></net>

<net id="2569"><net_src comp="190" pin="0"/><net_sink comp="2561" pin=2"/></net>

<net id="2570"><net_src comp="192" pin="0"/><net_sink comp="2561" pin=3"/></net>

<net id="2577"><net_src comp="164" pin="0"/><net_sink comp="2571" pin=0"/></net>

<net id="2578"><net_src comp="876" pin="1"/><net_sink comp="2571" pin=1"/></net>

<net id="2579"><net_src comp="190" pin="0"/><net_sink comp="2571" pin=2"/></net>

<net id="2580"><net_src comp="192" pin="0"/><net_sink comp="2571" pin=3"/></net>

<net id="2587"><net_src comp="164" pin="0"/><net_sink comp="2581" pin=0"/></net>

<net id="2588"><net_src comp="879" pin="1"/><net_sink comp="2581" pin=1"/></net>

<net id="2589"><net_src comp="190" pin="0"/><net_sink comp="2581" pin=2"/></net>

<net id="2590"><net_src comp="192" pin="0"/><net_sink comp="2581" pin=3"/></net>

<net id="2597"><net_src comp="164" pin="0"/><net_sink comp="2591" pin=0"/></net>

<net id="2598"><net_src comp="882" pin="1"/><net_sink comp="2591" pin=1"/></net>

<net id="2599"><net_src comp="190" pin="0"/><net_sink comp="2591" pin=2"/></net>

<net id="2600"><net_src comp="192" pin="0"/><net_sink comp="2591" pin=3"/></net>

<net id="2638"><net_src comp="158" pin="0"/><net_sink comp="2601" pin=0"/></net>

<net id="2639"><net_src comp="112" pin="0"/><net_sink comp="2601" pin=1"/></net>

<net id="2640"><net_src comp="2441" pin="4"/><net_sink comp="2601" pin=2"/></net>

<net id="2641"><net_src comp="114" pin="0"/><net_sink comp="2601" pin=3"/></net>

<net id="2642"><net_src comp="2451" pin="4"/><net_sink comp="2601" pin=4"/></net>

<net id="2643"><net_src comp="116" pin="0"/><net_sink comp="2601" pin=5"/></net>

<net id="2644"><net_src comp="2461" pin="4"/><net_sink comp="2601" pin=6"/></net>

<net id="2645"><net_src comp="118" pin="0"/><net_sink comp="2601" pin=7"/></net>

<net id="2646"><net_src comp="2471" pin="4"/><net_sink comp="2601" pin=8"/></net>

<net id="2647"><net_src comp="120" pin="0"/><net_sink comp="2601" pin=9"/></net>

<net id="2648"><net_src comp="2481" pin="4"/><net_sink comp="2601" pin=10"/></net>

<net id="2649"><net_src comp="122" pin="0"/><net_sink comp="2601" pin=11"/></net>

<net id="2650"><net_src comp="2491" pin="4"/><net_sink comp="2601" pin=12"/></net>

<net id="2651"><net_src comp="124" pin="0"/><net_sink comp="2601" pin=13"/></net>

<net id="2652"><net_src comp="2501" pin="4"/><net_sink comp="2601" pin=14"/></net>

<net id="2653"><net_src comp="126" pin="0"/><net_sink comp="2601" pin=15"/></net>

<net id="2654"><net_src comp="2511" pin="4"/><net_sink comp="2601" pin=16"/></net>

<net id="2655"><net_src comp="128" pin="0"/><net_sink comp="2601" pin=17"/></net>

<net id="2656"><net_src comp="2521" pin="4"/><net_sink comp="2601" pin=18"/></net>

<net id="2657"><net_src comp="130" pin="0"/><net_sink comp="2601" pin=19"/></net>

<net id="2658"><net_src comp="2531" pin="4"/><net_sink comp="2601" pin=20"/></net>

<net id="2659"><net_src comp="132" pin="0"/><net_sink comp="2601" pin=21"/></net>

<net id="2660"><net_src comp="2541" pin="4"/><net_sink comp="2601" pin=22"/></net>

<net id="2661"><net_src comp="134" pin="0"/><net_sink comp="2601" pin=23"/></net>

<net id="2662"><net_src comp="2551" pin="4"/><net_sink comp="2601" pin=24"/></net>

<net id="2663"><net_src comp="136" pin="0"/><net_sink comp="2601" pin=25"/></net>

<net id="2664"><net_src comp="2561" pin="4"/><net_sink comp="2601" pin=26"/></net>

<net id="2665"><net_src comp="138" pin="0"/><net_sink comp="2601" pin=27"/></net>

<net id="2666"><net_src comp="2571" pin="4"/><net_sink comp="2601" pin=28"/></net>

<net id="2667"><net_src comp="140" pin="0"/><net_sink comp="2601" pin=29"/></net>

<net id="2668"><net_src comp="2581" pin="4"/><net_sink comp="2601" pin=30"/></net>

<net id="2669"><net_src comp="160" pin="0"/><net_sink comp="2601" pin=31"/></net>

<net id="2670"><net_src comp="2591" pin="4"/><net_sink comp="2601" pin=32"/></net>

<net id="2671"><net_src comp="162" pin="0"/><net_sink comp="2601" pin=33"/></net>

<net id="2676"><net_src comp="2601" pin="35"/><net_sink comp="2672" pin=0"/></net>

<net id="2683"><net_src comp="164" pin="0"/><net_sink comp="2677" pin=0"/></net>

<net id="2684"><net_src comp="837" pin="1"/><net_sink comp="2677" pin=1"/></net>

<net id="2685"><net_src comp="194" pin="0"/><net_sink comp="2677" pin=2"/></net>

<net id="2686"><net_src comp="196" pin="0"/><net_sink comp="2677" pin=3"/></net>

<net id="2693"><net_src comp="164" pin="0"/><net_sink comp="2687" pin=0"/></net>

<net id="2694"><net_src comp="840" pin="1"/><net_sink comp="2687" pin=1"/></net>

<net id="2695"><net_src comp="194" pin="0"/><net_sink comp="2687" pin=2"/></net>

<net id="2696"><net_src comp="196" pin="0"/><net_sink comp="2687" pin=3"/></net>

<net id="2703"><net_src comp="164" pin="0"/><net_sink comp="2697" pin=0"/></net>

<net id="2704"><net_src comp="843" pin="1"/><net_sink comp="2697" pin=1"/></net>

<net id="2705"><net_src comp="194" pin="0"/><net_sink comp="2697" pin=2"/></net>

<net id="2706"><net_src comp="196" pin="0"/><net_sink comp="2697" pin=3"/></net>

<net id="2713"><net_src comp="164" pin="0"/><net_sink comp="2707" pin=0"/></net>

<net id="2714"><net_src comp="846" pin="1"/><net_sink comp="2707" pin=1"/></net>

<net id="2715"><net_src comp="194" pin="0"/><net_sink comp="2707" pin=2"/></net>

<net id="2716"><net_src comp="196" pin="0"/><net_sink comp="2707" pin=3"/></net>

<net id="2723"><net_src comp="164" pin="0"/><net_sink comp="2717" pin=0"/></net>

<net id="2724"><net_src comp="849" pin="1"/><net_sink comp="2717" pin=1"/></net>

<net id="2725"><net_src comp="194" pin="0"/><net_sink comp="2717" pin=2"/></net>

<net id="2726"><net_src comp="196" pin="0"/><net_sink comp="2717" pin=3"/></net>

<net id="2733"><net_src comp="164" pin="0"/><net_sink comp="2727" pin=0"/></net>

<net id="2734"><net_src comp="852" pin="1"/><net_sink comp="2727" pin=1"/></net>

<net id="2735"><net_src comp="194" pin="0"/><net_sink comp="2727" pin=2"/></net>

<net id="2736"><net_src comp="196" pin="0"/><net_sink comp="2727" pin=3"/></net>

<net id="2743"><net_src comp="164" pin="0"/><net_sink comp="2737" pin=0"/></net>

<net id="2744"><net_src comp="855" pin="1"/><net_sink comp="2737" pin=1"/></net>

<net id="2745"><net_src comp="194" pin="0"/><net_sink comp="2737" pin=2"/></net>

<net id="2746"><net_src comp="196" pin="0"/><net_sink comp="2737" pin=3"/></net>

<net id="2753"><net_src comp="164" pin="0"/><net_sink comp="2747" pin=0"/></net>

<net id="2754"><net_src comp="858" pin="1"/><net_sink comp="2747" pin=1"/></net>

<net id="2755"><net_src comp="194" pin="0"/><net_sink comp="2747" pin=2"/></net>

<net id="2756"><net_src comp="196" pin="0"/><net_sink comp="2747" pin=3"/></net>

<net id="2763"><net_src comp="164" pin="0"/><net_sink comp="2757" pin=0"/></net>

<net id="2764"><net_src comp="861" pin="1"/><net_sink comp="2757" pin=1"/></net>

<net id="2765"><net_src comp="194" pin="0"/><net_sink comp="2757" pin=2"/></net>

<net id="2766"><net_src comp="196" pin="0"/><net_sink comp="2757" pin=3"/></net>

<net id="2773"><net_src comp="164" pin="0"/><net_sink comp="2767" pin=0"/></net>

<net id="2774"><net_src comp="864" pin="1"/><net_sink comp="2767" pin=1"/></net>

<net id="2775"><net_src comp="194" pin="0"/><net_sink comp="2767" pin=2"/></net>

<net id="2776"><net_src comp="196" pin="0"/><net_sink comp="2767" pin=3"/></net>

<net id="2783"><net_src comp="164" pin="0"/><net_sink comp="2777" pin=0"/></net>

<net id="2784"><net_src comp="867" pin="1"/><net_sink comp="2777" pin=1"/></net>

<net id="2785"><net_src comp="194" pin="0"/><net_sink comp="2777" pin=2"/></net>

<net id="2786"><net_src comp="196" pin="0"/><net_sink comp="2777" pin=3"/></net>

<net id="2793"><net_src comp="164" pin="0"/><net_sink comp="2787" pin=0"/></net>

<net id="2794"><net_src comp="870" pin="1"/><net_sink comp="2787" pin=1"/></net>

<net id="2795"><net_src comp="194" pin="0"/><net_sink comp="2787" pin=2"/></net>

<net id="2796"><net_src comp="196" pin="0"/><net_sink comp="2787" pin=3"/></net>

<net id="2803"><net_src comp="164" pin="0"/><net_sink comp="2797" pin=0"/></net>

<net id="2804"><net_src comp="873" pin="1"/><net_sink comp="2797" pin=1"/></net>

<net id="2805"><net_src comp="194" pin="0"/><net_sink comp="2797" pin=2"/></net>

<net id="2806"><net_src comp="196" pin="0"/><net_sink comp="2797" pin=3"/></net>

<net id="2813"><net_src comp="164" pin="0"/><net_sink comp="2807" pin=0"/></net>

<net id="2814"><net_src comp="876" pin="1"/><net_sink comp="2807" pin=1"/></net>

<net id="2815"><net_src comp="194" pin="0"/><net_sink comp="2807" pin=2"/></net>

<net id="2816"><net_src comp="196" pin="0"/><net_sink comp="2807" pin=3"/></net>

<net id="2823"><net_src comp="164" pin="0"/><net_sink comp="2817" pin=0"/></net>

<net id="2824"><net_src comp="879" pin="1"/><net_sink comp="2817" pin=1"/></net>

<net id="2825"><net_src comp="194" pin="0"/><net_sink comp="2817" pin=2"/></net>

<net id="2826"><net_src comp="196" pin="0"/><net_sink comp="2817" pin=3"/></net>

<net id="2833"><net_src comp="164" pin="0"/><net_sink comp="2827" pin=0"/></net>

<net id="2834"><net_src comp="882" pin="1"/><net_sink comp="2827" pin=1"/></net>

<net id="2835"><net_src comp="194" pin="0"/><net_sink comp="2827" pin=2"/></net>

<net id="2836"><net_src comp="196" pin="0"/><net_sink comp="2827" pin=3"/></net>

<net id="2874"><net_src comp="158" pin="0"/><net_sink comp="2837" pin=0"/></net>

<net id="2875"><net_src comp="112" pin="0"/><net_sink comp="2837" pin=1"/></net>

<net id="2876"><net_src comp="2677" pin="4"/><net_sink comp="2837" pin=2"/></net>

<net id="2877"><net_src comp="114" pin="0"/><net_sink comp="2837" pin=3"/></net>

<net id="2878"><net_src comp="2687" pin="4"/><net_sink comp="2837" pin=4"/></net>

<net id="2879"><net_src comp="116" pin="0"/><net_sink comp="2837" pin=5"/></net>

<net id="2880"><net_src comp="2697" pin="4"/><net_sink comp="2837" pin=6"/></net>

<net id="2881"><net_src comp="118" pin="0"/><net_sink comp="2837" pin=7"/></net>

<net id="2882"><net_src comp="2707" pin="4"/><net_sink comp="2837" pin=8"/></net>

<net id="2883"><net_src comp="120" pin="0"/><net_sink comp="2837" pin=9"/></net>

<net id="2884"><net_src comp="2717" pin="4"/><net_sink comp="2837" pin=10"/></net>

<net id="2885"><net_src comp="122" pin="0"/><net_sink comp="2837" pin=11"/></net>

<net id="2886"><net_src comp="2727" pin="4"/><net_sink comp="2837" pin=12"/></net>

<net id="2887"><net_src comp="124" pin="0"/><net_sink comp="2837" pin=13"/></net>

<net id="2888"><net_src comp="2737" pin="4"/><net_sink comp="2837" pin=14"/></net>

<net id="2889"><net_src comp="126" pin="0"/><net_sink comp="2837" pin=15"/></net>

<net id="2890"><net_src comp="2747" pin="4"/><net_sink comp="2837" pin=16"/></net>

<net id="2891"><net_src comp="128" pin="0"/><net_sink comp="2837" pin=17"/></net>

<net id="2892"><net_src comp="2757" pin="4"/><net_sink comp="2837" pin=18"/></net>

<net id="2893"><net_src comp="130" pin="0"/><net_sink comp="2837" pin=19"/></net>

<net id="2894"><net_src comp="2767" pin="4"/><net_sink comp="2837" pin=20"/></net>

<net id="2895"><net_src comp="132" pin="0"/><net_sink comp="2837" pin=21"/></net>

<net id="2896"><net_src comp="2777" pin="4"/><net_sink comp="2837" pin=22"/></net>

<net id="2897"><net_src comp="134" pin="0"/><net_sink comp="2837" pin=23"/></net>

<net id="2898"><net_src comp="2787" pin="4"/><net_sink comp="2837" pin=24"/></net>

<net id="2899"><net_src comp="136" pin="0"/><net_sink comp="2837" pin=25"/></net>

<net id="2900"><net_src comp="2797" pin="4"/><net_sink comp="2837" pin=26"/></net>

<net id="2901"><net_src comp="138" pin="0"/><net_sink comp="2837" pin=27"/></net>

<net id="2902"><net_src comp="2807" pin="4"/><net_sink comp="2837" pin=28"/></net>

<net id="2903"><net_src comp="140" pin="0"/><net_sink comp="2837" pin=29"/></net>

<net id="2904"><net_src comp="2817" pin="4"/><net_sink comp="2837" pin=30"/></net>

<net id="2905"><net_src comp="160" pin="0"/><net_sink comp="2837" pin=31"/></net>

<net id="2906"><net_src comp="2827" pin="4"/><net_sink comp="2837" pin=32"/></net>

<net id="2907"><net_src comp="162" pin="0"/><net_sink comp="2837" pin=33"/></net>

<net id="2912"><net_src comp="2837" pin="35"/><net_sink comp="2908" pin=0"/></net>

<net id="2919"><net_src comp="164" pin="0"/><net_sink comp="2913" pin=0"/></net>

<net id="2920"><net_src comp="837" pin="1"/><net_sink comp="2913" pin=1"/></net>

<net id="2921"><net_src comp="198" pin="0"/><net_sink comp="2913" pin=2"/></net>

<net id="2922"><net_src comp="200" pin="0"/><net_sink comp="2913" pin=3"/></net>

<net id="2929"><net_src comp="164" pin="0"/><net_sink comp="2923" pin=0"/></net>

<net id="2930"><net_src comp="840" pin="1"/><net_sink comp="2923" pin=1"/></net>

<net id="2931"><net_src comp="198" pin="0"/><net_sink comp="2923" pin=2"/></net>

<net id="2932"><net_src comp="200" pin="0"/><net_sink comp="2923" pin=3"/></net>

<net id="2939"><net_src comp="164" pin="0"/><net_sink comp="2933" pin=0"/></net>

<net id="2940"><net_src comp="843" pin="1"/><net_sink comp="2933" pin=1"/></net>

<net id="2941"><net_src comp="198" pin="0"/><net_sink comp="2933" pin=2"/></net>

<net id="2942"><net_src comp="200" pin="0"/><net_sink comp="2933" pin=3"/></net>

<net id="2949"><net_src comp="164" pin="0"/><net_sink comp="2943" pin=0"/></net>

<net id="2950"><net_src comp="846" pin="1"/><net_sink comp="2943" pin=1"/></net>

<net id="2951"><net_src comp="198" pin="0"/><net_sink comp="2943" pin=2"/></net>

<net id="2952"><net_src comp="200" pin="0"/><net_sink comp="2943" pin=3"/></net>

<net id="2959"><net_src comp="164" pin="0"/><net_sink comp="2953" pin=0"/></net>

<net id="2960"><net_src comp="849" pin="1"/><net_sink comp="2953" pin=1"/></net>

<net id="2961"><net_src comp="198" pin="0"/><net_sink comp="2953" pin=2"/></net>

<net id="2962"><net_src comp="200" pin="0"/><net_sink comp="2953" pin=3"/></net>

<net id="2969"><net_src comp="164" pin="0"/><net_sink comp="2963" pin=0"/></net>

<net id="2970"><net_src comp="852" pin="1"/><net_sink comp="2963" pin=1"/></net>

<net id="2971"><net_src comp="198" pin="0"/><net_sink comp="2963" pin=2"/></net>

<net id="2972"><net_src comp="200" pin="0"/><net_sink comp="2963" pin=3"/></net>

<net id="2979"><net_src comp="164" pin="0"/><net_sink comp="2973" pin=0"/></net>

<net id="2980"><net_src comp="855" pin="1"/><net_sink comp="2973" pin=1"/></net>

<net id="2981"><net_src comp="198" pin="0"/><net_sink comp="2973" pin=2"/></net>

<net id="2982"><net_src comp="200" pin="0"/><net_sink comp="2973" pin=3"/></net>

<net id="2989"><net_src comp="164" pin="0"/><net_sink comp="2983" pin=0"/></net>

<net id="2990"><net_src comp="858" pin="1"/><net_sink comp="2983" pin=1"/></net>

<net id="2991"><net_src comp="198" pin="0"/><net_sink comp="2983" pin=2"/></net>

<net id="2992"><net_src comp="200" pin="0"/><net_sink comp="2983" pin=3"/></net>

<net id="2999"><net_src comp="164" pin="0"/><net_sink comp="2993" pin=0"/></net>

<net id="3000"><net_src comp="861" pin="1"/><net_sink comp="2993" pin=1"/></net>

<net id="3001"><net_src comp="198" pin="0"/><net_sink comp="2993" pin=2"/></net>

<net id="3002"><net_src comp="200" pin="0"/><net_sink comp="2993" pin=3"/></net>

<net id="3009"><net_src comp="164" pin="0"/><net_sink comp="3003" pin=0"/></net>

<net id="3010"><net_src comp="864" pin="1"/><net_sink comp="3003" pin=1"/></net>

<net id="3011"><net_src comp="198" pin="0"/><net_sink comp="3003" pin=2"/></net>

<net id="3012"><net_src comp="200" pin="0"/><net_sink comp="3003" pin=3"/></net>

<net id="3019"><net_src comp="164" pin="0"/><net_sink comp="3013" pin=0"/></net>

<net id="3020"><net_src comp="867" pin="1"/><net_sink comp="3013" pin=1"/></net>

<net id="3021"><net_src comp="198" pin="0"/><net_sink comp="3013" pin=2"/></net>

<net id="3022"><net_src comp="200" pin="0"/><net_sink comp="3013" pin=3"/></net>

<net id="3029"><net_src comp="164" pin="0"/><net_sink comp="3023" pin=0"/></net>

<net id="3030"><net_src comp="870" pin="1"/><net_sink comp="3023" pin=1"/></net>

<net id="3031"><net_src comp="198" pin="0"/><net_sink comp="3023" pin=2"/></net>

<net id="3032"><net_src comp="200" pin="0"/><net_sink comp="3023" pin=3"/></net>

<net id="3039"><net_src comp="164" pin="0"/><net_sink comp="3033" pin=0"/></net>

<net id="3040"><net_src comp="873" pin="1"/><net_sink comp="3033" pin=1"/></net>

<net id="3041"><net_src comp="198" pin="0"/><net_sink comp="3033" pin=2"/></net>

<net id="3042"><net_src comp="200" pin="0"/><net_sink comp="3033" pin=3"/></net>

<net id="3049"><net_src comp="164" pin="0"/><net_sink comp="3043" pin=0"/></net>

<net id="3050"><net_src comp="876" pin="1"/><net_sink comp="3043" pin=1"/></net>

<net id="3051"><net_src comp="198" pin="0"/><net_sink comp="3043" pin=2"/></net>

<net id="3052"><net_src comp="200" pin="0"/><net_sink comp="3043" pin=3"/></net>

<net id="3059"><net_src comp="164" pin="0"/><net_sink comp="3053" pin=0"/></net>

<net id="3060"><net_src comp="879" pin="1"/><net_sink comp="3053" pin=1"/></net>

<net id="3061"><net_src comp="198" pin="0"/><net_sink comp="3053" pin=2"/></net>

<net id="3062"><net_src comp="200" pin="0"/><net_sink comp="3053" pin=3"/></net>

<net id="3069"><net_src comp="164" pin="0"/><net_sink comp="3063" pin=0"/></net>

<net id="3070"><net_src comp="882" pin="1"/><net_sink comp="3063" pin=1"/></net>

<net id="3071"><net_src comp="198" pin="0"/><net_sink comp="3063" pin=2"/></net>

<net id="3072"><net_src comp="200" pin="0"/><net_sink comp="3063" pin=3"/></net>

<net id="3110"><net_src comp="158" pin="0"/><net_sink comp="3073" pin=0"/></net>

<net id="3111"><net_src comp="112" pin="0"/><net_sink comp="3073" pin=1"/></net>

<net id="3112"><net_src comp="2913" pin="4"/><net_sink comp="3073" pin=2"/></net>

<net id="3113"><net_src comp="114" pin="0"/><net_sink comp="3073" pin=3"/></net>

<net id="3114"><net_src comp="2923" pin="4"/><net_sink comp="3073" pin=4"/></net>

<net id="3115"><net_src comp="116" pin="0"/><net_sink comp="3073" pin=5"/></net>

<net id="3116"><net_src comp="2933" pin="4"/><net_sink comp="3073" pin=6"/></net>

<net id="3117"><net_src comp="118" pin="0"/><net_sink comp="3073" pin=7"/></net>

<net id="3118"><net_src comp="2943" pin="4"/><net_sink comp="3073" pin=8"/></net>

<net id="3119"><net_src comp="120" pin="0"/><net_sink comp="3073" pin=9"/></net>

<net id="3120"><net_src comp="2953" pin="4"/><net_sink comp="3073" pin=10"/></net>

<net id="3121"><net_src comp="122" pin="0"/><net_sink comp="3073" pin=11"/></net>

<net id="3122"><net_src comp="2963" pin="4"/><net_sink comp="3073" pin=12"/></net>

<net id="3123"><net_src comp="124" pin="0"/><net_sink comp="3073" pin=13"/></net>

<net id="3124"><net_src comp="2973" pin="4"/><net_sink comp="3073" pin=14"/></net>

<net id="3125"><net_src comp="126" pin="0"/><net_sink comp="3073" pin=15"/></net>

<net id="3126"><net_src comp="2983" pin="4"/><net_sink comp="3073" pin=16"/></net>

<net id="3127"><net_src comp="128" pin="0"/><net_sink comp="3073" pin=17"/></net>

<net id="3128"><net_src comp="2993" pin="4"/><net_sink comp="3073" pin=18"/></net>

<net id="3129"><net_src comp="130" pin="0"/><net_sink comp="3073" pin=19"/></net>

<net id="3130"><net_src comp="3003" pin="4"/><net_sink comp="3073" pin=20"/></net>

<net id="3131"><net_src comp="132" pin="0"/><net_sink comp="3073" pin=21"/></net>

<net id="3132"><net_src comp="3013" pin="4"/><net_sink comp="3073" pin=22"/></net>

<net id="3133"><net_src comp="134" pin="0"/><net_sink comp="3073" pin=23"/></net>

<net id="3134"><net_src comp="3023" pin="4"/><net_sink comp="3073" pin=24"/></net>

<net id="3135"><net_src comp="136" pin="0"/><net_sink comp="3073" pin=25"/></net>

<net id="3136"><net_src comp="3033" pin="4"/><net_sink comp="3073" pin=26"/></net>

<net id="3137"><net_src comp="138" pin="0"/><net_sink comp="3073" pin=27"/></net>

<net id="3138"><net_src comp="3043" pin="4"/><net_sink comp="3073" pin=28"/></net>

<net id="3139"><net_src comp="140" pin="0"/><net_sink comp="3073" pin=29"/></net>

<net id="3140"><net_src comp="3053" pin="4"/><net_sink comp="3073" pin=30"/></net>

<net id="3141"><net_src comp="160" pin="0"/><net_sink comp="3073" pin=31"/></net>

<net id="3142"><net_src comp="3063" pin="4"/><net_sink comp="3073" pin=32"/></net>

<net id="3143"><net_src comp="162" pin="0"/><net_sink comp="3073" pin=33"/></net>

<net id="3148"><net_src comp="3073" pin="35"/><net_sink comp="3144" pin=0"/></net>

<net id="3155"><net_src comp="164" pin="0"/><net_sink comp="3149" pin=0"/></net>

<net id="3156"><net_src comp="837" pin="1"/><net_sink comp="3149" pin=1"/></net>

<net id="3157"><net_src comp="202" pin="0"/><net_sink comp="3149" pin=2"/></net>

<net id="3158"><net_src comp="204" pin="0"/><net_sink comp="3149" pin=3"/></net>

<net id="3165"><net_src comp="164" pin="0"/><net_sink comp="3159" pin=0"/></net>

<net id="3166"><net_src comp="840" pin="1"/><net_sink comp="3159" pin=1"/></net>

<net id="3167"><net_src comp="202" pin="0"/><net_sink comp="3159" pin=2"/></net>

<net id="3168"><net_src comp="204" pin="0"/><net_sink comp="3159" pin=3"/></net>

<net id="3175"><net_src comp="164" pin="0"/><net_sink comp="3169" pin=0"/></net>

<net id="3176"><net_src comp="843" pin="1"/><net_sink comp="3169" pin=1"/></net>

<net id="3177"><net_src comp="202" pin="0"/><net_sink comp="3169" pin=2"/></net>

<net id="3178"><net_src comp="204" pin="0"/><net_sink comp="3169" pin=3"/></net>

<net id="3185"><net_src comp="164" pin="0"/><net_sink comp="3179" pin=0"/></net>

<net id="3186"><net_src comp="846" pin="1"/><net_sink comp="3179" pin=1"/></net>

<net id="3187"><net_src comp="202" pin="0"/><net_sink comp="3179" pin=2"/></net>

<net id="3188"><net_src comp="204" pin="0"/><net_sink comp="3179" pin=3"/></net>

<net id="3195"><net_src comp="164" pin="0"/><net_sink comp="3189" pin=0"/></net>

<net id="3196"><net_src comp="849" pin="1"/><net_sink comp="3189" pin=1"/></net>

<net id="3197"><net_src comp="202" pin="0"/><net_sink comp="3189" pin=2"/></net>

<net id="3198"><net_src comp="204" pin="0"/><net_sink comp="3189" pin=3"/></net>

<net id="3205"><net_src comp="164" pin="0"/><net_sink comp="3199" pin=0"/></net>

<net id="3206"><net_src comp="852" pin="1"/><net_sink comp="3199" pin=1"/></net>

<net id="3207"><net_src comp="202" pin="0"/><net_sink comp="3199" pin=2"/></net>

<net id="3208"><net_src comp="204" pin="0"/><net_sink comp="3199" pin=3"/></net>

<net id="3215"><net_src comp="164" pin="0"/><net_sink comp="3209" pin=0"/></net>

<net id="3216"><net_src comp="855" pin="1"/><net_sink comp="3209" pin=1"/></net>

<net id="3217"><net_src comp="202" pin="0"/><net_sink comp="3209" pin=2"/></net>

<net id="3218"><net_src comp="204" pin="0"/><net_sink comp="3209" pin=3"/></net>

<net id="3225"><net_src comp="164" pin="0"/><net_sink comp="3219" pin=0"/></net>

<net id="3226"><net_src comp="858" pin="1"/><net_sink comp="3219" pin=1"/></net>

<net id="3227"><net_src comp="202" pin="0"/><net_sink comp="3219" pin=2"/></net>

<net id="3228"><net_src comp="204" pin="0"/><net_sink comp="3219" pin=3"/></net>

<net id="3235"><net_src comp="164" pin="0"/><net_sink comp="3229" pin=0"/></net>

<net id="3236"><net_src comp="861" pin="1"/><net_sink comp="3229" pin=1"/></net>

<net id="3237"><net_src comp="202" pin="0"/><net_sink comp="3229" pin=2"/></net>

<net id="3238"><net_src comp="204" pin="0"/><net_sink comp="3229" pin=3"/></net>

<net id="3245"><net_src comp="164" pin="0"/><net_sink comp="3239" pin=0"/></net>

<net id="3246"><net_src comp="864" pin="1"/><net_sink comp="3239" pin=1"/></net>

<net id="3247"><net_src comp="202" pin="0"/><net_sink comp="3239" pin=2"/></net>

<net id="3248"><net_src comp="204" pin="0"/><net_sink comp="3239" pin=3"/></net>

<net id="3255"><net_src comp="164" pin="0"/><net_sink comp="3249" pin=0"/></net>

<net id="3256"><net_src comp="867" pin="1"/><net_sink comp="3249" pin=1"/></net>

<net id="3257"><net_src comp="202" pin="0"/><net_sink comp="3249" pin=2"/></net>

<net id="3258"><net_src comp="204" pin="0"/><net_sink comp="3249" pin=3"/></net>

<net id="3265"><net_src comp="164" pin="0"/><net_sink comp="3259" pin=0"/></net>

<net id="3266"><net_src comp="870" pin="1"/><net_sink comp="3259" pin=1"/></net>

<net id="3267"><net_src comp="202" pin="0"/><net_sink comp="3259" pin=2"/></net>

<net id="3268"><net_src comp="204" pin="0"/><net_sink comp="3259" pin=3"/></net>

<net id="3275"><net_src comp="164" pin="0"/><net_sink comp="3269" pin=0"/></net>

<net id="3276"><net_src comp="873" pin="1"/><net_sink comp="3269" pin=1"/></net>

<net id="3277"><net_src comp="202" pin="0"/><net_sink comp="3269" pin=2"/></net>

<net id="3278"><net_src comp="204" pin="0"/><net_sink comp="3269" pin=3"/></net>

<net id="3285"><net_src comp="164" pin="0"/><net_sink comp="3279" pin=0"/></net>

<net id="3286"><net_src comp="876" pin="1"/><net_sink comp="3279" pin=1"/></net>

<net id="3287"><net_src comp="202" pin="0"/><net_sink comp="3279" pin=2"/></net>

<net id="3288"><net_src comp="204" pin="0"/><net_sink comp="3279" pin=3"/></net>

<net id="3295"><net_src comp="164" pin="0"/><net_sink comp="3289" pin=0"/></net>

<net id="3296"><net_src comp="879" pin="1"/><net_sink comp="3289" pin=1"/></net>

<net id="3297"><net_src comp="202" pin="0"/><net_sink comp="3289" pin=2"/></net>

<net id="3298"><net_src comp="204" pin="0"/><net_sink comp="3289" pin=3"/></net>

<net id="3305"><net_src comp="164" pin="0"/><net_sink comp="3299" pin=0"/></net>

<net id="3306"><net_src comp="882" pin="1"/><net_sink comp="3299" pin=1"/></net>

<net id="3307"><net_src comp="202" pin="0"/><net_sink comp="3299" pin=2"/></net>

<net id="3308"><net_src comp="204" pin="0"/><net_sink comp="3299" pin=3"/></net>

<net id="3346"><net_src comp="158" pin="0"/><net_sink comp="3309" pin=0"/></net>

<net id="3347"><net_src comp="112" pin="0"/><net_sink comp="3309" pin=1"/></net>

<net id="3348"><net_src comp="3149" pin="4"/><net_sink comp="3309" pin=2"/></net>

<net id="3349"><net_src comp="114" pin="0"/><net_sink comp="3309" pin=3"/></net>

<net id="3350"><net_src comp="3159" pin="4"/><net_sink comp="3309" pin=4"/></net>

<net id="3351"><net_src comp="116" pin="0"/><net_sink comp="3309" pin=5"/></net>

<net id="3352"><net_src comp="3169" pin="4"/><net_sink comp="3309" pin=6"/></net>

<net id="3353"><net_src comp="118" pin="0"/><net_sink comp="3309" pin=7"/></net>

<net id="3354"><net_src comp="3179" pin="4"/><net_sink comp="3309" pin=8"/></net>

<net id="3355"><net_src comp="120" pin="0"/><net_sink comp="3309" pin=9"/></net>

<net id="3356"><net_src comp="3189" pin="4"/><net_sink comp="3309" pin=10"/></net>

<net id="3357"><net_src comp="122" pin="0"/><net_sink comp="3309" pin=11"/></net>

<net id="3358"><net_src comp="3199" pin="4"/><net_sink comp="3309" pin=12"/></net>

<net id="3359"><net_src comp="124" pin="0"/><net_sink comp="3309" pin=13"/></net>

<net id="3360"><net_src comp="3209" pin="4"/><net_sink comp="3309" pin=14"/></net>

<net id="3361"><net_src comp="126" pin="0"/><net_sink comp="3309" pin=15"/></net>

<net id="3362"><net_src comp="3219" pin="4"/><net_sink comp="3309" pin=16"/></net>

<net id="3363"><net_src comp="128" pin="0"/><net_sink comp="3309" pin=17"/></net>

<net id="3364"><net_src comp="3229" pin="4"/><net_sink comp="3309" pin=18"/></net>

<net id="3365"><net_src comp="130" pin="0"/><net_sink comp="3309" pin=19"/></net>

<net id="3366"><net_src comp="3239" pin="4"/><net_sink comp="3309" pin=20"/></net>

<net id="3367"><net_src comp="132" pin="0"/><net_sink comp="3309" pin=21"/></net>

<net id="3368"><net_src comp="3249" pin="4"/><net_sink comp="3309" pin=22"/></net>

<net id="3369"><net_src comp="134" pin="0"/><net_sink comp="3309" pin=23"/></net>

<net id="3370"><net_src comp="3259" pin="4"/><net_sink comp="3309" pin=24"/></net>

<net id="3371"><net_src comp="136" pin="0"/><net_sink comp="3309" pin=25"/></net>

<net id="3372"><net_src comp="3269" pin="4"/><net_sink comp="3309" pin=26"/></net>

<net id="3373"><net_src comp="138" pin="0"/><net_sink comp="3309" pin=27"/></net>

<net id="3374"><net_src comp="3279" pin="4"/><net_sink comp="3309" pin=28"/></net>

<net id="3375"><net_src comp="140" pin="0"/><net_sink comp="3309" pin=29"/></net>

<net id="3376"><net_src comp="3289" pin="4"/><net_sink comp="3309" pin=30"/></net>

<net id="3377"><net_src comp="160" pin="0"/><net_sink comp="3309" pin=31"/></net>

<net id="3378"><net_src comp="3299" pin="4"/><net_sink comp="3309" pin=32"/></net>

<net id="3379"><net_src comp="162" pin="0"/><net_sink comp="3309" pin=33"/></net>

<net id="3384"><net_src comp="3309" pin="35"/><net_sink comp="3380" pin=0"/></net>

<net id="3391"><net_src comp="164" pin="0"/><net_sink comp="3385" pin=0"/></net>

<net id="3392"><net_src comp="837" pin="1"/><net_sink comp="3385" pin=1"/></net>

<net id="3393"><net_src comp="206" pin="0"/><net_sink comp="3385" pin=2"/></net>

<net id="3394"><net_src comp="208" pin="0"/><net_sink comp="3385" pin=3"/></net>

<net id="3401"><net_src comp="164" pin="0"/><net_sink comp="3395" pin=0"/></net>

<net id="3402"><net_src comp="840" pin="1"/><net_sink comp="3395" pin=1"/></net>

<net id="3403"><net_src comp="206" pin="0"/><net_sink comp="3395" pin=2"/></net>

<net id="3404"><net_src comp="208" pin="0"/><net_sink comp="3395" pin=3"/></net>

<net id="3411"><net_src comp="164" pin="0"/><net_sink comp="3405" pin=0"/></net>

<net id="3412"><net_src comp="843" pin="1"/><net_sink comp="3405" pin=1"/></net>

<net id="3413"><net_src comp="206" pin="0"/><net_sink comp="3405" pin=2"/></net>

<net id="3414"><net_src comp="208" pin="0"/><net_sink comp="3405" pin=3"/></net>

<net id="3421"><net_src comp="164" pin="0"/><net_sink comp="3415" pin=0"/></net>

<net id="3422"><net_src comp="846" pin="1"/><net_sink comp="3415" pin=1"/></net>

<net id="3423"><net_src comp="206" pin="0"/><net_sink comp="3415" pin=2"/></net>

<net id="3424"><net_src comp="208" pin="0"/><net_sink comp="3415" pin=3"/></net>

<net id="3431"><net_src comp="164" pin="0"/><net_sink comp="3425" pin=0"/></net>

<net id="3432"><net_src comp="849" pin="1"/><net_sink comp="3425" pin=1"/></net>

<net id="3433"><net_src comp="206" pin="0"/><net_sink comp="3425" pin=2"/></net>

<net id="3434"><net_src comp="208" pin="0"/><net_sink comp="3425" pin=3"/></net>

<net id="3441"><net_src comp="164" pin="0"/><net_sink comp="3435" pin=0"/></net>

<net id="3442"><net_src comp="852" pin="1"/><net_sink comp="3435" pin=1"/></net>

<net id="3443"><net_src comp="206" pin="0"/><net_sink comp="3435" pin=2"/></net>

<net id="3444"><net_src comp="208" pin="0"/><net_sink comp="3435" pin=3"/></net>

<net id="3451"><net_src comp="164" pin="0"/><net_sink comp="3445" pin=0"/></net>

<net id="3452"><net_src comp="855" pin="1"/><net_sink comp="3445" pin=1"/></net>

<net id="3453"><net_src comp="206" pin="0"/><net_sink comp="3445" pin=2"/></net>

<net id="3454"><net_src comp="208" pin="0"/><net_sink comp="3445" pin=3"/></net>

<net id="3461"><net_src comp="164" pin="0"/><net_sink comp="3455" pin=0"/></net>

<net id="3462"><net_src comp="858" pin="1"/><net_sink comp="3455" pin=1"/></net>

<net id="3463"><net_src comp="206" pin="0"/><net_sink comp="3455" pin=2"/></net>

<net id="3464"><net_src comp="208" pin="0"/><net_sink comp="3455" pin=3"/></net>

<net id="3471"><net_src comp="164" pin="0"/><net_sink comp="3465" pin=0"/></net>

<net id="3472"><net_src comp="861" pin="1"/><net_sink comp="3465" pin=1"/></net>

<net id="3473"><net_src comp="206" pin="0"/><net_sink comp="3465" pin=2"/></net>

<net id="3474"><net_src comp="208" pin="0"/><net_sink comp="3465" pin=3"/></net>

<net id="3481"><net_src comp="164" pin="0"/><net_sink comp="3475" pin=0"/></net>

<net id="3482"><net_src comp="864" pin="1"/><net_sink comp="3475" pin=1"/></net>

<net id="3483"><net_src comp="206" pin="0"/><net_sink comp="3475" pin=2"/></net>

<net id="3484"><net_src comp="208" pin="0"/><net_sink comp="3475" pin=3"/></net>

<net id="3491"><net_src comp="164" pin="0"/><net_sink comp="3485" pin=0"/></net>

<net id="3492"><net_src comp="867" pin="1"/><net_sink comp="3485" pin=1"/></net>

<net id="3493"><net_src comp="206" pin="0"/><net_sink comp="3485" pin=2"/></net>

<net id="3494"><net_src comp="208" pin="0"/><net_sink comp="3485" pin=3"/></net>

<net id="3501"><net_src comp="164" pin="0"/><net_sink comp="3495" pin=0"/></net>

<net id="3502"><net_src comp="870" pin="1"/><net_sink comp="3495" pin=1"/></net>

<net id="3503"><net_src comp="206" pin="0"/><net_sink comp="3495" pin=2"/></net>

<net id="3504"><net_src comp="208" pin="0"/><net_sink comp="3495" pin=3"/></net>

<net id="3511"><net_src comp="164" pin="0"/><net_sink comp="3505" pin=0"/></net>

<net id="3512"><net_src comp="873" pin="1"/><net_sink comp="3505" pin=1"/></net>

<net id="3513"><net_src comp="206" pin="0"/><net_sink comp="3505" pin=2"/></net>

<net id="3514"><net_src comp="208" pin="0"/><net_sink comp="3505" pin=3"/></net>

<net id="3521"><net_src comp="164" pin="0"/><net_sink comp="3515" pin=0"/></net>

<net id="3522"><net_src comp="876" pin="1"/><net_sink comp="3515" pin=1"/></net>

<net id="3523"><net_src comp="206" pin="0"/><net_sink comp="3515" pin=2"/></net>

<net id="3524"><net_src comp="208" pin="0"/><net_sink comp="3515" pin=3"/></net>

<net id="3531"><net_src comp="164" pin="0"/><net_sink comp="3525" pin=0"/></net>

<net id="3532"><net_src comp="879" pin="1"/><net_sink comp="3525" pin=1"/></net>

<net id="3533"><net_src comp="206" pin="0"/><net_sink comp="3525" pin=2"/></net>

<net id="3534"><net_src comp="208" pin="0"/><net_sink comp="3525" pin=3"/></net>

<net id="3541"><net_src comp="164" pin="0"/><net_sink comp="3535" pin=0"/></net>

<net id="3542"><net_src comp="882" pin="1"/><net_sink comp="3535" pin=1"/></net>

<net id="3543"><net_src comp="206" pin="0"/><net_sink comp="3535" pin=2"/></net>

<net id="3544"><net_src comp="208" pin="0"/><net_sink comp="3535" pin=3"/></net>

<net id="3582"><net_src comp="158" pin="0"/><net_sink comp="3545" pin=0"/></net>

<net id="3583"><net_src comp="112" pin="0"/><net_sink comp="3545" pin=1"/></net>

<net id="3584"><net_src comp="3385" pin="4"/><net_sink comp="3545" pin=2"/></net>

<net id="3585"><net_src comp="114" pin="0"/><net_sink comp="3545" pin=3"/></net>

<net id="3586"><net_src comp="3395" pin="4"/><net_sink comp="3545" pin=4"/></net>

<net id="3587"><net_src comp="116" pin="0"/><net_sink comp="3545" pin=5"/></net>

<net id="3588"><net_src comp="3405" pin="4"/><net_sink comp="3545" pin=6"/></net>

<net id="3589"><net_src comp="118" pin="0"/><net_sink comp="3545" pin=7"/></net>

<net id="3590"><net_src comp="3415" pin="4"/><net_sink comp="3545" pin=8"/></net>

<net id="3591"><net_src comp="120" pin="0"/><net_sink comp="3545" pin=9"/></net>

<net id="3592"><net_src comp="3425" pin="4"/><net_sink comp="3545" pin=10"/></net>

<net id="3593"><net_src comp="122" pin="0"/><net_sink comp="3545" pin=11"/></net>

<net id="3594"><net_src comp="3435" pin="4"/><net_sink comp="3545" pin=12"/></net>

<net id="3595"><net_src comp="124" pin="0"/><net_sink comp="3545" pin=13"/></net>

<net id="3596"><net_src comp="3445" pin="4"/><net_sink comp="3545" pin=14"/></net>

<net id="3597"><net_src comp="126" pin="0"/><net_sink comp="3545" pin=15"/></net>

<net id="3598"><net_src comp="3455" pin="4"/><net_sink comp="3545" pin=16"/></net>

<net id="3599"><net_src comp="128" pin="0"/><net_sink comp="3545" pin=17"/></net>

<net id="3600"><net_src comp="3465" pin="4"/><net_sink comp="3545" pin=18"/></net>

<net id="3601"><net_src comp="130" pin="0"/><net_sink comp="3545" pin=19"/></net>

<net id="3602"><net_src comp="3475" pin="4"/><net_sink comp="3545" pin=20"/></net>

<net id="3603"><net_src comp="132" pin="0"/><net_sink comp="3545" pin=21"/></net>

<net id="3604"><net_src comp="3485" pin="4"/><net_sink comp="3545" pin=22"/></net>

<net id="3605"><net_src comp="134" pin="0"/><net_sink comp="3545" pin=23"/></net>

<net id="3606"><net_src comp="3495" pin="4"/><net_sink comp="3545" pin=24"/></net>

<net id="3607"><net_src comp="136" pin="0"/><net_sink comp="3545" pin=25"/></net>

<net id="3608"><net_src comp="3505" pin="4"/><net_sink comp="3545" pin=26"/></net>

<net id="3609"><net_src comp="138" pin="0"/><net_sink comp="3545" pin=27"/></net>

<net id="3610"><net_src comp="3515" pin="4"/><net_sink comp="3545" pin=28"/></net>

<net id="3611"><net_src comp="140" pin="0"/><net_sink comp="3545" pin=29"/></net>

<net id="3612"><net_src comp="3525" pin="4"/><net_sink comp="3545" pin=30"/></net>

<net id="3613"><net_src comp="160" pin="0"/><net_sink comp="3545" pin=31"/></net>

<net id="3614"><net_src comp="3535" pin="4"/><net_sink comp="3545" pin=32"/></net>

<net id="3615"><net_src comp="162" pin="0"/><net_sink comp="3545" pin=33"/></net>

<net id="3620"><net_src comp="3545" pin="35"/><net_sink comp="3616" pin=0"/></net>

<net id="3627"><net_src comp="164" pin="0"/><net_sink comp="3621" pin=0"/></net>

<net id="3628"><net_src comp="837" pin="1"/><net_sink comp="3621" pin=1"/></net>

<net id="3629"><net_src comp="210" pin="0"/><net_sink comp="3621" pin=2"/></net>

<net id="3630"><net_src comp="212" pin="0"/><net_sink comp="3621" pin=3"/></net>

<net id="3637"><net_src comp="164" pin="0"/><net_sink comp="3631" pin=0"/></net>

<net id="3638"><net_src comp="840" pin="1"/><net_sink comp="3631" pin=1"/></net>

<net id="3639"><net_src comp="210" pin="0"/><net_sink comp="3631" pin=2"/></net>

<net id="3640"><net_src comp="212" pin="0"/><net_sink comp="3631" pin=3"/></net>

<net id="3647"><net_src comp="164" pin="0"/><net_sink comp="3641" pin=0"/></net>

<net id="3648"><net_src comp="843" pin="1"/><net_sink comp="3641" pin=1"/></net>

<net id="3649"><net_src comp="210" pin="0"/><net_sink comp="3641" pin=2"/></net>

<net id="3650"><net_src comp="212" pin="0"/><net_sink comp="3641" pin=3"/></net>

<net id="3657"><net_src comp="164" pin="0"/><net_sink comp="3651" pin=0"/></net>

<net id="3658"><net_src comp="846" pin="1"/><net_sink comp="3651" pin=1"/></net>

<net id="3659"><net_src comp="210" pin="0"/><net_sink comp="3651" pin=2"/></net>

<net id="3660"><net_src comp="212" pin="0"/><net_sink comp="3651" pin=3"/></net>

<net id="3667"><net_src comp="164" pin="0"/><net_sink comp="3661" pin=0"/></net>

<net id="3668"><net_src comp="849" pin="1"/><net_sink comp="3661" pin=1"/></net>

<net id="3669"><net_src comp="210" pin="0"/><net_sink comp="3661" pin=2"/></net>

<net id="3670"><net_src comp="212" pin="0"/><net_sink comp="3661" pin=3"/></net>

<net id="3677"><net_src comp="164" pin="0"/><net_sink comp="3671" pin=0"/></net>

<net id="3678"><net_src comp="852" pin="1"/><net_sink comp="3671" pin=1"/></net>

<net id="3679"><net_src comp="210" pin="0"/><net_sink comp="3671" pin=2"/></net>

<net id="3680"><net_src comp="212" pin="0"/><net_sink comp="3671" pin=3"/></net>

<net id="3687"><net_src comp="164" pin="0"/><net_sink comp="3681" pin=0"/></net>

<net id="3688"><net_src comp="855" pin="1"/><net_sink comp="3681" pin=1"/></net>

<net id="3689"><net_src comp="210" pin="0"/><net_sink comp="3681" pin=2"/></net>

<net id="3690"><net_src comp="212" pin="0"/><net_sink comp="3681" pin=3"/></net>

<net id="3697"><net_src comp="164" pin="0"/><net_sink comp="3691" pin=0"/></net>

<net id="3698"><net_src comp="858" pin="1"/><net_sink comp="3691" pin=1"/></net>

<net id="3699"><net_src comp="210" pin="0"/><net_sink comp="3691" pin=2"/></net>

<net id="3700"><net_src comp="212" pin="0"/><net_sink comp="3691" pin=3"/></net>

<net id="3707"><net_src comp="164" pin="0"/><net_sink comp="3701" pin=0"/></net>

<net id="3708"><net_src comp="861" pin="1"/><net_sink comp="3701" pin=1"/></net>

<net id="3709"><net_src comp="210" pin="0"/><net_sink comp="3701" pin=2"/></net>

<net id="3710"><net_src comp="212" pin="0"/><net_sink comp="3701" pin=3"/></net>

<net id="3717"><net_src comp="164" pin="0"/><net_sink comp="3711" pin=0"/></net>

<net id="3718"><net_src comp="864" pin="1"/><net_sink comp="3711" pin=1"/></net>

<net id="3719"><net_src comp="210" pin="0"/><net_sink comp="3711" pin=2"/></net>

<net id="3720"><net_src comp="212" pin="0"/><net_sink comp="3711" pin=3"/></net>

<net id="3727"><net_src comp="164" pin="0"/><net_sink comp="3721" pin=0"/></net>

<net id="3728"><net_src comp="867" pin="1"/><net_sink comp="3721" pin=1"/></net>

<net id="3729"><net_src comp="210" pin="0"/><net_sink comp="3721" pin=2"/></net>

<net id="3730"><net_src comp="212" pin="0"/><net_sink comp="3721" pin=3"/></net>

<net id="3737"><net_src comp="164" pin="0"/><net_sink comp="3731" pin=0"/></net>

<net id="3738"><net_src comp="870" pin="1"/><net_sink comp="3731" pin=1"/></net>

<net id="3739"><net_src comp="210" pin="0"/><net_sink comp="3731" pin=2"/></net>

<net id="3740"><net_src comp="212" pin="0"/><net_sink comp="3731" pin=3"/></net>

<net id="3747"><net_src comp="164" pin="0"/><net_sink comp="3741" pin=0"/></net>

<net id="3748"><net_src comp="873" pin="1"/><net_sink comp="3741" pin=1"/></net>

<net id="3749"><net_src comp="210" pin="0"/><net_sink comp="3741" pin=2"/></net>

<net id="3750"><net_src comp="212" pin="0"/><net_sink comp="3741" pin=3"/></net>

<net id="3757"><net_src comp="164" pin="0"/><net_sink comp="3751" pin=0"/></net>

<net id="3758"><net_src comp="876" pin="1"/><net_sink comp="3751" pin=1"/></net>

<net id="3759"><net_src comp="210" pin="0"/><net_sink comp="3751" pin=2"/></net>

<net id="3760"><net_src comp="212" pin="0"/><net_sink comp="3751" pin=3"/></net>

<net id="3767"><net_src comp="164" pin="0"/><net_sink comp="3761" pin=0"/></net>

<net id="3768"><net_src comp="879" pin="1"/><net_sink comp="3761" pin=1"/></net>

<net id="3769"><net_src comp="210" pin="0"/><net_sink comp="3761" pin=2"/></net>

<net id="3770"><net_src comp="212" pin="0"/><net_sink comp="3761" pin=3"/></net>

<net id="3777"><net_src comp="164" pin="0"/><net_sink comp="3771" pin=0"/></net>

<net id="3778"><net_src comp="882" pin="1"/><net_sink comp="3771" pin=1"/></net>

<net id="3779"><net_src comp="210" pin="0"/><net_sink comp="3771" pin=2"/></net>

<net id="3780"><net_src comp="212" pin="0"/><net_sink comp="3771" pin=3"/></net>

<net id="3818"><net_src comp="158" pin="0"/><net_sink comp="3781" pin=0"/></net>

<net id="3819"><net_src comp="112" pin="0"/><net_sink comp="3781" pin=1"/></net>

<net id="3820"><net_src comp="3621" pin="4"/><net_sink comp="3781" pin=2"/></net>

<net id="3821"><net_src comp="114" pin="0"/><net_sink comp="3781" pin=3"/></net>

<net id="3822"><net_src comp="3631" pin="4"/><net_sink comp="3781" pin=4"/></net>

<net id="3823"><net_src comp="116" pin="0"/><net_sink comp="3781" pin=5"/></net>

<net id="3824"><net_src comp="3641" pin="4"/><net_sink comp="3781" pin=6"/></net>

<net id="3825"><net_src comp="118" pin="0"/><net_sink comp="3781" pin=7"/></net>

<net id="3826"><net_src comp="3651" pin="4"/><net_sink comp="3781" pin=8"/></net>

<net id="3827"><net_src comp="120" pin="0"/><net_sink comp="3781" pin=9"/></net>

<net id="3828"><net_src comp="3661" pin="4"/><net_sink comp="3781" pin=10"/></net>

<net id="3829"><net_src comp="122" pin="0"/><net_sink comp="3781" pin=11"/></net>

<net id="3830"><net_src comp="3671" pin="4"/><net_sink comp="3781" pin=12"/></net>

<net id="3831"><net_src comp="124" pin="0"/><net_sink comp="3781" pin=13"/></net>

<net id="3832"><net_src comp="3681" pin="4"/><net_sink comp="3781" pin=14"/></net>

<net id="3833"><net_src comp="126" pin="0"/><net_sink comp="3781" pin=15"/></net>

<net id="3834"><net_src comp="3691" pin="4"/><net_sink comp="3781" pin=16"/></net>

<net id="3835"><net_src comp="128" pin="0"/><net_sink comp="3781" pin=17"/></net>

<net id="3836"><net_src comp="3701" pin="4"/><net_sink comp="3781" pin=18"/></net>

<net id="3837"><net_src comp="130" pin="0"/><net_sink comp="3781" pin=19"/></net>

<net id="3838"><net_src comp="3711" pin="4"/><net_sink comp="3781" pin=20"/></net>

<net id="3839"><net_src comp="132" pin="0"/><net_sink comp="3781" pin=21"/></net>

<net id="3840"><net_src comp="3721" pin="4"/><net_sink comp="3781" pin=22"/></net>

<net id="3841"><net_src comp="134" pin="0"/><net_sink comp="3781" pin=23"/></net>

<net id="3842"><net_src comp="3731" pin="4"/><net_sink comp="3781" pin=24"/></net>

<net id="3843"><net_src comp="136" pin="0"/><net_sink comp="3781" pin=25"/></net>

<net id="3844"><net_src comp="3741" pin="4"/><net_sink comp="3781" pin=26"/></net>

<net id="3845"><net_src comp="138" pin="0"/><net_sink comp="3781" pin=27"/></net>

<net id="3846"><net_src comp="3751" pin="4"/><net_sink comp="3781" pin=28"/></net>

<net id="3847"><net_src comp="140" pin="0"/><net_sink comp="3781" pin=29"/></net>

<net id="3848"><net_src comp="3761" pin="4"/><net_sink comp="3781" pin=30"/></net>

<net id="3849"><net_src comp="160" pin="0"/><net_sink comp="3781" pin=31"/></net>

<net id="3850"><net_src comp="3771" pin="4"/><net_sink comp="3781" pin=32"/></net>

<net id="3851"><net_src comp="162" pin="0"/><net_sink comp="3781" pin=33"/></net>

<net id="3856"><net_src comp="3781" pin="35"/><net_sink comp="3852" pin=0"/></net>

<net id="3863"><net_src comp="164" pin="0"/><net_sink comp="3857" pin=0"/></net>

<net id="3864"><net_src comp="837" pin="1"/><net_sink comp="3857" pin=1"/></net>

<net id="3865"><net_src comp="214" pin="0"/><net_sink comp="3857" pin=2"/></net>

<net id="3866"><net_src comp="216" pin="0"/><net_sink comp="3857" pin=3"/></net>

<net id="3873"><net_src comp="164" pin="0"/><net_sink comp="3867" pin=0"/></net>

<net id="3874"><net_src comp="840" pin="1"/><net_sink comp="3867" pin=1"/></net>

<net id="3875"><net_src comp="214" pin="0"/><net_sink comp="3867" pin=2"/></net>

<net id="3876"><net_src comp="216" pin="0"/><net_sink comp="3867" pin=3"/></net>

<net id="3883"><net_src comp="164" pin="0"/><net_sink comp="3877" pin=0"/></net>

<net id="3884"><net_src comp="843" pin="1"/><net_sink comp="3877" pin=1"/></net>

<net id="3885"><net_src comp="214" pin="0"/><net_sink comp="3877" pin=2"/></net>

<net id="3886"><net_src comp="216" pin="0"/><net_sink comp="3877" pin=3"/></net>

<net id="3893"><net_src comp="164" pin="0"/><net_sink comp="3887" pin=0"/></net>

<net id="3894"><net_src comp="846" pin="1"/><net_sink comp="3887" pin=1"/></net>

<net id="3895"><net_src comp="214" pin="0"/><net_sink comp="3887" pin=2"/></net>

<net id="3896"><net_src comp="216" pin="0"/><net_sink comp="3887" pin=3"/></net>

<net id="3903"><net_src comp="164" pin="0"/><net_sink comp="3897" pin=0"/></net>

<net id="3904"><net_src comp="849" pin="1"/><net_sink comp="3897" pin=1"/></net>

<net id="3905"><net_src comp="214" pin="0"/><net_sink comp="3897" pin=2"/></net>

<net id="3906"><net_src comp="216" pin="0"/><net_sink comp="3897" pin=3"/></net>

<net id="3913"><net_src comp="164" pin="0"/><net_sink comp="3907" pin=0"/></net>

<net id="3914"><net_src comp="852" pin="1"/><net_sink comp="3907" pin=1"/></net>

<net id="3915"><net_src comp="214" pin="0"/><net_sink comp="3907" pin=2"/></net>

<net id="3916"><net_src comp="216" pin="0"/><net_sink comp="3907" pin=3"/></net>

<net id="3923"><net_src comp="164" pin="0"/><net_sink comp="3917" pin=0"/></net>

<net id="3924"><net_src comp="855" pin="1"/><net_sink comp="3917" pin=1"/></net>

<net id="3925"><net_src comp="214" pin="0"/><net_sink comp="3917" pin=2"/></net>

<net id="3926"><net_src comp="216" pin="0"/><net_sink comp="3917" pin=3"/></net>

<net id="3933"><net_src comp="164" pin="0"/><net_sink comp="3927" pin=0"/></net>

<net id="3934"><net_src comp="858" pin="1"/><net_sink comp="3927" pin=1"/></net>

<net id="3935"><net_src comp="214" pin="0"/><net_sink comp="3927" pin=2"/></net>

<net id="3936"><net_src comp="216" pin="0"/><net_sink comp="3927" pin=3"/></net>

<net id="3943"><net_src comp="164" pin="0"/><net_sink comp="3937" pin=0"/></net>

<net id="3944"><net_src comp="861" pin="1"/><net_sink comp="3937" pin=1"/></net>

<net id="3945"><net_src comp="214" pin="0"/><net_sink comp="3937" pin=2"/></net>

<net id="3946"><net_src comp="216" pin="0"/><net_sink comp="3937" pin=3"/></net>

<net id="3953"><net_src comp="164" pin="0"/><net_sink comp="3947" pin=0"/></net>

<net id="3954"><net_src comp="864" pin="1"/><net_sink comp="3947" pin=1"/></net>

<net id="3955"><net_src comp="214" pin="0"/><net_sink comp="3947" pin=2"/></net>

<net id="3956"><net_src comp="216" pin="0"/><net_sink comp="3947" pin=3"/></net>

<net id="3963"><net_src comp="164" pin="0"/><net_sink comp="3957" pin=0"/></net>

<net id="3964"><net_src comp="867" pin="1"/><net_sink comp="3957" pin=1"/></net>

<net id="3965"><net_src comp="214" pin="0"/><net_sink comp="3957" pin=2"/></net>

<net id="3966"><net_src comp="216" pin="0"/><net_sink comp="3957" pin=3"/></net>

<net id="3973"><net_src comp="164" pin="0"/><net_sink comp="3967" pin=0"/></net>

<net id="3974"><net_src comp="870" pin="1"/><net_sink comp="3967" pin=1"/></net>

<net id="3975"><net_src comp="214" pin="0"/><net_sink comp="3967" pin=2"/></net>

<net id="3976"><net_src comp="216" pin="0"/><net_sink comp="3967" pin=3"/></net>

<net id="3983"><net_src comp="164" pin="0"/><net_sink comp="3977" pin=0"/></net>

<net id="3984"><net_src comp="873" pin="1"/><net_sink comp="3977" pin=1"/></net>

<net id="3985"><net_src comp="214" pin="0"/><net_sink comp="3977" pin=2"/></net>

<net id="3986"><net_src comp="216" pin="0"/><net_sink comp="3977" pin=3"/></net>

<net id="3993"><net_src comp="164" pin="0"/><net_sink comp="3987" pin=0"/></net>

<net id="3994"><net_src comp="876" pin="1"/><net_sink comp="3987" pin=1"/></net>

<net id="3995"><net_src comp="214" pin="0"/><net_sink comp="3987" pin=2"/></net>

<net id="3996"><net_src comp="216" pin="0"/><net_sink comp="3987" pin=3"/></net>

<net id="4003"><net_src comp="164" pin="0"/><net_sink comp="3997" pin=0"/></net>

<net id="4004"><net_src comp="879" pin="1"/><net_sink comp="3997" pin=1"/></net>

<net id="4005"><net_src comp="214" pin="0"/><net_sink comp="3997" pin=2"/></net>

<net id="4006"><net_src comp="216" pin="0"/><net_sink comp="3997" pin=3"/></net>

<net id="4013"><net_src comp="164" pin="0"/><net_sink comp="4007" pin=0"/></net>

<net id="4014"><net_src comp="882" pin="1"/><net_sink comp="4007" pin=1"/></net>

<net id="4015"><net_src comp="214" pin="0"/><net_sink comp="4007" pin=2"/></net>

<net id="4016"><net_src comp="216" pin="0"/><net_sink comp="4007" pin=3"/></net>

<net id="4054"><net_src comp="158" pin="0"/><net_sink comp="4017" pin=0"/></net>

<net id="4055"><net_src comp="112" pin="0"/><net_sink comp="4017" pin=1"/></net>

<net id="4056"><net_src comp="3857" pin="4"/><net_sink comp="4017" pin=2"/></net>

<net id="4057"><net_src comp="114" pin="0"/><net_sink comp="4017" pin=3"/></net>

<net id="4058"><net_src comp="3867" pin="4"/><net_sink comp="4017" pin=4"/></net>

<net id="4059"><net_src comp="116" pin="0"/><net_sink comp="4017" pin=5"/></net>

<net id="4060"><net_src comp="3877" pin="4"/><net_sink comp="4017" pin=6"/></net>

<net id="4061"><net_src comp="118" pin="0"/><net_sink comp="4017" pin=7"/></net>

<net id="4062"><net_src comp="3887" pin="4"/><net_sink comp="4017" pin=8"/></net>

<net id="4063"><net_src comp="120" pin="0"/><net_sink comp="4017" pin=9"/></net>

<net id="4064"><net_src comp="3897" pin="4"/><net_sink comp="4017" pin=10"/></net>

<net id="4065"><net_src comp="122" pin="0"/><net_sink comp="4017" pin=11"/></net>

<net id="4066"><net_src comp="3907" pin="4"/><net_sink comp="4017" pin=12"/></net>

<net id="4067"><net_src comp="124" pin="0"/><net_sink comp="4017" pin=13"/></net>

<net id="4068"><net_src comp="3917" pin="4"/><net_sink comp="4017" pin=14"/></net>

<net id="4069"><net_src comp="126" pin="0"/><net_sink comp="4017" pin=15"/></net>

<net id="4070"><net_src comp="3927" pin="4"/><net_sink comp="4017" pin=16"/></net>

<net id="4071"><net_src comp="128" pin="0"/><net_sink comp="4017" pin=17"/></net>

<net id="4072"><net_src comp="3937" pin="4"/><net_sink comp="4017" pin=18"/></net>

<net id="4073"><net_src comp="130" pin="0"/><net_sink comp="4017" pin=19"/></net>

<net id="4074"><net_src comp="3947" pin="4"/><net_sink comp="4017" pin=20"/></net>

<net id="4075"><net_src comp="132" pin="0"/><net_sink comp="4017" pin=21"/></net>

<net id="4076"><net_src comp="3957" pin="4"/><net_sink comp="4017" pin=22"/></net>

<net id="4077"><net_src comp="134" pin="0"/><net_sink comp="4017" pin=23"/></net>

<net id="4078"><net_src comp="3967" pin="4"/><net_sink comp="4017" pin=24"/></net>

<net id="4079"><net_src comp="136" pin="0"/><net_sink comp="4017" pin=25"/></net>

<net id="4080"><net_src comp="3977" pin="4"/><net_sink comp="4017" pin=26"/></net>

<net id="4081"><net_src comp="138" pin="0"/><net_sink comp="4017" pin=27"/></net>

<net id="4082"><net_src comp="3987" pin="4"/><net_sink comp="4017" pin=28"/></net>

<net id="4083"><net_src comp="140" pin="0"/><net_sink comp="4017" pin=29"/></net>

<net id="4084"><net_src comp="3997" pin="4"/><net_sink comp="4017" pin=30"/></net>

<net id="4085"><net_src comp="160" pin="0"/><net_sink comp="4017" pin=31"/></net>

<net id="4086"><net_src comp="4007" pin="4"/><net_sink comp="4017" pin=32"/></net>

<net id="4087"><net_src comp="162" pin="0"/><net_sink comp="4017" pin=33"/></net>

<net id="4092"><net_src comp="4017" pin="35"/><net_sink comp="4088" pin=0"/></net>

<net id="4099"><net_src comp="164" pin="0"/><net_sink comp="4093" pin=0"/></net>

<net id="4100"><net_src comp="837" pin="1"/><net_sink comp="4093" pin=1"/></net>

<net id="4101"><net_src comp="218" pin="0"/><net_sink comp="4093" pin=2"/></net>

<net id="4102"><net_src comp="220" pin="0"/><net_sink comp="4093" pin=3"/></net>

<net id="4109"><net_src comp="164" pin="0"/><net_sink comp="4103" pin=0"/></net>

<net id="4110"><net_src comp="840" pin="1"/><net_sink comp="4103" pin=1"/></net>

<net id="4111"><net_src comp="218" pin="0"/><net_sink comp="4103" pin=2"/></net>

<net id="4112"><net_src comp="220" pin="0"/><net_sink comp="4103" pin=3"/></net>

<net id="4119"><net_src comp="164" pin="0"/><net_sink comp="4113" pin=0"/></net>

<net id="4120"><net_src comp="843" pin="1"/><net_sink comp="4113" pin=1"/></net>

<net id="4121"><net_src comp="218" pin="0"/><net_sink comp="4113" pin=2"/></net>

<net id="4122"><net_src comp="220" pin="0"/><net_sink comp="4113" pin=3"/></net>

<net id="4129"><net_src comp="164" pin="0"/><net_sink comp="4123" pin=0"/></net>

<net id="4130"><net_src comp="846" pin="1"/><net_sink comp="4123" pin=1"/></net>

<net id="4131"><net_src comp="218" pin="0"/><net_sink comp="4123" pin=2"/></net>

<net id="4132"><net_src comp="220" pin="0"/><net_sink comp="4123" pin=3"/></net>

<net id="4139"><net_src comp="164" pin="0"/><net_sink comp="4133" pin=0"/></net>

<net id="4140"><net_src comp="849" pin="1"/><net_sink comp="4133" pin=1"/></net>

<net id="4141"><net_src comp="218" pin="0"/><net_sink comp="4133" pin=2"/></net>

<net id="4142"><net_src comp="220" pin="0"/><net_sink comp="4133" pin=3"/></net>

<net id="4149"><net_src comp="164" pin="0"/><net_sink comp="4143" pin=0"/></net>

<net id="4150"><net_src comp="852" pin="1"/><net_sink comp="4143" pin=1"/></net>

<net id="4151"><net_src comp="218" pin="0"/><net_sink comp="4143" pin=2"/></net>

<net id="4152"><net_src comp="220" pin="0"/><net_sink comp="4143" pin=3"/></net>

<net id="4159"><net_src comp="164" pin="0"/><net_sink comp="4153" pin=0"/></net>

<net id="4160"><net_src comp="855" pin="1"/><net_sink comp="4153" pin=1"/></net>

<net id="4161"><net_src comp="218" pin="0"/><net_sink comp="4153" pin=2"/></net>

<net id="4162"><net_src comp="220" pin="0"/><net_sink comp="4153" pin=3"/></net>

<net id="4169"><net_src comp="164" pin="0"/><net_sink comp="4163" pin=0"/></net>

<net id="4170"><net_src comp="858" pin="1"/><net_sink comp="4163" pin=1"/></net>

<net id="4171"><net_src comp="218" pin="0"/><net_sink comp="4163" pin=2"/></net>

<net id="4172"><net_src comp="220" pin="0"/><net_sink comp="4163" pin=3"/></net>

<net id="4179"><net_src comp="164" pin="0"/><net_sink comp="4173" pin=0"/></net>

<net id="4180"><net_src comp="861" pin="1"/><net_sink comp="4173" pin=1"/></net>

<net id="4181"><net_src comp="218" pin="0"/><net_sink comp="4173" pin=2"/></net>

<net id="4182"><net_src comp="220" pin="0"/><net_sink comp="4173" pin=3"/></net>

<net id="4189"><net_src comp="164" pin="0"/><net_sink comp="4183" pin=0"/></net>

<net id="4190"><net_src comp="864" pin="1"/><net_sink comp="4183" pin=1"/></net>

<net id="4191"><net_src comp="218" pin="0"/><net_sink comp="4183" pin=2"/></net>

<net id="4192"><net_src comp="220" pin="0"/><net_sink comp="4183" pin=3"/></net>

<net id="4199"><net_src comp="164" pin="0"/><net_sink comp="4193" pin=0"/></net>

<net id="4200"><net_src comp="867" pin="1"/><net_sink comp="4193" pin=1"/></net>

<net id="4201"><net_src comp="218" pin="0"/><net_sink comp="4193" pin=2"/></net>

<net id="4202"><net_src comp="220" pin="0"/><net_sink comp="4193" pin=3"/></net>

<net id="4209"><net_src comp="164" pin="0"/><net_sink comp="4203" pin=0"/></net>

<net id="4210"><net_src comp="870" pin="1"/><net_sink comp="4203" pin=1"/></net>

<net id="4211"><net_src comp="218" pin="0"/><net_sink comp="4203" pin=2"/></net>

<net id="4212"><net_src comp="220" pin="0"/><net_sink comp="4203" pin=3"/></net>

<net id="4219"><net_src comp="164" pin="0"/><net_sink comp="4213" pin=0"/></net>

<net id="4220"><net_src comp="873" pin="1"/><net_sink comp="4213" pin=1"/></net>

<net id="4221"><net_src comp="218" pin="0"/><net_sink comp="4213" pin=2"/></net>

<net id="4222"><net_src comp="220" pin="0"/><net_sink comp="4213" pin=3"/></net>

<net id="4229"><net_src comp="164" pin="0"/><net_sink comp="4223" pin=0"/></net>

<net id="4230"><net_src comp="876" pin="1"/><net_sink comp="4223" pin=1"/></net>

<net id="4231"><net_src comp="218" pin="0"/><net_sink comp="4223" pin=2"/></net>

<net id="4232"><net_src comp="220" pin="0"/><net_sink comp="4223" pin=3"/></net>

<net id="4239"><net_src comp="164" pin="0"/><net_sink comp="4233" pin=0"/></net>

<net id="4240"><net_src comp="879" pin="1"/><net_sink comp="4233" pin=1"/></net>

<net id="4241"><net_src comp="218" pin="0"/><net_sink comp="4233" pin=2"/></net>

<net id="4242"><net_src comp="220" pin="0"/><net_sink comp="4233" pin=3"/></net>

<net id="4249"><net_src comp="164" pin="0"/><net_sink comp="4243" pin=0"/></net>

<net id="4250"><net_src comp="882" pin="1"/><net_sink comp="4243" pin=1"/></net>

<net id="4251"><net_src comp="218" pin="0"/><net_sink comp="4243" pin=2"/></net>

<net id="4252"><net_src comp="220" pin="0"/><net_sink comp="4243" pin=3"/></net>

<net id="4290"><net_src comp="158" pin="0"/><net_sink comp="4253" pin=0"/></net>

<net id="4291"><net_src comp="112" pin="0"/><net_sink comp="4253" pin=1"/></net>

<net id="4292"><net_src comp="4093" pin="4"/><net_sink comp="4253" pin=2"/></net>

<net id="4293"><net_src comp="114" pin="0"/><net_sink comp="4253" pin=3"/></net>

<net id="4294"><net_src comp="4103" pin="4"/><net_sink comp="4253" pin=4"/></net>

<net id="4295"><net_src comp="116" pin="0"/><net_sink comp="4253" pin=5"/></net>

<net id="4296"><net_src comp="4113" pin="4"/><net_sink comp="4253" pin=6"/></net>

<net id="4297"><net_src comp="118" pin="0"/><net_sink comp="4253" pin=7"/></net>

<net id="4298"><net_src comp="4123" pin="4"/><net_sink comp="4253" pin=8"/></net>

<net id="4299"><net_src comp="120" pin="0"/><net_sink comp="4253" pin=9"/></net>

<net id="4300"><net_src comp="4133" pin="4"/><net_sink comp="4253" pin=10"/></net>

<net id="4301"><net_src comp="122" pin="0"/><net_sink comp="4253" pin=11"/></net>

<net id="4302"><net_src comp="4143" pin="4"/><net_sink comp="4253" pin=12"/></net>

<net id="4303"><net_src comp="124" pin="0"/><net_sink comp="4253" pin=13"/></net>

<net id="4304"><net_src comp="4153" pin="4"/><net_sink comp="4253" pin=14"/></net>

<net id="4305"><net_src comp="126" pin="0"/><net_sink comp="4253" pin=15"/></net>

<net id="4306"><net_src comp="4163" pin="4"/><net_sink comp="4253" pin=16"/></net>

<net id="4307"><net_src comp="128" pin="0"/><net_sink comp="4253" pin=17"/></net>

<net id="4308"><net_src comp="4173" pin="4"/><net_sink comp="4253" pin=18"/></net>

<net id="4309"><net_src comp="130" pin="0"/><net_sink comp="4253" pin=19"/></net>

<net id="4310"><net_src comp="4183" pin="4"/><net_sink comp="4253" pin=20"/></net>

<net id="4311"><net_src comp="132" pin="0"/><net_sink comp="4253" pin=21"/></net>

<net id="4312"><net_src comp="4193" pin="4"/><net_sink comp="4253" pin=22"/></net>

<net id="4313"><net_src comp="134" pin="0"/><net_sink comp="4253" pin=23"/></net>

<net id="4314"><net_src comp="4203" pin="4"/><net_sink comp="4253" pin=24"/></net>

<net id="4315"><net_src comp="136" pin="0"/><net_sink comp="4253" pin=25"/></net>

<net id="4316"><net_src comp="4213" pin="4"/><net_sink comp="4253" pin=26"/></net>

<net id="4317"><net_src comp="138" pin="0"/><net_sink comp="4253" pin=27"/></net>

<net id="4318"><net_src comp="4223" pin="4"/><net_sink comp="4253" pin=28"/></net>

<net id="4319"><net_src comp="140" pin="0"/><net_sink comp="4253" pin=29"/></net>

<net id="4320"><net_src comp="4233" pin="4"/><net_sink comp="4253" pin=30"/></net>

<net id="4321"><net_src comp="160" pin="0"/><net_sink comp="4253" pin=31"/></net>

<net id="4322"><net_src comp="4243" pin="4"/><net_sink comp="4253" pin=32"/></net>

<net id="4323"><net_src comp="162" pin="0"/><net_sink comp="4253" pin=33"/></net>

<net id="4328"><net_src comp="4253" pin="35"/><net_sink comp="4324" pin=0"/></net>

<net id="4335"><net_src comp="164" pin="0"/><net_sink comp="4329" pin=0"/></net>

<net id="4336"><net_src comp="837" pin="1"/><net_sink comp="4329" pin=1"/></net>

<net id="4337"><net_src comp="222" pin="0"/><net_sink comp="4329" pin=2"/></net>

<net id="4338"><net_src comp="224" pin="0"/><net_sink comp="4329" pin=3"/></net>

<net id="4345"><net_src comp="164" pin="0"/><net_sink comp="4339" pin=0"/></net>

<net id="4346"><net_src comp="840" pin="1"/><net_sink comp="4339" pin=1"/></net>

<net id="4347"><net_src comp="222" pin="0"/><net_sink comp="4339" pin=2"/></net>

<net id="4348"><net_src comp="224" pin="0"/><net_sink comp="4339" pin=3"/></net>

<net id="4355"><net_src comp="164" pin="0"/><net_sink comp="4349" pin=0"/></net>

<net id="4356"><net_src comp="843" pin="1"/><net_sink comp="4349" pin=1"/></net>

<net id="4357"><net_src comp="222" pin="0"/><net_sink comp="4349" pin=2"/></net>

<net id="4358"><net_src comp="224" pin="0"/><net_sink comp="4349" pin=3"/></net>

<net id="4365"><net_src comp="164" pin="0"/><net_sink comp="4359" pin=0"/></net>

<net id="4366"><net_src comp="846" pin="1"/><net_sink comp="4359" pin=1"/></net>

<net id="4367"><net_src comp="222" pin="0"/><net_sink comp="4359" pin=2"/></net>

<net id="4368"><net_src comp="224" pin="0"/><net_sink comp="4359" pin=3"/></net>

<net id="4375"><net_src comp="164" pin="0"/><net_sink comp="4369" pin=0"/></net>

<net id="4376"><net_src comp="849" pin="1"/><net_sink comp="4369" pin=1"/></net>

<net id="4377"><net_src comp="222" pin="0"/><net_sink comp="4369" pin=2"/></net>

<net id="4378"><net_src comp="224" pin="0"/><net_sink comp="4369" pin=3"/></net>

<net id="4385"><net_src comp="164" pin="0"/><net_sink comp="4379" pin=0"/></net>

<net id="4386"><net_src comp="852" pin="1"/><net_sink comp="4379" pin=1"/></net>

<net id="4387"><net_src comp="222" pin="0"/><net_sink comp="4379" pin=2"/></net>

<net id="4388"><net_src comp="224" pin="0"/><net_sink comp="4379" pin=3"/></net>

<net id="4395"><net_src comp="164" pin="0"/><net_sink comp="4389" pin=0"/></net>

<net id="4396"><net_src comp="855" pin="1"/><net_sink comp="4389" pin=1"/></net>

<net id="4397"><net_src comp="222" pin="0"/><net_sink comp="4389" pin=2"/></net>

<net id="4398"><net_src comp="224" pin="0"/><net_sink comp="4389" pin=3"/></net>

<net id="4405"><net_src comp="164" pin="0"/><net_sink comp="4399" pin=0"/></net>

<net id="4406"><net_src comp="858" pin="1"/><net_sink comp="4399" pin=1"/></net>

<net id="4407"><net_src comp="222" pin="0"/><net_sink comp="4399" pin=2"/></net>

<net id="4408"><net_src comp="224" pin="0"/><net_sink comp="4399" pin=3"/></net>

<net id="4415"><net_src comp="164" pin="0"/><net_sink comp="4409" pin=0"/></net>

<net id="4416"><net_src comp="861" pin="1"/><net_sink comp="4409" pin=1"/></net>

<net id="4417"><net_src comp="222" pin="0"/><net_sink comp="4409" pin=2"/></net>

<net id="4418"><net_src comp="224" pin="0"/><net_sink comp="4409" pin=3"/></net>

<net id="4425"><net_src comp="164" pin="0"/><net_sink comp="4419" pin=0"/></net>

<net id="4426"><net_src comp="864" pin="1"/><net_sink comp="4419" pin=1"/></net>

<net id="4427"><net_src comp="222" pin="0"/><net_sink comp="4419" pin=2"/></net>

<net id="4428"><net_src comp="224" pin="0"/><net_sink comp="4419" pin=3"/></net>

<net id="4435"><net_src comp="164" pin="0"/><net_sink comp="4429" pin=0"/></net>

<net id="4436"><net_src comp="867" pin="1"/><net_sink comp="4429" pin=1"/></net>

<net id="4437"><net_src comp="222" pin="0"/><net_sink comp="4429" pin=2"/></net>

<net id="4438"><net_src comp="224" pin="0"/><net_sink comp="4429" pin=3"/></net>

<net id="4445"><net_src comp="164" pin="0"/><net_sink comp="4439" pin=0"/></net>

<net id="4446"><net_src comp="870" pin="1"/><net_sink comp="4439" pin=1"/></net>

<net id="4447"><net_src comp="222" pin="0"/><net_sink comp="4439" pin=2"/></net>

<net id="4448"><net_src comp="224" pin="0"/><net_sink comp="4439" pin=3"/></net>

<net id="4455"><net_src comp="164" pin="0"/><net_sink comp="4449" pin=0"/></net>

<net id="4456"><net_src comp="873" pin="1"/><net_sink comp="4449" pin=1"/></net>

<net id="4457"><net_src comp="222" pin="0"/><net_sink comp="4449" pin=2"/></net>

<net id="4458"><net_src comp="224" pin="0"/><net_sink comp="4449" pin=3"/></net>

<net id="4465"><net_src comp="164" pin="0"/><net_sink comp="4459" pin=0"/></net>

<net id="4466"><net_src comp="876" pin="1"/><net_sink comp="4459" pin=1"/></net>

<net id="4467"><net_src comp="222" pin="0"/><net_sink comp="4459" pin=2"/></net>

<net id="4468"><net_src comp="224" pin="0"/><net_sink comp="4459" pin=3"/></net>

<net id="4475"><net_src comp="164" pin="0"/><net_sink comp="4469" pin=0"/></net>

<net id="4476"><net_src comp="879" pin="1"/><net_sink comp="4469" pin=1"/></net>

<net id="4477"><net_src comp="222" pin="0"/><net_sink comp="4469" pin=2"/></net>

<net id="4478"><net_src comp="224" pin="0"/><net_sink comp="4469" pin=3"/></net>

<net id="4485"><net_src comp="164" pin="0"/><net_sink comp="4479" pin=0"/></net>

<net id="4486"><net_src comp="882" pin="1"/><net_sink comp="4479" pin=1"/></net>

<net id="4487"><net_src comp="222" pin="0"/><net_sink comp="4479" pin=2"/></net>

<net id="4488"><net_src comp="224" pin="0"/><net_sink comp="4479" pin=3"/></net>

<net id="4526"><net_src comp="158" pin="0"/><net_sink comp="4489" pin=0"/></net>

<net id="4527"><net_src comp="112" pin="0"/><net_sink comp="4489" pin=1"/></net>

<net id="4528"><net_src comp="4329" pin="4"/><net_sink comp="4489" pin=2"/></net>

<net id="4529"><net_src comp="114" pin="0"/><net_sink comp="4489" pin=3"/></net>

<net id="4530"><net_src comp="4339" pin="4"/><net_sink comp="4489" pin=4"/></net>

<net id="4531"><net_src comp="116" pin="0"/><net_sink comp="4489" pin=5"/></net>

<net id="4532"><net_src comp="4349" pin="4"/><net_sink comp="4489" pin=6"/></net>

<net id="4533"><net_src comp="118" pin="0"/><net_sink comp="4489" pin=7"/></net>

<net id="4534"><net_src comp="4359" pin="4"/><net_sink comp="4489" pin=8"/></net>

<net id="4535"><net_src comp="120" pin="0"/><net_sink comp="4489" pin=9"/></net>

<net id="4536"><net_src comp="4369" pin="4"/><net_sink comp="4489" pin=10"/></net>

<net id="4537"><net_src comp="122" pin="0"/><net_sink comp="4489" pin=11"/></net>

<net id="4538"><net_src comp="4379" pin="4"/><net_sink comp="4489" pin=12"/></net>

<net id="4539"><net_src comp="124" pin="0"/><net_sink comp="4489" pin=13"/></net>

<net id="4540"><net_src comp="4389" pin="4"/><net_sink comp="4489" pin=14"/></net>

<net id="4541"><net_src comp="126" pin="0"/><net_sink comp="4489" pin=15"/></net>

<net id="4542"><net_src comp="4399" pin="4"/><net_sink comp="4489" pin=16"/></net>

<net id="4543"><net_src comp="128" pin="0"/><net_sink comp="4489" pin=17"/></net>

<net id="4544"><net_src comp="4409" pin="4"/><net_sink comp="4489" pin=18"/></net>

<net id="4545"><net_src comp="130" pin="0"/><net_sink comp="4489" pin=19"/></net>

<net id="4546"><net_src comp="4419" pin="4"/><net_sink comp="4489" pin=20"/></net>

<net id="4547"><net_src comp="132" pin="0"/><net_sink comp="4489" pin=21"/></net>

<net id="4548"><net_src comp="4429" pin="4"/><net_sink comp="4489" pin=22"/></net>

<net id="4549"><net_src comp="134" pin="0"/><net_sink comp="4489" pin=23"/></net>

<net id="4550"><net_src comp="4439" pin="4"/><net_sink comp="4489" pin=24"/></net>

<net id="4551"><net_src comp="136" pin="0"/><net_sink comp="4489" pin=25"/></net>

<net id="4552"><net_src comp="4449" pin="4"/><net_sink comp="4489" pin=26"/></net>

<net id="4553"><net_src comp="138" pin="0"/><net_sink comp="4489" pin=27"/></net>

<net id="4554"><net_src comp="4459" pin="4"/><net_sink comp="4489" pin=28"/></net>

<net id="4555"><net_src comp="140" pin="0"/><net_sink comp="4489" pin=29"/></net>

<net id="4556"><net_src comp="4469" pin="4"/><net_sink comp="4489" pin=30"/></net>

<net id="4557"><net_src comp="160" pin="0"/><net_sink comp="4489" pin=31"/></net>

<net id="4558"><net_src comp="4479" pin="4"/><net_sink comp="4489" pin=32"/></net>

<net id="4559"><net_src comp="162" pin="0"/><net_sink comp="4489" pin=33"/></net>

<net id="4564"><net_src comp="4489" pin="35"/><net_sink comp="4560" pin=0"/></net>

<net id="4584"><net_src comp="226" pin="0"/><net_sink comp="4565" pin=0"/></net>

<net id="4585"><net_src comp="4560" pin="2"/><net_sink comp="4565" pin=1"/></net>

<net id="4586"><net_src comp="4324" pin="2"/><net_sink comp="4565" pin=2"/></net>

<net id="4587"><net_src comp="4088" pin="2"/><net_sink comp="4565" pin=3"/></net>

<net id="4588"><net_src comp="3852" pin="2"/><net_sink comp="4565" pin=4"/></net>

<net id="4589"><net_src comp="3616" pin="2"/><net_sink comp="4565" pin=5"/></net>

<net id="4590"><net_src comp="3380" pin="2"/><net_sink comp="4565" pin=6"/></net>

<net id="4591"><net_src comp="3144" pin="2"/><net_sink comp="4565" pin=7"/></net>

<net id="4592"><net_src comp="2908" pin="2"/><net_sink comp="4565" pin=8"/></net>

<net id="4593"><net_src comp="2672" pin="2"/><net_sink comp="4565" pin=9"/></net>

<net id="4594"><net_src comp="2436" pin="2"/><net_sink comp="4565" pin=10"/></net>

<net id="4595"><net_src comp="2200" pin="2"/><net_sink comp="4565" pin=11"/></net>

<net id="4596"><net_src comp="1964" pin="2"/><net_sink comp="4565" pin=12"/></net>

<net id="4597"><net_src comp="1728" pin="2"/><net_sink comp="4565" pin=13"/></net>

<net id="4598"><net_src comp="1492" pin="2"/><net_sink comp="4565" pin=14"/></net>

<net id="4599"><net_src comp="1256" pin="2"/><net_sink comp="4565" pin=15"/></net>

<net id="4600"><net_src comp="1020" pin="2"/><net_sink comp="4565" pin=16"/></net>

<net id="4605"><net_src comp="4565" pin="17"/><net_sink comp="4601" pin=0"/></net>

<net id="4610"><net_src comp="4565" pin="17"/><net_sink comp="4606" pin=0"/></net>

<net id="4615"><net_src comp="4565" pin="17"/><net_sink comp="4611" pin=0"/></net>

<net id="4620"><net_src comp="4565" pin="17"/><net_sink comp="4616" pin=0"/></net>

<net id="4625"><net_src comp="4565" pin="17"/><net_sink comp="4621" pin=0"/></net>

<net id="4630"><net_src comp="4565" pin="17"/><net_sink comp="4626" pin=0"/></net>

<net id="4635"><net_src comp="4565" pin="17"/><net_sink comp="4631" pin=0"/></net>

<net id="4640"><net_src comp="4565" pin="17"/><net_sink comp="4636" pin=0"/></net>

<net id="4645"><net_src comp="4565" pin="17"/><net_sink comp="4641" pin=0"/></net>

<net id="4650"><net_src comp="4565" pin="17"/><net_sink comp="4646" pin=0"/></net>

<net id="4655"><net_src comp="4565" pin="17"/><net_sink comp="4651" pin=0"/></net>

<net id="4660"><net_src comp="4565" pin="17"/><net_sink comp="4656" pin=0"/></net>

<net id="4665"><net_src comp="4565" pin="17"/><net_sink comp="4661" pin=0"/></net>

<net id="4670"><net_src comp="4565" pin="17"/><net_sink comp="4666" pin=0"/></net>

<net id="4675"><net_src comp="4565" pin="17"/><net_sink comp="4671" pin=0"/></net>

<net id="4680"><net_src comp="4565" pin="17"/><net_sink comp="4676" pin=0"/></net>

<net id="4684"><net_src comp="4681" pin="1"/><net_sink comp="601" pin=2"/></net>

<net id="4688"><net_src comp="4685" pin="1"/><net_sink comp="594" pin=2"/></net>

<net id="4692"><net_src comp="4689" pin="1"/><net_sink comp="587" pin=2"/></net>

<net id="4696"><net_src comp="4693" pin="1"/><net_sink comp="580" pin=2"/></net>

<net id="4700"><net_src comp="4697" pin="1"/><net_sink comp="573" pin=2"/></net>

<net id="4704"><net_src comp="4701" pin="1"/><net_sink comp="566" pin=2"/></net>

<net id="4708"><net_src comp="4705" pin="1"/><net_sink comp="559" pin=2"/></net>

<net id="4712"><net_src comp="4709" pin="1"/><net_sink comp="552" pin=2"/></net>

<net id="4716"><net_src comp="4713" pin="1"/><net_sink comp="545" pin=2"/></net>

<net id="4720"><net_src comp="4717" pin="1"/><net_sink comp="538" pin=2"/></net>

<net id="4724"><net_src comp="4721" pin="1"/><net_sink comp="531" pin=2"/></net>

<net id="4728"><net_src comp="4725" pin="1"/><net_sink comp="524" pin=2"/></net>

<net id="4732"><net_src comp="4729" pin="1"/><net_sink comp="517" pin=2"/></net>

<net id="4736"><net_src comp="4733" pin="1"/><net_sink comp="510" pin=2"/></net>

<net id="4740"><net_src comp="4737" pin="1"/><net_sink comp="503" pin=2"/></net>

<net id="4744"><net_src comp="4741" pin="1"/><net_sink comp="496" pin=2"/></net>

<net id="4748"><net_src comp="230" pin="1"/><net_sink comp="4745" pin=0"/></net>

<net id="4749"><net_src comp="4745" pin="1"/><net_sink comp="752" pin=1"/></net>

<net id="4750"><net_src comp="4745" pin="1"/><net_sink comp="757" pin=0"/></net>

<net id="4751"><net_src comp="4745" pin="1"/><net_sink comp="832" pin=1"/></net>

<net id="4755"><net_src comp="234" pin="1"/><net_sink comp="4752" pin=0"/></net>

<net id="4756"><net_src comp="4752" pin="1"/><net_sink comp="747" pin=1"/></net>

<net id="4757"><net_src comp="4752" pin="1"/><net_sink comp="837" pin=0"/></net>

<net id="4758"><net_src comp="4752" pin="1"/><net_sink comp="4671" pin=1"/></net>

<net id="4759"><net_src comp="4752" pin="1"/><net_sink comp="4681" pin=0"/></net>

<net id="4763"><net_src comp="238" pin="1"/><net_sink comp="4760" pin=0"/></net>

<net id="4764"><net_src comp="4760" pin="1"/><net_sink comp="742" pin=1"/></net>

<net id="4765"><net_src comp="4760" pin="1"/><net_sink comp="840" pin=0"/></net>

<net id="4766"><net_src comp="4760" pin="1"/><net_sink comp="4666" pin=1"/></net>

<net id="4767"><net_src comp="4760" pin="1"/><net_sink comp="4685" pin=0"/></net>

<net id="4771"><net_src comp="242" pin="1"/><net_sink comp="4768" pin=0"/></net>

<net id="4772"><net_src comp="4768" pin="1"/><net_sink comp="737" pin=1"/></net>

<net id="4773"><net_src comp="4768" pin="1"/><net_sink comp="843" pin=0"/></net>

<net id="4774"><net_src comp="4768" pin="1"/><net_sink comp="4661" pin=1"/></net>

<net id="4775"><net_src comp="4768" pin="1"/><net_sink comp="4689" pin=0"/></net>

<net id="4779"><net_src comp="246" pin="1"/><net_sink comp="4776" pin=0"/></net>

<net id="4780"><net_src comp="4776" pin="1"/><net_sink comp="732" pin=1"/></net>

<net id="4781"><net_src comp="4776" pin="1"/><net_sink comp="846" pin=0"/></net>

<net id="4782"><net_src comp="4776" pin="1"/><net_sink comp="4656" pin=1"/></net>

<net id="4783"><net_src comp="4776" pin="1"/><net_sink comp="4693" pin=0"/></net>

<net id="4787"><net_src comp="250" pin="1"/><net_sink comp="4784" pin=0"/></net>

<net id="4788"><net_src comp="4784" pin="1"/><net_sink comp="727" pin=1"/></net>

<net id="4789"><net_src comp="4784" pin="1"/><net_sink comp="849" pin=0"/></net>

<net id="4790"><net_src comp="4784" pin="1"/><net_sink comp="4651" pin=1"/></net>

<net id="4791"><net_src comp="4784" pin="1"/><net_sink comp="4697" pin=0"/></net>

<net id="4795"><net_src comp="254" pin="1"/><net_sink comp="4792" pin=0"/></net>

<net id="4796"><net_src comp="4792" pin="1"/><net_sink comp="722" pin=1"/></net>

<net id="4797"><net_src comp="4792" pin="1"/><net_sink comp="852" pin=0"/></net>

<net id="4798"><net_src comp="4792" pin="1"/><net_sink comp="4646" pin=1"/></net>

<net id="4799"><net_src comp="4792" pin="1"/><net_sink comp="4701" pin=0"/></net>

<net id="4803"><net_src comp="258" pin="1"/><net_sink comp="4800" pin=0"/></net>

<net id="4804"><net_src comp="4800" pin="1"/><net_sink comp="717" pin=1"/></net>

<net id="4805"><net_src comp="4800" pin="1"/><net_sink comp="855" pin=0"/></net>

<net id="4806"><net_src comp="4800" pin="1"/><net_sink comp="4641" pin=1"/></net>

<net id="4807"><net_src comp="4800" pin="1"/><net_sink comp="4705" pin=0"/></net>

<net id="4811"><net_src comp="262" pin="1"/><net_sink comp="4808" pin=0"/></net>

<net id="4812"><net_src comp="4808" pin="1"/><net_sink comp="712" pin=1"/></net>

<net id="4813"><net_src comp="4808" pin="1"/><net_sink comp="858" pin=0"/></net>

<net id="4814"><net_src comp="4808" pin="1"/><net_sink comp="4636" pin=1"/></net>

<net id="4815"><net_src comp="4808" pin="1"/><net_sink comp="4709" pin=0"/></net>

<net id="4819"><net_src comp="266" pin="1"/><net_sink comp="4816" pin=0"/></net>

<net id="4820"><net_src comp="4816" pin="1"/><net_sink comp="707" pin=1"/></net>

<net id="4821"><net_src comp="4816" pin="1"/><net_sink comp="861" pin=0"/></net>

<net id="4822"><net_src comp="4816" pin="1"/><net_sink comp="4631" pin=1"/></net>

<net id="4823"><net_src comp="4816" pin="1"/><net_sink comp="4713" pin=0"/></net>

<net id="4827"><net_src comp="270" pin="1"/><net_sink comp="4824" pin=0"/></net>

<net id="4828"><net_src comp="4824" pin="1"/><net_sink comp="702" pin=1"/></net>

<net id="4829"><net_src comp="4824" pin="1"/><net_sink comp="864" pin=0"/></net>

<net id="4830"><net_src comp="4824" pin="1"/><net_sink comp="4626" pin=1"/></net>

<net id="4831"><net_src comp="4824" pin="1"/><net_sink comp="4717" pin=0"/></net>

<net id="4835"><net_src comp="274" pin="1"/><net_sink comp="4832" pin=0"/></net>

<net id="4836"><net_src comp="4832" pin="1"/><net_sink comp="697" pin=1"/></net>

<net id="4837"><net_src comp="4832" pin="1"/><net_sink comp="867" pin=0"/></net>

<net id="4838"><net_src comp="4832" pin="1"/><net_sink comp="4621" pin=1"/></net>

<net id="4839"><net_src comp="4832" pin="1"/><net_sink comp="4721" pin=0"/></net>

<net id="4843"><net_src comp="278" pin="1"/><net_sink comp="4840" pin=0"/></net>

<net id="4844"><net_src comp="4840" pin="1"/><net_sink comp="692" pin=1"/></net>

<net id="4845"><net_src comp="4840" pin="1"/><net_sink comp="870" pin=0"/></net>

<net id="4846"><net_src comp="4840" pin="1"/><net_sink comp="4616" pin=1"/></net>

<net id="4847"><net_src comp="4840" pin="1"/><net_sink comp="4725" pin=0"/></net>

<net id="4851"><net_src comp="282" pin="1"/><net_sink comp="4848" pin=0"/></net>

<net id="4852"><net_src comp="4848" pin="1"/><net_sink comp="687" pin=1"/></net>

<net id="4853"><net_src comp="4848" pin="1"/><net_sink comp="873" pin=0"/></net>

<net id="4854"><net_src comp="4848" pin="1"/><net_sink comp="4611" pin=1"/></net>

<net id="4855"><net_src comp="4848" pin="1"/><net_sink comp="4729" pin=0"/></net>

<net id="4859"><net_src comp="286" pin="1"/><net_sink comp="4856" pin=0"/></net>

<net id="4860"><net_src comp="4856" pin="1"/><net_sink comp="682" pin=1"/></net>

<net id="4861"><net_src comp="4856" pin="1"/><net_sink comp="876" pin=0"/></net>

<net id="4862"><net_src comp="4856" pin="1"/><net_sink comp="4606" pin=1"/></net>

<net id="4863"><net_src comp="4856" pin="1"/><net_sink comp="4733" pin=0"/></net>

<net id="4867"><net_src comp="290" pin="1"/><net_sink comp="4864" pin=0"/></net>

<net id="4868"><net_src comp="4864" pin="1"/><net_sink comp="677" pin=1"/></net>

<net id="4869"><net_src comp="4864" pin="1"/><net_sink comp="879" pin=0"/></net>

<net id="4870"><net_src comp="4864" pin="1"/><net_sink comp="4601" pin=1"/></net>

<net id="4871"><net_src comp="4864" pin="1"/><net_sink comp="4737" pin=0"/></net>

<net id="4875"><net_src comp="294" pin="1"/><net_sink comp="4872" pin=0"/></net>

<net id="4876"><net_src comp="4872" pin="1"/><net_sink comp="672" pin=1"/></net>

<net id="4877"><net_src comp="4872" pin="1"/><net_sink comp="882" pin=0"/></net>

<net id="4878"><net_src comp="4872" pin="1"/><net_sink comp="4676" pin=1"/></net>

<net id="4879"><net_src comp="4872" pin="1"/><net_sink comp="4741" pin=0"/></net>

<net id="4883"><net_src comp="298" pin="2"/><net_sink comp="4880" pin=0"/></net>

<net id="4884"><net_src comp="4880" pin="1"/><net_sink comp="668" pin=1"/></net>

<net id="4888"><net_src comp="304" pin="2"/><net_sink comp="4885" pin=0"/></net>

<net id="4889"><net_src comp="4885" pin="1"/><net_sink comp="664" pin=1"/></net>

<net id="4893"><net_src comp="310" pin="2"/><net_sink comp="4890" pin=0"/></net>

<net id="4894"><net_src comp="4890" pin="1"/><net_sink comp="660" pin=1"/></net>

<net id="4898"><net_src comp="316" pin="2"/><net_sink comp="4895" pin=0"/></net>

<net id="4899"><net_src comp="4895" pin="1"/><net_sink comp="656" pin=1"/></net>

<net id="4903"><net_src comp="322" pin="2"/><net_sink comp="4900" pin=0"/></net>

<net id="4904"><net_src comp="4900" pin="1"/><net_sink comp="652" pin=1"/></net>

<net id="4908"><net_src comp="328" pin="2"/><net_sink comp="4905" pin=0"/></net>

<net id="4909"><net_src comp="4905" pin="1"/><net_sink comp="648" pin=1"/></net>

<net id="4913"><net_src comp="334" pin="2"/><net_sink comp="4910" pin=0"/></net>

<net id="4914"><net_src comp="4910" pin="1"/><net_sink comp="644" pin=1"/></net>

<net id="4918"><net_src comp="340" pin="2"/><net_sink comp="4915" pin=0"/></net>

<net id="4919"><net_src comp="4915" pin="1"/><net_sink comp="640" pin=1"/></net>

<net id="4923"><net_src comp="346" pin="2"/><net_sink comp="4920" pin=0"/></net>

<net id="4924"><net_src comp="4920" pin="1"/><net_sink comp="636" pin=1"/></net>

<net id="4928"><net_src comp="352" pin="2"/><net_sink comp="4925" pin=0"/></net>

<net id="4929"><net_src comp="4925" pin="1"/><net_sink comp="632" pin=1"/></net>

<net id="4933"><net_src comp="358" pin="2"/><net_sink comp="4930" pin=0"/></net>

<net id="4934"><net_src comp="4930" pin="1"/><net_sink comp="628" pin=1"/></net>

<net id="4938"><net_src comp="364" pin="2"/><net_sink comp="4935" pin=0"/></net>

<net id="4939"><net_src comp="4935" pin="1"/><net_sink comp="624" pin=1"/></net>

<net id="4943"><net_src comp="370" pin="2"/><net_sink comp="4940" pin=0"/></net>

<net id="4944"><net_src comp="4940" pin="1"/><net_sink comp="620" pin=1"/></net>

<net id="4948"><net_src comp="376" pin="2"/><net_sink comp="4945" pin=0"/></net>

<net id="4949"><net_src comp="4945" pin="1"/><net_sink comp="616" pin=1"/></net>

<net id="4953"><net_src comp="382" pin="2"/><net_sink comp="4950" pin=0"/></net>

<net id="4954"><net_src comp="4950" pin="1"/><net_sink comp="612" pin=1"/></net>

<net id="4958"><net_src comp="388" pin="2"/><net_sink comp="4955" pin=0"/></net>

<net id="4959"><net_src comp="4955" pin="1"/><net_sink comp="608" pin=1"/></net>

<net id="4963"><net_src comp="760" pin="2"/><net_sink comp="4960" pin=0"/></net>

<net id="4967"><net_src comp="772" pin="1"/><net_sink comp="4964" pin=0"/></net>

<net id="4968"><net_src comp="4964" pin="1"/><net_sink comp="949" pin=34"/></net>

<net id="4969"><net_src comp="4964" pin="1"/><net_sink comp="1185" pin=34"/></net>

<net id="4970"><net_src comp="4964" pin="1"/><net_sink comp="1421" pin=34"/></net>

<net id="4971"><net_src comp="4964" pin="1"/><net_sink comp="1657" pin=34"/></net>

<net id="4972"><net_src comp="4964" pin="1"/><net_sink comp="1893" pin=34"/></net>

<net id="4973"><net_src comp="4964" pin="1"/><net_sink comp="2129" pin=34"/></net>

<net id="4974"><net_src comp="4964" pin="1"/><net_sink comp="2365" pin=34"/></net>

<net id="4975"><net_src comp="4964" pin="1"/><net_sink comp="2601" pin=34"/></net>

<net id="4976"><net_src comp="4964" pin="1"/><net_sink comp="2837" pin=34"/></net>

<net id="4977"><net_src comp="4964" pin="1"/><net_sink comp="3073" pin=34"/></net>

<net id="4978"><net_src comp="4964" pin="1"/><net_sink comp="3309" pin=34"/></net>

<net id="4979"><net_src comp="4964" pin="1"/><net_sink comp="3545" pin=34"/></net>

<net id="4980"><net_src comp="4964" pin="1"/><net_sink comp="3781" pin=34"/></net>

<net id="4981"><net_src comp="4964" pin="1"/><net_sink comp="4017" pin=34"/></net>

<net id="4982"><net_src comp="4964" pin="1"/><net_sink comp="4253" pin=34"/></net>

<net id="4983"><net_src comp="4964" pin="1"/><net_sink comp="4489" pin=34"/></net>

<net id="4987"><net_src comp="794" pin="1"/><net_sink comp="4984" pin=0"/></net>

<net id="4988"><net_src comp="4984" pin="1"/><net_sink comp="608" pin=0"/></net>

<net id="4989"><net_src comp="4984" pin="1"/><net_sink comp="612" pin=0"/></net>

<net id="4990"><net_src comp="4984" pin="1"/><net_sink comp="616" pin=0"/></net>

<net id="4991"><net_src comp="4984" pin="1"/><net_sink comp="620" pin=0"/></net>

<net id="4992"><net_src comp="4984" pin="1"/><net_sink comp="624" pin=0"/></net>

<net id="4993"><net_src comp="4984" pin="1"/><net_sink comp="628" pin=0"/></net>

<net id="4994"><net_src comp="4984" pin="1"/><net_sink comp="632" pin=0"/></net>

<net id="4995"><net_src comp="4984" pin="1"/><net_sink comp="636" pin=0"/></net>

<net id="4996"><net_src comp="4984" pin="1"/><net_sink comp="640" pin=0"/></net>

<net id="4997"><net_src comp="4984" pin="1"/><net_sink comp="644" pin=0"/></net>

<net id="4998"><net_src comp="4984" pin="1"/><net_sink comp="648" pin=0"/></net>

<net id="4999"><net_src comp="4984" pin="1"/><net_sink comp="652" pin=0"/></net>

<net id="5000"><net_src comp="4984" pin="1"/><net_sink comp="656" pin=0"/></net>

<net id="5001"><net_src comp="4984" pin="1"/><net_sink comp="660" pin=0"/></net>

<net id="5002"><net_src comp="4984" pin="1"/><net_sink comp="664" pin=0"/></net>

<net id="5003"><net_src comp="4984" pin="1"/><net_sink comp="668" pin=0"/></net>

<net id="5007"><net_src comp="608" pin="2"/><net_sink comp="5004" pin=0"/></net>

<net id="5008"><net_src comp="5004" pin="1"/><net_sink comp="1020" pin=1"/></net>

<net id="5012"><net_src comp="612" pin="2"/><net_sink comp="5009" pin=0"/></net>

<net id="5013"><net_src comp="5009" pin="1"/><net_sink comp="1256" pin=1"/></net>

<net id="5017"><net_src comp="616" pin="2"/><net_sink comp="5014" pin=0"/></net>

<net id="5018"><net_src comp="5014" pin="1"/><net_sink comp="1492" pin=1"/></net>

<net id="5022"><net_src comp="620" pin="2"/><net_sink comp="5019" pin=0"/></net>

<net id="5023"><net_src comp="5019" pin="1"/><net_sink comp="1728" pin=1"/></net>

<net id="5027"><net_src comp="624" pin="2"/><net_sink comp="5024" pin=0"/></net>

<net id="5028"><net_src comp="5024" pin="1"/><net_sink comp="1964" pin=1"/></net>

<net id="5032"><net_src comp="628" pin="2"/><net_sink comp="5029" pin=0"/></net>

<net id="5033"><net_src comp="5029" pin="1"/><net_sink comp="2200" pin=1"/></net>

<net id="5037"><net_src comp="632" pin="2"/><net_sink comp="5034" pin=0"/></net>

<net id="5038"><net_src comp="5034" pin="1"/><net_sink comp="2436" pin=1"/></net>

<net id="5042"><net_src comp="636" pin="2"/><net_sink comp="5039" pin=0"/></net>

<net id="5043"><net_src comp="5039" pin="1"/><net_sink comp="2672" pin=1"/></net>

<net id="5047"><net_src comp="640" pin="2"/><net_sink comp="5044" pin=0"/></net>

<net id="5048"><net_src comp="5044" pin="1"/><net_sink comp="2908" pin=1"/></net>

<net id="5052"><net_src comp="644" pin="2"/><net_sink comp="5049" pin=0"/></net>

<net id="5053"><net_src comp="5049" pin="1"/><net_sink comp="3144" pin=1"/></net>

<net id="5057"><net_src comp="648" pin="2"/><net_sink comp="5054" pin=0"/></net>

<net id="5058"><net_src comp="5054" pin="1"/><net_sink comp="3380" pin=1"/></net>

<net id="5062"><net_src comp="652" pin="2"/><net_sink comp="5059" pin=0"/></net>

<net id="5063"><net_src comp="5059" pin="1"/><net_sink comp="3616" pin=1"/></net>

<net id="5067"><net_src comp="656" pin="2"/><net_sink comp="5064" pin=0"/></net>

<net id="5068"><net_src comp="5064" pin="1"/><net_sink comp="3852" pin=1"/></net>

<net id="5072"><net_src comp="660" pin="2"/><net_sink comp="5069" pin=0"/></net>

<net id="5073"><net_src comp="5069" pin="1"/><net_sink comp="4088" pin=1"/></net>

<net id="5077"><net_src comp="664" pin="2"/><net_sink comp="5074" pin=0"/></net>

<net id="5078"><net_src comp="5074" pin="1"/><net_sink comp="4324" pin=1"/></net>

<net id="5082"><net_src comp="668" pin="2"/><net_sink comp="5079" pin=0"/></net>

<net id="5083"><net_src comp="5079" pin="1"/><net_sink comp="4560" pin=1"/></net>

</net_list>

</model> 
---------------- Datapath Model END ------------------

* FSMD analyzer results:
  - Output states:
	Port: AB_block_63_out | {2 }
	Port: AB_block_62_out | {2 }
	Port: AB_block_61_out | {2 }
	Port: AB_block_60_out | {2 }
	Port: AB_block_59_out | {2 }
	Port: AB_block_58_out | {2 }
	Port: AB_block_57_out | {2 }
	Port: AB_block_56_out | {2 }
	Port: AB_block_55_out | {2 }
	Port: AB_block_54_out | {2 }
	Port: AB_block_53_out | {2 }
	Port: AB_block_52_out | {2 }
	Port: AB_block_51_out | {2 }
	Port: AB_block_50_out | {2 }
	Port: AB_block_49_out | {2 }
	Port: AB_block_48_out | {2 }
 - Input state : 
	Port: MM_Pipeline_i_loop : AB_block_47 | {1 }
	Port: MM_Pipeline_i_loop : AB_block_46 | {1 }
	Port: MM_Pipeline_i_loop : AB_block_45 | {1 }
	Port: MM_Pipeline_i_loop : AB_block_44 | {1 }
	Port: MM_Pipeline_i_loop : AB_block_43 | {1 }
	Port: MM_Pipeline_i_loop : AB_block_42 | {1 }
	Port: MM_Pipeline_i_loop : AB_block_41 | {1 }
	Port: MM_Pipeline_i_loop : AB_block_40 | {1 }
	Port: MM_Pipeline_i_loop : AB_block_39 | {1 }
	Port: MM_Pipeline_i_loop : AB_block_38 | {1 }
	Port: MM_Pipeline_i_loop : AB_block_37 | {1 }
	Port: MM_Pipeline_i_loop : AB_block_36 | {1 }
	Port: MM_Pipeline_i_loop : AB_block_35 | {1 }
	Port: MM_Pipeline_i_loop : AB_block_34 | {1 }
	Port: MM_Pipeline_i_loop : AB_block_33 | {1 }
	Port: MM_Pipeline_i_loop : AB_block_32 | {1 }
	Port: MM_Pipeline_i_loop : A_line | {1 }
	Port: MM_Pipeline_i_loop : empty | {1 }
	Port: MM_Pipeline_i_loop : trunc_ln63_2 | {1 }
	Port: MM_Pipeline_i_loop : trunc_ln63_3 | {1 }
	Port: MM_Pipeline_i_loop : trunc_ln63_4 | {1 }
	Port: MM_Pipeline_i_loop : trunc_ln63_5 | {1 }
	Port: MM_Pipeline_i_loop : trunc_ln63_6 | {1 }
	Port: MM_Pipeline_i_loop : trunc_ln63_7 | {1 }
	Port: MM_Pipeline_i_loop : trunc_ln63_8 | {1 }
	Port: MM_Pipeline_i_loop : trunc_ln63_9 | {1 }
	Port: MM_Pipeline_i_loop : trunc_ln63_10 | {1 }
	Port: MM_Pipeline_i_loop : trunc_ln63_11 | {1 }
	Port: MM_Pipeline_i_loop : trunc_ln63_12 | {1 }
	Port: MM_Pipeline_i_loop : trunc_ln63_13 | {1 }
	Port: MM_Pipeline_i_loop : trunc_ln63_14 | {1 }
	Port: MM_Pipeline_i_loop : trunc_ln63_15 | {1 }
	Port: MM_Pipeline_i_loop : trunc_ln63_16 | {1 }
  - Chain level:
	State 1
		store_ln55 : 1
		i_1 : 1
		icmp_ln67 : 2
		add_ln67 : 2
		br_ln67 : 3
		trunc_ln67 : 2
		shl_ln56_1 : 3
		zext_ln72 : 4
		lshr_ln72 : 5
		trunc_ln72 : 6
		switch_ln72 : 3
		store_ln55 : 3
	State 2
		write_ln0 : 1
		write_ln0 : 1
		write_ln0 : 1
		write_ln0 : 1
		write_ln0 : 1
		write_ln0 : 1
		write_ln0 : 1
		write_ln0 : 1
		write_ln0 : 1
		write_ln0 : 1
		write_ln0 : 1
		write_ln0 : 1
		write_ln0 : 1
		write_ln0 : 1
		write_ln0 : 1
		write_ln0 : 1
	State 3
		trunc_ln72_1 : 1
		trunc_ln72_2 : 1
		trunc_ln72_3 : 1
		trunc_ln72_4 : 1
		trunc_ln72_5 : 1
		trunc_ln72_6 : 1
		trunc_ln72_7 : 1
		trunc_ln72_8 : 1
		trunc_ln72_9 : 1
		trunc_ln72_10 : 1
		trunc_ln72_11 : 1
		trunc_ln72_12 : 1
		trunc_ln72_13 : 1
		trunc_ln72_14 : 1
		trunc_ln72_15 : 1
		trunc_ln72_256 : 1
		tmp_s : 2
		add_ln72 : 3
		trunc_ln72_s : 1
		trunc_ln72_16 : 1
		trunc_ln72_17 : 1
		trunc_ln72_18 : 1
		trunc_ln72_19 : 1
		trunc_ln72_20 : 1
		trunc_ln72_21 : 1
		trunc_ln72_22 : 1
		trunc_ln72_23 : 1
		trunc_ln72_24 : 1
		trunc_ln72_25 : 1
		trunc_ln72_26 : 1
		trunc_ln72_27 : 1
		trunc_ln72_28 : 1
		trunc_ln72_29 : 1
		trunc_ln72_30 : 1
		tmp_1 : 2
		add_ln72_1 : 3
		trunc_ln72_31 : 1
		trunc_ln72_32 : 1
		trunc_ln72_33 : 1
		trunc_ln72_34 : 1
		trunc_ln72_35 : 1
		trunc_ln72_36 : 1
		trunc_ln72_37 : 1
		trunc_ln72_38 : 1
		trunc_ln72_39 : 1
		trunc_ln72_40 : 1
		trunc_ln72_41 : 1
		trunc_ln72_42 : 1
		trunc_ln72_43 : 1
		trunc_ln72_44 : 1
		trunc_ln72_45 : 1
		trunc_ln72_46 : 1
		tmp_2 : 2
		add_ln72_2 : 3
		trunc_ln72_47 : 1
		trunc_ln72_48 : 1
		trunc_ln72_49 : 1
		trunc_ln72_50 : 1
		trunc_ln72_51 : 1
		trunc_ln72_52 : 1
		trunc_ln72_53 : 1
		trunc_ln72_54 : 1
		trunc_ln72_55 : 1
		trunc_ln72_56 : 1
		trunc_ln72_57 : 1
		trunc_ln72_58 : 1
		trunc_ln72_59 : 1
		trunc_ln72_60 : 1
		trunc_ln72_61 : 1
		trunc_ln72_62 : 1
		tmp_3 : 2
		add_ln72_3 : 3
		trunc_ln72_63 : 1
		trunc_ln72_64 : 1
		trunc_ln72_65 : 1
		trunc_ln72_66 : 1
		trunc_ln72_67 : 1
		trunc_ln72_68 : 1
		trunc_ln72_69 : 1
		trunc_ln72_70 : 1
		trunc_ln72_71 : 1
		trunc_ln72_72 : 1
		trunc_ln72_73 : 1
		trunc_ln72_74 : 1
		trunc_ln72_75 : 1
		trunc_ln72_76 : 1
		trunc_ln72_77 : 1
		trunc_ln72_78 : 1
		tmp_4 : 2
		add_ln72_4 : 3
		trunc_ln72_79 : 1
		trunc_ln72_80 : 1
		trunc_ln72_81 : 1
		trunc_ln72_82 : 1
		trunc_ln72_83 : 1
		trunc_ln72_84 : 1
		trunc_ln72_85 : 1
		trunc_ln72_86 : 1
		trunc_ln72_87 : 1
		trunc_ln72_88 : 1
		trunc_ln72_89 : 1
		trunc_ln72_90 : 1
		trunc_ln72_91 : 1
		trunc_ln72_92 : 1
		trunc_ln72_93 : 1
		trunc_ln72_94 : 1
		tmp_5 : 2
		add_ln72_5 : 3
		trunc_ln72_95 : 1
		trunc_ln72_96 : 1
		trunc_ln72_97 : 1
		trunc_ln72_98 : 1
		trunc_ln72_99 : 1
		trunc_ln72_100 : 1
		trunc_ln72_101 : 1
		trunc_ln72_102 : 1
		trunc_ln72_103 : 1
		trunc_ln72_104 : 1
		trunc_ln72_105 : 1
		trunc_ln72_106 : 1
		trunc_ln72_107 : 1
		trunc_ln72_108 : 1
		trunc_ln72_109 : 1
		trunc_ln72_110 : 1
		tmp_6 : 2
		add_ln72_6 : 3
		trunc_ln72_111 : 1
		trunc_ln72_112 : 1
		trunc_ln72_113 : 1
		trunc_ln72_114 : 1
		trunc_ln72_115 : 1
		trunc_ln72_116 : 1
		trunc_ln72_117 : 1
		trunc_ln72_118 : 1
		trunc_ln72_119 : 1
		trunc_ln72_120 : 1
		trunc_ln72_121 : 1
		trunc_ln72_122 : 1
		trunc_ln72_123 : 1
		trunc_ln72_124 : 1
		trunc_ln72_125 : 1
		trunc_ln72_126 : 1
		tmp_7 : 2
		add_ln72_7 : 3
		trunc_ln72_127 : 1
		trunc_ln72_128 : 1
		trunc_ln72_129 : 1
		trunc_ln72_130 : 1
		trunc_ln72_131 : 1
		trunc_ln72_132 : 1
		trunc_ln72_133 : 1
		trunc_ln72_134 : 1
		trunc_ln72_135 : 1
		trunc_ln72_136 : 1
		trunc_ln72_137 : 1
		trunc_ln72_138 : 1
		trunc_ln72_139 : 1
		trunc_ln72_140 : 1
		trunc_ln72_141 : 1
		trunc_ln72_142 : 1
		tmp_8 : 2
		add_ln72_8 : 3
		trunc_ln72_143 : 1
		trunc_ln72_144 : 1
		trunc_ln72_145 : 1
		trunc_ln72_146 : 1
		trunc_ln72_147 : 1
		trunc_ln72_148 : 1
		trunc_ln72_149 : 1
		trunc_ln72_150 : 1
		trunc_ln72_151 : 1
		trunc_ln72_152 : 1
		trunc_ln72_153 : 1
		trunc_ln72_154 : 1
		trunc_ln72_155 : 1
		trunc_ln72_156 : 1
		trunc_ln72_157 : 1
		trunc_ln72_158 : 1
		tmp_9 : 2
		add_ln72_9 : 3
		trunc_ln72_159 : 1
		trunc_ln72_160 : 1
		trunc_ln72_161 : 1
		trunc_ln72_162 : 1
		trunc_ln72_163 : 1
		trunc_ln72_164 : 1
		trunc_ln72_165 : 1
		trunc_ln72_166 : 1
		trunc_ln72_167 : 1
		trunc_ln72_168 : 1
		trunc_ln72_169 : 1
		trunc_ln72_170 : 1
		trunc_ln72_171 : 1
		trunc_ln72_172 : 1
		trunc_ln72_173 : 1
		trunc_ln72_174 : 1
		tmp_10 : 2
		add_ln72_10 : 3
		trunc_ln72_175 : 1
		trunc_ln72_176 : 1
		trunc_ln72_177 : 1
		trunc_ln72_178 : 1
		trunc_ln72_179 : 1
		trunc_ln72_180 : 1
		trunc_ln72_181 : 1
		trunc_ln72_182 : 1
		trunc_ln72_183 : 1
		trunc_ln72_184 : 1
		trunc_ln72_185 : 1
		trunc_ln72_186 : 1
		trunc_ln72_187 : 1
		trunc_ln72_188 : 1
		trunc_ln72_189 : 1
		trunc_ln72_190 : 1
		tmp_11 : 2
		add_ln72_11 : 3
		trunc_ln72_191 : 1
		trunc_ln72_192 : 1
		trunc_ln72_193 : 1
		trunc_ln72_194 : 1
		trunc_ln72_195 : 1
		trunc_ln72_196 : 1
		trunc_ln72_197 : 1
		trunc_ln72_198 : 1
		trunc_ln72_199 : 1
		trunc_ln72_200 : 1
		trunc_ln72_201 : 1
		trunc_ln72_202 : 1
		trunc_ln72_203 : 1
		trunc_ln72_204 : 1
		trunc_ln72_205 : 1
		trunc_ln72_206 : 1
		tmp_12 : 2
		add_ln72_12 : 3
		trunc_ln72_207 : 1
		trunc_ln72_208 : 1
		trunc_ln72_209 : 1
		trunc_ln72_210 : 1
		trunc_ln72_211 : 1
		trunc_ln72_212 : 1
		trunc_ln72_213 : 1
		trunc_ln72_214 : 1
		trunc_ln72_215 : 1
		trunc_ln72_216 : 1
		trunc_ln72_217 : 1
		trunc_ln72_218 : 1
		trunc_ln72_219 : 1
		trunc_ln72_220 : 1
		trunc_ln72_221 : 1
		trunc_ln72_222 : 1
		tmp_13 : 2
		add_ln72_13 : 3
		trunc_ln72_223 : 1
		trunc_ln72_224 : 1
		trunc_ln72_225 : 1
		trunc_ln72_226 : 1
		trunc_ln72_227 : 1
		trunc_ln72_228 : 1
		trunc_ln72_229 : 1
		trunc_ln72_230 : 1
		trunc_ln72_231 : 1
		trunc_ln72_232 : 1
		trunc_ln72_233 : 1
		trunc_ln72_234 : 1
		trunc_ln72_235 : 1
		trunc_ln72_236 : 1
		trunc_ln72_237 : 1
		trunc_ln72_238 : 1
		tmp_14 : 2
		add_ln72_14 : 3
		trunc_ln72_239 : 1
		trunc_ln72_240 : 1
		trunc_ln72_241 : 1
		trunc_ln72_242 : 1
		trunc_ln72_243 : 1
		trunc_ln72_244 : 1
		trunc_ln72_245 : 1
		trunc_ln72_246 : 1
		trunc_ln72_247 : 1
		trunc_ln72_248 : 1
		trunc_ln72_249 : 1
		trunc_ln72_250 : 1
		trunc_ln72_251 : 1
		trunc_ln72_252 : 1
		trunc_ln72_253 : 1
		trunc_ln72_254 : 1
		tmp_15 : 2
		add_ln72_15 : 3
		AB_block_16 : 4
		store_ln39 : 5
		store_ln39 : 5
		store_ln39 : 5
		store_ln39 : 5
		store_ln39 : 5
		store_ln39 : 5
		store_ln39 : 5
		store_ln39 : 5
		store_ln39 : 5
		store_ln39 : 5
		store_ln39 : 5
		store_ln39 : 5
		store_ln39 : 5
		store_ln39 : 5
		store_ln39 : 5
		store_ln39 : 5


============================================================
+ Verbose Summary: Datapath Resource usage 
============================================================

* Functional unit list:
|----------|--------------------------------|---------|---------|---------|
| Operation|         Functional Unit        |   DSP   |    FF   |   LUT   |
|----------|--------------------------------|---------|---------|---------|
|   lshr   |        lshr_ln72_fu_788        |    0    |    0    |   2171  |
|----------|--------------------------------|---------|---------|---------|
|          |          tmp_s_fu_949          |    0    |    0    |    65   |
|          |          tmp_1_fu_1185         |    0    |    0    |    65   |
|          |          tmp_2_fu_1421         |    0    |    0    |    65   |
|          |          tmp_3_fu_1657         |    0    |    0    |    65   |
|          |          tmp_4_fu_1893         |    0    |    0    |    65   |
|          |          tmp_5_fu_2129         |    0    |    0    |    65   |
|          |          tmp_6_fu_2365         |    0    |    0    |    65   |
| sparsemux|          tmp_7_fu_2601         |    0    |    0    |    65   |
|          |          tmp_8_fu_2837         |    0    |    0    |    65   |
|          |          tmp_9_fu_3073         |    0    |    0    |    65   |
|          |         tmp_10_fu_3309         |    0    |    0    |    65   |
|          |         tmp_11_fu_3545         |    0    |    0    |    65   |
|          |         tmp_12_fu_3781         |    0    |    0    |    65   |
|          |         tmp_13_fu_4017         |    0    |    0    |    65   |
|          |         tmp_14_fu_4253         |    0    |    0    |    65   |
|          |         tmp_15_fu_4489         |    0    |    0    |    65   |
|----------|--------------------------------|---------|---------|---------|
|          |         add_ln67_fu_766        |    0    |    0    |    13   |
|          |        add_ln72_fu_1020        |    0    |    0    |    39   |
|          |       add_ln72_1_fu_1256       |    0    |    0    |    39   |
|          |       add_ln72_2_fu_1492       |    0    |    0    |    39   |
|          |       add_ln72_3_fu_1728       |    0    |    0    |    39   |
|          |       add_ln72_4_fu_1964       |    0    |    0    |    39   |
|          |       add_ln72_5_fu_2200       |    0    |    0    |    39   |
|          |       add_ln72_6_fu_2436       |    0    |    0    |    39   |
|    add   |       add_ln72_7_fu_2672       |    0    |    0    |    39   |
|          |       add_ln72_8_fu_2908       |    0    |    0    |    39   |
|          |       add_ln72_9_fu_3144       |    0    |    0    |    39   |
|          |       add_ln72_10_fu_3380      |    0    |    0    |    39   |
|          |       add_ln72_11_fu_3616      |    0    |    0    |    39   |
|          |       add_ln72_12_fu_3852      |    0    |    0    |    39   |
|          |       add_ln72_13_fu_4088      |    0    |    0    |    39   |
|          |       add_ln72_14_fu_4324      |    0    |    0    |    39   |
|          |       add_ln72_15_fu_4560      |    0    |    0    |    39   |
|----------|--------------------------------|---------|---------|---------|
|          |         mul_ln72_fu_608        |    3    |    0    |    20   |
|          |        mul_ln72_1_fu_612       |    3    |    0    |    20   |
|          |        mul_ln72_2_fu_616       |    3    |    0    |    20   |
|          |        mul_ln72_3_fu_620       |    3    |    0    |    20   |
|          |        mul_ln72_4_fu_624       |    3    |    0    |    20   |
|          |        mul_ln72_5_fu_628       |    3    |    0    |    20   |
|          |        mul_ln72_6_fu_632       |    3    |    0    |    20   |
|    mul   |        mul_ln72_7_fu_636       |    3    |    0    |    20   |
|          |        mul_ln72_8_fu_640       |    3    |    0    |    20   |
|          |        mul_ln72_9_fu_644       |    3    |    0    |    20   |
|          |       mul_ln72_10_fu_648       |    3    |    0    |    20   |
|          |       mul_ln72_11_fu_652       |    3    |    0    |    20   |
|          |       mul_ln72_12_fu_656       |    3    |    0    |    20   |
|          |       mul_ln72_13_fu_660       |    3    |    0    |    20   |
|          |       mul_ln72_14_fu_664       |    3    |    0    |    20   |
|          |       mul_ln72_15_fu_668       |    3    |    0    |    20   |
|----------|--------------------------------|---------|---------|---------|
|   icmp   |        icmp_ln67_fu_760        |    0    |    0    |    13   |
|----------|--------------------------------|---------|---------|---------|
|          | trunc_ln63_16_read_read_fu_298 |    0    |    0    |    0    |
|          | trunc_ln63_15_read_read_fu_304 |    0    |    0    |    0    |
|          | trunc_ln63_14_read_read_fu_310 |    0    |    0    |    0    |
|          | trunc_ln63_13_read_read_fu_316 |    0    |    0    |    0    |
|          | trunc_ln63_12_read_read_fu_322 |    0    |    0    |    0    |
|          | trunc_ln63_11_read_read_fu_328 |    0    |    0    |    0    |
|          | trunc_ln63_10_read_read_fu_334 |    0    |    0    |    0    |
|          |  trunc_ln63_9_read_read_fu_340 |    0    |    0    |    0    |
|          |  trunc_ln63_8_read_read_fu_346 |    0    |    0    |    0    |
|          |  trunc_ln63_7_read_read_fu_352 |    0    |    0    |    0    |
|          |  trunc_ln63_6_read_read_fu_358 |    0    |    0    |    0    |
|          |  trunc_ln63_5_read_read_fu_364 |    0    |    0    |    0    |
|          |  trunc_ln63_4_read_read_fu_370 |    0    |    0    |    0    |
|          |  trunc_ln63_3_read_read_fu_376 |    0    |    0    |    0    |
|          |  trunc_ln63_2_read_read_fu_382 |    0    |    0    |    0    |
|          |         tmp_read_fu_388        |    0    |    0    |    0    |
|   read   |     A_line_read_read_fu_394    |    0    |    0    |    0    |
|          |  AB_block_32_read_read_fu_400  |    0    |    0    |    0    |
|          |  AB_block_33_read_read_fu_406  |    0    |    0    |    0    |
|          |  AB_block_34_read_read_fu_412  |    0    |    0    |    0    |
|          |  AB_block_35_read_read_fu_418  |    0    |    0    |    0    |
|          |  AB_block_36_read_read_fu_424  |    0    |    0    |    0    |
|          |  AB_block_37_read_read_fu_430  |    0    |    0    |    0    |
|          |  AB_block_38_read_read_fu_436  |    0    |    0    |    0    |
|          |  AB_block_39_read_read_fu_442  |    0    |    0    |    0    |
|          |  AB_block_40_read_read_fu_448  |    0    |    0    |    0    |
|          |  AB_block_41_read_read_fu_454  |    0    |    0    |    0    |
|          |  AB_block_42_read_read_fu_460  |    0    |    0    |    0    |
|          |  AB_block_43_read_read_fu_466  |    0    |    0    |    0    |
|          |  AB_block_44_read_read_fu_472  |    0    |    0    |    0    |
|          |  AB_block_45_read_read_fu_478  |    0    |    0    |    0    |
|          |  AB_block_46_read_read_fu_484  |    0    |    0    |    0    |
|          |  AB_block_47_read_read_fu_490  |    0    |    0    |    0    |
|----------|--------------------------------|---------|---------|---------|
|          |     write_ln0_write_fu_496     |    0    |    0    |    0    |
|          |     write_ln0_write_fu_503     |    0    |    0    |    0    |
|          |     write_ln0_write_fu_510     |    0    |    0    |    0    |
|          |     write_ln0_write_fu_517     |    0    |    0    |    0    |
|          |     write_ln0_write_fu_524     |    0    |    0    |    0    |
|          |     write_ln0_write_fu_531     |    0    |    0    |    0    |
|          |     write_ln0_write_fu_538     |    0    |    0    |    0    |
|   write  |     write_ln0_write_fu_545     |    0    |    0    |    0    |
|          |     write_ln0_write_fu_552     |    0    |    0    |    0    |
|          |     write_ln0_write_fu_559     |    0    |    0    |    0    |
|          |     write_ln0_write_fu_566     |    0    |    0    |    0    |
|          |     write_ln0_write_fu_573     |    0    |    0    |    0    |
|          |     write_ln0_write_fu_580     |    0    |    0    |    0    |
|          |     write_ln0_write_fu_587     |    0    |    0    |    0    |
|          |     write_ln0_write_fu_594     |    0    |    0    |    0    |
|          |     write_ln0_write_fu_601     |    0    |    0    |    0    |
|----------|--------------------------------|---------|---------|---------|
|          |        trunc_ln67_fu_772       |    0    |    0    |    0    |
|          |        trunc_ln72_fu_794       |    0    |    0    |    0    |
|          |       trunc_ln72_1_fu_885      |    0    |    0    |    0    |
|          |       trunc_ln72_2_fu_889      |    0    |    0    |    0    |
|          |       trunc_ln72_3_fu_893      |    0    |    0    |    0    |
|          |       trunc_ln72_4_fu_897      |    0    |    0    |    0    |
|          |       trunc_ln72_5_fu_901      |    0    |    0    |    0    |
|          |       trunc_ln72_6_fu_905      |    0    |    0    |    0    |
|   trunc  |       trunc_ln72_7_fu_909      |    0    |    0    |    0    |
|          |       trunc_ln72_8_fu_913      |    0    |    0    |    0    |
|          |       trunc_ln72_9_fu_917      |    0    |    0    |    0    |
|          |      trunc_ln72_10_fu_921      |    0    |    0    |    0    |
|          |      trunc_ln72_11_fu_925      |    0    |    0    |    0    |
|          |      trunc_ln72_12_fu_929      |    0    |    0    |    0    |
|          |      trunc_ln72_13_fu_933      |    0    |    0    |    0    |
|          |      trunc_ln72_14_fu_937      |    0    |    0    |    0    |
|          |      trunc_ln72_15_fu_941      |    0    |    0    |    0    |
|          |      trunc_ln72_256_fu_945     |    0    |    0    |    0    |
|----------|--------------------------------|---------|---------|---------|
|bitconcatenate|        shl_ln56_1_fu_776       |    0    |    0    |    0    |
|          |       AB_block_16_fu_4565      |    0    |    0    |    0    |
|----------|--------------------------------|---------|---------|---------|
|   zext   |        zext_ln72_fu_784        |    0    |    0    |    0    |
|----------|--------------------------------|---------|---------|---------|
|  switch  |       switch_ln72_fu_798       |    0    |    0    |    0    |
|----------|--------------------------------|---------|---------|---------|
|          |      trunc_ln72_s_fu_1025      |    0    |    0    |    0    |
|          |      trunc_ln72_16_fu_1035     |    0    |    0    |    0    |
|          |      trunc_ln72_17_fu_1045     |    0    |    0    |    0    |
|          |      trunc_ln72_18_fu_1055     |    0    |    0    |    0    |
|          |      trunc_ln72_19_fu_1065     |    0    |    0    |    0    |
|          |      trunc_ln72_20_fu_1075     |    0    |    0    |    0    |
|          |      trunc_ln72_21_fu_1085     |    0    |    0    |    0    |
|          |      trunc_ln72_22_fu_1095     |    0    |    0    |    0    |
|          |      trunc_ln72_23_fu_1105     |    0    |    0    |    0    |
|          |      trunc_ln72_24_fu_1115     |    0    |    0    |    0    |
|          |      trunc_ln72_25_fu_1125     |    0    |    0    |    0    |
|          |      trunc_ln72_26_fu_1135     |    0    |    0    |    0    |
|          |      trunc_ln72_27_fu_1145     |    0    |    0    |    0    |
|          |      trunc_ln72_28_fu_1155     |    0    |    0    |    0    |
|          |      trunc_ln72_29_fu_1165     |    0    |    0    |    0    |
|          |      trunc_ln72_30_fu_1175     |    0    |    0    |    0    |
|          |      trunc_ln72_31_fu_1261     |    0    |    0    |    0    |
|          |      trunc_ln72_32_fu_1271     |    0    |    0    |    0    |
|          |      trunc_ln72_33_fu_1281     |    0    |    0    |    0    |
|          |      trunc_ln72_34_fu_1291     |    0    |    0    |    0    |
|          |      trunc_ln72_35_fu_1301     |    0    |    0    |    0    |
|          |      trunc_ln72_36_fu_1311     |    0    |    0    |    0    |
|          |      trunc_ln72_37_fu_1321     |    0    |    0    |    0    |
|          |      trunc_ln72_38_fu_1331     |    0    |    0    |    0    |
|          |      trunc_ln72_39_fu_1341     |    0    |    0    |    0    |
|          |      trunc_ln72_40_fu_1351     |    0    |    0    |    0    |
|          |      trunc_ln72_41_fu_1361     |    0    |    0    |    0    |
|          |      trunc_ln72_42_fu_1371     |    0    |    0    |    0    |
|          |      trunc_ln72_43_fu_1381     |    0    |    0    |    0    |
|          |      trunc_ln72_44_fu_1391     |    0    |    0    |    0    |
|          |      trunc_ln72_45_fu_1401     |    0    |    0    |    0    |
|          |      trunc_ln72_46_fu_1411     |    0    |    0    |    0    |
|          |      trunc_ln72_47_fu_1497     |    0    |    0    |    0    |
|          |      trunc_ln72_48_fu_1507     |    0    |    0    |    0    |
|          |      trunc_ln72_49_fu_1517     |    0    |    0    |    0    |
|          |      trunc_ln72_50_fu_1527     |    0    |    0    |    0    |
|          |      trunc_ln72_51_fu_1537     |    0    |    0    |    0    |
|          |      trunc_ln72_52_fu_1547     |    0    |    0    |    0    |
|          |      trunc_ln72_53_fu_1557     |    0    |    0    |    0    |
|          |      trunc_ln72_54_fu_1567     |    0    |    0    |    0    |
|          |      trunc_ln72_55_fu_1577     |    0    |    0    |    0    |
|          |      trunc_ln72_56_fu_1587     |    0    |    0    |    0    |
|          |      trunc_ln72_57_fu_1597     |    0    |    0    |    0    |
|          |      trunc_ln72_58_fu_1607     |    0    |    0    |    0    |
|          |      trunc_ln72_59_fu_1617     |    0    |    0    |    0    |
|          |      trunc_ln72_60_fu_1627     |    0    |    0    |    0    |
|          |      trunc_ln72_61_fu_1637     |    0    |    0    |    0    |
|          |      trunc_ln72_62_fu_1647     |    0    |    0    |    0    |
|          |      trunc_ln72_63_fu_1733     |    0    |    0    |    0    |
|          |      trunc_ln72_64_fu_1743     |    0    |    0    |    0    |
|          |      trunc_ln72_65_fu_1753     |    0    |    0    |    0    |
|          |      trunc_ln72_66_fu_1763     |    0    |    0    |    0    |
|          |      trunc_ln72_67_fu_1773     |    0    |    0    |    0    |
|          |      trunc_ln72_68_fu_1783     |    0    |    0    |    0    |
|          |      trunc_ln72_69_fu_1793     |    0    |    0    |    0    |
|          |      trunc_ln72_70_fu_1803     |    0    |    0    |    0    |
|          |      trunc_ln72_71_fu_1813     |    0    |    0    |    0    |
|          |      trunc_ln72_72_fu_1823     |    0    |    0    |    0    |
|          |      trunc_ln72_73_fu_1833     |    0    |    0    |    0    |
|          |      trunc_ln72_74_fu_1843     |    0    |    0    |    0    |
|          |      trunc_ln72_75_fu_1853     |    0    |    0    |    0    |
|          |      trunc_ln72_76_fu_1863     |    0    |    0    |    0    |
|          |      trunc_ln72_77_fu_1873     |    0    |    0    |    0    |
|          |      trunc_ln72_78_fu_1883     |    0    |    0    |    0    |
|          |      trunc_ln72_79_fu_1969     |    0    |    0    |    0    |
|          |      trunc_ln72_80_fu_1979     |    0    |    0    |    0    |
|          |      trunc_ln72_81_fu_1989     |    0    |    0    |    0    |
|          |      trunc_ln72_82_fu_1999     |    0    |    0    |    0    |
|          |      trunc_ln72_83_fu_2009     |    0    |    0    |    0    |
|          |      trunc_ln72_84_fu_2019     |    0    |    0    |    0    |
|          |      trunc_ln72_85_fu_2029     |    0    |    0    |    0    |
|          |      trunc_ln72_86_fu_2039     |    0    |    0    |    0    |
|          |      trunc_ln72_87_fu_2049     |    0    |    0    |    0    |
|          |      trunc_ln72_88_fu_2059     |    0    |    0    |    0    |
|          |      trunc_ln72_89_fu_2069     |    0    |    0    |    0    |
|          |      trunc_ln72_90_fu_2079     |    0    |    0    |    0    |
|          |      trunc_ln72_91_fu_2089     |    0    |    0    |    0    |
|          |      trunc_ln72_92_fu_2099     |    0    |    0    |    0    |
|          |      trunc_ln72_93_fu_2109     |    0    |    0    |    0    |
|          |      trunc_ln72_94_fu_2119     |    0    |    0    |    0    |
|          |      trunc_ln72_95_fu_2205     |    0    |    0    |    0    |
|          |      trunc_ln72_96_fu_2215     |    0    |    0    |    0    |
|          |      trunc_ln72_97_fu_2225     |    0    |    0    |    0    |
|          |      trunc_ln72_98_fu_2235     |    0    |    0    |    0    |
|          |      trunc_ln72_99_fu_2245     |    0    |    0    |    0    |
|          |     trunc_ln72_100_fu_2255     |    0    |    0    |    0    |
|          |     trunc_ln72_101_fu_2265     |    0    |    0    |    0    |
|          |     trunc_ln72_102_fu_2275     |    0    |    0    |    0    |
|          |     trunc_ln72_103_fu_2285     |    0    |    0    |    0    |
|          |     trunc_ln72_104_fu_2295     |    0    |    0    |    0    |
|          |     trunc_ln72_105_fu_2305     |    0    |    0    |    0    |
|          |     trunc_ln72_106_fu_2315     |    0    |    0    |    0    |
|          |     trunc_ln72_107_fu_2325     |    0    |    0    |    0    |
|          |     trunc_ln72_108_fu_2335     |    0    |    0    |    0    |
|          |     trunc_ln72_109_fu_2345     |    0    |    0    |    0    |
|          |     trunc_ln72_110_fu_2355     |    0    |    0    |    0    |
|          |     trunc_ln72_111_fu_2441     |    0    |    0    |    0    |
|          |     trunc_ln72_112_fu_2451     |    0    |    0    |    0    |
|          |     trunc_ln72_113_fu_2461     |    0    |    0    |    0    |
|          |     trunc_ln72_114_fu_2471     |    0    |    0    |    0    |
|          |     trunc_ln72_115_fu_2481     |    0    |    0    |    0    |
|          |     trunc_ln72_116_fu_2491     |    0    |    0    |    0    |
|          |     trunc_ln72_117_fu_2501     |    0    |    0    |    0    |
|          |     trunc_ln72_118_fu_2511     |    0    |    0    |    0    |
|          |     trunc_ln72_119_fu_2521     |    0    |    0    |    0    |
|          |     trunc_ln72_120_fu_2531     |    0    |    0    |    0    |
|          |     trunc_ln72_121_fu_2541     |    0    |    0    |    0    |
|          |     trunc_ln72_122_fu_2551     |    0    |    0    |    0    |
|          |     trunc_ln72_123_fu_2561     |    0    |    0    |    0    |
|          |     trunc_ln72_124_fu_2571     |    0    |    0    |    0    |
|          |     trunc_ln72_125_fu_2581     |    0    |    0    |    0    |
|          |     trunc_ln72_126_fu_2591     |    0    |    0    |    0    |
|          |     trunc_ln72_127_fu_2677     |    0    |    0    |    0    |
|          |     trunc_ln72_128_fu_2687     |    0    |    0    |    0    |
|          |     trunc_ln72_129_fu_2697     |    0    |    0    |    0    |
|          |     trunc_ln72_130_fu_2707     |    0    |    0    |    0    |
|          |     trunc_ln72_131_fu_2717     |    0    |    0    |    0    |
|          |     trunc_ln72_132_fu_2727     |    0    |    0    |    0    |
|          |     trunc_ln72_133_fu_2737     |    0    |    0    |    0    |
|partselect|     trunc_ln72_134_fu_2747     |    0    |    0    |    0    |
|          |     trunc_ln72_135_fu_2757     |    0    |    0    |    0    |
|          |     trunc_ln72_136_fu_2767     |    0    |    0    |    0    |
|          |     trunc_ln72_137_fu_2777     |    0    |    0    |    0    |
|          |     trunc_ln72_138_fu_2787     |    0    |    0    |    0    |
|          |     trunc_ln72_139_fu_2797     |    0    |    0    |    0    |
|          |     trunc_ln72_140_fu_2807     |    0    |    0    |    0    |
|          |     trunc_ln72_141_fu_2817     |    0    |    0    |    0    |
|          |     trunc_ln72_142_fu_2827     |    0    |    0    |    0    |
|          |     trunc_ln72_143_fu_2913     |    0    |    0    |    0    |
|          |     trunc_ln72_144_fu_2923     |    0    |    0    |    0    |
|          |     trunc_ln72_145_fu_2933     |    0    |    0    |    0    |
|          |     trunc_ln72_146_fu_2943     |    0    |    0    |    0    |
|          |     trunc_ln72_147_fu_2953     |    0    |    0    |    0    |
|          |     trunc_ln72_148_fu_2963     |    0    |    0    |    0    |
|          |     trunc_ln72_149_fu_2973     |    0    |    0    |    0    |
|          |     trunc_ln72_150_fu_2983     |    0    |    0    |    0    |
|          |     trunc_ln72_151_fu_2993     |    0    |    0    |    0    |
|          |     trunc_ln72_152_fu_3003     |    0    |    0    |    0    |
|          |     trunc_ln72_153_fu_3013     |    0    |    0    |    0    |
|          |     trunc_ln72_154_fu_3023     |    0    |    0    |    0    |
|          |     trunc_ln72_155_fu_3033     |    0    |    0    |    0    |
|          |     trunc_ln72_156_fu_3043     |    0    |    0    |    0    |
|          |     trunc_ln72_157_fu_3053     |    0    |    0    |    0    |
|          |     trunc_ln72_158_fu_3063     |    0    |    0    |    0    |
|          |     trunc_ln72_159_fu_3149     |    0    |    0    |    0    |
|          |     trunc_ln72_160_fu_3159     |    0    |    0    |    0    |
|          |     trunc_ln72_161_fu_3169     |    0    |    0    |    0    |
|          |     trunc_ln72_162_fu_3179     |    0    |    0    |    0    |
|          |     trunc_ln72_163_fu_3189     |    0    |    0    |    0    |
|          |     trunc_ln72_164_fu_3199     |    0    |    0    |    0    |
|          |     trunc_ln72_165_fu_3209     |    0    |    0    |    0    |
|          |     trunc_ln72_166_fu_3219     |    0    |    0    |    0    |
|          |     trunc_ln72_167_fu_3229     |    0    |    0    |    0    |
|          |     trunc_ln72_168_fu_3239     |    0    |    0    |    0    |
|          |     trunc_ln72_169_fu_3249     |    0    |    0    |    0    |
|          |     trunc_ln72_170_fu_3259     |    0    |    0    |    0    |
|          |     trunc_ln72_171_fu_3269     |    0    |    0    |    0    |
|          |     trunc_ln72_172_fu_3279     |    0    |    0    |    0    |
|          |     trunc_ln72_173_fu_3289     |    0    |    0    |    0    |
|          |     trunc_ln72_174_fu_3299     |    0    |    0    |    0    |
|          |     trunc_ln72_175_fu_3385     |    0    |    0    |    0    |
|          |     trunc_ln72_176_fu_3395     |    0    |    0    |    0    |
|          |     trunc_ln72_177_fu_3405     |    0    |    0    |    0    |
|          |     trunc_ln72_178_fu_3415     |    0    |    0    |    0    |
|          |     trunc_ln72_179_fu_3425     |    0    |    0    |    0    |
|          |     trunc_ln72_180_fu_3435     |    0    |    0    |    0    |
|          |     trunc_ln72_181_fu_3445     |    0    |    0    |    0    |
|          |     trunc_ln72_182_fu_3455     |    0    |    0    |    0    |
|          |     trunc_ln72_183_fu_3465     |    0    |    0    |    0    |
|          |     trunc_ln72_184_fu_3475     |    0    |    0    |    0    |
|          |     trunc_ln72_185_fu_3485     |    0    |    0    |    0    |
|          |     trunc_ln72_186_fu_3495     |    0    |    0    |    0    |
|          |     trunc_ln72_187_fu_3505     |    0    |    0    |    0    |
|          |     trunc_ln72_188_fu_3515     |    0    |    0    |    0    |
|          |     trunc_ln72_189_fu_3525     |    0    |    0    |    0    |
|          |     trunc_ln72_190_fu_3535     |    0    |    0    |    0    |
|          |     trunc_ln72_191_fu_3621     |    0    |    0    |    0    |
|          |     trunc_ln72_192_fu_3631     |    0    |    0    |    0    |
|          |     trunc_ln72_193_fu_3641     |    0    |    0    |    0    |
|          |     trunc_ln72_194_fu_3651     |    0    |    0    |    0    |
|          |     trunc_ln72_195_fu_3661     |    0    |    0    |    0    |
|          |     trunc_ln72_196_fu_3671     |    0    |    0    |    0    |
|          |     trunc_ln72_197_fu_3681     |    0    |    0    |    0    |
|          |     trunc_ln72_198_fu_3691     |    0    |    0    |    0    |
|          |     trunc_ln72_199_fu_3701     |    0    |    0    |    0    |
|          |     trunc_ln72_200_fu_3711     |    0    |    0    |    0    |
|          |     trunc_ln72_201_fu_3721     |    0    |    0    |    0    |
|          |     trunc_ln72_202_fu_3731     |    0    |    0    |    0    |
|          |     trunc_ln72_203_fu_3741     |    0    |    0    |    0    |
|          |     trunc_ln72_204_fu_3751     |    0    |    0    |    0    |
|          |     trunc_ln72_205_fu_3761     |    0    |    0    |    0    |
|          |     trunc_ln72_206_fu_3771     |    0    |    0    |    0    |
|          |     trunc_ln72_207_fu_3857     |    0    |    0    |    0    |
|          |     trunc_ln72_208_fu_3867     |    0    |    0    |    0    |
|          |     trunc_ln72_209_fu_3877     |    0    |    0    |    0    |
|          |     trunc_ln72_210_fu_3887     |    0    |    0    |    0    |
|          |     trunc_ln72_211_fu_3897     |    0    |    0    |    0    |
|          |     trunc_ln72_212_fu_3907     |    0    |    0    |    0    |
|          |     trunc_ln72_213_fu_3917     |    0    |    0    |    0    |
|          |     trunc_ln72_214_fu_3927     |    0    |    0    |    0    |
|          |     trunc_ln72_215_fu_3937     |    0    |    0    |    0    |
|          |     trunc_ln72_216_fu_3947     |    0    |    0    |    0    |
|          |     trunc_ln72_217_fu_3957     |    0    |    0    |    0    |
|          |     trunc_ln72_218_fu_3967     |    0    |    0    |    0    |
|          |     trunc_ln72_219_fu_3977     |    0    |    0    |    0    |
|          |     trunc_ln72_220_fu_3987     |    0    |    0    |    0    |
|          |     trunc_ln72_221_fu_3997     |    0    |    0    |    0    |
|          |     trunc_ln72_222_fu_4007     |    0    |    0    |    0    |
|          |     trunc_ln72_223_fu_4093     |    0    |    0    |    0    |
|          |     trunc_ln72_224_fu_4103     |    0    |    0    |    0    |
|          |     trunc_ln72_225_fu_4113     |    0    |    0    |    0    |
|          |     trunc_ln72_226_fu_4123     |    0    |    0    |    0    |
|          |     trunc_ln72_227_fu_4133     |    0    |    0    |    0    |
|          |     trunc_ln72_228_fu_4143     |    0    |    0    |    0    |
|          |     trunc_ln72_229_fu_4153     |    0    |    0    |    0    |
|          |     trunc_ln72_230_fu_4163     |    0    |    0    |    0    |
|          |     trunc_ln72_231_fu_4173     |    0    |    0    |    0    |
|          |     trunc_ln72_232_fu_4183     |    0    |    0    |    0    |
|          |     trunc_ln72_233_fu_4193     |    0    |    0    |    0    |
|          |     trunc_ln72_234_fu_4203     |    0    |    0    |    0    |
|          |     trunc_ln72_235_fu_4213     |    0    |    0    |    0    |
|          |     trunc_ln72_236_fu_4223     |    0    |    0    |    0    |
|          |     trunc_ln72_237_fu_4233     |    0    |    0    |    0    |
|          |     trunc_ln72_238_fu_4243     |    0    |    0    |    0    |
|          |     trunc_ln72_239_fu_4329     |    0    |    0    |    0    |
|          |     trunc_ln72_240_fu_4339     |    0    |    0    |    0    |
|          |     trunc_ln72_241_fu_4349     |    0    |    0    |    0    |
|          |     trunc_ln72_242_fu_4359     |    0    |    0    |    0    |
|          |     trunc_ln72_243_fu_4369     |    0    |    0    |    0    |
|          |     trunc_ln72_244_fu_4379     |    0    |    0    |    0    |
|          |     trunc_ln72_245_fu_4389     |    0    |    0    |    0    |
|          |     trunc_ln72_246_fu_4399     |    0    |    0    |    0    |
|          |     trunc_ln72_247_fu_4409     |    0    |    0    |    0    |
|          |     trunc_ln72_248_fu_4419     |    0    |    0    |    0    |
|          |     trunc_ln72_249_fu_4429     |    0    |    0    |    0    |
|          |     trunc_ln72_250_fu_4439     |    0    |    0    |    0    |
|          |     trunc_ln72_251_fu_4449     |    0    |    0    |    0    |
|          |     trunc_ln72_252_fu_4459     |    0    |    0    |    0    |
|          |     trunc_ln72_253_fu_4469     |    0    |    0    |    0    |
|          |     trunc_ln72_254_fu_4479     |    0    |    0    |    0    |
|----------|--------------------------------|---------|---------|---------|
|   Total  |                                |    48   |    0    |   4181  |
|----------|--------------------------------|---------|---------|---------|

Memories:
N/A

* Register list:
+---------------------------+--------+
|                           |   FF   |
+---------------------------+--------+
|    AB_block_10_reg_4832   |   512  |
|    AB_block_11_reg_4840   |   512  |
|    AB_block_12_reg_4848   |   512  |
|    AB_block_13_reg_4856   |   512  |
|    AB_block_14_reg_4864   |   512  |
|    AB_block_15_reg_4872   |   512  |
|    AB_block_1_reg_4760    |   512  |
|    AB_block_2_reg_4768    |   512  |
|    AB_block_3_reg_4776    |   512  |
|    AB_block_4_reg_4784    |   512  |
|    AB_block_5_reg_4792    |   512  |
|    AB_block_6_reg_4800    |   512  |
|    AB_block_7_reg_4808    |   512  |
|    AB_block_8_reg_4816    |   512  |
|    AB_block_9_reg_4824    |   512  |
|     AB_block_reg_4752     |   512  |
|         i_reg_4745        |    5   |
|     icmp_ln67_reg_4960    |    1   |
|    mul_ln72_10_reg_5054   |   32   |
|    mul_ln72_11_reg_5059   |   32   |
|    mul_ln72_12_reg_5064   |   32   |
|    mul_ln72_13_reg_5069   |   32   |
|    mul_ln72_14_reg_5074   |   32   |
|    mul_ln72_15_reg_5079   |   32   |
|    mul_ln72_1_reg_5009    |   32   |
|    mul_ln72_2_reg_5014    |   32   |
|    mul_ln72_3_reg_5019    |   32   |
|    mul_ln72_4_reg_5024    |   32   |
|    mul_ln72_5_reg_5029    |   32   |
|    mul_ln72_6_reg_5034    |   32   |
|    mul_ln72_7_reg_5039    |   32   |
|    mul_ln72_8_reg_5044    |   32   |
|    mul_ln72_9_reg_5049    |   32   |
|     mul_ln72_reg_5004     |   32   |
|        tmp_reg_4955       |   32   |
|trunc_ln63_10_read_reg_4910|   32   |
|trunc_ln63_11_read_reg_4905|   32   |
|trunc_ln63_12_read_reg_4900|   32   |
|trunc_ln63_13_read_reg_4895|   32   |
|trunc_ln63_14_read_reg_4890|   32   |
|trunc_ln63_15_read_reg_4885|   32   |
|trunc_ln63_16_read_reg_4880|   32   |
| trunc_ln63_2_read_reg_4950|   32   |
| trunc_ln63_3_read_reg_4945|   32   |
| trunc_ln63_4_read_reg_4940|   32   |
| trunc_ln63_5_read_reg_4935|   32   |
| trunc_ln63_6_read_reg_4930|   32   |
| trunc_ln63_7_read_reg_4925|   32   |
| trunc_ln63_8_read_reg_4920|   32   |
| trunc_ln63_9_read_reg_4915|   32   |
|    trunc_ln67_reg_4964    |    4   |
|    trunc_ln72_reg_4984    |   32   |
+---------------------------+--------+
|           Total           |  9258  |
+---------------------------+--------+

* Multiplexer (MUX) list: 
|--------|------|------|------|--------|
|  Comp  |  Pin | Size |  BW  | S x BW |
|--------|------|------|------|--------|
|  Total |      |      |      |    0   |
|--------|------|------|------|--------|



* Summary:
+-----------+--------+--------+--------+
|           |   DSP  |   FF   |   LUT  |
+-----------+--------+--------+--------+
|  Function |   48   |    0   |  4181  |
|   Memory  |    -   |    -   |    -   |
|Multiplexer|    -   |    -   |    -   |
|  Register |    -   |  9258  |    -   |
+-----------+--------+--------+--------+
|   Total   |   48   |  9258  |  4181  |
+-----------+--------+--------+--------+
