

================================================================
== Vitis HLS Report for 'MM_Pipeline_i_loop'
================================================================
* Date:           Fri Apr 10 13:18:52 2026

* Version:        2025.1 (Build 6135595 on May 21 2025)
* Project:        baseline_blockedMM
* Solution:       hls (Vivado IP Flow Target)
* Product family: zynq
* Target device:  xc7z020-clg400-1


================================================================
== Performance Estimates
================================================================
+ Timing: 
    * Summary: 
    +--------+----------+----------+------------+
    |  Clock |  Target  | Estimated| Uncertainty|
    +--------+----------+----------+------------+
    |ap_clk  |  15.00 ns|  8.510 ns|     4.05 ns|
    +--------+----------+----------+------------+

+ Latency: 
    * Summary: 
    +---------+---------+----------+----------+-----+-----+------------------------------------------------+
    |  Latency (cycles) |  Latency (absolute) |  Interval |                    Pipeline                    |
    |   min   |   max   |    min   |    max   | min | max |                      Type                      |
    +---------+---------+----------+----------+-----+-----+------------------------------------------------+
    |       19|       19|  0.285 us|  0.285 us|   17|   17|  loop auto-rewind stp (delay=0 clock cycles(s))|
    +---------+---------+----------+----------+-----+-----+------------------------------------------------+

    + Detail: 
        * Instance: 
        N/A

        * Loop: 
        +----------+---------+---------+----------+-----------+-----------+------+----------+
        |          |  Latency (cycles) | Iteration|  Initiation Interval  | Trip |          |
        | Loop Name|   min   |   max   |  Latency |  achieved |   target  | Count| Pipelined|
        +----------+---------+---------+----------+-----------+-----------+------+----------+
        |- i_loop  |       17|       17|         3|          1|          1|    16|       yes|
        +----------+---------+---------+----------+-----------+-----------+------+----------+

============================================================
+ Verbose Summary: Synthesis Manager
============================================================
InlineROM: 1
ExposeGlobal: 0
============================================================
+ Verbose Summary: CDFG Model
============================================================
IsTopModel: 0
ResetActiveHigh: 1
IsCombinational: 0
IsDatapathOnly: 0
HasWiredReturn: 1
HasMFsm: 2
HasVarLatency: 1
IsPipeline: 0
IsRtlPipelined: 0
IsInstanceOverlapped: 0
IsDontTouch: 0
HasImplIP: 0
IsGatedGlobalClock: 0

+ Individual pipeline summary: 
  * Pipeline-0: initiation interval (II) = 1, depth = 3


============================================================
+ Verbose Summary: Schedule
============================================================
* Number of FSM states : 3
* Pipeline : 1
  Pipeline-0 : II = 1, D = 3, States = { 1 2 3 }
* Dataflow Pipeline: 0

* FSM state transitions: 
1 --> 2 
2 --> 3 
3 --> 

* FSM state operations: 

State 1 <SV = 0> <Delay = 7.53>
ST_1 : Operation 6 [1/1] (0.00ns)   --->   "%i = alloca i32 1" [C:/Xilinx/2025.1/Vitis/tps/mingw/8.3.0/win64.o/nt\lib\gcc\x86_64-w64-mingw32\8.3.0\include\c++\array:55->C:/Xilinx/2025.1/Vitis/tps/mingw/8.3.0/win64.o/nt\lib\gcc\x86_64-w64-mingw32\8.3.0\include\c++\array:186->../MLP_baseline/mm.cpp:72]   --->   Operation 6 'alloca' 'i' <Predicate = true> <Delay = 0.00>
ST_1 : Operation 7 [1/1] (0.00ns)   --->   "%AB_block_0_2 = alloca i32 1"   --->   Operation 7 'alloca' 'AB_block_0_2' <Predicate = true> <Delay = 0.00>
ST_1 : Operation 8 [1/1] (0.00ns)   --->   "%AB_block_1_2 = alloca i32 1"   --->   Operation 8 'alloca' 'AB_block_1_2' <Predicate = true> <Delay = 0.00>
ST_1 : Operation 9 [1/1] (0.00ns)   --->   "%AB_block_2_2 = alloca i32 1"   --->   Operation 9 'alloca' 'AB_block_2_2' <Predicate = true> <Delay = 0.00>
ST_1 : Operation 10 [1/1] (0.00ns)   --->   "%AB_block_3_2 = alloca i32 1"   --->   Operation 10 'alloca' 'AB_block_3_2' <Predicate = true> <Delay = 0.00>
ST_1 : Operation 11 [1/1] (0.00ns)   --->   "%AB_block_4_2 = alloca i32 1"   --->   Operation 11 'alloca' 'AB_block_4_2' <Predicate = true> <Delay = 0.00>
ST_1 : Operation 12 [1/1] (0.00ns)   --->   "%AB_block_5_2 = alloca i32 1"   --->   Operation 12 'alloca' 'AB_block_5_2' <Predicate = true> <Delay = 0.00>
ST_1 : Operation 13 [1/1] (0.00ns)   --->   "%AB_block_6_2 = alloca i32 1"   --->   Operation 13 'alloca' 'AB_block_6_2' <Predicate = true> <Delay = 0.00>
ST_1 : Operation 14 [1/1] (0.00ns)   --->   "%AB_block_7_2 = alloca i32 1"   --->   Operation 14 'alloca' 'AB_block_7_2' <Predicate = true> <Delay = 0.00>
ST_1 : Operation 15 [1/1] (0.00ns)   --->   "%AB_block_8_2 = alloca i32 1"   --->   Operation 15 'alloca' 'AB_block_8_2' <Predicate = true> <Delay = 0.00>
ST_1 : Operation 16 [1/1] (0.00ns)   --->   "%AB_block_9_2 = alloca i32 1"   --->   Operation 16 'alloca' 'AB_block_9_2' <Predicate = true> <Delay = 0.00>
ST_1 : Operation 17 [1/1] (0.00ns)   --->   "%AB_block_10_2 = alloca i32 1"   --->   Operation 17 'alloca' 'AB_block_10_2' <Predicate = true> <Delay = 0.00>
ST_1 : Operation 18 [1/1] (0.00ns)   --->   "%AB_block_11_2 = alloca i32 1"   --->   Operation 18 'alloca' 'AB_block_11_2' <Predicate = true> <Delay = 0.00>
ST_1 : Operation 19 [1/1] (0.00ns)   --->   "%AB_block_12_2 = alloca i32 1"   --->   Operation 19 'alloca' 'AB_block_12_2' <Predicate = true> <Delay = 0.00>
ST_1 : Operation 20 [1/1] (0.00ns)   --->   "%AB_block_13_2 = alloca i32 1"   --->   Operation 20 'alloca' 'AB_block_13_2' <Predicate = true> <Delay = 0.00>
ST_1 : Operation 21 [1/1] (0.00ns)   --->   "%AB_block_14_2 = alloca i32 1"   --->   Operation 21 'alloca' 'AB_block_14_2' <Predicate = true> <Delay = 0.00>
ST_1 : Operation 22 [1/1] (0.00ns)   --->   "%AB_block_15_2 = alloca i32 1"   --->   Operation 22 'alloca' 'AB_block_15_2' <Predicate = true> <Delay = 0.00>
ST_1 : Operation 23 [1/1] (0.00ns)   --->   "%trunc_ln63_15_read = read i32 @_ssdm_op_Read.ap_auto.i32, i32 %trunc_ln63_15"   --->   Operation 23 'read' 'trunc_ln63_15_read' <Predicate = true> <Delay = 0.00>
ST_1 : Operation 24 [1/1] (0.00ns)   --->   "%trunc_ln63_14_read = read i32 @_ssdm_op_Read.ap_auto.i32, i32 %trunc_ln63_14"   --->   Operation 24 'read' 'trunc_ln63_14_read' <Predicate = true> <Delay = 0.00>
ST_1 : Operation 25 [1/1] (0.00ns)   --->   "%trunc_ln63_13_read = read i32 @_ssdm_op_Read.ap_auto.i32, i32 %trunc_ln63_13"   --->   Operation 25 'read' 'trunc_ln63_13_read' <Predicate = true> <Delay = 0.00>
ST_1 : Operation 26 [1/1] (0.00ns)   --->   "%trunc_ln63_12_read = read i32 @_ssdm_op_Read.ap_auto.i32, i32 %trunc_ln63_12"   --->   Operation 26 'read' 'trunc_ln63_12_read' <Predicate = true> <Delay = 0.00>
ST_1 : Operation 27 [1/1] (0.00ns)   --->   "%trunc_ln63_11_read = read i32 @_ssdm_op_Read.ap_auto.i32, i32 %trunc_ln63_11"   --->   Operation 27 'read' 'trunc_ln63_11_read' <Predicate = true> <Delay = 0.00>
ST_1 : Operation 28 [1/1] (0.00ns)   --->   "%trunc_ln63_10_read = read i32 @_ssdm_op_Read.ap_auto.i32, i32 %trunc_ln63_10"   --->   Operation 28 'read' 'trunc_ln63_10_read' <Predicate = true> <Delay = 0.00>
ST_1 : Operation 29 [1/1] (0.00ns)   --->   "%trunc_ln63_9_read = read i32 @_ssdm_op_Read.ap_auto.i32, i32 %trunc_ln63_9"   --->   Operation 29 'read' 'trunc_ln63_9_read' <Predicate = true> <Delay = 0.00>
ST_1 : Operation 30 [1/1] (0.00ns)   --->   "%trunc_ln63_8_read = read i32 @_ssdm_op_Read.ap_auto.i32, i32 %trunc_ln63_8"   --->   Operation 30 'read' 'trunc_ln63_8_read' <Predicate = true> <Delay = 0.00>
ST_1 : Operation 31 [1/1] (0.00ns)   --->   "%trunc_ln63_7_read = read i32 @_ssdm_op_Read.ap_auto.i32, i32 %trunc_ln63_7"   --->   Operation 31 'read' 'trunc_ln63_7_read' <Predicate = true> <Delay = 0.00>
ST_1 : Operation 32 [1/1] (0.00ns)   --->   "%trunc_ln63_6_read = read i32 @_ssdm_op_Read.ap_auto.i32, i32 %trunc_ln63_6"   --->   Operation 32 'read' 'trunc_ln63_6_read' <Predicate = true> <Delay = 0.00>
ST_1 : Operation 33 [1/1] (0.00ns)   --->   "%trunc_ln63_5_read = read i32 @_ssdm_op_Read.ap_auto.i32, i32 %trunc_ln63_5"   --->   Operation 33 'read' 'trunc_ln63_5_read' <Predicate = true> <Delay = 0.00>
ST_1 : Operation 34 [1/1] (0.00ns)   --->   "%trunc_ln63_4_read = read i32 @_ssdm_op_Read.ap_auto.i32, i32 %trunc_ln63_4"   --->   Operation 34 'read' 'trunc_ln63_4_read' <Predicate = true> <Delay = 0.00>
ST_1 : Operation 35 [1/1] (0.00ns)   --->   "%trunc_ln63_3_read = read i32 @_ssdm_op_Read.ap_auto.i32, i32 %trunc_ln63_3"   --->   Operation 35 'read' 'trunc_ln63_3_read' <Predicate = true> <Delay = 0.00>
ST_1 : Operation 36 [1/1] (0.00ns)   --->   "%trunc_ln63_2_read = read i32 @_ssdm_op_Read.ap_auto.i32, i32 %trunc_ln63_2"   --->   Operation 36 'read' 'trunc_ln63_2_read' <Predicate = true> <Delay = 0.00>
ST_1 : Operation 37 [1/1] (0.00ns)   --->   "%trunc_ln63_1_read = read i32 @_ssdm_op_Read.ap_auto.i32, i32 %trunc_ln63_1"   --->   Operation 37 'read' 'trunc_ln63_1_read' <Predicate = true> <Delay = 0.00>
ST_1 : Operation 38 [1/1] (0.00ns)   --->   "%tmp = read i32 @_ssdm_op_Read.ap_auto.i32, i32 %empty"   --->   Operation 38 'read' 'tmp' <Predicate = true> <Delay = 0.00>
ST_1 : Operation 39 [1/1] (0.00ns)   --->   "%gmem_load_17_read = read i512 @_ssdm_op_Read.ap_auto.i512, i512 %gmem_load_17"   --->   Operation 39 'read' 'gmem_load_17_read' <Predicate = true> <Delay = 0.00>
ST_1 : Operation 40 [1/1] (0.00ns)   --->   "%AB_block_0_1_read = read i512 @_ssdm_op_Read.ap_auto.i512, i512 %AB_block_0_1"   --->   Operation 40 'read' 'AB_block_0_1_read' <Predicate = true> <Delay = 0.00>
ST_1 : Operation 41 [1/1] (0.00ns)   --->   "%AB_block_1_1_read = read i512 @_ssdm_op_Read.ap_auto.i512, i512 %AB_block_1_1"   --->   Operation 41 'read' 'AB_block_1_1_read' <Predicate = true> <Delay = 0.00>
ST_1 : Operation 42 [1/1] (0.00ns)   --->   "%AB_block_2_1_read = read i512 @_ssdm_op_Read.ap_auto.i512, i512 %AB_block_2_1"   --->   Operation 42 'read' 'AB_block_2_1_read' <Predicate = true> <Delay = 0.00>
ST_1 : Operation 43 [1/1] (0.00ns)   --->   "%AB_block_3_1_read = read i512 @_ssdm_op_Read.ap_auto.i512, i512 %AB_block_3_1"   --->   Operation 43 'read' 'AB_block_3_1_read' <Predicate = true> <Delay = 0.00>
ST_1 : Operation 44 [1/1] (0.00ns)   --->   "%AB_block_4_1_read = read i512 @_ssdm_op_Read.ap_auto.i512, i512 %AB_block_4_1"   --->   Operation 44 'read' 'AB_block_4_1_read' <Predicate = true> <Delay = 0.00>
ST_1 : Operation 45 [1/1] (0.00ns)   --->   "%AB_block_5_1_read = read i512 @_ssdm_op_Read.ap_auto.i512, i512 %AB_block_5_1"   --->   Operation 45 'read' 'AB_block_5_1_read' <Predicate = true> <Delay = 0.00>
ST_1 : Operation 46 [1/1] (0.00ns)   --->   "%AB_block_6_1_read = read i512 @_ssdm_op_Read.ap_auto.i512, i512 %AB_block_6_1"   --->   Operation 46 'read' 'AB_block_6_1_read' <Predicate = true> <Delay = 0.00>
ST_1 : Operation 47 [1/1] (0.00ns)   --->   "%AB_block_7_1_read = read i512 @_ssdm_op_Read.ap_auto.i512, i512 %AB_block_7_1"   --->   Operation 47 'read' 'AB_block_7_1_read' <Predicate = true> <Delay = 0.00>
ST_1 : Operation 48 [1/1] (0.00ns)   --->   "%AB_block_8_1_read = read i512 @_ssdm_op_Read.ap_auto.i512, i512 %AB_block_8_1"   --->   Operation 48 'read' 'AB_block_8_1_read' <Predicate = true> <Delay = 0.00>
ST_1 : Operation 49 [1/1] (0.00ns)   --->   "%AB_block_9_1_read = read i512 @_ssdm_op_Read.ap_auto.i512, i512 %AB_block_9_1"   --->   Operation 49 'read' 'AB_block_9_1_read' <Predicate = true> <Delay = 0.00>
ST_1 : Operation 50 [1/1] (0.00ns)   --->   "%AB_block_10_1_read = read i512 @_ssdm_op_Read.ap_auto.i512, i512 %AB_block_10_1"   --->   Operation 50 'read' 'AB_block_10_1_read' <Predicate = true> <Delay = 0.00>
ST_1 : Operation 51 [1/1] (0.00ns)   --->   "%AB_block_11_1_read = read i512 @_ssdm_op_Read.ap_auto.i512, i512 %AB_block_11_1"   --->   Operation 51 'read' 'AB_block_11_1_read' <Predicate = true> <Delay = 0.00>
ST_1 : Operation 52 [1/1] (0.00ns)   --->   "%AB_block_12_1_read = read i512 @_ssdm_op_Read.ap_auto.i512, i512 %AB_block_12_1"   --->   Operation 52 'read' 'AB_block_12_1_read' <Predicate = true> <Delay = 0.00>
ST_1 : Operation 53 [1/1] (0.00ns)   --->   "%AB_block_13_1_read = read i512 @_ssdm_op_Read.ap_auto.i512, i512 %AB_block_13_1"   --->   Operation 53 'read' 'AB_block_13_1_read' <Predicate = true> <Delay = 0.00>
ST_1 : Operation 54 [1/1] (0.00ns)   --->   "%AB_block_14_1_read = read i512 @_ssdm_op_Read.ap_auto.i512, i512 %AB_block_14_1"   --->   Operation 54 'read' 'AB_block_14_1_read' <Predicate = true> <Delay = 0.00>
ST_1 : Operation 55 [1/1] (0.00ns)   --->   "%AB_block_15_1_read = read i512 @_ssdm_op_Read.ap_auto.i512, i512 %AB_block_15_1"   --->   Operation 55 'read' 'AB_block_15_1_read' <Predicate = true> <Delay = 0.00>
ST_1 : Operation 56 [1/1] (1.58ns)   --->   "%store_ln0 = store i512 %AB_block_15_1_read, i512 %AB_block_15_2"   --->   Operation 56 'store' 'store_ln0' <Predicate = true> <Delay = 1.58>
ST_1 : Operation 57 [1/1] (1.58ns)   --->   "%store_ln0 = store i512 %AB_block_14_1_read, i512 %AB_block_14_2"   --->   Operation 57 'store' 'store_ln0' <Predicate = true> <Delay = 1.58>
ST_1 : Operation 58 [1/1] (1.58ns)   --->   "%store_ln0 = store i512 %AB_block_13_1_read, i512 %AB_block_13_2"   --->   Operation 58 'store' 'store_ln0' <Predicate = true> <Delay = 1.58>
ST_1 : Operation 59 [1/1] (1.58ns)   --->   "%store_ln0 = store i512 %AB_block_12_1_read, i512 %AB_block_12_2"   --->   Operation 59 'store' 'store_ln0' <Predicate = true> <Delay = 1.58>
ST_1 : Operation 60 [1/1] (1.58ns)   --->   "%store_ln0 = store i512 %AB_block_11_1_read, i512 %AB_block_11_2"   --->   Operation 60 'store' 'store_ln0' <Predicate = true> <Delay = 1.58>
ST_1 : Operation 61 [1/1] (1.58ns)   --->   "%store_ln0 = store i512 %AB_block_10_1_read, i512 %AB_block_10_2"   --->   Operation 61 'store' 'store_ln0' <Predicate = true> <Delay = 1.58>
ST_1 : Operation 62 [1/1] (1.58ns)   --->   "%store_ln0 = store i512 %AB_block_9_1_read, i512 %AB_block_9_2"   --->   Operation 62 'store' 'store_ln0' <Predicate = true> <Delay = 1.58>
ST_1 : Operation 63 [1/1] (1.58ns)   --->   "%store_ln0 = store i512 %AB_block_8_1_read, i512 %AB_block_8_2"   --->   Operation 63 'store' 'store_ln0' <Predicate = true> <Delay = 1.58>
ST_1 : Operation 64 [1/1] (1.58ns)   --->   "%store_ln0 = store i512 %AB_block_7_1_read, i512 %AB_block_7_2"   --->   Operation 64 'store' 'store_ln0' <Predicate = true> <Delay = 1.58>
ST_1 : Operation 65 [1/1] (1.58ns)   --->   "%store_ln0 = store i512 %AB_block_6_1_read, i512 %AB_block_6_2"   --->   Operation 65 'store' 'store_ln0' <Predicate = true> <Delay = 1.58>
ST_1 : Operation 66 [1/1] (1.58ns)   --->   "%store_ln0 = store i512 %AB_block_5_1_read, i512 %AB_block_5_2"   --->   Operation 66 'store' 'store_ln0' <Predicate = true> <Delay = 1.58>
ST_1 : Operation 67 [1/1] (1.58ns)   --->   "%store_ln0 = store i512 %AB_block_4_1_read, i512 %AB_block_4_2"   --->   Operation 67 'store' 'store_ln0' <Predicate = true> <Delay = 1.58>
ST_1 : Operation 68 [1/1] (1.58ns)   --->   "%store_ln0 = store i512 %AB_block_3_1_read, i512 %AB_block_3_2"   --->   Operation 68 'store' 'store_ln0' <Predicate = true> <Delay = 1.58>
ST_1 : Operation 69 [1/1] (1.58ns)   --->   "%store_ln0 = store i512 %AB_block_2_1_read, i512 %AB_block_2_2"   --->   Operation 69 'store' 'store_ln0' <Predicate = true> <Delay = 1.58>
ST_1 : Operation 70 [1/1] (1.58ns)   --->   "%store_ln0 = store i512 %AB_block_1_1_read, i512 %AB_block_1_2"   --->   Operation 70 'store' 'store_ln0' <Predicate = true> <Delay = 1.58>
ST_1 : Operation 71 [1/1] (1.58ns)   --->   "%store_ln0 = store i512 %AB_block_0_1_read, i512 %AB_block_0_2"   --->   Operation 71 'store' 'store_ln0' <Predicate = true> <Delay = 1.58>
ST_1 : Operation 72 [1/1] (1.58ns)   --->   "%store_ln55 = store i5 0, i5 %i" [C:/Xilinx/2025.1/Vitis/tps/mingw/8.3.0/win64.o/nt\lib\gcc\x86_64-w64-mingw32\8.3.0\include\c++\array:55->C:/Xilinx/2025.1/Vitis/tps/mingw/8.3.0/win64.o/nt\lib\gcc\x86_64-w64-mingw32\8.3.0\include\c++\array:186->../MLP_baseline/mm.cpp:72]   --->   Operation 72 'store' 'store_ln55' <Predicate = true> <Delay = 1.58>
ST_1 : Operation 73 [1/1] (0.00ns)   --->   "%br_ln0 = br void %j_loop"   --->   Operation 73 'br' 'br_ln0' <Predicate = true> <Delay = 0.00>
ST_1 : Operation 74 [1/1] (0.00ns)   --->   "%i_1 = load i5 %i" [../MLP_baseline/mm.cpp:67]   --->   Operation 74 'load' 'i_1' <Predicate = true> <Delay = 0.00>
ST_1 : Operation 75 [1/1] (1.78ns)   --->   "%icmp_ln67 = icmp_eq  i5 %i_1, i5 16" [../MLP_baseline/mm.cpp:67]   --->   Operation 75 'icmp' 'icmp_ln67' <Predicate = true> <Delay = 1.78> <CoreInst = "Cmp">   --->   Core 9 'Cmp' <Latency = 0> <II = 1> <Delay = 1.78> <FuncUnit> <Opcode : 'seteq' 'setne' 'setle' 'setge' 'setlt' 'setgt'> <InPorts = 2> <OutPorts = 1>
ST_1 : Operation 76 [1/1] (1.78ns)   --->   "%add_ln67 = add i5 %i_1, i5 1" [../MLP_baseline/mm.cpp:67]   --->   Operation 76 'add' 'add_ln67' <Predicate = true> <Delay = 1.78> <CoreInst = "Adder">   --->   Core 1 'Adder' <Latency = 0> <II = 1> <Delay = 1.78> <FuncUnit> <Opcode : 'add' 'sub'> <InPorts = 2> <OutPorts = 1>
ST_1 : Operation 77 [1/1] (0.00ns)   --->   "%br_ln67 = br i1 %icmp_ln67, void %j_loop.split, void %for.inc72.exitStub" [../MLP_baseline/mm.cpp:67]   --->   Operation 77 'br' 'br_ln67' <Predicate = true> <Delay = 0.00>
ST_1 : Operation 78 [1/1] (0.00ns)   --->   "%trunc_ln67 = trunc i5 %i_1" [../MLP_baseline/mm.cpp:67]   --->   Operation 78 'trunc' 'trunc_ln67' <Predicate = (!icmp_ln67)> <Delay = 0.00>
ST_1 : Operation 79 [1/1] (0.00ns)   --->   "%shl_ln2 = bitconcatenate i9 @_ssdm_op_BitConcatenate.i9.i4.i5, i4 %trunc_ln67, i5 0" [C:/Xilinx/2025.1/Vitis/tps/mingw/8.3.0/win64.o/nt\lib\gcc\x86_64-w64-mingw32\8.3.0\include\c++\array:56->C:/Xilinx/2025.1/Vitis/tps/mingw/8.3.0/win64.o/nt\lib\gcc\x86_64-w64-mingw32\8.3.0\include\c++\array:186->../MLP_baseline/mm.cpp:72]   --->   Operation 79 'bitconcatenate' 'shl_ln2' <Predicate = (!icmp_ln67)> <Delay = 0.00>
ST_1 : Operation 80 [1/1] (0.00ns)   --->   "%zext_ln72 = zext i9 %shl_ln2" [../MLP_baseline/mm.cpp:72]   --->   Operation 80 'zext' 'zext_ln72' <Predicate = (!icmp_ln67)> <Delay = 0.00>
ST_1 : Operation 81 [1/1] (5.94ns)   --->   "%lshr_ln72 = lshr i512 %gmem_load_17_read, i512 %zext_ln72" [../MLP_baseline/mm.cpp:72]   --->   Operation 81 'lshr' 'lshr_ln72' <Predicate = (!icmp_ln67)> <Delay = 5.94> <CoreInst = "Shifter">   --->   Core 75 'Shifter' <Latency = 0> <II = 1> <Delay = 5.94> <FuncUnit> <Opcode : 'shl' 'lshr' 'ashr'> <InPorts = 2> <OutPorts = 1>
ST_1 : Operation 82 [1/1] (0.00ns)   --->   "%trunc_ln72 = trunc i512 %lshr_ln72" [../MLP_baseline/mm.cpp:72]   --->   Operation 82 'trunc' 'trunc_ln72' <Predicate = (!icmp_ln67)> <Delay = 0.00>
ST_1 : Operation 83 [1/1] (1.73ns)   --->   "%switch_ln72 = switch i4 %trunc_ln67, void %arrayidx.i.i6881256.case.15, i4 0, void %arrayidx.i.i6881256.case.0, i4 1, void %arrayidx.i.i6881256.case.1, i4 2, void %arrayidx.i.i6881256.case.2, i4 3, void %arrayidx.i.i6881256.case.3, i4 4, void %arrayidx.i.i6881256.case.4, i4 5, void %arrayidx.i.i6881256.case.5, i4 6, void %arrayidx.i.i6881256.case.6, i4 7, void %arrayidx.i.i6881256.case.7, i4 8, void %arrayidx.i.i6881256.case.8, i4 9, void %arrayidx.i.i6881256.case.9, i4 10, void %arrayidx.i.i6881256.case.10, i4 11, void %arrayidx.i.i6881256.case.11, i4 12, void %arrayidx.i.i6881256.case.12, i4 13, void %arrayidx.i.i6881256.case.13, i4 14, void %j_loop.split.arrayidx.i.i6881256.exit_crit_edge" [../MLP_baseline/mm.cpp:72]   --->   Operation 83 'switch' 'switch_ln72' <Predicate = (!icmp_ln67)> <Delay = 1.73>
ST_1 : Operation 84 [1/1] (1.58ns)   --->   "%store_ln55 = store i5 %add_ln67, i5 %i" [C:/Xilinx/2025.1/Vitis/tps/mingw/8.3.0/win64.o/nt\lib\gcc\x86_64-w64-mingw32\8.3.0\include\c++\array:55->C:/Xilinx/2025.1/Vitis/tps/mingw/8.3.0/win64.o/nt\lib\gcc\x86_64-w64-mingw32\8.3.0\include\c++\array:186->../MLP_baseline/mm.cpp:72]   --->   Operation 84 'store' 'store_ln55' <Predicate = (!icmp_ln67)> <Delay = 1.58>
ST_1 : Operation 85 [1/1] (0.00ns)   --->   "%br_ln67 = br void %j_loop" [../MLP_baseline/mm.cpp:67]   --->   Operation 85 'br' 'br_ln67' <Predicate = (!icmp_ln67)> <Delay = 0.00>

State 2 <SV = 1> <Delay = 8.51>
ST_2 : Operation 86 [1/1] (8.51ns)   --->   "%mul_ln72 = mul i32 %trunc_ln72, i32 %tmp" [../MLP_baseline/mm.cpp:72]   --->   Operation 86 'mul' 'mul_ln72' <Predicate = true> <Delay = 8.51> <CoreInst = "Multiplier">   --->   Core 3 'Multiplier' <Latency = 0> <II = 1> <Delay = 8.51> <FuncUnit> <Opcode : 'mul'> <InPorts = 2> <OutPorts = 1>
ST_2 : Operation 87 [1/1] (8.51ns)   --->   "%mul_ln72_1 = mul i32 %trunc_ln72, i32 %trunc_ln63_1_read" [../MLP_baseline/mm.cpp:72]   --->   Operation 87 'mul' 'mul_ln72_1' <Predicate = true> <Delay = 8.51> <CoreInst = "Multiplier">   --->   Core 3 'Multiplier' <Latency = 0> <II = 1> <Delay = 8.51> <FuncUnit> <Opcode : 'mul'> <InPorts = 2> <OutPorts = 1>
ST_2 : Operation 88 [1/1] (8.51ns)   --->   "%mul_ln72_2 = mul i32 %trunc_ln72, i32 %trunc_ln63_2_read" [../MLP_baseline/mm.cpp:72]   --->   Operation 88 'mul' 'mul_ln72_2' <Predicate = true> <Delay = 8.51> <CoreInst = "Multiplier">   --->   Core 3 'Multiplier' <Latency = 0> <II = 1> <Delay = 8.51> <FuncUnit> <Opcode : 'mul'> <InPorts = 2> <OutPorts = 1>
ST_2 : Operation 89 [1/1] (8.51ns)   --->   "%mul_ln72_3 = mul i32 %trunc_ln72, i32 %trunc_ln63_3_read" [../MLP_baseline/mm.cpp:72]   --->   Operation 89 'mul' 'mul_ln72_3' <Predicate = true> <Delay = 8.51> <CoreInst = "Multiplier">   --->   Core 3 'Multiplier' <Latency = 0> <II = 1> <Delay = 8.51> <FuncUnit> <Opcode : 'mul'> <InPorts = 2> <OutPorts = 1>
ST_2 : Operation 90 [1/1] (8.51ns)   --->   "%mul_ln72_4 = mul i32 %trunc_ln72, i32 %trunc_ln63_4_read" [../MLP_baseline/mm.cpp:72]   --->   Operation 90 'mul' 'mul_ln72_4' <Predicate = true> <Delay = 8.51> <CoreInst = "Multiplier">   --->   Core 3 'Multiplier' <Latency = 0> <II = 1> <Delay = 8.51> <FuncUnit> <Opcode : 'mul'> <InPorts = 2> <OutPorts = 1>
ST_2 : Operation 91 [1/1] (8.51ns)   --->   "%mul_ln72_5 = mul i32 %trunc_ln72, i32 %trunc_ln63_5_read" [../MLP_baseline/mm.cpp:72]   --->   Operation 91 'mul' 'mul_ln72_5' <Predicate = true> <Delay = 8.51> <CoreInst = "Multiplier">   --->   Core 3 'Multiplier' <Latency = 0> <II = 1> <Delay = 8.51> <FuncUnit> <Opcode : 'mul'> <InPorts = 2> <OutPorts = 1>
ST_2 : Operation 92 [1/1] (8.51ns)   --->   "%mul_ln72_6 = mul i32 %trunc_ln72, i32 %trunc_ln63_6_read" [../MLP_baseline/mm.cpp:72]   --->   Operation 92 'mul' 'mul_ln72_6' <Predicate = true> <Delay = 8.51> <CoreInst = "Multiplier">   --->   Core 3 'Multiplier' <Latency = 0> <II = 1> <Delay = 8.51> <FuncUnit> <Opcode : 'mul'> <InPorts = 2> <OutPorts = 1>
ST_2 : Operation 93 [1/1] (8.51ns)   --->   "%mul_ln72_7 = mul i32 %trunc_ln72, i32 %trunc_ln63_7_read" [../MLP_baseline/mm.cpp:72]   --->   Operation 93 'mul' 'mul_ln72_7' <Predicate = true> <Delay = 8.51> <CoreInst = "Multiplier">   --->   Core 3 'Multiplier' <Latency = 0> <II = 1> <Delay = 8.51> <FuncUnit> <Opcode : 'mul'> <InPorts = 2> <OutPorts = 1>
ST_2 : Operation 94 [1/1] (8.51ns)   --->   "%mul_ln72_8 = mul i32 %trunc_ln72, i32 %trunc_ln63_8_read" [../MLP_baseline/mm.cpp:72]   --->   Operation 94 'mul' 'mul_ln72_8' <Predicate = true> <Delay = 8.51> <CoreInst = "Multiplier">   --->   Core 3 'Multiplier' <Latency = 0> <II = 1> <Delay = 8.51> <FuncUnit> <Opcode : 'mul'> <InPorts = 2> <OutPorts = 1>
ST_2 : Operation 95 [1/1] (8.51ns)   --->   "%mul_ln72_9 = mul i32 %trunc_ln72, i32 %trunc_ln63_9_read" [../MLP_baseline/mm.cpp:72]   --->   Operation 95 'mul' 'mul_ln72_9' <Predicate = true> <Delay = 8.51> <CoreInst = "Multiplier">   --->   Core 3 'Multiplier' <Latency = 0> <II = 1> <Delay = 8.51> <FuncUnit> <Opcode : 'mul'> <InPorts = 2> <OutPorts = 1>
ST_2 : Operation 96 [1/1] (8.51ns)   --->   "%mul_ln72_10 = mul i32 %trunc_ln72, i32 %trunc_ln63_10_read" [../MLP_baseline/mm.cpp:72]   --->   Operation 96 'mul' 'mul_ln72_10' <Predicate = true> <Delay = 8.51> <CoreInst = "Multiplier">   --->   Core 3 'Multiplier' <Latency = 0> <II = 1> <Delay = 8.51> <FuncUnit> <Opcode : 'mul'> <InPorts = 2> <OutPorts = 1>
ST_2 : Operation 97 [1/1] (8.51ns)   --->   "%mul_ln72_11 = mul i32 %trunc_ln72, i32 %trunc_ln63_11_read" [../MLP_baseline/mm.cpp:72]   --->   Operation 97 'mul' 'mul_ln72_11' <Predicate = true> <Delay = 8.51> <CoreInst = "Multiplier">   --->   Core 3 'Multiplier' <Latency = 0> <II = 1> <Delay = 8.51> <FuncUnit> <Opcode : 'mul'> <InPorts = 2> <OutPorts = 1>
ST_2 : Operation 98 [1/1] (8.51ns)   --->   "%mul_ln72_12 = mul i32 %trunc_ln72, i32 %trunc_ln63_12_read" [../MLP_baseline/mm.cpp:72]   --->   Operation 98 'mul' 'mul_ln72_12' <Predicate = true> <Delay = 8.51> <CoreInst = "Multiplier">   --->   Core 3 'Multiplier' <Latency = 0> <II = 1> <Delay = 8.51> <FuncUnit> <Opcode : 'mul'> <InPorts = 2> <OutPorts = 1>
ST_2 : Operation 99 [1/1] (8.51ns)   --->   "%mul_ln72_13 = mul i32 %trunc_ln72, i32 %trunc_ln63_13_read" [../MLP_baseline/mm.cpp:72]   --->   Operation 99 'mul' 'mul_ln72_13' <Predicate = true> <Delay = 8.51> <CoreInst = "Multiplier">   --->   Core 3 'Multiplier' <Latency = 0> <II = 1> <Delay = 8.51> <FuncUnit> <Opcode : 'mul'> <InPorts = 2> <OutPorts = 1>
ST_2 : Operation 100 [1/1] (8.51ns)   --->   "%mul_ln72_14 = mul i32 %trunc_ln72, i32 %trunc_ln63_14_read" [../MLP_baseline/mm.cpp:72]   --->   Operation 100 'mul' 'mul_ln72_14' <Predicate = true> <Delay = 8.51> <CoreInst = "Multiplier">   --->   Core 3 'Multiplier' <Latency = 0> <II = 1> <Delay = 8.51> <FuncUnit> <Opcode : 'mul'> <InPorts = 2> <OutPorts = 1>
ST_2 : Operation 101 [1/1] (8.51ns)   --->   "%mul_ln72_15 = mul i32 %trunc_ln72, i32 %trunc_ln63_15_read" [../MLP_baseline/mm.cpp:72]   --->   Operation 101 'mul' 'mul_ln72_15' <Predicate = true> <Delay = 8.51> <CoreInst = "Multiplier">   --->   Core 3 'Multiplier' <Latency = 0> <II = 1> <Delay = 8.51> <FuncUnit> <Opcode : 'mul'> <InPorts = 2> <OutPorts = 1>
ST_2 : Operation 442 [1/1] (0.00ns)   --->   "%AB_block_0_2_load_1 = load i512 %AB_block_0_2"   --->   Operation 442 'load' 'AB_block_0_2_load_1' <Predicate = (icmp_ln67)> <Delay = 0.00>
ST_2 : Operation 443 [1/1] (0.00ns)   --->   "%AB_block_1_2_load_1 = load i512 %AB_block_1_2"   --->   Operation 443 'load' 'AB_block_1_2_load_1' <Predicate = (icmp_ln67)> <Delay = 0.00>
ST_2 : Operation 444 [1/1] (0.00ns)   --->   "%AB_block_2_2_load_1 = load i512 %AB_block_2_2"   --->   Operation 444 'load' 'AB_block_2_2_load_1' <Predicate = (icmp_ln67)> <Delay = 0.00>
ST_2 : Operation 445 [1/1] (0.00ns)   --->   "%AB_block_3_2_load_1 = load i512 %AB_block_3_2"   --->   Operation 445 'load' 'AB_block_3_2_load_1' <Predicate = (icmp_ln67)> <Delay = 0.00>
ST_2 : Operation 446 [1/1] (0.00ns)   --->   "%AB_block_4_2_load_1 = load i512 %AB_block_4_2"   --->   Operation 446 'load' 'AB_block_4_2_load_1' <Predicate = (icmp_ln67)> <Delay = 0.00>
ST_2 : Operation 447 [1/1] (0.00ns)   --->   "%AB_block_5_2_load_1 = load i512 %AB_block_5_2"   --->   Operation 447 'load' 'AB_block_5_2_load_1' <Predicate = (icmp_ln67)> <Delay = 0.00>
ST_2 : Operation 448 [1/1] (0.00ns)   --->   "%AB_block_6_2_load_1 = load i512 %AB_block_6_2"   --->   Operation 448 'load' 'AB_block_6_2_load_1' <Predicate = (icmp_ln67)> <Delay = 0.00>
ST_2 : Operation 449 [1/1] (0.00ns)   --->   "%AB_block_7_2_load_1 = load i512 %AB_block_7_2"   --->   Operation 449 'load' 'AB_block_7_2_load_1' <Predicate = (icmp_ln67)> <Delay = 0.00>
ST_2 : Operation 450 [1/1] (0.00ns)   --->   "%AB_block_8_2_load_1 = load i512 %AB_block_8_2"   --->   Operation 450 'load' 'AB_block_8_2_load_1' <Predicate = (icmp_ln67)> <Delay = 0.00>
ST_2 : Operation 451 [1/1] (0.00ns)   --->   "%AB_block_9_2_load_1 = load i512 %AB_block_9_2"   --->   Operation 451 'load' 'AB_block_9_2_load_1' <Predicate = (icmp_ln67)> <Delay = 0.00>
ST_2 : Operation 452 [1/1] (0.00ns)   --->   "%AB_block_10_2_load_1 = load i512 %AB_block_10_2"   --->   Operation 452 'load' 'AB_block_10_2_load_1' <Predicate = (icmp_ln67)> <Delay = 0.00>
ST_2 : Operation 453 [1/1] (0.00ns)   --->   "%AB_block_11_2_load_1 = load i512 %AB_block_11_2"   --->   Operation 453 'load' 'AB_block_11_2_load_1' <Predicate = (icmp_ln67)> <Delay = 0.00>
ST_2 : Operation 454 [1/1] (0.00ns)   --->   "%AB_block_12_2_load_1 = load i512 %AB_block_12_2"   --->   Operation 454 'load' 'AB_block_12_2_load_1' <Predicate = (icmp_ln67)> <Delay = 0.00>
ST_2 : Operation 455 [1/1] (0.00ns)   --->   "%AB_block_13_2_load_1 = load i512 %AB_block_13_2"   --->   Operation 455 'load' 'AB_block_13_2_load_1' <Predicate = (icmp_ln67)> <Delay = 0.00>
ST_2 : Operation 456 [1/1] (0.00ns)   --->   "%AB_block_14_2_load_1 = load i512 %AB_block_14_2"   --->   Operation 456 'load' 'AB_block_14_2_load_1' <Predicate = (icmp_ln67)> <Delay = 0.00>
ST_2 : Operation 457 [1/1] (0.00ns)   --->   "%AB_block_15_2_load_1 = load i512 %AB_block_15_2"   --->   Operation 457 'load' 'AB_block_15_2_load_1' <Predicate = (icmp_ln67)> <Delay = 0.00>
ST_2 : Operation 458 [1/1] (0.00ns)   --->   "%write_ln0 = write void @_ssdm_op_Write.ap_auto.i512P0A, i512 %AB_block_15_2_out, i512 %AB_block_15_2_load_1"   --->   Operation 458 'write' 'write_ln0' <Predicate = (icmp_ln67)> <Delay = 0.00>
ST_2 : Operation 459 [1/1] (0.00ns)   --->   "%write_ln0 = write void @_ssdm_op_Write.ap_auto.i512P0A, i512 %AB_block_14_2_out, i512 %AB_block_14_2_load_1"   --->   Operation 459 'write' 'write_ln0' <Predicate = (icmp_ln67)> <Delay = 0.00>
ST_2 : Operation 460 [1/1] (0.00ns)   --->   "%write_ln0 = write void @_ssdm_op_Write.ap_auto.i512P0A, i512 %AB_block_13_2_out, i512 %AB_block_13_2_load_1"   --->   Operation 460 'write' 'write_ln0' <Predicate = (icmp_ln67)> <Delay = 0.00>
ST_2 : Operation 461 [1/1] (0.00ns)   --->   "%write_ln0 = write void @_ssdm_op_Write.ap_auto.i512P0A, i512 %AB_block_12_2_out, i512 %AB_block_12_2_load_1"   --->   Operation 461 'write' 'write_ln0' <Predicate = (icmp_ln67)> <Delay = 0.00>
ST_2 : Operation 462 [1/1] (0.00ns)   --->   "%write_ln0 = write void @_ssdm_op_Write.ap_auto.i512P0A, i512 %AB_block_11_2_out, i512 %AB_block_11_2_load_1"   --->   Operation 462 'write' 'write_ln0' <Predicate = (icmp_ln67)> <Delay = 0.00>
ST_2 : Operation 463 [1/1] (0.00ns)   --->   "%write_ln0 = write void @_ssdm_op_Write.ap_auto.i512P0A, i512 %AB_block_10_2_out, i512 %AB_block_10_2_load_1"   --->   Operation 463 'write' 'write_ln0' <Predicate = (icmp_ln67)> <Delay = 0.00>
ST_2 : Operation 464 [1/1] (0.00ns)   --->   "%write_ln0 = write void @_ssdm_op_Write.ap_auto.i512P0A, i512 %AB_block_9_2_out, i512 %AB_block_9_2_load_1"   --->   Operation 464 'write' 'write_ln0' <Predicate = (icmp_ln67)> <Delay = 0.00>
ST_2 : Operation 465 [1/1] (0.00ns)   --->   "%write_ln0 = write void @_ssdm_op_Write.ap_auto.i512P0A, i512 %AB_block_8_2_out, i512 %AB_block_8_2_load_1"   --->   Operation 465 'write' 'write_ln0' <Predicate = (icmp_ln67)> <Delay = 0.00>
ST_2 : Operation 466 [1/1] (0.00ns)   --->   "%write_ln0 = write void @_ssdm_op_Write.ap_auto.i512P0A, i512 %AB_block_7_2_out, i512 %AB_block_7_2_load_1"   --->   Operation 466 'write' 'write_ln0' <Predicate = (icmp_ln67)> <Delay = 0.00>
ST_2 : Operation 467 [1/1] (0.00ns)   --->   "%write_ln0 = write void @_ssdm_op_Write.ap_auto.i512P0A, i512 %AB_block_6_2_out, i512 %AB_block_6_2_load_1"   --->   Operation 467 'write' 'write_ln0' <Predicate = (icmp_ln67)> <Delay = 0.00>
ST_2 : Operation 468 [1/1] (0.00ns)   --->   "%write_ln0 = write void @_ssdm_op_Write.ap_auto.i512P0A, i512 %AB_block_5_2_out, i512 %AB_block_5_2_load_1"   --->   Operation 468 'write' 'write_ln0' <Predicate = (icmp_ln67)> <Delay = 0.00>
ST_2 : Operation 469 [1/1] (0.00ns)   --->   "%write_ln0 = write void @_ssdm_op_Write.ap_auto.i512P0A, i512 %AB_block_4_2_out, i512 %AB_block_4_2_load_1"   --->   Operation 469 'write' 'write_ln0' <Predicate = (icmp_ln67)> <Delay = 0.00>
ST_2 : Operation 470 [1/1] (0.00ns)   --->   "%write_ln0 = write void @_ssdm_op_Write.ap_auto.i512P0A, i512 %AB_block_3_2_out, i512 %AB_block_3_2_load_1"   --->   Operation 470 'write' 'write_ln0' <Predicate = (icmp_ln67)> <Delay = 0.00>
ST_2 : Operation 471 [1/1] (0.00ns)   --->   "%write_ln0 = write void @_ssdm_op_Write.ap_auto.i512P0A, i512 %AB_block_2_2_out, i512 %AB_block_2_2_load_1"   --->   Operation 471 'write' 'write_ln0' <Predicate = (icmp_ln67)> <Delay = 0.00>
ST_2 : Operation 472 [1/1] (0.00ns)   --->   "%write_ln0 = write void @_ssdm_op_Write.ap_auto.i512P0A, i512 %AB_block_1_2_out, i512 %AB_block_1_2_load_1"   --->   Operation 472 'write' 'write_ln0' <Predicate = (icmp_ln67)> <Delay = 0.00>
ST_2 : Operation 473 [1/1] (0.00ns)   --->   "%write_ln0 = write void @_ssdm_op_Write.ap_auto.i512P0A, i512 %AB_block_0_2_out, i512 %AB_block_0_2_load_1"   --->   Operation 473 'write' 'write_ln0' <Predicate = (icmp_ln67)> <Delay = 0.00>
ST_2 : Operation 474 [1/1] (1.58ns)   --->   "%ret_ln0 = ret"   --->   Operation 474 'ret' 'ret_ln0' <Predicate = (icmp_ln67)> <Delay = 1.58>

State 3 <SV = 2> <Delay = 6.20>
ST_3 : Operation 102 [1/1] (0.00ns)   --->   "%AB_block_0_2_load = load i512 %AB_block_0_2" [../MLP_baseline/mm.cpp:72]   --->   Operation 102 'load' 'AB_block_0_2_load' <Predicate = true> <Delay = 0.00>
ST_3 : Operation 103 [1/1] (0.00ns)   --->   "%AB_block_1_2_load = load i512 %AB_block_1_2" [../MLP_baseline/mm.cpp:72]   --->   Operation 103 'load' 'AB_block_1_2_load' <Predicate = true> <Delay = 0.00>
ST_3 : Operation 104 [1/1] (0.00ns)   --->   "%AB_block_2_2_load = load i512 %AB_block_2_2" [../MLP_baseline/mm.cpp:72]   --->   Operation 104 'load' 'AB_block_2_2_load' <Predicate = true> <Delay = 0.00>
ST_3 : Operation 105 [1/1] (0.00ns)   --->   "%AB_block_3_2_load = load i512 %AB_block_3_2" [../MLP_baseline/mm.cpp:72]   --->   Operation 105 'load' 'AB_block_3_2_load' <Predicate = true> <Delay = 0.00>
ST_3 : Operation 106 [1/1] (0.00ns)   --->   "%AB_block_4_2_load = load i512 %AB_block_4_2" [../MLP_baseline/mm.cpp:72]   --->   Operation 106 'load' 'AB_block_4_2_load' <Predicate = true> <Delay = 0.00>
ST_3 : Operation 107 [1/1] (0.00ns)   --->   "%AB_block_5_2_load = load i512 %AB_block_5_2" [../MLP_baseline/mm.cpp:72]   --->   Operation 107 'load' 'AB_block_5_2_load' <Predicate = true> <Delay = 0.00>
ST_3 : Operation 108 [1/1] (0.00ns)   --->   "%AB_block_6_2_load = load i512 %AB_block_6_2" [../MLP_baseline/mm.cpp:72]   --->   Operation 108 'load' 'AB_block_6_2_load' <Predicate = true> <Delay = 0.00>
ST_3 : Operation 109 [1/1] (0.00ns)   --->   "%AB_block_7_2_load = load i512 %AB_block_7_2" [../MLP_baseline/mm.cpp:72]   --->   Operation 109 'load' 'AB_block_7_2_load' <Predicate = true> <Delay = 0.00>
ST_3 : Operation 110 [1/1] (0.00ns)   --->   "%AB_block_8_2_load = load i512 %AB_block_8_2" [../MLP_baseline/mm.cpp:72]   --->   Operation 110 'load' 'AB_block_8_2_load' <Predicate = true> <Delay = 0.00>
ST_3 : Operation 111 [1/1] (0.00ns)   --->   "%AB_block_9_2_load = load i512 %AB_block_9_2" [../MLP_baseline/mm.cpp:72]   --->   Operation 111 'load' 'AB_block_9_2_load' <Predicate = true> <Delay = 0.00>
ST_3 : Operation 112 [1/1] (0.00ns)   --->   "%AB_block_10_2_load = load i512 %AB_block_10_2" [../MLP_baseline/mm.cpp:72]   --->   Operation 112 'load' 'AB_block_10_2_load' <Predicate = true> <Delay = 0.00>
ST_3 : Operation 113 [1/1] (0.00ns)   --->   "%AB_block_11_2_load = load i512 %AB_block_11_2" [../MLP_baseline/mm.cpp:72]   --->   Operation 113 'load' 'AB_block_11_2_load' <Predicate = true> <Delay = 0.00>
ST_3 : Operation 114 [1/1] (0.00ns)   --->   "%AB_block_12_2_load = load i512 %AB_block_12_2" [../MLP_baseline/mm.cpp:72]   --->   Operation 114 'load' 'AB_block_12_2_load' <Predicate = true> <Delay = 0.00>
ST_3 : Operation 115 [1/1] (0.00ns)   --->   "%AB_block_13_2_load = load i512 %AB_block_13_2" [../MLP_baseline/mm.cpp:72]   --->   Operation 115 'load' 'AB_block_13_2_load' <Predicate = true> <Delay = 0.00>
ST_3 : Operation 116 [1/1] (0.00ns)   --->   "%AB_block_14_2_load = load i512 %AB_block_14_2" [../MLP_baseline/mm.cpp:72]   --->   Operation 116 'load' 'AB_block_14_2_load' <Predicate = true> <Delay = 0.00>
ST_3 : Operation 117 [1/1] (0.00ns)   --->   "%AB_block_15_2_load = load i512 %AB_block_15_2" [../MLP_baseline/mm.cpp:72]   --->   Operation 117 'load' 'AB_block_15_2_load' <Predicate = true> <Delay = 0.00>
ST_3 : Operation 118 [1/1] (0.00ns)   --->   "%specpipeline_ln68 = specpipeline void @_ssdm_op_SpecPipeline, i32 1, i32 0, i32 0, i32 0, void @empty_0" [../MLP_baseline/mm.cpp:68]   --->   Operation 118 'specpipeline' 'specpipeline_ln68' <Predicate = true> <Delay = 0.00>
ST_3 : Operation 119 [1/1] (0.00ns)   --->   "%speclooptripcount_ln67 = speclooptripcount void @_ssdm_op_SpecLoopTripCount, i64 16, i64 16, i64 16" [../MLP_baseline/mm.cpp:67]   --->   Operation 119 'speclooptripcount' 'speclooptripcount_ln67' <Predicate = true> <Delay = 0.00>
ST_3 : Operation 120 [1/1] (0.00ns)   --->   "%specloopname_ln67 = specloopname void @_ssdm_op_SpecLoopName, void @empty_16" [../MLP_baseline/mm.cpp:67]   --->   Operation 120 'specloopname' 'specloopname_ln67' <Predicate = true> <Delay = 0.00>
ST_3 : Operation 121 [1/1] (0.00ns)   --->   "%trunc_ln72_1 = trunc i512 %AB_block_0_2_load" [../MLP_baseline/mm.cpp:72]   --->   Operation 121 'trunc' 'trunc_ln72_1' <Predicate = (trunc_ln67 == 0)> <Delay = 0.00>
ST_3 : Operation 122 [1/1] (0.00ns)   --->   "%trunc_ln72_2 = trunc i512 %AB_block_1_2_load" [../MLP_baseline/mm.cpp:72]   --->   Operation 122 'trunc' 'trunc_ln72_2' <Predicate = (trunc_ln67 == 1)> <Delay = 0.00>
ST_3 : Operation 123 [1/1] (0.00ns)   --->   "%trunc_ln72_3 = trunc i512 %AB_block_2_2_load" [../MLP_baseline/mm.cpp:72]   --->   Operation 123 'trunc' 'trunc_ln72_3' <Predicate = (trunc_ln67 == 2)> <Delay = 0.00>
ST_3 : Operation 124 [1/1] (0.00ns)   --->   "%trunc_ln72_4 = trunc i512 %AB_block_3_2_load" [../MLP_baseline/mm.cpp:72]   --->   Operation 124 'trunc' 'trunc_ln72_4' <Predicate = (trunc_ln67 == 3)> <Delay = 0.00>
ST_3 : Operation 125 [1/1] (0.00ns)   --->   "%trunc_ln72_5 = trunc i512 %AB_block_4_2_load" [../MLP_baseline/mm.cpp:72]   --->   Operation 125 'trunc' 'trunc_ln72_5' <Predicate = (trunc_ln67 == 4)> <Delay = 0.00>
ST_3 : Operation 126 [1/1] (0.00ns)   --->   "%trunc_ln72_6 = trunc i512 %AB_block_5_2_load" [../MLP_baseline/mm.cpp:72]   --->   Operation 126 'trunc' 'trunc_ln72_6' <Predicate = (trunc_ln67 == 5)> <Delay = 0.00>
ST_3 : Operation 127 [1/1] (0.00ns)   --->   "%trunc_ln72_7 = trunc i512 %AB_block_6_2_load" [../MLP_baseline/mm.cpp:72]   --->   Operation 127 'trunc' 'trunc_ln72_7' <Predicate = (trunc_ln67 == 6)> <Delay = 0.00>
ST_3 : Operation 128 [1/1] (0.00ns)   --->   "%trunc_ln72_8 = trunc i512 %AB_block_7_2_load" [../MLP_baseline/mm.cpp:72]   --->   Operation 128 'trunc' 'trunc_ln72_8' <Predicate = (trunc_ln67 == 7)> <Delay = 0.00>
ST_3 : Operation 129 [1/1] (0.00ns)   --->   "%trunc_ln72_9 = trunc i512 %AB_block_8_2_load" [../MLP_baseline/mm.cpp:72]   --->   Operation 129 'trunc' 'trunc_ln72_9' <Predicate = (trunc_ln67 == 8)> <Delay = 0.00>
ST_3 : Operation 130 [1/1] (0.00ns)   --->   "%trunc_ln72_10 = trunc i512 %AB_block_9_2_load" [../MLP_baseline/mm.cpp:72]   --->   Operation 130 'trunc' 'trunc_ln72_10' <Predicate = (trunc_ln67 == 9)> <Delay = 0.00>
ST_3 : Operation 131 [1/1] (0.00ns)   --->   "%trunc_ln72_11 = trunc i512 %AB_block_10_2_load" [../MLP_baseline/mm.cpp:72]   --->   Operation 131 'trunc' 'trunc_ln72_11' <Predicate = (trunc_ln67 == 10)> <Delay = 0.00>
ST_3 : Operation 132 [1/1] (0.00ns)   --->   "%trunc_ln72_12 = trunc i512 %AB_block_11_2_load" [../MLP_baseline/mm.cpp:72]   --->   Operation 132 'trunc' 'trunc_ln72_12' <Predicate = (trunc_ln67 == 11)> <Delay = 0.00>
ST_3 : Operation 133 [1/1] (0.00ns)   --->   "%trunc_ln72_13 = trunc i512 %AB_block_12_2_load" [../MLP_baseline/mm.cpp:72]   --->   Operation 133 'trunc' 'trunc_ln72_13' <Predicate = (trunc_ln67 == 12)> <Delay = 0.00>
ST_3 : Operation 134 [1/1] (0.00ns)   --->   "%trunc_ln72_14 = trunc i512 %AB_block_13_2_load" [../MLP_baseline/mm.cpp:72]   --->   Operation 134 'trunc' 'trunc_ln72_14' <Predicate = (trunc_ln67 == 13)> <Delay = 0.00>
ST_3 : Operation 135 [1/1] (0.00ns)   --->   "%trunc_ln72_15 = trunc i512 %AB_block_14_2_load" [../MLP_baseline/mm.cpp:72]   --->   Operation 135 'trunc' 'trunc_ln72_15' <Predicate = (trunc_ln67 == 14)> <Delay = 0.00>
ST_3 : Operation 136 [1/1] (0.00ns)   --->   "%trunc_ln72_256 = trunc i512 %AB_block_15_2_load" [../MLP_baseline/mm.cpp:72]   --->   Operation 136 'trunc' 'trunc_ln72_256' <Predicate = (trunc_ln67 == 15)> <Delay = 0.00>
ST_3 : Operation 137 [1/1] (2.06ns)   --->   "%tmp_s = sparsemux i32 @_ssdm_op_SparseMux.ap_auto.16i32.i32.i4, i4 0, i32 %trunc_ln72_1, i4 1, i32 %trunc_ln72_2, i4 2, i32 %trunc_ln72_3, i4 3, i32 %trunc_ln72_4, i4 4, i32 %trunc_ln72_5, i4 5, i32 %trunc_ln72_6, i4 6, i32 %trunc_ln72_7, i4 7, i32 %trunc_ln72_8, i4 8, i32 %trunc_ln72_9, i4 9, i32 %trunc_ln72_10, i4 10, i32 %trunc_ln72_11, i4 11, i32 %trunc_ln72_12, i4 12, i32 %trunc_ln72_13, i4 13, i32 %trunc_ln72_14, i4 14, i32 %trunc_ln72_15, i4 15, i32 %trunc_ln72_256, i32 0, i4 %trunc_ln67" [../MLP_baseline/mm.cpp:72]   --->   Operation 137 'sparsemux' 'tmp_s' <Predicate = true> <Delay = 2.06> <CoreInst = "BinarySparseMux_DontCare">   --->   Core 137 'BinarySparseMux_DontCare' <Latency = 0> <II = 1> <Delay = 2.06> <FuncUnit> <Opcode : 'sparsemux'> <InPorts = 2> <OutPorts = 1>
ST_3 : Operation 138 [1/1] (2.55ns)   --->   "%add_ln72 = add i32 %tmp_s, i32 %mul_ln72" [../MLP_baseline/mm.cpp:72]   --->   Operation 138 'add' 'add_ln72' <Predicate = true> <Delay = 2.55> <CoreInst = "Adder">   --->   Core 1 'Adder' <Latency = 0> <II = 1> <Delay = 2.55> <FuncUnit> <Opcode : 'add' 'sub'> <InPorts = 2> <OutPorts = 1>
ST_3 : Operation 139 [1/1] (0.00ns)   --->   "%trunc_ln72_s = partselect i32 @_ssdm_op_PartSelect.i32.i512.i32.i32, i512 %AB_block_0_2_load, i32 32, i32 63" [../MLP_baseline/mm.cpp:72]   --->   Operation 139 'partselect' 'trunc_ln72_s' <Predicate = (trunc_ln67 == 0)> <Delay = 0.00>
ST_3 : Operation 140 [1/1] (0.00ns)   --->   "%trunc_ln72_16 = partselect i32 @_ssdm_op_PartSelect.i32.i512.i32.i32, i512 %AB_block_1_2_load, i32 32, i32 63" [../MLP_baseline/mm.cpp:72]   --->   Operation 140 'partselect' 'trunc_ln72_16' <Predicate = (trunc_ln67 == 1)> <Delay = 0.00>
ST_3 : Operation 141 [1/1] (0.00ns)   --->   "%trunc_ln72_17 = partselect i32 @_ssdm_op_PartSelect.i32.i512.i32.i32, i512 %AB_block_2_2_load, i32 32, i32 63" [../MLP_baseline/mm.cpp:72]   --->   Operation 141 'partselect' 'trunc_ln72_17' <Predicate = (trunc_ln67 == 2)> <Delay = 0.00>
ST_3 : Operation 142 [1/1] (0.00ns)   --->   "%trunc_ln72_18 = partselect i32 @_ssdm_op_PartSelect.i32.i512.i32.i32, i512 %AB_block_3_2_load, i32 32, i32 63" [../MLP_baseline/mm.cpp:72]   --->   Operation 142 'partselect' 'trunc_ln72_18' <Predicate = (trunc_ln67 == 3)> <Delay = 0.00>
ST_3 : Operation 143 [1/1] (0.00ns)   --->   "%trunc_ln72_19 = partselect i32 @_ssdm_op_PartSelect.i32.i512.i32.i32, i512 %AB_block_4_2_load, i32 32, i32 63" [../MLP_baseline/mm.cpp:72]   --->   Operation 143 'partselect' 'trunc_ln72_19' <Predicate = (trunc_ln67 == 4)> <Delay = 0.00>
ST_3 : Operation 144 [1/1] (0.00ns)   --->   "%trunc_ln72_20 = partselect i32 @_ssdm_op_PartSelect.i32.i512.i32.i32, i512 %AB_block_5_2_load, i32 32, i32 63" [../MLP_baseline/mm.cpp:72]   --->   Operation 144 'partselect' 'trunc_ln72_20' <Predicate = (trunc_ln67 == 5)> <Delay = 0.00>
ST_3 : Operation 145 [1/1] (0.00ns)   --->   "%trunc_ln72_21 = partselect i32 @_ssdm_op_PartSelect.i32.i512.i32.i32, i512 %AB_block_6_2_load, i32 32, i32 63" [../MLP_baseline/mm.cpp:72]   --->   Operation 145 'partselect' 'trunc_ln72_21' <Predicate = (trunc_ln67 == 6)> <Delay = 0.00>
ST_3 : Operation 146 [1/1] (0.00ns)   --->   "%trunc_ln72_22 = partselect i32 @_ssdm_op_PartSelect.i32.i512.i32.i32, i512 %AB_block_7_2_load, i32 32, i32 63" [../MLP_baseline/mm.cpp:72]   --->   Operation 146 'partselect' 'trunc_ln72_22' <Predicate = (trunc_ln67 == 7)> <Delay = 0.00>
ST_3 : Operation 147 [1/1] (0.00ns)   --->   "%trunc_ln72_23 = partselect i32 @_ssdm_op_PartSelect.i32.i512.i32.i32, i512 %AB_block_8_2_load, i32 32, i32 63" [../MLP_baseline/mm.cpp:72]   --->   Operation 147 'partselect' 'trunc_ln72_23' <Predicate = (trunc_ln67 == 8)> <Delay = 0.00>
ST_3 : Operation 148 [1/1] (0.00ns)   --->   "%trunc_ln72_24 = partselect i32 @_ssdm_op_PartSelect.i32.i512.i32.i32, i512 %AB_block_9_2_load, i32 32, i32 63" [../MLP_baseline/mm.cpp:72]   --->   Operation 148 'partselect' 'trunc_ln72_24' <Predicate = (trunc_ln67 == 9)> <Delay = 0.00>
ST_3 : Operation 149 [1/1] (0.00ns)   --->   "%trunc_ln72_25 = partselect i32 @_ssdm_op_PartSelect.i32.i512.i32.i32, i512 %AB_block_10_2_load, i32 32, i32 63" [../MLP_baseline/mm.cpp:72]   --->   Operation 149 'partselect' 'trunc_ln72_25' <Predicate = (trunc_ln67 == 10)> <Delay = 0.00>
ST_3 : Operation 150 [1/1] (0.00ns)   --->   "%trunc_ln72_26 = partselect i32 @_ssdm_op_PartSelect.i32.i512.i32.i32, i512 %AB_block_11_2_load, i32 32, i32 63" [../MLP_baseline/mm.cpp:72]   --->   Operation 150 'partselect' 'trunc_ln72_26' <Predicate = (trunc_ln67 == 11)> <Delay = 0.00>
ST_3 : Operation 151 [1/1] (0.00ns)   --->   "%trunc_ln72_27 = partselect i32 @_ssdm_op_PartSelect.i32.i512.i32.i32, i512 %AB_block_12_2_load, i32 32, i32 63" [../MLP_baseline/mm.cpp:72]   --->   Operation 151 'partselect' 'trunc_ln72_27' <Predicate = (trunc_ln67 == 12)> <Delay = 0.00>
ST_3 : Operation 152 [1/1] (0.00ns)   --->   "%trunc_ln72_28 = partselect i32 @_ssdm_op_PartSelect.i32.i512.i32.i32, i512 %AB_block_13_2_load, i32 32, i32 63" [../MLP_baseline/mm.cpp:72]   --->   Operation 152 'partselect' 'trunc_ln72_28' <Predicate = (trunc_ln67 == 13)> <Delay = 0.00>
ST_3 : Operation 153 [1/1] (0.00ns)   --->   "%trunc_ln72_29 = partselect i32 @_ssdm_op_PartSelect.i32.i512.i32.i32, i512 %AB_block_14_2_load, i32 32, i32 63" [../MLP_baseline/mm.cpp:72]   --->   Operation 153 'partselect' 'trunc_ln72_29' <Predicate = (trunc_ln67 == 14)> <Delay = 0.00>
ST_3 : Operation 154 [1/1] (0.00ns)   --->   "%trunc_ln72_30 = partselect i32 @_ssdm_op_PartSelect.i32.i512.i32.i32, i512 %AB_block_15_2_load, i32 32, i32 63" [../MLP_baseline/mm.cpp:72]   --->   Operation 154 'partselect' 'trunc_ln72_30' <Predicate = (trunc_ln67 == 15)> <Delay = 0.00>
ST_3 : Operation 155 [1/1] (2.06ns)   --->   "%tmp_1 = sparsemux i32 @_ssdm_op_SparseMux.ap_auto.16i32.i32.i4, i4 0, i32 %trunc_ln72_s, i4 1, i32 %trunc_ln72_16, i4 2, i32 %trunc_ln72_17, i4 3, i32 %trunc_ln72_18, i4 4, i32 %trunc_ln72_19, i4 5, i32 %trunc_ln72_20, i4 6, i32 %trunc_ln72_21, i4 7, i32 %trunc_ln72_22, i4 8, i32 %trunc_ln72_23, i4 9, i32 %trunc_ln72_24, i4 10, i32 %trunc_ln72_25, i4 11, i32 %trunc_ln72_26, i4 12, i32 %trunc_ln72_27, i4 13, i32 %trunc_ln72_28, i4 14, i32 %trunc_ln72_29, i4 15, i32 %trunc_ln72_30, i32 0, i4 %trunc_ln67" [../MLP_baseline/mm.cpp:72]   --->   Operation 155 'sparsemux' 'tmp_1' <Predicate = true> <Delay = 2.06> <CoreInst = "BinarySparseMux_DontCare">   --->   Core 137 'BinarySparseMux_DontCare' <Latency = 0> <II = 1> <Delay = 2.06> <FuncUnit> <Opcode : 'sparsemux'> <InPorts = 2> <OutPorts = 1>
ST_3 : Operation 156 [1/1] (2.55ns)   --->   "%add_ln72_1 = add i32 %tmp_1, i32 %mul_ln72_1" [../MLP_baseline/mm.cpp:72]   --->   Operation 156 'add' 'add_ln72_1' <Predicate = true> <Delay = 2.55> <CoreInst = "Adder">   --->   Core 1 'Adder' <Latency = 0> <II = 1> <Delay = 2.55> <FuncUnit> <Opcode : 'add' 'sub'> <InPorts = 2> <OutPorts = 1>
ST_3 : Operation 157 [1/1] (0.00ns)   --->   "%trunc_ln72_31 = partselect i32 @_ssdm_op_PartSelect.i32.i512.i32.i32, i512 %AB_block_0_2_load, i32 64, i32 95" [../MLP_baseline/mm.cpp:72]   --->   Operation 157 'partselect' 'trunc_ln72_31' <Predicate = (trunc_ln67 == 0)> <Delay = 0.00>
ST_3 : Operation 158 [1/1] (0.00ns)   --->   "%trunc_ln72_32 = partselect i32 @_ssdm_op_PartSelect.i32.i512.i32.i32, i512 %AB_block_1_2_load, i32 64, i32 95" [../MLP_baseline/mm.cpp:72]   --->   Operation 158 'partselect' 'trunc_ln72_32' <Predicate = (trunc_ln67 == 1)> <Delay = 0.00>
ST_3 : Operation 159 [1/1] (0.00ns)   --->   "%trunc_ln72_33 = partselect i32 @_ssdm_op_PartSelect.i32.i512.i32.i32, i512 %AB_block_2_2_load, i32 64, i32 95" [../MLP_baseline/mm.cpp:72]   --->   Operation 159 'partselect' 'trunc_ln72_33' <Predicate = (trunc_ln67 == 2)> <Delay = 0.00>
ST_3 : Operation 160 [1/1] (0.00ns)   --->   "%trunc_ln72_34 = partselect i32 @_ssdm_op_PartSelect.i32.i512.i32.i32, i512 %AB_block_3_2_load, i32 64, i32 95" [../MLP_baseline/mm.cpp:72]   --->   Operation 160 'partselect' 'trunc_ln72_34' <Predicate = (trunc_ln67 == 3)> <Delay = 0.00>
ST_3 : Operation 161 [1/1] (0.00ns)   --->   "%trunc_ln72_35 = partselect i32 @_ssdm_op_PartSelect.i32.i512.i32.i32, i512 %AB_block_4_2_load, i32 64, i32 95" [../MLP_baseline/mm.cpp:72]   --->   Operation 161 'partselect' 'trunc_ln72_35' <Predicate = (trunc_ln67 == 4)> <Delay = 0.00>
ST_3 : Operation 162 [1/1] (0.00ns)   --->   "%trunc_ln72_36 = partselect i32 @_ssdm_op_PartSelect.i32.i512.i32.i32, i512 %AB_block_5_2_load, i32 64, i32 95" [../MLP_baseline/mm.cpp:72]   --->   Operation 162 'partselect' 'trunc_ln72_36' <Predicate = (trunc_ln67 == 5)> <Delay = 0.00>
ST_3 : Operation 163 [1/1] (0.00ns)   --->   "%trunc_ln72_37 = partselect i32 @_ssdm_op_PartSelect.i32.i512.i32.i32, i512 %AB_block_6_2_load, i32 64, i32 95" [../MLP_baseline/mm.cpp:72]   --->   Operation 163 'partselect' 'trunc_ln72_37' <Predicate = (trunc_ln67 == 6)> <Delay = 0.00>
ST_3 : Operation 164 [1/1] (0.00ns)   --->   "%trunc_ln72_38 = partselect i32 @_ssdm_op_PartSelect.i32.i512.i32.i32, i512 %AB_block_7_2_load, i32 64, i32 95" [../MLP_baseline/mm.cpp:72]   --->   Operation 164 'partselect' 'trunc_ln72_38' <Predicate = (trunc_ln67 == 7)> <Delay = 0.00>
ST_3 : Operation 165 [1/1] (0.00ns)   --->   "%trunc_ln72_39 = partselect i32 @_ssdm_op_PartSelect.i32.i512.i32.i32, i512 %AB_block_8_2_load, i32 64, i32 95" [../MLP_baseline/mm.cpp:72]   --->   Operation 165 'partselect' 'trunc_ln72_39' <Predicate = (trunc_ln67 == 8)> <Delay = 0.00>
ST_3 : Operation 166 [1/1] (0.00ns)   --->   "%trunc_ln72_40 = partselect i32 @_ssdm_op_PartSelect.i32.i512.i32.i32, i512 %AB_block_9_2_load, i32 64, i32 95" [../MLP_baseline/mm.cpp:72]   --->   Operation 166 'partselect' 'trunc_ln72_40' <Predicate = (trunc_ln67 == 9)> <Delay = 0.00>
ST_3 : Operation 167 [1/1] (0.00ns)   --->   "%trunc_ln72_41 = partselect i32 @_ssdm_op_PartSelect.i32.i512.i32.i32, i512 %AB_block_10_2_load, i32 64, i32 95" [../MLP_baseline/mm.cpp:72]   --->   Operation 167 'partselect' 'trunc_ln72_41' <Predicate = (trunc_ln67 == 10)> <Delay = 0.00>
ST_3 : Operation 168 [1/1] (0.00ns)   --->   "%trunc_ln72_42 = partselect i32 @_ssdm_op_PartSelect.i32.i512.i32.i32, i512 %AB_block_11_2_load, i32 64, i32 95" [../MLP_baseline/mm.cpp:72]   --->   Operation 168 'partselect' 'trunc_ln72_42' <Predicate = (trunc_ln67 == 11)> <Delay = 0.00>
ST_3 : Operation 169 [1/1] (0.00ns)   --->   "%trunc_ln72_43 = partselect i32 @_ssdm_op_PartSelect.i32.i512.i32.i32, i512 %AB_block_12_2_load, i32 64, i32 95" [../MLP_baseline/mm.cpp:72]   --->   Operation 169 'partselect' 'trunc_ln72_43' <Predicate = (trunc_ln67 == 12)> <Delay = 0.00>
ST_3 : Operation 170 [1/1] (0.00ns)   --->   "%trunc_ln72_44 = partselect i32 @_ssdm_op_PartSelect.i32.i512.i32.i32, i512 %AB_block_13_2_load, i32 64, i32 95" [../MLP_baseline/mm.cpp:72]   --->   Operation 170 'partselect' 'trunc_ln72_44' <Predicate = (trunc_ln67 == 13)> <Delay = 0.00>
ST_3 : Operation 171 [1/1] (0.00ns)   --->   "%trunc_ln72_45 = partselect i32 @_ssdm_op_PartSelect.i32.i512.i32.i32, i512 %AB_block_14_2_load, i32 64, i32 95" [../MLP_baseline/mm.cpp:72]   --->   Operation 171 'partselect' 'trunc_ln72_45' <Predicate = (trunc_ln67 == 14)> <Delay = 0.00>
ST_3 : Operation 172 [1/1] (0.00ns)   --->   "%trunc_ln72_46 = partselect i32 @_ssdm_op_PartSelect.i32.i512.i32.i32, i512 %AB_block_15_2_load, i32 64, i32 95" [../MLP_baseline/mm.cpp:72]   --->   Operation 172 'partselect' 'trunc_ln72_46' <Predicate = (trunc_ln67 == 15)> <Delay = 0.00>
ST_3 : Operation 173 [1/1] (2.06ns)   --->   "%tmp_2 = sparsemux i32 @_ssdm_op_SparseMux.ap_auto.16i32.i32.i4, i4 0, i32 %trunc_ln72_31, i4 1, i32 %trunc_ln72_32, i4 2, i32 %trunc_ln72_33, i4 3, i32 %trunc_ln72_34, i4 4, i32 %trunc_ln72_35, i4 5, i32 %trunc_ln72_36, i4 6, i32 %trunc_ln72_37, i4 7, i32 %trunc_ln72_38, i4 8, i32 %trunc_ln72_39, i4 9, i32 %trunc_ln72_40, i4 10, i32 %trunc_ln72_41, i4 11, i32 %trunc_ln72_42, i4 12, i32 %trunc_ln72_43, i4 13, i32 %trunc_ln72_44, i4 14, i32 %trunc_ln72_45, i4 15, i32 %trunc_ln72_46, i32 0, i4 %trunc_ln67" [../MLP_baseline/mm.cpp:72]   --->   Operation 173 'sparsemux' 'tmp_2' <Predicate = true> <Delay = 2.06> <CoreInst = "BinarySparseMux_DontCare">   --->   Core 137 'BinarySparseMux_DontCare' <Latency = 0> <II = 1> <Delay = 2.06> <FuncUnit> <Opcode : 'sparsemux'> <InPorts = 2> <OutPorts = 1>
ST_3 : Operation 174 [1/1] (2.55ns)   --->   "%add_ln72_2 = add i32 %tmp_2, i32 %mul_ln72_2" [../MLP_baseline/mm.cpp:72]   --->   Operation 174 'add' 'add_ln72_2' <Predicate = true> <Delay = 2.55> <CoreInst = "Adder">   --->   Core 1 'Adder' <Latency = 0> <II = 1> <Delay = 2.55> <FuncUnit> <Opcode : 'add' 'sub'> <InPorts = 2> <OutPorts = 1>
ST_3 : Operation 175 [1/1] (0.00ns)   --->   "%trunc_ln72_47 = partselect i32 @_ssdm_op_PartSelect.i32.i512.i32.i32, i512 %AB_block_0_2_load, i32 96, i32 127" [../MLP_baseline/mm.cpp:72]   --->   Operation 175 'partselect' 'trunc_ln72_47' <Predicate = (trunc_ln67 == 0)> <Delay = 0.00>
ST_3 : Operation 176 [1/1] (0.00ns)   --->   "%trunc_ln72_48 = partselect i32 @_ssdm_op_PartSelect.i32.i512.i32.i32, i512 %AB_block_1_2_load, i32 96, i32 127" [../MLP_baseline/mm.cpp:72]   --->   Operation 176 'partselect' 'trunc_ln72_48' <Predicate = (trunc_ln67 == 1)> <Delay = 0.00>
ST_3 : Operation 177 [1/1] (0.00ns)   --->   "%trunc_ln72_49 = partselect i32 @_ssdm_op_PartSelect.i32.i512.i32.i32, i512 %AB_block_2_2_load, i32 96, i32 127" [../MLP_baseline/mm.cpp:72]   --->   Operation 177 'partselect' 'trunc_ln72_49' <Predicate = (trunc_ln67 == 2)> <Delay = 0.00>
ST_3 : Operation 178 [1/1] (0.00ns)   --->   "%trunc_ln72_50 = partselect i32 @_ssdm_op_PartSelect.i32.i512.i32.i32, i512 %AB_block_3_2_load, i32 96, i32 127" [../MLP_baseline/mm.cpp:72]   --->   Operation 178 'partselect' 'trunc_ln72_50' <Predicate = (trunc_ln67 == 3)> <Delay = 0.00>
ST_3 : Operation 179 [1/1] (0.00ns)   --->   "%trunc_ln72_51 = partselect i32 @_ssdm_op_PartSelect.i32.i512.i32.i32, i512 %AB_block_4_2_load, i32 96, i32 127" [../MLP_baseline/mm.cpp:72]   --->   Operation 179 'partselect' 'trunc_ln72_51' <Predicate = (trunc_ln67 == 4)> <Delay = 0.00>
ST_3 : Operation 180 [1/1] (0.00ns)   --->   "%trunc_ln72_52 = partselect i32 @_ssdm_op_PartSelect.i32.i512.i32.i32, i512 %AB_block_5_2_load, i32 96, i32 127" [../MLP_baseline/mm.cpp:72]   --->   Operation 180 'partselect' 'trunc_ln72_52' <Predicate = (trunc_ln67 == 5)> <Delay = 0.00>
ST_3 : Operation 181 [1/1] (0.00ns)   --->   "%trunc_ln72_53 = partselect i32 @_ssdm_op_PartSelect.i32.i512.i32.i32, i512 %AB_block_6_2_load, i32 96, i32 127" [../MLP_baseline/mm.cpp:72]   --->   Operation 181 'partselect' 'trunc_ln72_53' <Predicate = (trunc_ln67 == 6)> <Delay = 0.00>
ST_3 : Operation 182 [1/1] (0.00ns)   --->   "%trunc_ln72_54 = partselect i32 @_ssdm_op_PartSelect.i32.i512.i32.i32, i512 %AB_block_7_2_load, i32 96, i32 127" [../MLP_baseline/mm.cpp:72]   --->   Operation 182 'partselect' 'trunc_ln72_54' <Predicate = (trunc_ln67 == 7)> <Delay = 0.00>
ST_3 : Operation 183 [1/1] (0.00ns)   --->   "%trunc_ln72_55 = partselect i32 @_ssdm_op_PartSelect.i32.i512.i32.i32, i512 %AB_block_8_2_load, i32 96, i32 127" [../MLP_baseline/mm.cpp:72]   --->   Operation 183 'partselect' 'trunc_ln72_55' <Predicate = (trunc_ln67 == 8)> <Delay = 0.00>
ST_3 : Operation 184 [1/1] (0.00ns)   --->   "%trunc_ln72_56 = partselect i32 @_ssdm_op_PartSelect.i32.i512.i32.i32, i512 %AB_block_9_2_load, i32 96, i32 127" [../MLP_baseline/mm.cpp:72]   --->   Operation 184 'partselect' 'trunc_ln72_56' <Predicate = (trunc_ln67 == 9)> <Delay = 0.00>
ST_3 : Operation 185 [1/1] (0.00ns)   --->   "%trunc_ln72_57 = partselect i32 @_ssdm_op_PartSelect.i32.i512.i32.i32, i512 %AB_block_10_2_load, i32 96, i32 127" [../MLP_baseline/mm.cpp:72]   --->   Operation 185 'partselect' 'trunc_ln72_57' <Predicate = (trunc_ln67 == 10)> <Delay = 0.00>
ST_3 : Operation 186 [1/1] (0.00ns)   --->   "%trunc_ln72_58 = partselect i32 @_ssdm_op_PartSelect.i32.i512.i32.i32, i512 %AB_block_11_2_load, i32 96, i32 127" [../MLP_baseline/mm.cpp:72]   --->   Operation 186 'partselect' 'trunc_ln72_58' <Predicate = (trunc_ln67 == 11)> <Delay = 0.00>
ST_3 : Operation 187 [1/1] (0.00ns)   --->   "%trunc_ln72_59 = partselect i32 @_ssdm_op_PartSelect.i32.i512.i32.i32, i512 %AB_block_12_2_load, i32 96, i32 127" [../MLP_baseline/mm.cpp:72]   --->   Operation 187 'partselect' 'trunc_ln72_59' <Predicate = (trunc_ln67 == 12)> <Delay = 0.00>
ST_3 : Operation 188 [1/1] (0.00ns)   --->   "%trunc_ln72_60 = partselect i32 @_ssdm_op_PartSelect.i32.i512.i32.i32, i512 %AB_block_13_2_load, i32 96, i32 127" [../MLP_baseline/mm.cpp:72]   --->   Operation 188 'partselect' 'trunc_ln72_60' <Predicate = (trunc_ln67 == 13)> <Delay = 0.00>
ST_3 : Operation 189 [1/1] (0.00ns)   --->   "%trunc_ln72_61 = partselect i32 @_ssdm_op_PartSelect.i32.i512.i32.i32, i512 %AB_block_14_2_load, i32 96, i32 127" [../MLP_baseline/mm.cpp:72]   --->   Operation 189 'partselect' 'trunc_ln72_61' <Predicate = (trunc_ln67 == 14)> <Delay = 0.00>
ST_3 : Operation 190 [1/1] (0.00ns)   --->   "%trunc_ln72_62 = partselect i32 @_ssdm_op_PartSelect.i32.i512.i32.i32, i512 %AB_block_15_2_load, i32 96, i32 127" [../MLP_baseline/mm.cpp:72]   --->   Operation 190 'partselect' 'trunc_ln72_62' <Predicate = (trunc_ln67 == 15)> <Delay = 0.00>
ST_3 : Operation 191 [1/1] (2.06ns)   --->   "%tmp_3 = sparsemux i32 @_ssdm_op_SparseMux.ap_auto.16i32.i32.i4, i4 0, i32 %trunc_ln72_47, i4 1, i32 %trunc_ln72_48, i4 2, i32 %trunc_ln72_49, i4 3, i32 %trunc_ln72_50, i4 4, i32 %trunc_ln72_51, i4 5, i32 %trunc_ln72_52, i4 6, i32 %trunc_ln72_53, i4 7, i32 %trunc_ln72_54, i4 8, i32 %trunc_ln72_55, i4 9, i32 %trunc_ln72_56, i4 10, i32 %trunc_ln72_57, i4 11, i32 %trunc_ln72_58, i4 12, i32 %trunc_ln72_59, i4 13, i32 %trunc_ln72_60, i4 14, i32 %trunc_ln72_61, i4 15, i32 %trunc_ln72_62, i32 0, i4 %trunc_ln67" [../MLP_baseline/mm.cpp:72]   --->   Operation 191 'sparsemux' 'tmp_3' <Predicate = true> <Delay = 2.06> <CoreInst = "BinarySparseMux_DontCare">   --->   Core 137 'BinarySparseMux_DontCare' <Latency = 0> <II = 1> <Delay = 2.06> <FuncUnit> <Opcode : 'sparsemux'> <InPorts = 2> <OutPorts = 1>
ST_3 : Operation 192 [1/1] (2.55ns)   --->   "%add_ln72_3 = add i32 %tmp_3, i32 %mul_ln72_3" [../MLP_baseline/mm.cpp:72]   --->   Operation 192 'add' 'add_ln72_3' <Predicate = true> <Delay = 2.55> <CoreInst = "Adder">   --->   Core 1 'Adder' <Latency = 0> <II = 1> <Delay = 2.55> <FuncUnit> <Opcode : 'add' 'sub'> <InPorts = 2> <OutPorts = 1>
ST_3 : Operation 193 [1/1] (0.00ns)   --->   "%trunc_ln72_63 = partselect i32 @_ssdm_op_PartSelect.i32.i512.i32.i32, i512 %AB_block_0_2_load, i32 128, i32 159" [../MLP_baseline/mm.cpp:72]   --->   Operation 193 'partselect' 'trunc_ln72_63' <Predicate = (trunc_ln67 == 0)> <Delay = 0.00>
ST_3 : Operation 194 [1/1] (0.00ns)   --->   "%trunc_ln72_64 = partselect i32 @_ssdm_op_PartSelect.i32.i512.i32.i32, i512 %AB_block_1_2_load, i32 128, i32 159" [../MLP_baseline/mm.cpp:72]   --->   Operation 194 'partselect' 'trunc_ln72_64' <Predicate = (trunc_ln67 == 1)> <Delay = 0.00>
ST_3 : Operation 195 [1/1] (0.00ns)   --->   "%trunc_ln72_65 = partselect i32 @_ssdm_op_PartSelect.i32.i512.i32.i32, i512 %AB_block_2_2_load, i32 128, i32 159" [../MLP_baseline/mm.cpp:72]   --->   Operation 195 'partselect' 'trunc_ln72_65' <Predicate = (trunc_ln67 == 2)> <Delay = 0.00>
ST_3 : Operation 196 [1/1] (0.00ns)   --->   "%trunc_ln72_66 = partselect i32 @_ssdm_op_PartSelect.i32.i512.i32.i32, i512 %AB_block_3_2_load, i32 128, i32 159" [../MLP_baseline/mm.cpp:72]   --->   Operation 196 'partselect' 'trunc_ln72_66' <Predicate = (trunc_ln67 == 3)> <Delay = 0.00>
ST_3 : Operation 197 [1/1] (0.00ns)   --->   "%trunc_ln72_67 = partselect i32 @_ssdm_op_PartSelect.i32.i512.i32.i32, i512 %AB_block_4_2_load, i32 128, i32 159" [../MLP_baseline/mm.cpp:72]   --->   Operation 197 'partselect' 'trunc_ln72_67' <Predicate = (trunc_ln67 == 4)> <Delay = 0.00>
ST_3 : Operation 198 [1/1] (0.00ns)   --->   "%trunc_ln72_68 = partselect i32 @_ssdm_op_PartSelect.i32.i512.i32.i32, i512 %AB_block_5_2_load, i32 128, i32 159" [../MLP_baseline/mm.cpp:72]   --->   Operation 198 'partselect' 'trunc_ln72_68' <Predicate = (trunc_ln67 == 5)> <Delay = 0.00>
ST_3 : Operation 199 [1/1] (0.00ns)   --->   "%trunc_ln72_69 = partselect i32 @_ssdm_op_PartSelect.i32.i512.i32.i32, i512 %AB_block_6_2_load, i32 128, i32 159" [../MLP_baseline/mm.cpp:72]   --->   Operation 199 'partselect' 'trunc_ln72_69' <Predicate = (trunc_ln67 == 6)> <Delay = 0.00>
ST_3 : Operation 200 [1/1] (0.00ns)   --->   "%trunc_ln72_70 = partselect i32 @_ssdm_op_PartSelect.i32.i512.i32.i32, i512 %AB_block_7_2_load, i32 128, i32 159" [../MLP_baseline/mm.cpp:72]   --->   Operation 200 'partselect' 'trunc_ln72_70' <Predicate = (trunc_ln67 == 7)> <Delay = 0.00>
ST_3 : Operation 201 [1/1] (0.00ns)   --->   "%trunc_ln72_71 = partselect i32 @_ssdm_op_PartSelect.i32.i512.i32.i32, i512 %AB_block_8_2_load, i32 128, i32 159" [../MLP_baseline/mm.cpp:72]   --->   Operation 201 'partselect' 'trunc_ln72_71' <Predicate = (trunc_ln67 == 8)> <Delay = 0.00>
ST_3 : Operation 202 [1/1] (0.00ns)   --->   "%trunc_ln72_72 = partselect i32 @_ssdm_op_PartSelect.i32.i512.i32.i32, i512 %AB_block_9_2_load, i32 128, i32 159" [../MLP_baseline/mm.cpp:72]   --->   Operation 202 'partselect' 'trunc_ln72_72' <Predicate = (trunc_ln67 == 9)> <Delay = 0.00>
ST_3 : Operation 203 [1/1] (0.00ns)   --->   "%trunc_ln72_73 = partselect i32 @_ssdm_op_PartSelect.i32.i512.i32.i32, i512 %AB_block_10_2_load, i32 128, i32 159" [../MLP_baseline/mm.cpp:72]   --->   Operation 203 'partselect' 'trunc_ln72_73' <Predicate = (trunc_ln67 == 10)> <Delay = 0.00>
ST_3 : Operation 204 [1/1] (0.00ns)   --->   "%trunc_ln72_74 = partselect i32 @_ssdm_op_PartSelect.i32.i512.i32.i32, i512 %AB_block_11_2_load, i32 128, i32 159" [../MLP_baseline/mm.cpp:72]   --->   Operation 204 'partselect' 'trunc_ln72_74' <Predicate = (trunc_ln67 == 11)> <Delay = 0.00>
ST_3 : Operation 205 [1/1] (0.00ns)   --->   "%trunc_ln72_75 = partselect i32 @_ssdm_op_PartSelect.i32.i512.i32.i32, i512 %AB_block_12_2_load, i32 128, i32 159" [../MLP_baseline/mm.cpp:72]   --->   Operation 205 'partselect' 'trunc_ln72_75' <Predicate = (trunc_ln67 == 12)> <Delay = 0.00>
ST_3 : Operation 206 [1/1] (0.00ns)   --->   "%trunc_ln72_76 = partselect i32 @_ssdm_op_PartSelect.i32.i512.i32.i32, i512 %AB_block_13_2_load, i32 128, i32 159" [../MLP_baseline/mm.cpp:72]   --->   Operation 206 'partselect' 'trunc_ln72_76' <Predicate = (trunc_ln67 == 13)> <Delay = 0.00>
ST_3 : Operation 207 [1/1] (0.00ns)   --->   "%trunc_ln72_77 = partselect i32 @_ssdm_op_PartSelect.i32.i512.i32.i32, i512 %AB_block_14_2_load, i32 128, i32 159" [../MLP_baseline/mm.cpp:72]   --->   Operation 207 'partselect' 'trunc_ln72_77' <Predicate = (trunc_ln67 == 14)> <Delay = 0.00>
ST_3 : Operation 208 [1/1] (0.00ns)   --->   "%trunc_ln72_78 = partselect i32 @_ssdm_op_PartSelect.i32.i512.i32.i32, i512 %AB_block_15_2_load, i32 128, i32 159" [../MLP_baseline/mm.cpp:72]   --->   Operation 208 'partselect' 'trunc_ln72_78' <Predicate = (trunc_ln67 == 15)> <Delay = 0.00>
ST_3 : Operation 209 [1/1] (2.06ns)   --->   "%tmp_4 = sparsemux i32 @_ssdm_op_SparseMux.ap_auto.16i32.i32.i4, i4 0, i32 %trunc_ln72_63, i4 1, i32 %trunc_ln72_64, i4 2, i32 %trunc_ln72_65, i4 3, i32 %trunc_ln72_66, i4 4, i32 %trunc_ln72_67, i4 5, i32 %trunc_ln72_68, i4 6, i32 %trunc_ln72_69, i4 7, i32 %trunc_ln72_70, i4 8, i32 %trunc_ln72_71, i4 9, i32 %trunc_ln72_72, i4 10, i32 %trunc_ln72_73, i4 11, i32 %trunc_ln72_74, i4 12, i32 %trunc_ln72_75, i4 13, i32 %trunc_ln72_76, i4 14, i32 %trunc_ln72_77, i4 15, i32 %trunc_ln72_78, i32 0, i4 %trunc_ln67" [../MLP_baseline/mm.cpp:72]   --->   Operation 209 'sparsemux' 'tmp_4' <Predicate = true> <Delay = 2.06> <CoreInst = "BinarySparseMux_DontCare">   --->   Core 137 'BinarySparseMux_DontCare' <Latency = 0> <II = 1> <Delay = 2.06> <FuncUnit> <Opcode : 'sparsemux'> <InPorts = 2> <OutPorts = 1>
ST_3 : Operation 210 [1/1] (2.55ns)   --->   "%add_ln72_4 = add i32 %tmp_4, i32 %mul_ln72_4" [../MLP_baseline/mm.cpp:72]   --->   Operation 210 'add' 'add_ln72_4' <Predicate = true> <Delay = 2.55> <CoreInst = "Adder">   --->   Core 1 'Adder' <Latency = 0> <II = 1> <Delay = 2.55> <FuncUnit> <Opcode : 'add' 'sub'> <InPorts = 2> <OutPorts = 1>
ST_3 : Operation 211 [1/1] (0.00ns)   --->   "%trunc_ln72_79 = partselect i32 @_ssdm_op_PartSelect.i32.i512.i32.i32, i512 %AB_block_0_2_load, i32 160, i32 191" [../MLP_baseline/mm.cpp:72]   --->   Operation 211 'partselect' 'trunc_ln72_79' <Predicate = (trunc_ln67 == 0)> <Delay = 0.00>
ST_3 : Operation 212 [1/1] (0.00ns)   --->   "%trunc_ln72_80 = partselect i32 @_ssdm_op_PartSelect.i32.i512.i32.i32, i512 %AB_block_1_2_load, i32 160, i32 191" [../MLP_baseline/mm.cpp:72]   --->   Operation 212 'partselect' 'trunc_ln72_80' <Predicate = (trunc_ln67 == 1)> <Delay = 0.00>
ST_3 : Operation 213 [1/1] (0.00ns)   --->   "%trunc_ln72_81 = partselect i32 @_ssdm_op_PartSelect.i32.i512.i32.i32, i512 %AB_block_2_2_load, i32 160, i32 191" [../MLP_baseline/mm.cpp:72]   --->   Operation 213 'partselect' 'trunc_ln72_81' <Predicate = (trunc_ln67 == 2)> <Delay = 0.00>
ST_3 : Operation 214 [1/1] (0.00ns)   --->   "%trunc_ln72_82 = partselect i32 @_ssdm_op_PartSelect.i32.i512.i32.i32, i512 %AB_block_3_2_load, i32 160, i32 191" [../MLP_baseline/mm.cpp:72]   --->   Operation 214 'partselect' 'trunc_ln72_82' <Predicate = (trunc_ln67 == 3)> <Delay = 0.00>
ST_3 : Operation 215 [1/1] (0.00ns)   --->   "%trunc_ln72_83 = partselect i32 @_ssdm_op_PartSelect.i32.i512.i32.i32, i512 %AB_block_4_2_load, i32 160, i32 191" [../MLP_baseline/mm.cpp:72]   --->   Operation 215 'partselect' 'trunc_ln72_83' <Predicate = (trunc_ln67 == 4)> <Delay = 0.00>
ST_3 : Operation 216 [1/1] (0.00ns)   --->   "%trunc_ln72_84 = partselect i32 @_ssdm_op_PartSelect.i32.i512.i32.i32, i512 %AB_block_5_2_load, i32 160, i32 191" [../MLP_baseline/mm.cpp:72]   --->   Operation 216 'partselect' 'trunc_ln72_84' <Predicate = (trunc_ln67 == 5)> <Delay = 0.00>
ST_3 : Operation 217 [1/1] (0.00ns)   --->   "%trunc_ln72_85 = partselect i32 @_ssdm_op_PartSelect.i32.i512.i32.i32, i512 %AB_block_6_2_load, i32 160, i32 191" [../MLP_baseline/mm.cpp:72]   --->   Operation 217 'partselect' 'trunc_ln72_85' <Predicate = (trunc_ln67 == 6)> <Delay = 0.00>
ST_3 : Operation 218 [1/1] (0.00ns)   --->   "%trunc_ln72_86 = partselect i32 @_ssdm_op_PartSelect.i32.i512.i32.i32, i512 %AB_block_7_2_load, i32 160, i32 191" [../MLP_baseline/mm.cpp:72]   --->   Operation 218 'partselect' 'trunc_ln72_86' <Predicate = (trunc_ln67 == 7)> <Delay = 0.00>
ST_3 : Operation 219 [1/1] (0.00ns)   --->   "%trunc_ln72_87 = partselect i32 @_ssdm_op_PartSelect.i32.i512.i32.i32, i512 %AB_block_8_2_load, i32 160, i32 191" [../MLP_baseline/mm.cpp:72]   --->   Operation 219 'partselect' 'trunc_ln72_87' <Predicate = (trunc_ln67 == 8)> <Delay = 0.00>
ST_3 : Operation 220 [1/1] (0.00ns)   --->   "%trunc_ln72_88 = partselect i32 @_ssdm_op_PartSelect.i32.i512.i32.i32, i512 %AB_block_9_2_load, i32 160, i32 191" [../MLP_baseline/mm.cpp:72]   --->   Operation 220 'partselect' 'trunc_ln72_88' <Predicate = (trunc_ln67 == 9)> <Delay = 0.00>
ST_3 : Operation 221 [1/1] (0.00ns)   --->   "%trunc_ln72_89 = partselect i32 @_ssdm_op_PartSelect.i32.i512.i32.i32, i512 %AB_block_10_2_load, i32 160, i32 191" [../MLP_baseline/mm.cpp:72]   --->   Operation 221 'partselect' 'trunc_ln72_89' <Predicate = (trunc_ln67 == 10)> <Delay = 0.00>
ST_3 : Operation 222 [1/1] (0.00ns)   --->   "%trunc_ln72_90 = partselect i32 @_ssdm_op_PartSelect.i32.i512.i32.i32, i512 %AB_block_11_2_load, i32 160, i32 191" [../MLP_baseline/mm.cpp:72]   --->   Operation 222 'partselect' 'trunc_ln72_90' <Predicate = (trunc_ln67 == 11)> <Delay = 0.00>
ST_3 : Operation 223 [1/1] (0.00ns)   --->   "%trunc_ln72_91 = partselect i32 @_ssdm_op_PartSelect.i32.i512.i32.i32, i512 %AB_block_12_2_load, i32 160, i32 191" [../MLP_baseline/mm.cpp:72]   --->   Operation 223 'partselect' 'trunc_ln72_91' <Predicate = (trunc_ln67 == 12)> <Delay = 0.00>
ST_3 : Operation 224 [1/1] (0.00ns)   --->   "%trunc_ln72_92 = partselect i32 @_ssdm_op_PartSelect.i32.i512.i32.i32, i512 %AB_block_13_2_load, i32 160, i32 191" [../MLP_baseline/mm.cpp:72]   --->   Operation 224 'partselect' 'trunc_ln72_92' <Predicate = (trunc_ln67 == 13)> <Delay = 0.00>
ST_3 : Operation 225 [1/1] (0.00ns)   --->   "%trunc_ln72_93 = partselect i32 @_ssdm_op_PartSelect.i32.i512.i32.i32, i512 %AB_block_14_2_load, i32 160, i32 191" [../MLP_baseline/mm.cpp:72]   --->   Operation 225 'partselect' 'trunc_ln72_93' <Predicate = (trunc_ln67 == 14)> <Delay = 0.00>
ST_3 : Operation 226 [1/1] (0.00ns)   --->   "%trunc_ln72_94 = partselect i32 @_ssdm_op_PartSelect.i32.i512.i32.i32, i512 %AB_block_15_2_load, i32 160, i32 191" [../MLP_baseline/mm.cpp:72]   --->   Operation 226 'partselect' 'trunc_ln72_94' <Predicate = (trunc_ln67 == 15)> <Delay = 0.00>
ST_3 : Operation 227 [1/1] (2.06ns)   --->   "%tmp_5 = sparsemux i32 @_ssdm_op_SparseMux.ap_auto.16i32.i32.i4, i4 0, i32 %trunc_ln72_79, i4 1, i32 %trunc_ln72_80, i4 2, i32 %trunc_ln72_81, i4 3, i32 %trunc_ln72_82, i4 4, i32 %trunc_ln72_83, i4 5, i32 %trunc_ln72_84, i4 6, i32 %trunc_ln72_85, i4 7, i32 %trunc_ln72_86, i4 8, i32 %trunc_ln72_87, i4 9, i32 %trunc_ln72_88, i4 10, i32 %trunc_ln72_89, i4 11, i32 %trunc_ln72_90, i4 12, i32 %trunc_ln72_91, i4 13, i32 %trunc_ln72_92, i4 14, i32 %trunc_ln72_93, i4 15, i32 %trunc_ln72_94, i32 0, i4 %trunc_ln67" [../MLP_baseline/mm.cpp:72]   --->   Operation 227 'sparsemux' 'tmp_5' <Predicate = true> <Delay = 2.06> <CoreInst = "BinarySparseMux_DontCare">   --->   Core 137 'BinarySparseMux_DontCare' <Latency = 0> <II = 1> <Delay = 2.06> <FuncUnit> <Opcode : 'sparsemux'> <InPorts = 2> <OutPorts = 1>
ST_3 : Operation 228 [1/1] (2.55ns)   --->   "%add_ln72_5 = add i32 %tmp_5, i32 %mul_ln72_5" [../MLP_baseline/mm.cpp:72]   --->   Operation 228 'add' 'add_ln72_5' <Predicate = true> <Delay = 2.55> <CoreInst = "Adder">   --->   Core 1 'Adder' <Latency = 0> <II = 1> <Delay = 2.55> <FuncUnit> <Opcode : 'add' 'sub'> <InPorts = 2> <OutPorts = 1>
ST_3 : Operation 229 [1/1] (0.00ns)   --->   "%trunc_ln72_95 = partselect i32 @_ssdm_op_PartSelect.i32.i512.i32.i32, i512 %AB_block_0_2_load, i32 192, i32 223" [../MLP_baseline/mm.cpp:72]   --->   Operation 229 'partselect' 'trunc_ln72_95' <Predicate = (trunc_ln67 == 0)> <Delay = 0.00>
ST_3 : Operation 230 [1/1] (0.00ns)   --->   "%trunc_ln72_96 = partselect i32 @_ssdm_op_PartSelect.i32.i512.i32.i32, i512 %AB_block_1_2_load, i32 192, i32 223" [../MLP_baseline/mm.cpp:72]   --->   Operation 230 'partselect' 'trunc_ln72_96' <Predicate = (trunc_ln67 == 1)> <Delay = 0.00>
ST_3 : Operation 231 [1/1] (0.00ns)   --->   "%trunc_ln72_97 = partselect i32 @_ssdm_op_PartSelect.i32.i512.i32.i32, i512 %AB_block_2_2_load, i32 192, i32 223" [../MLP_baseline/mm.cpp:72]   --->   Operation 231 'partselect' 'trunc_ln72_97' <Predicate = (trunc_ln67 == 2)> <Delay = 0.00>
ST_3 : Operation 232 [1/1] (0.00ns)   --->   "%trunc_ln72_98 = partselect i32 @_ssdm_op_PartSelect.i32.i512.i32.i32, i512 %AB_block_3_2_load, i32 192, i32 223" [../MLP_baseline/mm.cpp:72]   --->   Operation 232 'partselect' 'trunc_ln72_98' <Predicate = (trunc_ln67 == 3)> <Delay = 0.00>
ST_3 : Operation 233 [1/1] (0.00ns)   --->   "%trunc_ln72_99 = partselect i32 @_ssdm_op_PartSelect.i32.i512.i32.i32, i512 %AB_block_4_2_load, i32 192, i32 223" [../MLP_baseline/mm.cpp:72]   --->   Operation 233 'partselect' 'trunc_ln72_99' <Predicate = (trunc_ln67 == 4)> <Delay = 0.00>
ST_3 : Operation 234 [1/1] (0.00ns)   --->   "%trunc_ln72_100 = partselect i32 @_ssdm_op_PartSelect.i32.i512.i32.i32, i512 %AB_block_5_2_load, i32 192, i32 223" [../MLP_baseline/mm.cpp:72]   --->   Operation 234 'partselect' 'trunc_ln72_100' <Predicate = (trunc_ln67 == 5)> <Delay = 0.00>
ST_3 : Operation 235 [1/1] (0.00ns)   --->   "%trunc_ln72_101 = partselect i32 @_ssdm_op_PartSelect.i32.i512.i32.i32, i512 %AB_block_6_2_load, i32 192, i32 223" [../MLP_baseline/mm.cpp:72]   --->   Operation 235 'partselect' 'trunc_ln72_101' <Predicate = (trunc_ln67 == 6)> <Delay = 0.00>
ST_3 : Operation 236 [1/1] (0.00ns)   --->   "%trunc_ln72_102 = partselect i32 @_ssdm_op_PartSelect.i32.i512.i32.i32, i512 %AB_block_7_2_load, i32 192, i32 223" [../MLP_baseline/mm.cpp:72]   --->   Operation 236 'partselect' 'trunc_ln72_102' <Predicate = (trunc_ln67 == 7)> <Delay = 0.00>
ST_3 : Operation 237 [1/1] (0.00ns)   --->   "%trunc_ln72_103 = partselect i32 @_ssdm_op_PartSelect.i32.i512.i32.i32, i512 %AB_block_8_2_load, i32 192, i32 223" [../MLP_baseline/mm.cpp:72]   --->   Operation 237 'partselect' 'trunc_ln72_103' <Predicate = (trunc_ln67 == 8)> <Delay = 0.00>
ST_3 : Operation 238 [1/1] (0.00ns)   --->   "%trunc_ln72_104 = partselect i32 @_ssdm_op_PartSelect.i32.i512.i32.i32, i512 %AB_block_9_2_load, i32 192, i32 223" [../MLP_baseline/mm.cpp:72]   --->   Operation 238 'partselect' 'trunc_ln72_104' <Predicate = (trunc_ln67 == 9)> <Delay = 0.00>
ST_3 : Operation 239 [1/1] (0.00ns)   --->   "%trunc_ln72_105 = partselect i32 @_ssdm_op_PartSelect.i32.i512.i32.i32, i512 %AB_block_10_2_load, i32 192, i32 223" [../MLP_baseline/mm.cpp:72]   --->   Operation 239 'partselect' 'trunc_ln72_105' <Predicate = (trunc_ln67 == 10)> <Delay = 0.00>
ST_3 : Operation 240 [1/1] (0.00ns)   --->   "%trunc_ln72_106 = partselect i32 @_ssdm_op_PartSelect.i32.i512.i32.i32, i512 %AB_block_11_2_load, i32 192, i32 223" [../MLP_baseline/mm.cpp:72]   --->   Operation 240 'partselect' 'trunc_ln72_106' <Predicate = (trunc_ln67 == 11)> <Delay = 0.00>
ST_3 : Operation 241 [1/1] (0.00ns)   --->   "%trunc_ln72_107 = partselect i32 @_ssdm_op_PartSelect.i32.i512.i32.i32, i512 %AB_block_12_2_load, i32 192, i32 223" [../MLP_baseline/mm.cpp:72]   --->   Operation 241 'partselect' 'trunc_ln72_107' <Predicate = (trunc_ln67 == 12)> <Delay = 0.00>
ST_3 : Operation 242 [1/1] (0.00ns)   --->   "%trunc_ln72_108 = partselect i32 @_ssdm_op_PartSelect.i32.i512.i32.i32, i512 %AB_block_13_2_load, i32 192, i32 223" [../MLP_baseline/mm.cpp:72]   --->   Operation 242 'partselect' 'trunc_ln72_108' <Predicate = (trunc_ln67 == 13)> <Delay = 0.00>
ST_3 : Operation 243 [1/1] (0.00ns)   --->   "%trunc_ln72_109 = partselect i32 @_ssdm_op_PartSelect.i32.i512.i32.i32, i512 %AB_block_14_2_load, i32 192, i32 223" [../MLP_baseline/mm.cpp:72]   --->   Operation 243 'partselect' 'trunc_ln72_109' <Predicate = (trunc_ln67 == 14)> <Delay = 0.00>
ST_3 : Operation 244 [1/1] (0.00ns)   --->   "%trunc_ln72_110 = partselect i32 @_ssdm_op_PartSelect.i32.i512.i32.i32, i512 %AB_block_15_2_load, i32 192, i32 223" [../MLP_baseline/mm.cpp:72]   --->   Operation 244 'partselect' 'trunc_ln72_110' <Predicate = (trunc_ln67 == 15)> <Delay = 0.00>
ST_3 : Operation 245 [1/1] (2.06ns)   --->   "%tmp_6 = sparsemux i32 @_ssdm_op_SparseMux.ap_auto.16i32.i32.i4, i4 0, i32 %trunc_ln72_95, i4 1, i32 %trunc_ln72_96, i4 2, i32 %trunc_ln72_97, i4 3, i32 %trunc_ln72_98, i4 4, i32 %trunc_ln72_99, i4 5, i32 %trunc_ln72_100, i4 6, i32 %trunc_ln72_101, i4 7, i32 %trunc_ln72_102, i4 8, i32 %trunc_ln72_103, i4 9, i32 %trunc_ln72_104, i4 10, i32 %trunc_ln72_105, i4 11, i32 %trunc_ln72_106, i4 12, i32 %trunc_ln72_107, i4 13, i32 %trunc_ln72_108, i4 14, i32 %trunc_ln72_109, i4 15, i32 %trunc_ln72_110, i32 0, i4 %trunc_ln67" [../MLP_baseline/mm.cpp:72]   --->   Operation 245 'sparsemux' 'tmp_6' <Predicate = true> <Delay = 2.06> <CoreInst = "BinarySparseMux_DontCare">   --->   Core 137 'BinarySparseMux_DontCare' <Latency = 0> <II = 1> <Delay = 2.06> <FuncUnit> <Opcode : 'sparsemux'> <InPorts = 2> <OutPorts = 1>
ST_3 : Operation 246 [1/1] (2.55ns)   --->   "%add_ln72_6 = add i32 %tmp_6, i32 %mul_ln72_6" [../MLP_baseline/mm.cpp:72]   --->   Operation 246 'add' 'add_ln72_6' <Predicate = true> <Delay = 2.55> <CoreInst = "Adder">   --->   Core 1 'Adder' <Latency = 0> <II = 1> <Delay = 2.55> <FuncUnit> <Opcode : 'add' 'sub'> <InPorts = 2> <OutPorts = 1>
ST_3 : Operation 247 [1/1] (0.00ns)   --->   "%trunc_ln72_111 = partselect i32 @_ssdm_op_PartSelect.i32.i512.i32.i32, i512 %AB_block_0_2_load, i32 224, i32 255" [../MLP_baseline/mm.cpp:72]   --->   Operation 247 'partselect' 'trunc_ln72_111' <Predicate = (trunc_ln67 == 0)> <Delay = 0.00>
ST_3 : Operation 248 [1/1] (0.00ns)   --->   "%trunc_ln72_112 = partselect i32 @_ssdm_op_PartSelect.i32.i512.i32.i32, i512 %AB_block_1_2_load, i32 224, i32 255" [../MLP_baseline/mm.cpp:72]   --->   Operation 248 'partselect' 'trunc_ln72_112' <Predicate = (trunc_ln67 == 1)> <Delay = 0.00>
ST_3 : Operation 249 [1/1] (0.00ns)   --->   "%trunc_ln72_113 = partselect i32 @_ssdm_op_PartSelect.i32.i512.i32.i32, i512 %AB_block_2_2_load, i32 224, i32 255" [../MLP_baseline/mm.cpp:72]   --->   Operation 249 'partselect' 'trunc_ln72_113' <Predicate = (trunc_ln67 == 2)> <Delay = 0.00>
ST_3 : Operation 250 [1/1] (0.00ns)   --->   "%trunc_ln72_114 = partselect i32 @_ssdm_op_PartSelect.i32.i512.i32.i32, i512 %AB_block_3_2_load, i32 224, i32 255" [../MLP_baseline/mm.cpp:72]   --->   Operation 250 'partselect' 'trunc_ln72_114' <Predicate = (trunc_ln67 == 3)> <Delay = 0.00>
ST_3 : Operation 251 [1/1] (0.00ns)   --->   "%trunc_ln72_115 = partselect i32 @_ssdm_op_PartSelect.i32.i512.i32.i32, i512 %AB_block_4_2_load, i32 224, i32 255" [../MLP_baseline/mm.cpp:72]   --->   Operation 251 'partselect' 'trunc_ln72_115' <Predicate = (trunc_ln67 == 4)> <Delay = 0.00>
ST_3 : Operation 252 [1/1] (0.00ns)   --->   "%trunc_ln72_116 = partselect i32 @_ssdm_op_PartSelect.i32.i512.i32.i32, i512 %AB_block_5_2_load, i32 224, i32 255" [../MLP_baseline/mm.cpp:72]   --->   Operation 252 'partselect' 'trunc_ln72_116' <Predicate = (trunc_ln67 == 5)> <Delay = 0.00>
ST_3 : Operation 253 [1/1] (0.00ns)   --->   "%trunc_ln72_117 = partselect i32 @_ssdm_op_PartSelect.i32.i512.i32.i32, i512 %AB_block_6_2_load, i32 224, i32 255" [../MLP_baseline/mm.cpp:72]   --->   Operation 253 'partselect' 'trunc_ln72_117' <Predicate = (trunc_ln67 == 6)> <Delay = 0.00>
ST_3 : Operation 254 [1/1] (0.00ns)   --->   "%trunc_ln72_118 = partselect i32 @_ssdm_op_PartSelect.i32.i512.i32.i32, i512 %AB_block_7_2_load, i32 224, i32 255" [../MLP_baseline/mm.cpp:72]   --->   Operation 254 'partselect' 'trunc_ln72_118' <Predicate = (trunc_ln67 == 7)> <Delay = 0.00>
ST_3 : Operation 255 [1/1] (0.00ns)   --->   "%trunc_ln72_119 = partselect i32 @_ssdm_op_PartSelect.i32.i512.i32.i32, i512 %AB_block_8_2_load, i32 224, i32 255" [../MLP_baseline/mm.cpp:72]   --->   Operation 255 'partselect' 'trunc_ln72_119' <Predicate = (trunc_ln67 == 8)> <Delay = 0.00>
ST_3 : Operation 256 [1/1] (0.00ns)   --->   "%trunc_ln72_120 = partselect i32 @_ssdm_op_PartSelect.i32.i512.i32.i32, i512 %AB_block_9_2_load, i32 224, i32 255" [../MLP_baseline/mm.cpp:72]   --->   Operation 256 'partselect' 'trunc_ln72_120' <Predicate = (trunc_ln67 == 9)> <Delay = 0.00>
ST_3 : Operation 257 [1/1] (0.00ns)   --->   "%trunc_ln72_121 = partselect i32 @_ssdm_op_PartSelect.i32.i512.i32.i32, i512 %AB_block_10_2_load, i32 224, i32 255" [../MLP_baseline/mm.cpp:72]   --->   Operation 257 'partselect' 'trunc_ln72_121' <Predicate = (trunc_ln67 == 10)> <Delay = 0.00>
ST_3 : Operation 258 [1/1] (0.00ns)   --->   "%trunc_ln72_122 = partselect i32 @_ssdm_op_PartSelect.i32.i512.i32.i32, i512 %AB_block_11_2_load, i32 224, i32 255" [../MLP_baseline/mm.cpp:72]   --->   Operation 258 'partselect' 'trunc_ln72_122' <Predicate = (trunc_ln67 == 11)> <Delay = 0.00>
ST_3 : Operation 259 [1/1] (0.00ns)   --->   "%trunc_ln72_123 = partselect i32 @_ssdm_op_PartSelect.i32.i512.i32.i32, i512 %AB_block_12_2_load, i32 224, i32 255" [../MLP_baseline/mm.cpp:72]   --->   Operation 259 'partselect' 'trunc_ln72_123' <Predicate = (trunc_ln67 == 12)> <Delay = 0.00>
ST_3 : Operation 260 [1/1] (0.00ns)   --->   "%trunc_ln72_124 = partselect i32 @_ssdm_op_PartSelect.i32.i512.i32.i32, i512 %AB_block_13_2_load, i32 224, i32 255" [../MLP_baseline/mm.cpp:72]   --->   Operation 260 'partselect' 'trunc_ln72_124' <Predicate = (trunc_ln67 == 13)> <Delay = 0.00>
ST_3 : Operation 261 [1/1] (0.00ns)   --->   "%trunc_ln72_125 = partselect i32 @_ssdm_op_PartSelect.i32.i512.i32.i32, i512 %AB_block_14_2_load, i32 224, i32 255" [../MLP_baseline/mm.cpp:72]   --->   Operation 261 'partselect' 'trunc_ln72_125' <Predicate = (trunc_ln67 == 14)> <Delay = 0.00>
ST_3 : Operation 262 [1/1] (0.00ns)   --->   "%trunc_ln72_126 = partselect i32 @_ssdm_op_PartSelect.i32.i512.i32.i32, i512 %AB_block_15_2_load, i32 224, i32 255" [../MLP_baseline/mm.cpp:72]   --->   Operation 262 'partselect' 'trunc_ln72_126' <Predicate = (trunc_ln67 == 15)> <Delay = 0.00>
ST_3 : Operation 263 [1/1] (2.06ns)   --->   "%tmp_7 = sparsemux i32 @_ssdm_op_SparseMux.ap_auto.16i32.i32.i4, i4 0, i32 %trunc_ln72_111, i4 1, i32 %trunc_ln72_112, i4 2, i32 %trunc_ln72_113, i4 3, i32 %trunc_ln72_114, i4 4, i32 %trunc_ln72_115, i4 5, i32 %trunc_ln72_116, i4 6, i32 %trunc_ln72_117, i4 7, i32 %trunc_ln72_118, i4 8, i32 %trunc_ln72_119, i4 9, i32 %trunc_ln72_120, i4 10, i32 %trunc_ln72_121, i4 11, i32 %trunc_ln72_122, i4 12, i32 %trunc_ln72_123, i4 13, i32 %trunc_ln72_124, i4 14, i32 %trunc_ln72_125, i4 15, i32 %trunc_ln72_126, i32 0, i4 %trunc_ln67" [../MLP_baseline/mm.cpp:72]   --->   Operation 263 'sparsemux' 'tmp_7' <Predicate = true> <Delay = 2.06> <CoreInst = "BinarySparseMux_DontCare">   --->   Core 137 'BinarySparseMux_DontCare' <Latency = 0> <II = 1> <Delay = 2.06> <FuncUnit> <Opcode : 'sparsemux'> <InPorts = 2> <OutPorts = 1>
ST_3 : Operation 264 [1/1] (2.55ns)   --->   "%add_ln72_7 = add i32 %tmp_7, i32 %mul_ln72_7" [../MLP_baseline/mm.cpp:72]   --->   Operation 264 'add' 'add_ln72_7' <Predicate = true> <Delay = 2.55> <CoreInst = "Adder">   --->   Core 1 'Adder' <Latency = 0> <II = 1> <Delay = 2.55> <FuncUnit> <Opcode : 'add' 'sub'> <InPorts = 2> <OutPorts = 1>
ST_3 : Operation 265 [1/1] (0.00ns)   --->   "%trunc_ln72_127 = partselect i32 @_ssdm_op_PartSelect.i32.i512.i32.i32, i512 %AB_block_0_2_load, i32 256, i32 287" [../MLP_baseline/mm.cpp:72]   --->   Operation 265 'partselect' 'trunc_ln72_127' <Predicate = (trunc_ln67 == 0)> <Delay = 0.00>
ST_3 : Operation 266 [1/1] (0.00ns)   --->   "%trunc_ln72_128 = partselect i32 @_ssdm_op_PartSelect.i32.i512.i32.i32, i512 %AB_block_1_2_load, i32 256, i32 287" [../MLP_baseline/mm.cpp:72]   --->   Operation 266 'partselect' 'trunc_ln72_128' <Predicate = (trunc_ln67 == 1)> <Delay = 0.00>
ST_3 : Operation 267 [1/1] (0.00ns)   --->   "%trunc_ln72_129 = partselect i32 @_ssdm_op_PartSelect.i32.i512.i32.i32, i512 %AB_block_2_2_load, i32 256, i32 287" [../MLP_baseline/mm.cpp:72]   --->   Operation 267 'partselect' 'trunc_ln72_129' <Predicate = (trunc_ln67 == 2)> <Delay = 0.00>
ST_3 : Operation 268 [1/1] (0.00ns)   --->   "%trunc_ln72_130 = partselect i32 @_ssdm_op_PartSelect.i32.i512.i32.i32, i512 %AB_block_3_2_load, i32 256, i32 287" [../MLP_baseline/mm.cpp:72]   --->   Operation 268 'partselect' 'trunc_ln72_130' <Predicate = (trunc_ln67 == 3)> <Delay = 0.00>
ST_3 : Operation 269 [1/1] (0.00ns)   --->   "%trunc_ln72_131 = partselect i32 @_ssdm_op_PartSelect.i32.i512.i32.i32, i512 %AB_block_4_2_load, i32 256, i32 287" [../MLP_baseline/mm.cpp:72]   --->   Operation 269 'partselect' 'trunc_ln72_131' <Predicate = (trunc_ln67 == 4)> <Delay = 0.00>
ST_3 : Operation 270 [1/1] (0.00ns)   --->   "%trunc_ln72_132 = partselect i32 @_ssdm_op_PartSelect.i32.i512.i32.i32, i512 %AB_block_5_2_load, i32 256, i32 287" [../MLP_baseline/mm.cpp:72]   --->   Operation 270 'partselect' 'trunc_ln72_132' <Predicate = (trunc_ln67 == 5)> <Delay = 0.00>
ST_3 : Operation 271 [1/1] (0.00ns)   --->   "%trunc_ln72_133 = partselect i32 @_ssdm_op_PartSelect.i32.i512.i32.i32, i512 %AB_block_6_2_load, i32 256, i32 287" [../MLP_baseline/mm.cpp:72]   --->   Operation 271 'partselect' 'trunc_ln72_133' <Predicate = (trunc_ln67 == 6)> <Delay = 0.00>
ST_3 : Operation 272 [1/1] (0.00ns)   --->   "%trunc_ln72_134 = partselect i32 @_ssdm_op_PartSelect.i32.i512.i32.i32, i512 %AB_block_7_2_load, i32 256, i32 287" [../MLP_baseline/mm.cpp:72]   --->   Operation 272 'partselect' 'trunc_ln72_134' <Predicate = (trunc_ln67 == 7)> <Delay = 0.00>
ST_3 : Operation 273 [1/1] (0.00ns)   --->   "%trunc_ln72_135 = partselect i32 @_ssdm_op_PartSelect.i32.i512.i32.i32, i512 %AB_block_8_2_load, i32 256, i32 287" [../MLP_baseline/mm.cpp:72]   --->   Operation 273 'partselect' 'trunc_ln72_135' <Predicate = (trunc_ln67 == 8)> <Delay = 0.00>
ST_3 : Operation 274 [1/1] (0.00ns)   --->   "%trunc_ln72_136 = partselect i32 @_ssdm_op_PartSelect.i32.i512.i32.i32, i512 %AB_block_9_2_load, i32 256, i32 287" [../MLP_baseline/mm.cpp:72]   --->   Operation 274 'partselect' 'trunc_ln72_136' <Predicate = (trunc_ln67 == 9)> <Delay = 0.00>
ST_3 : Operation 275 [1/1] (0.00ns)   --->   "%trunc_ln72_137 = partselect i32 @_ssdm_op_PartSelect.i32.i512.i32.i32, i512 %AB_block_10_2_load, i32 256, i32 287" [../MLP_baseline/mm.cpp:72]   --->   Operation 275 'partselect' 'trunc_ln72_137' <Predicate = (trunc_ln67 == 10)> <Delay = 0.00>
ST_3 : Operation 276 [1/1] (0.00ns)   --->   "%trunc_ln72_138 = partselect i32 @_ssdm_op_PartSelect.i32.i512.i32.i32, i512 %AB_block_11_2_load, i32 256, i32 287" [../MLP_baseline/mm.cpp:72]   --->   Operation 276 'partselect' 'trunc_ln72_138' <Predicate = (trunc_ln67 == 11)> <Delay = 0.00>
ST_3 : Operation 277 [1/1] (0.00ns)   --->   "%trunc_ln72_139 = partselect i32 @_ssdm_op_PartSelect.i32.i512.i32.i32, i512 %AB_block_12_2_load, i32 256, i32 287" [../MLP_baseline/mm.cpp:72]   --->   Operation 277 'partselect' 'trunc_ln72_139' <Predicate = (trunc_ln67 == 12)> <Delay = 0.00>
ST_3 : Operation 278 [1/1] (0.00ns)   --->   "%trunc_ln72_140 = partselect i32 @_ssdm_op_PartSelect.i32.i512.i32.i32, i512 %AB_block_13_2_load, i32 256, i32 287" [../MLP_baseline/mm.cpp:72]   --->   Operation 278 'partselect' 'trunc_ln72_140' <Predicate = (trunc_ln67 == 13)> <Delay = 0.00>
ST_3 : Operation 279 [1/1] (0.00ns)   --->   "%trunc_ln72_141 = partselect i32 @_ssdm_op_PartSelect.i32.i512.i32.i32, i512 %AB_block_14_2_load, i32 256, i32 287" [../MLP_baseline/mm.cpp:72]   --->   Operation 279 'partselect' 'trunc_ln72_141' <Predicate = (trunc_ln67 == 14)> <Delay = 0.00>
ST_3 : Operation 280 [1/1] (0.00ns)   --->   "%trunc_ln72_142 = partselect i32 @_ssdm_op_PartSelect.i32.i512.i32.i32, i512 %AB_block_15_2_load, i32 256, i32 287" [../MLP_baseline/mm.cpp:72]   --->   Operation 280 'partselect' 'trunc_ln72_142' <Predicate = (trunc_ln67 == 15)> <Delay = 0.00>
ST_3 : Operation 281 [1/1] (2.06ns)   --->   "%tmp_8 = sparsemux i32 @_ssdm_op_SparseMux.ap_auto.16i32.i32.i4, i4 0, i32 %trunc_ln72_127, i4 1, i32 %trunc_ln72_128, i4 2, i32 %trunc_ln72_129, i4 3, i32 %trunc_ln72_130, i4 4, i32 %trunc_ln72_131, i4 5, i32 %trunc_ln72_132, i4 6, i32 %trunc_ln72_133, i4 7, i32 %trunc_ln72_134, i4 8, i32 %trunc_ln72_135, i4 9, i32 %trunc_ln72_136, i4 10, i32 %trunc_ln72_137, i4 11, i32 %trunc_ln72_138, i4 12, i32 %trunc_ln72_139, i4 13, i32 %trunc_ln72_140, i4 14, i32 %trunc_ln72_141, i4 15, i32 %trunc_ln72_142, i32 0, i4 %trunc_ln67" [../MLP_baseline/mm.cpp:72]   --->   Operation 281 'sparsemux' 'tmp_8' <Predicate = true> <Delay = 2.06> <CoreInst = "BinarySparseMux_DontCare">   --->   Core 137 'BinarySparseMux_DontCare' <Latency = 0> <II = 1> <Delay = 2.06> <FuncUnit> <Opcode : 'sparsemux'> <InPorts = 2> <OutPorts = 1>
ST_3 : Operation 282 [1/1] (2.55ns)   --->   "%add_ln72_8 = add i32 %tmp_8, i32 %mul_ln72_8" [../MLP_baseline/mm.cpp:72]   --->   Operation 282 'add' 'add_ln72_8' <Predicate = true> <Delay = 2.55> <CoreInst = "Adder">   --->   Core 1 'Adder' <Latency = 0> <II = 1> <Delay = 2.55> <FuncUnit> <Opcode : 'add' 'sub'> <InPorts = 2> <OutPorts = 1>
ST_3 : Operation 283 [1/1] (0.00ns)   --->   "%trunc_ln72_143 = partselect i32 @_ssdm_op_PartSelect.i32.i512.i32.i32, i512 %AB_block_0_2_load, i32 288, i32 319" [../MLP_baseline/mm.cpp:72]   --->   Operation 283 'partselect' 'trunc_ln72_143' <Predicate = (trunc_ln67 == 0)> <Delay = 0.00>
ST_3 : Operation 284 [1/1] (0.00ns)   --->   "%trunc_ln72_144 = partselect i32 @_ssdm_op_PartSelect.i32.i512.i32.i32, i512 %AB_block_1_2_load, i32 288, i32 319" [../MLP_baseline/mm.cpp:72]   --->   Operation 284 'partselect' 'trunc_ln72_144' <Predicate = (trunc_ln67 == 1)> <Delay = 0.00>
ST_3 : Operation 285 [1/1] (0.00ns)   --->   "%trunc_ln72_145 = partselect i32 @_ssdm_op_PartSelect.i32.i512.i32.i32, i512 %AB_block_2_2_load, i32 288, i32 319" [../MLP_baseline/mm.cpp:72]   --->   Operation 285 'partselect' 'trunc_ln72_145' <Predicate = (trunc_ln67 == 2)> <Delay = 0.00>
ST_3 : Operation 286 [1/1] (0.00ns)   --->   "%trunc_ln72_146 = partselect i32 @_ssdm_op_PartSelect.i32.i512.i32.i32, i512 %AB_block_3_2_load, i32 288, i32 319" [../MLP_baseline/mm.cpp:72]   --->   Operation 286 'partselect' 'trunc_ln72_146' <Predicate = (trunc_ln67 == 3)> <Delay = 0.00>
ST_3 : Operation 287 [1/1] (0.00ns)   --->   "%trunc_ln72_147 = partselect i32 @_ssdm_op_PartSelect.i32.i512.i32.i32, i512 %AB_block_4_2_load, i32 288, i32 319" [../MLP_baseline/mm.cpp:72]   --->   Operation 287 'partselect' 'trunc_ln72_147' <Predicate = (trunc_ln67 == 4)> <Delay = 0.00>
ST_3 : Operation 288 [1/1] (0.00ns)   --->   "%trunc_ln72_148 = partselect i32 @_ssdm_op_PartSelect.i32.i512.i32.i32, i512 %AB_block_5_2_load, i32 288, i32 319" [../MLP_baseline/mm.cpp:72]   --->   Operation 288 'partselect' 'trunc_ln72_148' <Predicate = (trunc_ln67 == 5)> <Delay = 0.00>
ST_3 : Operation 289 [1/1] (0.00ns)   --->   "%trunc_ln72_149 = partselect i32 @_ssdm_op_PartSelect.i32.i512.i32.i32, i512 %AB_block_6_2_load, i32 288, i32 319" [../MLP_baseline/mm.cpp:72]   --->   Operation 289 'partselect' 'trunc_ln72_149' <Predicate = (trunc_ln67 == 6)> <Delay = 0.00>
ST_3 : Operation 290 [1/1] (0.00ns)   --->   "%trunc_ln72_150 = partselect i32 @_ssdm_op_PartSelect.i32.i512.i32.i32, i512 %AB_block_7_2_load, i32 288, i32 319" [../MLP_baseline/mm.cpp:72]   --->   Operation 290 'partselect' 'trunc_ln72_150' <Predicate = (trunc_ln67 == 7)> <Delay = 0.00>
ST_3 : Operation 291 [1/1] (0.00ns)   --->   "%trunc_ln72_151 = partselect i32 @_ssdm_op_PartSelect.i32.i512.i32.i32, i512 %AB_block_8_2_load, i32 288, i32 319" [../MLP_baseline/mm.cpp:72]   --->   Operation 291 'partselect' 'trunc_ln72_151' <Predicate = (trunc_ln67 == 8)> <Delay = 0.00>
ST_3 : Operation 292 [1/1] (0.00ns)   --->   "%trunc_ln72_152 = partselect i32 @_ssdm_op_PartSelect.i32.i512.i32.i32, i512 %AB_block_9_2_load, i32 288, i32 319" [../MLP_baseline/mm.cpp:72]   --->   Operation 292 'partselect' 'trunc_ln72_152' <Predicate = (trunc_ln67 == 9)> <Delay = 0.00>
ST_3 : Operation 293 [1/1] (0.00ns)   --->   "%trunc_ln72_153 = partselect i32 @_ssdm_op_PartSelect.i32.i512.i32.i32, i512 %AB_block_10_2_load, i32 288, i32 319" [../MLP_baseline/mm.cpp:72]   --->   Operation 293 'partselect' 'trunc_ln72_153' <Predicate = (trunc_ln67 == 10)> <Delay = 0.00>
ST_3 : Operation 294 [1/1] (0.00ns)   --->   "%trunc_ln72_154 = partselect i32 @_ssdm_op_PartSelect.i32.i512.i32.i32, i512 %AB_block_11_2_load, i32 288, i32 319" [../MLP_baseline/mm.cpp:72]   --->   Operation 294 'partselect' 'trunc_ln72_154' <Predicate = (trunc_ln67 == 11)> <Delay = 0.00>
ST_3 : Operation 295 [1/1] (0.00ns)   --->   "%trunc_ln72_155 = partselect i32 @_ssdm_op_PartSelect.i32.i512.i32.i32, i512 %AB_block_12_2_load, i32 288, i32 319" [../MLP_baseline/mm.cpp:72]   --->   Operation 295 'partselect' 'trunc_ln72_155' <Predicate = (trunc_ln67 == 12)> <Delay = 0.00>
ST_3 : Operation 296 [1/1] (0.00ns)   --->   "%trunc_ln72_156 = partselect i32 @_ssdm_op_PartSelect.i32.i512.i32.i32, i512 %AB_block_13_2_load, i32 288, i32 319" [../MLP_baseline/mm.cpp:72]   --->   Operation 296 'partselect' 'trunc_ln72_156' <Predicate = (trunc_ln67 == 13)> <Delay = 0.00>
ST_3 : Operation 297 [1/1] (0.00ns)   --->   "%trunc_ln72_157 = partselect i32 @_ssdm_op_PartSelect.i32.i512.i32.i32, i512 %AB_block_14_2_load, i32 288, i32 319" [../MLP_baseline/mm.cpp:72]   --->   Operation 297 'partselect' 'trunc_ln72_157' <Predicate = (trunc_ln67 == 14)> <Delay = 0.00>
ST_3 : Operation 298 [1/1] (0.00ns)   --->   "%trunc_ln72_158 = partselect i32 @_ssdm_op_PartSelect.i32.i512.i32.i32, i512 %AB_block_15_2_load, i32 288, i32 319" [../MLP_baseline/mm.cpp:72]   --->   Operation 298 'partselect' 'trunc_ln72_158' <Predicate = (trunc_ln67 == 15)> <Delay = 0.00>
ST_3 : Operation 299 [1/1] (2.06ns)   --->   "%tmp_9 = sparsemux i32 @_ssdm_op_SparseMux.ap_auto.16i32.i32.i4, i4 0, i32 %trunc_ln72_143, i4 1, i32 %trunc_ln72_144, i4 2, i32 %trunc_ln72_145, i4 3, i32 %trunc_ln72_146, i4 4, i32 %trunc_ln72_147, i4 5, i32 %trunc_ln72_148, i4 6, i32 %trunc_ln72_149, i4 7, i32 %trunc_ln72_150, i4 8, i32 %trunc_ln72_151, i4 9, i32 %trunc_ln72_152, i4 10, i32 %trunc_ln72_153, i4 11, i32 %trunc_ln72_154, i4 12, i32 %trunc_ln72_155, i4 13, i32 %trunc_ln72_156, i4 14, i32 %trunc_ln72_157, i4 15, i32 %trunc_ln72_158, i32 0, i4 %trunc_ln67" [../MLP_baseline/mm.cpp:72]   --->   Operation 299 'sparsemux' 'tmp_9' <Predicate = true> <Delay = 2.06> <CoreInst = "BinarySparseMux_DontCare">   --->   Core 137 'BinarySparseMux_DontCare' <Latency = 0> <II = 1> <Delay = 2.06> <FuncUnit> <Opcode : 'sparsemux'> <InPorts = 2> <OutPorts = 1>
ST_3 : Operation 300 [1/1] (2.55ns)   --->   "%add_ln72_9 = add i32 %tmp_9, i32 %mul_ln72_9" [../MLP_baseline/mm.cpp:72]   --->   Operation 300 'add' 'add_ln72_9' <Predicate = true> <Delay = 2.55> <CoreInst = "Adder">   --->   Core 1 'Adder' <Latency = 0> <II = 1> <Delay = 2.55> <FuncUnit> <Opcode : 'add' 'sub'> <InPorts = 2> <OutPorts = 1>
ST_3 : Operation 301 [1/1] (0.00ns)   --->   "%trunc_ln72_159 = partselect i32 @_ssdm_op_PartSelect.i32.i512.i32.i32, i512 %AB_block_0_2_load, i32 320, i32 351" [../MLP_baseline/mm.cpp:72]   --->   Operation 301 'partselect' 'trunc_ln72_159' <Predicate = (trunc_ln67 == 0)> <Delay = 0.00>
ST_3 : Operation 302 [1/1] (0.00ns)   --->   "%trunc_ln72_160 = partselect i32 @_ssdm_op_PartSelect.i32.i512.i32.i32, i512 %AB_block_1_2_load, i32 320, i32 351" [../MLP_baseline/mm.cpp:72]   --->   Operation 302 'partselect' 'trunc_ln72_160' <Predicate = (trunc_ln67 == 1)> <Delay = 0.00>
ST_3 : Operation 303 [1/1] (0.00ns)   --->   "%trunc_ln72_161 = partselect i32 @_ssdm_op_PartSelect.i32.i512.i32.i32, i512 %AB_block_2_2_load, i32 320, i32 351" [../MLP_baseline/mm.cpp:72]   --->   Operation 303 'partselect' 'trunc_ln72_161' <Predicate = (trunc_ln67 == 2)> <Delay = 0.00>
ST_3 : Operation 304 [1/1] (0.00ns)   --->   "%trunc_ln72_162 = partselect i32 @_ssdm_op_PartSelect.i32.i512.i32.i32, i512 %AB_block_3_2_load, i32 320, i32 351" [../MLP_baseline/mm.cpp:72]   --->   Operation 304 'partselect' 'trunc_ln72_162' <Predicate = (trunc_ln67 == 3)> <Delay = 0.00>
ST_3 : Operation 305 [1/1] (0.00ns)   --->   "%trunc_ln72_163 = partselect i32 @_ssdm_op_PartSelect.i32.i512.i32.i32, i512 %AB_block_4_2_load, i32 320, i32 351" [../MLP_baseline/mm.cpp:72]   --->   Operation 305 'partselect' 'trunc_ln72_163' <Predicate = (trunc_ln67 == 4)> <Delay = 0.00>
ST_3 : Operation 306 [1/1] (0.00ns)   --->   "%trunc_ln72_164 = partselect i32 @_ssdm_op_PartSelect.i32.i512.i32.i32, i512 %AB_block_5_2_load, i32 320, i32 351" [../MLP_baseline/mm.cpp:72]   --->   Operation 306 'partselect' 'trunc_ln72_164' <Predicate = (trunc_ln67 == 5)> <Delay = 0.00>
ST_3 : Operation 307 [1/1] (0.00ns)   --->   "%trunc_ln72_165 = partselect i32 @_ssdm_op_PartSelect.i32.i512.i32.i32, i512 %AB_block_6_2_load, i32 320, i32 351" [../MLP_baseline/mm.cpp:72]   --->   Operation 307 'partselect' 'trunc_ln72_165' <Predicate = (trunc_ln67 == 6)> <Delay = 0.00>
ST_3 : Operation 308 [1/1] (0.00ns)   --->   "%trunc_ln72_166 = partselect i32 @_ssdm_op_PartSelect.i32.i512.i32.i32, i512 %AB_block_7_2_load, i32 320, i32 351" [../MLP_baseline/mm.cpp:72]   --->   Operation 308 'partselect' 'trunc_ln72_166' <Predicate = (trunc_ln67 == 7)> <Delay = 0.00>
ST_3 : Operation 309 [1/1] (0.00ns)   --->   "%trunc_ln72_167 = partselect i32 @_ssdm_op_PartSelect.i32.i512.i32.i32, i512 %AB_block_8_2_load, i32 320, i32 351" [../MLP_baseline/mm.cpp:72]   --->   Operation 309 'partselect' 'trunc_ln72_167' <Predicate = (trunc_ln67 == 8)> <Delay = 0.00>
ST_3 : Operation 310 [1/1] (0.00ns)   --->   "%trunc_ln72_168 = partselect i32 @_ssdm_op_PartSelect.i32.i512.i32.i32, i512 %AB_block_9_2_load, i32 320, i32 351" [../MLP_baseline/mm.cpp:72]   --->   Operation 310 'partselect' 'trunc_ln72_168' <Predicate = (trunc_ln67 == 9)> <Delay = 0.00>
ST_3 : Operation 311 [1/1] (0.00ns)   --->   "%trunc_ln72_169 = partselect i32 @_ssdm_op_PartSelect.i32.i512.i32.i32, i512 %AB_block_10_2_load, i32 320, i32 351" [../MLP_baseline/mm.cpp:72]   --->   Operation 311 'partselect' 'trunc_ln72_169' <Predicate = (trunc_ln67 == 10)> <Delay = 0.00>
ST_3 : Operation 312 [1/1] (0.00ns)   --->   "%trunc_ln72_170 = partselect i32 @_ssdm_op_PartSelect.i32.i512.i32.i32, i512 %AB_block_11_2_load, i32 320, i32 351" [../MLP_baseline/mm.cpp:72]   --->   Operation 312 'partselect' 'trunc_ln72_170' <Predicate = (trunc_ln67 == 11)> <Delay = 0.00>
ST_3 : Operation 313 [1/1] (0.00ns)   --->   "%trunc_ln72_171 = partselect i32 @_ssdm_op_PartSelect.i32.i512.i32.i32, i512 %AB_block_12_2_load, i32 320, i32 351" [../MLP_baseline/mm.cpp:72]   --->   Operation 313 'partselect' 'trunc_ln72_171' <Predicate = (trunc_ln67 == 12)> <Delay = 0.00>
ST_3 : Operation 314 [1/1] (0.00ns)   --->   "%trunc_ln72_172 = partselect i32 @_ssdm_op_PartSelect.i32.i512.i32.i32, i512 %AB_block_13_2_load, i32 320, i32 351" [../MLP_baseline/mm.cpp:72]   --->   Operation 314 'partselect' 'trunc_ln72_172' <Predicate = (trunc_ln67 == 13)> <Delay = 0.00>
ST_3 : Operation 315 [1/1] (0.00ns)   --->   "%trunc_ln72_173 = partselect i32 @_ssdm_op_PartSelect.i32.i512.i32.i32, i512 %AB_block_14_2_load, i32 320, i32 351" [../MLP_baseline/mm.cpp:72]   --->   Operation 315 'partselect' 'trunc_ln72_173' <Predicate = (trunc_ln67 == 14)> <Delay = 0.00>
ST_3 : Operation 316 [1/1] (0.00ns)   --->   "%trunc_ln72_174 = partselect i32 @_ssdm_op_PartSelect.i32.i512.i32.i32, i512 %AB_block_15_2_load, i32 320, i32 351" [../MLP_baseline/mm.cpp:72]   --->   Operation 316 'partselect' 'trunc_ln72_174' <Predicate = (trunc_ln67 == 15)> <Delay = 0.00>
ST_3 : Operation 317 [1/1] (2.06ns)   --->   "%tmp_10 = sparsemux i32 @_ssdm_op_SparseMux.ap_auto.16i32.i32.i4, i4 0, i32 %trunc_ln72_159, i4 1, i32 %trunc_ln72_160, i4 2, i32 %trunc_ln72_161, i4 3, i32 %trunc_ln72_162, i4 4, i32 %trunc_ln72_163, i4 5, i32 %trunc_ln72_164, i4 6, i32 %trunc_ln72_165, i4 7, i32 %trunc_ln72_166, i4 8, i32 %trunc_ln72_167, i4 9, i32 %trunc_ln72_168, i4 10, i32 %trunc_ln72_169, i4 11, i32 %trunc_ln72_170, i4 12, i32 %trunc_ln72_171, i4 13, i32 %trunc_ln72_172, i4 14, i32 %trunc_ln72_173, i4 15, i32 %trunc_ln72_174, i32 0, i4 %trunc_ln67" [../MLP_baseline/mm.cpp:72]   --->   Operation 317 'sparsemux' 'tmp_10' <Predicate = true> <Delay = 2.06> <CoreInst = "BinarySparseMux_DontCare">   --->   Core 137 'BinarySparseMux_DontCare' <Latency = 0> <II = 1> <Delay = 2.06> <FuncUnit> <Opcode : 'sparsemux'> <InPorts = 2> <OutPorts = 1>
ST_3 : Operation 318 [1/1] (2.55ns)   --->   "%add_ln72_10 = add i32 %tmp_10, i32 %mul_ln72_10" [../MLP_baseline/mm.cpp:72]   --->   Operation 318 'add' 'add_ln72_10' <Predicate = true> <Delay = 2.55> <CoreInst = "Adder">   --->   Core 1 'Adder' <Latency = 0> <II = 1> <Delay = 2.55> <FuncUnit> <Opcode : 'add' 'sub'> <InPorts = 2> <OutPorts = 1>
ST_3 : Operation 319 [1/1] (0.00ns)   --->   "%trunc_ln72_175 = partselect i32 @_ssdm_op_PartSelect.i32.i512.i32.i32, i512 %AB_block_0_2_load, i32 352, i32 383" [../MLP_baseline/mm.cpp:72]   --->   Operation 319 'partselect' 'trunc_ln72_175' <Predicate = (trunc_ln67 == 0)> <Delay = 0.00>
ST_3 : Operation 320 [1/1] (0.00ns)   --->   "%trunc_ln72_176 = partselect i32 @_ssdm_op_PartSelect.i32.i512.i32.i32, i512 %AB_block_1_2_load, i32 352, i32 383" [../MLP_baseline/mm.cpp:72]   --->   Operation 320 'partselect' 'trunc_ln72_176' <Predicate = (trunc_ln67 == 1)> <Delay = 0.00>
ST_3 : Operation 321 [1/1] (0.00ns)   --->   "%trunc_ln72_177 = partselect i32 @_ssdm_op_PartSelect.i32.i512.i32.i32, i512 %AB_block_2_2_load, i32 352, i32 383" [../MLP_baseline/mm.cpp:72]   --->   Operation 321 'partselect' 'trunc_ln72_177' <Predicate = (trunc_ln67 == 2)> <Delay = 0.00>
ST_3 : Operation 322 [1/1] (0.00ns)   --->   "%trunc_ln72_178 = partselect i32 @_ssdm_op_PartSelect.i32.i512.i32.i32, i512 %AB_block_3_2_load, i32 352, i32 383" [../MLP_baseline/mm.cpp:72]   --->   Operation 322 'partselect' 'trunc_ln72_178' <Predicate = (trunc_ln67 == 3)> <Delay = 0.00>
ST_3 : Operation 323 [1/1] (0.00ns)   --->   "%trunc_ln72_179 = partselect i32 @_ssdm_op_PartSelect.i32.i512.i32.i32, i512 %AB_block_4_2_load, i32 352, i32 383" [../MLP_baseline/mm.cpp:72]   --->   Operation 323 'partselect' 'trunc_ln72_179' <Predicate = (trunc_ln67 == 4)> <Delay = 0.00>
ST_3 : Operation 324 [1/1] (0.00ns)   --->   "%trunc_ln72_180 = partselect i32 @_ssdm_op_PartSelect.i32.i512.i32.i32, i512 %AB_block_5_2_load, i32 352, i32 383" [../MLP_baseline/mm.cpp:72]   --->   Operation 324 'partselect' 'trunc_ln72_180' <Predicate = (trunc_ln67 == 5)> <Delay = 0.00>
ST_3 : Operation 325 [1/1] (0.00ns)   --->   "%trunc_ln72_181 = partselect i32 @_ssdm_op_PartSelect.i32.i512.i32.i32, i512 %AB_block_6_2_load, i32 352, i32 383" [../MLP_baseline/mm.cpp:72]   --->   Operation 325 'partselect' 'trunc_ln72_181' <Predicate = (trunc_ln67 == 6)> <Delay = 0.00>
ST_3 : Operation 326 [1/1] (0.00ns)   --->   "%trunc_ln72_182 = partselect i32 @_ssdm_op_PartSelect.i32.i512.i32.i32, i512 %AB_block_7_2_load, i32 352, i32 383" [../MLP_baseline/mm.cpp:72]   --->   Operation 326 'partselect' 'trunc_ln72_182' <Predicate = (trunc_ln67 == 7)> <Delay = 0.00>
ST_3 : Operation 327 [1/1] (0.00ns)   --->   "%trunc_ln72_183 = partselect i32 @_ssdm_op_PartSelect.i32.i512.i32.i32, i512 %AB_block_8_2_load, i32 352, i32 383" [../MLP_baseline/mm.cpp:72]   --->   Operation 327 'partselect' 'trunc_ln72_183' <Predicate = (trunc_ln67 == 8)> <Delay = 0.00>
ST_3 : Operation 328 [1/1] (0.00ns)   --->   "%trunc_ln72_184 = partselect i32 @_ssdm_op_PartSelect.i32.i512.i32.i32, i512 %AB_block_9_2_load, i32 352, i32 383" [../MLP_baseline/mm.cpp:72]   --->   Operation 328 'partselect' 'trunc_ln72_184' <Predicate = (trunc_ln67 == 9)> <Delay = 0.00>
ST_3 : Operation 329 [1/1] (0.00ns)   --->   "%trunc_ln72_185 = partselect i32 @_ssdm_op_PartSelect.i32.i512.i32.i32, i512 %AB_block_10_2_load, i32 352, i32 383" [../MLP_baseline/mm.cpp:72]   --->   Operation 329 'partselect' 'trunc_ln72_185' <Predicate = (trunc_ln67 == 10)> <Delay = 0.00>
ST_3 : Operation 330 [1/1] (0.00ns)   --->   "%trunc_ln72_186 = partselect i32 @_ssdm_op_PartSelect.i32.i512.i32.i32, i512 %AB_block_11_2_load, i32 352, i32 383" [../MLP_baseline/mm.cpp:72]   --->   Operation 330 'partselect' 'trunc_ln72_186' <Predicate = (trunc_ln67 == 11)> <Delay = 0.00>
ST_3 : Operation 331 [1/1] (0.00ns)   --->   "%trunc_ln72_187 = partselect i32 @_ssdm_op_PartSelect.i32.i512.i32.i32, i512 %AB_block_12_2_load, i32 352, i32 383" [../MLP_baseline/mm.cpp:72]   --->   Operation 331 'partselect' 'trunc_ln72_187' <Predicate = (trunc_ln67 == 12)> <Delay = 0.00>
ST_3 : Operation 332 [1/1] (0.00ns)   --->   "%trunc_ln72_188 = partselect i32 @_ssdm_op_PartSelect.i32.i512.i32.i32, i512 %AB_block_13_2_load, i32 352, i32 383" [../MLP_baseline/mm.cpp:72]   --->   Operation 332 'partselect' 'trunc_ln72_188' <Predicate = (trunc_ln67 == 13)> <Delay = 0.00>
ST_3 : Operation 333 [1/1] (0.00ns)   --->   "%trunc_ln72_189 = partselect i32 @_ssdm_op_PartSelect.i32.i512.i32.i32, i512 %AB_block_14_2_load, i32 352, i32 383" [../MLP_baseline/mm.cpp:72]   --->   Operation 333 'partselect' 'trunc_ln72_189' <Predicate = (trunc_ln67 == 14)> <Delay = 0.00>
ST_3 : Operation 334 [1/1] (0.00ns)   --->   "%trunc_ln72_190 = partselect i32 @_ssdm_op_PartSelect.i32.i512.i32.i32, i512 %AB_block_15_2_load, i32 352, i32 383" [../MLP_baseline/mm.cpp:72]   --->   Operation 334 'partselect' 'trunc_ln72_190' <Predicate = (trunc_ln67 == 15)> <Delay = 0.00>
ST_3 : Operation 335 [1/1] (2.06ns)   --->   "%tmp_11 = sparsemux i32 @_ssdm_op_SparseMux.ap_auto.16i32.i32.i4, i4 0, i32 %trunc_ln72_175, i4 1, i32 %trunc_ln72_176, i4 2, i32 %trunc_ln72_177, i4 3, i32 %trunc_ln72_178, i4 4, i32 %trunc_ln72_179, i4 5, i32 %trunc_ln72_180, i4 6, i32 %trunc_ln72_181, i4 7, i32 %trunc_ln72_182, i4 8, i32 %trunc_ln72_183, i4 9, i32 %trunc_ln72_184, i4 10, i32 %trunc_ln72_185, i4 11, i32 %trunc_ln72_186, i4 12, i32 %trunc_ln72_187, i4 13, i32 %trunc_ln72_188, i4 14, i32 %trunc_ln72_189, i4 15, i32 %trunc_ln72_190, i32 0, i4 %trunc_ln67" [../MLP_baseline/mm.cpp:72]   --->   Operation 335 'sparsemux' 'tmp_11' <Predicate = true> <Delay = 2.06> <CoreInst = "BinarySparseMux_DontCare">   --->   Core 137 'BinarySparseMux_DontCare' <Latency = 0> <II = 1> <Delay = 2.06> <FuncUnit> <Opcode : 'sparsemux'> <InPorts = 2> <OutPorts = 1>
ST_3 : Operation 336 [1/1] (2.55ns)   --->   "%add_ln72_11 = add i32 %tmp_11, i32 %mul_ln72_11" [../MLP_baseline/mm.cpp:72]   --->   Operation 336 'add' 'add_ln72_11' <Predicate = true> <Delay = 2.55> <CoreInst = "Adder">   --->   Core 1 'Adder' <Latency = 0> <II = 1> <Delay = 2.55> <FuncUnit> <Opcode : 'add' 'sub'> <InPorts = 2> <OutPorts = 1>
ST_3 : Operation 337 [1/1] (0.00ns)   --->   "%trunc_ln72_191 = partselect i32 @_ssdm_op_PartSelect.i32.i512.i32.i32, i512 %AB_block_0_2_load, i32 384, i32 415" [../MLP_baseline/mm.cpp:72]   --->   Operation 337 'partselect' 'trunc_ln72_191' <Predicate = (trunc_ln67 == 0)> <Delay = 0.00>
ST_3 : Operation 338 [1/1] (0.00ns)   --->   "%trunc_ln72_192 = partselect i32 @_ssdm_op_PartSelect.i32.i512.i32.i32, i512 %AB_block_1_2_load, i32 384, i32 415" [../MLP_baseline/mm.cpp:72]   --->   Operation 338 'partselect' 'trunc_ln72_192' <Predicate = (trunc_ln67 == 1)> <Delay = 0.00>
ST_3 : Operation 339 [1/1] (0.00ns)   --->   "%trunc_ln72_193 = partselect i32 @_ssdm_op_PartSelect.i32.i512.i32.i32, i512 %AB_block_2_2_load, i32 384, i32 415" [../MLP_baseline/mm.cpp:72]   --->   Operation 339 'partselect' 'trunc_ln72_193' <Predicate = (trunc_ln67 == 2)> <Delay = 0.00>
ST_3 : Operation 340 [1/1] (0.00ns)   --->   "%trunc_ln72_194 = partselect i32 @_ssdm_op_PartSelect.i32.i512.i32.i32, i512 %AB_block_3_2_load, i32 384, i32 415" [../MLP_baseline/mm.cpp:72]   --->   Operation 340 'partselect' 'trunc_ln72_194' <Predicate = (trunc_ln67 == 3)> <Delay = 0.00>
ST_3 : Operation 341 [1/1] (0.00ns)   --->   "%trunc_ln72_195 = partselect i32 @_ssdm_op_PartSelect.i32.i512.i32.i32, i512 %AB_block_4_2_load, i32 384, i32 415" [../MLP_baseline/mm.cpp:72]   --->   Operation 341 'partselect' 'trunc_ln72_195' <Predicate = (trunc_ln67 == 4)> <Delay = 0.00>
ST_3 : Operation 342 [1/1] (0.00ns)   --->   "%trunc_ln72_196 = partselect i32 @_ssdm_op_PartSelect.i32.i512.i32.i32, i512 %AB_block_5_2_load, i32 384, i32 415" [../MLP_baseline/mm.cpp:72]   --->   Operation 342 'partselect' 'trunc_ln72_196' <Predicate = (trunc_ln67 == 5)> <Delay = 0.00>
ST_3 : Operation 343 [1/1] (0.00ns)   --->   "%trunc_ln72_197 = partselect i32 @_ssdm_op_PartSelect.i32.i512.i32.i32, i512 %AB_block_6_2_load, i32 384, i32 415" [../MLP_baseline/mm.cpp:72]   --->   Operation 343 'partselect' 'trunc_ln72_197' <Predicate = (trunc_ln67 == 6)> <Delay = 0.00>
ST_3 : Operation 344 [1/1] (0.00ns)   --->   "%trunc_ln72_198 = partselect i32 @_ssdm_op_PartSelect.i32.i512.i32.i32, i512 %AB_block_7_2_load, i32 384, i32 415" [../MLP_baseline/mm.cpp:72]   --->   Operation 344 'partselect' 'trunc_ln72_198' <Predicate = (trunc_ln67 == 7)> <Delay = 0.00>
ST_3 : Operation 345 [1/1] (0.00ns)   --->   "%trunc_ln72_199 = partselect i32 @_ssdm_op_PartSelect.i32.i512.i32.i32, i512 %AB_block_8_2_load, i32 384, i32 415" [../MLP_baseline/mm.cpp:72]   --->   Operation 345 'partselect' 'trunc_ln72_199' <Predicate = (trunc_ln67 == 8)> <Delay = 0.00>
ST_3 : Operation 346 [1/1] (0.00ns)   --->   "%trunc_ln72_200 = partselect i32 @_ssdm_op_PartSelect.i32.i512.i32.i32, i512 %AB_block_9_2_load, i32 384, i32 415" [../MLP_baseline/mm.cpp:72]   --->   Operation 346 'partselect' 'trunc_ln72_200' <Predicate = (trunc_ln67 == 9)> <Delay = 0.00>
ST_3 : Operation 347 [1/1] (0.00ns)   --->   "%trunc_ln72_201 = partselect i32 @_ssdm_op_PartSelect.i32.i512.i32.i32, i512 %AB_block_10_2_load, i32 384, i32 415" [../MLP_baseline/mm.cpp:72]   --->   Operation 347 'partselect' 'trunc_ln72_201' <Predicate = (trunc_ln67 == 10)> <Delay = 0.00>
ST_3 : Operation 348 [1/1] (0.00ns)   --->   "%trunc_ln72_202 = partselect i32 @_ssdm_op_PartSelect.i32.i512.i32.i32, i512 %AB_block_11_2_load, i32 384, i32 415" [../MLP_baseline/mm.cpp:72]   --->   Operation 348 'partselect' 'trunc_ln72_202' <Predicate = (trunc_ln67 == 11)> <Delay = 0.00>
ST_3 : Operation 349 [1/1] (0.00ns)   --->   "%trunc_ln72_203 = partselect i32 @_ssdm_op_PartSelect.i32.i512.i32.i32, i512 %AB_block_12_2_load, i32 384, i32 415" [../MLP_baseline/mm.cpp:72]   --->   Operation 349 'partselect' 'trunc_ln72_203' <Predicate = (trunc_ln67 == 12)> <Delay = 0.00>
ST_3 : Operation 350 [1/1] (0.00ns)   --->   "%trunc_ln72_204 = partselect i32 @_ssdm_op_PartSelect.i32.i512.i32.i32, i512 %AB_block_13_2_load, i32 384, i32 415" [../MLP_baseline/mm.cpp:72]   --->   Operation 350 'partselect' 'trunc_ln72_204' <Predicate = (trunc_ln67 == 13)> <Delay = 0.00>
ST_3 : Operation 351 [1/1] (0.00ns)   --->   "%trunc_ln72_205 = partselect i32 @_ssdm_op_PartSelect.i32.i512.i32.i32, i512 %AB_block_14_2_load, i32 384, i32 415" [../MLP_baseline/mm.cpp:72]   --->   Operation 351 'partselect' 'trunc_ln72_205' <Predicate = (trunc_ln67 == 14)> <Delay = 0.00>
ST_3 : Operation 352 [1/1] (0.00ns)   --->   "%trunc_ln72_206 = partselect i32 @_ssdm_op_PartSelect.i32.i512.i32.i32, i512 %AB_block_15_2_load, i32 384, i32 415" [../MLP_baseline/mm.cpp:72]   --->   Operation 352 'partselect' 'trunc_ln72_206' <Predicate = (trunc_ln67 == 15)> <Delay = 0.00>
ST_3 : Operation 353 [1/1] (2.06ns)   --->   "%tmp_12 = sparsemux i32 @_ssdm_op_SparseMux.ap_auto.16i32.i32.i4, i4 0, i32 %trunc_ln72_191, i4 1, i32 %trunc_ln72_192, i4 2, i32 %trunc_ln72_193, i4 3, i32 %trunc_ln72_194, i4 4, i32 %trunc_ln72_195, i4 5, i32 %trunc_ln72_196, i4 6, i32 %trunc_ln72_197, i4 7, i32 %trunc_ln72_198, i4 8, i32 %trunc_ln72_199, i4 9, i32 %trunc_ln72_200, i4 10, i32 %trunc_ln72_201, i4 11, i32 %trunc_ln72_202, i4 12, i32 %trunc_ln72_203, i4 13, i32 %trunc_ln72_204, i4 14, i32 %trunc_ln72_205, i4 15, i32 %trunc_ln72_206, i32 0, i4 %trunc_ln67" [../MLP_baseline/mm.cpp:72]   --->   Operation 353 'sparsemux' 'tmp_12' <Predicate = true> <Delay = 2.06> <CoreInst = "BinarySparseMux_DontCare">   --->   Core 137 'BinarySparseMux_DontCare' <Latency = 0> <II = 1> <Delay = 2.06> <FuncUnit> <Opcode : 'sparsemux'> <InPorts = 2> <OutPorts = 1>
ST_3 : Operation 354 [1/1] (2.55ns)   --->   "%add_ln72_12 = add i32 %tmp_12, i32 %mul_ln72_12" [../MLP_baseline/mm.cpp:72]   --->   Operation 354 'add' 'add_ln72_12' <Predicate = true> <Delay = 2.55> <CoreInst = "Adder">   --->   Core 1 'Adder' <Latency = 0> <II = 1> <Delay = 2.55> <FuncUnit> <Opcode : 'add' 'sub'> <InPorts = 2> <OutPorts = 1>
ST_3 : Operation 355 [1/1] (0.00ns)   --->   "%trunc_ln72_207 = partselect i32 @_ssdm_op_PartSelect.i32.i512.i32.i32, i512 %AB_block_0_2_load, i32 416, i32 447" [../MLP_baseline/mm.cpp:72]   --->   Operation 355 'partselect' 'trunc_ln72_207' <Predicate = (trunc_ln67 == 0)> <Delay = 0.00>
ST_3 : Operation 356 [1/1] (0.00ns)   --->   "%trunc_ln72_208 = partselect i32 @_ssdm_op_PartSelect.i32.i512.i32.i32, i512 %AB_block_1_2_load, i32 416, i32 447" [../MLP_baseline/mm.cpp:72]   --->   Operation 356 'partselect' 'trunc_ln72_208' <Predicate = (trunc_ln67 == 1)> <Delay = 0.00>
ST_3 : Operation 357 [1/1] (0.00ns)   --->   "%trunc_ln72_209 = partselect i32 @_ssdm_op_PartSelect.i32.i512.i32.i32, i512 %AB_block_2_2_load, i32 416, i32 447" [../MLP_baseline/mm.cpp:72]   --->   Operation 357 'partselect' 'trunc_ln72_209' <Predicate = (trunc_ln67 == 2)> <Delay = 0.00>
ST_3 : Operation 358 [1/1] (0.00ns)   --->   "%trunc_ln72_210 = partselect i32 @_ssdm_op_PartSelect.i32.i512.i32.i32, i512 %AB_block_3_2_load, i32 416, i32 447" [../MLP_baseline/mm.cpp:72]   --->   Operation 358 'partselect' 'trunc_ln72_210' <Predicate = (trunc_ln67 == 3)> <Delay = 0.00>
ST_3 : Operation 359 [1/1] (0.00ns)   --->   "%trunc_ln72_211 = partselect i32 @_ssdm_op_PartSelect.i32.i512.i32.i32, i512 %AB_block_4_2_load, i32 416, i32 447" [../MLP_baseline/mm.cpp:72]   --->   Operation 359 'partselect' 'trunc_ln72_211' <Predicate = (trunc_ln67 == 4)> <Delay = 0.00>
ST_3 : Operation 360 [1/1] (0.00ns)   --->   "%trunc_ln72_212 = partselect i32 @_ssdm_op_PartSelect.i32.i512.i32.i32, i512 %AB_block_5_2_load, i32 416, i32 447" [../MLP_baseline/mm.cpp:72]   --->   Operation 360 'partselect' 'trunc_ln72_212' <Predicate = (trunc_ln67 == 5)> <Delay = 0.00>
ST_3 : Operation 361 [1/1] (0.00ns)   --->   "%trunc_ln72_213 = partselect i32 @_ssdm_op_PartSelect.i32.i512.i32.i32, i512 %AB_block_6_2_load, i32 416, i32 447" [../MLP_baseline/mm.cpp:72]   --->   Operation 361 'partselect' 'trunc_ln72_213' <Predicate = (trunc_ln67 == 6)> <Delay = 0.00>
ST_3 : Operation 362 [1/1] (0.00ns)   --->   "%trunc_ln72_214 = partselect i32 @_ssdm_op_PartSelect.i32.i512.i32.i32, i512 %AB_block_7_2_load, i32 416, i32 447" [../MLP_baseline/mm.cpp:72]   --->   Operation 362 'partselect' 'trunc_ln72_214' <Predicate = (trunc_ln67 == 7)> <Delay = 0.00>
ST_3 : Operation 363 [1/1] (0.00ns)   --->   "%trunc_ln72_215 = partselect i32 @_ssdm_op_PartSelect.i32.i512.i32.i32, i512 %AB_block_8_2_load, i32 416, i32 447" [../MLP_baseline/mm.cpp:72]   --->   Operation 363 'partselect' 'trunc_ln72_215' <Predicate = (trunc_ln67 == 8)> <Delay = 0.00>
ST_3 : Operation 364 [1/1] (0.00ns)   --->   "%trunc_ln72_216 = partselect i32 @_ssdm_op_PartSelect.i32.i512.i32.i32, i512 %AB_block_9_2_load, i32 416, i32 447" [../MLP_baseline/mm.cpp:72]   --->   Operation 364 'partselect' 'trunc_ln72_216' <Predicate = (trunc_ln67 == 9)> <Delay = 0.00>
ST_3 : Operation 365 [1/1] (0.00ns)   --->   "%trunc_ln72_217 = partselect i32 @_ssdm_op_PartSelect.i32.i512.i32.i32, i512 %AB_block_10_2_load, i32 416, i32 447" [../MLP_baseline/mm.cpp:72]   --->   Operation 365 'partselect' 'trunc_ln72_217' <Predicate = (trunc_ln67 == 10)> <Delay = 0.00>
ST_3 : Operation 366 [1/1] (0.00ns)   --->   "%trunc_ln72_218 = partselect i32 @_ssdm_op_PartSelect.i32.i512.i32.i32, i512 %AB_block_11_2_load, i32 416, i32 447" [../MLP_baseline/mm.cpp:72]   --->   Operation 366 'partselect' 'trunc_ln72_218' <Predicate = (trunc_ln67 == 11)> <Delay = 0.00>
ST_3 : Operation 367 [1/1] (0.00ns)   --->   "%trunc_ln72_219 = partselect i32 @_ssdm_op_PartSelect.i32.i512.i32.i32, i512 %AB_block_12_2_load, i32 416, i32 447" [../MLP_baseline/mm.cpp:72]   --->   Operation 367 'partselect' 'trunc_ln72_219' <Predicate = (trunc_ln67 == 12)> <Delay = 0.00>
ST_3 : Operation 368 [1/1] (0.00ns)   --->   "%trunc_ln72_220 = partselect i32 @_ssdm_op_PartSelect.i32.i512.i32.i32, i512 %AB_block_13_2_load, i32 416, i32 447" [../MLP_baseline/mm.cpp:72]   --->   Operation 368 'partselect' 'trunc_ln72_220' <Predicate = (trunc_ln67 == 13)> <Delay = 0.00>
ST_3 : Operation 369 [1/1] (0.00ns)   --->   "%trunc_ln72_221 = partselect i32 @_ssdm_op_PartSelect.i32.i512.i32.i32, i512 %AB_block_14_2_load, i32 416, i32 447" [../MLP_baseline/mm.cpp:72]   --->   Operation 369 'partselect' 'trunc_ln72_221' <Predicate = (trunc_ln67 == 14)> <Delay = 0.00>
ST_3 : Operation 370 [1/1] (0.00ns)   --->   "%trunc_ln72_222 = partselect i32 @_ssdm_op_PartSelect.i32.i512.i32.i32, i512 %AB_block_15_2_load, i32 416, i32 447" [../MLP_baseline/mm.cpp:72]   --->   Operation 370 'partselect' 'trunc_ln72_222' <Predicate = (trunc_ln67 == 15)> <Delay = 0.00>
ST_3 : Operation 371 [1/1] (2.06ns)   --->   "%tmp_13 = sparsemux i32 @_ssdm_op_SparseMux.ap_auto.16i32.i32.i4, i4 0, i32 %trunc_ln72_207, i4 1, i32 %trunc_ln72_208, i4 2, i32 %trunc_ln72_209, i4 3, i32 %trunc_ln72_210, i4 4, i32 %trunc_ln72_211, i4 5, i32 %trunc_ln72_212, i4 6, i32 %trunc_ln72_213, i4 7, i32 %trunc_ln72_214, i4 8, i32 %trunc_ln72_215, i4 9, i32 %trunc_ln72_216, i4 10, i32 %trunc_ln72_217, i4 11, i32 %trunc_ln72_218, i4 12, i32 %trunc_ln72_219, i4 13, i32 %trunc_ln72_220, i4 14, i32 %trunc_ln72_221, i4 15, i32 %trunc_ln72_222, i32 0, i4 %trunc_ln67" [../MLP_baseline/mm.cpp:72]   --->   Operation 371 'sparsemux' 'tmp_13' <Predicate = true> <Delay = 2.06> <CoreInst = "BinarySparseMux_DontCare">   --->   Core 137 'BinarySparseMux_DontCare' <Latency = 0> <II = 1> <Delay = 2.06> <FuncUnit> <Opcode : 'sparsemux'> <InPorts = 2> <OutPorts = 1>
ST_3 : Operation 372 [1/1] (2.55ns)   --->   "%add_ln72_13 = add i32 %tmp_13, i32 %mul_ln72_13" [../MLP_baseline/mm.cpp:72]   --->   Operation 372 'add' 'add_ln72_13' <Predicate = true> <Delay = 2.55> <CoreInst = "Adder">   --->   Core 1 'Adder' <Latency = 0> <II = 1> <Delay = 2.55> <FuncUnit> <Opcode : 'add' 'sub'> <InPorts = 2> <OutPorts = 1>
ST_3 : Operation 373 [1/1] (0.00ns)   --->   "%trunc_ln72_223 = partselect i32 @_ssdm_op_PartSelect.i32.i512.i32.i32, i512 %AB_block_0_2_load, i32 448, i32 479" [../MLP_baseline/mm.cpp:72]   --->   Operation 373 'partselect' 'trunc_ln72_223' <Predicate = (trunc_ln67 == 0)> <Delay = 0.00>
ST_3 : Operation 374 [1/1] (0.00ns)   --->   "%trunc_ln72_224 = partselect i32 @_ssdm_op_PartSelect.i32.i512.i32.i32, i512 %AB_block_1_2_load, i32 448, i32 479" [../MLP_baseline/mm.cpp:72]   --->   Operation 374 'partselect' 'trunc_ln72_224' <Predicate = (trunc_ln67 == 1)> <Delay = 0.00>
ST_3 : Operation 375 [1/1] (0.00ns)   --->   "%trunc_ln72_225 = partselect i32 @_ssdm_op_PartSelect.i32.i512.i32.i32, i512 %AB_block_2_2_load, i32 448, i32 479" [../MLP_baseline/mm.cpp:72]   --->   Operation 375 'partselect' 'trunc_ln72_225' <Predicate = (trunc_ln67 == 2)> <Delay = 0.00>
ST_3 : Operation 376 [1/1] (0.00ns)   --->   "%trunc_ln72_226 = partselect i32 @_ssdm_op_PartSelect.i32.i512.i32.i32, i512 %AB_block_3_2_load, i32 448, i32 479" [../MLP_baseline/mm.cpp:72]   --->   Operation 376 'partselect' 'trunc_ln72_226' <Predicate = (trunc_ln67 == 3)> <Delay = 0.00>
ST_3 : Operation 377 [1/1] (0.00ns)   --->   "%trunc_ln72_227 = partselect i32 @_ssdm_op_PartSelect.i32.i512.i32.i32, i512 %AB_block_4_2_load, i32 448, i32 479" [../MLP_baseline/mm.cpp:72]   --->   Operation 377 'partselect' 'trunc_ln72_227' <Predicate = (trunc_ln67 == 4)> <Delay = 0.00>
ST_3 : Operation 378 [1/1] (0.00ns)   --->   "%trunc_ln72_228 = partselect i32 @_ssdm_op_PartSelect.i32.i512.i32.i32, i512 %AB_block_5_2_load, i32 448, i32 479" [../MLP_baseline/mm.cpp:72]   --->   Operation 378 'partselect' 'trunc_ln72_228' <Predicate = (trunc_ln67 == 5)> <Delay = 0.00>
ST_3 : Operation 379 [1/1] (0.00ns)   --->   "%trunc_ln72_229 = partselect i32 @_ssdm_op_PartSelect.i32.i512.i32.i32, i512 %AB_block_6_2_load, i32 448, i32 479" [../MLP_baseline/mm.cpp:72]   --->   Operation 379 'partselect' 'trunc_ln72_229' <Predicate = (trunc_ln67 == 6)> <Delay = 0.00>
ST_3 : Operation 380 [1/1] (0.00ns)   --->   "%trunc_ln72_230 = partselect i32 @_ssdm_op_PartSelect.i32.i512.i32.i32, i512 %AB_block_7_2_load, i32 448, i32 479" [../MLP_baseline/mm.cpp:72]   --->   Operation 380 'partselect' 'trunc_ln72_230' <Predicate = (trunc_ln67 == 7)> <Delay = 0.00>
ST_3 : Operation 381 [1/1] (0.00ns)   --->   "%trunc_ln72_231 = partselect i32 @_ssdm_op_PartSelect.i32.i512.i32.i32, i512 %AB_block_8_2_load, i32 448, i32 479" [../MLP_baseline/mm.cpp:72]   --->   Operation 381 'partselect' 'trunc_ln72_231' <Predicate = (trunc_ln67 == 8)> <Delay = 0.00>
ST_3 : Operation 382 [1/1] (0.00ns)   --->   "%trunc_ln72_232 = partselect i32 @_ssdm_op_PartSelect.i32.i512.i32.i32, i512 %AB_block_9_2_load, i32 448, i32 479" [../MLP_baseline/mm.cpp:72]   --->   Operation 382 'partselect' 'trunc_ln72_232' <Predicate = (trunc_ln67 == 9)> <Delay = 0.00>
ST_3 : Operation 383 [1/1] (0.00ns)   --->   "%trunc_ln72_233 = partselect i32 @_ssdm_op_PartSelect.i32.i512.i32.i32, i512 %AB_block_10_2_load, i32 448, i32 479" [../MLP_baseline/mm.cpp:72]   --->   Operation 383 'partselect' 'trunc_ln72_233' <Predicate = (trunc_ln67 == 10)> <Delay = 0.00>
ST_3 : Operation 384 [1/1] (0.00ns)   --->   "%trunc_ln72_234 = partselect i32 @_ssdm_op_PartSelect.i32.i512.i32.i32, i512 %AB_block_11_2_load, i32 448, i32 479" [../MLP_baseline/mm.cpp:72]   --->   Operation 384 'partselect' 'trunc_ln72_234' <Predicate = (trunc_ln67 == 11)> <Delay = 0.00>
ST_3 : Operation 385 [1/1] (0.00ns)   --->   "%trunc_ln72_235 = partselect i32 @_ssdm_op_PartSelect.i32.i512.i32.i32, i512 %AB_block_12_2_load, i32 448, i32 479" [../MLP_baseline/mm.cpp:72]   --->   Operation 385 'partselect' 'trunc_ln72_235' <Predicate = (trunc_ln67 == 12)> <Delay = 0.00>
ST_3 : Operation 386 [1/1] (0.00ns)   --->   "%trunc_ln72_236 = partselect i32 @_ssdm_op_PartSelect.i32.i512.i32.i32, i512 %AB_block_13_2_load, i32 448, i32 479" [../MLP_baseline/mm.cpp:72]   --->   Operation 386 'partselect' 'trunc_ln72_236' <Predicate = (trunc_ln67 == 13)> <Delay = 0.00>
ST_3 : Operation 387 [1/1] (0.00ns)   --->   "%trunc_ln72_237 = partselect i32 @_ssdm_op_PartSelect.i32.i512.i32.i32, i512 %AB_block_14_2_load, i32 448, i32 479" [../MLP_baseline/mm.cpp:72]   --->   Operation 387 'partselect' 'trunc_ln72_237' <Predicate = (trunc_ln67 == 14)> <Delay = 0.00>
ST_3 : Operation 388 [1/1] (0.00ns)   --->   "%trunc_ln72_238 = partselect i32 @_ssdm_op_PartSelect.i32.i512.i32.i32, i512 %AB_block_15_2_load, i32 448, i32 479" [../MLP_baseline/mm.cpp:72]   --->   Operation 388 'partselect' 'trunc_ln72_238' <Predicate = (trunc_ln67 == 15)> <Delay = 0.00>
ST_3 : Operation 389 [1/1] (2.06ns)   --->   "%tmp_14 = sparsemux i32 @_ssdm_op_SparseMux.ap_auto.16i32.i32.i4, i4 0, i32 %trunc_ln72_223, i4 1, i32 %trunc_ln72_224, i4 2, i32 %trunc_ln72_225, i4 3, i32 %trunc_ln72_226, i4 4, i32 %trunc_ln72_227, i4 5, i32 %trunc_ln72_228, i4 6, i32 %trunc_ln72_229, i4 7, i32 %trunc_ln72_230, i4 8, i32 %trunc_ln72_231, i4 9, i32 %trunc_ln72_232, i4 10, i32 %trunc_ln72_233, i4 11, i32 %trunc_ln72_234, i4 12, i32 %trunc_ln72_235, i4 13, i32 %trunc_ln72_236, i4 14, i32 %trunc_ln72_237, i4 15, i32 %trunc_ln72_238, i32 0, i4 %trunc_ln67" [../MLP_baseline/mm.cpp:72]   --->   Operation 389 'sparsemux' 'tmp_14' <Predicate = true> <Delay = 2.06> <CoreInst = "BinarySparseMux_DontCare">   --->   Core 137 'BinarySparseMux_DontCare' <Latency = 0> <II = 1> <Delay = 2.06> <FuncUnit> <Opcode : 'sparsemux'> <InPorts = 2> <OutPorts = 1>
ST_3 : Operation 390 [1/1] (2.55ns)   --->   "%add_ln72_14 = add i32 %tmp_14, i32 %mul_ln72_14" [../MLP_baseline/mm.cpp:72]   --->   Operation 390 'add' 'add_ln72_14' <Predicate = true> <Delay = 2.55> <CoreInst = "Adder">   --->   Core 1 'Adder' <Latency = 0> <II = 1> <Delay = 2.55> <FuncUnit> <Opcode : 'add' 'sub'> <InPorts = 2> <OutPorts = 1>
ST_3 : Operation 391 [1/1] (0.00ns)   --->   "%trunc_ln72_239 = partselect i32 @_ssdm_op_PartSelect.i32.i512.i32.i32, i512 %AB_block_0_2_load, i32 480, i32 511" [../MLP_baseline/mm.cpp:72]   --->   Operation 391 'partselect' 'trunc_ln72_239' <Predicate = (trunc_ln67 == 0)> <Delay = 0.00>
ST_3 : Operation 392 [1/1] (0.00ns)   --->   "%trunc_ln72_240 = partselect i32 @_ssdm_op_PartSelect.i32.i512.i32.i32, i512 %AB_block_1_2_load, i32 480, i32 511" [../MLP_baseline/mm.cpp:72]   --->   Operation 392 'partselect' 'trunc_ln72_240' <Predicate = (trunc_ln67 == 1)> <Delay = 0.00>
ST_3 : Operation 393 [1/1] (0.00ns)   --->   "%trunc_ln72_241 = partselect i32 @_ssdm_op_PartSelect.i32.i512.i32.i32, i512 %AB_block_2_2_load, i32 480, i32 511" [../MLP_baseline/mm.cpp:72]   --->   Operation 393 'partselect' 'trunc_ln72_241' <Predicate = (trunc_ln67 == 2)> <Delay = 0.00>
ST_3 : Operation 394 [1/1] (0.00ns)   --->   "%trunc_ln72_242 = partselect i32 @_ssdm_op_PartSelect.i32.i512.i32.i32, i512 %AB_block_3_2_load, i32 480, i32 511" [../MLP_baseline/mm.cpp:72]   --->   Operation 394 'partselect' 'trunc_ln72_242' <Predicate = (trunc_ln67 == 3)> <Delay = 0.00>
ST_3 : Operation 395 [1/1] (0.00ns)   --->   "%trunc_ln72_243 = partselect i32 @_ssdm_op_PartSelect.i32.i512.i32.i32, i512 %AB_block_4_2_load, i32 480, i32 511" [../MLP_baseline/mm.cpp:72]   --->   Operation 395 'partselect' 'trunc_ln72_243' <Predicate = (trunc_ln67 == 4)> <Delay = 0.00>
ST_3 : Operation 396 [1/1] (0.00ns)   --->   "%trunc_ln72_244 = partselect i32 @_ssdm_op_PartSelect.i32.i512.i32.i32, i512 %AB_block_5_2_load, i32 480, i32 511" [../MLP_baseline/mm.cpp:72]   --->   Operation 396 'partselect' 'trunc_ln72_244' <Predicate = (trunc_ln67 == 5)> <Delay = 0.00>
ST_3 : Operation 397 [1/1] (0.00ns)   --->   "%trunc_ln72_245 = partselect i32 @_ssdm_op_PartSelect.i32.i512.i32.i32, i512 %AB_block_6_2_load, i32 480, i32 511" [../MLP_baseline/mm.cpp:72]   --->   Operation 397 'partselect' 'trunc_ln72_245' <Predicate = (trunc_ln67 == 6)> <Delay = 0.00>
ST_3 : Operation 398 [1/1] (0.00ns)   --->   "%trunc_ln72_246 = partselect i32 @_ssdm_op_PartSelect.i32.i512.i32.i32, i512 %AB_block_7_2_load, i32 480, i32 511" [../MLP_baseline/mm.cpp:72]   --->   Operation 398 'partselect' 'trunc_ln72_246' <Predicate = (trunc_ln67 == 7)> <Delay = 0.00>
ST_3 : Operation 399 [1/1] (0.00ns)   --->   "%trunc_ln72_247 = partselect i32 @_ssdm_op_PartSelect.i32.i512.i32.i32, i512 %AB_block_8_2_load, i32 480, i32 511" [../MLP_baseline/mm.cpp:72]   --->   Operation 399 'partselect' 'trunc_ln72_247' <Predicate = (trunc_ln67 == 8)> <Delay = 0.00>
ST_3 : Operation 400 [1/1] (0.00ns)   --->   "%trunc_ln72_248 = partselect i32 @_ssdm_op_PartSelect.i32.i512.i32.i32, i512 %AB_block_9_2_load, i32 480, i32 511" [../MLP_baseline/mm.cpp:72]   --->   Operation 400 'partselect' 'trunc_ln72_248' <Predicate = (trunc_ln67 == 9)> <Delay = 0.00>
ST_3 : Operation 401 [1/1] (0.00ns)   --->   "%trunc_ln72_249 = partselect i32 @_ssdm_op_PartSelect.i32.i512.i32.i32, i512 %AB_block_10_2_load, i32 480, i32 511" [../MLP_baseline/mm.cpp:72]   --->   Operation 401 'partselect' 'trunc_ln72_249' <Predicate = (trunc_ln67 == 10)> <Delay = 0.00>
ST_3 : Operation 402 [1/1] (0.00ns)   --->   "%trunc_ln72_250 = partselect i32 @_ssdm_op_PartSelect.i32.i512.i32.i32, i512 %AB_block_11_2_load, i32 480, i32 511" [../MLP_baseline/mm.cpp:72]   --->   Operation 402 'partselect' 'trunc_ln72_250' <Predicate = (trunc_ln67 == 11)> <Delay = 0.00>
ST_3 : Operation 403 [1/1] (0.00ns)   --->   "%trunc_ln72_251 = partselect i32 @_ssdm_op_PartSelect.i32.i512.i32.i32, i512 %AB_block_12_2_load, i32 480, i32 511" [../MLP_baseline/mm.cpp:72]   --->   Operation 403 'partselect' 'trunc_ln72_251' <Predicate = (trunc_ln67 == 12)> <Delay = 0.00>
ST_3 : Operation 404 [1/1] (0.00ns)   --->   "%trunc_ln72_252 = partselect i32 @_ssdm_op_PartSelect.i32.i512.i32.i32, i512 %AB_block_13_2_load, i32 480, i32 511" [../MLP_baseline/mm.cpp:72]   --->   Operation 404 'partselect' 'trunc_ln72_252' <Predicate = (trunc_ln67 == 13)> <Delay = 0.00>
ST_3 : Operation 405 [1/1] (0.00ns)   --->   "%trunc_ln72_253 = partselect i32 @_ssdm_op_PartSelect.i32.i512.i32.i32, i512 %AB_block_14_2_load, i32 480, i32 511" [../MLP_baseline/mm.cpp:72]   --->   Operation 405 'partselect' 'trunc_ln72_253' <Predicate = (trunc_ln67 == 14)> <Delay = 0.00>
ST_3 : Operation 406 [1/1] (0.00ns)   --->   "%trunc_ln72_254 = partselect i32 @_ssdm_op_PartSelect.i32.i512.i32.i32, i512 %AB_block_15_2_load, i32 480, i32 511" [../MLP_baseline/mm.cpp:72]   --->   Operation 406 'partselect' 'trunc_ln72_254' <Predicate = (trunc_ln67 == 15)> <Delay = 0.00>
ST_3 : Operation 407 [1/1] (2.06ns)   --->   "%tmp_15 = sparsemux i32 @_ssdm_op_SparseMux.ap_auto.16i32.i32.i4, i4 0, i32 %trunc_ln72_239, i4 1, i32 %trunc_ln72_240, i4 2, i32 %trunc_ln72_241, i4 3, i32 %trunc_ln72_242, i4 4, i32 %trunc_ln72_243, i4 5, i32 %trunc_ln72_244, i4 6, i32 %trunc_ln72_245, i4 7, i32 %trunc_ln72_246, i4 8, i32 %trunc_ln72_247, i4 9, i32 %trunc_ln72_248, i4 10, i32 %trunc_ln72_249, i4 11, i32 %trunc_ln72_250, i4 12, i32 %trunc_ln72_251, i4 13, i32 %trunc_ln72_252, i4 14, i32 %trunc_ln72_253, i4 15, i32 %trunc_ln72_254, i32 0, i4 %trunc_ln67" [../MLP_baseline/mm.cpp:72]   --->   Operation 407 'sparsemux' 'tmp_15' <Predicate = true> <Delay = 2.06> <CoreInst = "BinarySparseMux_DontCare">   --->   Core 137 'BinarySparseMux_DontCare' <Latency = 0> <II = 1> <Delay = 2.06> <FuncUnit> <Opcode : 'sparsemux'> <InPorts = 2> <OutPorts = 1>
ST_3 : Operation 408 [1/1] (2.55ns)   --->   "%add_ln72_15 = add i32 %tmp_15, i32 %mul_ln72_15" [../MLP_baseline/mm.cpp:72]   --->   Operation 408 'add' 'add_ln72_15' <Predicate = true> <Delay = 2.55> <CoreInst = "Adder">   --->   Core 1 'Adder' <Latency = 0> <II = 1> <Delay = 2.55> <FuncUnit> <Opcode : 'add' 'sub'> <InPorts = 2> <OutPorts = 1>
ST_3 : Operation 409 [1/1] (0.00ns)   --->   "%or_ln72_s = bitconcatenate i512 @_ssdm_op_BitConcatenate.i512.i32.i32.i32.i32.i32.i32.i32.i32.i32.i32.i32.i32.i32.i32.i32.i32, i32 %add_ln72_15, i32 %add_ln72_14, i32 %add_ln72_13, i32 %add_ln72_12, i32 %add_ln72_11, i32 %add_ln72_10, i32 %add_ln72_9, i32 %add_ln72_8, i32 %add_ln72_7, i32 %add_ln72_6, i32 %add_ln72_5, i32 %add_ln72_4, i32 %add_ln72_3, i32 %add_ln72_2, i32 %add_ln72_1, i32 %add_ln72" [../MLP_baseline/mm.cpp:72]   --->   Operation 409 'bitconcatenate' 'or_ln72_s' <Predicate = true> <Delay = 0.00>
ST_3 : Operation 410 [1/1] (1.58ns)   --->   "%store_ln72 = store i512 %or_ln72_s, i512 %AB_block_14_2" [../MLP_baseline/mm.cpp:72]   --->   Operation 410 'store' 'store_ln72' <Predicate = (trunc_ln67 == 14)> <Delay = 1.58>
ST_3 : Operation 411 [1/1] (0.00ns)   --->   "%br_ln72 = br void %arrayidx.i.i6881256.exit" [../MLP_baseline/mm.cpp:72]   --->   Operation 411 'br' 'br_ln72' <Predicate = (trunc_ln67 == 14)> <Delay = 0.00>
ST_3 : Operation 412 [1/1] (1.58ns)   --->   "%store_ln72 = store i512 %or_ln72_s, i512 %AB_block_13_2" [../MLP_baseline/mm.cpp:72]   --->   Operation 412 'store' 'store_ln72' <Predicate = (trunc_ln67 == 13)> <Delay = 1.58>
ST_3 : Operation 413 [1/1] (0.00ns)   --->   "%br_ln72 = br void %arrayidx.i.i6881256.exit" [../MLP_baseline/mm.cpp:72]   --->   Operation 413 'br' 'br_ln72' <Predicate = (trunc_ln67 == 13)> <Delay = 0.00>
ST_3 : Operation 414 [1/1] (1.58ns)   --->   "%store_ln72 = store i512 %or_ln72_s, i512 %AB_block_12_2" [../MLP_baseline/mm.cpp:72]   --->   Operation 414 'store' 'store_ln72' <Predicate = (trunc_ln67 == 12)> <Delay = 1.58>
ST_3 : Operation 415 [1/1] (0.00ns)   --->   "%br_ln72 = br void %arrayidx.i.i6881256.exit" [../MLP_baseline/mm.cpp:72]   --->   Operation 415 'br' 'br_ln72' <Predicate = (trunc_ln67 == 12)> <Delay = 0.00>
ST_3 : Operation 416 [1/1] (1.58ns)   --->   "%store_ln72 = store i512 %or_ln72_s, i512 %AB_block_11_2" [../MLP_baseline/mm.cpp:72]   --->   Operation 416 'store' 'store_ln72' <Predicate = (trunc_ln67 == 11)> <Delay = 1.58>
ST_3 : Operation 417 [1/1] (0.00ns)   --->   "%br_ln72 = br void %arrayidx.i.i6881256.exit" [../MLP_baseline/mm.cpp:72]   --->   Operation 417 'br' 'br_ln72' <Predicate = (trunc_ln67 == 11)> <Delay = 0.00>
ST_3 : Operation 418 [1/1] (1.58ns)   --->   "%store_ln72 = store i512 %or_ln72_s, i512 %AB_block_10_2" [../MLP_baseline/mm.cpp:72]   --->   Operation 418 'store' 'store_ln72' <Predicate = (trunc_ln67 == 10)> <Delay = 1.58>
ST_3 : Operation 419 [1/1] (0.00ns)   --->   "%br_ln72 = br void %arrayidx.i.i6881256.exit" [../MLP_baseline/mm.cpp:72]   --->   Operation 419 'br' 'br_ln72' <Predicate = (trunc_ln67 == 10)> <Delay = 0.00>
ST_3 : Operation 420 [1/1] (1.58ns)   --->   "%store_ln72 = store i512 %or_ln72_s, i512 %AB_block_9_2" [../MLP_baseline/mm.cpp:72]   --->   Operation 420 'store' 'store_ln72' <Predicate = (trunc_ln67 == 9)> <Delay = 1.58>
ST_3 : Operation 421 [1/1] (0.00ns)   --->   "%br_ln72 = br void %arrayidx.i.i6881256.exit" [../MLP_baseline/mm.cpp:72]   --->   Operation 421 'br' 'br_ln72' <Predicate = (trunc_ln67 == 9)> <Delay = 0.00>
ST_3 : Operation 422 [1/1] (1.58ns)   --->   "%store_ln72 = store i512 %or_ln72_s, i512 %AB_block_8_2" [../MLP_baseline/mm.cpp:72]   --->   Operation 422 'store' 'store_ln72' <Predicate = (trunc_ln67 == 8)> <Delay = 1.58>
ST_3 : Operation 423 [1/1] (0.00ns)   --->   "%br_ln72 = br void %arrayidx.i.i6881256.exit" [../MLP_baseline/mm.cpp:72]   --->   Operation 423 'br' 'br_ln72' <Predicate = (trunc_ln67 == 8)> <Delay = 0.00>
ST_3 : Operation 424 [1/1] (1.58ns)   --->   "%store_ln72 = store i512 %or_ln72_s, i512 %AB_block_7_2" [../MLP_baseline/mm.cpp:72]   --->   Operation 424 'store' 'store_ln72' <Predicate = (trunc_ln67 == 7)> <Delay = 1.58>
ST_3 : Operation 425 [1/1] (0.00ns)   --->   "%br_ln72 = br void %arrayidx.i.i6881256.exit" [../MLP_baseline/mm.cpp:72]   --->   Operation 425 'br' 'br_ln72' <Predicate = (trunc_ln67 == 7)> <Delay = 0.00>
ST_3 : Operation 426 [1/1] (1.58ns)   --->   "%store_ln72 = store i512 %or_ln72_s, i512 %AB_block_6_2" [../MLP_baseline/mm.cpp:72]   --->   Operation 426 'store' 'store_ln72' <Predicate = (trunc_ln67 == 6)> <Delay = 1.58>
ST_3 : Operation 427 [1/1] (0.00ns)   --->   "%br_ln72 = br void %arrayidx.i.i6881256.exit" [../MLP_baseline/mm.cpp:72]   --->   Operation 427 'br' 'br_ln72' <Predicate = (trunc_ln67 == 6)> <Delay = 0.00>
ST_3 : Operation 428 [1/1] (1.58ns)   --->   "%store_ln72 = store i512 %or_ln72_s, i512 %AB_block_5_2" [../MLP_baseline/mm.cpp:72]   --->   Operation 428 'store' 'store_ln72' <Predicate = (trunc_ln67 == 5)> <Delay = 1.58>
ST_3 : Operation 429 [1/1] (0.00ns)   --->   "%br_ln72 = br void %arrayidx.i.i6881256.exit" [../MLP_baseline/mm.cpp:72]   --->   Operation 429 'br' 'br_ln72' <Predicate = (trunc_ln67 == 5)> <Delay = 0.00>
ST_3 : Operation 430 [1/1] (1.58ns)   --->   "%store_ln72 = store i512 %or_ln72_s, i512 %AB_block_4_2" [../MLP_baseline/mm.cpp:72]   --->   Operation 430 'store' 'store_ln72' <Predicate = (trunc_ln67 == 4)> <Delay = 1.58>
ST_3 : Operation 431 [1/1] (0.00ns)   --->   "%br_ln72 = br void %arrayidx.i.i6881256.exit" [../MLP_baseline/mm.cpp:72]   --->   Operation 431 'br' 'br_ln72' <Predicate = (trunc_ln67 == 4)> <Delay = 0.00>
ST_3 : Operation 432 [1/1] (1.58ns)   --->   "%store_ln72 = store i512 %or_ln72_s, i512 %AB_block_3_2" [../MLP_baseline/mm.cpp:72]   --->   Operation 432 'store' 'store_ln72' <Predicate = (trunc_ln67 == 3)> <Delay = 1.58>
ST_3 : Operation 433 [1/1] (0.00ns)   --->   "%br_ln72 = br void %arrayidx.i.i6881256.exit" [../MLP_baseline/mm.cpp:72]   --->   Operation 433 'br' 'br_ln72' <Predicate = (trunc_ln67 == 3)> <Delay = 0.00>
ST_3 : Operation 434 [1/1] (1.58ns)   --->   "%store_ln72 = store i512 %or_ln72_s, i512 %AB_block_2_2" [../MLP_baseline/mm.cpp:72]   --->   Operation 434 'store' 'store_ln72' <Predicate = (trunc_ln67 == 2)> <Delay = 1.58>
ST_3 : Operation 435 [1/1] (0.00ns)   --->   "%br_ln72 = br void %arrayidx.i.i6881256.exit" [../MLP_baseline/mm.cpp:72]   --->   Operation 435 'br' 'br_ln72' <Predicate = (trunc_ln67 == 2)> <Delay = 0.00>
ST_3 : Operation 436 [1/1] (1.58ns)   --->   "%store_ln72 = store i512 %or_ln72_s, i512 %AB_block_1_2" [../MLP_baseline/mm.cpp:72]   --->   Operation 436 'store' 'store_ln72' <Predicate = (trunc_ln67 == 1)> <Delay = 1.58>
ST_3 : Operation 437 [1/1] (0.00ns)   --->   "%br_ln72 = br void %arrayidx.i.i6881256.exit" [../MLP_baseline/mm.cpp:72]   --->   Operation 437 'br' 'br_ln72' <Predicate = (trunc_ln67 == 1)> <Delay = 0.00>
ST_3 : Operation 438 [1/1] (1.58ns)   --->   "%store_ln72 = store i512 %or_ln72_s, i512 %AB_block_0_2" [../MLP_baseline/mm.cpp:72]   --->   Operation 438 'store' 'store_ln72' <Predicate = (trunc_ln67 == 0)> <Delay = 1.58>
ST_3 : Operation 439 [1/1] (0.00ns)   --->   "%br_ln72 = br void %arrayidx.i.i6881256.exit" [../MLP_baseline/mm.cpp:72]   --->   Operation 439 'br' 'br_ln72' <Predicate = (trunc_ln67 == 0)> <Delay = 0.00>
ST_3 : Operation 440 [1/1] (1.58ns)   --->   "%store_ln72 = store i512 %or_ln72_s, i512 %AB_block_15_2" [../MLP_baseline/mm.cpp:72]   --->   Operation 440 'store' 'store_ln72' <Predicate = (trunc_ln67 == 15)> <Delay = 1.58>
ST_3 : Operation 441 [1/1] (0.00ns)   --->   "%br_ln72 = br void %arrayidx.i.i6881256.exit" [../MLP_baseline/mm.cpp:72]   --->   Operation 441 'br' 'br_ln72' <Predicate = (trunc_ln67 == 15)> <Delay = 0.00>


============================================================
+ Verbose Summary: Binding
============================================================
STG Binding: 
---------------- STG Properties BEGIN ----------------
- Is combinational: 0
- Is one-state seq: 0
- Is datapath-only: 0
- Is pipelined: 0
- Is top level: 0
Port [ Return ] is wired: 1; IO mode=ap_ctrl_hs:ce=0
Port [ AB_block_15_1]:  wired=1; compound=0; hidden=0; nouse=0; global=0; static=0; extern=0; dir=0; type=0; pingpong=0; private_global=0; IO mode=ap_none:ce=0
Port [ AB_block_14_1]:  wired=1; compound=0; hidden=0; nouse=0; global=0; static=0; extern=0; dir=0; type=0; pingpong=0; private_global=0; IO mode=ap_none:ce=0
Port [ AB_block_13_1]:  wired=1; compound=0; hidden=0; nouse=0; global=0; static=0; extern=0; dir=0; type=0; pingpong=0; private_global=0; IO mode=ap_none:ce=0
Port [ AB_block_12_1]:  wired=1; compound=0; hidden=0; nouse=0; global=0; static=0; extern=0; dir=0; type=0; pingpong=0; private_global=0; IO mode=ap_none:ce=0
Port [ AB_block_11_1]:  wired=1; compound=0; hidden=0; nouse=0; global=0; static=0; extern=0; dir=0; type=0; pingpong=0; private_global=0; IO mode=ap_none:ce=0
Port [ AB_block_10_1]:  wired=1; compound=0; hidden=0; nouse=0; global=0; static=0; extern=0; dir=0; type=0; pingpong=0; private_global=0; IO mode=ap_none:ce=0
Port [ AB_block_9_1]:  wired=1; compound=0; hidden=0; nouse=0; global=0; static=0; extern=0; dir=0; type=0; pingpong=0; private_global=0; IO mode=ap_none:ce=0
Port [ AB_block_8_1]:  wired=1; compound=0; hidden=0; nouse=0; global=0; static=0; extern=0; dir=0; type=0; pingpong=0; private_global=0; IO mode=ap_none:ce=0
Port [ AB_block_7_1]:  wired=1; compound=0; hidden=0; nouse=0; global=0; static=0; extern=0; dir=0; type=0; pingpong=0; private_global=0; IO mode=ap_none:ce=0
Port [ AB_block_6_1]:  wired=1; compound=0; hidden=0; nouse=0; global=0; static=0; extern=0; dir=0; type=0; pingpong=0; private_global=0; IO mode=ap_none:ce=0
Port [ AB_block_5_1]:  wired=1; compound=0; hidden=0; nouse=0; global=0; static=0; extern=0; dir=0; type=0; pingpong=0; private_global=0; IO mode=ap_none:ce=0
Port [ AB_block_4_1]:  wired=1; compound=0; hidden=0; nouse=0; global=0; static=0; extern=0; dir=0; type=0; pingpong=0; private_global=0; IO mode=ap_none:ce=0
Port [ AB_block_3_1]:  wired=1; compound=0; hidden=0; nouse=0; global=0; static=0; extern=0; dir=0; type=0; pingpong=0; private_global=0; IO mode=ap_none:ce=0
Port [ AB_block_2_1]:  wired=1; compound=0; hidden=0; nouse=0; global=0; static=0; extern=0; dir=0; type=0; pingpong=0; private_global=0; IO mode=ap_none:ce=0
Port [ AB_block_1_1]:  wired=1; compound=0; hidden=0; nouse=0; global=0; static=0; extern=0; dir=0; type=0; pingpong=0; private_global=0; IO mode=ap_none:ce=0
Port [ AB_block_0_1]:  wired=1; compound=0; hidden=0; nouse=0; global=0; static=0; extern=0; dir=0; type=0; pingpong=0; private_global=0; IO mode=ap_none:ce=0
Port [ gmem_load_17]:  wired=1; compound=0; hidden=0; nouse=0; global=0; static=0; extern=0; dir=0; type=0; pingpong=0; private_global=0; IO mode=ap_none:ce=0
Port [ empty]:  wired=1; compound=0; hidden=0; nouse=0; global=0; static=0; extern=0; dir=0; type=0; pingpong=0; private_global=0; IO mode=ap_none:ce=0
Port [ trunc_ln63_1]:  wired=1; compound=0; hidden=0; nouse=0; global=0; static=0; extern=0; dir=0; type=0; pingpong=0; private_global=0; IO mode=ap_none:ce=0
Port [ trunc_ln63_2]:  wired=1; compound=0; hidden=0; nouse=0; global=0; static=0; extern=0; dir=0; type=0; pingpong=0; private_global=0; IO mode=ap_none:ce=0
Port [ trunc_ln63_3]:  wired=1; compound=0; hidden=0; nouse=0; global=0; static=0; extern=0; dir=0; type=0; pingpong=0; private_global=0; IO mode=ap_none:ce=0
Port [ trunc_ln63_4]:  wired=1; compound=0; hidden=0; nouse=0; global=0; static=0; extern=0; dir=0; type=0; pingpong=0; private_global=0; IO mode=ap_none:ce=0
Port [ trunc_ln63_5]:  wired=1; compound=0; hidden=0; nouse=0; global=0; static=0; extern=0; dir=0; type=0; pingpong=0; private_global=0; IO mode=ap_none:ce=0
Port [ trunc_ln63_6]:  wired=1; compound=0; hidden=0; nouse=0; global=0; static=0; extern=0; dir=0; type=0; pingpong=0; private_global=0; IO mode=ap_none:ce=0
Port [ trunc_ln63_7]:  wired=1; compound=0; hidden=0; nouse=0; global=0; static=0; extern=0; dir=0; type=0; pingpong=0; private_global=0; IO mode=ap_none:ce=0
Port [ trunc_ln63_8]:  wired=1; compound=0; hidden=0; nouse=0; global=0; static=0; extern=0; dir=0; type=0; pingpong=0; private_global=0; IO mode=ap_none:ce=0
Port [ trunc_ln63_9]:  wired=1; compound=0; hidden=0; nouse=0; global=0; static=0; extern=0; dir=0; type=0; pingpong=0; private_global=0; IO mode=ap_none:ce=0
Port [ trunc_ln63_10]:  wired=1; compound=0; hidden=0; nouse=0; global=0; static=0; extern=0; dir=0; type=0; pingpong=0; private_global=0; IO mode=ap_none:ce=0
Port [ trunc_ln63_11]:  wired=1; compound=0; hidden=0; nouse=0; global=0; static=0; extern=0; dir=0; type=0; pingpong=0; private_global=0; IO mode=ap_none:ce=0
Port [ trunc_ln63_12]:  wired=1; compound=0; hidden=0; nouse=0; global=0; static=0; extern=0; dir=0; type=0; pingpong=0; private_global=0; IO mode=ap_none:ce=0
Port [ trunc_ln63_13]:  wired=1; compound=0; hidden=0; nouse=0; global=0; static=0; extern=0; dir=0; type=0; pingpong=0; private_global=0; IO mode=ap_none:ce=0
Port [ trunc_ln63_14]:  wired=1; compound=0; hidden=0; nouse=0; global=0; static=0; extern=0; dir=0; type=0; pingpong=0; private_global=0; IO mode=ap_none:ce=0
Port [ trunc_ln63_15]:  wired=1; compound=0; hidden=0; nouse=0; global=0; static=0; extern=0; dir=0; type=0; pingpong=0; private_global=0; IO mode=ap_none:ce=0
Port [ AB_block_15_2_out]:  wired=1; compound=0; hidden=0; nouse=0; global=0; static=0; extern=0; dir=1; type=0; pingpong=0; private_global=0; IO mode=ap_vld:ce=0
Port [ AB_block_14_2_out]:  wired=1; compound=0; hidden=0; nouse=0; global=0; static=0; extern=0; dir=1; type=0; pingpong=0; private_global=0; IO mode=ap_vld:ce=0
Port [ AB_block_13_2_out]:  wired=1; compound=0; hidden=0; nouse=0; global=0; static=0; extern=0; dir=1; type=0; pingpong=0; private_global=0; IO mode=ap_vld:ce=0
Port [ AB_block_12_2_out]:  wired=1; compound=0; hidden=0; nouse=0; global=0; static=0; extern=0; dir=1; type=0; pingpong=0; private_global=0; IO mode=ap_vld:ce=0
Port [ AB_block_11_2_out]:  wired=1; compound=0; hidden=0; nouse=0; global=0; static=0; extern=0; dir=1; type=0; pingpong=0; private_global=0; IO mode=ap_vld:ce=0
Port [ AB_block_10_2_out]:  wired=1; compound=0; hidden=0; nouse=0; global=0; static=0; extern=0; dir=1; type=0; pingpong=0; private_global=0; IO mode=ap_vld:ce=0
Port [ AB_block_9_2_out]:  wired=1; compound=0; hidden=0; nouse=0; global=0; static=0; extern=0; dir=1; type=0; pingpong=0; private_global=0; IO mode=ap_vld:ce=0
Port [ AB_block_8_2_out]:  wired=1; compound=0; hidden=0; nouse=0; global=0; static=0; extern=0; dir=1; type=0; pingpong=0; private_global=0; IO mode=ap_vld:ce=0
Port [ AB_block_7_2_out]:  wired=1; compound=0; hidden=0; nouse=0; global=0; static=0; extern=0; dir=1; type=0; pingpong=0; private_global=0; IO mode=ap_vld:ce=0
Port [ AB_block_6_2_out]:  wired=1; compound=0; hidden=0; nouse=0; global=0; static=0; extern=0; dir=1; type=0; pingpong=0; private_global=0; IO mode=ap_vld:ce=0
Port [ AB_block_5_2_out]:  wired=1; compound=0; hidden=0; nouse=0; global=0; static=0; extern=0; dir=1; type=0; pingpong=0; private_global=0; IO mode=ap_vld:ce=0
Port [ AB_block_4_2_out]:  wired=1; compound=0; hidden=0; nouse=0; global=0; static=0; extern=0; dir=1; type=0; pingpong=0; private_global=0; IO mode=ap_vld:ce=0
Port [ AB_block_3_2_out]:  wired=1; compound=0; hidden=0; nouse=0; global=0; static=0; extern=0; dir=1; type=0; pingpong=0; private_global=0; IO mode=ap_vld:ce=0
Port [ AB_block_2_2_out]:  wired=1; compound=0; hidden=0; nouse=0; global=0; static=0; extern=0; dir=1; type=0; pingpong=0; private_global=0; IO mode=ap_vld:ce=0
Port [ AB_block_1_2_out]:  wired=1; compound=0; hidden=0; nouse=0; global=0; static=0; extern=0; dir=1; type=0; pingpong=0; private_global=0; IO mode=ap_vld:ce=0
Port [ AB_block_0_2_out]:  wired=1; compound=0; hidden=0; nouse=0; global=0; static=0; extern=0; dir=1; type=0; pingpong=0; private_global=0; IO mode=ap_vld:ce=0
---------------- STG Properties END ------------------

---------------- Datapath Model BEGIN ----------------

<LifeTime>
<method=bitvector/>
i                      (alloca           ) [ 0100]
AB_block_0_2           (alloca           ) [ 0111]
AB_block_1_2           (alloca           ) [ 0111]
AB_block_2_2           (alloca           ) [ 0111]
AB_block_3_2           (alloca           ) [ 0111]
AB_block_4_2           (alloca           ) [ 0111]
AB_block_5_2           (alloca           ) [ 0111]
AB_block_6_2           (alloca           ) [ 0111]
AB_block_7_2           (alloca           ) [ 0111]
AB_block_8_2           (alloca           ) [ 0111]
AB_block_9_2           (alloca           ) [ 0111]
AB_block_10_2          (alloca           ) [ 0111]
AB_block_11_2          (alloca           ) [ 0111]
AB_block_12_2          (alloca           ) [ 0111]
AB_block_13_2          (alloca           ) [ 0111]
AB_block_14_2          (alloca           ) [ 0111]
AB_block_15_2          (alloca           ) [ 0111]
trunc_ln63_15_read     (read             ) [ 0110]
trunc_ln63_14_read     (read             ) [ 0110]
trunc_ln63_13_read     (read             ) [ 0110]
trunc_ln63_12_read     (read             ) [ 0110]
trunc_ln63_11_read     (read             ) [ 0110]
trunc_ln63_10_read     (read             ) [ 0110]
trunc_ln63_9_read      (read             ) [ 0110]
trunc_ln63_8_read      (read             ) [ 0110]
trunc_ln63_7_read      (read             ) [ 0110]
trunc_ln63_6_read      (read             ) [ 0110]
trunc_ln63_5_read      (read             ) [ 0110]
trunc_ln63_4_read      (read             ) [ 0110]
trunc_ln63_3_read      (read             ) [ 0110]
trunc_ln63_2_read      (read             ) [ 0110]
trunc_ln63_1_read      (read             ) [ 0110]
tmp                    (read             ) [ 0110]
gmem_load_17_read      (read             ) [ 0000]
AB_block_0_1_read      (read             ) [ 0000]
AB_block_1_1_read      (read             ) [ 0000]
AB_block_2_1_read      (read             ) [ 0000]
AB_block_3_1_read      (read             ) [ 0000]
AB_block_4_1_read      (read             ) [ 0000]
AB_block_5_1_read      (read             ) [ 0000]
AB_block_6_1_read      (read             ) [ 0000]
AB_block_7_1_read      (read             ) [ 0000]
AB_block_8_1_read      (read             ) [ 0000]
AB_block_9_1_read      (read             ) [ 0000]
AB_block_10_1_read     (read             ) [ 0000]
AB_block_11_1_read     (read             ) [ 0000]
AB_block_12_1_read     (read             ) [ 0000]
AB_block_13_1_read     (read             ) [ 0000]
AB_block_14_1_read     (read             ) [ 0000]
AB_block_15_1_read     (read             ) [ 0000]
store_ln0              (store            ) [ 0000]
store_ln0              (store            ) [ 0000]
store_ln0              (store            ) [ 0000]
store_ln0              (store            ) [ 0000]
store_ln0              (store            ) [ 0000]
store_ln0              (store            ) [ 0000]
store_ln0              (store            ) [ 0000]
store_ln0              (store            ) [ 0000]
store_ln0              (store            ) [ 0000]
store_ln0              (store            ) [ 0000]
store_ln0              (store            ) [ 0000]
store_ln0              (store            ) [ 0000]
store_ln0              (store            ) [ 0000]
store_ln0              (store            ) [ 0000]
store_ln0              (store            ) [ 0000]
store_ln0              (store            ) [ 0000]
store_ln55             (store            ) [ 0000]
br_ln0                 (br               ) [ 0000]
i_1                    (load             ) [ 0000]
icmp_ln67              (icmp             ) [ 0110]
add_ln67               (add              ) [ 0000]
br_ln67                (br               ) [ 0000]
trunc_ln67             (trunc            ) [ 0111]
shl_ln2                (bitconcatenate   ) [ 0000]
zext_ln72              (zext             ) [ 0000]
lshr_ln72              (lshr             ) [ 0000]
trunc_ln72             (trunc            ) [ 0110]
switch_ln72            (switch           ) [ 0000]
store_ln55             (store            ) [ 0000]
br_ln67                (br               ) [ 0000]
mul_ln72               (mul              ) [ 0101]
mul_ln72_1             (mul              ) [ 0101]
mul_ln72_2             (mul              ) [ 0101]
mul_ln72_3             (mul              ) [ 0101]
mul_ln72_4             (mul              ) [ 0101]
mul_ln72_5             (mul              ) [ 0101]
mul_ln72_6             (mul              ) [ 0101]
mul_ln72_7             (mul              ) [ 0101]
mul_ln72_8             (mul              ) [ 0101]
mul_ln72_9             (mul              ) [ 0101]
mul_ln72_10            (mul              ) [ 0101]
mul_ln72_11            (mul              ) [ 0101]
mul_ln72_12            (mul              ) [ 0101]
mul_ln72_13            (mul              ) [ 0101]
mul_ln72_14            (mul              ) [ 0101]
mul_ln72_15            (mul              ) [ 0101]
AB_block_0_2_load      (load             ) [ 0000]
AB_block_1_2_load      (load             ) [ 0000]
AB_block_2_2_load      (load             ) [ 0000]
AB_block_3_2_load      (load             ) [ 0000]
AB_block_4_2_load      (load             ) [ 0000]
AB_block_5_2_load      (load             ) [ 0000]
AB_block_6_2_load      (load             ) [ 0000]
AB_block_7_2_load      (load             ) [ 0000]
AB_block_8_2_load      (load             ) [ 0000]
AB_block_9_2_load      (load             ) [ 0000]
AB_block_10_2_load     (load             ) [ 0000]
AB_block_11_2_load     (load             ) [ 0000]
AB_block_12_2_load     (load             ) [ 0000]
AB_block_13_2_load     (load             ) [ 0000]
AB_block_14_2_load     (load             ) [ 0000]
AB_block_15_2_load     (load             ) [ 0000]
specpipeline_ln68      (specpipeline     ) [ 0000]
speclooptripcount_ln67 (speclooptripcount) [ 0000]
specloopname_ln67      (specloopname     ) [ 0000]
trunc_ln72_1           (trunc            ) [ 0000]
trunc_ln72_2           (trunc            ) [ 0000]
trunc_ln72_3           (trunc            ) [ 0000]
trunc_ln72_4           (trunc            ) [ 0000]
trunc_ln72_5           (trunc            ) [ 0000]
trunc_ln72_6           (trunc            ) [ 0000]
trunc_ln72_7           (trunc            ) [ 0000]
trunc_ln72_8           (trunc            ) [ 0000]
trunc_ln72_9           (trunc            ) [ 0000]
trunc_ln72_10          (trunc            ) [ 0000]
trunc_ln72_11          (trunc            ) [ 0000]
trunc_ln72_12          (trunc            ) [ 0000]
trunc_ln72_13          (trunc            ) [ 0000]
trunc_ln72_14          (trunc            ) [ 0000]
trunc_ln72_15          (trunc            ) [ 0000]
trunc_ln72_256         (trunc            ) [ 0000]
tmp_s                  (sparsemux        ) [ 0000]
add_ln72               (add              ) [ 0000]
trunc_ln72_s           (partselect       ) [ 0000]
trunc_ln72_16          (partselect       ) [ 0000]
trunc_ln72_17          (partselect       ) [ 0000]
trunc_ln72_18          (partselect       ) [ 0000]
trunc_ln72_19          (partselect       ) [ 0000]
trunc_ln72_20          (partselect       ) [ 0000]
trunc_ln72_21          (partselect       ) [ 0000]
trunc_ln72_22          (partselect       ) [ 0000]
trunc_ln72_23          (partselect       ) [ 0000]
trunc_ln72_24          (partselect       ) [ 0000]
trunc_ln72_25          (partselect       ) [ 0000]
trunc_ln72_26          (partselect       ) [ 0000]
trunc_ln72_27          (partselect       ) [ 0000]
trunc_ln72_28          (partselect       ) [ 0000]
trunc_ln72_29          (partselect       ) [ 0000]
trunc_ln72_30          (partselect       ) [ 0000]
tmp_1                  (sparsemux        ) [ 0000]
add_ln72_1             (add              ) [ 0000]
trunc_ln72_31          (partselect       ) [ 0000]
trunc_ln72_32          (partselect       ) [ 0000]
trunc_ln72_33          (partselect       ) [ 0000]
trunc_ln72_34          (partselect       ) [ 0000]
trunc_ln72_35          (partselect       ) [ 0000]
trunc_ln72_36          (partselect       ) [ 0000]
trunc_ln72_37          (partselect       ) [ 0000]
trunc_ln72_38          (partselect       ) [ 0000]
trunc_ln72_39          (partselect       ) [ 0000]
trunc_ln72_40          (partselect       ) [ 0000]
trunc_ln72_41          (partselect       ) [ 0000]
trunc_ln72_42          (partselect       ) [ 0000]
trunc_ln72_43          (partselect       ) [ 0000]
trunc_ln72_44          (partselect       ) [ 0000]
trunc_ln72_45          (partselect       ) [ 0000]
trunc_ln72_46          (partselect       ) [ 0000]
tmp_2                  (sparsemux        ) [ 0000]
add_ln72_2             (add              ) [ 0000]
trunc_ln72_47          (partselect       ) [ 0000]
trunc_ln72_48          (partselect       ) [ 0000]
trunc_ln72_49          (partselect       ) [ 0000]
trunc_ln72_50          (partselect       ) [ 0000]
trunc_ln72_51          (partselect       ) [ 0000]
trunc_ln72_52          (partselect       ) [ 0000]
trunc_ln72_53          (partselect       ) [ 0000]
trunc_ln72_54          (partselect       ) [ 0000]
trunc_ln72_55          (partselect       ) [ 0000]
trunc_ln72_56          (partselect       ) [ 0000]
trunc_ln72_57          (partselect       ) [ 0000]
trunc_ln72_58          (partselect       ) [ 0000]
trunc_ln72_59          (partselect       ) [ 0000]
trunc_ln72_60          (partselect       ) [ 0000]
trunc_ln72_61          (partselect       ) [ 0000]
trunc_ln72_62          (partselect       ) [ 0000]
tmp_3                  (sparsemux        ) [ 0000]
add_ln72_3             (add              ) [ 0000]
trunc_ln72_63          (partselect       ) [ 0000]
trunc_ln72_64          (partselect       ) [ 0000]
trunc_ln72_65          (partselect       ) [ 0000]
trunc_ln72_66          (partselect       ) [ 0000]
trunc_ln72_67          (partselect       ) [ 0000]
trunc_ln72_68          (partselect       ) [ 0000]
trunc_ln72_69          (partselect       ) [ 0000]
trunc_ln72_70          (partselect       ) [ 0000]
trunc_ln72_71          (partselect       ) [ 0000]
trunc_ln72_72          (partselect       ) [ 0000]
trunc_ln72_73          (partselect       ) [ 0000]
trunc_ln72_74          (partselect       ) [ 0000]
trunc_ln72_75          (partselect       ) [ 0000]
trunc_ln72_76          (partselect       ) [ 0000]
trunc_ln72_77          (partselect       ) [ 0000]
trunc_ln72_78          (partselect       ) [ 0000]
tmp_4                  (sparsemux        ) [ 0000]
add_ln72_4             (add              ) [ 0000]
trunc_ln72_79          (partselect       ) [ 0000]
trunc_ln72_80          (partselect       ) [ 0000]
trunc_ln72_81          (partselect       ) [ 0000]
trunc_ln72_82          (partselect       ) [ 0000]
trunc_ln72_83          (partselect       ) [ 0000]
trunc_ln72_84          (partselect       ) [ 0000]
trunc_ln72_85          (partselect       ) [ 0000]
trunc_ln72_86          (partselect       ) [ 0000]
trunc_ln72_87          (partselect       ) [ 0000]
trunc_ln72_88          (partselect       ) [ 0000]
trunc_ln72_89          (partselect       ) [ 0000]
trunc_ln72_90          (partselect       ) [ 0000]
trunc_ln72_91          (partselect       ) [ 0000]
trunc_ln72_92          (partselect       ) [ 0000]
trunc_ln72_93          (partselect       ) [ 0000]
trunc_ln72_94          (partselect       ) [ 0000]
tmp_5                  (sparsemux        ) [ 0000]
add_ln72_5             (add              ) [ 0000]
trunc_ln72_95          (partselect       ) [ 0000]
trunc_ln72_96          (partselect       ) [ 0000]
trunc_ln72_97          (partselect       ) [ 0000]
trunc_ln72_98          (partselect       ) [ 0000]
trunc_ln72_99          (partselect       ) [ 0000]
trunc_ln72_100         (partselect       ) [ 0000]
trunc_ln72_101         (partselect       ) [ 0000]
trunc_ln72_102         (partselect       ) [ 0000]
trunc_ln72_103         (partselect       ) [ 0000]
trunc_ln72_104         (partselect       ) [ 0000]
trunc_ln72_105         (partselect       ) [ 0000]
trunc_ln72_106         (partselect       ) [ 0000]
trunc_ln72_107         (partselect       ) [ 0000]
trunc_ln72_108         (partselect       ) [ 0000]
trunc_ln72_109         (partselect       ) [ 0000]
trunc_ln72_110         (partselect       ) [ 0000]
tmp_6                  (sparsemux        ) [ 0000]
add_ln72_6             (add              ) [ 0000]
trunc_ln72_111         (partselect       ) [ 0000]
trunc_ln72_112         (partselect       ) [ 0000]
trunc_ln72_113         (partselect       ) [ 0000]
trunc_ln72_114         (partselect       ) [ 0000]
trunc_ln72_115         (partselect       ) [ 0000]
trunc_ln72_116         (partselect       ) [ 0000]
trunc_ln72_117         (partselect       ) [ 0000]
trunc_ln72_118         (partselect       ) [ 0000]
trunc_ln72_119         (partselect       ) [ 0000]
trunc_ln72_120         (partselect       ) [ 0000]
trunc_ln72_121         (partselect       ) [ 0000]
trunc_ln72_122         (partselect       ) [ 0000]
trunc_ln72_123         (partselect       ) [ 0000]
trunc_ln72_124         (partselect       ) [ 0000]
trunc_ln72_125         (partselect       ) [ 0000]
trunc_ln72_126         (partselect       ) [ 0000]
tmp_7                  (sparsemux        ) [ 0000]
add_ln72_7             (add              ) [ 0000]
trunc_ln72_127         (partselect       ) [ 0000]
trunc_ln72_128         (partselect       ) [ 0000]
trunc_ln72_129         (partselect       ) [ 0000]
trunc_ln72_130         (partselect       ) [ 0000]
trunc_ln72_131         (partselect       ) [ 0000]
trunc_ln72_132         (partselect       ) [ 0000]
trunc_ln72_133         (partselect       ) [ 0000]
trunc_ln72_134         (partselect       ) [ 0000]
trunc_ln72_135         (partselect       ) [ 0000]
trunc_ln72_136         (partselect       ) [ 0000]
trunc_ln72_137         (partselect       ) [ 0000]
trunc_ln72_138         (partselect       ) [ 0000]
trunc_ln72_139         (partselect       ) [ 0000]
trunc_ln72_140         (partselect       ) [ 0000]
trunc_ln72_141         (partselect       ) [ 0000]
trunc_ln72_142         (partselect       ) [ 0000]
tmp_8                  (sparsemux        ) [ 0000]
add_ln72_8             (add              ) [ 0000]
trunc_ln72_143         (partselect       ) [ 0000]
trunc_ln72_144         (partselect       ) [ 0000]
trunc_ln72_145         (partselect       ) [ 0000]
trunc_ln72_146         (partselect       ) [ 0000]
trunc_ln72_147         (partselect       ) [ 0000]
trunc_ln72_148         (partselect       ) [ 0000]
trunc_ln72_149         (partselect       ) [ 0000]
trunc_ln72_150         (partselect       ) [ 0000]
trunc_ln72_151         (partselect       ) [ 0000]
trunc_ln72_152         (partselect       ) [ 0000]
trunc_ln72_153         (partselect       ) [ 0000]
trunc_ln72_154         (partselect       ) [ 0000]
trunc_ln72_155         (partselect       ) [ 0000]
trunc_ln72_156         (partselect       ) [ 0000]
trunc_ln72_157         (partselect       ) [ 0000]
trunc_ln72_158         (partselect       ) [ 0000]
tmp_9                  (sparsemux        ) [ 0000]
add_ln72_9             (add              ) [ 0000]
trunc_ln72_159         (partselect       ) [ 0000]
trunc_ln72_160         (partselect       ) [ 0000]
trunc_ln72_161         (partselect       ) [ 0000]
trunc_ln72_162         (partselect       ) [ 0000]
trunc_ln72_163         (partselect       ) [ 0000]
trunc_ln72_164         (partselect       ) [ 0000]
trunc_ln72_165         (partselect       ) [ 0000]
trunc_ln72_166         (partselect       ) [ 0000]
trunc_ln72_167         (partselect       ) [ 0000]
trunc_ln72_168         (partselect       ) [ 0000]
trunc_ln72_169         (partselect       ) [ 0000]
trunc_ln72_170         (partselect       ) [ 0000]
trunc_ln72_171         (partselect       ) [ 0000]
trunc_ln72_172         (partselect       ) [ 0000]
trunc_ln72_173         (partselect       ) [ 0000]
trunc_ln72_174         (partselect       ) [ 0000]
tmp_10                 (sparsemux        ) [ 0000]
add_ln72_10            (add              ) [ 0000]
trunc_ln72_175         (partselect       ) [ 0000]
trunc_ln72_176         (partselect       ) [ 0000]
trunc_ln72_177         (partselect       ) [ 0000]
trunc_ln72_178         (partselect       ) [ 0000]
trunc_ln72_179         (partselect       ) [ 0000]
trunc_ln72_180         (partselect       ) [ 0000]
trunc_ln72_181         (partselect       ) [ 0000]
trunc_ln72_182         (partselect       ) [ 0000]
trunc_ln72_183         (partselect       ) [ 0000]
trunc_ln72_184         (partselect       ) [ 0000]
trunc_ln72_185         (partselect       ) [ 0000]
trunc_ln72_186         (partselect       ) [ 0000]
trunc_ln72_187         (partselect       ) [ 0000]
trunc_ln72_188         (partselect       ) [ 0000]
trunc_ln72_189         (partselect       ) [ 0000]
trunc_ln72_190         (partselect       ) [ 0000]
tmp_11                 (sparsemux        ) [ 0000]
add_ln72_11            (add              ) [ 0000]
trunc_ln72_191         (partselect       ) [ 0000]
trunc_ln72_192         (partselect       ) [ 0000]
trunc_ln72_193         (partselect       ) [ 0000]
trunc_ln72_194         (partselect       ) [ 0000]
trunc_ln72_195         (partselect       ) [ 0000]
trunc_ln72_196         (partselect       ) [ 0000]
trunc_ln72_197         (partselect       ) [ 0000]
trunc_ln72_198         (partselect       ) [ 0000]
trunc_ln72_199         (partselect       ) [ 0000]
trunc_ln72_200         (partselect       ) [ 0000]
trunc_ln72_201         (partselect       ) [ 0000]
trunc_ln72_202         (partselect       ) [ 0000]
trunc_ln72_203         (partselect       ) [ 0000]
trunc_ln72_204         (partselect       ) [ 0000]
trunc_ln72_205         (partselect       ) [ 0000]
trunc_ln72_206         (partselect       ) [ 0000]
tmp_12                 (sparsemux        ) [ 0000]
add_ln72_12            (add              ) [ 0000]
trunc_ln72_207         (partselect       ) [ 0000]
trunc_ln72_208         (partselect       ) [ 0000]
trunc_ln72_209         (partselect       ) [ 0000]
trunc_ln72_210         (partselect       ) [ 0000]
trunc_ln72_211         (partselect       ) [ 0000]
trunc_ln72_212         (partselect       ) [ 0000]
trunc_ln72_213         (partselect       ) [ 0000]
trunc_ln72_214         (partselect       ) [ 0000]
trunc_ln72_215         (partselect       ) [ 0000]
trunc_ln72_216         (partselect       ) [ 0000]
trunc_ln72_217         (partselect       ) [ 0000]
trunc_ln72_218         (partselect       ) [ 0000]
trunc_ln72_219         (partselect       ) [ 0000]
trunc_ln72_220         (partselect       ) [ 0000]
trunc_ln72_221         (partselect       ) [ 0000]
trunc_ln72_222         (partselect       ) [ 0000]
tmp_13                 (sparsemux        ) [ 0000]
add_ln72_13            (add              ) [ 0000]
trunc_ln72_223         (partselect       ) [ 0000]
trunc_ln72_224         (partselect       ) [ 0000]
trunc_ln72_225         (partselect       ) [ 0000]
trunc_ln72_226         (partselect       ) [ 0000]
trunc_ln72_227         (partselect       ) [ 0000]
trunc_ln72_228         (partselect       ) [ 0000]
trunc_ln72_229         (partselect       ) [ 0000]
trunc_ln72_230         (partselect       ) [ 0000]
trunc_ln72_231         (partselect       ) [ 0000]
trunc_ln72_232         (partselect       ) [ 0000]
trunc_ln72_233         (partselect       ) [ 0000]
trunc_ln72_234         (partselect       ) [ 0000]
trunc_ln72_235         (partselect       ) [ 0000]
trunc_ln72_236         (partselect       ) [ 0000]
trunc_ln72_237         (partselect       ) [ 0000]
trunc_ln72_238         (partselect       ) [ 0000]
tmp_14                 (sparsemux        ) [ 0000]
add_ln72_14            (add              ) [ 0000]
trunc_ln72_239         (partselect       ) [ 0000]
trunc_ln72_240         (partselect       ) [ 0000]
trunc_ln72_241         (partselect       ) [ 0000]
trunc_ln72_242         (partselect       ) [ 0000]
trunc_ln72_243         (partselect       ) [ 0000]
trunc_ln72_244         (partselect       ) [ 0000]
trunc_ln72_245         (partselect       ) [ 0000]
trunc_ln72_246         (partselect       ) [ 0000]
trunc_ln72_247         (partselect       ) [ 0000]
trunc_ln72_248         (partselect       ) [ 0000]
trunc_ln72_249         (partselect       ) [ 0000]
trunc_ln72_250         (partselect       ) [ 0000]
trunc_ln72_251         (partselect       ) [ 0000]
trunc_ln72_252         (partselect       ) [ 0000]
trunc_ln72_253         (partselect       ) [ 0000]
trunc_ln72_254         (partselect       ) [ 0000]
tmp_15                 (sparsemux        ) [ 0000]
add_ln72_15            (add              ) [ 0000]
or_ln72_s              (bitconcatenate   ) [ 0000]
store_ln72             (store            ) [ 0000]
br_ln72                (br               ) [ 0000]
store_ln72             (store            ) [ 0000]
br_ln72                (br               ) [ 0000]
store_ln72             (store            ) [ 0000]
br_ln72                (br               ) [ 0000]
store_ln72             (store            ) [ 0000]
br_ln72                (br               ) [ 0000]
store_ln72             (store            ) [ 0000]
br_ln72                (br               ) [ 0000]
store_ln72             (store            ) [ 0000]
br_ln72                (br               ) [ 0000]
store_ln72             (store            ) [ 0000]
br_ln72                (br               ) [ 0000]
store_ln72             (store            ) [ 0000]
br_ln72                (br               ) [ 0000]
store_ln72             (store            ) [ 0000]
br_ln72                (br               ) [ 0000]
store_ln72             (store            ) [ 0000]
br_ln72                (br               ) [ 0000]
store_ln72             (store            ) [ 0000]
br_ln72                (br               ) [ 0000]
store_ln72             (store            ) [ 0000]
br_ln72                (br               ) [ 0000]
store_ln72             (store            ) [ 0000]
br_ln72                (br               ) [ 0000]
store_ln72             (store            ) [ 0000]
br_ln72                (br               ) [ 0000]
store_ln72             (store            ) [ 0000]
br_ln72                (br               ) [ 0000]
store_ln72             (store            ) [ 0000]
br_ln72                (br               ) [ 0000]
AB_block_0_2_load_1    (load             ) [ 0000]
AB_block_1_2_load_1    (load             ) [ 0000]
AB_block_2_2_load_1    (load             ) [ 0000]
AB_block_3_2_load_1    (load             ) [ 0000]
AB_block_4_2_load_1    (load             ) [ 0000]
AB_block_5_2_load_1    (load             ) [ 0000]
AB_block_6_2_load_1    (load             ) [ 0000]
AB_block_7_2_load_1    (load             ) [ 0000]
AB_block_8_2_load_1    (load             ) [ 0000]
AB_block_9_2_load_1    (load             ) [ 0000]
AB_block_10_2_load_1   (load             ) [ 0000]
AB_block_11_2_load_1   (load             ) [ 0000]
AB_block_12_2_load_1   (load             ) [ 0000]
AB_block_13_2_load_1   (load             ) [ 0000]
AB_block_14_2_load_1   (load             ) [ 0000]
AB_block_15_2_load_1   (load             ) [ 0000]
write_ln0              (write            ) [ 0000]
write_ln0              (write            ) [ 0000]
write_ln0              (write            ) [ 0000]
write_ln0              (write            ) [ 0000]
write_ln0              (write            ) [ 0000]
write_ln0              (write            ) [ 0000]
write_ln0              (write            ) [ 0000]
write_ln0              (write            ) [ 0000]
write_ln0              (write            ) [ 0000]
write_ln0              (write            ) [ 0000]
write_ln0              (write            ) [ 0000]
write_ln0              (write            ) [ 0000]
write_ln0              (write            ) [ 0000]
write_ln0              (write            ) [ 0000]
write_ln0              (write            ) [ 0000]
write_ln0              (write            ) [ 0000]
ret_ln0                (ret              ) [ 0000]
</LifeTime>

<model>

<comp_list>
<comp id="0" class="1000" name="AB_block_15_1">
<pin_list>
<pin id="1" dir="1" index="0" bw="1" slack="0"/>
</pin_list>
<bind>
<StgValue><ssdm name="AB_block_15_1"/></StgValue>
</bind>
</comp>

<comp id="2" class="1000" name="AB_block_14_1">
<pin_list>
<pin id="3" dir="1" index="0" bw="1" slack="0"/>
</pin_list>
<bind>
<StgValue><ssdm name="AB_block_14_1"/></StgValue>
</bind>
</comp>

<comp id="4" class="1000" name="AB_block_13_1">
<pin_list>
<pin id="5" dir="1" index="0" bw="1" slack="0"/>
</pin_list>
<bind>
<StgValue><ssdm name="AB_block_13_1"/></StgValue>
</bind>
</comp>

<comp id="6" class="1000" name="AB_block_12_1">
<pin_list>
<pin id="7" dir="1" index="0" bw="1" slack="0"/>
</pin_list>
<bind>
<StgValue><ssdm name="AB_block_12_1"/></StgValue>
</bind>
</comp>

<comp id="8" class="1000" name="AB_block_11_1">
<pin_list>
<pin id="9" dir="1" index="0" bw="1" slack="0"/>
</pin_list>
<bind>
<StgValue><ssdm name="AB_block_11_1"/></StgValue>
</bind>
</comp>

<comp id="10" class="1000" name="AB_block_10_1">
<pin_list>
<pin id="11" dir="1" index="0" bw="1" slack="0"/>
</pin_list>
<bind>
<StgValue><ssdm name="AB_block_10_1"/></StgValue>
</bind>
</comp>

<comp id="12" class="1000" name="AB_block_9_1">
<pin_list>
<pin id="13" dir="1" index="0" bw="1" slack="0"/>
</pin_list>
<bind>
<StgValue><ssdm name="AB_block_9_1"/></StgValue>
</bind>
</comp>

<comp id="14" class="1000" name="AB_block_8_1">
<pin_list>
<pin id="15" dir="1" index="0" bw="1" slack="0"/>
</pin_list>
<bind>
<StgValue><ssdm name="AB_block_8_1"/></StgValue>
</bind>
</comp>

<comp id="16" class="1000" name="AB_block_7_1">
<pin_list>
<pin id="17" dir="1" index="0" bw="1" slack="0"/>
</pin_list>
<bind>
<StgValue><ssdm name="AB_block_7_1"/></StgValue>
</bind>
</comp>

<comp id="18" class="1000" name="AB_block_6_1">
<pin_list>
<pin id="19" dir="1" index="0" bw="1" slack="0"/>
</pin_list>
<bind>
<StgValue><ssdm name="AB_block_6_1"/></StgValue>
</bind>
</comp>

<comp id="20" class="1000" name="AB_block_5_1">
<pin_list>
<pin id="21" dir="1" index="0" bw="1" slack="0"/>
</pin_list>
<bind>
<StgValue><ssdm name="AB_block_5_1"/></StgValue>
</bind>
</comp>

<comp id="22" class="1000" name="AB_block_4_1">
<pin_list>
<pin id="23" dir="1" index="0" bw="1" slack="0"/>
</pin_list>
<bind>
<StgValue><ssdm name="AB_block_4_1"/></StgValue>
</bind>
</comp>

<comp id="24" class="1000" name="AB_block_3_1">
<pin_list>
<pin id="25" dir="1" index="0" bw="1" slack="0"/>
</pin_list>
<bind>
<StgValue><ssdm name="AB_block_3_1"/></StgValue>
</bind>
</comp>

<comp id="26" class="1000" name="AB_block_2_1">
<pin_list>
<pin id="27" dir="1" index="0" bw="1" slack="0"/>
</pin_list>
<bind>
<StgValue><ssdm name="AB_block_2_1"/></StgValue>
</bind>
</comp>

<comp id="28" class="1000" name="AB_block_1_1">
<pin_list>
<pin id="29" dir="1" index="0" bw="1" slack="0"/>
</pin_list>
<bind>
<StgValue><ssdm name="AB_block_1_1"/></StgValue>
</bind>
</comp>

<comp id="30" class="1000" name="AB_block_0_1">
<pin_list>
<pin id="31" dir="1" index="0" bw="1" slack="0"/>
</pin_list>
<bind>
<StgValue><ssdm name="AB_block_0_1"/></StgValue>
</bind>
</comp>

<comp id="32" class="1000" name="gmem_load_17">
<pin_list>
<pin id="33" dir="1" index="0" bw="1" slack="0"/>
</pin_list>
<bind>
<StgValue><ssdm name="gmem_load_17"/></StgValue>
</bind>
</comp>

<comp id="34" class="1000" name="empty">
<pin_list>
<pin id="35" dir="1" index="0" bw="1" slack="0"/>
</pin_list>
<bind>
<StgValue><ssdm name="empty"/></StgValue>
</bind>
</comp>

<comp id="36" class="1000" name="trunc_ln63_1">
<pin_list>
<pin id="37" dir="1" index="0" bw="1" slack="0"/>
</pin_list>
<bind>
<StgValue><ssdm name="trunc_ln63_1"/></StgValue>
</bind>
</comp>

<comp id="38" class="1000" name="trunc_ln63_2">
<pin_list>
<pin id="39" dir="1" index="0" bw="1" slack="0"/>
</pin_list>
<bind>
<StgValue><ssdm name="trunc_ln63_2"/></StgValue>
</bind>
</comp>

<comp id="40" class="1000" name="trunc_ln63_3">
<pin_list>
<pin id="41" dir="1" index="0" bw="1" slack="0"/>
</pin_list>
<bind>
<StgValue><ssdm name="trunc_ln63_3"/></StgValue>
</bind>
</comp>

<comp id="42" class="1000" name="trunc_ln63_4">
<pin_list>
<pin id="43" dir="1" index="0" bw="1" slack="0"/>
</pin_list>
<bind>
<StgValue><ssdm name="trunc_ln63_4"/></StgValue>
</bind>
</comp>

<comp id="44" class="1000" name="trunc_ln63_5">
<pin_list>
<pin id="45" dir="1" index="0" bw="1" slack="0"/>
</pin_list>
<bind>
<StgValue><ssdm name="trunc_ln63_5"/></StgValue>
</bind>
</comp>

<comp id="46" class="1000" name="trunc_ln63_6">
<pin_list>
<pin id="47" dir="1" index="0" bw="1" slack="0"/>
</pin_list>
<bind>
<StgValue><ssdm name="trunc_ln63_6"/></StgValue>
</bind>
</comp>

<comp id="48" class="1000" name="trunc_ln63_7">
<pin_list>
<pin id="49" dir="1" index="0" bw="1" slack="0"/>
</pin_list>
<bind>
<StgValue><ssdm name="trunc_ln63_7"/></StgValue>
</bind>
</comp>

<comp id="50" class="1000" name="trunc_ln63_8">
<pin_list>
<pin id="51" dir="1" index="0" bw="1" slack="0"/>
</pin_list>
<bind>
<StgValue><ssdm name="trunc_ln63_8"/></StgValue>
</bind>
</comp>

<comp id="52" class="1000" name="trunc_ln63_9">
<pin_list>
<pin id="53" dir="1" index="0" bw="1" slack="0"/>
</pin_list>
<bind>
<StgValue><ssdm name="trunc_ln63_9"/></StgValue>
</bind>
</comp>

<comp id="54" class="1000" name="trunc_ln63_10">
<pin_list>
<pin id="55" dir="1" index="0" bw="1" slack="0"/>
</pin_list>
<bind>
<StgValue><ssdm name="trunc_ln63_10"/></StgValue>
</bind>
</comp>

<comp id="56" class="1000" name="trunc_ln63_11">
<pin_list>
<pin id="57" dir="1" index="0" bw="1" slack="0"/>
</pin_list>
<bind>
<StgValue><ssdm name="trunc_ln63_11"/></StgValue>
</bind>
</comp>

<comp id="58" class="1000" name="trunc_ln63_12">
<pin_list>
<pin id="59" dir="1" index="0" bw="1" slack="0"/>
</pin_list>
<bind>
<StgValue><ssdm name="trunc_ln63_12"/></StgValue>
</bind>
</comp>

<comp id="60" class="1000" name="trunc_ln63_13">
<pin_list>
<pin id="61" dir="1" index="0" bw="1" slack="0"/>
</pin_list>
<bind>
<StgValue><ssdm name="trunc_ln63_13"/></StgValue>
</bind>
</comp>

<comp id="62" class="1000" name="trunc_ln63_14">
<pin_list>
<pin id="63" dir="1" index="0" bw="1" slack="0"/>
</pin_list>
<bind>
<StgValue><ssdm name="trunc_ln63_14"/></StgValue>
</bind>
</comp>

<comp id="64" class="1000" name="trunc_ln63_15">
<pin_list>
<pin id="65" dir="1" index="0" bw="1" slack="0"/>
</pin_list>
<bind>
<StgValue><ssdm name="trunc_ln63_15"/></StgValue>
</bind>
</comp>

<comp id="66" class="1000" name="AB_block_15_2_out">
<pin_list>
<pin id="67" dir="1" index="0" bw="1" slack="0"/>
</pin_list>
<bind>
<StgValue><ssdm name="AB_block_15_2_out"/></StgValue>
</bind>
</comp>

<comp id="68" class="1000" name="AB_block_14_2_out">
<pin_list>
<pin id="69" dir="1" index="0" bw="1" slack="0"/>
</pin_list>
<bind>
<StgValue><ssdm name="AB_block_14_2_out"/></StgValue>
</bind>
</comp>

<comp id="70" class="1000" name="AB_block_13_2_out">
<pin_list>
<pin id="71" dir="1" index="0" bw="1" slack="0"/>
</pin_list>
<bind>
<StgValue><ssdm name="AB_block_13_2_out"/></StgValue>
</bind>
</comp>

<comp id="72" class="1000" name="AB_block_12_2_out">
<pin_list>
<pin id="73" dir="1" index="0" bw="1" slack="0"/>
</pin_list>
<bind>
<StgValue><ssdm name="AB_block_12_2_out"/></StgValue>
</bind>
</comp>

<comp id="74" class="1000" name="AB_block_11_2_out">
<pin_list>
<pin id="75" dir="1" index="0" bw="1" slack="0"/>
</pin_list>
<bind>
<StgValue><ssdm name="AB_block_11_2_out"/></StgValue>
</bind>
</comp>

<comp id="76" class="1000" name="AB_block_10_2_out">
<pin_list>
<pin id="77" dir="1" index="0" bw="1" slack="0"/>
</pin_list>
<bind>
<StgValue><ssdm name="AB_block_10_2_out"/></StgValue>
</bind>
</comp>

<comp id="78" class="1000" name="AB_block_9_2_out">
<pin_list>
<pin id="79" dir="1" index="0" bw="1" slack="0"/>
</pin_list>
<bind>
<StgValue><ssdm name="AB_block_9_2_out"/></StgValue>
</bind>
</comp>

<comp id="80" class="1000" name="AB_block_8_2_out">
<pin_list>
<pin id="81" dir="1" index="0" bw="1" slack="0"/>
</pin_list>
<bind>
<StgValue><ssdm name="AB_block_8_2_out"/></StgValue>
</bind>
</comp>

<comp id="82" class="1000" name="AB_block_7_2_out">
<pin_list>
<pin id="83" dir="1" index="0" bw="1" slack="0"/>
</pin_list>
<bind>
<StgValue><ssdm name="AB_block_7_2_out"/></StgValue>
</bind>
</comp>

<comp id="84" class="1000" name="AB_block_6_2_out">
<pin_list>
<pin id="85" dir="1" index="0" bw="1" slack="0"/>
</pin_list>
<bind>
<StgValue><ssdm name="AB_block_6_2_out"/></StgValue>
</bind>
</comp>

<comp id="86" class="1000" name="AB_block_5_2_out">
<pin_list>
<pin id="87" dir="1" index="0" bw="1" slack="0"/>
</pin_list>
<bind>
<StgValue><ssdm name="AB_block_5_2_out"/></StgValue>
</bind>
</comp>

<comp id="88" class="1000" name="AB_block_4_2_out">
<pin_list>
<pin id="89" dir="1" index="0" bw="1" slack="0"/>
</pin_list>
<bind>
<StgValue><ssdm name="AB_block_4_2_out"/></StgValue>
</bind>
</comp>

<comp id="90" class="1000" name="AB_block_3_2_out">
<pin_list>
<pin id="91" dir="1" index="0" bw="1" slack="0"/>
</pin_list>
<bind>
<StgValue><ssdm name="AB_block_3_2_out"/></StgValue>
</bind>
</comp>

<comp id="92" class="1000" name="AB_block_2_2_out">
<pin_list>
<pin id="93" dir="1" index="0" bw="1" slack="0"/>
</pin_list>
<bind>
<StgValue><ssdm name="AB_block_2_2_out"/></StgValue>
</bind>
</comp>

<comp id="94" class="1000" name="AB_block_1_2_out">
<pin_list>
<pin id="95" dir="1" index="0" bw="1" slack="0"/>
</pin_list>
<bind>
<StgValue><ssdm name="AB_block_1_2_out"/></StgValue>
</bind>
</comp>

<comp id="96" class="1000" name="AB_block_0_2_out">
<pin_list>
<pin id="97" dir="1" index="0" bw="1" slack="0"/>
</pin_list>
<bind>
<StgValue><ssdm name="AB_block_0_2_out"/></StgValue>
</bind>
</comp>

<comp id="98" class="1001" name="const_98">
<pin_list>
<pin id="99" dir="1" index="0" bw="1" slack="0"/>
</pin_list>
<bind>
<StgValue><ssdm name=""/></StgValue>
</bind>
</comp>

<comp id="100" class="1001" name="const_100">
<pin_list>
<pin id="101" dir="1" index="0" bw="1" slack="0"/>
</pin_list>
<bind>
<StgValue><ssdm name="_ssdm_op_Read.ap_auto.i32"/></StgValue>
</bind>
</comp>

<comp id="102" class="1001" name="const_102">
<pin_list>
<pin id="103" dir="1" index="0" bw="1" slack="0"/>
</pin_list>
<bind>
<StgValue><ssdm name="_ssdm_op_Read.ap_auto.i512"/></StgValue>
</bind>
</comp>

<comp id="104" class="1001" name="const_104">
<pin_list>
<pin id="105" dir="1" index="0" bw="1" slack="0"/>
</pin_list>
<bind>
<StgValue><ssdm name=""/></StgValue>
</bind>
</comp>

<comp id="106" class="1001" name="const_106">
<pin_list>
<pin id="107" dir="1" index="0" bw="1" slack="0"/>
</pin_list>
<bind>
<StgValue><ssdm name=""/></StgValue>
</bind>
</comp>

<comp id="108" class="1001" name="const_108">
<pin_list>
<pin id="109" dir="1" index="0" bw="1" slack="0"/>
</pin_list>
<bind>
<StgValue><ssdm name=""/></StgValue>
</bind>
</comp>

<comp id="110" class="1001" name="const_110">
<pin_list>
<pin id="111" dir="1" index="0" bw="1" slack="0"/>
</pin_list>
<bind>
<StgValue><ssdm name="_ssdm_op_BitConcatenate.i9.i4.i5"/></StgValue>
</bind>
</comp>

<comp id="112" class="1001" name="const_112">
<pin_list>
<pin id="113" dir="1" index="0" bw="1" slack="0"/>
</pin_list>
<bind>
<StgValue><ssdm name=""/></StgValue>
</bind>
</comp>

<comp id="114" class="1001" name="const_114">
<pin_list>
<pin id="115" dir="1" index="0" bw="1" slack="0"/>
</pin_list>
<bind>
<StgValue><ssdm name=""/></StgValue>
</bind>
</comp>

<comp id="116" class="1001" name="const_116">
<pin_list>
<pin id="117" dir="1" index="0" bw="1" slack="0"/>
</pin_list>
<bind>
<StgValue><ssdm name=""/></StgValue>
</bind>
</comp>

<comp id="118" class="1001" name="const_118">
<pin_list>
<pin id="119" dir="1" index="0" bw="1" slack="0"/>
</pin_list>
<bind>
<StgValue><ssdm name=""/></StgValue>
</bind>
</comp>

<comp id="120" class="1001" name="const_120">
<pin_list>
<pin id="121" dir="1" index="0" bw="1" slack="0"/>
</pin_list>
<bind>
<StgValue><ssdm name=""/></StgValue>
</bind>
</comp>

<comp id="122" class="1001" name="const_122">
<pin_list>
<pin id="123" dir="1" index="0" bw="1" slack="0"/>
</pin_list>
<bind>
<StgValue><ssdm name=""/></StgValue>
</bind>
</comp>

<comp id="124" class="1001" name="const_124">
<pin_list>
<pin id="125" dir="1" index="0" bw="1" slack="0"/>
</pin_list>
<bind>
<StgValue><ssdm name=""/></StgValue>
</bind>
</comp>

<comp id="126" class="1001" name="const_126">
<pin_list>
<pin id="127" dir="1" index="0" bw="1" slack="0"/>
</pin_list>
<bind>
<StgValue><ssdm name=""/></StgValue>
</bind>
</comp>

<comp id="128" class="1001" name="const_128">
<pin_list>
<pin id="129" dir="1" index="0" bw="1" slack="0"/>
</pin_list>
<bind>
<StgValue><ssdm name=""/></StgValue>
</bind>
</comp>

<comp id="130" class="1001" name="const_130">
<pin_list>
<pin id="131" dir="1" index="0" bw="1" slack="0"/>
</pin_list>
<bind>
<StgValue><ssdm name=""/></StgValue>
</bind>
</comp>

<comp id="132" class="1001" name="const_132">
<pin_list>
<pin id="133" dir="1" index="0" bw="1" slack="0"/>
</pin_list>
<bind>
<StgValue><ssdm name=""/></StgValue>
</bind>
</comp>

<comp id="134" class="1001" name="const_134">
<pin_list>
<pin id="135" dir="1" index="0" bw="1" slack="0"/>
</pin_list>
<bind>
<StgValue><ssdm name=""/></StgValue>
</bind>
</comp>

<comp id="136" class="1001" name="const_136">
<pin_list>
<pin id="137" dir="1" index="0" bw="1" slack="0"/>
</pin_list>
<bind>
<StgValue><ssdm name=""/></StgValue>
</bind>
</comp>

<comp id="138" class="1001" name="const_138">
<pin_list>
<pin id="139" dir="1" index="0" bw="1" slack="0"/>
</pin_list>
<bind>
<StgValue><ssdm name=""/></StgValue>
</bind>
</comp>

<comp id="140" class="1001" name="const_140">
<pin_list>
<pin id="141" dir="1" index="0" bw="1" slack="0"/>
</pin_list>
<bind>
<StgValue><ssdm name=""/></StgValue>
</bind>
</comp>

<comp id="142" class="1001" name="const_142">
<pin_list>
<pin id="143" dir="1" index="0" bw="1" slack="2147483647"/>
</pin_list>
<bind>
<StgValue><ssdm name="_ssdm_op_SpecPipeline"/></StgValue>
</bind>
</comp>

<comp id="144" class="1001" name="const_144">
<pin_list>
<pin id="145" dir="1" index="0" bw="1" slack="2147483647"/>
</pin_list>
<bind>
<StgValue><ssdm name=""/></StgValue>
</bind>
</comp>

<comp id="146" class="1001" name="const_146">
<pin_list>
<pin id="147" dir="1" index="0" bw="1" slack="2147483647"/>
</pin_list>
<bind>
<StgValue><ssdm name="empty_0"/></StgValue>
</bind>
</comp>

<comp id="148" class="1001" name="const_148">
<pin_list>
<pin id="149" dir="1" index="0" bw="1" slack="2147483647"/>
</pin_list>
<bind>
<StgValue><ssdm name="_ssdm_op_SpecLoopTripCount"/></StgValue>
</bind>
</comp>

<comp id="150" class="1001" name="const_150">
<pin_list>
<pin id="151" dir="1" index="0" bw="1" slack="2147483647"/>
</pin_list>
<bind>
<StgValue><ssdm name=""/></StgValue>
</bind>
</comp>

<comp id="152" class="1001" name="const_152">
<pin_list>
<pin id="153" dir="1" index="0" bw="1" slack="2147483647"/>
</pin_list>
<bind>
<StgValue><ssdm name="_ssdm_op_SpecLoopName"/></StgValue>
</bind>
</comp>

<comp id="154" class="1001" name="const_154">
<pin_list>
<pin id="155" dir="1" index="0" bw="1" slack="2147483647"/>
</pin_list>
<bind>
<StgValue><ssdm name="empty_16"/></StgValue>
</bind>
</comp>

<comp id="156" class="1001" name="const_156">
<pin_list>
<pin id="157" dir="1" index="0" bw="1" slack="0"/>
</pin_list>
<bind>
<StgValue><ssdm name="_ssdm_op_SparseMux.ap_auto.16i32.i32.i4"/></StgValue>
</bind>
</comp>

<comp id="158" class="1001" name="const_158">
<pin_list>
<pin id="159" dir="1" index="0" bw="1" slack="0"/>
</pin_list>
<bind>
<StgValue><ssdm name=""/></StgValue>
</bind>
</comp>

<comp id="160" class="1001" name="const_160">
<pin_list>
<pin id="161" dir="1" index="0" bw="1" slack="0"/>
</pin_list>
<bind>
<StgValue><ssdm name=""/></StgValue>
</bind>
</comp>

<comp id="162" class="1001" name="const_162">
<pin_list>
<pin id="163" dir="1" index="0" bw="1" slack="0"/>
</pin_list>
<bind>
<StgValue><ssdm name="_ssdm_op_PartSelect.i32.i512.i32.i32"/></StgValue>
</bind>
</comp>

<comp id="164" class="1001" name="const_164">
<pin_list>
<pin id="165" dir="1" index="0" bw="1" slack="0"/>
</pin_list>
<bind>
<StgValue><ssdm name=""/></StgValue>
</bind>
</comp>

<comp id="166" class="1001" name="const_166">
<pin_list>
<pin id="167" dir="1" index="0" bw="1" slack="0"/>
</pin_list>
<bind>
<StgValue><ssdm name=""/></StgValue>
</bind>
</comp>

<comp id="168" class="1001" name="const_168">
<pin_list>
<pin id="169" dir="1" index="0" bw="1" slack="0"/>
</pin_list>
<bind>
<StgValue><ssdm name=""/></StgValue>
</bind>
</comp>

<comp id="170" class="1001" name="const_170">
<pin_list>
<pin id="171" dir="1" index="0" bw="1" slack="0"/>
</pin_list>
<bind>
<StgValue><ssdm name=""/></StgValue>
</bind>
</comp>

<comp id="172" class="1001" name="const_172">
<pin_list>
<pin id="173" dir="1" index="0" bw="1" slack="0"/>
</pin_list>
<bind>
<StgValue><ssdm name=""/></StgValue>
</bind>
</comp>

<comp id="174" class="1001" name="const_174">
<pin_list>
<pin id="175" dir="1" index="0" bw="1" slack="0"/>
</pin_list>
<bind>
<StgValue><ssdm name=""/></StgValue>
</bind>
</comp>

<comp id="176" class="1001" name="const_176">
<pin_list>
<pin id="177" dir="1" index="0" bw="1" slack="0"/>
</pin_list>
<bind>
<StgValue><ssdm name=""/></StgValue>
</bind>
</comp>

<comp id="178" class="1001" name="const_178">
<pin_list>
<pin id="179" dir="1" index="0" bw="1" slack="0"/>
</pin_list>
<bind>
<StgValue><ssdm name=""/></StgValue>
</bind>
</comp>

<comp id="180" class="1001" name="const_180">
<pin_list>
<pin id="181" dir="1" index="0" bw="1" slack="0"/>
</pin_list>
<bind>
<StgValue><ssdm name=""/></StgValue>
</bind>
</comp>

<comp id="182" class="1001" name="const_182">
<pin_list>
<pin id="183" dir="1" index="0" bw="1" slack="0"/>
</pin_list>
<bind>
<StgValue><ssdm name=""/></StgValue>
</bind>
</comp>

<comp id="184" class="1001" name="const_184">
<pin_list>
<pin id="185" dir="1" index="0" bw="1" slack="0"/>
</pin_list>
<bind>
<StgValue><ssdm name=""/></StgValue>
</bind>
</comp>

<comp id="186" class="1001" name="const_186">
<pin_list>
<pin id="187" dir="1" index="0" bw="1" slack="0"/>
</pin_list>
<bind>
<StgValue><ssdm name=""/></StgValue>
</bind>
</comp>

<comp id="188" class="1001" name="const_188">
<pin_list>
<pin id="189" dir="1" index="0" bw="1" slack="0"/>
</pin_list>
<bind>
<StgValue><ssdm name=""/></StgValue>
</bind>
</comp>

<comp id="190" class="1001" name="const_190">
<pin_list>
<pin id="191" dir="1" index="0" bw="1" slack="0"/>
</pin_list>
<bind>
<StgValue><ssdm name=""/></StgValue>
</bind>
</comp>

<comp id="192" class="1001" name="const_192">
<pin_list>
<pin id="193" dir="1" index="0" bw="1" slack="0"/>
</pin_list>
<bind>
<StgValue><ssdm name=""/></StgValue>
</bind>
</comp>

<comp id="194" class="1001" name="const_194">
<pin_list>
<pin id="195" dir="1" index="0" bw="1" slack="0"/>
</pin_list>
<bind>
<StgValue><ssdm name=""/></StgValue>
</bind>
</comp>

<comp id="196" class="1001" name="const_196">
<pin_list>
<pin id="197" dir="1" index="0" bw="1" slack="0"/>
</pin_list>
<bind>
<StgValue><ssdm name=""/></StgValue>
</bind>
</comp>

<comp id="198" class="1001" name="const_198">
<pin_list>
<pin id="199" dir="1" index="0" bw="1" slack="0"/>
</pin_list>
<bind>
<StgValue><ssdm name=""/></StgValue>
</bind>
</comp>

<comp id="200" class="1001" name="const_200">
<pin_list>
<pin id="201" dir="1" index="0" bw="1" slack="0"/>
</pin_list>
<bind>
<StgValue><ssdm name=""/></StgValue>
</bind>
</comp>

<comp id="202" class="1001" name="const_202">
<pin_list>
<pin id="203" dir="1" index="0" bw="1" slack="0"/>
</pin_list>
<bind>
<StgValue><ssdm name=""/></StgValue>
</bind>
</comp>

<comp id="204" class="1001" name="const_204">
<pin_list>
<pin id="205" dir="1" index="0" bw="1" slack="0"/>
</pin_list>
<bind>
<StgValue><ssdm name=""/></StgValue>
</bind>
</comp>

<comp id="206" class="1001" name="const_206">
<pin_list>
<pin id="207" dir="1" index="0" bw="1" slack="0"/>
</pin_list>
<bind>
<StgValue><ssdm name=""/></StgValue>
</bind>
</comp>

<comp id="208" class="1001" name="const_208">
<pin_list>
<pin id="209" dir="1" index="0" bw="1" slack="0"/>
</pin_list>
<bind>
<StgValue><ssdm name=""/></StgValue>
</bind>
</comp>

<comp id="210" class="1001" name="const_210">
<pin_list>
<pin id="211" dir="1" index="0" bw="1" slack="0"/>
</pin_list>
<bind>
<StgValue><ssdm name=""/></StgValue>
</bind>
</comp>

<comp id="212" class="1001" name="const_212">
<pin_list>
<pin id="213" dir="1" index="0" bw="1" slack="0"/>
</pin_list>
<bind>
<StgValue><ssdm name=""/></StgValue>
</bind>
</comp>

<comp id="214" class="1001" name="const_214">
<pin_list>
<pin id="215" dir="1" index="0" bw="1" slack="0"/>
</pin_list>
<bind>
<StgValue><ssdm name=""/></StgValue>
</bind>
</comp>

<comp id="216" class="1001" name="const_216">
<pin_list>
<pin id="217" dir="1" index="0" bw="1" slack="0"/>
</pin_list>
<bind>
<StgValue><ssdm name=""/></StgValue>
</bind>
</comp>

<comp id="218" class="1001" name="const_218">
<pin_list>
<pin id="219" dir="1" index="0" bw="1" slack="0"/>
</pin_list>
<bind>
<StgValue><ssdm name=""/></StgValue>
</bind>
</comp>

<comp id="220" class="1001" name="const_220">
<pin_list>
<pin id="221" dir="1" index="0" bw="1" slack="0"/>
</pin_list>
<bind>
<StgValue><ssdm name=""/></StgValue>
</bind>
</comp>

<comp id="222" class="1001" name="const_222">
<pin_list>
<pin id="223" dir="1" index="0" bw="1" slack="0"/>
</pin_list>
<bind>
<StgValue><ssdm name=""/></StgValue>
</bind>
</comp>

<comp id="224" class="1001" name="const_224">
<pin_list>
<pin id="225" dir="1" index="0" bw="1" slack="0"/>
</pin_list>
<bind>
<StgValue><ssdm name="_ssdm_op_BitConcatenate.i512.i32.i32.i32.i32.i32.i32.i32.i32.i32.i32.i32.i32.i32.i32.i32.i32"/></StgValue>
</bind>
</comp>

<comp id="226" class="1001" name="const_226">
<pin_list>
<pin id="227" dir="1" index="0" bw="1" slack="0"/>
</pin_list>
<bind>
<StgValue><ssdm name="_ssdm_op_Write.ap_auto.i512P0A"/></StgValue>
</bind>
</comp>

<comp id="228" class="1004" name="i_fu_228">
<pin_list>
<pin id="229" dir="0" index="0" bw="1" slack="0"/>
<pin id="230" dir="1" index="1" bw="5" slack="0"/>
</pin_list>
<bind>
<opcode="alloca(26) " fcode="alloca"/>
<opset="i/1 "/>
</bind>
</comp>

<comp id="232" class="1004" name="AB_block_0_2_fu_232">
<pin_list>
<pin id="233" dir="0" index="0" bw="1" slack="0"/>
<pin id="234" dir="1" index="1" bw="512" slack="0"/>
</pin_list>
<bind>
<opcode="alloca(26) " fcode="alloca"/>
<opset="AB_block_0_2/1 "/>
</bind>
</comp>

<comp id="236" class="1004" name="AB_block_1_2_fu_236">
<pin_list>
<pin id="237" dir="0" index="0" bw="1" slack="0"/>
<pin id="238" dir="1" index="1" bw="512" slack="0"/>
</pin_list>
<bind>
<opcode="alloca(26) " fcode="alloca"/>
<opset="AB_block_1_2/1 "/>
</bind>
</comp>

<comp id="240" class="1004" name="AB_block_2_2_fu_240">
<pin_list>
<pin id="241" dir="0" index="0" bw="1" slack="0"/>
<pin id="242" dir="1" index="1" bw="512" slack="0"/>
</pin_list>
<bind>
<opcode="alloca(26) " fcode="alloca"/>
<opset="AB_block_2_2/1 "/>
</bind>
</comp>

<comp id="244" class="1004" name="AB_block_3_2_fu_244">
<pin_list>
<pin id="245" dir="0" index="0" bw="1" slack="0"/>
<pin id="246" dir="1" index="1" bw="512" slack="0"/>
</pin_list>
<bind>
<opcode="alloca(26) " fcode="alloca"/>
<opset="AB_block_3_2/1 "/>
</bind>
</comp>

<comp id="248" class="1004" name="AB_block_4_2_fu_248">
<pin_list>
<pin id="249" dir="0" index="0" bw="1" slack="0"/>
<pin id="250" dir="1" index="1" bw="512" slack="0"/>
</pin_list>
<bind>
<opcode="alloca(26) " fcode="alloca"/>
<opset="AB_block_4_2/1 "/>
</bind>
</comp>

<comp id="252" class="1004" name="AB_block_5_2_fu_252">
<pin_list>
<pin id="253" dir="0" index="0" bw="1" slack="0"/>
<pin id="254" dir="1" index="1" bw="512" slack="0"/>
</pin_list>
<bind>
<opcode="alloca(26) " fcode="alloca"/>
<opset="AB_block_5_2/1 "/>
</bind>
</comp>

<comp id="256" class="1004" name="AB_block_6_2_fu_256">
<pin_list>
<pin id="257" dir="0" index="0" bw="1" slack="0"/>
<pin id="258" dir="1" index="1" bw="512" slack="0"/>
</pin_list>
<bind>
<opcode="alloca(26) " fcode="alloca"/>
<opset="AB_block_6_2/1 "/>
</bind>
</comp>

<comp id="260" class="1004" name="AB_block_7_2_fu_260">
<pin_list>
<pin id="261" dir="0" index="0" bw="1" slack="0"/>
<pin id="262" dir="1" index="1" bw="512" slack="0"/>
</pin_list>
<bind>
<opcode="alloca(26) " fcode="alloca"/>
<opset="AB_block_7_2/1 "/>
</bind>
</comp>

<comp id="264" class="1004" name="AB_block_8_2_fu_264">
<pin_list>
<pin id="265" dir="0" index="0" bw="1" slack="0"/>
<pin id="266" dir="1" index="1" bw="512" slack="0"/>
</pin_list>
<bind>
<opcode="alloca(26) " fcode="alloca"/>
<opset="AB_block_8_2/1 "/>
</bind>
</comp>

<comp id="268" class="1004" name="AB_block_9_2_fu_268">
<pin_list>
<pin id="269" dir="0" index="0" bw="1" slack="0"/>
<pin id="270" dir="1" index="1" bw="512" slack="0"/>
</pin_list>
<bind>
<opcode="alloca(26) " fcode="alloca"/>
<opset="AB_block_9_2/1 "/>
</bind>
</comp>

<comp id="272" class="1004" name="AB_block_10_2_fu_272">
<pin_list>
<pin id="273" dir="0" index="0" bw="1" slack="0"/>
<pin id="274" dir="1" index="1" bw="512" slack="0"/>
</pin_list>
<bind>
<opcode="alloca(26) " fcode="alloca"/>
<opset="AB_block_10_2/1 "/>
</bind>
</comp>

<comp id="276" class="1004" name="AB_block_11_2_fu_276">
<pin_list>
<pin id="277" dir="0" index="0" bw="1" slack="0"/>
<pin id="278" dir="1" index="1" bw="512" slack="0"/>
</pin_list>
<bind>
<opcode="alloca(26) " fcode="alloca"/>
<opset="AB_block_11_2/1 "/>
</bind>
</comp>

<comp id="280" class="1004" name="AB_block_12_2_fu_280">
<pin_list>
<pin id="281" dir="0" index="0" bw="1" slack="0"/>
<pin id="282" dir="1" index="1" bw="512" slack="0"/>
</pin_list>
<bind>
<opcode="alloca(26) " fcode="alloca"/>
<opset="AB_block_12_2/1 "/>
</bind>
</comp>

<comp id="284" class="1004" name="AB_block_13_2_fu_284">
<pin_list>
<pin id="285" dir="0" index="0" bw="1" slack="0"/>
<pin id="286" dir="1" index="1" bw="512" slack="0"/>
</pin_list>
<bind>
<opcode="alloca(26) " fcode="alloca"/>
<opset="AB_block_13_2/1 "/>
</bind>
</comp>

<comp id="288" class="1004" name="AB_block_14_2_fu_288">
<pin_list>
<pin id="289" dir="0" index="0" bw="1" slack="0"/>
<pin id="290" dir="1" index="1" bw="512" slack="0"/>
</pin_list>
<bind>
<opcode="alloca(26) " fcode="alloca"/>
<opset="AB_block_14_2/1 "/>
</bind>
</comp>

<comp id="292" class="1004" name="AB_block_15_2_fu_292">
<pin_list>
<pin id="293" dir="0" index="0" bw="1" slack="0"/>
<pin id="294" dir="1" index="1" bw="512" slack="0"/>
</pin_list>
<bind>
<opcode="alloca(26) " fcode="alloca"/>
<opset="AB_block_15_2/1 "/>
</bind>
</comp>

<comp id="296" class="1004" name="trunc_ln63_15_read_read_fu_296">
<pin_list>
<pin id="297" dir="0" index="0" bw="32" slack="0"/>
<pin id="298" dir="0" index="1" bw="32" slack="0"/>
<pin id="299" dir="1" index="2" bw="32" slack="1"/>
</pin_list>
<bind>
<opcode="read(1150) " fcode="read"/>
<opset="trunc_ln63_15_read/1 "/>
</bind>
</comp>

<comp id="302" class="1004" name="trunc_ln63_14_read_read_fu_302">
<pin_list>
<pin id="303" dir="0" index="0" bw="32" slack="0"/>
<pin id="304" dir="0" index="1" bw="32" slack="0"/>
<pin id="305" dir="1" index="2" bw="32" slack="1"/>
</pin_list>
<bind>
<opcode="read(1150) " fcode="read"/>
<opset="trunc_ln63_14_read/1 "/>
</bind>
</comp>

<comp id="308" class="1004" name="trunc_ln63_13_read_read_fu_308">
<pin_list>
<pin id="309" dir="0" index="0" bw="32" slack="0"/>
<pin id="310" dir="0" index="1" bw="32" slack="0"/>
<pin id="311" dir="1" index="2" bw="32" slack="1"/>
</pin_list>
<bind>
<opcode="read(1150) " fcode="read"/>
<opset="trunc_ln63_13_read/1 "/>
</bind>
</comp>

<comp id="314" class="1004" name="trunc_ln63_12_read_read_fu_314">
<pin_list>
<pin id="315" dir="0" index="0" bw="32" slack="0"/>
<pin id="316" dir="0" index="1" bw="32" slack="0"/>
<pin id="317" dir="1" index="2" bw="32" slack="1"/>
</pin_list>
<bind>
<opcode="read(1150) " fcode="read"/>
<opset="trunc_ln63_12_read/1 "/>
</bind>
</comp>

<comp id="320" class="1004" name="trunc_ln63_11_read_read_fu_320">
<pin_list>
<pin id="321" dir="0" index="0" bw="32" slack="0"/>
<pin id="322" dir="0" index="1" bw="32" slack="0"/>
<pin id="323" dir="1" index="2" bw="32" slack="1"/>
</pin_list>
<bind>
<opcode="read(1150) " fcode="read"/>
<opset="trunc_ln63_11_read/1 "/>
</bind>
</comp>

<comp id="326" class="1004" name="trunc_ln63_10_read_read_fu_326">
<pin_list>
<pin id="327" dir="0" index="0" bw="32" slack="0"/>
<pin id="328" dir="0" index="1" bw="32" slack="0"/>
<pin id="329" dir="1" index="2" bw="32" slack="1"/>
</pin_list>
<bind>
<opcode="read(1150) " fcode="read"/>
<opset="trunc_ln63_10_read/1 "/>
</bind>
</comp>

<comp id="332" class="1004" name="trunc_ln63_9_read_read_fu_332">
<pin_list>
<pin id="333" dir="0" index="0" bw="32" slack="0"/>
<pin id="334" dir="0" index="1" bw="32" slack="0"/>
<pin id="335" dir="1" index="2" bw="32" slack="1"/>
</pin_list>
<bind>
<opcode="read(1150) " fcode="read"/>
<opset="trunc_ln63_9_read/1 "/>
</bind>
</comp>

<comp id="338" class="1004" name="trunc_ln63_8_read_read_fu_338">
<pin_list>
<pin id="339" dir="0" index="0" bw="32" slack="0"/>
<pin id="340" dir="0" index="1" bw="32" slack="0"/>
<pin id="341" dir="1" index="2" bw="32" slack="1"/>
</pin_list>
<bind>
<opcode="read(1150) " fcode="read"/>
<opset="trunc_ln63_8_read/1 "/>
</bind>
</comp>

<comp id="344" class="1004" name="trunc_ln63_7_read_read_fu_344">
<pin_list>
<pin id="345" dir="0" index="0" bw="32" slack="0"/>
<pin id="346" dir="0" index="1" bw="32" slack="0"/>
<pin id="347" dir="1" index="2" bw="32" slack="1"/>
</pin_list>
<bind>
<opcode="read(1150) " fcode="read"/>
<opset="trunc_ln63_7_read/1 "/>
</bind>
</comp>

<comp id="350" class="1004" name="trunc_ln63_6_read_read_fu_350">
<pin_list>
<pin id="351" dir="0" index="0" bw="32" slack="0"/>
<pin id="352" dir="0" index="1" bw="32" slack="0"/>
<pin id="353" dir="1" index="2" bw="32" slack="1"/>
</pin_list>
<bind>
<opcode="read(1150) " fcode="read"/>
<opset="trunc_ln63_6_read/1 "/>
</bind>
</comp>

<comp id="356" class="1004" name="trunc_ln63_5_read_read_fu_356">
<pin_list>
<pin id="357" dir="0" index="0" bw="32" slack="0"/>
<pin id="358" dir="0" index="1" bw="32" slack="0"/>
<pin id="359" dir="1" index="2" bw="32" slack="1"/>
</pin_list>
<bind>
<opcode="read(1150) " fcode="read"/>
<opset="trunc_ln63_5_read/1 "/>
</bind>
</comp>

<comp id="362" class="1004" name="trunc_ln63_4_read_read_fu_362">
<pin_list>
<pin id="363" dir="0" index="0" bw="32" slack="0"/>
<pin id="364" dir="0" index="1" bw="32" slack="0"/>
<pin id="365" dir="1" index="2" bw="32" slack="1"/>
</pin_list>
<bind>
<opcode="read(1150) " fcode="read"/>
<opset="trunc_ln63_4_read/1 "/>
</bind>
</comp>

<comp id="368" class="1004" name="trunc_ln63_3_read_read_fu_368">
<pin_list>
<pin id="369" dir="0" index="0" bw="32" slack="0"/>
<pin id="370" dir="0" index="1" bw="32" slack="0"/>
<pin id="371" dir="1" index="2" bw="32" slack="1"/>
</pin_list>
<bind>
<opcode="read(1150) " fcode="read"/>
<opset="trunc_ln63_3_read/1 "/>
</bind>
</comp>

<comp id="374" class="1004" name="trunc_ln63_2_read_read_fu_374">
<pin_list>
<pin id="375" dir="0" index="0" bw="32" slack="0"/>
<pin id="376" dir="0" index="1" bw="32" slack="0"/>
<pin id="377" dir="1" index="2" bw="32" slack="1"/>
</pin_list>
<bind>
<opcode="read(1150) " fcode="read"/>
<opset="trunc_ln63_2_read/1 "/>
</bind>
</comp>

<comp id="380" class="1004" name="trunc_ln63_1_read_read_fu_380">
<pin_list>
<pin id="381" dir="0" index="0" bw="32" slack="0"/>
<pin id="382" dir="0" index="1" bw="32" slack="0"/>
<pin id="383" dir="1" index="2" bw="32" slack="1"/>
</pin_list>
<bind>
<opcode="read(1150) " fcode="read"/>
<opset="trunc_ln63_1_read/1 "/>
</bind>
</comp>

<comp id="386" class="1004" name="tmp_read_fu_386">
<pin_list>
<pin id="387" dir="0" index="0" bw="32" slack="0"/>
<pin id="388" dir="0" index="1" bw="32" slack="0"/>
<pin id="389" dir="1" index="2" bw="32" slack="1"/>
</pin_list>
<bind>
<opcode="read(1150) " fcode="read"/>
<opset="tmp/1 "/>
</bind>
</comp>

<comp id="392" class="1004" name="gmem_load_17_read_read_fu_392">
<pin_list>
<pin id="393" dir="0" index="0" bw="512" slack="0"/>
<pin id="394" dir="0" index="1" bw="512" slack="0"/>
<pin id="395" dir="1" index="2" bw="512" slack="0"/>
</pin_list>
<bind>
<opcode="read(1150) " fcode="read"/>
<opset="gmem_load_17_read/1 "/>
</bind>
</comp>

<comp id="398" class="1004" name="AB_block_0_1_read_read_fu_398">
<pin_list>
<pin id="399" dir="0" index="0" bw="512" slack="0"/>
<pin id="400" dir="0" index="1" bw="512" slack="0"/>
<pin id="401" dir="1" index="2" bw="512" slack="0"/>
</pin_list>
<bind>
<opcode="read(1150) " fcode="read"/>
<opset="AB_block_0_1_read/1 "/>
</bind>
</comp>

<comp id="404" class="1004" name="AB_block_1_1_read_read_fu_404">
<pin_list>
<pin id="405" dir="0" index="0" bw="512" slack="0"/>
<pin id="406" dir="0" index="1" bw="512" slack="0"/>
<pin id="407" dir="1" index="2" bw="512" slack="0"/>
</pin_list>
<bind>
<opcode="read(1150) " fcode="read"/>
<opset="AB_block_1_1_read/1 "/>
</bind>
</comp>

<comp id="410" class="1004" name="AB_block_2_1_read_read_fu_410">
<pin_list>
<pin id="411" dir="0" index="0" bw="512" slack="0"/>
<pin id="412" dir="0" index="1" bw="512" slack="0"/>
<pin id="413" dir="1" index="2" bw="512" slack="0"/>
</pin_list>
<bind>
<opcode="read(1150) " fcode="read"/>
<opset="AB_block_2_1_read/1 "/>
</bind>
</comp>

<comp id="416" class="1004" name="AB_block_3_1_read_read_fu_416">
<pin_list>
<pin id="417" dir="0" index="0" bw="512" slack="0"/>
<pin id="418" dir="0" index="1" bw="512" slack="0"/>
<pin id="419" dir="1" index="2" bw="512" slack="0"/>
</pin_list>
<bind>
<opcode="read(1150) " fcode="read"/>
<opset="AB_block_3_1_read/1 "/>
</bind>
</comp>

<comp id="422" class="1004" name="AB_block_4_1_read_read_fu_422">
<pin_list>
<pin id="423" dir="0" index="0" bw="512" slack="0"/>
<pin id="424" dir="0" index="1" bw="512" slack="0"/>
<pin id="425" dir="1" index="2" bw="512" slack="0"/>
</pin_list>
<bind>
<opcode="read(1150) " fcode="read"/>
<opset="AB_block_4_1_read/1 "/>
</bind>
</comp>

<comp id="428" class="1004" name="AB_block_5_1_read_read_fu_428">
<pin_list>
<pin id="429" dir="0" index="0" bw="512" slack="0"/>
<pin id="430" dir="0" index="1" bw="512" slack="0"/>
<pin id="431" dir="1" index="2" bw="512" slack="0"/>
</pin_list>
<bind>
<opcode="read(1150) " fcode="read"/>
<opset="AB_block_5_1_read/1 "/>
</bind>
</comp>

<comp id="434" class="1004" name="AB_block_6_1_read_read_fu_434">
<pin_list>
<pin id="435" dir="0" index="0" bw="512" slack="0"/>
<pin id="436" dir="0" index="1" bw="512" slack="0"/>
<pin id="437" dir="1" index="2" bw="512" slack="0"/>
</pin_list>
<bind>
<opcode="read(1150) " fcode="read"/>
<opset="AB_block_6_1_read/1 "/>
</bind>
</comp>

<comp id="440" class="1004" name="AB_block_7_1_read_read_fu_440">
<pin_list>
<pin id="441" dir="0" index="0" bw="512" slack="0"/>
<pin id="442" dir="0" index="1" bw="512" slack="0"/>
<pin id="443" dir="1" index="2" bw="512" slack="0"/>
</pin_list>
<bind>
<opcode="read(1150) " fcode="read"/>
<opset="AB_block_7_1_read/1 "/>
</bind>
</comp>

<comp id="446" class="1004" name="AB_block_8_1_read_read_fu_446">
<pin_list>
<pin id="447" dir="0" index="0" bw="512" slack="0"/>
<pin id="448" dir="0" index="1" bw="512" slack="0"/>
<pin id="449" dir="1" index="2" bw="512" slack="0"/>
</pin_list>
<bind>
<opcode="read(1150) " fcode="read"/>
<opset="AB_block_8_1_read/1 "/>
</bind>
</comp>

<comp id="452" class="1004" name="AB_block_9_1_read_read_fu_452">
<pin_list>
<pin id="453" dir="0" index="0" bw="512" slack="0"/>
<pin id="454" dir="0" index="1" bw="512" slack="0"/>
<pin id="455" dir="1" index="2" bw="512" slack="0"/>
</pin_list>
<bind>
<opcode="read(1150) " fcode="read"/>
<opset="AB_block_9_1_read/1 "/>
</bind>
</comp>

<comp id="458" class="1004" name="AB_block_10_1_read_read_fu_458">
<pin_list>
<pin id="459" dir="0" index="0" bw="512" slack="0"/>
<pin id="460" dir="0" index="1" bw="512" slack="0"/>
<pin id="461" dir="1" index="2" bw="512" slack="0"/>
</pin_list>
<bind>
<opcode="read(1150) " fcode="read"/>
<opset="AB_block_10_1_read/1 "/>
</bind>
</comp>

<comp id="464" class="1004" name="AB_block_11_1_read_read_fu_464">
<pin_list>
<pin id="465" dir="0" index="0" bw="512" slack="0"/>
<pin id="466" dir="0" index="1" bw="512" slack="0"/>
<pin id="467" dir="1" index="2" bw="512" slack="0"/>
</pin_list>
<bind>
<opcode="read(1150) " fcode="read"/>
<opset="AB_block_11_1_read/1 "/>
</bind>
</comp>

<comp id="470" class="1004" name="AB_block_12_1_read_read_fu_470">
<pin_list>
<pin id="471" dir="0" index="0" bw="512" slack="0"/>
<pin id="472" dir="0" index="1" bw="512" slack="0"/>
<pin id="473" dir="1" index="2" bw="512" slack="0"/>
</pin_list>
<bind>
<opcode="read(1150) " fcode="read"/>
<opset="AB_block_12_1_read/1 "/>
</bind>
</comp>

<comp id="476" class="1004" name="AB_block_13_1_read_read_fu_476">
<pin_list>
<pin id="477" dir="0" index="0" bw="512" slack="0"/>
<pin id="478" dir="0" index="1" bw="512" slack="0"/>
<pin id="479" dir="1" index="2" bw="512" slack="0"/>
</pin_list>
<bind>
<opcode="read(1150) " fcode="read"/>
<opset="AB_block_13_1_read/1 "/>
</bind>
</comp>

<comp id="482" class="1004" name="AB_block_14_1_read_read_fu_482">
<pin_list>
<pin id="483" dir="0" index="0" bw="512" slack="0"/>
<pin id="484" dir="0" index="1" bw="512" slack="0"/>
<pin id="485" dir="1" index="2" bw="512" slack="0"/>
</pin_list>
<bind>
<opcode="read(1150) " fcode="read"/>
<opset="AB_block_14_1_read/1 "/>
</bind>
</comp>

<comp id="488" class="1004" name="AB_block_15_1_read_read_fu_488">
<pin_list>
<pin id="489" dir="0" index="0" bw="512" slack="0"/>
<pin id="490" dir="0" index="1" bw="512" slack="0"/>
<pin id="491" dir="1" index="2" bw="512" slack="0"/>
</pin_list>
<bind>
<opcode="read(1150) " fcode="read"/>
<opset="AB_block_15_1_read/1 "/>
</bind>
</comp>

<comp id="494" class="1004" name="write_ln0_write_fu_494">
<pin_list>
<pin id="495" dir="0" index="0" bw="0" slack="0"/>
<pin id="496" dir="0" index="1" bw="512" slack="0"/>
<pin id="497" dir="0" index="2" bw="512" slack="0"/>
<pin id="498" dir="1" index="3" bw="0" slack="2147483647"/>
</pin_list>
<bind>
<opcode="write(1151) " fcode="write"/>
<opset="write_ln0/2 "/>
</bind>
</comp>

<comp id="501" class="1004" name="write_ln0_write_fu_501">
<pin_list>
<pin id="502" dir="0" index="0" bw="0" slack="0"/>
<pin id="503" dir="0" index="1" bw="512" slack="0"/>
<pin id="504" dir="0" index="2" bw="512" slack="0"/>
<pin id="505" dir="1" index="3" bw="0" slack="2147483647"/>
</pin_list>
<bind>
<opcode="write(1151) " fcode="write"/>
<opset="write_ln0/2 "/>
</bind>
</comp>

<comp id="508" class="1004" name="write_ln0_write_fu_508">
<pin_list>
<pin id="509" dir="0" index="0" bw="0" slack="0"/>
<pin id="510" dir="0" index="1" bw="512" slack="0"/>
<pin id="511" dir="0" index="2" bw="512" slack="0"/>
<pin id="512" dir="1" index="3" bw="0" slack="2147483647"/>
</pin_list>
<bind>
<opcode="write(1151) " fcode="write"/>
<opset="write_ln0/2 "/>
</bind>
</comp>

<comp id="515" class="1004" name="write_ln0_write_fu_515">
<pin_list>
<pin id="516" dir="0" index="0" bw="0" slack="0"/>
<pin id="517" dir="0" index="1" bw="512" slack="0"/>
<pin id="518" dir="0" index="2" bw="512" slack="0"/>
<pin id="519" dir="1" index="3" bw="0" slack="2147483647"/>
</pin_list>
<bind>
<opcode="write(1151) " fcode="write"/>
<opset="write_ln0/2 "/>
</bind>
</comp>

<comp id="522" class="1004" name="write_ln0_write_fu_522">
<pin_list>
<pin id="523" dir="0" index="0" bw="0" slack="0"/>
<pin id="524" dir="0" index="1" bw="512" slack="0"/>
<pin id="525" dir="0" index="2" bw="512" slack="0"/>
<pin id="526" dir="1" index="3" bw="0" slack="2147483647"/>
</pin_list>
<bind>
<opcode="write(1151) " fcode="write"/>
<opset="write_ln0/2 "/>
</bind>
</comp>

<comp id="529" class="1004" name="write_ln0_write_fu_529">
<pin_list>
<pin id="530" dir="0" index="0" bw="0" slack="0"/>
<pin id="531" dir="0" index="1" bw="512" slack="0"/>
<pin id="532" dir="0" index="2" bw="512" slack="0"/>
<pin id="533" dir="1" index="3" bw="0" slack="2147483647"/>
</pin_list>
<bind>
<opcode="write(1151) " fcode="write"/>
<opset="write_ln0/2 "/>
</bind>
</comp>

<comp id="536" class="1004" name="write_ln0_write_fu_536">
<pin_list>
<pin id="537" dir="0" index="0" bw="0" slack="0"/>
<pin id="538" dir="0" index="1" bw="512" slack="0"/>
<pin id="539" dir="0" index="2" bw="512" slack="0"/>
<pin id="540" dir="1" index="3" bw="0" slack="2147483647"/>
</pin_list>
<bind>
<opcode="write(1151) " fcode="write"/>
<opset="write_ln0/2 "/>
</bind>
</comp>

<comp id="543" class="1004" name="write_ln0_write_fu_543">
<pin_list>
<pin id="544" dir="0" index="0" bw="0" slack="0"/>
<pin id="545" dir="0" index="1" bw="512" slack="0"/>
<pin id="546" dir="0" index="2" bw="512" slack="0"/>
<pin id="547" dir="1" index="3" bw="0" slack="2147483647"/>
</pin_list>
<bind>
<opcode="write(1151) " fcode="write"/>
<opset="write_ln0/2 "/>
</bind>
</comp>

<comp id="550" class="1004" name="write_ln0_write_fu_550">
<pin_list>
<pin id="551" dir="0" index="0" bw="0" slack="0"/>
<pin id="552" dir="0" index="1" bw="512" slack="0"/>
<pin id="553" dir="0" index="2" bw="512" slack="0"/>
<pin id="554" dir="1" index="3" bw="0" slack="2147483647"/>
</pin_list>
<bind>
<opcode="write(1151) " fcode="write"/>
<opset="write_ln0/2 "/>
</bind>
</comp>

<comp id="557" class="1004" name="write_ln0_write_fu_557">
<pin_list>
<pin id="558" dir="0" index="0" bw="0" slack="0"/>
<pin id="559" dir="0" index="1" bw="512" slack="0"/>
<pin id="560" dir="0" index="2" bw="512" slack="0"/>
<pin id="561" dir="1" index="3" bw="0" slack="2147483647"/>
</pin_list>
<bind>
<opcode="write(1151) " fcode="write"/>
<opset="write_ln0/2 "/>
</bind>
</comp>

<comp id="564" class="1004" name="write_ln0_write_fu_564">
<pin_list>
<pin id="565" dir="0" index="0" bw="0" slack="0"/>
<pin id="566" dir="0" index="1" bw="512" slack="0"/>
<pin id="567" dir="0" index="2" bw="512" slack="0"/>
<pin id="568" dir="1" index="3" bw="0" slack="2147483647"/>
</pin_list>
<bind>
<opcode="write(1151) " fcode="write"/>
<opset="write_ln0/2 "/>
</bind>
</comp>

<comp id="571" class="1004" name="write_ln0_write_fu_571">
<pin_list>
<pin id="572" dir="0" index="0" bw="0" slack="0"/>
<pin id="573" dir="0" index="1" bw="512" slack="0"/>
<pin id="574" dir="0" index="2" bw="512" slack="0"/>
<pin id="575" dir="1" index="3" bw="0" slack="2147483647"/>
</pin_list>
<bind>
<opcode="write(1151) " fcode="write"/>
<opset="write_ln0/2 "/>
</bind>
</comp>

<comp id="578" class="1004" name="write_ln0_write_fu_578">
<pin_list>
<pin id="579" dir="0" index="0" bw="0" slack="0"/>
<pin id="580" dir="0" index="1" bw="512" slack="0"/>
<pin id="581" dir="0" index="2" bw="512" slack="0"/>
<pin id="582" dir="1" index="3" bw="0" slack="2147483647"/>
</pin_list>
<bind>
<opcode="write(1151) " fcode="write"/>
<opset="write_ln0/2 "/>
</bind>
</comp>

<comp id="585" class="1004" name="write_ln0_write_fu_585">
<pin_list>
<pin id="586" dir="0" index="0" bw="0" slack="0"/>
<pin id="587" dir="0" index="1" bw="512" slack="0"/>
<pin id="588" dir="0" index="2" bw="512" slack="0"/>
<pin id="589" dir="1" index="3" bw="0" slack="2147483647"/>
</pin_list>
<bind>
<opcode="write(1151) " fcode="write"/>
<opset="write_ln0/2 "/>
</bind>
</comp>

<comp id="592" class="1004" name="write_ln0_write_fu_592">
<pin_list>
<pin id="593" dir="0" index="0" bw="0" slack="0"/>
<pin id="594" dir="0" index="1" bw="512" slack="0"/>
<pin id="595" dir="0" index="2" bw="512" slack="0"/>
<pin id="596" dir="1" index="3" bw="0" slack="2147483647"/>
</pin_list>
<bind>
<opcode="write(1151) " fcode="write"/>
<opset="write_ln0/2 "/>
</bind>
</comp>

<comp id="599" class="1004" name="write_ln0_write_fu_599">
<pin_list>
<pin id="600" dir="0" index="0" bw="0" slack="0"/>
<pin id="601" dir="0" index="1" bw="512" slack="0"/>
<pin id="602" dir="0" index="2" bw="512" slack="0"/>
<pin id="603" dir="1" index="3" bw="0" slack="2147483647"/>
</pin_list>
<bind>
<opcode="write(1151) " fcode="write"/>
<opset="write_ln0/2 "/>
</bind>
</comp>

<comp id="606" class="1004" name="mul_ln72_fu_606">
<pin_list>
<pin id="607" dir="0" index="0" bw="32" slack="1"/>
<pin id="608" dir="0" index="1" bw="32" slack="1"/>
<pin id="609" dir="1" index="2" bw="32" slack="1"/>
</pin_list>
<bind>
<opcode="mul(12) " fcode="mul"/>
<opset="mul_ln72/2 "/>
</bind>
</comp>

<comp id="610" class="1004" name="mul_ln72_1_fu_610">
<pin_list>
<pin id="611" dir="0" index="0" bw="32" slack="1"/>
<pin id="612" dir="0" index="1" bw="32" slack="1"/>
<pin id="613" dir="1" index="2" bw="32" slack="1"/>
</pin_list>
<bind>
<opcode="mul(12) " fcode="mul"/>
<opset="mul_ln72_1/2 "/>
</bind>
</comp>

<comp id="614" class="1004" name="mul_ln72_2_fu_614">
<pin_list>
<pin id="615" dir="0" index="0" bw="32" slack="1"/>
<pin id="616" dir="0" index="1" bw="32" slack="1"/>
<pin id="617" dir="1" index="2" bw="32" slack="1"/>
</pin_list>
<bind>
<opcode="mul(12) " fcode="mul"/>
<opset="mul_ln72_2/2 "/>
</bind>
</comp>

<comp id="618" class="1004" name="mul_ln72_3_fu_618">
<pin_list>
<pin id="619" dir="0" index="0" bw="32" slack="1"/>
<pin id="620" dir="0" index="1" bw="32" slack="1"/>
<pin id="621" dir="1" index="2" bw="32" slack="1"/>
</pin_list>
<bind>
<opcode="mul(12) " fcode="mul"/>
<opset="mul_ln72_3/2 "/>
</bind>
</comp>

<comp id="622" class="1004" name="mul_ln72_4_fu_622">
<pin_list>
<pin id="623" dir="0" index="0" bw="32" slack="1"/>
<pin id="624" dir="0" index="1" bw="32" slack="1"/>
<pin id="625" dir="1" index="2" bw="32" slack="1"/>
</pin_list>
<bind>
<opcode="mul(12) " fcode="mul"/>
<opset="mul_ln72_4/2 "/>
</bind>
</comp>

<comp id="626" class="1004" name="mul_ln72_5_fu_626">
<pin_list>
<pin id="627" dir="0" index="0" bw="32" slack="1"/>
<pin id="628" dir="0" index="1" bw="32" slack="1"/>
<pin id="629" dir="1" index="2" bw="32" slack="1"/>
</pin_list>
<bind>
<opcode="mul(12) " fcode="mul"/>
<opset="mul_ln72_5/2 "/>
</bind>
</comp>

<comp id="630" class="1004" name="mul_ln72_6_fu_630">
<pin_list>
<pin id="631" dir="0" index="0" bw="32" slack="1"/>
<pin id="632" dir="0" index="1" bw="32" slack="1"/>
<pin id="633" dir="1" index="2" bw="32" slack="1"/>
</pin_list>
<bind>
<opcode="mul(12) " fcode="mul"/>
<opset="mul_ln72_6/2 "/>
</bind>
</comp>

<comp id="634" class="1004" name="mul_ln72_7_fu_634">
<pin_list>
<pin id="635" dir="0" index="0" bw="32" slack="1"/>
<pin id="636" dir="0" index="1" bw="32" slack="1"/>
<pin id="637" dir="1" index="2" bw="32" slack="1"/>
</pin_list>
<bind>
<opcode="mul(12) " fcode="mul"/>
<opset="mul_ln72_7/2 "/>
</bind>
</comp>

<comp id="638" class="1004" name="mul_ln72_8_fu_638">
<pin_list>
<pin id="639" dir="0" index="0" bw="32" slack="1"/>
<pin id="640" dir="0" index="1" bw="32" slack="1"/>
<pin id="641" dir="1" index="2" bw="32" slack="1"/>
</pin_list>
<bind>
<opcode="mul(12) " fcode="mul"/>
<opset="mul_ln72_8/2 "/>
</bind>
</comp>

<comp id="642" class="1004" name="mul_ln72_9_fu_642">
<pin_list>
<pin id="643" dir="0" index="0" bw="32" slack="1"/>
<pin id="644" dir="0" index="1" bw="32" slack="1"/>
<pin id="645" dir="1" index="2" bw="32" slack="1"/>
</pin_list>
<bind>
<opcode="mul(12) " fcode="mul"/>
<opset="mul_ln72_9/2 "/>
</bind>
</comp>

<comp id="646" class="1004" name="mul_ln72_10_fu_646">
<pin_list>
<pin id="647" dir="0" index="0" bw="32" slack="1"/>
<pin id="648" dir="0" index="1" bw="32" slack="1"/>
<pin id="649" dir="1" index="2" bw="32" slack="1"/>
</pin_list>
<bind>
<opcode="mul(12) " fcode="mul"/>
<opset="mul_ln72_10/2 "/>
</bind>
</comp>

<comp id="650" class="1004" name="mul_ln72_11_fu_650">
<pin_list>
<pin id="651" dir="0" index="0" bw="32" slack="1"/>
<pin id="652" dir="0" index="1" bw="32" slack="1"/>
<pin id="653" dir="1" index="2" bw="32" slack="1"/>
</pin_list>
<bind>
<opcode="mul(12) " fcode="mul"/>
<opset="mul_ln72_11/2 "/>
</bind>
</comp>

<comp id="654" class="1004" name="mul_ln72_12_fu_654">
<pin_list>
<pin id="655" dir="0" index="0" bw="32" slack="1"/>
<pin id="656" dir="0" index="1" bw="32" slack="1"/>
<pin id="657" dir="1" index="2" bw="32" slack="1"/>
</pin_list>
<bind>
<opcode="mul(12) " fcode="mul"/>
<opset="mul_ln72_12/2 "/>
</bind>
</comp>

<comp id="658" class="1004" name="mul_ln72_13_fu_658">
<pin_list>
<pin id="659" dir="0" index="0" bw="32" slack="1"/>
<pin id="660" dir="0" index="1" bw="32" slack="1"/>
<pin id="661" dir="1" index="2" bw="32" slack="1"/>
</pin_list>
<bind>
<opcode="mul(12) " fcode="mul"/>
<opset="mul_ln72_13/2 "/>
</bind>
</comp>

<comp id="662" class="1004" name="mul_ln72_14_fu_662">
<pin_list>
<pin id="663" dir="0" index="0" bw="32" slack="1"/>
<pin id="664" dir="0" index="1" bw="32" slack="1"/>
<pin id="665" dir="1" index="2" bw="32" slack="1"/>
</pin_list>
<bind>
<opcode="mul(12) " fcode="mul"/>
<opset="mul_ln72_14/2 "/>
</bind>
</comp>

<comp id="666" class="1004" name="mul_ln72_15_fu_666">
<pin_list>
<pin id="667" dir="0" index="0" bw="32" slack="1"/>
<pin id="668" dir="0" index="1" bw="32" slack="1"/>
<pin id="669" dir="1" index="2" bw="32" slack="1"/>
</pin_list>
<bind>
<opcode="mul(12) " fcode="mul"/>
<opset="mul_ln72_15/2 "/>
</bind>
</comp>

<comp id="670" class="1004" name="store_ln0_store_fu_670">
<pin_list>
<pin id="671" dir="0" index="0" bw="512" slack="0"/>
<pin id="672" dir="0" index="1" bw="512" slack="0"/>
<pin id="673" dir="1" index="2" bw="0" slack="2147483647"/>
</pin_list>
<bind>
<opcode="store(28) " fcode="store"/>
<opset="store_ln0/1 "/>
</bind>
</comp>

<comp id="675" class="1004" name="store_ln0_store_fu_675">
<pin_list>
<pin id="676" dir="0" index="0" bw="512" slack="0"/>
<pin id="677" dir="0" index="1" bw="512" slack="0"/>
<pin id="678" dir="1" index="2" bw="0" slack="2147483647"/>
</pin_list>
<bind>
<opcode="store(28) " fcode="store"/>
<opset="store_ln0/1 "/>
</bind>
</comp>

<comp id="680" class="1004" name="store_ln0_store_fu_680">
<pin_list>
<pin id="681" dir="0" index="0" bw="512" slack="0"/>
<pin id="682" dir="0" index="1" bw="512" slack="0"/>
<pin id="683" dir="1" index="2" bw="0" slack="2147483647"/>
</pin_list>
<bind>
<opcode="store(28) " fcode="store"/>
<opset="store_ln0/1 "/>
</bind>
</comp>

<comp id="685" class="1004" name="store_ln0_store_fu_685">
<pin_list>
<pin id="686" dir="0" index="0" bw="512" slack="0"/>
<pin id="687" dir="0" index="1" bw="512" slack="0"/>
<pin id="688" dir="1" index="2" bw="0" slack="2147483647"/>
</pin_list>
<bind>
<opcode="store(28) " fcode="store"/>
<opset="store_ln0/1 "/>
</bind>
</comp>

<comp id="690" class="1004" name="store_ln0_store_fu_690">
<pin_list>
<pin id="691" dir="0" index="0" bw="512" slack="0"/>
<pin id="692" dir="0" index="1" bw="512" slack="0"/>
<pin id="693" dir="1" index="2" bw="0" slack="2147483647"/>
</pin_list>
<bind>
<opcode="store(28) " fcode="store"/>
<opset="store_ln0/1 "/>
</bind>
</comp>

<comp id="695" class="1004" name="store_ln0_store_fu_695">
<pin_list>
<pin id="696" dir="0" index="0" bw="512" slack="0"/>
<pin id="697" dir="0" index="1" bw="512" slack="0"/>
<pin id="698" dir="1" index="2" bw="0" slack="2147483647"/>
</pin_list>
<bind>
<opcode="store(28) " fcode="store"/>
<opset="store_ln0/1 "/>
</bind>
</comp>

<comp id="700" class="1004" name="store_ln0_store_fu_700">
<pin_list>
<pin id="701" dir="0" index="0" bw="512" slack="0"/>
<pin id="702" dir="0" index="1" bw="512" slack="0"/>
<pin id="703" dir="1" index="2" bw="0" slack="2147483647"/>
</pin_list>
<bind>
<opcode="store(28) " fcode="store"/>
<opset="store_ln0/1 "/>
</bind>
</comp>

<comp id="705" class="1004" name="store_ln0_store_fu_705">
<pin_list>
<pin id="706" dir="0" index="0" bw="512" slack="0"/>
<pin id="707" dir="0" index="1" bw="512" slack="0"/>
<pin id="708" dir="1" index="2" bw="0" slack="2147483647"/>
</pin_list>
<bind>
<opcode="store(28) " fcode="store"/>
<opset="store_ln0/1 "/>
</bind>
</comp>

<comp id="710" class="1004" name="store_ln0_store_fu_710">
<pin_list>
<pin id="711" dir="0" index="0" bw="512" slack="0"/>
<pin id="712" dir="0" index="1" bw="512" slack="0"/>
<pin id="713" dir="1" index="2" bw="0" slack="2147483647"/>
</pin_list>
<bind>
<opcode="store(28) " fcode="store"/>
<opset="store_ln0/1 "/>
</bind>
</comp>

<comp id="715" class="1004" name="store_ln0_store_fu_715">
<pin_list>
<pin id="716" dir="0" index="0" bw="512" slack="0"/>
<pin id="717" dir="0" index="1" bw="512" slack="0"/>
<pin id="718" dir="1" index="2" bw="0" slack="2147483647"/>
</pin_list>
<bind>
<opcode="store(28) " fcode="store"/>
<opset="store_ln0/1 "/>
</bind>
</comp>

<comp id="720" class="1004" name="store_ln0_store_fu_720">
<pin_list>
<pin id="721" dir="0" index="0" bw="512" slack="0"/>
<pin id="722" dir="0" index="1" bw="512" slack="0"/>
<pin id="723" dir="1" index="2" bw="0" slack="2147483647"/>
</pin_list>
<bind>
<opcode="store(28) " fcode="store"/>
<opset="store_ln0/1 "/>
</bind>
</comp>

<comp id="725" class="1004" name="store_ln0_store_fu_725">
<pin_list>
<pin id="726" dir="0" index="0" bw="512" slack="0"/>
<pin id="727" dir="0" index="1" bw="512" slack="0"/>
<pin id="728" dir="1" index="2" bw="0" slack="2147483647"/>
</pin_list>
<bind>
<opcode="store(28) " fcode="store"/>
<opset="store_ln0/1 "/>
</bind>
</comp>

<comp id="730" class="1004" name="store_ln0_store_fu_730">
<pin_list>
<pin id="731" dir="0" index="0" bw="512" slack="0"/>
<pin id="732" dir="0" index="1" bw="512" slack="0"/>
<pin id="733" dir="1" index="2" bw="0" slack="2147483647"/>
</pin_list>
<bind>
<opcode="store(28) " fcode="store"/>
<opset="store_ln0/1 "/>
</bind>
</comp>

<comp id="735" class="1004" name="store_ln0_store_fu_735">
<pin_list>
<pin id="736" dir="0" index="0" bw="512" slack="0"/>
<pin id="737" dir="0" index="1" bw="512" slack="0"/>
<pin id="738" dir="1" index="2" bw="0" slack="2147483647"/>
</pin_list>
<bind>
<opcode="store(28) " fcode="store"/>
<opset="store_ln0/1 "/>
</bind>
</comp>

<comp id="740" class="1004" name="store_ln0_store_fu_740">
<pin_list>
<pin id="741" dir="0" index="0" bw="512" slack="0"/>
<pin id="742" dir="0" index="1" bw="512" slack="0"/>
<pin id="743" dir="1" index="2" bw="0" slack="2147483647"/>
</pin_list>
<bind>
<opcode="store(28) " fcode="store"/>
<opset="store_ln0/1 "/>
</bind>
</comp>

<comp id="745" class="1004" name="store_ln0_store_fu_745">
<pin_list>
<pin id="746" dir="0" index="0" bw="512" slack="0"/>
<pin id="747" dir="0" index="1" bw="512" slack="0"/>
<pin id="748" dir="1" index="2" bw="0" slack="2147483647"/>
</pin_list>
<bind>
<opcode="store(28) " fcode="store"/>
<opset="store_ln0/1 "/>
</bind>
</comp>

<comp id="750" class="1004" name="store_ln55_store_fu_750">
<pin_list>
<pin id="751" dir="0" index="0" bw="1" slack="0"/>
<pin id="752" dir="0" index="1" bw="5" slack="0"/>
<pin id="753" dir="1" index="2" bw="0" slack="2147483647"/>
</pin_list>
<bind>
<opcode="store(28) " fcode="store"/>
<opset="store_ln55/1 "/>
</bind>
</comp>

<comp id="755" class="1004" name="i_1_load_fu_755">
<pin_list>
<pin id="756" dir="0" index="0" bw="5" slack="0"/>
<pin id="757" dir="1" index="1" bw="5" slack="0"/>
</pin_list>
<bind>
<opcode="load(27) " fcode="load"/>
<opset="i_1/1 "/>
</bind>
</comp>

<comp id="758" class="1004" name="icmp_ln67_fu_758">
<pin_list>
<pin id="759" dir="0" index="0" bw="5" slack="0"/>
<pin id="760" dir="0" index="1" bw="5" slack="0"/>
<pin id="761" dir="1" index="2" bw="1" slack="1"/>
</pin_list>
<bind>
<opcode="icmp(45) " fcode="icmp"/>
<opset="icmp_ln67/1 "/>
</bind>
</comp>

<comp id="764" class="1004" name="add_ln67_fu_764">
<pin_list>
<pin id="765" dir="0" index="0" bw="5" slack="0"/>
<pin id="766" dir="0" index="1" bw="1" slack="0"/>
<pin id="767" dir="1" index="2" bw="5" slack="0"/>
</pin_list>
<bind>
<opcode="add(8) " fcode="add"/>
<opset="add_ln67/1 "/>
</bind>
</comp>

<comp id="770" class="1004" name="trunc_ln67_fu_770">
<pin_list>
<pin id="771" dir="0" index="0" bw="5" slack="0"/>
<pin id="772" dir="1" index="1" bw="4" slack="0"/>
</pin_list>
<bind>
<opcode="trunc(33) " fcode="trunc"/>
<opset="trunc_ln67/1 "/>
</bind>
</comp>

<comp id="774" class="1004" name="shl_ln2_fu_774">
<pin_list>
<pin id="775" dir="0" index="0" bw="9" slack="0"/>
<pin id="776" dir="0" index="1" bw="4" slack="0"/>
<pin id="777" dir="0" index="2" bw="1" slack="0"/>
<pin id="778" dir="1" index="3" bw="9" slack="0"/>
</pin_list>
<bind>
<opcode="bitconcatenate(1004) " fcode="bitconcatenate"/>
<opset="shl_ln2/1 "/>
</bind>
</comp>

<comp id="782" class="1004" name="zext_ln72_fu_782">
<pin_list>
<pin id="783" dir="0" index="0" bw="9" slack="0"/>
<pin id="784" dir="1" index="1" bw="512" slack="0"/>
</pin_list>
<bind>
<opcode="zext(34) " fcode="zext"/>
<opset="zext_ln72/1 "/>
</bind>
</comp>

<comp id="786" class="1004" name="lshr_ln72_fu_786">
<pin_list>
<pin id="787" dir="0" index="0" bw="512" slack="0"/>
<pin id="788" dir="0" index="1" bw="9" slack="0"/>
<pin id="789" dir="1" index="2" bw="512" slack="0"/>
</pin_list>
<bind>
<opcode="lshr(21) " fcode="lshr"/>
<opset="lshr_ln72/1 "/>
</bind>
</comp>

<comp id="792" class="1004" name="trunc_ln72_fu_792">
<pin_list>
<pin id="793" dir="0" index="0" bw="512" slack="0"/>
<pin id="794" dir="1" index="1" bw="32" slack="1"/>
</pin_list>
<bind>
<opcode="trunc(33) " fcode="trunc"/>
<opset="trunc_ln72/1 "/>
</bind>
</comp>

<comp id="796" class="1004" name="switch_ln72_fu_796">
<pin_list>
<pin id="797" dir="0" index="0" bw="4" slack="0"/>
<pin id="798" dir="0" index="1" bw="1" slack="0"/>
<pin id="799" dir="0" index="2" bw="1" slack="0"/>
<pin id="800" dir="0" index="3" bw="3" slack="0"/>
<pin id="801" dir="0" index="4" bw="3" slack="0"/>
<pin id="802" dir="0" index="5" bw="4" slack="0"/>
<pin id="803" dir="0" index="6" bw="4" slack="0"/>
<pin id="804" dir="0" index="7" bw="4" slack="0"/>
<pin id="805" dir="0" index="8" bw="4" slack="0"/>
<pin id="806" dir="0" index="9" bw="4" slack="0"/>
<pin id="807" dir="0" index="10" bw="4" slack="0"/>
<pin id="808" dir="0" index="11" bw="4" slack="0"/>
<pin id="809" dir="0" index="12" bw="4" slack="0"/>
<pin id="810" dir="0" index="13" bw="3" slack="0"/>
<pin id="811" dir="0" index="14" bw="3" slack="0"/>
<pin id="812" dir="0" index="15" bw="2" slack="0"/>
<pin id="813" dir="1" index="16" bw="0" slack="2147483647"/>
</pin_list>
<bind>
<opcode="switch(3) " fcode="switch"/>
<opset="switch_ln72/1 "/>
</bind>
</comp>

<comp id="830" class="1004" name="store_ln55_store_fu_830">
<pin_list>
<pin id="831" dir="0" index="0" bw="5" slack="0"/>
<pin id="832" dir="0" index="1" bw="5" slack="0"/>
<pin id="833" dir="1" index="2" bw="0" slack="2147483647"/>
</pin_list>
<bind>
<opcode="store(28) " fcode="store"/>
<opset="store_ln55/1 "/>
</bind>
</comp>

<comp id="835" class="1004" name="AB_block_0_2_load_load_fu_835">
<pin_list>
<pin id="836" dir="0" index="0" bw="512" slack="2"/>
<pin id="837" dir="1" index="1" bw="512" slack="0"/>
</pin_list>
<bind>
<opcode="load(27) " fcode="load"/>
<opset="AB_block_0_2_load/3 "/>
</bind>
</comp>

<comp id="838" class="1004" name="AB_block_1_2_load_load_fu_838">
<pin_list>
<pin id="839" dir="0" index="0" bw="512" slack="2"/>
<pin id="840" dir="1" index="1" bw="512" slack="0"/>
</pin_list>
<bind>
<opcode="load(27) " fcode="load"/>
<opset="AB_block_1_2_load/3 "/>
</bind>
</comp>

<comp id="841" class="1004" name="AB_block_2_2_load_load_fu_841">
<pin_list>
<pin id="842" dir="0" index="0" bw="512" slack="2"/>
<pin id="843" dir="1" index="1" bw="512" slack="0"/>
</pin_list>
<bind>
<opcode="load(27) " fcode="load"/>
<opset="AB_block_2_2_load/3 "/>
</bind>
</comp>

<comp id="844" class="1004" name="AB_block_3_2_load_load_fu_844">
<pin_list>
<pin id="845" dir="0" index="0" bw="512" slack="2"/>
<pin id="846" dir="1" index="1" bw="512" slack="0"/>
</pin_list>
<bind>
<opcode="load(27) " fcode="load"/>
<opset="AB_block_3_2_load/3 "/>
</bind>
</comp>

<comp id="847" class="1004" name="AB_block_4_2_load_load_fu_847">
<pin_list>
<pin id="848" dir="0" index="0" bw="512" slack="2"/>
<pin id="849" dir="1" index="1" bw="512" slack="0"/>
</pin_list>
<bind>
<opcode="load(27) " fcode="load"/>
<opset="AB_block_4_2_load/3 "/>
</bind>
</comp>

<comp id="850" class="1004" name="AB_block_5_2_load_load_fu_850">
<pin_list>
<pin id="851" dir="0" index="0" bw="512" slack="2"/>
<pin id="852" dir="1" index="1" bw="512" slack="0"/>
</pin_list>
<bind>
<opcode="load(27) " fcode="load"/>
<opset="AB_block_5_2_load/3 "/>
</bind>
</comp>

<comp id="853" class="1004" name="AB_block_6_2_load_load_fu_853">
<pin_list>
<pin id="854" dir="0" index="0" bw="512" slack="2"/>
<pin id="855" dir="1" index="1" bw="512" slack="0"/>
</pin_list>
<bind>
<opcode="load(27) " fcode="load"/>
<opset="AB_block_6_2_load/3 "/>
</bind>
</comp>

<comp id="856" class="1004" name="AB_block_7_2_load_load_fu_856">
<pin_list>
<pin id="857" dir="0" index="0" bw="512" slack="2"/>
<pin id="858" dir="1" index="1" bw="512" slack="0"/>
</pin_list>
<bind>
<opcode="load(27) " fcode="load"/>
<opset="AB_block_7_2_load/3 "/>
</bind>
</comp>

<comp id="859" class="1004" name="AB_block_8_2_load_load_fu_859">
<pin_list>
<pin id="860" dir="0" index="0" bw="512" slack="2"/>
<pin id="861" dir="1" index="1" bw="512" slack="0"/>
</pin_list>
<bind>
<opcode="load(27) " fcode="load"/>
<opset="AB_block_8_2_load/3 "/>
</bind>
</comp>

<comp id="862" class="1004" name="AB_block_9_2_load_load_fu_862">
<pin_list>
<pin id="863" dir="0" index="0" bw="512" slack="2"/>
<pin id="864" dir="1" index="1" bw="512" slack="0"/>
</pin_list>
<bind>
<opcode="load(27) " fcode="load"/>
<opset="AB_block_9_2_load/3 "/>
</bind>
</comp>

<comp id="865" class="1004" name="AB_block_10_2_load_load_fu_865">
<pin_list>
<pin id="866" dir="0" index="0" bw="512" slack="2"/>
<pin id="867" dir="1" index="1" bw="512" slack="0"/>
</pin_list>
<bind>
<opcode="load(27) " fcode="load"/>
<opset="AB_block_10_2_load/3 "/>
</bind>
</comp>

<comp id="868" class="1004" name="AB_block_11_2_load_load_fu_868">
<pin_list>
<pin id="869" dir="0" index="0" bw="512" slack="2"/>
<pin id="870" dir="1" index="1" bw="512" slack="0"/>
</pin_list>
<bind>
<opcode="load(27) " fcode="load"/>
<opset="AB_block_11_2_load/3 "/>
</bind>
</comp>

<comp id="871" class="1004" name="AB_block_12_2_load_load_fu_871">
<pin_list>
<pin id="872" dir="0" index="0" bw="512" slack="2"/>
<pin id="873" dir="1" index="1" bw="512" slack="0"/>
</pin_list>
<bind>
<opcode="load(27) " fcode="load"/>
<opset="AB_block_12_2_load/3 "/>
</bind>
</comp>

<comp id="874" class="1004" name="AB_block_13_2_load_load_fu_874">
<pin_list>
<pin id="875" dir="0" index="0" bw="512" slack="2"/>
<pin id="876" dir="1" index="1" bw="512" slack="0"/>
</pin_list>
<bind>
<opcode="load(27) " fcode="load"/>
<opset="AB_block_13_2_load/3 "/>
</bind>
</comp>

<comp id="877" class="1004" name="AB_block_14_2_load_load_fu_877">
<pin_list>
<pin id="878" dir="0" index="0" bw="512" slack="2"/>
<pin id="879" dir="1" index="1" bw="512" slack="0"/>
</pin_list>
<bind>
<opcode="load(27) " fcode="load"/>
<opset="AB_block_14_2_load/3 "/>
</bind>
</comp>

<comp id="880" class="1004" name="AB_block_15_2_load_load_fu_880">
<pin_list>
<pin id="881" dir="0" index="0" bw="512" slack="2"/>
<pin id="882" dir="1" index="1" bw="512" slack="0"/>
</pin_list>
<bind>
<opcode="load(27) " fcode="load"/>
<opset="AB_block_15_2_load/3 "/>
</bind>
</comp>

<comp id="883" class="1004" name="trunc_ln72_1_fu_883">
<pin_list>
<pin id="884" dir="0" index="0" bw="512" slack="0"/>
<pin id="885" dir="1" index="1" bw="32" slack="0"/>
</pin_list>
<bind>
<opcode="trunc(33) " fcode="trunc"/>
<opset="trunc_ln72_1/3 "/>
</bind>
</comp>

<comp id="887" class="1004" name="trunc_ln72_2_fu_887">
<pin_list>
<pin id="888" dir="0" index="0" bw="512" slack="0"/>
<pin id="889" dir="1" index="1" bw="32" slack="0"/>
</pin_list>
<bind>
<opcode="trunc(33) " fcode="trunc"/>
<opset="trunc_ln72_2/3 "/>
</bind>
</comp>

<comp id="891" class="1004" name="trunc_ln72_3_fu_891">
<pin_list>
<pin id="892" dir="0" index="0" bw="512" slack="0"/>
<pin id="893" dir="1" index="1" bw="32" slack="0"/>
</pin_list>
<bind>
<opcode="trunc(33) " fcode="trunc"/>
<opset="trunc_ln72_3/3 "/>
</bind>
</comp>

<comp id="895" class="1004" name="trunc_ln72_4_fu_895">
<pin_list>
<pin id="896" dir="0" index="0" bw="512" slack="0"/>
<pin id="897" dir="1" index="1" bw="32" slack="0"/>
</pin_list>
<bind>
<opcode="trunc(33) " fcode="trunc"/>
<opset="trunc_ln72_4/3 "/>
</bind>
</comp>

<comp id="899" class="1004" name="trunc_ln72_5_fu_899">
<pin_list>
<pin id="900" dir="0" index="0" bw="512" slack="0"/>
<pin id="901" dir="1" index="1" bw="32" slack="0"/>
</pin_list>
<bind>
<opcode="trunc(33) " fcode="trunc"/>
<opset="trunc_ln72_5/3 "/>
</bind>
</comp>

<comp id="903" class="1004" name="trunc_ln72_6_fu_903">
<pin_list>
<pin id="904" dir="0" index="0" bw="512" slack="0"/>
<pin id="905" dir="1" index="1" bw="32" slack="0"/>
</pin_list>
<bind>
<opcode="trunc(33) " fcode="trunc"/>
<opset="trunc_ln72_6/3 "/>
</bind>
</comp>

<comp id="907" class="1004" name="trunc_ln72_7_fu_907">
<pin_list>
<pin id="908" dir="0" index="0" bw="512" slack="0"/>
<pin id="909" dir="1" index="1" bw="32" slack="0"/>
</pin_list>
<bind>
<opcode="trunc(33) " fcode="trunc"/>
<opset="trunc_ln72_7/3 "/>
</bind>
</comp>

<comp id="911" class="1004" name="trunc_ln72_8_fu_911">
<pin_list>
<pin id="912" dir="0" index="0" bw="512" slack="0"/>
<pin id="913" dir="1" index="1" bw="32" slack="0"/>
</pin_list>
<bind>
<opcode="trunc(33) " fcode="trunc"/>
<opset="trunc_ln72_8/3 "/>
</bind>
</comp>

<comp id="915" class="1004" name="trunc_ln72_9_fu_915">
<pin_list>
<pin id="916" dir="0" index="0" bw="512" slack="0"/>
<pin id="917" dir="1" index="1" bw="32" slack="0"/>
</pin_list>
<bind>
<opcode="trunc(33) " fcode="trunc"/>
<opset="trunc_ln72_9/3 "/>
</bind>
</comp>

<comp id="919" class="1004" name="trunc_ln72_10_fu_919">
<pin_list>
<pin id="920" dir="0" index="0" bw="512" slack="0"/>
<pin id="921" dir="1" index="1" bw="32" slack="0"/>
</pin_list>
<bind>
<opcode="trunc(33) " fcode="trunc"/>
<opset="trunc_ln72_10/3 "/>
</bind>
</comp>

<comp id="923" class="1004" name="trunc_ln72_11_fu_923">
<pin_list>
<pin id="924" dir="0" index="0" bw="512" slack="0"/>
<pin id="925" dir="1" index="1" bw="32" slack="0"/>
</pin_list>
<bind>
<opcode="trunc(33) " fcode="trunc"/>
<opset="trunc_ln72_11/3 "/>
</bind>
</comp>

<comp id="927" class="1004" name="trunc_ln72_12_fu_927">
<pin_list>
<pin id="928" dir="0" index="0" bw="512" slack="0"/>
<pin id="929" dir="1" index="1" bw="32" slack="0"/>
</pin_list>
<bind>
<opcode="trunc(33) " fcode="trunc"/>
<opset="trunc_ln72_12/3 "/>
</bind>
</comp>

<comp id="931" class="1004" name="trunc_ln72_13_fu_931">
<pin_list>
<pin id="932" dir="0" index="0" bw="512" slack="0"/>
<pin id="933" dir="1" index="1" bw="32" slack="0"/>
</pin_list>
<bind>
<opcode="trunc(33) " fcode="trunc"/>
<opset="trunc_ln72_13/3 "/>
</bind>
</comp>

<comp id="935" class="1004" name="trunc_ln72_14_fu_935">
<pin_list>
<pin id="936" dir="0" index="0" bw="512" slack="0"/>
<pin id="937" dir="1" index="1" bw="32" slack="0"/>
</pin_list>
<bind>
<opcode="trunc(33) " fcode="trunc"/>
<opset="trunc_ln72_14/3 "/>
</bind>
</comp>

<comp id="939" class="1004" name="trunc_ln72_15_fu_939">
<pin_list>
<pin id="940" dir="0" index="0" bw="512" slack="0"/>
<pin id="941" dir="1" index="1" bw="32" slack="0"/>
</pin_list>
<bind>
<opcode="trunc(33) " fcode="trunc"/>
<opset="trunc_ln72_15/3 "/>
</bind>
</comp>

<comp id="943" class="1004" name="trunc_ln72_256_fu_943">
<pin_list>
<pin id="944" dir="0" index="0" bw="512" slack="0"/>
<pin id="945" dir="1" index="1" bw="32" slack="0"/>
</pin_list>
<bind>
<opcode="trunc(33) " fcode="trunc"/>
<opset="trunc_ln72_256/3 "/>
</bind>
</comp>

<comp id="947" class="1004" name="tmp_s_fu_947">
<pin_list>
<pin id="948" dir="0" index="0" bw="32" slack="0"/>
<pin id="949" dir="0" index="1" bw="4" slack="0"/>
<pin id="950" dir="0" index="2" bw="32" slack="0"/>
<pin id="951" dir="0" index="3" bw="4" slack="0"/>
<pin id="952" dir="0" index="4" bw="32" slack="0"/>
<pin id="953" dir="0" index="5" bw="4" slack="0"/>
<pin id="954" dir="0" index="6" bw="32" slack="0"/>
<pin id="955" dir="0" index="7" bw="4" slack="0"/>
<pin id="956" dir="0" index="8" bw="32" slack="0"/>
<pin id="957" dir="0" index="9" bw="4" slack="0"/>
<pin id="958" dir="0" index="10" bw="32" slack="0"/>
<pin id="959" dir="0" index="11" bw="4" slack="0"/>
<pin id="960" dir="0" index="12" bw="32" slack="0"/>
<pin id="961" dir="0" index="13" bw="4" slack="0"/>
<pin id="962" dir="0" index="14" bw="32" slack="0"/>
<pin id="963" dir="0" index="15" bw="4" slack="0"/>
<pin id="964" dir="0" index="16" bw="32" slack="0"/>
<pin id="965" dir="0" index="17" bw="4" slack="0"/>
<pin id="966" dir="0" index="18" bw="32" slack="0"/>
<pin id="967" dir="0" index="19" bw="4" slack="0"/>
<pin id="968" dir="0" index="20" bw="32" slack="0"/>
<pin id="969" dir="0" index="21" bw="4" slack="0"/>
<pin id="970" dir="0" index="22" bw="32" slack="0"/>
<pin id="971" dir="0" index="23" bw="4" slack="0"/>
<pin id="972" dir="0" index="24" bw="32" slack="0"/>
<pin id="973" dir="0" index="25" bw="4" slack="0"/>
<pin id="974" dir="0" index="26" bw="32" slack="0"/>
<pin id="975" dir="0" index="27" bw="4" slack="0"/>
<pin id="976" dir="0" index="28" bw="32" slack="0"/>
<pin id="977" dir="0" index="29" bw="4" slack="0"/>
<pin id="978" dir="0" index="30" bw="32" slack="0"/>
<pin id="979" dir="0" index="31" bw="4" slack="0"/>
<pin id="980" dir="0" index="32" bw="32" slack="0"/>
<pin id="981" dir="0" index="33" bw="32" slack="0"/>
<pin id="982" dir="0" index="34" bw="4" slack="2"/>
<pin id="983" dir="1" index="35" bw="32" slack="0"/>
</pin_list>
<bind>
<opcode="sparsemux(1197) " fcode="sparsemux"/>
<opset="tmp_s/3 "/>
</bind>
</comp>

<comp id="1018" class="1004" name="add_ln72_fu_1018">
<pin_list>
<pin id="1019" dir="0" index="0" bw="32" slack="0"/>
<pin id="1020" dir="0" index="1" bw="32" slack="1"/>
<pin id="1021" dir="1" index="2" bw="32" slack="0"/>
</pin_list>
<bind>
<opcode="add(8) " fcode="add"/>
<opset="add_ln72/3 "/>
</bind>
</comp>

<comp id="1023" class="1004" name="trunc_ln72_s_fu_1023">
<pin_list>
<pin id="1024" dir="0" index="0" bw="32" slack="0"/>
<pin id="1025" dir="0" index="1" bw="512" slack="0"/>
<pin id="1026" dir="0" index="2" bw="7" slack="0"/>
<pin id="1027" dir="0" index="3" bw="7" slack="0"/>
<pin id="1028" dir="1" index="4" bw="32" slack="0"/>
</pin_list>
<bind>
<opcode="partselect(1002) " fcode="partselect"/>
<opset="trunc_ln72_s/3 "/>
</bind>
</comp>

<comp id="1033" class="1004" name="trunc_ln72_16_fu_1033">
<pin_list>
<pin id="1034" dir="0" index="0" bw="32" slack="0"/>
<pin id="1035" dir="0" index="1" bw="512" slack="0"/>
<pin id="1036" dir="0" index="2" bw="7" slack="0"/>
<pin id="1037" dir="0" index="3" bw="7" slack="0"/>
<pin id="1038" dir="1" index="4" bw="32" slack="0"/>
</pin_list>
<bind>
<opcode="partselect(1002) " fcode="partselect"/>
<opset="trunc_ln72_16/3 "/>
</bind>
</comp>

<comp id="1043" class="1004" name="trunc_ln72_17_fu_1043">
<pin_list>
<pin id="1044" dir="0" index="0" bw="32" slack="0"/>
<pin id="1045" dir="0" index="1" bw="512" slack="0"/>
<pin id="1046" dir="0" index="2" bw="7" slack="0"/>
<pin id="1047" dir="0" index="3" bw="7" slack="0"/>
<pin id="1048" dir="1" index="4" bw="32" slack="0"/>
</pin_list>
<bind>
<opcode="partselect(1002) " fcode="partselect"/>
<opset="trunc_ln72_17/3 "/>
</bind>
</comp>

<comp id="1053" class="1004" name="trunc_ln72_18_fu_1053">
<pin_list>
<pin id="1054" dir="0" index="0" bw="32" slack="0"/>
<pin id="1055" dir="0" index="1" bw="512" slack="0"/>
<pin id="1056" dir="0" index="2" bw="7" slack="0"/>
<pin id="1057" dir="0" index="3" bw="7" slack="0"/>
<pin id="1058" dir="1" index="4" bw="32" slack="0"/>
</pin_list>
<bind>
<opcode="partselect(1002) " fcode="partselect"/>
<opset="trunc_ln72_18/3 "/>
</bind>
</comp>

<comp id="1063" class="1004" name="trunc_ln72_19_fu_1063">
<pin_list>
<pin id="1064" dir="0" index="0" bw="32" slack="0"/>
<pin id="1065" dir="0" index="1" bw="512" slack="0"/>
<pin id="1066" dir="0" index="2" bw="7" slack="0"/>
<pin id="1067" dir="0" index="3" bw="7" slack="0"/>
<pin id="1068" dir="1" index="4" bw="32" slack="0"/>
</pin_list>
<bind>
<opcode="partselect(1002) " fcode="partselect"/>
<opset="trunc_ln72_19/3 "/>
</bind>
</comp>

<comp id="1073" class="1004" name="trunc_ln72_20_fu_1073">
<pin_list>
<pin id="1074" dir="0" index="0" bw="32" slack="0"/>
<pin id="1075" dir="0" index="1" bw="512" slack="0"/>
<pin id="1076" dir="0" index="2" bw="7" slack="0"/>
<pin id="1077" dir="0" index="3" bw="7" slack="0"/>
<pin id="1078" dir="1" index="4" bw="32" slack="0"/>
</pin_list>
<bind>
<opcode="partselect(1002) " fcode="partselect"/>
<opset="trunc_ln72_20/3 "/>
</bind>
</comp>

<comp id="1083" class="1004" name="trunc_ln72_21_fu_1083">
<pin_list>
<pin id="1084" dir="0" index="0" bw="32" slack="0"/>
<pin id="1085" dir="0" index="1" bw="512" slack="0"/>
<pin id="1086" dir="0" index="2" bw="7" slack="0"/>
<pin id="1087" dir="0" index="3" bw="7" slack="0"/>
<pin id="1088" dir="1" index="4" bw="32" slack="0"/>
</pin_list>
<bind>
<opcode="partselect(1002) " fcode="partselect"/>
<opset="trunc_ln72_21/3 "/>
</bind>
</comp>

<comp id="1093" class="1004" name="trunc_ln72_22_fu_1093">
<pin_list>
<pin id="1094" dir="0" index="0" bw="32" slack="0"/>
<pin id="1095" dir="0" index="1" bw="512" slack="0"/>
<pin id="1096" dir="0" index="2" bw="7" slack="0"/>
<pin id="1097" dir="0" index="3" bw="7" slack="0"/>
<pin id="1098" dir="1" index="4" bw="32" slack="0"/>
</pin_list>
<bind>
<opcode="partselect(1002) " fcode="partselect"/>
<opset="trunc_ln72_22/3 "/>
</bind>
</comp>

<comp id="1103" class="1004" name="trunc_ln72_23_fu_1103">
<pin_list>
<pin id="1104" dir="0" index="0" bw="32" slack="0"/>
<pin id="1105" dir="0" index="1" bw="512" slack="0"/>
<pin id="1106" dir="0" index="2" bw="7" slack="0"/>
<pin id="1107" dir="0" index="3" bw="7" slack="0"/>
<pin id="1108" dir="1" index="4" bw="32" slack="0"/>
</pin_list>
<bind>
<opcode="partselect(1002) " fcode="partselect"/>
<opset="trunc_ln72_23/3 "/>
</bind>
</comp>

<comp id="1113" class="1004" name="trunc_ln72_24_fu_1113">
<pin_list>
<pin id="1114" dir="0" index="0" bw="32" slack="0"/>
<pin id="1115" dir="0" index="1" bw="512" slack="0"/>
<pin id="1116" dir="0" index="2" bw="7" slack="0"/>
<pin id="1117" dir="0" index="3" bw="7" slack="0"/>
<pin id="1118" dir="1" index="4" bw="32" slack="0"/>
</pin_list>
<bind>
<opcode="partselect(1002) " fcode="partselect"/>
<opset="trunc_ln72_24/3 "/>
</bind>
</comp>

<comp id="1123" class="1004" name="trunc_ln72_25_fu_1123">
<pin_list>
<pin id="1124" dir="0" index="0" bw="32" slack="0"/>
<pin id="1125" dir="0" index="1" bw="512" slack="0"/>
<pin id="1126" dir="0" index="2" bw="7" slack="0"/>
<pin id="1127" dir="0" index="3" bw="7" slack="0"/>
<pin id="1128" dir="1" index="4" bw="32" slack="0"/>
</pin_list>
<bind>
<opcode="partselect(1002) " fcode="partselect"/>
<opset="trunc_ln72_25/3 "/>
</bind>
</comp>

<comp id="1133" class="1004" name="trunc_ln72_26_fu_1133">
<pin_list>
<pin id="1134" dir="0" index="0" bw="32" slack="0"/>
<pin id="1135" dir="0" index="1" bw="512" slack="0"/>
<pin id="1136" dir="0" index="2" bw="7" slack="0"/>
<pin id="1137" dir="0" index="3" bw="7" slack="0"/>
<pin id="1138" dir="1" index="4" bw="32" slack="0"/>
</pin_list>
<bind>
<opcode="partselect(1002) " fcode="partselect"/>
<opset="trunc_ln72_26/3 "/>
</bind>
</comp>

<comp id="1143" class="1004" name="trunc_ln72_27_fu_1143">
<pin_list>
<pin id="1144" dir="0" index="0" bw="32" slack="0"/>
<pin id="1145" dir="0" index="1" bw="512" slack="0"/>
<pin id="1146" dir="0" index="2" bw="7" slack="0"/>
<pin id="1147" dir="0" index="3" bw="7" slack="0"/>
<pin id="1148" dir="1" index="4" bw="32" slack="0"/>
</pin_list>
<bind>
<opcode="partselect(1002) " fcode="partselect"/>
<opset="trunc_ln72_27/3 "/>
</bind>
</comp>

<comp id="1153" class="1004" name="trunc_ln72_28_fu_1153">
<pin_list>
<pin id="1154" dir="0" index="0" bw="32" slack="0"/>
<pin id="1155" dir="0" index="1" bw="512" slack="0"/>
<pin id="1156" dir="0" index="2" bw="7" slack="0"/>
<pin id="1157" dir="0" index="3" bw="7" slack="0"/>
<pin id="1158" dir="1" index="4" bw="32" slack="0"/>
</pin_list>
<bind>
<opcode="partselect(1002) " fcode="partselect"/>
<opset="trunc_ln72_28/3 "/>
</bind>
</comp>

<comp id="1163" class="1004" name="trunc_ln72_29_fu_1163">
<pin_list>
<pin id="1164" dir="0" index="0" bw="32" slack="0"/>
<pin id="1165" dir="0" index="1" bw="512" slack="0"/>
<pin id="1166" dir="0" index="2" bw="7" slack="0"/>
<pin id="1167" dir="0" index="3" bw="7" slack="0"/>
<pin id="1168" dir="1" index="4" bw="32" slack="0"/>
</pin_list>
<bind>
<opcode="partselect(1002) " fcode="partselect"/>
<opset="trunc_ln72_29/3 "/>
</bind>
</comp>

<comp id="1173" class="1004" name="trunc_ln72_30_fu_1173">
<pin_list>
<pin id="1174" dir="0" index="0" bw="32" slack="0"/>
<pin id="1175" dir="0" index="1" bw="512" slack="0"/>
<pin id="1176" dir="0" index="2" bw="7" slack="0"/>
<pin id="1177" dir="0" index="3" bw="7" slack="0"/>
<pin id="1178" dir="1" index="4" bw="32" slack="0"/>
</pin_list>
<bind>
<opcode="partselect(1002) " fcode="partselect"/>
<opset="trunc_ln72_30/3 "/>
</bind>
</comp>

<comp id="1183" class="1004" name="tmp_1_fu_1183">
<pin_list>
<pin id="1184" dir="0" index="0" bw="32" slack="0"/>
<pin id="1185" dir="0" index="1" bw="4" slack="0"/>
<pin id="1186" dir="0" index="2" bw="32" slack="0"/>
<pin id="1187" dir="0" index="3" bw="4" slack="0"/>
<pin id="1188" dir="0" index="4" bw="32" slack="0"/>
<pin id="1189" dir="0" index="5" bw="4" slack="0"/>
<pin id="1190" dir="0" index="6" bw="32" slack="0"/>
<pin id="1191" dir="0" index="7" bw="4" slack="0"/>
<pin id="1192" dir="0" index="8" bw="32" slack="0"/>
<pin id="1193" dir="0" index="9" bw="4" slack="0"/>
<pin id="1194" dir="0" index="10" bw="32" slack="0"/>
<pin id="1195" dir="0" index="11" bw="4" slack="0"/>
<pin id="1196" dir="0" index="12" bw="32" slack="0"/>
<pin id="1197" dir="0" index="13" bw="4" slack="0"/>
<pin id="1198" dir="0" index="14" bw="32" slack="0"/>
<pin id="1199" dir="0" index="15" bw="4" slack="0"/>
<pin id="1200" dir="0" index="16" bw="32" slack="0"/>
<pin id="1201" dir="0" index="17" bw="4" slack="0"/>
<pin id="1202" dir="0" index="18" bw="32" slack="0"/>
<pin id="1203" dir="0" index="19" bw="4" slack="0"/>
<pin id="1204" dir="0" index="20" bw="32" slack="0"/>
<pin id="1205" dir="0" index="21" bw="4" slack="0"/>
<pin id="1206" dir="0" index="22" bw="32" slack="0"/>
<pin id="1207" dir="0" index="23" bw="4" slack="0"/>
<pin id="1208" dir="0" index="24" bw="32" slack="0"/>
<pin id="1209" dir="0" index="25" bw="4" slack="0"/>
<pin id="1210" dir="0" index="26" bw="32" slack="0"/>
<pin id="1211" dir="0" index="27" bw="4" slack="0"/>
<pin id="1212" dir="0" index="28" bw="32" slack="0"/>
<pin id="1213" dir="0" index="29" bw="4" slack="0"/>
<pin id="1214" dir="0" index="30" bw="32" slack="0"/>
<pin id="1215" dir="0" index="31" bw="4" slack="0"/>
<pin id="1216" dir="0" index="32" bw="32" slack="0"/>
<pin id="1217" dir="0" index="33" bw="32" slack="0"/>
<pin id="1218" dir="0" index="34" bw="4" slack="2"/>
<pin id="1219" dir="1" index="35" bw="32" slack="0"/>
</pin_list>
<bind>
<opcode="sparsemux(1197) " fcode="sparsemux"/>
<opset="tmp_1/3 "/>
</bind>
</comp>

<comp id="1254" class="1004" name="add_ln72_1_fu_1254">
<pin_list>
<pin id="1255" dir="0" index="0" bw="32" slack="0"/>
<pin id="1256" dir="0" index="1" bw="32" slack="1"/>
<pin id="1257" dir="1" index="2" bw="32" slack="0"/>
</pin_list>
<bind>
<opcode="add(8) " fcode="add"/>
<opset="add_ln72_1/3 "/>
</bind>
</comp>

<comp id="1259" class="1004" name="trunc_ln72_31_fu_1259">
<pin_list>
<pin id="1260" dir="0" index="0" bw="32" slack="0"/>
<pin id="1261" dir="0" index="1" bw="512" slack="0"/>
<pin id="1262" dir="0" index="2" bw="8" slack="0"/>
<pin id="1263" dir="0" index="3" bw="8" slack="0"/>
<pin id="1264" dir="1" index="4" bw="32" slack="0"/>
</pin_list>
<bind>
<opcode="partselect(1002) " fcode="partselect"/>
<opset="trunc_ln72_31/3 "/>
</bind>
</comp>

<comp id="1269" class="1004" name="trunc_ln72_32_fu_1269">
<pin_list>
<pin id="1270" dir="0" index="0" bw="32" slack="0"/>
<pin id="1271" dir="0" index="1" bw="512" slack="0"/>
<pin id="1272" dir="0" index="2" bw="8" slack="0"/>
<pin id="1273" dir="0" index="3" bw="8" slack="0"/>
<pin id="1274" dir="1" index="4" bw="32" slack="0"/>
</pin_list>
<bind>
<opcode="partselect(1002) " fcode="partselect"/>
<opset="trunc_ln72_32/3 "/>
</bind>
</comp>

<comp id="1279" class="1004" name="trunc_ln72_33_fu_1279">
<pin_list>
<pin id="1280" dir="0" index="0" bw="32" slack="0"/>
<pin id="1281" dir="0" index="1" bw="512" slack="0"/>
<pin id="1282" dir="0" index="2" bw="8" slack="0"/>
<pin id="1283" dir="0" index="3" bw="8" slack="0"/>
<pin id="1284" dir="1" index="4" bw="32" slack="0"/>
</pin_list>
<bind>
<opcode="partselect(1002) " fcode="partselect"/>
<opset="trunc_ln72_33/3 "/>
</bind>
</comp>

<comp id="1289" class="1004" name="trunc_ln72_34_fu_1289">
<pin_list>
<pin id="1290" dir="0" index="0" bw="32" slack="0"/>
<pin id="1291" dir="0" index="1" bw="512" slack="0"/>
<pin id="1292" dir="0" index="2" bw="8" slack="0"/>
<pin id="1293" dir="0" index="3" bw="8" slack="0"/>
<pin id="1294" dir="1" index="4" bw="32" slack="0"/>
</pin_list>
<bind>
<opcode="partselect(1002) " fcode="partselect"/>
<opset="trunc_ln72_34/3 "/>
</bind>
</comp>

<comp id="1299" class="1004" name="trunc_ln72_35_fu_1299">
<pin_list>
<pin id="1300" dir="0" index="0" bw="32" slack="0"/>
<pin id="1301" dir="0" index="1" bw="512" slack="0"/>
<pin id="1302" dir="0" index="2" bw="8" slack="0"/>
<pin id="1303" dir="0" index="3" bw="8" slack="0"/>
<pin id="1304" dir="1" index="4" bw="32" slack="0"/>
</pin_list>
<bind>
<opcode="partselect(1002) " fcode="partselect"/>
<opset="trunc_ln72_35/3 "/>
</bind>
</comp>

<comp id="1309" class="1004" name="trunc_ln72_36_fu_1309">
<pin_list>
<pin id="1310" dir="0" index="0" bw="32" slack="0"/>
<pin id="1311" dir="0" index="1" bw="512" slack="0"/>
<pin id="1312" dir="0" index="2" bw="8" slack="0"/>
<pin id="1313" dir="0" index="3" bw="8" slack="0"/>
<pin id="1314" dir="1" index="4" bw="32" slack="0"/>
</pin_list>
<bind>
<opcode="partselect(1002) " fcode="partselect"/>
<opset="trunc_ln72_36/3 "/>
</bind>
</comp>

<comp id="1319" class="1004" name="trunc_ln72_37_fu_1319">
<pin_list>
<pin id="1320" dir="0" index="0" bw="32" slack="0"/>
<pin id="1321" dir="0" index="1" bw="512" slack="0"/>
<pin id="1322" dir="0" index="2" bw="8" slack="0"/>
<pin id="1323" dir="0" index="3" bw="8" slack="0"/>
<pin id="1324" dir="1" index="4" bw="32" slack="0"/>
</pin_list>
<bind>
<opcode="partselect(1002) " fcode="partselect"/>
<opset="trunc_ln72_37/3 "/>
</bind>
</comp>

<comp id="1329" class="1004" name="trunc_ln72_38_fu_1329">
<pin_list>
<pin id="1330" dir="0" index="0" bw="32" slack="0"/>
<pin id="1331" dir="0" index="1" bw="512" slack="0"/>
<pin id="1332" dir="0" index="2" bw="8" slack="0"/>
<pin id="1333" dir="0" index="3" bw="8" slack="0"/>
<pin id="1334" dir="1" index="4" bw="32" slack="0"/>
</pin_list>
<bind>
<opcode="partselect(1002) " fcode="partselect"/>
<opset="trunc_ln72_38/3 "/>
</bind>
</comp>

<comp id="1339" class="1004" name="trunc_ln72_39_fu_1339">
<pin_list>
<pin id="1340" dir="0" index="0" bw="32" slack="0"/>
<pin id="1341" dir="0" index="1" bw="512" slack="0"/>
<pin id="1342" dir="0" index="2" bw="8" slack="0"/>
<pin id="1343" dir="0" index="3" bw="8" slack="0"/>
<pin id="1344" dir="1" index="4" bw="32" slack="0"/>
</pin_list>
<bind>
<opcode="partselect(1002) " fcode="partselect"/>
<opset="trunc_ln72_39/3 "/>
</bind>
</comp>

<comp id="1349" class="1004" name="trunc_ln72_40_fu_1349">
<pin_list>
<pin id="1350" dir="0" index="0" bw="32" slack="0"/>
<pin id="1351" dir="0" index="1" bw="512" slack="0"/>
<pin id="1352" dir="0" index="2" bw="8" slack="0"/>
<pin id="1353" dir="0" index="3" bw="8" slack="0"/>
<pin id="1354" dir="1" index="4" bw="32" slack="0"/>
</pin_list>
<bind>
<opcode="partselect(1002) " fcode="partselect"/>
<opset="trunc_ln72_40/3 "/>
</bind>
</comp>

<comp id="1359" class="1004" name="trunc_ln72_41_fu_1359">
<pin_list>
<pin id="1360" dir="0" index="0" bw="32" slack="0"/>
<pin id="1361" dir="0" index="1" bw="512" slack="0"/>
<pin id="1362" dir="0" index="2" bw="8" slack="0"/>
<pin id="1363" dir="0" index="3" bw="8" slack="0"/>
<pin id="1364" dir="1" index="4" bw="32" slack="0"/>
</pin_list>
<bind>
<opcode="partselect(1002) " fcode="partselect"/>
<opset="trunc_ln72_41/3 "/>
</bind>
</comp>

<comp id="1369" class="1004" name="trunc_ln72_42_fu_1369">
<pin_list>
<pin id="1370" dir="0" index="0" bw="32" slack="0"/>
<pin id="1371" dir="0" index="1" bw="512" slack="0"/>
<pin id="1372" dir="0" index="2" bw="8" slack="0"/>
<pin id="1373" dir="0" index="3" bw="8" slack="0"/>
<pin id="1374" dir="1" index="4" bw="32" slack="0"/>
</pin_list>
<bind>
<opcode="partselect(1002) " fcode="partselect"/>
<opset="trunc_ln72_42/3 "/>
</bind>
</comp>

<comp id="1379" class="1004" name="trunc_ln72_43_fu_1379">
<pin_list>
<pin id="1380" dir="0" index="0" bw="32" slack="0"/>
<pin id="1381" dir="0" index="1" bw="512" slack="0"/>
<pin id="1382" dir="0" index="2" bw="8" slack="0"/>
<pin id="1383" dir="0" index="3" bw="8" slack="0"/>
<pin id="1384" dir="1" index="4" bw="32" slack="0"/>
</pin_list>
<bind>
<opcode="partselect(1002) " fcode="partselect"/>
<opset="trunc_ln72_43/3 "/>
</bind>
</comp>

<comp id="1389" class="1004" name="trunc_ln72_44_fu_1389">
<pin_list>
<pin id="1390" dir="0" index="0" bw="32" slack="0"/>
<pin id="1391" dir="0" index="1" bw="512" slack="0"/>
<pin id="1392" dir="0" index="2" bw="8" slack="0"/>
<pin id="1393" dir="0" index="3" bw="8" slack="0"/>
<pin id="1394" dir="1" index="4" bw="32" slack="0"/>
</pin_list>
<bind>
<opcode="partselect(1002) " fcode="partselect"/>
<opset="trunc_ln72_44/3 "/>
</bind>
</comp>

<comp id="1399" class="1004" name="trunc_ln72_45_fu_1399">
<pin_list>
<pin id="1400" dir="0" index="0" bw="32" slack="0"/>
<pin id="1401" dir="0" index="1" bw="512" slack="0"/>
<pin id="1402" dir="0" index="2" bw="8" slack="0"/>
<pin id="1403" dir="0" index="3" bw="8" slack="0"/>
<pin id="1404" dir="1" index="4" bw="32" slack="0"/>
</pin_list>
<bind>
<opcode="partselect(1002) " fcode="partselect"/>
<opset="trunc_ln72_45/3 "/>
</bind>
</comp>

<comp id="1409" class="1004" name="trunc_ln72_46_fu_1409">
<pin_list>
<pin id="1410" dir="0" index="0" bw="32" slack="0"/>
<pin id="1411" dir="0" index="1" bw="512" slack="0"/>
<pin id="1412" dir="0" index="2" bw="8" slack="0"/>
<pin id="1413" dir="0" index="3" bw="8" slack="0"/>
<pin id="1414" dir="1" index="4" bw="32" slack="0"/>
</pin_list>
<bind>
<opcode="partselect(1002) " fcode="partselect"/>
<opset="trunc_ln72_46/3 "/>
</bind>
</comp>

<comp id="1419" class="1004" name="tmp_2_fu_1419">
<pin_list>
<pin id="1420" dir="0" index="0" bw="32" slack="0"/>
<pin id="1421" dir="0" index="1" bw="4" slack="0"/>
<pin id="1422" dir="0" index="2" bw="32" slack="0"/>
<pin id="1423" dir="0" index="3" bw="4" slack="0"/>
<pin id="1424" dir="0" index="4" bw="32" slack="0"/>
<pin id="1425" dir="0" index="5" bw="4" slack="0"/>
<pin id="1426" dir="0" index="6" bw="32" slack="0"/>
<pin id="1427" dir="0" index="7" bw="4" slack="0"/>
<pin id="1428" dir="0" index="8" bw="32" slack="0"/>
<pin id="1429" dir="0" index="9" bw="4" slack="0"/>
<pin id="1430" dir="0" index="10" bw="32" slack="0"/>
<pin id="1431" dir="0" index="11" bw="4" slack="0"/>
<pin id="1432" dir="0" index="12" bw="32" slack="0"/>
<pin id="1433" dir="0" index="13" bw="4" slack="0"/>
<pin id="1434" dir="0" index="14" bw="32" slack="0"/>
<pin id="1435" dir="0" index="15" bw="4" slack="0"/>
<pin id="1436" dir="0" index="16" bw="32" slack="0"/>
<pin id="1437" dir="0" index="17" bw="4" slack="0"/>
<pin id="1438" dir="0" index="18" bw="32" slack="0"/>
<pin id="1439" dir="0" index="19" bw="4" slack="0"/>
<pin id="1440" dir="0" index="20" bw="32" slack="0"/>
<pin id="1441" dir="0" index="21" bw="4" slack="0"/>
<pin id="1442" dir="0" index="22" bw="32" slack="0"/>
<pin id="1443" dir="0" index="23" bw="4" slack="0"/>
<pin id="1444" dir="0" index="24" bw="32" slack="0"/>
<pin id="1445" dir="0" index="25" bw="4" slack="0"/>
<pin id="1446" dir="0" index="26" bw="32" slack="0"/>
<pin id="1447" dir="0" index="27" bw="4" slack="0"/>
<pin id="1448" dir="0" index="28" bw="32" slack="0"/>
<pin id="1449" dir="0" index="29" bw="4" slack="0"/>
<pin id="1450" dir="0" index="30" bw="32" slack="0"/>
<pin id="1451" dir="0" index="31" bw="4" slack="0"/>
<pin id="1452" dir="0" index="32" bw="32" slack="0"/>
<pin id="1453" dir="0" index="33" bw="32" slack="0"/>
<pin id="1454" dir="0" index="34" bw="4" slack="2"/>
<pin id="1455" dir="1" index="35" bw="32" slack="0"/>
</pin_list>
<bind>
<opcode="sparsemux(1197) " fcode="sparsemux"/>
<opset="tmp_2/3 "/>
</bind>
</comp>

<comp id="1490" class="1004" name="add_ln72_2_fu_1490">
<pin_list>
<pin id="1491" dir="0" index="0" bw="32" slack="0"/>
<pin id="1492" dir="0" index="1" bw="32" slack="1"/>
<pin id="1493" dir="1" index="2" bw="32" slack="0"/>
</pin_list>
<bind>
<opcode="add(8) " fcode="add"/>
<opset="add_ln72_2/3 "/>
</bind>
</comp>

<comp id="1495" class="1004" name="trunc_ln72_47_fu_1495">
<pin_list>
<pin id="1496" dir="0" index="0" bw="32" slack="0"/>
<pin id="1497" dir="0" index="1" bw="512" slack="0"/>
<pin id="1498" dir="0" index="2" bw="8" slack="0"/>
<pin id="1499" dir="0" index="3" bw="8" slack="0"/>
<pin id="1500" dir="1" index="4" bw="32" slack="0"/>
</pin_list>
<bind>
<opcode="partselect(1002) " fcode="partselect"/>
<opset="trunc_ln72_47/3 "/>
</bind>
</comp>

<comp id="1505" class="1004" name="trunc_ln72_48_fu_1505">
<pin_list>
<pin id="1506" dir="0" index="0" bw="32" slack="0"/>
<pin id="1507" dir="0" index="1" bw="512" slack="0"/>
<pin id="1508" dir="0" index="2" bw="8" slack="0"/>
<pin id="1509" dir="0" index="3" bw="8" slack="0"/>
<pin id="1510" dir="1" index="4" bw="32" slack="0"/>
</pin_list>
<bind>
<opcode="partselect(1002) " fcode="partselect"/>
<opset="trunc_ln72_48/3 "/>
</bind>
</comp>

<comp id="1515" class="1004" name="trunc_ln72_49_fu_1515">
<pin_list>
<pin id="1516" dir="0" index="0" bw="32" slack="0"/>
<pin id="1517" dir="0" index="1" bw="512" slack="0"/>
<pin id="1518" dir="0" index="2" bw="8" slack="0"/>
<pin id="1519" dir="0" index="3" bw="8" slack="0"/>
<pin id="1520" dir="1" index="4" bw="32" slack="0"/>
</pin_list>
<bind>
<opcode="partselect(1002) " fcode="partselect"/>
<opset="trunc_ln72_49/3 "/>
</bind>
</comp>

<comp id="1525" class="1004" name="trunc_ln72_50_fu_1525">
<pin_list>
<pin id="1526" dir="0" index="0" bw="32" slack="0"/>
<pin id="1527" dir="0" index="1" bw="512" slack="0"/>
<pin id="1528" dir="0" index="2" bw="8" slack="0"/>
<pin id="1529" dir="0" index="3" bw="8" slack="0"/>
<pin id="1530" dir="1" index="4" bw="32" slack="0"/>
</pin_list>
<bind>
<opcode="partselect(1002) " fcode="partselect"/>
<opset="trunc_ln72_50/3 "/>
</bind>
</comp>

<comp id="1535" class="1004" name="trunc_ln72_51_fu_1535">
<pin_list>
<pin id="1536" dir="0" index="0" bw="32" slack="0"/>
<pin id="1537" dir="0" index="1" bw="512" slack="0"/>
<pin id="1538" dir="0" index="2" bw="8" slack="0"/>
<pin id="1539" dir="0" index="3" bw="8" slack="0"/>
<pin id="1540" dir="1" index="4" bw="32" slack="0"/>
</pin_list>
<bind>
<opcode="partselect(1002) " fcode="partselect"/>
<opset="trunc_ln72_51/3 "/>
</bind>
</comp>

<comp id="1545" class="1004" name="trunc_ln72_52_fu_1545">
<pin_list>
<pin id="1546" dir="0" index="0" bw="32" slack="0"/>
<pin id="1547" dir="0" index="1" bw="512" slack="0"/>
<pin id="1548" dir="0" index="2" bw="8" slack="0"/>
<pin id="1549" dir="0" index="3" bw="8" slack="0"/>
<pin id="1550" dir="1" index="4" bw="32" slack="0"/>
</pin_list>
<bind>
<opcode="partselect(1002) " fcode="partselect"/>
<opset="trunc_ln72_52/3 "/>
</bind>
</comp>

<comp id="1555" class="1004" name="trunc_ln72_53_fu_1555">
<pin_list>
<pin id="1556" dir="0" index="0" bw="32" slack="0"/>
<pin id="1557" dir="0" index="1" bw="512" slack="0"/>
<pin id="1558" dir="0" index="2" bw="8" slack="0"/>
<pin id="1559" dir="0" index="3" bw="8" slack="0"/>
<pin id="1560" dir="1" index="4" bw="32" slack="0"/>
</pin_list>
<bind>
<opcode="partselect(1002) " fcode="partselect"/>
<opset="trunc_ln72_53/3 "/>
</bind>
</comp>

<comp id="1565" class="1004" name="trunc_ln72_54_fu_1565">
<pin_list>
<pin id="1566" dir="0" index="0" bw="32" slack="0"/>
<pin id="1567" dir="0" index="1" bw="512" slack="0"/>
<pin id="1568" dir="0" index="2" bw="8" slack="0"/>
<pin id="1569" dir="0" index="3" bw="8" slack="0"/>
<pin id="1570" dir="1" index="4" bw="32" slack="0"/>
</pin_list>
<bind>
<opcode="partselect(1002) " fcode="partselect"/>
<opset="trunc_ln72_54/3 "/>
</bind>
</comp>

<comp id="1575" class="1004" name="trunc_ln72_55_fu_1575">
<pin_list>
<pin id="1576" dir="0" index="0" bw="32" slack="0"/>
<pin id="1577" dir="0" index="1" bw="512" slack="0"/>
<pin id="1578" dir="0" index="2" bw="8" slack="0"/>
<pin id="1579" dir="0" index="3" bw="8" slack="0"/>
<pin id="1580" dir="1" index="4" bw="32" slack="0"/>
</pin_list>
<bind>
<opcode="partselect(1002) " fcode="partselect"/>
<opset="trunc_ln72_55/3 "/>
</bind>
</comp>

<comp id="1585" class="1004" name="trunc_ln72_56_fu_1585">
<pin_list>
<pin id="1586" dir="0" index="0" bw="32" slack="0"/>
<pin id="1587" dir="0" index="1" bw="512" slack="0"/>
<pin id="1588" dir="0" index="2" bw="8" slack="0"/>
<pin id="1589" dir="0" index="3" bw="8" slack="0"/>
<pin id="1590" dir="1" index="4" bw="32" slack="0"/>
</pin_list>
<bind>
<opcode="partselect(1002) " fcode="partselect"/>
<opset="trunc_ln72_56/3 "/>
</bind>
</comp>

<comp id="1595" class="1004" name="trunc_ln72_57_fu_1595">
<pin_list>
<pin id="1596" dir="0" index="0" bw="32" slack="0"/>
<pin id="1597" dir="0" index="1" bw="512" slack="0"/>
<pin id="1598" dir="0" index="2" bw="8" slack="0"/>
<pin id="1599" dir="0" index="3" bw="8" slack="0"/>
<pin id="1600" dir="1" index="4" bw="32" slack="0"/>
</pin_list>
<bind>
<opcode="partselect(1002) " fcode="partselect"/>
<opset="trunc_ln72_57/3 "/>
</bind>
</comp>

<comp id="1605" class="1004" name="trunc_ln72_58_fu_1605">
<pin_list>
<pin id="1606" dir="0" index="0" bw="32" slack="0"/>
<pin id="1607" dir="0" index="1" bw="512" slack="0"/>
<pin id="1608" dir="0" index="2" bw="8" slack="0"/>
<pin id="1609" dir="0" index="3" bw="8" slack="0"/>
<pin id="1610" dir="1" index="4" bw="32" slack="0"/>
</pin_list>
<bind>
<opcode="partselect(1002) " fcode="partselect"/>
<opset="trunc_ln72_58/3 "/>
</bind>
</comp>

<comp id="1615" class="1004" name="trunc_ln72_59_fu_1615">
<pin_list>
<pin id="1616" dir="0" index="0" bw="32" slack="0"/>
<pin id="1617" dir="0" index="1" bw="512" slack="0"/>
<pin id="1618" dir="0" index="2" bw="8" slack="0"/>
<pin id="1619" dir="0" index="3" bw="8" slack="0"/>
<pin id="1620" dir="1" index="4" bw="32" slack="0"/>
</pin_list>
<bind>
<opcode="partselect(1002) " fcode="partselect"/>
<opset="trunc_ln72_59/3 "/>
</bind>
</comp>

<comp id="1625" class="1004" name="trunc_ln72_60_fu_1625">
<pin_list>
<pin id="1626" dir="0" index="0" bw="32" slack="0"/>
<pin id="1627" dir="0" index="1" bw="512" slack="0"/>
<pin id="1628" dir="0" index="2" bw="8" slack="0"/>
<pin id="1629" dir="0" index="3" bw="8" slack="0"/>
<pin id="1630" dir="1" index="4" bw="32" slack="0"/>
</pin_list>
<bind>
<opcode="partselect(1002) " fcode="partselect"/>
<opset="trunc_ln72_60/3 "/>
</bind>
</comp>

<comp id="1635" class="1004" name="trunc_ln72_61_fu_1635">
<pin_list>
<pin id="1636" dir="0" index="0" bw="32" slack="0"/>
<pin id="1637" dir="0" index="1" bw="512" slack="0"/>
<pin id="1638" dir="0" index="2" bw="8" slack="0"/>
<pin id="1639" dir="0" index="3" bw="8" slack="0"/>
<pin id="1640" dir="1" index="4" bw="32" slack="0"/>
</pin_list>
<bind>
<opcode="partselect(1002) " fcode="partselect"/>
<opset="trunc_ln72_61/3 "/>
</bind>
</comp>

<comp id="1645" class="1004" name="trunc_ln72_62_fu_1645">
<pin_list>
<pin id="1646" dir="0" index="0" bw="32" slack="0"/>
<pin id="1647" dir="0" index="1" bw="512" slack="0"/>
<pin id="1648" dir="0" index="2" bw="8" slack="0"/>
<pin id="1649" dir="0" index="3" bw="8" slack="0"/>
<pin id="1650" dir="1" index="4" bw="32" slack="0"/>
</pin_list>
<bind>
<opcode="partselect(1002) " fcode="partselect"/>
<opset="trunc_ln72_62/3 "/>
</bind>
</comp>

<comp id="1655" class="1004" name="tmp_3_fu_1655">
<pin_list>
<pin id="1656" dir="0" index="0" bw="32" slack="0"/>
<pin id="1657" dir="0" index="1" bw="4" slack="0"/>
<pin id="1658" dir="0" index="2" bw="32" slack="0"/>
<pin id="1659" dir="0" index="3" bw="4" slack="0"/>
<pin id="1660" dir="0" index="4" bw="32" slack="0"/>
<pin id="1661" dir="0" index="5" bw="4" slack="0"/>
<pin id="1662" dir="0" index="6" bw="32" slack="0"/>
<pin id="1663" dir="0" index="7" bw="4" slack="0"/>
<pin id="1664" dir="0" index="8" bw="32" slack="0"/>
<pin id="1665" dir="0" index="9" bw="4" slack="0"/>
<pin id="1666" dir="0" index="10" bw="32" slack="0"/>
<pin id="1667" dir="0" index="11" bw="4" slack="0"/>
<pin id="1668" dir="0" index="12" bw="32" slack="0"/>
<pin id="1669" dir="0" index="13" bw="4" slack="0"/>
<pin id="1670" dir="0" index="14" bw="32" slack="0"/>
<pin id="1671" dir="0" index="15" bw="4" slack="0"/>
<pin id="1672" dir="0" index="16" bw="32" slack="0"/>
<pin id="1673" dir="0" index="17" bw="4" slack="0"/>
<pin id="1674" dir="0" index="18" bw="32" slack="0"/>
<pin id="1675" dir="0" index="19" bw="4" slack="0"/>
<pin id="1676" dir="0" index="20" bw="32" slack="0"/>
<pin id="1677" dir="0" index="21" bw="4" slack="0"/>
<pin id="1678" dir="0" index="22" bw="32" slack="0"/>
<pin id="1679" dir="0" index="23" bw="4" slack="0"/>
<pin id="1680" dir="0" index="24" bw="32" slack="0"/>
<pin id="1681" dir="0" index="25" bw="4" slack="0"/>
<pin id="1682" dir="0" index="26" bw="32" slack="0"/>
<pin id="1683" dir="0" index="27" bw="4" slack="0"/>
<pin id="1684" dir="0" index="28" bw="32" slack="0"/>
<pin id="1685" dir="0" index="29" bw="4" slack="0"/>
<pin id="1686" dir="0" index="30" bw="32" slack="0"/>
<pin id="1687" dir="0" index="31" bw="4" slack="0"/>
<pin id="1688" dir="0" index="32" bw="32" slack="0"/>
<pin id="1689" dir="0" index="33" bw="32" slack="0"/>
<pin id="1690" dir="0" index="34" bw="4" slack="2"/>
<pin id="1691" dir="1" index="35" bw="32" slack="0"/>
</pin_list>
<bind>
<opcode="sparsemux(1197) " fcode="sparsemux"/>
<opset="tmp_3/3 "/>
</bind>
</comp>

<comp id="1726" class="1004" name="add_ln72_3_fu_1726">
<pin_list>
<pin id="1727" dir="0" index="0" bw="32" slack="0"/>
<pin id="1728" dir="0" index="1" bw="32" slack="1"/>
<pin id="1729" dir="1" index="2" bw="32" slack="0"/>
</pin_list>
<bind>
<opcode="add(8) " fcode="add"/>
<opset="add_ln72_3/3 "/>
</bind>
</comp>

<comp id="1731" class="1004" name="trunc_ln72_63_fu_1731">
<pin_list>
<pin id="1732" dir="0" index="0" bw="32" slack="0"/>
<pin id="1733" dir="0" index="1" bw="512" slack="0"/>
<pin id="1734" dir="0" index="2" bw="9" slack="0"/>
<pin id="1735" dir="0" index="3" bw="9" slack="0"/>
<pin id="1736" dir="1" index="4" bw="32" slack="0"/>
</pin_list>
<bind>
<opcode="partselect(1002) " fcode="partselect"/>
<opset="trunc_ln72_63/3 "/>
</bind>
</comp>

<comp id="1741" class="1004" name="trunc_ln72_64_fu_1741">
<pin_list>
<pin id="1742" dir="0" index="0" bw="32" slack="0"/>
<pin id="1743" dir="0" index="1" bw="512" slack="0"/>
<pin id="1744" dir="0" index="2" bw="9" slack="0"/>
<pin id="1745" dir="0" index="3" bw="9" slack="0"/>
<pin id="1746" dir="1" index="4" bw="32" slack="0"/>
</pin_list>
<bind>
<opcode="partselect(1002) " fcode="partselect"/>
<opset="trunc_ln72_64/3 "/>
</bind>
</comp>

<comp id="1751" class="1004" name="trunc_ln72_65_fu_1751">
<pin_list>
<pin id="1752" dir="0" index="0" bw="32" slack="0"/>
<pin id="1753" dir="0" index="1" bw="512" slack="0"/>
<pin id="1754" dir="0" index="2" bw="9" slack="0"/>
<pin id="1755" dir="0" index="3" bw="9" slack="0"/>
<pin id="1756" dir="1" index="4" bw="32" slack="0"/>
</pin_list>
<bind>
<opcode="partselect(1002) " fcode="partselect"/>
<opset="trunc_ln72_65/3 "/>
</bind>
</comp>

<comp id="1761" class="1004" name="trunc_ln72_66_fu_1761">
<pin_list>
<pin id="1762" dir="0" index="0" bw="32" slack="0"/>
<pin id="1763" dir="0" index="1" bw="512" slack="0"/>
<pin id="1764" dir="0" index="2" bw="9" slack="0"/>
<pin id="1765" dir="0" index="3" bw="9" slack="0"/>
<pin id="1766" dir="1" index="4" bw="32" slack="0"/>
</pin_list>
<bind>
<opcode="partselect(1002) " fcode="partselect"/>
<opset="trunc_ln72_66/3 "/>
</bind>
</comp>

<comp id="1771" class="1004" name="trunc_ln72_67_fu_1771">
<pin_list>
<pin id="1772" dir="0" index="0" bw="32" slack="0"/>
<pin id="1773" dir="0" index="1" bw="512" slack="0"/>
<pin id="1774" dir="0" index="2" bw="9" slack="0"/>
<pin id="1775" dir="0" index="3" bw="9" slack="0"/>
<pin id="1776" dir="1" index="4" bw="32" slack="0"/>
</pin_list>
<bind>
<opcode="partselect(1002) " fcode="partselect"/>
<opset="trunc_ln72_67/3 "/>
</bind>
</comp>

<comp id="1781" class="1004" name="trunc_ln72_68_fu_1781">
<pin_list>
<pin id="1782" dir="0" index="0" bw="32" slack="0"/>
<pin id="1783" dir="0" index="1" bw="512" slack="0"/>
<pin id="1784" dir="0" index="2" bw="9" slack="0"/>
<pin id="1785" dir="0" index="3" bw="9" slack="0"/>
<pin id="1786" dir="1" index="4" bw="32" slack="0"/>
</pin_list>
<bind>
<opcode="partselect(1002) " fcode="partselect"/>
<opset="trunc_ln72_68/3 "/>
</bind>
</comp>

<comp id="1791" class="1004" name="trunc_ln72_69_fu_1791">
<pin_list>
<pin id="1792" dir="0" index="0" bw="32" slack="0"/>
<pin id="1793" dir="0" index="1" bw="512" slack="0"/>
<pin id="1794" dir="0" index="2" bw="9" slack="0"/>
<pin id="1795" dir="0" index="3" bw="9" slack="0"/>
<pin id="1796" dir="1" index="4" bw="32" slack="0"/>
</pin_list>
<bind>
<opcode="partselect(1002) " fcode="partselect"/>
<opset="trunc_ln72_69/3 "/>
</bind>
</comp>

<comp id="1801" class="1004" name="trunc_ln72_70_fu_1801">
<pin_list>
<pin id="1802" dir="0" index="0" bw="32" slack="0"/>
<pin id="1803" dir="0" index="1" bw="512" slack="0"/>
<pin id="1804" dir="0" index="2" bw="9" slack="0"/>
<pin id="1805" dir="0" index="3" bw="9" slack="0"/>
<pin id="1806" dir="1" index="4" bw="32" slack="0"/>
</pin_list>
<bind>
<opcode="partselect(1002) " fcode="partselect"/>
<opset="trunc_ln72_70/3 "/>
</bind>
</comp>

<comp id="1811" class="1004" name="trunc_ln72_71_fu_1811">
<pin_list>
<pin id="1812" dir="0" index="0" bw="32" slack="0"/>
<pin id="1813" dir="0" index="1" bw="512" slack="0"/>
<pin id="1814" dir="0" index="2" bw="9" slack="0"/>
<pin id="1815" dir="0" index="3" bw="9" slack="0"/>
<pin id="1816" dir="1" index="4" bw="32" slack="0"/>
</pin_list>
<bind>
<opcode="partselect(1002) " fcode="partselect"/>
<opset="trunc_ln72_71/3 "/>
</bind>
</comp>

<comp id="1821" class="1004" name="trunc_ln72_72_fu_1821">
<pin_list>
<pin id="1822" dir="0" index="0" bw="32" slack="0"/>
<pin id="1823" dir="0" index="1" bw="512" slack="0"/>
<pin id="1824" dir="0" index="2" bw="9" slack="0"/>
<pin id="1825" dir="0" index="3" bw="9" slack="0"/>
<pin id="1826" dir="1" index="4" bw="32" slack="0"/>
</pin_list>
<bind>
<opcode="partselect(1002) " fcode="partselect"/>
<opset="trunc_ln72_72/3 "/>
</bind>
</comp>

<comp id="1831" class="1004" name="trunc_ln72_73_fu_1831">
<pin_list>
<pin id="1832" dir="0" index="0" bw="32" slack="0"/>
<pin id="1833" dir="0" index="1" bw="512" slack="0"/>
<pin id="1834" dir="0" index="2" bw="9" slack="0"/>
<pin id="1835" dir="0" index="3" bw="9" slack="0"/>
<pin id="1836" dir="1" index="4" bw="32" slack="0"/>
</pin_list>
<bind>
<opcode="partselect(1002) " fcode="partselect"/>
<opset="trunc_ln72_73/3 "/>
</bind>
</comp>

<comp id="1841" class="1004" name="trunc_ln72_74_fu_1841">
<pin_list>
<pin id="1842" dir="0" index="0" bw="32" slack="0"/>
<pin id="1843" dir="0" index="1" bw="512" slack="0"/>
<pin id="1844" dir="0" index="2" bw="9" slack="0"/>
<pin id="1845" dir="0" index="3" bw="9" slack="0"/>
<pin id="1846" dir="1" index="4" bw="32" slack="0"/>
</pin_list>
<bind>
<opcode="partselect(1002) " fcode="partselect"/>
<opset="trunc_ln72_74/3 "/>
</bind>
</comp>

<comp id="1851" class="1004" name="trunc_ln72_75_fu_1851">
<pin_list>
<pin id="1852" dir="0" index="0" bw="32" slack="0"/>
<pin id="1853" dir="0" index="1" bw="512" slack="0"/>
<pin id="1854" dir="0" index="2" bw="9" slack="0"/>
<pin id="1855" dir="0" index="3" bw="9" slack="0"/>
<pin id="1856" dir="1" index="4" bw="32" slack="0"/>
</pin_list>
<bind>
<opcode="partselect(1002) " fcode="partselect"/>
<opset="trunc_ln72_75/3 "/>
</bind>
</comp>

<comp id="1861" class="1004" name="trunc_ln72_76_fu_1861">
<pin_list>
<pin id="1862" dir="0" index="0" bw="32" slack="0"/>
<pin id="1863" dir="0" index="1" bw="512" slack="0"/>
<pin id="1864" dir="0" index="2" bw="9" slack="0"/>
<pin id="1865" dir="0" index="3" bw="9" slack="0"/>
<pin id="1866" dir="1" index="4" bw="32" slack="0"/>
</pin_list>
<bind>
<opcode="partselect(1002) " fcode="partselect"/>
<opset="trunc_ln72_76/3 "/>
</bind>
</comp>

<comp id="1871" class="1004" name="trunc_ln72_77_fu_1871">
<pin_list>
<pin id="1872" dir="0" index="0" bw="32" slack="0"/>
<pin id="1873" dir="0" index="1" bw="512" slack="0"/>
<pin id="1874" dir="0" index="2" bw="9" slack="0"/>
<pin id="1875" dir="0" index="3" bw="9" slack="0"/>
<pin id="1876" dir="1" index="4" bw="32" slack="0"/>
</pin_list>
<bind>
<opcode="partselect(1002) " fcode="partselect"/>
<opset="trunc_ln72_77/3 "/>
</bind>
</comp>

<comp id="1881" class="1004" name="trunc_ln72_78_fu_1881">
<pin_list>
<pin id="1882" dir="0" index="0" bw="32" slack="0"/>
<pin id="1883" dir="0" index="1" bw="512" slack="0"/>
<pin id="1884" dir="0" index="2" bw="9" slack="0"/>
<pin id="1885" dir="0" index="3" bw="9" slack="0"/>
<pin id="1886" dir="1" index="4" bw="32" slack="0"/>
</pin_list>
<bind>
<opcode="partselect(1002) " fcode="partselect"/>
<opset="trunc_ln72_78/3 "/>
</bind>
</comp>

<comp id="1891" class="1004" name="tmp_4_fu_1891">
<pin_list>
<pin id="1892" dir="0" index="0" bw="32" slack="0"/>
<pin id="1893" dir="0" index="1" bw="4" slack="0"/>
<pin id="1894" dir="0" index="2" bw="32" slack="0"/>
<pin id="1895" dir="0" index="3" bw="4" slack="0"/>
<pin id="1896" dir="0" index="4" bw="32" slack="0"/>
<pin id="1897" dir="0" index="5" bw="4" slack="0"/>
<pin id="1898" dir="0" index="6" bw="32" slack="0"/>
<pin id="1899" dir="0" index="7" bw="4" slack="0"/>
<pin id="1900" dir="0" index="8" bw="32" slack="0"/>
<pin id="1901" dir="0" index="9" bw="4" slack="0"/>
<pin id="1902" dir="0" index="10" bw="32" slack="0"/>
<pin id="1903" dir="0" index="11" bw="4" slack="0"/>
<pin id="1904" dir="0" index="12" bw="32" slack="0"/>
<pin id="1905" dir="0" index="13" bw="4" slack="0"/>
<pin id="1906" dir="0" index="14" bw="32" slack="0"/>
<pin id="1907" dir="0" index="15" bw="4" slack="0"/>
<pin id="1908" dir="0" index="16" bw="32" slack="0"/>
<pin id="1909" dir="0" index="17" bw="4" slack="0"/>
<pin id="1910" dir="0" index="18" bw="32" slack="0"/>
<pin id="1911" dir="0" index="19" bw="4" slack="0"/>
<pin id="1912" dir="0" index="20" bw="32" slack="0"/>
<pin id="1913" dir="0" index="21" bw="4" slack="0"/>
<pin id="1914" dir="0" index="22" bw="32" slack="0"/>
<pin id="1915" dir="0" index="23" bw="4" slack="0"/>
<pin id="1916" dir="0" index="24" bw="32" slack="0"/>
<pin id="1917" dir="0" index="25" bw="4" slack="0"/>
<pin id="1918" dir="0" index="26" bw="32" slack="0"/>
<pin id="1919" dir="0" index="27" bw="4" slack="0"/>
<pin id="1920" dir="0" index="28" bw="32" slack="0"/>
<pin id="1921" dir="0" index="29" bw="4" slack="0"/>
<pin id="1922" dir="0" index="30" bw="32" slack="0"/>
<pin id="1923" dir="0" index="31" bw="4" slack="0"/>
<pin id="1924" dir="0" index="32" bw="32" slack="0"/>
<pin id="1925" dir="0" index="33" bw="32" slack="0"/>
<pin id="1926" dir="0" index="34" bw="4" slack="2"/>
<pin id="1927" dir="1" index="35" bw="32" slack="0"/>
</pin_list>
<bind>
<opcode="sparsemux(1197) " fcode="sparsemux"/>
<opset="tmp_4/3 "/>
</bind>
</comp>

<comp id="1962" class="1004" name="add_ln72_4_fu_1962">
<pin_list>
<pin id="1963" dir="0" index="0" bw="32" slack="0"/>
<pin id="1964" dir="0" index="1" bw="32" slack="1"/>
<pin id="1965" dir="1" index="2" bw="32" slack="0"/>
</pin_list>
<bind>
<opcode="add(8) " fcode="add"/>
<opset="add_ln72_4/3 "/>
</bind>
</comp>

<comp id="1967" class="1004" name="trunc_ln72_79_fu_1967">
<pin_list>
<pin id="1968" dir="0" index="0" bw="32" slack="0"/>
<pin id="1969" dir="0" index="1" bw="512" slack="0"/>
<pin id="1970" dir="0" index="2" bw="9" slack="0"/>
<pin id="1971" dir="0" index="3" bw="9" slack="0"/>
<pin id="1972" dir="1" index="4" bw="32" slack="0"/>
</pin_list>
<bind>
<opcode="partselect(1002) " fcode="partselect"/>
<opset="trunc_ln72_79/3 "/>
</bind>
</comp>

<comp id="1977" class="1004" name="trunc_ln72_80_fu_1977">
<pin_list>
<pin id="1978" dir="0" index="0" bw="32" slack="0"/>
<pin id="1979" dir="0" index="1" bw="512" slack="0"/>
<pin id="1980" dir="0" index="2" bw="9" slack="0"/>
<pin id="1981" dir="0" index="3" bw="9" slack="0"/>
<pin id="1982" dir="1" index="4" bw="32" slack="0"/>
</pin_list>
<bind>
<opcode="partselect(1002) " fcode="partselect"/>
<opset="trunc_ln72_80/3 "/>
</bind>
</comp>

<comp id="1987" class="1004" name="trunc_ln72_81_fu_1987">
<pin_list>
<pin id="1988" dir="0" index="0" bw="32" slack="0"/>
<pin id="1989" dir="0" index="1" bw="512" slack="0"/>
<pin id="1990" dir="0" index="2" bw="9" slack="0"/>
<pin id="1991" dir="0" index="3" bw="9" slack="0"/>
<pin id="1992" dir="1" index="4" bw="32" slack="0"/>
</pin_list>
<bind>
<opcode="partselect(1002) " fcode="partselect"/>
<opset="trunc_ln72_81/3 "/>
</bind>
</comp>

<comp id="1997" class="1004" name="trunc_ln72_82_fu_1997">
<pin_list>
<pin id="1998" dir="0" index="0" bw="32" slack="0"/>
<pin id="1999" dir="0" index="1" bw="512" slack="0"/>
<pin id="2000" dir="0" index="2" bw="9" slack="0"/>
<pin id="2001" dir="0" index="3" bw="9" slack="0"/>
<pin id="2002" dir="1" index="4" bw="32" slack="0"/>
</pin_list>
<bind>
<opcode="partselect(1002) " fcode="partselect"/>
<opset="trunc_ln72_82/3 "/>
</bind>
</comp>

<comp id="2007" class="1004" name="trunc_ln72_83_fu_2007">
<pin_list>
<pin id="2008" dir="0" index="0" bw="32" slack="0"/>
<pin id="2009" dir="0" index="1" bw="512" slack="0"/>
<pin id="2010" dir="0" index="2" bw="9" slack="0"/>
<pin id="2011" dir="0" index="3" bw="9" slack="0"/>
<pin id="2012" dir="1" index="4" bw="32" slack="0"/>
</pin_list>
<bind>
<opcode="partselect(1002) " fcode="partselect"/>
<opset="trunc_ln72_83/3 "/>
</bind>
</comp>

<comp id="2017" class="1004" name="trunc_ln72_84_fu_2017">
<pin_list>
<pin id="2018" dir="0" index="0" bw="32" slack="0"/>
<pin id="2019" dir="0" index="1" bw="512" slack="0"/>
<pin id="2020" dir="0" index="2" bw="9" slack="0"/>
<pin id="2021" dir="0" index="3" bw="9" slack="0"/>
<pin id="2022" dir="1" index="4" bw="32" slack="0"/>
</pin_list>
<bind>
<opcode="partselect(1002) " fcode="partselect"/>
<opset="trunc_ln72_84/3 "/>
</bind>
</comp>

<comp id="2027" class="1004" name="trunc_ln72_85_fu_2027">
<pin_list>
<pin id="2028" dir="0" index="0" bw="32" slack="0"/>
<pin id="2029" dir="0" index="1" bw="512" slack="0"/>
<pin id="2030" dir="0" index="2" bw="9" slack="0"/>
<pin id="2031" dir="0" index="3" bw="9" slack="0"/>
<pin id="2032" dir="1" index="4" bw="32" slack="0"/>
</pin_list>
<bind>
<opcode="partselect(1002) " fcode="partselect"/>
<opset="trunc_ln72_85/3 "/>
</bind>
</comp>

<comp id="2037" class="1004" name="trunc_ln72_86_fu_2037">
<pin_list>
<pin id="2038" dir="0" index="0" bw="32" slack="0"/>
<pin id="2039" dir="0" index="1" bw="512" slack="0"/>
<pin id="2040" dir="0" index="2" bw="9" slack="0"/>
<pin id="2041" dir="0" index="3" bw="9" slack="0"/>
<pin id="2042" dir="1" index="4" bw="32" slack="0"/>
</pin_list>
<bind>
<opcode="partselect(1002) " fcode="partselect"/>
<opset="trunc_ln72_86/3 "/>
</bind>
</comp>

<comp id="2047" class="1004" name="trunc_ln72_87_fu_2047">
<pin_list>
<pin id="2048" dir="0" index="0" bw="32" slack="0"/>
<pin id="2049" dir="0" index="1" bw="512" slack="0"/>
<pin id="2050" dir="0" index="2" bw="9" slack="0"/>
<pin id="2051" dir="0" index="3" bw="9" slack="0"/>
<pin id="2052" dir="1" index="4" bw="32" slack="0"/>
</pin_list>
<bind>
<opcode="partselect(1002) " fcode="partselect"/>
<opset="trunc_ln72_87/3 "/>
</bind>
</comp>

<comp id="2057" class="1004" name="trunc_ln72_88_fu_2057">
<pin_list>
<pin id="2058" dir="0" index="0" bw="32" slack="0"/>
<pin id="2059" dir="0" index="1" bw="512" slack="0"/>
<pin id="2060" dir="0" index="2" bw="9" slack="0"/>
<pin id="2061" dir="0" index="3" bw="9" slack="0"/>
<pin id="2062" dir="1" index="4" bw="32" slack="0"/>
</pin_list>
<bind>
<opcode="partselect(1002) " fcode="partselect"/>
<opset="trunc_ln72_88/3 "/>
</bind>
</comp>

<comp id="2067" class="1004" name="trunc_ln72_89_fu_2067">
<pin_list>
<pin id="2068" dir="0" index="0" bw="32" slack="0"/>
<pin id="2069" dir="0" index="1" bw="512" slack="0"/>
<pin id="2070" dir="0" index="2" bw="9" slack="0"/>
<pin id="2071" dir="0" index="3" bw="9" slack="0"/>
<pin id="2072" dir="1" index="4" bw="32" slack="0"/>
</pin_list>
<bind>
<opcode="partselect(1002) " fcode="partselect"/>
<opset="trunc_ln72_89/3 "/>
</bind>
</comp>

<comp id="2077" class="1004" name="trunc_ln72_90_fu_2077">
<pin_list>
<pin id="2078" dir="0" index="0" bw="32" slack="0"/>
<pin id="2079" dir="0" index="1" bw="512" slack="0"/>
<pin id="2080" dir="0" index="2" bw="9" slack="0"/>
<pin id="2081" dir="0" index="3" bw="9" slack="0"/>
<pin id="2082" dir="1" index="4" bw="32" slack="0"/>
</pin_list>
<bind>
<opcode="partselect(1002) " fcode="partselect"/>
<opset="trunc_ln72_90/3 "/>
</bind>
</comp>

<comp id="2087" class="1004" name="trunc_ln72_91_fu_2087">
<pin_list>
<pin id="2088" dir="0" index="0" bw="32" slack="0"/>
<pin id="2089" dir="0" index="1" bw="512" slack="0"/>
<pin id="2090" dir="0" index="2" bw="9" slack="0"/>
<pin id="2091" dir="0" index="3" bw="9" slack="0"/>
<pin id="2092" dir="1" index="4" bw="32" slack="0"/>
</pin_list>
<bind>
<opcode="partselect(1002) " fcode="partselect"/>
<opset="trunc_ln72_91/3 "/>
</bind>
</comp>

<comp id="2097" class="1004" name="trunc_ln72_92_fu_2097">
<pin_list>
<pin id="2098" dir="0" index="0" bw="32" slack="0"/>
<pin id="2099" dir="0" index="1" bw="512" slack="0"/>
<pin id="2100" dir="0" index="2" bw="9" slack="0"/>
<pin id="2101" dir="0" index="3" bw="9" slack="0"/>
<pin id="2102" dir="1" index="4" bw="32" slack="0"/>
</pin_list>
<bind>
<opcode="partselect(1002) " fcode="partselect"/>
<opset="trunc_ln72_92/3 "/>
</bind>
</comp>

<comp id="2107" class="1004" name="trunc_ln72_93_fu_2107">
<pin_list>
<pin id="2108" dir="0" index="0" bw="32" slack="0"/>
<pin id="2109" dir="0" index="1" bw="512" slack="0"/>
<pin id="2110" dir="0" index="2" bw="9" slack="0"/>
<pin id="2111" dir="0" index="3" bw="9" slack="0"/>
<pin id="2112" dir="1" index="4" bw="32" slack="0"/>
</pin_list>
<bind>
<opcode="partselect(1002) " fcode="partselect"/>
<opset="trunc_ln72_93/3 "/>
</bind>
</comp>

<comp id="2117" class="1004" name="trunc_ln72_94_fu_2117">
<pin_list>
<pin id="2118" dir="0" index="0" bw="32" slack="0"/>
<pin id="2119" dir="0" index="1" bw="512" slack="0"/>
<pin id="2120" dir="0" index="2" bw="9" slack="0"/>
<pin id="2121" dir="0" index="3" bw="9" slack="0"/>
<pin id="2122" dir="1" index="4" bw="32" slack="0"/>
</pin_list>
<bind>
<opcode="partselect(1002) " fcode="partselect"/>
<opset="trunc_ln72_94/3 "/>
</bind>
</comp>

<comp id="2127" class="1004" name="tmp_5_fu_2127">
<pin_list>
<pin id="2128" dir="0" index="0" bw="32" slack="0"/>
<pin id="2129" dir="0" index="1" bw="4" slack="0"/>
<pin id="2130" dir="0" index="2" bw="32" slack="0"/>
<pin id="2131" dir="0" index="3" bw="4" slack="0"/>
<pin id="2132" dir="0" index="4" bw="32" slack="0"/>
<pin id="2133" dir="0" index="5" bw="4" slack="0"/>
<pin id="2134" dir="0" index="6" bw="32" slack="0"/>
<pin id="2135" dir="0" index="7" bw="4" slack="0"/>
<pin id="2136" dir="0" index="8" bw="32" slack="0"/>
<pin id="2137" dir="0" index="9" bw="4" slack="0"/>
<pin id="2138" dir="0" index="10" bw="32" slack="0"/>
<pin id="2139" dir="0" index="11" bw="4" slack="0"/>
<pin id="2140" dir="0" index="12" bw="32" slack="0"/>
<pin id="2141" dir="0" index="13" bw="4" slack="0"/>
<pin id="2142" dir="0" index="14" bw="32" slack="0"/>
<pin id="2143" dir="0" index="15" bw="4" slack="0"/>
<pin id="2144" dir="0" index="16" bw="32" slack="0"/>
<pin id="2145" dir="0" index="17" bw="4" slack="0"/>
<pin id="2146" dir="0" index="18" bw="32" slack="0"/>
<pin id="2147" dir="0" index="19" bw="4" slack="0"/>
<pin id="2148" dir="0" index="20" bw="32" slack="0"/>
<pin id="2149" dir="0" index="21" bw="4" slack="0"/>
<pin id="2150" dir="0" index="22" bw="32" slack="0"/>
<pin id="2151" dir="0" index="23" bw="4" slack="0"/>
<pin id="2152" dir="0" index="24" bw="32" slack="0"/>
<pin id="2153" dir="0" index="25" bw="4" slack="0"/>
<pin id="2154" dir="0" index="26" bw="32" slack="0"/>
<pin id="2155" dir="0" index="27" bw="4" slack="0"/>
<pin id="2156" dir="0" index="28" bw="32" slack="0"/>
<pin id="2157" dir="0" index="29" bw="4" slack="0"/>
<pin id="2158" dir="0" index="30" bw="32" slack="0"/>
<pin id="2159" dir="0" index="31" bw="4" slack="0"/>
<pin id="2160" dir="0" index="32" bw="32" slack="0"/>
<pin id="2161" dir="0" index="33" bw="32" slack="0"/>
<pin id="2162" dir="0" index="34" bw="4" slack="2"/>
<pin id="2163" dir="1" index="35" bw="32" slack="0"/>
</pin_list>
<bind>
<opcode="sparsemux(1197) " fcode="sparsemux"/>
<opset="tmp_5/3 "/>
</bind>
</comp>

<comp id="2198" class="1004" name="add_ln72_5_fu_2198">
<pin_list>
<pin id="2199" dir="0" index="0" bw="32" slack="0"/>
<pin id="2200" dir="0" index="1" bw="32" slack="1"/>
<pin id="2201" dir="1" index="2" bw="32" slack="0"/>
</pin_list>
<bind>
<opcode="add(8) " fcode="add"/>
<opset="add_ln72_5/3 "/>
</bind>
</comp>

<comp id="2203" class="1004" name="trunc_ln72_95_fu_2203">
<pin_list>
<pin id="2204" dir="0" index="0" bw="32" slack="0"/>
<pin id="2205" dir="0" index="1" bw="512" slack="0"/>
<pin id="2206" dir="0" index="2" bw="9" slack="0"/>
<pin id="2207" dir="0" index="3" bw="9" slack="0"/>
<pin id="2208" dir="1" index="4" bw="32" slack="0"/>
</pin_list>
<bind>
<opcode="partselect(1002) " fcode="partselect"/>
<opset="trunc_ln72_95/3 "/>
</bind>
</comp>

<comp id="2213" class="1004" name="trunc_ln72_96_fu_2213">
<pin_list>
<pin id="2214" dir="0" index="0" bw="32" slack="0"/>
<pin id="2215" dir="0" index="1" bw="512" slack="0"/>
<pin id="2216" dir="0" index="2" bw="9" slack="0"/>
<pin id="2217" dir="0" index="3" bw="9" slack="0"/>
<pin id="2218" dir="1" index="4" bw="32" slack="0"/>
</pin_list>
<bind>
<opcode="partselect(1002) " fcode="partselect"/>
<opset="trunc_ln72_96/3 "/>
</bind>
</comp>

<comp id="2223" class="1004" name="trunc_ln72_97_fu_2223">
<pin_list>
<pin id="2224" dir="0" index="0" bw="32" slack="0"/>
<pin id="2225" dir="0" index="1" bw="512" slack="0"/>
<pin id="2226" dir="0" index="2" bw="9" slack="0"/>
<pin id="2227" dir="0" index="3" bw="9" slack="0"/>
<pin id="2228" dir="1" index="4" bw="32" slack="0"/>
</pin_list>
<bind>
<opcode="partselect(1002) " fcode="partselect"/>
<opset="trunc_ln72_97/3 "/>
</bind>
</comp>

<comp id="2233" class="1004" name="trunc_ln72_98_fu_2233">
<pin_list>
<pin id="2234" dir="0" index="0" bw="32" slack="0"/>
<pin id="2235" dir="0" index="1" bw="512" slack="0"/>
<pin id="2236" dir="0" index="2" bw="9" slack="0"/>
<pin id="2237" dir="0" index="3" bw="9" slack="0"/>
<pin id="2238" dir="1" index="4" bw="32" slack="0"/>
</pin_list>
<bind>
<opcode="partselect(1002) " fcode="partselect"/>
<opset="trunc_ln72_98/3 "/>
</bind>
</comp>

<comp id="2243" class="1004" name="trunc_ln72_99_fu_2243">
<pin_list>
<pin id="2244" dir="0" index="0" bw="32" slack="0"/>
<pin id="2245" dir="0" index="1" bw="512" slack="0"/>
<pin id="2246" dir="0" index="2" bw="9" slack="0"/>
<pin id="2247" dir="0" index="3" bw="9" slack="0"/>
<pin id="2248" dir="1" index="4" bw="32" slack="0"/>
</pin_list>
<bind>
<opcode="partselect(1002) " fcode="partselect"/>
<opset="trunc_ln72_99/3 "/>
</bind>
</comp>

<comp id="2253" class="1004" name="trunc_ln72_100_fu_2253">
<pin_list>
<pin id="2254" dir="0" index="0" bw="32" slack="0"/>
<pin id="2255" dir="0" index="1" bw="512" slack="0"/>
<pin id="2256" dir="0" index="2" bw="9" slack="0"/>
<pin id="2257" dir="0" index="3" bw="9" slack="0"/>
<pin id="2258" dir="1" index="4" bw="32" slack="0"/>
</pin_list>
<bind>
<opcode="partselect(1002) " fcode="partselect"/>
<opset="trunc_ln72_100/3 "/>
</bind>
</comp>

<comp id="2263" class="1004" name="trunc_ln72_101_fu_2263">
<pin_list>
<pin id="2264" dir="0" index="0" bw="32" slack="0"/>
<pin id="2265" dir="0" index="1" bw="512" slack="0"/>
<pin id="2266" dir="0" index="2" bw="9" slack="0"/>
<pin id="2267" dir="0" index="3" bw="9" slack="0"/>
<pin id="2268" dir="1" index="4" bw="32" slack="0"/>
</pin_list>
<bind>
<opcode="partselect(1002) " fcode="partselect"/>
<opset="trunc_ln72_101/3 "/>
</bind>
</comp>

<comp id="2273" class="1004" name="trunc_ln72_102_fu_2273">
<pin_list>
<pin id="2274" dir="0" index="0" bw="32" slack="0"/>
<pin id="2275" dir="0" index="1" bw="512" slack="0"/>
<pin id="2276" dir="0" index="2" bw="9" slack="0"/>
<pin id="2277" dir="0" index="3" bw="9" slack="0"/>
<pin id="2278" dir="1" index="4" bw="32" slack="0"/>
</pin_list>
<bind>
<opcode="partselect(1002) " fcode="partselect"/>
<opset="trunc_ln72_102/3 "/>
</bind>
</comp>

<comp id="2283" class="1004" name="trunc_ln72_103_fu_2283">
<pin_list>
<pin id="2284" dir="0" index="0" bw="32" slack="0"/>
<pin id="2285" dir="0" index="1" bw="512" slack="0"/>
<pin id="2286" dir="0" index="2" bw="9" slack="0"/>
<pin id="2287" dir="0" index="3" bw="9" slack="0"/>
<pin id="2288" dir="1" index="4" bw="32" slack="0"/>
</pin_list>
<bind>
<opcode="partselect(1002) " fcode="partselect"/>
<opset="trunc_ln72_103/3 "/>
</bind>
</comp>

<comp id="2293" class="1004" name="trunc_ln72_104_fu_2293">
<pin_list>
<pin id="2294" dir="0" index="0" bw="32" slack="0"/>
<pin id="2295" dir="0" index="1" bw="512" slack="0"/>
<pin id="2296" dir="0" index="2" bw="9" slack="0"/>
<pin id="2297" dir="0" index="3" bw="9" slack="0"/>
<pin id="2298" dir="1" index="4" bw="32" slack="0"/>
</pin_list>
<bind>
<opcode="partselect(1002) " fcode="partselect"/>
<opset="trunc_ln72_104/3 "/>
</bind>
</comp>

<comp id="2303" class="1004" name="trunc_ln72_105_fu_2303">
<pin_list>
<pin id="2304" dir="0" index="0" bw="32" slack="0"/>
<pin id="2305" dir="0" index="1" bw="512" slack="0"/>
<pin id="2306" dir="0" index="2" bw="9" slack="0"/>
<pin id="2307" dir="0" index="3" bw="9" slack="0"/>
<pin id="2308" dir="1" index="4" bw="32" slack="0"/>
</pin_list>
<bind>
<opcode="partselect(1002) " fcode="partselect"/>
<opset="trunc_ln72_105/3 "/>
</bind>
</comp>

<comp id="2313" class="1004" name="trunc_ln72_106_fu_2313">
<pin_list>
<pin id="2314" dir="0" index="0" bw="32" slack="0"/>
<pin id="2315" dir="0" index="1" bw="512" slack="0"/>
<pin id="2316" dir="0" index="2" bw="9" slack="0"/>
<pin id="2317" dir="0" index="3" bw="9" slack="0"/>
<pin id="2318" dir="1" index="4" bw="32" slack="0"/>
</pin_list>
<bind>
<opcode="partselect(1002) " fcode="partselect"/>
<opset="trunc_ln72_106/3 "/>
</bind>
</comp>

<comp id="2323" class="1004" name="trunc_ln72_107_fu_2323">
<pin_list>
<pin id="2324" dir="0" index="0" bw="32" slack="0"/>
<pin id="2325" dir="0" index="1" bw="512" slack="0"/>
<pin id="2326" dir="0" index="2" bw="9" slack="0"/>
<pin id="2327" dir="0" index="3" bw="9" slack="0"/>
<pin id="2328" dir="1" index="4" bw="32" slack="0"/>
</pin_list>
<bind>
<opcode="partselect(1002) " fcode="partselect"/>
<opset="trunc_ln72_107/3 "/>
</bind>
</comp>

<comp id="2333" class="1004" name="trunc_ln72_108_fu_2333">
<pin_list>
<pin id="2334" dir="0" index="0" bw="32" slack="0"/>
<pin id="2335" dir="0" index="1" bw="512" slack="0"/>
<pin id="2336" dir="0" index="2" bw="9" slack="0"/>
<pin id="2337" dir="0" index="3" bw="9" slack="0"/>
<pin id="2338" dir="1" index="4" bw="32" slack="0"/>
</pin_list>
<bind>
<opcode="partselect(1002) " fcode="partselect"/>
<opset="trunc_ln72_108/3 "/>
</bind>
</comp>

<comp id="2343" class="1004" name="trunc_ln72_109_fu_2343">
<pin_list>
<pin id="2344" dir="0" index="0" bw="32" slack="0"/>
<pin id="2345" dir="0" index="1" bw="512" slack="0"/>
<pin id="2346" dir="0" index="2" bw="9" slack="0"/>
<pin id="2347" dir="0" index="3" bw="9" slack="0"/>
<pin id="2348" dir="1" index="4" bw="32" slack="0"/>
</pin_list>
<bind>
<opcode="partselect(1002) " fcode="partselect"/>
<opset="trunc_ln72_109/3 "/>
</bind>
</comp>

<comp id="2353" class="1004" name="trunc_ln72_110_fu_2353">
<pin_list>
<pin id="2354" dir="0" index="0" bw="32" slack="0"/>
<pin id="2355" dir="0" index="1" bw="512" slack="0"/>
<pin id="2356" dir="0" index="2" bw="9" slack="0"/>
<pin id="2357" dir="0" index="3" bw="9" slack="0"/>
<pin id="2358" dir="1" index="4" bw="32" slack="0"/>
</pin_list>
<bind>
<opcode="partselect(1002) " fcode="partselect"/>
<opset="trunc_ln72_110/3 "/>
</bind>
</comp>

<comp id="2363" class="1004" name="tmp_6_fu_2363">
<pin_list>
<pin id="2364" dir="0" index="0" bw="32" slack="0"/>
<pin id="2365" dir="0" index="1" bw="4" slack="0"/>
<pin id="2366" dir="0" index="2" bw="32" slack="0"/>
<pin id="2367" dir="0" index="3" bw="4" slack="0"/>
<pin id="2368" dir="0" index="4" bw="32" slack="0"/>
<pin id="2369" dir="0" index="5" bw="4" slack="0"/>
<pin id="2370" dir="0" index="6" bw="32" slack="0"/>
<pin id="2371" dir="0" index="7" bw="4" slack="0"/>
<pin id="2372" dir="0" index="8" bw="32" slack="0"/>
<pin id="2373" dir="0" index="9" bw="4" slack="0"/>
<pin id="2374" dir="0" index="10" bw="32" slack="0"/>
<pin id="2375" dir="0" index="11" bw="4" slack="0"/>
<pin id="2376" dir="0" index="12" bw="32" slack="0"/>
<pin id="2377" dir="0" index="13" bw="4" slack="0"/>
<pin id="2378" dir="0" index="14" bw="32" slack="0"/>
<pin id="2379" dir="0" index="15" bw="4" slack="0"/>
<pin id="2380" dir="0" index="16" bw="32" slack="0"/>
<pin id="2381" dir="0" index="17" bw="4" slack="0"/>
<pin id="2382" dir="0" index="18" bw="32" slack="0"/>
<pin id="2383" dir="0" index="19" bw="4" slack="0"/>
<pin id="2384" dir="0" index="20" bw="32" slack="0"/>
<pin id="2385" dir="0" index="21" bw="4" slack="0"/>
<pin id="2386" dir="0" index="22" bw="32" slack="0"/>
<pin id="2387" dir="0" index="23" bw="4" slack="0"/>
<pin id="2388" dir="0" index="24" bw="32" slack="0"/>
<pin id="2389" dir="0" index="25" bw="4" slack="0"/>
<pin id="2390" dir="0" index="26" bw="32" slack="0"/>
<pin id="2391" dir="0" index="27" bw="4" slack="0"/>
<pin id="2392" dir="0" index="28" bw="32" slack="0"/>
<pin id="2393" dir="0" index="29" bw="4" slack="0"/>
<pin id="2394" dir="0" index="30" bw="32" slack="0"/>
<pin id="2395" dir="0" index="31" bw="4" slack="0"/>
<pin id="2396" dir="0" index="32" bw="32" slack="0"/>
<pin id="2397" dir="0" index="33" bw="32" slack="0"/>
<pin id="2398" dir="0" index="34" bw="4" slack="2"/>
<pin id="2399" dir="1" index="35" bw="32" slack="0"/>
</pin_list>
<bind>
<opcode="sparsemux(1197) " fcode="sparsemux"/>
<opset="tmp_6/3 "/>
</bind>
</comp>

<comp id="2434" class="1004" name="add_ln72_6_fu_2434">
<pin_list>
<pin id="2435" dir="0" index="0" bw="32" slack="0"/>
<pin id="2436" dir="0" index="1" bw="32" slack="1"/>
<pin id="2437" dir="1" index="2" bw="32" slack="0"/>
</pin_list>
<bind>
<opcode="add(8) " fcode="add"/>
<opset="add_ln72_6/3 "/>
</bind>
</comp>

<comp id="2439" class="1004" name="trunc_ln72_111_fu_2439">
<pin_list>
<pin id="2440" dir="0" index="0" bw="32" slack="0"/>
<pin id="2441" dir="0" index="1" bw="512" slack="0"/>
<pin id="2442" dir="0" index="2" bw="9" slack="0"/>
<pin id="2443" dir="0" index="3" bw="9" slack="0"/>
<pin id="2444" dir="1" index="4" bw="32" slack="0"/>
</pin_list>
<bind>
<opcode="partselect(1002) " fcode="partselect"/>
<opset="trunc_ln72_111/3 "/>
</bind>
</comp>

<comp id="2449" class="1004" name="trunc_ln72_112_fu_2449">
<pin_list>
<pin id="2450" dir="0" index="0" bw="32" slack="0"/>
<pin id="2451" dir="0" index="1" bw="512" slack="0"/>
<pin id="2452" dir="0" index="2" bw="9" slack="0"/>
<pin id="2453" dir="0" index="3" bw="9" slack="0"/>
<pin id="2454" dir="1" index="4" bw="32" slack="0"/>
</pin_list>
<bind>
<opcode="partselect(1002) " fcode="partselect"/>
<opset="trunc_ln72_112/3 "/>
</bind>
</comp>

<comp id="2459" class="1004" name="trunc_ln72_113_fu_2459">
<pin_list>
<pin id="2460" dir="0" index="0" bw="32" slack="0"/>
<pin id="2461" dir="0" index="1" bw="512" slack="0"/>
<pin id="2462" dir="0" index="2" bw="9" slack="0"/>
<pin id="2463" dir="0" index="3" bw="9" slack="0"/>
<pin id="2464" dir="1" index="4" bw="32" slack="0"/>
</pin_list>
<bind>
<opcode="partselect(1002) " fcode="partselect"/>
<opset="trunc_ln72_113/3 "/>
</bind>
</comp>

<comp id="2469" class="1004" name="trunc_ln72_114_fu_2469">
<pin_list>
<pin id="2470" dir="0" index="0" bw="32" slack="0"/>
<pin id="2471" dir="0" index="1" bw="512" slack="0"/>
<pin id="2472" dir="0" index="2" bw="9" slack="0"/>
<pin id="2473" dir="0" index="3" bw="9" slack="0"/>
<pin id="2474" dir="1" index="4" bw="32" slack="0"/>
</pin_list>
<bind>
<opcode="partselect(1002) " fcode="partselect"/>
<opset="trunc_ln72_114/3 "/>
</bind>
</comp>

<comp id="2479" class="1004" name="trunc_ln72_115_fu_2479">
<pin_list>
<pin id="2480" dir="0" index="0" bw="32" slack="0"/>
<pin id="2481" dir="0" index="1" bw="512" slack="0"/>
<pin id="2482" dir="0" index="2" bw="9" slack="0"/>
<pin id="2483" dir="0" index="3" bw="9" slack="0"/>
<pin id="2484" dir="1" index="4" bw="32" slack="0"/>
</pin_list>
<bind>
<opcode="partselect(1002) " fcode="partselect"/>
<opset="trunc_ln72_115/3 "/>
</bind>
</comp>

<comp id="2489" class="1004" name="trunc_ln72_116_fu_2489">
<pin_list>
<pin id="2490" dir="0" index="0" bw="32" slack="0"/>
<pin id="2491" dir="0" index="1" bw="512" slack="0"/>
<pin id="2492" dir="0" index="2" bw="9" slack="0"/>
<pin id="2493" dir="0" index="3" bw="9" slack="0"/>
<pin id="2494" dir="1" index="4" bw="32" slack="0"/>
</pin_list>
<bind>
<opcode="partselect(1002) " fcode="partselect"/>
<opset="trunc_ln72_116/3 "/>
</bind>
</comp>

<comp id="2499" class="1004" name="trunc_ln72_117_fu_2499">
<pin_list>
<pin id="2500" dir="0" index="0" bw="32" slack="0"/>
<pin id="2501" dir="0" index="1" bw="512" slack="0"/>
<pin id="2502" dir="0" index="2" bw="9" slack="0"/>
<pin id="2503" dir="0" index="3" bw="9" slack="0"/>
<pin id="2504" dir="1" index="4" bw="32" slack="0"/>
</pin_list>
<bind>
<opcode="partselect(1002) " fcode="partselect"/>
<opset="trunc_ln72_117/3 "/>
</bind>
</comp>

<comp id="2509" class="1004" name="trunc_ln72_118_fu_2509">
<pin_list>
<pin id="2510" dir="0" index="0" bw="32" slack="0"/>
<pin id="2511" dir="0" index="1" bw="512" slack="0"/>
<pin id="2512" dir="0" index="2" bw="9" slack="0"/>
<pin id="2513" dir="0" index="3" bw="9" slack="0"/>
<pin id="2514" dir="1" index="4" bw="32" slack="0"/>
</pin_list>
<bind>
<opcode="partselect(1002) " fcode="partselect"/>
<opset="trunc_ln72_118/3 "/>
</bind>
</comp>

<comp id="2519" class="1004" name="trunc_ln72_119_fu_2519">
<pin_list>
<pin id="2520" dir="0" index="0" bw="32" slack="0"/>
<pin id="2521" dir="0" index="1" bw="512" slack="0"/>
<pin id="2522" dir="0" index="2" bw="9" slack="0"/>
<pin id="2523" dir="0" index="3" bw="9" slack="0"/>
<pin id="2524" dir="1" index="4" bw="32" slack="0"/>
</pin_list>
<bind>
<opcode="partselect(1002) " fcode="partselect"/>
<opset="trunc_ln72_119/3 "/>
</bind>
</comp>

<comp id="2529" class="1004" name="trunc_ln72_120_fu_2529">
<pin_list>
<pin id="2530" dir="0" index="0" bw="32" slack="0"/>
<pin id="2531" dir="0" index="1" bw="512" slack="0"/>
<pin id="2532" dir="0" index="2" bw="9" slack="0"/>
<pin id="2533" dir="0" index="3" bw="9" slack="0"/>
<pin id="2534" dir="1" index="4" bw="32" slack="0"/>
</pin_list>
<bind>
<opcode="partselect(1002) " fcode="partselect"/>
<opset="trunc_ln72_120/3 "/>
</bind>
</comp>

<comp id="2539" class="1004" name="trunc_ln72_121_fu_2539">
<pin_list>
<pin id="2540" dir="0" index="0" bw="32" slack="0"/>
<pin id="2541" dir="0" index="1" bw="512" slack="0"/>
<pin id="2542" dir="0" index="2" bw="9" slack="0"/>
<pin id="2543" dir="0" index="3" bw="9" slack="0"/>
<pin id="2544" dir="1" index="4" bw="32" slack="0"/>
</pin_list>
<bind>
<opcode="partselect(1002) " fcode="partselect"/>
<opset="trunc_ln72_121/3 "/>
</bind>
</comp>

<comp id="2549" class="1004" name="trunc_ln72_122_fu_2549">
<pin_list>
<pin id="2550" dir="0" index="0" bw="32" slack="0"/>
<pin id="2551" dir="0" index="1" bw="512" slack="0"/>
<pin id="2552" dir="0" index="2" bw="9" slack="0"/>
<pin id="2553" dir="0" index="3" bw="9" slack="0"/>
<pin id="2554" dir="1" index="4" bw="32" slack="0"/>
</pin_list>
<bind>
<opcode="partselect(1002) " fcode="partselect"/>
<opset="trunc_ln72_122/3 "/>
</bind>
</comp>

<comp id="2559" class="1004" name="trunc_ln72_123_fu_2559">
<pin_list>
<pin id="2560" dir="0" index="0" bw="32" slack="0"/>
<pin id="2561" dir="0" index="1" bw="512" slack="0"/>
<pin id="2562" dir="0" index="2" bw="9" slack="0"/>
<pin id="2563" dir="0" index="3" bw="9" slack="0"/>
<pin id="2564" dir="1" index="4" bw="32" slack="0"/>
</pin_list>
<bind>
<opcode="partselect(1002) " fcode="partselect"/>
<opset="trunc_ln72_123/3 "/>
</bind>
</comp>

<comp id="2569" class="1004" name="trunc_ln72_124_fu_2569">
<pin_list>
<pin id="2570" dir="0" index="0" bw="32" slack="0"/>
<pin id="2571" dir="0" index="1" bw="512" slack="0"/>
<pin id="2572" dir="0" index="2" bw="9" slack="0"/>
<pin id="2573" dir="0" index="3" bw="9" slack="0"/>
<pin id="2574" dir="1" index="4" bw="32" slack="0"/>
</pin_list>
<bind>
<opcode="partselect(1002) " fcode="partselect"/>
<opset="trunc_ln72_124/3 "/>
</bind>
</comp>

<comp id="2579" class="1004" name="trunc_ln72_125_fu_2579">
<pin_list>
<pin id="2580" dir="0" index="0" bw="32" slack="0"/>
<pin id="2581" dir="0" index="1" bw="512" slack="0"/>
<pin id="2582" dir="0" index="2" bw="9" slack="0"/>
<pin id="2583" dir="0" index="3" bw="9" slack="0"/>
<pin id="2584" dir="1" index="4" bw="32" slack="0"/>
</pin_list>
<bind>
<opcode="partselect(1002) " fcode="partselect"/>
<opset="trunc_ln72_125/3 "/>
</bind>
</comp>

<comp id="2589" class="1004" name="trunc_ln72_126_fu_2589">
<pin_list>
<pin id="2590" dir="0" index="0" bw="32" slack="0"/>
<pin id="2591" dir="0" index="1" bw="512" slack="0"/>
<pin id="2592" dir="0" index="2" bw="9" slack="0"/>
<pin id="2593" dir="0" index="3" bw="9" slack="0"/>
<pin id="2594" dir="1" index="4" bw="32" slack="0"/>
</pin_list>
<bind>
<opcode="partselect(1002) " fcode="partselect"/>
<opset="trunc_ln72_126/3 "/>
</bind>
</comp>

<comp id="2599" class="1004" name="tmp_7_fu_2599">
<pin_list>
<pin id="2600" dir="0" index="0" bw="32" slack="0"/>
<pin id="2601" dir="0" index="1" bw="4" slack="0"/>
<pin id="2602" dir="0" index="2" bw="32" slack="0"/>
<pin id="2603" dir="0" index="3" bw="4" slack="0"/>
<pin id="2604" dir="0" index="4" bw="32" slack="0"/>
<pin id="2605" dir="0" index="5" bw="4" slack="0"/>
<pin id="2606" dir="0" index="6" bw="32" slack="0"/>
<pin id="2607" dir="0" index="7" bw="4" slack="0"/>
<pin id="2608" dir="0" index="8" bw="32" slack="0"/>
<pin id="2609" dir="0" index="9" bw="4" slack="0"/>
<pin id="2610" dir="0" index="10" bw="32" slack="0"/>
<pin id="2611" dir="0" index="11" bw="4" slack="0"/>
<pin id="2612" dir="0" index="12" bw="32" slack="0"/>
<pin id="2613" dir="0" index="13" bw="4" slack="0"/>
<pin id="2614" dir="0" index="14" bw="32" slack="0"/>
<pin id="2615" dir="0" index="15" bw="4" slack="0"/>
<pin id="2616" dir="0" index="16" bw="32" slack="0"/>
<pin id="2617" dir="0" index="17" bw="4" slack="0"/>
<pin id="2618" dir="0" index="18" bw="32" slack="0"/>
<pin id="2619" dir="0" index="19" bw="4" slack="0"/>
<pin id="2620" dir="0" index="20" bw="32" slack="0"/>
<pin id="2621" dir="0" index="21" bw="4" slack="0"/>
<pin id="2622" dir="0" index="22" bw="32" slack="0"/>
<pin id="2623" dir="0" index="23" bw="4" slack="0"/>
<pin id="2624" dir="0" index="24" bw="32" slack="0"/>
<pin id="2625" dir="0" index="25" bw="4" slack="0"/>
<pin id="2626" dir="0" index="26" bw="32" slack="0"/>
<pin id="2627" dir="0" index="27" bw="4" slack="0"/>
<pin id="2628" dir="0" index="28" bw="32" slack="0"/>
<pin id="2629" dir="0" index="29" bw="4" slack="0"/>
<pin id="2630" dir="0" index="30" bw="32" slack="0"/>
<pin id="2631" dir="0" index="31" bw="4" slack="0"/>
<pin id="2632" dir="0" index="32" bw="32" slack="0"/>
<pin id="2633" dir="0" index="33" bw="32" slack="0"/>
<pin id="2634" dir="0" index="34" bw="4" slack="2"/>
<pin id="2635" dir="1" index="35" bw="32" slack="0"/>
</pin_list>
<bind>
<opcode="sparsemux(1197) " fcode="sparsemux"/>
<opset="tmp_7/3 "/>
</bind>
</comp>

<comp id="2670" class="1004" name="add_ln72_7_fu_2670">
<pin_list>
<pin id="2671" dir="0" index="0" bw="32" slack="0"/>
<pin id="2672" dir="0" index="1" bw="32" slack="1"/>
<pin id="2673" dir="1" index="2" bw="32" slack="0"/>
</pin_list>
<bind>
<opcode="add(8) " fcode="add"/>
<opset="add_ln72_7/3 "/>
</bind>
</comp>

<comp id="2675" class="1004" name="trunc_ln72_127_fu_2675">
<pin_list>
<pin id="2676" dir="0" index="0" bw="32" slack="0"/>
<pin id="2677" dir="0" index="1" bw="512" slack="0"/>
<pin id="2678" dir="0" index="2" bw="10" slack="0"/>
<pin id="2679" dir="0" index="3" bw="10" slack="0"/>
<pin id="2680" dir="1" index="4" bw="32" slack="0"/>
</pin_list>
<bind>
<opcode="partselect(1002) " fcode="partselect"/>
<opset="trunc_ln72_127/3 "/>
</bind>
</comp>

<comp id="2685" class="1004" name="trunc_ln72_128_fu_2685">
<pin_list>
<pin id="2686" dir="0" index="0" bw="32" slack="0"/>
<pin id="2687" dir="0" index="1" bw="512" slack="0"/>
<pin id="2688" dir="0" index="2" bw="10" slack="0"/>
<pin id="2689" dir="0" index="3" bw="10" slack="0"/>
<pin id="2690" dir="1" index="4" bw="32" slack="0"/>
</pin_list>
<bind>
<opcode="partselect(1002) " fcode="partselect"/>
<opset="trunc_ln72_128/3 "/>
</bind>
</comp>

<comp id="2695" class="1004" name="trunc_ln72_129_fu_2695">
<pin_list>
<pin id="2696" dir="0" index="0" bw="32" slack="0"/>
<pin id="2697" dir="0" index="1" bw="512" slack="0"/>
<pin id="2698" dir="0" index="2" bw="10" slack="0"/>
<pin id="2699" dir="0" index="3" bw="10" slack="0"/>
<pin id="2700" dir="1" index="4" bw="32" slack="0"/>
</pin_list>
<bind>
<opcode="partselect(1002) " fcode="partselect"/>
<opset="trunc_ln72_129/3 "/>
</bind>
</comp>

<comp id="2705" class="1004" name="trunc_ln72_130_fu_2705">
<pin_list>
<pin id="2706" dir="0" index="0" bw="32" slack="0"/>
<pin id="2707" dir="0" index="1" bw="512" slack="0"/>
<pin id="2708" dir="0" index="2" bw="10" slack="0"/>
<pin id="2709" dir="0" index="3" bw="10" slack="0"/>
<pin id="2710" dir="1" index="4" bw="32" slack="0"/>
</pin_list>
<bind>
<opcode="partselect(1002) " fcode="partselect"/>
<opset="trunc_ln72_130/3 "/>
</bind>
</comp>

<comp id="2715" class="1004" name="trunc_ln72_131_fu_2715">
<pin_list>
<pin id="2716" dir="0" index="0" bw="32" slack="0"/>
<pin id="2717" dir="0" index="1" bw="512" slack="0"/>
<pin id="2718" dir="0" index="2" bw="10" slack="0"/>
<pin id="2719" dir="0" index="3" bw="10" slack="0"/>
<pin id="2720" dir="1" index="4" bw="32" slack="0"/>
</pin_list>
<bind>
<opcode="partselect(1002) " fcode="partselect"/>
<opset="trunc_ln72_131/3 "/>
</bind>
</comp>

<comp id="2725" class="1004" name="trunc_ln72_132_fu_2725">
<pin_list>
<pin id="2726" dir="0" index="0" bw="32" slack="0"/>
<pin id="2727" dir="0" index="1" bw="512" slack="0"/>
<pin id="2728" dir="0" index="2" bw="10" slack="0"/>
<pin id="2729" dir="0" index="3" bw="10" slack="0"/>
<pin id="2730" dir="1" index="4" bw="32" slack="0"/>
</pin_list>
<bind>
<opcode="partselect(1002) " fcode="partselect"/>
<opset="trunc_ln72_132/3 "/>
</bind>
</comp>

<comp id="2735" class="1004" name="trunc_ln72_133_fu_2735">
<pin_list>
<pin id="2736" dir="0" index="0" bw="32" slack="0"/>
<pin id="2737" dir="0" index="1" bw="512" slack="0"/>
<pin id="2738" dir="0" index="2" bw="10" slack="0"/>
<pin id="2739" dir="0" index="3" bw="10" slack="0"/>
<pin id="2740" dir="1" index="4" bw="32" slack="0"/>
</pin_list>
<bind>
<opcode="partselect(1002) " fcode="partselect"/>
<opset="trunc_ln72_133/3 "/>
</bind>
</comp>

<comp id="2745" class="1004" name="trunc_ln72_134_fu_2745">
<pin_list>
<pin id="2746" dir="0" index="0" bw="32" slack="0"/>
<pin id="2747" dir="0" index="1" bw="512" slack="0"/>
<pin id="2748" dir="0" index="2" bw="10" slack="0"/>
<pin id="2749" dir="0" index="3" bw="10" slack="0"/>
<pin id="2750" dir="1" index="4" bw="32" slack="0"/>
</pin_list>
<bind>
<opcode="partselect(1002) " fcode="partselect"/>
<opset="trunc_ln72_134/3 "/>
</bind>
</comp>

<comp id="2755" class="1004" name="trunc_ln72_135_fu_2755">
<pin_list>
<pin id="2756" dir="0" index="0" bw="32" slack="0"/>
<pin id="2757" dir="0" index="1" bw="512" slack="0"/>
<pin id="2758" dir="0" index="2" bw="10" slack="0"/>
<pin id="2759" dir="0" index="3" bw="10" slack="0"/>
<pin id="2760" dir="1" index="4" bw="32" slack="0"/>
</pin_list>
<bind>
<opcode="partselect(1002) " fcode="partselect"/>
<opset="trunc_ln72_135/3 "/>
</bind>
</comp>

<comp id="2765" class="1004" name="trunc_ln72_136_fu_2765">
<pin_list>
<pin id="2766" dir="0" index="0" bw="32" slack="0"/>
<pin id="2767" dir="0" index="1" bw="512" slack="0"/>
<pin id="2768" dir="0" index="2" bw="10" slack="0"/>
<pin id="2769" dir="0" index="3" bw="10" slack="0"/>
<pin id="2770" dir="1" index="4" bw="32" slack="0"/>
</pin_list>
<bind>
<opcode="partselect(1002) " fcode="partselect"/>
<opset="trunc_ln72_136/3 "/>
</bind>
</comp>

<comp id="2775" class="1004" name="trunc_ln72_137_fu_2775">
<pin_list>
<pin id="2776" dir="0" index="0" bw="32" slack="0"/>
<pin id="2777" dir="0" index="1" bw="512" slack="0"/>
<pin id="2778" dir="0" index="2" bw="10" slack="0"/>
<pin id="2779" dir="0" index="3" bw="10" slack="0"/>
<pin id="2780" dir="1" index="4" bw="32" slack="0"/>
</pin_list>
<bind>
<opcode="partselect(1002) " fcode="partselect"/>
<opset="trunc_ln72_137/3 "/>
</bind>
</comp>

<comp id="2785" class="1004" name="trunc_ln72_138_fu_2785">
<pin_list>
<pin id="2786" dir="0" index="0" bw="32" slack="0"/>
<pin id="2787" dir="0" index="1" bw="512" slack="0"/>
<pin id="2788" dir="0" index="2" bw="10" slack="0"/>
<pin id="2789" dir="0" index="3" bw="10" slack="0"/>
<pin id="2790" dir="1" index="4" bw="32" slack="0"/>
</pin_list>
<bind>
<opcode="partselect(1002) " fcode="partselect"/>
<opset="trunc_ln72_138/3 "/>
</bind>
</comp>

<comp id="2795" class="1004" name="trunc_ln72_139_fu_2795">
<pin_list>
<pin id="2796" dir="0" index="0" bw="32" slack="0"/>
<pin id="2797" dir="0" index="1" bw="512" slack="0"/>
<pin id="2798" dir="0" index="2" bw="10" slack="0"/>
<pin id="2799" dir="0" index="3" bw="10" slack="0"/>
<pin id="2800" dir="1" index="4" bw="32" slack="0"/>
</pin_list>
<bind>
<opcode="partselect(1002) " fcode="partselect"/>
<opset="trunc_ln72_139/3 "/>
</bind>
</comp>

<comp id="2805" class="1004" name="trunc_ln72_140_fu_2805">
<pin_list>
<pin id="2806" dir="0" index="0" bw="32" slack="0"/>
<pin id="2807" dir="0" index="1" bw="512" slack="0"/>
<pin id="2808" dir="0" index="2" bw="10" slack="0"/>
<pin id="2809" dir="0" index="3" bw="10" slack="0"/>
<pin id="2810" dir="1" index="4" bw="32" slack="0"/>
</pin_list>
<bind>
<opcode="partselect(1002) " fcode="partselect"/>
<opset="trunc_ln72_140/3 "/>
</bind>
</comp>

<comp id="2815" class="1004" name="trunc_ln72_141_fu_2815">
<pin_list>
<pin id="2816" dir="0" index="0" bw="32" slack="0"/>
<pin id="2817" dir="0" index="1" bw="512" slack="0"/>
<pin id="2818" dir="0" index="2" bw="10" slack="0"/>
<pin id="2819" dir="0" index="3" bw="10" slack="0"/>
<pin id="2820" dir="1" index="4" bw="32" slack="0"/>
</pin_list>
<bind>
<opcode="partselect(1002) " fcode="partselect"/>
<opset="trunc_ln72_141/3 "/>
</bind>
</comp>

<comp id="2825" class="1004" name="trunc_ln72_142_fu_2825">
<pin_list>
<pin id="2826" dir="0" index="0" bw="32" slack="0"/>
<pin id="2827" dir="0" index="1" bw="512" slack="0"/>
<pin id="2828" dir="0" index="2" bw="10" slack="0"/>
<pin id="2829" dir="0" index="3" bw="10" slack="0"/>
<pin id="2830" dir="1" index="4" bw="32" slack="0"/>
</pin_list>
<bind>
<opcode="partselect(1002) " fcode="partselect"/>
<opset="trunc_ln72_142/3 "/>
</bind>
</comp>

<comp id="2835" class="1004" name="tmp_8_fu_2835">
<pin_list>
<pin id="2836" dir="0" index="0" bw="32" slack="0"/>
<pin id="2837" dir="0" index="1" bw="4" slack="0"/>
<pin id="2838" dir="0" index="2" bw="32" slack="0"/>
<pin id="2839" dir="0" index="3" bw="4" slack="0"/>
<pin id="2840" dir="0" index="4" bw="32" slack="0"/>
<pin id="2841" dir="0" index="5" bw="4" slack="0"/>
<pin id="2842" dir="0" index="6" bw="32" slack="0"/>
<pin id="2843" dir="0" index="7" bw="4" slack="0"/>
<pin id="2844" dir="0" index="8" bw="32" slack="0"/>
<pin id="2845" dir="0" index="9" bw="4" slack="0"/>
<pin id="2846" dir="0" index="10" bw="32" slack="0"/>
<pin id="2847" dir="0" index="11" bw="4" slack="0"/>
<pin id="2848" dir="0" index="12" bw="32" slack="0"/>
<pin id="2849" dir="0" index="13" bw="4" slack="0"/>
<pin id="2850" dir="0" index="14" bw="32" slack="0"/>
<pin id="2851" dir="0" index="15" bw="4" slack="0"/>
<pin id="2852" dir="0" index="16" bw="32" slack="0"/>
<pin id="2853" dir="0" index="17" bw="4" slack="0"/>
<pin id="2854" dir="0" index="18" bw="32" slack="0"/>
<pin id="2855" dir="0" index="19" bw="4" slack="0"/>
<pin id="2856" dir="0" index="20" bw="32" slack="0"/>
<pin id="2857" dir="0" index="21" bw="4" slack="0"/>
<pin id="2858" dir="0" index="22" bw="32" slack="0"/>
<pin id="2859" dir="0" index="23" bw="4" slack="0"/>
<pin id="2860" dir="0" index="24" bw="32" slack="0"/>
<pin id="2861" dir="0" index="25" bw="4" slack="0"/>
<pin id="2862" dir="0" index="26" bw="32" slack="0"/>
<pin id="2863" dir="0" index="27" bw="4" slack="0"/>
<pin id="2864" dir="0" index="28" bw="32" slack="0"/>
<pin id="2865" dir="0" index="29" bw="4" slack="0"/>
<pin id="2866" dir="0" index="30" bw="32" slack="0"/>
<pin id="2867" dir="0" index="31" bw="4" slack="0"/>
<pin id="2868" dir="0" index="32" bw="32" slack="0"/>
<pin id="2869" dir="0" index="33" bw="32" slack="0"/>
<pin id="2870" dir="0" index="34" bw="4" slack="2"/>
<pin id="2871" dir="1" index="35" bw="32" slack="0"/>
</pin_list>
<bind>
<opcode="sparsemux(1197) " fcode="sparsemux"/>
<opset="tmp_8/3 "/>
</bind>
</comp>

<comp id="2906" class="1004" name="add_ln72_8_fu_2906">
<pin_list>
<pin id="2907" dir="0" index="0" bw="32" slack="0"/>
<pin id="2908" dir="0" index="1" bw="32" slack="1"/>
<pin id="2909" dir="1" index="2" bw="32" slack="0"/>
</pin_list>
<bind>
<opcode="add(8) " fcode="add"/>
<opset="add_ln72_8/3 "/>
</bind>
</comp>

<comp id="2911" class="1004" name="trunc_ln72_143_fu_2911">
<pin_list>
<pin id="2912" dir="0" index="0" bw="32" slack="0"/>
<pin id="2913" dir="0" index="1" bw="512" slack="0"/>
<pin id="2914" dir="0" index="2" bw="10" slack="0"/>
<pin id="2915" dir="0" index="3" bw="10" slack="0"/>
<pin id="2916" dir="1" index="4" bw="32" slack="0"/>
</pin_list>
<bind>
<opcode="partselect(1002) " fcode="partselect"/>
<opset="trunc_ln72_143/3 "/>
</bind>
</comp>

<comp id="2921" class="1004" name="trunc_ln72_144_fu_2921">
<pin_list>
<pin id="2922" dir="0" index="0" bw="32" slack="0"/>
<pin id="2923" dir="0" index="1" bw="512" slack="0"/>
<pin id="2924" dir="0" index="2" bw="10" slack="0"/>
<pin id="2925" dir="0" index="3" bw="10" slack="0"/>
<pin id="2926" dir="1" index="4" bw="32" slack="0"/>
</pin_list>
<bind>
<opcode="partselect(1002) " fcode="partselect"/>
<opset="trunc_ln72_144/3 "/>
</bind>
</comp>

<comp id="2931" class="1004" name="trunc_ln72_145_fu_2931">
<pin_list>
<pin id="2932" dir="0" index="0" bw="32" slack="0"/>
<pin id="2933" dir="0" index="1" bw="512" slack="0"/>
<pin id="2934" dir="0" index="2" bw="10" slack="0"/>
<pin id="2935" dir="0" index="3" bw="10" slack="0"/>
<pin id="2936" dir="1" index="4" bw="32" slack="0"/>
</pin_list>
<bind>
<opcode="partselect(1002) " fcode="partselect"/>
<opset="trunc_ln72_145/3 "/>
</bind>
</comp>

<comp id="2941" class="1004" name="trunc_ln72_146_fu_2941">
<pin_list>
<pin id="2942" dir="0" index="0" bw="32" slack="0"/>
<pin id="2943" dir="0" index="1" bw="512" slack="0"/>
<pin id="2944" dir="0" index="2" bw="10" slack="0"/>
<pin id="2945" dir="0" index="3" bw="10" slack="0"/>
<pin id="2946" dir="1" index="4" bw="32" slack="0"/>
</pin_list>
<bind>
<opcode="partselect(1002) " fcode="partselect"/>
<opset="trunc_ln72_146/3 "/>
</bind>
</comp>

<comp id="2951" class="1004" name="trunc_ln72_147_fu_2951">
<pin_list>
<pin id="2952" dir="0" index="0" bw="32" slack="0"/>
<pin id="2953" dir="0" index="1" bw="512" slack="0"/>
<pin id="2954" dir="0" index="2" bw="10" slack="0"/>
<pin id="2955" dir="0" index="3" bw="10" slack="0"/>
<pin id="2956" dir="1" index="4" bw="32" slack="0"/>
</pin_list>
<bind>
<opcode="partselect(1002) " fcode="partselect"/>
<opset="trunc_ln72_147/3 "/>
</bind>
</comp>

<comp id="2961" class="1004" name="trunc_ln72_148_fu_2961">
<pin_list>
<pin id="2962" dir="0" index="0" bw="32" slack="0"/>
<pin id="2963" dir="0" index="1" bw="512" slack="0"/>
<pin id="2964" dir="0" index="2" bw="10" slack="0"/>
<pin id="2965" dir="0" index="3" bw="10" slack="0"/>
<pin id="2966" dir="1" index="4" bw="32" slack="0"/>
</pin_list>
<bind>
<opcode="partselect(1002) " fcode="partselect"/>
<opset="trunc_ln72_148/3 "/>
</bind>
</comp>

<comp id="2971" class="1004" name="trunc_ln72_149_fu_2971">
<pin_list>
<pin id="2972" dir="0" index="0" bw="32" slack="0"/>
<pin id="2973" dir="0" index="1" bw="512" slack="0"/>
<pin id="2974" dir="0" index="2" bw="10" slack="0"/>
<pin id="2975" dir="0" index="3" bw="10" slack="0"/>
<pin id="2976" dir="1" index="4" bw="32" slack="0"/>
</pin_list>
<bind>
<opcode="partselect(1002) " fcode="partselect"/>
<opset="trunc_ln72_149/3 "/>
</bind>
</comp>

<comp id="2981" class="1004" name="trunc_ln72_150_fu_2981">
<pin_list>
<pin id="2982" dir="0" index="0" bw="32" slack="0"/>
<pin id="2983" dir="0" index="1" bw="512" slack="0"/>
<pin id="2984" dir="0" index="2" bw="10" slack="0"/>
<pin id="2985" dir="0" index="3" bw="10" slack="0"/>
<pin id="2986" dir="1" index="4" bw="32" slack="0"/>
</pin_list>
<bind>
<opcode="partselect(1002) " fcode="partselect"/>
<opset="trunc_ln72_150/3 "/>
</bind>
</comp>

<comp id="2991" class="1004" name="trunc_ln72_151_fu_2991">
<pin_list>
<pin id="2992" dir="0" index="0" bw="32" slack="0"/>
<pin id="2993" dir="0" index="1" bw="512" slack="0"/>
<pin id="2994" dir="0" index="2" bw="10" slack="0"/>
<pin id="2995" dir="0" index="3" bw="10" slack="0"/>
<pin id="2996" dir="1" index="4" bw="32" slack="0"/>
</pin_list>
<bind>
<opcode="partselect(1002) " fcode="partselect"/>
<opset="trunc_ln72_151/3 "/>
</bind>
</comp>

<comp id="3001" class="1004" name="trunc_ln72_152_fu_3001">
<pin_list>
<pin id="3002" dir="0" index="0" bw="32" slack="0"/>
<pin id="3003" dir="0" index="1" bw="512" slack="0"/>
<pin id="3004" dir="0" index="2" bw="10" slack="0"/>
<pin id="3005" dir="0" index="3" bw="10" slack="0"/>
<pin id="3006" dir="1" index="4" bw="32" slack="0"/>
</pin_list>
<bind>
<opcode="partselect(1002) " fcode="partselect"/>
<opset="trunc_ln72_152/3 "/>
</bind>
</comp>

<comp id="3011" class="1004" name="trunc_ln72_153_fu_3011">
<pin_list>
<pin id="3012" dir="0" index="0" bw="32" slack="0"/>
<pin id="3013" dir="0" index="1" bw="512" slack="0"/>
<pin id="3014" dir="0" index="2" bw="10" slack="0"/>
<pin id="3015" dir="0" index="3" bw="10" slack="0"/>
<pin id="3016" dir="1" index="4" bw="32" slack="0"/>
</pin_list>
<bind>
<opcode="partselect(1002) " fcode="partselect"/>
<opset="trunc_ln72_153/3 "/>
</bind>
</comp>

<comp id="3021" class="1004" name="trunc_ln72_154_fu_3021">
<pin_list>
<pin id="3022" dir="0" index="0" bw="32" slack="0"/>
<pin id="3023" dir="0" index="1" bw="512" slack="0"/>
<pin id="3024" dir="0" index="2" bw="10" slack="0"/>
<pin id="3025" dir="0" index="3" bw="10" slack="0"/>
<pin id="3026" dir="1" index="4" bw="32" slack="0"/>
</pin_list>
<bind>
<opcode="partselect(1002) " fcode="partselect"/>
<opset="trunc_ln72_154/3 "/>
</bind>
</comp>

<comp id="3031" class="1004" name="trunc_ln72_155_fu_3031">
<pin_list>
<pin id="3032" dir="0" index="0" bw="32" slack="0"/>
<pin id="3033" dir="0" index="1" bw="512" slack="0"/>
<pin id="3034" dir="0" index="2" bw="10" slack="0"/>
<pin id="3035" dir="0" index="3" bw="10" slack="0"/>
<pin id="3036" dir="1" index="4" bw="32" slack="0"/>
</pin_list>
<bind>
<opcode="partselect(1002) " fcode="partselect"/>
<opset="trunc_ln72_155/3 "/>
</bind>
</comp>

<comp id="3041" class="1004" name="trunc_ln72_156_fu_3041">
<pin_list>
<pin id="3042" dir="0" index="0" bw="32" slack="0"/>
<pin id="3043" dir="0" index="1" bw="512" slack="0"/>
<pin id="3044" dir="0" index="2" bw="10" slack="0"/>
<pin id="3045" dir="0" index="3" bw="10" slack="0"/>
<pin id="3046" dir="1" index="4" bw="32" slack="0"/>
</pin_list>
<bind>
<opcode="partselect(1002) " fcode="partselect"/>
<opset="trunc_ln72_156/3 "/>
</bind>
</comp>

<comp id="3051" class="1004" name="trunc_ln72_157_fu_3051">
<pin_list>
<pin id="3052" dir="0" index="0" bw="32" slack="0"/>
<pin id="3053" dir="0" index="1" bw="512" slack="0"/>
<pin id="3054" dir="0" index="2" bw="10" slack="0"/>
<pin id="3055" dir="0" index="3" bw="10" slack="0"/>
<pin id="3056" dir="1" index="4" bw="32" slack="0"/>
</pin_list>
<bind>
<opcode="partselect(1002) " fcode="partselect"/>
<opset="trunc_ln72_157/3 "/>
</bind>
</comp>

<comp id="3061" class="1004" name="trunc_ln72_158_fu_3061">
<pin_list>
<pin id="3062" dir="0" index="0" bw="32" slack="0"/>
<pin id="3063" dir="0" index="1" bw="512" slack="0"/>
<pin id="3064" dir="0" index="2" bw="10" slack="0"/>
<pin id="3065" dir="0" index="3" bw="10" slack="0"/>
<pin id="3066" dir="1" index="4" bw="32" slack="0"/>
</pin_list>
<bind>
<opcode="partselect(1002) " fcode="partselect"/>
<opset="trunc_ln72_158/3 "/>
</bind>
</comp>

<comp id="3071" class="1004" name="tmp_9_fu_3071">
<pin_list>
<pin id="3072" dir="0" index="0" bw="32" slack="0"/>
<pin id="3073" dir="0" index="1" bw="4" slack="0"/>
<pin id="3074" dir="0" index="2" bw="32" slack="0"/>
<pin id="3075" dir="0" index="3" bw="4" slack="0"/>
<pin id="3076" dir="0" index="4" bw="32" slack="0"/>
<pin id="3077" dir="0" index="5" bw="4" slack="0"/>
<pin id="3078" dir="0" index="6" bw="32" slack="0"/>
<pin id="3079" dir="0" index="7" bw="4" slack="0"/>
<pin id="3080" dir="0" index="8" bw="32" slack="0"/>
<pin id="3081" dir="0" index="9" bw="4" slack="0"/>
<pin id="3082" dir="0" index="10" bw="32" slack="0"/>
<pin id="3083" dir="0" index="11" bw="4" slack="0"/>
<pin id="3084" dir="0" index="12" bw="32" slack="0"/>
<pin id="3085" dir="0" index="13" bw="4" slack="0"/>
<pin id="3086" dir="0" index="14" bw="32" slack="0"/>
<pin id="3087" dir="0" index="15" bw="4" slack="0"/>
<pin id="3088" dir="0" index="16" bw="32" slack="0"/>
<pin id="3089" dir="0" index="17" bw="4" slack="0"/>
<pin id="3090" dir="0" index="18" bw="32" slack="0"/>
<pin id="3091" dir="0" index="19" bw="4" slack="0"/>
<pin id="3092" dir="0" index="20" bw="32" slack="0"/>
<pin id="3093" dir="0" index="21" bw="4" slack="0"/>
<pin id="3094" dir="0" index="22" bw="32" slack="0"/>
<pin id="3095" dir="0" index="23" bw="4" slack="0"/>
<pin id="3096" dir="0" index="24" bw="32" slack="0"/>
<pin id="3097" dir="0" index="25" bw="4" slack="0"/>
<pin id="3098" dir="0" index="26" bw="32" slack="0"/>
<pin id="3099" dir="0" index="27" bw="4" slack="0"/>
<pin id="3100" dir="0" index="28" bw="32" slack="0"/>
<pin id="3101" dir="0" index="29" bw="4" slack="0"/>
<pin id="3102" dir="0" index="30" bw="32" slack="0"/>
<pin id="3103" dir="0" index="31" bw="4" slack="0"/>
<pin id="3104" dir="0" index="32" bw="32" slack="0"/>
<pin id="3105" dir="0" index="33" bw="32" slack="0"/>
<pin id="3106" dir="0" index="34" bw="4" slack="2"/>
<pin id="3107" dir="1" index="35" bw="32" slack="0"/>
</pin_list>
<bind>
<opcode="sparsemux(1197) " fcode="sparsemux"/>
<opset="tmp_9/3 "/>
</bind>
</comp>

<comp id="3142" class="1004" name="add_ln72_9_fu_3142">
<pin_list>
<pin id="3143" dir="0" index="0" bw="32" slack="0"/>
<pin id="3144" dir="0" index="1" bw="32" slack="1"/>
<pin id="3145" dir="1" index="2" bw="32" slack="0"/>
</pin_list>
<bind>
<opcode="add(8) " fcode="add"/>
<opset="add_ln72_9/3 "/>
</bind>
</comp>

<comp id="3147" class="1004" name="trunc_ln72_159_fu_3147">
<pin_list>
<pin id="3148" dir="0" index="0" bw="32" slack="0"/>
<pin id="3149" dir="0" index="1" bw="512" slack="0"/>
<pin id="3150" dir="0" index="2" bw="10" slack="0"/>
<pin id="3151" dir="0" index="3" bw="10" slack="0"/>
<pin id="3152" dir="1" index="4" bw="32" slack="0"/>
</pin_list>
<bind>
<opcode="partselect(1002) " fcode="partselect"/>
<opset="trunc_ln72_159/3 "/>
</bind>
</comp>

<comp id="3157" class="1004" name="trunc_ln72_160_fu_3157">
<pin_list>
<pin id="3158" dir="0" index="0" bw="32" slack="0"/>
<pin id="3159" dir="0" index="1" bw="512" slack="0"/>
<pin id="3160" dir="0" index="2" bw="10" slack="0"/>
<pin id="3161" dir="0" index="3" bw="10" slack="0"/>
<pin id="3162" dir="1" index="4" bw="32" slack="0"/>
</pin_list>
<bind>
<opcode="partselect(1002) " fcode="partselect"/>
<opset="trunc_ln72_160/3 "/>
</bind>
</comp>

<comp id="3167" class="1004" name="trunc_ln72_161_fu_3167">
<pin_list>
<pin id="3168" dir="0" index="0" bw="32" slack="0"/>
<pin id="3169" dir="0" index="1" bw="512" slack="0"/>
<pin id="3170" dir="0" index="2" bw="10" slack="0"/>
<pin id="3171" dir="0" index="3" bw="10" slack="0"/>
<pin id="3172" dir="1" index="4" bw="32" slack="0"/>
</pin_list>
<bind>
<opcode="partselect(1002) " fcode="partselect"/>
<opset="trunc_ln72_161/3 "/>
</bind>
</comp>

<comp id="3177" class="1004" name="trunc_ln72_162_fu_3177">
<pin_list>
<pin id="3178" dir="0" index="0" bw="32" slack="0"/>
<pin id="3179" dir="0" index="1" bw="512" slack="0"/>
<pin id="3180" dir="0" index="2" bw="10" slack="0"/>
<pin id="3181" dir="0" index="3" bw="10" slack="0"/>
<pin id="3182" dir="1" index="4" bw="32" slack="0"/>
</pin_list>
<bind>
<opcode="partselect(1002) " fcode="partselect"/>
<opset="trunc_ln72_162/3 "/>
</bind>
</comp>

<comp id="3187" class="1004" name="trunc_ln72_163_fu_3187">
<pin_list>
<pin id="3188" dir="0" index="0" bw="32" slack="0"/>
<pin id="3189" dir="0" index="1" bw="512" slack="0"/>
<pin id="3190" dir="0" index="2" bw="10" slack="0"/>
<pin id="3191" dir="0" index="3" bw="10" slack="0"/>
<pin id="3192" dir="1" index="4" bw="32" slack="0"/>
</pin_list>
<bind>
<opcode="partselect(1002) " fcode="partselect"/>
<opset="trunc_ln72_163/3 "/>
</bind>
</comp>

<comp id="3197" class="1004" name="trunc_ln72_164_fu_3197">
<pin_list>
<pin id="3198" dir="0" index="0" bw="32" slack="0"/>
<pin id="3199" dir="0" index="1" bw="512" slack="0"/>
<pin id="3200" dir="0" index="2" bw="10" slack="0"/>
<pin id="3201" dir="0" index="3" bw="10" slack="0"/>
<pin id="3202" dir="1" index="4" bw="32" slack="0"/>
</pin_list>
<bind>
<opcode="partselect(1002) " fcode="partselect"/>
<opset="trunc_ln72_164/3 "/>
</bind>
</comp>

<comp id="3207" class="1004" name="trunc_ln72_165_fu_3207">
<pin_list>
<pin id="3208" dir="0" index="0" bw="32" slack="0"/>
<pin id="3209" dir="0" index="1" bw="512" slack="0"/>
<pin id="3210" dir="0" index="2" bw="10" slack="0"/>
<pin id="3211" dir="0" index="3" bw="10" slack="0"/>
<pin id="3212" dir="1" index="4" bw="32" slack="0"/>
</pin_list>
<bind>
<opcode="partselect(1002) " fcode="partselect"/>
<opset="trunc_ln72_165/3 "/>
</bind>
</comp>

<comp id="3217" class="1004" name="trunc_ln72_166_fu_3217">
<pin_list>
<pin id="3218" dir="0" index="0" bw="32" slack="0"/>
<pin id="3219" dir="0" index="1" bw="512" slack="0"/>
<pin id="3220" dir="0" index="2" bw="10" slack="0"/>
<pin id="3221" dir="0" index="3" bw="10" slack="0"/>
<pin id="3222" dir="1" index="4" bw="32" slack="0"/>
</pin_list>
<bind>
<opcode="partselect(1002) " fcode="partselect"/>
<opset="trunc_ln72_166/3 "/>
</bind>
</comp>

<comp id="3227" class="1004" name="trunc_ln72_167_fu_3227">
<pin_list>
<pin id="3228" dir="0" index="0" bw="32" slack="0"/>
<pin id="3229" dir="0" index="1" bw="512" slack="0"/>
<pin id="3230" dir="0" index="2" bw="10" slack="0"/>
<pin id="3231" dir="0" index="3" bw="10" slack="0"/>
<pin id="3232" dir="1" index="4" bw="32" slack="0"/>
</pin_list>
<bind>
<opcode="partselect(1002) " fcode="partselect"/>
<opset="trunc_ln72_167/3 "/>
</bind>
</comp>

<comp id="3237" class="1004" name="trunc_ln72_168_fu_3237">
<pin_list>
<pin id="3238" dir="0" index="0" bw="32" slack="0"/>
<pin id="3239" dir="0" index="1" bw="512" slack="0"/>
<pin id="3240" dir="0" index="2" bw="10" slack="0"/>
<pin id="3241" dir="0" index="3" bw="10" slack="0"/>
<pin id="3242" dir="1" index="4" bw="32" slack="0"/>
</pin_list>
<bind>
<opcode="partselect(1002) " fcode="partselect"/>
<opset="trunc_ln72_168/3 "/>
</bind>
</comp>

<comp id="3247" class="1004" name="trunc_ln72_169_fu_3247">
<pin_list>
<pin id="3248" dir="0" index="0" bw="32" slack="0"/>
<pin id="3249" dir="0" index="1" bw="512" slack="0"/>
<pin id="3250" dir="0" index="2" bw="10" slack="0"/>
<pin id="3251" dir="0" index="3" bw="10" slack="0"/>
<pin id="3252" dir="1" index="4" bw="32" slack="0"/>
</pin_list>
<bind>
<opcode="partselect(1002) " fcode="partselect"/>
<opset="trunc_ln72_169/3 "/>
</bind>
</comp>

<comp id="3257" class="1004" name="trunc_ln72_170_fu_3257">
<pin_list>
<pin id="3258" dir="0" index="0" bw="32" slack="0"/>
<pin id="3259" dir="0" index="1" bw="512" slack="0"/>
<pin id="3260" dir="0" index="2" bw="10" slack="0"/>
<pin id="3261" dir="0" index="3" bw="10" slack="0"/>
<pin id="3262" dir="1" index="4" bw="32" slack="0"/>
</pin_list>
<bind>
<opcode="partselect(1002) " fcode="partselect"/>
<opset="trunc_ln72_170/3 "/>
</bind>
</comp>

<comp id="3267" class="1004" name="trunc_ln72_171_fu_3267">
<pin_list>
<pin id="3268" dir="0" index="0" bw="32" slack="0"/>
<pin id="3269" dir="0" index="1" bw="512" slack="0"/>
<pin id="3270" dir="0" index="2" bw="10" slack="0"/>
<pin id="3271" dir="0" index="3" bw="10" slack="0"/>
<pin id="3272" dir="1" index="4" bw="32" slack="0"/>
</pin_list>
<bind>
<opcode="partselect(1002) " fcode="partselect"/>
<opset="trunc_ln72_171/3 "/>
</bind>
</comp>

<comp id="3277" class="1004" name="trunc_ln72_172_fu_3277">
<pin_list>
<pin id="3278" dir="0" index="0" bw="32" slack="0"/>
<pin id="3279" dir="0" index="1" bw="512" slack="0"/>
<pin id="3280" dir="0" index="2" bw="10" slack="0"/>
<pin id="3281" dir="0" index="3" bw="10" slack="0"/>
<pin id="3282" dir="1" index="4" bw="32" slack="0"/>
</pin_list>
<bind>
<opcode="partselect(1002) " fcode="partselect"/>
<opset="trunc_ln72_172/3 "/>
</bind>
</comp>

<comp id="3287" class="1004" name="trunc_ln72_173_fu_3287">
<pin_list>
<pin id="3288" dir="0" index="0" bw="32" slack="0"/>
<pin id="3289" dir="0" index="1" bw="512" slack="0"/>
<pin id="3290" dir="0" index="2" bw="10" slack="0"/>
<pin id="3291" dir="0" index="3" bw="10" slack="0"/>
<pin id="3292" dir="1" index="4" bw="32" slack="0"/>
</pin_list>
<bind>
<opcode="partselect(1002) " fcode="partselect"/>
<opset="trunc_ln72_173/3 "/>
</bind>
</comp>

<comp id="3297" class="1004" name="trunc_ln72_174_fu_3297">
<pin_list>
<pin id="3298" dir="0" index="0" bw="32" slack="0"/>
<pin id="3299" dir="0" index="1" bw="512" slack="0"/>
<pin id="3300" dir="0" index="2" bw="10" slack="0"/>
<pin id="3301" dir="0" index="3" bw="10" slack="0"/>
<pin id="3302" dir="1" index="4" bw="32" slack="0"/>
</pin_list>
<bind>
<opcode="partselect(1002) " fcode="partselect"/>
<opset="trunc_ln72_174/3 "/>
</bind>
</comp>

<comp id="3307" class="1004" name="tmp_10_fu_3307">
<pin_list>
<pin id="3308" dir="0" index="0" bw="32" slack="0"/>
<pin id="3309" dir="0" index="1" bw="4" slack="0"/>
<pin id="3310" dir="0" index="2" bw="32" slack="0"/>
<pin id="3311" dir="0" index="3" bw="4" slack="0"/>
<pin id="3312" dir="0" index="4" bw="32" slack="0"/>
<pin id="3313" dir="0" index="5" bw="4" slack="0"/>
<pin id="3314" dir="0" index="6" bw="32" slack="0"/>
<pin id="3315" dir="0" index="7" bw="4" slack="0"/>
<pin id="3316" dir="0" index="8" bw="32" slack="0"/>
<pin id="3317" dir="0" index="9" bw="4" slack="0"/>
<pin id="3318" dir="0" index="10" bw="32" slack="0"/>
<pin id="3319" dir="0" index="11" bw="4" slack="0"/>
<pin id="3320" dir="0" index="12" bw="32" slack="0"/>
<pin id="3321" dir="0" index="13" bw="4" slack="0"/>
<pin id="3322" dir="0" index="14" bw="32" slack="0"/>
<pin id="3323" dir="0" index="15" bw="4" slack="0"/>
<pin id="3324" dir="0" index="16" bw="32" slack="0"/>
<pin id="3325" dir="0" index="17" bw="4" slack="0"/>
<pin id="3326" dir="0" index="18" bw="32" slack="0"/>
<pin id="3327" dir="0" index="19" bw="4" slack="0"/>
<pin id="3328" dir="0" index="20" bw="32" slack="0"/>
<pin id="3329" dir="0" index="21" bw="4" slack="0"/>
<pin id="3330" dir="0" index="22" bw="32" slack="0"/>
<pin id="3331" dir="0" index="23" bw="4" slack="0"/>
<pin id="3332" dir="0" index="24" bw="32" slack="0"/>
<pin id="3333" dir="0" index="25" bw="4" slack="0"/>
<pin id="3334" dir="0" index="26" bw="32" slack="0"/>
<pin id="3335" dir="0" index="27" bw="4" slack="0"/>
<pin id="3336" dir="0" index="28" bw="32" slack="0"/>
<pin id="3337" dir="0" index="29" bw="4" slack="0"/>
<pin id="3338" dir="0" index="30" bw="32" slack="0"/>
<pin id="3339" dir="0" index="31" bw="4" slack="0"/>
<pin id="3340" dir="0" index="32" bw="32" slack="0"/>
<pin id="3341" dir="0" index="33" bw="32" slack="0"/>
<pin id="3342" dir="0" index="34" bw="4" slack="2"/>
<pin id="3343" dir="1" index="35" bw="32" slack="0"/>
</pin_list>
<bind>
<opcode="sparsemux(1197) " fcode="sparsemux"/>
<opset="tmp_10/3 "/>
</bind>
</comp>

<comp id="3378" class="1004" name="add_ln72_10_fu_3378">
<pin_list>
<pin id="3379" dir="0" index="0" bw="32" slack="0"/>
<pin id="3380" dir="0" index="1" bw="32" slack="1"/>
<pin id="3381" dir="1" index="2" bw="32" slack="0"/>
</pin_list>
<bind>
<opcode="add(8) " fcode="add"/>
<opset="add_ln72_10/3 "/>
</bind>
</comp>

<comp id="3383" class="1004" name="trunc_ln72_175_fu_3383">
<pin_list>
<pin id="3384" dir="0" index="0" bw="32" slack="0"/>
<pin id="3385" dir="0" index="1" bw="512" slack="0"/>
<pin id="3386" dir="0" index="2" bw="10" slack="0"/>
<pin id="3387" dir="0" index="3" bw="10" slack="0"/>
<pin id="3388" dir="1" index="4" bw="32" slack="0"/>
</pin_list>
<bind>
<opcode="partselect(1002) " fcode="partselect"/>
<opset="trunc_ln72_175/3 "/>
</bind>
</comp>

<comp id="3393" class="1004" name="trunc_ln72_176_fu_3393">
<pin_list>
<pin id="3394" dir="0" index="0" bw="32" slack="0"/>
<pin id="3395" dir="0" index="1" bw="512" slack="0"/>
<pin id="3396" dir="0" index="2" bw="10" slack="0"/>
<pin id="3397" dir="0" index="3" bw="10" slack="0"/>
<pin id="3398" dir="1" index="4" bw="32" slack="0"/>
</pin_list>
<bind>
<opcode="partselect(1002) " fcode="partselect"/>
<opset="trunc_ln72_176/3 "/>
</bind>
</comp>

<comp id="3403" class="1004" name="trunc_ln72_177_fu_3403">
<pin_list>
<pin id="3404" dir="0" index="0" bw="32" slack="0"/>
<pin id="3405" dir="0" index="1" bw="512" slack="0"/>
<pin id="3406" dir="0" index="2" bw="10" slack="0"/>
<pin id="3407" dir="0" index="3" bw="10" slack="0"/>
<pin id="3408" dir="1" index="4" bw="32" slack="0"/>
</pin_list>
<bind>
<opcode="partselect(1002) " fcode="partselect"/>
<opset="trunc_ln72_177/3 "/>
</bind>
</comp>

<comp id="3413" class="1004" name="trunc_ln72_178_fu_3413">
<pin_list>
<pin id="3414" dir="0" index="0" bw="32" slack="0"/>
<pin id="3415" dir="0" index="1" bw="512" slack="0"/>
<pin id="3416" dir="0" index="2" bw="10" slack="0"/>
<pin id="3417" dir="0" index="3" bw="10" slack="0"/>
<pin id="3418" dir="1" index="4" bw="32" slack="0"/>
</pin_list>
<bind>
<opcode="partselect(1002) " fcode="partselect"/>
<opset="trunc_ln72_178/3 "/>
</bind>
</comp>

<comp id="3423" class="1004" name="trunc_ln72_179_fu_3423">
<pin_list>
<pin id="3424" dir="0" index="0" bw="32" slack="0"/>
<pin id="3425" dir="0" index="1" bw="512" slack="0"/>
<pin id="3426" dir="0" index="2" bw="10" slack="0"/>
<pin id="3427" dir="0" index="3" bw="10" slack="0"/>
<pin id="3428" dir="1" index="4" bw="32" slack="0"/>
</pin_list>
<bind>
<opcode="partselect(1002) " fcode="partselect"/>
<opset="trunc_ln72_179/3 "/>
</bind>
</comp>

<comp id="3433" class="1004" name="trunc_ln72_180_fu_3433">
<pin_list>
<pin id="3434" dir="0" index="0" bw="32" slack="0"/>
<pin id="3435" dir="0" index="1" bw="512" slack="0"/>
<pin id="3436" dir="0" index="2" bw="10" slack="0"/>
<pin id="3437" dir="0" index="3" bw="10" slack="0"/>
<pin id="3438" dir="1" index="4" bw="32" slack="0"/>
</pin_list>
<bind>
<opcode="partselect(1002) " fcode="partselect"/>
<opset="trunc_ln72_180/3 "/>
</bind>
</comp>

<comp id="3443" class="1004" name="trunc_ln72_181_fu_3443">
<pin_list>
<pin id="3444" dir="0" index="0" bw="32" slack="0"/>
<pin id="3445" dir="0" index="1" bw="512" slack="0"/>
<pin id="3446" dir="0" index="2" bw="10" slack="0"/>
<pin id="3447" dir="0" index="3" bw="10" slack="0"/>
<pin id="3448" dir="1" index="4" bw="32" slack="0"/>
</pin_list>
<bind>
<opcode="partselect(1002) " fcode="partselect"/>
<opset="trunc_ln72_181/3 "/>
</bind>
</comp>

<comp id="3453" class="1004" name="trunc_ln72_182_fu_3453">
<pin_list>
<pin id="3454" dir="0" index="0" bw="32" slack="0"/>
<pin id="3455" dir="0" index="1" bw="512" slack="0"/>
<pin id="3456" dir="0" index="2" bw="10" slack="0"/>
<pin id="3457" dir="0" index="3" bw="10" slack="0"/>
<pin id="3458" dir="1" index="4" bw="32" slack="0"/>
</pin_list>
<bind>
<opcode="partselect(1002) " fcode="partselect"/>
<opset="trunc_ln72_182/3 "/>
</bind>
</comp>

<comp id="3463" class="1004" name="trunc_ln72_183_fu_3463">
<pin_list>
<pin id="3464" dir="0" index="0" bw="32" slack="0"/>
<pin id="3465" dir="0" index="1" bw="512" slack="0"/>
<pin id="3466" dir="0" index="2" bw="10" slack="0"/>
<pin id="3467" dir="0" index="3" bw="10" slack="0"/>
<pin id="3468" dir="1" index="4" bw="32" slack="0"/>
</pin_list>
<bind>
<opcode="partselect(1002) " fcode="partselect"/>
<opset="trunc_ln72_183/3 "/>
</bind>
</comp>

<comp id="3473" class="1004" name="trunc_ln72_184_fu_3473">
<pin_list>
<pin id="3474" dir="0" index="0" bw="32" slack="0"/>
<pin id="3475" dir="0" index="1" bw="512" slack="0"/>
<pin id="3476" dir="0" index="2" bw="10" slack="0"/>
<pin id="3477" dir="0" index="3" bw="10" slack="0"/>
<pin id="3478" dir="1" index="4" bw="32" slack="0"/>
</pin_list>
<bind>
<opcode="partselect(1002) " fcode="partselect"/>
<opset="trunc_ln72_184/3 "/>
</bind>
</comp>

<comp id="3483" class="1004" name="trunc_ln72_185_fu_3483">
<pin_list>
<pin id="3484" dir="0" index="0" bw="32" slack="0"/>
<pin id="3485" dir="0" index="1" bw="512" slack="0"/>
<pin id="3486" dir="0" index="2" bw="10" slack="0"/>
<pin id="3487" dir="0" index="3" bw="10" slack="0"/>
<pin id="3488" dir="1" index="4" bw="32" slack="0"/>
</pin_list>
<bind>
<opcode="partselect(1002) " fcode="partselect"/>
<opset="trunc_ln72_185/3 "/>
</bind>
</comp>

<comp id="3493" class="1004" name="trunc_ln72_186_fu_3493">
<pin_list>
<pin id="3494" dir="0" index="0" bw="32" slack="0"/>
<pin id="3495" dir="0" index="1" bw="512" slack="0"/>
<pin id="3496" dir="0" index="2" bw="10" slack="0"/>
<pin id="3497" dir="0" index="3" bw="10" slack="0"/>
<pin id="3498" dir="1" index="4" bw="32" slack="0"/>
</pin_list>
<bind>
<opcode="partselect(1002) " fcode="partselect"/>
<opset="trunc_ln72_186/3 "/>
</bind>
</comp>

<comp id="3503" class="1004" name="trunc_ln72_187_fu_3503">
<pin_list>
<pin id="3504" dir="0" index="0" bw="32" slack="0"/>
<pin id="3505" dir="0" index="1" bw="512" slack="0"/>
<pin id="3506" dir="0" index="2" bw="10" slack="0"/>
<pin id="3507" dir="0" index="3" bw="10" slack="0"/>
<pin id="3508" dir="1" index="4" bw="32" slack="0"/>
</pin_list>
<bind>
<opcode="partselect(1002) " fcode="partselect"/>
<opset="trunc_ln72_187/3 "/>
</bind>
</comp>

<comp id="3513" class="1004" name="trunc_ln72_188_fu_3513">
<pin_list>
<pin id="3514" dir="0" index="0" bw="32" slack="0"/>
<pin id="3515" dir="0" index="1" bw="512" slack="0"/>
<pin id="3516" dir="0" index="2" bw="10" slack="0"/>
<pin id="3517" dir="0" index="3" bw="10" slack="0"/>
<pin id="3518" dir="1" index="4" bw="32" slack="0"/>
</pin_list>
<bind>
<opcode="partselect(1002) " fcode="partselect"/>
<opset="trunc_ln72_188/3 "/>
</bind>
</comp>

<comp id="3523" class="1004" name="trunc_ln72_189_fu_3523">
<pin_list>
<pin id="3524" dir="0" index="0" bw="32" slack="0"/>
<pin id="3525" dir="0" index="1" bw="512" slack="0"/>
<pin id="3526" dir="0" index="2" bw="10" slack="0"/>
<pin id="3527" dir="0" index="3" bw="10" slack="0"/>
<pin id="3528" dir="1" index="4" bw="32" slack="0"/>
</pin_list>
<bind>
<opcode="partselect(1002) " fcode="partselect"/>
<opset="trunc_ln72_189/3 "/>
</bind>
</comp>

<comp id="3533" class="1004" name="trunc_ln72_190_fu_3533">
<pin_list>
<pin id="3534" dir="0" index="0" bw="32" slack="0"/>
<pin id="3535" dir="0" index="1" bw="512" slack="0"/>
<pin id="3536" dir="0" index="2" bw="10" slack="0"/>
<pin id="3537" dir="0" index="3" bw="10" slack="0"/>
<pin id="3538" dir="1" index="4" bw="32" slack="0"/>
</pin_list>
<bind>
<opcode="partselect(1002) " fcode="partselect"/>
<opset="trunc_ln72_190/3 "/>
</bind>
</comp>

<comp id="3543" class="1004" name="tmp_11_fu_3543">
<pin_list>
<pin id="3544" dir="0" index="0" bw="32" slack="0"/>
<pin id="3545" dir="0" index="1" bw="4" slack="0"/>
<pin id="3546" dir="0" index="2" bw="32" slack="0"/>
<pin id="3547" dir="0" index="3" bw="4" slack="0"/>
<pin id="3548" dir="0" index="4" bw="32" slack="0"/>
<pin id="3549" dir="0" index="5" bw="4" slack="0"/>
<pin id="3550" dir="0" index="6" bw="32" slack="0"/>
<pin id="3551" dir="0" index="7" bw="4" slack="0"/>
<pin id="3552" dir="0" index="8" bw="32" slack="0"/>
<pin id="3553" dir="0" index="9" bw="4" slack="0"/>
<pin id="3554" dir="0" index="10" bw="32" slack="0"/>
<pin id="3555" dir="0" index="11" bw="4" slack="0"/>
<pin id="3556" dir="0" index="12" bw="32" slack="0"/>
<pin id="3557" dir="0" index="13" bw="4" slack="0"/>
<pin id="3558" dir="0" index="14" bw="32" slack="0"/>
<pin id="3559" dir="0" index="15" bw="4" slack="0"/>
<pin id="3560" dir="0" index="16" bw="32" slack="0"/>
<pin id="3561" dir="0" index="17" bw="4" slack="0"/>
<pin id="3562" dir="0" index="18" bw="32" slack="0"/>
<pin id="3563" dir="0" index="19" bw="4" slack="0"/>
<pin id="3564" dir="0" index="20" bw="32" slack="0"/>
<pin id="3565" dir="0" index="21" bw="4" slack="0"/>
<pin id="3566" dir="0" index="22" bw="32" slack="0"/>
<pin id="3567" dir="0" index="23" bw="4" slack="0"/>
<pin id="3568" dir="0" index="24" bw="32" slack="0"/>
<pin id="3569" dir="0" index="25" bw="4" slack="0"/>
<pin id="3570" dir="0" index="26" bw="32" slack="0"/>
<pin id="3571" dir="0" index="27" bw="4" slack="0"/>
<pin id="3572" dir="0" index="28" bw="32" slack="0"/>
<pin id="3573" dir="0" index="29" bw="4" slack="0"/>
<pin id="3574" dir="0" index="30" bw="32" slack="0"/>
<pin id="3575" dir="0" index="31" bw="4" slack="0"/>
<pin id="3576" dir="0" index="32" bw="32" slack="0"/>
<pin id="3577" dir="0" index="33" bw="32" slack="0"/>
<pin id="3578" dir="0" index="34" bw="4" slack="2"/>
<pin id="3579" dir="1" index="35" bw="32" slack="0"/>
</pin_list>
<bind>
<opcode="sparsemux(1197) " fcode="sparsemux"/>
<opset="tmp_11/3 "/>
</bind>
</comp>

<comp id="3614" class="1004" name="add_ln72_11_fu_3614">
<pin_list>
<pin id="3615" dir="0" index="0" bw="32" slack="0"/>
<pin id="3616" dir="0" index="1" bw="32" slack="1"/>
<pin id="3617" dir="1" index="2" bw="32" slack="0"/>
</pin_list>
<bind>
<opcode="add(8) " fcode="add"/>
<opset="add_ln72_11/3 "/>
</bind>
</comp>

<comp id="3619" class="1004" name="trunc_ln72_191_fu_3619">
<pin_list>
<pin id="3620" dir="0" index="0" bw="32" slack="0"/>
<pin id="3621" dir="0" index="1" bw="512" slack="0"/>
<pin id="3622" dir="0" index="2" bw="10" slack="0"/>
<pin id="3623" dir="0" index="3" bw="10" slack="0"/>
<pin id="3624" dir="1" index="4" bw="32" slack="0"/>
</pin_list>
<bind>
<opcode="partselect(1002) " fcode="partselect"/>
<opset="trunc_ln72_191/3 "/>
</bind>
</comp>

<comp id="3629" class="1004" name="trunc_ln72_192_fu_3629">
<pin_list>
<pin id="3630" dir="0" index="0" bw="32" slack="0"/>
<pin id="3631" dir="0" index="1" bw="512" slack="0"/>
<pin id="3632" dir="0" index="2" bw="10" slack="0"/>
<pin id="3633" dir="0" index="3" bw="10" slack="0"/>
<pin id="3634" dir="1" index="4" bw="32" slack="0"/>
</pin_list>
<bind>
<opcode="partselect(1002) " fcode="partselect"/>
<opset="trunc_ln72_192/3 "/>
</bind>
</comp>

<comp id="3639" class="1004" name="trunc_ln72_193_fu_3639">
<pin_list>
<pin id="3640" dir="0" index="0" bw="32" slack="0"/>
<pin id="3641" dir="0" index="1" bw="512" slack="0"/>
<pin id="3642" dir="0" index="2" bw="10" slack="0"/>
<pin id="3643" dir="0" index="3" bw="10" slack="0"/>
<pin id="3644" dir="1" index="4" bw="32" slack="0"/>
</pin_list>
<bind>
<opcode="partselect(1002) " fcode="partselect"/>
<opset="trunc_ln72_193/3 "/>
</bind>
</comp>

<comp id="3649" class="1004" name="trunc_ln72_194_fu_3649">
<pin_list>
<pin id="3650" dir="0" index="0" bw="32" slack="0"/>
<pin id="3651" dir="0" index="1" bw="512" slack="0"/>
<pin id="3652" dir="0" index="2" bw="10" slack="0"/>
<pin id="3653" dir="0" index="3" bw="10" slack="0"/>
<pin id="3654" dir="1" index="4" bw="32" slack="0"/>
</pin_list>
<bind>
<opcode="partselect(1002) " fcode="partselect"/>
<opset="trunc_ln72_194/3 "/>
</bind>
</comp>

<comp id="3659" class="1004" name="trunc_ln72_195_fu_3659">
<pin_list>
<pin id="3660" dir="0" index="0" bw="32" slack="0"/>
<pin id="3661" dir="0" index="1" bw="512" slack="0"/>
<pin id="3662" dir="0" index="2" bw="10" slack="0"/>
<pin id="3663" dir="0" index="3" bw="10" slack="0"/>
<pin id="3664" dir="1" index="4" bw="32" slack="0"/>
</pin_list>
<bind>
<opcode="partselect(1002) " fcode="partselect"/>
<opset="trunc_ln72_195/3 "/>
</bind>
</comp>

<comp id="3669" class="1004" name="trunc_ln72_196_fu_3669">
<pin_list>
<pin id="3670" dir="0" index="0" bw="32" slack="0"/>
<pin id="3671" dir="0" index="1" bw="512" slack="0"/>
<pin id="3672" dir="0" index="2" bw="10" slack="0"/>
<pin id="3673" dir="0" index="3" bw="10" slack="0"/>
<pin id="3674" dir="1" index="4" bw="32" slack="0"/>
</pin_list>
<bind>
<opcode="partselect(1002) " fcode="partselect"/>
<opset="trunc_ln72_196/3 "/>
</bind>
</comp>

<comp id="3679" class="1004" name="trunc_ln72_197_fu_3679">
<pin_list>
<pin id="3680" dir="0" index="0" bw="32" slack="0"/>
<pin id="3681" dir="0" index="1" bw="512" slack="0"/>
<pin id="3682" dir="0" index="2" bw="10" slack="0"/>
<pin id="3683" dir="0" index="3" bw="10" slack="0"/>
<pin id="3684" dir="1" index="4" bw="32" slack="0"/>
</pin_list>
<bind>
<opcode="partselect(1002) " fcode="partselect"/>
<opset="trunc_ln72_197/3 "/>
</bind>
</comp>

<comp id="3689" class="1004" name="trunc_ln72_198_fu_3689">
<pin_list>
<pin id="3690" dir="0" index="0" bw="32" slack="0"/>
<pin id="3691" dir="0" index="1" bw="512" slack="0"/>
<pin id="3692" dir="0" index="2" bw="10" slack="0"/>
<pin id="3693" dir="0" index="3" bw="10" slack="0"/>
<pin id="3694" dir="1" index="4" bw="32" slack="0"/>
</pin_list>
<bind>
<opcode="partselect(1002) " fcode="partselect"/>
<opset="trunc_ln72_198/3 "/>
</bind>
</comp>

<comp id="3699" class="1004" name="trunc_ln72_199_fu_3699">
<pin_list>
<pin id="3700" dir="0" index="0" bw="32" slack="0"/>
<pin id="3701" dir="0" index="1" bw="512" slack="0"/>
<pin id="3702" dir="0" index="2" bw="10" slack="0"/>
<pin id="3703" dir="0" index="3" bw="10" slack="0"/>
<pin id="3704" dir="1" index="4" bw="32" slack="0"/>
</pin_list>
<bind>
<opcode="partselect(1002) " fcode="partselect"/>
<opset="trunc_ln72_199/3 "/>
</bind>
</comp>

<comp id="3709" class="1004" name="trunc_ln72_200_fu_3709">
<pin_list>
<pin id="3710" dir="0" index="0" bw="32" slack="0"/>
<pin id="3711" dir="0" index="1" bw="512" slack="0"/>
<pin id="3712" dir="0" index="2" bw="10" slack="0"/>
<pin id="3713" dir="0" index="3" bw="10" slack="0"/>
<pin id="3714" dir="1" index="4" bw="32" slack="0"/>
</pin_list>
<bind>
<opcode="partselect(1002) " fcode="partselect"/>
<opset="trunc_ln72_200/3 "/>
</bind>
</comp>

<comp id="3719" class="1004" name="trunc_ln72_201_fu_3719">
<pin_list>
<pin id="3720" dir="0" index="0" bw="32" slack="0"/>
<pin id="3721" dir="0" index="1" bw="512" slack="0"/>
<pin id="3722" dir="0" index="2" bw="10" slack="0"/>
<pin id="3723" dir="0" index="3" bw="10" slack="0"/>
<pin id="3724" dir="1" index="4" bw="32" slack="0"/>
</pin_list>
<bind>
<opcode="partselect(1002) " fcode="partselect"/>
<opset="trunc_ln72_201/3 "/>
</bind>
</comp>

<comp id="3729" class="1004" name="trunc_ln72_202_fu_3729">
<pin_list>
<pin id="3730" dir="0" index="0" bw="32" slack="0"/>
<pin id="3731" dir="0" index="1" bw="512" slack="0"/>
<pin id="3732" dir="0" index="2" bw="10" slack="0"/>
<pin id="3733" dir="0" index="3" bw="10" slack="0"/>
<pin id="3734" dir="1" index="4" bw="32" slack="0"/>
</pin_list>
<bind>
<opcode="partselect(1002) " fcode="partselect"/>
<opset="trunc_ln72_202/3 "/>
</bind>
</comp>

<comp id="3739" class="1004" name="trunc_ln72_203_fu_3739">
<pin_list>
<pin id="3740" dir="0" index="0" bw="32" slack="0"/>
<pin id="3741" dir="0" index="1" bw="512" slack="0"/>
<pin id="3742" dir="0" index="2" bw="10" slack="0"/>
<pin id="3743" dir="0" index="3" bw="10" slack="0"/>
<pin id="3744" dir="1" index="4" bw="32" slack="0"/>
</pin_list>
<bind>
<opcode="partselect(1002) " fcode="partselect"/>
<opset="trunc_ln72_203/3 "/>
</bind>
</comp>

<comp id="3749" class="1004" name="trunc_ln72_204_fu_3749">
<pin_list>
<pin id="3750" dir="0" index="0" bw="32" slack="0"/>
<pin id="3751" dir="0" index="1" bw="512" slack="0"/>
<pin id="3752" dir="0" index="2" bw="10" slack="0"/>
<pin id="3753" dir="0" index="3" bw="10" slack="0"/>
<pin id="3754" dir="1" index="4" bw="32" slack="0"/>
</pin_list>
<bind>
<opcode="partselect(1002) " fcode="partselect"/>
<opset="trunc_ln72_204/3 "/>
</bind>
</comp>

<comp id="3759" class="1004" name="trunc_ln72_205_fu_3759">
<pin_list>
<pin id="3760" dir="0" index="0" bw="32" slack="0"/>
<pin id="3761" dir="0" index="1" bw="512" slack="0"/>
<pin id="3762" dir="0" index="2" bw="10" slack="0"/>
<pin id="3763" dir="0" index="3" bw="10" slack="0"/>
<pin id="3764" dir="1" index="4" bw="32" slack="0"/>
</pin_list>
<bind>
<opcode="partselect(1002) " fcode="partselect"/>
<opset="trunc_ln72_205/3 "/>
</bind>
</comp>

<comp id="3769" class="1004" name="trunc_ln72_206_fu_3769">
<pin_list>
<pin id="3770" dir="0" index="0" bw="32" slack="0"/>
<pin id="3771" dir="0" index="1" bw="512" slack="0"/>
<pin id="3772" dir="0" index="2" bw="10" slack="0"/>
<pin id="3773" dir="0" index="3" bw="10" slack="0"/>
<pin id="3774" dir="1" index="4" bw="32" slack="0"/>
</pin_list>
<bind>
<opcode="partselect(1002) " fcode="partselect"/>
<opset="trunc_ln72_206/3 "/>
</bind>
</comp>

<comp id="3779" class="1004" name="tmp_12_fu_3779">
<pin_list>
<pin id="3780" dir="0" index="0" bw="32" slack="0"/>
<pin id="3781" dir="0" index="1" bw="4" slack="0"/>
<pin id="3782" dir="0" index="2" bw="32" slack="0"/>
<pin id="3783" dir="0" index="3" bw="4" slack="0"/>
<pin id="3784" dir="0" index="4" bw="32" slack="0"/>
<pin id="3785" dir="0" index="5" bw="4" slack="0"/>
<pin id="3786" dir="0" index="6" bw="32" slack="0"/>
<pin id="3787" dir="0" index="7" bw="4" slack="0"/>
<pin id="3788" dir="0" index="8" bw="32" slack="0"/>
<pin id="3789" dir="0" index="9" bw="4" slack="0"/>
<pin id="3790" dir="0" index="10" bw="32" slack="0"/>
<pin id="3791" dir="0" index="11" bw="4" slack="0"/>
<pin id="3792" dir="0" index="12" bw="32" slack="0"/>
<pin id="3793" dir="0" index="13" bw="4" slack="0"/>
<pin id="3794" dir="0" index="14" bw="32" slack="0"/>
<pin id="3795" dir="0" index="15" bw="4" slack="0"/>
<pin id="3796" dir="0" index="16" bw="32" slack="0"/>
<pin id="3797" dir="0" index="17" bw="4" slack="0"/>
<pin id="3798" dir="0" index="18" bw="32" slack="0"/>
<pin id="3799" dir="0" index="19" bw="4" slack="0"/>
<pin id="3800" dir="0" index="20" bw="32" slack="0"/>
<pin id="3801" dir="0" index="21" bw="4" slack="0"/>
<pin id="3802" dir="0" index="22" bw="32" slack="0"/>
<pin id="3803" dir="0" index="23" bw="4" slack="0"/>
<pin id="3804" dir="0" index="24" bw="32" slack="0"/>
<pin id="3805" dir="0" index="25" bw="4" slack="0"/>
<pin id="3806" dir="0" index="26" bw="32" slack="0"/>
<pin id="3807" dir="0" index="27" bw="4" slack="0"/>
<pin id="3808" dir="0" index="28" bw="32" slack="0"/>
<pin id="3809" dir="0" index="29" bw="4" slack="0"/>
<pin id="3810" dir="0" index="30" bw="32" slack="0"/>
<pin id="3811" dir="0" index="31" bw="4" slack="0"/>
<pin id="3812" dir="0" index="32" bw="32" slack="0"/>
<pin id="3813" dir="0" index="33" bw="32" slack="0"/>
<pin id="3814" dir="0" index="34" bw="4" slack="2"/>
<pin id="3815" dir="1" index="35" bw="32" slack="0"/>
</pin_list>
<bind>
<opcode="sparsemux(1197) " fcode="sparsemux"/>
<opset="tmp_12/3 "/>
</bind>
</comp>

<comp id="3850" class="1004" name="add_ln72_12_fu_3850">
<pin_list>
<pin id="3851" dir="0" index="0" bw="32" slack="0"/>
<pin id="3852" dir="0" index="1" bw="32" slack="1"/>
<pin id="3853" dir="1" index="2" bw="32" slack="0"/>
</pin_list>
<bind>
<opcode="add(8) " fcode="add"/>
<opset="add_ln72_12/3 "/>
</bind>
</comp>

<comp id="3855" class="1004" name="trunc_ln72_207_fu_3855">
<pin_list>
<pin id="3856" dir="0" index="0" bw="32" slack="0"/>
<pin id="3857" dir="0" index="1" bw="512" slack="0"/>
<pin id="3858" dir="0" index="2" bw="10" slack="0"/>
<pin id="3859" dir="0" index="3" bw="10" slack="0"/>
<pin id="3860" dir="1" index="4" bw="32" slack="0"/>
</pin_list>
<bind>
<opcode="partselect(1002) " fcode="partselect"/>
<opset="trunc_ln72_207/3 "/>
</bind>
</comp>

<comp id="3865" class="1004" name="trunc_ln72_208_fu_3865">
<pin_list>
<pin id="3866" dir="0" index="0" bw="32" slack="0"/>
<pin id="3867" dir="0" index="1" bw="512" slack="0"/>
<pin id="3868" dir="0" index="2" bw="10" slack="0"/>
<pin id="3869" dir="0" index="3" bw="10" slack="0"/>
<pin id="3870" dir="1" index="4" bw="32" slack="0"/>
</pin_list>
<bind>
<opcode="partselect(1002) " fcode="partselect"/>
<opset="trunc_ln72_208/3 "/>
</bind>
</comp>

<comp id="3875" class="1004" name="trunc_ln72_209_fu_3875">
<pin_list>
<pin id="3876" dir="0" index="0" bw="32" slack="0"/>
<pin id="3877" dir="0" index="1" bw="512" slack="0"/>
<pin id="3878" dir="0" index="2" bw="10" slack="0"/>
<pin id="3879" dir="0" index="3" bw="10" slack="0"/>
<pin id="3880" dir="1" index="4" bw="32" slack="0"/>
</pin_list>
<bind>
<opcode="partselect(1002) " fcode="partselect"/>
<opset="trunc_ln72_209/3 "/>
</bind>
</comp>

<comp id="3885" class="1004" name="trunc_ln72_210_fu_3885">
<pin_list>
<pin id="3886" dir="0" index="0" bw="32" slack="0"/>
<pin id="3887" dir="0" index="1" bw="512" slack="0"/>
<pin id="3888" dir="0" index="2" bw="10" slack="0"/>
<pin id="3889" dir="0" index="3" bw="10" slack="0"/>
<pin id="3890" dir="1" index="4" bw="32" slack="0"/>
</pin_list>
<bind>
<opcode="partselect(1002) " fcode="partselect"/>
<opset="trunc_ln72_210/3 "/>
</bind>
</comp>

<comp id="3895" class="1004" name="trunc_ln72_211_fu_3895">
<pin_list>
<pin id="3896" dir="0" index="0" bw="32" slack="0"/>
<pin id="3897" dir="0" index="1" bw="512" slack="0"/>
<pin id="3898" dir="0" index="2" bw="10" slack="0"/>
<pin id="3899" dir="0" index="3" bw="10" slack="0"/>
<pin id="3900" dir="1" index="4" bw="32" slack="0"/>
</pin_list>
<bind>
<opcode="partselect(1002) " fcode="partselect"/>
<opset="trunc_ln72_211/3 "/>
</bind>
</comp>

<comp id="3905" class="1004" name="trunc_ln72_212_fu_3905">
<pin_list>
<pin id="3906" dir="0" index="0" bw="32" slack="0"/>
<pin id="3907" dir="0" index="1" bw="512" slack="0"/>
<pin id="3908" dir="0" index="2" bw="10" slack="0"/>
<pin id="3909" dir="0" index="3" bw="10" slack="0"/>
<pin id="3910" dir="1" index="4" bw="32" slack="0"/>
</pin_list>
<bind>
<opcode="partselect(1002) " fcode="partselect"/>
<opset="trunc_ln72_212/3 "/>
</bind>
</comp>

<comp id="3915" class="1004" name="trunc_ln72_213_fu_3915">
<pin_list>
<pin id="3916" dir="0" index="0" bw="32" slack="0"/>
<pin id="3917" dir="0" index="1" bw="512" slack="0"/>
<pin id="3918" dir="0" index="2" bw="10" slack="0"/>
<pin id="3919" dir="0" index="3" bw="10" slack="0"/>
<pin id="3920" dir="1" index="4" bw="32" slack="0"/>
</pin_list>
<bind>
<opcode="partselect(1002) " fcode="partselect"/>
<opset="trunc_ln72_213/3 "/>
</bind>
</comp>

<comp id="3925" class="1004" name="trunc_ln72_214_fu_3925">
<pin_list>
<pin id="3926" dir="0" index="0" bw="32" slack="0"/>
<pin id="3927" dir="0" index="1" bw="512" slack="0"/>
<pin id="3928" dir="0" index="2" bw="10" slack="0"/>
<pin id="3929" dir="0" index="3" bw="10" slack="0"/>
<pin id="3930" dir="1" index="4" bw="32" slack="0"/>
</pin_list>
<bind>
<opcode="partselect(1002) " fcode="partselect"/>
<opset="trunc_ln72_214/3 "/>
</bind>
</comp>

<comp id="3935" class="1004" name="trunc_ln72_215_fu_3935">
<pin_list>
<pin id="3936" dir="0" index="0" bw="32" slack="0"/>
<pin id="3937" dir="0" index="1" bw="512" slack="0"/>
<pin id="3938" dir="0" index="2" bw="10" slack="0"/>
<pin id="3939" dir="0" index="3" bw="10" slack="0"/>
<pin id="3940" dir="1" index="4" bw="32" slack="0"/>
</pin_list>
<bind>
<opcode="partselect(1002) " fcode="partselect"/>
<opset="trunc_ln72_215/3 "/>
</bind>
</comp>

<comp id="3945" class="1004" name="trunc_ln72_216_fu_3945">
<pin_list>
<pin id="3946" dir="0" index="0" bw="32" slack="0"/>
<pin id="3947" dir="0" index="1" bw="512" slack="0"/>
<pin id="3948" dir="0" index="2" bw="10" slack="0"/>
<pin id="3949" dir="0" index="3" bw="10" slack="0"/>
<pin id="3950" dir="1" index="4" bw="32" slack="0"/>
</pin_list>
<bind>
<opcode="partselect(1002) " fcode="partselect"/>
<opset="trunc_ln72_216/3 "/>
</bind>
</comp>

<comp id="3955" class="1004" name="trunc_ln72_217_fu_3955">
<pin_list>
<pin id="3956" dir="0" index="0" bw="32" slack="0"/>
<pin id="3957" dir="0" index="1" bw="512" slack="0"/>
<pin id="3958" dir="0" index="2" bw="10" slack="0"/>
<pin id="3959" dir="0" index="3" bw="10" slack="0"/>
<pin id="3960" dir="1" index="4" bw="32" slack="0"/>
</pin_list>
<bind>
<opcode="partselect(1002) " fcode="partselect"/>
<opset="trunc_ln72_217/3 "/>
</bind>
</comp>

<comp id="3965" class="1004" name="trunc_ln72_218_fu_3965">
<pin_list>
<pin id="3966" dir="0" index="0" bw="32" slack="0"/>
<pin id="3967" dir="0" index="1" bw="512" slack="0"/>
<pin id="3968" dir="0" index="2" bw="10" slack="0"/>
<pin id="3969" dir="0" index="3" bw="10" slack="0"/>
<pin id="3970" dir="1" index="4" bw="32" slack="0"/>
</pin_list>
<bind>
<opcode="partselect(1002) " fcode="partselect"/>
<opset="trunc_ln72_218/3 "/>
</bind>
</comp>

<comp id="3975" class="1004" name="trunc_ln72_219_fu_3975">
<pin_list>
<pin id="3976" dir="0" index="0" bw="32" slack="0"/>
<pin id="3977" dir="0" index="1" bw="512" slack="0"/>
<pin id="3978" dir="0" index="2" bw="10" slack="0"/>
<pin id="3979" dir="0" index="3" bw="10" slack="0"/>
<pin id="3980" dir="1" index="4" bw="32" slack="0"/>
</pin_list>
<bind>
<opcode="partselect(1002) " fcode="partselect"/>
<opset="trunc_ln72_219/3 "/>
</bind>
</comp>

<comp id="3985" class="1004" name="trunc_ln72_220_fu_3985">
<pin_list>
<pin id="3986" dir="0" index="0" bw="32" slack="0"/>
<pin id="3987" dir="0" index="1" bw="512" slack="0"/>
<pin id="3988" dir="0" index="2" bw="10" slack="0"/>
<pin id="3989" dir="0" index="3" bw="10" slack="0"/>
<pin id="3990" dir="1" index="4" bw="32" slack="0"/>
</pin_list>
<bind>
<opcode="partselect(1002) " fcode="partselect"/>
<opset="trunc_ln72_220/3 "/>
</bind>
</comp>

<comp id="3995" class="1004" name="trunc_ln72_221_fu_3995">
<pin_list>
<pin id="3996" dir="0" index="0" bw="32" slack="0"/>
<pin id="3997" dir="0" index="1" bw="512" slack="0"/>
<pin id="3998" dir="0" index="2" bw="10" slack="0"/>
<pin id="3999" dir="0" index="3" bw="10" slack="0"/>
<pin id="4000" dir="1" index="4" bw="32" slack="0"/>
</pin_list>
<bind>
<opcode="partselect(1002) " fcode="partselect"/>
<opset="trunc_ln72_221/3 "/>
</bind>
</comp>

<comp id="4005" class="1004" name="trunc_ln72_222_fu_4005">
<pin_list>
<pin id="4006" dir="0" index="0" bw="32" slack="0"/>
<pin id="4007" dir="0" index="1" bw="512" slack="0"/>
<pin id="4008" dir="0" index="2" bw="10" slack="0"/>
<pin id="4009" dir="0" index="3" bw="10" slack="0"/>
<pin id="4010" dir="1" index="4" bw="32" slack="0"/>
</pin_list>
<bind>
<opcode="partselect(1002) " fcode="partselect"/>
<opset="trunc_ln72_222/3 "/>
</bind>
</comp>

<comp id="4015" class="1004" name="tmp_13_fu_4015">
<pin_list>
<pin id="4016" dir="0" index="0" bw="32" slack="0"/>
<pin id="4017" dir="0" index="1" bw="4" slack="0"/>
<pin id="4018" dir="0" index="2" bw="32" slack="0"/>
<pin id="4019" dir="0" index="3" bw="4" slack="0"/>
<pin id="4020" dir="0" index="4" bw="32" slack="0"/>
<pin id="4021" dir="0" index="5" bw="4" slack="0"/>
<pin id="4022" dir="0" index="6" bw="32" slack="0"/>
<pin id="4023" dir="0" index="7" bw="4" slack="0"/>
<pin id="4024" dir="0" index="8" bw="32" slack="0"/>
<pin id="4025" dir="0" index="9" bw="4" slack="0"/>
<pin id="4026" dir="0" index="10" bw="32" slack="0"/>
<pin id="4027" dir="0" index="11" bw="4" slack="0"/>
<pin id="4028" dir="0" index="12" bw="32" slack="0"/>
<pin id="4029" dir="0" index="13" bw="4" slack="0"/>
<pin id="4030" dir="0" index="14" bw="32" slack="0"/>
<pin id="4031" dir="0" index="15" bw="4" slack="0"/>
<pin id="4032" dir="0" index="16" bw="32" slack="0"/>
<pin id="4033" dir="0" index="17" bw="4" slack="0"/>
<pin id="4034" dir="0" index="18" bw="32" slack="0"/>
<pin id="4035" dir="0" index="19" bw="4" slack="0"/>
<pin id="4036" dir="0" index="20" bw="32" slack="0"/>
<pin id="4037" dir="0" index="21" bw="4" slack="0"/>
<pin id="4038" dir="0" index="22" bw="32" slack="0"/>
<pin id="4039" dir="0" index="23" bw="4" slack="0"/>
<pin id="4040" dir="0" index="24" bw="32" slack="0"/>
<pin id="4041" dir="0" index="25" bw="4" slack="0"/>
<pin id="4042" dir="0" index="26" bw="32" slack="0"/>
<pin id="4043" dir="0" index="27" bw="4" slack="0"/>
<pin id="4044" dir="0" index="28" bw="32" slack="0"/>
<pin id="4045" dir="0" index="29" bw="4" slack="0"/>
<pin id="4046" dir="0" index="30" bw="32" slack="0"/>
<pin id="4047" dir="0" index="31" bw="4" slack="0"/>
<pin id="4048" dir="0" index="32" bw="32" slack="0"/>
<pin id="4049" dir="0" index="33" bw="32" slack="0"/>
<pin id="4050" dir="0" index="34" bw="4" slack="2"/>
<pin id="4051" dir="1" index="35" bw="32" slack="0"/>
</pin_list>
<bind>
<opcode="sparsemux(1197) " fcode="sparsemux"/>
<opset="tmp_13/3 "/>
</bind>
</comp>

<comp id="4086" class="1004" name="add_ln72_13_fu_4086">
<pin_list>
<pin id="4087" dir="0" index="0" bw="32" slack="0"/>
<pin id="4088" dir="0" index="1" bw="32" slack="1"/>
<pin id="4089" dir="1" index="2" bw="32" slack="0"/>
</pin_list>
<bind>
<opcode="add(8) " fcode="add"/>
<opset="add_ln72_13/3 "/>
</bind>
</comp>

<comp id="4091" class="1004" name="trunc_ln72_223_fu_4091">
<pin_list>
<pin id="4092" dir="0" index="0" bw="32" slack="0"/>
<pin id="4093" dir="0" index="1" bw="512" slack="0"/>
<pin id="4094" dir="0" index="2" bw="10" slack="0"/>
<pin id="4095" dir="0" index="3" bw="10" slack="0"/>
<pin id="4096" dir="1" index="4" bw="32" slack="0"/>
</pin_list>
<bind>
<opcode="partselect(1002) " fcode="partselect"/>
<opset="trunc_ln72_223/3 "/>
</bind>
</comp>

<comp id="4101" class="1004" name="trunc_ln72_224_fu_4101">
<pin_list>
<pin id="4102" dir="0" index="0" bw="32" slack="0"/>
<pin id="4103" dir="0" index="1" bw="512" slack="0"/>
<pin id="4104" dir="0" index="2" bw="10" slack="0"/>
<pin id="4105" dir="0" index="3" bw="10" slack="0"/>
<pin id="4106" dir="1" index="4" bw="32" slack="0"/>
</pin_list>
<bind>
<opcode="partselect(1002) " fcode="partselect"/>
<opset="trunc_ln72_224/3 "/>
</bind>
</comp>

<comp id="4111" class="1004" name="trunc_ln72_225_fu_4111">
<pin_list>
<pin id="4112" dir="0" index="0" bw="32" slack="0"/>
<pin id="4113" dir="0" index="1" bw="512" slack="0"/>
<pin id="4114" dir="0" index="2" bw="10" slack="0"/>
<pin id="4115" dir="0" index="3" bw="10" slack="0"/>
<pin id="4116" dir="1" index="4" bw="32" slack="0"/>
</pin_list>
<bind>
<opcode="partselect(1002) " fcode="partselect"/>
<opset="trunc_ln72_225/3 "/>
</bind>
</comp>

<comp id="4121" class="1004" name="trunc_ln72_226_fu_4121">
<pin_list>
<pin id="4122" dir="0" index="0" bw="32" slack="0"/>
<pin id="4123" dir="0" index="1" bw="512" slack="0"/>
<pin id="4124" dir="0" index="2" bw="10" slack="0"/>
<pin id="4125" dir="0" index="3" bw="10" slack="0"/>
<pin id="4126" dir="1" index="4" bw="32" slack="0"/>
</pin_list>
<bind>
<opcode="partselect(1002) " fcode="partselect"/>
<opset="trunc_ln72_226/3 "/>
</bind>
</comp>

<comp id="4131" class="1004" name="trunc_ln72_227_fu_4131">
<pin_list>
<pin id="4132" dir="0" index="0" bw="32" slack="0"/>
<pin id="4133" dir="0" index="1" bw="512" slack="0"/>
<pin id="4134" dir="0" index="2" bw="10" slack="0"/>
<pin id="4135" dir="0" index="3" bw="10" slack="0"/>
<pin id="4136" dir="1" index="4" bw="32" slack="0"/>
</pin_list>
<bind>
<opcode="partselect(1002) " fcode="partselect"/>
<opset="trunc_ln72_227/3 "/>
</bind>
</comp>

<comp id="4141" class="1004" name="trunc_ln72_228_fu_4141">
<pin_list>
<pin id="4142" dir="0" index="0" bw="32" slack="0"/>
<pin id="4143" dir="0" index="1" bw="512" slack="0"/>
<pin id="4144" dir="0" index="2" bw="10" slack="0"/>
<pin id="4145" dir="0" index="3" bw="10" slack="0"/>
<pin id="4146" dir="1" index="4" bw="32" slack="0"/>
</pin_list>
<bind>
<opcode="partselect(1002) " fcode="partselect"/>
<opset="trunc_ln72_228/3 "/>
</bind>
</comp>

<comp id="4151" class="1004" name="trunc_ln72_229_fu_4151">
<pin_list>
<pin id="4152" dir="0" index="0" bw="32" slack="0"/>
<pin id="4153" dir="0" index="1" bw="512" slack="0"/>
<pin id="4154" dir="0" index="2" bw="10" slack="0"/>
<pin id="4155" dir="0" index="3" bw="10" slack="0"/>
<pin id="4156" dir="1" index="4" bw="32" slack="0"/>
</pin_list>
<bind>
<opcode="partselect(1002) " fcode="partselect"/>
<opset="trunc_ln72_229/3 "/>
</bind>
</comp>

<comp id="4161" class="1004" name="trunc_ln72_230_fu_4161">
<pin_list>
<pin id="4162" dir="0" index="0" bw="32" slack="0"/>
<pin id="4163" dir="0" index="1" bw="512" slack="0"/>
<pin id="4164" dir="0" index="2" bw="10" slack="0"/>
<pin id="4165" dir="0" index="3" bw="10" slack="0"/>
<pin id="4166" dir="1" index="4" bw="32" slack="0"/>
</pin_list>
<bind>
<opcode="partselect(1002) " fcode="partselect"/>
<opset="trunc_ln72_230/3 "/>
</bind>
</comp>

<comp id="4171" class="1004" name="trunc_ln72_231_fu_4171">
<pin_list>
<pin id="4172" dir="0" index="0" bw="32" slack="0"/>
<pin id="4173" dir="0" index="1" bw="512" slack="0"/>
<pin id="4174" dir="0" index="2" bw="10" slack="0"/>
<pin id="4175" dir="0" index="3" bw="10" slack="0"/>
<pin id="4176" dir="1" index="4" bw="32" slack="0"/>
</pin_list>
<bind>
<opcode="partselect(1002) " fcode="partselect"/>
<opset="trunc_ln72_231/3 "/>
</bind>
</comp>

<comp id="4181" class="1004" name="trunc_ln72_232_fu_4181">
<pin_list>
<pin id="4182" dir="0" index="0" bw="32" slack="0"/>
<pin id="4183" dir="0" index="1" bw="512" slack="0"/>
<pin id="4184" dir="0" index="2" bw="10" slack="0"/>
<pin id="4185" dir="0" index="3" bw="10" slack="0"/>
<pin id="4186" dir="1" index="4" bw="32" slack="0"/>
</pin_list>
<bind>
<opcode="partselect(1002) " fcode="partselect"/>
<opset="trunc_ln72_232/3 "/>
</bind>
</comp>

<comp id="4191" class="1004" name="trunc_ln72_233_fu_4191">
<pin_list>
<pin id="4192" dir="0" index="0" bw="32" slack="0"/>
<pin id="4193" dir="0" index="1" bw="512" slack="0"/>
<pin id="4194" dir="0" index="2" bw="10" slack="0"/>
<pin id="4195" dir="0" index="3" bw="10" slack="0"/>
<pin id="4196" dir="1" index="4" bw="32" slack="0"/>
</pin_list>
<bind>
<opcode="partselect(1002) " fcode="partselect"/>
<opset="trunc_ln72_233/3 "/>
</bind>
</comp>

<comp id="4201" class="1004" name="trunc_ln72_234_fu_4201">
<pin_list>
<pin id="4202" dir="0" index="0" bw="32" slack="0"/>
<pin id="4203" dir="0" index="1" bw="512" slack="0"/>
<pin id="4204" dir="0" index="2" bw="10" slack="0"/>
<pin id="4205" dir="0" index="3" bw="10" slack="0"/>
<pin id="4206" dir="1" index="4" bw="32" slack="0"/>
</pin_list>
<bind>
<opcode="partselect(1002) " fcode="partselect"/>
<opset="trunc_ln72_234/3 "/>
</bind>
</comp>

<comp id="4211" class="1004" name="trunc_ln72_235_fu_4211">
<pin_list>
<pin id="4212" dir="0" index="0" bw="32" slack="0"/>
<pin id="4213" dir="0" index="1" bw="512" slack="0"/>
<pin id="4214" dir="0" index="2" bw="10" slack="0"/>
<pin id="4215" dir="0" index="3" bw="10" slack="0"/>
<pin id="4216" dir="1" index="4" bw="32" slack="0"/>
</pin_list>
<bind>
<opcode="partselect(1002) " fcode="partselect"/>
<opset="trunc_ln72_235/3 "/>
</bind>
</comp>

<comp id="4221" class="1004" name="trunc_ln72_236_fu_4221">
<pin_list>
<pin id="4222" dir="0" index="0" bw="32" slack="0"/>
<pin id="4223" dir="0" index="1" bw="512" slack="0"/>
<pin id="4224" dir="0" index="2" bw="10" slack="0"/>
<pin id="4225" dir="0" index="3" bw="10" slack="0"/>
<pin id="4226" dir="1" index="4" bw="32" slack="0"/>
</pin_list>
<bind>
<opcode="partselect(1002) " fcode="partselect"/>
<opset="trunc_ln72_236/3 "/>
</bind>
</comp>

<comp id="4231" class="1004" name="trunc_ln72_237_fu_4231">
<pin_list>
<pin id="4232" dir="0" index="0" bw="32" slack="0"/>
<pin id="4233" dir="0" index="1" bw="512" slack="0"/>
<pin id="4234" dir="0" index="2" bw="10" slack="0"/>
<pin id="4235" dir="0" index="3" bw="10" slack="0"/>
<pin id="4236" dir="1" index="4" bw="32" slack="0"/>
</pin_list>
<bind>
<opcode="partselect(1002) " fcode="partselect"/>
<opset="trunc_ln72_237/3 "/>
</bind>
</comp>

<comp id="4241" class="1004" name="trunc_ln72_238_fu_4241">
<pin_list>
<pin id="4242" dir="0" index="0" bw="32" slack="0"/>
<pin id="4243" dir="0" index="1" bw="512" slack="0"/>
<pin id="4244" dir="0" index="2" bw="10" slack="0"/>
<pin id="4245" dir="0" index="3" bw="10" slack="0"/>
<pin id="4246" dir="1" index="4" bw="32" slack="0"/>
</pin_list>
<bind>
<opcode="partselect(1002) " fcode="partselect"/>
<opset="trunc_ln72_238/3 "/>
</bind>
</comp>

<comp id="4251" class="1004" name="tmp_14_fu_4251">
<pin_list>
<pin id="4252" dir="0" index="0" bw="32" slack="0"/>
<pin id="4253" dir="0" index="1" bw="4" slack="0"/>
<pin id="4254" dir="0" index="2" bw="32" slack="0"/>
<pin id="4255" dir="0" index="3" bw="4" slack="0"/>
<pin id="4256" dir="0" index="4" bw="32" slack="0"/>
<pin id="4257" dir="0" index="5" bw="4" slack="0"/>
<pin id="4258" dir="0" index="6" bw="32" slack="0"/>
<pin id="4259" dir="0" index="7" bw="4" slack="0"/>
<pin id="4260" dir="0" index="8" bw="32" slack="0"/>
<pin id="4261" dir="0" index="9" bw="4" slack="0"/>
<pin id="4262" dir="0" index="10" bw="32" slack="0"/>
<pin id="4263" dir="0" index="11" bw="4" slack="0"/>
<pin id="4264" dir="0" index="12" bw="32" slack="0"/>
<pin id="4265" dir="0" index="13" bw="4" slack="0"/>
<pin id="4266" dir="0" index="14" bw="32" slack="0"/>
<pin id="4267" dir="0" index="15" bw="4" slack="0"/>
<pin id="4268" dir="0" index="16" bw="32" slack="0"/>
<pin id="4269" dir="0" index="17" bw="4" slack="0"/>
<pin id="4270" dir="0" index="18" bw="32" slack="0"/>
<pin id="4271" dir="0" index="19" bw="4" slack="0"/>
<pin id="4272" dir="0" index="20" bw="32" slack="0"/>
<pin id="4273" dir="0" index="21" bw="4" slack="0"/>
<pin id="4274" dir="0" index="22" bw="32" slack="0"/>
<pin id="4275" dir="0" index="23" bw="4" slack="0"/>
<pin id="4276" dir="0" index="24" bw="32" slack="0"/>
<pin id="4277" dir="0" index="25" bw="4" slack="0"/>
<pin id="4278" dir="0" index="26" bw="32" slack="0"/>
<pin id="4279" dir="0" index="27" bw="4" slack="0"/>
<pin id="4280" dir="0" index="28" bw="32" slack="0"/>
<pin id="4281" dir="0" index="29" bw="4" slack="0"/>
<pin id="4282" dir="0" index="30" bw="32" slack="0"/>
<pin id="4283" dir="0" index="31" bw="4" slack="0"/>
<pin id="4284" dir="0" index="32" bw="32" slack="0"/>
<pin id="4285" dir="0" index="33" bw="32" slack="0"/>
<pin id="4286" dir="0" index="34" bw="4" slack="2"/>
<pin id="4287" dir="1" index="35" bw="32" slack="0"/>
</pin_list>
<bind>
<opcode="sparsemux(1197) " fcode="sparsemux"/>
<opset="tmp_14/3 "/>
</bind>
</comp>

<comp id="4322" class="1004" name="add_ln72_14_fu_4322">
<pin_list>
<pin id="4323" dir="0" index="0" bw="32" slack="0"/>
<pin id="4324" dir="0" index="1" bw="32" slack="1"/>
<pin id="4325" dir="1" index="2" bw="32" slack="0"/>
</pin_list>
<bind>
<opcode="add(8) " fcode="add"/>
<opset="add_ln72_14/3 "/>
</bind>
</comp>

<comp id="4327" class="1004" name="trunc_ln72_239_fu_4327">
<pin_list>
<pin id="4328" dir="0" index="0" bw="32" slack="0"/>
<pin id="4329" dir="0" index="1" bw="512" slack="0"/>
<pin id="4330" dir="0" index="2" bw="10" slack="0"/>
<pin id="4331" dir="0" index="3" bw="10" slack="0"/>
<pin id="4332" dir="1" index="4" bw="32" slack="0"/>
</pin_list>
<bind>
<opcode="partselect(1002) " fcode="partselect"/>
<opset="trunc_ln72_239/3 "/>
</bind>
</comp>

<comp id="4337" class="1004" name="trunc_ln72_240_fu_4337">
<pin_list>
<pin id="4338" dir="0" index="0" bw="32" slack="0"/>
<pin id="4339" dir="0" index="1" bw="512" slack="0"/>
<pin id="4340" dir="0" index="2" bw="10" slack="0"/>
<pin id="4341" dir="0" index="3" bw="10" slack="0"/>
<pin id="4342" dir="1" index="4" bw="32" slack="0"/>
</pin_list>
<bind>
<opcode="partselect(1002) " fcode="partselect"/>
<opset="trunc_ln72_240/3 "/>
</bind>
</comp>

<comp id="4347" class="1004" name="trunc_ln72_241_fu_4347">
<pin_list>
<pin id="4348" dir="0" index="0" bw="32" slack="0"/>
<pin id="4349" dir="0" index="1" bw="512" slack="0"/>
<pin id="4350" dir="0" index="2" bw="10" slack="0"/>
<pin id="4351" dir="0" index="3" bw="10" slack="0"/>
<pin id="4352" dir="1" index="4" bw="32" slack="0"/>
</pin_list>
<bind>
<opcode="partselect(1002) " fcode="partselect"/>
<opset="trunc_ln72_241/3 "/>
</bind>
</comp>

<comp id="4357" class="1004" name="trunc_ln72_242_fu_4357">
<pin_list>
<pin id="4358" dir="0" index="0" bw="32" slack="0"/>
<pin id="4359" dir="0" index="1" bw="512" slack="0"/>
<pin id="4360" dir="0" index="2" bw="10" slack="0"/>
<pin id="4361" dir="0" index="3" bw="10" slack="0"/>
<pin id="4362" dir="1" index="4" bw="32" slack="0"/>
</pin_list>
<bind>
<opcode="partselect(1002) " fcode="partselect"/>
<opset="trunc_ln72_242/3 "/>
</bind>
</comp>

<comp id="4367" class="1004" name="trunc_ln72_243_fu_4367">
<pin_list>
<pin id="4368" dir="0" index="0" bw="32" slack="0"/>
<pin id="4369" dir="0" index="1" bw="512" slack="0"/>
<pin id="4370" dir="0" index="2" bw="10" slack="0"/>
<pin id="4371" dir="0" index="3" bw="10" slack="0"/>
<pin id="4372" dir="1" index="4" bw="32" slack="0"/>
</pin_list>
<bind>
<opcode="partselect(1002) " fcode="partselect"/>
<opset="trunc_ln72_243/3 "/>
</bind>
</comp>

<comp id="4377" class="1004" name="trunc_ln72_244_fu_4377">
<pin_list>
<pin id="4378" dir="0" index="0" bw="32" slack="0"/>
<pin id="4379" dir="0" index="1" bw="512" slack="0"/>
<pin id="4380" dir="0" index="2" bw="10" slack="0"/>
<pin id="4381" dir="0" index="3" bw="10" slack="0"/>
<pin id="4382" dir="1" index="4" bw="32" slack="0"/>
</pin_list>
<bind>
<opcode="partselect(1002) " fcode="partselect"/>
<opset="trunc_ln72_244/3 "/>
</bind>
</comp>

<comp id="4387" class="1004" name="trunc_ln72_245_fu_4387">
<pin_list>
<pin id="4388" dir="0" index="0" bw="32" slack="0"/>
<pin id="4389" dir="0" index="1" bw="512" slack="0"/>
<pin id="4390" dir="0" index="2" bw="10" slack="0"/>
<pin id="4391" dir="0" index="3" bw="10" slack="0"/>
<pin id="4392" dir="1" index="4" bw="32" slack="0"/>
</pin_list>
<bind>
<opcode="partselect(1002) " fcode="partselect"/>
<opset="trunc_ln72_245/3 "/>
</bind>
</comp>

<comp id="4397" class="1004" name="trunc_ln72_246_fu_4397">
<pin_list>
<pin id="4398" dir="0" index="0" bw="32" slack="0"/>
<pin id="4399" dir="0" index="1" bw="512" slack="0"/>
<pin id="4400" dir="0" index="2" bw="10" slack="0"/>
<pin id="4401" dir="0" index="3" bw="10" slack="0"/>
<pin id="4402" dir="1" index="4" bw="32" slack="0"/>
</pin_list>
<bind>
<opcode="partselect(1002) " fcode="partselect"/>
<opset="trunc_ln72_246/3 "/>
</bind>
</comp>

<comp id="4407" class="1004" name="trunc_ln72_247_fu_4407">
<pin_list>
<pin id="4408" dir="0" index="0" bw="32" slack="0"/>
<pin id="4409" dir="0" index="1" bw="512" slack="0"/>
<pin id="4410" dir="0" index="2" bw="10" slack="0"/>
<pin id="4411" dir="0" index="3" bw="10" slack="0"/>
<pin id="4412" dir="1" index="4" bw="32" slack="0"/>
</pin_list>
<bind>
<opcode="partselect(1002) " fcode="partselect"/>
<opset="trunc_ln72_247/3 "/>
</bind>
</comp>

<comp id="4417" class="1004" name="trunc_ln72_248_fu_4417">
<pin_list>
<pin id="4418" dir="0" index="0" bw="32" slack="0"/>
<pin id="4419" dir="0" index="1" bw="512" slack="0"/>
<pin id="4420" dir="0" index="2" bw="10" slack="0"/>
<pin id="4421" dir="0" index="3" bw="10" slack="0"/>
<pin id="4422" dir="1" index="4" bw="32" slack="0"/>
</pin_list>
<bind>
<opcode="partselect(1002) " fcode="partselect"/>
<opset="trunc_ln72_248/3 "/>
</bind>
</comp>

<comp id="4427" class="1004" name="trunc_ln72_249_fu_4427">
<pin_list>
<pin id="4428" dir="0" index="0" bw="32" slack="0"/>
<pin id="4429" dir="0" index="1" bw="512" slack="0"/>
<pin id="4430" dir="0" index="2" bw="10" slack="0"/>
<pin id="4431" dir="0" index="3" bw="10" slack="0"/>
<pin id="4432" dir="1" index="4" bw="32" slack="0"/>
</pin_list>
<bind>
<opcode="partselect(1002) " fcode="partselect"/>
<opset="trunc_ln72_249/3 "/>
</bind>
</comp>

<comp id="4437" class="1004" name="trunc_ln72_250_fu_4437">
<pin_list>
<pin id="4438" dir="0" index="0" bw="32" slack="0"/>
<pin id="4439" dir="0" index="1" bw="512" slack="0"/>
<pin id="4440" dir="0" index="2" bw="10" slack="0"/>
<pin id="4441" dir="0" index="3" bw="10" slack="0"/>
<pin id="4442" dir="1" index="4" bw="32" slack="0"/>
</pin_list>
<bind>
<opcode="partselect(1002) " fcode="partselect"/>
<opset="trunc_ln72_250/3 "/>
</bind>
</comp>

<comp id="4447" class="1004" name="trunc_ln72_251_fu_4447">
<pin_list>
<pin id="4448" dir="0" index="0" bw="32" slack="0"/>
<pin id="4449" dir="0" index="1" bw="512" slack="0"/>
<pin id="4450" dir="0" index="2" bw="10" slack="0"/>
<pin id="4451" dir="0" index="3" bw="10" slack="0"/>
<pin id="4452" dir="1" index="4" bw="32" slack="0"/>
</pin_list>
<bind>
<opcode="partselect(1002) " fcode="partselect"/>
<opset="trunc_ln72_251/3 "/>
</bind>
</comp>

<comp id="4457" class="1004" name="trunc_ln72_252_fu_4457">
<pin_list>
<pin id="4458" dir="0" index="0" bw="32" slack="0"/>
<pin id="4459" dir="0" index="1" bw="512" slack="0"/>
<pin id="4460" dir="0" index="2" bw="10" slack="0"/>
<pin id="4461" dir="0" index="3" bw="10" slack="0"/>
<pin id="4462" dir="1" index="4" bw="32" slack="0"/>
</pin_list>
<bind>
<opcode="partselect(1002) " fcode="partselect"/>
<opset="trunc_ln72_252/3 "/>
</bind>
</comp>

<comp id="4467" class="1004" name="trunc_ln72_253_fu_4467">
<pin_list>
<pin id="4468" dir="0" index="0" bw="32" slack="0"/>
<pin id="4469" dir="0" index="1" bw="512" slack="0"/>
<pin id="4470" dir="0" index="2" bw="10" slack="0"/>
<pin id="4471" dir="0" index="3" bw="10" slack="0"/>
<pin id="4472" dir="1" index="4" bw="32" slack="0"/>
</pin_list>
<bind>
<opcode="partselect(1002) " fcode="partselect"/>
<opset="trunc_ln72_253/3 "/>
</bind>
</comp>

<comp id="4477" class="1004" name="trunc_ln72_254_fu_4477">
<pin_list>
<pin id="4478" dir="0" index="0" bw="32" slack="0"/>
<pin id="4479" dir="0" index="1" bw="512" slack="0"/>
<pin id="4480" dir="0" index="2" bw="10" slack="0"/>
<pin id="4481" dir="0" index="3" bw="10" slack="0"/>
<pin id="4482" dir="1" index="4" bw="32" slack="0"/>
</pin_list>
<bind>
<opcode="partselect(1002) " fcode="partselect"/>
<opset="trunc_ln72_254/3 "/>
</bind>
</comp>

<comp id="4487" class="1004" name="tmp_15_fu_4487">
<pin_list>
<pin id="4488" dir="0" index="0" bw="32" slack="0"/>
<pin id="4489" dir="0" index="1" bw="4" slack="0"/>
<pin id="4490" dir="0" index="2" bw="32" slack="0"/>
<pin id="4491" dir="0" index="3" bw="4" slack="0"/>
<pin id="4492" dir="0" index="4" bw="32" slack="0"/>
<pin id="4493" dir="0" index="5" bw="4" slack="0"/>
<pin id="4494" dir="0" index="6" bw="32" slack="0"/>
<pin id="4495" dir="0" index="7" bw="4" slack="0"/>
<pin id="4496" dir="0" index="8" bw="32" slack="0"/>
<pin id="4497" dir="0" index="9" bw="4" slack="0"/>
<pin id="4498" dir="0" index="10" bw="32" slack="0"/>
<pin id="4499" dir="0" index="11" bw="4" slack="0"/>
<pin id="4500" dir="0" index="12" bw="32" slack="0"/>
<pin id="4501" dir="0" index="13" bw="4" slack="0"/>
<pin id="4502" dir="0" index="14" bw="32" slack="0"/>
<pin id="4503" dir="0" index="15" bw="4" slack="0"/>
<pin id="4504" dir="0" index="16" bw="32" slack="0"/>
<pin id="4505" dir="0" index="17" bw="4" slack="0"/>
<pin id="4506" dir="0" index="18" bw="32" slack="0"/>
<pin id="4507" dir="0" index="19" bw="4" slack="0"/>
<pin id="4508" dir="0" index="20" bw="32" slack="0"/>
<pin id="4509" dir="0" index="21" bw="4" slack="0"/>
<pin id="4510" dir="0" index="22" bw="32" slack="0"/>
<pin id="4511" dir="0" index="23" bw="4" slack="0"/>
<pin id="4512" dir="0" index="24" bw="32" slack="0"/>
<pin id="4513" dir="0" index="25" bw="4" slack="0"/>
<pin id="4514" dir="0" index="26" bw="32" slack="0"/>
<pin id="4515" dir="0" index="27" bw="4" slack="0"/>
<pin id="4516" dir="0" index="28" bw="32" slack="0"/>
<pin id="4517" dir="0" index="29" bw="4" slack="0"/>
<pin id="4518" dir="0" index="30" bw="32" slack="0"/>
<pin id="4519" dir="0" index="31" bw="4" slack="0"/>
<pin id="4520" dir="0" index="32" bw="32" slack="0"/>
<pin id="4521" dir="0" index="33" bw="32" slack="0"/>
<pin id="4522" dir="0" index="34" bw="4" slack="2"/>
<pin id="4523" dir="1" index="35" bw="32" slack="0"/>
</pin_list>
<bind>
<opcode="sparsemux(1197) " fcode="sparsemux"/>
<opset="tmp_15/3 "/>
</bind>
</comp>

<comp id="4558" class="1004" name="add_ln72_15_fu_4558">
<pin_list>
<pin id="4559" dir="0" index="0" bw="32" slack="0"/>
<pin id="4560" dir="0" index="1" bw="32" slack="1"/>
<pin id="4561" dir="1" index="2" bw="32" slack="0"/>
</pin_list>
<bind>
<opcode="add(8) " fcode="add"/>
<opset="add_ln72_15/3 "/>
</bind>
</comp>

<comp id="4563" class="1004" name="or_ln72_s_fu_4563">
<pin_list>
<pin id="4564" dir="0" index="0" bw="512" slack="0"/>
<pin id="4565" dir="0" index="1" bw="32" slack="0"/>
<pin id="4566" dir="0" index="2" bw="32" slack="0"/>
<pin id="4567" dir="0" index="3" bw="32" slack="0"/>
<pin id="4568" dir="0" index="4" bw="32" slack="0"/>
<pin id="4569" dir="0" index="5" bw="32" slack="0"/>
<pin id="4570" dir="0" index="6" bw="32" slack="0"/>
<pin id="4571" dir="0" index="7" bw="32" slack="0"/>
<pin id="4572" dir="0" index="8" bw="32" slack="0"/>
<pin id="4573" dir="0" index="9" bw="32" slack="0"/>
<pin id="4574" dir="0" index="10" bw="32" slack="0"/>
<pin id="4575" dir="0" index="11" bw="32" slack="0"/>
<pin id="4576" dir="0" index="12" bw="32" slack="0"/>
<pin id="4577" dir="0" index="13" bw="32" slack="0"/>
<pin id="4578" dir="0" index="14" bw="32" slack="0"/>
<pin id="4579" dir="0" index="15" bw="32" slack="0"/>
<pin id="4580" dir="0" index="16" bw="32" slack="0"/>
<pin id="4581" dir="1" index="17" bw="512" slack="0"/>
</pin_list>
<bind>
<opcode="bitconcatenate(1004) " fcode="bitconcatenate"/>
<opset="or_ln72_s/3 "/>
</bind>
</comp>

<comp id="4599" class="1004" name="store_ln72_store_fu_4599">
<pin_list>
<pin id="4600" dir="0" index="0" bw="512" slack="0"/>
<pin id="4601" dir="0" index="1" bw="512" slack="2"/>
<pin id="4602" dir="1" index="2" bw="0" slack="2147483647"/>
</pin_list>
<bind>
<opcode="store(28) " fcode="store"/>
<opset="store_ln72/3 "/>
</bind>
</comp>

<comp id="4604" class="1004" name="store_ln72_store_fu_4604">
<pin_list>
<pin id="4605" dir="0" index="0" bw="512" slack="0"/>
<pin id="4606" dir="0" index="1" bw="512" slack="2"/>
<pin id="4607" dir="1" index="2" bw="0" slack="2147483647"/>
</pin_list>
<bind>
<opcode="store(28) " fcode="store"/>
<opset="store_ln72/3 "/>
</bind>
</comp>

<comp id="4609" class="1004" name="store_ln72_store_fu_4609">
<pin_list>
<pin id="4610" dir="0" index="0" bw="512" slack="0"/>
<pin id="4611" dir="0" index="1" bw="512" slack="2"/>
<pin id="4612" dir="1" index="2" bw="0" slack="2147483647"/>
</pin_list>
<bind>
<opcode="store(28) " fcode="store"/>
<opset="store_ln72/3 "/>
</bind>
</comp>

<comp id="4614" class="1004" name="store_ln72_store_fu_4614">
<pin_list>
<pin id="4615" dir="0" index="0" bw="512" slack="0"/>
<pin id="4616" dir="0" index="1" bw="512" slack="2"/>
<pin id="4617" dir="1" index="2" bw="0" slack="2147483647"/>
</pin_list>
<bind>
<opcode="store(28) " fcode="store"/>
<opset="store_ln72/3 "/>
</bind>
</comp>

<comp id="4619" class="1004" name="store_ln72_store_fu_4619">
<pin_list>
<pin id="4620" dir="0" index="0" bw="512" slack="0"/>
<pin id="4621" dir="0" index="1" bw="512" slack="2"/>
<pin id="4622" dir="1" index="2" bw="0" slack="2147483647"/>
</pin_list>
<bind>
<opcode="store(28) " fcode="store"/>
<opset="store_ln72/3 "/>
</bind>
</comp>

<comp id="4624" class="1004" name="store_ln72_store_fu_4624">
<pin_list>
<pin id="4625" dir="0" index="0" bw="512" slack="0"/>
<pin id="4626" dir="0" index="1" bw="512" slack="2"/>
<pin id="4627" dir="1" index="2" bw="0" slack="2147483647"/>
</pin_list>
<bind>
<opcode="store(28) " fcode="store"/>
<opset="store_ln72/3 "/>
</bind>
</comp>

<comp id="4629" class="1004" name="store_ln72_store_fu_4629">
<pin_list>
<pin id="4630" dir="0" index="0" bw="512" slack="0"/>
<pin id="4631" dir="0" index="1" bw="512" slack="2"/>
<pin id="4632" dir="1" index="2" bw="0" slack="2147483647"/>
</pin_list>
<bind>
<opcode="store(28) " fcode="store"/>
<opset="store_ln72/3 "/>
</bind>
</comp>

<comp id="4634" class="1004" name="store_ln72_store_fu_4634">
<pin_list>
<pin id="4635" dir="0" index="0" bw="512" slack="0"/>
<pin id="4636" dir="0" index="1" bw="512" slack="2"/>
<pin id="4637" dir="1" index="2" bw="0" slack="2147483647"/>
</pin_list>
<bind>
<opcode="store(28) " fcode="store"/>
<opset="store_ln72/3 "/>
</bind>
</comp>

<comp id="4639" class="1004" name="store_ln72_store_fu_4639">
<pin_list>
<pin id="4640" dir="0" index="0" bw="512" slack="0"/>
<pin id="4641" dir="0" index="1" bw="512" slack="2"/>
<pin id="4642" dir="1" index="2" bw="0" slack="2147483647"/>
</pin_list>
<bind>
<opcode="store(28) " fcode="store"/>
<opset="store_ln72/3 "/>
</bind>
</comp>

<comp id="4644" class="1004" name="store_ln72_store_fu_4644">
<pin_list>
<pin id="4645" dir="0" index="0" bw="512" slack="0"/>
<pin id="4646" dir="0" index="1" bw="512" slack="2"/>
<pin id="4647" dir="1" index="2" bw="0" slack="2147483647"/>
</pin_list>
<bind>
<opcode="store(28) " fcode="store"/>
<opset="store_ln72/3 "/>
</bind>
</comp>

<comp id="4649" class="1004" name="store_ln72_store_fu_4649">
<pin_list>
<pin id="4650" dir="0" index="0" bw="512" slack="0"/>
<pin id="4651" dir="0" index="1" bw="512" slack="2"/>
<pin id="4652" dir="1" index="2" bw="0" slack="2147483647"/>
</pin_list>
<bind>
<opcode="store(28) " fcode="store"/>
<opset="store_ln72/3 "/>
</bind>
</comp>

<comp id="4654" class="1004" name="store_ln72_store_fu_4654">
<pin_list>
<pin id="4655" dir="0" index="0" bw="512" slack="0"/>
<pin id="4656" dir="0" index="1" bw="512" slack="2"/>
<pin id="4657" dir="1" index="2" bw="0" slack="2147483647"/>
</pin_list>
<bind>
<opcode="store(28) " fcode="store"/>
<opset="store_ln72/3 "/>
</bind>
</comp>

<comp id="4659" class="1004" name="store_ln72_store_fu_4659">
<pin_list>
<pin id="4660" dir="0" index="0" bw="512" slack="0"/>
<pin id="4661" dir="0" index="1" bw="512" slack="2"/>
<pin id="4662" dir="1" index="2" bw="0" slack="2147483647"/>
</pin_list>
<bind>
<opcode="store(28) " fcode="store"/>
<opset="store_ln72/3 "/>
</bind>
</comp>

<comp id="4664" class="1004" name="store_ln72_store_fu_4664">
<pin_list>
<pin id="4665" dir="0" index="0" bw="512" slack="0"/>
<pin id="4666" dir="0" index="1" bw="512" slack="2"/>
<pin id="4667" dir="1" index="2" bw="0" slack="2147483647"/>
</pin_list>
<bind>
<opcode="store(28) " fcode="store"/>
<opset="store_ln72/3 "/>
</bind>
</comp>

<comp id="4669" class="1004" name="store_ln72_store_fu_4669">
<pin_list>
<pin id="4670" dir="0" index="0" bw="512" slack="0"/>
<pin id="4671" dir="0" index="1" bw="512" slack="2"/>
<pin id="4672" dir="1" index="2" bw="0" slack="2147483647"/>
</pin_list>
<bind>
<opcode="store(28) " fcode="store"/>
<opset="store_ln72/3 "/>
</bind>
</comp>

<comp id="4674" class="1004" name="store_ln72_store_fu_4674">
<pin_list>
<pin id="4675" dir="0" index="0" bw="512" slack="0"/>
<pin id="4676" dir="0" index="1" bw="512" slack="2"/>
<pin id="4677" dir="1" index="2" bw="0" slack="2147483647"/>
</pin_list>
<bind>
<opcode="store(28) " fcode="store"/>
<opset="store_ln72/3 "/>
</bind>
</comp>

<comp id="4679" class="1004" name="AB_block_0_2_load_1_load_fu_4679">
<pin_list>
<pin id="4680" dir="0" index="0" bw="512" slack="1"/>
<pin id="4681" dir="1" index="1" bw="512" slack="0"/>
</pin_list>
<bind>
<opcode="load(27) " fcode="load"/>
<opset="AB_block_0_2_load_1/2 "/>
</bind>
</comp>

<comp id="4683" class="1004" name="AB_block_1_2_load_1_load_fu_4683">
<pin_list>
<pin id="4684" dir="0" index="0" bw="512" slack="1"/>
<pin id="4685" dir="1" index="1" bw="512" slack="0"/>
</pin_list>
<bind>
<opcode="load(27) " fcode="load"/>
<opset="AB_block_1_2_load_1/2 "/>
</bind>
</comp>

<comp id="4687" class="1004" name="AB_block_2_2_load_1_load_fu_4687">
<pin_list>
<pin id="4688" dir="0" index="0" bw="512" slack="1"/>
<pin id="4689" dir="1" index="1" bw="512" slack="0"/>
</pin_list>
<bind>
<opcode="load(27) " fcode="load"/>
<opset="AB_block_2_2_load_1/2 "/>
</bind>
</comp>

<comp id="4691" class="1004" name="AB_block_3_2_load_1_load_fu_4691">
<pin_list>
<pin id="4692" dir="0" index="0" bw="512" slack="1"/>
<pin id="4693" dir="1" index="1" bw="512" slack="0"/>
</pin_list>
<bind>
<opcode="load(27) " fcode="load"/>
<opset="AB_block_3_2_load_1/2 "/>
</bind>
</comp>

<comp id="4695" class="1004" name="AB_block_4_2_load_1_load_fu_4695">
<pin_list>
<pin id="4696" dir="0" index="0" bw="512" slack="1"/>
<pin id="4697" dir="1" index="1" bw="512" slack="0"/>
</pin_list>
<bind>
<opcode="load(27) " fcode="load"/>
<opset="AB_block_4_2_load_1/2 "/>
</bind>
</comp>

<comp id="4699" class="1004" name="AB_block_5_2_load_1_load_fu_4699">
<pin_list>
<pin id="4700" dir="0" index="0" bw="512" slack="1"/>
<pin id="4701" dir="1" index="1" bw="512" slack="0"/>
</pin_list>
<bind>
<opcode="load(27) " fcode="load"/>
<opset="AB_block_5_2_load_1/2 "/>
</bind>
</comp>

<comp id="4703" class="1004" name="AB_block_6_2_load_1_load_fu_4703">
<pin_list>
<pin id="4704" dir="0" index="0" bw="512" slack="1"/>
<pin id="4705" dir="1" index="1" bw="512" slack="0"/>
</pin_list>
<bind>
<opcode="load(27) " fcode="load"/>
<opset="AB_block_6_2_load_1/2 "/>
</bind>
</comp>

<comp id="4707" class="1004" name="AB_block_7_2_load_1_load_fu_4707">
<pin_list>
<pin id="4708" dir="0" index="0" bw="512" slack="1"/>
<pin id="4709" dir="1" index="1" bw="512" slack="0"/>
</pin_list>
<bind>
<opcode="load(27) " fcode="load"/>
<opset="AB_block_7_2_load_1/2 "/>
</bind>
</comp>

<comp id="4711" class="1004" name="AB_block_8_2_load_1_load_fu_4711">
<pin_list>
<pin id="4712" dir="0" index="0" bw="512" slack="1"/>
<pin id="4713" dir="1" index="1" bw="512" slack="0"/>
</pin_list>
<bind>
<opcode="load(27) " fcode="load"/>
<opset="AB_block_8_2_load_1/2 "/>
</bind>
</comp>

<comp id="4715" class="1004" name="AB_block_9_2_load_1_load_fu_4715">
<pin_list>
<pin id="4716" dir="0" index="0" bw="512" slack="1"/>
<pin id="4717" dir="1" index="1" bw="512" slack="0"/>
</pin_list>
<bind>
<opcode="load(27) " fcode="load"/>
<opset="AB_block_9_2_load_1/2 "/>
</bind>
</comp>

<comp id="4719" class="1004" name="AB_block_10_2_load_1_load_fu_4719">
<pin_list>
<pin id="4720" dir="0" index="0" bw="512" slack="1"/>
<pin id="4721" dir="1" index="1" bw="512" slack="0"/>
</pin_list>
<bind>
<opcode="load(27) " fcode="load"/>
<opset="AB_block_10_2_load_1/2 "/>
</bind>
</comp>

<comp id="4723" class="1004" name="AB_block_11_2_load_1_load_fu_4723">
<pin_list>
<pin id="4724" dir="0" index="0" bw="512" slack="1"/>
<pin id="4725" dir="1" index="1" bw="512" slack="0"/>
</pin_list>
<bind>
<opcode="load(27) " fcode="load"/>
<opset="AB_block_11_2_load_1/2 "/>
</bind>
</comp>

<comp id="4727" class="1004" name="AB_block_12_2_load_1_load_fu_4727">
<pin_list>
<pin id="4728" dir="0" index="0" bw="512" slack="1"/>
<pin id="4729" dir="1" index="1" bw="512" slack="0"/>
</pin_list>
<bind>
<opcode="load(27) " fcode="load"/>
<opset="AB_block_12_2_load_1/2 "/>
</bind>
</comp>

<comp id="4731" class="1004" name="AB_block_13_2_load_1_load_fu_4731">
<pin_list>
<pin id="4732" dir="0" index="0" bw="512" slack="1"/>
<pin id="4733" dir="1" index="1" bw="512" slack="0"/>
</pin_list>
<bind>
<opcode="load(27) " fcode="load"/>
<opset="AB_block_13_2_load_1/2 "/>
</bind>
</comp>

<comp id="4735" class="1004" name="AB_block_14_2_load_1_load_fu_4735">
<pin_list>
<pin id="4736" dir="0" index="0" bw="512" slack="1"/>
<pin id="4737" dir="1" index="1" bw="512" slack="0"/>
</pin_list>
<bind>
<opcode="load(27) " fcode="load"/>
<opset="AB_block_14_2_load_1/2 "/>
</bind>
</comp>

<comp id="4739" class="1004" name="AB_block_15_2_load_1_load_fu_4739">
<pin_list>
<pin id="4740" dir="0" index="0" bw="512" slack="1"/>
<pin id="4741" dir="1" index="1" bw="512" slack="0"/>
</pin_list>
<bind>
<opcode="load(27) " fcode="load"/>
<opset="AB_block_15_2_load_1/2 "/>
</bind>
</comp>

<comp id="4743" class="1005" name="i_reg_4743">
<pin_list>
<pin id="4744" dir="0" index="0" bw="5" slack="0"/>
<pin id="4745" dir="1" index="1" bw="5" slack="0"/>
</pin_list>
<bind>
<opset="i "/>
</bind>
</comp>

<comp id="4750" class="1005" name="AB_block_0_2_reg_4750">
<pin_list>
<pin id="4751" dir="0" index="0" bw="512" slack="0"/>
<pin id="4752" dir="1" index="1" bw="512" slack="0"/>
</pin_list>
<bind>
<opset="AB_block_0_2 "/>
</bind>
</comp>

<comp id="4758" class="1005" name="AB_block_1_2_reg_4758">
<pin_list>
<pin id="4759" dir="0" index="0" bw="512" slack="0"/>
<pin id="4760" dir="1" index="1" bw="512" slack="0"/>
</pin_list>
<bind>
<opset="AB_block_1_2 "/>
</bind>
</comp>

<comp id="4766" class="1005" name="AB_block_2_2_reg_4766">
<pin_list>
<pin id="4767" dir="0" index="0" bw="512" slack="0"/>
<pin id="4768" dir="1" index="1" bw="512" slack="0"/>
</pin_list>
<bind>
<opset="AB_block_2_2 "/>
</bind>
</comp>

<comp id="4774" class="1005" name="AB_block_3_2_reg_4774">
<pin_list>
<pin id="4775" dir="0" index="0" bw="512" slack="0"/>
<pin id="4776" dir="1" index="1" bw="512" slack="0"/>
</pin_list>
<bind>
<opset="AB_block_3_2 "/>
</bind>
</comp>

<comp id="4782" class="1005" name="AB_block_4_2_reg_4782">
<pin_list>
<pin id="4783" dir="0" index="0" bw="512" slack="0"/>
<pin id="4784" dir="1" index="1" bw="512" slack="0"/>
</pin_list>
<bind>
<opset="AB_block_4_2 "/>
</bind>
</comp>

<comp id="4790" class="1005" name="AB_block_5_2_reg_4790">
<pin_list>
<pin id="4791" dir="0" index="0" bw="512" slack="0"/>
<pin id="4792" dir="1" index="1" bw="512" slack="0"/>
</pin_list>
<bind>
<opset="AB_block_5_2 "/>
</bind>
</comp>

<comp id="4798" class="1005" name="AB_block_6_2_reg_4798">
<pin_list>
<pin id="4799" dir="0" index="0" bw="512" slack="0"/>
<pin id="4800" dir="1" index="1" bw="512" slack="0"/>
</pin_list>
<bind>
<opset="AB_block_6_2 "/>
</bind>
</comp>

<comp id="4806" class="1005" name="AB_block_7_2_reg_4806">
<pin_list>
<pin id="4807" dir="0" index="0" bw="512" slack="0"/>
<pin id="4808" dir="1" index="1" bw="512" slack="0"/>
</pin_list>
<bind>
<opset="AB_block_7_2 "/>
</bind>
</comp>

<comp id="4814" class="1005" name="AB_block_8_2_reg_4814">
<pin_list>
<pin id="4815" dir="0" index="0" bw="512" slack="0"/>
<pin id="4816" dir="1" index="1" bw="512" slack="0"/>
</pin_list>
<bind>
<opset="AB_block_8_2 "/>
</bind>
</comp>

<comp id="4822" class="1005" name="AB_block_9_2_reg_4822">
<pin_list>
<pin id="4823" dir="0" index="0" bw="512" slack="0"/>
<pin id="4824" dir="1" index="1" bw="512" slack="0"/>
</pin_list>
<bind>
<opset="AB_block_9_2 "/>
</bind>
</comp>

<comp id="4830" class="1005" name="AB_block_10_2_reg_4830">
<pin_list>
<pin id="4831" dir="0" index="0" bw="512" slack="0"/>
<pin id="4832" dir="1" index="1" bw="512" slack="0"/>
</pin_list>
<bind>
<opset="AB_block_10_2 "/>
</bind>
</comp>

<comp id="4838" class="1005" name="AB_block_11_2_reg_4838">
<pin_list>
<pin id="4839" dir="0" index="0" bw="512" slack="0"/>
<pin id="4840" dir="1" index="1" bw="512" slack="0"/>
</pin_list>
<bind>
<opset="AB_block_11_2 "/>
</bind>
</comp>

<comp id="4846" class="1005" name="AB_block_12_2_reg_4846">
<pin_list>
<pin id="4847" dir="0" index="0" bw="512" slack="0"/>
<pin id="4848" dir="1" index="1" bw="512" slack="0"/>
</pin_list>
<bind>
<opset="AB_block_12_2 "/>
</bind>
</comp>

<comp id="4854" class="1005" name="AB_block_13_2_reg_4854">
<pin_list>
<pin id="4855" dir="0" index="0" bw="512" slack="0"/>
<pin id="4856" dir="1" index="1" bw="512" slack="0"/>
</pin_list>
<bind>
<opset="AB_block_13_2 "/>
</bind>
</comp>

<comp id="4862" class="1005" name="AB_block_14_2_reg_4862">
<pin_list>
<pin id="4863" dir="0" index="0" bw="512" slack="0"/>
<pin id="4864" dir="1" index="1" bw="512" slack="0"/>
</pin_list>
<bind>
<opset="AB_block_14_2 "/>
</bind>
</comp>

<comp id="4870" class="1005" name="AB_block_15_2_reg_4870">
<pin_list>
<pin id="4871" dir="0" index="0" bw="512" slack="0"/>
<pin id="4872" dir="1" index="1" bw="512" slack="0"/>
</pin_list>
<bind>
<opset="AB_block_15_2 "/>
</bind>
</comp>

<comp id="4878" class="1005" name="trunc_ln63_15_read_reg_4878">
<pin_list>
<pin id="4879" dir="0" index="0" bw="32" slack="1"/>
<pin id="4880" dir="1" index="1" bw="32" slack="1"/>
</pin_list>
<bind>
<opset="trunc_ln63_15_read "/>
</bind>
</comp>

<comp id="4883" class="1005" name="trunc_ln63_14_read_reg_4883">
<pin_list>
<pin id="4884" dir="0" index="0" bw="32" slack="1"/>
<pin id="4885" dir="1" index="1" bw="32" slack="1"/>
</pin_list>
<bind>
<opset="trunc_ln63_14_read "/>
</bind>
</comp>

<comp id="4888" class="1005" name="trunc_ln63_13_read_reg_4888">
<pin_list>
<pin id="4889" dir="0" index="0" bw="32" slack="1"/>
<pin id="4890" dir="1" index="1" bw="32" slack="1"/>
</pin_list>
<bind>
<opset="trunc_ln63_13_read "/>
</bind>
</comp>

<comp id="4893" class="1005" name="trunc_ln63_12_read_reg_4893">
<pin_list>
<pin id="4894" dir="0" index="0" bw="32" slack="1"/>
<pin id="4895" dir="1" index="1" bw="32" slack="1"/>
</pin_list>
<bind>
<opset="trunc_ln63_12_read "/>
</bind>
</comp>

<comp id="4898" class="1005" name="trunc_ln63_11_read_reg_4898">
<pin_list>
<pin id="4899" dir="0" index="0" bw="32" slack="1"/>
<pin id="4900" dir="1" index="1" bw="32" slack="1"/>
</pin_list>
<bind>
<opset="trunc_ln63_11_read "/>
</bind>
</comp>

<comp id="4903" class="1005" name="trunc_ln63_10_read_reg_4903">
<pin_list>
<pin id="4904" dir="0" index="0" bw="32" slack="1"/>
<pin id="4905" dir="1" index="1" bw="32" slack="1"/>
</pin_list>
<bind>
<opset="trunc_ln63_10_read "/>
</bind>
</comp>

<comp id="4908" class="1005" name="trunc_ln63_9_read_reg_4908">
<pin_list>
<pin id="4909" dir="0" index="0" bw="32" slack="1"/>
<pin id="4910" dir="1" index="1" bw="32" slack="1"/>
</pin_list>
<bind>
<opset="trunc_ln63_9_read "/>
</bind>
</comp>

<comp id="4913" class="1005" name="trunc_ln63_8_read_reg_4913">
<pin_list>
<pin id="4914" dir="0" index="0" bw="32" slack="1"/>
<pin id="4915" dir="1" index="1" bw="32" slack="1"/>
</pin_list>
<bind>
<opset="trunc_ln63_8_read "/>
</bind>
</comp>

<comp id="4918" class="1005" name="trunc_ln63_7_read_reg_4918">
<pin_list>
<pin id="4919" dir="0" index="0" bw="32" slack="1"/>
<pin id="4920" dir="1" index="1" bw="32" slack="1"/>
</pin_list>
<bind>
<opset="trunc_ln63_7_read "/>
</bind>
</comp>

<comp id="4923" class="1005" name="trunc_ln63_6_read_reg_4923">
<pin_list>
<pin id="4924" dir="0" index="0" bw="32" slack="1"/>
<pin id="4925" dir="1" index="1" bw="32" slack="1"/>
</pin_list>
<bind>
<opset="trunc_ln63_6_read "/>
</bind>
</comp>

<comp id="4928" class="1005" name="trunc_ln63_5_read_reg_4928">
<pin_list>
<pin id="4929" dir="0" index="0" bw="32" slack="1"/>
<pin id="4930" dir="1" index="1" bw="32" slack="1"/>
</pin_list>
<bind>
<opset="trunc_ln63_5_read "/>
</bind>
</comp>

<comp id="4933" class="1005" name="trunc_ln63_4_read_reg_4933">
<pin_list>
<pin id="4934" dir="0" index="0" bw="32" slack="1"/>
<pin id="4935" dir="1" index="1" bw="32" slack="1"/>
</pin_list>
<bind>
<opset="trunc_ln63_4_read "/>
</bind>
</comp>

<comp id="4938" class="1005" name="trunc_ln63_3_read_reg_4938">
<pin_list>
<pin id="4939" dir="0" index="0" bw="32" slack="1"/>
<pin id="4940" dir="1" index="1" bw="32" slack="1"/>
</pin_list>
<bind>
<opset="trunc_ln63_3_read "/>
</bind>
</comp>

<comp id="4943" class="1005" name="trunc_ln63_2_read_reg_4943">
<pin_list>
<pin id="4944" dir="0" index="0" bw="32" slack="1"/>
<pin id="4945" dir="1" index="1" bw="32" slack="1"/>
</pin_list>
<bind>
<opset="trunc_ln63_2_read "/>
</bind>
</comp>

<comp id="4948" class="1005" name="trunc_ln63_1_read_reg_4948">
<pin_list>
<pin id="4949" dir="0" index="0" bw="32" slack="1"/>
<pin id="4950" dir="1" index="1" bw="32" slack="1"/>
</pin_list>
<bind>
<opset="trunc_ln63_1_read "/>
</bind>
</comp>

<comp id="4953" class="1005" name="tmp_reg_4953">
<pin_list>
<pin id="4954" dir="0" index="0" bw="32" slack="1"/>
<pin id="4955" dir="1" index="1" bw="32" slack="1"/>
</pin_list>
<bind>
<opset="tmp "/>
</bind>
</comp>

<comp id="4958" class="1005" name="icmp_ln67_reg_4958">
<pin_list>
<pin id="4959" dir="0" index="0" bw="1" slack="1"/>
<pin id="4960" dir="1" index="1" bw="1" slack="2147483647"/>
</pin_list>
<bind>
<opset="icmp_ln67 "/>
</bind>
</comp>

<comp id="4962" class="1005" name="trunc_ln67_reg_4962">
<pin_list>
<pin id="4963" dir="0" index="0" bw="4" slack="2"/>
<pin id="4964" dir="1" index="1" bw="4" slack="2"/>
</pin_list>
<bind>
<opset="trunc_ln67 "/>
</bind>
</comp>

<comp id="4982" class="1005" name="trunc_ln72_reg_4982">
<pin_list>
<pin id="4983" dir="0" index="0" bw="32" slack="1"/>
<pin id="4984" dir="1" index="1" bw="32" slack="1"/>
</pin_list>
<bind>
<opset="trunc_ln72 "/>
</bind>
</comp>

<comp id="5002" class="1005" name="mul_ln72_reg_5002">
<pin_list>
<pin id="5003" dir="0" index="0" bw="32" slack="1"/>
<pin id="5004" dir="1" index="1" bw="32" slack="1"/>
</pin_list>
<bind>
<opset="mul_ln72 "/>
</bind>
</comp>

<comp id="5007" class="1005" name="mul_ln72_1_reg_5007">
<pin_list>
<pin id="5008" dir="0" index="0" bw="32" slack="1"/>
<pin id="5009" dir="1" index="1" bw="32" slack="1"/>
</pin_list>
<bind>
<opset="mul_ln72_1 "/>
</bind>
</comp>

<comp id="5012" class="1005" name="mul_ln72_2_reg_5012">
<pin_list>
<pin id="5013" dir="0" index="0" bw="32" slack="1"/>
<pin id="5014" dir="1" index="1" bw="32" slack="1"/>
</pin_list>
<bind>
<opset="mul_ln72_2 "/>
</bind>
</comp>

<comp id="5017" class="1005" name="mul_ln72_3_reg_5017">
<pin_list>
<pin id="5018" dir="0" index="0" bw="32" slack="1"/>
<pin id="5019" dir="1" index="1" bw="32" slack="1"/>
</pin_list>
<bind>
<opset="mul_ln72_3 "/>
</bind>
</comp>

<comp id="5022" class="1005" name="mul_ln72_4_reg_5022">
<pin_list>
<pin id="5023" dir="0" index="0" bw="32" slack="1"/>
<pin id="5024" dir="1" index="1" bw="32" slack="1"/>
</pin_list>
<bind>
<opset="mul_ln72_4 "/>
</bind>
</comp>

<comp id="5027" class="1005" name="mul_ln72_5_reg_5027">
<pin_list>
<pin id="5028" dir="0" index="0" bw="32" slack="1"/>
<pin id="5029" dir="1" index="1" bw="32" slack="1"/>
</pin_list>
<bind>
<opset="mul_ln72_5 "/>
</bind>
</comp>

<comp id="5032" class="1005" name="mul_ln72_6_reg_5032">
<pin_list>
<pin id="5033" dir="0" index="0" bw="32" slack="1"/>
<pin id="5034" dir="1" index="1" bw="32" slack="1"/>
</pin_list>
<bind>
<opset="mul_ln72_6 "/>
</bind>
</comp>

<comp id="5037" class="1005" name="mul_ln72_7_reg_5037">
<pin_list>
<pin id="5038" dir="0" index="0" bw="32" slack="1"/>
<pin id="5039" dir="1" index="1" bw="32" slack="1"/>
</pin_list>
<bind>
<opset="mul_ln72_7 "/>
</bind>
</comp>

<comp id="5042" class="1005" name="mul_ln72_8_reg_5042">
<pin_list>
<pin id="5043" dir="0" index="0" bw="32" slack="1"/>
<pin id="5044" dir="1" index="1" bw="32" slack="1"/>
</pin_list>
<bind>
<opset="mul_ln72_8 "/>
</bind>
</comp>

<comp id="5047" class="1005" name="mul_ln72_9_reg_5047">
<pin_list>
<pin id="5048" dir="0" index="0" bw="32" slack="1"/>
<pin id="5049" dir="1" index="1" bw="32" slack="1"/>
</pin_list>
<bind>
<opset="mul_ln72_9 "/>
</bind>
</comp>

<comp id="5052" class="1005" name="mul_ln72_10_reg_5052">
<pin_list>
<pin id="5053" dir="0" index="0" bw="32" slack="1"/>
<pin id="5054" dir="1" index="1" bw="32" slack="1"/>
</pin_list>
<bind>
<opset="mul_ln72_10 "/>
</bind>
</comp>

<comp id="5057" class="1005" name="mul_ln72_11_reg_5057">
<pin_list>
<pin id="5058" dir="0" index="0" bw="32" slack="1"/>
<pin id="5059" dir="1" index="1" bw="32" slack="1"/>
</pin_list>
<bind>
<opset="mul_ln72_11 "/>
</bind>
</comp>

<comp id="5062" class="1005" name="mul_ln72_12_reg_5062">
<pin_list>
<pin id="5063" dir="0" index="0" bw="32" slack="1"/>
<pin id="5064" dir="1" index="1" bw="32" slack="1"/>
</pin_list>
<bind>
<opset="mul_ln72_12 "/>
</bind>
</comp>

<comp id="5067" class="1005" name="mul_ln72_13_reg_5067">
<pin_list>
<pin id="5068" dir="0" index="0" bw="32" slack="1"/>
<pin id="5069" dir="1" index="1" bw="32" slack="1"/>
</pin_list>
<bind>
<opset="mul_ln72_13 "/>
</bind>
</comp>

<comp id="5072" class="1005" name="mul_ln72_14_reg_5072">
<pin_list>
<pin id="5073" dir="0" index="0" bw="32" slack="1"/>
<pin id="5074" dir="1" index="1" bw="32" slack="1"/>
</pin_list>
<bind>
<opset="mul_ln72_14 "/>
</bind>
</comp>

<comp id="5077" class="1005" name="mul_ln72_15_reg_5077">
<pin_list>
<pin id="5078" dir="0" index="0" bw="32" slack="1"/>
<pin id="5079" dir="1" index="1" bw="32" slack="1"/>
</pin_list>
<bind>
<opset="mul_ln72_15 "/>
</bind>
</comp>

</comp_list>

<net_list>
<net id="231"><net_src comp="98" pin="0"/><net_sink comp="228" pin=0"/></net>

<net id="235"><net_src comp="98" pin="0"/><net_sink comp="232" pin=0"/></net>

<net id="239"><net_src comp="98" pin="0"/><net_sink comp="236" pin=0"/></net>

<net id="243"><net_src comp="98" pin="0"/><net_sink comp="240" pin=0"/></net>

<net id="247"><net_src comp="98" pin="0"/><net_sink comp="244" pin=0"/></net>

<net id="251"><net_src comp="98" pin="0"/><net_sink comp="248" pin=0"/></net>

<net id="255"><net_src comp="98" pin="0"/><net_sink comp="252" pin=0"/></net>

<net id="259"><net_src comp="98" pin="0"/><net_sink comp="256" pin=0"/></net>

<net id="263"><net_src comp="98" pin="0"/><net_sink comp="260" pin=0"/></net>

<net id="267"><net_src comp="98" pin="0"/><net_sink comp="264" pin=0"/></net>

<net id="271"><net_src comp="98" pin="0"/><net_sink comp="268" pin=0"/></net>

<net id="275"><net_src comp="98" pin="0"/><net_sink comp="272" pin=0"/></net>

<net id="279"><net_src comp="98" pin="0"/><net_sink comp="276" pin=0"/></net>

<net id="283"><net_src comp="98" pin="0"/><net_sink comp="280" pin=0"/></net>

<net id="287"><net_src comp="98" pin="0"/><net_sink comp="284" pin=0"/></net>

<net id="291"><net_src comp="98" pin="0"/><net_sink comp="288" pin=0"/></net>

<net id="295"><net_src comp="98" pin="0"/><net_sink comp="292" pin=0"/></net>

<net id="300"><net_src comp="100" pin="0"/><net_sink comp="296" pin=0"/></net>

<net id="301"><net_src comp="64" pin="0"/><net_sink comp="296" pin=1"/></net>

<net id="306"><net_src comp="100" pin="0"/><net_sink comp="302" pin=0"/></net>

<net id="307"><net_src comp="62" pin="0"/><net_sink comp="302" pin=1"/></net>

<net id="312"><net_src comp="100" pin="0"/><net_sink comp="308" pin=0"/></net>

<net id="313"><net_src comp="60" pin="0"/><net_sink comp="308" pin=1"/></net>

<net id="318"><net_src comp="100" pin="0"/><net_sink comp="314" pin=0"/></net>

<net id="319"><net_src comp="58" pin="0"/><net_sink comp="314" pin=1"/></net>

<net id="324"><net_src comp="100" pin="0"/><net_sink comp="320" pin=0"/></net>

<net id="325"><net_src comp="56" pin="0"/><net_sink comp="320" pin=1"/></net>

<net id="330"><net_src comp="100" pin="0"/><net_sink comp="326" pin=0"/></net>

<net id="331"><net_src comp="54" pin="0"/><net_sink comp="326" pin=1"/></net>

<net id="336"><net_src comp="100" pin="0"/><net_sink comp="332" pin=0"/></net>

<net id="337"><net_src comp="52" pin="0"/><net_sink comp="332" pin=1"/></net>

<net id="342"><net_src comp="100" pin="0"/><net_sink comp="338" pin=0"/></net>

<net id="343"><net_src comp="50" pin="0"/><net_sink comp="338" pin=1"/></net>

<net id="348"><net_src comp="100" pin="0"/><net_sink comp="344" pin=0"/></net>

<net id="349"><net_src comp="48" pin="0"/><net_sink comp="344" pin=1"/></net>

<net id="354"><net_src comp="100" pin="0"/><net_sink comp="350" pin=0"/></net>

<net id="355"><net_src comp="46" pin="0"/><net_sink comp="350" pin=1"/></net>

<net id="360"><net_src comp="100" pin="0"/><net_sink comp="356" pin=0"/></net>

<net id="361"><net_src comp="44" pin="0"/><net_sink comp="356" pin=1"/></net>

<net id="366"><net_src comp="100" pin="0"/><net_sink comp="362" pin=0"/></net>

<net id="367"><net_src comp="42" pin="0"/><net_sink comp="362" pin=1"/></net>

<net id="372"><net_src comp="100" pin="0"/><net_sink comp="368" pin=0"/></net>

<net id="373"><net_src comp="40" pin="0"/><net_sink comp="368" pin=1"/></net>

<net id="378"><net_src comp="100" pin="0"/><net_sink comp="374" pin=0"/></net>

<net id="379"><net_src comp="38" pin="0"/><net_sink comp="374" pin=1"/></net>

<net id="384"><net_src comp="100" pin="0"/><net_sink comp="380" pin=0"/></net>

<net id="385"><net_src comp="36" pin="0"/><net_sink comp="380" pin=1"/></net>

<net id="390"><net_src comp="100" pin="0"/><net_sink comp="386" pin=0"/></net>

<net id="391"><net_src comp="34" pin="0"/><net_sink comp="386" pin=1"/></net>

<net id="396"><net_src comp="102" pin="0"/><net_sink comp="392" pin=0"/></net>

<net id="397"><net_src comp="32" pin="0"/><net_sink comp="392" pin=1"/></net>

<net id="402"><net_src comp="102" pin="0"/><net_sink comp="398" pin=0"/></net>

<net id="403"><net_src comp="30" pin="0"/><net_sink comp="398" pin=1"/></net>

<net id="408"><net_src comp="102" pin="0"/><net_sink comp="404" pin=0"/></net>

<net id="409"><net_src comp="28" pin="0"/><net_sink comp="404" pin=1"/></net>

<net id="414"><net_src comp="102" pin="0"/><net_sink comp="410" pin=0"/></net>

<net id="415"><net_src comp="26" pin="0"/><net_sink comp="410" pin=1"/></net>

<net id="420"><net_src comp="102" pin="0"/><net_sink comp="416" pin=0"/></net>

<net id="421"><net_src comp="24" pin="0"/><net_sink comp="416" pin=1"/></net>

<net id="426"><net_src comp="102" pin="0"/><net_sink comp="422" pin=0"/></net>

<net id="427"><net_src comp="22" pin="0"/><net_sink comp="422" pin=1"/></net>

<net id="432"><net_src comp="102" pin="0"/><net_sink comp="428" pin=0"/></net>

<net id="433"><net_src comp="20" pin="0"/><net_sink comp="428" pin=1"/></net>

<net id="438"><net_src comp="102" pin="0"/><net_sink comp="434" pin=0"/></net>

<net id="439"><net_src comp="18" pin="0"/><net_sink comp="434" pin=1"/></net>

<net id="444"><net_src comp="102" pin="0"/><net_sink comp="440" pin=0"/></net>

<net id="445"><net_src comp="16" pin="0"/><net_sink comp="440" pin=1"/></net>

<net id="450"><net_src comp="102" pin="0"/><net_sink comp="446" pin=0"/></net>

<net id="451"><net_src comp="14" pin="0"/><net_sink comp="446" pin=1"/></net>

<net id="456"><net_src comp="102" pin="0"/><net_sink comp="452" pin=0"/></net>

<net id="457"><net_src comp="12" pin="0"/><net_sink comp="452" pin=1"/></net>

<net id="462"><net_src comp="102" pin="0"/><net_sink comp="458" pin=0"/></net>

<net id="463"><net_src comp="10" pin="0"/><net_sink comp="458" pin=1"/></net>

<net id="468"><net_src comp="102" pin="0"/><net_sink comp="464" pin=0"/></net>

<net id="469"><net_src comp="8" pin="0"/><net_sink comp="464" pin=1"/></net>

<net id="474"><net_src comp="102" pin="0"/><net_sink comp="470" pin=0"/></net>

<net id="475"><net_src comp="6" pin="0"/><net_sink comp="470" pin=1"/></net>

<net id="480"><net_src comp="102" pin="0"/><net_sink comp="476" pin=0"/></net>

<net id="481"><net_src comp="4" pin="0"/><net_sink comp="476" pin=1"/></net>

<net id="486"><net_src comp="102" pin="0"/><net_sink comp="482" pin=0"/></net>

<net id="487"><net_src comp="2" pin="0"/><net_sink comp="482" pin=1"/></net>

<net id="492"><net_src comp="102" pin="0"/><net_sink comp="488" pin=0"/></net>

<net id="493"><net_src comp="0" pin="0"/><net_sink comp="488" pin=1"/></net>

<net id="499"><net_src comp="226" pin="0"/><net_sink comp="494" pin=0"/></net>

<net id="500"><net_src comp="66" pin="0"/><net_sink comp="494" pin=1"/></net>

<net id="506"><net_src comp="226" pin="0"/><net_sink comp="501" pin=0"/></net>

<net id="507"><net_src comp="68" pin="0"/><net_sink comp="501" pin=1"/></net>

<net id="513"><net_src comp="226" pin="0"/><net_sink comp="508" pin=0"/></net>

<net id="514"><net_src comp="70" pin="0"/><net_sink comp="508" pin=1"/></net>

<net id="520"><net_src comp="226" pin="0"/><net_sink comp="515" pin=0"/></net>

<net id="521"><net_src comp="72" pin="0"/><net_sink comp="515" pin=1"/></net>

<net id="527"><net_src comp="226" pin="0"/><net_sink comp="522" pin=0"/></net>

<net id="528"><net_src comp="74" pin="0"/><net_sink comp="522" pin=1"/></net>

<net id="534"><net_src comp="226" pin="0"/><net_sink comp="529" pin=0"/></net>

<net id="535"><net_src comp="76" pin="0"/><net_sink comp="529" pin=1"/></net>

<net id="541"><net_src comp="226" pin="0"/><net_sink comp="536" pin=0"/></net>

<net id="542"><net_src comp="78" pin="0"/><net_sink comp="536" pin=1"/></net>

<net id="548"><net_src comp="226" pin="0"/><net_sink comp="543" pin=0"/></net>

<net id="549"><net_src comp="80" pin="0"/><net_sink comp="543" pin=1"/></net>

<net id="555"><net_src comp="226" pin="0"/><net_sink comp="550" pin=0"/></net>

<net id="556"><net_src comp="82" pin="0"/><net_sink comp="550" pin=1"/></net>

<net id="562"><net_src comp="226" pin="0"/><net_sink comp="557" pin=0"/></net>

<net id="563"><net_src comp="84" pin="0"/><net_sink comp="557" pin=1"/></net>

<net id="569"><net_src comp="226" pin="0"/><net_sink comp="564" pin=0"/></net>

<net id="570"><net_src comp="86" pin="0"/><net_sink comp="564" pin=1"/></net>

<net id="576"><net_src comp="226" pin="0"/><net_sink comp="571" pin=0"/></net>

<net id="577"><net_src comp="88" pin="0"/><net_sink comp="571" pin=1"/></net>

<net id="583"><net_src comp="226" pin="0"/><net_sink comp="578" pin=0"/></net>

<net id="584"><net_src comp="90" pin="0"/><net_sink comp="578" pin=1"/></net>

<net id="590"><net_src comp="226" pin="0"/><net_sink comp="585" pin=0"/></net>

<net id="591"><net_src comp="92" pin="0"/><net_sink comp="585" pin=1"/></net>

<net id="597"><net_src comp="226" pin="0"/><net_sink comp="592" pin=0"/></net>

<net id="598"><net_src comp="94" pin="0"/><net_sink comp="592" pin=1"/></net>

<net id="604"><net_src comp="226" pin="0"/><net_sink comp="599" pin=0"/></net>

<net id="605"><net_src comp="96" pin="0"/><net_sink comp="599" pin=1"/></net>

<net id="674"><net_src comp="488" pin="2"/><net_sink comp="670" pin=0"/></net>

<net id="679"><net_src comp="482" pin="2"/><net_sink comp="675" pin=0"/></net>

<net id="684"><net_src comp="476" pin="2"/><net_sink comp="680" pin=0"/></net>

<net id="689"><net_src comp="470" pin="2"/><net_sink comp="685" pin=0"/></net>

<net id="694"><net_src comp="464" pin="2"/><net_sink comp="690" pin=0"/></net>

<net id="699"><net_src comp="458" pin="2"/><net_sink comp="695" pin=0"/></net>

<net id="704"><net_src comp="452" pin="2"/><net_sink comp="700" pin=0"/></net>

<net id="709"><net_src comp="446" pin="2"/><net_sink comp="705" pin=0"/></net>

<net id="714"><net_src comp="440" pin="2"/><net_sink comp="710" pin=0"/></net>

<net id="719"><net_src comp="434" pin="2"/><net_sink comp="715" pin=0"/></net>

<net id="724"><net_src comp="428" pin="2"/><net_sink comp="720" pin=0"/></net>

<net id="729"><net_src comp="422" pin="2"/><net_sink comp="725" pin=0"/></net>

<net id="734"><net_src comp="416" pin="2"/><net_sink comp="730" pin=0"/></net>

<net id="739"><net_src comp="410" pin="2"/><net_sink comp="735" pin=0"/></net>

<net id="744"><net_src comp="404" pin="2"/><net_sink comp="740" pin=0"/></net>

<net id="749"><net_src comp="398" pin="2"/><net_sink comp="745" pin=0"/></net>

<net id="754"><net_src comp="104" pin="0"/><net_sink comp="750" pin=0"/></net>

<net id="762"><net_src comp="755" pin="1"/><net_sink comp="758" pin=0"/></net>

<net id="763"><net_src comp="106" pin="0"/><net_sink comp="758" pin=1"/></net>

<net id="768"><net_src comp="755" pin="1"/><net_sink comp="764" pin=0"/></net>

<net id="769"><net_src comp="108" pin="0"/><net_sink comp="764" pin=1"/></net>

<net id="773"><net_src comp="755" pin="1"/><net_sink comp="770" pin=0"/></net>

<net id="779"><net_src comp="110" pin="0"/><net_sink comp="774" pin=0"/></net>

<net id="780"><net_src comp="770" pin="1"/><net_sink comp="774" pin=1"/></net>

<net id="781"><net_src comp="104" pin="0"/><net_sink comp="774" pin=2"/></net>

<net id="785"><net_src comp="774" pin="3"/><net_sink comp="782" pin=0"/></net>

<net id="790"><net_src comp="392" pin="2"/><net_sink comp="786" pin=0"/></net>

<net id="791"><net_src comp="782" pin="1"/><net_sink comp="786" pin=1"/></net>

<net id="795"><net_src comp="786" pin="2"/><net_sink comp="792" pin=0"/></net>

<net id="814"><net_src comp="770" pin="1"/><net_sink comp="796" pin=0"/></net>

<net id="815"><net_src comp="112" pin="0"/><net_sink comp="796" pin=1"/></net>

<net id="816"><net_src comp="114" pin="0"/><net_sink comp="796" pin=2"/></net>

<net id="817"><net_src comp="116" pin="0"/><net_sink comp="796" pin=3"/></net>

<net id="818"><net_src comp="118" pin="0"/><net_sink comp="796" pin=4"/></net>

<net id="819"><net_src comp="120" pin="0"/><net_sink comp="796" pin=5"/></net>

<net id="820"><net_src comp="122" pin="0"/><net_sink comp="796" pin=6"/></net>

<net id="821"><net_src comp="124" pin="0"/><net_sink comp="796" pin=7"/></net>

<net id="822"><net_src comp="126" pin="0"/><net_sink comp="796" pin=8"/></net>

<net id="823"><net_src comp="128" pin="0"/><net_sink comp="796" pin=9"/></net>

<net id="824"><net_src comp="130" pin="0"/><net_sink comp="796" pin=10"/></net>

<net id="825"><net_src comp="132" pin="0"/><net_sink comp="796" pin=11"/></net>

<net id="826"><net_src comp="134" pin="0"/><net_sink comp="796" pin=12"/></net>

<net id="827"><net_src comp="136" pin="0"/><net_sink comp="796" pin=13"/></net>

<net id="828"><net_src comp="138" pin="0"/><net_sink comp="796" pin=14"/></net>

<net id="829"><net_src comp="140" pin="0"/><net_sink comp="796" pin=15"/></net>

<net id="834"><net_src comp="764" pin="2"/><net_sink comp="830" pin=0"/></net>

<net id="886"><net_src comp="835" pin="1"/><net_sink comp="883" pin=0"/></net>

<net id="890"><net_src comp="838" pin="1"/><net_sink comp="887" pin=0"/></net>

<net id="894"><net_src comp="841" pin="1"/><net_sink comp="891" pin=0"/></net>

<net id="898"><net_src comp="844" pin="1"/><net_sink comp="895" pin=0"/></net>

<net id="902"><net_src comp="847" pin="1"/><net_sink comp="899" pin=0"/></net>

<net id="906"><net_src comp="850" pin="1"/><net_sink comp="903" pin=0"/></net>

<net id="910"><net_src comp="853" pin="1"/><net_sink comp="907" pin=0"/></net>

<net id="914"><net_src comp="856" pin="1"/><net_sink comp="911" pin=0"/></net>

<net id="918"><net_src comp="859" pin="1"/><net_sink comp="915" pin=0"/></net>

<net id="922"><net_src comp="862" pin="1"/><net_sink comp="919" pin=0"/></net>

<net id="926"><net_src comp="865" pin="1"/><net_sink comp="923" pin=0"/></net>

<net id="930"><net_src comp="868" pin="1"/><net_sink comp="927" pin=0"/></net>

<net id="934"><net_src comp="871" pin="1"/><net_sink comp="931" pin=0"/></net>

<net id="938"><net_src comp="874" pin="1"/><net_sink comp="935" pin=0"/></net>

<net id="942"><net_src comp="877" pin="1"/><net_sink comp="939" pin=0"/></net>

<net id="946"><net_src comp="880" pin="1"/><net_sink comp="943" pin=0"/></net>

<net id="984"><net_src comp="156" pin="0"/><net_sink comp="947" pin=0"/></net>

<net id="985"><net_src comp="112" pin="0"/><net_sink comp="947" pin=1"/></net>

<net id="986"><net_src comp="883" pin="1"/><net_sink comp="947" pin=2"/></net>

<net id="987"><net_src comp="114" pin="0"/><net_sink comp="947" pin=3"/></net>

<net id="988"><net_src comp="887" pin="1"/><net_sink comp="947" pin=4"/></net>

<net id="989"><net_src comp="116" pin="0"/><net_sink comp="947" pin=5"/></net>

<net id="990"><net_src comp="891" pin="1"/><net_sink comp="947" pin=6"/></net>

<net id="991"><net_src comp="118" pin="0"/><net_sink comp="947" pin=7"/></net>

<net id="992"><net_src comp="895" pin="1"/><net_sink comp="947" pin=8"/></net>

<net id="993"><net_src comp="120" pin="0"/><net_sink comp="947" pin=9"/></net>

<net id="994"><net_src comp="899" pin="1"/><net_sink comp="947" pin=10"/></net>

<net id="995"><net_src comp="122" pin="0"/><net_sink comp="947" pin=11"/></net>

<net id="996"><net_src comp="903" pin="1"/><net_sink comp="947" pin=12"/></net>

<net id="997"><net_src comp="124" pin="0"/><net_sink comp="947" pin=13"/></net>

<net id="998"><net_src comp="907" pin="1"/><net_sink comp="947" pin=14"/></net>

<net id="999"><net_src comp="126" pin="0"/><net_sink comp="947" pin=15"/></net>

<net id="1000"><net_src comp="911" pin="1"/><net_sink comp="947" pin=16"/></net>

<net id="1001"><net_src comp="128" pin="0"/><net_sink comp="947" pin=17"/></net>

<net id="1002"><net_src comp="915" pin="1"/><net_sink comp="947" pin=18"/></net>

<net id="1003"><net_src comp="130" pin="0"/><net_sink comp="947" pin=19"/></net>

<net id="1004"><net_src comp="919" pin="1"/><net_sink comp="947" pin=20"/></net>

<net id="1005"><net_src comp="132" pin="0"/><net_sink comp="947" pin=21"/></net>

<net id="1006"><net_src comp="923" pin="1"/><net_sink comp="947" pin=22"/></net>

<net id="1007"><net_src comp="134" pin="0"/><net_sink comp="947" pin=23"/></net>

<net id="1008"><net_src comp="927" pin="1"/><net_sink comp="947" pin=24"/></net>

<net id="1009"><net_src comp="136" pin="0"/><net_sink comp="947" pin=25"/></net>

<net id="1010"><net_src comp="931" pin="1"/><net_sink comp="947" pin=26"/></net>

<net id="1011"><net_src comp="138" pin="0"/><net_sink comp="947" pin=27"/></net>

<net id="1012"><net_src comp="935" pin="1"/><net_sink comp="947" pin=28"/></net>

<net id="1013"><net_src comp="140" pin="0"/><net_sink comp="947" pin=29"/></net>

<net id="1014"><net_src comp="939" pin="1"/><net_sink comp="947" pin=30"/></net>

<net id="1015"><net_src comp="158" pin="0"/><net_sink comp="947" pin=31"/></net>

<net id="1016"><net_src comp="943" pin="1"/><net_sink comp="947" pin=32"/></net>

<net id="1017"><net_src comp="160" pin="0"/><net_sink comp="947" pin=33"/></net>

<net id="1022"><net_src comp="947" pin="35"/><net_sink comp="1018" pin=0"/></net>

<net id="1029"><net_src comp="162" pin="0"/><net_sink comp="1023" pin=0"/></net>

<net id="1030"><net_src comp="835" pin="1"/><net_sink comp="1023" pin=1"/></net>

<net id="1031"><net_src comp="164" pin="0"/><net_sink comp="1023" pin=2"/></net>

<net id="1032"><net_src comp="166" pin="0"/><net_sink comp="1023" pin=3"/></net>

<net id="1039"><net_src comp="162" pin="0"/><net_sink comp="1033" pin=0"/></net>

<net id="1040"><net_src comp="838" pin="1"/><net_sink comp="1033" pin=1"/></net>

<net id="1041"><net_src comp="164" pin="0"/><net_sink comp="1033" pin=2"/></net>

<net id="1042"><net_src comp="166" pin="0"/><net_sink comp="1033" pin=3"/></net>

<net id="1049"><net_src comp="162" pin="0"/><net_sink comp="1043" pin=0"/></net>

<net id="1050"><net_src comp="841" pin="1"/><net_sink comp="1043" pin=1"/></net>

<net id="1051"><net_src comp="164" pin="0"/><net_sink comp="1043" pin=2"/></net>

<net id="1052"><net_src comp="166" pin="0"/><net_sink comp="1043" pin=3"/></net>

<net id="1059"><net_src comp="162" pin="0"/><net_sink comp="1053" pin=0"/></net>

<net id="1060"><net_src comp="844" pin="1"/><net_sink comp="1053" pin=1"/></net>

<net id="1061"><net_src comp="164" pin="0"/><net_sink comp="1053" pin=2"/></net>

<net id="1062"><net_src comp="166" pin="0"/><net_sink comp="1053" pin=3"/></net>

<net id="1069"><net_src comp="162" pin="0"/><net_sink comp="1063" pin=0"/></net>

<net id="1070"><net_src comp="847" pin="1"/><net_sink comp="1063" pin=1"/></net>

<net id="1071"><net_src comp="164" pin="0"/><net_sink comp="1063" pin=2"/></net>

<net id="1072"><net_src comp="166" pin="0"/><net_sink comp="1063" pin=3"/></net>

<net id="1079"><net_src comp="162" pin="0"/><net_sink comp="1073" pin=0"/></net>

<net id="1080"><net_src comp="850" pin="1"/><net_sink comp="1073" pin=1"/></net>

<net id="1081"><net_src comp="164" pin="0"/><net_sink comp="1073" pin=2"/></net>

<net id="1082"><net_src comp="166" pin="0"/><net_sink comp="1073" pin=3"/></net>

<net id="1089"><net_src comp="162" pin="0"/><net_sink comp="1083" pin=0"/></net>

<net id="1090"><net_src comp="853" pin="1"/><net_sink comp="1083" pin=1"/></net>

<net id="1091"><net_src comp="164" pin="0"/><net_sink comp="1083" pin=2"/></net>

<net id="1092"><net_src comp="166" pin="0"/><net_sink comp="1083" pin=3"/></net>

<net id="1099"><net_src comp="162" pin="0"/><net_sink comp="1093" pin=0"/></net>

<net id="1100"><net_src comp="856" pin="1"/><net_sink comp="1093" pin=1"/></net>

<net id="1101"><net_src comp="164" pin="0"/><net_sink comp="1093" pin=2"/></net>

<net id="1102"><net_src comp="166" pin="0"/><net_sink comp="1093" pin=3"/></net>

<net id="1109"><net_src comp="162" pin="0"/><net_sink comp="1103" pin=0"/></net>

<net id="1110"><net_src comp="859" pin="1"/><net_sink comp="1103" pin=1"/></net>

<net id="1111"><net_src comp="164" pin="0"/><net_sink comp="1103" pin=2"/></net>

<net id="1112"><net_src comp="166" pin="0"/><net_sink comp="1103" pin=3"/></net>

<net id="1119"><net_src comp="162" pin="0"/><net_sink comp="1113" pin=0"/></net>

<net id="1120"><net_src comp="862" pin="1"/><net_sink comp="1113" pin=1"/></net>

<net id="1121"><net_src comp="164" pin="0"/><net_sink comp="1113" pin=2"/></net>

<net id="1122"><net_src comp="166" pin="0"/><net_sink comp="1113" pin=3"/></net>

<net id="1129"><net_src comp="162" pin="0"/><net_sink comp="1123" pin=0"/></net>

<net id="1130"><net_src comp="865" pin="1"/><net_sink comp="1123" pin=1"/></net>

<net id="1131"><net_src comp="164" pin="0"/><net_sink comp="1123" pin=2"/></net>

<net id="1132"><net_src comp="166" pin="0"/><net_sink comp="1123" pin=3"/></net>

<net id="1139"><net_src comp="162" pin="0"/><net_sink comp="1133" pin=0"/></net>

<net id="1140"><net_src comp="868" pin="1"/><net_sink comp="1133" pin=1"/></net>

<net id="1141"><net_src comp="164" pin="0"/><net_sink comp="1133" pin=2"/></net>

<net id="1142"><net_src comp="166" pin="0"/><net_sink comp="1133" pin=3"/></net>

<net id="1149"><net_src comp="162" pin="0"/><net_sink comp="1143" pin=0"/></net>

<net id="1150"><net_src comp="871" pin="1"/><net_sink comp="1143" pin=1"/></net>

<net id="1151"><net_src comp="164" pin="0"/><net_sink comp="1143" pin=2"/></net>

<net id="1152"><net_src comp="166" pin="0"/><net_sink comp="1143" pin=3"/></net>

<net id="1159"><net_src comp="162" pin="0"/><net_sink comp="1153" pin=0"/></net>

<net id="1160"><net_src comp="874" pin="1"/><net_sink comp="1153" pin=1"/></net>

<net id="1161"><net_src comp="164" pin="0"/><net_sink comp="1153" pin=2"/></net>

<net id="1162"><net_src comp="166" pin="0"/><net_sink comp="1153" pin=3"/></net>

<net id="1169"><net_src comp="162" pin="0"/><net_sink comp="1163" pin=0"/></net>

<net id="1170"><net_src comp="877" pin="1"/><net_sink comp="1163" pin=1"/></net>

<net id="1171"><net_src comp="164" pin="0"/><net_sink comp="1163" pin=2"/></net>

<net id="1172"><net_src comp="166" pin="0"/><net_sink comp="1163" pin=3"/></net>

<net id="1179"><net_src comp="162" pin="0"/><net_sink comp="1173" pin=0"/></net>

<net id="1180"><net_src comp="880" pin="1"/><net_sink comp="1173" pin=1"/></net>

<net id="1181"><net_src comp="164" pin="0"/><net_sink comp="1173" pin=2"/></net>

<net id="1182"><net_src comp="166" pin="0"/><net_sink comp="1173" pin=3"/></net>

<net id="1220"><net_src comp="156" pin="0"/><net_sink comp="1183" pin=0"/></net>

<net id="1221"><net_src comp="112" pin="0"/><net_sink comp="1183" pin=1"/></net>

<net id="1222"><net_src comp="1023" pin="4"/><net_sink comp="1183" pin=2"/></net>

<net id="1223"><net_src comp="114" pin="0"/><net_sink comp="1183" pin=3"/></net>

<net id="1224"><net_src comp="1033" pin="4"/><net_sink comp="1183" pin=4"/></net>

<net id="1225"><net_src comp="116" pin="0"/><net_sink comp="1183" pin=5"/></net>

<net id="1226"><net_src comp="1043" pin="4"/><net_sink comp="1183" pin=6"/></net>

<net id="1227"><net_src comp="118" pin="0"/><net_sink comp="1183" pin=7"/></net>

<net id="1228"><net_src comp="1053" pin="4"/><net_sink comp="1183" pin=8"/></net>

<net id="1229"><net_src comp="120" pin="0"/><net_sink comp="1183" pin=9"/></net>

<net id="1230"><net_src comp="1063" pin="4"/><net_sink comp="1183" pin=10"/></net>

<net id="1231"><net_src comp="122" pin="0"/><net_sink comp="1183" pin=11"/></net>

<net id="1232"><net_src comp="1073" pin="4"/><net_sink comp="1183" pin=12"/></net>

<net id="1233"><net_src comp="124" pin="0"/><net_sink comp="1183" pin=13"/></net>

<net id="1234"><net_src comp="1083" pin="4"/><net_sink comp="1183" pin=14"/></net>

<net id="1235"><net_src comp="126" pin="0"/><net_sink comp="1183" pin=15"/></net>

<net id="1236"><net_src comp="1093" pin="4"/><net_sink comp="1183" pin=16"/></net>

<net id="1237"><net_src comp="128" pin="0"/><net_sink comp="1183" pin=17"/></net>

<net id="1238"><net_src comp="1103" pin="4"/><net_sink comp="1183" pin=18"/></net>

<net id="1239"><net_src comp="130" pin="0"/><net_sink comp="1183" pin=19"/></net>

<net id="1240"><net_src comp="1113" pin="4"/><net_sink comp="1183" pin=20"/></net>

<net id="1241"><net_src comp="132" pin="0"/><net_sink comp="1183" pin=21"/></net>

<net id="1242"><net_src comp="1123" pin="4"/><net_sink comp="1183" pin=22"/></net>

<net id="1243"><net_src comp="134" pin="0"/><net_sink comp="1183" pin=23"/></net>

<net id="1244"><net_src comp="1133" pin="4"/><net_sink comp="1183" pin=24"/></net>

<net id="1245"><net_src comp="136" pin="0"/><net_sink comp="1183" pin=25"/></net>

<net id="1246"><net_src comp="1143" pin="4"/><net_sink comp="1183" pin=26"/></net>

<net id="1247"><net_src comp="138" pin="0"/><net_sink comp="1183" pin=27"/></net>

<net id="1248"><net_src comp="1153" pin="4"/><net_sink comp="1183" pin=28"/></net>

<net id="1249"><net_src comp="140" pin="0"/><net_sink comp="1183" pin=29"/></net>

<net id="1250"><net_src comp="1163" pin="4"/><net_sink comp="1183" pin=30"/></net>

<net id="1251"><net_src comp="158" pin="0"/><net_sink comp="1183" pin=31"/></net>

<net id="1252"><net_src comp="1173" pin="4"/><net_sink comp="1183" pin=32"/></net>

<net id="1253"><net_src comp="160" pin="0"/><net_sink comp="1183" pin=33"/></net>

<net id="1258"><net_src comp="1183" pin="35"/><net_sink comp="1254" pin=0"/></net>

<net id="1265"><net_src comp="162" pin="0"/><net_sink comp="1259" pin=0"/></net>

<net id="1266"><net_src comp="835" pin="1"/><net_sink comp="1259" pin=1"/></net>

<net id="1267"><net_src comp="168" pin="0"/><net_sink comp="1259" pin=2"/></net>

<net id="1268"><net_src comp="170" pin="0"/><net_sink comp="1259" pin=3"/></net>

<net id="1275"><net_src comp="162" pin="0"/><net_sink comp="1269" pin=0"/></net>

<net id="1276"><net_src comp="838" pin="1"/><net_sink comp="1269" pin=1"/></net>

<net id="1277"><net_src comp="168" pin="0"/><net_sink comp="1269" pin=2"/></net>

<net id="1278"><net_src comp="170" pin="0"/><net_sink comp="1269" pin=3"/></net>

<net id="1285"><net_src comp="162" pin="0"/><net_sink comp="1279" pin=0"/></net>

<net id="1286"><net_src comp="841" pin="1"/><net_sink comp="1279" pin=1"/></net>

<net id="1287"><net_src comp="168" pin="0"/><net_sink comp="1279" pin=2"/></net>

<net id="1288"><net_src comp="170" pin="0"/><net_sink comp="1279" pin=3"/></net>

<net id="1295"><net_src comp="162" pin="0"/><net_sink comp="1289" pin=0"/></net>

<net id="1296"><net_src comp="844" pin="1"/><net_sink comp="1289" pin=1"/></net>

<net id="1297"><net_src comp="168" pin="0"/><net_sink comp="1289" pin=2"/></net>

<net id="1298"><net_src comp="170" pin="0"/><net_sink comp="1289" pin=3"/></net>

<net id="1305"><net_src comp="162" pin="0"/><net_sink comp="1299" pin=0"/></net>

<net id="1306"><net_src comp="847" pin="1"/><net_sink comp="1299" pin=1"/></net>

<net id="1307"><net_src comp="168" pin="0"/><net_sink comp="1299" pin=2"/></net>

<net id="1308"><net_src comp="170" pin="0"/><net_sink comp="1299" pin=3"/></net>

<net id="1315"><net_src comp="162" pin="0"/><net_sink comp="1309" pin=0"/></net>

<net id="1316"><net_src comp="850" pin="1"/><net_sink comp="1309" pin=1"/></net>

<net id="1317"><net_src comp="168" pin="0"/><net_sink comp="1309" pin=2"/></net>

<net id="1318"><net_src comp="170" pin="0"/><net_sink comp="1309" pin=3"/></net>

<net id="1325"><net_src comp="162" pin="0"/><net_sink comp="1319" pin=0"/></net>

<net id="1326"><net_src comp="853" pin="1"/><net_sink comp="1319" pin=1"/></net>

<net id="1327"><net_src comp="168" pin="0"/><net_sink comp="1319" pin=2"/></net>

<net id="1328"><net_src comp="170" pin="0"/><net_sink comp="1319" pin=3"/></net>

<net id="1335"><net_src comp="162" pin="0"/><net_sink comp="1329" pin=0"/></net>

<net id="1336"><net_src comp="856" pin="1"/><net_sink comp="1329" pin=1"/></net>

<net id="1337"><net_src comp="168" pin="0"/><net_sink comp="1329" pin=2"/></net>

<net id="1338"><net_src comp="170" pin="0"/><net_sink comp="1329" pin=3"/></net>

<net id="1345"><net_src comp="162" pin="0"/><net_sink comp="1339" pin=0"/></net>

<net id="1346"><net_src comp="859" pin="1"/><net_sink comp="1339" pin=1"/></net>

<net id="1347"><net_src comp="168" pin="0"/><net_sink comp="1339" pin=2"/></net>

<net id="1348"><net_src comp="170" pin="0"/><net_sink comp="1339" pin=3"/></net>

<net id="1355"><net_src comp="162" pin="0"/><net_sink comp="1349" pin=0"/></net>

<net id="1356"><net_src comp="862" pin="1"/><net_sink comp="1349" pin=1"/></net>

<net id="1357"><net_src comp="168" pin="0"/><net_sink comp="1349" pin=2"/></net>

<net id="1358"><net_src comp="170" pin="0"/><net_sink comp="1349" pin=3"/></net>

<net id="1365"><net_src comp="162" pin="0"/><net_sink comp="1359" pin=0"/></net>

<net id="1366"><net_src comp="865" pin="1"/><net_sink comp="1359" pin=1"/></net>

<net id="1367"><net_src comp="168" pin="0"/><net_sink comp="1359" pin=2"/></net>

<net id="1368"><net_src comp="170" pin="0"/><net_sink comp="1359" pin=3"/></net>

<net id="1375"><net_src comp="162" pin="0"/><net_sink comp="1369" pin=0"/></net>

<net id="1376"><net_src comp="868" pin="1"/><net_sink comp="1369" pin=1"/></net>

<net id="1377"><net_src comp="168" pin="0"/><net_sink comp="1369" pin=2"/></net>

<net id="1378"><net_src comp="170" pin="0"/><net_sink comp="1369" pin=3"/></net>

<net id="1385"><net_src comp="162" pin="0"/><net_sink comp="1379" pin=0"/></net>

<net id="1386"><net_src comp="871" pin="1"/><net_sink comp="1379" pin=1"/></net>

<net id="1387"><net_src comp="168" pin="0"/><net_sink comp="1379" pin=2"/></net>

<net id="1388"><net_src comp="170" pin="0"/><net_sink comp="1379" pin=3"/></net>

<net id="1395"><net_src comp="162" pin="0"/><net_sink comp="1389" pin=0"/></net>

<net id="1396"><net_src comp="874" pin="1"/><net_sink comp="1389" pin=1"/></net>

<net id="1397"><net_src comp="168" pin="0"/><net_sink comp="1389" pin=2"/></net>

<net id="1398"><net_src comp="170" pin="0"/><net_sink comp="1389" pin=3"/></net>

<net id="1405"><net_src comp="162" pin="0"/><net_sink comp="1399" pin=0"/></net>

<net id="1406"><net_src comp="877" pin="1"/><net_sink comp="1399" pin=1"/></net>

<net id="1407"><net_src comp="168" pin="0"/><net_sink comp="1399" pin=2"/></net>

<net id="1408"><net_src comp="170" pin="0"/><net_sink comp="1399" pin=3"/></net>

<net id="1415"><net_src comp="162" pin="0"/><net_sink comp="1409" pin=0"/></net>

<net id="1416"><net_src comp="880" pin="1"/><net_sink comp="1409" pin=1"/></net>

<net id="1417"><net_src comp="168" pin="0"/><net_sink comp="1409" pin=2"/></net>

<net id="1418"><net_src comp="170" pin="0"/><net_sink comp="1409" pin=3"/></net>

<net id="1456"><net_src comp="156" pin="0"/><net_sink comp="1419" pin=0"/></net>

<net id="1457"><net_src comp="112" pin="0"/><net_sink comp="1419" pin=1"/></net>

<net id="1458"><net_src comp="1259" pin="4"/><net_sink comp="1419" pin=2"/></net>

<net id="1459"><net_src comp="114" pin="0"/><net_sink comp="1419" pin=3"/></net>

<net id="1460"><net_src comp="1269" pin="4"/><net_sink comp="1419" pin=4"/></net>

<net id="1461"><net_src comp="116" pin="0"/><net_sink comp="1419" pin=5"/></net>

<net id="1462"><net_src comp="1279" pin="4"/><net_sink comp="1419" pin=6"/></net>

<net id="1463"><net_src comp="118" pin="0"/><net_sink comp="1419" pin=7"/></net>

<net id="1464"><net_src comp="1289" pin="4"/><net_sink comp="1419" pin=8"/></net>

<net id="1465"><net_src comp="120" pin="0"/><net_sink comp="1419" pin=9"/></net>

<net id="1466"><net_src comp="1299" pin="4"/><net_sink comp="1419" pin=10"/></net>

<net id="1467"><net_src comp="122" pin="0"/><net_sink comp="1419" pin=11"/></net>

<net id="1468"><net_src comp="1309" pin="4"/><net_sink comp="1419" pin=12"/></net>

<net id="1469"><net_src comp="124" pin="0"/><net_sink comp="1419" pin=13"/></net>

<net id="1470"><net_src comp="1319" pin="4"/><net_sink comp="1419" pin=14"/></net>

<net id="1471"><net_src comp="126" pin="0"/><net_sink comp="1419" pin=15"/></net>

<net id="1472"><net_src comp="1329" pin="4"/><net_sink comp="1419" pin=16"/></net>

<net id="1473"><net_src comp="128" pin="0"/><net_sink comp="1419" pin=17"/></net>

<net id="1474"><net_src comp="1339" pin="4"/><net_sink comp="1419" pin=18"/></net>

<net id="1475"><net_src comp="130" pin="0"/><net_sink comp="1419" pin=19"/></net>

<net id="1476"><net_src comp="1349" pin="4"/><net_sink comp="1419" pin=20"/></net>

<net id="1477"><net_src comp="132" pin="0"/><net_sink comp="1419" pin=21"/></net>

<net id="1478"><net_src comp="1359" pin="4"/><net_sink comp="1419" pin=22"/></net>

<net id="1479"><net_src comp="134" pin="0"/><net_sink comp="1419" pin=23"/></net>

<net id="1480"><net_src comp="1369" pin="4"/><net_sink comp="1419" pin=24"/></net>

<net id="1481"><net_src comp="136" pin="0"/><net_sink comp="1419" pin=25"/></net>

<net id="1482"><net_src comp="1379" pin="4"/><net_sink comp="1419" pin=26"/></net>

<net id="1483"><net_src comp="138" pin="0"/><net_sink comp="1419" pin=27"/></net>

<net id="1484"><net_src comp="1389" pin="4"/><net_sink comp="1419" pin=28"/></net>

<net id="1485"><net_src comp="140" pin="0"/><net_sink comp="1419" pin=29"/></net>

<net id="1486"><net_src comp="1399" pin="4"/><net_sink comp="1419" pin=30"/></net>

<net id="1487"><net_src comp="158" pin="0"/><net_sink comp="1419" pin=31"/></net>

<net id="1488"><net_src comp="1409" pin="4"/><net_sink comp="1419" pin=32"/></net>

<net id="1489"><net_src comp="160" pin="0"/><net_sink comp="1419" pin=33"/></net>

<net id="1494"><net_src comp="1419" pin="35"/><net_sink comp="1490" pin=0"/></net>

<net id="1501"><net_src comp="162" pin="0"/><net_sink comp="1495" pin=0"/></net>

<net id="1502"><net_src comp="835" pin="1"/><net_sink comp="1495" pin=1"/></net>

<net id="1503"><net_src comp="172" pin="0"/><net_sink comp="1495" pin=2"/></net>

<net id="1504"><net_src comp="174" pin="0"/><net_sink comp="1495" pin=3"/></net>

<net id="1511"><net_src comp="162" pin="0"/><net_sink comp="1505" pin=0"/></net>

<net id="1512"><net_src comp="838" pin="1"/><net_sink comp="1505" pin=1"/></net>

<net id="1513"><net_src comp="172" pin="0"/><net_sink comp="1505" pin=2"/></net>

<net id="1514"><net_src comp="174" pin="0"/><net_sink comp="1505" pin=3"/></net>

<net id="1521"><net_src comp="162" pin="0"/><net_sink comp="1515" pin=0"/></net>

<net id="1522"><net_src comp="841" pin="1"/><net_sink comp="1515" pin=1"/></net>

<net id="1523"><net_src comp="172" pin="0"/><net_sink comp="1515" pin=2"/></net>

<net id="1524"><net_src comp="174" pin="0"/><net_sink comp="1515" pin=3"/></net>

<net id="1531"><net_src comp="162" pin="0"/><net_sink comp="1525" pin=0"/></net>

<net id="1532"><net_src comp="844" pin="1"/><net_sink comp="1525" pin=1"/></net>

<net id="1533"><net_src comp="172" pin="0"/><net_sink comp="1525" pin=2"/></net>

<net id="1534"><net_src comp="174" pin="0"/><net_sink comp="1525" pin=3"/></net>

<net id="1541"><net_src comp="162" pin="0"/><net_sink comp="1535" pin=0"/></net>

<net id="1542"><net_src comp="847" pin="1"/><net_sink comp="1535" pin=1"/></net>

<net id="1543"><net_src comp="172" pin="0"/><net_sink comp="1535" pin=2"/></net>

<net id="1544"><net_src comp="174" pin="0"/><net_sink comp="1535" pin=3"/></net>

<net id="1551"><net_src comp="162" pin="0"/><net_sink comp="1545" pin=0"/></net>

<net id="1552"><net_src comp="850" pin="1"/><net_sink comp="1545" pin=1"/></net>

<net id="1553"><net_src comp="172" pin="0"/><net_sink comp="1545" pin=2"/></net>

<net id="1554"><net_src comp="174" pin="0"/><net_sink comp="1545" pin=3"/></net>

<net id="1561"><net_src comp="162" pin="0"/><net_sink comp="1555" pin=0"/></net>

<net id="1562"><net_src comp="853" pin="1"/><net_sink comp="1555" pin=1"/></net>

<net id="1563"><net_src comp="172" pin="0"/><net_sink comp="1555" pin=2"/></net>

<net id="1564"><net_src comp="174" pin="0"/><net_sink comp="1555" pin=3"/></net>

<net id="1571"><net_src comp="162" pin="0"/><net_sink comp="1565" pin=0"/></net>

<net id="1572"><net_src comp="856" pin="1"/><net_sink comp="1565" pin=1"/></net>

<net id="1573"><net_src comp="172" pin="0"/><net_sink comp="1565" pin=2"/></net>

<net id="1574"><net_src comp="174" pin="0"/><net_sink comp="1565" pin=3"/></net>

<net id="1581"><net_src comp="162" pin="0"/><net_sink comp="1575" pin=0"/></net>

<net id="1582"><net_src comp="859" pin="1"/><net_sink comp="1575" pin=1"/></net>

<net id="1583"><net_src comp="172" pin="0"/><net_sink comp="1575" pin=2"/></net>

<net id="1584"><net_src comp="174" pin="0"/><net_sink comp="1575" pin=3"/></net>

<net id="1591"><net_src comp="162" pin="0"/><net_sink comp="1585" pin=0"/></net>

<net id="1592"><net_src comp="862" pin="1"/><net_sink comp="1585" pin=1"/></net>

<net id="1593"><net_src comp="172" pin="0"/><net_sink comp="1585" pin=2"/></net>

<net id="1594"><net_src comp="174" pin="0"/><net_sink comp="1585" pin=3"/></net>

<net id="1601"><net_src comp="162" pin="0"/><net_sink comp="1595" pin=0"/></net>

<net id="1602"><net_src comp="865" pin="1"/><net_sink comp="1595" pin=1"/></net>

<net id="1603"><net_src comp="172" pin="0"/><net_sink comp="1595" pin=2"/></net>

<net id="1604"><net_src comp="174" pin="0"/><net_sink comp="1595" pin=3"/></net>

<net id="1611"><net_src comp="162" pin="0"/><net_sink comp="1605" pin=0"/></net>

<net id="1612"><net_src comp="868" pin="1"/><net_sink comp="1605" pin=1"/></net>

<net id="1613"><net_src comp="172" pin="0"/><net_sink comp="1605" pin=2"/></net>

<net id="1614"><net_src comp="174" pin="0"/><net_sink comp="1605" pin=3"/></net>

<net id="1621"><net_src comp="162" pin="0"/><net_sink comp="1615" pin=0"/></net>

<net id="1622"><net_src comp="871" pin="1"/><net_sink comp="1615" pin=1"/></net>

<net id="1623"><net_src comp="172" pin="0"/><net_sink comp="1615" pin=2"/></net>

<net id="1624"><net_src comp="174" pin="0"/><net_sink comp="1615" pin=3"/></net>

<net id="1631"><net_src comp="162" pin="0"/><net_sink comp="1625" pin=0"/></net>

<net id="1632"><net_src comp="874" pin="1"/><net_sink comp="1625" pin=1"/></net>

<net id="1633"><net_src comp="172" pin="0"/><net_sink comp="1625" pin=2"/></net>

<net id="1634"><net_src comp="174" pin="0"/><net_sink comp="1625" pin=3"/></net>

<net id="1641"><net_src comp="162" pin="0"/><net_sink comp="1635" pin=0"/></net>

<net id="1642"><net_src comp="877" pin="1"/><net_sink comp="1635" pin=1"/></net>

<net id="1643"><net_src comp="172" pin="0"/><net_sink comp="1635" pin=2"/></net>

<net id="1644"><net_src comp="174" pin="0"/><net_sink comp="1635" pin=3"/></net>

<net id="1651"><net_src comp="162" pin="0"/><net_sink comp="1645" pin=0"/></net>

<net id="1652"><net_src comp="880" pin="1"/><net_sink comp="1645" pin=1"/></net>

<net id="1653"><net_src comp="172" pin="0"/><net_sink comp="1645" pin=2"/></net>

<net id="1654"><net_src comp="174" pin="0"/><net_sink comp="1645" pin=3"/></net>

<net id="1692"><net_src comp="156" pin="0"/><net_sink comp="1655" pin=0"/></net>

<net id="1693"><net_src comp="112" pin="0"/><net_sink comp="1655" pin=1"/></net>

<net id="1694"><net_src comp="1495" pin="4"/><net_sink comp="1655" pin=2"/></net>

<net id="1695"><net_src comp="114" pin="0"/><net_sink comp="1655" pin=3"/></net>

<net id="1696"><net_src comp="1505" pin="4"/><net_sink comp="1655" pin=4"/></net>

<net id="1697"><net_src comp="116" pin="0"/><net_sink comp="1655" pin=5"/></net>

<net id="1698"><net_src comp="1515" pin="4"/><net_sink comp="1655" pin=6"/></net>

<net id="1699"><net_src comp="118" pin="0"/><net_sink comp="1655" pin=7"/></net>

<net id="1700"><net_src comp="1525" pin="4"/><net_sink comp="1655" pin=8"/></net>

<net id="1701"><net_src comp="120" pin="0"/><net_sink comp="1655" pin=9"/></net>

<net id="1702"><net_src comp="1535" pin="4"/><net_sink comp="1655" pin=10"/></net>

<net id="1703"><net_src comp="122" pin="0"/><net_sink comp="1655" pin=11"/></net>

<net id="1704"><net_src comp="1545" pin="4"/><net_sink comp="1655" pin=12"/></net>

<net id="1705"><net_src comp="124" pin="0"/><net_sink comp="1655" pin=13"/></net>

<net id="1706"><net_src comp="1555" pin="4"/><net_sink comp="1655" pin=14"/></net>

<net id="1707"><net_src comp="126" pin="0"/><net_sink comp="1655" pin=15"/></net>

<net id="1708"><net_src comp="1565" pin="4"/><net_sink comp="1655" pin=16"/></net>

<net id="1709"><net_src comp="128" pin="0"/><net_sink comp="1655" pin=17"/></net>

<net id="1710"><net_src comp="1575" pin="4"/><net_sink comp="1655" pin=18"/></net>

<net id="1711"><net_src comp="130" pin="0"/><net_sink comp="1655" pin=19"/></net>

<net id="1712"><net_src comp="1585" pin="4"/><net_sink comp="1655" pin=20"/></net>

<net id="1713"><net_src comp="132" pin="0"/><net_sink comp="1655" pin=21"/></net>

<net id="1714"><net_src comp="1595" pin="4"/><net_sink comp="1655" pin=22"/></net>

<net id="1715"><net_src comp="134" pin="0"/><net_sink comp="1655" pin=23"/></net>

<net id="1716"><net_src comp="1605" pin="4"/><net_sink comp="1655" pin=24"/></net>

<net id="1717"><net_src comp="136" pin="0"/><net_sink comp="1655" pin=25"/></net>

<net id="1718"><net_src comp="1615" pin="4"/><net_sink comp="1655" pin=26"/></net>

<net id="1719"><net_src comp="138" pin="0"/><net_sink comp="1655" pin=27"/></net>

<net id="1720"><net_src comp="1625" pin="4"/><net_sink comp="1655" pin=28"/></net>

<net id="1721"><net_src comp="140" pin="0"/><net_sink comp="1655" pin=29"/></net>

<net id="1722"><net_src comp="1635" pin="4"/><net_sink comp="1655" pin=30"/></net>

<net id="1723"><net_src comp="158" pin="0"/><net_sink comp="1655" pin=31"/></net>

<net id="1724"><net_src comp="1645" pin="4"/><net_sink comp="1655" pin=32"/></net>

<net id="1725"><net_src comp="160" pin="0"/><net_sink comp="1655" pin=33"/></net>

<net id="1730"><net_src comp="1655" pin="35"/><net_sink comp="1726" pin=0"/></net>

<net id="1737"><net_src comp="162" pin="0"/><net_sink comp="1731" pin=0"/></net>

<net id="1738"><net_src comp="835" pin="1"/><net_sink comp="1731" pin=1"/></net>

<net id="1739"><net_src comp="176" pin="0"/><net_sink comp="1731" pin=2"/></net>

<net id="1740"><net_src comp="178" pin="0"/><net_sink comp="1731" pin=3"/></net>

<net id="1747"><net_src comp="162" pin="0"/><net_sink comp="1741" pin=0"/></net>

<net id="1748"><net_src comp="838" pin="1"/><net_sink comp="1741" pin=1"/></net>

<net id="1749"><net_src comp="176" pin="0"/><net_sink comp="1741" pin=2"/></net>

<net id="1750"><net_src comp="178" pin="0"/><net_sink comp="1741" pin=3"/></net>

<net id="1757"><net_src comp="162" pin="0"/><net_sink comp="1751" pin=0"/></net>

<net id="1758"><net_src comp="841" pin="1"/><net_sink comp="1751" pin=1"/></net>

<net id="1759"><net_src comp="176" pin="0"/><net_sink comp="1751" pin=2"/></net>

<net id="1760"><net_src comp="178" pin="0"/><net_sink comp="1751" pin=3"/></net>

<net id="1767"><net_src comp="162" pin="0"/><net_sink comp="1761" pin=0"/></net>

<net id="1768"><net_src comp="844" pin="1"/><net_sink comp="1761" pin=1"/></net>

<net id="1769"><net_src comp="176" pin="0"/><net_sink comp="1761" pin=2"/></net>

<net id="1770"><net_src comp="178" pin="0"/><net_sink comp="1761" pin=3"/></net>

<net id="1777"><net_src comp="162" pin="0"/><net_sink comp="1771" pin=0"/></net>

<net id="1778"><net_src comp="847" pin="1"/><net_sink comp="1771" pin=1"/></net>

<net id="1779"><net_src comp="176" pin="0"/><net_sink comp="1771" pin=2"/></net>

<net id="1780"><net_src comp="178" pin="0"/><net_sink comp="1771" pin=3"/></net>

<net id="1787"><net_src comp="162" pin="0"/><net_sink comp="1781" pin=0"/></net>

<net id="1788"><net_src comp="850" pin="1"/><net_sink comp="1781" pin=1"/></net>

<net id="1789"><net_src comp="176" pin="0"/><net_sink comp="1781" pin=2"/></net>

<net id="1790"><net_src comp="178" pin="0"/><net_sink comp="1781" pin=3"/></net>

<net id="1797"><net_src comp="162" pin="0"/><net_sink comp="1791" pin=0"/></net>

<net id="1798"><net_src comp="853" pin="1"/><net_sink comp="1791" pin=1"/></net>

<net id="1799"><net_src comp="176" pin="0"/><net_sink comp="1791" pin=2"/></net>

<net id="1800"><net_src comp="178" pin="0"/><net_sink comp="1791" pin=3"/></net>

<net id="1807"><net_src comp="162" pin="0"/><net_sink comp="1801" pin=0"/></net>

<net id="1808"><net_src comp="856" pin="1"/><net_sink comp="1801" pin=1"/></net>

<net id="1809"><net_src comp="176" pin="0"/><net_sink comp="1801" pin=2"/></net>

<net id="1810"><net_src comp="178" pin="0"/><net_sink comp="1801" pin=3"/></net>

<net id="1817"><net_src comp="162" pin="0"/><net_sink comp="1811" pin=0"/></net>

<net id="1818"><net_src comp="859" pin="1"/><net_sink comp="1811" pin=1"/></net>

<net id="1819"><net_src comp="176" pin="0"/><net_sink comp="1811" pin=2"/></net>

<net id="1820"><net_src comp="178" pin="0"/><net_sink comp="1811" pin=3"/></net>

<net id="1827"><net_src comp="162" pin="0"/><net_sink comp="1821" pin=0"/></net>

<net id="1828"><net_src comp="862" pin="1"/><net_sink comp="1821" pin=1"/></net>

<net id="1829"><net_src comp="176" pin="0"/><net_sink comp="1821" pin=2"/></net>

<net id="1830"><net_src comp="178" pin="0"/><net_sink comp="1821" pin=3"/></net>

<net id="1837"><net_src comp="162" pin="0"/><net_sink comp="1831" pin=0"/></net>

<net id="1838"><net_src comp="865" pin="1"/><net_sink comp="1831" pin=1"/></net>

<net id="1839"><net_src comp="176" pin="0"/><net_sink comp="1831" pin=2"/></net>

<net id="1840"><net_src comp="178" pin="0"/><net_sink comp="1831" pin=3"/></net>

<net id="1847"><net_src comp="162" pin="0"/><net_sink comp="1841" pin=0"/></net>

<net id="1848"><net_src comp="868" pin="1"/><net_sink comp="1841" pin=1"/></net>

<net id="1849"><net_src comp="176" pin="0"/><net_sink comp="1841" pin=2"/></net>

<net id="1850"><net_src comp="178" pin="0"/><net_sink comp="1841" pin=3"/></net>

<net id="1857"><net_src comp="162" pin="0"/><net_sink comp="1851" pin=0"/></net>

<net id="1858"><net_src comp="871" pin="1"/><net_sink comp="1851" pin=1"/></net>

<net id="1859"><net_src comp="176" pin="0"/><net_sink comp="1851" pin=2"/></net>

<net id="1860"><net_src comp="178" pin="0"/><net_sink comp="1851" pin=3"/></net>

<net id="1867"><net_src comp="162" pin="0"/><net_sink comp="1861" pin=0"/></net>

<net id="1868"><net_src comp="874" pin="1"/><net_sink comp="1861" pin=1"/></net>

<net id="1869"><net_src comp="176" pin="0"/><net_sink comp="1861" pin=2"/></net>

<net id="1870"><net_src comp="178" pin="0"/><net_sink comp="1861" pin=3"/></net>

<net id="1877"><net_src comp="162" pin="0"/><net_sink comp="1871" pin=0"/></net>

<net id="1878"><net_src comp="877" pin="1"/><net_sink comp="1871" pin=1"/></net>

<net id="1879"><net_src comp="176" pin="0"/><net_sink comp="1871" pin=2"/></net>

<net id="1880"><net_src comp="178" pin="0"/><net_sink comp="1871" pin=3"/></net>

<net id="1887"><net_src comp="162" pin="0"/><net_sink comp="1881" pin=0"/></net>

<net id="1888"><net_src comp="880" pin="1"/><net_sink comp="1881" pin=1"/></net>

<net id="1889"><net_src comp="176" pin="0"/><net_sink comp="1881" pin=2"/></net>

<net id="1890"><net_src comp="178" pin="0"/><net_sink comp="1881" pin=3"/></net>

<net id="1928"><net_src comp="156" pin="0"/><net_sink comp="1891" pin=0"/></net>

<net id="1929"><net_src comp="112" pin="0"/><net_sink comp="1891" pin=1"/></net>

<net id="1930"><net_src comp="1731" pin="4"/><net_sink comp="1891" pin=2"/></net>

<net id="1931"><net_src comp="114" pin="0"/><net_sink comp="1891" pin=3"/></net>

<net id="1932"><net_src comp="1741" pin="4"/><net_sink comp="1891" pin=4"/></net>

<net id="1933"><net_src comp="116" pin="0"/><net_sink comp="1891" pin=5"/></net>

<net id="1934"><net_src comp="1751" pin="4"/><net_sink comp="1891" pin=6"/></net>

<net id="1935"><net_src comp="118" pin="0"/><net_sink comp="1891" pin=7"/></net>

<net id="1936"><net_src comp="1761" pin="4"/><net_sink comp="1891" pin=8"/></net>

<net id="1937"><net_src comp="120" pin="0"/><net_sink comp="1891" pin=9"/></net>

<net id="1938"><net_src comp="1771" pin="4"/><net_sink comp="1891" pin=10"/></net>

<net id="1939"><net_src comp="122" pin="0"/><net_sink comp="1891" pin=11"/></net>

<net id="1940"><net_src comp="1781" pin="4"/><net_sink comp="1891" pin=12"/></net>

<net id="1941"><net_src comp="124" pin="0"/><net_sink comp="1891" pin=13"/></net>

<net id="1942"><net_src comp="1791" pin="4"/><net_sink comp="1891" pin=14"/></net>

<net id="1943"><net_src comp="126" pin="0"/><net_sink comp="1891" pin=15"/></net>

<net id="1944"><net_src comp="1801" pin="4"/><net_sink comp="1891" pin=16"/></net>

<net id="1945"><net_src comp="128" pin="0"/><net_sink comp="1891" pin=17"/></net>

<net id="1946"><net_src comp="1811" pin="4"/><net_sink comp="1891" pin=18"/></net>

<net id="1947"><net_src comp="130" pin="0"/><net_sink comp="1891" pin=19"/></net>

<net id="1948"><net_src comp="1821" pin="4"/><net_sink comp="1891" pin=20"/></net>

<net id="1949"><net_src comp="132" pin="0"/><net_sink comp="1891" pin=21"/></net>

<net id="1950"><net_src comp="1831" pin="4"/><net_sink comp="1891" pin=22"/></net>

<net id="1951"><net_src comp="134" pin="0"/><net_sink comp="1891" pin=23"/></net>

<net id="1952"><net_src comp="1841" pin="4"/><net_sink comp="1891" pin=24"/></net>

<net id="1953"><net_src comp="136" pin="0"/><net_sink comp="1891" pin=25"/></net>

<net id="1954"><net_src comp="1851" pin="4"/><net_sink comp="1891" pin=26"/></net>

<net id="1955"><net_src comp="138" pin="0"/><net_sink comp="1891" pin=27"/></net>

<net id="1956"><net_src comp="1861" pin="4"/><net_sink comp="1891" pin=28"/></net>

<net id="1957"><net_src comp="140" pin="0"/><net_sink comp="1891" pin=29"/></net>

<net id="1958"><net_src comp="1871" pin="4"/><net_sink comp="1891" pin=30"/></net>

<net id="1959"><net_src comp="158" pin="0"/><net_sink comp="1891" pin=31"/></net>

<net id="1960"><net_src comp="1881" pin="4"/><net_sink comp="1891" pin=32"/></net>

<net id="1961"><net_src comp="160" pin="0"/><net_sink comp="1891" pin=33"/></net>

<net id="1966"><net_src comp="1891" pin="35"/><net_sink comp="1962" pin=0"/></net>

<net id="1973"><net_src comp="162" pin="0"/><net_sink comp="1967" pin=0"/></net>

<net id="1974"><net_src comp="835" pin="1"/><net_sink comp="1967" pin=1"/></net>

<net id="1975"><net_src comp="180" pin="0"/><net_sink comp="1967" pin=2"/></net>

<net id="1976"><net_src comp="182" pin="0"/><net_sink comp="1967" pin=3"/></net>

<net id="1983"><net_src comp="162" pin="0"/><net_sink comp="1977" pin=0"/></net>

<net id="1984"><net_src comp="838" pin="1"/><net_sink comp="1977" pin=1"/></net>

<net id="1985"><net_src comp="180" pin="0"/><net_sink comp="1977" pin=2"/></net>

<net id="1986"><net_src comp="182" pin="0"/><net_sink comp="1977" pin=3"/></net>

<net id="1993"><net_src comp="162" pin="0"/><net_sink comp="1987" pin=0"/></net>

<net id="1994"><net_src comp="841" pin="1"/><net_sink comp="1987" pin=1"/></net>

<net id="1995"><net_src comp="180" pin="0"/><net_sink comp="1987" pin=2"/></net>

<net id="1996"><net_src comp="182" pin="0"/><net_sink comp="1987" pin=3"/></net>

<net id="2003"><net_src comp="162" pin="0"/><net_sink comp="1997" pin=0"/></net>

<net id="2004"><net_src comp="844" pin="1"/><net_sink comp="1997" pin=1"/></net>

<net id="2005"><net_src comp="180" pin="0"/><net_sink comp="1997" pin=2"/></net>

<net id="2006"><net_src comp="182" pin="0"/><net_sink comp="1997" pin=3"/></net>

<net id="2013"><net_src comp="162" pin="0"/><net_sink comp="2007" pin=0"/></net>

<net id="2014"><net_src comp="847" pin="1"/><net_sink comp="2007" pin=1"/></net>

<net id="2015"><net_src comp="180" pin="0"/><net_sink comp="2007" pin=2"/></net>

<net id="2016"><net_src comp="182" pin="0"/><net_sink comp="2007" pin=3"/></net>

<net id="2023"><net_src comp="162" pin="0"/><net_sink comp="2017" pin=0"/></net>

<net id="2024"><net_src comp="850" pin="1"/><net_sink comp="2017" pin=1"/></net>

<net id="2025"><net_src comp="180" pin="0"/><net_sink comp="2017" pin=2"/></net>

<net id="2026"><net_src comp="182" pin="0"/><net_sink comp="2017" pin=3"/></net>

<net id="2033"><net_src comp="162" pin="0"/><net_sink comp="2027" pin=0"/></net>

<net id="2034"><net_src comp="853" pin="1"/><net_sink comp="2027" pin=1"/></net>

<net id="2035"><net_src comp="180" pin="0"/><net_sink comp="2027" pin=2"/></net>

<net id="2036"><net_src comp="182" pin="0"/><net_sink comp="2027" pin=3"/></net>

<net id="2043"><net_src comp="162" pin="0"/><net_sink comp="2037" pin=0"/></net>

<net id="2044"><net_src comp="856" pin="1"/><net_sink comp="2037" pin=1"/></net>

<net id="2045"><net_src comp="180" pin="0"/><net_sink comp="2037" pin=2"/></net>

<net id="2046"><net_src comp="182" pin="0"/><net_sink comp="2037" pin=3"/></net>

<net id="2053"><net_src comp="162" pin="0"/><net_sink comp="2047" pin=0"/></net>

<net id="2054"><net_src comp="859" pin="1"/><net_sink comp="2047" pin=1"/></net>

<net id="2055"><net_src comp="180" pin="0"/><net_sink comp="2047" pin=2"/></net>

<net id="2056"><net_src comp="182" pin="0"/><net_sink comp="2047" pin=3"/></net>

<net id="2063"><net_src comp="162" pin="0"/><net_sink comp="2057" pin=0"/></net>

<net id="2064"><net_src comp="862" pin="1"/><net_sink comp="2057" pin=1"/></net>

<net id="2065"><net_src comp="180" pin="0"/><net_sink comp="2057" pin=2"/></net>

<net id="2066"><net_src comp="182" pin="0"/><net_sink comp="2057" pin=3"/></net>

<net id="2073"><net_src comp="162" pin="0"/><net_sink comp="2067" pin=0"/></net>

<net id="2074"><net_src comp="865" pin="1"/><net_sink comp="2067" pin=1"/></net>

<net id="2075"><net_src comp="180" pin="0"/><net_sink comp="2067" pin=2"/></net>

<net id="2076"><net_src comp="182" pin="0"/><net_sink comp="2067" pin=3"/></net>

<net id="2083"><net_src comp="162" pin="0"/><net_sink comp="2077" pin=0"/></net>

<net id="2084"><net_src comp="868" pin="1"/><net_sink comp="2077" pin=1"/></net>

<net id="2085"><net_src comp="180" pin="0"/><net_sink comp="2077" pin=2"/></net>

<net id="2086"><net_src comp="182" pin="0"/><net_sink comp="2077" pin=3"/></net>

<net id="2093"><net_src comp="162" pin="0"/><net_sink comp="2087" pin=0"/></net>

<net id="2094"><net_src comp="871" pin="1"/><net_sink comp="2087" pin=1"/></net>

<net id="2095"><net_src comp="180" pin="0"/><net_sink comp="2087" pin=2"/></net>

<net id="2096"><net_src comp="182" pin="0"/><net_sink comp="2087" pin=3"/></net>

<net id="2103"><net_src comp="162" pin="0"/><net_sink comp="2097" pin=0"/></net>

<net id="2104"><net_src comp="874" pin="1"/><net_sink comp="2097" pin=1"/></net>

<net id="2105"><net_src comp="180" pin="0"/><net_sink comp="2097" pin=2"/></net>

<net id="2106"><net_src comp="182" pin="0"/><net_sink comp="2097" pin=3"/></net>

<net id="2113"><net_src comp="162" pin="0"/><net_sink comp="2107" pin=0"/></net>

<net id="2114"><net_src comp="877" pin="1"/><net_sink comp="2107" pin=1"/></net>

<net id="2115"><net_src comp="180" pin="0"/><net_sink comp="2107" pin=2"/></net>

<net id="2116"><net_src comp="182" pin="0"/><net_sink comp="2107" pin=3"/></net>

<net id="2123"><net_src comp="162" pin="0"/><net_sink comp="2117" pin=0"/></net>

<net id="2124"><net_src comp="880" pin="1"/><net_sink comp="2117" pin=1"/></net>

<net id="2125"><net_src comp="180" pin="0"/><net_sink comp="2117" pin=2"/></net>

<net id="2126"><net_src comp="182" pin="0"/><net_sink comp="2117" pin=3"/></net>

<net id="2164"><net_src comp="156" pin="0"/><net_sink comp="2127" pin=0"/></net>

<net id="2165"><net_src comp="112" pin="0"/><net_sink comp="2127" pin=1"/></net>

<net id="2166"><net_src comp="1967" pin="4"/><net_sink comp="2127" pin=2"/></net>

<net id="2167"><net_src comp="114" pin="0"/><net_sink comp="2127" pin=3"/></net>

<net id="2168"><net_src comp="1977" pin="4"/><net_sink comp="2127" pin=4"/></net>

<net id="2169"><net_src comp="116" pin="0"/><net_sink comp="2127" pin=5"/></net>

<net id="2170"><net_src comp="1987" pin="4"/><net_sink comp="2127" pin=6"/></net>

<net id="2171"><net_src comp="118" pin="0"/><net_sink comp="2127" pin=7"/></net>

<net id="2172"><net_src comp="1997" pin="4"/><net_sink comp="2127" pin=8"/></net>

<net id="2173"><net_src comp="120" pin="0"/><net_sink comp="2127" pin=9"/></net>

<net id="2174"><net_src comp="2007" pin="4"/><net_sink comp="2127" pin=10"/></net>

<net id="2175"><net_src comp="122" pin="0"/><net_sink comp="2127" pin=11"/></net>

<net id="2176"><net_src comp="2017" pin="4"/><net_sink comp="2127" pin=12"/></net>

<net id="2177"><net_src comp="124" pin="0"/><net_sink comp="2127" pin=13"/></net>

<net id="2178"><net_src comp="2027" pin="4"/><net_sink comp="2127" pin=14"/></net>

<net id="2179"><net_src comp="126" pin="0"/><net_sink comp="2127" pin=15"/></net>

<net id="2180"><net_src comp="2037" pin="4"/><net_sink comp="2127" pin=16"/></net>

<net id="2181"><net_src comp="128" pin="0"/><net_sink comp="2127" pin=17"/></net>

<net id="2182"><net_src comp="2047" pin="4"/><net_sink comp="2127" pin=18"/></net>

<net id="2183"><net_src comp="130" pin="0"/><net_sink comp="2127" pin=19"/></net>

<net id="2184"><net_src comp="2057" pin="4"/><net_sink comp="2127" pin=20"/></net>

<net id="2185"><net_src comp="132" pin="0"/><net_sink comp="2127" pin=21"/></net>

<net id="2186"><net_src comp="2067" pin="4"/><net_sink comp="2127" pin=22"/></net>

<net id="2187"><net_src comp="134" pin="0"/><net_sink comp="2127" pin=23"/></net>

<net id="2188"><net_src comp="2077" pin="4"/><net_sink comp="2127" pin=24"/></net>

<net id="2189"><net_src comp="136" pin="0"/><net_sink comp="2127" pin=25"/></net>

<net id="2190"><net_src comp="2087" pin="4"/><net_sink comp="2127" pin=26"/></net>

<net id="2191"><net_src comp="138" pin="0"/><net_sink comp="2127" pin=27"/></net>

<net id="2192"><net_src comp="2097" pin="4"/><net_sink comp="2127" pin=28"/></net>

<net id="2193"><net_src comp="140" pin="0"/><net_sink comp="2127" pin=29"/></net>

<net id="2194"><net_src comp="2107" pin="4"/><net_sink comp="2127" pin=30"/></net>

<net id="2195"><net_src comp="158" pin="0"/><net_sink comp="2127" pin=31"/></net>

<net id="2196"><net_src comp="2117" pin="4"/><net_sink comp="2127" pin=32"/></net>

<net id="2197"><net_src comp="160" pin="0"/><net_sink comp="2127" pin=33"/></net>

<net id="2202"><net_src comp="2127" pin="35"/><net_sink comp="2198" pin=0"/></net>

<net id="2209"><net_src comp="162" pin="0"/><net_sink comp="2203" pin=0"/></net>

<net id="2210"><net_src comp="835" pin="1"/><net_sink comp="2203" pin=1"/></net>

<net id="2211"><net_src comp="184" pin="0"/><net_sink comp="2203" pin=2"/></net>

<net id="2212"><net_src comp="186" pin="0"/><net_sink comp="2203" pin=3"/></net>

<net id="2219"><net_src comp="162" pin="0"/><net_sink comp="2213" pin=0"/></net>

<net id="2220"><net_src comp="838" pin="1"/><net_sink comp="2213" pin=1"/></net>

<net id="2221"><net_src comp="184" pin="0"/><net_sink comp="2213" pin=2"/></net>

<net id="2222"><net_src comp="186" pin="0"/><net_sink comp="2213" pin=3"/></net>

<net id="2229"><net_src comp="162" pin="0"/><net_sink comp="2223" pin=0"/></net>

<net id="2230"><net_src comp="841" pin="1"/><net_sink comp="2223" pin=1"/></net>

<net id="2231"><net_src comp="184" pin="0"/><net_sink comp="2223" pin=2"/></net>

<net id="2232"><net_src comp="186" pin="0"/><net_sink comp="2223" pin=3"/></net>

<net id="2239"><net_src comp="162" pin="0"/><net_sink comp="2233" pin=0"/></net>

<net id="2240"><net_src comp="844" pin="1"/><net_sink comp="2233" pin=1"/></net>

<net id="2241"><net_src comp="184" pin="0"/><net_sink comp="2233" pin=2"/></net>

<net id="2242"><net_src comp="186" pin="0"/><net_sink comp="2233" pin=3"/></net>

<net id="2249"><net_src comp="162" pin="0"/><net_sink comp="2243" pin=0"/></net>

<net id="2250"><net_src comp="847" pin="1"/><net_sink comp="2243" pin=1"/></net>

<net id="2251"><net_src comp="184" pin="0"/><net_sink comp="2243" pin=2"/></net>

<net id="2252"><net_src comp="186" pin="0"/><net_sink comp="2243" pin=3"/></net>

<net id="2259"><net_src comp="162" pin="0"/><net_sink comp="2253" pin=0"/></net>

<net id="2260"><net_src comp="850" pin="1"/><net_sink comp="2253" pin=1"/></net>

<net id="2261"><net_src comp="184" pin="0"/><net_sink comp="2253" pin=2"/></net>

<net id="2262"><net_src comp="186" pin="0"/><net_sink comp="2253" pin=3"/></net>

<net id="2269"><net_src comp="162" pin="0"/><net_sink comp="2263" pin=0"/></net>

<net id="2270"><net_src comp="853" pin="1"/><net_sink comp="2263" pin=1"/></net>

<net id="2271"><net_src comp="184" pin="0"/><net_sink comp="2263" pin=2"/></net>

<net id="2272"><net_src comp="186" pin="0"/><net_sink comp="2263" pin=3"/></net>

<net id="2279"><net_src comp="162" pin="0"/><net_sink comp="2273" pin=0"/></net>

<net id="2280"><net_src comp="856" pin="1"/><net_sink comp="2273" pin=1"/></net>

<net id="2281"><net_src comp="184" pin="0"/><net_sink comp="2273" pin=2"/></net>

<net id="2282"><net_src comp="186" pin="0"/><net_sink comp="2273" pin=3"/></net>

<net id="2289"><net_src comp="162" pin="0"/><net_sink comp="2283" pin=0"/></net>

<net id="2290"><net_src comp="859" pin="1"/><net_sink comp="2283" pin=1"/></net>

<net id="2291"><net_src comp="184" pin="0"/><net_sink comp="2283" pin=2"/></net>

<net id="2292"><net_src comp="186" pin="0"/><net_sink comp="2283" pin=3"/></net>

<net id="2299"><net_src comp="162" pin="0"/><net_sink comp="2293" pin=0"/></net>

<net id="2300"><net_src comp="862" pin="1"/><net_sink comp="2293" pin=1"/></net>

<net id="2301"><net_src comp="184" pin="0"/><net_sink comp="2293" pin=2"/></net>

<net id="2302"><net_src comp="186" pin="0"/><net_sink comp="2293" pin=3"/></net>

<net id="2309"><net_src comp="162" pin="0"/><net_sink comp="2303" pin=0"/></net>

<net id="2310"><net_src comp="865" pin="1"/><net_sink comp="2303" pin=1"/></net>

<net id="2311"><net_src comp="184" pin="0"/><net_sink comp="2303" pin=2"/></net>

<net id="2312"><net_src comp="186" pin="0"/><net_sink comp="2303" pin=3"/></net>

<net id="2319"><net_src comp="162" pin="0"/><net_sink comp="2313" pin=0"/></net>

<net id="2320"><net_src comp="868" pin="1"/><net_sink comp="2313" pin=1"/></net>

<net id="2321"><net_src comp="184" pin="0"/><net_sink comp="2313" pin=2"/></net>

<net id="2322"><net_src comp="186" pin="0"/><net_sink comp="2313" pin=3"/></net>

<net id="2329"><net_src comp="162" pin="0"/><net_sink comp="2323" pin=0"/></net>

<net id="2330"><net_src comp="871" pin="1"/><net_sink comp="2323" pin=1"/></net>

<net id="2331"><net_src comp="184" pin="0"/><net_sink comp="2323" pin=2"/></net>

<net id="2332"><net_src comp="186" pin="0"/><net_sink comp="2323" pin=3"/></net>

<net id="2339"><net_src comp="162" pin="0"/><net_sink comp="2333" pin=0"/></net>

<net id="2340"><net_src comp="874" pin="1"/><net_sink comp="2333" pin=1"/></net>

<net id="2341"><net_src comp="184" pin="0"/><net_sink comp="2333" pin=2"/></net>

<net id="2342"><net_src comp="186" pin="0"/><net_sink comp="2333" pin=3"/></net>

<net id="2349"><net_src comp="162" pin="0"/><net_sink comp="2343" pin=0"/></net>

<net id="2350"><net_src comp="877" pin="1"/><net_sink comp="2343" pin=1"/></net>

<net id="2351"><net_src comp="184" pin="0"/><net_sink comp="2343" pin=2"/></net>

<net id="2352"><net_src comp="186" pin="0"/><net_sink comp="2343" pin=3"/></net>

<net id="2359"><net_src comp="162" pin="0"/><net_sink comp="2353" pin=0"/></net>

<net id="2360"><net_src comp="880" pin="1"/><net_sink comp="2353" pin=1"/></net>

<net id="2361"><net_src comp="184" pin="0"/><net_sink comp="2353" pin=2"/></net>

<net id="2362"><net_src comp="186" pin="0"/><net_sink comp="2353" pin=3"/></net>

<net id="2400"><net_src comp="156" pin="0"/><net_sink comp="2363" pin=0"/></net>

<net id="2401"><net_src comp="112" pin="0"/><net_sink comp="2363" pin=1"/></net>

<net id="2402"><net_src comp="2203" pin="4"/><net_sink comp="2363" pin=2"/></net>

<net id="2403"><net_src comp="114" pin="0"/><net_sink comp="2363" pin=3"/></net>

<net id="2404"><net_src comp="2213" pin="4"/><net_sink comp="2363" pin=4"/></net>

<net id="2405"><net_src comp="116" pin="0"/><net_sink comp="2363" pin=5"/></net>

<net id="2406"><net_src comp="2223" pin="4"/><net_sink comp="2363" pin=6"/></net>

<net id="2407"><net_src comp="118" pin="0"/><net_sink comp="2363" pin=7"/></net>

<net id="2408"><net_src comp="2233" pin="4"/><net_sink comp="2363" pin=8"/></net>

<net id="2409"><net_src comp="120" pin="0"/><net_sink comp="2363" pin=9"/></net>

<net id="2410"><net_src comp="2243" pin="4"/><net_sink comp="2363" pin=10"/></net>

<net id="2411"><net_src comp="122" pin="0"/><net_sink comp="2363" pin=11"/></net>

<net id="2412"><net_src comp="2253" pin="4"/><net_sink comp="2363" pin=12"/></net>

<net id="2413"><net_src comp="124" pin="0"/><net_sink comp="2363" pin=13"/></net>

<net id="2414"><net_src comp="2263" pin="4"/><net_sink comp="2363" pin=14"/></net>

<net id="2415"><net_src comp="126" pin="0"/><net_sink comp="2363" pin=15"/></net>

<net id="2416"><net_src comp="2273" pin="4"/><net_sink comp="2363" pin=16"/></net>

<net id="2417"><net_src comp="128" pin="0"/><net_sink comp="2363" pin=17"/></net>

<net id="2418"><net_src comp="2283" pin="4"/><net_sink comp="2363" pin=18"/></net>

<net id="2419"><net_src comp="130" pin="0"/><net_sink comp="2363" pin=19"/></net>

<net id="2420"><net_src comp="2293" pin="4"/><net_sink comp="2363" pin=20"/></net>

<net id="2421"><net_src comp="132" pin="0"/><net_sink comp="2363" pin=21"/></net>

<net id="2422"><net_src comp="2303" pin="4"/><net_sink comp="2363" pin=22"/></net>

<net id="2423"><net_src comp="134" pin="0"/><net_sink comp="2363" pin=23"/></net>

<net id="2424"><net_src comp="2313" pin="4"/><net_sink comp="2363" pin=24"/></net>

<net id="2425"><net_src comp="136" pin="0"/><net_sink comp="2363" pin=25"/></net>

<net id="2426"><net_src comp="2323" pin="4"/><net_sink comp="2363" pin=26"/></net>

<net id="2427"><net_src comp="138" pin="0"/><net_sink comp="2363" pin=27"/></net>

<net id="2428"><net_src comp="2333" pin="4"/><net_sink comp="2363" pin=28"/></net>

<net id="2429"><net_src comp="140" pin="0"/><net_sink comp="2363" pin=29"/></net>

<net id="2430"><net_src comp="2343" pin="4"/><net_sink comp="2363" pin=30"/></net>

<net id="2431"><net_src comp="158" pin="0"/><net_sink comp="2363" pin=31"/></net>

<net id="2432"><net_src comp="2353" pin="4"/><net_sink comp="2363" pin=32"/></net>

<net id="2433"><net_src comp="160" pin="0"/><net_sink comp="2363" pin=33"/></net>

<net id="2438"><net_src comp="2363" pin="35"/><net_sink comp="2434" pin=0"/></net>

<net id="2445"><net_src comp="162" pin="0"/><net_sink comp="2439" pin=0"/></net>

<net id="2446"><net_src comp="835" pin="1"/><net_sink comp="2439" pin=1"/></net>

<net id="2447"><net_src comp="188" pin="0"/><net_sink comp="2439" pin=2"/></net>

<net id="2448"><net_src comp="190" pin="0"/><net_sink comp="2439" pin=3"/></net>

<net id="2455"><net_src comp="162" pin="0"/><net_sink comp="2449" pin=0"/></net>

<net id="2456"><net_src comp="838" pin="1"/><net_sink comp="2449" pin=1"/></net>

<net id="2457"><net_src comp="188" pin="0"/><net_sink comp="2449" pin=2"/></net>

<net id="2458"><net_src comp="190" pin="0"/><net_sink comp="2449" pin=3"/></net>

<net id="2465"><net_src comp="162" pin="0"/><net_sink comp="2459" pin=0"/></net>

<net id="2466"><net_src comp="841" pin="1"/><net_sink comp="2459" pin=1"/></net>

<net id="2467"><net_src comp="188" pin="0"/><net_sink comp="2459" pin=2"/></net>

<net id="2468"><net_src comp="190" pin="0"/><net_sink comp="2459" pin=3"/></net>

<net id="2475"><net_src comp="162" pin="0"/><net_sink comp="2469" pin=0"/></net>

<net id="2476"><net_src comp="844" pin="1"/><net_sink comp="2469" pin=1"/></net>

<net id="2477"><net_src comp="188" pin="0"/><net_sink comp="2469" pin=2"/></net>

<net id="2478"><net_src comp="190" pin="0"/><net_sink comp="2469" pin=3"/></net>

<net id="2485"><net_src comp="162" pin="0"/><net_sink comp="2479" pin=0"/></net>

<net id="2486"><net_src comp="847" pin="1"/><net_sink comp="2479" pin=1"/></net>

<net id="2487"><net_src comp="188" pin="0"/><net_sink comp="2479" pin=2"/></net>

<net id="2488"><net_src comp="190" pin="0"/><net_sink comp="2479" pin=3"/></net>

<net id="2495"><net_src comp="162" pin="0"/><net_sink comp="2489" pin=0"/></net>

<net id="2496"><net_src comp="850" pin="1"/><net_sink comp="2489" pin=1"/></net>

<net id="2497"><net_src comp="188" pin="0"/><net_sink comp="2489" pin=2"/></net>

<net id="2498"><net_src comp="190" pin="0"/><net_sink comp="2489" pin=3"/></net>

<net id="2505"><net_src comp="162" pin="0"/><net_sink comp="2499" pin=0"/></net>

<net id="2506"><net_src comp="853" pin="1"/><net_sink comp="2499" pin=1"/></net>

<net id="2507"><net_src comp="188" pin="0"/><net_sink comp="2499" pin=2"/></net>

<net id="2508"><net_src comp="190" pin="0"/><net_sink comp="2499" pin=3"/></net>

<net id="2515"><net_src comp="162" pin="0"/><net_sink comp="2509" pin=0"/></net>

<net id="2516"><net_src comp="856" pin="1"/><net_sink comp="2509" pin=1"/></net>

<net id="2517"><net_src comp="188" pin="0"/><net_sink comp="2509" pin=2"/></net>

<net id="2518"><net_src comp="190" pin="0"/><net_sink comp="2509" pin=3"/></net>

<net id="2525"><net_src comp="162" pin="0"/><net_sink comp="2519" pin=0"/></net>

<net id="2526"><net_src comp="859" pin="1"/><net_sink comp="2519" pin=1"/></net>

<net id="2527"><net_src comp="188" pin="0"/><net_sink comp="2519" pin=2"/></net>

<net id="2528"><net_src comp="190" pin="0"/><net_sink comp="2519" pin=3"/></net>

<net id="2535"><net_src comp="162" pin="0"/><net_sink comp="2529" pin=0"/></net>

<net id="2536"><net_src comp="862" pin="1"/><net_sink comp="2529" pin=1"/></net>

<net id="2537"><net_src comp="188" pin="0"/><net_sink comp="2529" pin=2"/></net>

<net id="2538"><net_src comp="190" pin="0"/><net_sink comp="2529" pin=3"/></net>

<net id="2545"><net_src comp="162" pin="0"/><net_sink comp="2539" pin=0"/></net>

<net id="2546"><net_src comp="865" pin="1"/><net_sink comp="2539" pin=1"/></net>

<net id="2547"><net_src comp="188" pin="0"/><net_sink comp="2539" pin=2"/></net>

<net id="2548"><net_src comp="190" pin="0"/><net_sink comp="2539" pin=3"/></net>

<net id="2555"><net_src comp="162" pin="0"/><net_sink comp="2549" pin=0"/></net>

<net id="2556"><net_src comp="868" pin="1"/><net_sink comp="2549" pin=1"/></net>

<net id="2557"><net_src comp="188" pin="0"/><net_sink comp="2549" pin=2"/></net>

<net id="2558"><net_src comp="190" pin="0"/><net_sink comp="2549" pin=3"/></net>

<net id="2565"><net_src comp="162" pin="0"/><net_sink comp="2559" pin=0"/></net>

<net id="2566"><net_src comp="871" pin="1"/><net_sink comp="2559" pin=1"/></net>

<net id="2567"><net_src comp="188" pin="0"/><net_sink comp="2559" pin=2"/></net>

<net id="2568"><net_src comp="190" pin="0"/><net_sink comp="2559" pin=3"/></net>

<net id="2575"><net_src comp="162" pin="0"/><net_sink comp="2569" pin=0"/></net>

<net id="2576"><net_src comp="874" pin="1"/><net_sink comp="2569" pin=1"/></net>

<net id="2577"><net_src comp="188" pin="0"/><net_sink comp="2569" pin=2"/></net>

<net id="2578"><net_src comp="190" pin="0"/><net_sink comp="2569" pin=3"/></net>

<net id="2585"><net_src comp="162" pin="0"/><net_sink comp="2579" pin=0"/></net>

<net id="2586"><net_src comp="877" pin="1"/><net_sink comp="2579" pin=1"/></net>

<net id="2587"><net_src comp="188" pin="0"/><net_sink comp="2579" pin=2"/></net>

<net id="2588"><net_src comp="190" pin="0"/><net_sink comp="2579" pin=3"/></net>

<net id="2595"><net_src comp="162" pin="0"/><net_sink comp="2589" pin=0"/></net>

<net id="2596"><net_src comp="880" pin="1"/><net_sink comp="2589" pin=1"/></net>

<net id="2597"><net_src comp="188" pin="0"/><net_sink comp="2589" pin=2"/></net>

<net id="2598"><net_src comp="190" pin="0"/><net_sink comp="2589" pin=3"/></net>

<net id="2636"><net_src comp="156" pin="0"/><net_sink comp="2599" pin=0"/></net>

<net id="2637"><net_src comp="112" pin="0"/><net_sink comp="2599" pin=1"/></net>

<net id="2638"><net_src comp="2439" pin="4"/><net_sink comp="2599" pin=2"/></net>

<net id="2639"><net_src comp="114" pin="0"/><net_sink comp="2599" pin=3"/></net>

<net id="2640"><net_src comp="2449" pin="4"/><net_sink comp="2599" pin=4"/></net>

<net id="2641"><net_src comp="116" pin="0"/><net_sink comp="2599" pin=5"/></net>

<net id="2642"><net_src comp="2459" pin="4"/><net_sink comp="2599" pin=6"/></net>

<net id="2643"><net_src comp="118" pin="0"/><net_sink comp="2599" pin=7"/></net>

<net id="2644"><net_src comp="2469" pin="4"/><net_sink comp="2599" pin=8"/></net>

<net id="2645"><net_src comp="120" pin="0"/><net_sink comp="2599" pin=9"/></net>

<net id="2646"><net_src comp="2479" pin="4"/><net_sink comp="2599" pin=10"/></net>

<net id="2647"><net_src comp="122" pin="0"/><net_sink comp="2599" pin=11"/></net>

<net id="2648"><net_src comp="2489" pin="4"/><net_sink comp="2599" pin=12"/></net>

<net id="2649"><net_src comp="124" pin="0"/><net_sink comp="2599" pin=13"/></net>

<net id="2650"><net_src comp="2499" pin="4"/><net_sink comp="2599" pin=14"/></net>

<net id="2651"><net_src comp="126" pin="0"/><net_sink comp="2599" pin=15"/></net>

<net id="2652"><net_src comp="2509" pin="4"/><net_sink comp="2599" pin=16"/></net>

<net id="2653"><net_src comp="128" pin="0"/><net_sink comp="2599" pin=17"/></net>

<net id="2654"><net_src comp="2519" pin="4"/><net_sink comp="2599" pin=18"/></net>

<net id="2655"><net_src comp="130" pin="0"/><net_sink comp="2599" pin=19"/></net>

<net id="2656"><net_src comp="2529" pin="4"/><net_sink comp="2599" pin=20"/></net>

<net id="2657"><net_src comp="132" pin="0"/><net_sink comp="2599" pin=21"/></net>

<net id="2658"><net_src comp="2539" pin="4"/><net_sink comp="2599" pin=22"/></net>

<net id="2659"><net_src comp="134" pin="0"/><net_sink comp="2599" pin=23"/></net>

<net id="2660"><net_src comp="2549" pin="4"/><net_sink comp="2599" pin=24"/></net>

<net id="2661"><net_src comp="136" pin="0"/><net_sink comp="2599" pin=25"/></net>

<net id="2662"><net_src comp="2559" pin="4"/><net_sink comp="2599" pin=26"/></net>

<net id="2663"><net_src comp="138" pin="0"/><net_sink comp="2599" pin=27"/></net>

<net id="2664"><net_src comp="2569" pin="4"/><net_sink comp="2599" pin=28"/></net>

<net id="2665"><net_src comp="140" pin="0"/><net_sink comp="2599" pin=29"/></net>

<net id="2666"><net_src comp="2579" pin="4"/><net_sink comp="2599" pin=30"/></net>

<net id="2667"><net_src comp="158" pin="0"/><net_sink comp="2599" pin=31"/></net>

<net id="2668"><net_src comp="2589" pin="4"/><net_sink comp="2599" pin=32"/></net>

<net id="2669"><net_src comp="160" pin="0"/><net_sink comp="2599" pin=33"/></net>

<net id="2674"><net_src comp="2599" pin="35"/><net_sink comp="2670" pin=0"/></net>

<net id="2681"><net_src comp="162" pin="0"/><net_sink comp="2675" pin=0"/></net>

<net id="2682"><net_src comp="835" pin="1"/><net_sink comp="2675" pin=1"/></net>

<net id="2683"><net_src comp="192" pin="0"/><net_sink comp="2675" pin=2"/></net>

<net id="2684"><net_src comp="194" pin="0"/><net_sink comp="2675" pin=3"/></net>

<net id="2691"><net_src comp="162" pin="0"/><net_sink comp="2685" pin=0"/></net>

<net id="2692"><net_src comp="838" pin="1"/><net_sink comp="2685" pin=1"/></net>

<net id="2693"><net_src comp="192" pin="0"/><net_sink comp="2685" pin=2"/></net>

<net id="2694"><net_src comp="194" pin="0"/><net_sink comp="2685" pin=3"/></net>

<net id="2701"><net_src comp="162" pin="0"/><net_sink comp="2695" pin=0"/></net>

<net id="2702"><net_src comp="841" pin="1"/><net_sink comp="2695" pin=1"/></net>

<net id="2703"><net_src comp="192" pin="0"/><net_sink comp="2695" pin=2"/></net>

<net id="2704"><net_src comp="194" pin="0"/><net_sink comp="2695" pin=3"/></net>

<net id="2711"><net_src comp="162" pin="0"/><net_sink comp="2705" pin=0"/></net>

<net id="2712"><net_src comp="844" pin="1"/><net_sink comp="2705" pin=1"/></net>

<net id="2713"><net_src comp="192" pin="0"/><net_sink comp="2705" pin=2"/></net>

<net id="2714"><net_src comp="194" pin="0"/><net_sink comp="2705" pin=3"/></net>

<net id="2721"><net_src comp="162" pin="0"/><net_sink comp="2715" pin=0"/></net>

<net id="2722"><net_src comp="847" pin="1"/><net_sink comp="2715" pin=1"/></net>

<net id="2723"><net_src comp="192" pin="0"/><net_sink comp="2715" pin=2"/></net>

<net id="2724"><net_src comp="194" pin="0"/><net_sink comp="2715" pin=3"/></net>

<net id="2731"><net_src comp="162" pin="0"/><net_sink comp="2725" pin=0"/></net>

<net id="2732"><net_src comp="850" pin="1"/><net_sink comp="2725" pin=1"/></net>

<net id="2733"><net_src comp="192" pin="0"/><net_sink comp="2725" pin=2"/></net>

<net id="2734"><net_src comp="194" pin="0"/><net_sink comp="2725" pin=3"/></net>

<net id="2741"><net_src comp="162" pin="0"/><net_sink comp="2735" pin=0"/></net>

<net id="2742"><net_src comp="853" pin="1"/><net_sink comp="2735" pin=1"/></net>

<net id="2743"><net_src comp="192" pin="0"/><net_sink comp="2735" pin=2"/></net>

<net id="2744"><net_src comp="194" pin="0"/><net_sink comp="2735" pin=3"/></net>

<net id="2751"><net_src comp="162" pin="0"/><net_sink comp="2745" pin=0"/></net>

<net id="2752"><net_src comp="856" pin="1"/><net_sink comp="2745" pin=1"/></net>

<net id="2753"><net_src comp="192" pin="0"/><net_sink comp="2745" pin=2"/></net>

<net id="2754"><net_src comp="194" pin="0"/><net_sink comp="2745" pin=3"/></net>

<net id="2761"><net_src comp="162" pin="0"/><net_sink comp="2755" pin=0"/></net>

<net id="2762"><net_src comp="859" pin="1"/><net_sink comp="2755" pin=1"/></net>

<net id="2763"><net_src comp="192" pin="0"/><net_sink comp="2755" pin=2"/></net>

<net id="2764"><net_src comp="194" pin="0"/><net_sink comp="2755" pin=3"/></net>

<net id="2771"><net_src comp="162" pin="0"/><net_sink comp="2765" pin=0"/></net>

<net id="2772"><net_src comp="862" pin="1"/><net_sink comp="2765" pin=1"/></net>

<net id="2773"><net_src comp="192" pin="0"/><net_sink comp="2765" pin=2"/></net>

<net id="2774"><net_src comp="194" pin="0"/><net_sink comp="2765" pin=3"/></net>

<net id="2781"><net_src comp="162" pin="0"/><net_sink comp="2775" pin=0"/></net>

<net id="2782"><net_src comp="865" pin="1"/><net_sink comp="2775" pin=1"/></net>

<net id="2783"><net_src comp="192" pin="0"/><net_sink comp="2775" pin=2"/></net>

<net id="2784"><net_src comp="194" pin="0"/><net_sink comp="2775" pin=3"/></net>

<net id="2791"><net_src comp="162" pin="0"/><net_sink comp="2785" pin=0"/></net>

<net id="2792"><net_src comp="868" pin="1"/><net_sink comp="2785" pin=1"/></net>

<net id="2793"><net_src comp="192" pin="0"/><net_sink comp="2785" pin=2"/></net>

<net id="2794"><net_src comp="194" pin="0"/><net_sink comp="2785" pin=3"/></net>

<net id="2801"><net_src comp="162" pin="0"/><net_sink comp="2795" pin=0"/></net>

<net id="2802"><net_src comp="871" pin="1"/><net_sink comp="2795" pin=1"/></net>

<net id="2803"><net_src comp="192" pin="0"/><net_sink comp="2795" pin=2"/></net>

<net id="2804"><net_src comp="194" pin="0"/><net_sink comp="2795" pin=3"/></net>

<net id="2811"><net_src comp="162" pin="0"/><net_sink comp="2805" pin=0"/></net>

<net id="2812"><net_src comp="874" pin="1"/><net_sink comp="2805" pin=1"/></net>

<net id="2813"><net_src comp="192" pin="0"/><net_sink comp="2805" pin=2"/></net>

<net id="2814"><net_src comp="194" pin="0"/><net_sink comp="2805" pin=3"/></net>

<net id="2821"><net_src comp="162" pin="0"/><net_sink comp="2815" pin=0"/></net>

<net id="2822"><net_src comp="877" pin="1"/><net_sink comp="2815" pin=1"/></net>

<net id="2823"><net_src comp="192" pin="0"/><net_sink comp="2815" pin=2"/></net>

<net id="2824"><net_src comp="194" pin="0"/><net_sink comp="2815" pin=3"/></net>

<net id="2831"><net_src comp="162" pin="0"/><net_sink comp="2825" pin=0"/></net>

<net id="2832"><net_src comp="880" pin="1"/><net_sink comp="2825" pin=1"/></net>

<net id="2833"><net_src comp="192" pin="0"/><net_sink comp="2825" pin=2"/></net>

<net id="2834"><net_src comp="194" pin="0"/><net_sink comp="2825" pin=3"/></net>

<net id="2872"><net_src comp="156" pin="0"/><net_sink comp="2835" pin=0"/></net>

<net id="2873"><net_src comp="112" pin="0"/><net_sink comp="2835" pin=1"/></net>

<net id="2874"><net_src comp="2675" pin="4"/><net_sink comp="2835" pin=2"/></net>

<net id="2875"><net_src comp="114" pin="0"/><net_sink comp="2835" pin=3"/></net>

<net id="2876"><net_src comp="2685" pin="4"/><net_sink comp="2835" pin=4"/></net>

<net id="2877"><net_src comp="116" pin="0"/><net_sink comp="2835" pin=5"/></net>

<net id="2878"><net_src comp="2695" pin="4"/><net_sink comp="2835" pin=6"/></net>

<net id="2879"><net_src comp="118" pin="0"/><net_sink comp="2835" pin=7"/></net>

<net id="2880"><net_src comp="2705" pin="4"/><net_sink comp="2835" pin=8"/></net>

<net id="2881"><net_src comp="120" pin="0"/><net_sink comp="2835" pin=9"/></net>

<net id="2882"><net_src comp="2715" pin="4"/><net_sink comp="2835" pin=10"/></net>

<net id="2883"><net_src comp="122" pin="0"/><net_sink comp="2835" pin=11"/></net>

<net id="2884"><net_src comp="2725" pin="4"/><net_sink comp="2835" pin=12"/></net>

<net id="2885"><net_src comp="124" pin="0"/><net_sink comp="2835" pin=13"/></net>

<net id="2886"><net_src comp="2735" pin="4"/><net_sink comp="2835" pin=14"/></net>

<net id="2887"><net_src comp="126" pin="0"/><net_sink comp="2835" pin=15"/></net>

<net id="2888"><net_src comp="2745" pin="4"/><net_sink comp="2835" pin=16"/></net>

<net id="2889"><net_src comp="128" pin="0"/><net_sink comp="2835" pin=17"/></net>

<net id="2890"><net_src comp="2755" pin="4"/><net_sink comp="2835" pin=18"/></net>

<net id="2891"><net_src comp="130" pin="0"/><net_sink comp="2835" pin=19"/></net>

<net id="2892"><net_src comp="2765" pin="4"/><net_sink comp="2835" pin=20"/></net>

<net id="2893"><net_src comp="132" pin="0"/><net_sink comp="2835" pin=21"/></net>

<net id="2894"><net_src comp="2775" pin="4"/><net_sink comp="2835" pin=22"/></net>

<net id="2895"><net_src comp="134" pin="0"/><net_sink comp="2835" pin=23"/></net>

<net id="2896"><net_src comp="2785" pin="4"/><net_sink comp="2835" pin=24"/></net>

<net id="2897"><net_src comp="136" pin="0"/><net_sink comp="2835" pin=25"/></net>

<net id="2898"><net_src comp="2795" pin="4"/><net_sink comp="2835" pin=26"/></net>

<net id="2899"><net_src comp="138" pin="0"/><net_sink comp="2835" pin=27"/></net>

<net id="2900"><net_src comp="2805" pin="4"/><net_sink comp="2835" pin=28"/></net>

<net id="2901"><net_src comp="140" pin="0"/><net_sink comp="2835" pin=29"/></net>

<net id="2902"><net_src comp="2815" pin="4"/><net_sink comp="2835" pin=30"/></net>

<net id="2903"><net_src comp="158" pin="0"/><net_sink comp="2835" pin=31"/></net>

<net id="2904"><net_src comp="2825" pin="4"/><net_sink comp="2835" pin=32"/></net>

<net id="2905"><net_src comp="160" pin="0"/><net_sink comp="2835" pin=33"/></net>

<net id="2910"><net_src comp="2835" pin="35"/><net_sink comp="2906" pin=0"/></net>

<net id="2917"><net_src comp="162" pin="0"/><net_sink comp="2911" pin=0"/></net>

<net id="2918"><net_src comp="835" pin="1"/><net_sink comp="2911" pin=1"/></net>

<net id="2919"><net_src comp="196" pin="0"/><net_sink comp="2911" pin=2"/></net>

<net id="2920"><net_src comp="198" pin="0"/><net_sink comp="2911" pin=3"/></net>

<net id="2927"><net_src comp="162" pin="0"/><net_sink comp="2921" pin=0"/></net>

<net id="2928"><net_src comp="838" pin="1"/><net_sink comp="2921" pin=1"/></net>

<net id="2929"><net_src comp="196" pin="0"/><net_sink comp="2921" pin=2"/></net>

<net id="2930"><net_src comp="198" pin="0"/><net_sink comp="2921" pin=3"/></net>

<net id="2937"><net_src comp="162" pin="0"/><net_sink comp="2931" pin=0"/></net>

<net id="2938"><net_src comp="841" pin="1"/><net_sink comp="2931" pin=1"/></net>

<net id="2939"><net_src comp="196" pin="0"/><net_sink comp="2931" pin=2"/></net>

<net id="2940"><net_src comp="198" pin="0"/><net_sink comp="2931" pin=3"/></net>

<net id="2947"><net_src comp="162" pin="0"/><net_sink comp="2941" pin=0"/></net>

<net id="2948"><net_src comp="844" pin="1"/><net_sink comp="2941" pin=1"/></net>

<net id="2949"><net_src comp="196" pin="0"/><net_sink comp="2941" pin=2"/></net>

<net id="2950"><net_src comp="198" pin="0"/><net_sink comp="2941" pin=3"/></net>

<net id="2957"><net_src comp="162" pin="0"/><net_sink comp="2951" pin=0"/></net>

<net id="2958"><net_src comp="847" pin="1"/><net_sink comp="2951" pin=1"/></net>

<net id="2959"><net_src comp="196" pin="0"/><net_sink comp="2951" pin=2"/></net>

<net id="2960"><net_src comp="198" pin="0"/><net_sink comp="2951" pin=3"/></net>

<net id="2967"><net_src comp="162" pin="0"/><net_sink comp="2961" pin=0"/></net>

<net id="2968"><net_src comp="850" pin="1"/><net_sink comp="2961" pin=1"/></net>

<net id="2969"><net_src comp="196" pin="0"/><net_sink comp="2961" pin=2"/></net>

<net id="2970"><net_src comp="198" pin="0"/><net_sink comp="2961" pin=3"/></net>

<net id="2977"><net_src comp="162" pin="0"/><net_sink comp="2971" pin=0"/></net>

<net id="2978"><net_src comp="853" pin="1"/><net_sink comp="2971" pin=1"/></net>

<net id="2979"><net_src comp="196" pin="0"/><net_sink comp="2971" pin=2"/></net>

<net id="2980"><net_src comp="198" pin="0"/><net_sink comp="2971" pin=3"/></net>

<net id="2987"><net_src comp="162" pin="0"/><net_sink comp="2981" pin=0"/></net>

<net id="2988"><net_src comp="856" pin="1"/><net_sink comp="2981" pin=1"/></net>

<net id="2989"><net_src comp="196" pin="0"/><net_sink comp="2981" pin=2"/></net>

<net id="2990"><net_src comp="198" pin="0"/><net_sink comp="2981" pin=3"/></net>

<net id="2997"><net_src comp="162" pin="0"/><net_sink comp="2991" pin=0"/></net>

<net id="2998"><net_src comp="859" pin="1"/><net_sink comp="2991" pin=1"/></net>

<net id="2999"><net_src comp="196" pin="0"/><net_sink comp="2991" pin=2"/></net>

<net id="3000"><net_src comp="198" pin="0"/><net_sink comp="2991" pin=3"/></net>

<net id="3007"><net_src comp="162" pin="0"/><net_sink comp="3001" pin=0"/></net>

<net id="3008"><net_src comp="862" pin="1"/><net_sink comp="3001" pin=1"/></net>

<net id="3009"><net_src comp="196" pin="0"/><net_sink comp="3001" pin=2"/></net>

<net id="3010"><net_src comp="198" pin="0"/><net_sink comp="3001" pin=3"/></net>

<net id="3017"><net_src comp="162" pin="0"/><net_sink comp="3011" pin=0"/></net>

<net id="3018"><net_src comp="865" pin="1"/><net_sink comp="3011" pin=1"/></net>

<net id="3019"><net_src comp="196" pin="0"/><net_sink comp="3011" pin=2"/></net>

<net id="3020"><net_src comp="198" pin="0"/><net_sink comp="3011" pin=3"/></net>

<net id="3027"><net_src comp="162" pin="0"/><net_sink comp="3021" pin=0"/></net>

<net id="3028"><net_src comp="868" pin="1"/><net_sink comp="3021" pin=1"/></net>

<net id="3029"><net_src comp="196" pin="0"/><net_sink comp="3021" pin=2"/></net>

<net id="3030"><net_src comp="198" pin="0"/><net_sink comp="3021" pin=3"/></net>

<net id="3037"><net_src comp="162" pin="0"/><net_sink comp="3031" pin=0"/></net>

<net id="3038"><net_src comp="871" pin="1"/><net_sink comp="3031" pin=1"/></net>

<net id="3039"><net_src comp="196" pin="0"/><net_sink comp="3031" pin=2"/></net>

<net id="3040"><net_src comp="198" pin="0"/><net_sink comp="3031" pin=3"/></net>

<net id="3047"><net_src comp="162" pin="0"/><net_sink comp="3041" pin=0"/></net>

<net id="3048"><net_src comp="874" pin="1"/><net_sink comp="3041" pin=1"/></net>

<net id="3049"><net_src comp="196" pin="0"/><net_sink comp="3041" pin=2"/></net>

<net id="3050"><net_src comp="198" pin="0"/><net_sink comp="3041" pin=3"/></net>

<net id="3057"><net_src comp="162" pin="0"/><net_sink comp="3051" pin=0"/></net>

<net id="3058"><net_src comp="877" pin="1"/><net_sink comp="3051" pin=1"/></net>

<net id="3059"><net_src comp="196" pin="0"/><net_sink comp="3051" pin=2"/></net>

<net id="3060"><net_src comp="198" pin="0"/><net_sink comp="3051" pin=3"/></net>

<net id="3067"><net_src comp="162" pin="0"/><net_sink comp="3061" pin=0"/></net>

<net id="3068"><net_src comp="880" pin="1"/><net_sink comp="3061" pin=1"/></net>

<net id="3069"><net_src comp="196" pin="0"/><net_sink comp="3061" pin=2"/></net>

<net id="3070"><net_src comp="198" pin="0"/><net_sink comp="3061" pin=3"/></net>

<net id="3108"><net_src comp="156" pin="0"/><net_sink comp="3071" pin=0"/></net>

<net id="3109"><net_src comp="112" pin="0"/><net_sink comp="3071" pin=1"/></net>

<net id="3110"><net_src comp="2911" pin="4"/><net_sink comp="3071" pin=2"/></net>

<net id="3111"><net_src comp="114" pin="0"/><net_sink comp="3071" pin=3"/></net>

<net id="3112"><net_src comp="2921" pin="4"/><net_sink comp="3071" pin=4"/></net>

<net id="3113"><net_src comp="116" pin="0"/><net_sink comp="3071" pin=5"/></net>

<net id="3114"><net_src comp="2931" pin="4"/><net_sink comp="3071" pin=6"/></net>

<net id="3115"><net_src comp="118" pin="0"/><net_sink comp="3071" pin=7"/></net>

<net id="3116"><net_src comp="2941" pin="4"/><net_sink comp="3071" pin=8"/></net>

<net id="3117"><net_src comp="120" pin="0"/><net_sink comp="3071" pin=9"/></net>

<net id="3118"><net_src comp="2951" pin="4"/><net_sink comp="3071" pin=10"/></net>

<net id="3119"><net_src comp="122" pin="0"/><net_sink comp="3071" pin=11"/></net>

<net id="3120"><net_src comp="2961" pin="4"/><net_sink comp="3071" pin=12"/></net>

<net id="3121"><net_src comp="124" pin="0"/><net_sink comp="3071" pin=13"/></net>

<net id="3122"><net_src comp="2971" pin="4"/><net_sink comp="3071" pin=14"/></net>

<net id="3123"><net_src comp="126" pin="0"/><net_sink comp="3071" pin=15"/></net>

<net id="3124"><net_src comp="2981" pin="4"/><net_sink comp="3071" pin=16"/></net>

<net id="3125"><net_src comp="128" pin="0"/><net_sink comp="3071" pin=17"/></net>

<net id="3126"><net_src comp="2991" pin="4"/><net_sink comp="3071" pin=18"/></net>

<net id="3127"><net_src comp="130" pin="0"/><net_sink comp="3071" pin=19"/></net>

<net id="3128"><net_src comp="3001" pin="4"/><net_sink comp="3071" pin=20"/></net>

<net id="3129"><net_src comp="132" pin="0"/><net_sink comp="3071" pin=21"/></net>

<net id="3130"><net_src comp="3011" pin="4"/><net_sink comp="3071" pin=22"/></net>

<net id="3131"><net_src comp="134" pin="0"/><net_sink comp="3071" pin=23"/></net>

<net id="3132"><net_src comp="3021" pin="4"/><net_sink comp="3071" pin=24"/></net>

<net id="3133"><net_src comp="136" pin="0"/><net_sink comp="3071" pin=25"/></net>

<net id="3134"><net_src comp="3031" pin="4"/><net_sink comp="3071" pin=26"/></net>

<net id="3135"><net_src comp="138" pin="0"/><net_sink comp="3071" pin=27"/></net>

<net id="3136"><net_src comp="3041" pin="4"/><net_sink comp="3071" pin=28"/></net>

<net id="3137"><net_src comp="140" pin="0"/><net_sink comp="3071" pin=29"/></net>

<net id="3138"><net_src comp="3051" pin="4"/><net_sink comp="3071" pin=30"/></net>

<net id="3139"><net_src comp="158" pin="0"/><net_sink comp="3071" pin=31"/></net>

<net id="3140"><net_src comp="3061" pin="4"/><net_sink comp="3071" pin=32"/></net>

<net id="3141"><net_src comp="160" pin="0"/><net_sink comp="3071" pin=33"/></net>

<net id="3146"><net_src comp="3071" pin="35"/><net_sink comp="3142" pin=0"/></net>

<net id="3153"><net_src comp="162" pin="0"/><net_sink comp="3147" pin=0"/></net>

<net id="3154"><net_src comp="835" pin="1"/><net_sink comp="3147" pin=1"/></net>

<net id="3155"><net_src comp="200" pin="0"/><net_sink comp="3147" pin=2"/></net>

<net id="3156"><net_src comp="202" pin="0"/><net_sink comp="3147" pin=3"/></net>

<net id="3163"><net_src comp="162" pin="0"/><net_sink comp="3157" pin=0"/></net>

<net id="3164"><net_src comp="838" pin="1"/><net_sink comp="3157" pin=1"/></net>

<net id="3165"><net_src comp="200" pin="0"/><net_sink comp="3157" pin=2"/></net>

<net id="3166"><net_src comp="202" pin="0"/><net_sink comp="3157" pin=3"/></net>

<net id="3173"><net_src comp="162" pin="0"/><net_sink comp="3167" pin=0"/></net>

<net id="3174"><net_src comp="841" pin="1"/><net_sink comp="3167" pin=1"/></net>

<net id="3175"><net_src comp="200" pin="0"/><net_sink comp="3167" pin=2"/></net>

<net id="3176"><net_src comp="202" pin="0"/><net_sink comp="3167" pin=3"/></net>

<net id="3183"><net_src comp="162" pin="0"/><net_sink comp="3177" pin=0"/></net>

<net id="3184"><net_src comp="844" pin="1"/><net_sink comp="3177" pin=1"/></net>

<net id="3185"><net_src comp="200" pin="0"/><net_sink comp="3177" pin=2"/></net>

<net id="3186"><net_src comp="202" pin="0"/><net_sink comp="3177" pin=3"/></net>

<net id="3193"><net_src comp="162" pin="0"/><net_sink comp="3187" pin=0"/></net>

<net id="3194"><net_src comp="847" pin="1"/><net_sink comp="3187" pin=1"/></net>

<net id="3195"><net_src comp="200" pin="0"/><net_sink comp="3187" pin=2"/></net>

<net id="3196"><net_src comp="202" pin="0"/><net_sink comp="3187" pin=3"/></net>

<net id="3203"><net_src comp="162" pin="0"/><net_sink comp="3197" pin=0"/></net>

<net id="3204"><net_src comp="850" pin="1"/><net_sink comp="3197" pin=1"/></net>

<net id="3205"><net_src comp="200" pin="0"/><net_sink comp="3197" pin=2"/></net>

<net id="3206"><net_src comp="202" pin="0"/><net_sink comp="3197" pin=3"/></net>

<net id="3213"><net_src comp="162" pin="0"/><net_sink comp="3207" pin=0"/></net>

<net id="3214"><net_src comp="853" pin="1"/><net_sink comp="3207" pin=1"/></net>

<net id="3215"><net_src comp="200" pin="0"/><net_sink comp="3207" pin=2"/></net>

<net id="3216"><net_src comp="202" pin="0"/><net_sink comp="3207" pin=3"/></net>

<net id="3223"><net_src comp="162" pin="0"/><net_sink comp="3217" pin=0"/></net>

<net id="3224"><net_src comp="856" pin="1"/><net_sink comp="3217" pin=1"/></net>

<net id="3225"><net_src comp="200" pin="0"/><net_sink comp="3217" pin=2"/></net>

<net id="3226"><net_src comp="202" pin="0"/><net_sink comp="3217" pin=3"/></net>

<net id="3233"><net_src comp="162" pin="0"/><net_sink comp="3227" pin=0"/></net>

<net id="3234"><net_src comp="859" pin="1"/><net_sink comp="3227" pin=1"/></net>

<net id="3235"><net_src comp="200" pin="0"/><net_sink comp="3227" pin=2"/></net>

<net id="3236"><net_src comp="202" pin="0"/><net_sink comp="3227" pin=3"/></net>

<net id="3243"><net_src comp="162" pin="0"/><net_sink comp="3237" pin=0"/></net>

<net id="3244"><net_src comp="862" pin="1"/><net_sink comp="3237" pin=1"/></net>

<net id="3245"><net_src comp="200" pin="0"/><net_sink comp="3237" pin=2"/></net>

<net id="3246"><net_src comp="202" pin="0"/><net_sink comp="3237" pin=3"/></net>

<net id="3253"><net_src comp="162" pin="0"/><net_sink comp="3247" pin=0"/></net>

<net id="3254"><net_src comp="865" pin="1"/><net_sink comp="3247" pin=1"/></net>

<net id="3255"><net_src comp="200" pin="0"/><net_sink comp="3247" pin=2"/></net>

<net id="3256"><net_src comp="202" pin="0"/><net_sink comp="3247" pin=3"/></net>

<net id="3263"><net_src comp="162" pin="0"/><net_sink comp="3257" pin=0"/></net>

<net id="3264"><net_src comp="868" pin="1"/><net_sink comp="3257" pin=1"/></net>

<net id="3265"><net_src comp="200" pin="0"/><net_sink comp="3257" pin=2"/></net>

<net id="3266"><net_src comp="202" pin="0"/><net_sink comp="3257" pin=3"/></net>

<net id="3273"><net_src comp="162" pin="0"/><net_sink comp="3267" pin=0"/></net>

<net id="3274"><net_src comp="871" pin="1"/><net_sink comp="3267" pin=1"/></net>

<net id="3275"><net_src comp="200" pin="0"/><net_sink comp="3267" pin=2"/></net>

<net id="3276"><net_src comp="202" pin="0"/><net_sink comp="3267" pin=3"/></net>

<net id="3283"><net_src comp="162" pin="0"/><net_sink comp="3277" pin=0"/></net>

<net id="3284"><net_src comp="874" pin="1"/><net_sink comp="3277" pin=1"/></net>

<net id="3285"><net_src comp="200" pin="0"/><net_sink comp="3277" pin=2"/></net>

<net id="3286"><net_src comp="202" pin="0"/><net_sink comp="3277" pin=3"/></net>

<net id="3293"><net_src comp="162" pin="0"/><net_sink comp="3287" pin=0"/></net>

<net id="3294"><net_src comp="877" pin="1"/><net_sink comp="3287" pin=1"/></net>

<net id="3295"><net_src comp="200" pin="0"/><net_sink comp="3287" pin=2"/></net>

<net id="3296"><net_src comp="202" pin="0"/><net_sink comp="3287" pin=3"/></net>

<net id="3303"><net_src comp="162" pin="0"/><net_sink comp="3297" pin=0"/></net>

<net id="3304"><net_src comp="880" pin="1"/><net_sink comp="3297" pin=1"/></net>

<net id="3305"><net_src comp="200" pin="0"/><net_sink comp="3297" pin=2"/></net>

<net id="3306"><net_src comp="202" pin="0"/><net_sink comp="3297" pin=3"/></net>

<net id="3344"><net_src comp="156" pin="0"/><net_sink comp="3307" pin=0"/></net>

<net id="3345"><net_src comp="112" pin="0"/><net_sink comp="3307" pin=1"/></net>

<net id="3346"><net_src comp="3147" pin="4"/><net_sink comp="3307" pin=2"/></net>

<net id="3347"><net_src comp="114" pin="0"/><net_sink comp="3307" pin=3"/></net>

<net id="3348"><net_src comp="3157" pin="4"/><net_sink comp="3307" pin=4"/></net>

<net id="3349"><net_src comp="116" pin="0"/><net_sink comp="3307" pin=5"/></net>

<net id="3350"><net_src comp="3167" pin="4"/><net_sink comp="3307" pin=6"/></net>

<net id="3351"><net_src comp="118" pin="0"/><net_sink comp="3307" pin=7"/></net>

<net id="3352"><net_src comp="3177" pin="4"/><net_sink comp="3307" pin=8"/></net>

<net id="3353"><net_src comp="120" pin="0"/><net_sink comp="3307" pin=9"/></net>

<net id="3354"><net_src comp="3187" pin="4"/><net_sink comp="3307" pin=10"/></net>

<net id="3355"><net_src comp="122" pin="0"/><net_sink comp="3307" pin=11"/></net>

<net id="3356"><net_src comp="3197" pin="4"/><net_sink comp="3307" pin=12"/></net>

<net id="3357"><net_src comp="124" pin="0"/><net_sink comp="3307" pin=13"/></net>

<net id="3358"><net_src comp="3207" pin="4"/><net_sink comp="3307" pin=14"/></net>

<net id="3359"><net_src comp="126" pin="0"/><net_sink comp="3307" pin=15"/></net>

<net id="3360"><net_src comp="3217" pin="4"/><net_sink comp="3307" pin=16"/></net>

<net id="3361"><net_src comp="128" pin="0"/><net_sink comp="3307" pin=17"/></net>

<net id="3362"><net_src comp="3227" pin="4"/><net_sink comp="3307" pin=18"/></net>

<net id="3363"><net_src comp="130" pin="0"/><net_sink comp="3307" pin=19"/></net>

<net id="3364"><net_src comp="3237" pin="4"/><net_sink comp="3307" pin=20"/></net>

<net id="3365"><net_src comp="132" pin="0"/><net_sink comp="3307" pin=21"/></net>

<net id="3366"><net_src comp="3247" pin="4"/><net_sink comp="3307" pin=22"/></net>

<net id="3367"><net_src comp="134" pin="0"/><net_sink comp="3307" pin=23"/></net>

<net id="3368"><net_src comp="3257" pin="4"/><net_sink comp="3307" pin=24"/></net>

<net id="3369"><net_src comp="136" pin="0"/><net_sink comp="3307" pin=25"/></net>

<net id="3370"><net_src comp="3267" pin="4"/><net_sink comp="3307" pin=26"/></net>

<net id="3371"><net_src comp="138" pin="0"/><net_sink comp="3307" pin=27"/></net>

<net id="3372"><net_src comp="3277" pin="4"/><net_sink comp="3307" pin=28"/></net>

<net id="3373"><net_src comp="140" pin="0"/><net_sink comp="3307" pin=29"/></net>

<net id="3374"><net_src comp="3287" pin="4"/><net_sink comp="3307" pin=30"/></net>

<net id="3375"><net_src comp="158" pin="0"/><net_sink comp="3307" pin=31"/></net>

<net id="3376"><net_src comp="3297" pin="4"/><net_sink comp="3307" pin=32"/></net>

<net id="3377"><net_src comp="160" pin="0"/><net_sink comp="3307" pin=33"/></net>

<net id="3382"><net_src comp="3307" pin="35"/><net_sink comp="3378" pin=0"/></net>

<net id="3389"><net_src comp="162" pin="0"/><net_sink comp="3383" pin=0"/></net>

<net id="3390"><net_src comp="835" pin="1"/><net_sink comp="3383" pin=1"/></net>

<net id="3391"><net_src comp="204" pin="0"/><net_sink comp="3383" pin=2"/></net>

<net id="3392"><net_src comp="206" pin="0"/><net_sink comp="3383" pin=3"/></net>

<net id="3399"><net_src comp="162" pin="0"/><net_sink comp="3393" pin=0"/></net>

<net id="3400"><net_src comp="838" pin="1"/><net_sink comp="3393" pin=1"/></net>

<net id="3401"><net_src comp="204" pin="0"/><net_sink comp="3393" pin=2"/></net>

<net id="3402"><net_src comp="206" pin="0"/><net_sink comp="3393" pin=3"/></net>

<net id="3409"><net_src comp="162" pin="0"/><net_sink comp="3403" pin=0"/></net>

<net id="3410"><net_src comp="841" pin="1"/><net_sink comp="3403" pin=1"/></net>

<net id="3411"><net_src comp="204" pin="0"/><net_sink comp="3403" pin=2"/></net>

<net id="3412"><net_src comp="206" pin="0"/><net_sink comp="3403" pin=3"/></net>

<net id="3419"><net_src comp="162" pin="0"/><net_sink comp="3413" pin=0"/></net>

<net id="3420"><net_src comp="844" pin="1"/><net_sink comp="3413" pin=1"/></net>

<net id="3421"><net_src comp="204" pin="0"/><net_sink comp="3413" pin=2"/></net>

<net id="3422"><net_src comp="206" pin="0"/><net_sink comp="3413" pin=3"/></net>

<net id="3429"><net_src comp="162" pin="0"/><net_sink comp="3423" pin=0"/></net>

<net id="3430"><net_src comp="847" pin="1"/><net_sink comp="3423" pin=1"/></net>

<net id="3431"><net_src comp="204" pin="0"/><net_sink comp="3423" pin=2"/></net>

<net id="3432"><net_src comp="206" pin="0"/><net_sink comp="3423" pin=3"/></net>

<net id="3439"><net_src comp="162" pin="0"/><net_sink comp="3433" pin=0"/></net>

<net id="3440"><net_src comp="850" pin="1"/><net_sink comp="3433" pin=1"/></net>

<net id="3441"><net_src comp="204" pin="0"/><net_sink comp="3433" pin=2"/></net>

<net id="3442"><net_src comp="206" pin="0"/><net_sink comp="3433" pin=3"/></net>

<net id="3449"><net_src comp="162" pin="0"/><net_sink comp="3443" pin=0"/></net>

<net id="3450"><net_src comp="853" pin="1"/><net_sink comp="3443" pin=1"/></net>

<net id="3451"><net_src comp="204" pin="0"/><net_sink comp="3443" pin=2"/></net>

<net id="3452"><net_src comp="206" pin="0"/><net_sink comp="3443" pin=3"/></net>

<net id="3459"><net_src comp="162" pin="0"/><net_sink comp="3453" pin=0"/></net>

<net id="3460"><net_src comp="856" pin="1"/><net_sink comp="3453" pin=1"/></net>

<net id="3461"><net_src comp="204" pin="0"/><net_sink comp="3453" pin=2"/></net>

<net id="3462"><net_src comp="206" pin="0"/><net_sink comp="3453" pin=3"/></net>

<net id="3469"><net_src comp="162" pin="0"/><net_sink comp="3463" pin=0"/></net>

<net id="3470"><net_src comp="859" pin="1"/><net_sink comp="3463" pin=1"/></net>

<net id="3471"><net_src comp="204" pin="0"/><net_sink comp="3463" pin=2"/></net>

<net id="3472"><net_src comp="206" pin="0"/><net_sink comp="3463" pin=3"/></net>

<net id="3479"><net_src comp="162" pin="0"/><net_sink comp="3473" pin=0"/></net>

<net id="3480"><net_src comp="862" pin="1"/><net_sink comp="3473" pin=1"/></net>

<net id="3481"><net_src comp="204" pin="0"/><net_sink comp="3473" pin=2"/></net>

<net id="3482"><net_src comp="206" pin="0"/><net_sink comp="3473" pin=3"/></net>

<net id="3489"><net_src comp="162" pin="0"/><net_sink comp="3483" pin=0"/></net>

<net id="3490"><net_src comp="865" pin="1"/><net_sink comp="3483" pin=1"/></net>

<net id="3491"><net_src comp="204" pin="0"/><net_sink comp="3483" pin=2"/></net>

<net id="3492"><net_src comp="206" pin="0"/><net_sink comp="3483" pin=3"/></net>

<net id="3499"><net_src comp="162" pin="0"/><net_sink comp="3493" pin=0"/></net>

<net id="3500"><net_src comp="868" pin="1"/><net_sink comp="3493" pin=1"/></net>

<net id="3501"><net_src comp="204" pin="0"/><net_sink comp="3493" pin=2"/></net>

<net id="3502"><net_src comp="206" pin="0"/><net_sink comp="3493" pin=3"/></net>

<net id="3509"><net_src comp="162" pin="0"/><net_sink comp="3503" pin=0"/></net>

<net id="3510"><net_src comp="871" pin="1"/><net_sink comp="3503" pin=1"/></net>

<net id="3511"><net_src comp="204" pin="0"/><net_sink comp="3503" pin=2"/></net>

<net id="3512"><net_src comp="206" pin="0"/><net_sink comp="3503" pin=3"/></net>

<net id="3519"><net_src comp="162" pin="0"/><net_sink comp="3513" pin=0"/></net>

<net id="3520"><net_src comp="874" pin="1"/><net_sink comp="3513" pin=1"/></net>

<net id="3521"><net_src comp="204" pin="0"/><net_sink comp="3513" pin=2"/></net>

<net id="3522"><net_src comp="206" pin="0"/><net_sink comp="3513" pin=3"/></net>

<net id="3529"><net_src comp="162" pin="0"/><net_sink comp="3523" pin=0"/></net>

<net id="3530"><net_src comp="877" pin="1"/><net_sink comp="3523" pin=1"/></net>

<net id="3531"><net_src comp="204" pin="0"/><net_sink comp="3523" pin=2"/></net>

<net id="3532"><net_src comp="206" pin="0"/><net_sink comp="3523" pin=3"/></net>

<net id="3539"><net_src comp="162" pin="0"/><net_sink comp="3533" pin=0"/></net>

<net id="3540"><net_src comp="880" pin="1"/><net_sink comp="3533" pin=1"/></net>

<net id="3541"><net_src comp="204" pin="0"/><net_sink comp="3533" pin=2"/></net>

<net id="3542"><net_src comp="206" pin="0"/><net_sink comp="3533" pin=3"/></net>

<net id="3580"><net_src comp="156" pin="0"/><net_sink comp="3543" pin=0"/></net>

<net id="3581"><net_src comp="112" pin="0"/><net_sink comp="3543" pin=1"/></net>

<net id="3582"><net_src comp="3383" pin="4"/><net_sink comp="3543" pin=2"/></net>

<net id="3583"><net_src comp="114" pin="0"/><net_sink comp="3543" pin=3"/></net>

<net id="3584"><net_src comp="3393" pin="4"/><net_sink comp="3543" pin=4"/></net>

<net id="3585"><net_src comp="116" pin="0"/><net_sink comp="3543" pin=5"/></net>

<net id="3586"><net_src comp="3403" pin="4"/><net_sink comp="3543" pin=6"/></net>

<net id="3587"><net_src comp="118" pin="0"/><net_sink comp="3543" pin=7"/></net>

<net id="3588"><net_src comp="3413" pin="4"/><net_sink comp="3543" pin=8"/></net>

<net id="3589"><net_src comp="120" pin="0"/><net_sink comp="3543" pin=9"/></net>

<net id="3590"><net_src comp="3423" pin="4"/><net_sink comp="3543" pin=10"/></net>

<net id="3591"><net_src comp="122" pin="0"/><net_sink comp="3543" pin=11"/></net>

<net id="3592"><net_src comp="3433" pin="4"/><net_sink comp="3543" pin=12"/></net>

<net id="3593"><net_src comp="124" pin="0"/><net_sink comp="3543" pin=13"/></net>

<net id="3594"><net_src comp="3443" pin="4"/><net_sink comp="3543" pin=14"/></net>

<net id="3595"><net_src comp="126" pin="0"/><net_sink comp="3543" pin=15"/></net>

<net id="3596"><net_src comp="3453" pin="4"/><net_sink comp="3543" pin=16"/></net>

<net id="3597"><net_src comp="128" pin="0"/><net_sink comp="3543" pin=17"/></net>

<net id="3598"><net_src comp="3463" pin="4"/><net_sink comp="3543" pin=18"/></net>

<net id="3599"><net_src comp="130" pin="0"/><net_sink comp="3543" pin=19"/></net>

<net id="3600"><net_src comp="3473" pin="4"/><net_sink comp="3543" pin=20"/></net>

<net id="3601"><net_src comp="132" pin="0"/><net_sink comp="3543" pin=21"/></net>

<net id="3602"><net_src comp="3483" pin="4"/><net_sink comp="3543" pin=22"/></net>

<net id="3603"><net_src comp="134" pin="0"/><net_sink comp="3543" pin=23"/></net>

<net id="3604"><net_src comp="3493" pin="4"/><net_sink comp="3543" pin=24"/></net>

<net id="3605"><net_src comp="136" pin="0"/><net_sink comp="3543" pin=25"/></net>

<net id="3606"><net_src comp="3503" pin="4"/><net_sink comp="3543" pin=26"/></net>

<net id="3607"><net_src comp="138" pin="0"/><net_sink comp="3543" pin=27"/></net>

<net id="3608"><net_src comp="3513" pin="4"/><net_sink comp="3543" pin=28"/></net>

<net id="3609"><net_src comp="140" pin="0"/><net_sink comp="3543" pin=29"/></net>

<net id="3610"><net_src comp="3523" pin="4"/><net_sink comp="3543" pin=30"/></net>

<net id="3611"><net_src comp="158" pin="0"/><net_sink comp="3543" pin=31"/></net>

<net id="3612"><net_src comp="3533" pin="4"/><net_sink comp="3543" pin=32"/></net>

<net id="3613"><net_src comp="160" pin="0"/><net_sink comp="3543" pin=33"/></net>

<net id="3618"><net_src comp="3543" pin="35"/><net_sink comp="3614" pin=0"/></net>

<net id="3625"><net_src comp="162" pin="0"/><net_sink comp="3619" pin=0"/></net>

<net id="3626"><net_src comp="835" pin="1"/><net_sink comp="3619" pin=1"/></net>

<net id="3627"><net_src comp="208" pin="0"/><net_sink comp="3619" pin=2"/></net>

<net id="3628"><net_src comp="210" pin="0"/><net_sink comp="3619" pin=3"/></net>

<net id="3635"><net_src comp="162" pin="0"/><net_sink comp="3629" pin=0"/></net>

<net id="3636"><net_src comp="838" pin="1"/><net_sink comp="3629" pin=1"/></net>

<net id="3637"><net_src comp="208" pin="0"/><net_sink comp="3629" pin=2"/></net>

<net id="3638"><net_src comp="210" pin="0"/><net_sink comp="3629" pin=3"/></net>

<net id="3645"><net_src comp="162" pin="0"/><net_sink comp="3639" pin=0"/></net>

<net id="3646"><net_src comp="841" pin="1"/><net_sink comp="3639" pin=1"/></net>

<net id="3647"><net_src comp="208" pin="0"/><net_sink comp="3639" pin=2"/></net>

<net id="3648"><net_src comp="210" pin="0"/><net_sink comp="3639" pin=3"/></net>

<net id="3655"><net_src comp="162" pin="0"/><net_sink comp="3649" pin=0"/></net>

<net id="3656"><net_src comp="844" pin="1"/><net_sink comp="3649" pin=1"/></net>

<net id="3657"><net_src comp="208" pin="0"/><net_sink comp="3649" pin=2"/></net>

<net id="3658"><net_src comp="210" pin="0"/><net_sink comp="3649" pin=3"/></net>

<net id="3665"><net_src comp="162" pin="0"/><net_sink comp="3659" pin=0"/></net>

<net id="3666"><net_src comp="847" pin="1"/><net_sink comp="3659" pin=1"/></net>

<net id="3667"><net_src comp="208" pin="0"/><net_sink comp="3659" pin=2"/></net>

<net id="3668"><net_src comp="210" pin="0"/><net_sink comp="3659" pin=3"/></net>

<net id="3675"><net_src comp="162" pin="0"/><net_sink comp="3669" pin=0"/></net>

<net id="3676"><net_src comp="850" pin="1"/><net_sink comp="3669" pin=1"/></net>

<net id="3677"><net_src comp="208" pin="0"/><net_sink comp="3669" pin=2"/></net>

<net id="3678"><net_src comp="210" pin="0"/><net_sink comp="3669" pin=3"/></net>

<net id="3685"><net_src comp="162" pin="0"/><net_sink comp="3679" pin=0"/></net>

<net id="3686"><net_src comp="853" pin="1"/><net_sink comp="3679" pin=1"/></net>

<net id="3687"><net_src comp="208" pin="0"/><net_sink comp="3679" pin=2"/></net>

<net id="3688"><net_src comp="210" pin="0"/><net_sink comp="3679" pin=3"/></net>

<net id="3695"><net_src comp="162" pin="0"/><net_sink comp="3689" pin=0"/></net>

<net id="3696"><net_src comp="856" pin="1"/><net_sink comp="3689" pin=1"/></net>

<net id="3697"><net_src comp="208" pin="0"/><net_sink comp="3689" pin=2"/></net>

<net id="3698"><net_src comp="210" pin="0"/><net_sink comp="3689" pin=3"/></net>

<net id="3705"><net_src comp="162" pin="0"/><net_sink comp="3699" pin=0"/></net>

<net id="3706"><net_src comp="859" pin="1"/><net_sink comp="3699" pin=1"/></net>

<net id="3707"><net_src comp="208" pin="0"/><net_sink comp="3699" pin=2"/></net>

<net id="3708"><net_src comp="210" pin="0"/><net_sink comp="3699" pin=3"/></net>

<net id="3715"><net_src comp="162" pin="0"/><net_sink comp="3709" pin=0"/></net>

<net id="3716"><net_src comp="862" pin="1"/><net_sink comp="3709" pin=1"/></net>

<net id="3717"><net_src comp="208" pin="0"/><net_sink comp="3709" pin=2"/></net>

<net id="3718"><net_src comp="210" pin="0"/><net_sink comp="3709" pin=3"/></net>

<net id="3725"><net_src comp="162" pin="0"/><net_sink comp="3719" pin=0"/></net>

<net id="3726"><net_src comp="865" pin="1"/><net_sink comp="3719" pin=1"/></net>

<net id="3727"><net_src comp="208" pin="0"/><net_sink comp="3719" pin=2"/></net>

<net id="3728"><net_src comp="210" pin="0"/><net_sink comp="3719" pin=3"/></net>

<net id="3735"><net_src comp="162" pin="0"/><net_sink comp="3729" pin=0"/></net>

<net id="3736"><net_src comp="868" pin="1"/><net_sink comp="3729" pin=1"/></net>

<net id="3737"><net_src comp="208" pin="0"/><net_sink comp="3729" pin=2"/></net>

<net id="3738"><net_src comp="210" pin="0"/><net_sink comp="3729" pin=3"/></net>

<net id="3745"><net_src comp="162" pin="0"/><net_sink comp="3739" pin=0"/></net>

<net id="3746"><net_src comp="871" pin="1"/><net_sink comp="3739" pin=1"/></net>

<net id="3747"><net_src comp="208" pin="0"/><net_sink comp="3739" pin=2"/></net>

<net id="3748"><net_src comp="210" pin="0"/><net_sink comp="3739" pin=3"/></net>

<net id="3755"><net_src comp="162" pin="0"/><net_sink comp="3749" pin=0"/></net>

<net id="3756"><net_src comp="874" pin="1"/><net_sink comp="3749" pin=1"/></net>

<net id="3757"><net_src comp="208" pin="0"/><net_sink comp="3749" pin=2"/></net>

<net id="3758"><net_src comp="210" pin="0"/><net_sink comp="3749" pin=3"/></net>

<net id="3765"><net_src comp="162" pin="0"/><net_sink comp="3759" pin=0"/></net>

<net id="3766"><net_src comp="877" pin="1"/><net_sink comp="3759" pin=1"/></net>

<net id="3767"><net_src comp="208" pin="0"/><net_sink comp="3759" pin=2"/></net>

<net id="3768"><net_src comp="210" pin="0"/><net_sink comp="3759" pin=3"/></net>

<net id="3775"><net_src comp="162" pin="0"/><net_sink comp="3769" pin=0"/></net>

<net id="3776"><net_src comp="880" pin="1"/><net_sink comp="3769" pin=1"/></net>

<net id="3777"><net_src comp="208" pin="0"/><net_sink comp="3769" pin=2"/></net>

<net id="3778"><net_src comp="210" pin="0"/><net_sink comp="3769" pin=3"/></net>

<net id="3816"><net_src comp="156" pin="0"/><net_sink comp="3779" pin=0"/></net>

<net id="3817"><net_src comp="112" pin="0"/><net_sink comp="3779" pin=1"/></net>

<net id="3818"><net_src comp="3619" pin="4"/><net_sink comp="3779" pin=2"/></net>

<net id="3819"><net_src comp="114" pin="0"/><net_sink comp="3779" pin=3"/></net>

<net id="3820"><net_src comp="3629" pin="4"/><net_sink comp="3779" pin=4"/></net>

<net id="3821"><net_src comp="116" pin="0"/><net_sink comp="3779" pin=5"/></net>

<net id="3822"><net_src comp="3639" pin="4"/><net_sink comp="3779" pin=6"/></net>

<net id="3823"><net_src comp="118" pin="0"/><net_sink comp="3779" pin=7"/></net>

<net id="3824"><net_src comp="3649" pin="4"/><net_sink comp="3779" pin=8"/></net>

<net id="3825"><net_src comp="120" pin="0"/><net_sink comp="3779" pin=9"/></net>

<net id="3826"><net_src comp="3659" pin="4"/><net_sink comp="3779" pin=10"/></net>

<net id="3827"><net_src comp="122" pin="0"/><net_sink comp="3779" pin=11"/></net>

<net id="3828"><net_src comp="3669" pin="4"/><net_sink comp="3779" pin=12"/></net>

<net id="3829"><net_src comp="124" pin="0"/><net_sink comp="3779" pin=13"/></net>

<net id="3830"><net_src comp="3679" pin="4"/><net_sink comp="3779" pin=14"/></net>

<net id="3831"><net_src comp="126" pin="0"/><net_sink comp="3779" pin=15"/></net>

<net id="3832"><net_src comp="3689" pin="4"/><net_sink comp="3779" pin=16"/></net>

<net id="3833"><net_src comp="128" pin="0"/><net_sink comp="3779" pin=17"/></net>

<net id="3834"><net_src comp="3699" pin="4"/><net_sink comp="3779" pin=18"/></net>

<net id="3835"><net_src comp="130" pin="0"/><net_sink comp="3779" pin=19"/></net>

<net id="3836"><net_src comp="3709" pin="4"/><net_sink comp="3779" pin=20"/></net>

<net id="3837"><net_src comp="132" pin="0"/><net_sink comp="3779" pin=21"/></net>

<net id="3838"><net_src comp="3719" pin="4"/><net_sink comp="3779" pin=22"/></net>

<net id="3839"><net_src comp="134" pin="0"/><net_sink comp="3779" pin=23"/></net>

<net id="3840"><net_src comp="3729" pin="4"/><net_sink comp="3779" pin=24"/></net>

<net id="3841"><net_src comp="136" pin="0"/><net_sink comp="3779" pin=25"/></net>

<net id="3842"><net_src comp="3739" pin="4"/><net_sink comp="3779" pin=26"/></net>

<net id="3843"><net_src comp="138" pin="0"/><net_sink comp="3779" pin=27"/></net>

<net id="3844"><net_src comp="3749" pin="4"/><net_sink comp="3779" pin=28"/></net>

<net id="3845"><net_src comp="140" pin="0"/><net_sink comp="3779" pin=29"/></net>

<net id="3846"><net_src comp="3759" pin="4"/><net_sink comp="3779" pin=30"/></net>

<net id="3847"><net_src comp="158" pin="0"/><net_sink comp="3779" pin=31"/></net>

<net id="3848"><net_src comp="3769" pin="4"/><net_sink comp="3779" pin=32"/></net>

<net id="3849"><net_src comp="160" pin="0"/><net_sink comp="3779" pin=33"/></net>

<net id="3854"><net_src comp="3779" pin="35"/><net_sink comp="3850" pin=0"/></net>

<net id="3861"><net_src comp="162" pin="0"/><net_sink comp="3855" pin=0"/></net>

<net id="3862"><net_src comp="835" pin="1"/><net_sink comp="3855" pin=1"/></net>

<net id="3863"><net_src comp="212" pin="0"/><net_sink comp="3855" pin=2"/></net>

<net id="3864"><net_src comp="214" pin="0"/><net_sink comp="3855" pin=3"/></net>

<net id="3871"><net_src comp="162" pin="0"/><net_sink comp="3865" pin=0"/></net>

<net id="3872"><net_src comp="838" pin="1"/><net_sink comp="3865" pin=1"/></net>

<net id="3873"><net_src comp="212" pin="0"/><net_sink comp="3865" pin=2"/></net>

<net id="3874"><net_src comp="214" pin="0"/><net_sink comp="3865" pin=3"/></net>

<net id="3881"><net_src comp="162" pin="0"/><net_sink comp="3875" pin=0"/></net>

<net id="3882"><net_src comp="841" pin="1"/><net_sink comp="3875" pin=1"/></net>

<net id="3883"><net_src comp="212" pin="0"/><net_sink comp="3875" pin=2"/></net>

<net id="3884"><net_src comp="214" pin="0"/><net_sink comp="3875" pin=3"/></net>

<net id="3891"><net_src comp="162" pin="0"/><net_sink comp="3885" pin=0"/></net>

<net id="3892"><net_src comp="844" pin="1"/><net_sink comp="3885" pin=1"/></net>

<net id="3893"><net_src comp="212" pin="0"/><net_sink comp="3885" pin=2"/></net>

<net id="3894"><net_src comp="214" pin="0"/><net_sink comp="3885" pin=3"/></net>

<net id="3901"><net_src comp="162" pin="0"/><net_sink comp="3895" pin=0"/></net>

<net id="3902"><net_src comp="847" pin="1"/><net_sink comp="3895" pin=1"/></net>

<net id="3903"><net_src comp="212" pin="0"/><net_sink comp="3895" pin=2"/></net>

<net id="3904"><net_src comp="214" pin="0"/><net_sink comp="3895" pin=3"/></net>

<net id="3911"><net_src comp="162" pin="0"/><net_sink comp="3905" pin=0"/></net>

<net id="3912"><net_src comp="850" pin="1"/><net_sink comp="3905" pin=1"/></net>

<net id="3913"><net_src comp="212" pin="0"/><net_sink comp="3905" pin=2"/></net>

<net id="3914"><net_src comp="214" pin="0"/><net_sink comp="3905" pin=3"/></net>

<net id="3921"><net_src comp="162" pin="0"/><net_sink comp="3915" pin=0"/></net>

<net id="3922"><net_src comp="853" pin="1"/><net_sink comp="3915" pin=1"/></net>

<net id="3923"><net_src comp="212" pin="0"/><net_sink comp="3915" pin=2"/></net>

<net id="3924"><net_src comp="214" pin="0"/><net_sink comp="3915" pin=3"/></net>

<net id="3931"><net_src comp="162" pin="0"/><net_sink comp="3925" pin=0"/></net>

<net id="3932"><net_src comp="856" pin="1"/><net_sink comp="3925" pin=1"/></net>

<net id="3933"><net_src comp="212" pin="0"/><net_sink comp="3925" pin=2"/></net>

<net id="3934"><net_src comp="214" pin="0"/><net_sink comp="3925" pin=3"/></net>

<net id="3941"><net_src comp="162" pin="0"/><net_sink comp="3935" pin=0"/></net>

<net id="3942"><net_src comp="859" pin="1"/><net_sink comp="3935" pin=1"/></net>

<net id="3943"><net_src comp="212" pin="0"/><net_sink comp="3935" pin=2"/></net>

<net id="3944"><net_src comp="214" pin="0"/><net_sink comp="3935" pin=3"/></net>

<net id="3951"><net_src comp="162" pin="0"/><net_sink comp="3945" pin=0"/></net>

<net id="3952"><net_src comp="862" pin="1"/><net_sink comp="3945" pin=1"/></net>

<net id="3953"><net_src comp="212" pin="0"/><net_sink comp="3945" pin=2"/></net>

<net id="3954"><net_src comp="214" pin="0"/><net_sink comp="3945" pin=3"/></net>

<net id="3961"><net_src comp="162" pin="0"/><net_sink comp="3955" pin=0"/></net>

<net id="3962"><net_src comp="865" pin="1"/><net_sink comp="3955" pin=1"/></net>

<net id="3963"><net_src comp="212" pin="0"/><net_sink comp="3955" pin=2"/></net>

<net id="3964"><net_src comp="214" pin="0"/><net_sink comp="3955" pin=3"/></net>

<net id="3971"><net_src comp="162" pin="0"/><net_sink comp="3965" pin=0"/></net>

<net id="3972"><net_src comp="868" pin="1"/><net_sink comp="3965" pin=1"/></net>

<net id="3973"><net_src comp="212" pin="0"/><net_sink comp="3965" pin=2"/></net>

<net id="3974"><net_src comp="214" pin="0"/><net_sink comp="3965" pin=3"/></net>

<net id="3981"><net_src comp="162" pin="0"/><net_sink comp="3975" pin=0"/></net>

<net id="3982"><net_src comp="871" pin="1"/><net_sink comp="3975" pin=1"/></net>

<net id="3983"><net_src comp="212" pin="0"/><net_sink comp="3975" pin=2"/></net>

<net id="3984"><net_src comp="214" pin="0"/><net_sink comp="3975" pin=3"/></net>

<net id="3991"><net_src comp="162" pin="0"/><net_sink comp="3985" pin=0"/></net>

<net id="3992"><net_src comp="874" pin="1"/><net_sink comp="3985" pin=1"/></net>

<net id="3993"><net_src comp="212" pin="0"/><net_sink comp="3985" pin=2"/></net>

<net id="3994"><net_src comp="214" pin="0"/><net_sink comp="3985" pin=3"/></net>

<net id="4001"><net_src comp="162" pin="0"/><net_sink comp="3995" pin=0"/></net>

<net id="4002"><net_src comp="877" pin="1"/><net_sink comp="3995" pin=1"/></net>

<net id="4003"><net_src comp="212" pin="0"/><net_sink comp="3995" pin=2"/></net>

<net id="4004"><net_src comp="214" pin="0"/><net_sink comp="3995" pin=3"/></net>

<net id="4011"><net_src comp="162" pin="0"/><net_sink comp="4005" pin=0"/></net>

<net id="4012"><net_src comp="880" pin="1"/><net_sink comp="4005" pin=1"/></net>

<net id="4013"><net_src comp="212" pin="0"/><net_sink comp="4005" pin=2"/></net>

<net id="4014"><net_src comp="214" pin="0"/><net_sink comp="4005" pin=3"/></net>

<net id="4052"><net_src comp="156" pin="0"/><net_sink comp="4015" pin=0"/></net>

<net id="4053"><net_src comp="112" pin="0"/><net_sink comp="4015" pin=1"/></net>

<net id="4054"><net_src comp="3855" pin="4"/><net_sink comp="4015" pin=2"/></net>

<net id="4055"><net_src comp="114" pin="0"/><net_sink comp="4015" pin=3"/></net>

<net id="4056"><net_src comp="3865" pin="4"/><net_sink comp="4015" pin=4"/></net>

<net id="4057"><net_src comp="116" pin="0"/><net_sink comp="4015" pin=5"/></net>

<net id="4058"><net_src comp="3875" pin="4"/><net_sink comp="4015" pin=6"/></net>

<net id="4059"><net_src comp="118" pin="0"/><net_sink comp="4015" pin=7"/></net>

<net id="4060"><net_src comp="3885" pin="4"/><net_sink comp="4015" pin=8"/></net>

<net id="4061"><net_src comp="120" pin="0"/><net_sink comp="4015" pin=9"/></net>

<net id="4062"><net_src comp="3895" pin="4"/><net_sink comp="4015" pin=10"/></net>

<net id="4063"><net_src comp="122" pin="0"/><net_sink comp="4015" pin=11"/></net>

<net id="4064"><net_src comp="3905" pin="4"/><net_sink comp="4015" pin=12"/></net>

<net id="4065"><net_src comp="124" pin="0"/><net_sink comp="4015" pin=13"/></net>

<net id="4066"><net_src comp="3915" pin="4"/><net_sink comp="4015" pin=14"/></net>

<net id="4067"><net_src comp="126" pin="0"/><net_sink comp="4015" pin=15"/></net>

<net id="4068"><net_src comp="3925" pin="4"/><net_sink comp="4015" pin=16"/></net>

<net id="4069"><net_src comp="128" pin="0"/><net_sink comp="4015" pin=17"/></net>

<net id="4070"><net_src comp="3935" pin="4"/><net_sink comp="4015" pin=18"/></net>

<net id="4071"><net_src comp="130" pin="0"/><net_sink comp="4015" pin=19"/></net>

<net id="4072"><net_src comp="3945" pin="4"/><net_sink comp="4015" pin=20"/></net>

<net id="4073"><net_src comp="132" pin="0"/><net_sink comp="4015" pin=21"/></net>

<net id="4074"><net_src comp="3955" pin="4"/><net_sink comp="4015" pin=22"/></net>

<net id="4075"><net_src comp="134" pin="0"/><net_sink comp="4015" pin=23"/></net>

<net id="4076"><net_src comp="3965" pin="4"/><net_sink comp="4015" pin=24"/></net>

<net id="4077"><net_src comp="136" pin="0"/><net_sink comp="4015" pin=25"/></net>

<net id="4078"><net_src comp="3975" pin="4"/><net_sink comp="4015" pin=26"/></net>

<net id="4079"><net_src comp="138" pin="0"/><net_sink comp="4015" pin=27"/></net>

<net id="4080"><net_src comp="3985" pin="4"/><net_sink comp="4015" pin=28"/></net>

<net id="4081"><net_src comp="140" pin="0"/><net_sink comp="4015" pin=29"/></net>

<net id="4082"><net_src comp="3995" pin="4"/><net_sink comp="4015" pin=30"/></net>

<net id="4083"><net_src comp="158" pin="0"/><net_sink comp="4015" pin=31"/></net>

<net id="4084"><net_src comp="4005" pin="4"/><net_sink comp="4015" pin=32"/></net>

<net id="4085"><net_src comp="160" pin="0"/><net_sink comp="4015" pin=33"/></net>

<net id="4090"><net_src comp="4015" pin="35"/><net_sink comp="4086" pin=0"/></net>

<net id="4097"><net_src comp="162" pin="0"/><net_sink comp="4091" pin=0"/></net>

<net id="4098"><net_src comp="835" pin="1"/><net_sink comp="4091" pin=1"/></net>

<net id="4099"><net_src comp="216" pin="0"/><net_sink comp="4091" pin=2"/></net>

<net id="4100"><net_src comp="218" pin="0"/><net_sink comp="4091" pin=3"/></net>

<net id="4107"><net_src comp="162" pin="0"/><net_sink comp="4101" pin=0"/></net>

<net id="4108"><net_src comp="838" pin="1"/><net_sink comp="4101" pin=1"/></net>

<net id="4109"><net_src comp="216" pin="0"/><net_sink comp="4101" pin=2"/></net>

<net id="4110"><net_src comp="218" pin="0"/><net_sink comp="4101" pin=3"/></net>

<net id="4117"><net_src comp="162" pin="0"/><net_sink comp="4111" pin=0"/></net>

<net id="4118"><net_src comp="841" pin="1"/><net_sink comp="4111" pin=1"/></net>

<net id="4119"><net_src comp="216" pin="0"/><net_sink comp="4111" pin=2"/></net>

<net id="4120"><net_src comp="218" pin="0"/><net_sink comp="4111" pin=3"/></net>

<net id="4127"><net_src comp="162" pin="0"/><net_sink comp="4121" pin=0"/></net>

<net id="4128"><net_src comp="844" pin="1"/><net_sink comp="4121" pin=1"/></net>

<net id="4129"><net_src comp="216" pin="0"/><net_sink comp="4121" pin=2"/></net>

<net id="4130"><net_src comp="218" pin="0"/><net_sink comp="4121" pin=3"/></net>

<net id="4137"><net_src comp="162" pin="0"/><net_sink comp="4131" pin=0"/></net>

<net id="4138"><net_src comp="847" pin="1"/><net_sink comp="4131" pin=1"/></net>

<net id="4139"><net_src comp="216" pin="0"/><net_sink comp="4131" pin=2"/></net>

<net id="4140"><net_src comp="218" pin="0"/><net_sink comp="4131" pin=3"/></net>

<net id="4147"><net_src comp="162" pin="0"/><net_sink comp="4141" pin=0"/></net>

<net id="4148"><net_src comp="850" pin="1"/><net_sink comp="4141" pin=1"/></net>

<net id="4149"><net_src comp="216" pin="0"/><net_sink comp="4141" pin=2"/></net>

<net id="4150"><net_src comp="218" pin="0"/><net_sink comp="4141" pin=3"/></net>

<net id="4157"><net_src comp="162" pin="0"/><net_sink comp="4151" pin=0"/></net>

<net id="4158"><net_src comp="853" pin="1"/><net_sink comp="4151" pin=1"/></net>

<net id="4159"><net_src comp="216" pin="0"/><net_sink comp="4151" pin=2"/></net>

<net id="4160"><net_src comp="218" pin="0"/><net_sink comp="4151" pin=3"/></net>

<net id="4167"><net_src comp="162" pin="0"/><net_sink comp="4161" pin=0"/></net>

<net id="4168"><net_src comp="856" pin="1"/><net_sink comp="4161" pin=1"/></net>

<net id="4169"><net_src comp="216" pin="0"/><net_sink comp="4161" pin=2"/></net>

<net id="4170"><net_src comp="218" pin="0"/><net_sink comp="4161" pin=3"/></net>

<net id="4177"><net_src comp="162" pin="0"/><net_sink comp="4171" pin=0"/></net>

<net id="4178"><net_src comp="859" pin="1"/><net_sink comp="4171" pin=1"/></net>

<net id="4179"><net_src comp="216" pin="0"/><net_sink comp="4171" pin=2"/></net>

<net id="4180"><net_src comp="218" pin="0"/><net_sink comp="4171" pin=3"/></net>

<net id="4187"><net_src comp="162" pin="0"/><net_sink comp="4181" pin=0"/></net>

<net id="4188"><net_src comp="862" pin="1"/><net_sink comp="4181" pin=1"/></net>

<net id="4189"><net_src comp="216" pin="0"/><net_sink comp="4181" pin=2"/></net>

<net id="4190"><net_src comp="218" pin="0"/><net_sink comp="4181" pin=3"/></net>

<net id="4197"><net_src comp="162" pin="0"/><net_sink comp="4191" pin=0"/></net>

<net id="4198"><net_src comp="865" pin="1"/><net_sink comp="4191" pin=1"/></net>

<net id="4199"><net_src comp="216" pin="0"/><net_sink comp="4191" pin=2"/></net>

<net id="4200"><net_src comp="218" pin="0"/><net_sink comp="4191" pin=3"/></net>

<net id="4207"><net_src comp="162" pin="0"/><net_sink comp="4201" pin=0"/></net>

<net id="4208"><net_src comp="868" pin="1"/><net_sink comp="4201" pin=1"/></net>

<net id="4209"><net_src comp="216" pin="0"/><net_sink comp="4201" pin=2"/></net>

<net id="4210"><net_src comp="218" pin="0"/><net_sink comp="4201" pin=3"/></net>

<net id="4217"><net_src comp="162" pin="0"/><net_sink comp="4211" pin=0"/></net>

<net id="4218"><net_src comp="871" pin="1"/><net_sink comp="4211" pin=1"/></net>

<net id="4219"><net_src comp="216" pin="0"/><net_sink comp="4211" pin=2"/></net>

<net id="4220"><net_src comp="218" pin="0"/><net_sink comp="4211" pin=3"/></net>

<net id="4227"><net_src comp="162" pin="0"/><net_sink comp="4221" pin=0"/></net>

<net id="4228"><net_src comp="874" pin="1"/><net_sink comp="4221" pin=1"/></net>

<net id="4229"><net_src comp="216" pin="0"/><net_sink comp="4221" pin=2"/></net>

<net id="4230"><net_src comp="218" pin="0"/><net_sink comp="4221" pin=3"/></net>

<net id="4237"><net_src comp="162" pin="0"/><net_sink comp="4231" pin=0"/></net>

<net id="4238"><net_src comp="877" pin="1"/><net_sink comp="4231" pin=1"/></net>

<net id="4239"><net_src comp="216" pin="0"/><net_sink comp="4231" pin=2"/></net>

<net id="4240"><net_src comp="218" pin="0"/><net_sink comp="4231" pin=3"/></net>

<net id="4247"><net_src comp="162" pin="0"/><net_sink comp="4241" pin=0"/></net>

<net id="4248"><net_src comp="880" pin="1"/><net_sink comp="4241" pin=1"/></net>

<net id="4249"><net_src comp="216" pin="0"/><net_sink comp="4241" pin=2"/></net>

<net id="4250"><net_src comp="218" pin="0"/><net_sink comp="4241" pin=3"/></net>

<net id="4288"><net_src comp="156" pin="0"/><net_sink comp="4251" pin=0"/></net>

<net id="4289"><net_src comp="112" pin="0"/><net_sink comp="4251" pin=1"/></net>

<net id="4290"><net_src comp="4091" pin="4"/><net_sink comp="4251" pin=2"/></net>

<net id="4291"><net_src comp="114" pin="0"/><net_sink comp="4251" pin=3"/></net>

<net id="4292"><net_src comp="4101" pin="4"/><net_sink comp="4251" pin=4"/></net>

<net id="4293"><net_src comp="116" pin="0"/><net_sink comp="4251" pin=5"/></net>

<net id="4294"><net_src comp="4111" pin="4"/><net_sink comp="4251" pin=6"/></net>

<net id="4295"><net_src comp="118" pin="0"/><net_sink comp="4251" pin=7"/></net>

<net id="4296"><net_src comp="4121" pin="4"/><net_sink comp="4251" pin=8"/></net>

<net id="4297"><net_src comp="120" pin="0"/><net_sink comp="4251" pin=9"/></net>

<net id="4298"><net_src comp="4131" pin="4"/><net_sink comp="4251" pin=10"/></net>

<net id="4299"><net_src comp="122" pin="0"/><net_sink comp="4251" pin=11"/></net>

<net id="4300"><net_src comp="4141" pin="4"/><net_sink comp="4251" pin=12"/></net>

<net id="4301"><net_src comp="124" pin="0"/><net_sink comp="4251" pin=13"/></net>

<net id="4302"><net_src comp="4151" pin="4"/><net_sink comp="4251" pin=14"/></net>

<net id="4303"><net_src comp="126" pin="0"/><net_sink comp="4251" pin=15"/></net>

<net id="4304"><net_src comp="4161" pin="4"/><net_sink comp="4251" pin=16"/></net>

<net id="4305"><net_src comp="128" pin="0"/><net_sink comp="4251" pin=17"/></net>

<net id="4306"><net_src comp="4171" pin="4"/><net_sink comp="4251" pin=18"/></net>

<net id="4307"><net_src comp="130" pin="0"/><net_sink comp="4251" pin=19"/></net>

<net id="4308"><net_src comp="4181" pin="4"/><net_sink comp="4251" pin=20"/></net>

<net id="4309"><net_src comp="132" pin="0"/><net_sink comp="4251" pin=21"/></net>

<net id="4310"><net_src comp="4191" pin="4"/><net_sink comp="4251" pin=22"/></net>

<net id="4311"><net_src comp="134" pin="0"/><net_sink comp="4251" pin=23"/></net>

<net id="4312"><net_src comp="4201" pin="4"/><net_sink comp="4251" pin=24"/></net>

<net id="4313"><net_src comp="136" pin="0"/><net_sink comp="4251" pin=25"/></net>

<net id="4314"><net_src comp="4211" pin="4"/><net_sink comp="4251" pin=26"/></net>

<net id="4315"><net_src comp="138" pin="0"/><net_sink comp="4251" pin=27"/></net>

<net id="4316"><net_src comp="4221" pin="4"/><net_sink comp="4251" pin=28"/></net>

<net id="4317"><net_src comp="140" pin="0"/><net_sink comp="4251" pin=29"/></net>

<net id="4318"><net_src comp="4231" pin="4"/><net_sink comp="4251" pin=30"/></net>

<net id="4319"><net_src comp="158" pin="0"/><net_sink comp="4251" pin=31"/></net>

<net id="4320"><net_src comp="4241" pin="4"/><net_sink comp="4251" pin=32"/></net>

<net id="4321"><net_src comp="160" pin="0"/><net_sink comp="4251" pin=33"/></net>

<net id="4326"><net_src comp="4251" pin="35"/><net_sink comp="4322" pin=0"/></net>

<net id="4333"><net_src comp="162" pin="0"/><net_sink comp="4327" pin=0"/></net>

<net id="4334"><net_src comp="835" pin="1"/><net_sink comp="4327" pin=1"/></net>

<net id="4335"><net_src comp="220" pin="0"/><net_sink comp="4327" pin=2"/></net>

<net id="4336"><net_src comp="222" pin="0"/><net_sink comp="4327" pin=3"/></net>

<net id="4343"><net_src comp="162" pin="0"/><net_sink comp="4337" pin=0"/></net>

<net id="4344"><net_src comp="838" pin="1"/><net_sink comp="4337" pin=1"/></net>

<net id="4345"><net_src comp="220" pin="0"/><net_sink comp="4337" pin=2"/></net>

<net id="4346"><net_src comp="222" pin="0"/><net_sink comp="4337" pin=3"/></net>

<net id="4353"><net_src comp="162" pin="0"/><net_sink comp="4347" pin=0"/></net>

<net id="4354"><net_src comp="841" pin="1"/><net_sink comp="4347" pin=1"/></net>

<net id="4355"><net_src comp="220" pin="0"/><net_sink comp="4347" pin=2"/></net>

<net id="4356"><net_src comp="222" pin="0"/><net_sink comp="4347" pin=3"/></net>

<net id="4363"><net_src comp="162" pin="0"/><net_sink comp="4357" pin=0"/></net>

<net id="4364"><net_src comp="844" pin="1"/><net_sink comp="4357" pin=1"/></net>

<net id="4365"><net_src comp="220" pin="0"/><net_sink comp="4357" pin=2"/></net>

<net id="4366"><net_src comp="222" pin="0"/><net_sink comp="4357" pin=3"/></net>

<net id="4373"><net_src comp="162" pin="0"/><net_sink comp="4367" pin=0"/></net>

<net id="4374"><net_src comp="847" pin="1"/><net_sink comp="4367" pin=1"/></net>

<net id="4375"><net_src comp="220" pin="0"/><net_sink comp="4367" pin=2"/></net>

<net id="4376"><net_src comp="222" pin="0"/><net_sink comp="4367" pin=3"/></net>

<net id="4383"><net_src comp="162" pin="0"/><net_sink comp="4377" pin=0"/></net>

<net id="4384"><net_src comp="850" pin="1"/><net_sink comp="4377" pin=1"/></net>

<net id="4385"><net_src comp="220" pin="0"/><net_sink comp="4377" pin=2"/></net>

<net id="4386"><net_src comp="222" pin="0"/><net_sink comp="4377" pin=3"/></net>

<net id="4393"><net_src comp="162" pin="0"/><net_sink comp="4387" pin=0"/></net>

<net id="4394"><net_src comp="853" pin="1"/><net_sink comp="4387" pin=1"/></net>

<net id="4395"><net_src comp="220" pin="0"/><net_sink comp="4387" pin=2"/></net>

<net id="4396"><net_src comp="222" pin="0"/><net_sink comp="4387" pin=3"/></net>

<net id="4403"><net_src comp="162" pin="0"/><net_sink comp="4397" pin=0"/></net>

<net id="4404"><net_src comp="856" pin="1"/><net_sink comp="4397" pin=1"/></net>

<net id="4405"><net_src comp="220" pin="0"/><net_sink comp="4397" pin=2"/></net>

<net id="4406"><net_src comp="222" pin="0"/><net_sink comp="4397" pin=3"/></net>

<net id="4413"><net_src comp="162" pin="0"/><net_sink comp="4407" pin=0"/></net>

<net id="4414"><net_src comp="859" pin="1"/><net_sink comp="4407" pin=1"/></net>

<net id="4415"><net_src comp="220" pin="0"/><net_sink comp="4407" pin=2"/></net>

<net id="4416"><net_src comp="222" pin="0"/><net_sink comp="4407" pin=3"/></net>

<net id="4423"><net_src comp="162" pin="0"/><net_sink comp="4417" pin=0"/></net>

<net id="4424"><net_src comp="862" pin="1"/><net_sink comp="4417" pin=1"/></net>

<net id="4425"><net_src comp="220" pin="0"/><net_sink comp="4417" pin=2"/></net>

<net id="4426"><net_src comp="222" pin="0"/><net_sink comp="4417" pin=3"/></net>

<net id="4433"><net_src comp="162" pin="0"/><net_sink comp="4427" pin=0"/></net>

<net id="4434"><net_src comp="865" pin="1"/><net_sink comp="4427" pin=1"/></net>

<net id="4435"><net_src comp="220" pin="0"/><net_sink comp="4427" pin=2"/></net>

<net id="4436"><net_src comp="222" pin="0"/><net_sink comp="4427" pin=3"/></net>

<net id="4443"><net_src comp="162" pin="0"/><net_sink comp="4437" pin=0"/></net>

<net id="4444"><net_src comp="868" pin="1"/><net_sink comp="4437" pin=1"/></net>

<net id="4445"><net_src comp="220" pin="0"/><net_sink comp="4437" pin=2"/></net>

<net id="4446"><net_src comp="222" pin="0"/><net_sink comp="4437" pin=3"/></net>

<net id="4453"><net_src comp="162" pin="0"/><net_sink comp="4447" pin=0"/></net>

<net id="4454"><net_src comp="871" pin="1"/><net_sink comp="4447" pin=1"/></net>

<net id="4455"><net_src comp="220" pin="0"/><net_sink comp="4447" pin=2"/></net>

<net id="4456"><net_src comp="222" pin="0"/><net_sink comp="4447" pin=3"/></net>

<net id="4463"><net_src comp="162" pin="0"/><net_sink comp="4457" pin=0"/></net>

<net id="4464"><net_src comp="874" pin="1"/><net_sink comp="4457" pin=1"/></net>

<net id="4465"><net_src comp="220" pin="0"/><net_sink comp="4457" pin=2"/></net>

<net id="4466"><net_src comp="222" pin="0"/><net_sink comp="4457" pin=3"/></net>

<net id="4473"><net_src comp="162" pin="0"/><net_sink comp="4467" pin=0"/></net>

<net id="4474"><net_src comp="877" pin="1"/><net_sink comp="4467" pin=1"/></net>

<net id="4475"><net_src comp="220" pin="0"/><net_sink comp="4467" pin=2"/></net>

<net id="4476"><net_src comp="222" pin="0"/><net_sink comp="4467" pin=3"/></net>

<net id="4483"><net_src comp="162" pin="0"/><net_sink comp="4477" pin=0"/></net>

<net id="4484"><net_src comp="880" pin="1"/><net_sink comp="4477" pin=1"/></net>

<net id="4485"><net_src comp="220" pin="0"/><net_sink comp="4477" pin=2"/></net>

<net id="4486"><net_src comp="222" pin="0"/><net_sink comp="4477" pin=3"/></net>

<net id="4524"><net_src comp="156" pin="0"/><net_sink comp="4487" pin=0"/></net>

<net id="4525"><net_src comp="112" pin="0"/><net_sink comp="4487" pin=1"/></net>

<net id="4526"><net_src comp="4327" pin="4"/><net_sink comp="4487" pin=2"/></net>

<net id="4527"><net_src comp="114" pin="0"/><net_sink comp="4487" pin=3"/></net>

<net id="4528"><net_src comp="4337" pin="4"/><net_sink comp="4487" pin=4"/></net>

<net id="4529"><net_src comp="116" pin="0"/><net_sink comp="4487" pin=5"/></net>

<net id="4530"><net_src comp="4347" pin="4"/><net_sink comp="4487" pin=6"/></net>

<net id="4531"><net_src comp="118" pin="0"/><net_sink comp="4487" pin=7"/></net>

<net id="4532"><net_src comp="4357" pin="4"/><net_sink comp="4487" pin=8"/></net>

<net id="4533"><net_src comp="120" pin="0"/><net_sink comp="4487" pin=9"/></net>

<net id="4534"><net_src comp="4367" pin="4"/><net_sink comp="4487" pin=10"/></net>

<net id="4535"><net_src comp="122" pin="0"/><net_sink comp="4487" pin=11"/></net>

<net id="4536"><net_src comp="4377" pin="4"/><net_sink comp="4487" pin=12"/></net>

<net id="4537"><net_src comp="124" pin="0"/><net_sink comp="4487" pin=13"/></net>

<net id="4538"><net_src comp="4387" pin="4"/><net_sink comp="4487" pin=14"/></net>

<net id="4539"><net_src comp="126" pin="0"/><net_sink comp="4487" pin=15"/></net>

<net id="4540"><net_src comp="4397" pin="4"/><net_sink comp="4487" pin=16"/></net>

<net id="4541"><net_src comp="128" pin="0"/><net_sink comp="4487" pin=17"/></net>

<net id="4542"><net_src comp="4407" pin="4"/><net_sink comp="4487" pin=18"/></net>

<net id="4543"><net_src comp="130" pin="0"/><net_sink comp="4487" pin=19"/></net>

<net id="4544"><net_src comp="4417" pin="4"/><net_sink comp="4487" pin=20"/></net>

<net id="4545"><net_src comp="132" pin="0"/><net_sink comp="4487" pin=21"/></net>

<net id="4546"><net_src comp="4427" pin="4"/><net_sink comp="4487" pin=22"/></net>

<net id="4547"><net_src comp="134" pin="0"/><net_sink comp="4487" pin=23"/></net>

<net id="4548"><net_src comp="4437" pin="4"/><net_sink comp="4487" pin=24"/></net>

<net id="4549"><net_src comp="136" pin="0"/><net_sink comp="4487" pin=25"/></net>

<net id="4550"><net_src comp="4447" pin="4"/><net_sink comp="4487" pin=26"/></net>

<net id="4551"><net_src comp="138" pin="0"/><net_sink comp="4487" pin=27"/></net>

<net id="4552"><net_src comp="4457" pin="4"/><net_sink comp="4487" pin=28"/></net>

<net id="4553"><net_src comp="140" pin="0"/><net_sink comp="4487" pin=29"/></net>

<net id="4554"><net_src comp="4467" pin="4"/><net_sink comp="4487" pin=30"/></net>

<net id="4555"><net_src comp="158" pin="0"/><net_sink comp="4487" pin=31"/></net>

<net id="4556"><net_src comp="4477" pin="4"/><net_sink comp="4487" pin=32"/></net>

<net id="4557"><net_src comp="160" pin="0"/><net_sink comp="4487" pin=33"/></net>

<net id="4562"><net_src comp="4487" pin="35"/><net_sink comp="4558" pin=0"/></net>

<net id="4582"><net_src comp="224" pin="0"/><net_sink comp="4563" pin=0"/></net>

<net id="4583"><net_src comp="4558" pin="2"/><net_sink comp="4563" pin=1"/></net>

<net id="4584"><net_src comp="4322" pin="2"/><net_sink comp="4563" pin=2"/></net>

<net id="4585"><net_src comp="4086" pin="2"/><net_sink comp="4563" pin=3"/></net>

<net id="4586"><net_src comp="3850" pin="2"/><net_sink comp="4563" pin=4"/></net>

<net id="4587"><net_src comp="3614" pin="2"/><net_sink comp="4563" pin=5"/></net>

<net id="4588"><net_src comp="3378" pin="2"/><net_sink comp="4563" pin=6"/></net>

<net id="4589"><net_src comp="3142" pin="2"/><net_sink comp="4563" pin=7"/></net>

<net id="4590"><net_src comp="2906" pin="2"/><net_sink comp="4563" pin=8"/></net>

<net id="4591"><net_src comp="2670" pin="2"/><net_sink comp="4563" pin=9"/></net>

<net id="4592"><net_src comp="2434" pin="2"/><net_sink comp="4563" pin=10"/></net>

<net id="4593"><net_src comp="2198" pin="2"/><net_sink comp="4563" pin=11"/></net>

<net id="4594"><net_src comp="1962" pin="2"/><net_sink comp="4563" pin=12"/></net>

<net id="4595"><net_src comp="1726" pin="2"/><net_sink comp="4563" pin=13"/></net>

<net id="4596"><net_src comp="1490" pin="2"/><net_sink comp="4563" pin=14"/></net>

<net id="4597"><net_src comp="1254" pin="2"/><net_sink comp="4563" pin=15"/></net>

<net id="4598"><net_src comp="1018" pin="2"/><net_sink comp="4563" pin=16"/></net>

<net id="4603"><net_src comp="4563" pin="17"/><net_sink comp="4599" pin=0"/></net>

<net id="4608"><net_src comp="4563" pin="17"/><net_sink comp="4604" pin=0"/></net>

<net id="4613"><net_src comp="4563" pin="17"/><net_sink comp="4609" pin=0"/></net>

<net id="4618"><net_src comp="4563" pin="17"/><net_sink comp="4614" pin=0"/></net>

<net id="4623"><net_src comp="4563" pin="17"/><net_sink comp="4619" pin=0"/></net>

<net id="4628"><net_src comp="4563" pin="17"/><net_sink comp="4624" pin=0"/></net>

<net id="4633"><net_src comp="4563" pin="17"/><net_sink comp="4629" pin=0"/></net>

<net id="4638"><net_src comp="4563" pin="17"/><net_sink comp="4634" pin=0"/></net>

<net id="4643"><net_src comp="4563" pin="17"/><net_sink comp="4639" pin=0"/></net>

<net id="4648"><net_src comp="4563" pin="17"/><net_sink comp="4644" pin=0"/></net>

<net id="4653"><net_src comp="4563" pin="17"/><net_sink comp="4649" pin=0"/></net>

<net id="4658"><net_src comp="4563" pin="17"/><net_sink comp="4654" pin=0"/></net>

<net id="4663"><net_src comp="4563" pin="17"/><net_sink comp="4659" pin=0"/></net>

<net id="4668"><net_src comp="4563" pin="17"/><net_sink comp="4664" pin=0"/></net>

<net id="4673"><net_src comp="4563" pin="17"/><net_sink comp="4669" pin=0"/></net>

<net id="4678"><net_src comp="4563" pin="17"/><net_sink comp="4674" pin=0"/></net>

<net id="4682"><net_src comp="4679" pin="1"/><net_sink comp="599" pin=2"/></net>

<net id="4686"><net_src comp="4683" pin="1"/><net_sink comp="592" pin=2"/></net>

<net id="4690"><net_src comp="4687" pin="1"/><net_sink comp="585" pin=2"/></net>

<net id="4694"><net_src comp="4691" pin="1"/><net_sink comp="578" pin=2"/></net>

<net id="4698"><net_src comp="4695" pin="1"/><net_sink comp="571" pin=2"/></net>

<net id="4702"><net_src comp="4699" pin="1"/><net_sink comp="564" pin=2"/></net>

<net id="4706"><net_src comp="4703" pin="1"/><net_sink comp="557" pin=2"/></net>

<net id="4710"><net_src comp="4707" pin="1"/><net_sink comp="550" pin=2"/></net>

<net id="4714"><net_src comp="4711" pin="1"/><net_sink comp="543" pin=2"/></net>

<net id="4718"><net_src comp="4715" pin="1"/><net_sink comp="536" pin=2"/></net>

<net id="4722"><net_src comp="4719" pin="1"/><net_sink comp="529" pin=2"/></net>

<net id="4726"><net_src comp="4723" pin="1"/><net_sink comp="522" pin=2"/></net>

<net id="4730"><net_src comp="4727" pin="1"/><net_sink comp="515" pin=2"/></net>

<net id="4734"><net_src comp="4731" pin="1"/><net_sink comp="508" pin=2"/></net>

<net id="4738"><net_src comp="4735" pin="1"/><net_sink comp="501" pin=2"/></net>

<net id="4742"><net_src comp="4739" pin="1"/><net_sink comp="494" pin=2"/></net>

<net id="4746"><net_src comp="228" pin="1"/><net_sink comp="4743" pin=0"/></net>

<net id="4747"><net_src comp="4743" pin="1"/><net_sink comp="750" pin=1"/></net>

<net id="4748"><net_src comp="4743" pin="1"/><net_sink comp="755" pin=0"/></net>

<net id="4749"><net_src comp="4743" pin="1"/><net_sink comp="830" pin=1"/></net>

<net id="4753"><net_src comp="232" pin="1"/><net_sink comp="4750" pin=0"/></net>

<net id="4754"><net_src comp="4750" pin="1"/><net_sink comp="745" pin=1"/></net>

<net id="4755"><net_src comp="4750" pin="1"/><net_sink comp="835" pin=0"/></net>

<net id="4756"><net_src comp="4750" pin="1"/><net_sink comp="4669" pin=1"/></net>

<net id="4757"><net_src comp="4750" pin="1"/><net_sink comp="4679" pin=0"/></net>

<net id="4761"><net_src comp="236" pin="1"/><net_sink comp="4758" pin=0"/></net>

<net id="4762"><net_src comp="4758" pin="1"/><net_sink comp="740" pin=1"/></net>

<net id="4763"><net_src comp="4758" pin="1"/><net_sink comp="838" pin=0"/></net>

<net id="4764"><net_src comp="4758" pin="1"/><net_sink comp="4664" pin=1"/></net>

<net id="4765"><net_src comp="4758" pin="1"/><net_sink comp="4683" pin=0"/></net>

<net id="4769"><net_src comp="240" pin="1"/><net_sink comp="4766" pin=0"/></net>

<net id="4770"><net_src comp="4766" pin="1"/><net_sink comp="735" pin=1"/></net>

<net id="4771"><net_src comp="4766" pin="1"/><net_sink comp="841" pin=0"/></net>

<net id="4772"><net_src comp="4766" pin="1"/><net_sink comp="4659" pin=1"/></net>

<net id="4773"><net_src comp="4766" pin="1"/><net_sink comp="4687" pin=0"/></net>

<net id="4777"><net_src comp="244" pin="1"/><net_sink comp="4774" pin=0"/></net>

<net id="4778"><net_src comp="4774" pin="1"/><net_sink comp="730" pin=1"/></net>

<net id="4779"><net_src comp="4774" pin="1"/><net_sink comp="844" pin=0"/></net>

<net id="4780"><net_src comp="4774" pin="1"/><net_sink comp="4654" pin=1"/></net>

<net id="4781"><net_src comp="4774" pin="1"/><net_sink comp="4691" pin=0"/></net>

<net id="4785"><net_src comp="248" pin="1"/><net_sink comp="4782" pin=0"/></net>

<net id="4786"><net_src comp="4782" pin="1"/><net_sink comp="725" pin=1"/></net>

<net id="4787"><net_src comp="4782" pin="1"/><net_sink comp="847" pin=0"/></net>

<net id="4788"><net_src comp="4782" pin="1"/><net_sink comp="4649" pin=1"/></net>

<net id="4789"><net_src comp="4782" pin="1"/><net_sink comp="4695" pin=0"/></net>

<net id="4793"><net_src comp="252" pin="1"/><net_sink comp="4790" pin=0"/></net>

<net id="4794"><net_src comp="4790" pin="1"/><net_sink comp="720" pin=1"/></net>

<net id="4795"><net_src comp="4790" pin="1"/><net_sink comp="850" pin=0"/></net>

<net id="4796"><net_src comp="4790" pin="1"/><net_sink comp="4644" pin=1"/></net>

<net id="4797"><net_src comp="4790" pin="1"/><net_sink comp="4699" pin=0"/></net>

<net id="4801"><net_src comp="256" pin="1"/><net_sink comp="4798" pin=0"/></net>

<net id="4802"><net_src comp="4798" pin="1"/><net_sink comp="715" pin=1"/></net>

<net id="4803"><net_src comp="4798" pin="1"/><net_sink comp="853" pin=0"/></net>

<net id="4804"><net_src comp="4798" pin="1"/><net_sink comp="4639" pin=1"/></net>

<net id="4805"><net_src comp="4798" pin="1"/><net_sink comp="4703" pin=0"/></net>

<net id="4809"><net_src comp="260" pin="1"/><net_sink comp="4806" pin=0"/></net>

<net id="4810"><net_src comp="4806" pin="1"/><net_sink comp="710" pin=1"/></net>

<net id="4811"><net_src comp="4806" pin="1"/><net_sink comp="856" pin=0"/></net>

<net id="4812"><net_src comp="4806" pin="1"/><net_sink comp="4634" pin=1"/></net>

<net id="4813"><net_src comp="4806" pin="1"/><net_sink comp="4707" pin=0"/></net>

<net id="4817"><net_src comp="264" pin="1"/><net_sink comp="4814" pin=0"/></net>

<net id="4818"><net_src comp="4814" pin="1"/><net_sink comp="705" pin=1"/></net>

<net id="4819"><net_src comp="4814" pin="1"/><net_sink comp="859" pin=0"/></net>

<net id="4820"><net_src comp="4814" pin="1"/><net_sink comp="4629" pin=1"/></net>

<net id="4821"><net_src comp="4814" pin="1"/><net_sink comp="4711" pin=0"/></net>

<net id="4825"><net_src comp="268" pin="1"/><net_sink comp="4822" pin=0"/></net>

<net id="4826"><net_src comp="4822" pin="1"/><net_sink comp="700" pin=1"/></net>

<net id="4827"><net_src comp="4822" pin="1"/><net_sink comp="862" pin=0"/></net>

<net id="4828"><net_src comp="4822" pin="1"/><net_sink comp="4624" pin=1"/></net>

<net id="4829"><net_src comp="4822" pin="1"/><net_sink comp="4715" pin=0"/></net>

<net id="4833"><net_src comp="272" pin="1"/><net_sink comp="4830" pin=0"/></net>

<net id="4834"><net_src comp="4830" pin="1"/><net_sink comp="695" pin=1"/></net>

<net id="4835"><net_src comp="4830" pin="1"/><net_sink comp="865" pin=0"/></net>

<net id="4836"><net_src comp="4830" pin="1"/><net_sink comp="4619" pin=1"/></net>

<net id="4837"><net_src comp="4830" pin="1"/><net_sink comp="4719" pin=0"/></net>

<net id="4841"><net_src comp="276" pin="1"/><net_sink comp="4838" pin=0"/></net>

<net id="4842"><net_src comp="4838" pin="1"/><net_sink comp="690" pin=1"/></net>

<net id="4843"><net_src comp="4838" pin="1"/><net_sink comp="868" pin=0"/></net>

<net id="4844"><net_src comp="4838" pin="1"/><net_sink comp="4614" pin=1"/></net>

<net id="4845"><net_src comp="4838" pin="1"/><net_sink comp="4723" pin=0"/></net>

<net id="4849"><net_src comp="280" pin="1"/><net_sink comp="4846" pin=0"/></net>

<net id="4850"><net_src comp="4846" pin="1"/><net_sink comp="685" pin=1"/></net>

<net id="4851"><net_src comp="4846" pin="1"/><net_sink comp="871" pin=0"/></net>

<net id="4852"><net_src comp="4846" pin="1"/><net_sink comp="4609" pin=1"/></net>

<net id="4853"><net_src comp="4846" pin="1"/><net_sink comp="4727" pin=0"/></net>

<net id="4857"><net_src comp="284" pin="1"/><net_sink comp="4854" pin=0"/></net>

<net id="4858"><net_src comp="4854" pin="1"/><net_sink comp="680" pin=1"/></net>

<net id="4859"><net_src comp="4854" pin="1"/><net_sink comp="874" pin=0"/></net>

<net id="4860"><net_src comp="4854" pin="1"/><net_sink comp="4604" pin=1"/></net>

<net id="4861"><net_src comp="4854" pin="1"/><net_sink comp="4731" pin=0"/></net>

<net id="4865"><net_src comp="288" pin="1"/><net_sink comp="4862" pin=0"/></net>

<net id="4866"><net_src comp="4862" pin="1"/><net_sink comp="675" pin=1"/></net>

<net id="4867"><net_src comp="4862" pin="1"/><net_sink comp="877" pin=0"/></net>

<net id="4868"><net_src comp="4862" pin="1"/><net_sink comp="4599" pin=1"/></net>

<net id="4869"><net_src comp="4862" pin="1"/><net_sink comp="4735" pin=0"/></net>

<net id="4873"><net_src comp="292" pin="1"/><net_sink comp="4870" pin=0"/></net>

<net id="4874"><net_src comp="4870" pin="1"/><net_sink comp="670" pin=1"/></net>

<net id="4875"><net_src comp="4870" pin="1"/><net_sink comp="880" pin=0"/></net>

<net id="4876"><net_src comp="4870" pin="1"/><net_sink comp="4674" pin=1"/></net>

<net id="4877"><net_src comp="4870" pin="1"/><net_sink comp="4739" pin=0"/></net>

<net id="4881"><net_src comp="296" pin="2"/><net_sink comp="4878" pin=0"/></net>

<net id="4882"><net_src comp="4878" pin="1"/><net_sink comp="666" pin=1"/></net>

<net id="4886"><net_src comp="302" pin="2"/><net_sink comp="4883" pin=0"/></net>

<net id="4887"><net_src comp="4883" pin="1"/><net_sink comp="662" pin=1"/></net>

<net id="4891"><net_src comp="308" pin="2"/><net_sink comp="4888" pin=0"/></net>

<net id="4892"><net_src comp="4888" pin="1"/><net_sink comp="658" pin=1"/></net>

<net id="4896"><net_src comp="314" pin="2"/><net_sink comp="4893" pin=0"/></net>

<net id="4897"><net_src comp="4893" pin="1"/><net_sink comp="654" pin=1"/></net>

<net id="4901"><net_src comp="320" pin="2"/><net_sink comp="4898" pin=0"/></net>

<net id="4902"><net_src comp="4898" pin="1"/><net_sink comp="650" pin=1"/></net>

<net id="4906"><net_src comp="326" pin="2"/><net_sink comp="4903" pin=0"/></net>

<net id="4907"><net_src comp="4903" pin="1"/><net_sink comp="646" pin=1"/></net>

<net id="4911"><net_src comp="332" pin="2"/><net_sink comp="4908" pin=0"/></net>

<net id="4912"><net_src comp="4908" pin="1"/><net_sink comp="642" pin=1"/></net>

<net id="4916"><net_src comp="338" pin="2"/><net_sink comp="4913" pin=0"/></net>

<net id="4917"><net_src comp="4913" pin="1"/><net_sink comp="638" pin=1"/></net>

<net id="4921"><net_src comp="344" pin="2"/><net_sink comp="4918" pin=0"/></net>

<net id="4922"><net_src comp="4918" pin="1"/><net_sink comp="634" pin=1"/></net>

<net id="4926"><net_src comp="350" pin="2"/><net_sink comp="4923" pin=0"/></net>

<net id="4927"><net_src comp="4923" pin="1"/><net_sink comp="630" pin=1"/></net>

<net id="4931"><net_src comp="356" pin="2"/><net_sink comp="4928" pin=0"/></net>

<net id="4932"><net_src comp="4928" pin="1"/><net_sink comp="626" pin=1"/></net>

<net id="4936"><net_src comp="362" pin="2"/><net_sink comp="4933" pin=0"/></net>

<net id="4937"><net_src comp="4933" pin="1"/><net_sink comp="622" pin=1"/></net>

<net id="4941"><net_src comp="368" pin="2"/><net_sink comp="4938" pin=0"/></net>

<net id="4942"><net_src comp="4938" pin="1"/><net_sink comp="618" pin=1"/></net>

<net id="4946"><net_src comp="374" pin="2"/><net_sink comp="4943" pin=0"/></net>

<net id="4947"><net_src comp="4943" pin="1"/><net_sink comp="614" pin=1"/></net>

<net id="4951"><net_src comp="380" pin="2"/><net_sink comp="4948" pin=0"/></net>

<net id="4952"><net_src comp="4948" pin="1"/><net_sink comp="610" pin=1"/></net>

<net id="4956"><net_src comp="386" pin="2"/><net_sink comp="4953" pin=0"/></net>

<net id="4957"><net_src comp="4953" pin="1"/><net_sink comp="606" pin=1"/></net>

<net id="4961"><net_src comp="758" pin="2"/><net_sink comp="4958" pin=0"/></net>

<net id="4965"><net_src comp="770" pin="1"/><net_sink comp="4962" pin=0"/></net>

<net id="4966"><net_src comp="4962" pin="1"/><net_sink comp="947" pin=34"/></net>

<net id="4967"><net_src comp="4962" pin="1"/><net_sink comp="1183" pin=34"/></net>

<net id="4968"><net_src comp="4962" pin="1"/><net_sink comp="1419" pin=34"/></net>

<net id="4969"><net_src comp="4962" pin="1"/><net_sink comp="1655" pin=34"/></net>

<net id="4970"><net_src comp="4962" pin="1"/><net_sink comp="1891" pin=34"/></net>

<net id="4971"><net_src comp="4962" pin="1"/><net_sink comp="2127" pin=34"/></net>

<net id="4972"><net_src comp="4962" pin="1"/><net_sink comp="2363" pin=34"/></net>

<net id="4973"><net_src comp="4962" pin="1"/><net_sink comp="2599" pin=34"/></net>

<net id="4974"><net_src comp="4962" pin="1"/><net_sink comp="2835" pin=34"/></net>

<net id="4975"><net_src comp="4962" pin="1"/><net_sink comp="3071" pin=34"/></net>

<net id="4976"><net_src comp="4962" pin="1"/><net_sink comp="3307" pin=34"/></net>

<net id="4977"><net_src comp="4962" pin="1"/><net_sink comp="3543" pin=34"/></net>

<net id="4978"><net_src comp="4962" pin="1"/><net_sink comp="3779" pin=34"/></net>

<net id="4979"><net_src comp="4962" pin="1"/><net_sink comp="4015" pin=34"/></net>

<net id="4980"><net_src comp="4962" pin="1"/><net_sink comp="4251" pin=34"/></net>

<net id="4981"><net_src comp="4962" pin="1"/><net_sink comp="4487" pin=34"/></net>

<net id="4985"><net_src comp="792" pin="1"/><net_sink comp="4982" pin=0"/></net>

<net id="4986"><net_src comp="4982" pin="1"/><net_sink comp="606" pin=0"/></net>

<net id="4987"><net_src comp="4982" pin="1"/><net_sink comp="610" pin=0"/></net>

<net id="4988"><net_src comp="4982" pin="1"/><net_sink comp="614" pin=0"/></net>

<net id="4989"><net_src comp="4982" pin="1"/><net_sink comp="618" pin=0"/></net>

<net id="4990"><net_src comp="4982" pin="1"/><net_sink comp="622" pin=0"/></net>

<net id="4991"><net_src comp="4982" pin="1"/><net_sink comp="626" pin=0"/></net>

<net id="4992"><net_src comp="4982" pin="1"/><net_sink comp="630" pin=0"/></net>

<net id="4993"><net_src comp="4982" pin="1"/><net_sink comp="634" pin=0"/></net>

<net id="4994"><net_src comp="4982" pin="1"/><net_sink comp="638" pin=0"/></net>

<net id="4995"><net_src comp="4982" pin="1"/><net_sink comp="642" pin=0"/></net>

<net id="4996"><net_src comp="4982" pin="1"/><net_sink comp="646" pin=0"/></net>

<net id="4997"><net_src comp="4982" pin="1"/><net_sink comp="650" pin=0"/></net>

<net id="4998"><net_src comp="4982" pin="1"/><net_sink comp="654" pin=0"/></net>

<net id="4999"><net_src comp="4982" pin="1"/><net_sink comp="658" pin=0"/></net>

<net id="5000"><net_src comp="4982" pin="1"/><net_sink comp="662" pin=0"/></net>

<net id="5001"><net_src comp="4982" pin="1"/><net_sink comp="666" pin=0"/></net>

<net id="5005"><net_src comp="606" pin="2"/><net_sink comp="5002" pin=0"/></net>

<net id="5006"><net_src comp="5002" pin="1"/><net_sink comp="1018" pin=1"/></net>

<net id="5010"><net_src comp="610" pin="2"/><net_sink comp="5007" pin=0"/></net>

<net id="5011"><net_src comp="5007" pin="1"/><net_sink comp="1254" pin=1"/></net>

<net id="5015"><net_src comp="614" pin="2"/><net_sink comp="5012" pin=0"/></net>

<net id="5016"><net_src comp="5012" pin="1"/><net_sink comp="1490" pin=1"/></net>

<net id="5020"><net_src comp="618" pin="2"/><net_sink comp="5017" pin=0"/></net>

<net id="5021"><net_src comp="5017" pin="1"/><net_sink comp="1726" pin=1"/></net>

<net id="5025"><net_src comp="622" pin="2"/><net_sink comp="5022" pin=0"/></net>

<net id="5026"><net_src comp="5022" pin="1"/><net_sink comp="1962" pin=1"/></net>

<net id="5030"><net_src comp="626" pin="2"/><net_sink comp="5027" pin=0"/></net>

<net id="5031"><net_src comp="5027" pin="1"/><net_sink comp="2198" pin=1"/></net>

<net id="5035"><net_src comp="630" pin="2"/><net_sink comp="5032" pin=0"/></net>

<net id="5036"><net_src comp="5032" pin="1"/><net_sink comp="2434" pin=1"/></net>

<net id="5040"><net_src comp="634" pin="2"/><net_sink comp="5037" pin=0"/></net>

<net id="5041"><net_src comp="5037" pin="1"/><net_sink comp="2670" pin=1"/></net>

<net id="5045"><net_src comp="638" pin="2"/><net_sink comp="5042" pin=0"/></net>

<net id="5046"><net_src comp="5042" pin="1"/><net_sink comp="2906" pin=1"/></net>

<net id="5050"><net_src comp="642" pin="2"/><net_sink comp="5047" pin=0"/></net>

<net id="5051"><net_src comp="5047" pin="1"/><net_sink comp="3142" pin=1"/></net>

<net id="5055"><net_src comp="646" pin="2"/><net_sink comp="5052" pin=0"/></net>

<net id="5056"><net_src comp="5052" pin="1"/><net_sink comp="3378" pin=1"/></net>

<net id="5060"><net_src comp="650" pin="2"/><net_sink comp="5057" pin=0"/></net>

<net id="5061"><net_src comp="5057" pin="1"/><net_sink comp="3614" pin=1"/></net>

<net id="5065"><net_src comp="654" pin="2"/><net_sink comp="5062" pin=0"/></net>

<net id="5066"><net_src comp="5062" pin="1"/><net_sink comp="3850" pin=1"/></net>

<net id="5070"><net_src comp="658" pin="2"/><net_sink comp="5067" pin=0"/></net>

<net id="5071"><net_src comp="5067" pin="1"/><net_sink comp="4086" pin=1"/></net>

<net id="5075"><net_src comp="662" pin="2"/><net_sink comp="5072" pin=0"/></net>

<net id="5076"><net_src comp="5072" pin="1"/><net_sink comp="4322" pin=1"/></net>

<net id="5080"><net_src comp="666" pin="2"/><net_sink comp="5077" pin=0"/></net>

<net id="5081"><net_src comp="5077" pin="1"/><net_sink comp="4558" pin=1"/></net>

</net_list>

</model> 
---------------- Datapath Model END ------------------

* FSMD analyzer results:
  - Output states:
	Port: AB_block_15_2_out | {2 }
	Port: AB_block_14_2_out | {2 }
	Port: AB_block_13_2_out | {2 }
	Port: AB_block_12_2_out | {2 }
	Port: AB_block_11_2_out | {2 }
	Port: AB_block_10_2_out | {2 }
	Port: AB_block_9_2_out | {2 }
	Port: AB_block_8_2_out | {2 }
	Port: AB_block_7_2_out | {2 }
	Port: AB_block_6_2_out | {2 }
	Port: AB_block_5_2_out | {2 }
	Port: AB_block_4_2_out | {2 }
	Port: AB_block_3_2_out | {2 }
	Port: AB_block_2_2_out | {2 }
	Port: AB_block_1_2_out | {2 }
	Port: AB_block_0_2_out | {2 }
 - Input state : 
	Port: MM_Pipeline_i_loop : AB_block_15_1 | {1 }
	Port: MM_Pipeline_i_loop : AB_block_14_1 | {1 }
	Port: MM_Pipeline_i_loop : AB_block_13_1 | {1 }
	Port: MM_Pipeline_i_loop : AB_block_12_1 | {1 }
	Port: MM_Pipeline_i_loop : AB_block_11_1 | {1 }
	Port: MM_Pipeline_i_loop : AB_block_10_1 | {1 }
	Port: MM_Pipeline_i_loop : AB_block_9_1 | {1 }
	Port: MM_Pipeline_i_loop : AB_block_8_1 | {1 }
	Port: MM_Pipeline_i_loop : AB_block_7_1 | {1 }
	Port: MM_Pipeline_i_loop : AB_block_6_1 | {1 }
	Port: MM_Pipeline_i_loop : AB_block_5_1 | {1 }
	Port: MM_Pipeline_i_loop : AB_block_4_1 | {1 }
	Port: MM_Pipeline_i_loop : AB_block_3_1 | {1 }
	Port: MM_Pipeline_i_loop : AB_block_2_1 | {1 }
	Port: MM_Pipeline_i_loop : AB_block_1_1 | {1 }
	Port: MM_Pipeline_i_loop : AB_block_0_1 | {1 }
	Port: MM_Pipeline_i_loop : gmem_load_17 | {1 }
	Port: MM_Pipeline_i_loop : empty | {1 }
	Port: MM_Pipeline_i_loop : trunc_ln63_1 | {1 }
	Port: MM_Pipeline_i_loop : trunc_ln63_2 | {1 }
	Port: MM_Pipeline_i_loop : trunc_ln63_3 | {1 }
	Port: MM_Pipeline_i_loop : trunc_ln63_4 | {1 }
	Port: MM_Pipeline_i_loop : trunc_ln63_5 | {1 }
	Port: MM_Pipeline_i_loop : trunc_ln63_6 | {1 }
	Port: MM_Pipeline_i_loop : trunc_ln63_7 | {1 }
	Port: MM_Pipeline_i_loop : trunc_ln63_8 | {1 }
	Port: MM_Pipeline_i_loop : trunc_ln63_9 | {1 }
	Port: MM_Pipeline_i_loop : trunc_ln63_10 | {1 }
	Port: MM_Pipeline_i_loop : trunc_ln63_11 | {1 }
	Port: MM_Pipeline_i_loop : trunc_ln63_12 | {1 }
	Port: MM_Pipeline_i_loop : trunc_ln63_13 | {1 }
	Port: MM_Pipeline_i_loop : trunc_ln63_14 | {1 }
	Port: MM_Pipeline_i_loop : trunc_ln63_15 | {1 }
  - Chain level:
	State 1
		store_ln55 : 1
		i_1 : 1
		icmp_ln67 : 2
		add_ln67 : 2
		br_ln67 : 3
		trunc_ln67 : 2
		shl_ln2 : 3
		zext_ln72 : 4
		lshr_ln72 : 5
		trunc_ln72 : 6
		switch_ln72 : 3
		store_ln55 : 3
	State 2
		write_ln0 : 1
		write_ln0 : 1
		write_ln0 : 1
		write_ln0 : 1
		write_ln0 : 1
		write_ln0 : 1
		write_ln0 : 1
		write_ln0 : 1
		write_ln0 : 1
		write_ln0 : 1
		write_ln0 : 1
		write_ln0 : 1
		write_ln0 : 1
		write_ln0 : 1
		write_ln0 : 1
		write_ln0 : 1
	State 3
		trunc_ln72_1 : 1
		trunc_ln72_2 : 1
		trunc_ln72_3 : 1
		trunc_ln72_4 : 1
		trunc_ln72_5 : 1
		trunc_ln72_6 : 1
		trunc_ln72_7 : 1
		trunc_ln72_8 : 1
		trunc_ln72_9 : 1
		trunc_ln72_10 : 1
		trunc_ln72_11 : 1
		trunc_ln72_12 : 1
		trunc_ln72_13 : 1
		trunc_ln72_14 : 1
		trunc_ln72_15 : 1
		trunc_ln72_256 : 1
		tmp_s : 2
		add_ln72 : 3
		trunc_ln72_s : 1
		trunc_ln72_16 : 1
		trunc_ln72_17 : 1
		trunc_ln72_18 : 1
		trunc_ln72_19 : 1
		trunc_ln72_20 : 1
		trunc_ln72_21 : 1
		trunc_ln72_22 : 1
		trunc_ln72_23 : 1
		trunc_ln72_24 : 1
		trunc_ln72_25 : 1
		trunc_ln72_26 : 1
		trunc_ln72_27 : 1
		trunc_ln72_28 : 1
		trunc_ln72_29 : 1
		trunc_ln72_30 : 1
		tmp_1 : 2
		add_ln72_1 : 3
		trunc_ln72_31 : 1
		trunc_ln72_32 : 1
		trunc_ln72_33 : 1
		trunc_ln72_34 : 1
		trunc_ln72_35 : 1
		trunc_ln72_36 : 1
		trunc_ln72_37 : 1
		trunc_ln72_38 : 1
		trunc_ln72_39 : 1
		trunc_ln72_40 : 1
		trunc_ln72_41 : 1
		trunc_ln72_42 : 1
		trunc_ln72_43 : 1
		trunc_ln72_44 : 1
		trunc_ln72_45 : 1
		trunc_ln72_46 : 1
		tmp_2 : 2
		add_ln72_2 : 3
		trunc_ln72_47 : 1
		trunc_ln72_48 : 1
		trunc_ln72_49 : 1
		trunc_ln72_50 : 1
		trunc_ln72_51 : 1
		trunc_ln72_52 : 1
		trunc_ln72_53 : 1
		trunc_ln72_54 : 1
		trunc_ln72_55 : 1
		trunc_ln72_56 : 1
		trunc_ln72_57 : 1
		trunc_ln72_58 : 1
		trunc_ln72_59 : 1
		trunc_ln72_60 : 1
		trunc_ln72_61 : 1
		trunc_ln72_62 : 1
		tmp_3 : 2
		add_ln72_3 : 3
		trunc_ln72_63 : 1
		trunc_ln72_64 : 1
		trunc_ln72_65 : 1
		trunc_ln72_66 : 1
		trunc_ln72_67 : 1
		trunc_ln72_68 : 1
		trunc_ln72_69 : 1
		trunc_ln72_70 : 1
		trunc_ln72_71 : 1
		trunc_ln72_72 : 1
		trunc_ln72_73 : 1
		trunc_ln72_74 : 1
		trunc_ln72_75 : 1
		trunc_ln72_76 : 1
		trunc_ln72_77 : 1
		trunc_ln72_78 : 1
		tmp_4 : 2
		add_ln72_4 : 3
		trunc_ln72_79 : 1
		trunc_ln72_80 : 1
		trunc_ln72_81 : 1
		trunc_ln72_82 : 1
		trunc_ln72_83 : 1
		trunc_ln72_84 : 1
		trunc_ln72_85 : 1
		trunc_ln72_86 : 1
		trunc_ln72_87 : 1
		trunc_ln72_88 : 1
		trunc_ln72_89 : 1
		trunc_ln72_90 : 1
		trunc_ln72_91 : 1
		trunc_ln72_92 : 1
		trunc_ln72_93 : 1
		trunc_ln72_94 : 1
		tmp_5 : 2
		add_ln72_5 : 3
		trunc_ln72_95 : 1
		trunc_ln72_96 : 1
		trunc_ln72_97 : 1
		trunc_ln72_98 : 1
		trunc_ln72_99 : 1
		trunc_ln72_100 : 1
		trunc_ln72_101 : 1
		trunc_ln72_102 : 1
		trunc_ln72_103 : 1
		trunc_ln72_104 : 1
		trunc_ln72_105 : 1
		trunc_ln72_106 : 1
		trunc_ln72_107 : 1
		trunc_ln72_108 : 1
		trunc_ln72_109 : 1
		trunc_ln72_110 : 1
		tmp_6 : 2
		add_ln72_6 : 3
		trunc_ln72_111 : 1
		trunc_ln72_112 : 1
		trunc_ln72_113 : 1
		trunc_ln72_114 : 1
		trunc_ln72_115 : 1
		trunc_ln72_116 : 1
		trunc_ln72_117 : 1
		trunc_ln72_118 : 1
		trunc_ln72_119 : 1
		trunc_ln72_120 : 1
		trunc_ln72_121 : 1
		trunc_ln72_122 : 1
		trunc_ln72_123 : 1
		trunc_ln72_124 : 1
		trunc_ln72_125 : 1
		trunc_ln72_126 : 1
		tmp_7 : 2
		add_ln72_7 : 3
		trunc_ln72_127 : 1
		trunc_ln72_128 : 1
		trunc_ln72_129 : 1
		trunc_ln72_130 : 1
		trunc_ln72_131 : 1
		trunc_ln72_132 : 1
		trunc_ln72_133 : 1
		trunc_ln72_134 : 1
		trunc_ln72_135 : 1
		trunc_ln72_136 : 1
		trunc_ln72_137 : 1
		trunc_ln72_138 : 1
		trunc_ln72_139 : 1
		trunc_ln72_140 : 1
		trunc_ln72_141 : 1
		trunc_ln72_142 : 1
		tmp_8 : 2
		add_ln72_8 : 3
		trunc_ln72_143 : 1
		trunc_ln72_144 : 1
		trunc_ln72_145 : 1
		trunc_ln72_146 : 1
		trunc_ln72_147 : 1
		trunc_ln72_148 : 1
		trunc_ln72_149 : 1
		trunc_ln72_150 : 1
		trunc_ln72_151 : 1
		trunc_ln72_152 : 1
		trunc_ln72_153 : 1
		trunc_ln72_154 : 1
		trunc_ln72_155 : 1
		trunc_ln72_156 : 1
		trunc_ln72_157 : 1
		trunc_ln72_158 : 1
		tmp_9 : 2
		add_ln72_9 : 3
		trunc_ln72_159 : 1
		trunc_ln72_160 : 1
		trunc_ln72_161 : 1
		trunc_ln72_162 : 1
		trunc_ln72_163 : 1
		trunc_ln72_164 : 1
		trunc_ln72_165 : 1
		trunc_ln72_166 : 1
		trunc_ln72_167 : 1
		trunc_ln72_168 : 1
		trunc_ln72_169 : 1
		trunc_ln72_170 : 1
		trunc_ln72_171 : 1
		trunc_ln72_172 : 1
		trunc_ln72_173 : 1
		trunc_ln72_174 : 1
		tmp_10 : 2
		add_ln72_10 : 3
		trunc_ln72_175 : 1
		trunc_ln72_176 : 1
		trunc_ln72_177 : 1
		trunc_ln72_178 : 1
		trunc_ln72_179 : 1
		trunc_ln72_180 : 1
		trunc_ln72_181 : 1
		trunc_ln72_182 : 1
		trunc_ln72_183 : 1
		trunc_ln72_184 : 1
		trunc_ln72_185 : 1
		trunc_ln72_186 : 1
		trunc_ln72_187 : 1
		trunc_ln72_188 : 1
		trunc_ln72_189 : 1
		trunc_ln72_190 : 1
		tmp_11 : 2
		add_ln72_11 : 3
		trunc_ln72_191 : 1
		trunc_ln72_192 : 1
		trunc_ln72_193 : 1
		trunc_ln72_194 : 1
		trunc_ln72_195 : 1
		trunc_ln72_196 : 1
		trunc_ln72_197 : 1
		trunc_ln72_198 : 1
		trunc_ln72_199 : 1
		trunc_ln72_200 : 1
		trunc_ln72_201 : 1
		trunc_ln72_202 : 1
		trunc_ln72_203 : 1
		trunc_ln72_204 : 1
		trunc_ln72_205 : 1
		trunc_ln72_206 : 1
		tmp_12 : 2
		add_ln72_12 : 3
		trunc_ln72_207 : 1
		trunc_ln72_208 : 1
		trunc_ln72_209 : 1
		trunc_ln72_210 : 1
		trunc_ln72_211 : 1
		trunc_ln72_212 : 1
		trunc_ln72_213 : 1
		trunc_ln72_214 : 1
		trunc_ln72_215 : 1
		trunc_ln72_216 : 1
		trunc_ln72_217 : 1
		trunc_ln72_218 : 1
		trunc_ln72_219 : 1
		trunc_ln72_220 : 1
		trunc_ln72_221 : 1
		trunc_ln72_222 : 1
		tmp_13 : 2
		add_ln72_13 : 3
		trunc_ln72_223 : 1
		trunc_ln72_224 : 1
		trunc_ln72_225 : 1
		trunc_ln72_226 : 1
		trunc_ln72_227 : 1
		trunc_ln72_228 : 1
		trunc_ln72_229 : 1
		trunc_ln72_230 : 1
		trunc_ln72_231 : 1
		trunc_ln72_232 : 1
		trunc_ln72_233 : 1
		trunc_ln72_234 : 1
		trunc_ln72_235 : 1
		trunc_ln72_236 : 1
		trunc_ln72_237 : 1
		trunc_ln72_238 : 1
		tmp_14 : 2
		add_ln72_14 : 3
		trunc_ln72_239 : 1
		trunc_ln72_240 : 1
		trunc_ln72_241 : 1
		trunc_ln72_242 : 1
		trunc_ln72_243 : 1
		trunc_ln72_244 : 1
		trunc_ln72_245 : 1
		trunc_ln72_246 : 1
		trunc_ln72_247 : 1
		trunc_ln72_248 : 1
		trunc_ln72_249 : 1
		trunc_ln72_250 : 1
		trunc_ln72_251 : 1
		trunc_ln72_252 : 1
		trunc_ln72_253 : 1
		trunc_ln72_254 : 1
		tmp_15 : 2
		add_ln72_15 : 3
		or_ln72_s : 4
		store_ln72 : 5
		store_ln72 : 5
		store_ln72 : 5
		store_ln72 : 5
		store_ln72 : 5
		store_ln72 : 5
		store_ln72 : 5
		store_ln72 : 5
		store_ln72 : 5
		store_ln72 : 5
		store_ln72 : 5
		store_ln72 : 5
		store_ln72 : 5
		store_ln72 : 5
		store_ln72 : 5
		store_ln72 : 5


============================================================
+ Verbose Summary: Datapath Resource usage 
============================================================

* Functional unit list:
|----------|--------------------------------|---------|---------|---------|
| Operation|         Functional Unit        |   DSP   |    FF   |   LUT   |
|----------|--------------------------------|---------|---------|---------|
|   lshr   |        lshr_ln72_fu_786        |    0    |    0    |   2171  |
|----------|--------------------------------|---------|---------|---------|
|          |          tmp_s_fu_947          |    0    |    0    |    65   |
|          |          tmp_1_fu_1183         |    0    |    0    |    65   |
|          |          tmp_2_fu_1419         |    0    |    0    |    65   |
|          |          tmp_3_fu_1655         |    0    |    0    |    65   |
|          |          tmp_4_fu_1891         |    0    |    0    |    65   |
|          |          tmp_5_fu_2127         |    0    |    0    |    65   |
|          |          tmp_6_fu_2363         |    0    |    0    |    65   |
| sparsemux|          tmp_7_fu_2599         |    0    |    0    |    65   |
|          |          tmp_8_fu_2835         |    0    |    0    |    65   |
|          |          tmp_9_fu_3071         |    0    |    0    |    65   |
|          |         tmp_10_fu_3307         |    0    |    0    |    65   |
|          |         tmp_11_fu_3543         |    0    |    0    |    65   |
|          |         tmp_12_fu_3779         |    0    |    0    |    65   |
|          |         tmp_13_fu_4015         |    0    |    0    |    65   |
|          |         tmp_14_fu_4251         |    0    |    0    |    65   |
|          |         tmp_15_fu_4487         |    0    |    0    |    65   |
|----------|--------------------------------|---------|---------|---------|
|          |         add_ln67_fu_764        |    0    |    0    |    13   |
|          |        add_ln72_fu_1018        |    0    |    0    |    39   |
|          |       add_ln72_1_fu_1254       |    0    |    0    |    39   |
|          |       add_ln72_2_fu_1490       |    0    |    0    |    39   |
|          |       add_ln72_3_fu_1726       |    0    |    0    |    39   |
|          |       add_ln72_4_fu_1962       |    0    |    0    |    39   |
|          |       add_ln72_5_fu_2198       |    0    |    0    |    39   |
|          |       add_ln72_6_fu_2434       |    0    |    0    |    39   |
|    add   |       add_ln72_7_fu_2670       |    0    |    0    |    39   |
|          |       add_ln72_8_fu_2906       |    0    |    0    |    39   |
|          |       add_ln72_9_fu_3142       |    0    |    0    |    39   |
|          |       add_ln72_10_fu_3378      |    0    |    0    |    39   |
|          |       add_ln72_11_fu_3614      |    0    |    0    |    39   |
|          |       add_ln72_12_fu_3850      |    0    |    0    |    39   |
|          |       add_ln72_13_fu_4086      |    0    |    0    |    39   |
|          |       add_ln72_14_fu_4322      |    0    |    0    |    39   |
|          |       add_ln72_15_fu_4558      |    0    |    0    |    39   |
|----------|--------------------------------|---------|---------|---------|
|          |         mul_ln72_fu_606        |    3    |    0    |    20   |
|          |        mul_ln72_1_fu_610       |    3    |    0    |    20   |
|          |        mul_ln72_2_fu_614       |    3    |    0    |    20   |
|          |        mul_ln72_3_fu_618       |    3    |    0    |    20   |
|          |        mul_ln72_4_fu_622       |    3    |    0    |    20   |
|          |        mul_ln72_5_fu_626       |    3    |    0    |    20   |
|          |        mul_ln72_6_fu_630       |    3    |    0    |    20   |
|    mul   |        mul_ln72_7_fu_634       |    3    |    0    |    20   |
|          |        mul_ln72_8_fu_638       |    3    |    0    |    20   |
|          |        mul_ln72_9_fu_642       |    3    |    0    |    20   |
|          |       mul_ln72_10_fu_646       |    3    |    0    |    20   |
|          |       mul_ln72_11_fu_650       |    3    |    0    |    20   |
|          |       mul_ln72_12_fu_654       |    3    |    0    |    20   |
|          |       mul_ln72_13_fu_658       |    3    |    0    |    20   |
|          |       mul_ln72_14_fu_662       |    3    |    0    |    20   |
|          |       mul_ln72_15_fu_666       |    3    |    0    |    20   |
|----------|--------------------------------|---------|---------|---------|
|   icmp   |        icmp_ln67_fu_758        |    0    |    0    |    13   |
|----------|--------------------------------|---------|---------|---------|
|          | trunc_ln63_15_read_read_fu_296 |    0    |    0    |    0    |
|          | trunc_ln63_14_read_read_fu_302 |    0    |    0    |    0    |
|          | trunc_ln63_13_read_read_fu_308 |    0    |    0    |    0    |
|          | trunc_ln63_12_read_read_fu_314 |    0    |    0    |    0    |
|          | trunc_ln63_11_read_read_fu_320 |    0    |    0    |    0    |
|          | trunc_ln63_10_read_read_fu_326 |    0    |    0    |    0    |
|          |  trunc_ln63_9_read_read_fu_332 |    0    |    0    |    0    |
|          |  trunc_ln63_8_read_read_fu_338 |    0    |    0    |    0    |
|          |  trunc_ln63_7_read_read_fu_344 |    0    |    0    |    0    |
|          |  trunc_ln63_6_read_read_fu_350 |    0    |    0    |    0    |
|          |  trunc_ln63_5_read_read_fu_356 |    0    |    0    |    0    |
|          |  trunc_ln63_4_read_read_fu_362 |    0    |    0    |    0    |
|          |  trunc_ln63_3_read_read_fu_368 |    0    |    0    |    0    |
|          |  trunc_ln63_2_read_read_fu_374 |    0    |    0    |    0    |
|          |  trunc_ln63_1_read_read_fu_380 |    0    |    0    |    0    |
|          |         tmp_read_fu_386        |    0    |    0    |    0    |
|   read   |  gmem_load_17_read_read_fu_392 |    0    |    0    |    0    |
|          |  AB_block_0_1_read_read_fu_398 |    0    |    0    |    0    |
|          |  AB_block_1_1_read_read_fu_404 |    0    |    0    |    0    |
|          |  AB_block_2_1_read_read_fu_410 |    0    |    0    |    0    |
|          |  AB_block_3_1_read_read_fu_416 |    0    |    0    |    0    |
|          |  AB_block_4_1_read_read_fu_422 |    0    |    0    |    0    |
|          |  AB_block_5_1_read_read_fu_428 |    0    |    0    |    0    |
|          |  AB_block_6_1_read_read_fu_434 |    0    |    0    |    0    |
|          |  AB_block_7_1_read_read_fu_440 |    0    |    0    |    0    |
|          |  AB_block_8_1_read_read_fu_446 |    0    |    0    |    0    |
|          |  AB_block_9_1_read_read_fu_452 |    0    |    0    |    0    |
|          | AB_block_10_1_read_read_fu_458 |    0    |    0    |    0    |
|          | AB_block_11_1_read_read_fu_464 |    0    |    0    |    0    |
|          | AB_block_12_1_read_read_fu_470 |    0    |    0    |    0    |
|          | AB_block_13_1_read_read_fu_476 |    0    |    0    |    0    |
|          | AB_block_14_1_read_read_fu_482 |    0    |    0    |    0    |
|          | AB_block_15_1_read_read_fu_488 |    0    |    0    |    0    |
|----------|--------------------------------|---------|---------|---------|
|          |     write_ln0_write_fu_494     |    0    |    0    |    0    |
|          |     write_ln0_write_fu_501     |    0    |    0    |    0    |
|          |     write_ln0_write_fu_508     |    0    |    0    |    0    |
|          |     write_ln0_write_fu_515     |    0    |    0    |    0    |
|          |     write_ln0_write_fu_522     |    0    |    0    |    0    |
|          |     write_ln0_write_fu_529     |    0    |    0    |    0    |
|          |     write_ln0_write_fu_536     |    0    |    0    |    0    |
|   write  |     write_ln0_write_fu_543     |    0    |    0    |    0    |
|          |     write_ln0_write_fu_550     |    0    |    0    |    0    |
|          |     write_ln0_write_fu_557     |    0    |    0    |    0    |
|          |     write_ln0_write_fu_564     |    0    |    0    |    0    |
|          |     write_ln0_write_fu_571     |    0    |    0    |    0    |
|          |     write_ln0_write_fu_578     |    0    |    0    |    0    |
|          |     write_ln0_write_fu_585     |    0    |    0    |    0    |
|          |     write_ln0_write_fu_592     |    0    |    0    |    0    |
|          |     write_ln0_write_fu_599     |    0    |    0    |    0    |
|----------|--------------------------------|---------|---------|---------|
|          |        trunc_ln67_fu_770       |    0    |    0    |    0    |
|          |        trunc_ln72_fu_792       |    0    |    0    |    0    |
|          |       trunc_ln72_1_fu_883      |    0    |    0    |    0    |
|          |       trunc_ln72_2_fu_887      |    0    |    0    |    0    |
|          |       trunc_ln72_3_fu_891      |    0    |    0    |    0    |
|          |       trunc_ln72_4_fu_895      |    0    |    0    |    0    |
|          |       trunc_ln72_5_fu_899      |    0    |    0    |    0    |
|          |       trunc_ln72_6_fu_903      |    0    |    0    |    0    |
|   trunc  |       trunc_ln72_7_fu_907      |    0    |    0    |    0    |
|          |       trunc_ln72_8_fu_911      |    0    |    0    |    0    |
|          |       trunc_ln72_9_fu_915      |    0    |    0    |    0    |
|          |      trunc_ln72_10_fu_919      |    0    |    0    |    0    |
|          |      trunc_ln72_11_fu_923      |    0    |    0    |    0    |
|          |      trunc_ln72_12_fu_927      |    0    |    0    |    0    |
|          |      trunc_ln72_13_fu_931      |    0    |    0    |    0    |
|          |      trunc_ln72_14_fu_935      |    0    |    0    |    0    |
|          |      trunc_ln72_15_fu_939      |    0    |    0    |    0    |
|          |      trunc_ln72_256_fu_943     |    0    |    0    |    0    |
|----------|--------------------------------|---------|---------|---------|
|bitconcatenate|         shl_ln2_fu_774         |    0    |    0    |    0    |
|          |        or_ln72_s_fu_4563       |    0    |    0    |    0    |
|----------|--------------------------------|---------|---------|---------|
|   zext   |        zext_ln72_fu_782        |    0    |    0    |    0    |
|----------|--------------------------------|---------|---------|---------|
|  switch  |       switch_ln72_fu_796       |    0    |    0    |    0    |
|----------|--------------------------------|---------|---------|---------|
|          |      trunc_ln72_s_fu_1023      |    0    |    0    |    0    |
|          |      trunc_ln72_16_fu_1033     |    0    |    0    |    0    |
|          |      trunc_ln72_17_fu_1043     |    0    |    0    |    0    |
|          |      trunc_ln72_18_fu_1053     |    0    |    0    |    0    |
|          |      trunc_ln72_19_fu_1063     |    0    |    0    |    0    |
|          |      trunc_ln72_20_fu_1073     |    0    |    0    |    0    |
|          |      trunc_ln72_21_fu_1083     |    0    |    0    |    0    |
|          |      trunc_ln72_22_fu_1093     |    0    |    0    |    0    |
|          |      trunc_ln72_23_fu_1103     |    0    |    0    |    0    |
|          |      trunc_ln72_24_fu_1113     |    0    |    0    |    0    |
|          |      trunc_ln72_25_fu_1123     |    0    |    0    |    0    |
|          |      trunc_ln72_26_fu_1133     |    0    |    0    |    0    |
|          |      trunc_ln72_27_fu_1143     |    0    |    0    |    0    |
|          |      trunc_ln72_28_fu_1153     |    0    |    0    |    0    |
|          |      trunc_ln72_29_fu_1163     |    0    |    0    |    0    |
|          |      trunc_ln72_30_fu_1173     |    0    |    0    |    0    |
|          |      trunc_ln72_31_fu_1259     |    0    |    0    |    0    |
|          |      trunc_ln72_32_fu_1269     |    0    |    0    |    0    |
|          |      trunc_ln72_33_fu_1279     |    0    |    0    |    0    |
|          |      trunc_ln72_34_fu_1289     |    0    |    0    |    0    |
|          |      trunc_ln72_35_fu_1299     |    0    |    0    |    0    |
|          |      trunc_ln72_36_fu_1309     |    0    |    0    |    0    |
|          |      trunc_ln72_37_fu_1319     |    0    |    0    |    0    |
|          |      trunc_ln72_38_fu_1329     |    0    |    0    |    0    |
|          |      trunc_ln72_39_fu_1339     |    0    |    0    |    0    |
|          |      trunc_ln72_40_fu_1349     |    0    |    0    |    0    |
|          |      trunc_ln72_41_fu_1359     |    0    |    0    |    0    |
|          |      trunc_ln72_42_fu_1369     |    0    |    0    |    0    |
|          |      trunc_ln72_43_fu_1379     |    0    |    0    |    0    |
|          |      trunc_ln72_44_fu_1389     |    0    |    0    |    0    |
|          |      trunc_ln72_45_fu_1399     |    0    |    0    |    0    |
|          |      trunc_ln72_46_fu_1409     |    0    |    0    |    0    |
|          |      trunc_ln72_47_fu_1495     |    0    |    0    |    0    |
|          |      trunc_ln72_48_fu_1505     |    0    |    0    |    0    |
|          |      trunc_ln72_49_fu_1515     |    0    |    0    |    0    |
|          |      trunc_ln72_50_fu_1525     |    0    |    0    |    0    |
|          |      trunc_ln72_51_fu_1535     |    0    |    0    |    0    |
|          |      trunc_ln72_52_fu_1545     |    0    |    0    |    0    |
|          |      trunc_ln72_53_fu_1555     |    0    |    0    |    0    |
|          |      trunc_ln72_54_fu_1565     |    0    |    0    |    0    |
|          |      trunc_ln72_55_fu_1575     |    0    |    0    |    0    |
|          |      trunc_ln72_56_fu_1585     |    0    |    0    |    0    |
|          |      trunc_ln72_57_fu_1595     |    0    |    0    |    0    |
|          |      trunc_ln72_58_fu_1605     |    0    |    0    |    0    |
|          |      trunc_ln72_59_fu_1615     |    0    |    0    |    0    |
|          |      trunc_ln72_60_fu_1625     |    0    |    0    |    0    |
|          |      trunc_ln72_61_fu_1635     |    0    |    0    |    0    |
|          |      trunc_ln72_62_fu_1645     |    0    |    0    |    0    |
|          |      trunc_ln72_63_fu_1731     |    0    |    0    |    0    |
|          |      trunc_ln72_64_fu_1741     |    0    |    0    |    0    |
|          |      trunc_ln72_65_fu_1751     |    0    |    0    |    0    |
|          |      trunc_ln72_66_fu_1761     |    0    |    0    |    0    |
|          |      trunc_ln72_67_fu_1771     |    0    |    0    |    0    |
|          |      trunc_ln72_68_fu_1781     |    0    |    0    |    0    |
|          |      trunc_ln72_69_fu_1791     |    0    |    0    |    0    |
|          |      trunc_ln72_70_fu_1801     |    0    |    0    |    0    |
|          |      trunc_ln72_71_fu_1811     |    0    |    0    |    0    |
|          |      trunc_ln72_72_fu_1821     |    0    |    0    |    0    |
|          |      trunc_ln72_73_fu_1831     |    0    |    0    |    0    |
|          |      trunc_ln72_74_fu_1841     |    0    |    0    |    0    |
|          |      trunc_ln72_75_fu_1851     |    0    |    0    |    0    |
|          |      trunc_ln72_76_fu_1861     |    0    |    0    |    0    |
|          |      trunc_ln72_77_fu_1871     |    0    |    0    |    0    |
|          |      trunc_ln72_78_fu_1881     |    0    |    0    |    0    |
|          |      trunc_ln72_79_fu_1967     |    0    |    0    |    0    |
|          |      trunc_ln72_80_fu_1977     |    0    |    0    |    0    |
|          |      trunc_ln72_81_fu_1987     |    0    |    0    |    0    |
|          |      trunc_ln72_82_fu_1997     |    0    |    0    |    0    |
|          |      trunc_ln72_83_fu_2007     |    0    |    0    |    0    |
|          |      trunc_ln72_84_fu_2017     |    0    |    0    |    0    |
|          |      trunc_ln72_85_fu_2027     |    0    |    0    |    0    |
|          |      trunc_ln72_86_fu_2037     |    0    |    0    |    0    |
|          |      trunc_ln72_87_fu_2047     |    0    |    0    |    0    |
|          |      trunc_ln72_88_fu_2057     |    0    |    0    |    0    |
|          |      trunc_ln72_89_fu_2067     |    0    |    0    |    0    |
|          |      trunc_ln72_90_fu_2077     |    0    |    0    |    0    |
|          |      trunc_ln72_91_fu_2087     |    0    |    0    |    0    |
|          |      trunc_ln72_92_fu_2097     |    0    |    0    |    0    |
|          |      trunc_ln72_93_fu_2107     |    0    |    0    |    0    |
|          |      trunc_ln72_94_fu_2117     |    0    |    0    |    0    |
|          |      trunc_ln72_95_fu_2203     |    0    |    0    |    0    |
|          |      trunc_ln72_96_fu_2213     |    0    |    0    |    0    |
|          |      trunc_ln72_97_fu_2223     |    0    |    0    |    0    |
|          |      trunc_ln72_98_fu_2233     |    0    |    0    |    0    |
|          |      trunc_ln72_99_fu_2243     |    0    |    0    |    0    |
|          |     trunc_ln72_100_fu_2253     |    0    |    0    |    0    |
|          |     trunc_ln72_101_fu_2263     |    0    |    0    |    0    |
|          |     trunc_ln72_102_fu_2273     |    0    |    0    |    0    |
|          |     trunc_ln72_103_fu_2283     |    0    |    0    |    0    |
|          |     trunc_ln72_104_fu_2293     |    0    |    0    |    0    |
|          |     trunc_ln72_105_fu_2303     |    0    |    0    |    0    |
|          |     trunc_ln72_106_fu_2313     |    0    |    0    |    0    |
|          |     trunc_ln72_107_fu_2323     |    0    |    0    |    0    |
|          |     trunc_ln72_108_fu_2333     |    0    |    0    |    0    |
|          |     trunc_ln72_109_fu_2343     |    0    |    0    |    0    |
|          |     trunc_ln72_110_fu_2353     |    0    |    0    |    0    |
|          |     trunc_ln72_111_fu_2439     |    0    |    0    |    0    |
|          |     trunc_ln72_112_fu_2449     |    0    |    0    |    0    |
|          |     trunc_ln72_113_fu_2459     |    0    |    0    |    0    |
|          |     trunc_ln72_114_fu_2469     |    0    |    0    |    0    |
|          |     trunc_ln72_115_fu_2479     |    0    |    0    |    0    |
|          |     trunc_ln72_116_fu_2489     |    0    |    0    |    0    |
|          |     trunc_ln72_117_fu_2499     |    0    |    0    |    0    |
|          |     trunc_ln72_118_fu_2509     |    0    |    0    |    0    |
|          |     trunc_ln72_119_fu_2519     |    0    |    0    |    0    |
|          |     trunc_ln72_120_fu_2529     |    0    |    0    |    0    |
|          |     trunc_ln72_121_fu_2539     |    0    |    0    |    0    |
|          |     trunc_ln72_122_fu_2549     |    0    |    0    |    0    |
|          |     trunc_ln72_123_fu_2559     |    0    |    0    |    0    |
|          |     trunc_ln72_124_fu_2569     |    0    |    0    |    0    |
|          |     trunc_ln72_125_fu_2579     |    0    |    0    |    0    |
|          |     trunc_ln72_126_fu_2589     |    0    |    0    |    0    |
|          |     trunc_ln72_127_fu_2675     |    0    |    0    |    0    |
|          |     trunc_ln72_128_fu_2685     |    0    |    0    |    0    |
|          |     trunc_ln72_129_fu_2695     |    0    |    0    |    0    |
|          |     trunc_ln72_130_fu_2705     |    0    |    0    |    0    |
|          |     trunc_ln72_131_fu_2715     |    0    |    0    |    0    |
|          |     trunc_ln72_132_fu_2725     |    0    |    0    |    0    |
|          |     trunc_ln72_133_fu_2735     |    0    |    0    |    0    |
|partselect|     trunc_ln72_134_fu_2745     |    0    |    0    |    0    |
|          |     trunc_ln72_135_fu_2755     |    0    |    0    |    0    |
|          |     trunc_ln72_136_fu_2765     |    0    |    0    |    0    |
|          |     trunc_ln72_137_fu_2775     |    0    |    0    |    0    |
|          |     trunc_ln72_138_fu_2785     |    0    |    0    |    0    |
|          |     trunc_ln72_139_fu_2795     |    0    |    0    |    0    |
|          |     trunc_ln72_140_fu_2805     |    0    |    0    |    0    |
|          |     trunc_ln72_141_fu_2815     |    0    |    0    |    0    |
|          |     trunc_ln72_142_fu_2825     |    0    |    0    |    0    |
|          |     trunc_ln72_143_fu_2911     |    0    |    0    |    0    |
|          |     trunc_ln72_144_fu_2921     |    0    |    0    |    0    |
|          |     trunc_ln72_145_fu_2931     |    0    |    0    |    0    |
|          |     trunc_ln72_146_fu_2941     |    0    |    0    |    0    |
|          |     trunc_ln72_147_fu_2951     |    0    |    0    |    0    |
|          |     trunc_ln72_148_fu_2961     |    0    |    0    |    0    |
|          |     trunc_ln72_149_fu_2971     |    0    |    0    |    0    |
|          |     trunc_ln72_150_fu_2981     |    0    |    0    |    0    |
|          |     trunc_ln72_151_fu_2991     |    0    |    0    |    0    |
|          |     trunc_ln72_152_fu_3001     |    0    |    0    |    0    |
|          |     trunc_ln72_153_fu_3011     |    0    |    0    |    0    |
|          |     trunc_ln72_154_fu_3021     |    0    |    0    |    0    |
|          |     trunc_ln72_155_fu_3031     |    0    |    0    |    0    |
|          |     trunc_ln72_156_fu_3041     |    0    |    0    |    0    |
|          |     trunc_ln72_157_fu_3051     |    0    |    0    |    0    |
|          |     trunc_ln72_158_fu_3061     |    0    |    0    |    0    |
|          |     trunc_ln72_159_fu_3147     |    0    |    0    |    0    |
|          |     trunc_ln72_160_fu_3157     |    0    |    0    |    0    |
|          |     trunc_ln72_161_fu_3167     |    0    |    0    |    0    |
|          |     trunc_ln72_162_fu_3177     |    0    |    0    |    0    |
|          |     trunc_ln72_163_fu_3187     |    0    |    0    |    0    |
|          |     trunc_ln72_164_fu_3197     |    0    |    0    |    0    |
|          |     trunc_ln72_165_fu_3207     |    0    |    0    |    0    |
|          |     trunc_ln72_166_fu_3217     |    0    |    0    |    0    |
|          |     trunc_ln72_167_fu_3227     |    0    |    0    |    0    |
|          |     trunc_ln72_168_fu_3237     |    0    |    0    |    0    |
|          |     trunc_ln72_169_fu_3247     |    0    |    0    |    0    |
|          |     trunc_ln72_170_fu_3257     |    0    |    0    |    0    |
|          |     trunc_ln72_171_fu_3267     |    0    |    0    |    0    |
|          |     trunc_ln72_172_fu_3277     |    0    |    0    |    0    |
|          |     trunc_ln72_173_fu_3287     |    0    |    0    |    0    |
|          |     trunc_ln72_174_fu_3297     |    0    |    0    |    0    |
|          |     trunc_ln72_175_fu_3383     |    0    |    0    |    0    |
|          |     trunc_ln72_176_fu_3393     |    0    |    0    |    0    |
|          |     trunc_ln72_177_fu_3403     |    0    |    0    |    0    |
|          |     trunc_ln72_178_fu_3413     |    0    |    0    |    0    |
|          |     trunc_ln72_179_fu_3423     |    0    |    0    |    0    |
|          |     trunc_ln72_180_fu_3433     |    0    |    0    |    0    |
|          |     trunc_ln72_181_fu_3443     |    0    |    0    |    0    |
|          |     trunc_ln72_182_fu_3453     |    0    |    0    |    0    |
|          |     trunc_ln72_183_fu_3463     |    0    |    0    |    0    |
|          |     trunc_ln72_184_fu_3473     |    0    |    0    |    0    |
|          |     trunc_ln72_185_fu_3483     |    0    |    0    |    0    |
|          |     trunc_ln72_186_fu_3493     |    0    |    0    |    0    |
|          |     trunc_ln72_187_fu_3503     |    0    |    0    |    0    |
|          |     trunc_ln72_188_fu_3513     |    0    |    0    |    0    |
|          |     trunc_ln72_189_fu_3523     |    0    |    0    |    0    |
|          |     trunc_ln72_190_fu_3533     |    0    |    0    |    0    |
|          |     trunc_ln72_191_fu_3619     |    0    |    0    |    0    |
|          |     trunc_ln72_192_fu_3629     |    0    |    0    |    0    |
|          |     trunc_ln72_193_fu_3639     |    0    |    0    |    0    |
|          |     trunc_ln72_194_fu_3649     |    0    |    0    |    0    |
|          |     trunc_ln72_195_fu_3659     |    0    |    0    |    0    |
|          |     trunc_ln72_196_fu_3669     |    0    |    0    |    0    |
|          |     trunc_ln72_197_fu_3679     |    0    |    0    |    0    |
|          |     trunc_ln72_198_fu_3689     |    0    |    0    |    0    |
|          |     trunc_ln72_199_fu_3699     |    0    |    0    |    0    |
|          |     trunc_ln72_200_fu_3709     |    0    |    0    |    0    |
|          |     trunc_ln72_201_fu_3719     |    0    |    0    |    0    |
|          |     trunc_ln72_202_fu_3729     |    0    |    0    |    0    |
|          |     trunc_ln72_203_fu_3739     |    0    |    0    |    0    |
|          |     trunc_ln72_204_fu_3749     |    0    |    0    |    0    |
|          |     trunc_ln72_205_fu_3759     |    0    |    0    |    0    |
|          |     trunc_ln72_206_fu_3769     |    0    |    0    |    0    |
|          |     trunc_ln72_207_fu_3855     |    0    |    0    |    0    |
|          |     trunc_ln72_208_fu_3865     |    0    |    0    |    0    |
|          |     trunc_ln72_209_fu_3875     |    0    |    0    |    0    |
|          |     trunc_ln72_210_fu_3885     |    0    |    0    |    0    |
|          |     trunc_ln72_211_fu_3895     |    0    |    0    |    0    |
|          |     trunc_ln72_212_fu_3905     |    0    |    0    |    0    |
|          |     trunc_ln72_213_fu_3915     |    0    |    0    |    0    |
|          |     trunc_ln72_214_fu_3925     |    0    |    0    |    0    |
|          |     trunc_ln72_215_fu_3935     |    0    |    0    |    0    |
|          |     trunc_ln72_216_fu_3945     |    0    |    0    |    0    |
|          |     trunc_ln72_217_fu_3955     |    0    |    0    |    0    |
|          |     trunc_ln72_218_fu_3965     |    0    |    0    |    0    |
|          |     trunc_ln72_219_fu_3975     |    0    |    0    |    0    |
|          |     trunc_ln72_220_fu_3985     |    0    |    0    |    0    |
|          |     trunc_ln72_221_fu_3995     |    0    |    0    |    0    |
|          |     trunc_ln72_222_fu_4005     |    0    |    0    |    0    |
|          |     trunc_ln72_223_fu_4091     |    0    |    0    |    0    |
|          |     trunc_ln72_224_fu_4101     |    0    |    0    |    0    |
|          |     trunc_ln72_225_fu_4111     |    0    |    0    |    0    |
|          |     trunc_ln72_226_fu_4121     |    0    |    0    |    0    |
|          |     trunc_ln72_227_fu_4131     |    0    |    0    |    0    |
|          |     trunc_ln72_228_fu_4141     |    0    |    0    |    0    |
|          |     trunc_ln72_229_fu_4151     |    0    |    0    |    0    |
|          |     trunc_ln72_230_fu_4161     |    0    |    0    |    0    |
|          |     trunc_ln72_231_fu_4171     |    0    |    0    |    0    |
|          |     trunc_ln72_232_fu_4181     |    0    |    0    |    0    |
|          |     trunc_ln72_233_fu_4191     |    0    |    0    |    0    |
|          |     trunc_ln72_234_fu_4201     |    0    |    0    |    0    |
|          |     trunc_ln72_235_fu_4211     |    0    |    0    |    0    |
|          |     trunc_ln72_236_fu_4221     |    0    |    0    |    0    |
|          |     trunc_ln72_237_fu_4231     |    0    |    0    |    0    |
|          |     trunc_ln72_238_fu_4241     |    0    |    0    |    0    |
|          |     trunc_ln72_239_fu_4327     |    0    |    0    |    0    |
|          |     trunc_ln72_240_fu_4337     |    0    |    0    |    0    |
|          |     trunc_ln72_241_fu_4347     |    0    |    0    |    0    |
|          |     trunc_ln72_242_fu_4357     |    0    |    0    |    0    |
|          |     trunc_ln72_243_fu_4367     |    0    |    0    |    0    |
|          |     trunc_ln72_244_fu_4377     |    0    |    0    |    0    |
|          |     trunc_ln72_245_fu_4387     |    0    |    0    |    0    |
|          |     trunc_ln72_246_fu_4397     |    0    |    0    |    0    |
|          |     trunc_ln72_247_fu_4407     |    0    |    0    |    0    |
|          |     trunc_ln72_248_fu_4417     |    0    |    0    |    0    |
|          |     trunc_ln72_249_fu_4427     |    0    |    0    |    0    |
|          |     trunc_ln72_250_fu_4437     |    0    |    0    |    0    |
|          |     trunc_ln72_251_fu_4447     |    0    |    0    |    0    |
|          |     trunc_ln72_252_fu_4457     |    0    |    0    |    0    |
|          |     trunc_ln72_253_fu_4467     |    0    |    0    |    0    |
|          |     trunc_ln72_254_fu_4477     |    0    |    0    |    0    |
|----------|--------------------------------|---------|---------|---------|
|   Total  |                                |    48   |    0    |   4181  |
|----------|--------------------------------|---------|---------|---------|

Memories:
N/A

* Register list:
+---------------------------+--------+
|                           |   FF   |
+---------------------------+--------+
|   AB_block_0_2_reg_4750   |   512  |
|   AB_block_10_2_reg_4830  |   512  |
|   AB_block_11_2_reg_4838  |   512  |
|   AB_block_12_2_reg_4846  |   512  |
|   AB_block_13_2_reg_4854  |   512  |
|   AB_block_14_2_reg_4862  |   512  |
|   AB_block_15_2_reg_4870  |   512  |
|   AB_block_1_2_reg_4758   |   512  |
|   AB_block_2_2_reg_4766   |   512  |
|   AB_block_3_2_reg_4774   |   512  |
|   AB_block_4_2_reg_4782   |   512  |
|   AB_block_5_2_reg_4790   |   512  |
|   AB_block_6_2_reg_4798   |   512  |
|   AB_block_7_2_reg_4806   |   512  |
|   AB_block_8_2_reg_4814   |   512  |
|   AB_block_9_2_reg_4822   |   512  |
|         i_reg_4743        |    5   |
|     icmp_ln67_reg_4958    |    1   |
|    mul_ln72_10_reg_5052   |   32   |
|    mul_ln72_11_reg_5057   |   32   |
|    mul_ln72_12_reg_5062   |   32   |
|    mul_ln72_13_reg_5067   |   32   |
|    mul_ln72_14_reg_5072   |   32   |
|    mul_ln72_15_reg_5077   |   32   |
|    mul_ln72_1_reg_5007    |   32   |
|    mul_ln72_2_reg_5012    |   32   |
|    mul_ln72_3_reg_5017    |   32   |
|    mul_ln72_4_reg_5022    |   32   |
|    mul_ln72_5_reg_5027    |   32   |
|    mul_ln72_6_reg_5032    |   32   |
|    mul_ln72_7_reg_5037    |   32   |
|    mul_ln72_8_reg_5042    |   32   |
|    mul_ln72_9_reg_5047    |   32   |
|     mul_ln72_reg_5002     |   32   |
|        tmp_reg_4953       |   32   |
|trunc_ln63_10_read_reg_4903|   32   |
|trunc_ln63_11_read_reg_4898|   32   |
|trunc_ln63_12_read_reg_4893|   32   |
|trunc_ln63_13_read_reg_4888|   32   |
|trunc_ln63_14_read_reg_4883|   32   |
|trunc_ln63_15_read_reg_4878|   32   |
| trunc_ln63_1_read_reg_4948|   32   |
| trunc_ln63_2_read_reg_4943|   32   |
| trunc_ln63_3_read_reg_4938|   32   |
| trunc_ln63_4_read_reg_4933|   32   |
| trunc_ln63_5_read_reg_4928|   32   |
| trunc_ln63_6_read_reg_4923|   32   |
| trunc_ln63_7_read_reg_4918|   32   |
| trunc_ln63_8_read_reg_4913|   32   |
| trunc_ln63_9_read_reg_4908|   32   |
|    trunc_ln67_reg_4962    |    4   |
|    trunc_ln72_reg_4982    |   32   |
+---------------------------+--------+
|           Total           |  9258  |
+---------------------------+--------+

* Multiplexer (MUX) list: 
|--------|------|------|------|--------|
|  Comp  |  Pin | Size |  BW  | S x BW |
|--------|------|------|------|--------|
|  Total |      |      |      |    0   |
|--------|------|------|------|--------|



* Summary:
+-----------+--------+--------+--------+
|           |   DSP  |   FF   |   LUT  |
+-----------+--------+--------+--------+
|  Function |   48   |    0   |  4181  |
|   Memory  |    -   |    -   |    -   |
|Multiplexer|    -   |    -   |    -   |
|  Register |    -   |  9258  |    -   |
+-----------+--------+--------+--------+
|   Total   |   48   |  9258  |  4181  |
+-----------+--------+--------+--------+
