

================================================================
== Vitis HLS Report for 'MM_Pipeline_VITIS_LOOP_46_6_VITIS_LOOP_47_7_VITIS_LOOP_50_8'
================================================================
* Date:           Sat Apr  4 16:08:45 2026

* Version:        2025.1 (Build 6135595 on May 21 2025)
* Project:        baseline_blockedMM
* Solution:       hls (Vivado IP Flow Target)
* Product family: zynq
* Target device:  xc7z020-clg400-1


================================================================
== Performance Estimates
================================================================
+ Timing: 
    * Summary: 
    +--------+----------+----------+------------+
    |  Clock |  Target  | Estimated| Uncertainty|
    +--------+----------+----------+------------+
    |ap_clk  |  10.00 ns|  7.300 ns|     2.70 ns|
    +--------+----------+----------+------------+

+ Latency: 
    * Summary: 
    +---------+---------+----------+----------+-----+-----+------------------------------------------------+
    |  Latency (cycles) |  Latency (absolute) |  Interval |                    Pipeline                    |
    |   min   |   max   |    min   |    max   | min | max |                      Type                      |
    +---------+---------+----------+----------+-----+-----+------------------------------------------------+
    |        ?|        ?|         ?|         ?|    0|    0|  loop auto-rewind stp (delay=0 clock cycles(s))|
    +---------+---------+----------+----------+-----+-----+------------------------------------------------+

    + Detail: 
        * Instance: 
        N/A

        * Loop: 
        +---------------------------------------------------+---------+---------+----------+-----------+-----------+------+----------+
        |                                                   |  Latency (cycles) | Iteration|  Initiation Interval  | Trip |          |
        |                     Loop Name                     |   min   |   max   |  Latency |  achieved |   target  | Count| Pipelined|
        +---------------------------------------------------+---------+---------+----------+-----------+-----------+------+----------+
        |- VITIS_LOOP_46_6_VITIS_LOOP_47_7_VITIS_LOOP_50_8  |        ?|        ?|        27|         16|          1|     ?|       yes|
        +---------------------------------------------------+---------+---------+----------+-----------+-----------+------+----------+



================================================================
== Utilization Estimates
================================================================
* Summary: 
+-----------------+---------+-----+--------+-------+-----+
|       Name      | BRAM_18K| DSP |   FF   |  LUT  | URAM|
+-----------------+---------+-----+--------+-------+-----+
|DSP              |        -|    -|       -|      -|    -|
|Expression       |        -|    -|       0|   1922|    -|
|FIFO             |        -|    -|       -|      -|    -|
|Instance         |        -|   17|    1023|    538|    -|
|Memory           |        -|    -|       -|      -|    -|
|Multiplexer      |        -|    -|       0|    255|    -|
|Register         |        -|    -|    2027|      -|    -|
+-----------------+---------+-----+--------+-------+-----+
|Total            |        0|   17|    3050|   2715|    0|
+-----------------+---------+-----+--------+-------+-----+
|Available        |      280|  220|  106400|  53200|    0|
+-----------------+---------+-----+--------+-------+-----+
|Utilization (%)  |        0|    7|       2|      5|    0|
+-----------------+---------+-----+--------+-------+-----+

+ Detail: 
    * Instance: 
    +-----------------------+--------------------+---------+----+-----+-----+-----+
    |        Instance       |       Module       | BRAM_18K| DSP|  FF | LUT | URAM|
    +-----------------------+--------------------+---------+----+-----+-----+-----+
    |mul_32s_32s_32_2_1_U5  |mul_32s_32s_32_2_1  |        0|   3|  165|   50|    0|
    |mul_62s_32s_62_5_1_U6  |mul_62s_32s_62_5_1  |        0|   7|  429|  244|    0|
    |mul_62s_32s_62_5_1_U7  |mul_62s_32s_62_5_1  |        0|   7|  429|  244|    0|
    +-----------------------+--------------------+---------+----+-----+-----+-----+
    |Total                  |                    |        0|  17| 1023|  538|    0|
    +-----------------------+--------------------+---------+----+-----+-----+-----+

    * DSP: 
    N/A

    * Memory: 
    N/A

    * FIFO: 
    N/A

    * Expression: 
    +---------------------------------+----------+----+---+-----+------------+------------+
    |          Variable Name          | Operation| DSP| FF| LUT | Bitwidth P0| Bitwidth P1|
    +---------------------------------+----------+----+---+-----+------------+------------+
    |add_ln46_1_fu_343_p2             |         +|   0|  0|   71|          64|           1|
    |add_ln46_fu_296_p2               |         +|   0|  0|  199|         192|           1|
    |add_ln47_1_fu_361_p2             |         +|   0|  0|  135|         128|           1|
    |add_ln47_fu_372_p2               |         +|   0|  0|   71|          64|           1|
    |add_ln50_fu_534_p2               |         +|   0|  0|   71|          64|           1|
    |add_ln51_1_fu_471_p2             |         +|   0|  0|   71|          64|          64|
    |add_ln51_2_fu_496_p2             |         +|   0|  0|   69|          62|          62|
    |add_ln51_3_fu_509_p2             |         +|   0|  0|   71|          64|          64|
    |add_ln51_4_fu_544_p2             |         +|   0|  0|   39|          32|          32|
    |add_ln51_fu_458_p2               |         +|   0|  0|   69|          62|          62|
    |empty_31_fu_421_p2               |         +|   0|  0|   69|          62|          62|
    |empty_32_fu_433_p2               |         +|   0|  0|   71|          64|          64|
    |ap_block_pp0_stage0_11001_grp4   |       and|   0|  0|    2|           1|           1|
    |ap_block_pp0_stage10_11001_grp9  |       and|   0|  0|    2|           1|           1|
    |ap_block_pp0_stage11_11001_grp3  |       and|   0|  0|    2|           1|           1|
    |ap_block_pp0_stage4_11001_grp7   |       and|   0|  0|    2|           1|           1|
    |ap_block_pp0_stage5_11001_grp8   |       and|   0|  0|    2|           1|           1|
    |ap_block_pp0_stage8_11001_grp1   |       and|   0|  0|    2|           1|           1|
    |ap_block_pp0_stage9_11001_grp2   |       and|   0|  0|    2|           1|           1|
    |ap_block_state10_io_grp2         |       and|   0|  0|    2|           1|           1|
    |ap_condition_284                 |       and|   0|  0|    2|           1|           1|
    |icmp_ln46_fu_291_p2              |      icmp|   0|  0|  199|         192|         192|
    |icmp_ln47_fu_314_p2              |      icmp|   0|  0|  135|         128|         128|
    |icmp_ln50_1_fu_330_p2            |      icmp|   0|  0|   71|          64|          64|
    |icmp_ln50_fu_326_p2              |      icmp|   0|  0|   41|          34|          34|
    |k_1_mid2_fu_377_p3               |    select|   0|  0|   64|           1|          64|
    |select_ln46_1_fu_367_p3          |    select|   0|  0|   64|           1|          64|
    |select_ln46_2_fu_335_p3          |    select|   0|  0|    2|           1|           1|
    |select_ln46_3_fu_349_p3          |    select|   0|  0|   64|           1|          64|
    |select_ln46_fu_319_p3            |    select|   0|  0|   64|           1|          64|
    |select_ln47_1_fu_397_p3          |    select|   0|  0|  128|           1|           1|
    |select_ln47_fu_383_p3            |    select|   0|  0|   64|           1|          64|
    |ap_enable_pp0                    |       xor|   0|  0|    2|           1|           2|
    +---------------------------------+----------+----+---+-----+------------+------------+
    |Total                            |          |   0|  0| 1922|        1357|        1166|
    +---------------------------------+----------+----+---+-----+------------+------------+

    * Multiplexer: 
    +-----------------------------+----+-----------+-----+-----------+
    |             Name            | LUT| Input Size| Bits| Total Bits|
    +-----------------------------+----+-----------+-----+-----------+
    |ap_NS_fsm                    |  81|         17|    1|         17|
    |ap_done_int                  |   9|          2|    1|          2|
    |ap_enable_reg_pp0_iter0      |   9|          2|    1|          2|
    |ap_enable_reg_pp0_iter0_reg  |   9|          2|    1|          2|
    |ap_enable_reg_pp0_iter1      |   9|          2|    1|          2|
    |gmem_blk_n_AR                |   9|          2|    1|          2|
    |gmem_blk_n_AW                |   9|          2|    1|          2|
    |gmem_blk_n_B                 |   9|          2|    1|          2|
    |gmem_blk_n_R                 |   9|          2|    1|          2|
    |gmem_blk_n_W                 |   9|          2|    1|          2|
    |grp_fu_218_p0                |  14|          3|   62|        186|
    |grp_fu_218_p1                |  14|          3|   32|         96|
    |i_fu_108                     |   9|          2|   64|        128|
    |indvar_flatten69_fu_112      |   9|          2|  192|        384|
    |indvar_flatten_fu_104        |   9|          2|  128|        256|
    |j_fu_100                     |   9|          2|   64|        128|
    |k_fu_96                      |   9|          2|   64|        128|
    |m_axi_gmem_0_ARADDR          |  20|          4|   64|        256|
    +-----------------------------+----+-----------+-----+-----------+
    |Total                        | 255|         55|  680|       1597|
    +-----------------------------+----+-----------+-----+-----------+

    * Register: 
    +-------------------------------------------+-----+----+-----+-----------+
    |                    Name                   |  FF | LUT| Bits| Const Bits|
    +-------------------------------------------+-----+----+-----+-----------+
    |P_cast8_cast_reg_614                       |   62|   0|   62|          0|
    |add_ln46_reg_650                           |  192|   0|  192|          0|
    |add_ln47_1_reg_689                         |  128|   0|  128|          0|
    |add_ln51_4_reg_747                         |   32|   0|   32|          0|
    |ap_CS_fsm                                  |   16|   0|   16|          0|
    |ap_block_pp0_stage0_subdone_grp0_done_reg  |    1|   0|    1|          0|
    |ap_block_pp0_stage1_subdone_grp0_done_reg  |    1|   0|    1|          0|
    |ap_block_pp0_stage3_subdone_grp0_done_reg  |    1|   0|    1|          0|
    |ap_block_pp0_stage4_subdone_grp0_done_reg  |    1|   0|    1|          0|
    |ap_block_pp0_stage5_subdone_grp0_done_reg  |    1|   0|    1|          0|
    |ap_block_pp0_stage8_subdone_grp0_done_reg  |    1|   0|    1|          0|
    |ap_done_reg                                |    1|   0|    1|          0|
    |ap_enable_reg_pp0_iter0_reg                |    1|   0|    1|          0|
    |ap_enable_reg_pp0_iter1                    |    1|   0|    1|          0|
    |empty_30_reg_711                           |   62|   0|   62|          0|
    |gmem_addr_1_reg_725                        |   64|   0|   64|          0|
    |gmem_addr_2_read_reg_737                   |   32|   0|   32|          0|
    |gmem_addr_2_reg_731                        |   64|   0|   64|          0|
    |gmem_addr_reg_716                          |   64|   0|   64|          0|
    |i_fu_108                                   |   64|   0|   64|          0|
    |icmp_ln46_reg_646                          |    1|   0|    1|          0|
    |icmp_ln47_reg_660                          |    1|   0|    1|          0|
    |indvar_flatten69_fu_112                    |  192|   0|  192|          0|
    |indvar_flatten_fu_104                      |  128|   0|  128|          0|
    |j_fu_100                                   |   64|   0|   64|          0|
    |k_1_mid2_reg_694                           |   64|   0|   64|          0|
    |k_fu_96                                    |   64|   0|   64|          0|
    |k_load_reg_655                             |   64|   0|   64|          0|
    |mul_ln51_1_reg_742                         |   32|   0|   32|          0|
    |reg_226                                    |   62|   0|   62|          0|
    |reg_230                                    |   32|   0|   32|          0|
    |select_ln46_2_reg_672                      |    1|   0|    1|          0|
    |select_ln46_3_reg_678                      |   64|   0|   64|          0|
    |select_ln46_reg_666                        |   64|   0|   64|          0|
    |sext_ln41_cast_reg_620                     |   62|   0|   62|          0|
    |sext_ln43_3_cast_reg_625                   |   64|   0|   64|          0|
    |trunc_ln46_reg_683                         |   62|   0|   62|          0|
    |trunc_ln47_reg_699                         |   62|   0|   62|          0|
    |trunc_ln50_reg_705                         |   62|   0|   62|          0|
    |zext_ln42_cast_reg_636                     |   31|   0|   64|         33|
    |zext_ln43_cast1_reg_630                    |   31|   0|   64|         33|
    |zext_ln43_cast_reg_641                     |   31|   0|   34|          3|
    +-------------------------------------------+-----+----+-----+-----------+
    |Total                                      | 2027|   0| 2096|         69|
    +-------------------------------------------+-----+----+-----+-----------+



================================================================
== Interface
================================================================
* Summary: 
+-----------------------+-----+-----+------------+-------------------------------------------------------------+--------------+
|       RTL Ports       | Dir | Bits|  Protocol  |                        Source Object                        |    C Type    |
+-----------------------+-----+-----+------------+-------------------------------------------------------------+--------------+
|ap_clk                 |   in|    1|  ap_ctrl_hs|  MM_Pipeline_VITIS_LOOP_46_6_VITIS_LOOP_47_7_VITIS_LOOP_50_8|  return value|
|ap_rst                 |   in|    1|  ap_ctrl_hs|  MM_Pipeline_VITIS_LOOP_46_6_VITIS_LOOP_47_7_VITIS_LOOP_50_8|  return value|
|ap_start               |   in|    1|  ap_ctrl_hs|  MM_Pipeline_VITIS_LOOP_46_6_VITIS_LOOP_47_7_VITIS_LOOP_50_8|  return value|
|ap_done                |  out|    1|  ap_ctrl_hs|  MM_Pipeline_VITIS_LOOP_46_6_VITIS_LOOP_47_7_VITIS_LOOP_50_8|  return value|
|ap_idle                |  out|    1|  ap_ctrl_hs|  MM_Pipeline_VITIS_LOOP_46_6_VITIS_LOOP_47_7_VITIS_LOOP_50_8|  return value|
|ap_ready               |  out|    1|  ap_ctrl_hs|  MM_Pipeline_VITIS_LOOP_46_6_VITIS_LOOP_47_7_VITIS_LOOP_50_8|  return value|
|m_axi_gmem_0_AWVALID   |  out|    1|       m_axi|                                                         gmem|       pointer|
|m_axi_gmem_0_AWREADY   |   in|    1|       m_axi|                                                         gmem|       pointer|
|m_axi_gmem_0_AWADDR    |  out|   64|       m_axi|                                                         gmem|       pointer|
|m_axi_gmem_0_AWID      |  out|    1|       m_axi|                                                         gmem|       pointer|
|m_axi_gmem_0_AWLEN     |  out|   32|       m_axi|                                                         gmem|       pointer|
|m_axi_gmem_0_AWSIZE    |  out|    3|       m_axi|                                                         gmem|       pointer|
|m_axi_gmem_0_AWBURST   |  out|    2|       m_axi|                                                         gmem|       pointer|
|m_axi_gmem_0_AWLOCK    |  out|    2|       m_axi|                                                         gmem|       pointer|
|m_axi_gmem_0_AWCACHE   |  out|    4|       m_axi|                                                         gmem|       pointer|
|m_axi_gmem_0_AWPROT    |  out|    3|       m_axi|                                                         gmem|       pointer|
|m_axi_gmem_0_AWQOS     |  out|    4|       m_axi|                                                         gmem|       pointer|
|m_axi_gmem_0_AWREGION  |  out|    4|       m_axi|                                                         gmem|       pointer|
|m_axi_gmem_0_AWUSER    |  out|    1|       m_axi|                                                         gmem|       pointer|
|m_axi_gmem_0_WVALID    |  out|    1|       m_axi|                                                         gmem|       pointer|
|m_axi_gmem_0_WREADY    |   in|    1|       m_axi|                                                         gmem|       pointer|
|m_axi_gmem_0_WDATA     |  out|   32|       m_axi|                                                         gmem|       pointer|
|m_axi_gmem_0_WSTRB     |  out|    4|       m_axi|                                                         gmem|       pointer|
|m_axi_gmem_0_WLAST     |  out|    1|       m_axi|                                                         gmem|       pointer|
|m_axi_gmem_0_WID       |  out|    1|       m_axi|                                                         gmem|       pointer|
|m_axi_gmem_0_WUSER     |  out|    1|       m_axi|                                                         gmem|       pointer|
|m_axi_gmem_0_ARVALID   |  out|    1|       m_axi|                                                         gmem|       pointer|
|m_axi_gmem_0_ARREADY   |   in|    1|       m_axi|                                                         gmem|       pointer|
|m_axi_gmem_0_ARADDR    |  out|   64|       m_axi|                                                         gmem|       pointer|
|m_axi_gmem_0_ARID      |  out|    1|       m_axi|                                                         gmem|       pointer|
|m_axi_gmem_0_ARLEN     |  out|   32|       m_axi|                                                         gmem|       pointer|
|m_axi_gmem_0_ARSIZE    |  out|    3|       m_axi|                                                         gmem|       pointer|
|m_axi_gmem_0_ARBURST   |  out|    2|       m_axi|                                                         gmem|       pointer|
|m_axi_gmem_0_ARLOCK    |  out|    2|       m_axi|                                                         gmem|       pointer|
|m_axi_gmem_0_ARCACHE   |  out|    4|       m_axi|                                                         gmem|       pointer|
|m_axi_gmem_0_ARPROT    |  out|    3|       m_axi|                                                         gmem|       pointer|
|m_axi_gmem_0_ARQOS     |  out|    4|       m_axi|                                                         gmem|       pointer|
|m_axi_gmem_0_ARREGION  |  out|    4|       m_axi|                                                         gmem|       pointer|
|m_axi_gmem_0_ARUSER    |  out|    1|       m_axi|                                                         gmem|       pointer|
|m_axi_gmem_0_RVALID    |   in|    1|       m_axi|                                                         gmem|       pointer|
|m_axi_gmem_0_RREADY    |  out|    1|       m_axi|                                                         gmem|       pointer|
|m_axi_gmem_0_RDATA     |   in|   32|       m_axi|                                                         gmem|       pointer|
|m_axi_gmem_0_RLAST     |   in|    1|       m_axi|                                                         gmem|       pointer|
|m_axi_gmem_0_RID       |   in|    1|       m_axi|                                                         gmem|       pointer|
|m_axi_gmem_0_RFIFONUM  |   in|    9|       m_axi|                                                         gmem|       pointer|
|m_axi_gmem_0_RUSER     |   in|    1|       m_axi|                                                         gmem|       pointer|
|m_axi_gmem_0_RRESP     |   in|    2|       m_axi|                                                         gmem|       pointer|
|m_axi_gmem_0_BVALID    |   in|    1|       m_axi|                                                         gmem|       pointer|
|m_axi_gmem_0_BREADY    |  out|    1|       m_axi|                                                         gmem|       pointer|
|m_axi_gmem_0_BRESP     |   in|    2|       m_axi|                                                         gmem|       pointer|
|m_axi_gmem_0_BID       |   in|    1|       m_axi|                                                         gmem|       pointer|
|m_axi_gmem_0_BUSER     |   in|    1|       m_axi|                                                         gmem|       pointer|
|zext_ln41_3            |   in|   31|     ap_none|                                                  zext_ln41_3|        scalar|
|zext_ln42              |   in|   31|     ap_none|                                                    zext_ln42|        scalar|
|zext_ln43              |   in|   31|     ap_none|                                                    zext_ln43|        scalar|
|mul_ln43_1             |   in|  192|     ap_none|                                                   mul_ln43_1|        scalar|
|mul_ln43               |   in|  128|     ap_none|                                                     mul_ln43|        scalar|
|sext_ln43_3            |   in|   34|     ap_none|                                                  sext_ln43_3|        scalar|
|sext_ln41              |   in|   32|     ap_none|                                                    sext_ln41|        scalar|
|P_cast8                |   in|   32|     ap_none|                                                      P_cast8|        scalar|
|ABC                    |   in|   64|     ap_none|                                                          ABC|        scalar|
|A                      |   in|   64|     ap_none|                                                            A|        scalar|
|B                      |   in|   64|     ap_none|                                                            B|        scalar|
+-----------------------+-----+-----+------------+-------------------------------------------------------------+--------------+

============================================================
+ Verbose Summary: Synthesis Manager
============================================================
InlineROM: 1
ExposeGlobal: 0
============================================================
+ Verbose Summary: CDFG Model
============================================================
IsTopModel: 0
ResetActiveHigh: 1
IsCombinational: 2
IsDatapathOnly: 2
HasWiredReturn: 1
HasMFsm: 2
HasVarLatency: 1
IsPipeline: 0
IsRtlPipelined: 0
IsInstanceOverlapped: 0
IsDontTouch: 0
HasImplIP: 0
IsGatedGlobalClock: 0

+ Individual pipeline summary: 
  * Pipeline-0: initiation interval (II) = 16, depth = 27


============================================================
+ Verbose Summary: Schedule
============================================================
* Number of FSM states : 27
* Pipeline : 1
  Pipeline-0 : II = 16, D = 27, States = { 1 2 3 4 5 6 7 8 9 10 11 12 13 14 15 16 17 18 19 20 21 22 23 24 25 26 27 }
* Dataflow Pipeline: 0

* FSM state transitions: 
1 --> 2 
2 --> 3 
3 --> 4 
4 --> 5 
5 --> 6 
6 --> 7 
7 --> 8 
8 --> 9 
9 --> 10 
10 --> 11 
11 --> 12 
12 --> 13 
13 --> 14 
14 --> 15 
15 --> 16 
16 --> 17 
17 --> 18 
18 --> 19 
19 --> 20 
20 --> 21 
21 --> 22 
22 --> 23 
23 --> 24 
24 --> 25 
25 --> 26 
26 --> 27 
27 --> 

* FSM state operations: 

State 1 <SV = 0> <Delay = 1.58>
ST_1 : Operation 30 [1/1] (0.00ns)   --->   "%k = alloca i32 1" [../MLP_baseline/mm.cpp:50]   --->   Operation 30 'alloca' 'k' <Predicate = true> <Delay = 0.00>
ST_1 : Operation 31 [1/1] (0.00ns)   --->   "%j = alloca i32 1" [../MLP_baseline/mm.cpp:47]   --->   Operation 31 'alloca' 'j' <Predicate = true> <Delay = 0.00>
ST_1 : Operation 32 [1/1] (0.00ns)   --->   "%indvar_flatten = alloca i32 1"   --->   Operation 32 'alloca' 'indvar_flatten' <Predicate = true> <Delay = 0.00>
ST_1 : Operation 33 [1/1] (0.00ns)   --->   "%i = alloca i32 1" [../MLP_baseline/mm.cpp:46]   --->   Operation 33 'alloca' 'i' <Predicate = true> <Delay = 0.00>
ST_1 : Operation 34 [1/1] (0.00ns)   --->   "%indvar_flatten69 = alloca i32 1"   --->   Operation 34 'alloca' 'indvar_flatten69' <Predicate = true> <Delay = 0.00>
ST_1 : Operation 35 [1/1] (0.00ns)   --->   "%B_read = read i64 @_ssdm_op_Read.ap_auto.i64, i64 %B"   --->   Operation 35 'read' 'B_read' <Predicate = true> <Delay = 0.00>
ST_1 : Operation 36 [1/1] (0.00ns)   --->   "%A_read = read i64 @_ssdm_op_Read.ap_auto.i64, i64 %A"   --->   Operation 36 'read' 'A_read' <Predicate = true> <Delay = 0.00>
ST_1 : Operation 37 [1/1] (0.00ns)   --->   "%ABC_read = read i64 @_ssdm_op_Read.ap_auto.i64, i64 %ABC"   --->   Operation 37 'read' 'ABC_read' <Predicate = true> <Delay = 0.00>
ST_1 : Operation 38 [1/1] (0.00ns)   --->   "%P_cast8_read = read i32 @_ssdm_op_Read.ap_auto.i32, i32 %P_cast8"   --->   Operation 38 'read' 'P_cast8_read' <Predicate = true> <Delay = 0.00>
ST_1 : Operation 39 [1/1] (0.00ns)   --->   "%sext_ln41_read = read i32 @_ssdm_op_Read.ap_auto.i32, i32 %sext_ln41"   --->   Operation 39 'read' 'sext_ln41_read' <Predicate = true> <Delay = 0.00>
ST_1 : Operation 40 [1/1] (0.00ns)   --->   "%sext_ln43_3_read = read i34 @_ssdm_op_Read.ap_auto.i34, i34 %sext_ln43_3"   --->   Operation 40 'read' 'sext_ln43_3_read' <Predicate = true> <Delay = 0.00>
ST_1 : Operation 41 [1/1] (0.00ns)   --->   "%mul_ln43_read = read i128 @_ssdm_op_Read.ap_auto.i128, i128 %mul_ln43"   --->   Operation 41 'read' 'mul_ln43_read' <Predicate = true> <Delay = 0.00>
ST_1 : Operation 42 [1/1] (0.00ns)   --->   "%mul_ln43_1_read = read i192 @_ssdm_op_Read.ap_auto.i192, i192 %mul_ln43_1"   --->   Operation 42 'read' 'mul_ln43_1_read' <Predicate = true> <Delay = 0.00>
ST_1 : Operation 43 [1/1] (0.00ns)   --->   "%zext_ln43_read = read i31 @_ssdm_op_Read.ap_auto.i31, i31 %zext_ln43"   --->   Operation 43 'read' 'zext_ln43_read' <Predicate = true> <Delay = 0.00>
ST_1 : Operation 44 [1/1] (0.00ns)   --->   "%zext_ln42_read = read i31 @_ssdm_op_Read.ap_auto.i31, i31 %zext_ln42"   --->   Operation 44 'read' 'zext_ln42_read' <Predicate = true> <Delay = 0.00>
ST_1 : Operation 45 [1/1] (0.00ns)   --->   "%zext_ln41_3_read = read i31 @_ssdm_op_Read.ap_auto.i31, i31 %zext_ln41_3"   --->   Operation 45 'read' 'zext_ln41_3_read' <Predicate = true> <Delay = 0.00>
ST_1 : Operation 46 [1/1] (0.00ns)   --->   "%P_cast8_cast = sext i32 %P_cast8_read"   --->   Operation 46 'sext' 'P_cast8_cast' <Predicate = true> <Delay = 0.00>
ST_1 : Operation 47 [1/1] (0.00ns)   --->   "%sext_ln41_cast = sext i32 %sext_ln41_read"   --->   Operation 47 'sext' 'sext_ln41_cast' <Predicate = true> <Delay = 0.00>
ST_1 : Operation 48 [1/1] (0.00ns)   --->   "%sext_ln43_3_cast = sext i34 %sext_ln43_3_read"   --->   Operation 48 'sext' 'sext_ln43_3_cast' <Predicate = true> <Delay = 0.00>
ST_1 : Operation 49 [1/1] (0.00ns)   --->   "%zext_ln43_cast1 = zext i31 %zext_ln43_read"   --->   Operation 49 'zext' 'zext_ln43_cast1' <Predicate = true> <Delay = 0.00>
ST_1 : Operation 50 [1/1] (0.00ns)   --->   "%zext_ln42_cast = zext i31 %zext_ln42_read"   --->   Operation 50 'zext' 'zext_ln42_cast' <Predicate = true> <Delay = 0.00>
ST_1 : Operation 51 [1/1] (0.00ns)   --->   "%zext_ln41_3_cast = zext i31 %zext_ln41_3_read"   --->   Operation 51 'zext' 'zext_ln41_3_cast' <Predicate = true> <Delay = 0.00>
ST_1 : Operation 52 [1/1] (0.00ns)   --->   "%zext_ln43_cast = zext i31 %zext_ln43_read"   --->   Operation 52 'zext' 'zext_ln43_cast' <Predicate = true> <Delay = 0.00>
ST_1 : Operation 53 [1/1] (0.00ns)   --->   "%specinterface_ln0 = specinterface void @_ssdm_op_SpecInterface, i32 %gmem, void @empty, i32 0, i32 0, void @empty_0, i32 0, i32 1024, void @empty_1, void @empty_2, void @empty_0, i32 16, i32 16, i32 16, i32 16, void @empty_0, void @empty_0, i32 4294967295, i32 0, i32 0"   --->   Operation 53 'specinterface' 'specinterface_ln0' <Predicate = true> <Delay = 0.00>
ST_1 : Operation 54 [1/1] (1.58ns)   --->   "%store_ln0 = store i192 0, i192 %indvar_flatten69"   --->   Operation 54 'store' 'store_ln0' <Predicate = true> <Delay = 1.58>
ST_1 : Operation 55 [1/1] (1.58ns)   --->   "%store_ln46 = store i64 %zext_ln41_3_cast, i64 %i" [../MLP_baseline/mm.cpp:46]   --->   Operation 55 'store' 'store_ln46' <Predicate = true> <Delay = 1.58>
ST_1 : Operation 56 [1/1] (1.58ns)   --->   "%store_ln0 = store i128 0, i128 %indvar_flatten"   --->   Operation 56 'store' 'store_ln0' <Predicate = true> <Delay = 1.58>
ST_1 : Operation 57 [1/1] (1.58ns)   --->   "%store_ln47 = store i64 %zext_ln42_cast, i64 %j" [../MLP_baseline/mm.cpp:47]   --->   Operation 57 'store' 'store_ln47' <Predicate = true> <Delay = 1.58>
ST_1 : Operation 58 [1/1] (1.58ns)   --->   "%store_ln50 = store i64 %zext_ln43_cast1, i64 %k" [../MLP_baseline/mm.cpp:50]   --->   Operation 58 'store' 'store_ln50' <Predicate = true> <Delay = 1.58>
ST_1 : Operation 59 [1/1] (0.00ns)   --->   "%br_ln0 = br void %for.cond39"   --->   Operation 59 'br' 'br_ln0' <Predicate = true> <Delay = 0.00>

State 2 <SV = 1> <Delay = 7.22>
ST_2 : Operation 60 [1/1] (0.00ns)   --->   "%indvar_flatten69_load = load i192 %indvar_flatten69" [../MLP_baseline/mm.cpp:46]   --->   Operation 60 'load' 'indvar_flatten69_load' <Predicate = true> <Delay = 0.00>
ST_2 : Operation 61 [1/1] (0.00ns)   --->   "%specbitsmap_ln0 = specbitsmap void @_ssdm_op_SpecBitsMap, i32 %gmem"   --->   Operation 61 'specbitsmap' 'specbitsmap_ln0' <Predicate = true> <Delay = 0.00>
ST_2 : Operation 62 [1/1] (7.22ns)   --->   "%icmp_ln46 = icmp_eq  i192 %indvar_flatten69_load, i192 %mul_ln43_1_read" [../MLP_baseline/mm.cpp:46]   --->   Operation 62 'icmp' 'icmp_ln46' <Predicate = true> <Delay = 7.22> <CoreInst = "Cmp">   --->   Core 9 'Cmp' <Latency = 0> <II = 1> <Delay = 7.22> <FuncUnit> <Opcode : 'seteq' 'setne' 'setle' 'setge' 'setlt' 'setgt'> <InPorts = 2> <OutPorts = 1>
ST_2 : Operation 63 [1/1] (7.22ns)   --->   "%add_ln46 = add i192 %indvar_flatten69_load, i192 1" [../MLP_baseline/mm.cpp:46]   --->   Operation 63 'add' 'add_ln46' <Predicate = true> <Delay = 7.22> <CoreInst = "Adder">   --->   Core 1 'Adder' <Latency = 0> <II = 1> <Delay = 7.22> <FuncUnit> <Opcode : 'add' 'sub'> <InPorts = 2> <OutPorts = 1>
ST_2 : Operation 64 [1/1] (0.00ns)   --->   "%br_ln46 = br i1 %icmp_ln46, void %for.inc67, void %for.inc70.exitStub" [../MLP_baseline/mm.cpp:46]   --->   Operation 64 'br' 'br_ln46' <Predicate = true> <Delay = 0.00>
ST_2 : Operation 65 [1/1] (0.00ns)   --->   "%k_load = load i64 %k" [../MLP_baseline/mm.cpp:50]   --->   Operation 65 'load' 'k_load' <Predicate = (!icmp_ln46)> <Delay = 0.00>
ST_2 : Operation 66 [1/1] (0.00ns)   --->   "%j_load = load i64 %j" [../MLP_baseline/mm.cpp:46]   --->   Operation 66 'load' 'j_load' <Predicate = (!icmp_ln46)> <Delay = 0.00>
ST_2 : Operation 67 [1/1] (0.00ns)   --->   "%indvar_flatten_load = load i128 %indvar_flatten" [../MLP_baseline/mm.cpp:47]   --->   Operation 67 'load' 'indvar_flatten_load' <Predicate = (!icmp_ln46)> <Delay = 0.00>
ST_2 : Operation 68 [1/1] (0.00ns)   --->   "%i_load = load i64 %i" [../MLP_baseline/mm.cpp:46]   --->   Operation 68 'load' 'i_load' <Predicate = (!icmp_ln46)> <Delay = 0.00>
ST_2 : Operation 69 [1/1] (5.35ns)   --->   "%icmp_ln47 = icmp_eq  i128 %indvar_flatten_load, i128 %mul_ln43_read" [../MLP_baseline/mm.cpp:47]   --->   Operation 69 'icmp' 'icmp_ln47' <Predicate = (!icmp_ln46)> <Delay = 5.35> <CoreInst = "Cmp">   --->   Core 9 'Cmp' <Latency = 0> <II = 1> <Delay = 5.35> <FuncUnit> <Opcode : 'seteq' 'setne' 'setle' 'setge' 'setlt' 'setgt'> <InPorts = 2> <OutPorts = 1>
ST_2 : Operation 70 [1/1] (1.48ns)   --->   "%select_ln46 = select i1 %icmp_ln47, i64 %zext_ln42_cast, i64 %j_load" [../MLP_baseline/mm.cpp:46]   --->   Operation 70 'select' 'select_ln46' <Predicate = (!icmp_ln46)> <Delay = 1.48> <CoreInst = "Sel">   --->   Core 73 'Sel' <Latency = 0> <II = 1> <Delay = 1.48> <FuncUnit> <Opcode : 'select'> <InPorts = 3> <OutPorts = 1>
ST_2 : Operation 71 [1/1] (2.63ns)   --->   "%icmp_ln50 = icmp_eq  i34 %zext_ln43_cast, i34 %sext_ln43_3_read" [../MLP_baseline/mm.cpp:50]   --->   Operation 71 'icmp' 'icmp_ln50' <Predicate = (!icmp_ln46)> <Delay = 2.63> <CoreInst = "Cmp">   --->   Core 9 'Cmp' <Latency = 0> <II = 1> <Delay = 2.63> <FuncUnit> <Opcode : 'seteq' 'setne' 'setle' 'setge' 'setlt' 'setgt'> <InPorts = 2> <OutPorts = 1>
ST_2 : Operation 72 [1/1] (3.52ns)   --->   "%icmp_ln50_1 = icmp_eq  i64 %k_load, i64 %sext_ln43_3_cast" [../MLP_baseline/mm.cpp:50]   --->   Operation 72 'icmp' 'icmp_ln50_1' <Predicate = (!icmp_ln46)> <Delay = 3.52> <CoreInst = "Cmp">   --->   Core 9 'Cmp' <Latency = 0> <II = 1> <Delay = 3.52> <FuncUnit> <Opcode : 'seteq' 'setne' 'setle' 'setge' 'setlt' 'setgt'> <InPorts = 2> <OutPorts = 1>
ST_2 : Operation 73 [1/1] (0.99ns)   --->   "%select_ln46_2 = select i1 %icmp_ln47, i1 %icmp_ln50, i1 %icmp_ln50_1" [../MLP_baseline/mm.cpp:46]   --->   Operation 73 'select' 'select_ln46_2' <Predicate = (!icmp_ln46)> <Delay = 0.99> <CoreInst = "Sel">   --->   Core 73 'Sel' <Latency = 0> <II = 1> <Delay = 0.99> <FuncUnit> <Opcode : 'select'> <InPorts = 3> <OutPorts = 1>
ST_2 : Operation 74 [1/1] (3.52ns)   --->   "%add_ln46_1 = add i64 %i_load, i64 1" [../MLP_baseline/mm.cpp:46]   --->   Operation 74 'add' 'add_ln46_1' <Predicate = (!icmp_ln46)> <Delay = 3.52> <CoreInst = "Adder">   --->   Core 1 'Adder' <Latency = 0> <II = 1> <Delay = 3.52> <FuncUnit> <Opcode : 'add' 'sub'> <InPorts = 2> <OutPorts = 1>
ST_2 : Operation 75 [1/1] (1.48ns)   --->   "%select_ln46_3 = select i1 %icmp_ln47, i64 %add_ln46_1, i64 %i_load" [../MLP_baseline/mm.cpp:46]   --->   Operation 75 'select' 'select_ln46_3' <Predicate = (!icmp_ln46)> <Delay = 1.48> <CoreInst = "Sel">   --->   Core 73 'Sel' <Latency = 0> <II = 1> <Delay = 1.48> <FuncUnit> <Opcode : 'select'> <InPorts = 3> <OutPorts = 1>
ST_2 : Operation 76 [1/1] (0.00ns)   --->   "%trunc_ln46 = trunc i64 %select_ln46_3" [../MLP_baseline/mm.cpp:46]   --->   Operation 76 'trunc' 'trunc_ln46' <Predicate = (!icmp_ln46)> <Delay = 0.00>
ST_2 : Operation 77 [1/1] (5.35ns)   --->   "%add_ln47_1 = add i128 %indvar_flatten_load, i128 1" [../MLP_baseline/mm.cpp:47]   --->   Operation 77 'add' 'add_ln47_1' <Predicate = (!icmp_ln46)> <Delay = 5.35> <CoreInst = "Adder">   --->   Core 1 'Adder' <Latency = 0> <II = 1> <Delay = 5.35> <FuncUnit> <Opcode : 'add' 'sub'> <InPorts = 2> <OutPorts = 1>

State 3 <SV = 2> <Delay = 6.85>
ST_3 : Operation 78 [1/1] (0.00ns) (grouped into LUT with out node k_1_mid2)   --->   "%select_ln46_1 = select i1 %icmp_ln47, i64 %zext_ln43_cast1, i64 %k_load" [../MLP_baseline/mm.cpp:46]   --->   Operation 78 'select' 'select_ln46_1' <Predicate = (!icmp_ln46 & !select_ln46_2)> <Delay = 0.00> <CoreInst = "Sel">   --->   Core 73 'Sel' <Latency = 0> <II = 1> <Delay = 1.48> <FuncUnit> <Opcode : 'select'> <InPorts = 3> <OutPorts = 1>
ST_3 : Operation 79 [1/1] (3.52ns)   --->   "%add_ln47 = add i64 %select_ln46, i64 1" [../MLP_baseline/mm.cpp:47]   --->   Operation 79 'add' 'add_ln47' <Predicate = (!icmp_ln46 & select_ln46_2)> <Delay = 3.52> <CoreInst = "Adder">   --->   Core 1 'Adder' <Latency = 0> <II = 1> <Delay = 3.52> <FuncUnit> <Opcode : 'add' 'sub'> <InPorts = 2> <OutPorts = 1>
ST_3 : Operation 80 [1/1] (1.48ns) (out node of the LUT)   --->   "%k_1_mid2 = select i1 %select_ln46_2, i64 %zext_ln43_cast1, i64 %select_ln46_1" [../MLP_baseline/mm.cpp:46]   --->   Operation 80 'select' 'k_1_mid2' <Predicate = (!icmp_ln46)> <Delay = 1.48> <CoreInst = "Sel">   --->   Core 73 'Sel' <Latency = 0> <II = 1> <Delay = 1.48> <FuncUnit> <Opcode : 'select'> <InPorts = 3> <OutPorts = 1>
ST_3 : Operation 81 [1/1] (1.48ns)   --->   "%select_ln47 = select i1 %select_ln46_2, i64 %add_ln47, i64 %select_ln46" [../MLP_baseline/mm.cpp:47]   --->   Operation 81 'select' 'select_ln47' <Predicate = (!icmp_ln46)> <Delay = 1.48> <CoreInst = "Sel">   --->   Core 73 'Sel' <Latency = 0> <II = 1> <Delay = 1.48> <FuncUnit> <Opcode : 'select'> <InPorts = 3> <OutPorts = 1>
ST_3 : Operation 82 [5/5] (6.85ns)   --->   "%empty = mul i62 %trunc_ln46, i62 %sext_ln41_cast" [../MLP_baseline/mm.cpp:46]   --->   Operation 82 'mul' 'empty' <Predicate = (!icmp_ln46)> <Delay = 6.85> <CoreInst = "Multiplier">   --->   Core 3 'Multiplier' <Latency = 4> <II = 1> <Delay = 6.85> <FuncUnit> <Opcode : 'mul'> <InPorts = 2> <OutPorts = 1>
ST_3 : Operation 83 [5/5] (6.85ns)   --->   "%empty_30 = mul i62 %trunc_ln46, i62 %P_cast8_cast" [../MLP_baseline/mm.cpp:46]   --->   Operation 83 'mul' 'empty_30' <Predicate = (!icmp_ln46)> <Delay = 6.85> <CoreInst = "Multiplier">   --->   Core 3 'Multiplier' <Latency = 4> <II = 1> <Delay = 6.85> <FuncUnit> <Opcode : 'mul'> <InPorts = 2> <OutPorts = 1>
ST_3 : Operation 84 [1/1] (0.00ns)   --->   "%trunc_ln47 = trunc i64 %select_ln47" [../MLP_baseline/mm.cpp:47]   --->   Operation 84 'trunc' 'trunc_ln47' <Predicate = (!icmp_ln46)> <Delay = 0.00>
ST_3 : Operation 85 [1/1] (0.00ns)   --->   "%trunc_ln50 = trunc i64 %k_1_mid2" [../MLP_baseline/mm.cpp:50]   --->   Operation 85 'trunc' 'trunc_ln50' <Predicate = (!icmp_ln46)> <Delay = 0.00>
ST_3 : Operation 86 [1/1] (1.92ns)   --->   "%select_ln47_1 = select i1 %icmp_ln47, i128 1, i128 %add_ln47_1" [../MLP_baseline/mm.cpp:47]   --->   Operation 86 'select' 'select_ln47_1' <Predicate = (!icmp_ln46)> <Delay = 1.92> <CoreInst = "Sel">   --->   Core 73 'Sel' <Latency = 0> <II = 1> <Delay = 1.92> <FuncUnit> <Opcode : 'select'> <InPorts = 3> <OutPorts = 1>
ST_3 : Operation 87 [1/1] (1.58ns)   --->   "%store_ln46 = store i192 %add_ln46, i192 %indvar_flatten69" [../MLP_baseline/mm.cpp:46]   --->   Operation 87 'store' 'store_ln46' <Predicate = (!icmp_ln46)> <Delay = 1.58>
ST_3 : Operation 88 [1/1] (1.58ns)   --->   "%store_ln46 = store i64 %select_ln46_3, i64 %i" [../MLP_baseline/mm.cpp:46]   --->   Operation 88 'store' 'store_ln46' <Predicate = (!icmp_ln46)> <Delay = 1.58>
ST_3 : Operation 89 [1/1] (1.58ns)   --->   "%store_ln47 = store i128 %select_ln47_1, i128 %indvar_flatten" [../MLP_baseline/mm.cpp:47]   --->   Operation 89 'store' 'store_ln47' <Predicate = (!icmp_ln46)> <Delay = 1.58>
ST_3 : Operation 90 [1/1] (1.58ns)   --->   "%store_ln47 = store i64 %select_ln47, i64 %j" [../MLP_baseline/mm.cpp:47]   --->   Operation 90 'store' 'store_ln47' <Predicate = (!icmp_ln46)> <Delay = 1.58>

State 4 <SV = 3> <Delay = 6.85>
ST_4 : Operation 91 [4/5] (6.85ns)   --->   "%empty = mul i62 %trunc_ln46, i62 %sext_ln41_cast" [../MLP_baseline/mm.cpp:46]   --->   Operation 91 'mul' 'empty' <Predicate = (!icmp_ln46)> <Delay = 6.85> <CoreInst = "Multiplier">   --->   Core 3 'Multiplier' <Latency = 4> <II = 1> <Delay = 6.85> <FuncUnit> <Opcode : 'mul'> <InPorts = 2> <OutPorts = 1>
ST_4 : Operation 92 [4/5] (6.85ns)   --->   "%empty_30 = mul i62 %trunc_ln46, i62 %P_cast8_cast" [../MLP_baseline/mm.cpp:46]   --->   Operation 92 'mul' 'empty_30' <Predicate = (!icmp_ln46)> <Delay = 6.85> <CoreInst = "Multiplier">   --->   Core 3 'Multiplier' <Latency = 4> <II = 1> <Delay = 6.85> <FuncUnit> <Opcode : 'mul'> <InPorts = 2> <OutPorts = 1>
ST_4 : Operation 93 [5/5] (6.85ns)   --->   "%mul_ln51 = mul i62 %trunc_ln50, i62 %P_cast8_cast" [../MLP_baseline/mm.cpp:51]   --->   Operation 93 'mul' 'mul_ln51' <Predicate = (!icmp_ln46)> <Delay = 6.85> <CoreInst = "Multiplier">   --->   Core 3 'Multiplier' <Latency = 4> <II = 1> <Delay = 6.85> <FuncUnit> <Opcode : 'mul'> <InPorts = 2> <OutPorts = 1>

State 5 <SV = 4> <Delay = 6.85>
ST_5 : Operation 94 [3/5] (6.85ns)   --->   "%empty = mul i62 %trunc_ln46, i62 %sext_ln41_cast" [../MLP_baseline/mm.cpp:46]   --->   Operation 94 'mul' 'empty' <Predicate = (!icmp_ln46)> <Delay = 6.85> <CoreInst = "Multiplier">   --->   Core 3 'Multiplier' <Latency = 4> <II = 1> <Delay = 6.85> <FuncUnit> <Opcode : 'mul'> <InPorts = 2> <OutPorts = 1>
ST_5 : Operation 95 [3/5] (6.85ns)   --->   "%empty_30 = mul i62 %trunc_ln46, i62 %P_cast8_cast" [../MLP_baseline/mm.cpp:46]   --->   Operation 95 'mul' 'empty_30' <Predicate = (!icmp_ln46)> <Delay = 6.85> <CoreInst = "Multiplier">   --->   Core 3 'Multiplier' <Latency = 4> <II = 1> <Delay = 6.85> <FuncUnit> <Opcode : 'mul'> <InPorts = 2> <OutPorts = 1>
ST_5 : Operation 96 [4/5] (6.85ns)   --->   "%mul_ln51 = mul i62 %trunc_ln50, i62 %P_cast8_cast" [../MLP_baseline/mm.cpp:51]   --->   Operation 96 'mul' 'mul_ln51' <Predicate = (!icmp_ln46)> <Delay = 6.85> <CoreInst = "Multiplier">   --->   Core 3 'Multiplier' <Latency = 4> <II = 1> <Delay = 6.85> <FuncUnit> <Opcode : 'mul'> <InPorts = 2> <OutPorts = 1>

State 6 <SV = 5> <Delay = 6.85>
ST_6 : Operation 97 [2/5] (6.85ns)   --->   "%empty = mul i62 %trunc_ln46, i62 %sext_ln41_cast" [../MLP_baseline/mm.cpp:46]   --->   Operation 97 'mul' 'empty' <Predicate = (!icmp_ln46)> <Delay = 6.85> <CoreInst = "Multiplier">   --->   Core 3 'Multiplier' <Latency = 4> <II = 1> <Delay = 6.85> <FuncUnit> <Opcode : 'mul'> <InPorts = 2> <OutPorts = 1>
ST_6 : Operation 98 [2/5] (6.85ns)   --->   "%empty_30 = mul i62 %trunc_ln46, i62 %P_cast8_cast" [../MLP_baseline/mm.cpp:46]   --->   Operation 98 'mul' 'empty_30' <Predicate = (!icmp_ln46)> <Delay = 6.85> <CoreInst = "Multiplier">   --->   Core 3 'Multiplier' <Latency = 4> <II = 1> <Delay = 6.85> <FuncUnit> <Opcode : 'mul'> <InPorts = 2> <OutPorts = 1>
ST_6 : Operation 99 [3/5] (6.85ns)   --->   "%mul_ln51 = mul i62 %trunc_ln50, i62 %P_cast8_cast" [../MLP_baseline/mm.cpp:51]   --->   Operation 99 'mul' 'mul_ln51' <Predicate = (!icmp_ln46)> <Delay = 6.85> <CoreInst = "Multiplier">   --->   Core 3 'Multiplier' <Latency = 4> <II = 1> <Delay = 6.85> <FuncUnit> <Opcode : 'mul'> <InPorts = 2> <OutPorts = 1>

State 7 <SV = 6> <Delay = 6.85>
ST_7 : Operation 100 [1/5] (6.85ns)   --->   "%empty = mul i62 %trunc_ln46, i62 %sext_ln41_cast" [../MLP_baseline/mm.cpp:46]   --->   Operation 100 'mul' 'empty' <Predicate = (!icmp_ln46)> <Delay = 6.85> <CoreInst = "Multiplier">   --->   Core 3 'Multiplier' <Latency = 4> <II = 1> <Delay = 6.85> <FuncUnit> <Opcode : 'mul'> <InPorts = 2> <OutPorts = 1>
ST_7 : Operation 101 [1/5] (6.85ns)   --->   "%empty_30 = mul i62 %trunc_ln46, i62 %P_cast8_cast" [../MLP_baseline/mm.cpp:46]   --->   Operation 101 'mul' 'empty_30' <Predicate = (!icmp_ln46)> <Delay = 6.85> <CoreInst = "Multiplier">   --->   Core 3 'Multiplier' <Latency = 4> <II = 1> <Delay = 6.85> <FuncUnit> <Opcode : 'mul'> <InPorts = 2> <OutPorts = 1>
ST_7 : Operation 102 [2/5] (6.85ns)   --->   "%mul_ln51 = mul i62 %trunc_ln50, i62 %P_cast8_cast" [../MLP_baseline/mm.cpp:51]   --->   Operation 102 'mul' 'mul_ln51' <Predicate = (!icmp_ln46)> <Delay = 6.85> <CoreInst = "Multiplier">   --->   Core 3 'Multiplier' <Latency = 4> <II = 1> <Delay = 6.85> <FuncUnit> <Opcode : 'mul'> <InPorts = 2> <OutPorts = 1>

State 8 <SV = 7> <Delay = 6.98>
ST_8 : Operation 103 [1/1] (3.46ns)   --->   "%empty_31 = add i62 %trunc_ln47, i62 %empty_30" [../MLP_baseline/mm.cpp:47]   --->   Operation 103 'add' 'empty_31' <Predicate = (!icmp_ln46)> <Delay = 3.46> <CoreInst = "Adder">   --->   Core 1 'Adder' <Latency = 0> <II = 1> <Delay = 3.46> <FuncUnit> <Opcode : 'add' 'sub'> <InPorts = 2> <OutPorts = 1>
ST_8 : Operation 104 [1/1] (0.00ns)   --->   "%tmp = bitconcatenate i64 @_ssdm_op_BitConcatenate.i64.i62.i2, i62 %empty_31, i2 0" [../MLP_baseline/mm.cpp:47]   --->   Operation 104 'bitconcatenate' 'tmp' <Predicate = (!icmp_ln46)> <Delay = 0.00>
ST_8 : Operation 105 [1/1] (3.52ns)   --->   "%empty_32 = add i64 %tmp, i64 %ABC_read" [../MLP_baseline/mm.cpp:47]   --->   Operation 105 'add' 'empty_32' <Predicate = (!icmp_ln46)> <Delay = 3.52> <CoreInst = "Adder">   --->   Core 1 'Adder' <Latency = 0> <II = 1> <Delay = 3.52> <FuncUnit> <Opcode : 'add' 'sub'> <InPorts = 2> <OutPorts = 1>
ST_8 : Operation 106 [1/1] (0.00ns)   --->   "%p_cast = partselect i62 @_ssdm_op_PartSelect.i62.i64.i32.i32, i64 %empty_32, i32 2, i32 63" [../MLP_baseline/mm.cpp:47]   --->   Operation 106 'partselect' 'p_cast' <Predicate = (!icmp_ln46)> <Delay = 0.00>
ST_8 : Operation 107 [1/1] (0.00ns)   --->   "%p_cast_cast = sext i62 %p_cast" [../MLP_baseline/mm.cpp:47]   --->   Operation 107 'sext' 'p_cast_cast' <Predicate = (!icmp_ln46)> <Delay = 0.00>
ST_8 : Operation 108 [1/1] (0.00ns)   --->   "%gmem_addr = getelementptr i32 %gmem, i64 %p_cast_cast" [../MLP_baseline/mm.cpp:47]   --->   Operation 108 'getelementptr' 'gmem_addr' <Predicate = (!icmp_ln46)> <Delay = 0.00>
ST_8 : Operation 109 [1/1] (3.46ns)   --->   "%add_ln51 = add i62 %trunc_ln50, i62 %empty" [../MLP_baseline/mm.cpp:51]   --->   Operation 109 'add' 'add_ln51' <Predicate = (!icmp_ln46)> <Delay = 3.46> <CoreInst = "Adder">   --->   Core 1 'Adder' <Latency = 0> <II = 1> <Delay = 3.46> <FuncUnit> <Opcode : 'add' 'sub'> <InPorts = 2> <OutPorts = 1>
ST_8 : Operation 110 [1/1] (0.00ns)   --->   "%shl_ln = bitconcatenate i64 @_ssdm_op_BitConcatenate.i64.i62.i2, i62 %add_ln51, i2 0" [../MLP_baseline/mm.cpp:51]   --->   Operation 110 'bitconcatenate' 'shl_ln' <Predicate = (!icmp_ln46)> <Delay = 0.00>
ST_8 : Operation 111 [1/1] (3.52ns)   --->   "%add_ln51_1 = add i64 %shl_ln, i64 %A_read" [../MLP_baseline/mm.cpp:51]   --->   Operation 111 'add' 'add_ln51_1' <Predicate = (!icmp_ln46)> <Delay = 3.52> <CoreInst = "Adder">   --->   Core 1 'Adder' <Latency = 0> <II = 1> <Delay = 3.52> <FuncUnit> <Opcode : 'add' 'sub'> <InPorts = 2> <OutPorts = 1>
ST_8 : Operation 112 [1/1] (0.00ns)   --->   "%trunc_ln4 = partselect i62 @_ssdm_op_PartSelect.i62.i64.i32.i32, i64 %add_ln51_1, i32 2, i32 63" [../MLP_baseline/mm.cpp:51]   --->   Operation 112 'partselect' 'trunc_ln4' <Predicate = (!icmp_ln46)> <Delay = 0.00>
ST_8 : Operation 113 [1/1] (0.00ns)   --->   "%sext_ln51 = sext i62 %trunc_ln4" [../MLP_baseline/mm.cpp:51]   --->   Operation 113 'sext' 'sext_ln51' <Predicate = (!icmp_ln46)> <Delay = 0.00>
ST_8 : Operation 114 [1/1] (0.00ns)   --->   "%gmem_addr_1 = getelementptr i32 %gmem, i64 %sext_ln51" [../MLP_baseline/mm.cpp:51]   --->   Operation 114 'getelementptr' 'gmem_addr_1' <Predicate = (!icmp_ln46)> <Delay = 0.00>
ST_8 : Operation 115 [1/5] (6.85ns)   --->   "%mul_ln51 = mul i62 %trunc_ln50, i62 %P_cast8_cast" [../MLP_baseline/mm.cpp:51]   --->   Operation 115 'mul' 'mul_ln51' <Predicate = (!icmp_ln46)> <Delay = 6.85> <CoreInst = "Multiplier">   --->   Core 3 'Multiplier' <Latency = 4> <II = 1> <Delay = 6.85> <FuncUnit> <Opcode : 'mul'> <InPorts = 2> <OutPorts = 1>

State 9 <SV = 8> <Delay = 7.30>
ST_9 : Operation 116 [8/8] (7.30ns)   --->   "%gmem_load_req = readreq i1 @_ssdm_op_ReadReq.m_axi.i32P1A, i64 %gmem_addr_1, i64 1" [../MLP_baseline/mm.cpp:51]   --->   Operation 116 'readreq' 'gmem_load_req' <Predicate = (!icmp_ln46)> <Delay = 7.30> <CoreInst = "m_axi">   --->   Core 111 'm_axi' <Latency = 6> <II = 1> <Delay = 1.00> <Adapter> <Opcode : 'read' 'write' 'readreq' 'writereq' 'writeresp'>
ST_9 : Operation 117 [1/1] (3.46ns)   --->   "%add_ln51_2 = add i62 %mul_ln51, i62 %trunc_ln47" [../MLP_baseline/mm.cpp:51]   --->   Operation 117 'add' 'add_ln51_2' <Predicate = (!icmp_ln46)> <Delay = 3.46> <CoreInst = "Adder">   --->   Core 1 'Adder' <Latency = 0> <II = 1> <Delay = 3.46> <FuncUnit> <Opcode : 'add' 'sub'> <InPorts = 2> <OutPorts = 1>
ST_9 : Operation 118 [1/1] (0.00ns)   --->   "%shl_ln51_1 = bitconcatenate i64 @_ssdm_op_BitConcatenate.i64.i62.i2, i62 %add_ln51_2, i2 0" [../MLP_baseline/mm.cpp:51]   --->   Operation 118 'bitconcatenate' 'shl_ln51_1' <Predicate = (!icmp_ln46)> <Delay = 0.00>
ST_9 : Operation 119 [1/1] (3.52ns)   --->   "%add_ln51_3 = add i64 %shl_ln51_1, i64 %B_read" [../MLP_baseline/mm.cpp:51]   --->   Operation 119 'add' 'add_ln51_3' <Predicate = (!icmp_ln46)> <Delay = 3.52> <CoreInst = "Adder">   --->   Core 1 'Adder' <Latency = 0> <II = 1> <Delay = 3.52> <FuncUnit> <Opcode : 'add' 'sub'> <InPorts = 2> <OutPorts = 1>
ST_9 : Operation 120 [1/1] (0.00ns)   --->   "%trunc_ln51_1 = partselect i62 @_ssdm_op_PartSelect.i62.i64.i32.i32, i64 %add_ln51_3, i32 2, i32 63" [../MLP_baseline/mm.cpp:51]   --->   Operation 120 'partselect' 'trunc_ln51_1' <Predicate = (!icmp_ln46)> <Delay = 0.00>
ST_9 : Operation 121 [1/1] (0.00ns)   --->   "%sext_ln51_1 = sext i62 %trunc_ln51_1" [../MLP_baseline/mm.cpp:51]   --->   Operation 121 'sext' 'sext_ln51_1' <Predicate = (!icmp_ln46)> <Delay = 0.00>
ST_9 : Operation 122 [1/1] (0.00ns)   --->   "%gmem_addr_2 = getelementptr i32 %gmem, i64 %sext_ln51_1" [../MLP_baseline/mm.cpp:51]   --->   Operation 122 'getelementptr' 'gmem_addr_2' <Predicate = (!icmp_ln46)> <Delay = 0.00>

State 10 <SV = 9> <Delay = 7.30>
ST_10 : Operation 123 [7/8] (7.30ns)   --->   "%gmem_load_req = readreq i1 @_ssdm_op_ReadReq.m_axi.i32P1A, i64 %gmem_addr_1, i64 1" [../MLP_baseline/mm.cpp:51]   --->   Operation 123 'readreq' 'gmem_load_req' <Predicate = (!icmp_ln46)> <Delay = 7.30> <CoreInst = "m_axi">   --->   Core 111 'm_axi' <Latency = 6> <II = 1> <Delay = 1.00> <Adapter> <Opcode : 'read' 'write' 'readreq' 'writereq' 'writeresp'>
ST_10 : Operation 124 [8/8] (7.30ns)   --->   "%gmem_load_1_req = readreq i1 @_ssdm_op_ReadReq.m_axi.i32P1A, i64 %gmem_addr_2, i64 1" [../MLP_baseline/mm.cpp:51]   --->   Operation 124 'readreq' 'gmem_load_1_req' <Predicate = (!icmp_ln46)> <Delay = 7.30> <CoreInst = "m_axi">   --->   Core 111 'm_axi' <Latency = 6> <II = 1> <Delay = 1.00> <Adapter> <Opcode : 'read' 'write' 'readreq' 'writereq' 'writeresp'>

State 11 <SV = 10> <Delay = 7.30>
ST_11 : Operation 125 [6/8] (7.30ns)   --->   "%gmem_load_req = readreq i1 @_ssdm_op_ReadReq.m_axi.i32P1A, i64 %gmem_addr_1, i64 1" [../MLP_baseline/mm.cpp:51]   --->   Operation 125 'readreq' 'gmem_load_req' <Predicate = (!icmp_ln46)> <Delay = 7.30> <CoreInst = "m_axi">   --->   Core 111 'm_axi' <Latency = 6> <II = 1> <Delay = 1.00> <Adapter> <Opcode : 'read' 'write' 'readreq' 'writereq' 'writeresp'>
ST_11 : Operation 126 [7/8] (7.30ns)   --->   "%gmem_load_1_req = readreq i1 @_ssdm_op_ReadReq.m_axi.i32P1A, i64 %gmem_addr_2, i64 1" [../MLP_baseline/mm.cpp:51]   --->   Operation 126 'readreq' 'gmem_load_1_req' <Predicate = (!icmp_ln46)> <Delay = 7.30> <CoreInst = "m_axi">   --->   Core 111 'm_axi' <Latency = 6> <II = 1> <Delay = 1.00> <Adapter> <Opcode : 'read' 'write' 'readreq' 'writereq' 'writeresp'>
ST_11 : Operation 164 [1/1] (1.58ns)   --->   "%ret_ln0 = ret"   --->   Operation 164 'ret' 'ret_ln0' <Predicate = (icmp_ln46)> <Delay = 1.58>

State 12 <SV = 11> <Delay = 7.30>
ST_12 : Operation 127 [5/8] (7.30ns)   --->   "%gmem_load_req = readreq i1 @_ssdm_op_ReadReq.m_axi.i32P1A, i64 %gmem_addr_1, i64 1" [../MLP_baseline/mm.cpp:51]   --->   Operation 127 'readreq' 'gmem_load_req' <Predicate = (!icmp_ln46)> <Delay = 7.30> <CoreInst = "m_axi">   --->   Core 111 'm_axi' <Latency = 6> <II = 1> <Delay = 1.00> <Adapter> <Opcode : 'read' 'write' 'readreq' 'writereq' 'writeresp'>
ST_12 : Operation 128 [6/8] (7.30ns)   --->   "%gmem_load_1_req = readreq i1 @_ssdm_op_ReadReq.m_axi.i32P1A, i64 %gmem_addr_2, i64 1" [../MLP_baseline/mm.cpp:51]   --->   Operation 128 'readreq' 'gmem_load_1_req' <Predicate = (!icmp_ln46)> <Delay = 7.30> <CoreInst = "m_axi">   --->   Core 111 'm_axi' <Latency = 6> <II = 1> <Delay = 1.00> <Adapter> <Opcode : 'read' 'write' 'readreq' 'writereq' 'writeresp'>
ST_12 : Operation 129 [8/8] (7.30ns)   --->   "%gmem_load_2_req = readreq i1 @_ssdm_op_ReadReq.m_axi.i32P1A, i64 %gmem_addr, i64 1" [../MLP_baseline/mm.cpp:51]   --->   Operation 129 'readreq' 'gmem_load_2_req' <Predicate = (!icmp_ln46)> <Delay = 7.30> <CoreInst = "m_axi">   --->   Core 111 'm_axi' <Latency = 6> <II = 1> <Delay = 1.00> <Adapter> <Opcode : 'read' 'write' 'readreq' 'writereq' 'writeresp'>

State 13 <SV = 12> <Delay = 7.30>
ST_13 : Operation 130 [4/8] (7.30ns)   --->   "%gmem_load_req = readreq i1 @_ssdm_op_ReadReq.m_axi.i32P1A, i64 %gmem_addr_1, i64 1" [../MLP_baseline/mm.cpp:51]   --->   Operation 130 'readreq' 'gmem_load_req' <Predicate = (!icmp_ln46)> <Delay = 7.30> <CoreInst = "m_axi">   --->   Core 111 'm_axi' <Latency = 6> <II = 1> <Delay = 1.00> <Adapter> <Opcode : 'read' 'write' 'readreq' 'writereq' 'writeresp'>
ST_13 : Operation 131 [5/8] (7.30ns)   --->   "%gmem_load_1_req = readreq i1 @_ssdm_op_ReadReq.m_axi.i32P1A, i64 %gmem_addr_2, i64 1" [../MLP_baseline/mm.cpp:51]   --->   Operation 131 'readreq' 'gmem_load_1_req' <Predicate = (!icmp_ln46)> <Delay = 7.30> <CoreInst = "m_axi">   --->   Core 111 'm_axi' <Latency = 6> <II = 1> <Delay = 1.00> <Adapter> <Opcode : 'read' 'write' 'readreq' 'writereq' 'writeresp'>
ST_13 : Operation 132 [7/8] (7.30ns)   --->   "%gmem_load_2_req = readreq i1 @_ssdm_op_ReadReq.m_axi.i32P1A, i64 %gmem_addr, i64 1" [../MLP_baseline/mm.cpp:51]   --->   Operation 132 'readreq' 'gmem_load_2_req' <Predicate = (!icmp_ln46)> <Delay = 7.30> <CoreInst = "m_axi">   --->   Core 111 'm_axi' <Latency = 6> <II = 1> <Delay = 1.00> <Adapter> <Opcode : 'read' 'write' 'readreq' 'writereq' 'writeresp'>

State 14 <SV = 13> <Delay = 7.30>
ST_14 : Operation 133 [3/8] (7.30ns)   --->   "%gmem_load_req = readreq i1 @_ssdm_op_ReadReq.m_axi.i32P1A, i64 %gmem_addr_1, i64 1" [../MLP_baseline/mm.cpp:51]   --->   Operation 133 'readreq' 'gmem_load_req' <Predicate = (!icmp_ln46)> <Delay = 7.30> <CoreInst = "m_axi">   --->   Core 111 'm_axi' <Latency = 6> <II = 1> <Delay = 1.00> <Adapter> <Opcode : 'read' 'write' 'readreq' 'writereq' 'writeresp'>
ST_14 : Operation 134 [4/8] (7.30ns)   --->   "%gmem_load_1_req = readreq i1 @_ssdm_op_ReadReq.m_axi.i32P1A, i64 %gmem_addr_2, i64 1" [../MLP_baseline/mm.cpp:51]   --->   Operation 134 'readreq' 'gmem_load_1_req' <Predicate = (!icmp_ln46)> <Delay = 7.30> <CoreInst = "m_axi">   --->   Core 111 'm_axi' <Latency = 6> <II = 1> <Delay = 1.00> <Adapter> <Opcode : 'read' 'write' 'readreq' 'writereq' 'writeresp'>
ST_14 : Operation 135 [6/8] (7.30ns)   --->   "%gmem_load_2_req = readreq i1 @_ssdm_op_ReadReq.m_axi.i32P1A, i64 %gmem_addr, i64 1" [../MLP_baseline/mm.cpp:51]   --->   Operation 135 'readreq' 'gmem_load_2_req' <Predicate = (!icmp_ln46)> <Delay = 7.30> <CoreInst = "m_axi">   --->   Core 111 'm_axi' <Latency = 6> <II = 1> <Delay = 1.00> <Adapter> <Opcode : 'read' 'write' 'readreq' 'writereq' 'writeresp'>

State 15 <SV = 14> <Delay = 7.30>
ST_15 : Operation 136 [2/8] (7.30ns)   --->   "%gmem_load_req = readreq i1 @_ssdm_op_ReadReq.m_axi.i32P1A, i64 %gmem_addr_1, i64 1" [../MLP_baseline/mm.cpp:51]   --->   Operation 136 'readreq' 'gmem_load_req' <Predicate = (!icmp_ln46)> <Delay = 7.30> <CoreInst = "m_axi">   --->   Core 111 'm_axi' <Latency = 6> <II = 1> <Delay = 1.00> <Adapter> <Opcode : 'read' 'write' 'readreq' 'writereq' 'writeresp'>
ST_15 : Operation 137 [3/8] (7.30ns)   --->   "%gmem_load_1_req = readreq i1 @_ssdm_op_ReadReq.m_axi.i32P1A, i64 %gmem_addr_2, i64 1" [../MLP_baseline/mm.cpp:51]   --->   Operation 137 'readreq' 'gmem_load_1_req' <Predicate = (!icmp_ln46)> <Delay = 7.30> <CoreInst = "m_axi">   --->   Core 111 'm_axi' <Latency = 6> <II = 1> <Delay = 1.00> <Adapter> <Opcode : 'read' 'write' 'readreq' 'writereq' 'writeresp'>
ST_15 : Operation 138 [5/8] (7.30ns)   --->   "%gmem_load_2_req = readreq i1 @_ssdm_op_ReadReq.m_axi.i32P1A, i64 %gmem_addr, i64 1" [../MLP_baseline/mm.cpp:51]   --->   Operation 138 'readreq' 'gmem_load_2_req' <Predicate = (!icmp_ln46)> <Delay = 7.30> <CoreInst = "m_axi">   --->   Core 111 'm_axi' <Latency = 6> <II = 1> <Delay = 1.00> <Adapter> <Opcode : 'read' 'write' 'readreq' 'writereq' 'writeresp'>

State 16 <SV = 15> <Delay = 7.30>
ST_16 : Operation 139 [1/8] (7.30ns)   --->   "%gmem_load_req = readreq i1 @_ssdm_op_ReadReq.m_axi.i32P1A, i64 %gmem_addr_1, i64 1" [../MLP_baseline/mm.cpp:51]   --->   Operation 139 'readreq' 'gmem_load_req' <Predicate = (!icmp_ln46)> <Delay = 7.30> <CoreInst = "m_axi">   --->   Core 111 'm_axi' <Latency = 6> <II = 1> <Delay = 1.00> <Adapter> <Opcode : 'read' 'write' 'readreq' 'writereq' 'writeresp'>
ST_16 : Operation 140 [2/8] (7.30ns)   --->   "%gmem_load_1_req = readreq i1 @_ssdm_op_ReadReq.m_axi.i32P1A, i64 %gmem_addr_2, i64 1" [../MLP_baseline/mm.cpp:51]   --->   Operation 140 'readreq' 'gmem_load_1_req' <Predicate = (!icmp_ln46)> <Delay = 7.30> <CoreInst = "m_axi">   --->   Core 111 'm_axi' <Latency = 6> <II = 1> <Delay = 1.00> <Adapter> <Opcode : 'read' 'write' 'readreq' 'writereq' 'writeresp'>
ST_16 : Operation 141 [4/8] (7.30ns)   --->   "%gmem_load_2_req = readreq i1 @_ssdm_op_ReadReq.m_axi.i32P1A, i64 %gmem_addr, i64 1" [../MLP_baseline/mm.cpp:51]   --->   Operation 141 'readreq' 'gmem_load_2_req' <Predicate = (!icmp_ln46)> <Delay = 7.30> <CoreInst = "m_axi">   --->   Core 111 'm_axi' <Latency = 6> <II = 1> <Delay = 1.00> <Adapter> <Opcode : 'read' 'write' 'readreq' 'writereq' 'writeresp'>

State 17 <SV = 16> <Delay = 7.30>
ST_17 : Operation 142 [1/1] (7.30ns)   --->   "%gmem_addr_1_read = read i32 @_ssdm_op_Read.m_axi.i32P1A, i64 %gmem_addr_1" [../MLP_baseline/mm.cpp:51]   --->   Operation 142 'read' 'gmem_addr_1_read' <Predicate = true> <Delay = 7.30> <CoreInst = "m_axi">   --->   Core 111 'm_axi' <Latency = 3> <II = 1> <Delay = 1.00> <Adapter> <Opcode : 'read' 'write' 'readreq' 'writereq' 'writeresp'>
ST_17 : Operation 143 [1/8] (7.30ns)   --->   "%gmem_load_1_req = readreq i1 @_ssdm_op_ReadReq.m_axi.i32P1A, i64 %gmem_addr_2, i64 1" [../MLP_baseline/mm.cpp:51]   --->   Operation 143 'readreq' 'gmem_load_1_req' <Predicate = true> <Delay = 7.30> <CoreInst = "m_axi">   --->   Core 111 'm_axi' <Latency = 6> <II = 1> <Delay = 1.00> <Adapter> <Opcode : 'read' 'write' 'readreq' 'writereq' 'writeresp'>
ST_17 : Operation 144 [3/8] (7.30ns)   --->   "%gmem_load_2_req = readreq i1 @_ssdm_op_ReadReq.m_axi.i32P1A, i64 %gmem_addr, i64 1" [../MLP_baseline/mm.cpp:51]   --->   Operation 144 'readreq' 'gmem_load_2_req' <Predicate = true> <Delay = 7.30> <CoreInst = "m_axi">   --->   Core 111 'm_axi' <Latency = 6> <II = 1> <Delay = 1.00> <Adapter> <Opcode : 'read' 'write' 'readreq' 'writereq' 'writeresp'>
ST_17 : Operation 145 [1/1] (3.52ns)   --->   "%add_ln50 = add i64 %k_1_mid2, i64 1" [../MLP_baseline/mm.cpp:50]   --->   Operation 145 'add' 'add_ln50' <Predicate = true> <Delay = 3.52> <CoreInst = "Adder">   --->   Core 1 'Adder' <Latency = 0> <II = 1> <Delay = 3.52> <FuncUnit> <Opcode : 'add' 'sub'> <InPorts = 2> <OutPorts = 1>
ST_17 : Operation 146 [1/1] (1.58ns)   --->   "%store_ln50 = store i64 %add_ln50, i64 %k" [../MLP_baseline/mm.cpp:50]   --->   Operation 146 'store' 'store_ln50' <Predicate = true> <Delay = 1.58>

State 18 <SV = 17> <Delay = 7.30>
ST_18 : Operation 147 [1/1] (7.30ns)   --->   "%gmem_addr_2_read = read i32 @_ssdm_op_Read.m_axi.i32P1A, i64 %gmem_addr_2" [../MLP_baseline/mm.cpp:51]   --->   Operation 147 'read' 'gmem_addr_2_read' <Predicate = true> <Delay = 7.30> <CoreInst = "m_axi">   --->   Core 111 'm_axi' <Latency = 3> <II = 1> <Delay = 1.00> <Adapter> <Opcode : 'read' 'write' 'readreq' 'writereq' 'writeresp'>
ST_18 : Operation 148 [2/8] (7.30ns)   --->   "%gmem_load_2_req = readreq i1 @_ssdm_op_ReadReq.m_axi.i32P1A, i64 %gmem_addr, i64 1" [../MLP_baseline/mm.cpp:51]   --->   Operation 148 'readreq' 'gmem_load_2_req' <Predicate = true> <Delay = 7.30> <CoreInst = "m_axi">   --->   Core 111 'm_axi' <Latency = 6> <II = 1> <Delay = 1.00> <Adapter> <Opcode : 'read' 'write' 'readreq' 'writereq' 'writeresp'>

State 19 <SV = 18> <Delay = 7.30>
ST_19 : Operation 149 [2/2] (6.91ns)   --->   "%mul_ln51_1 = mul i32 %gmem_addr_2_read, i32 %gmem_addr_1_read" [../MLP_baseline/mm.cpp:51]   --->   Operation 149 'mul' 'mul_ln51_1' <Predicate = true> <Delay = 6.91> <CoreInst = "Multiplier">   --->   Core 3 'Multiplier' <Latency = 1> <II = 1> <Delay = 6.91> <FuncUnit> <Opcode : 'mul'> <InPorts = 2> <OutPorts = 1>
ST_19 : Operation 150 [1/8] (7.30ns)   --->   "%gmem_load_2_req = readreq i1 @_ssdm_op_ReadReq.m_axi.i32P1A, i64 %gmem_addr, i64 1" [../MLP_baseline/mm.cpp:51]   --->   Operation 150 'readreq' 'gmem_load_2_req' <Predicate = true> <Delay = 7.30> <CoreInst = "m_axi">   --->   Core 111 'm_axi' <Latency = 6> <II = 1> <Delay = 1.00> <Adapter> <Opcode : 'read' 'write' 'readreq' 'writereq' 'writeresp'>

State 20 <SV = 19> <Delay = 7.30>
ST_20 : Operation 151 [1/2] (6.91ns)   --->   "%mul_ln51_1 = mul i32 %gmem_addr_2_read, i32 %gmem_addr_1_read" [../MLP_baseline/mm.cpp:51]   --->   Operation 151 'mul' 'mul_ln51_1' <Predicate = true> <Delay = 6.91> <CoreInst = "Multiplier">   --->   Core 3 'Multiplier' <Latency = 1> <II = 1> <Delay = 6.91> <FuncUnit> <Opcode : 'mul'> <InPorts = 2> <OutPorts = 1>
ST_20 : Operation 152 [1/1] (7.30ns)   --->   "%gmem_addr_read = read i32 @_ssdm_op_Read.m_axi.i32P1A, i64 %gmem_addr" [../MLP_baseline/mm.cpp:51]   --->   Operation 152 'read' 'gmem_addr_read' <Predicate = true> <Delay = 7.30> <CoreInst = "m_axi">   --->   Core 111 'm_axi' <Latency = 3> <II = 1> <Delay = 1.00> <Adapter> <Opcode : 'read' 'write' 'readreq' 'writereq' 'writeresp'>

State 21 <SV = 20> <Delay = 7.30>
ST_21 : Operation 153 [1/1] (2.55ns)   --->   "%add_ln51_4 = add i32 %gmem_addr_read, i32 %mul_ln51_1" [../MLP_baseline/mm.cpp:51]   --->   Operation 153 'add' 'add_ln51_4' <Predicate = true> <Delay = 2.55> <CoreInst = "Adder">   --->   Core 1 'Adder' <Latency = 0> <II = 1> <Delay = 2.55> <FuncUnit> <Opcode : 'add' 'sub'> <InPorts = 2> <OutPorts = 1>
ST_21 : Operation 154 [1/1] (7.30ns)   --->   "%gmem_addr_2_req = writereq i1 @_ssdm_op_WriteReq.m_axi.i32P1A, i64 %gmem_addr, i64 1" [../MLP_baseline/mm.cpp:51]   --->   Operation 154 'writereq' 'gmem_addr_2_req' <Predicate = true> <Delay = 7.30> <CoreInst = "m_axi">   --->   Core 111 'm_axi' <Latency = 9> <II = 1> <Delay = 1.00> <Adapter> <Opcode : 'read' 'write' 'readreq' 'writereq' 'writeresp'>

State 22 <SV = 21> <Delay = 7.30>
ST_22 : Operation 155 [1/1] (7.30ns)   --->   "%write_ln51 = write void @_ssdm_op_Write.m_axi.i32P1A, i64 %gmem_addr, i32 %add_ln51_4, i4 15" [../MLP_baseline/mm.cpp:51]   --->   Operation 155 'write' 'write_ln51' <Predicate = true> <Delay = 7.30> <CoreInst = "m_axi">   --->   Core 111 'm_axi' <Latency = 5> <II = 1> <Delay = 1.00> <Adapter> <Opcode : 'read' 'write' 'readreq' 'writereq' 'writeresp'>

State 23 <SV = 22> <Delay = 7.30>
ST_23 : Operation 156 [5/5] (7.30ns)   --->   "%gmem_addr_2_resp = writeresp i1 @_ssdm_op_WriteResp.m_axi.i32P1A, i64 %gmem_addr" [../MLP_baseline/mm.cpp:51]   --->   Operation 156 'writeresp' 'gmem_addr_2_resp' <Predicate = true> <Delay = 7.30> <CoreInst = "m_axi">   --->   Core 111 'm_axi' <Latency = 3> <II = 1> <Delay = 1.00> <Adapter> <Opcode : 'read' 'write' 'readreq' 'writereq' 'writeresp'>

State 24 <SV = 23> <Delay = 7.30>
ST_24 : Operation 157 [4/5] (7.30ns)   --->   "%gmem_addr_2_resp = writeresp i1 @_ssdm_op_WriteResp.m_axi.i32P1A, i64 %gmem_addr" [../MLP_baseline/mm.cpp:51]   --->   Operation 157 'writeresp' 'gmem_addr_2_resp' <Predicate = true> <Delay = 7.30> <CoreInst = "m_axi">   --->   Core 111 'm_axi' <Latency = 3> <II = 1> <Delay = 1.00> <Adapter> <Opcode : 'read' 'write' 'readreq' 'writereq' 'writeresp'>

State 25 <SV = 24> <Delay = 7.30>
ST_25 : Operation 158 [3/5] (7.30ns)   --->   "%gmem_addr_2_resp = writeresp i1 @_ssdm_op_WriteResp.m_axi.i32P1A, i64 %gmem_addr" [../MLP_baseline/mm.cpp:51]   --->   Operation 158 'writeresp' 'gmem_addr_2_resp' <Predicate = true> <Delay = 7.30> <CoreInst = "m_axi">   --->   Core 111 'm_axi' <Latency = 3> <II = 1> <Delay = 1.00> <Adapter> <Opcode : 'read' 'write' 'readreq' 'writereq' 'writeresp'>

State 26 <SV = 25> <Delay = 7.30>
ST_26 : Operation 159 [2/5] (7.30ns)   --->   "%gmem_addr_2_resp = writeresp i1 @_ssdm_op_WriteResp.m_axi.i32P1A, i64 %gmem_addr" [../MLP_baseline/mm.cpp:51]   --->   Operation 159 'writeresp' 'gmem_addr_2_resp' <Predicate = true> <Delay = 7.30> <CoreInst = "m_axi">   --->   Core 111 'm_axi' <Latency = 3> <II = 1> <Delay = 1.00> <Adapter> <Opcode : 'read' 'write' 'readreq' 'writereq' 'writeresp'>

State 27 <SV = 26> <Delay = 7.30>
ST_27 : Operation 160 [1/1] (0.00ns)   --->   "%specloopname_ln0 = specloopname void @_ssdm_op_SpecLoopName, void @VITIS_LOOP_46_6_VITIS_LOOP_47_7_VITIS_LOOP_50_8_str"   --->   Operation 160 'specloopname' 'specloopname_ln0' <Predicate = true> <Delay = 0.00>
ST_27 : Operation 161 [1/1] (0.00ns)   --->   "%specpipeline_ln51 = specpipeline void @_ssdm_op_SpecPipeline, i32 4294967295, i32 0, i32 0, i32 0, void @empty_0" [../MLP_baseline/mm.cpp:51]   --->   Operation 161 'specpipeline' 'specpipeline_ln51' <Predicate = true> <Delay = 0.00>
ST_27 : Operation 162 [1/5] (7.30ns)   --->   "%gmem_addr_2_resp = writeresp i1 @_ssdm_op_WriteResp.m_axi.i32P1A, i64 %gmem_addr" [../MLP_baseline/mm.cpp:51]   --->   Operation 162 'writeresp' 'gmem_addr_2_resp' <Predicate = true> <Delay = 7.30> <CoreInst = "m_axi">   --->   Core 111 'm_axi' <Latency = 3> <II = 1> <Delay = 1.00> <Adapter> <Opcode : 'read' 'write' 'readreq' 'writereq' 'writeresp'>
ST_27 : Operation 163 [1/1] (0.00ns)   --->   "%br_ln50 = br void %for.cond39" [../MLP_baseline/mm.cpp:50]   --->   Operation 163 'br' 'br_ln50' <Predicate = true> <Delay = 0.00>


============================================================
+ Verbose Summary: Binding
============================================================
STG Binding: 
---------------- STG Properties BEGIN ----------------
- Is combinational: 0
- Is one-state seq: 0
- Is datapath-only: 0
- Is pipelined: 0
- Is top level: 0
Port [ Return ] is wired: 1; IO mode=ap_ctrl_hs:ce=0
Port [ zext_ln41_3]:  wired=1; compound=0; hidden=0; nouse=0; global=0; static=0; extern=0; dir=0; type=0; pingpong=0; private_global=0; IO mode=ap_none:ce=0
Port [ zext_ln42]:  wired=1; compound=0; hidden=0; nouse=0; global=0; static=0; extern=0; dir=0; type=0; pingpong=0; private_global=0; IO mode=ap_none:ce=0
Port [ zext_ln43]:  wired=1; compound=0; hidden=0; nouse=0; global=0; static=0; extern=0; dir=0; type=0; pingpong=0; private_global=0; IO mode=ap_none:ce=0
Port [ gmem]:  wired=1; compound=1; hidden=0; nouse=0; global=0; static=0; extern=0; dir=2; type=4; pingpong=0; private_global=0; IO mode=m_axi:ce=0
Port [ mul_ln43_1]:  wired=1; compound=0; hidden=0; nouse=0; global=0; static=0; extern=0; dir=0; type=0; pingpong=0; private_global=0; IO mode=ap_none:ce=0
Port [ mul_ln43]:  wired=1; compound=0; hidden=0; nouse=0; global=0; static=0; extern=0; dir=0; type=0; pingpong=0; private_global=0; IO mode=ap_none:ce=0
Port [ sext_ln43_3]:  wired=1; compound=0; hidden=0; nouse=0; global=0; static=0; extern=0; dir=0; type=0; pingpong=0; private_global=0; IO mode=ap_none:ce=0
Port [ sext_ln41]:  wired=1; compound=0; hidden=0; nouse=0; global=0; static=0; extern=0; dir=0; type=0; pingpong=0; private_global=0; IO mode=ap_none:ce=0
Port [ P_cast8]:  wired=1; compound=0; hidden=0; nouse=0; global=0; static=0; extern=0; dir=0; type=0; pingpong=0; private_global=0; IO mode=ap_none:ce=0
Port [ ABC]:  wired=1; compound=0; hidden=0; nouse=0; global=0; static=0; extern=0; dir=0; type=0; pingpong=0; private_global=0; IO mode=ap_none:ce=0
Port [ A]:  wired=1; compound=0; hidden=0; nouse=0; global=0; static=0; extern=0; dir=0; type=0; pingpong=0; private_global=0; IO mode=ap_none:ce=0
Port [ B]:  wired=1; compound=0; hidden=0; nouse=0; global=0; static=0; extern=0; dir=0; type=0; pingpong=0; private_global=0; IO mode=ap_none:ce=0
---------------- STG Properties END ------------------

---------------- Datapath Model BEGIN ----------------

<LifeTime>
<method=bitvector/>
k                     (alloca        ) [ 0111111111111111110000000000]
j                     (alloca        ) [ 0111000000000000000000000000]
indvar_flatten        (alloca        ) [ 0111000000000000000000000000]
i                     (alloca        ) [ 0111000000000000000000000000]
indvar_flatten69      (alloca        ) [ 0111000000000000000000000000]
B_read                (read          ) [ 0011111111000000000000000000]
A_read                (read          ) [ 0011111110000000000000000000]
ABC_read              (read          ) [ 0011111110000000000000000000]
P_cast8_read          (read          ) [ 0000000000000000000000000000]
sext_ln41_read        (read          ) [ 0000000000000000000000000000]
sext_ln43_3_read      (read          ) [ 0010000000000000000000000000]
mul_ln43_read         (read          ) [ 0010000000000000000000000000]
mul_ln43_1_read       (read          ) [ 0010000000000000000000000000]
zext_ln43_read        (read          ) [ 0000000000000000000000000000]
zext_ln42_read        (read          ) [ 0000000000000000000000000000]
zext_ln41_3_read      (read          ) [ 0000000000000000000000000000]
P_cast8_cast          (sext          ) [ 0011111110000000000000000000]
sext_ln41_cast        (sext          ) [ 0011111100000000000000000000]
sext_ln43_3_cast      (sext          ) [ 0010000000000000000000000000]
zext_ln43_cast1       (zext          ) [ 0011000000000000000000000000]
zext_ln42_cast        (zext          ) [ 0010000000000000000000000000]
zext_ln41_3_cast      (zext          ) [ 0000000000000000000000000000]
zext_ln43_cast        (zext          ) [ 0010000000000000000000000000]
specinterface_ln0     (specinterface ) [ 0000000000000000000000000000]
store_ln0             (store         ) [ 0000000000000000000000000000]
store_ln46            (store         ) [ 0000000000000000000000000000]
store_ln0             (store         ) [ 0000000000000000000000000000]
store_ln47            (store         ) [ 0000000000000000000000000000]
store_ln50            (store         ) [ 0000000000000000000000000000]
br_ln0                (br            ) [ 0000000000000000000000000000]
indvar_flatten69_load (load          ) [ 0000000000000000000000000000]
specbitsmap_ln0       (specbitsmap   ) [ 0000000000000000000000000000]
icmp_ln46             (icmp          ) [ 0011111111111111100000000000]
add_ln46              (add           ) [ 0001000000000000000000000000]
br_ln46               (br            ) [ 0000000000000000000000000000]
k_load                (load          ) [ 0001000000000000000000000000]
j_load                (load          ) [ 0000000000000000000000000000]
indvar_flatten_load   (load          ) [ 0000000000000000000000000000]
i_load                (load          ) [ 0000000000000000000000000000]
icmp_ln47             (icmp          ) [ 0001000000000000000000000000]
select_ln46           (select        ) [ 0001000000000000000000000000]
icmp_ln50             (icmp          ) [ 0000000000000000000000000000]
icmp_ln50_1           (icmp          ) [ 0000000000000000000000000000]
select_ln46_2         (select        ) [ 0001000000000000000000000000]
add_ln46_1            (add           ) [ 0000000000000000000000000000]
select_ln46_3         (select        ) [ 0001000000000000000000000000]
trunc_ln46            (trunc         ) [ 0001111100000000000000000000]
add_ln47_1            (add           ) [ 0001000000000000000000000000]
select_ln46_1         (select        ) [ 0000000000000000000000000000]
add_ln47              (add           ) [ 0000000000000000000000000000]
k_1_mid2              (select        ) [ 0100111111111111110000000000]
select_ln47           (select        ) [ 0000000000000000000000000000]
trunc_ln47            (trunc         ) [ 0000111111000000000000000000]
trunc_ln50            (trunc         ) [ 0000111110000000000000000000]
select_ln47_1         (select        ) [ 0000000000000000000000000000]
store_ln46            (store         ) [ 0000000000000000000000000000]
store_ln46            (store         ) [ 0000000000000000000000000000]
store_ln47            (store         ) [ 0000000000000000000000000000]
store_ln47            (store         ) [ 0000000000000000000000000000]
empty                 (mul           ) [ 0000000010000000000000000000]
empty_30              (mul           ) [ 0000000010000000000000000000]
empty_31              (add           ) [ 0000000000000000000000000000]
tmp                   (bitconcatenate) [ 0000000000000000000000000000]
empty_32              (add           ) [ 0000000000000000000000000000]
p_cast                (partselect    ) [ 0000000000000000000000000000]
p_cast_cast           (sext          ) [ 0000000000000000000000000000]
gmem_addr             (getelementptr ) [ 0111111111111111111111111111]
add_ln51              (add           ) [ 0000000000000000000000000000]
shl_ln                (bitconcatenate) [ 0000000000000000000000000000]
add_ln51_1            (add           ) [ 0000000000000000000000000000]
trunc_ln4             (partselect    ) [ 0000000000000000000000000000]
sext_ln51             (sext          ) [ 0000000000000000000000000000]
gmem_addr_1           (getelementptr ) [ 0100000001111111110000000000]
mul_ln51              (mul           ) [ 0000000001000000000000000000]
add_ln51_2            (add           ) [ 0000000000000000000000000000]
shl_ln51_1            (bitconcatenate) [ 0000000000000000000000000000]
add_ln51_3            (add           ) [ 0000000000000000000000000000]
trunc_ln51_1          (partselect    ) [ 0000000000000000000000000000]
sext_ln51_1           (sext          ) [ 0000000000000000000000000000]
gmem_addr_2           (getelementptr ) [ 0110000000111111111000000000]
gmem_load_req         (readreq       ) [ 0000000000000000000000000000]
gmem_addr_1_read      (read          ) [ 0011100000000000001110000000]
gmem_load_1_req       (readreq       ) [ 0000000000000000000000000000]
add_ln50              (add           ) [ 0000000000000000000000000000]
store_ln50            (store         ) [ 0000000000000000000000000000]
gmem_addr_2_read      (read          ) [ 0001100000000000000110000000]
gmem_load_2_req       (readreq       ) [ 0000000000000000000000000000]
mul_ln51_1            (mul           ) [ 0000010000000000000001000000]
gmem_addr_read        (read          ) [ 0000010000000000000001000000]
add_ln51_4            (add           ) [ 0000001000000000000000100000]
gmem_addr_2_req       (writereq      ) [ 0000000000000000000000000000]
write_ln51            (write         ) [ 0000000000000000000000000000]
specloopname_ln0      (specloopname  ) [ 0000000000000000000000000000]
specpipeline_ln51     (specpipeline  ) [ 0000000000000000000000000000]
gmem_addr_2_resp      (writeresp     ) [ 0000000000000000000000000000]
br_ln50               (br            ) [ 0000000000000000000000000000]
ret_ln0               (ret           ) [ 0000000000000000000000000000]
</LifeTime>

<model>

<comp_list>
<comp id="0" class="1000" name="zext_ln41_3">
<pin_list>
<pin id="1" dir="1" index="0" bw="1" slack="0"/>
</pin_list>
<bind>
<StgValue><ssdm name="zext_ln41_3"/></StgValue>
</bind>
</comp>

<comp id="2" class="1000" name="zext_ln42">
<pin_list>
<pin id="3" dir="1" index="0" bw="1" slack="0"/>
</pin_list>
<bind>
<StgValue><ssdm name="zext_ln42"/></StgValue>
</bind>
</comp>

<comp id="4" class="1000" name="zext_ln43">
<pin_list>
<pin id="5" dir="1" index="0" bw="1" slack="0"/>
</pin_list>
<bind>
<StgValue><ssdm name="zext_ln43"/></StgValue>
</bind>
</comp>

<comp id="6" class="1000" name="gmem">
<pin_list>
<pin id="7" dir="1" index="0" bw="1" slack="0"/>
</pin_list>
<bind>
<StgValue><ssdm name="gmem"/><MemPortTyVec>2 </MemPortTyVec>
</StgValue>
</bind>
</comp>

<comp id="8" class="1000" name="mul_ln43_1">
<pin_list>
<pin id="9" dir="1" index="0" bw="1" slack="0"/>
</pin_list>
<bind>
<StgValue><ssdm name="mul_ln43_1"/></StgValue>
</bind>
</comp>

<comp id="10" class="1000" name="mul_ln43">
<pin_list>
<pin id="11" dir="1" index="0" bw="1" slack="0"/>
</pin_list>
<bind>
<StgValue><ssdm name="mul_ln43"/></StgValue>
</bind>
</comp>

<comp id="12" class="1000" name="sext_ln43_3">
<pin_list>
<pin id="13" dir="1" index="0" bw="1" slack="0"/>
</pin_list>
<bind>
<StgValue><ssdm name="sext_ln43_3"/></StgValue>
</bind>
</comp>

<comp id="14" class="1000" name="sext_ln41">
<pin_list>
<pin id="15" dir="1" index="0" bw="1" slack="0"/>
</pin_list>
<bind>
<StgValue><ssdm name="sext_ln41"/></StgValue>
</bind>
</comp>

<comp id="16" class="1000" name="P_cast8">
<pin_list>
<pin id="17" dir="1" index="0" bw="1" slack="0"/>
</pin_list>
<bind>
<StgValue><ssdm name="P_cast8"/></StgValue>
</bind>
</comp>

<comp id="18" class="1000" name="ABC">
<pin_list>
<pin id="19" dir="1" index="0" bw="1" slack="0"/>
</pin_list>
<bind>
<StgValue><ssdm name="ABC"/></StgValue>
</bind>
</comp>

<comp id="20" class="1000" name="A">
<pin_list>
<pin id="21" dir="1" index="0" bw="1" slack="0"/>
</pin_list>
<bind>
<StgValue><ssdm name="A"/></StgValue>
</bind>
</comp>

<comp id="22" class="1000" name="B">
<pin_list>
<pin id="23" dir="1" index="0" bw="1" slack="0"/>
</pin_list>
<bind>
<StgValue><ssdm name="B"/></StgValue>
</bind>
</comp>

<comp id="24" class="1001" name="const_24">
<pin_list>
<pin id="25" dir="1" index="0" bw="1" slack="0"/>
</pin_list>
<bind>
<StgValue><ssdm name=""/></StgValue>
</bind>
</comp>

<comp id="26" class="1001" name="const_26">
<pin_list>
<pin id="27" dir="1" index="0" bw="1" slack="0"/>
</pin_list>
<bind>
<StgValue><ssdm name="_ssdm_op_Read.ap_auto.i64"/></StgValue>
</bind>
</comp>

<comp id="28" class="1001" name="const_28">
<pin_list>
<pin id="29" dir="1" index="0" bw="1" slack="0"/>
</pin_list>
<bind>
<StgValue><ssdm name="_ssdm_op_Read.ap_auto.i32"/></StgValue>
</bind>
</comp>

<comp id="30" class="1001" name="const_30">
<pin_list>
<pin id="31" dir="1" index="0" bw="1" slack="0"/>
</pin_list>
<bind>
<StgValue><ssdm name="_ssdm_op_Read.ap_auto.i34"/></StgValue>
</bind>
</comp>

<comp id="32" class="1001" name="const_32">
<pin_list>
<pin id="33" dir="1" index="0" bw="1" slack="0"/>
</pin_list>
<bind>
<StgValue><ssdm name="_ssdm_op_Read.ap_auto.i128"/></StgValue>
</bind>
</comp>

<comp id="34" class="1001" name="const_34">
<pin_list>
<pin id="35" dir="1" index="0" bw="1" slack="0"/>
</pin_list>
<bind>
<StgValue><ssdm name="_ssdm_op_Read.ap_auto.i192"/></StgValue>
</bind>
</comp>

<comp id="36" class="1001" name="const_36">
<pin_list>
<pin id="37" dir="1" index="0" bw="1" slack="0"/>
</pin_list>
<bind>
<StgValue><ssdm name="_ssdm_op_Read.ap_auto.i31"/></StgValue>
</bind>
</comp>

<comp id="38" class="1001" name="const_38">
<pin_list>
<pin id="39" dir="1" index="0" bw="1" slack="2147483647"/>
</pin_list>
<bind>
<StgValue><ssdm name="_ssdm_op_SpecInterface"/></StgValue>
</bind>
</comp>

<comp id="40" class="1001" name="const_40">
<pin_list>
<pin id="41" dir="1" index="0" bw="1" slack="2147483647"/>
</pin_list>
<bind>
<StgValue><ssdm name="empty"/></StgValue>
</bind>
</comp>

<comp id="42" class="1001" name="const_42">
<pin_list>
<pin id="43" dir="1" index="0" bw="1" slack="2147483647"/>
</pin_list>
<bind>
<StgValue><ssdm name=""/></StgValue>
</bind>
</comp>

<comp id="44" class="1001" name="const_44">
<pin_list>
<pin id="45" dir="1" index="0" bw="1" slack="2147483647"/>
</pin_list>
<bind>
<StgValue><ssdm name="empty_0"/></StgValue>
</bind>
</comp>

<comp id="46" class="1001" name="const_46">
<pin_list>
<pin id="47" dir="1" index="0" bw="1" slack="2147483647"/>
</pin_list>
<bind>
<StgValue><ssdm name=""/></StgValue>
</bind>
</comp>

<comp id="48" class="1001" name="const_48">
<pin_list>
<pin id="49" dir="1" index="0" bw="1" slack="2147483647"/>
</pin_list>
<bind>
<StgValue><ssdm name="empty_1"/></StgValue>
</bind>
</comp>

<comp id="50" class="1001" name="const_50">
<pin_list>
<pin id="51" dir="1" index="0" bw="1" slack="2147483647"/>
</pin_list>
<bind>
<StgValue><ssdm name="empty_2"/></StgValue>
</bind>
</comp>

<comp id="52" class="1001" name="const_52">
<pin_list>
<pin id="53" dir="1" index="0" bw="1" slack="2147483647"/>
</pin_list>
<bind>
<StgValue><ssdm name=""/></StgValue>
</bind>
</comp>

<comp id="54" class="1001" name="const_54">
<pin_list>
<pin id="55" dir="1" index="0" bw="1" slack="2147483647"/>
</pin_list>
<bind>
<StgValue><ssdm name=""/></StgValue>
</bind>
</comp>

<comp id="56" class="1001" name="const_56">
<pin_list>
<pin id="57" dir="1" index="0" bw="1" slack="0"/>
</pin_list>
<bind>
<StgValue><ssdm name=""/></StgValue>
</bind>
</comp>

<comp id="58" class="1001" name="const_58">
<pin_list>
<pin id="59" dir="1" index="0" bw="1" slack="0"/>
</pin_list>
<bind>
<StgValue><ssdm name=""/></StgValue>
</bind>
</comp>

<comp id="60" class="1001" name="const_60">
<pin_list>
<pin id="61" dir="1" index="0" bw="1" slack="2147483647"/>
</pin_list>
<bind>
<StgValue><ssdm name="_ssdm_op_SpecBitsMap"/></StgValue>
</bind>
</comp>

<comp id="62" class="1001" name="const_62">
<pin_list>
<pin id="63" dir="1" index="0" bw="1" slack="0"/>
</pin_list>
<bind>
<StgValue><ssdm name=""/></StgValue>
</bind>
</comp>

<comp id="64" class="1001" name="const_64">
<pin_list>
<pin id="65" dir="1" index="0" bw="1" slack="0"/>
</pin_list>
<bind>
<StgValue><ssdm name=""/></StgValue>
</bind>
</comp>

<comp id="66" class="1001" name="const_66">
<pin_list>
<pin id="67" dir="1" index="0" bw="1" slack="0"/>
</pin_list>
<bind>
<StgValue><ssdm name=""/></StgValue>
</bind>
</comp>

<comp id="68" class="1001" name="const_68">
<pin_list>
<pin id="69" dir="1" index="0" bw="1" slack="0"/>
</pin_list>
<bind>
<StgValue><ssdm name="_ssdm_op_BitConcatenate.i64.i62.i2"/></StgValue>
</bind>
</comp>

<comp id="70" class="1001" name="const_70">
<pin_list>
<pin id="71" dir="1" index="0" bw="1" slack="0"/>
</pin_list>
<bind>
<StgValue><ssdm name=""/></StgValue>
</bind>
</comp>

<comp id="72" class="1001" name="const_72">
<pin_list>
<pin id="73" dir="1" index="0" bw="1" slack="0"/>
</pin_list>
<bind>
<StgValue><ssdm name="_ssdm_op_PartSelect.i62.i64.i32.i32"/></StgValue>
</bind>
</comp>

<comp id="74" class="1001" name="const_74">
<pin_list>
<pin id="75" dir="1" index="0" bw="1" slack="0"/>
</pin_list>
<bind>
<StgValue><ssdm name=""/></StgValue>
</bind>
</comp>

<comp id="76" class="1001" name="const_76">
<pin_list>
<pin id="77" dir="1" index="0" bw="1" slack="0"/>
</pin_list>
<bind>
<StgValue><ssdm name=""/></StgValue>
</bind>
</comp>

<comp id="78" class="1001" name="const_78">
<pin_list>
<pin id="79" dir="1" index="0" bw="1" slack="0"/>
</pin_list>
<bind>
<StgValue><ssdm name="_ssdm_op_ReadReq.m_axi.i32P1A"/></StgValue>
</bind>
</comp>

<comp id="80" class="1001" name="const_80">
<pin_list>
<pin id="81" dir="1" index="0" bw="1" slack="0"/>
</pin_list>
<bind>
<StgValue><ssdm name="_ssdm_op_Read.m_axi.i32P1A"/></StgValue>
</bind>
</comp>

<comp id="82" class="1001" name="const_82">
<pin_list>
<pin id="83" dir="1" index="0" bw="1" slack="0"/>
</pin_list>
<bind>
<StgValue><ssdm name="_ssdm_op_WriteReq.m_axi.i32P1A"/></StgValue>
</bind>
</comp>

<comp id="84" class="1001" name="const_84">
<pin_list>
<pin id="85" dir="1" index="0" bw="1" slack="0"/>
</pin_list>
<bind>
<StgValue><ssdm name="_ssdm_op_Write.m_axi.i32P1A"/></StgValue>
</bind>
</comp>

<comp id="86" class="1001" name="const_86">
<pin_list>
<pin id="87" dir="1" index="0" bw="1" slack="0"/>
</pin_list>
<bind>
<StgValue><ssdm name=""/></StgValue>
</bind>
</comp>

<comp id="88" class="1001" name="const_88">
<pin_list>
<pin id="89" dir="1" index="0" bw="1" slack="0"/>
</pin_list>
<bind>
<StgValue><ssdm name="_ssdm_op_WriteResp.m_axi.i32P1A"/></StgValue>
</bind>
</comp>

<comp id="90" class="1001" name="const_90">
<pin_list>
<pin id="91" dir="1" index="0" bw="1" slack="2147483647"/>
</pin_list>
<bind>
<StgValue><ssdm name="_ssdm_op_SpecLoopName"/></StgValue>
</bind>
</comp>

<comp id="92" class="1001" name="const_92">
<pin_list>
<pin id="93" dir="1" index="0" bw="1" slack="2147483647"/>
</pin_list>
<bind>
<StgValue><ssdm name="VITIS_LOOP_46_6_VITIS_LOOP_47_7_VITIS_LOOP_50_8_str"/></StgValue>
</bind>
</comp>

<comp id="94" class="1001" name="const_94">
<pin_list>
<pin id="95" dir="1" index="0" bw="1" slack="2147483647"/>
</pin_list>
<bind>
<StgValue><ssdm name="_ssdm_op_SpecPipeline"/></StgValue>
</bind>
</comp>

<comp id="96" class="1004" name="k_fu_96">
<pin_list>
<pin id="97" dir="0" index="0" bw="1" slack="0"/>
<pin id="98" dir="1" index="1" bw="64" slack="0"/>
</pin_list>
<bind>
<opcode="alloca(26) " fcode="alloca"/>
<opset="k/1 "/>
</bind>
</comp>

<comp id="100" class="1004" name="j_fu_100">
<pin_list>
<pin id="101" dir="0" index="0" bw="1" slack="0"/>
<pin id="102" dir="1" index="1" bw="64" slack="0"/>
</pin_list>
<bind>
<opcode="alloca(26) " fcode="alloca"/>
<opset="j/1 "/>
</bind>
</comp>

<comp id="104" class="1004" name="indvar_flatten_fu_104">
<pin_list>
<pin id="105" dir="0" index="0" bw="1" slack="0"/>
<pin id="106" dir="1" index="1" bw="128" slack="0"/>
</pin_list>
<bind>
<opcode="alloca(26) " fcode="alloca"/>
<opset="indvar_flatten/1 "/>
</bind>
</comp>

<comp id="108" class="1004" name="i_fu_108">
<pin_list>
<pin id="109" dir="0" index="0" bw="1" slack="0"/>
<pin id="110" dir="1" index="1" bw="64" slack="0"/>
</pin_list>
<bind>
<opcode="alloca(26) " fcode="alloca"/>
<opset="i/1 "/>
</bind>
</comp>

<comp id="112" class="1004" name="indvar_flatten69_fu_112">
<pin_list>
<pin id="113" dir="0" index="0" bw="1" slack="0"/>
<pin id="114" dir="1" index="1" bw="192" slack="0"/>
</pin_list>
<bind>
<opcode="alloca(26) " fcode="alloca"/>
<opset="indvar_flatten69/1 "/>
</bind>
</comp>

<comp id="116" class="1004" name="B_read_read_fu_116">
<pin_list>
<pin id="117" dir="0" index="0" bw="64" slack="0"/>
<pin id="118" dir="0" index="1" bw="64" slack="0"/>
<pin id="119" dir="1" index="2" bw="64" slack="8"/>
</pin_list>
<bind>
<opcode="read(1150) " fcode="read"/>
<opset="B_read/1 "/>
</bind>
</comp>

<comp id="122" class="1004" name="A_read_read_fu_122">
<pin_list>
<pin id="123" dir="0" index="0" bw="64" slack="0"/>
<pin id="124" dir="0" index="1" bw="64" slack="0"/>
<pin id="125" dir="1" index="2" bw="64" slack="7"/>
</pin_list>
<bind>
<opcode="read(1150) " fcode="read"/>
<opset="A_read/1 "/>
</bind>
</comp>

<comp id="128" class="1004" name="ABC_read_read_fu_128">
<pin_list>
<pin id="129" dir="0" index="0" bw="64" slack="0"/>
<pin id="130" dir="0" index="1" bw="64" slack="0"/>
<pin id="131" dir="1" index="2" bw="64" slack="7"/>
</pin_list>
<bind>
<opcode="read(1150) " fcode="read"/>
<opset="ABC_read/1 "/>
</bind>
</comp>

<comp id="134" class="1004" name="P_cast8_read_read_fu_134">
<pin_list>
<pin id="135" dir="0" index="0" bw="32" slack="0"/>
<pin id="136" dir="0" index="1" bw="32" slack="0"/>
<pin id="137" dir="1" index="2" bw="32" slack="0"/>
</pin_list>
<bind>
<opcode="read(1150) " fcode="read"/>
<opset="P_cast8_read/1 "/>
</bind>
</comp>

<comp id="140" class="1004" name="sext_ln41_read_read_fu_140">
<pin_list>
<pin id="141" dir="0" index="0" bw="32" slack="0"/>
<pin id="142" dir="0" index="1" bw="32" slack="0"/>
<pin id="143" dir="1" index="2" bw="32" slack="0"/>
</pin_list>
<bind>
<opcode="read(1150) " fcode="read"/>
<opset="sext_ln41_read/1 "/>
</bind>
</comp>

<comp id="146" class="1004" name="sext_ln43_3_read_read_fu_146">
<pin_list>
<pin id="147" dir="0" index="0" bw="34" slack="0"/>
<pin id="148" dir="0" index="1" bw="34" slack="0"/>
<pin id="149" dir="1" index="2" bw="34" slack="0"/>
</pin_list>
<bind>
<opcode="read(1150) " fcode="read"/>
<opset="sext_ln43_3_read/1 "/>
</bind>
</comp>

<comp id="152" class="1004" name="mul_ln43_read_read_fu_152">
<pin_list>
<pin id="153" dir="0" index="0" bw="128" slack="0"/>
<pin id="154" dir="0" index="1" bw="128" slack="0"/>
<pin id="155" dir="1" index="2" bw="128" slack="1"/>
</pin_list>
<bind>
<opcode="read(1150) " fcode="read"/>
<opset="mul_ln43_read/1 "/>
</bind>
</comp>

<comp id="158" class="1004" name="mul_ln43_1_read_read_fu_158">
<pin_list>
<pin id="159" dir="0" index="0" bw="192" slack="0"/>
<pin id="160" dir="0" index="1" bw="192" slack="0"/>
<pin id="161" dir="1" index="2" bw="192" slack="1"/>
</pin_list>
<bind>
<opcode="read(1150) " fcode="read"/>
<opset="mul_ln43_1_read/1 "/>
</bind>
</comp>

<comp id="164" class="1004" name="zext_ln43_read_read_fu_164">
<pin_list>
<pin id="165" dir="0" index="0" bw="31" slack="0"/>
<pin id="166" dir="0" index="1" bw="31" slack="0"/>
<pin id="167" dir="1" index="2" bw="31" slack="0"/>
</pin_list>
<bind>
<opcode="read(1150) " fcode="read"/>
<opset="zext_ln43_read/1 "/>
</bind>
</comp>

<comp id="170" class="1004" name="zext_ln42_read_read_fu_170">
<pin_list>
<pin id="171" dir="0" index="0" bw="31" slack="0"/>
<pin id="172" dir="0" index="1" bw="31" slack="0"/>
<pin id="173" dir="1" index="2" bw="31" slack="0"/>
</pin_list>
<bind>
<opcode="read(1150) " fcode="read"/>
<opset="zext_ln42_read/1 "/>
</bind>
</comp>

<comp id="176" class="1004" name="zext_ln41_3_read_read_fu_176">
<pin_list>
<pin id="177" dir="0" index="0" bw="31" slack="0"/>
<pin id="178" dir="0" index="1" bw="31" slack="0"/>
<pin id="179" dir="1" index="2" bw="31" slack="0"/>
</pin_list>
<bind>
<opcode="read(1150) " fcode="read"/>
<opset="zext_ln41_3_read/1 "/>
</bind>
</comp>

<comp id="182" class="1004" name="grp_readreq_fu_182">
<pin_list>
<pin id="183" dir="0" index="0" bw="1" slack="0"/>
<pin id="184" dir="0" index="1" bw="32" slack="1"/>
<pin id="185" dir="0" index="2" bw="1" slack="0"/>
<pin id="186" dir="1" index="3" bw="1" slack="2147483647"/>
</pin_list>
<bind>
<opcode="readreq(1154) " fcode="readreq"/>
<opset="gmem_load_req/9 gmem_load_1_req/10 gmem_load_2_req/12 "/>
</bind>
</comp>

<comp id="189" class="1004" name="grp_read_fu_189">
<pin_list>
<pin id="190" dir="0" index="0" bw="32" slack="0"/>
<pin id="191" dir="0" index="1" bw="32" slack="9"/>
<pin id="192" dir="1" index="2" bw="32" slack="1"/>
</pin_list>
<bind>
<opcode="read(1150) " fcode="read"/>
<opset="gmem_addr_1_read/17 gmem_addr_2_read/18 gmem_addr_read/20 "/>
</bind>
</comp>

<comp id="194" class="1004" name="gmem_addr_2_req_writereq_fu_194">
<pin_list>
<pin id="195" dir="0" index="0" bw="1" slack="0"/>
<pin id="196" dir="0" index="1" bw="32" slack="13"/>
<pin id="197" dir="0" index="2" bw="1" slack="0"/>
<pin id="198" dir="1" index="3" bw="1" slack="2147483647"/>
</pin_list>
<bind>
<opcode="writereq(1155) " fcode="writereq"/>
<opset="gmem_addr_2_req/21 "/>
</bind>
</comp>

<comp id="201" class="1004" name="write_ln51_write_fu_201">
<pin_list>
<pin id="202" dir="0" index="0" bw="0" slack="0"/>
<pin id="203" dir="0" index="1" bw="32" slack="14"/>
<pin id="204" dir="0" index="2" bw="32" slack="1"/>
<pin id="205" dir="0" index="3" bw="1" slack="0"/>
<pin id="206" dir="1" index="4" bw="0" slack="2147483647"/>
</pin_list>
<bind>
<opcode="write(1151) " fcode="write"/>
<opset="write_ln51/22 "/>
</bind>
</comp>

<comp id="209" class="1004" name="grp_writeresp_fu_209">
<pin_list>
<pin id="210" dir="0" index="0" bw="1" slack="0"/>
<pin id="211" dir="0" index="1" bw="32" slack="15"/>
<pin id="212" dir="1" index="2" bw="1" slack="2147483647"/>
</pin_list>
<bind>
<opcode="writeresp(1158) " fcode="writeresp"/>
<opset="gmem_addr_2_resp/23 "/>
</bind>
</comp>

<comp id="214" class="1004" name="grp_fu_214">
<pin_list>
<pin id="215" dir="0" index="0" bw="32" slack="1"/>
<pin id="216" dir="0" index="1" bw="32" slack="2"/>
<pin id="217" dir="1" index="2" bw="32" slack="1"/>
</pin_list>
<bind>
<opcode="mul(12) " fcode="mul"/>
<opset="mul_ln51_1/19 "/>
</bind>
</comp>

<comp id="218" class="1004" name="grp_fu_218">
<pin_list>
<pin id="219" dir="0" index="0" bw="62" slack="1"/>
<pin id="220" dir="0" index="1" bw="32" slack="2"/>
<pin id="221" dir="1" index="2" bw="62" slack="1"/>
</pin_list>
<bind>
<opcode="mul(12) " fcode="mul"/>
<opset="empty/3 mul_ln51/4 "/>
</bind>
</comp>

<comp id="222" class="1004" name="grp_fu_222">
<pin_list>
<pin id="223" dir="0" index="0" bw="62" slack="1"/>
<pin id="224" dir="0" index="1" bw="32" slack="2"/>
<pin id="225" dir="1" index="2" bw="62" slack="1"/>
</pin_list>
<bind>
<opcode="mul(12) " fcode="mul"/>
<opset="empty_30/3 "/>
</bind>
</comp>

<comp id="226" class="1005" name="reg_226">
<pin_list>
<pin id="227" dir="0" index="0" bw="62" slack="1"/>
<pin id="228" dir="1" index="1" bw="62" slack="1"/>
</pin_list>
<bind>
<opset="empty mul_ln51 "/>
</bind>
</comp>

<comp id="230" class="1005" name="reg_230">
<pin_list>
<pin id="231" dir="0" index="0" bw="32" slack="1"/>
<pin id="232" dir="1" index="1" bw="32" slack="1"/>
</pin_list>
<bind>
<opset="gmem_addr_1_read gmem_addr_read "/>
</bind>
</comp>

<comp id="235" class="1004" name="P_cast8_cast_fu_235">
<pin_list>
<pin id="236" dir="0" index="0" bw="32" slack="0"/>
<pin id="237" dir="1" index="1" bw="62" slack="2"/>
</pin_list>
<bind>
<opcode="sext(35) " fcode="sext"/>
<opset="P_cast8_cast/1 "/>
</bind>
</comp>

<comp id="239" class="1004" name="sext_ln41_cast_fu_239">
<pin_list>
<pin id="240" dir="0" index="0" bw="32" slack="0"/>
<pin id="241" dir="1" index="1" bw="62" slack="2"/>
</pin_list>
<bind>
<opcode="sext(35) " fcode="sext"/>
<opset="sext_ln41_cast/1 "/>
</bind>
</comp>

<comp id="243" class="1004" name="sext_ln43_3_cast_fu_243">
<pin_list>
<pin id="244" dir="0" index="0" bw="34" slack="0"/>
<pin id="245" dir="1" index="1" bw="64" slack="1"/>
</pin_list>
<bind>
<opcode="sext(35) " fcode="sext"/>
<opset="sext_ln43_3_cast/1 "/>
</bind>
</comp>

<comp id="247" class="1004" name="zext_ln43_cast1_fu_247">
<pin_list>
<pin id="248" dir="0" index="0" bw="31" slack="0"/>
<pin id="249" dir="1" index="1" bw="64" slack="0"/>
</pin_list>
<bind>
<opcode="zext(34) " fcode="zext"/>
<opset="zext_ln43_cast1/1 "/>
</bind>
</comp>

<comp id="251" class="1004" name="zext_ln42_cast_fu_251">
<pin_list>
<pin id="252" dir="0" index="0" bw="31" slack="0"/>
<pin id="253" dir="1" index="1" bw="64" slack="0"/>
</pin_list>
<bind>
<opcode="zext(34) " fcode="zext"/>
<opset="zext_ln42_cast/1 "/>
</bind>
</comp>

<comp id="255" class="1004" name="zext_ln41_3_cast_fu_255">
<pin_list>
<pin id="256" dir="0" index="0" bw="31" slack="0"/>
<pin id="257" dir="1" index="1" bw="64" slack="0"/>
</pin_list>
<bind>
<opcode="zext(34) " fcode="zext"/>
<opset="zext_ln41_3_cast/1 "/>
</bind>
</comp>

<comp id="259" class="1004" name="zext_ln43_cast_fu_259">
<pin_list>
<pin id="260" dir="0" index="0" bw="31" slack="0"/>
<pin id="261" dir="1" index="1" bw="34" slack="1"/>
</pin_list>
<bind>
<opcode="zext(34) " fcode="zext"/>
<opset="zext_ln43_cast/1 "/>
</bind>
</comp>

<comp id="263" class="1004" name="store_ln0_store_fu_263">
<pin_list>
<pin id="264" dir="0" index="0" bw="1" slack="0"/>
<pin id="265" dir="0" index="1" bw="192" slack="0"/>
<pin id="266" dir="1" index="2" bw="0" slack="2147483647"/>
</pin_list>
<bind>
<opcode="store(28) " fcode="store"/>
<opset="store_ln0/1 "/>
</bind>
</comp>

<comp id="268" class="1004" name="store_ln46_store_fu_268">
<pin_list>
<pin id="269" dir="0" index="0" bw="31" slack="0"/>
<pin id="270" dir="0" index="1" bw="64" slack="0"/>
<pin id="271" dir="1" index="2" bw="0" slack="2147483647"/>
</pin_list>
<bind>
<opcode="store(28) " fcode="store"/>
<opset="store_ln46/1 "/>
</bind>
</comp>

<comp id="273" class="1004" name="store_ln0_store_fu_273">
<pin_list>
<pin id="274" dir="0" index="0" bw="1" slack="0"/>
<pin id="275" dir="0" index="1" bw="128" slack="0"/>
<pin id="276" dir="1" index="2" bw="0" slack="2147483647"/>
</pin_list>
<bind>
<opcode="store(28) " fcode="store"/>
<opset="store_ln0/1 "/>
</bind>
</comp>

<comp id="278" class="1004" name="store_ln47_store_fu_278">
<pin_list>
<pin id="279" dir="0" index="0" bw="31" slack="0"/>
<pin id="280" dir="0" index="1" bw="64" slack="0"/>
<pin id="281" dir="1" index="2" bw="0" slack="2147483647"/>
</pin_list>
<bind>
<opcode="store(28) " fcode="store"/>
<opset="store_ln47/1 "/>
</bind>
</comp>

<comp id="283" class="1004" name="store_ln50_store_fu_283">
<pin_list>
<pin id="284" dir="0" index="0" bw="31" slack="0"/>
<pin id="285" dir="0" index="1" bw="64" slack="0"/>
<pin id="286" dir="1" index="2" bw="0" slack="2147483647"/>
</pin_list>
<bind>
<opcode="store(28) " fcode="store"/>
<opset="store_ln50/1 "/>
</bind>
</comp>

<comp id="288" class="1004" name="indvar_flatten69_load_load_fu_288">
<pin_list>
<pin id="289" dir="0" index="0" bw="192" slack="1"/>
<pin id="290" dir="1" index="1" bw="192" slack="0"/>
</pin_list>
<bind>
<opcode="load(27) " fcode="load"/>
<opset="indvar_flatten69_load/2 "/>
</bind>
</comp>

<comp id="291" class="1004" name="icmp_ln46_fu_291">
<pin_list>
<pin id="292" dir="0" index="0" bw="192" slack="0"/>
<pin id="293" dir="0" index="1" bw="192" slack="1"/>
<pin id="294" dir="1" index="2" bw="1" slack="1"/>
</pin_list>
<bind>
<opcode="icmp(45) " fcode="icmp"/>
<opset="icmp_ln46/2 "/>
</bind>
</comp>

<comp id="296" class="1004" name="add_ln46_fu_296">
<pin_list>
<pin id="297" dir="0" index="0" bw="192" slack="0"/>
<pin id="298" dir="0" index="1" bw="1" slack="0"/>
<pin id="299" dir="1" index="2" bw="192" slack="1"/>
</pin_list>
<bind>
<opcode="add(8) " fcode="add"/>
<opset="add_ln46/2 "/>
</bind>
</comp>

<comp id="302" class="1004" name="k_load_load_fu_302">
<pin_list>
<pin id="303" dir="0" index="0" bw="64" slack="1"/>
<pin id="304" dir="1" index="1" bw="64" slack="0"/>
</pin_list>
<bind>
<opcode="load(27) " fcode="load"/>
<opset="k_load/2 "/>
</bind>
</comp>

<comp id="305" class="1004" name="j_load_load_fu_305">
<pin_list>
<pin id="306" dir="0" index="0" bw="64" slack="1"/>
<pin id="307" dir="1" index="1" bw="64" slack="0"/>
</pin_list>
<bind>
<opcode="load(27) " fcode="load"/>
<opset="j_load/2 "/>
</bind>
</comp>

<comp id="308" class="1004" name="indvar_flatten_load_load_fu_308">
<pin_list>
<pin id="309" dir="0" index="0" bw="128" slack="1"/>
<pin id="310" dir="1" index="1" bw="128" slack="0"/>
</pin_list>
<bind>
<opcode="load(27) " fcode="load"/>
<opset="indvar_flatten_load/2 "/>
</bind>
</comp>

<comp id="311" class="1004" name="i_load_load_fu_311">
<pin_list>
<pin id="312" dir="0" index="0" bw="64" slack="1"/>
<pin id="313" dir="1" index="1" bw="64" slack="0"/>
</pin_list>
<bind>
<opcode="load(27) " fcode="load"/>
<opset="i_load/2 "/>
</bind>
</comp>

<comp id="314" class="1004" name="icmp_ln47_fu_314">
<pin_list>
<pin id="315" dir="0" index="0" bw="128" slack="0"/>
<pin id="316" dir="0" index="1" bw="128" slack="1"/>
<pin id="317" dir="1" index="2" bw="1" slack="0"/>
</pin_list>
<bind>
<opcode="icmp(45) " fcode="icmp"/>
<opset="icmp_ln47/2 "/>
</bind>
</comp>

<comp id="319" class="1004" name="select_ln46_fu_319">
<pin_list>
<pin id="320" dir="0" index="0" bw="1" slack="0"/>
<pin id="321" dir="0" index="1" bw="64" slack="1"/>
<pin id="322" dir="0" index="2" bw="64" slack="0"/>
<pin id="323" dir="1" index="3" bw="64" slack="1"/>
</pin_list>
<bind>
<opcode="select(49) " fcode="select"/>
<opset="select_ln46/2 "/>
</bind>
</comp>

<comp id="326" class="1004" name="icmp_ln50_fu_326">
<pin_list>
<pin id="327" dir="0" index="0" bw="34" slack="1"/>
<pin id="328" dir="0" index="1" bw="34" slack="1"/>
<pin id="329" dir="1" index="2" bw="1" slack="0"/>
</pin_list>
<bind>
<opcode="icmp(45) " fcode="icmp"/>
<opset="icmp_ln50/2 "/>
</bind>
</comp>

<comp id="330" class="1004" name="icmp_ln50_1_fu_330">
<pin_list>
<pin id="331" dir="0" index="0" bw="64" slack="0"/>
<pin id="332" dir="0" index="1" bw="64" slack="1"/>
<pin id="333" dir="1" index="2" bw="1" slack="0"/>
</pin_list>
<bind>
<opcode="icmp(45) " fcode="icmp"/>
<opset="icmp_ln50_1/2 "/>
</bind>
</comp>

<comp id="335" class="1004" name="select_ln46_2_fu_335">
<pin_list>
<pin id="336" dir="0" index="0" bw="1" slack="0"/>
<pin id="337" dir="0" index="1" bw="1" slack="0"/>
<pin id="338" dir="0" index="2" bw="1" slack="0"/>
<pin id="339" dir="1" index="3" bw="1" slack="1"/>
</pin_list>
<bind>
<opcode="select(49) " fcode="select"/>
<opset="select_ln46_2/2 "/>
</bind>
</comp>

<comp id="343" class="1004" name="add_ln46_1_fu_343">
<pin_list>
<pin id="344" dir="0" index="0" bw="64" slack="0"/>
<pin id="345" dir="0" index="1" bw="1" slack="0"/>
<pin id="346" dir="1" index="2" bw="64" slack="0"/>
</pin_list>
<bind>
<opcode="add(8) " fcode="add"/>
<opset="add_ln46_1/2 "/>
</bind>
</comp>

<comp id="349" class="1004" name="select_ln46_3_fu_349">
<pin_list>
<pin id="350" dir="0" index="0" bw="1" slack="0"/>
<pin id="351" dir="0" index="1" bw="64" slack="0"/>
<pin id="352" dir="0" index="2" bw="64" slack="0"/>
<pin id="353" dir="1" index="3" bw="64" slack="0"/>
</pin_list>
<bind>
<opcode="select(49) " fcode="select"/>
<opset="select_ln46_3/2 "/>
</bind>
</comp>

<comp id="357" class="1004" name="trunc_ln46_fu_357">
<pin_list>
<pin id="358" dir="0" index="0" bw="64" slack="0"/>
<pin id="359" dir="1" index="1" bw="62" slack="1"/>
</pin_list>
<bind>
<opcode="trunc(33) " fcode="trunc"/>
<opset="trunc_ln46/2 "/>
</bind>
</comp>

<comp id="361" class="1004" name="add_ln47_1_fu_361">
<pin_list>
<pin id="362" dir="0" index="0" bw="128" slack="0"/>
<pin id="363" dir="0" index="1" bw="1" slack="0"/>
<pin id="364" dir="1" index="2" bw="128" slack="1"/>
</pin_list>
<bind>
<opcode="add(8) " fcode="add"/>
<opset="add_ln47_1/2 "/>
</bind>
</comp>

<comp id="367" class="1004" name="select_ln46_1_fu_367">
<pin_list>
<pin id="368" dir="0" index="0" bw="1" slack="1"/>
<pin id="369" dir="0" index="1" bw="64" slack="2"/>
<pin id="370" dir="0" index="2" bw="64" slack="1"/>
<pin id="371" dir="1" index="3" bw="64" slack="0"/>
</pin_list>
<bind>
<opcode="select(49) " fcode="select"/>
<opset="select_ln46_1/3 "/>
</bind>
</comp>

<comp id="372" class="1004" name="add_ln47_fu_372">
<pin_list>
<pin id="373" dir="0" index="0" bw="64" slack="1"/>
<pin id="374" dir="0" index="1" bw="1" slack="0"/>
<pin id="375" dir="1" index="2" bw="64" slack="0"/>
</pin_list>
<bind>
<opcode="add(8) " fcode="add"/>
<opset="add_ln47/3 "/>
</bind>
</comp>

<comp id="377" class="1004" name="k_1_mid2_fu_377">
<pin_list>
<pin id="378" dir="0" index="0" bw="1" slack="1"/>
<pin id="379" dir="0" index="1" bw="64" slack="2"/>
<pin id="380" dir="0" index="2" bw="64" slack="0"/>
<pin id="381" dir="1" index="3" bw="64" slack="0"/>
</pin_list>
<bind>
<opcode="select(49) " fcode="select"/>
<opset="k_1_mid2/3 "/>
</bind>
</comp>

<comp id="383" class="1004" name="select_ln47_fu_383">
<pin_list>
<pin id="384" dir="0" index="0" bw="1" slack="1"/>
<pin id="385" dir="0" index="1" bw="64" slack="0"/>
<pin id="386" dir="0" index="2" bw="64" slack="1"/>
<pin id="387" dir="1" index="3" bw="64" slack="0"/>
</pin_list>
<bind>
<opcode="select(49) " fcode="select"/>
<opset="select_ln47/3 "/>
</bind>
</comp>

<comp id="389" class="1004" name="trunc_ln47_fu_389">
<pin_list>
<pin id="390" dir="0" index="0" bw="64" slack="0"/>
<pin id="391" dir="1" index="1" bw="62" slack="5"/>
</pin_list>
<bind>
<opcode="trunc(33) " fcode="trunc"/>
<opset="trunc_ln47/3 "/>
</bind>
</comp>

<comp id="393" class="1004" name="trunc_ln50_fu_393">
<pin_list>
<pin id="394" dir="0" index="0" bw="64" slack="0"/>
<pin id="395" dir="1" index="1" bw="62" slack="1"/>
</pin_list>
<bind>
<opcode="trunc(33) " fcode="trunc"/>
<opset="trunc_ln50/3 "/>
</bind>
</comp>

<comp id="397" class="1004" name="select_ln47_1_fu_397">
<pin_list>
<pin id="398" dir="0" index="0" bw="1" slack="1"/>
<pin id="399" dir="0" index="1" bw="128" slack="0"/>
<pin id="400" dir="0" index="2" bw="128" slack="1"/>
<pin id="401" dir="1" index="3" bw="128" slack="0"/>
</pin_list>
<bind>
<opcode="select(49) " fcode="select"/>
<opset="select_ln47_1/3 "/>
</bind>
</comp>

<comp id="403" class="1004" name="store_ln46_store_fu_403">
<pin_list>
<pin id="404" dir="0" index="0" bw="192" slack="1"/>
<pin id="405" dir="0" index="1" bw="192" slack="2"/>
<pin id="406" dir="1" index="2" bw="0" slack="2147483647"/>
</pin_list>
<bind>
<opcode="store(28) " fcode="store"/>
<opset="store_ln46/3 "/>
</bind>
</comp>

<comp id="407" class="1004" name="store_ln46_store_fu_407">
<pin_list>
<pin id="408" dir="0" index="0" bw="64" slack="1"/>
<pin id="409" dir="0" index="1" bw="64" slack="2"/>
<pin id="410" dir="1" index="2" bw="0" slack="2147483647"/>
</pin_list>
<bind>
<opcode="store(28) " fcode="store"/>
<opset="store_ln46/3 "/>
</bind>
</comp>

<comp id="411" class="1004" name="store_ln47_store_fu_411">
<pin_list>
<pin id="412" dir="0" index="0" bw="128" slack="0"/>
<pin id="413" dir="0" index="1" bw="128" slack="2"/>
<pin id="414" dir="1" index="2" bw="0" slack="2147483647"/>
</pin_list>
<bind>
<opcode="store(28) " fcode="store"/>
<opset="store_ln47/3 "/>
</bind>
</comp>

<comp id="416" class="1004" name="store_ln47_store_fu_416">
<pin_list>
<pin id="417" dir="0" index="0" bw="64" slack="0"/>
<pin id="418" dir="0" index="1" bw="64" slack="2"/>
<pin id="419" dir="1" index="2" bw="0" slack="2147483647"/>
</pin_list>
<bind>
<opcode="store(28) " fcode="store"/>
<opset="store_ln47/3 "/>
</bind>
</comp>

<comp id="421" class="1004" name="empty_31_fu_421">
<pin_list>
<pin id="422" dir="0" index="0" bw="62" slack="5"/>
<pin id="423" dir="0" index="1" bw="62" slack="1"/>
<pin id="424" dir="1" index="2" bw="62" slack="0"/>
</pin_list>
<bind>
<opcode="add(8) " fcode="add"/>
<opset="empty_31/8 "/>
</bind>
</comp>

<comp id="425" class="1004" name="tmp_fu_425">
<pin_list>
<pin id="426" dir="0" index="0" bw="64" slack="0"/>
<pin id="427" dir="0" index="1" bw="62" slack="0"/>
<pin id="428" dir="0" index="2" bw="1" slack="0"/>
<pin id="429" dir="1" index="3" bw="64" slack="0"/>
</pin_list>
<bind>
<opcode="bitconcatenate(1004) " fcode="bitconcatenate"/>
<opset="tmp/8 "/>
</bind>
</comp>

<comp id="433" class="1004" name="empty_32_fu_433">
<pin_list>
<pin id="434" dir="0" index="0" bw="64" slack="0"/>
<pin id="435" dir="0" index="1" bw="64" slack="7"/>
<pin id="436" dir="1" index="2" bw="64" slack="0"/>
</pin_list>
<bind>
<opcode="add(8) " fcode="add"/>
<opset="empty_32/8 "/>
</bind>
</comp>

<comp id="438" class="1004" name="p_cast_fu_438">
<pin_list>
<pin id="439" dir="0" index="0" bw="62" slack="0"/>
<pin id="440" dir="0" index="1" bw="64" slack="0"/>
<pin id="441" dir="0" index="2" bw="3" slack="0"/>
<pin id="442" dir="0" index="3" bw="7" slack="0"/>
<pin id="443" dir="1" index="4" bw="62" slack="0"/>
</pin_list>
<bind>
<opcode="partselect(1002) " fcode="partselect"/>
<opset="p_cast/8 "/>
</bind>
</comp>

<comp id="448" class="1004" name="p_cast_cast_fu_448">
<pin_list>
<pin id="449" dir="0" index="0" bw="62" slack="0"/>
<pin id="450" dir="1" index="1" bw="64" slack="0"/>
</pin_list>
<bind>
<opcode="sext(35) " fcode="sext"/>
<opset="p_cast_cast/8 "/>
</bind>
</comp>

<comp id="452" class="1004" name="gmem_addr_fu_452">
<pin_list>
<pin id="453" dir="0" index="0" bw="64" slack="0"/>
<pin id="454" dir="0" index="1" bw="64" slack="0"/>
<pin id="455" dir="1" index="2" bw="64" slack="4"/>
</pin_list>
<bind>
<opcode="getelementptr(29) " fcode="getelementptr"/>
<opset="gmem_addr/8 "/>
</bind>
</comp>

<comp id="458" class="1004" name="add_ln51_fu_458">
<pin_list>
<pin id="459" dir="0" index="0" bw="62" slack="5"/>
<pin id="460" dir="0" index="1" bw="62" slack="1"/>
<pin id="461" dir="1" index="2" bw="62" slack="0"/>
</pin_list>
<bind>
<opcode="add(8) " fcode="add"/>
<opset="add_ln51/8 "/>
</bind>
</comp>

<comp id="463" class="1004" name="shl_ln_fu_463">
<pin_list>
<pin id="464" dir="0" index="0" bw="64" slack="0"/>
<pin id="465" dir="0" index="1" bw="62" slack="0"/>
<pin id="466" dir="0" index="2" bw="1" slack="0"/>
<pin id="467" dir="1" index="3" bw="64" slack="0"/>
</pin_list>
<bind>
<opcode="bitconcatenate(1004) " fcode="bitconcatenate"/>
<opset="shl_ln/8 "/>
</bind>
</comp>

<comp id="471" class="1004" name="add_ln51_1_fu_471">
<pin_list>
<pin id="472" dir="0" index="0" bw="64" slack="0"/>
<pin id="473" dir="0" index="1" bw="64" slack="7"/>
<pin id="474" dir="1" index="2" bw="64" slack="0"/>
</pin_list>
<bind>
<opcode="add(8) " fcode="add"/>
<opset="add_ln51_1/8 "/>
</bind>
</comp>

<comp id="476" class="1004" name="trunc_ln4_fu_476">
<pin_list>
<pin id="477" dir="0" index="0" bw="62" slack="0"/>
<pin id="478" dir="0" index="1" bw="64" slack="0"/>
<pin id="479" dir="0" index="2" bw="3" slack="0"/>
<pin id="480" dir="0" index="3" bw="7" slack="0"/>
<pin id="481" dir="1" index="4" bw="62" slack="0"/>
</pin_list>
<bind>
<opcode="partselect(1002) " fcode="partselect"/>
<opset="trunc_ln4/8 "/>
</bind>
</comp>

<comp id="486" class="1004" name="sext_ln51_fu_486">
<pin_list>
<pin id="487" dir="0" index="0" bw="62" slack="0"/>
<pin id="488" dir="1" index="1" bw="64" slack="0"/>
</pin_list>
<bind>
<opcode="sext(35) " fcode="sext"/>
<opset="sext_ln51/8 "/>
</bind>
</comp>

<comp id="490" class="1004" name="gmem_addr_1_fu_490">
<pin_list>
<pin id="491" dir="0" index="0" bw="64" slack="0"/>
<pin id="492" dir="0" index="1" bw="64" slack="0"/>
<pin id="493" dir="1" index="2" bw="64" slack="1"/>
</pin_list>
<bind>
<opcode="getelementptr(29) " fcode="getelementptr"/>
<opset="gmem_addr_1/8 "/>
</bind>
</comp>

<comp id="496" class="1004" name="add_ln51_2_fu_496">
<pin_list>
<pin id="497" dir="0" index="0" bw="62" slack="1"/>
<pin id="498" dir="0" index="1" bw="62" slack="6"/>
<pin id="499" dir="1" index="2" bw="62" slack="0"/>
</pin_list>
<bind>
<opcode="add(8) " fcode="add"/>
<opset="add_ln51_2/9 "/>
</bind>
</comp>

<comp id="501" class="1004" name="shl_ln51_1_fu_501">
<pin_list>
<pin id="502" dir="0" index="0" bw="64" slack="0"/>
<pin id="503" dir="0" index="1" bw="62" slack="0"/>
<pin id="504" dir="0" index="2" bw="1" slack="0"/>
<pin id="505" dir="1" index="3" bw="64" slack="0"/>
</pin_list>
<bind>
<opcode="bitconcatenate(1004) " fcode="bitconcatenate"/>
<opset="shl_ln51_1/9 "/>
</bind>
</comp>

<comp id="509" class="1004" name="add_ln51_3_fu_509">
<pin_list>
<pin id="510" dir="0" index="0" bw="64" slack="0"/>
<pin id="511" dir="0" index="1" bw="64" slack="8"/>
<pin id="512" dir="1" index="2" bw="64" slack="0"/>
</pin_list>
<bind>
<opcode="add(8) " fcode="add"/>
<opset="add_ln51_3/9 "/>
</bind>
</comp>

<comp id="514" class="1004" name="trunc_ln51_1_fu_514">
<pin_list>
<pin id="515" dir="0" index="0" bw="62" slack="0"/>
<pin id="516" dir="0" index="1" bw="64" slack="0"/>
<pin id="517" dir="0" index="2" bw="3" slack="0"/>
<pin id="518" dir="0" index="3" bw="7" slack="0"/>
<pin id="519" dir="1" index="4" bw="62" slack="0"/>
</pin_list>
<bind>
<opcode="partselect(1002) " fcode="partselect"/>
<opset="trunc_ln51_1/9 "/>
</bind>
</comp>

<comp id="524" class="1004" name="sext_ln51_1_fu_524">
<pin_list>
<pin id="525" dir="0" index="0" bw="62" slack="0"/>
<pin id="526" dir="1" index="1" bw="64" slack="0"/>
</pin_list>
<bind>
<opcode="sext(35) " fcode="sext"/>
<opset="sext_ln51_1/9 "/>
</bind>
</comp>

<comp id="528" class="1004" name="gmem_addr_2_fu_528">
<pin_list>
<pin id="529" dir="0" index="0" bw="64" slack="0"/>
<pin id="530" dir="0" index="1" bw="64" slack="0"/>
<pin id="531" dir="1" index="2" bw="64" slack="1"/>
</pin_list>
<bind>
<opcode="getelementptr(29) " fcode="getelementptr"/>
<opset="gmem_addr_2/9 "/>
</bind>
</comp>

<comp id="534" class="1004" name="add_ln50_fu_534">
<pin_list>
<pin id="535" dir="0" index="0" bw="64" slack="14"/>
<pin id="536" dir="0" index="1" bw="1" slack="0"/>
<pin id="537" dir="1" index="2" bw="64" slack="0"/>
</pin_list>
<bind>
<opcode="add(8) " fcode="add"/>
<opset="add_ln50/17 "/>
</bind>
</comp>

<comp id="539" class="1004" name="store_ln50_store_fu_539">
<pin_list>
<pin id="540" dir="0" index="0" bw="64" slack="0"/>
<pin id="541" dir="0" index="1" bw="64" slack="16"/>
<pin id="542" dir="1" index="2" bw="0" slack="2147483647"/>
</pin_list>
<bind>
<opcode="store(28) " fcode="store"/>
<opset="store_ln50/17 "/>
</bind>
</comp>

<comp id="544" class="1004" name="add_ln51_4_fu_544">
<pin_list>
<pin id="545" dir="0" index="0" bw="32" slack="1"/>
<pin id="546" dir="0" index="1" bw="32" slack="1"/>
<pin id="547" dir="1" index="2" bw="32" slack="1"/>
</pin_list>
<bind>
<opcode="add(8) " fcode="add"/>
<opset="add_ln51_4/21 "/>
</bind>
</comp>

<comp id="549" class="1005" name="k_reg_549">
<pin_list>
<pin id="550" dir="0" index="0" bw="64" slack="0"/>
<pin id="551" dir="1" index="1" bw="64" slack="0"/>
</pin_list>
<bind>
<opset="k "/>
</bind>
</comp>

<comp id="556" class="1005" name="j_reg_556">
<pin_list>
<pin id="557" dir="0" index="0" bw="64" slack="0"/>
<pin id="558" dir="1" index="1" bw="64" slack="0"/>
</pin_list>
<bind>
<opset="j "/>
</bind>
</comp>

<comp id="563" class="1005" name="indvar_flatten_reg_563">
<pin_list>
<pin id="564" dir="0" index="0" bw="128" slack="0"/>
<pin id="565" dir="1" index="1" bw="128" slack="0"/>
</pin_list>
<bind>
<opset="indvar_flatten "/>
</bind>
</comp>

<comp id="570" class="1005" name="i_reg_570">
<pin_list>
<pin id="571" dir="0" index="0" bw="64" slack="0"/>
<pin id="572" dir="1" index="1" bw="64" slack="0"/>
</pin_list>
<bind>
<opset="i "/>
</bind>
</comp>

<comp id="577" class="1005" name="indvar_flatten69_reg_577">
<pin_list>
<pin id="578" dir="0" index="0" bw="192" slack="0"/>
<pin id="579" dir="1" index="1" bw="192" slack="0"/>
</pin_list>
<bind>
<opset="indvar_flatten69 "/>
</bind>
</comp>

<comp id="584" class="1005" name="B_read_reg_584">
<pin_list>
<pin id="585" dir="0" index="0" bw="64" slack="8"/>
<pin id="586" dir="1" index="1" bw="64" slack="8"/>
</pin_list>
<bind>
<opset="B_read "/>
</bind>
</comp>

<comp id="589" class="1005" name="A_read_reg_589">
<pin_list>
<pin id="590" dir="0" index="0" bw="64" slack="7"/>
<pin id="591" dir="1" index="1" bw="64" slack="7"/>
</pin_list>
<bind>
<opset="A_read "/>
</bind>
</comp>

<comp id="594" class="1005" name="ABC_read_reg_594">
<pin_list>
<pin id="595" dir="0" index="0" bw="64" slack="7"/>
<pin id="596" dir="1" index="1" bw="64" slack="7"/>
</pin_list>
<bind>
<opset="ABC_read "/>
</bind>
</comp>

<comp id="599" class="1005" name="sext_ln43_3_read_reg_599">
<pin_list>
<pin id="600" dir="0" index="0" bw="34" slack="1"/>
<pin id="601" dir="1" index="1" bw="34" slack="1"/>
</pin_list>
<bind>
<opset="sext_ln43_3_read "/>
</bind>
</comp>

<comp id="604" class="1005" name="mul_ln43_read_reg_604">
<pin_list>
<pin id="605" dir="0" index="0" bw="128" slack="1"/>
<pin id="606" dir="1" index="1" bw="128" slack="1"/>
</pin_list>
<bind>
<opset="mul_ln43_read "/>
</bind>
</comp>

<comp id="609" class="1005" name="mul_ln43_1_read_reg_609">
<pin_list>
<pin id="610" dir="0" index="0" bw="192" slack="1"/>
<pin id="611" dir="1" index="1" bw="192" slack="1"/>
</pin_list>
<bind>
<opset="mul_ln43_1_read "/>
</bind>
</comp>

<comp id="614" class="1005" name="P_cast8_cast_reg_614">
<pin_list>
<pin id="615" dir="0" index="0" bw="62" slack="2"/>
<pin id="616" dir="1" index="1" bw="62" slack="2"/>
</pin_list>
<bind>
<opset="P_cast8_cast "/>
</bind>
</comp>

<comp id="620" class="1005" name="sext_ln41_cast_reg_620">
<pin_list>
<pin id="621" dir="0" index="0" bw="62" slack="2"/>
<pin id="622" dir="1" index="1" bw="62" slack="2"/>
</pin_list>
<bind>
<opset="sext_ln41_cast "/>
</bind>
</comp>

<comp id="625" class="1005" name="sext_ln43_3_cast_reg_625">
<pin_list>
<pin id="626" dir="0" index="0" bw="64" slack="1"/>
<pin id="627" dir="1" index="1" bw="64" slack="1"/>
</pin_list>
<bind>
<opset="sext_ln43_3_cast "/>
</bind>
</comp>

<comp id="630" class="1005" name="zext_ln43_cast1_reg_630">
<pin_list>
<pin id="631" dir="0" index="0" bw="64" slack="2"/>
<pin id="632" dir="1" index="1" bw="64" slack="2"/>
</pin_list>
<bind>
<opset="zext_ln43_cast1 "/>
</bind>
</comp>

<comp id="636" class="1005" name="zext_ln42_cast_reg_636">
<pin_list>
<pin id="637" dir="0" index="0" bw="64" slack="1"/>
<pin id="638" dir="1" index="1" bw="64" slack="1"/>
</pin_list>
<bind>
<opset="zext_ln42_cast "/>
</bind>
</comp>

<comp id="641" class="1005" name="zext_ln43_cast_reg_641">
<pin_list>
<pin id="642" dir="0" index="0" bw="34" slack="1"/>
<pin id="643" dir="1" index="1" bw="34" slack="1"/>
</pin_list>
<bind>
<opset="zext_ln43_cast "/>
</bind>
</comp>

<comp id="646" class="1005" name="icmp_ln46_reg_646">
<pin_list>
<pin id="647" dir="0" index="0" bw="1" slack="1"/>
<pin id="648" dir="1" index="1" bw="1" slack="2147483647"/>
</pin_list>
<bind>
<opset="icmp_ln46 "/>
</bind>
</comp>

<comp id="650" class="1005" name="add_ln46_reg_650">
<pin_list>
<pin id="651" dir="0" index="0" bw="192" slack="1"/>
<pin id="652" dir="1" index="1" bw="192" slack="1"/>
</pin_list>
<bind>
<opset="add_ln46 "/>
</bind>
</comp>

<comp id="655" class="1005" name="k_load_reg_655">
<pin_list>
<pin id="656" dir="0" index="0" bw="64" slack="1"/>
<pin id="657" dir="1" index="1" bw="64" slack="1"/>
</pin_list>
<bind>
<opset="k_load "/>
</bind>
</comp>

<comp id="660" class="1005" name="icmp_ln47_reg_660">
<pin_list>
<pin id="661" dir="0" index="0" bw="1" slack="1"/>
<pin id="662" dir="1" index="1" bw="1" slack="1"/>
</pin_list>
<bind>
<opset="icmp_ln47 "/>
</bind>
</comp>

<comp id="666" class="1005" name="select_ln46_reg_666">
<pin_list>
<pin id="667" dir="0" index="0" bw="64" slack="1"/>
<pin id="668" dir="1" index="1" bw="64" slack="1"/>
</pin_list>
<bind>
<opset="select_ln46 "/>
</bind>
</comp>

<comp id="672" class="1005" name="select_ln46_2_reg_672">
<pin_list>
<pin id="673" dir="0" index="0" bw="1" slack="1"/>
<pin id="674" dir="1" index="1" bw="1" slack="1"/>
</pin_list>
<bind>
<opset="select_ln46_2 "/>
</bind>
</comp>

<comp id="678" class="1005" name="select_ln46_3_reg_678">
<pin_list>
<pin id="679" dir="0" index="0" bw="64" slack="1"/>
<pin id="680" dir="1" index="1" bw="64" slack="1"/>
</pin_list>
<bind>
<opset="select_ln46_3 "/>
</bind>
</comp>

<comp id="683" class="1005" name="trunc_ln46_reg_683">
<pin_list>
<pin id="684" dir="0" index="0" bw="62" slack="1"/>
<pin id="685" dir="1" index="1" bw="62" slack="1"/>
</pin_list>
<bind>
<opset="trunc_ln46 "/>
</bind>
</comp>

<comp id="689" class="1005" name="add_ln47_1_reg_689">
<pin_list>
<pin id="690" dir="0" index="0" bw="128" slack="1"/>
<pin id="691" dir="1" index="1" bw="128" slack="1"/>
</pin_list>
<bind>
<opset="add_ln47_1 "/>
</bind>
</comp>

<comp id="694" class="1005" name="k_1_mid2_reg_694">
<pin_list>
<pin id="695" dir="0" index="0" bw="64" slack="14"/>
<pin id="696" dir="1" index="1" bw="64" slack="14"/>
</pin_list>
<bind>
<opset="k_1_mid2 "/>
</bind>
</comp>

<comp id="699" class="1005" name="trunc_ln47_reg_699">
<pin_list>
<pin id="700" dir="0" index="0" bw="62" slack="5"/>
<pin id="701" dir="1" index="1" bw="62" slack="5"/>
</pin_list>
<bind>
<opset="trunc_ln47 "/>
</bind>
</comp>

<comp id="705" class="1005" name="trunc_ln50_reg_705">
<pin_list>
<pin id="706" dir="0" index="0" bw="62" slack="1"/>
<pin id="707" dir="1" index="1" bw="62" slack="1"/>
</pin_list>
<bind>
<opset="trunc_ln50 "/>
</bind>
</comp>

<comp id="711" class="1005" name="empty_30_reg_711">
<pin_list>
<pin id="712" dir="0" index="0" bw="62" slack="1"/>
<pin id="713" dir="1" index="1" bw="62" slack="1"/>
</pin_list>
<bind>
<opset="empty_30 "/>
</bind>
</comp>

<comp id="716" class="1005" name="gmem_addr_reg_716">
<pin_list>
<pin id="717" dir="0" index="0" bw="32" slack="4"/>
<pin id="718" dir="1" index="1" bw="32" slack="4"/>
</pin_list>
<bind>
<opset="gmem_addr "/>
</bind>
</comp>

<comp id="725" class="1005" name="gmem_addr_1_reg_725">
<pin_list>
<pin id="726" dir="0" index="0" bw="32" slack="1"/>
<pin id="727" dir="1" index="1" bw="32" slack="1"/>
</pin_list>
<bind>
<opset="gmem_addr_1 "/>
</bind>
</comp>

<comp id="731" class="1005" name="gmem_addr_2_reg_731">
<pin_list>
<pin id="732" dir="0" index="0" bw="32" slack="1"/>
<pin id="733" dir="1" index="1" bw="32" slack="1"/>
</pin_list>
<bind>
<opset="gmem_addr_2 "/>
</bind>
</comp>

<comp id="737" class="1005" name="gmem_addr_2_read_reg_737">
<pin_list>
<pin id="738" dir="0" index="0" bw="32" slack="1"/>
<pin id="739" dir="1" index="1" bw="32" slack="1"/>
</pin_list>
<bind>
<opset="gmem_addr_2_read "/>
</bind>
</comp>

<comp id="742" class="1005" name="mul_ln51_1_reg_742">
<pin_list>
<pin id="743" dir="0" index="0" bw="32" slack="1"/>
<pin id="744" dir="1" index="1" bw="32" slack="1"/>
</pin_list>
<bind>
<opset="mul_ln51_1 "/>
</bind>
</comp>

<comp id="747" class="1005" name="add_ln51_4_reg_747">
<pin_list>
<pin id="748" dir="0" index="0" bw="32" slack="1"/>
<pin id="749" dir="1" index="1" bw="32" slack="1"/>
</pin_list>
<bind>
<opset="add_ln51_4 "/>
</bind>
</comp>

</comp_list>

<net_list>
<net id="99"><net_src comp="24" pin="0"/><net_sink comp="96" pin=0"/></net>

<net id="103"><net_src comp="24" pin="0"/><net_sink comp="100" pin=0"/></net>

<net id="107"><net_src comp="24" pin="0"/><net_sink comp="104" pin=0"/></net>

<net id="111"><net_src comp="24" pin="0"/><net_sink comp="108" pin=0"/></net>

<net id="115"><net_src comp="24" pin="0"/><net_sink comp="112" pin=0"/></net>

<net id="120"><net_src comp="26" pin="0"/><net_sink comp="116" pin=0"/></net>

<net id="121"><net_src comp="22" pin="0"/><net_sink comp="116" pin=1"/></net>

<net id="126"><net_src comp="26" pin="0"/><net_sink comp="122" pin=0"/></net>

<net id="127"><net_src comp="20" pin="0"/><net_sink comp="122" pin=1"/></net>

<net id="132"><net_src comp="26" pin="0"/><net_sink comp="128" pin=0"/></net>

<net id="133"><net_src comp="18" pin="0"/><net_sink comp="128" pin=1"/></net>

<net id="138"><net_src comp="28" pin="0"/><net_sink comp="134" pin=0"/></net>

<net id="139"><net_src comp="16" pin="0"/><net_sink comp="134" pin=1"/></net>

<net id="144"><net_src comp="28" pin="0"/><net_sink comp="140" pin=0"/></net>

<net id="145"><net_src comp="14" pin="0"/><net_sink comp="140" pin=1"/></net>

<net id="150"><net_src comp="30" pin="0"/><net_sink comp="146" pin=0"/></net>

<net id="151"><net_src comp="12" pin="0"/><net_sink comp="146" pin=1"/></net>

<net id="156"><net_src comp="32" pin="0"/><net_sink comp="152" pin=0"/></net>

<net id="157"><net_src comp="10" pin="0"/><net_sink comp="152" pin=1"/></net>

<net id="162"><net_src comp="34" pin="0"/><net_sink comp="158" pin=0"/></net>

<net id="163"><net_src comp="8" pin="0"/><net_sink comp="158" pin=1"/></net>

<net id="168"><net_src comp="36" pin="0"/><net_sink comp="164" pin=0"/></net>

<net id="169"><net_src comp="4" pin="0"/><net_sink comp="164" pin=1"/></net>

<net id="174"><net_src comp="36" pin="0"/><net_sink comp="170" pin=0"/></net>

<net id="175"><net_src comp="2" pin="0"/><net_sink comp="170" pin=1"/></net>

<net id="180"><net_src comp="36" pin="0"/><net_sink comp="176" pin=0"/></net>

<net id="181"><net_src comp="0" pin="0"/><net_sink comp="176" pin=1"/></net>

<net id="187"><net_src comp="78" pin="0"/><net_sink comp="182" pin=0"/></net>

<net id="188"><net_src comp="64" pin="0"/><net_sink comp="182" pin=2"/></net>

<net id="193"><net_src comp="80" pin="0"/><net_sink comp="189" pin=0"/></net>

<net id="199"><net_src comp="82" pin="0"/><net_sink comp="194" pin=0"/></net>

<net id="200"><net_src comp="64" pin="0"/><net_sink comp="194" pin=2"/></net>

<net id="207"><net_src comp="84" pin="0"/><net_sink comp="201" pin=0"/></net>

<net id="208"><net_src comp="86" pin="0"/><net_sink comp="201" pin=3"/></net>

<net id="213"><net_src comp="88" pin="0"/><net_sink comp="209" pin=0"/></net>

<net id="229"><net_src comp="218" pin="2"/><net_sink comp="226" pin=0"/></net>

<net id="233"><net_src comp="189" pin="2"/><net_sink comp="230" pin=0"/></net>

<net id="234"><net_src comp="230" pin="1"/><net_sink comp="214" pin=1"/></net>

<net id="238"><net_src comp="134" pin="2"/><net_sink comp="235" pin=0"/></net>

<net id="242"><net_src comp="140" pin="2"/><net_sink comp="239" pin=0"/></net>

<net id="246"><net_src comp="146" pin="2"/><net_sink comp="243" pin=0"/></net>

<net id="250"><net_src comp="164" pin="2"/><net_sink comp="247" pin=0"/></net>

<net id="254"><net_src comp="170" pin="2"/><net_sink comp="251" pin=0"/></net>

<net id="258"><net_src comp="176" pin="2"/><net_sink comp="255" pin=0"/></net>

<net id="262"><net_src comp="164" pin="2"/><net_sink comp="259" pin=0"/></net>

<net id="267"><net_src comp="56" pin="0"/><net_sink comp="263" pin=0"/></net>

<net id="272"><net_src comp="255" pin="1"/><net_sink comp="268" pin=0"/></net>

<net id="277"><net_src comp="58" pin="0"/><net_sink comp="273" pin=0"/></net>

<net id="282"><net_src comp="251" pin="1"/><net_sink comp="278" pin=0"/></net>

<net id="287"><net_src comp="247" pin="1"/><net_sink comp="283" pin=0"/></net>

<net id="295"><net_src comp="288" pin="1"/><net_sink comp="291" pin=0"/></net>

<net id="300"><net_src comp="288" pin="1"/><net_sink comp="296" pin=0"/></net>

<net id="301"><net_src comp="62" pin="0"/><net_sink comp="296" pin=1"/></net>

<net id="318"><net_src comp="308" pin="1"/><net_sink comp="314" pin=0"/></net>

<net id="324"><net_src comp="314" pin="2"/><net_sink comp="319" pin=0"/></net>

<net id="325"><net_src comp="305" pin="1"/><net_sink comp="319" pin=2"/></net>

<net id="334"><net_src comp="302" pin="1"/><net_sink comp="330" pin=0"/></net>

<net id="340"><net_src comp="314" pin="2"/><net_sink comp="335" pin=0"/></net>

<net id="341"><net_src comp="326" pin="2"/><net_sink comp="335" pin=1"/></net>

<net id="342"><net_src comp="330" pin="2"/><net_sink comp="335" pin=2"/></net>

<net id="347"><net_src comp="311" pin="1"/><net_sink comp="343" pin=0"/></net>

<net id="348"><net_src comp="64" pin="0"/><net_sink comp="343" pin=1"/></net>

<net id="354"><net_src comp="314" pin="2"/><net_sink comp="349" pin=0"/></net>

<net id="355"><net_src comp="343" pin="2"/><net_sink comp="349" pin=1"/></net>

<net id="356"><net_src comp="311" pin="1"/><net_sink comp="349" pin=2"/></net>

<net id="360"><net_src comp="349" pin="3"/><net_sink comp="357" pin=0"/></net>

<net id="365"><net_src comp="308" pin="1"/><net_sink comp="361" pin=0"/></net>

<net id="366"><net_src comp="66" pin="0"/><net_sink comp="361" pin=1"/></net>

<net id="376"><net_src comp="64" pin="0"/><net_sink comp="372" pin=1"/></net>

<net id="382"><net_src comp="367" pin="3"/><net_sink comp="377" pin=2"/></net>

<net id="388"><net_src comp="372" pin="2"/><net_sink comp="383" pin=1"/></net>

<net id="392"><net_src comp="383" pin="3"/><net_sink comp="389" pin=0"/></net>

<net id="396"><net_src comp="377" pin="3"/><net_sink comp="393" pin=0"/></net>

<net id="402"><net_src comp="66" pin="0"/><net_sink comp="397" pin=1"/></net>

<net id="415"><net_src comp="397" pin="3"/><net_sink comp="411" pin=0"/></net>

<net id="420"><net_src comp="383" pin="3"/><net_sink comp="416" pin=0"/></net>

<net id="430"><net_src comp="68" pin="0"/><net_sink comp="425" pin=0"/></net>

<net id="431"><net_src comp="421" pin="2"/><net_sink comp="425" pin=1"/></net>

<net id="432"><net_src comp="70" pin="0"/><net_sink comp="425" pin=2"/></net>

<net id="437"><net_src comp="425" pin="3"/><net_sink comp="433" pin=0"/></net>

<net id="444"><net_src comp="72" pin="0"/><net_sink comp="438" pin=0"/></net>

<net id="445"><net_src comp="433" pin="2"/><net_sink comp="438" pin=1"/></net>

<net id="446"><net_src comp="74" pin="0"/><net_sink comp="438" pin=2"/></net>

<net id="447"><net_src comp="76" pin="0"/><net_sink comp="438" pin=3"/></net>

<net id="451"><net_src comp="438" pin="4"/><net_sink comp="448" pin=0"/></net>

<net id="456"><net_src comp="6" pin="0"/><net_sink comp="452" pin=0"/></net>

<net id="457"><net_src comp="448" pin="1"/><net_sink comp="452" pin=1"/></net>

<net id="462"><net_src comp="226" pin="1"/><net_sink comp="458" pin=1"/></net>

<net id="468"><net_src comp="68" pin="0"/><net_sink comp="463" pin=0"/></net>

<net id="469"><net_src comp="458" pin="2"/><net_sink comp="463" pin=1"/></net>

<net id="470"><net_src comp="70" pin="0"/><net_sink comp="463" pin=2"/></net>

<net id="475"><net_src comp="463" pin="3"/><net_sink comp="471" pin=0"/></net>

<net id="482"><net_src comp="72" pin="0"/><net_sink comp="476" pin=0"/></net>

<net id="483"><net_src comp="471" pin="2"/><net_sink comp="476" pin=1"/></net>

<net id="484"><net_src comp="74" pin="0"/><net_sink comp="476" pin=2"/></net>

<net id="485"><net_src comp="76" pin="0"/><net_sink comp="476" pin=3"/></net>

<net id="489"><net_src comp="476" pin="4"/><net_sink comp="486" pin=0"/></net>

<net id="494"><net_src comp="6" pin="0"/><net_sink comp="490" pin=0"/></net>

<net id="495"><net_src comp="486" pin="1"/><net_sink comp="490" pin=1"/></net>

<net id="500"><net_src comp="226" pin="1"/><net_sink comp="496" pin=0"/></net>

<net id="506"><net_src comp="68" pin="0"/><net_sink comp="501" pin=0"/></net>

<net id="507"><net_src comp="496" pin="2"/><net_sink comp="501" pin=1"/></net>

<net id="508"><net_src comp="70" pin="0"/><net_sink comp="501" pin=2"/></net>

<net id="513"><net_src comp="501" pin="3"/><net_sink comp="509" pin=0"/></net>

<net id="520"><net_src comp="72" pin="0"/><net_sink comp="514" pin=0"/></net>

<net id="521"><net_src comp="509" pin="2"/><net_sink comp="514" pin=1"/></net>

<net id="522"><net_src comp="74" pin="0"/><net_sink comp="514" pin=2"/></net>

<net id="523"><net_src comp="76" pin="0"/><net_sink comp="514" pin=3"/></net>

<net id="527"><net_src comp="514" pin="4"/><net_sink comp="524" pin=0"/></net>

<net id="532"><net_src comp="6" pin="0"/><net_sink comp="528" pin=0"/></net>

<net id="533"><net_src comp="524" pin="1"/><net_sink comp="528" pin=1"/></net>

<net id="538"><net_src comp="64" pin="0"/><net_sink comp="534" pin=1"/></net>

<net id="543"><net_src comp="534" pin="2"/><net_sink comp="539" pin=0"/></net>

<net id="548"><net_src comp="230" pin="1"/><net_sink comp="544" pin=0"/></net>

<net id="552"><net_src comp="96" pin="1"/><net_sink comp="549" pin=0"/></net>

<net id="553"><net_src comp="549" pin="1"/><net_sink comp="283" pin=1"/></net>

<net id="554"><net_src comp="549" pin="1"/><net_sink comp="302" pin=0"/></net>

<net id="555"><net_src comp="549" pin="1"/><net_sink comp="539" pin=1"/></net>

<net id="559"><net_src comp="100" pin="1"/><net_sink comp="556" pin=0"/></net>

<net id="560"><net_src comp="556" pin="1"/><net_sink comp="278" pin=1"/></net>

<net id="561"><net_src comp="556" pin="1"/><net_sink comp="305" pin=0"/></net>

<net id="562"><net_src comp="556" pin="1"/><net_sink comp="416" pin=1"/></net>

<net id="566"><net_src comp="104" pin="1"/><net_sink comp="563" pin=0"/></net>

<net id="567"><net_src comp="563" pin="1"/><net_sink comp="273" pin=1"/></net>

<net id="568"><net_src comp="563" pin="1"/><net_sink comp="308" pin=0"/></net>

<net id="569"><net_src comp="563" pin="1"/><net_sink comp="411" pin=1"/></net>

<net id="573"><net_src comp="108" pin="1"/><net_sink comp="570" pin=0"/></net>

<net id="574"><net_src comp="570" pin="1"/><net_sink comp="268" pin=1"/></net>

<net id="575"><net_src comp="570" pin="1"/><net_sink comp="311" pin=0"/></net>

<net id="576"><net_src comp="570" pin="1"/><net_sink comp="407" pin=1"/></net>

<net id="580"><net_src comp="112" pin="1"/><net_sink comp="577" pin=0"/></net>

<net id="581"><net_src comp="577" pin="1"/><net_sink comp="263" pin=1"/></net>

<net id="582"><net_src comp="577" pin="1"/><net_sink comp="288" pin=0"/></net>

<net id="583"><net_src comp="577" pin="1"/><net_sink comp="403" pin=1"/></net>

<net id="587"><net_src comp="116" pin="2"/><net_sink comp="584" pin=0"/></net>

<net id="588"><net_src comp="584" pin="1"/><net_sink comp="509" pin=1"/></net>

<net id="592"><net_src comp="122" pin="2"/><net_sink comp="589" pin=0"/></net>

<net id="593"><net_src comp="589" pin="1"/><net_sink comp="471" pin=1"/></net>

<net id="597"><net_src comp="128" pin="2"/><net_sink comp="594" pin=0"/></net>

<net id="598"><net_src comp="594" pin="1"/><net_sink comp="433" pin=1"/></net>

<net id="602"><net_src comp="146" pin="2"/><net_sink comp="599" pin=0"/></net>

<net id="603"><net_src comp="599" pin="1"/><net_sink comp="326" pin=1"/></net>

<net id="607"><net_src comp="152" pin="2"/><net_sink comp="604" pin=0"/></net>

<net id="608"><net_src comp="604" pin="1"/><net_sink comp="314" pin=1"/></net>

<net id="612"><net_src comp="158" pin="2"/><net_sink comp="609" pin=0"/></net>

<net id="613"><net_src comp="609" pin="1"/><net_sink comp="291" pin=1"/></net>

<net id="617"><net_src comp="235" pin="1"/><net_sink comp="614" pin=0"/></net>

<net id="618"><net_src comp="614" pin="1"/><net_sink comp="222" pin=1"/></net>

<net id="619"><net_src comp="614" pin="1"/><net_sink comp="218" pin=1"/></net>

<net id="623"><net_src comp="239" pin="1"/><net_sink comp="620" pin=0"/></net>

<net id="624"><net_src comp="620" pin="1"/><net_sink comp="218" pin=1"/></net>

<net id="628"><net_src comp="243" pin="1"/><net_sink comp="625" pin=0"/></net>

<net id="629"><net_src comp="625" pin="1"/><net_sink comp="330" pin=1"/></net>

<net id="633"><net_src comp="247" pin="1"/><net_sink comp="630" pin=0"/></net>

<net id="634"><net_src comp="630" pin="1"/><net_sink comp="367" pin=1"/></net>

<net id="635"><net_src comp="630" pin="1"/><net_sink comp="377" pin=1"/></net>

<net id="639"><net_src comp="251" pin="1"/><net_sink comp="636" pin=0"/></net>

<net id="640"><net_src comp="636" pin="1"/><net_sink comp="319" pin=1"/></net>

<net id="644"><net_src comp="259" pin="1"/><net_sink comp="641" pin=0"/></net>

<net id="645"><net_src comp="641" pin="1"/><net_sink comp="326" pin=0"/></net>

<net id="649"><net_src comp="291" pin="2"/><net_sink comp="646" pin=0"/></net>

<net id="653"><net_src comp="296" pin="2"/><net_sink comp="650" pin=0"/></net>

<net id="654"><net_src comp="650" pin="1"/><net_sink comp="403" pin=0"/></net>

<net id="658"><net_src comp="302" pin="1"/><net_sink comp="655" pin=0"/></net>

<net id="659"><net_src comp="655" pin="1"/><net_sink comp="367" pin=2"/></net>

<net id="663"><net_src comp="314" pin="2"/><net_sink comp="660" pin=0"/></net>

<net id="664"><net_src comp="660" pin="1"/><net_sink comp="367" pin=0"/></net>

<net id="665"><net_src comp="660" pin="1"/><net_sink comp="397" pin=0"/></net>

<net id="669"><net_src comp="319" pin="3"/><net_sink comp="666" pin=0"/></net>

<net id="670"><net_src comp="666" pin="1"/><net_sink comp="372" pin=0"/></net>

<net id="671"><net_src comp="666" pin="1"/><net_sink comp="383" pin=2"/></net>

<net id="675"><net_src comp="335" pin="3"/><net_sink comp="672" pin=0"/></net>

<net id="676"><net_src comp="672" pin="1"/><net_sink comp="377" pin=0"/></net>

<net id="677"><net_src comp="672" pin="1"/><net_sink comp="383" pin=0"/></net>

<net id="681"><net_src comp="349" pin="3"/><net_sink comp="678" pin=0"/></net>

<net id="682"><net_src comp="678" pin="1"/><net_sink comp="407" pin=0"/></net>

<net id="686"><net_src comp="357" pin="1"/><net_sink comp="683" pin=0"/></net>

<net id="687"><net_src comp="683" pin="1"/><net_sink comp="218" pin=0"/></net>

<net id="688"><net_src comp="683" pin="1"/><net_sink comp="222" pin=0"/></net>

<net id="692"><net_src comp="361" pin="2"/><net_sink comp="689" pin=0"/></net>

<net id="693"><net_src comp="689" pin="1"/><net_sink comp="397" pin=2"/></net>

<net id="697"><net_src comp="377" pin="3"/><net_sink comp="694" pin=0"/></net>

<net id="698"><net_src comp="694" pin="1"/><net_sink comp="534" pin=0"/></net>

<net id="702"><net_src comp="389" pin="1"/><net_sink comp="699" pin=0"/></net>

<net id="703"><net_src comp="699" pin="1"/><net_sink comp="421" pin=0"/></net>

<net id="704"><net_src comp="699" pin="1"/><net_sink comp="496" pin=1"/></net>

<net id="708"><net_src comp="393" pin="1"/><net_sink comp="705" pin=0"/></net>

<net id="709"><net_src comp="705" pin="1"/><net_sink comp="218" pin=0"/></net>

<net id="710"><net_src comp="705" pin="1"/><net_sink comp="458" pin=0"/></net>

<net id="714"><net_src comp="222" pin="2"/><net_sink comp="711" pin=0"/></net>

<net id="715"><net_src comp="711" pin="1"/><net_sink comp="421" pin=1"/></net>

<net id="719"><net_src comp="452" pin="2"/><net_sink comp="716" pin=0"/></net>

<net id="720"><net_src comp="716" pin="1"/><net_sink comp="182" pin=1"/></net>

<net id="721"><net_src comp="716" pin="1"/><net_sink comp="189" pin=1"/></net>

<net id="722"><net_src comp="716" pin="1"/><net_sink comp="194" pin=1"/></net>

<net id="723"><net_src comp="716" pin="1"/><net_sink comp="201" pin=1"/></net>

<net id="724"><net_src comp="716" pin="1"/><net_sink comp="209" pin=1"/></net>

<net id="728"><net_src comp="490" pin="2"/><net_sink comp="725" pin=0"/></net>

<net id="729"><net_src comp="725" pin="1"/><net_sink comp="182" pin=1"/></net>

<net id="730"><net_src comp="725" pin="1"/><net_sink comp="189" pin=1"/></net>

<net id="734"><net_src comp="528" pin="2"/><net_sink comp="731" pin=0"/></net>

<net id="735"><net_src comp="731" pin="1"/><net_sink comp="182" pin=1"/></net>

<net id="736"><net_src comp="731" pin="1"/><net_sink comp="189" pin=1"/></net>

<net id="740"><net_src comp="189" pin="2"/><net_sink comp="737" pin=0"/></net>

<net id="741"><net_src comp="737" pin="1"/><net_sink comp="214" pin=0"/></net>

<net id="745"><net_src comp="214" pin="2"/><net_sink comp="742" pin=0"/></net>

<net id="746"><net_src comp="742" pin="1"/><net_sink comp="544" pin=1"/></net>

<net id="750"><net_src comp="544" pin="2"/><net_sink comp="747" pin=0"/></net>

<net id="751"><net_src comp="747" pin="1"/><net_sink comp="201" pin=2"/></net>

</net_list>

</model> 
---------------- Datapath Model END ------------------

* FSMD analyzer results:
  - Output states:
	Port: gmem | {21 22 23 24 25 26 27 }
 - Input state : 
	Port: MM_Pipeline_VITIS_LOOP_46_6_VITIS_LOOP_47_7_VITIS_LOOP_50_8 : zext_ln41_3 | {1 }
	Port: MM_Pipeline_VITIS_LOOP_46_6_VITIS_LOOP_47_7_VITIS_LOOP_50_8 : zext_ln42 | {1 }
	Port: MM_Pipeline_VITIS_LOOP_46_6_VITIS_LOOP_47_7_VITIS_LOOP_50_8 : zext_ln43 | {1 }
	Port: MM_Pipeline_VITIS_LOOP_46_6_VITIS_LOOP_47_7_VITIS_LOOP_50_8 : gmem | {9 10 11 12 13 14 15 16 17 18 19 20 }
	Port: MM_Pipeline_VITIS_LOOP_46_6_VITIS_LOOP_47_7_VITIS_LOOP_50_8 : mul_ln43_1 | {1 }
	Port: MM_Pipeline_VITIS_LOOP_46_6_VITIS_LOOP_47_7_VITIS_LOOP_50_8 : mul_ln43 | {1 }
	Port: MM_Pipeline_VITIS_LOOP_46_6_VITIS_LOOP_47_7_VITIS_LOOP_50_8 : sext_ln43_3 | {1 }
	Port: MM_Pipeline_VITIS_LOOP_46_6_VITIS_LOOP_47_7_VITIS_LOOP_50_8 : sext_ln41 | {1 }
	Port: MM_Pipeline_VITIS_LOOP_46_6_VITIS_LOOP_47_7_VITIS_LOOP_50_8 : P_cast8 | {1 }
	Port: MM_Pipeline_VITIS_LOOP_46_6_VITIS_LOOP_47_7_VITIS_LOOP_50_8 : ABC | {1 }
	Port: MM_Pipeline_VITIS_LOOP_46_6_VITIS_LOOP_47_7_VITIS_LOOP_50_8 : A | {1 }
	Port: MM_Pipeline_VITIS_LOOP_46_6_VITIS_LOOP_47_7_VITIS_LOOP_50_8 : B | {1 }
  - Chain level:
	State 1
		store_ln0 : 1
		store_ln46 : 1
		store_ln0 : 1
		store_ln47 : 1
		store_ln50 : 1
	State 2
		icmp_ln46 : 1
		add_ln46 : 1
		br_ln46 : 2
		icmp_ln47 : 1
		select_ln46 : 2
		icmp_ln50_1 : 1
		select_ln46_2 : 2
		add_ln46_1 : 1
		select_ln46_3 : 2
		trunc_ln46 : 3
		add_ln47_1 : 1
	State 3
		k_1_mid2 : 1
		select_ln47 : 1
		trunc_ln47 : 2
		trunc_ln50 : 2
		store_ln47 : 1
		store_ln47 : 2
	State 4
	State 5
	State 6
	State 7
	State 8
		tmp : 1
		empty_32 : 2
		p_cast : 3
		p_cast_cast : 4
		gmem_addr : 5
		shl_ln : 1
		add_ln51_1 : 2
		trunc_ln4 : 3
		sext_ln51 : 4
		gmem_addr_1 : 5
	State 9
		shl_ln51_1 : 1
		add_ln51_3 : 2
		trunc_ln51_1 : 3
		sext_ln51_1 : 4
		gmem_addr_2 : 5
	State 10
	State 11
	State 12
	State 13
	State 14
	State 15
	State 16
	State 17
		store_ln50 : 1
	State 18
	State 19
	State 20
	State 21
	State 22
	State 23
	State 24
	State 25
	State 26
	State 27


============================================================
+ Verbose Summary: Datapath Resource usage 
============================================================

* Functional unit list:
|----------|---------------------------------|---------|---------|---------|
| Operation|         Functional Unit         |   DSP   |    FF   |   LUT   |
|----------|---------------------------------|---------|---------|---------|
|          |            grp_fu_214           |    3    |   165   |    50   |
|    mul   |            grp_fu_218           |    7    |   429   |   244   |
|          |            grp_fu_222           |    7    |   429   |   244   |
|----------|---------------------------------|---------|---------|---------|
|          |         add_ln46_fu_296         |    0    |    0    |   199   |
|          |        add_ln46_1_fu_343        |    0    |    0    |    71   |
|          |        add_ln47_1_fu_361        |    0    |    0    |   135   |
|          |         add_ln47_fu_372         |    0    |    0    |    71   |
|          |         empty_31_fu_421         |    0    |    0    |    69   |
|    add   |         empty_32_fu_433         |    0    |    0    |    71   |
|          |         add_ln51_fu_458         |    0    |    0    |    69   |
|          |        add_ln51_1_fu_471        |    0    |    0    |    71   |
|          |        add_ln51_2_fu_496        |    0    |    0    |    69   |
|          |        add_ln51_3_fu_509        |    0    |    0    |    71   |
|          |         add_ln50_fu_534         |    0    |    0    |    71   |
|          |        add_ln51_4_fu_544        |    0    |    0    |    39   |
|----------|---------------------------------|---------|---------|---------|
|          |        select_ln46_fu_319       |    0    |    0    |    64   |
|          |       select_ln46_2_fu_335      |    0    |    0    |    2    |
|          |       select_ln46_3_fu_349      |    0    |    0    |    64   |
|  select  |       select_ln46_1_fu_367      |    0    |    0    |    64   |
|          |         k_1_mid2_fu_377         |    0    |    0    |    64   |
|          |        select_ln47_fu_383       |    0    |    0    |    64   |
|          |       select_ln47_1_fu_397      |    0    |    0    |   128   |
|----------|---------------------------------|---------|---------|---------|
|          |         icmp_ln46_fu_291        |    0    |    0    |   199   |
|   icmp   |         icmp_ln47_fu_314        |    0    |    0    |   135   |
|          |         icmp_ln50_fu_326        |    0    |    0    |    41   |
|          |        icmp_ln50_1_fu_330       |    0    |    0    |    71   |
|----------|---------------------------------|---------|---------|---------|
|          |        B_read_read_fu_116       |    0    |    0    |    0    |
|          |        A_read_read_fu_122       |    0    |    0    |    0    |
|          |       ABC_read_read_fu_128      |    0    |    0    |    0    |
|          |     P_cast8_read_read_fu_134    |    0    |    0    |    0    |
|          |    sext_ln41_read_read_fu_140   |    0    |    0    |    0    |
|   read   |   sext_ln43_3_read_read_fu_146  |    0    |    0    |    0    |
|          |    mul_ln43_read_read_fu_152    |    0    |    0    |    0    |
|          |   mul_ln43_1_read_read_fu_158   |    0    |    0    |    0    |
|          |    zext_ln43_read_read_fu_164   |    0    |    0    |    0    |
|          |    zext_ln42_read_read_fu_170   |    0    |    0    |    0    |
|          |   zext_ln41_3_read_read_fu_176  |    0    |    0    |    0    |
|          |         grp_read_fu_189         |    0    |    0    |    0    |
|----------|---------------------------------|---------|---------|---------|
|  readreq |        grp_readreq_fu_182       |    0    |    0    |    0    |
|----------|---------------------------------|---------|---------|---------|
| writereq | gmem_addr_2_req_writereq_fu_194 |    0    |    0    |    0    |
|----------|---------------------------------|---------|---------|---------|
|   write  |     write_ln51_write_fu_201     |    0    |    0    |    0    |
|----------|---------------------------------|---------|---------|---------|
| writeresp|       grp_writeresp_fu_209      |    0    |    0    |    0    |
|----------|---------------------------------|---------|---------|---------|
|          |       P_cast8_cast_fu_235       |    0    |    0    |    0    |
|          |      sext_ln41_cast_fu_239      |    0    |    0    |    0    |
|   sext   |     sext_ln43_3_cast_fu_243     |    0    |    0    |    0    |
|          |        p_cast_cast_fu_448       |    0    |    0    |    0    |
|          |         sext_ln51_fu_486        |    0    |    0    |    0    |
|          |        sext_ln51_1_fu_524       |    0    |    0    |    0    |
|----------|---------------------------------|---------|---------|---------|
|          |      zext_ln43_cast1_fu_247     |    0    |    0    |    0    |
|   zext   |      zext_ln42_cast_fu_251      |    0    |    0    |    0    |
|          |     zext_ln41_3_cast_fu_255     |    0    |    0    |    0    |
|          |      zext_ln43_cast_fu_259      |    0    |    0    |    0    |
|----------|---------------------------------|---------|---------|---------|
|          |        trunc_ln46_fu_357        |    0    |    0    |    0    |
|   trunc  |        trunc_ln47_fu_389        |    0    |    0    |    0    |
|          |        trunc_ln50_fu_393        |    0    |    0    |    0    |
|----------|---------------------------------|---------|---------|---------|
|          |            tmp_fu_425           |    0    |    0    |    0    |
|bitconcatenate|          shl_ln_fu_463          |    0    |    0    |    0    |
|          |        shl_ln51_1_fu_501        |    0    |    0    |    0    |
|----------|---------------------------------|---------|---------|---------|
|          |          p_cast_fu_438          |    0    |    0    |    0    |
|partselect|         trunc_ln4_fu_476        |    0    |    0    |    0    |
|          |       trunc_ln51_1_fu_514       |    0    |    0    |    0    |
|----------|---------------------------------|---------|---------|---------|
|   Total  |                                 |    17   |   1023  |   2440  |
|----------|---------------------------------|---------|---------|---------|

Memories:
N/A

* Register list:
+------------------------+--------+
|                        |   FF   |
+------------------------+--------+
|    ABC_read_reg_594    |   64   |
|     A_read_reg_589     |   64   |
|     B_read_reg_584     |   64   |
|  P_cast8_cast_reg_614  |   62   |
|    add_ln46_reg_650    |   192  |
|   add_ln47_1_reg_689   |   128  |
|   add_ln51_4_reg_747   |   32   |
|    empty_30_reg_711    |   62   |
|   gmem_addr_1_reg_725  |   32   |
|gmem_addr_2_read_reg_737|   32   |
|   gmem_addr_2_reg_731  |   32   |
|    gmem_addr_reg_716   |   32   |
|        i_reg_570       |   64   |
|    icmp_ln46_reg_646   |    1   |
|    icmp_ln47_reg_660   |    1   |
|indvar_flatten69_reg_577|   192  |
| indvar_flatten_reg_563 |   128  |
|        j_reg_556       |   64   |
|    k_1_mid2_reg_694    |   64   |
|     k_load_reg_655     |   64   |
|        k_reg_549       |   64   |
| mul_ln43_1_read_reg_609|   192  |
|  mul_ln43_read_reg_604 |   128  |
|   mul_ln51_1_reg_742   |   32   |
|         reg_226        |   62   |
|         reg_230        |   32   |
|  select_ln46_2_reg_672 |    1   |
|  select_ln46_3_reg_678 |   64   |
|   select_ln46_reg_666  |   64   |
| sext_ln41_cast_reg_620 |   62   |
|sext_ln43_3_cast_reg_625|   64   |
|sext_ln43_3_read_reg_599|   34   |
|   trunc_ln46_reg_683   |   62   |
|   trunc_ln47_reg_699   |   62   |
|   trunc_ln50_reg_705   |   62   |
| zext_ln42_cast_reg_636 |   64   |
| zext_ln43_cast1_reg_630|   64   |
| zext_ln43_cast_reg_641 |   34   |
+------------------------+--------+
|          Total         |  2521  |
+------------------------+--------+

* Multiplexer (MUX) list: 
|--------------------|------|------|------|--------||---------||---------||---------|
|        Comp        |  Pin | Size |  BW  | S x BW ||  Delay  ||    FF   ||   LUT   |
|--------------------|------|------|------|--------||---------||---------||---------|
| grp_readreq_fu_182 |  p1  |   3  |  32  |   96   ||    0    ||    14   |
|   grp_read_fu_189  |  p1  |   3  |  32  |   96   ||    0    ||    14   |
|     grp_fu_218     |  p0  |   2  |  62  |   124  ||    0    ||    9    |
|     grp_fu_218     |  p1  |   2  |  32  |   64   ||    0    ||    9    |
|--------------------|------|------|------|--------||---------||---------||---------|
|        Total       |      |      |      |   380  ||  6.5906 ||    0    ||    46   |
|--------------------|------|------|------|--------||---------||---------||---------|



* Summary:
+-----------+--------+--------+--------+--------+
|           |   DSP  |  Delay |   FF   |   LUT  |
+-----------+--------+--------+--------+--------+
|  Function |   17   |    -   |  1023  |  2440  |
|   Memory  |    -   |    -   |    -   |    -   |
|Multiplexer|    -   |    6   |    0   |   46   |
|  Register |    -   |    -   |  2521  |    -   |
+-----------+--------+--------+--------+--------+
|   Total   |   17   |    6   |  3544  |  2486  |
+-----------+--------+--------+--------+--------+
