

================================================================
== Vitis HLS Report for 'writeTiles_Pipeline_i_BLOCK_loop_j_BLOCK_loop_j_output_loop'
================================================================
* Date:           Sat Apr 11 17:34:24 2026

* Version:        2025.1 (Build 6135595 on May 21 2025)
* Project:        baseline_blockedMM
* Solution:       hls (Vivado IP Flow Target)
* Product family: zynq
* Target device:  xc7z020-clg400-1


================================================================
== Performance Estimates
================================================================
+ Timing: 
    * Summary: 
    +--------+----------+-----------+------------+
    |  Clock |  Target  | Estimated | Uncertainty|
    +--------+----------+-----------+------------+
    |ap_clk  |  15.00 ns|  10.950 ns|     4.05 ns|
    +--------+----------+-----------+------------+

+ Latency: 
    * Summary: 
    +---------+---------+----------+----------+------+------+------------------------------------------------+
    |  Latency (cycles) |  Latency (absolute) |   Interval  |                    Pipeline                    |
    |   min   |   max   |    min   |    max   |  min |  max |                      Type                      |
    +---------+---------+----------+----------+------+------+------------------------------------------------+
    |     8203|     8203|  0.123 ms|  0.123 ms|  8193|  8193|  loop auto-rewind stp (delay=0 clock cycles(s))|
    +---------+---------+----------+----------+------+------+------------------------------------------------+

    + Detail: 
        * Instance: 
        N/A

        * Loop: 
        +-------------------------------------------+---------+---------+----------+-----------+-----------+------+----------+
        |                                           |  Latency (cycles) | Iteration|  Initiation Interval  | Trip |          |
        |                 Loop Name                 |   min   |   max   |  Latency |  achieved |   target  | Count| Pipelined|
        +-------------------------------------------+---------+---------+----------+-----------+-----------+------+----------+
        |- i_BLOCK_loop_j_BLOCK_loop_j_output_loop  |     8201|     8201|        11|          1|          1|  8192|       yes|
        +-------------------------------------------+---------+---------+----------+-----------+-----------+------+----------+



================================================================
== Utilization Estimates
================================================================
* Summary: 
+-----------------+---------+-----+--------+-------+-----+
|       Name      | BRAM_18K| DSP |   FF   |  LUT  | URAM|
+-----------------+---------+-----+--------+-------+-----+
|DSP              |        -|    -|       -|      -|    -|
|Expression       |        -|    -|       0|    695|    -|
|FIFO             |        -|    -|       -|      -|    -|
|Instance         |        -|    3|       0|     20|    -|
|Memory           |        -|    -|       -|      -|    -|
|Multiplexer      |        -|    -|       0|    108|    -|
|Register         |        -|    -|     874|      -|    -|
+-----------------+---------+-----+--------+-------+-----+
|Total            |        0|    3|     874|    823|    0|
+-----------------+---------+-----+--------+-------+-----+
|Available        |      280|  220|  106400|  53200|    0|
+-----------------+---------+-----+--------+-------+-----+
|Utilization (%)  |        0|    1|      ~0|      1|    0|
+-----------------+---------+-----+--------+-------+-----+

+ Detail: 
    * Instance: 
    +-------------------------+--------------------+---------+----+---+----+-----+
    |         Instance        |       Module       | BRAM_18K| DSP| FF| LUT| URAM|
    +-------------------------+--------------------+---------+----+---+----+-----+
    |mul_32s_32s_32_1_1_U146  |mul_32s_32s_32_1_1  |        0|   3|  0|  20|    0|
    +-------------------------+--------------------+---------+----+---+----+-----+
    |Total                    |                    |        0|   3|  0|  20|    0|
    +-------------------------+--------------------+---------+----+---+----+-----+

    * DSP: 
    N/A

    * Memory: 
    N/A

    * FIFO: 
    N/A

    * Expression: 
    +--------------------------------+----------+----+---+----+------------+------------+
    |          Variable Name         | Operation| DSP| FF| LUT| Bitwidth P0| Bitwidth P1|
    +--------------------------------+----------+----+---+----+------------+------------+
    |add_ln132_1_fu_352_p2           |         +|   0|  0|  35|          28|           1|
    |add_ln132_fu_226_p2             |         +|   0|  0|  65|          58|           1|
    |add_ln135_1_fu_315_p2           |         +|   0|  0|  41|          34|           1|
    |add_ln141_1_fu_373_p2           |         +|   0|  0|  39|          32|          32|
    |add_ln141_2_fu_440_p2           |         +|   0|  0|  71|          64|          64|
    |add_ln141_fu_303_p2             |         +|   0|  0|  39|          32|          32|
    |j_1_fu_309_p2                   |         +|   0|  0|  13|           5|           1|
    |jb_2_fu_263_p2                  |         +|   0|  0|  35|          28|           1|
    |sub_ln141_1_fu_405_p2           |         -|   0|  0|  35|           1|          28|
    |sub_ln141_fu_390_p2             |         -|   0|  0|  39|           1|          32|
    |and_ln132_fu_257_p2             |       and|   0|  0|   2|           1|           1|
    |icmp_ln132_fu_212_p2            |      icmp|   0|  0|  65|          58|          58|
    |icmp_ln135_fu_232_p2            |      icmp|   0|  0|  41|          34|          34|
    |icmp_ln138_fu_251_p2            |      icmp|   0|  0|  14|           5|           6|
    |ap_block_pp0_stage0_01001_grp1  |        or|   0|  0|   2|           1|           1|
    |ap_block_pp0_stage0_11001       |        or|   0|  0|   2|           1|           1|
    |or_ln135_fu_269_p2              |        or|   0|  0|   2|           1|           1|
    |select_ln132_1_fu_358_p3        |    select|   0|  0|  28|           1|          28|
    |select_ln132_fu_237_p3          |    select|   0|  0|  28|           1|           1|
    |select_ln135_1_fu_283_p3        |    select|   0|  0|  28|           1|          28|
    |select_ln135_2_fu_321_p3        |    select|   0|  0|  34|           1|           1|
    |select_ln135_fu_275_p3          |    select|   0|  0|   5|           1|           1|
    |select_ln141_fu_420_p3          |    select|   0|  0|  28|           1|          28|
    |ap_enable_pp0                   |       xor|   0|  0|   2|           1|           2|
    |xor_ln132_fu_245_p2             |       xor|   0|  0|   2|           1|           2|
    +--------------------------------+----------+----+---+----+------------+------------+
    |Total                           |          |   0|  0| 695|         392|         386|
    +--------------------------------+----------+----+---+----+------------+------------+

    * Multiplexer: 
    +-------------------------+----+-----------+-----+-----------+
    |           Name          | LUT| Input Size| Bits| Total Bits|
    +-------------------------+----+-----------+-----+-----------+
    |AB_stream_blk_n          |   9|          2|    1|          2|
    |ap_done_int              |   9|          2|    1|          2|
    |ap_enable_reg_pp0_iter1  |   9|          2|    1|          2|
    |ap_enable_reg_pp0_iter2  |   9|          2|    1|          2|
    |gmem_blk_n_AW            |   9|          2|    1|          2|
    |gmem_blk_n_B             |   9|          2|    1|          2|
    |gmem_blk_n_W             |   9|          2|    1|          2|
    |ib_fu_118                |   9|          2|   28|         56|
    |indvar_flatten20_fu_122  |   9|          2|   58|        116|
    |indvar_flatten_fu_114    |   9|          2|   34|         68|
    |j_fu_106                 |   9|          2|    5|         10|
    |jb_fu_110                |   9|          2|   28|         56|
    +-------------------------+----+-----------+-----+-----------+
    |Total                    | 108|         24|  160|        320|
    +-------------------------+----+-----------+-----+-----------+

    * Register: 
    +-----------------------------------+-----+----+-----+-----------+
    |                Name               |  FF | LUT| Bits| Const Bits|
    +-----------------------------------+-----+----+-----+-----------+
    |AB_stream_read_reg_551             |  512|   0|  512|          0|
    |add_ln141_1_reg_539                |   32|   0|   32|          0|
    |add_ln141_reg_529                  |   32|   0|   32|          0|
    |ap_CS_fsm                          |    1|   0|    1|          0|
    |ap_done_reg                        |    1|   0|    1|          0|
    |ap_enable_reg_pp0_iter1            |    1|   0|    1|          0|
    |ap_enable_reg_pp0_iter10           |    1|   0|    1|          0|
    |ap_enable_reg_pp0_iter11           |    1|   0|    1|          0|
    |ap_enable_reg_pp0_iter2            |    1|   0|    1|          0|
    |ap_enable_reg_pp0_iter3            |    1|   0|    1|          0|
    |ap_enable_reg_pp0_iter4            |    1|   0|    1|          0|
    |ap_enable_reg_pp0_iter5            |    1|   0|    1|          0|
    |ap_enable_reg_pp0_iter6            |    1|   0|    1|          0|
    |ap_enable_reg_pp0_iter7            |    1|   0|    1|          0|
    |ap_enable_reg_pp0_iter8            |    1|   0|    1|          0|
    |ap_enable_reg_pp0_iter9            |    1|   0|    1|          0|
    |ap_loop_exit_ready_pp0_iter10_reg  |    1|   0|    1|          0|
    |ap_loop_exit_ready_pp0_iter2_reg   |    1|   0|    1|          0|
    |ap_loop_exit_ready_pp0_iter3_reg   |    1|   0|    1|          0|
    |ap_loop_exit_ready_pp0_iter4_reg   |    1|   0|    1|          0|
    |ap_loop_exit_ready_pp0_iter5_reg   |    1|   0|    1|          0|
    |ap_loop_exit_ready_pp0_iter6_reg   |    1|   0|    1|          0|
    |ap_loop_exit_ready_pp0_iter7_reg   |    1|   0|    1|          0|
    |ap_loop_exit_ready_pp0_iter8_reg   |    1|   0|    1|          0|
    |ap_loop_exit_ready_pp0_iter9_reg   |    1|   0|    1|          0|
    |bound_reg_515                      |   31|   0|   34|          3|
    |ib_fu_118                          |   28|   0|   28|          0|
    |icmp_ln135_reg_524                 |    1|   0|    1|          0|
    |icmp_ln135_reg_524_pp0_iter2_reg   |    1|   0|    1|          0|
    |indvar_flatten20_fu_122            |   58|   0|   58|          0|
    |indvar_flatten_fu_114              |   34|   0|   34|          0|
    |j_fu_106                           |    5|   0|    5|          0|
    |jb_fu_110                          |   28|   0|   28|          0|
    |mul_ln141_reg_534                  |   32|   0|   32|          0|
    |trunc_ln141_1_reg_546              |   58|   0|   58|          0|
    +-----------------------------------+-----+----+-----+-----------+
    |Total                              |  874|   0|  877|          3|
    +-----------------------------------+-----+----+-----+-----------+



================================================================
== Interface
================================================================
* Summary: 
+--------------------------+-----+-----+------------+-------------------------------------------------------------+--------------+
|         RTL Ports        | Dir | Bits|  Protocol  |                        Source Object                        |    C Type    |
+--------------------------+-----+-----+------------+-------------------------------------------------------------+--------------+
|ap_clk                    |   in|    1|  ap_ctrl_hs|  writeTiles_Pipeline_i_BLOCK_loop_j_BLOCK_loop_j_output_loop|  return value|
|ap_rst                    |   in|    1|  ap_ctrl_hs|  writeTiles_Pipeline_i_BLOCK_loop_j_BLOCK_loop_j_output_loop|  return value|
|ap_start                  |   in|    1|  ap_ctrl_hs|  writeTiles_Pipeline_i_BLOCK_loop_j_BLOCK_loop_j_output_loop|  return value|
|ap_done                   |  out|    1|  ap_ctrl_hs|  writeTiles_Pipeline_i_BLOCK_loop_j_BLOCK_loop_j_output_loop|  return value|
|ap_idle                   |  out|    1|  ap_ctrl_hs|  writeTiles_Pipeline_i_BLOCK_loop_j_BLOCK_loop_j_output_loop|  return value|
|ap_ready                  |  out|    1|  ap_ctrl_hs|  writeTiles_Pipeline_i_BLOCK_loop_j_BLOCK_loop_j_output_loop|  return value|
|AB_stream_dout            |   in|  512|     ap_fifo|                                                    AB_stream|       pointer|
|AB_stream_empty_n         |   in|    1|     ap_fifo|                                                    AB_stream|       pointer|
|AB_stream_read            |  out|    1|     ap_fifo|                                                    AB_stream|       pointer|
|AB_stream_num_data_valid  |   in|    6|     ap_fifo|                                                    AB_stream|       pointer|
|AB_stream_fifo_cap        |   in|    6|     ap_fifo|                                                    AB_stream|       pointer|
|m_axi_gmem_0_AWVALID      |  out|    1|       m_axi|                                                         gmem|       pointer|
|m_axi_gmem_0_AWREADY      |   in|    1|       m_axi|                                                         gmem|       pointer|
|m_axi_gmem_0_AWADDR       |  out|   64|       m_axi|                                                         gmem|       pointer|
|m_axi_gmem_0_AWID         |  out|    1|       m_axi|                                                         gmem|       pointer|
|m_axi_gmem_0_AWLEN        |  out|   32|       m_axi|                                                         gmem|       pointer|
|m_axi_gmem_0_AWSIZE       |  out|    3|       m_axi|                                                         gmem|       pointer|
|m_axi_gmem_0_AWBURST      |  out|    2|       m_axi|                                                         gmem|       pointer|
|m_axi_gmem_0_AWLOCK       |  out|    2|       m_axi|                                                         gmem|       pointer|
|m_axi_gmem_0_AWCACHE      |  out|    4|       m_axi|                                                         gmem|       pointer|
|m_axi_gmem_0_AWPROT       |  out|    3|       m_axi|                                                         gmem|       pointer|
|m_axi_gmem_0_AWQOS        |  out|    4|       m_axi|                                                         gmem|       pointer|
|m_axi_gmem_0_AWREGION     |  out|    4|       m_axi|                                                         gmem|       pointer|
|m_axi_gmem_0_AWUSER       |  out|    1|       m_axi|                                                         gmem|       pointer|
|m_axi_gmem_0_WVALID       |  out|    1|       m_axi|                                                         gmem|       pointer|
|m_axi_gmem_0_WREADY       |   in|    1|       m_axi|                                                         gmem|       pointer|
|m_axi_gmem_0_WDATA        |  out|  512|       m_axi|                                                         gmem|       pointer|
|m_axi_gmem_0_WSTRB        |  out|   64|       m_axi|                                                         gmem|       pointer|
|m_axi_gmem_0_WLAST        |  out|    1|       m_axi|                                                         gmem|       pointer|
|m_axi_gmem_0_WID          |  out|    1|       m_axi|                                                         gmem|       pointer|
|m_axi_gmem_0_WUSER        |  out|    1|       m_axi|                                                         gmem|       pointer|
|m_axi_gmem_0_ARVALID      |  out|    1|       m_axi|                                                         gmem|       pointer|
|m_axi_gmem_0_ARREADY      |   in|    1|       m_axi|                                                         gmem|       pointer|
|m_axi_gmem_0_ARADDR       |  out|   64|       m_axi|                                                         gmem|       pointer|
|m_axi_gmem_0_ARID         |  out|    1|       m_axi|                                                         gmem|       pointer|
|m_axi_gmem_0_ARLEN        |  out|   32|       m_axi|                                                         gmem|       pointer|
|m_axi_gmem_0_ARSIZE       |  out|    3|       m_axi|                                                         gmem|       pointer|
|m_axi_gmem_0_ARBURST      |  out|    2|       m_axi|                                                         gmem|       pointer|
|m_axi_gmem_0_ARLOCK       |  out|    2|       m_axi|                                                         gmem|       pointer|
|m_axi_gmem_0_ARCACHE      |  out|    4|       m_axi|                                                         gmem|       pointer|
|m_axi_gmem_0_ARPROT       |  out|    3|       m_axi|                                                         gmem|       pointer|
|m_axi_gmem_0_ARQOS        |  out|    4|       m_axi|                                                         gmem|       pointer|
|m_axi_gmem_0_ARREGION     |  out|    4|       m_axi|                                                         gmem|       pointer|
|m_axi_gmem_0_ARUSER       |  out|    1|       m_axi|                                                         gmem|       pointer|
|m_axi_gmem_0_RVALID       |   in|    1|       m_axi|                                                         gmem|       pointer|
|m_axi_gmem_0_RREADY       |  out|    1|       m_axi|                                                         gmem|       pointer|
|m_axi_gmem_0_RDATA        |   in|  512|       m_axi|                                                         gmem|       pointer|
|m_axi_gmem_0_RLAST        |   in|    1|       m_axi|                                                         gmem|       pointer|
|m_axi_gmem_0_RID          |   in|    1|       m_axi|                                                         gmem|       pointer|
|m_axi_gmem_0_RFIFONUM     |   in|    9|       m_axi|                                                         gmem|       pointer|
|m_axi_gmem_0_RUSER        |   in|    1|       m_axi|                                                         gmem|       pointer|
|m_axi_gmem_0_RRESP        |   in|    2|       m_axi|                                                         gmem|       pointer|
|m_axi_gmem_0_BVALID       |   in|    1|       m_axi|                                                         gmem|       pointer|
|m_axi_gmem_0_BREADY       |  out|    1|       m_axi|                                                         gmem|       pointer|
|m_axi_gmem_0_BRESP        |   in|    2|       m_axi|                                                         gmem|       pointer|
|m_axi_gmem_0_BID          |   in|    1|       m_axi|                                                         gmem|       pointer|
|m_axi_gmem_0_BUSER        |   in|    1|       m_axi|                                                         gmem|       pointer|
|tmp_4                     |   in|   31|     ap_none|                                                        tmp_4|        scalar|
|bound6                    |   in|   58|     ap_none|                                                       bound6|        scalar|
|N_1                       |   in|   32|     ap_none|                                                          N_1|        scalar|
|ABC_load                  |   in|   64|     ap_none|                                                     ABC_load|        scalar|
+--------------------------+-----+-----+------------+-------------------------------------------------------------+--------------+

============================================================
+ Verbose Summary: Synthesis Manager
============================================================
InlineROM: 1
ExposeGlobal: 0
============================================================
+ Verbose Summary: CDFG Model
============================================================
IsTopModel: 0
ResetActiveHigh: 1
IsCombinational: 2
IsDatapathOnly: 2
HasWiredReturn: 1
HasMFsm: 2
HasVarLatency: 1
IsPipeline: 0
IsRtlPipelined: 0
IsInstanceOverlapped: 0
IsDontTouch: 0
HasImplIP: 0
IsGatedGlobalClock: 0

+ Individual pipeline summary: 
  * Pipeline-0: initiation interval (II) = 1, depth = 12


============================================================
+ Verbose Summary: Schedule
============================================================
* Number of FSM states : 12
* Pipeline : 1
  Pipeline-0 : II = 1, D = 12, States = { 1 2 3 4 5 6 7 8 9 10 11 12 }
* Dataflow Pipeline: 0

* FSM state transitions: 
1 --> 2 
2 --> 3 
3 --> 4 
4 --> 5 
5 --> 6 
6 --> 7 
7 --> 8 
8 --> 9 
9 --> 10 
10 --> 11 
11 --> 12 
12 --> 

* FSM state operations: 

State 1 <SV = 0> <Delay = 1.58>
ST_1 : Operation 14 [1/1] (0.00ns)   --->   "%j = alloca i32 1" [../MLP_baseline/mm.cpp:138]   --->   Operation 14 'alloca' 'j' <Predicate = true> <Delay = 0.00>
ST_1 : Operation 15 [1/1] (0.00ns)   --->   "%jb = alloca i32 1" [../MLP_baseline/mm.cpp:135]   --->   Operation 15 'alloca' 'jb' <Predicate = true> <Delay = 0.00>
ST_1 : Operation 16 [1/1] (0.00ns)   --->   "%indvar_flatten = alloca i32 1"   --->   Operation 16 'alloca' 'indvar_flatten' <Predicate = true> <Delay = 0.00>
ST_1 : Operation 17 [1/1] (0.00ns)   --->   "%ib = alloca i32 1" [../MLP_baseline/mm.cpp:132]   --->   Operation 17 'alloca' 'ib' <Predicate = true> <Delay = 0.00>
ST_1 : Operation 18 [1/1] (0.00ns)   --->   "%indvar_flatten20 = alloca i32 1"   --->   Operation 18 'alloca' 'indvar_flatten20' <Predicate = true> <Delay = 0.00>
ST_1 : Operation 19 [1/1] (0.00ns)   --->   "%specinterface_ln0 = specinterface void @_ssdm_op_SpecInterface, i512 %gmem, void @empty_14, i32 0, i32 0, void @empty_17, i32 0, i32 802816, void @empty_18, void @empty, void @empty_17, i32 16, i32 16, i32 16, i32 16, void @empty_17, void @empty_17, i32 4294967295, i32 0, i32 0"   --->   Operation 19 'specinterface' 'specinterface_ln0' <Predicate = true> <Delay = 0.00>
ST_1 : Operation 20 [1/1] (0.00ns)   --->   "%specinterface_ln0 = specinterface void @_ssdm_op_SpecInterface, i512 %AB_stream, void @empty_13, i32 0, i32 0, void @empty_17, i32 0, i32 0, void @empty_17, void @empty_17, void @empty_17, i32 0, i32 0, i32 0, i32 0, void @empty_17, void @empty_17, i32 4294967295, i32 0, i32 0"   --->   Operation 20 'specinterface' 'specinterface_ln0' <Predicate = true> <Delay = 0.00>
ST_1 : Operation 21 [1/1] (0.00ns)   --->   "%ABC_load_read = read i64 @_ssdm_op_Read.ap_auto.i64, i64 %ABC_load" [../MLP_baseline/mm.cpp:129]   --->   Operation 21 'read' 'ABC_load_read' <Predicate = true> <Delay = 0.00>
ST_1 : Operation 22 [1/1] (0.00ns)   --->   "%N_1_read = read i32 @_ssdm_op_Read.ap_auto.i32, i32 %N_1" [../MLP_baseline/mm.cpp:129]   --->   Operation 22 'read' 'N_1_read' <Predicate = true> <Delay = 0.00>
ST_1 : Operation 23 [1/1] (0.00ns)   --->   "%bound6_read = read i58 @_ssdm_op_Read.ap_auto.i58, i58 %bound6" [../MLP_baseline/mm.cpp:129]   --->   Operation 23 'read' 'bound6_read' <Predicate = true> <Delay = 0.00>
ST_1 : Operation 24 [1/1] (0.00ns)   --->   "%tmp_4_read = read i31 @_ssdm_op_Read.ap_auto.i31, i31 %tmp_4" [../MLP_baseline/mm.cpp:129]   --->   Operation 24 'read' 'tmp_4_read' <Predicate = true> <Delay = 0.00>
ST_1 : Operation 25 [1/1] (0.00ns)   --->   "%bound = zext i31 %tmp_4_read" [../MLP_baseline/mm.cpp:129]   --->   Operation 25 'zext' 'bound' <Predicate = true> <Delay = 0.00>
ST_1 : Operation 26 [1/1] (1.58ns)   --->   "%store_ln0 = store i58 0, i58 %indvar_flatten20"   --->   Operation 26 'store' 'store_ln0' <Predicate = true> <Delay = 1.58>
ST_1 : Operation 27 [1/1] (1.58ns)   --->   "%store_ln132 = store i28 0, i28 %ib" [../MLP_baseline/mm.cpp:132]   --->   Operation 27 'store' 'store_ln132' <Predicate = true> <Delay = 1.58>
ST_1 : Operation 28 [1/1] (1.58ns)   --->   "%store_ln0 = store i34 0, i34 %indvar_flatten"   --->   Operation 28 'store' 'store_ln0' <Predicate = true> <Delay = 1.58>
ST_1 : Operation 29 [1/1] (1.58ns)   --->   "%store_ln135 = store i28 0, i28 %jb" [../MLP_baseline/mm.cpp:135]   --->   Operation 29 'store' 'store_ln135' <Predicate = true> <Delay = 1.58>
ST_1 : Operation 30 [1/1] (1.58ns)   --->   "%store_ln138 = store i5 0, i5 %j" [../MLP_baseline/mm.cpp:138]   --->   Operation 30 'store' 'store_ln138' <Predicate = true> <Delay = 1.58>
ST_1 : Operation 31 [1/1] (0.00ns)   --->   "%br_ln132 = br void %for.inc" [../MLP_baseline/mm.cpp:132]   --->   Operation 31 'br' 'br_ln132' <Predicate = true> <Delay = 0.00>

State 2 <SV = 1> <Delay = 9.29>
ST_2 : Operation 32 [1/1] (0.00ns)   --->   "%indvar_flatten20_load = load i58 %indvar_flatten20" [../MLP_baseline/mm.cpp:132]   --->   Operation 32 'load' 'indvar_flatten20_load' <Predicate = true> <Delay = 0.00>
ST_2 : Operation 33 [1/1] (3.36ns)   --->   "%icmp_ln132 = icmp_eq  i58 %indvar_flatten20_load, i58 %bound6_read" [../MLP_baseline/mm.cpp:132]   --->   Operation 33 'icmp' 'icmp_ln132' <Predicate = true> <Delay = 3.36> <CoreInst = "Cmp">   --->   Core 9 'Cmp' <Latency = 0> <II = 1> <Delay = 3.36> <FuncUnit> <Opcode : 'seteq' 'setne' 'setle' 'setge' 'setlt' 'setgt'> <InPorts = 2> <OutPorts = 1>
ST_2 : Operation 34 [1/1] (0.00ns)   --->   "%br_ln132 = br i1 %icmp_ln132, void %for.inc17, void %for.end19.exitStub" [../MLP_baseline/mm.cpp:132]   --->   Operation 34 'br' 'br_ln132' <Predicate = true> <Delay = 0.00>
ST_2 : Operation 35 [1/1] (0.00ns)   --->   "%j_load = load i5 %j" [../MLP_baseline/mm.cpp:138]   --->   Operation 35 'load' 'j_load' <Predicate = (!icmp_ln132)> <Delay = 0.00>
ST_2 : Operation 36 [1/1] (0.00ns)   --->   "%jb_load = load i28 %jb" [../MLP_baseline/mm.cpp:132]   --->   Operation 36 'load' 'jb_load' <Predicate = (!icmp_ln132)> <Delay = 0.00>
ST_2 : Operation 37 [1/1] (0.00ns)   --->   "%indvar_flatten_load = load i34 %indvar_flatten" [../MLP_baseline/mm.cpp:135]   --->   Operation 37 'load' 'indvar_flatten_load' <Predicate = (!icmp_ln132)> <Delay = 0.00>
ST_2 : Operation 38 [1/1] (3.36ns)   --->   "%add_ln132 = add i58 %indvar_flatten20_load, i58 1" [../MLP_baseline/mm.cpp:132]   --->   Operation 38 'add' 'add_ln132' <Predicate = (!icmp_ln132)> <Delay = 3.36> <CoreInst = "Adder">   --->   Core 1 'Adder' <Latency = 0> <II = 1> <Delay = 3.36> <FuncUnit> <Opcode : 'add' 'sub'> <InPorts = 2> <OutPorts = 1>
ST_2 : Operation 39 [1/1] (2.63ns)   --->   "%icmp_ln135 = icmp_eq  i34 %indvar_flatten_load, i34 %bound" [../MLP_baseline/mm.cpp:135]   --->   Operation 39 'icmp' 'icmp_ln135' <Predicate = (!icmp_ln132)> <Delay = 2.63> <CoreInst = "Cmp">   --->   Core 9 'Cmp' <Latency = 0> <II = 1> <Delay = 2.63> <FuncUnit> <Opcode : 'seteq' 'setne' 'setle' 'setge' 'setlt' 'setgt'> <InPorts = 2> <OutPorts = 1>
ST_2 : Operation 40 [1/1] (0.83ns)   --->   "%select_ln132 = select i1 %icmp_ln135, i28 0, i28 %jb_load" [../MLP_baseline/mm.cpp:132]   --->   Operation 40 'select' 'select_ln132' <Predicate = (!icmp_ln132)> <Delay = 0.83> <CoreInst = "Sel">   --->   Core 73 'Sel' <Latency = 0> <II = 1> <Delay = 0.83> <FuncUnit> <Opcode : 'select'> <InPorts = 3> <OutPorts = 1>
ST_2 : Operation 41 [1/1] (0.00ns) (grouped into LUT with out node and_ln132)   --->   "%xor_ln132 = xor i1 %icmp_ln135, i1 1" [../MLP_baseline/mm.cpp:132]   --->   Operation 41 'xor' 'xor_ln132' <Predicate = (!icmp_ln132)> <Delay = 0.00> <CoreInst = "LogicGate">   --->   Core 74 'LogicGate' <Latency = 0> <II = 1> <Delay = 0.97> <FuncUnit> <Opcode : 'and' 'or' 'xor'> <InPorts = 2> <OutPorts = 1>
ST_2 : Operation 42 [1/1] (1.78ns)   --->   "%icmp_ln138 = icmp_eq  i5 %j_load, i5 16" [../MLP_baseline/mm.cpp:138]   --->   Operation 42 'icmp' 'icmp_ln138' <Predicate = (!icmp_ln132)> <Delay = 1.78> <CoreInst = "Cmp">   --->   Core 9 'Cmp' <Latency = 0> <II = 1> <Delay = 1.82> <FuncUnit> <Opcode : 'seteq' 'setne' 'setle' 'setge' 'setlt' 'setgt'> <InPorts = 2> <OutPorts = 1>
ST_2 : Operation 43 [1/1] (0.97ns) (out node of the LUT)   --->   "%and_ln132 = and i1 %icmp_ln138, i1 %xor_ln132" [../MLP_baseline/mm.cpp:132]   --->   Operation 43 'and' 'and_ln132' <Predicate = (!icmp_ln132)> <Delay = 0.97> <CoreInst = "LogicGate">   --->   Core 74 'LogicGate' <Latency = 0> <II = 1> <Delay = 0.97> <FuncUnit> <Opcode : 'and' 'or' 'xor'> <InPorts = 2> <OutPorts = 1>
ST_2 : Operation 44 [1/1] (2.43ns)   --->   "%jb_2 = add i28 %select_ln132, i28 1" [../MLP_baseline/mm.cpp:135]   --->   Operation 44 'add' 'jb_2' <Predicate = (!icmp_ln132)> <Delay = 2.43> <CoreInst = "Adder">   --->   Core 1 'Adder' <Latency = 0> <II = 1> <Delay = 2.43> <FuncUnit> <Opcode : 'add' 'sub'> <InPorts = 2> <OutPorts = 1>
ST_2 : Operation 45 [1/1] (0.00ns) (grouped into LUT with out node select_ln135)   --->   "%or_ln135 = or i1 %and_ln132, i1 %icmp_ln135" [../MLP_baseline/mm.cpp:135]   --->   Operation 45 'or' 'or_ln135' <Predicate = (!icmp_ln132)> <Delay = 0.00> <CoreInst = "LogicGate">   --->   Core 74 'LogicGate' <Latency = 0> <II = 1> <Delay = 0.97> <FuncUnit> <Opcode : 'and' 'or' 'xor'> <InPorts = 2> <OutPorts = 1>
ST_2 : Operation 46 [1/1] (1.21ns) (out node of the LUT)   --->   "%select_ln135 = select i1 %or_ln135, i5 0, i5 %j_load" [../MLP_baseline/mm.cpp:135]   --->   Operation 46 'select' 'select_ln135' <Predicate = (!icmp_ln132)> <Delay = 1.21> <CoreInst = "Sel">   --->   Core 73 'Sel' <Latency = 0> <II = 1> <Delay = 1.21> <FuncUnit> <Opcode : 'select'> <InPorts = 3> <OutPorts = 1>
ST_2 : Operation 47 [1/1] (0.83ns)   --->   "%select_ln135_1 = select i1 %and_ln132, i28 %jb_2, i28 %select_ln132" [../MLP_baseline/mm.cpp:135]   --->   Operation 47 'select' 'select_ln135_1' <Predicate = (!icmp_ln132)> <Delay = 0.83> <CoreInst = "Sel">   --->   Core 73 'Sel' <Latency = 0> <II = 1> <Delay = 0.83> <FuncUnit> <Opcode : 'select'> <InPorts = 3> <OutPorts = 1>
ST_2 : Operation 48 [1/1] (0.00ns)   --->   "%mul = bitconcatenate i32 @_ssdm_op_BitConcatenate.i32.i28.i4, i28 %select_ln135_1, i4 0" [../MLP_baseline/mm.cpp:135]   --->   Operation 48 'bitconcatenate' 'mul' <Predicate = (!icmp_ln132)> <Delay = 0.00>
ST_2 : Operation 49 [1/1] (0.00ns)   --->   "%zext_ln138 = zext i5 %select_ln135" [../MLP_baseline/mm.cpp:138]   --->   Operation 49 'zext' 'zext_ln138' <Predicate = (!icmp_ln132)> <Delay = 0.00>
ST_2 : Operation 50 [1/1] (2.55ns)   --->   "%add_ln141 = add i32 %mul, i32 %zext_ln138" [../MLP_baseline/mm.cpp:141]   --->   Operation 50 'add' 'add_ln141' <Predicate = (!icmp_ln132)> <Delay = 2.55> <CoreInst = "Adder">   --->   Core 1 'Adder' <Latency = 0> <II = 1> <Delay = 2.55> <FuncUnit> <Opcode : 'add' 'sub'> <InPorts = 2> <OutPorts = 1>
ST_2 : Operation 51 [1/1] (1.78ns)   --->   "%j_1 = add i5 %select_ln135, i5 1" [../MLP_baseline/mm.cpp:138]   --->   Operation 51 'add' 'j_1' <Predicate = (!icmp_ln132)> <Delay = 1.78> <CoreInst = "Adder">   --->   Core 1 'Adder' <Latency = 0> <II = 1> <Delay = 1.78> <FuncUnit> <Opcode : 'add' 'sub'> <InPorts = 2> <OutPorts = 1>
ST_2 : Operation 52 [1/1] (2.63ns)   --->   "%add_ln135_1 = add i34 %indvar_flatten_load, i34 1" [../MLP_baseline/mm.cpp:135]   --->   Operation 52 'add' 'add_ln135_1' <Predicate = (!icmp_ln132)> <Delay = 2.63> <CoreInst = "Adder">   --->   Core 1 'Adder' <Latency = 0> <II = 1> <Delay = 2.63> <FuncUnit> <Opcode : 'add' 'sub'> <InPorts = 2> <OutPorts = 1>
ST_2 : Operation 53 [1/1] (0.91ns)   --->   "%select_ln135_2 = select i1 %icmp_ln135, i34 1, i34 %add_ln135_1" [../MLP_baseline/mm.cpp:135]   --->   Operation 53 'select' 'select_ln135_2' <Predicate = (!icmp_ln132)> <Delay = 0.91> <CoreInst = "Sel">   --->   Core 73 'Sel' <Latency = 0> <II = 1> <Delay = 0.91> <FuncUnit> <Opcode : 'select'> <InPorts = 3> <OutPorts = 1>
ST_2 : Operation 54 [1/1] (1.58ns)   --->   "%store_ln132 = store i58 %add_ln132, i58 %indvar_flatten20" [../MLP_baseline/mm.cpp:132]   --->   Operation 54 'store' 'store_ln132' <Predicate = (!icmp_ln132)> <Delay = 1.58>
ST_2 : Operation 55 [1/1] (1.58ns)   --->   "%store_ln135 = store i34 %select_ln135_2, i34 %indvar_flatten" [../MLP_baseline/mm.cpp:135]   --->   Operation 55 'store' 'store_ln135' <Predicate = (!icmp_ln132)> <Delay = 1.58>
ST_2 : Operation 56 [1/1] (1.58ns)   --->   "%store_ln135 = store i28 %select_ln135_1, i28 %jb" [../MLP_baseline/mm.cpp:135]   --->   Operation 56 'store' 'store_ln135' <Predicate = (!icmp_ln132)> <Delay = 1.58>
ST_2 : Operation 57 [1/1] (1.58ns)   --->   "%store_ln138 = store i5 %j_1, i5 %j" [../MLP_baseline/mm.cpp:138]   --->   Operation 57 'store' 'store_ln138' <Predicate = (!icmp_ln132)> <Delay = 1.58>

State 3 <SV = 2> <Delay = 8.51>
ST_3 : Operation 58 [1/1] (8.51ns)   --->   "%mul_ln141 = mul i32 %N_1_read, i32 %add_ln141" [../MLP_baseline/mm.cpp:141]   --->   Operation 58 'mul' 'mul_ln141' <Predicate = true> <Delay = 8.51> <CoreInst = "Multiplier">   --->   Core 3 'Multiplier' <Latency = 0> <II = 1> <Delay = 8.51> <FuncUnit> <Opcode : 'mul'> <InPorts = 2> <OutPorts = 1>

State 4 <SV = 3> <Delay = 5.82>
ST_4 : Operation 59 [1/1] (0.00ns)   --->   "%ib_load = load i28 %ib" [../MLP_baseline/mm.cpp:132]   --->   Operation 59 'load' 'ib_load' <Predicate = true> <Delay = 0.00>
ST_4 : Operation 60 [1/1] (2.43ns)   --->   "%add_ln132_1 = add i28 %ib_load, i28 1" [../MLP_baseline/mm.cpp:132]   --->   Operation 60 'add' 'add_ln132_1' <Predicate = (icmp_ln135)> <Delay = 2.43> <CoreInst = "Adder">   --->   Core 1 'Adder' <Latency = 0> <II = 1> <Delay = 2.43> <FuncUnit> <Opcode : 'add' 'sub'> <InPorts = 2> <OutPorts = 1>
ST_4 : Operation 61 [1/1] (0.83ns)   --->   "%select_ln132_1 = select i1 %icmp_ln135, i28 %add_ln132_1, i28 %ib_load" [../MLP_baseline/mm.cpp:132]   --->   Operation 61 'select' 'select_ln132_1' <Predicate = true> <Delay = 0.83> <CoreInst = "Sel">   --->   Core 73 'Sel' <Latency = 0> <II = 1> <Delay = 0.83> <FuncUnit> <Opcode : 'select'> <InPorts = 3> <OutPorts = 1>
ST_4 : Operation 62 [1/1] (0.00ns)   --->   "%mul1 = bitconcatenate i32 @_ssdm_op_BitConcatenate.i32.i28.i4, i28 %select_ln132_1, i4 0" [../MLP_baseline/mm.cpp:132]   --->   Operation 62 'bitconcatenate' 'mul1' <Predicate = true> <Delay = 0.00>
ST_4 : Operation 63 [1/1] (2.55ns)   --->   "%add_ln141_1 = add i32 %mul_ln141, i32 %mul1" [../MLP_baseline/mm.cpp:141]   --->   Operation 63 'add' 'add_ln141_1' <Predicate = true> <Delay = 2.55> <CoreInst = "Adder">   --->   Core 1 'Adder' <Latency = 0> <II = 1> <Delay = 2.55> <FuncUnit> <Opcode : 'add' 'sub'> <InPorts = 2> <OutPorts = 1>
ST_4 : Operation 64 [1/1] (1.58ns)   --->   "%store_ln132 = store i28 %select_ln132_1, i28 %ib" [../MLP_baseline/mm.cpp:132]   --->   Operation 64 'store' 'store_ln132' <Predicate = true> <Delay = 1.58>

State 5 <SV = 4> <Delay = 8.50>
ST_5 : Operation 65 [1/1] (0.00ns) (grouped into LUT with out node add_ln141_2)   --->   "%tmp = bitselect i1 @_ssdm_op_BitSelect.i1.i32.i32, i32 %add_ln141_1, i32 31" [../MLP_baseline/mm.cpp:141]   --->   Operation 65 'bitselect' 'tmp' <Predicate = true> <Delay = 0.00>
ST_5 : Operation 66 [1/1] (2.55ns)   --->   "%sub_ln141 = sub i32 0, i32 %add_ln141_1" [../MLP_baseline/mm.cpp:141]   --->   Operation 66 'sub' 'sub_ln141' <Predicate = true> <Delay = 2.55> <CoreInst = "Adder">   --->   Core 1 'Adder' <Latency = 0> <II = 1> <Delay = 2.55> <FuncUnit> <Opcode : 'add' 'sub'> <InPorts = 2> <OutPorts = 1>
ST_5 : Operation 67 [1/1] (0.00ns)   --->   "%tmp_5 = partselect i28 @_ssdm_op_PartSelect.i28.i32.i32.i32, i32 %sub_ln141, i32 4, i32 31" [../MLP_baseline/mm.cpp:141]   --->   Operation 67 'partselect' 'tmp_5' <Predicate = true> <Delay = 0.00>
ST_5 : Operation 68 [1/1] (2.43ns)   --->   "%sub_ln141_1 = sub i28 0, i28 %tmp_5" [../MLP_baseline/mm.cpp:141]   --->   Operation 68 'sub' 'sub_ln141_1' <Predicate = true> <Delay = 2.43> <CoreInst = "Adder">   --->   Core 1 'Adder' <Latency = 0> <II = 1> <Delay = 2.43> <FuncUnit> <Opcode : 'add' 'sub'> <InPorts = 2> <OutPorts = 1>
ST_5 : Operation 69 [1/1] (0.00ns) (grouped into LUT with out node add_ln141_2)   --->   "%tmp_6 = partselect i28 @_ssdm_op_PartSelect.i28.i32.i32.i32, i32 %add_ln141_1, i32 4, i32 31" [../MLP_baseline/mm.cpp:141]   --->   Operation 69 'partselect' 'tmp_6' <Predicate = true> <Delay = 0.00>
ST_5 : Operation 70 [1/1] (0.00ns) (grouped into LUT with out node add_ln141_2)   --->   "%select_ln141 = select i1 %tmp, i28 %sub_ln141_1, i28 %tmp_6" [../MLP_baseline/mm.cpp:141]   --->   Operation 70 'select' 'select_ln141' <Predicate = true> <Delay = 0.00> <CoreInst = "Sel">   --->   Core 73 'Sel' <Latency = 0> <II = 1> <Delay = 0.83> <FuncUnit> <Opcode : 'select'> <InPorts = 3> <OutPorts = 1>
ST_5 : Operation 71 [1/1] (0.00ns) (grouped into LUT with out node add_ln141_2)   --->   "%shl_ln = bitconcatenate i34 @_ssdm_op_BitConcatenate.i34.i28.i6, i28 %select_ln141, i6 0" [../MLP_baseline/mm.cpp:141]   --->   Operation 71 'bitconcatenate' 'shl_ln' <Predicate = true> <Delay = 0.00>
ST_5 : Operation 72 [1/1] (0.00ns) (grouped into LUT with out node add_ln141_2)   --->   "%sext_ln141 = sext i34 %shl_ln" [../MLP_baseline/mm.cpp:141]   --->   Operation 72 'sext' 'sext_ln141' <Predicate = true> <Delay = 0.00>
ST_5 : Operation 73 [1/1] (3.52ns) (out node of the LUT)   --->   "%add_ln141_2 = add i64 %ABC_load_read, i64 %sext_ln141" [../MLP_baseline/mm.cpp:141]   --->   Operation 73 'add' 'add_ln141_2' <Predicate = true> <Delay = 3.52> <CoreInst = "Adder">   --->   Core 1 'Adder' <Latency = 0> <II = 1> <Delay = 3.52> <FuncUnit> <Opcode : 'add' 'sub'> <InPorts = 2> <OutPorts = 1>
ST_5 : Operation 74 [1/1] (0.00ns)   --->   "%trunc_ln141_1 = partselect i58 @_ssdm_op_PartSelect.i58.i64.i32.i32, i64 %add_ln141_2, i32 6, i32 63" [../MLP_baseline/mm.cpp:141]   --->   Operation 74 'partselect' 'trunc_ln141_1' <Predicate = true> <Delay = 0.00>

State 6 <SV = 5> <Delay = 10.9>
ST_6 : Operation 75 [1/1] ( I:3.60ns O:3.60ns )   --->   "%AB_stream_read = read i512 @_ssdm_op_Read.ap_fifo.volatile.i512P0A, i512 %AB_stream" [../MLP_baseline/mm.cpp:140]   --->   Operation 75 'read' 'AB_stream_read' <Predicate = true> <Delay = 3.60> <CoreInst = "FIFO">   --->   Core 77 'FIFO' <Latency = 0> <II = 1> <Delay = 3.60> <Storage> <Opcode : 'read' 'write' 'nbread' 'nbwrite'> <Ports = 0> <Width = 512> <Depth = 32> <FIFO>
ST_6 : Operation 76 [1/1] (0.00ns)   --->   "%sext_ln141_1 = sext i58 %trunc_ln141_1" [../MLP_baseline/mm.cpp:141]   --->   Operation 76 'sext' 'sext_ln141_1' <Predicate = true> <Delay = 0.00>
ST_6 : Operation 77 [1/1] (0.00ns)   --->   "%gmem_addr = getelementptr i512 %gmem, i64 %sext_ln141_1" [../MLP_baseline/mm.cpp:141]   --->   Operation 77 'getelementptr' 'gmem_addr' <Predicate = true> <Delay = 0.00>
ST_6 : Operation 78 [1/1] (10.9ns)   --->   "%gmem_addr_req = writereq i1 @_ssdm_op_WriteReq.m_axi.i512P1A, i64 %gmem_addr, i64 1" [../MLP_baseline/mm.cpp:141]   --->   Operation 78 'writereq' 'gmem_addr_req' <Predicate = true> <Delay = 10.9> <CoreInst = "m_axi">   --->   Core 111 'm_axi' <Latency = 9> <II = 1> <Delay = 1.00> <Adapter> <Opcode : 'read' 'write' 'readreq' 'writereq' 'writeresp'>

State 7 <SV = 6> <Delay = 10.9>
ST_7 : Operation 79 [1/1] (10.9ns)   --->   "%write_ln141 = write void @_ssdm_op_Write.m_axi.i512P1A, i64 %gmem_addr, i512 %AB_stream_read, i64 18446744073709551615" [../MLP_baseline/mm.cpp:141]   --->   Operation 79 'write' 'write_ln141' <Predicate = true> <Delay = 10.9> <CoreInst = "m_axi">   --->   Core 111 'm_axi' <Latency = 5> <II = 1> <Delay = 1.00> <Adapter> <Opcode : 'read' 'write' 'readreq' 'writereq' 'writeresp'>

State 8 <SV = 7> <Delay = 10.9>
ST_8 : Operation 80 [5/5] (10.9ns)   --->   "%gmem_addr_resp = writeresp i1 @_ssdm_op_WriteResp.m_axi.i512P1A, i64 %gmem_addr" [../MLP_baseline/mm.cpp:141]   --->   Operation 80 'writeresp' 'gmem_addr_resp' <Predicate = true> <Delay = 10.9> <CoreInst = "m_axi">   --->   Core 111 'm_axi' <Latency = 3> <II = 1> <Delay = 1.00> <Adapter> <Opcode : 'read' 'write' 'readreq' 'writereq' 'writeresp'>

State 9 <SV = 8> <Delay = 10.9>
ST_9 : Operation 81 [4/5] (10.9ns)   --->   "%gmem_addr_resp = writeresp i1 @_ssdm_op_WriteResp.m_axi.i512P1A, i64 %gmem_addr" [../MLP_baseline/mm.cpp:141]   --->   Operation 81 'writeresp' 'gmem_addr_resp' <Predicate = true> <Delay = 10.9> <CoreInst = "m_axi">   --->   Core 111 'm_axi' <Latency = 3> <II = 1> <Delay = 1.00> <Adapter> <Opcode : 'read' 'write' 'readreq' 'writereq' 'writeresp'>

State 10 <SV = 9> <Delay = 10.9>
ST_10 : Operation 82 [3/5] (10.9ns)   --->   "%gmem_addr_resp = writeresp i1 @_ssdm_op_WriteResp.m_axi.i512P1A, i64 %gmem_addr" [../MLP_baseline/mm.cpp:141]   --->   Operation 82 'writeresp' 'gmem_addr_resp' <Predicate = true> <Delay = 10.9> <CoreInst = "m_axi">   --->   Core 111 'm_axi' <Latency = 3> <II = 1> <Delay = 1.00> <Adapter> <Opcode : 'read' 'write' 'readreq' 'writereq' 'writeresp'>

State 11 <SV = 10> <Delay = 10.9>
ST_11 : Operation 83 [2/5] (10.9ns)   --->   "%gmem_addr_resp = writeresp i1 @_ssdm_op_WriteResp.m_axi.i512P1A, i64 %gmem_addr" [../MLP_baseline/mm.cpp:141]   --->   Operation 83 'writeresp' 'gmem_addr_resp' <Predicate = true> <Delay = 10.9> <CoreInst = "m_axi">   --->   Core 111 'm_axi' <Latency = 3> <II = 1> <Delay = 1.00> <Adapter> <Opcode : 'read' 'write' 'readreq' 'writereq' 'writeresp'>
ST_11 : Operation 89 [1/1] (1.58ns)   --->   "%ret_ln0 = ret"   --->   Operation 89 'ret' 'ret_ln0' <Predicate = (icmp_ln132)> <Delay = 1.58>

State 12 <SV = 11> <Delay = 10.9>
ST_12 : Operation 84 [1/1] (0.00ns)   --->   "%specloopname_ln0 = specloopname void @_ssdm_op_SpecLoopName, void @i_BLOCK_loop_j_BLOCK_loop_j_output_loop_str"   --->   Operation 84 'specloopname' 'specloopname_ln0' <Predicate = true> <Delay = 0.00>
ST_12 : Operation 85 [1/1] (0.00ns)   --->   "%speclooptripcount_ln0 = speclooptripcount void @_ssdm_op_SpecLoopTripCount, i64 8192, i64 8192, i64 8192"   --->   Operation 85 'speclooptripcount' 'speclooptripcount_ln0' <Predicate = true> <Delay = 0.00>
ST_12 : Operation 86 [1/1] (0.00ns)   --->   "%specpipeline_ln139 = specpipeline void @_ssdm_op_SpecPipeline, i32 1, i32 0, i32 0, i32 0, void @empty_17" [../MLP_baseline/mm.cpp:139]   --->   Operation 86 'specpipeline' 'specpipeline_ln139' <Predicate = true> <Delay = 0.00>
ST_12 : Operation 87 [1/5] (10.9ns)   --->   "%gmem_addr_resp = writeresp i1 @_ssdm_op_WriteResp.m_axi.i512P1A, i64 %gmem_addr" [../MLP_baseline/mm.cpp:141]   --->   Operation 87 'writeresp' 'gmem_addr_resp' <Predicate = true> <Delay = 10.9> <CoreInst = "m_axi">   --->   Core 111 'm_axi' <Latency = 3> <II = 1> <Delay = 1.00> <Adapter> <Opcode : 'read' 'write' 'readreq' 'writereq' 'writeresp'>
ST_12 : Operation 88 [1/1] (0.00ns)   --->   "%br_ln138 = br void %for.inc" [../MLP_baseline/mm.cpp:138]   --->   Operation 88 'br' 'br_ln138' <Predicate = true> <Delay = 0.00>


============================================================
+ Verbose Summary: Binding
============================================================
STG Binding: 
---------------- STG Properties BEGIN ----------------
- Is combinational: 0
- Is one-state seq: 0
- Is datapath-only: 0
- Is pipelined: 0
- Is top level: 0
Port [ Return ] is wired: 1; IO mode=ap_ctrl_hs:ce=0
Port [ tmp_4]:  wired=1; compound=0; hidden=0; nouse=0; global=0; static=0; extern=0; dir=0; type=0; pingpong=0; private_global=0; IO mode=ap_none:ce=0
Port [ bound6]:  wired=1; compound=0; hidden=0; nouse=0; global=0; static=0; extern=0; dir=0; type=0; pingpong=0; private_global=0; IO mode=ap_none:ce=0
Port [ AB_stream]:  wired=1; compound=1; hidden=0; nouse=0; global=0; static=0; extern=0; dir=0; type=3; pingpong=0; private_global=0; IO mode=ap_fifo:ce=0
Port [ N_1]:  wired=1; compound=0; hidden=0; nouse=0; global=0; static=0; extern=0; dir=0; type=0; pingpong=0; private_global=0; IO mode=ap_none:ce=0
Port [ ABC_load]:  wired=1; compound=0; hidden=0; nouse=0; global=0; static=0; extern=0; dir=0; type=0; pingpong=0; private_global=0; IO mode=ap_none:ce=0
Port [ gmem]:  wired=1; compound=1; hidden=0; nouse=0; global=0; static=0; extern=0; dir=1; type=4; pingpong=0; private_global=0; IO mode=m_axi:ce=0
---------------- STG Properties END ------------------

---------------- Datapath Model BEGIN ----------------

<LifeTime>
<method=bitvector/>
j                     (alloca           ) [ 0110000000000]
jb                    (alloca           ) [ 0110000000000]
indvar_flatten        (alloca           ) [ 0110000000000]
ib                    (alloca           ) [ 0111100000000]
indvar_flatten20      (alloca           ) [ 0110000000000]
specinterface_ln0     (specinterface    ) [ 0000000000000]
specinterface_ln0     (specinterface    ) [ 0000000000000]
ABC_load_read         (read             ) [ 0111110000000]
N_1_read              (read             ) [ 0111000000000]
bound6_read           (read             ) [ 0110000000000]
tmp_4_read            (read             ) [ 0000000000000]
bound                 (zext             ) [ 0110000000000]
store_ln0             (store            ) [ 0000000000000]
store_ln132           (store            ) [ 0000000000000]
store_ln0             (store            ) [ 0000000000000]
store_ln135           (store            ) [ 0000000000000]
store_ln138           (store            ) [ 0000000000000]
br_ln132              (br               ) [ 0000000000000]
indvar_flatten20_load (load             ) [ 0000000000000]
icmp_ln132            (icmp             ) [ 0111111111110]
br_ln132              (br               ) [ 0000000000000]
j_load                (load             ) [ 0000000000000]
jb_load               (load             ) [ 0000000000000]
indvar_flatten_load   (load             ) [ 0000000000000]
add_ln132             (add              ) [ 0000000000000]
icmp_ln135            (icmp             ) [ 0101100000000]
select_ln132          (select           ) [ 0000000000000]
xor_ln132             (xor              ) [ 0000000000000]
icmp_ln138            (icmp             ) [ 0000000000000]
and_ln132             (and              ) [ 0000000000000]
jb_2                  (add              ) [ 0000000000000]
or_ln135              (or               ) [ 0000000000000]
select_ln135          (select           ) [ 0000000000000]
select_ln135_1        (select           ) [ 0000000000000]
mul                   (bitconcatenate   ) [ 0000000000000]
zext_ln138            (zext             ) [ 0000000000000]
add_ln141             (add              ) [ 0101000000000]
j_1                   (add              ) [ 0000000000000]
add_ln135_1           (add              ) [ 0000000000000]
select_ln135_2        (select           ) [ 0000000000000]
store_ln132           (store            ) [ 0000000000000]
store_ln135           (store            ) [ 0000000000000]
store_ln135           (store            ) [ 0000000000000]
store_ln138           (store            ) [ 0000000000000]
mul_ln141             (mul              ) [ 0100100000000]
ib_load               (load             ) [ 0000000000000]
add_ln132_1           (add              ) [ 0000000000000]
select_ln132_1        (select           ) [ 0000000000000]
mul1                  (bitconcatenate   ) [ 0000000000000]
add_ln141_1           (add              ) [ 0100010000000]
store_ln132           (store            ) [ 0000000000000]
tmp                   (bitselect        ) [ 0000000000000]
sub_ln141             (sub              ) [ 0000000000000]
tmp_5                 (partselect       ) [ 0000000000000]
sub_ln141_1           (sub              ) [ 0000000000000]
tmp_6                 (partselect       ) [ 0000000000000]
select_ln141          (select           ) [ 0000000000000]
shl_ln                (bitconcatenate   ) [ 0000000000000]
sext_ln141            (sext             ) [ 0000000000000]
add_ln141_2           (add              ) [ 0000000000000]
trunc_ln141_1         (partselect       ) [ 0100001000000]
AB_stream_read        (read             ) [ 0100000100000]
sext_ln141_1          (sext             ) [ 0000000000000]
gmem_addr             (getelementptr    ) [ 0100000111111]
gmem_addr_req         (writereq         ) [ 0000000000000]
write_ln141           (write            ) [ 0000000000000]
specloopname_ln0      (specloopname     ) [ 0000000000000]
speclooptripcount_ln0 (speclooptripcount) [ 0000000000000]
specpipeline_ln139    (specpipeline     ) [ 0000000000000]
gmem_addr_resp        (writeresp        ) [ 0000000000000]
br_ln138              (br               ) [ 0000000000000]
ret_ln0               (ret              ) [ 0000000000000]
</LifeTime>

<model>

<comp_list>
<comp id="0" class="1000" name="tmp_4">
<pin_list>
<pin id="1" dir="1" index="0" bw="1" slack="0"/>
</pin_list>
<bind>
<StgValue><ssdm name="tmp_4"/></StgValue>
</bind>
</comp>

<comp id="2" class="1000" name="bound6">
<pin_list>
<pin id="3" dir="1" index="0" bw="1" slack="0"/>
</pin_list>
<bind>
<StgValue><ssdm name="bound6"/></StgValue>
</bind>
</comp>

<comp id="4" class="1000" name="AB_stream">
<pin_list>
<pin id="5" dir="1" index="0" bw="1" slack="0"/>
</pin_list>
<bind>
<StgValue><ssdm name="AB_stream"/></StgValue>
</bind>
</comp>

<comp id="6" class="1000" name="N_1">
<pin_list>
<pin id="7" dir="1" index="0" bw="1" slack="0"/>
</pin_list>
<bind>
<StgValue><ssdm name="N_1"/></StgValue>
</bind>
</comp>

<comp id="8" class="1000" name="ABC_load">
<pin_list>
<pin id="9" dir="1" index="0" bw="1" slack="0"/>
</pin_list>
<bind>
<StgValue><ssdm name="ABC_load"/></StgValue>
</bind>
</comp>

<comp id="10" class="1000" name="gmem">
<pin_list>
<pin id="11" dir="1" index="0" bw="1" slack="0"/>
</pin_list>
<bind>
<StgValue><ssdm name="gmem"/><MemPortTyVec>1 </MemPortTyVec>
</StgValue>
</bind>
</comp>

<comp id="12" class="1001" name="const_12">
<pin_list>
<pin id="13" dir="1" index="0" bw="1" slack="0"/>
</pin_list>
<bind>
<StgValue><ssdm name=""/></StgValue>
</bind>
</comp>

<comp id="14" class="1001" name="const_14">
<pin_list>
<pin id="15" dir="1" index="0" bw="1" slack="2147483647"/>
</pin_list>
<bind>
<StgValue><ssdm name="_ssdm_op_SpecInterface"/></StgValue>
</bind>
</comp>

<comp id="16" class="1001" name="const_16">
<pin_list>
<pin id="17" dir="1" index="0" bw="1" slack="2147483647"/>
</pin_list>
<bind>
<StgValue><ssdm name="empty_14"/></StgValue>
</bind>
</comp>

<comp id="18" class="1001" name="const_18">
<pin_list>
<pin id="19" dir="1" index="0" bw="1" slack="0"/>
</pin_list>
<bind>
<StgValue><ssdm name=""/></StgValue>
</bind>
</comp>

<comp id="20" class="1001" name="const_20">
<pin_list>
<pin id="21" dir="1" index="0" bw="1" slack="2147483647"/>
</pin_list>
<bind>
<StgValue><ssdm name="empty_17"/></StgValue>
</bind>
</comp>

<comp id="22" class="1001" name="const_22">
<pin_list>
<pin id="23" dir="1" index="0" bw="1" slack="2147483647"/>
</pin_list>
<bind>
<StgValue><ssdm name=""/></StgValue>
</bind>
</comp>

<comp id="24" class="1001" name="const_24">
<pin_list>
<pin id="25" dir="1" index="0" bw="1" slack="2147483647"/>
</pin_list>
<bind>
<StgValue><ssdm name="empty_18"/></StgValue>
</bind>
</comp>

<comp id="26" class="1001" name="const_26">
<pin_list>
<pin id="27" dir="1" index="0" bw="1" slack="2147483647"/>
</pin_list>
<bind>
<StgValue><ssdm name="empty"/></StgValue>
</bind>
</comp>

<comp id="28" class="1001" name="const_28">
<pin_list>
<pin id="29" dir="1" index="0" bw="1" slack="2147483647"/>
</pin_list>
<bind>
<StgValue><ssdm name=""/></StgValue>
</bind>
</comp>

<comp id="30" class="1001" name="const_30">
<pin_list>
<pin id="31" dir="1" index="0" bw="1" slack="2147483647"/>
</pin_list>
<bind>
<StgValue><ssdm name=""/></StgValue>
</bind>
</comp>

<comp id="32" class="1001" name="const_32">
<pin_list>
<pin id="33" dir="1" index="0" bw="1" slack="2147483647"/>
</pin_list>
<bind>
<StgValue><ssdm name="empty_13"/></StgValue>
</bind>
</comp>

<comp id="34" class="1001" name="const_34">
<pin_list>
<pin id="35" dir="1" index="0" bw="1" slack="0"/>
</pin_list>
<bind>
<StgValue><ssdm name="_ssdm_op_Read.ap_auto.i64"/></StgValue>
</bind>
</comp>

<comp id="36" class="1001" name="const_36">
<pin_list>
<pin id="37" dir="1" index="0" bw="1" slack="0"/>
</pin_list>
<bind>
<StgValue><ssdm name="_ssdm_op_Read.ap_auto.i32"/></StgValue>
</bind>
</comp>

<comp id="38" class="1001" name="const_38">
<pin_list>
<pin id="39" dir="1" index="0" bw="1" slack="0"/>
</pin_list>
<bind>
<StgValue><ssdm name="_ssdm_op_Read.ap_auto.i58"/></StgValue>
</bind>
</comp>

<comp id="40" class="1001" name="const_40">
<pin_list>
<pin id="41" dir="1" index="0" bw="1" slack="0"/>
</pin_list>
<bind>
<StgValue><ssdm name="_ssdm_op_Read.ap_auto.i31"/></StgValue>
</bind>
</comp>

<comp id="42" class="1001" name="const_42">
<pin_list>
<pin id="43" dir="1" index="0" bw="1" slack="0"/>
</pin_list>
<bind>
<StgValue><ssdm name=""/></StgValue>
</bind>
</comp>

<comp id="44" class="1001" name="const_44">
<pin_list>
<pin id="45" dir="1" index="0" bw="1" slack="0"/>
</pin_list>
<bind>
<StgValue><ssdm name=""/></StgValue>
</bind>
</comp>

<comp id="46" class="1001" name="const_46">
<pin_list>
<pin id="47" dir="1" index="0" bw="1" slack="0"/>
</pin_list>
<bind>
<StgValue><ssdm name=""/></StgValue>
</bind>
</comp>

<comp id="48" class="1001" name="const_48">
<pin_list>
<pin id="49" dir="1" index="0" bw="1" slack="0"/>
</pin_list>
<bind>
<StgValue><ssdm name=""/></StgValue>
</bind>
</comp>

<comp id="50" class="1001" name="const_50">
<pin_list>
<pin id="51" dir="1" index="0" bw="1" slack="0"/>
</pin_list>
<bind>
<StgValue><ssdm name=""/></StgValue>
</bind>
</comp>

<comp id="52" class="1001" name="const_52">
<pin_list>
<pin id="53" dir="1" index="0" bw="1" slack="0"/>
</pin_list>
<bind>
<StgValue><ssdm name=""/></StgValue>
</bind>
</comp>

<comp id="54" class="1001" name="const_54">
<pin_list>
<pin id="55" dir="1" index="0" bw="1" slack="0"/>
</pin_list>
<bind>
<StgValue><ssdm name=""/></StgValue>
</bind>
</comp>

<comp id="56" class="1001" name="const_56">
<pin_list>
<pin id="57" dir="1" index="0" bw="1" slack="0"/>
</pin_list>
<bind>
<StgValue><ssdm name=""/></StgValue>
</bind>
</comp>

<comp id="58" class="1001" name="const_58">
<pin_list>
<pin id="59" dir="1" index="0" bw="1" slack="0"/>
</pin_list>
<bind>
<StgValue><ssdm name="_ssdm_op_BitConcatenate.i32.i28.i4"/></StgValue>
</bind>
</comp>

<comp id="60" class="1001" name="const_60">
<pin_list>
<pin id="61" dir="1" index="0" bw="1" slack="0"/>
</pin_list>
<bind>
<StgValue><ssdm name=""/></StgValue>
</bind>
</comp>

<comp id="62" class="1001" name="const_62">
<pin_list>
<pin id="63" dir="1" index="0" bw="1" slack="0"/>
</pin_list>
<bind>
<StgValue><ssdm name=""/></StgValue>
</bind>
</comp>

<comp id="64" class="1001" name="const_64">
<pin_list>
<pin id="65" dir="1" index="0" bw="1" slack="0"/>
</pin_list>
<bind>
<StgValue><ssdm name=""/></StgValue>
</bind>
</comp>

<comp id="66" class="1001" name="const_66">
<pin_list>
<pin id="67" dir="1" index="0" bw="1" slack="0"/>
</pin_list>
<bind>
<StgValue><ssdm name="_ssdm_op_BitSelect.i1.i32.i32"/></StgValue>
</bind>
</comp>

<comp id="68" class="1001" name="const_68">
<pin_list>
<pin id="69" dir="1" index="0" bw="1" slack="0"/>
</pin_list>
<bind>
<StgValue><ssdm name=""/></StgValue>
</bind>
</comp>

<comp id="70" class="1001" name="const_70">
<pin_list>
<pin id="71" dir="1" index="0" bw="1" slack="0"/>
</pin_list>
<bind>
<StgValue><ssdm name="_ssdm_op_PartSelect.i28.i32.i32.i32"/></StgValue>
</bind>
</comp>

<comp id="72" class="1001" name="const_72">
<pin_list>
<pin id="73" dir="1" index="0" bw="1" slack="0"/>
</pin_list>
<bind>
<StgValue><ssdm name=""/></StgValue>
</bind>
</comp>

<comp id="74" class="1001" name="const_74">
<pin_list>
<pin id="75" dir="1" index="0" bw="1" slack="0"/>
</pin_list>
<bind>
<StgValue><ssdm name="_ssdm_op_BitConcatenate.i34.i28.i6"/></StgValue>
</bind>
</comp>

<comp id="76" class="1001" name="const_76">
<pin_list>
<pin id="77" dir="1" index="0" bw="1" slack="0"/>
</pin_list>
<bind>
<StgValue><ssdm name=""/></StgValue>
</bind>
</comp>

<comp id="78" class="1001" name="const_78">
<pin_list>
<pin id="79" dir="1" index="0" bw="1" slack="0"/>
</pin_list>
<bind>
<StgValue><ssdm name="_ssdm_op_PartSelect.i58.i64.i32.i32"/></StgValue>
</bind>
</comp>

<comp id="80" class="1001" name="const_80">
<pin_list>
<pin id="81" dir="1" index="0" bw="1" slack="0"/>
</pin_list>
<bind>
<StgValue><ssdm name=""/></StgValue>
</bind>
</comp>

<comp id="82" class="1001" name="const_82">
<pin_list>
<pin id="83" dir="1" index="0" bw="1" slack="0"/>
</pin_list>
<bind>
<StgValue><ssdm name=""/></StgValue>
</bind>
</comp>

<comp id="84" class="1001" name="const_84">
<pin_list>
<pin id="85" dir="1" index="0" bw="1" slack="0"/>
</pin_list>
<bind>
<StgValue><ssdm name="_ssdm_op_Read.ap_fifo.volatile.i512P0A"/></StgValue>
</bind>
</comp>

<comp id="86" class="1001" name="const_86">
<pin_list>
<pin id="87" dir="1" index="0" bw="1" slack="0"/>
</pin_list>
<bind>
<StgValue><ssdm name="_ssdm_op_WriteReq.m_axi.i512P1A"/></StgValue>
</bind>
</comp>

<comp id="88" class="1001" name="const_88">
<pin_list>
<pin id="89" dir="1" index="0" bw="1" slack="0"/>
</pin_list>
<bind>
<StgValue><ssdm name=""/></StgValue>
</bind>
</comp>

<comp id="90" class="1001" name="const_90">
<pin_list>
<pin id="91" dir="1" index="0" bw="1" slack="0"/>
</pin_list>
<bind>
<StgValue><ssdm name="_ssdm_op_Write.m_axi.i512P1A"/></StgValue>
</bind>
</comp>

<comp id="92" class="1001" name="const_92">
<pin_list>
<pin id="93" dir="1" index="0" bw="1" slack="0"/>
</pin_list>
<bind>
<StgValue><ssdm name=""/></StgValue>
</bind>
</comp>

<comp id="94" class="1001" name="const_94">
<pin_list>
<pin id="95" dir="1" index="0" bw="1" slack="0"/>
</pin_list>
<bind>
<StgValue><ssdm name="_ssdm_op_WriteResp.m_axi.i512P1A"/></StgValue>
</bind>
</comp>

<comp id="96" class="1001" name="const_96">
<pin_list>
<pin id="97" dir="1" index="0" bw="1" slack="2147483647"/>
</pin_list>
<bind>
<StgValue><ssdm name="_ssdm_op_SpecLoopName"/></StgValue>
</bind>
</comp>

<comp id="98" class="1001" name="const_98">
<pin_list>
<pin id="99" dir="1" index="0" bw="1" slack="2147483647"/>
</pin_list>
<bind>
<StgValue><ssdm name="i_BLOCK_loop_j_BLOCK_loop_j_output_loop_str"/></StgValue>
</bind>
</comp>

<comp id="100" class="1001" name="const_100">
<pin_list>
<pin id="101" dir="1" index="0" bw="1" slack="2147483647"/>
</pin_list>
<bind>
<StgValue><ssdm name="_ssdm_op_SpecLoopTripCount"/></StgValue>
</bind>
</comp>

<comp id="102" class="1001" name="const_102">
<pin_list>
<pin id="103" dir="1" index="0" bw="1" slack="2147483647"/>
</pin_list>
<bind>
<StgValue><ssdm name=""/></StgValue>
</bind>
</comp>

<comp id="104" class="1001" name="const_104">
<pin_list>
<pin id="105" dir="1" index="0" bw="1" slack="2147483647"/>
</pin_list>
<bind>
<StgValue><ssdm name="_ssdm_op_SpecPipeline"/></StgValue>
</bind>
</comp>

<comp id="106" class="1004" name="j_fu_106">
<pin_list>
<pin id="107" dir="0" index="0" bw="1" slack="0"/>
<pin id="108" dir="1" index="1" bw="5" slack="0"/>
</pin_list>
<bind>
<opcode="alloca(26) " fcode="alloca"/>
<opset="j/1 "/>
</bind>
</comp>

<comp id="110" class="1004" name="jb_fu_110">
<pin_list>
<pin id="111" dir="0" index="0" bw="1" slack="0"/>
<pin id="112" dir="1" index="1" bw="28" slack="0"/>
</pin_list>
<bind>
<opcode="alloca(26) " fcode="alloca"/>
<opset="jb/1 "/>
</bind>
</comp>

<comp id="114" class="1004" name="indvar_flatten_fu_114">
<pin_list>
<pin id="115" dir="0" index="0" bw="1" slack="0"/>
<pin id="116" dir="1" index="1" bw="34" slack="0"/>
</pin_list>
<bind>
<opcode="alloca(26) " fcode="alloca"/>
<opset="indvar_flatten/1 "/>
</bind>
</comp>

<comp id="118" class="1004" name="ib_fu_118">
<pin_list>
<pin id="119" dir="0" index="0" bw="1" slack="0"/>
<pin id="120" dir="1" index="1" bw="28" slack="0"/>
</pin_list>
<bind>
<opcode="alloca(26) " fcode="alloca"/>
<opset="ib/1 "/>
</bind>
</comp>

<comp id="122" class="1004" name="indvar_flatten20_fu_122">
<pin_list>
<pin id="123" dir="0" index="0" bw="1" slack="0"/>
<pin id="124" dir="1" index="1" bw="58" slack="0"/>
</pin_list>
<bind>
<opcode="alloca(26) " fcode="alloca"/>
<opset="indvar_flatten20/1 "/>
</bind>
</comp>

<comp id="126" class="1004" name="ABC_load_read_read_fu_126">
<pin_list>
<pin id="127" dir="0" index="0" bw="64" slack="0"/>
<pin id="128" dir="0" index="1" bw="64" slack="0"/>
<pin id="129" dir="1" index="2" bw="64" slack="4"/>
</pin_list>
<bind>
<opcode="read(1150) " fcode="read"/>
<opset="ABC_load_read/1 "/>
</bind>
</comp>

<comp id="132" class="1004" name="N_1_read_read_fu_132">
<pin_list>
<pin id="133" dir="0" index="0" bw="32" slack="0"/>
<pin id="134" dir="0" index="1" bw="32" slack="0"/>
<pin id="135" dir="1" index="2" bw="32" slack="2"/>
</pin_list>
<bind>
<opcode="read(1150) " fcode="read"/>
<opset="N_1_read/1 "/>
</bind>
</comp>

<comp id="138" class="1004" name="bound6_read_read_fu_138">
<pin_list>
<pin id="139" dir="0" index="0" bw="58" slack="0"/>
<pin id="140" dir="0" index="1" bw="58" slack="0"/>
<pin id="141" dir="1" index="2" bw="58" slack="1"/>
</pin_list>
<bind>
<opcode="read(1150) " fcode="read"/>
<opset="bound6_read/1 "/>
</bind>
</comp>

<comp id="144" class="1004" name="tmp_4_read_read_fu_144">
<pin_list>
<pin id="145" dir="0" index="0" bw="31" slack="0"/>
<pin id="146" dir="0" index="1" bw="31" slack="0"/>
<pin id="147" dir="1" index="2" bw="31" slack="0"/>
</pin_list>
<bind>
<opcode="read(1150) " fcode="read"/>
<opset="tmp_4_read/1 "/>
</bind>
</comp>

<comp id="150" class="1004" name="AB_stream_read_read_fu_150">
<pin_list>
<pin id="151" dir="0" index="0" bw="512" slack="0"/>
<pin id="152" dir="0" index="1" bw="512" slack="0"/>
<pin id="153" dir="1" index="2" bw="512" slack="1"/>
</pin_list>
<bind>
<opcode="read(1150) " fcode="read"/>
<opset="AB_stream_read/6 "/>
</bind>
</comp>

<comp id="156" class="1004" name="gmem_addr_req_writereq_fu_156">
<pin_list>
<pin id="157" dir="0" index="0" bw="1" slack="0"/>
<pin id="158" dir="0" index="1" bw="512" slack="0"/>
<pin id="159" dir="0" index="2" bw="1" slack="0"/>
<pin id="160" dir="1" index="3" bw="1" slack="2147483647"/>
</pin_list>
<bind>
<opcode="writereq(1155) " fcode="writereq"/>
<opset="gmem_addr_req/6 "/>
</bind>
</comp>

<comp id="163" class="1004" name="write_ln141_write_fu_163">
<pin_list>
<pin id="164" dir="0" index="0" bw="0" slack="0"/>
<pin id="165" dir="0" index="1" bw="512" slack="1"/>
<pin id="166" dir="0" index="2" bw="512" slack="1"/>
<pin id="167" dir="0" index="3" bw="1" slack="0"/>
<pin id="168" dir="1" index="4" bw="0" slack="2147483647"/>
</pin_list>
<bind>
<opcode="write(1151) " fcode="write"/>
<opset="write_ln141/7 "/>
</bind>
</comp>

<comp id="171" class="1004" name="grp_writeresp_fu_171">
<pin_list>
<pin id="172" dir="0" index="0" bw="1" slack="0"/>
<pin id="173" dir="0" index="1" bw="512" slack="2"/>
<pin id="174" dir="1" index="2" bw="1" slack="2147483647"/>
</pin_list>
<bind>
<opcode="writeresp(1158) " fcode="writeresp"/>
<opset="gmem_addr_resp/8 "/>
</bind>
</comp>

<comp id="176" class="1004" name="mul_ln141_fu_176">
<pin_list>
<pin id="177" dir="0" index="0" bw="32" slack="2"/>
<pin id="178" dir="0" index="1" bw="32" slack="1"/>
<pin id="179" dir="1" index="2" bw="32" slack="1"/>
</pin_list>
<bind>
<opcode="mul(12) " fcode="mul"/>
<opset="mul_ln141/3 "/>
</bind>
</comp>

<comp id="180" class="1004" name="bound_fu_180">
<pin_list>
<pin id="181" dir="0" index="0" bw="31" slack="0"/>
<pin id="182" dir="1" index="1" bw="34" slack="1"/>
</pin_list>
<bind>
<opcode="zext(34) " fcode="zext"/>
<opset="bound/1 "/>
</bind>
</comp>

<comp id="184" class="1004" name="store_ln0_store_fu_184">
<pin_list>
<pin id="185" dir="0" index="0" bw="1" slack="0"/>
<pin id="186" dir="0" index="1" bw="58" slack="0"/>
<pin id="187" dir="1" index="2" bw="0" slack="2147483647"/>
</pin_list>
<bind>
<opcode="store(28) " fcode="store"/>
<opset="store_ln0/1 "/>
</bind>
</comp>

<comp id="189" class="1004" name="store_ln132_store_fu_189">
<pin_list>
<pin id="190" dir="0" index="0" bw="1" slack="0"/>
<pin id="191" dir="0" index="1" bw="28" slack="0"/>
<pin id="192" dir="1" index="2" bw="0" slack="2147483647"/>
</pin_list>
<bind>
<opcode="store(28) " fcode="store"/>
<opset="store_ln132/1 "/>
</bind>
</comp>

<comp id="194" class="1004" name="store_ln0_store_fu_194">
<pin_list>
<pin id="195" dir="0" index="0" bw="1" slack="0"/>
<pin id="196" dir="0" index="1" bw="34" slack="0"/>
<pin id="197" dir="1" index="2" bw="0" slack="2147483647"/>
</pin_list>
<bind>
<opcode="store(28) " fcode="store"/>
<opset="store_ln0/1 "/>
</bind>
</comp>

<comp id="199" class="1004" name="store_ln135_store_fu_199">
<pin_list>
<pin id="200" dir="0" index="0" bw="1" slack="0"/>
<pin id="201" dir="0" index="1" bw="28" slack="0"/>
<pin id="202" dir="1" index="2" bw="0" slack="2147483647"/>
</pin_list>
<bind>
<opcode="store(28) " fcode="store"/>
<opset="store_ln135/1 "/>
</bind>
</comp>

<comp id="204" class="1004" name="store_ln138_store_fu_204">
<pin_list>
<pin id="205" dir="0" index="0" bw="1" slack="0"/>
<pin id="206" dir="0" index="1" bw="5" slack="0"/>
<pin id="207" dir="1" index="2" bw="0" slack="2147483647"/>
</pin_list>
<bind>
<opcode="store(28) " fcode="store"/>
<opset="store_ln138/1 "/>
</bind>
</comp>

<comp id="209" class="1004" name="indvar_flatten20_load_load_fu_209">
<pin_list>
<pin id="210" dir="0" index="0" bw="58" slack="1"/>
<pin id="211" dir="1" index="1" bw="58" slack="0"/>
</pin_list>
<bind>
<opcode="load(27) " fcode="load"/>
<opset="indvar_flatten20_load/2 "/>
</bind>
</comp>

<comp id="212" class="1004" name="icmp_ln132_fu_212">
<pin_list>
<pin id="213" dir="0" index="0" bw="58" slack="0"/>
<pin id="214" dir="0" index="1" bw="58" slack="1"/>
<pin id="215" dir="1" index="2" bw="1" slack="9"/>
</pin_list>
<bind>
<opcode="icmp(45) " fcode="icmp"/>
<opset="icmp_ln132/2 "/>
</bind>
</comp>

<comp id="217" class="1004" name="j_load_load_fu_217">
<pin_list>
<pin id="218" dir="0" index="0" bw="5" slack="1"/>
<pin id="219" dir="1" index="1" bw="5" slack="0"/>
</pin_list>
<bind>
<opcode="load(27) " fcode="load"/>
<opset="j_load/2 "/>
</bind>
</comp>

<comp id="220" class="1004" name="jb_load_load_fu_220">
<pin_list>
<pin id="221" dir="0" index="0" bw="28" slack="1"/>
<pin id="222" dir="1" index="1" bw="28" slack="0"/>
</pin_list>
<bind>
<opcode="load(27) " fcode="load"/>
<opset="jb_load/2 "/>
</bind>
</comp>

<comp id="223" class="1004" name="indvar_flatten_load_load_fu_223">
<pin_list>
<pin id="224" dir="0" index="0" bw="34" slack="1"/>
<pin id="225" dir="1" index="1" bw="34" slack="0"/>
</pin_list>
<bind>
<opcode="load(27) " fcode="load"/>
<opset="indvar_flatten_load/2 "/>
</bind>
</comp>

<comp id="226" class="1004" name="add_ln132_fu_226">
<pin_list>
<pin id="227" dir="0" index="0" bw="58" slack="0"/>
<pin id="228" dir="0" index="1" bw="1" slack="0"/>
<pin id="229" dir="1" index="2" bw="58" slack="0"/>
</pin_list>
<bind>
<opcode="add(8) " fcode="add"/>
<opset="add_ln132/2 "/>
</bind>
</comp>

<comp id="232" class="1004" name="icmp_ln135_fu_232">
<pin_list>
<pin id="233" dir="0" index="0" bw="34" slack="0"/>
<pin id="234" dir="0" index="1" bw="34" slack="1"/>
<pin id="235" dir="1" index="2" bw="1" slack="0"/>
</pin_list>
<bind>
<opcode="icmp(45) " fcode="icmp"/>
<opset="icmp_ln135/2 "/>
</bind>
</comp>

<comp id="237" class="1004" name="select_ln132_fu_237">
<pin_list>
<pin id="238" dir="0" index="0" bw="1" slack="0"/>
<pin id="239" dir="0" index="1" bw="28" slack="0"/>
<pin id="240" dir="0" index="2" bw="28" slack="0"/>
<pin id="241" dir="1" index="3" bw="28" slack="0"/>
</pin_list>
<bind>
<opcode="select(49) " fcode="select"/>
<opset="select_ln132/2 "/>
</bind>
</comp>

<comp id="245" class="1004" name="xor_ln132_fu_245">
<pin_list>
<pin id="246" dir="0" index="0" bw="1" slack="0"/>
<pin id="247" dir="0" index="1" bw="1" slack="0"/>
<pin id="248" dir="1" index="2" bw="1" slack="0"/>
</pin_list>
<bind>
<opcode="xor(25) " fcode="xor"/>
<opset="xor_ln132/2 "/>
</bind>
</comp>

<comp id="251" class="1004" name="icmp_ln138_fu_251">
<pin_list>
<pin id="252" dir="0" index="0" bw="5" slack="0"/>
<pin id="253" dir="0" index="1" bw="5" slack="0"/>
<pin id="254" dir="1" index="2" bw="1" slack="0"/>
</pin_list>
<bind>
<opcode="icmp(45) " fcode="icmp"/>
<opset="icmp_ln138/2 "/>
</bind>
</comp>

<comp id="257" class="1004" name="and_ln132_fu_257">
<pin_list>
<pin id="258" dir="0" index="0" bw="1" slack="0"/>
<pin id="259" dir="0" index="1" bw="1" slack="0"/>
<pin id="260" dir="1" index="2" bw="1" slack="0"/>
</pin_list>
<bind>
<opcode="and(23) " fcode="and"/>
<opset="and_ln132/2 "/>
</bind>
</comp>

<comp id="263" class="1004" name="jb_2_fu_263">
<pin_list>
<pin id="264" dir="0" index="0" bw="28" slack="0"/>
<pin id="265" dir="0" index="1" bw="1" slack="0"/>
<pin id="266" dir="1" index="2" bw="28" slack="0"/>
</pin_list>
<bind>
<opcode="add(8) " fcode="add"/>
<opset="jb_2/2 "/>
</bind>
</comp>

<comp id="269" class="1004" name="or_ln135_fu_269">
<pin_list>
<pin id="270" dir="0" index="0" bw="1" slack="0"/>
<pin id="271" dir="0" index="1" bw="1" slack="0"/>
<pin id="272" dir="1" index="2" bw="1" slack="0"/>
</pin_list>
<bind>
<opcode="or(24) " fcode="or"/>
<opset="or_ln135/2 "/>
</bind>
</comp>

<comp id="275" class="1004" name="select_ln135_fu_275">
<pin_list>
<pin id="276" dir="0" index="0" bw="1" slack="0"/>
<pin id="277" dir="0" index="1" bw="5" slack="0"/>
<pin id="278" dir="0" index="2" bw="5" slack="0"/>
<pin id="279" dir="1" index="3" bw="5" slack="0"/>
</pin_list>
<bind>
<opcode="select(49) " fcode="select"/>
<opset="select_ln135/2 "/>
</bind>
</comp>

<comp id="283" class="1004" name="select_ln135_1_fu_283">
<pin_list>
<pin id="284" dir="0" index="0" bw="1" slack="0"/>
<pin id="285" dir="0" index="1" bw="28" slack="0"/>
<pin id="286" dir="0" index="2" bw="28" slack="0"/>
<pin id="287" dir="1" index="3" bw="28" slack="0"/>
</pin_list>
<bind>
<opcode="select(49) " fcode="select"/>
<opset="select_ln135_1/2 "/>
</bind>
</comp>

<comp id="291" class="1004" name="mul_fu_291">
<pin_list>
<pin id="292" dir="0" index="0" bw="32" slack="0"/>
<pin id="293" dir="0" index="1" bw="28" slack="0"/>
<pin id="294" dir="0" index="2" bw="1" slack="0"/>
<pin id="295" dir="1" index="3" bw="32" slack="0"/>
</pin_list>
<bind>
<opcode="bitconcatenate(1004) " fcode="bitconcatenate"/>
<opset="mul/2 "/>
</bind>
</comp>

<comp id="299" class="1004" name="zext_ln138_fu_299">
<pin_list>
<pin id="300" dir="0" index="0" bw="5" slack="0"/>
<pin id="301" dir="1" index="1" bw="32" slack="0"/>
</pin_list>
<bind>
<opcode="zext(34) " fcode="zext"/>
<opset="zext_ln138/2 "/>
</bind>
</comp>

<comp id="303" class="1004" name="add_ln141_fu_303">
<pin_list>
<pin id="304" dir="0" index="0" bw="32" slack="0"/>
<pin id="305" dir="0" index="1" bw="5" slack="0"/>
<pin id="306" dir="1" index="2" bw="32" slack="1"/>
</pin_list>
<bind>
<opcode="add(8) " fcode="add"/>
<opset="add_ln141/2 "/>
</bind>
</comp>

<comp id="309" class="1004" name="j_1_fu_309">
<pin_list>
<pin id="310" dir="0" index="0" bw="5" slack="0"/>
<pin id="311" dir="0" index="1" bw="1" slack="0"/>
<pin id="312" dir="1" index="2" bw="5" slack="0"/>
</pin_list>
<bind>
<opcode="add(8) " fcode="add"/>
<opset="j_1/2 "/>
</bind>
</comp>

<comp id="315" class="1004" name="add_ln135_1_fu_315">
<pin_list>
<pin id="316" dir="0" index="0" bw="34" slack="0"/>
<pin id="317" dir="0" index="1" bw="1" slack="0"/>
<pin id="318" dir="1" index="2" bw="34" slack="0"/>
</pin_list>
<bind>
<opcode="add(8) " fcode="add"/>
<opset="add_ln135_1/2 "/>
</bind>
</comp>

<comp id="321" class="1004" name="select_ln135_2_fu_321">
<pin_list>
<pin id="322" dir="0" index="0" bw="1" slack="0"/>
<pin id="323" dir="0" index="1" bw="34" slack="0"/>
<pin id="324" dir="0" index="2" bw="34" slack="0"/>
<pin id="325" dir="1" index="3" bw="34" slack="0"/>
</pin_list>
<bind>
<opcode="select(49) " fcode="select"/>
<opset="select_ln135_2/2 "/>
</bind>
</comp>

<comp id="329" class="1004" name="store_ln132_store_fu_329">
<pin_list>
<pin id="330" dir="0" index="0" bw="58" slack="0"/>
<pin id="331" dir="0" index="1" bw="58" slack="1"/>
<pin id="332" dir="1" index="2" bw="0" slack="2147483647"/>
</pin_list>
<bind>
<opcode="store(28) " fcode="store"/>
<opset="store_ln132/2 "/>
</bind>
</comp>

<comp id="334" class="1004" name="store_ln135_store_fu_334">
<pin_list>
<pin id="335" dir="0" index="0" bw="34" slack="0"/>
<pin id="336" dir="0" index="1" bw="34" slack="1"/>
<pin id="337" dir="1" index="2" bw="0" slack="2147483647"/>
</pin_list>
<bind>
<opcode="store(28) " fcode="store"/>
<opset="store_ln135/2 "/>
</bind>
</comp>

<comp id="339" class="1004" name="store_ln135_store_fu_339">
<pin_list>
<pin id="340" dir="0" index="0" bw="28" slack="0"/>
<pin id="341" dir="0" index="1" bw="28" slack="1"/>
<pin id="342" dir="1" index="2" bw="0" slack="2147483647"/>
</pin_list>
<bind>
<opcode="store(28) " fcode="store"/>
<opset="store_ln135/2 "/>
</bind>
</comp>

<comp id="344" class="1004" name="store_ln138_store_fu_344">
<pin_list>
<pin id="345" dir="0" index="0" bw="5" slack="0"/>
<pin id="346" dir="0" index="1" bw="5" slack="1"/>
<pin id="347" dir="1" index="2" bw="0" slack="2147483647"/>
</pin_list>
<bind>
<opcode="store(28) " fcode="store"/>
<opset="store_ln138/2 "/>
</bind>
</comp>

<comp id="349" class="1004" name="ib_load_load_fu_349">
<pin_list>
<pin id="350" dir="0" index="0" bw="28" slack="3"/>
<pin id="351" dir="1" index="1" bw="28" slack="0"/>
</pin_list>
<bind>
<opcode="load(27) " fcode="load"/>
<opset="ib_load/4 "/>
</bind>
</comp>

<comp id="352" class="1004" name="add_ln132_1_fu_352">
<pin_list>
<pin id="353" dir="0" index="0" bw="28" slack="0"/>
<pin id="354" dir="0" index="1" bw="1" slack="0"/>
<pin id="355" dir="1" index="2" bw="28" slack="0"/>
</pin_list>
<bind>
<opcode="add(8) " fcode="add"/>
<opset="add_ln132_1/4 "/>
</bind>
</comp>

<comp id="358" class="1004" name="select_ln132_1_fu_358">
<pin_list>
<pin id="359" dir="0" index="0" bw="1" slack="2"/>
<pin id="360" dir="0" index="1" bw="28" slack="0"/>
<pin id="361" dir="0" index="2" bw="28" slack="0"/>
<pin id="362" dir="1" index="3" bw="28" slack="0"/>
</pin_list>
<bind>
<opcode="select(49) " fcode="select"/>
<opset="select_ln132_1/4 "/>
</bind>
</comp>

<comp id="365" class="1004" name="mul1_fu_365">
<pin_list>
<pin id="366" dir="0" index="0" bw="32" slack="0"/>
<pin id="367" dir="0" index="1" bw="28" slack="0"/>
<pin id="368" dir="0" index="2" bw="1" slack="0"/>
<pin id="369" dir="1" index="3" bw="32" slack="0"/>
</pin_list>
<bind>
<opcode="bitconcatenate(1004) " fcode="bitconcatenate"/>
<opset="mul1/4 "/>
</bind>
</comp>

<comp id="373" class="1004" name="add_ln141_1_fu_373">
<pin_list>
<pin id="374" dir="0" index="0" bw="32" slack="1"/>
<pin id="375" dir="0" index="1" bw="32" slack="0"/>
<pin id="376" dir="1" index="2" bw="32" slack="1"/>
</pin_list>
<bind>
<opcode="add(8) " fcode="add"/>
<opset="add_ln141_1/4 "/>
</bind>
</comp>

<comp id="378" class="1004" name="store_ln132_store_fu_378">
<pin_list>
<pin id="379" dir="0" index="0" bw="28" slack="0"/>
<pin id="380" dir="0" index="1" bw="28" slack="3"/>
<pin id="381" dir="1" index="2" bw="0" slack="2147483647"/>
</pin_list>
<bind>
<opcode="store(28) " fcode="store"/>
<opset="store_ln132/4 "/>
</bind>
</comp>

<comp id="383" class="1004" name="tmp_fu_383">
<pin_list>
<pin id="384" dir="0" index="0" bw="1" slack="0"/>
<pin id="385" dir="0" index="1" bw="32" slack="1"/>
<pin id="386" dir="0" index="2" bw="6" slack="0"/>
<pin id="387" dir="1" index="3" bw="1" slack="0"/>
</pin_list>
<bind>
<opcode="bitselect(1000) " fcode="bitselect"/>
<opset="tmp/5 "/>
</bind>
</comp>

<comp id="390" class="1004" name="sub_ln141_fu_390">
<pin_list>
<pin id="391" dir="0" index="0" bw="1" slack="0"/>
<pin id="392" dir="0" index="1" bw="32" slack="1"/>
<pin id="393" dir="1" index="2" bw="32" slack="0"/>
</pin_list>
<bind>
<opcode="sub(10) " fcode="sub"/>
<opset="sub_ln141/5 "/>
</bind>
</comp>

<comp id="395" class="1004" name="tmp_5_fu_395">
<pin_list>
<pin id="396" dir="0" index="0" bw="28" slack="0"/>
<pin id="397" dir="0" index="1" bw="32" slack="0"/>
<pin id="398" dir="0" index="2" bw="4" slack="0"/>
<pin id="399" dir="0" index="3" bw="6" slack="0"/>
<pin id="400" dir="1" index="4" bw="28" slack="0"/>
</pin_list>
<bind>
<opcode="partselect(1002) " fcode="partselect"/>
<opset="tmp_5/5 "/>
</bind>
</comp>

<comp id="405" class="1004" name="sub_ln141_1_fu_405">
<pin_list>
<pin id="406" dir="0" index="0" bw="1" slack="0"/>
<pin id="407" dir="0" index="1" bw="28" slack="0"/>
<pin id="408" dir="1" index="2" bw="28" slack="0"/>
</pin_list>
<bind>
<opcode="sub(10) " fcode="sub"/>
<opset="sub_ln141_1/5 "/>
</bind>
</comp>

<comp id="411" class="1004" name="tmp_6_fu_411">
<pin_list>
<pin id="412" dir="0" index="0" bw="28" slack="0"/>
<pin id="413" dir="0" index="1" bw="32" slack="1"/>
<pin id="414" dir="0" index="2" bw="4" slack="0"/>
<pin id="415" dir="0" index="3" bw="6" slack="0"/>
<pin id="416" dir="1" index="4" bw="28" slack="0"/>
</pin_list>
<bind>
<opcode="partselect(1002) " fcode="partselect"/>
<opset="tmp_6/5 "/>
</bind>
</comp>

<comp id="420" class="1004" name="select_ln141_fu_420">
<pin_list>
<pin id="421" dir="0" index="0" bw="1" slack="0"/>
<pin id="422" dir="0" index="1" bw="28" slack="0"/>
<pin id="423" dir="0" index="2" bw="28" slack="0"/>
<pin id="424" dir="1" index="3" bw="28" slack="0"/>
</pin_list>
<bind>
<opcode="select(49) " fcode="select"/>
<opset="select_ln141/5 "/>
</bind>
</comp>

<comp id="428" class="1004" name="shl_ln_fu_428">
<pin_list>
<pin id="429" dir="0" index="0" bw="34" slack="0"/>
<pin id="430" dir="0" index="1" bw="28" slack="0"/>
<pin id="431" dir="0" index="2" bw="1" slack="0"/>
<pin id="432" dir="1" index="3" bw="34" slack="0"/>
</pin_list>
<bind>
<opcode="bitconcatenate(1004) " fcode="bitconcatenate"/>
<opset="shl_ln/5 "/>
</bind>
</comp>

<comp id="436" class="1004" name="sext_ln141_fu_436">
<pin_list>
<pin id="437" dir="0" index="0" bw="34" slack="0"/>
<pin id="438" dir="1" index="1" bw="64" slack="0"/>
</pin_list>
<bind>
<opcode="sext(35) " fcode="sext"/>
<opset="sext_ln141/5 "/>
</bind>
</comp>

<comp id="440" class="1004" name="add_ln141_2_fu_440">
<pin_list>
<pin id="441" dir="0" index="0" bw="64" slack="4"/>
<pin id="442" dir="0" index="1" bw="34" slack="0"/>
<pin id="443" dir="1" index="2" bw="64" slack="0"/>
</pin_list>
<bind>
<opcode="add(8) " fcode="add"/>
<opset="add_ln141_2/5 "/>
</bind>
</comp>

<comp id="445" class="1004" name="trunc_ln141_1_fu_445">
<pin_list>
<pin id="446" dir="0" index="0" bw="58" slack="0"/>
<pin id="447" dir="0" index="1" bw="64" slack="0"/>
<pin id="448" dir="0" index="2" bw="4" slack="0"/>
<pin id="449" dir="0" index="3" bw="7" slack="0"/>
<pin id="450" dir="1" index="4" bw="58" slack="1"/>
</pin_list>
<bind>
<opcode="partselect(1002) " fcode="partselect"/>
<opset="trunc_ln141_1/5 "/>
</bind>
</comp>

<comp id="455" class="1004" name="sext_ln141_1_fu_455">
<pin_list>
<pin id="456" dir="0" index="0" bw="58" slack="1"/>
<pin id="457" dir="1" index="1" bw="64" slack="0"/>
</pin_list>
<bind>
<opcode="sext(35) " fcode="sext"/>
<opset="sext_ln141_1/6 "/>
</bind>
</comp>

<comp id="458" class="1004" name="gmem_addr_fu_458">
<pin_list>
<pin id="459" dir="0" index="0" bw="64" slack="0"/>
<pin id="460" dir="0" index="1" bw="64" slack="0"/>
<pin id="461" dir="1" index="2" bw="64" slack="0"/>
</pin_list>
<bind>
<opcode="getelementptr(29) " fcode="getelementptr"/>
<opset="gmem_addr/6 "/>
</bind>
</comp>

<comp id="465" class="1005" name="j_reg_465">
<pin_list>
<pin id="466" dir="0" index="0" bw="5" slack="0"/>
<pin id="467" dir="1" index="1" bw="5" slack="0"/>
</pin_list>
<bind>
<opset="j "/>
</bind>
</comp>

<comp id="472" class="1005" name="jb_reg_472">
<pin_list>
<pin id="473" dir="0" index="0" bw="28" slack="0"/>
<pin id="474" dir="1" index="1" bw="28" slack="0"/>
</pin_list>
<bind>
<opset="jb "/>
</bind>
</comp>

<comp id="479" class="1005" name="indvar_flatten_reg_479">
<pin_list>
<pin id="480" dir="0" index="0" bw="34" slack="0"/>
<pin id="481" dir="1" index="1" bw="34" slack="0"/>
</pin_list>
<bind>
<opset="indvar_flatten "/>
</bind>
</comp>

<comp id="486" class="1005" name="ib_reg_486">
<pin_list>
<pin id="487" dir="0" index="0" bw="28" slack="0"/>
<pin id="488" dir="1" index="1" bw="28" slack="0"/>
</pin_list>
<bind>
<opset="ib "/>
</bind>
</comp>

<comp id="493" class="1005" name="indvar_flatten20_reg_493">
<pin_list>
<pin id="494" dir="0" index="0" bw="58" slack="0"/>
<pin id="495" dir="1" index="1" bw="58" slack="0"/>
</pin_list>
<bind>
<opset="indvar_flatten20 "/>
</bind>
</comp>

<comp id="500" class="1005" name="ABC_load_read_reg_500">
<pin_list>
<pin id="501" dir="0" index="0" bw="64" slack="4"/>
<pin id="502" dir="1" index="1" bw="64" slack="4"/>
</pin_list>
<bind>
<opset="ABC_load_read "/>
</bind>
</comp>

<comp id="505" class="1005" name="N_1_read_reg_505">
<pin_list>
<pin id="506" dir="0" index="0" bw="32" slack="2"/>
<pin id="507" dir="1" index="1" bw="32" slack="2"/>
</pin_list>
<bind>
<opset="N_1_read "/>
</bind>
</comp>

<comp id="510" class="1005" name="bound6_read_reg_510">
<pin_list>
<pin id="511" dir="0" index="0" bw="58" slack="1"/>
<pin id="512" dir="1" index="1" bw="58" slack="1"/>
</pin_list>
<bind>
<opset="bound6_read "/>
</bind>
</comp>

<comp id="515" class="1005" name="bound_reg_515">
<pin_list>
<pin id="516" dir="0" index="0" bw="34" slack="1"/>
<pin id="517" dir="1" index="1" bw="34" slack="1"/>
</pin_list>
<bind>
<opset="bound "/>
</bind>
</comp>

<comp id="520" class="1005" name="icmp_ln132_reg_520">
<pin_list>
<pin id="521" dir="0" index="0" bw="1" slack="9"/>
<pin id="522" dir="1" index="1" bw="1" slack="2147483647"/>
</pin_list>
<bind>
<opset="icmp_ln132 "/>
</bind>
</comp>

<comp id="524" class="1005" name="icmp_ln135_reg_524">
<pin_list>
<pin id="525" dir="0" index="0" bw="1" slack="2"/>
<pin id="526" dir="1" index="1" bw="1" slack="2"/>
</pin_list>
<bind>
<opset="icmp_ln135 "/>
</bind>
</comp>

<comp id="529" class="1005" name="add_ln141_reg_529">
<pin_list>
<pin id="530" dir="0" index="0" bw="32" slack="1"/>
<pin id="531" dir="1" index="1" bw="32" slack="1"/>
</pin_list>
<bind>
<opset="add_ln141 "/>
</bind>
</comp>

<comp id="534" class="1005" name="mul_ln141_reg_534">
<pin_list>
<pin id="535" dir="0" index="0" bw="32" slack="1"/>
<pin id="536" dir="1" index="1" bw="32" slack="1"/>
</pin_list>
<bind>
<opset="mul_ln141 "/>
</bind>
</comp>

<comp id="539" class="1005" name="add_ln141_1_reg_539">
<pin_list>
<pin id="540" dir="0" index="0" bw="32" slack="1"/>
<pin id="541" dir="1" index="1" bw="32" slack="1"/>
</pin_list>
<bind>
<opset="add_ln141_1 "/>
</bind>
</comp>

<comp id="546" class="1005" name="trunc_ln141_1_reg_546">
<pin_list>
<pin id="547" dir="0" index="0" bw="58" slack="1"/>
<pin id="548" dir="1" index="1" bw="58" slack="1"/>
</pin_list>
<bind>
<opset="trunc_ln141_1 "/>
</bind>
</comp>

<comp id="551" class="1005" name="AB_stream_read_reg_551">
<pin_list>
<pin id="552" dir="0" index="0" bw="512" slack="1"/>
<pin id="553" dir="1" index="1" bw="512" slack="1"/>
</pin_list>
<bind>
<opset="AB_stream_read "/>
</bind>
</comp>

<comp id="556" class="1005" name="gmem_addr_reg_556">
<pin_list>
<pin id="557" dir="0" index="0" bw="512" slack="1"/>
<pin id="558" dir="1" index="1" bw="512" slack="1"/>
</pin_list>
<bind>
<opset="gmem_addr "/>
</bind>
</comp>

</comp_list>

<net_list>
<net id="109"><net_src comp="12" pin="0"/><net_sink comp="106" pin=0"/></net>

<net id="113"><net_src comp="12" pin="0"/><net_sink comp="110" pin=0"/></net>

<net id="117"><net_src comp="12" pin="0"/><net_sink comp="114" pin=0"/></net>

<net id="121"><net_src comp="12" pin="0"/><net_sink comp="118" pin=0"/></net>

<net id="125"><net_src comp="12" pin="0"/><net_sink comp="122" pin=0"/></net>

<net id="130"><net_src comp="34" pin="0"/><net_sink comp="126" pin=0"/></net>

<net id="131"><net_src comp="8" pin="0"/><net_sink comp="126" pin=1"/></net>

<net id="136"><net_src comp="36" pin="0"/><net_sink comp="132" pin=0"/></net>

<net id="137"><net_src comp="6" pin="0"/><net_sink comp="132" pin=1"/></net>

<net id="142"><net_src comp="38" pin="0"/><net_sink comp="138" pin=0"/></net>

<net id="143"><net_src comp="2" pin="0"/><net_sink comp="138" pin=1"/></net>

<net id="148"><net_src comp="40" pin="0"/><net_sink comp="144" pin=0"/></net>

<net id="149"><net_src comp="0" pin="0"/><net_sink comp="144" pin=1"/></net>

<net id="154"><net_src comp="84" pin="0"/><net_sink comp="150" pin=0"/></net>

<net id="155"><net_src comp="4" pin="0"/><net_sink comp="150" pin=1"/></net>

<net id="161"><net_src comp="86" pin="0"/><net_sink comp="156" pin=0"/></net>

<net id="162"><net_src comp="88" pin="0"/><net_sink comp="156" pin=2"/></net>

<net id="169"><net_src comp="90" pin="0"/><net_sink comp="163" pin=0"/></net>

<net id="170"><net_src comp="92" pin="0"/><net_sink comp="163" pin=3"/></net>

<net id="175"><net_src comp="94" pin="0"/><net_sink comp="171" pin=0"/></net>

<net id="183"><net_src comp="144" pin="2"/><net_sink comp="180" pin=0"/></net>

<net id="188"><net_src comp="42" pin="0"/><net_sink comp="184" pin=0"/></net>

<net id="193"><net_src comp="44" pin="0"/><net_sink comp="189" pin=0"/></net>

<net id="198"><net_src comp="46" pin="0"/><net_sink comp="194" pin=0"/></net>

<net id="203"><net_src comp="44" pin="0"/><net_sink comp="199" pin=0"/></net>

<net id="208"><net_src comp="48" pin="0"/><net_sink comp="204" pin=0"/></net>

<net id="216"><net_src comp="209" pin="1"/><net_sink comp="212" pin=0"/></net>

<net id="230"><net_src comp="209" pin="1"/><net_sink comp="226" pin=0"/></net>

<net id="231"><net_src comp="50" pin="0"/><net_sink comp="226" pin=1"/></net>

<net id="236"><net_src comp="223" pin="1"/><net_sink comp="232" pin=0"/></net>

<net id="242"><net_src comp="232" pin="2"/><net_sink comp="237" pin=0"/></net>

<net id="243"><net_src comp="44" pin="0"/><net_sink comp="237" pin=1"/></net>

<net id="244"><net_src comp="220" pin="1"/><net_sink comp="237" pin=2"/></net>

<net id="249"><net_src comp="232" pin="2"/><net_sink comp="245" pin=0"/></net>

<net id="250"><net_src comp="52" pin="0"/><net_sink comp="245" pin=1"/></net>

<net id="255"><net_src comp="217" pin="1"/><net_sink comp="251" pin=0"/></net>

<net id="256"><net_src comp="54" pin="0"/><net_sink comp="251" pin=1"/></net>

<net id="261"><net_src comp="251" pin="2"/><net_sink comp="257" pin=0"/></net>

<net id="262"><net_src comp="245" pin="2"/><net_sink comp="257" pin=1"/></net>

<net id="267"><net_src comp="237" pin="3"/><net_sink comp="263" pin=0"/></net>

<net id="268"><net_src comp="56" pin="0"/><net_sink comp="263" pin=1"/></net>

<net id="273"><net_src comp="257" pin="2"/><net_sink comp="269" pin=0"/></net>

<net id="274"><net_src comp="232" pin="2"/><net_sink comp="269" pin=1"/></net>

<net id="280"><net_src comp="269" pin="2"/><net_sink comp="275" pin=0"/></net>

<net id="281"><net_src comp="48" pin="0"/><net_sink comp="275" pin=1"/></net>

<net id="282"><net_src comp="217" pin="1"/><net_sink comp="275" pin=2"/></net>

<net id="288"><net_src comp="257" pin="2"/><net_sink comp="283" pin=0"/></net>

<net id="289"><net_src comp="263" pin="2"/><net_sink comp="283" pin=1"/></net>

<net id="290"><net_src comp="237" pin="3"/><net_sink comp="283" pin=2"/></net>

<net id="296"><net_src comp="58" pin="0"/><net_sink comp="291" pin=0"/></net>

<net id="297"><net_src comp="283" pin="3"/><net_sink comp="291" pin=1"/></net>

<net id="298"><net_src comp="60" pin="0"/><net_sink comp="291" pin=2"/></net>

<net id="302"><net_src comp="275" pin="3"/><net_sink comp="299" pin=0"/></net>

<net id="307"><net_src comp="291" pin="3"/><net_sink comp="303" pin=0"/></net>

<net id="308"><net_src comp="299" pin="1"/><net_sink comp="303" pin=1"/></net>

<net id="313"><net_src comp="275" pin="3"/><net_sink comp="309" pin=0"/></net>

<net id="314"><net_src comp="62" pin="0"/><net_sink comp="309" pin=1"/></net>

<net id="319"><net_src comp="223" pin="1"/><net_sink comp="315" pin=0"/></net>

<net id="320"><net_src comp="64" pin="0"/><net_sink comp="315" pin=1"/></net>

<net id="326"><net_src comp="232" pin="2"/><net_sink comp="321" pin=0"/></net>

<net id="327"><net_src comp="64" pin="0"/><net_sink comp="321" pin=1"/></net>

<net id="328"><net_src comp="315" pin="2"/><net_sink comp="321" pin=2"/></net>

<net id="333"><net_src comp="226" pin="2"/><net_sink comp="329" pin=0"/></net>

<net id="338"><net_src comp="321" pin="3"/><net_sink comp="334" pin=0"/></net>

<net id="343"><net_src comp="283" pin="3"/><net_sink comp="339" pin=0"/></net>

<net id="348"><net_src comp="309" pin="2"/><net_sink comp="344" pin=0"/></net>

<net id="356"><net_src comp="349" pin="1"/><net_sink comp="352" pin=0"/></net>

<net id="357"><net_src comp="56" pin="0"/><net_sink comp="352" pin=1"/></net>

<net id="363"><net_src comp="352" pin="2"/><net_sink comp="358" pin=1"/></net>

<net id="364"><net_src comp="349" pin="1"/><net_sink comp="358" pin=2"/></net>

<net id="370"><net_src comp="58" pin="0"/><net_sink comp="365" pin=0"/></net>

<net id="371"><net_src comp="358" pin="3"/><net_sink comp="365" pin=1"/></net>

<net id="372"><net_src comp="60" pin="0"/><net_sink comp="365" pin=2"/></net>

<net id="377"><net_src comp="365" pin="3"/><net_sink comp="373" pin=1"/></net>

<net id="382"><net_src comp="358" pin="3"/><net_sink comp="378" pin=0"/></net>

<net id="388"><net_src comp="66" pin="0"/><net_sink comp="383" pin=0"/></net>

<net id="389"><net_src comp="68" pin="0"/><net_sink comp="383" pin=2"/></net>

<net id="394"><net_src comp="18" pin="0"/><net_sink comp="390" pin=0"/></net>

<net id="401"><net_src comp="70" pin="0"/><net_sink comp="395" pin=0"/></net>

<net id="402"><net_src comp="390" pin="2"/><net_sink comp="395" pin=1"/></net>

<net id="403"><net_src comp="72" pin="0"/><net_sink comp="395" pin=2"/></net>

<net id="404"><net_src comp="68" pin="0"/><net_sink comp="395" pin=3"/></net>

<net id="409"><net_src comp="44" pin="0"/><net_sink comp="405" pin=0"/></net>

<net id="410"><net_src comp="395" pin="4"/><net_sink comp="405" pin=1"/></net>

<net id="417"><net_src comp="70" pin="0"/><net_sink comp="411" pin=0"/></net>

<net id="418"><net_src comp="72" pin="0"/><net_sink comp="411" pin=2"/></net>

<net id="419"><net_src comp="68" pin="0"/><net_sink comp="411" pin=3"/></net>

<net id="425"><net_src comp="383" pin="3"/><net_sink comp="420" pin=0"/></net>

<net id="426"><net_src comp="405" pin="2"/><net_sink comp="420" pin=1"/></net>

<net id="427"><net_src comp="411" pin="4"/><net_sink comp="420" pin=2"/></net>

<net id="433"><net_src comp="74" pin="0"/><net_sink comp="428" pin=0"/></net>

<net id="434"><net_src comp="420" pin="3"/><net_sink comp="428" pin=1"/></net>

<net id="435"><net_src comp="76" pin="0"/><net_sink comp="428" pin=2"/></net>

<net id="439"><net_src comp="428" pin="3"/><net_sink comp="436" pin=0"/></net>

<net id="444"><net_src comp="436" pin="1"/><net_sink comp="440" pin=1"/></net>

<net id="451"><net_src comp="78" pin="0"/><net_sink comp="445" pin=0"/></net>

<net id="452"><net_src comp="440" pin="2"/><net_sink comp="445" pin=1"/></net>

<net id="453"><net_src comp="80" pin="0"/><net_sink comp="445" pin=2"/></net>

<net id="454"><net_src comp="82" pin="0"/><net_sink comp="445" pin=3"/></net>

<net id="462"><net_src comp="10" pin="0"/><net_sink comp="458" pin=0"/></net>

<net id="463"><net_src comp="455" pin="1"/><net_sink comp="458" pin=1"/></net>

<net id="464"><net_src comp="458" pin="2"/><net_sink comp="156" pin=1"/></net>

<net id="468"><net_src comp="106" pin="1"/><net_sink comp="465" pin=0"/></net>

<net id="469"><net_src comp="465" pin="1"/><net_sink comp="204" pin=1"/></net>

<net id="470"><net_src comp="465" pin="1"/><net_sink comp="217" pin=0"/></net>

<net id="471"><net_src comp="465" pin="1"/><net_sink comp="344" pin=1"/></net>

<net id="475"><net_src comp="110" pin="1"/><net_sink comp="472" pin=0"/></net>

<net id="476"><net_src comp="472" pin="1"/><net_sink comp="199" pin=1"/></net>

<net id="477"><net_src comp="472" pin="1"/><net_sink comp="220" pin=0"/></net>

<net id="478"><net_src comp="472" pin="1"/><net_sink comp="339" pin=1"/></net>

<net id="482"><net_src comp="114" pin="1"/><net_sink comp="479" pin=0"/></net>

<net id="483"><net_src comp="479" pin="1"/><net_sink comp="194" pin=1"/></net>

<net id="484"><net_src comp="479" pin="1"/><net_sink comp="223" pin=0"/></net>

<net id="485"><net_src comp="479" pin="1"/><net_sink comp="334" pin=1"/></net>

<net id="489"><net_src comp="118" pin="1"/><net_sink comp="486" pin=0"/></net>

<net id="490"><net_src comp="486" pin="1"/><net_sink comp="189" pin=1"/></net>

<net id="491"><net_src comp="486" pin="1"/><net_sink comp="349" pin=0"/></net>

<net id="492"><net_src comp="486" pin="1"/><net_sink comp="378" pin=1"/></net>

<net id="496"><net_src comp="122" pin="1"/><net_sink comp="493" pin=0"/></net>

<net id="497"><net_src comp="493" pin="1"/><net_sink comp="184" pin=1"/></net>

<net id="498"><net_src comp="493" pin="1"/><net_sink comp="209" pin=0"/></net>

<net id="499"><net_src comp="493" pin="1"/><net_sink comp="329" pin=1"/></net>

<net id="503"><net_src comp="126" pin="2"/><net_sink comp="500" pin=0"/></net>

<net id="504"><net_src comp="500" pin="1"/><net_sink comp="440" pin=0"/></net>

<net id="508"><net_src comp="132" pin="2"/><net_sink comp="505" pin=0"/></net>

<net id="509"><net_src comp="505" pin="1"/><net_sink comp="176" pin=0"/></net>

<net id="513"><net_src comp="138" pin="2"/><net_sink comp="510" pin=0"/></net>

<net id="514"><net_src comp="510" pin="1"/><net_sink comp="212" pin=1"/></net>

<net id="518"><net_src comp="180" pin="1"/><net_sink comp="515" pin=0"/></net>

<net id="519"><net_src comp="515" pin="1"/><net_sink comp="232" pin=1"/></net>

<net id="523"><net_src comp="212" pin="2"/><net_sink comp="520" pin=0"/></net>

<net id="527"><net_src comp="232" pin="2"/><net_sink comp="524" pin=0"/></net>

<net id="528"><net_src comp="524" pin="1"/><net_sink comp="358" pin=0"/></net>

<net id="532"><net_src comp="303" pin="2"/><net_sink comp="529" pin=0"/></net>

<net id="533"><net_src comp="529" pin="1"/><net_sink comp="176" pin=1"/></net>

<net id="537"><net_src comp="176" pin="2"/><net_sink comp="534" pin=0"/></net>

<net id="538"><net_src comp="534" pin="1"/><net_sink comp="373" pin=0"/></net>

<net id="542"><net_src comp="373" pin="2"/><net_sink comp="539" pin=0"/></net>

<net id="543"><net_src comp="539" pin="1"/><net_sink comp="383" pin=1"/></net>

<net id="544"><net_src comp="539" pin="1"/><net_sink comp="390" pin=1"/></net>

<net id="545"><net_src comp="539" pin="1"/><net_sink comp="411" pin=1"/></net>

<net id="549"><net_src comp="445" pin="4"/><net_sink comp="546" pin=0"/></net>

<net id="550"><net_src comp="546" pin="1"/><net_sink comp="455" pin=0"/></net>

<net id="554"><net_src comp="150" pin="2"/><net_sink comp="551" pin=0"/></net>

<net id="555"><net_src comp="551" pin="1"/><net_sink comp="163" pin=2"/></net>

<net id="559"><net_src comp="458" pin="2"/><net_sink comp="556" pin=0"/></net>

<net id="560"><net_src comp="556" pin="1"/><net_sink comp="163" pin=1"/></net>

<net id="561"><net_src comp="556" pin="1"/><net_sink comp="171" pin=1"/></net>

</net_list>

</model> 
---------------- Datapath Model END ------------------

* FSMD analyzer results:
  - Output states:
	Port: AB_stream | {}
	Port: gmem | {6 7 8 9 10 11 12 }
 - Input state : 
	Port: writeTiles_Pipeline_i_BLOCK_loop_j_BLOCK_loop_j_output_loop : tmp_4 | {1 }
	Port: writeTiles_Pipeline_i_BLOCK_loop_j_BLOCK_loop_j_output_loop : bound6 | {1 }
	Port: writeTiles_Pipeline_i_BLOCK_loop_j_BLOCK_loop_j_output_loop : AB_stream | {6 }
	Port: writeTiles_Pipeline_i_BLOCK_loop_j_BLOCK_loop_j_output_loop : N_1 | {1 }
	Port: writeTiles_Pipeline_i_BLOCK_loop_j_BLOCK_loop_j_output_loop : ABC_load | {1 }
	Port: writeTiles_Pipeline_i_BLOCK_loop_j_BLOCK_loop_j_output_loop : gmem | {}
  - Chain level:
	State 1
		store_ln0 : 1
		store_ln132 : 1
		store_ln0 : 1
		store_ln135 : 1
		store_ln138 : 1
	State 2
		icmp_ln132 : 1
		br_ln132 : 2
		add_ln132 : 1
		icmp_ln135 : 1
		select_ln132 : 2
		xor_ln132 : 2
		icmp_ln138 : 1
		and_ln132 : 2
		jb_2 : 3
		or_ln135 : 2
		select_ln135 : 2
		select_ln135_1 : 2
		mul : 3
		zext_ln138 : 3
		add_ln141 : 4
		j_1 : 3
		add_ln135_1 : 1
		select_ln135_2 : 2
		store_ln132 : 2
		store_ln135 : 3
		store_ln135 : 3
		store_ln138 : 4
	State 3
	State 4
		add_ln132_1 : 1
		select_ln132_1 : 2
		mul1 : 3
		add_ln141_1 : 4
		store_ln132 : 3
	State 5
		tmp_5 : 1
		sub_ln141_1 : 2
		select_ln141 : 3
		shl_ln : 4
		sext_ln141 : 5
		add_ln141_2 : 6
		trunc_ln141_1 : 7
	State 6
		gmem_addr : 1
		gmem_addr_req : 2
	State 7
	State 8
	State 9
	State 10
	State 11
	State 12


============================================================
+ Verbose Summary: Datapath Resource usage 
============================================================

* Functional unit list:
|----------|-------------------------------|---------|---------|---------|
| Operation|        Functional Unit        |   DSP   |    FF   |   LUT   |
|----------|-------------------------------|---------|---------|---------|
|          |        add_ln132_fu_226       |    0    |    0    |    65   |
|          |          jb_2_fu_263          |    0    |    0    |    35   |
|          |        add_ln141_fu_303       |    0    |    0    |    39   |
|    add   |           j_1_fu_309          |    0    |    0    |    13   |
|          |       add_ln135_1_fu_315      |    0    |    0    |    41   |
|          |       add_ln132_1_fu_352      |    0    |    0    |    35   |
|          |       add_ln141_1_fu_373      |    0    |    0    |    39   |
|          |       add_ln141_2_fu_440      |    0    |    0    |    71   |
|----------|-------------------------------|---------|---------|---------|
|          |      select_ln132_fu_237      |    0    |    0    |    28   |
|          |      select_ln135_fu_275      |    0    |    0    |    5    |
|  select  |     select_ln135_1_fu_283     |    0    |    0    |    28   |
|          |     select_ln135_2_fu_321     |    0    |    0    |    34   |
|          |     select_ln132_1_fu_358     |    0    |    0    |    28   |
|          |      select_ln141_fu_420      |    0    |    0    |    28   |
|----------|-------------------------------|---------|---------|---------|
|          |       icmp_ln132_fu_212       |    0    |    0    |    65   |
|   icmp   |       icmp_ln135_fu_232       |    0    |    0    |    41   |
|          |       icmp_ln138_fu_251       |    0    |    0    |    13   |
|----------|-------------------------------|---------|---------|---------|
|    sub   |        sub_ln141_fu_390       |    0    |    0    |    39   |
|          |       sub_ln141_1_fu_405      |    0    |    0    |    35   |
|----------|-------------------------------|---------|---------|---------|
|    mul   |        mul_ln141_fu_176       |    3    |    0    |    20   |
|----------|-------------------------------|---------|---------|---------|
|    xor   |        xor_ln132_fu_245       |    0    |    0    |    2    |
|----------|-------------------------------|---------|---------|---------|
|    and   |        and_ln132_fu_257       |    0    |    0    |    2    |
|----------|-------------------------------|---------|---------|---------|
|    or    |        or_ln135_fu_269        |    0    |    0    |    2    |
|----------|-------------------------------|---------|---------|---------|
|          |   ABC_load_read_read_fu_126   |    0    |    0    |    0    |
|          |      N_1_read_read_fu_132     |    0    |    0    |    0    |
|   read   |    bound6_read_read_fu_138    |    0    |    0    |    0    |
|          |     tmp_4_read_read_fu_144    |    0    |    0    |    0    |
|          |   AB_stream_read_read_fu_150  |    0    |    0    |    0    |
|----------|-------------------------------|---------|---------|---------|
| writereq | gmem_addr_req_writereq_fu_156 |    0    |    0    |    0    |
|----------|-------------------------------|---------|---------|---------|
|   write  |    write_ln141_write_fu_163   |    0    |    0    |    0    |
|----------|-------------------------------|---------|---------|---------|
| writeresp|      grp_writeresp_fu_171     |    0    |    0    |    0    |
|----------|-------------------------------|---------|---------|---------|
|   zext   |          bound_fu_180         |    0    |    0    |    0    |
|          |       zext_ln138_fu_299       |    0    |    0    |    0    |
|----------|-------------------------------|---------|---------|---------|
|          |           mul_fu_291          |    0    |    0    |    0    |
|bitconcatenate|          mul1_fu_365          |    0    |    0    |    0    |
|          |         shl_ln_fu_428         |    0    |    0    |    0    |
|----------|-------------------------------|---------|---------|---------|
| bitselect|           tmp_fu_383          |    0    |    0    |    0    |
|----------|-------------------------------|---------|---------|---------|
|          |          tmp_5_fu_395         |    0    |    0    |    0    |
|partselect|          tmp_6_fu_411         |    0    |    0    |    0    |
|          |      trunc_ln141_1_fu_445     |    0    |    0    |    0    |
|----------|-------------------------------|---------|---------|---------|
|   sext   |       sext_ln141_fu_436       |    0    |    0    |    0    |
|          |      sext_ln141_1_fu_455      |    0    |    0    |    0    |
|----------|-------------------------------|---------|---------|---------|
|   Total  |                               |    3    |    0    |   708   |
|----------|-------------------------------|---------|---------|---------|

Memories:
N/A

* Register list:
+------------------------+--------+
|                        |   FF   |
+------------------------+--------+
|  ABC_load_read_reg_500 |   64   |
| AB_stream_read_reg_551 |   512  |
|    N_1_read_reg_505    |   32   |
|   add_ln141_1_reg_539  |   32   |
|    add_ln141_reg_529   |   32   |
|   bound6_read_reg_510  |   58   |
|      bound_reg_515     |   34   |
|    gmem_addr_reg_556   |   512  |
|       ib_reg_486       |   28   |
|   icmp_ln132_reg_520   |    1   |
|   icmp_ln135_reg_524   |    1   |
|indvar_flatten20_reg_493|   58   |
| indvar_flatten_reg_479 |   34   |
|        j_reg_465       |    5   |
|       jb_reg_472       |   28   |
|    mul_ln141_reg_534   |   32   |
|  trunc_ln141_1_reg_546 |   58   |
+------------------------+--------+
|          Total         |  1521  |
+------------------------+--------+

* Multiplexer (MUX) list: 
|--------|------|------|------|--------|
|  Comp  |  Pin | Size |  BW  | S x BW |
|--------|------|------|------|--------|
|  Total |      |      |      |    0   |
|--------|------|------|------|--------|



* Summary:
+-----------+--------+--------+--------+
|           |   DSP  |   FF   |   LUT  |
+-----------+--------+--------+--------+
|  Function |    3   |    0   |   708  |
|   Memory  |    -   |    -   |    -   |
|Multiplexer|    -   |    -   |    -   |
|  Register |    -   |  1521  |    -   |
+-----------+--------+--------+--------+
|   Total   |    3   |  1521  |   708  |
+-----------+--------+--------+--------+
