#-----------------------------------------------------------
# Vivado v2025.1 (64-bit)
# SW Build 6140274 on Thu May 22 00:12:29 MDT 2025
# IP Build 6138677 on Thu May 22 03:10:11 MDT 2025
# SharedData Build 6139179 on Tue May 20 17:58:58 MDT 2025
# Start of session at: Fri Apr 10 13:23:58 2026
# Process ID         : 17700
# Current directory  : C:/Users/seanr/vitis_projects/Lab3_MLP_optimization/baseline_blockedMM/baseline_blockedMM/hls/impl/verilog
# Command line       : vivado.exe -mode batch -source run_vivado.tcl
# Log file           : C:/Users/seanr/vitis_projects/Lab3_MLP_optimization/baseline_blockedMM/baseline_blockedMM/hls/impl/verilog/vivado.log
# Journal file       : C:/Users/seanr/vitis_projects/Lab3_MLP_optimization/baseline_blockedMM/baseline_blockedMM/hls/impl/verilog\vivado.jou
# Running On         : LAPTOP-L6H807T2
# Platform           : Windows Server 2016 or Windows 10
# Operating System   : 26200
# Processor Detail   : Intel(R) Pentium(R) Gold 7505 @ 2.00GHz
# CPU Frequency      : 1997 MHz
# CPU Physical cores : 2
# CPU Logical cores  : 4
# Host memory        : 8241 MB
# Swap memory        : 16301 MB
# Total Virtual      : 24542 MB
# Available Virtual  : 4994 MB
#-----------------------------------------------------------
source run_vivado.tcl
# source ./settings.tcl
## set top_module MM
## set language verilog
## set family zynq
## set device xc7z020
## set package -clg400
## set speed -1
## set clock ap_clk
## set fsm_ext "off"
## set add_io_buffers false 
# source -notrace ./extraction.tcl
# set vivado_proj_name project
# set vivado_proj_dir .
# set target_device "${device}${package}${speed}"
# set target_clk_period_ns "15.000"
# set target_clk_freq_hz [expr {floor(1000 / $target_clk_period_ns) * 1000000}]
# set other_clks_freq_hz {}
# set ip_vlnv xilinx.com:hls:MM:1.0
# set ip_repo_path ../ip
# set bd_design_name bd_0
# set bd_inst_name hls_inst
# set bd_props {}
# set has_synth true
# set synth_design_args {-directive sdx_optimization_effort_high}
# set synth_dcp ""
# set synth_props {}
# set has_impl 1
# set impl_props {}
# set has_subcore 0
# set report_options [dict create]
# dict set report_options report_level 2
# dict set report_options report_max_paths 10
# dict set report_options stdout_hls_reports 1
# dict set report_options stdout_vivado_reports 0
# dict set report_options hls_project baseline_blockedMM
# dict set report_options hls_solution hls
# dict set report_options has_synth $has_synth
# dict set report_options has_impl $has_impl
# dict set report_options vivado_reportbasename $top_module
# dict set report_options vivado_reportdir ./report
# dict set report_options hls_impl_dir ..
# dict set report_options hls_reportdir ../report/$language
# dict set report_options target_clk_period $target_clk_period_ns
# dict set report_options target_device $target_device
# dict set report_options language $language
# dict set report_options clock_name $clock
# dict set report_options error_if_impl_timing_fails false
# dict set report_options topmodule "MM"
# dict set report_options funcmodules MM_MM_Pipeline_i_loop
# dict set report_options bindmodules {MM_mul_32s_32s_32_1_1 MM_sparsemux_33_4_32_1_1 MM_flow_control_loop_pipe_sequential_init MM_gmem_m_axi MM_control_s_axi}
# dict set report_options max_module_depth 6
# create_project $vivado_proj_name $vivado_proj_dir -part $target_device -force
INFO: [ProjectBase 1-489] The host OS only allows 260 characters in a normal path. The project is stored in a path with more than 80 characters. If you experience issues with IP, Block Designs, or files not being found, please consider moving the project to a location with a shorter path. Alternately consider using the OS subst command to map part of the path to a drive letter.
Current project path is 'C:/Users/seanr/vitis_projects/Lab3_MLP_optimization/baseline_blockedMM/baseline_blockedMM/hls/impl/verilog'
create_project: Time (s): cpu = 00:00:12 ; elapsed = 00:00:12 . Memory (MB): peak = 513.367 ; gain = 213.387
# set_property target_language $language [current_project]
# if { ![file exists $ip_repo_path] } {
#   error "Cannot find packaged HLS IP"
# }
# set_property ip_repo_paths [file normalize $ip_repo_path] [current_project]
# update_ip_catalog
INFO: [IP_Flow 19-234] Refreshing IP repositories
INFO: [IP_Flow 19-1700] Loaded user IP repository 'c:/Users/seanr/vitis_projects/Lab3_MLP_optimization/baseline_blockedMM/baseline_blockedMM/hls/impl/ip'.
INFO: [IP_Flow 19-2313] Loaded Vivado IP repository 'C:/Xilinx/2025.1/Vivado/data/ip'.
# create_bd_design bd_0
Wrote  : <C:\Users\seanr\vitis_projects\Lab3_MLP_optimization\baseline_blockedMM\baseline_blockedMM\hls\impl\verilog\project.srcs\sources_1\bd\bd_0\bd_0.bd> 
# set cell_inst [create_bd_cell -type ip -vlnv $ip_vlnv $bd_inst_name]
# if { [llength $bd_props] } { 
#   set_property -dict $bd_props $cell_inst 
# }
# make_bd_pins_external $cell_inst
# make_bd_intf_pins_external $cell_inst
# set bd_clk_ports [get_bd_ports -filter {TYPE==clk}]
# if { $target_clk_freq_hz ne "" } { 
#   foreach bd_clk_port $bd_clk_ports {
#     # Remove "_0" suffix from BD ports & interfaces so they match IP ports 
#     set clk_name [regsub {_0$} [get_property name $bd_clk_port] {}]
#     set port_freq_hz $target_clk_freq_hz
#     if { [dict exists $other_clks_freq_hz $clk_name] } {
#         set port_freq_hz [dict get $other_clks_freq_hz $clk_name]
#     }
#     set_property CONFIG.FREQ_HZ $port_freq_hz $bd_clk_port
#   }
# }
# foreach bd_port [get_bd_intf_ports] {
#   set_property name [regsub {_0$} [get_property name $bd_port] {}] $bd_port
# }
# foreach bd_port [get_bd_ports -filter {INTF!=TRUE}] {
#   set_property name [regsub {_0$} [get_property name $bd_port] {}] $bd_port
# }
# set s_axi_addr_width_min 32
# foreach bd_port [get_bd_intf_ports -filter {MODE == "Slave" && VLNV =~ "xilinx.com:interface:aximm_rtl:*"}] {
#   set bd_port_addr_width [get_property CONFIG.ADDR_WIDTH $bd_port]
#   if { $bd_port_addr_width < $s_axi_addr_width_min } {
#     puts "INFO: Updating $bd_port CONFIG.ADDR_WIDTH to $s_axi_addr_width_min"
#     set_property CONFIG.ADDR_WIDTH $s_axi_addr_width_min $bd_port
#   }
# }
INFO: Updating /s_axi_control CONFIG.ADDR_WIDTH to 32
# set_msg_config -id {[BD 41-1265]} -severity {CRITICAL WARNING} -new_severity {INFO}
# assign_bd_address
INFO: [BD 41-3093] Triggering Legacy Auto Assign Algorithm
Slave segment '/hls_inst/s_axi_control/Reg' is being assigned into address space '/s_axi_control' at <0x0000_0000 [ 64K ]>.
Slave segment '/m_axi_gmem/Reg' is being assigned into address space '/hls_inst/Data_m_axi_gmem' at <0x44A0_0000 [ 64K ]>.
Wrote  : <C:\Users\seanr\vitis_projects\Lab3_MLP_optimization\baseline_blockedMM\baseline_blockedMM\hls\impl\verilog\project.srcs\sources_1\bd\bd_0\bd_0.bd> 
Verilog Output written to : C:/Users/seanr/vitis_projects/Lab3_MLP_optimization/baseline_blockedMM/baseline_blockedMM/hls/impl/verilog/project.gen/sources_1/bd/bd_0/synth/bd_0.v
Verilog Output written to : C:/Users/seanr/vitis_projects/Lab3_MLP_optimization/baseline_blockedMM/baseline_blockedMM/hls/impl/verilog/project.gen/sources_1/bd/bd_0/sim/bd_0.v
Verilog Output written to : C:/Users/seanr/vitis_projects/Lab3_MLP_optimization/baseline_blockedMM/baseline_blockedMM/hls/impl/verilog/project.gen/sources_1/bd/bd_0/hdl/bd_0_wrapper.v
# set toprtl [make_wrapper -files [get_files ${bd_design_name}.bd] -top]
# add_files -norecurse $toprtl
# set top_inst_name [file root [file tail $toprtl]]
# puts "Using BD top: $top_inst_name"
Using BD top: bd_0_wrapper
# set xdc_files [glob -nocomplain ./*.xdc]
# if { [llength $xdc_files] } {
#     add_files -fileset constrs_1 -norecurse $xdc_files
# }
# launch_runs synth_1 -scripts_only
INFO: [BD 41-1662] The design 'bd_0.bd' is already validated. Therefore parameter propagation will not be re-run.
Verilog Output written to : C:/Users/seanr/vitis_projects/Lab3_MLP_optimization/baseline_blockedMM/baseline_blockedMM/hls/impl/verilog/project.gen/sources_1/bd/bd_0/synth/bd_0.v
Verilog Output written to : C:/Users/seanr/vitis_projects/Lab3_MLP_optimization/baseline_blockedMM/baseline_blockedMM/hls/impl/verilog/project.gen/sources_1/bd/bd_0/sim/bd_0.v
Verilog Output written to : C:/Users/seanr/vitis_projects/Lab3_MLP_optimization/baseline_blockedMM/baseline_blockedMM/hls/impl/verilog/project.gen/sources_1/bd/bd_0/hdl/bd_0_wrapper.v
INFO: [BD 41-1029] Generation completed for the IP Integrator block hls_inst .
Exporting to file C:/Users/seanr/vitis_projects/Lab3_MLP_optimization/baseline_blockedMM/baseline_blockedMM/hls/impl/verilog/project.gen/sources_1/bd/bd_0/hw_handoff/bd_0.hwh
Generated Hardware Definition File C:/Users/seanr/vitis_projects/Lab3_MLP_optimization/baseline_blockedMM/baseline_blockedMM/hls/impl/verilog/project.gen/sources_1/bd/bd_0/synth/bd_0.hwdef
WARNING: [Vivado 12-7122] Auto Incremental Compile:: No reference checkpoint was found in run synth_1. Auto-incremental flow will not be run, the standard flow will be run instead.
launch_runs: Time (s): cpu = 00:00:00 ; elapsed = 00:00:05 . Memory (MB): peak = 574.406 ; gain = 0.000
# foreach run [get_runs -filter {IS_SYNTHESIS == 1}] {
#   reset_run [get_runs $run]
# }
# set_property XPM_LIBRARIES {XPM_MEMORY XPM_FIFO} [current_project]
# hls_vivado_reports_setup $report_options
TIMESTAMP: HLS-REPORT: initialize report directories: 2026-04-10 13:24:26 -0700
# if { $has_subcore } { report_ip_status }
# if { $has_synth || $has_impl } {
#   # synth properties setting
#   set_property -name {STEPS.SYNTH_DESIGN.ARGS.MORE OPTIONS} -value {-mode out_of_context} -objects [get_runs synth_1]
#   set ip_inst [get_ips -quiet ${bd_design_name}*${bd_inst_name}*]
#   if { ![llength $ip_inst] } {
#       error "Cannot find HLS IP instance: ${bd_design_name}*${bd_inst_name}*"
#   }
#   set synth_run [get_runs -filter {IS_SYNTHESIS == 1} ${ip_inst}*]
#   if { ![llength $synth_run] } {
#       error "Cannot find synth run for HLS IP: ${ip_inst}*"
#   }
# 
#   if { [llength $synth_design_args] } {
#       set_property -name {STEPS.SYNTH_DESIGN.ARGS.MORE OPTIONS} -value $synth_design_args -objects $synth_run
#   }
# 
#   if { [llength $synth_props] } {
#     set_property -dict $synth_props $synth_run
#   }
# 
#   # launch run synth
#   launch_runs synth_1
#   wait_on_run synth_1
#   # synth reports
#   hls_vivado_reports_synth synth_1 $report_options
#   if { $synth_dcp ne "" } {
#     file mkdir [file dirname $synth_dcp]
#     set run_dcp [glob -nocomplain [get_property DIRECTORY $synth_run]/*.dcp]
#     if { [llength $run_dcp] != 1 } { error "Cannot find single dcp file for run $synth_run" }
#     file copy -force $run_dcp $synth_dcp
#   }
# }
WARNING: [Vivado 12-7122] Auto Incremental Compile:: No reference checkpoint was found in run synth_1. Auto-incremental flow will not be run, the standard flow will be run instead.
[Fri Apr 10 13:24:27 2026] Launched bd_0_hls_inst_0_synth_1...
Run output will be captured here: C:/Users/seanr/vitis_projects/Lab3_MLP_optimization/baseline_blockedMM/baseline_blockedMM/hls/impl/verilog/project.runs/bd_0_hls_inst_0_synth_1/runme.log
[Fri Apr 10 13:24:27 2026] Launched synth_1...
Run output will be captured here: C:/Users/seanr/vitis_projects/Lab3_MLP_optimization/baseline_blockedMM/baseline_blockedMM/hls/impl/verilog/project.runs/synth_1/runme.log
[Fri Apr 10 13:24:27 2026] Waiting for synth_1 to finish...

*** Running vivado
    with args -log bd_0_wrapper.vds -m64 -product Vivado -mode batch -messageDb vivado.pb -notrace -source bd_0_wrapper.tcl



****** Vivado v2025.1 (64-bit)
  **** SW Build 6140274 on Thu May 22 00:12:29 MDT 2025
  **** IP Build 6138677 on Thu May 22 03:10:11 MDT 2025
  **** SharedData Build 6139179 on Tue May 20 17:58:58 MDT 2025
  **** Start of session at: Fri Apr 10 13:32:34 2026
    ** Copyright 1986-2022 Xilinx, Inc. All Rights Reserved.
    ** Copyright 2022-2025 Advanced Micro Devices, Inc. All Rights Reserved.

source bd_0_wrapper.tcl -notrace
INFO: Dispatch client connection id - 63943
create_project: Time (s): cpu = 00:00:13 ; elapsed = 00:00:22 . Memory (MB): peak = 511.113 ; gain = 209.965
INFO: [IP_Flow 19-234] Refreshing IP repositories
INFO: [IP_Flow 19-1700] Loaded user IP repository 'c:/Users/seanr/vitis_projects/Lab3_MLP_optimization/baseline_blockedMM/baseline_blockedMM/hls/impl/ip'.
INFO: [IP_Flow 19-2313] Loaded Vivado IP repository 'C:/Xilinx/2025.1/Vivado/data/ip'.
WARNING: [IP_Flow 19-4995] The host OS only allows 260 characters in a normal path. The IP cache path is more than 80 characters. If you experience issues with IP caching, please consider changing the IP cache to a location with a shorter path. Alternately consider using the OS subst command to map part of the path to a drive letter. 
Current IP cache path is c:/Users/seanr/vitis_projects/Lab3_MLP_optimization/baseline_blockedMM/baseline_blockedMM/hls/impl/verilog/project.cache/ip 
Command: synth_design -top bd_0_wrapper -part xc7z020clg400-1 -mode out_of_context
Starting synth_design
Attempting to get a license for feature 'Synthesis' and/or device 'xc7z020'
INFO: [Common 17-349] Got license for feature 'Synthesis' and/or device 'xc7z020'
INFO: [Device 21-403] Loading part xc7z020clg400-1
INFO: [Synth 8-7079] Multithreading enabled for synth_design using a maximum of 2 processes.
INFO: [Synth 8-7078] Launching helper process for spawning children vivado processes
INFO: [Synth 8-7075] Helper process launched with PID 17376
---------------------------------------------------------------------------------
Starting RTL Elaboration : Time (s): cpu = 00:00:09 ; elapsed = 00:00:14 . Memory (MB): peak = 1244.125 ; gain = 491.613
---------------------------------------------------------------------------------
INFO: [Synth 8-6157] synthesizing module 'bd_0_wrapper' [c:/Users/seanr/vitis_projects/Lab3_MLP_optimization/baseline_blockedMM/baseline_blockedMM/hls/impl/verilog/project.gen/sources_1/bd/bd_0/hdl/bd_0_wrapper.v:13]
INFO: [Synth 8-6157] synthesizing module 'bd_0' [c:/Users/seanr/vitis_projects/Lab3_MLP_optimization/baseline_blockedMM/baseline_blockedMM/hls/impl/verilog/project.gen/sources_1/bd/bd_0/synth/bd_0.v:13]
INFO: [Synth 8-6157] synthesizing module 'bd_0_hls_inst_0' [C:/Users/seanr/vitis_projects/Lab3_MLP_optimization/baseline_blockedMM/baseline_blockedMM/hls/impl/verilog/project.runs/synth_1/.Xil/Vivado-4780-LAPTOP-L6H807T2/realtime/bd_0_hls_inst_0_stub.v:6]
INFO: [Synth 8-6155] done synthesizing module 'bd_0_hls_inst_0' (0#1) [C:/Users/seanr/vitis_projects/Lab3_MLP_optimization/baseline_blockedMM/baseline_blockedMM/hls/impl/verilog/project.runs/synth_1/.Xil/Vivado-4780-LAPTOP-L6H807T2/realtime/bd_0_hls_inst_0_stub.v:6]
INFO: [Synth 8-6155] done synthesizing module 'bd_0' (0#1) [c:/Users/seanr/vitis_projects/Lab3_MLP_optimization/baseline_blockedMM/baseline_blockedMM/hls/impl/verilog/project.gen/sources_1/bd/bd_0/synth/bd_0.v:13]
INFO: [Synth 8-6155] done synthesizing module 'bd_0_wrapper' (0#1) [c:/Users/seanr/vitis_projects/Lab3_MLP_optimization/baseline_blockedMM/baseline_blockedMM/hls/impl/verilog/project.gen/sources_1/bd/bd_0/hdl/bd_0_wrapper.v:13]
---------------------------------------------------------------------------------
Finished RTL Elaboration : Time (s): cpu = 00:00:12 ; elapsed = 00:00:17 . Memory (MB): peak = 1358.223 ; gain = 605.711
---------------------------------------------------------------------------------
---------------------------------------------------------------------------------
Start Handling Custom Attributes
---------------------------------------------------------------------------------
---------------------------------------------------------------------------------
Finished Handling Custom Attributes : Time (s): cpu = 00:00:12 ; elapsed = 00:00:17 . Memory (MB): peak = 1358.223 ; gain = 605.711
---------------------------------------------------------------------------------
---------------------------------------------------------------------------------
Finished RTL Optimization Phase 1 : Time (s): cpu = 00:00:12 ; elapsed = 00:00:17 . Memory (MB): peak = 1358.223 ; gain = 605.711
---------------------------------------------------------------------------------
Netlist sorting complete. Time (s): cpu = 00:00:00 ; elapsed = 00:00:00.023 . Memory (MB): peak = 1358.223 ; gain = 0.000
INFO: [Project 1-570] Preparing netlist for logic optimization

Processing XDC Constraints
Initializing timing engine
Parsing XDC File [c:/Users/seanr/vitis_projects/Lab3_MLP_optimization/baseline_blockedMM/baseline_blockedMM/hls/impl/verilog/project.gen/sources_1/bd/bd_0/ip/bd_0_hls_inst_0/bd_0_hls_inst_0/bd_0_hls_inst_0_in_context.xdc] for cell 'bd_0_i/hls_inst'
Finished Parsing XDC File [c:/Users/seanr/vitis_projects/Lab3_MLP_optimization/baseline_blockedMM/baseline_blockedMM/hls/impl/verilog/project.gen/sources_1/bd/bd_0/ip/bd_0_hls_inst_0/bd_0_hls_inst_0/bd_0_hls_inst_0_in_context.xdc] for cell 'bd_0_i/hls_inst'
Parsing XDC File [C:/Users/seanr/vitis_projects/Lab3_MLP_optimization/baseline_blockedMM/baseline_blockedMM/hls/impl/verilog/MM.xdc]
Finished Parsing XDC File [C:/Users/seanr/vitis_projects/Lab3_MLP_optimization/baseline_blockedMM/baseline_blockedMM/hls/impl/verilog/MM.xdc]
Parsing XDC File [C:/Users/seanr/vitis_projects/Lab3_MLP_optimization/baseline_blockedMM/baseline_blockedMM/hls/impl/verilog/project.runs/synth_1/dont_touch.xdc]
Finished Parsing XDC File [C:/Users/seanr/vitis_projects/Lab3_MLP_optimization/baseline_blockedMM/baseline_blockedMM/hls/impl/verilog/project.runs/synth_1/dont_touch.xdc]
Completed Processing XDC Constraints

Netlist sorting complete. Time (s): cpu = 00:00:00 ; elapsed = 00:00:00 . Memory (MB): peak = 1358.223 ; gain = 0.000
INFO: [Project 1-111] Unisim Transformation Summary:
No Unisim elements were transformed.

Constraint Validation Runtime : Time (s): cpu = 00:00:00 ; elapsed = 00:00:00.149 . Memory (MB): peak = 1358.223 ; gain = 0.000
---------------------------------------------------------------------------------
Finished Constraint Validation : Time (s): cpu = 00:00:25 ; elapsed = 00:00:37 . Memory (MB): peak = 1358.223 ; gain = 605.711
---------------------------------------------------------------------------------
---------------------------------------------------------------------------------
Start Loading Part and Timing Information
---------------------------------------------------------------------------------
Loading part: xc7z020clg400-1
---------------------------------------------------------------------------------
Finished Loading Part and Timing Information : Time (s): cpu = 00:00:25 ; elapsed = 00:00:37 . Memory (MB): peak = 1358.223 ; gain = 605.711
---------------------------------------------------------------------------------
---------------------------------------------------------------------------------
Start Applying 'set_property' XDC Constraints
---------------------------------------------------------------------------------
---------------------------------------------------------------------------------
Finished applying 'set_property' XDC Constraints : Time (s): cpu = 00:00:25 ; elapsed = 00:00:37 . Memory (MB): peak = 1358.223 ; gain = 605.711
---------------------------------------------------------------------------------
---------------------------------------------------------------------------------
Finished RTL Optimization Phase 2 : Time (s): cpu = 00:00:25 ; elapsed = 00:00:37 . Memory (MB): peak = 1358.223 ; gain = 605.711
---------------------------------------------------------------------------------
---------------------------------------------------------------------------------
Start RTL Component Statistics 
---------------------------------------------------------------------------------
Detailed RTL Component Info : 
---------------------------------------------------------------------------------
Finished RTL Component Statistics 
---------------------------------------------------------------------------------
---------------------------------------------------------------------------------
Start Part Resource Summary
---------------------------------------------------------------------------------
Part Resources:
DSPs: 220 (col length:60)
BRAMs: 280 (col length: RAMB18 60 RAMB36 30)
---------------------------------------------------------------------------------
Finished Part Resource Summary
---------------------------------------------------------------------------------
---------------------------------------------------------------------------------
Start Cross Boundary and Area Optimization
---------------------------------------------------------------------------------
WARNING: [Synth 8-7080] Parallel synthesis criteria is not met
---------------------------------------------------------------------------------
Finished Cross Boundary and Area Optimization : Time (s): cpu = 00:00:28 ; elapsed = 00:00:41 . Memory (MB): peak = 1374.746 ; gain = 622.234
---------------------------------------------------------------------------------
---------------------------------------------------------------------------------
Start Applying XDC Timing Constraints
---------------------------------------------------------------------------------
---------------------------------------------------------------------------------
Finished Applying XDC Timing Constraints : Time (s): cpu = 00:00:37 ; elapsed = 00:00:52 . Memory (MB): peak = 1544.066 ; gain = 791.555
---------------------------------------------------------------------------------
---------------------------------------------------------------------------------
Start Timing Optimization
---------------------------------------------------------------------------------
---------------------------------------------------------------------------------
Finished Timing Optimization : Time (s): cpu = 00:00:37 ; elapsed = 00:00:52 . Memory (MB): peak = 1545.148 ; gain = 792.637
---------------------------------------------------------------------------------
---------------------------------------------------------------------------------
Start Technology Mapping
---------------------------------------------------------------------------------
---------------------------------------------------------------------------------
Finished Technology Mapping : Time (s): cpu = 00:00:37 ; elapsed = 00:00:52 . Memory (MB): peak = 1555.051 ; gain = 802.539
---------------------------------------------------------------------------------
---------------------------------------------------------------------------------
Start IO Insertion
---------------------------------------------------------------------------------
---------------------------------------------------------------------------------
Start Flattening Before IO Insertion
---------------------------------------------------------------------------------
---------------------------------------------------------------------------------
Finished Flattening Before IO Insertion
---------------------------------------------------------------------------------
---------------------------------------------------------------------------------
Start Final Netlist Cleanup
---------------------------------------------------------------------------------
---------------------------------------------------------------------------------
Finished Final Netlist Cleanup
---------------------------------------------------------------------------------
---------------------------------------------------------------------------------
Finished IO Insertion : Time (s): cpu = 00:00:44 ; elapsed = 00:01:02 . Memory (MB): peak = 1788.770 ; gain = 1036.258
---------------------------------------------------------------------------------
---------------------------------------------------------------------------------
Start Renaming Generated Instances
---------------------------------------------------------------------------------
---------------------------------------------------------------------------------
Finished Renaming Generated Instances : Time (s): cpu = 00:00:44 ; elapsed = 00:01:02 . Memory (MB): peak = 1788.770 ; gain = 1036.258
---------------------------------------------------------------------------------
---------------------------------------------------------------------------------
Start Rebuilding User Hierarchy
---------------------------------------------------------------------------------
---------------------------------------------------------------------------------
Finished Rebuilding User Hierarchy : Time (s): cpu = 00:00:44 ; elapsed = 00:01:02 . Memory (MB): peak = 1788.770 ; gain = 1036.258
---------------------------------------------------------------------------------
---------------------------------------------------------------------------------
Start Renaming Generated Ports
---------------------------------------------------------------------------------
---------------------------------------------------------------------------------
Finished Renaming Generated Ports : Time (s): cpu = 00:00:44 ; elapsed = 00:01:02 . Memory (MB): peak = 1788.770 ; gain = 1036.258
---------------------------------------------------------------------------------
---------------------------------------------------------------------------------
Start Handling Custom Attributes
---------------------------------------------------------------------------------
---------------------------------------------------------------------------------
Finished Handling Custom Attributes : Time (s): cpu = 00:00:44 ; elapsed = 00:01:02 . Memory (MB): peak = 1788.770 ; gain = 1036.258
---------------------------------------------------------------------------------
---------------------------------------------------------------------------------
Start Renaming Generated Nets
---------------------------------------------------------------------------------
---------------------------------------------------------------------------------
Finished Renaming Generated Nets : Time (s): cpu = 00:00:44 ; elapsed = 00:01:02 . Memory (MB): peak = 1788.770 ; gain = 1036.258
---------------------------------------------------------------------------------
---------------------------------------------------------------------------------
Start Writing Synthesis Report
---------------------------------------------------------------------------------

Report BlackBoxes: 
+------+----------------+----------+
|      |BlackBox name   |Instances |
+------+----------------+----------+
|1     |bd_0_hls_inst_0 |         1|
+------+----------------+----------+

Report Cell Usage: 
+------+--------------+------+
|      |Cell          |Count |
+------+--------------+------+
|1     |bd_0_hls_inst |     1|
+------+--------------+------+
---------------------------------------------------------------------------------
Finished Writing Synthesis Report : Time (s): cpu = 00:00:44 ; elapsed = 00:01:02 . Memory (MB): peak = 1788.770 ; gain = 1036.258
---------------------------------------------------------------------------------
Synthesis finished with 0 errors, 0 critical warnings and 1 warnings.
Synthesis Optimization Runtime : Time (s): cpu = 00:00:30 ; elapsed = 00:00:57 . Memory (MB): peak = 1788.770 ; gain = 1036.258
Synthesis Optimization Complete : Time (s): cpu = 00:00:45 ; elapsed = 00:01:03 . Memory (MB): peak = 1788.770 ; gain = 1036.258
INFO: [Project 1-571] Translating synthesized netlist
Netlist sorting complete. Time (s): cpu = 00:00:00 ; elapsed = 00:00:00.023 . Memory (MB): peak = 1788.770 ; gain = 0.000
INFO: [Project 1-570] Preparing netlist for logic optimization
INFO: [Opt 31-138] Pushed 0 inverter(s) to 0 load pin(s).
Netlist sorting complete. Time (s): cpu = 00:00:00 ; elapsed = 00:00:00 . Memory (MB): peak = 1795.785 ; gain = 0.000
INFO: [Project 1-111] Unisim Transformation Summary:
No Unisim elements were transformed.

Synth Design complete | Checksum: 10c79e42
INFO: [Common 17-83] Releasing license: Synthesis
21 Infos, 2 Warnings, 0 Critical Warnings and 0 Errors encountered.
synth_design completed successfully
synth_design: Time (s): cpu = 00:00:51 ; elapsed = 00:01:17 . Memory (MB): peak = 1795.785 ; gain = 1277.758
INFO: [Common 17-1381] The checkpoint 'C:/Users/seanr/vitis_projects/Lab3_MLP_optimization/baseline_blockedMM/baseline_blockedMM/hls/impl/verilog/project.runs/synth_1/bd_0_wrapper.dcp' has been generated.
INFO: [Vivado 12-24828] Executing command : report_utilization -file bd_0_wrapper_utilization_synth.rpt -pb bd_0_wrapper_utilization_synth.pb
INFO: [Common 17-206] Exiting Vivado at Fri Apr 10 13:34:36 2026...
[Fri Apr 10 13:34:42 2026] synth_1 finished
wait_on_runs: Time (s): cpu = 00:00:00 ; elapsed = 00:10:16 . Memory (MB): peak = 574.406 ; gain = 0.000
TIMESTAMP: HLS-REPORT: synthesis open_run: 2026-04-10 13:34:43 -0700
INFO: HLS-REPORT: Opening synthesis design database: open_run synth_1
Design is defaulting to impl run constrset: constrs_1
Design is defaulting to synth run part: xc7z020clg400-1
INFO: [Device 21-403] Loading part xc7z020clg400-1
INFO: [Project 1-5699] Read binary netlist with skipMacroContent - 1
INFO: [Project 1-454] Reading design checkpoint 'c:/Users/seanr/vitis_projects/Lab3_MLP_optimization/baseline_blockedMM/baseline_blockedMM/hls/impl/verilog/project.gen/sources_1/bd/bd_0/ip/bd_0_hls_inst_0/bd_0_hls_inst_0.dcp' for cell 'bd_0_i/hls_inst'
Netlist sorting complete. Time (s): cpu = 00:00:01 ; elapsed = 00:00:01 . Memory (MB): peak = 905.910 ; gain = 0.000
INFO: [Netlist 29-17] Analyzing 3822 Unisim elements for replacement
INFO: [Netlist 29-28] Unisim Transformation completed in 0 CPU seconds
INFO: [Project 1-479] Netlist was created with Vivado 2025.1
INFO: [Project 1-570] Preparing netlist for logic optimization
Parsing XDC File [C:/Users/seanr/vitis_projects/Lab3_MLP_optimization/baseline_blockedMM/baseline_blockedMM/hls/impl/verilog/MM.xdc]
Finished Parsing XDC File [C:/Users/seanr/vitis_projects/Lab3_MLP_optimization/baseline_blockedMM/baseline_blockedMM/hls/impl/verilog/MM.xdc]
INFO: [Opt 31-138] Pushed 0 inverter(s) to 0 load pin(s).
Netlist sorting complete. Time (s): cpu = 00:00:00 ; elapsed = 00:00:00.036 . Memory (MB): peak = 1096.137 ; gain = 0.000
INFO: [Project 1-111] Unisim Transformation Summary:
No Unisim elements were transformed.

open_run: Time (s): cpu = 00:00:20 ; elapsed = 00:00:26 . Memory (MB): peak = 1096.137 ; gain = 521.730
TIMESTAMP: HLS-REPORT: synthesis generate_reports_vivado: 2026-04-10 13:35:09 -0700
INFO: HLS-REPORT: Running report: report_utilization -file ./report/MM_utilization_synth.rpt
INFO: HLS-REPORT: Running report: report_utilization -hierarchical -hierarchical_depth 6 -file ./report/MM_utilization_hierarchical_synth.rpt
INFO: HLS-REPORT: Running report: report_timing_summary -file ./report/MM_timing_synth.rpt
INFO: [Timing 38-35] Done setting XDC timing constraints.
INFO: [Timing 38-91] UpdateTimingParams: Speed grade: -1, Delay Type: min_max.
INFO: [Timing 38-191] Multithreading enabled for timing update using a maximum of 2 CPUs
WARNING: [Timing 38-242] The property HD.CLK_SRC of clock port "ap_clk" is not set. In out-of-context mode, this prevents timing estimation for clock delay/skew
Resolution: Set the HD.CLK_SRC property of the out-of-context port to the location of the clock buffer instance in the top-level design
report_timing_summary: Time (s): cpu = 00:00:29 ; elapsed = 00:00:48 . Memory (MB): peak = 1798.059 ; gain = 701.922
INFO: HLS-REPORT: Running report: report_power -file ./report/MM_power_synth.rpt -xpe ./MM_power.xpe
Command: report_power -file ./report/MM_power_synth.rpt -xpe ./MM_power.xpe
Running Vector-less Activity Propagation...

Finished Running Vector-less Activity Propagation
12 Infos, 2 Warnings, 0 Critical Warnings and 0 Errors encountered.
report_power completed successfully
report_power: Time (s): cpu = 00:00:18 ; elapsed = 00:00:16 . Memory (MB): peak = 1885.371 ; gain = 87.312
INFO: HLS-REPORT: Running report: report_timing -max_paths 10 -file ./report/MM_timing_paths_synth.rpt
INFO: [Timing 38-91] UpdateTimingParams: Speed grade: -1, Delay Type: max.
INFO: [Timing 38-191] Multithreading enabled for timing update using a maximum of 2 CPUs
INFO: [Timing 38-78] ReportTimingParams: -max_paths 10 -nworst 1 -delay_type max -sort_by slack.
INFO: HLS-REPORT: Running report: report_design_analysis -file ./report/MM_design_analysis_synth.rpt
INFO: [Implflow 30-839]  
INFO: HLS-REPORT: Running report: ::tclapp::xilinx::designutils::report_failfast -detailed_report synth -file ./report/MM_failfast_synth.rpt
 -I- design metrics completed in 6 seconds
 -I- DONT_TOUCH metric completed in 1 seconds
 -I- MARK_DEBUG metric completed in 1 seconds
 -I- utilization metrics completed in 3 seconds
 -I- control set metrics completed in 0 seconds
 -I- methodology check metrics completed in 7 seconds
 -I- average fanout metrics completed in 10 seconds (0 modules)
 -I- non-FD high fanout nets completed in 6 seconds
 -I- path budgeting metrics completed in 4 seconds
#  +-----------------------------------------------------------------------------------------+
#  | Design Summary                                                                          |
#  | design_1                                                                                |
#  | xc7z020clg400-1                                                                         |
#  +-----------------------------------------------------------+-----------+--------+--------+
#  | Criteria                                                  | Guideline | Actual | Status |
#  +-----------------------------------------------------------+-----------+--------+--------+
#  | LUT                                                       | 70%       | 48.54% | OK     |
#  | FD                                                        | 50%       | 31.16% | OK     |
#  | LUTRAM+SRL                                                | 25%       | 4.37%  | OK     |
#  | MUXF7                                                     | 15%       | 8.66%  | OK     |
#  | DSP                                                       | 80%       | 24.55% | OK     |
#  | RAMB/FIFO                                                 | 80%       | 5.36%  | OK     |
#  | DSP+RAMB+URAM (Avg)                                       | 70%       | 14.96% | OK     |
#  | BUFGCE* + BUFGCTRL                                        | 24        | 0      | OK     |
#  | DONT_TOUCH (cells/nets)                                   | 0         | 0      | OK     |
#  | MARK_DEBUG (nets)                                         | 0         | 0      | OK     |
#  | Control Sets                                              | 998       | 147    | OK     |
#  | Average Fanout for modules > 100k cells                   | 4         | 2.85   | OK     |
#  | Max Average Fanout for modules > 100k cells               | 4         | 0      | OK     |
#  | Non-FD high fanout nets > 10k loads                       | 0         | 0      | OK     |
#  +-----------------------------------------------------------+-----------+--------+--------+
#  | TIMING-6 (No common primary clock between related clocks) | 0         | 0      | OK     |
#  | TIMING-7 (No common node between related clocks)          | 0         | 0      | OK     |
#  | TIMING-8 (No common period between related clocks)        | 0         | 0      | OK     |
#  | TIMING-14 (LUT on the clock tree)                         | 0         | 0      | OK     |
#  | TIMING-35 (No common node in paths with the same clock)   | 0         | 0      | OK     |
#  +-----------------------------------------------------------+-----------+--------+--------+
#  | Number of paths above max LUT budgeting (0.575ns)         | 0         | 0      | OK     |
#  | Number of paths above max Net budgeting (0.403ns)         | 0         | 0      | OK     |
#  +-----------------------------------------------------------+-----------+--------+--------+
 -I- Generated file C:/Users/seanr/vitis_projects/Lab3_MLP_optimization/baseline_blockedMM/baseline_blockedMM/hls/impl/verilog/report/MM_failfast_synth.rpt
 -I- Number of criteria to review: 0
 -I- This report should be run before placing the design and uses conservative guidelines beyond which runtime and timing closure will likely be more challenging
 -I- report_failfast completed in 39 seconds
TIMESTAMP: HLS-REPORT: synthesis gen_data_dict_vivado: 2026-04-10 13:36:57 -0700
TIMESTAMP: HLS-REPORT: synth extract_util_hier: 2026-04-10 13:36:57 -0700
TIMESTAMP: HLS-REPORT: synth get_cell_hier_data: 2026-04-10 13:36:57 -0700
TIMESTAMP: HLS-REPORT: synth get_timing_paths: 2026-04-10 13:36:57 -0700
TIMESTAMP: HLS-REPORT: synth process timing paths: 2026-04-10 13:36:58 -0700
TIMESTAMP: HLS-REPORT: synth get_all_vv_rpt_files: 2026-04-10 13:36:58 -0700
TIMESTAMP: HLS-REPORT: synthesis write_reports_vivado: 2026-04-10 13:36:58 -0700
HLS EXTRACTION: synth area_totals:  0 53200 106400 220 280 0 0
HLS EXTRACTION: synth area_current: 0 25822 33152 54 15 0 761 0 0 0
HLS EXTRACTION: synth resources_dict: AVAIL_LUT 53200 LUT 25822 AVAIL_FF 106400 FF 33152 AVAIL_DSP 220 DSP 54 AVAIL_BRAM 280 BRAM 15 AVAIL_URAM 0 URAM 0 LATCH 0 SRL 761 AVAIL_CLB 0 CLB 0
INFO: HLS-REPORT: generated C:/Users/seanr/vitis_projects/Lab3_MLP_optimization/baseline_blockedMM/baseline_blockedMM/hls/impl/verilog/report/vivado_syn.xml
INFO: HLS-REPORT: generated C:/Users/seanr/vitis_projects/Lab3_MLP_optimization/baseline_blockedMM/baseline_blockedMM/hls/impl/report/verilog/MM_export.rpt


Implementation tool: Xilinx Vivado v.2025.1
Project:             baseline_blockedMM
Solution:            hls
Device target:       xc7z020-clg400-1
Report date:         Fri Apr 10 13:36:58 -0700 2026

#=== Post-Synthesis Resource usage ===
SLICE:            0
LUT:          25822
FF:           33152
DSP:             54
BRAM:            15
URAM:             0
LATCH:            0
SRL:            761
CLB:              0

#=== Final timing ===
CP required:                     15.000
CP achieved post-synthesis:      7.929
Timing met

TIMESTAMP: HLS-REPORT: synthesis end: 2026-04-10 13:36:58 -0700
# if { $has_impl } {
#   # launch run impl
#   if { [llength $impl_props] } {
#     set_property -dict $impl_props [get_runs impl_1]
#   }
#   launch_runs impl_1
#   wait_on_run impl_1
#   # impl reports
#   hls_vivado_reports_impl impl_1 $report_options
# }
INFO: [Timing 38-480] Writing timing data to binary archive.
Write ShapeDB Complete: Time (s): cpu = 00:00:01 ; elapsed = 00:00:00.554 . Memory (MB): peak = 2184.070 ; gain = 0.000
WARNING: [Common 17-210] 'write_hwdef' is deprecated.
[Fri Apr 10 13:37:08 2026] Launched impl_1...
Run output will be captured here: C:/Users/seanr/vitis_projects/Lab3_MLP_optimization/baseline_blockedMM/baseline_blockedMM/hls/impl/verilog/project.runs/impl_1/runme.log
launch_runs: Time (s): cpu = 00:00:08 ; elapsed = 00:00:10 . Memory (MB): peak = 2184.070 ; gain = 0.000
[Fri Apr 10 13:37:08 2026] Waiting for impl_1 to finish...

*** Running vivado
    with args -log bd_0_wrapper.vdi -applog -m64 -product Vivado -messageDb vivado.pb -mode batch -source bd_0_wrapper.tcl -notrace



****** Vivado v2025.1 (64-bit)
  **** SW Build 6140274 on Thu May 22 00:12:29 MDT 2025
  **** IP Build 6138677 on Thu May 22 03:10:11 MDT 2025
  **** SharedData Build 6139179 on Tue May 20 17:58:58 MDT 2025
  **** Start of session at: Fri Apr 10 13:37:22 2026
    ** Copyright 1986-2022 Xilinx, Inc. All Rights Reserved.
    ** Copyright 2022-2025 Advanced Micro Devices, Inc. All Rights Reserved.

source bd_0_wrapper.tcl -notrace
INFO: Dispatch client connection id - 63943
Command: open_checkpoint C:/Users/seanr/vitis_projects/Lab3_MLP_optimization/baseline_blockedMM/baseline_blockedMM/hls/impl/verilog/project.runs/impl_1/bd_0_wrapper.dcp
INFO: [Device 21-403] Loading part xc7z020clg400-1
Netlist sorting complete. Time (s): cpu = 00:00:01 ; elapsed = 00:00:01 . Memory (MB): peak = 836.910 ; gain = 0.000
INFO: [Netlist 29-17] Analyzing 3822 Unisim elements for replacement
INFO: [Netlist 29-28] Unisim Transformation completed in 0 CPU seconds
INFO: [Project 1-479] Netlist was created with Vivado 2025.1
INFO: [Project 1-570] Preparing netlist for logic optimization
Read ShapeDB Complete: Time (s): cpu = 00:00:00 ; elapsed = 00:00:00.347 . Memory (MB): peak = 1008.078 ; gain = 15.938
INFO: [Timing 38-478] Restoring timing data from binary archive.
INFO: [Timing 38-479] Binary timing data restore complete.
INFO: [Project 1-856] Restoring constraints from binary archive.
INFO: [Project 1-853] Binary constraint restore complete.
Netlist sorting complete. Time (s): cpu = 00:00:00 ; elapsed = 00:00:00.064 . Memory (MB): peak = 1684.512 ; gain = 0.000
INFO: [Project 1-111] Unisim Transformation Summary:
No Unisim elements were transformed.

INFO: [Project 1-604] Checkpoint was created with Vivado v2025.1 (64-bit) build 6140274
open_checkpoint: Time (s): cpu = 00:00:38 ; elapsed = 00:00:48 . Memory (MB): peak = 1684.512 ; gain = 1385.484
INFO: [IP_Flow 19-234] Refreshing IP repositories
INFO: [IP_Flow 19-1700] Loaded user IP repository 'c:/Users/seanr/vitis_projects/Lab3_MLP_optimization/baseline_blockedMM/baseline_blockedMM/hls/impl/ip'.
INFO: [IP_Flow 19-2313] Loaded Vivado IP repository 'C:/Xilinx/2025.1/Vivado/data/ip'.
WARNING: [IP_Flow 19-4995] The host OS only allows 260 characters in a normal path. The IP cache path is more than 80 characters. If you experience issues with IP caching, please consider changing the IP cache to a location with a shorter path. Alternately consider using the OS subst command to map part of the path to a drive letter. 
Current IP cache path is C:/Users/seanr/vitis_projects/Lab3_MLP_optimization/baseline_blockedMM/baseline_blockedMM/hls/impl/verilog/project.cache/ip 
Command: opt_design
Attempting to get a license for feature 'Implementation' and/or device 'xc7z020'
INFO: [Common 17-349] Got license for feature 'Implementation' and/or device 'xc7z020'
Running DRC as a precondition to command opt_design

Starting DRC Task
INFO: [DRC 23-27] Running DRC with 2 threads
WARNING: [DRC 23-814] Not all possible (connectivity based) DRCs may have been run because this design is seen as Out of Context.
INFO: [Project 1-461] DRC finished with 0 Errors
INFO: [Project 1-462] Please refer to the DRC report (report_drc) for more information.

Time (s): cpu = 00:00:02 ; elapsed = 00:00:02 . Memory (MB): peak = 1689.336 ; gain = 4.824

Starting Cache Timing Information Task
Ending Cache Timing Information Task | Checksum: 97af2dbe

Time (s): cpu = 00:00:00 ; elapsed = 00:00:00.164 . Memory (MB): peak = 1689.336 ; gain = 0.000

Starting Logic Optimization Task

Phase 1 Initialization

Phase 1.1 Core Generation And Design Setup
Phase 1.1 Core Generation And Design Setup | Checksum: 97af2dbe

Time (s): cpu = 00:00:00 ; elapsed = 00:00:00.107 . Memory (MB): peak = 2092.273 ; gain = 0.000

Phase 1.2 Setup Constraints And Sort Netlist
Phase 1.2 Setup Constraints And Sort Netlist | Checksum: 97af2dbe

Time (s): cpu = 00:00:01 ; elapsed = 00:00:00.171 . Memory (MB): peak = 2092.273 ; gain = 0.000
Phase 1 Initialization | Checksum: 97af2dbe

Time (s): cpu = 00:00:01 ; elapsed = 00:00:00.180 . Memory (MB): peak = 2092.273 ; gain = 0.000

Phase 2 Timer Update And Timing Data Collection

Phase 2.1 Timer Update
Phase 2.1 Timer Update | Checksum: 97af2dbe

Time (s): cpu = 00:00:03 ; elapsed = 00:00:03 . Memory (MB): peak = 2092.273 ; gain = 0.000

Phase 2.2 Timing Data Collection
Phase 2.2 Timing Data Collection | Checksum: 97af2dbe

Time (s): cpu = 00:00:03 ; elapsed = 00:00:03 . Memory (MB): peak = 2092.273 ; gain = 0.000
Phase 2 Timer Update And Timing Data Collection | Checksum: 97af2dbe

Time (s): cpu = 00:00:03 ; elapsed = 00:00:03 . Memory (MB): peak = 2092.273 ; gain = 0.000

Phase 3 Retarget
INFO: [Opt 31-1851] Number of loadless carry chains removed were: 0
INFO: [Opt 31-1834] Total Chains To Be Transformed Were: 0 AND Number of Transformed insts Created are: 0
INFO: [Opt 31-138] Pushed 1 inverter(s) to 8 load pin(s).
INFO: [Opt 31-49] Retargeted 0 cell(s).
Phase 3 Retarget | Checksum: 2e7926c8

Time (s): cpu = 00:00:04 ; elapsed = 00:00:04 . Memory (MB): peak = 2092.273 ; gain = 0.000
Retarget | Checksum: 2e7926c8
INFO: [Opt 31-389] Phase Retarget created 0 cells and removed 0 cells

Phase 4 Constant propagation
INFO: [Opt 31-138] Pushed 0 inverter(s) to 0 load pin(s).
Phase 4 Constant propagation | Checksum: fd321d49

Time (s): cpu = 00:00:05 ; elapsed = 00:00:05 . Memory (MB): peak = 2092.273 ; gain = 0.000
Constant propagation | Checksum: fd321d49
INFO: [Opt 31-389] Phase Constant propagation created 0 cells and removed 0 cells

Phase 5 Sweep
INFO: [Constraints 18-11670] Building netlist checker database with flags, 0x8
Done building netlist checker database: Time (s): cpu = 00:00:00 ; elapsed = 00:00:00.068 . Memory (MB): peak = 2092.273 ; gain = 0.000
INFO: [Constraints 18-11670] Building netlist checker database with flags, 0x8
Done building netlist checker database: Time (s): cpu = 00:00:00 ; elapsed = 00:00:00.052 . Memory (MB): peak = 2092.273 ; gain = 0.000
Phase 5 Sweep | Checksum: 91808c5c

Time (s): cpu = 00:00:06 ; elapsed = 00:00:07 . Memory (MB): peak = 2092.273 ; gain = 0.000
Sweep | Checksum: 91808c5c
INFO: [Opt 31-389] Phase Sweep created 0 cells and removed 0 cells

Phase 6 BUFG optimization
Phase 6 BUFG optimization | Checksum: 91808c5c

Time (s): cpu = 00:00:06 ; elapsed = 00:00:07 . Memory (MB): peak = 2092.273 ; gain = 0.000
BUFG optimization | Checksum: 91808c5c
INFO: [Opt 31-662] Phase BUFG optimization created 0 cells of which 0 are BUFGs and removed 0 cells.

Phase 7 Shift Register Optimization
INFO: [Opt 31-1064] SRL Remap converted 0 SRLs to 0 registers and converted 0 registers of register chains to 0 SRLs
Phase 7 Shift Register Optimization | Checksum: 91808c5c

Time (s): cpu = 00:00:07 ; elapsed = 00:00:07 . Memory (MB): peak = 2092.273 ; gain = 0.000
Shift Register Optimization | Checksum: 91808c5c
INFO: [Opt 31-389] Phase Shift Register Optimization created 0 cells and removed 0 cells

Phase 8 Post Processing Netlist
Phase 8 Post Processing Netlist | Checksum: 91808c5c

Time (s): cpu = 00:00:07 ; elapsed = 00:00:08 . Memory (MB): peak = 2092.273 ; gain = 0.000
Post Processing Netlist | Checksum: 91808c5c
INFO: [Opt 31-389] Phase Post Processing Netlist created 0 cells and removed 0 cells

Phase 9 Finalization

Phase 9.1 Finalizing Design Cores and Updating Shapes
Phase 9.1 Finalizing Design Cores and Updating Shapes | Checksum: 121e41d24

Time (s): cpu = 00:00:08 ; elapsed = 00:00:11 . Memory (MB): peak = 2092.273 ; gain = 0.000

Phase 9.2 Verifying Netlist Connectivity

Starting Connectivity Check Task

Time (s): cpu = 00:00:00 ; elapsed = 00:00:00.671 . Memory (MB): peak = 2092.273 ; gain = 0.000
Phase 9.2 Verifying Netlist Connectivity | Checksum: 121e41d24

Time (s): cpu = 00:00:08 ; elapsed = 00:00:11 . Memory (MB): peak = 2092.273 ; gain = 0.000
Phase 9 Finalization | Checksum: 121e41d24

Time (s): cpu = 00:00:08 ; elapsed = 00:00:12 . Memory (MB): peak = 2092.273 ; gain = 0.000
Opt_design Change Summary
=========================


-------------------------------------------------------------------------------------------------------------------------
|  Phase                        |  #Cells created  |  #Cells Removed  |  #Constrained objects preventing optimizations  |
-------------------------------------------------------------------------------------------------------------------------
|  Retarget                     |               0  |               0  |                                              0  |
|  Constant propagation         |               0  |               0  |                                              0  |
|  Sweep                        |               0  |               0  |                                              0  |
|  BUFG optimization            |               0  |               0  |                                              0  |
|  Shift Register Optimization  |               0  |               0  |                                              0  |
|  Post Processing Netlist      |               0  |               0  |                                              0  |
-------------------------------------------------------------------------------------------------------------------------


Ending Logic Optimization Task | Checksum: 121e41d24

Time (s): cpu = 00:00:08 ; elapsed = 00:00:12 . Memory (MB): peak = 2092.273 ; gain = 0.000

Starting Power Optimization Task
INFO: [Pwropt 34-132] Skipping clock gating for clocks with a period < 2.00 ns.
INFO: [Pwropt 34-9] Applying IDT optimizations ...
INFO: [Pwropt 34-10] Applying ODC optimizations ...
INFO: [Timing 38-35] Done setting XDC timing constraints.
Running Vector-less Activity Propagation...

Finished Running Vector-less Activity Propagation


Starting PowerOpt Patch Enables Task
INFO: [Pwropt 34-162] WRITE_MODE attribute of 0 BRAM(s) out of a total of 8 has been updated to save power. Run report_power_opt to get a complete listing of the BRAMs updated.
INFO: [Pwropt 34-201] Structural ODC has moved 1 WE to EN ports
Number of BRAM Ports augmented: 0 newly gated: 8 Total Ports: 16
Ending PowerOpt Patch Enables Task | Checksum: a332e97d

Time (s): cpu = 00:00:00 ; elapsed = 00:00:00.335 . Memory (MB): peak = 2302.535 ; gain = 0.000
Ending Power Optimization Task | Checksum: a332e97d

Time (s): cpu = 00:00:22 ; elapsed = 00:00:19 . Memory (MB): peak = 2302.535 ; gain = 210.262

Starting Final Cleanup Task

Starting Logic Optimization Task
INFO: [Timing 38-35] Done setting XDC timing constraints.
Ending Logic Optimization Task | Checksum: 549929f8

Time (s): cpu = 00:00:08 ; elapsed = 00:00:07 . Memory (MB): peak = 2302.535 ; gain = 0.000
Ending Final Cleanup Task | Checksum: 549929f8

Time (s): cpu = 00:00:14 ; elapsed = 00:00:16 . Memory (MB): peak = 2302.535 ; gain = 0.000

Starting Netlist Obfuscation Task
Netlist sorting complete. Time (s): cpu = 00:00:00 ; elapsed = 00:00:00.029 . Memory (MB): peak = 2302.535 ; gain = 0.000
Ending Netlist Obfuscation Task | Checksum: 549929f8

Time (s): cpu = 00:00:00 ; elapsed = 00:00:00.039 . Memory (MB): peak = 2302.535 ; gain = 0.000
INFO: [Common 17-83] Releasing license: Implementation
40 Infos, 2 Warnings, 0 Critical Warnings and 0 Errors encountered.
opt_design completed successfully
opt_design: Time (s): cpu = 00:00:51 ; elapsed = 00:00:57 . Memory (MB): peak = 2302.535 ; gain = 618.023
INFO: [Vivado 12-24828] Executing command : report_drc -file bd_0_wrapper_drc_opted.rpt -pb bd_0_wrapper_drc_opted.pb -rpx bd_0_wrapper_drc_opted.rpx
Command: report_drc -file bd_0_wrapper_drc_opted.rpt -pb bd_0_wrapper_drc_opted.pb -rpx bd_0_wrapper_drc_opted.rpx
INFO: [IP_Flow 19-1839] IP Catalog is up to date.
INFO: [DRC 23-27] Running DRC with 2 threads
WARNING: [DRC 23-814] Not all possible (connectivity based) DRCs may have been run because this design is seen as Out of Context.
INFO: [Vivado_Tcl 2-168] The results of DRC are in file C:/Users/seanr/vitis_projects/Lab3_MLP_optimization/baseline_blockedMM/baseline_blockedMM/hls/impl/verilog/project.runs/impl_1/bd_0_wrapper_drc_opted.rpt.
report_drc completed successfully
report_drc: Time (s): cpu = 00:00:06 ; elapsed = 00:00:05 . Memory (MB): peak = 2302.535 ; gain = 0.000
generate_parallel_reports: Time (s): cpu = 00:00:06 ; elapsed = 00:00:05 . Memory (MB): peak = 2302.535 ; gain = 0.000
INFO: [Timing 38-35] Done setting XDC timing constraints.
INFO: [Timing 38-480] Writing timing data to binary archive.
Write ShapeDB Complete: Time (s): cpu = 00:00:01 ; elapsed = 00:00:00.449 . Memory (MB): peak = 2302.535 ; gain = 0.000
INFO: [Common 17-1381] The checkpoint 'C:/Users/seanr/vitis_projects/Lab3_MLP_optimization/baseline_blockedMM/baseline_blockedMM/hls/impl/verilog/project.runs/impl_1/bd_0_wrapper_opt.dcp' has been generated.
write_checkpoint: Time (s): cpu = 00:00:12 ; elapsed = 00:00:16 . Memory (MB): peak = 2302.535 ; gain = 0.000
Command: place_design
Attempting to get a license for feature 'Implementation' and/or device 'xc7z020'
INFO: [Common 17-349] Got license for feature 'Implementation' and/or device 'xc7z020'
INFO: [Common 17-83] Releasing license: Implementation
INFO: [DRC 23-27] Running DRC with 2 threads
WARNING: [DRC 23-814] Not all possible (connectivity based) DRCs may have been run because this design is seen as Out of Context.
INFO: [Vivado_Tcl 4-198] DRC finished with 0 Errors
INFO: [Vivado_Tcl 4-199] Please refer to the DRC report (report_drc) for more information.
Running DRC as a precondition to command place_design
INFO: [DRC 23-27] Running DRC with 2 threads
WARNING: [DRC 23-814] Not all possible (connectivity based) DRCs may have been run because this design is seen as Out of Context.
INFO: [Vivado_Tcl 4-198] DRC finished with 0 Errors
INFO: [Vivado_Tcl 4-199] Please refer to the DRC report (report_drc) for more information.
INFO: [Place 30-611] Multithreading enabled for place_design using a maximum of 2 CPUs

Starting Placer Task

Phase 1 Placer Initialization

Phase 1.1 Placer Initialization Netlist Sorting
Netlist sorting complete. Time (s): cpu = 00:00:00 ; elapsed = 00:00:00.029 . Memory (MB): peak = 2302.535 ; gain = 0.000
Phase 1.1 Placer Initialization Netlist Sorting | Checksum: 2d473200

Time (s): cpu = 00:00:00 ; elapsed = 00:00:00.056 . Memory (MB): peak = 2302.535 ; gain = 0.000
Netlist sorting complete. Time (s): cpu = 00:00:00 ; elapsed = 00:00:00.035 . Memory (MB): peak = 2302.535 ; gain = 0.000

Phase 1.2 IO Placement/ Clock Placement/ Build Placer Device
Phase 1.2 IO Placement/ Clock Placement/ Build Placer Device | Checksum: 46fda96c

Time (s): cpu = 00:00:08 ; elapsed = 00:00:07 . Memory (MB): peak = 2302.535 ; gain = 0.000

Phase 1.3 Build Placer Netlist Model
Phase 1.3 Build Placer Netlist Model | Checksum: 71a4dd22

Time (s): cpu = 00:00:25 ; elapsed = 00:00:25 . Memory (MB): peak = 2310.504 ; gain = 7.969

Phase 1.4 Constrain Clocks/Macros
Phase 1.4 Constrain Clocks/Macros | Checksum: 71a4dd22

Time (s): cpu = 00:00:25 ; elapsed = 00:00:25 . Memory (MB): peak = 2310.504 ; gain = 7.969
Phase 1 Placer Initialization | Checksum: 71a4dd22

Time (s): cpu = 00:00:25 ; elapsed = 00:00:25 . Memory (MB): peak = 2310.504 ; gain = 7.969

Phase 2 Global Placement

Phase 2.1 Floorplanning
Phase 2.1 Floorplanning | Checksum: 11260be9d

Time (s): cpu = 00:00:30 ; elapsed = 00:00:29 . Memory (MB): peak = 2310.504 ; gain = 7.969

Phase 2.2 Update Timing before SLR Path Opt
Phase 2.2 Update Timing before SLR Path Opt | Checksum: 4d8ce479

Time (s): cpu = 00:00:35 ; elapsed = 00:00:33 . Memory (MB): peak = 2310.504 ; gain = 7.969

Phase 2.3 Post-Processing in Floorplanning
Phase 2.3 Post-Processing in Floorplanning | Checksum: 4d8ce479

Time (s): cpu = 00:00:35 ; elapsed = 00:00:33 . Memory (MB): peak = 2310.504 ; gain = 7.969

Phase 2.4 Global Place Phase1
Phase 2.4 Global Place Phase1 | Checksum: 144ce6fcf

Time (s): cpu = 00:01:14 ; elapsed = 00:01:09 . Memory (MB): peak = 2310.504 ; gain = 7.969

Phase 2.5 Global Place Phase2

Phase 2.5.1 UpdateTiming Before Physical Synthesis
Phase 2.5.1 UpdateTiming Before Physical Synthesis | Checksum: f93e5299

Time (s): cpu = 00:01:19 ; elapsed = 00:01:13 . Memory (MB): peak = 2310.504 ; gain = 7.969

Phase 2.5.2 Physical Synthesis In Placer
INFO: [Physopt 32-1035] Found 0 LUTNM shape to break, 207 LUT instances to create LUTNM shape
INFO: [Physopt 32-1044] Break lutnm for timing: one critical 0, two critical 0, total 0, new lutff created 0
INFO: [Physopt 32-1138] End 1 Pass. Optimized 95 nets or LUTs. Breaked 0 LUT, combined 95 existing LUTs and moved 0 existing LUT
INFO: [Physopt 32-65] No nets found for high-fanout optimization.
INFO: [Physopt 32-232] Optimized 0 net. Created 0 new instance.
INFO: [Physopt 32-775] End 1 Pass. Optimized 0 net or cell. Created 0 new cell, deleted 0 existing cell and moved 0 existing cell
INFO: [Physopt 32-670] No setup violation found.  DSP Register Optimization was not performed.
INFO: [Physopt 32-670] No setup violation found.  Shift Register to Pipeline Optimization was not performed.
INFO: [Physopt 32-670] No setup violation found.  Shift Register Optimization was not performed.
INFO: [Physopt 32-670] No setup violation found.  BRAM Register Optimization was not performed.
INFO: [Physopt 32-670] No setup violation found.  URAM Register Optimization was not performed.
INFO: [Physopt 32-949] No candidate nets found for dynamic/static region interface net replication
INFO: [Physopt 32-775] End 1 Pass. Optimized 0 net or cell. Created 0 new cell, deleted 0 existing cell and moved 0 existing cell
Netlist sorting complete. Time (s): cpu = 00:00:00 ; elapsed = 00:00:00.033 . Memory (MB): peak = 2310.504 ; gain = 0.000

Summary of Physical Synthesis Optimizations
============================================


-----------------------------------------------------------------------------------------------------------------------------------------------------------
|  Optimization                                     |  Added Cells  |  Removed Cells  |  Optimized Cells/Nets  |  Dont Touch  |  Iterations  |  Elapsed   |
-----------------------------------------------------------------------------------------------------------------------------------------------------------
|  LUT Combining                                    |            0  |             95  |                    95  |           0  |           1  |  00:00:01  |
|  Retime                                           |            0  |              0  |                     0  |           0  |           1  |  00:00:00  |
|  Very High Fanout                                 |            0  |              0  |                     0  |           0  |           1  |  00:00:00  |
|  DSP Register                                     |            0  |              0  |                     0  |           0  |           0  |  00:00:00  |
|  Shift Register to Pipeline                       |            0  |              0  |                     0  |           0  |           0  |  00:00:00  |
|  Shift Register                                   |            0  |              0  |                     0  |           0  |           0  |  00:00:00  |
|  BRAM Register                                    |            0  |              0  |                     0  |           0  |           0  |  00:00:00  |
|  URAM Register                                    |            0  |              0  |                     0  |           0  |           0  |  00:00:00  |
|  Dynamic/Static Region Interface Net Replication  |            0  |              0  |                     0  |           0  |           1  |  00:00:00  |
|  Total                                            |            0  |             95  |                    95  |           0  |           4  |  00:00:02  |
-----------------------------------------------------------------------------------------------------------------------------------------------------------


Phase 2.5.2 Physical Synthesis In Placer | Checksum: 17c668ed1

Time (s): cpu = 00:01:26 ; elapsed = 00:01:20 . Memory (MB): peak = 2310.504 ; gain = 7.969
Phase 2.5 Global Place Phase2 | Checksum: 1775a3fe9

Time (s): cpu = 00:01:31 ; elapsed = 00:01:23 . Memory (MB): peak = 2310.504 ; gain = 7.969
Phase 2 Global Placement | Checksum: 1775a3fe9

Time (s): cpu = 00:01:31 ; elapsed = 00:01:23 . Memory (MB): peak = 2310.504 ; gain = 7.969

Phase 3 Detail Placement

Phase 3.1 Commit Multi Column Macros
Phase 3.1 Commit Multi Column Macros | Checksum: 18adc456d

Time (s): cpu = 00:01:37 ; elapsed = 00:01:28 . Memory (MB): peak = 2310.504 ; gain = 7.969

Phase 3.2 Commit Most Macros & LUTRAMs
Phase 3.2 Commit Most Macros & LUTRAMs | Checksum: 111cfe278

Time (s): cpu = 00:01:47 ; elapsed = 00:01:37 . Memory (MB): peak = 2310.504 ; gain = 7.969

Phase 3.3 Area Swap Optimization
Phase 3.3 Area Swap Optimization | Checksum: 1122dcde6

Time (s): cpu = 00:01:47 ; elapsed = 00:01:38 . Memory (MB): peak = 2310.504 ; gain = 7.969

Phase 3.4 Pipeline Register Optimization
Phase 3.4 Pipeline Register Optimization | Checksum: 158e45968

Time (s): cpu = 00:01:48 ; elapsed = 00:01:38 . Memory (MB): peak = 2310.504 ; gain = 7.969

Phase 3.5 Small Shape Detail Placement
Phase 3.5 Small Shape Detail Placement | Checksum: 140dee245

Time (s): cpu = 00:02:13 ; elapsed = 00:02:16 . Memory (MB): peak = 2310.504 ; gain = 7.969

Phase 3.6 Re-assign LUT pins
Phase 3.6 Re-assign LUT pins | Checksum: 11540d7c9

Time (s): cpu = 00:02:16 ; elapsed = 00:02:20 . Memory (MB): peak = 2310.504 ; gain = 7.969

Phase 3.7 Pipeline Register Optimization
Phase 3.7 Pipeline Register Optimization | Checksum: 119307910

Time (s): cpu = 00:02:17 ; elapsed = 00:02:20 . Memory (MB): peak = 2310.504 ; gain = 7.969
Phase 3 Detail Placement | Checksum: 119307910

Time (s): cpu = 00:02:18 ; elapsed = 00:02:21 . Memory (MB): peak = 2310.504 ; gain = 7.969

Phase 4 Post Placement Optimization and Clean-Up

Phase 4.1 Post Commit Optimization
INFO: [Timing 38-35] Done setting XDC timing constraints.

Phase 4.1.1 Post Placement Optimization
Post Placement Optimization Initialization | Checksum: 1ac0d25b6

Phase 4.1.1.1 BUFG Insertion

Starting Physical Synthesis Task

Phase 1 Physical Synthesis Initialization
INFO: [Physopt 32-721] Multithreading enabled for phys_opt_design using a maximum of 2 CPUs
INFO: [Physopt 32-619] Estimated Timing Summary | WNS=2.618 | TNS=0.000 |
Phase 1 Physical Synthesis Initialization | Checksum: 19b655b21

Time (s): cpu = 00:00:03 ; elapsed = 00:00:02 . Memory (MB): peak = 2328.598 ; gain = 0.000
INFO: [Place 46-33] Processed net bd_0_i/hls_inst/inst/AB_block_9_0_reg_534, BUFG insertion was skipped due to placement/routing conflicts.
INFO: [Place 46-33] Processed net bd_0_i/hls_inst/inst/AB_block_9_1_reg_717, BUFG insertion was skipped due to placement/routing conflicts.
INFO: [Place 46-33] Processed net bd_0_i/hls_inst/inst/gmem_m_axi_U/store_unit_0/buff_wdata/U_fifo_srl/SR[0], BUFG insertion was skipped due to placement/routing conflicts.
INFO: [Place 46-56] BUFG insertion identified 3 candidate nets. Inserted BUFG: 0, Replicated BUFG Driver: 0, Skipped due to Placement/Routing Conflicts: 3, Skipped due to Timing Degradation: 0, Skipped due to netlist editing failed: 0.
Ending Physical Synthesis Task | Checksum: 11fea3153

Time (s): cpu = 00:00:05 ; elapsed = 00:00:04 . Memory (MB): peak = 2328.598 ; gain = 0.000
Phase 4.1.1.1 BUFG Insertion | Checksum: 1ac0d25b6

Time (s): cpu = 00:02:41 ; elapsed = 00:02:39 . Memory (MB): peak = 2328.598 ; gain = 26.062

Phase 4.1.1.2 Post Placement Timing Optimization
INFO: [Place 30-746] Post Placement Timing Summary WNS=2.618. For the most accurate timing information please run report_timing.
Phase 4.1.1.2 Post Placement Timing Optimization | Checksum: 11b2916d4

Time (s): cpu = 00:02:42 ; elapsed = 00:02:40 . Memory (MB): peak = 2328.598 ; gain = 26.062

Time (s): cpu = 00:02:42 ; elapsed = 00:02:40 . Memory (MB): peak = 2328.598 ; gain = 26.062
Phase 4.1 Post Commit Optimization | Checksum: 11b2916d4

Time (s): cpu = 00:02:42 ; elapsed = 00:02:40 . Memory (MB): peak = 2328.598 ; gain = 26.062

Phase 4.2 Post Placement Cleanup
Phase 4.2 Post Placement Cleanup | Checksum: 11b2916d4

Time (s): cpu = 00:02:43 ; elapsed = 00:02:40 . Memory (MB): peak = 2328.598 ; gain = 26.062

Phase 4.3 Placer Reporting

Phase 4.3.1 Print Estimated Congestion
INFO: [Place 30-612] Post-Placement Estimated Congestion 
 ____________________________________________________
|           | Global Congestion | Short Congestion  |
| Direction | Region Size       | Region Size       |
|___________|___________________|___________________|
|      North|                2x2|                4x4|
|___________|___________________|___________________|
|      South|                1x1|                2x2|
|___________|___________________|___________________|
|       East|              16x16|                4x4|
|___________|___________________|___________________|
|       West|                1x1|                2x2|
|___________|___________________|___________________|

Phase 4.3.1 Print Estimated Congestion | Checksum: 11b2916d4

Time (s): cpu = 00:02:44 ; elapsed = 00:02:41 . Memory (MB): peak = 2328.598 ; gain = 26.062
Phase 4.3 Placer Reporting | Checksum: 11b2916d4

Time (s): cpu = 00:02:44 ; elapsed = 00:02:41 . Memory (MB): peak = 2328.598 ; gain = 26.062

Phase 4.4 Final Placement Cleanup
Netlist sorting complete. Time (s): cpu = 00:00:00 ; elapsed = 00:00:00.482 . Memory (MB): peak = 2328.598 ; gain = 0.000

Time (s): cpu = 00:02:44 ; elapsed = 00:02:42 . Memory (MB): peak = 2328.598 ; gain = 26.062
Phase 4 Post Placement Optimization and Clean-Up | Checksum: 1120b8f68

Time (s): cpu = 00:02:45 ; elapsed = 00:02:43 . Memory (MB): peak = 2328.598 ; gain = 26.062
Ending Placer Task | Checksum: ef7ab1ef

Time (s): cpu = 00:02:46 ; elapsed = 00:02:43 . Memory (MB): peak = 2328.598 ; gain = 26.062
78 Infos, 5 Warnings, 0 Critical Warnings and 0 Errors encountered.
place_design completed successfully
place_design: Time (s): cpu = 00:02:51 ; elapsed = 00:02:47 . Memory (MB): peak = 2328.598 ; gain = 26.062
INFO: [Vivado 12-24838] Running report commands "report_control_sets, report_io, report_utilization" in parallel.
Running report generation with 2 threads.
INFO: [Vivado 12-24828] Executing command : report_io -file bd_0_wrapper_io_placed.rpt
report_io: Time (s): cpu = 00:00:00 ; elapsed = 00:00:00.140 . Memory (MB): peak = 2328.598 ; gain = 0.000
INFO: [Vivado 12-24828] Executing command : report_control_sets -verbose -file bd_0_wrapper_control_sets_placed.rpt
report_control_sets: Time (s): cpu = 00:00:00 ; elapsed = 00:00:00.141 . Memory (MB): peak = 2328.598 ; gain = 0.000
INFO: [Vivado 12-24828] Executing command : report_utilization -file bd_0_wrapper_utilization_placed.rpt -pb bd_0_wrapper_utilization_placed.pb
INFO: [Timing 38-480] Writing timing data to binary archive.
Write ShapeDB Complete: Time (s): cpu = 00:00:02 ; elapsed = 00:00:00.852 . Memory (MB): peak = 2328.598 ; gain = 0.000
Wrote PlaceDB: Time (s): cpu = 00:00:15 ; elapsed = 00:00:17 . Memory (MB): peak = 2328.598 ; gain = 0.000
Wrote PulsedLatchDB: Time (s): cpu = 00:00:00 ; elapsed = 00:00:00.001 . Memory (MB): peak = 2328.598 ; gain = 0.000
Writing XDEF routing.
Writing XDEF routing logical nets.
Writing XDEF routing special nets.
Wrote RouteStorage: Time (s): cpu = 00:00:00 ; elapsed = 00:00:00.418 . Memory (MB): peak = 2328.598 ; gain = 0.000
Wrote Netlist Cache: Time (s): cpu = 00:00:00 ; elapsed = 00:00:00.237 . Memory (MB): peak = 2328.598 ; gain = 0.000
Wrote Device Cache: Time (s): cpu = 00:00:00 ; elapsed = 00:00:00.022 . Memory (MB): peak = 2328.598 ; gain = 0.000
Write Physdb Complete: Time (s): cpu = 00:00:15 ; elapsed = 00:00:18 . Memory (MB): peak = 2328.598 ; gain = 0.000
INFO: [Common 17-1381] The checkpoint 'C:/Users/seanr/vitis_projects/Lab3_MLP_optimization/baseline_blockedMM/baseline_blockedMM/hls/impl/verilog/project.runs/impl_1/bd_0_wrapper_placed.dcp' has been generated.
write_checkpoint: Time (s): cpu = 00:00:17 ; elapsed = 00:00:22 . Memory (MB): peak = 2328.598 ; gain = 0.000
Command: phys_opt_design
Attempting to get a license for feature 'Implementation' and/or device 'xc7z020'
INFO: [Common 17-349] Got license for feature 'Implementation' and/or device 'xc7z020'

Starting Initial Update Timing Task
WARNING: [Timing 38-242] The property HD.CLK_SRC of clock port "ap_clk" is not set. In out-of-context mode, this prevents timing estimation for clock delay/skew
Resolution: Set the HD.CLK_SRC property of the out-of-context port to the location of the clock buffer instance in the top-level design

Time (s): cpu = 00:00:14 ; elapsed = 00:00:11 . Memory (MB): peak = 2336.695 ; gain = 8.098
INFO: [Vivado_Tcl 4-2279] Estimated Timing Summary | WNS= 2.618 | TNS= 0.000 | 
INFO: [Vivado_Tcl 4-383] Design worst setup slack (WNS) is greater than or equal to 0.000 ns. All physical synthesis setup optimizations will be skipped.
INFO: [Vivado_Tcl 4-232] No setup violation found. The netlist was not modified.
INFO: [Common 17-83] Releasing license: Implementation
89 Infos, 6 Warnings, 0 Critical Warnings and 0 Errors encountered.
phys_opt_design completed successfully
phys_opt_design: Time (s): cpu = 00:00:14 ; elapsed = 00:00:12 . Memory (MB): peak = 2336.695 ; gain = 8.098
INFO: [Timing 38-480] Writing timing data to binary archive.
Write ShapeDB Complete: Time (s): cpu = 00:00:02 ; elapsed = 00:00:00.907 . Memory (MB): peak = 2351.637 ; gain = 7.133
Wrote PlaceDB: Time (s): cpu = 00:00:11 ; elapsed = 00:00:09 . Memory (MB): peak = 2352.453 ; gain = 7.914
Wrote PulsedLatchDB: Time (s): cpu = 00:00:00 ; elapsed = 00:00:00 . Memory (MB): peak = 2352.453 ; gain = 0.000
Writing XDEF routing.
Writing XDEF routing logical nets.
Writing XDEF routing special nets.
Wrote RouteStorage: Time (s): cpu = 00:00:00 ; elapsed = 00:00:00.090 . Memory (MB): peak = 2352.453 ; gain = 0.000
Wrote Netlist Cache: Time (s): cpu = 00:00:01 ; elapsed = 00:00:00.161 . Memory (MB): peak = 2352.453 ; gain = 0.000
Wrote Device Cache: Time (s): cpu = 00:00:00 ; elapsed = 00:00:00.013 . Memory (MB): peak = 2352.453 ; gain = 0.000
Write Physdb Complete: Time (s): cpu = 00:00:12 ; elapsed = 00:00:10 . Memory (MB): peak = 2352.453 ; gain = 7.914
INFO: [Common 17-1381] The checkpoint 'C:/Users/seanr/vitis_projects/Lab3_MLP_optimization/baseline_blockedMM/baseline_blockedMM/hls/impl/verilog/project.runs/impl_1/bd_0_wrapper_physopt.dcp' has been generated.
write_checkpoint: Time (s): cpu = 00:00:13 ; elapsed = 00:00:14 . Memory (MB): peak = 2352.453 ; gain = 15.758
Command: route_design
Attempting to get a license for feature 'Implementation' and/or device 'xc7z020'
INFO: [Common 17-349] Got license for feature 'Implementation' and/or device 'xc7z020'


Starting Routing Task
INFO: [Route 35-254] Multithreading enabled for route_design using a maximum of 2 CPUs

Phase 1 Build RT Design
Checksum: PlaceDB: 22004f9d ConstDB: 0 ShapeSum: b780ef62 RouteDB: 15f972f0
WARNING: [Route 35-197] Clock port "ap_clk" does not have an associated HD.CLK_SRC. Without this constraint, timing analysis may not be accurate and upstream checks cannot be done to ensure correct clock placement.
WARNING: [Route 35-198] Port "ap_rst_n" does not have an associated HD.PARTPIN_LOCS, which will prevent the partial routing of the signal "ap_rst_n". Without this partial route, timing analysis to/from this port will not be accurate, and no routing information for this port can be exported.
WARNING: [Route 35-198] Port "s_axi_control_wstrb[2]" does not have an associated HD.PARTPIN_LOCS, which will prevent the partial routing of the signal "s_axi_control_wstrb[2]". Without this partial route, timing analysis to/from this port will not be accurate, and no routing information for this port can be exported.
WARNING: [Route 35-198] Port "s_axi_control_wdata[22]" does not have an associated HD.PARTPIN_LOCS, which will prevent the partial routing of the signal "s_axi_control_wdata[22]". Without this partial route, timing analysis to/from this port will not be accurate, and no routing information for this port can be exported.
WARNING: [Route 35-198] Port "s_axi_control_wdata[23]" does not have an associated HD.PARTPIN_LOCS, which will prevent the partial routing of the signal "s_axi_control_wdata[23]". Without this partial route, timing analysis to/from this port will not be accurate, and no routing information for this port can be exported.
WARNING: [Route 35-198] Port "s_axi_control_wstrb[3]" does not have an associated HD.PARTPIN_LOCS, which will prevent the partial routing of the signal "s_axi_control_wstrb[3]". Without this partial route, timing analysis to/from this port will not be accurate, and no routing information for this port can be exported.
WARNING: [Route 35-198] Port "s_axi_control_wdata[28]" does not have an associated HD.PARTPIN_LOCS, which will prevent the partial routing of the signal "s_axi_control_wdata[28]". Without this partial route, timing analysis to/from this port will not be accurate, and no routing information for this port can be exported.
WARNING: [Route 35-198] Port "s_axi_control_wdata[29]" does not have an associated HD.PARTPIN_LOCS, which will prevent the partial routing of the signal "s_axi_control_wdata[29]". Without this partial route, timing analysis to/from this port will not be accurate, and no routing information for this port can be exported.
WARNING: [Route 35-198] Port "s_axi_control_araddr[2]" does not have an associated HD.PARTPIN_LOCS, which will prevent the partial routing of the signal "s_axi_control_araddr[2]". Without this partial route, timing analysis to/from this port will not be accurate, and no routing information for this port can be exported.
WARNING: [Route 35-198] Port "s_axi_control_araddr[3]" does not have an associated HD.PARTPIN_LOCS, which will prevent the partial routing of the signal "s_axi_control_araddr[3]". Without this partial route, timing analysis to/from this port will not be accurate, and no routing information for this port can be exported.
WARNING: [Route 35-198] Port "s_axi_control_araddr[4]" does not have an associated HD.PARTPIN_LOCS, which will prevent the partial routing of the signal "s_axi_control_araddr[4]". Without this partial route, timing analysis to/from this port will not be accurate, and no routing information for this port can be exported.
WARNING: [Route 35-198] Port "s_axi_control_wdata[30]" does not have an associated HD.PARTPIN_LOCS, which will prevent the partial routing of the signal "s_axi_control_wdata[30]". Without this partial route, timing analysis to/from this port will not be accurate, and no routing information for this port can be exported.
WARNING: [Route 35-198] Port "s_axi_control_wdata[31]" does not have an associated HD.PARTPIN_LOCS, which will prevent the partial routing of the signal "s_axi_control_wdata[31]". Without this partial route, timing analysis to/from this port will not be accurate, and no routing information for this port can be exported.
WARNING: [Route 35-198] Port "s_axi_control_wdata[26]" does not have an associated HD.PARTPIN_LOCS, which will prevent the partial routing of the signal "s_axi_control_wdata[26]". Without this partial route, timing analysis to/from this port will not be accurate, and no routing information for this port can be exported.
WARNING: [Route 35-198] Port "s_axi_control_wdata[27]" does not have an associated HD.PARTPIN_LOCS, which will prevent the partial routing of the signal "s_axi_control_wdata[27]". Without this partial route, timing analysis to/from this port will not be accurate, and no routing information for this port can be exported.
WARNING: [Route 35-198] Port "s_axi_control_wdata[20]" does not have an associated HD.PARTPIN_LOCS, which will prevent the partial routing of the signal "s_axi_control_wdata[20]". Without this partial route, timing analysis to/from this port will not be accurate, and no routing information for this port can be exported.
WARNING: [Route 35-198] Port "s_axi_control_wdata[21]" does not have an associated HD.PARTPIN_LOCS, which will prevent the partial routing of the signal "s_axi_control_wdata[21]". Without this partial route, timing analysis to/from this port will not be accurate, and no routing information for this port can be exported.
WARNING: [Route 35-198] Port "s_axi_control_wdata[24]" does not have an associated HD.PARTPIN_LOCS, which will prevent the partial routing of the signal "s_axi_control_wdata[24]". Without this partial route, timing analysis to/from this port will not be accurate, and no routing information for this port can be exported.
WARNING: [Route 35-198] Port "s_axi_control_wdata[25]" does not have an associated HD.PARTPIN_LOCS, which will prevent the partial routing of the signal "s_axi_control_wdata[25]". Without this partial route, timing analysis to/from this port will not be accurate, and no routing information for this port can be exported.
WARNING: [Route 35-198] Port "s_axi_control_wdata[16]" does not have an associated HD.PARTPIN_LOCS, which will prevent the partial routing of the signal "s_axi_control_wdata[16]". Without this partial route, timing analysis to/from this port will not be accurate, and no routing information for this port can be exported.
WARNING: [Route 35-198] Port "s_axi_control_wdata[17]" does not have an associated HD.PARTPIN_LOCS, which will prevent the partial routing of the signal "s_axi_control_wdata[17]". Without this partial route, timing analysis to/from this port will not be accurate, and no routing information for this port can be exported.
WARNING: [Route 35-198] Port "s_axi_control_wstrb[1]" does not have an associated HD.PARTPIN_LOCS, which will prevent the partial routing of the signal "s_axi_control_wstrb[1]". Without this partial route, timing analysis to/from this port will not be accurate, and no routing information for this port can be exported.
WARNING: [Route 35-198] Port "s_axi_control_wdata[14]" does not have an associated HD.PARTPIN_LOCS, which will prevent the partial routing of the signal "s_axi_control_wdata[14]". Without this partial route, timing analysis to/from this port will not be accurate, and no routing information for this port can be exported.
WARNING: [Route 35-198] Port "s_axi_control_wdata[15]" does not have an associated HD.PARTPIN_LOCS, which will prevent the partial routing of the signal "s_axi_control_wdata[15]". Without this partial route, timing analysis to/from this port will not be accurate, and no routing information for this port can be exported.
WARNING: [Route 35-198] Port "s_axi_control_wdata[12]" does not have an associated HD.PARTPIN_LOCS, which will prevent the partial routing of the signal "s_axi_control_wdata[12]". Without this partial route, timing analysis to/from this port will not be accurate, and no routing information for this port can be exported.
WARNING: [Route 35-198] Port "s_axi_control_wdata[13]" does not have an associated HD.PARTPIN_LOCS, which will prevent the partial routing of the signal "s_axi_control_wdata[13]". Without this partial route, timing analysis to/from this port will not be accurate, and no routing information for this port can be exported.
WARNING: [Route 35-198] Port "s_axi_control_wdata[18]" does not have an associated HD.PARTPIN_LOCS, which will prevent the partial routing of the signal "s_axi_control_wdata[18]". Without this partial route, timing analysis to/from this port will not be accurate, and no routing information for this port can be exported.
WARNING: [Route 35-198] Port "s_axi_control_wdata[19]" does not have an associated HD.PARTPIN_LOCS, which will prevent the partial routing of the signal "s_axi_control_wdata[19]". Without this partial route, timing analysis to/from this port will not be accurate, and no routing information for this port can be exported.
WARNING: [Route 35-198] Port "s_axi_control_arvalid" does not have an associated HD.PARTPIN_LOCS, which will prevent the partial routing of the signal "s_axi_control_arvalid". Without this partial route, timing analysis to/from this port will not be accurate, and no routing information for this port can be exported.
WARNING: [Route 35-198] Port "s_axi_control_rready" does not have an associated HD.PARTPIN_LOCS, which will prevent the partial routing of the signal "s_axi_control_rready". Without this partial route, timing analysis to/from this port will not be accurate, and no routing information for this port can be exported.
WARNING: [Route 35-198] Port "s_axi_control_araddr[1]" does not have an associated HD.PARTPIN_LOCS, which will prevent the partial routing of the signal "s_axi_control_araddr[1]". Without this partial route, timing analysis to/from this port will not be accurate, and no routing information for this port can be exported.
WARNING: [Route 35-198] Port "s_axi_control_wstrb[0]" does not have an associated HD.PARTPIN_LOCS, which will prevent the partial routing of the signal "s_axi_control_wstrb[0]". Without this partial route, timing analysis to/from this port will not be accurate, and no routing information for this port can be exported.
WARNING: [Route 35-198] Port "s_axi_control_wdata[2]" does not have an associated HD.PARTPIN_LOCS, which will prevent the partial routing of the signal "s_axi_control_wdata[2]". Without this partial route, timing analysis to/from this port will not be accurate, and no routing information for this port can be exported.
WARNING: [Route 35-198] Port "s_axi_control_wdata[3]" does not have an associated HD.PARTPIN_LOCS, which will prevent the partial routing of the signal "s_axi_control_wdata[3]". Without this partial route, timing analysis to/from this port will not be accurate, and no routing information for this port can be exported.
WARNING: [Route 35-198] Port "s_axi_control_wdata[6]" does not have an associated HD.PARTPIN_LOCS, which will prevent the partial routing of the signal "s_axi_control_wdata[6]". Without this partial route, timing analysis to/from this port will not be accurate, and no routing information for this port can be exported.
WARNING: [Route 35-198] Port "s_axi_control_wdata[7]" does not have an associated HD.PARTPIN_LOCS, which will prevent the partial routing of the signal "s_axi_control_wdata[7]". Without this partial route, timing analysis to/from this port will not be accurate, and no routing information for this port can be exported.
WARNING: [Route 35-198] Port "s_axi_control_wdata[8]" does not have an associated HD.PARTPIN_LOCS, which will prevent the partial routing of the signal "s_axi_control_wdata[8]". Without this partial route, timing analysis to/from this port will not be accurate, and no routing information for this port can be exported.
WARNING: [Route 35-198] Port "s_axi_control_wdata[9]" does not have an associated HD.PARTPIN_LOCS, which will prevent the partial routing of the signal "s_axi_control_wdata[9]". Without this partial route, timing analysis to/from this port will not be accurate, and no routing information for this port can be exported.
WARNING: [Route 35-198] Port "s_axi_control_wdata[4]" does not have an associated HD.PARTPIN_LOCS, which will prevent the partial routing of the signal "s_axi_control_wdata[4]". Without this partial route, timing analysis to/from this port will not be accurate, and no routing information for this port can be exported.
WARNING: [Route 35-198] Port "s_axi_control_wdata[5]" does not have an associated HD.PARTPIN_LOCS, which will prevent the partial routing of the signal "s_axi_control_wdata[5]". Without this partial route, timing analysis to/from this port will not be accurate, and no routing information for this port can be exported.
WARNING: [Route 35-198] Port "s_axi_control_wdata[10]" does not have an associated HD.PARTPIN_LOCS, which will prevent the partial routing of the signal "s_axi_control_wdata[10]". Without this partial route, timing analysis to/from this port will not be accurate, and no routing information for this port can be exported.
WARNING: [Route 35-198] Port "s_axi_control_wdata[11]" does not have an associated HD.PARTPIN_LOCS, which will prevent the partial routing of the signal "s_axi_control_wdata[11]". Without this partial route, timing analysis to/from this port will not be accurate, and no routing information for this port can be exported.
WARNING: [Route 35-198] Port "s_axi_control_wdata[0]" does not have an associated HD.PARTPIN_LOCS, which will prevent the partial routing of the signal "s_axi_control_wdata[0]". Without this partial route, timing analysis to/from this port will not be accurate, and no routing information for this port can be exported.
WARNING: [Route 35-198] Port "s_axi_control_wdata[1]" does not have an associated HD.PARTPIN_LOCS, which will prevent the partial routing of the signal "s_axi_control_wdata[1]". Without this partial route, timing analysis to/from this port will not be accurate, and no routing information for this port can be exported.
WARNING: [Route 35-198] Port "s_axi_control_araddr[6]" does not have an associated HD.PARTPIN_LOCS, which will prevent the partial routing of the signal "s_axi_control_araddr[6]". Without this partial route, timing analysis to/from this port will not be accurate, and no routing information for this port can be exported.
WARNING: [Route 35-198] Port "s_axi_control_araddr[0]" does not have an associated HD.PARTPIN_LOCS, which will prevent the partial routing of the signal "s_axi_control_araddr[0]". Without this partial route, timing analysis to/from this port will not be accurate, and no routing information for this port can be exported.
WARNING: [Route 35-198] Port "s_axi_control_araddr[5]" does not have an associated HD.PARTPIN_LOCS, which will prevent the partial routing of the signal "s_axi_control_araddr[5]". Without this partial route, timing analysis to/from this port will not be accurate, and no routing information for this port can be exported.
WARNING: [Route 35-198] Port "s_axi_control_wvalid" does not have an associated HD.PARTPIN_LOCS, which will prevent the partial routing of the signal "s_axi_control_wvalid". Without this partial route, timing analysis to/from this port will not be accurate, and no routing information for this port can be exported.
WARNING: [Route 35-198] Port "s_axi_control_awvalid" does not have an associated HD.PARTPIN_LOCS, which will prevent the partial routing of the signal "s_axi_control_awvalid". Without this partial route, timing analysis to/from this port will not be accurate, and no routing information for this port can be exported.
WARNING: [Route 35-198] Port "s_axi_control_bready" does not have an associated HD.PARTPIN_LOCS, which will prevent the partial routing of the signal "s_axi_control_bready". Without this partial route, timing analysis to/from this port will not be accurate, and no routing information for this port can be exported.
WARNING: [Route 35-198] Port "s_axi_control_awaddr[2]" does not have an associated HD.PARTPIN_LOCS, which will prevent the partial routing of the signal "s_axi_control_awaddr[2]". Without this partial route, timing analysis to/from this port will not be accurate, and no routing information for this port can be exported.
WARNING: [Route 35-198] Port "s_axi_control_awaddr[3]" does not have an associated HD.PARTPIN_LOCS, which will prevent the partial routing of the signal "s_axi_control_awaddr[3]". Without this partial route, timing analysis to/from this port will not be accurate, and no routing information for this port can be exported.
WARNING: [Route 35-198] Port "s_axi_control_awaddr[5]" does not have an associated HD.PARTPIN_LOCS, which will prevent the partial routing of the signal "s_axi_control_awaddr[5]". Without this partial route, timing analysis to/from this port will not be accurate, and no routing information for this port can be exported.
WARNING: [Route 35-198] Port "s_axi_control_awaddr[4]" does not have an associated HD.PARTPIN_LOCS, which will prevent the partial routing of the signal "s_axi_control_awaddr[4]". Without this partial route, timing analysis to/from this port will not be accurate, and no routing information for this port can be exported.
WARNING: [Route 35-198] Port "s_axi_control_awaddr[6]" does not have an associated HD.PARTPIN_LOCS, which will prevent the partial routing of the signal "s_axi_control_awaddr[6]". Without this partial route, timing analysis to/from this port will not be accurate, and no routing information for this port can be exported.
WARNING: [Route 35-198] Port "m_axi_gmem_bvalid" does not have an associated HD.PARTPIN_LOCS, which will prevent the partial routing of the signal "m_axi_gmem_bvalid". Without this partial route, timing analysis to/from this port will not be accurate, and no routing information for this port can be exported.
WARNING: [Route 35-198] Port "m_axi_gmem_awready" does not have an associated HD.PARTPIN_LOCS, which will prevent the partial routing of the signal "m_axi_gmem_awready". Without this partial route, timing analysis to/from this port will not be accurate, and no routing information for this port can be exported.
WARNING: [Route 35-198] Port "m_axi_gmem_wready" does not have an associated HD.PARTPIN_LOCS, which will prevent the partial routing of the signal "m_axi_gmem_wready". Without this partial route, timing analysis to/from this port will not be accurate, and no routing information for this port can be exported.
WARNING: [Route 35-198] Port "m_axi_gmem_arready" does not have an associated HD.PARTPIN_LOCS, which will prevent the partial routing of the signal "m_axi_gmem_arready". Without this partial route, timing analysis to/from this port will not be accurate, and no routing information for this port can be exported.
WARNING: [Route 35-198] Port "m_axi_gmem_rdata[31]" does not have an associated HD.PARTPIN_LOCS, which will prevent the partial routing of the signal "m_axi_gmem_rdata[31]". Without this partial route, timing analysis to/from this port will not be accurate, and no routing information for this port can be exported.
WARNING: [Route 35-198] Port "m_axi_gmem_rdata[41]" does not have an associated HD.PARTPIN_LOCS, which will prevent the partial routing of the signal "m_axi_gmem_rdata[41]". Without this partial route, timing analysis to/from this port will not be accurate, and no routing information for this port can be exported.
WARNING: [Route 35-198] Port "m_axi_gmem_rdata[57]" does not have an associated HD.PARTPIN_LOCS, which will prevent the partial routing of the signal "m_axi_gmem_rdata[57]". Without this partial route, timing analysis to/from this port will not be accurate, and no routing information for this port can be exported.
WARNING: [Route 35-198] Port "m_axi_gmem_rdata[43]" does not have an associated HD.PARTPIN_LOCS, which will prevent the partial routing of the signal "m_axi_gmem_rdata[43]". Without this partial route, timing analysis to/from this port will not be accurate, and no routing information for this port can be exported.
WARNING: [Route 35-198] Port "m_axi_gmem_rdata[45]" does not have an associated HD.PARTPIN_LOCS, which will prevent the partial routing of the signal "m_axi_gmem_rdata[45]". Without this partial route, timing analysis to/from this port will not be accurate, and no routing information for this port can be exported.
WARNING: [Route 35-198] Port "m_axi_gmem_rdata[47]" does not have an associated HD.PARTPIN_LOCS, which will prevent the partial routing of the signal "m_axi_gmem_rdata[47]". Without this partial route, timing analysis to/from this port will not be accurate, and no routing information for this port can be exported.
WARNING: [Route 35-198] Port "m_axi_gmem_rdata[51]" does not have an associated HD.PARTPIN_LOCS, which will prevent the partial routing of the signal "m_axi_gmem_rdata[51]". Without this partial route, timing analysis to/from this port will not be accurate, and no routing information for this port can be exported.
WARNING: [Route 35-198] Port "m_axi_gmem_rdata[15]" does not have an associated HD.PARTPIN_LOCS, which will prevent the partial routing of the signal "m_axi_gmem_rdata[15]". Without this partial route, timing analysis to/from this port will not be accurate, and no routing information for this port can be exported.
WARNING: [Route 35-198] Port "m_axi_gmem_rdata[25]" does not have an associated HD.PARTPIN_LOCS, which will prevent the partial routing of the signal "m_axi_gmem_rdata[25]". Without this partial route, timing analysis to/from this port will not be accurate, and no routing information for this port can be exported.
WARNING: [Route 35-198] Port "m_axi_gmem_rdata[61]" does not have an associated HD.PARTPIN_LOCS, which will prevent the partial routing of the signal "m_axi_gmem_rdata[61]". Without this partial route, timing analysis to/from this port will not be accurate, and no routing information for this port can be exported.
WARNING: [Route 35-198] Port "m_axi_gmem_rdata[53]" does not have an associated HD.PARTPIN_LOCS, which will prevent the partial routing of the signal "m_axi_gmem_rdata[53]". Without this partial route, timing analysis to/from this port will not be accurate, and no routing information for this port can be exported.
WARNING: [Route 35-198] Port "m_axi_gmem_rdata[19]" does not have an associated HD.PARTPIN_LOCS, which will prevent the partial routing of the signal "m_axi_gmem_rdata[19]". Without this partial route, timing analysis to/from this port will not be accurate, and no routing information for this port can be exported.
WARNING: [Route 35-198] Port "m_axi_gmem_rdata[29]" does not have an associated HD.PARTPIN_LOCS, which will prevent the partial routing of the signal "m_axi_gmem_rdata[29]". Without this partial route, timing analysis to/from this port will not be accurate, and no routing information for this port can be exported.
WARNING: [Route 35-198] Port "m_axi_gmem_rdata[3]" does not have an associated HD.PARTPIN_LOCS, which will prevent the partial routing of the signal "m_axi_gmem_rdata[3]". Without this partial route, timing analysis to/from this port will not be accurate, and no routing information for this port can be exported.
WARNING: [Route 35-198] Port "m_axi_gmem_rdata[11]" does not have an associated HD.PARTPIN_LOCS, which will prevent the partial routing of the signal "m_axi_gmem_rdata[11]". Without this partial route, timing analysis to/from this port will not be accurate, and no routing information for this port can be exported.
WARNING: [Route 35-198] Port "m_axi_gmem_rdata[21]" does not have an associated HD.PARTPIN_LOCS, which will prevent the partial routing of the signal "m_axi_gmem_rdata[21]". Without this partial route, timing analysis to/from this port will not be accurate, and no routing information for this port can be exported.
WARNING: [Route 35-198] Port "m_axi_gmem_rdata[63]" does not have an associated HD.PARTPIN_LOCS, which will prevent the partial routing of the signal "m_axi_gmem_rdata[63]". Without this partial route, timing analysis to/from this port will not be accurate, and no routing information for this port can be exported.
WARNING: [Route 35-198] Port "m_axi_gmem_rdata[14]" does not have an associated HD.PARTPIN_LOCS, which will prevent the partial routing of the signal "m_axi_gmem_rdata[14]". Without this partial route, timing analysis to/from this port will not be accurate, and no routing information for this port can be exported.
WARNING: [Route 35-198] Port "m_axi_gmem_rdata[17]" does not have an associated HD.PARTPIN_LOCS, which will prevent the partial routing of the signal "m_axi_gmem_rdata[17]". Without this partial route, timing analysis to/from this port will not be accurate, and no routing information for this port can be exported.
WARNING: [Route 35-198] Port "m_axi_gmem_rdata[35]" does not have an associated HD.PARTPIN_LOCS, which will prevent the partial routing of the signal "m_axi_gmem_rdata[35]". Without this partial route, timing analysis to/from this port will not be accurate, and no routing information for this port can be exported.
WARNING: [Route 35-198] Port "m_axi_gmem_rdata[37]" does not have an associated HD.PARTPIN_LOCS, which will prevent the partial routing of the signal "m_axi_gmem_rdata[37]". Without this partial route, timing analysis to/from this port will not be accurate, and no routing information for this port can be exported.
WARNING: [Route 35-198] Port "m_axi_gmem_rdata[64]" does not have an associated HD.PARTPIN_LOCS, which will prevent the partial routing of the signal "m_axi_gmem_rdata[64]". Without this partial route, timing analysis to/from this port will not be accurate, and no routing information for this port can be exported.
WARNING: [Route 35-198] Port "m_axi_gmem_rdata[71]" does not have an associated HD.PARTPIN_LOCS, which will prevent the partial routing of the signal "m_axi_gmem_rdata[71]". Without this partial route, timing analysis to/from this port will not be accurate, and no routing information for this port can be exported.
WARNING: [Route 35-198] Port "m_axi_gmem_rdata[5]" does not have an associated HD.PARTPIN_LOCS, which will prevent the partial routing of the signal "m_axi_gmem_rdata[5]". Without this partial route, timing analysis to/from this port will not be accurate, and no routing information for this port can be exported.
WARNING: [Route 35-198] Port "m_axi_gmem_rdata[62]" does not have an associated HD.PARTPIN_LOCS, which will prevent the partial routing of the signal "m_axi_gmem_rdata[62]". Without this partial route, timing analysis to/from this port will not be accurate, and no routing information for this port can be exported.
WARNING: [Route 35-198] Port "m_axi_gmem_rdata[9]" does not have an associated HD.PARTPIN_LOCS, which will prevent the partial routing of the signal "m_axi_gmem_rdata[9]". Without this partial route, timing analysis to/from this port will not be accurate, and no routing information for this port can be exported.
WARNING: [Route 35-198] Port "m_axi_gmem_rdata[44]" does not have an associated HD.PARTPIN_LOCS, which will prevent the partial routing of the signal "m_axi_gmem_rdata[44]". Without this partial route, timing analysis to/from this port will not be accurate, and no routing information for this port can be exported.
WARNING: [Route 35-198] Port "m_axi_gmem_rdata[13]" does not have an associated HD.PARTPIN_LOCS, which will prevent the partial routing of the signal "m_axi_gmem_rdata[13]". Without this partial route, timing analysis to/from this port will not be accurate, and no routing information for this port can be exported.
WARNING: [Route 35-198] Port "m_axi_gmem_rdata[23]" does not have an associated HD.PARTPIN_LOCS, which will prevent the partial routing of the signal "m_axi_gmem_rdata[23]". Without this partial route, timing analysis to/from this port will not be accurate, and no routing information for this port can be exported.
WARNING: [Route 35-198] Port "m_axi_gmem_rdata[26]" does not have an associated HD.PARTPIN_LOCS, which will prevent the partial routing of the signal "m_axi_gmem_rdata[26]". Without this partial route, timing analysis to/from this port will not be accurate, and no routing information for this port can be exported.
WARNING: [Route 35-198] Port "m_axi_gmem_rdata[27]" does not have an associated HD.PARTPIN_LOCS, which will prevent the partial routing of the signal "m_axi_gmem_rdata[27]". Without this partial route, timing analysis to/from this port will not be accurate, and no routing information for this port can be exported.
WARNING: [Route 35-198] Port "m_axi_gmem_rdata[28]" does not have an associated HD.PARTPIN_LOCS, which will prevent the partial routing of the signal "m_axi_gmem_rdata[28]". Without this partial route, timing analysis to/from this port will not be accurate, and no routing information for this port can be exported.
WARNING: [Route 35-198] Port "m_axi_gmem_rdata[54]" does not have an associated HD.PARTPIN_LOCS, which will prevent the partial routing of the signal "m_axi_gmem_rdata[54]". Without this partial route, timing analysis to/from this port will not be accurate, and no routing information for this port can be exported.
WARNING: [Route 35-198] Port "m_axi_gmem_rdata[55]" does not have an associated HD.PARTPIN_LOCS, which will prevent the partial routing of the signal "m_axi_gmem_rdata[55]". Without this partial route, timing analysis to/from this port will not be accurate, and no routing information for this port can be exported.
WARNING: [Route 35-198] Port "m_axi_gmem_rdata[59]" does not have an associated HD.PARTPIN_LOCS, which will prevent the partial routing of the signal "m_axi_gmem_rdata[59]". Without this partial route, timing analysis to/from this port will not be accurate, and no routing information for this port can be exported.
WARNING: [Route 35-198] Port "m_axi_gmem_rdata[7]" does not have an associated HD.PARTPIN_LOCS, which will prevent the partial routing of the signal "m_axi_gmem_rdata[7]". Without this partial route, timing analysis to/from this port will not be accurate, and no routing information for this port can be exported.
WARNING: [Route 35-198] Port "m_axi_gmem_rdata[24]" does not have an associated HD.PARTPIN_LOCS, which will prevent the partial routing of the signal "m_axi_gmem_rdata[24]". Without this partial route, timing analysis to/from this port will not be accurate, and no routing information for this port can be exported.
WARNING: [Route 35-198] Port "m_axi_gmem_rdata[32]" does not have an associated HD.PARTPIN_LOCS, which will prevent the partial routing of the signal "m_axi_gmem_rdata[32]". Without this partial route, timing analysis to/from this port will not be accurate, and no routing information for this port can be exported.
WARNING: [Route 35-198] Port "m_axi_gmem_rdata[39]" does not have an associated HD.PARTPIN_LOCS, which will prevent the partial routing of the signal "m_axi_gmem_rdata[39]". Without this partial route, timing analysis to/from this port will not be accurate, and no routing information for this port can be exported.
WARNING: [Route 35-198] Port "m_axi_gmem_rdata[42]" does not have an associated HD.PARTPIN_LOCS, which will prevent the partial routing of the signal "m_axi_gmem_rdata[42]". Without this partial route, timing analysis to/from this port will not be accurate, and no routing information for this port can be exported.
WARNING: [Route 35-198] Port "m_axi_gmem_rdata[22]" does not have an associated HD.PARTPIN_LOCS, which will prevent the partial routing of the signal "m_axi_gmem_rdata[22]". Without this partial route, timing analysis to/from this port will not be accurate, and no routing information for this port can be exported.
WARNING: [Route 35-198] Port "m_axi_gmem_rdata[60]" does not have an associated HD.PARTPIN_LOCS, which will prevent the partial routing of the signal "m_axi_gmem_rdata[60]". Without this partial route, timing analysis to/from this port will not be accurate, and no routing information for this port can be exported.
INFO: [Common 17-14] Message 'Route 35-198' appears 100 times and further instances of the messages will be disabled. Use the Tcl command set_msg_config to change the current settings.
WARNING: [Constraints 18-8777] Unable to split tiles. All required files are not available.
Post Restoration Checksum: NetGraph: daf4f96 | NumContArr: 5684a372 | Constraints: c2a8fa9d | Timing: c2a8fa9d
Phase 1 Build RT Design | Checksum: 1e985e842

Time (s): cpu = 00:01:31 ; elapsed = 00:01:41 . Memory (MB): peak = 2455.578 ; gain = 103.125

Phase 2 Router Initialization

Phase 2.1 Fix Topology Constraints
Phase 2.1 Fix Topology Constraints | Checksum: 1e985e842

Time (s): cpu = 00:01:32 ; elapsed = 00:01:42 . Memory (MB): peak = 2455.578 ; gain = 103.125

Phase 2.2 Pre Route Cleanup
Phase 2.2 Pre Route Cleanup | Checksum: 1e985e842

Time (s): cpu = 00:01:32 ; elapsed = 00:01:43 . Memory (MB): peak = 2455.578 ; gain = 103.125
 Number of Nodes with overlaps = 0

Phase 2.3 Update Timing
Phase 2.3 Update Timing | Checksum: 107ac29dc

Time (s): cpu = 00:01:50 ; elapsed = 00:01:56 . Memory (MB): peak = 2468.105 ; gain = 115.652
INFO: [Route 35-416] Intermediate Timing Summary | WNS=2.847  | TNS=0.000  | WHS=0.007  | THS=0.000  |


Phase 2.4 Soft Constraint Pins - Fast Budgeting
Phase 2.4 Soft Constraint Pins - Fast Budgeting | Checksum: 1ef341b29

Time (s): cpu = 00:02:02 ; elapsed = 00:02:07 . Memory (MB): peak = 2829.855 ; gain = 477.402

Router Utilization Summary
  Global Vertical Routing Utilization    = 0 %
  Global Horizontal Routing Utilization  = 0 %
  Routable Net Status*
  *Does not include unroutable nets such as driverless and loadless.
  Run report_route_status for detailed report.
  Number of Failed Nets               = 46201
    (Failed Nets is the sum of unrouted and partially routed nets)
  Number of Unrouted Nets             = 46201
  Number of Partially Routed Nets     = 0
  Number of Node Overlaps             = 0

Phase 2 Router Initialization | Checksum: 1ae81b5d8

Time (s): cpu = 00:02:03 ; elapsed = 00:02:08 . Memory (MB): peak = 2829.855 ; gain = 477.402

Phase 3 Global Routing
Phase 3 Global Routing | Checksum: 1ae81b5d8

Time (s): cpu = 00:02:03 ; elapsed = 00:02:08 . Memory (MB): peak = 2829.855 ; gain = 477.402

Phase 4 Initial Routing

Phase 4.1 Initial Net Routing Pass
Phase 4.1 Initial Net Routing Pass | Checksum: 312c99440

Time (s): cpu = 00:03:06 ; elapsed = 00:03:26 . Memory (MB): peak = 3201.625 ; gain = 849.172
Phase 4 Initial Routing | Checksum: 312c99440

Time (s): cpu = 00:03:06 ; elapsed = 00:03:26 . Memory (MB): peak = 3201.625 ; gain = 849.172

Phase 5 Rip-up And Reroute

Phase 5.1 Global Iteration 0
 Number of Nodes with overlaps = 6473
 Number of Nodes with overlaps = 393
 Number of Nodes with overlaps = 40
 Number of Nodes with overlaps = 5
 Number of Nodes with overlaps = 0
INFO: [Route 35-416] Intermediate Timing Summary | WNS=0.521  | TNS=0.000  | WHS=N/A    | THS=N/A    |

Phase 5.1 Global Iteration 0 | Checksum: 32487c583

Time (s): cpu = 00:04:45 ; elapsed = 00:05:51 . Memory (MB): peak = 3202.379 ; gain = 849.926
Phase 5 Rip-up And Reroute | Checksum: 32487c583

Time (s): cpu = 00:04:46 ; elapsed = 00:05:52 . Memory (MB): peak = 3202.379 ; gain = 849.926

Phase 6 Delay and Skew Optimization

Phase 6.1 Delay CleanUp
Phase 6.1 Delay CleanUp | Checksum: 32487c583

Time (s): cpu = 00:04:46 ; elapsed = 00:05:52 . Memory (MB): peak = 3202.379 ; gain = 849.926

Phase 6.2 Clock Skew Optimization
Phase 6.2 Clock Skew Optimization | Checksum: 32487c583

Time (s): cpu = 00:04:46 ; elapsed = 00:05:52 . Memory (MB): peak = 3202.379 ; gain = 849.926
Phase 6 Delay and Skew Optimization | Checksum: 32487c583

Time (s): cpu = 00:04:47 ; elapsed = 00:05:52 . Memory (MB): peak = 3202.379 ; gain = 849.926

Phase 7 Post Hold Fix

Phase 7.1 Hold Fix Iter
INFO: [Route 35-416] Intermediate Timing Summary | WNS=0.521  | TNS=0.000  | WHS=0.037  | THS=0.000  |

Phase 7.1 Hold Fix Iter | Checksum: 2c667b847

Time (s): cpu = 00:04:55 ; elapsed = 00:06:03 . Memory (MB): peak = 3202.379 ; gain = 849.926
Phase 7 Post Hold Fix | Checksum: 2c667b847

Time (s): cpu = 00:04:55 ; elapsed = 00:06:03 . Memory (MB): peak = 3202.379 ; gain = 849.926

Phase 8 Route finalize

Router Utilization Summary
  Global Vertical Routing Utilization    = 14.4672 %
  Global Horizontal Routing Utilization  = 20.7961 %
  Routable Net Status*
  *Does not include unroutable nets such as driverless and loadless.
  Run report_route_status for detailed report.
  Number of Failed Nets               = 0
    (Failed Nets is the sum of unrouted and partially routed nets)
  Number of Unrouted Nets             = 0
  Number of Partially Routed Nets     = 0
  Number of Node Overlaps             = 0

Phase 8 Route finalize | Checksum: 2c667b847

Time (s): cpu = 00:04:56 ; elapsed = 00:06:05 . Memory (MB): peak = 3202.379 ; gain = 849.926

Phase 9 Verifying routed nets

 Verification completed successfully
Phase 9 Verifying routed nets | Checksum: 2c667b847

Time (s): cpu = 00:04:57 ; elapsed = 00:06:05 . Memory (MB): peak = 3202.379 ; gain = 849.926

Phase 10 Depositing Routes
Phase 10 Depositing Routes | Checksum: 2a959d46d

Time (s): cpu = 00:05:13 ; elapsed = 00:06:56 . Memory (MB): peak = 3202.379 ; gain = 849.926

Phase 11 Post Process Routing
Phase 11 Post Process Routing | Checksum: 2a959d46d

Time (s): cpu = 00:05:14 ; elapsed = 00:06:56 . Memory (MB): peak = 3202.379 ; gain = 849.926

Phase 12 Post Router Timing
INFO: [Route 35-57] Estimated Timing Summary | WNS=0.521  | TNS=0.000  | WHS=0.037  | THS=0.000  |

INFO: [Route 35-327] The final timing numbers are based on the router estimated timing analysis. For a complete and accurate timing signoff, please run report_timing_summary.
Phase 12 Post Router Timing | Checksum: 2a959d46d

Time (s): cpu = 00:05:15 ; elapsed = 00:06:57 . Memory (MB): peak = 3202.379 ; gain = 849.926
Total Elapsed time in route_design: 416.878 secs

Phase 13 Post-Route Event Processing
Phase 13 Post-Route Event Processing | Checksum: 1c8bf32b4

Time (s): cpu = 00:05:16 ; elapsed = 00:06:59 . Memory (MB): peak = 3202.379 ; gain = 849.926
INFO: [Route 35-16] Router Completed Successfully
Ending Routing Task | Checksum: 1c8bf32b4

Time (s): cpu = 00:05:19 ; elapsed = 00:07:02 . Memory (MB): peak = 3202.379 ; gain = 849.926

Routing Is Done.
INFO: [Common 17-83] Releasing license: Implementation
101 Infos, 108 Warnings, 0 Critical Warnings and 0 Errors encountered.
route_design completed successfully
route_design: Time (s): cpu = 00:05:21 ; elapsed = 00:07:05 . Memory (MB): peak = 3202.379 ; gain = 849.926
INFO: [Vivado 12-24828] Executing command : report_drc -file bd_0_wrapper_drc_routed.rpt -pb bd_0_wrapper_drc_routed.pb -rpx bd_0_wrapper_drc_routed.rpx
Command: report_drc -file bd_0_wrapper_drc_routed.rpt -pb bd_0_wrapper_drc_routed.pb -rpx bd_0_wrapper_drc_routed.rpx
INFO: [IP_Flow 19-1839] IP Catalog is up to date.
INFO: [DRC 23-27] Running DRC with 2 threads
WARNING: [DRC 23-814] Not all possible (connectivity based) DRCs may have been run because this design is seen as Out of Context.
INFO: [Vivado_Tcl 2-168] The results of DRC are in file C:/Users/seanr/vitis_projects/Lab3_MLP_optimization/baseline_blockedMM/baseline_blockedMM/hls/impl/verilog/project.runs/impl_1/bd_0_wrapper_drc_routed.rpt.
report_drc completed successfully
report_drc: Time (s): cpu = 00:00:41 ; elapsed = 00:00:52 . Memory (MB): peak = 3202.379 ; gain = 0.000
INFO: [Vivado 12-24828] Executing command : report_methodology -file bd_0_wrapper_methodology_drc_routed.rpt -pb bd_0_wrapper_methodology_drc_routed.pb -rpx bd_0_wrapper_methodology_drc_routed.rpx
Command: report_methodology -file bd_0_wrapper_methodology_drc_routed.rpt -pb bd_0_wrapper_methodology_drc_routed.pb -rpx bd_0_wrapper_methodology_drc_routed.rpx
INFO: [Timing 38-35] Done setting XDC timing constraints.
WARNING: [Timing 38-242] The property HD.CLK_SRC of clock port "ap_clk" is not set. In out-of-context mode, this prevents timing estimation for clock delay/skew
Resolution: Set the HD.CLK_SRC property of the out-of-context port to the location of the clock buffer instance in the top-level design
INFO: [DRC 23-133] Running Methodology with 2 threads
WARNING: [DRC 23-814] Not all possible (connectivity based) DRCs may have been run because this design is seen as Out of Context.
INFO: [Vivado_Tcl 2-1520] The results of Report Methodology are in file C:/Users/seanr/vitis_projects/Lab3_MLP_optimization/baseline_blockedMM/baseline_blockedMM/hls/impl/verilog/project.runs/impl_1/bd_0_wrapper_methodology_drc_routed.rpt.
report_methodology completed successfully
report_methodology: Time (s): cpu = 00:00:43 ; elapsed = 00:00:35 . Memory (MB): peak = 3202.379 ; gain = 0.000
INFO: [Vivado 12-24828] Executing command : report_timing_summary -max_paths 10 -routable_nets -report_unconstrained -file bd_0_wrapper_timing_summary_routed.rpt -pb bd_0_wrapper_timing_summary_routed.pb -rpx bd_0_wrapper_timing_summary_routed.rpx -warn_on_violation 
INFO: [Timing 38-35] Done setting XDC timing constraints.
INFO: [Timing 38-91] UpdateTimingParams: Speed grade: -1, Delay Type: min_max.
INFO: [Timing 38-191] Multithreading enabled for timing update using a maximum of 2 CPUs
report_timing_summary: Time (s): cpu = 00:00:08 ; elapsed = 00:00:07 . Memory (MB): peak = 3202.379 ; gain = 0.000
INFO: [Vivado 12-24838] Running report commands "report_incremental_reuse, report_route_status" in parallel.
Running report generation with 2 threads.
INFO: [Vivado 12-24828] Executing command : report_incremental_reuse -file bd_0_wrapper_incremental_reuse_routed.rpt
INFO: [Vivado_Tcl 4-1062] Incremental flow is disabled. No incremental reuse Info to report.
INFO: [Vivado 12-24828] Executing command : report_route_status -file bd_0_wrapper_route_status.rpt -pb bd_0_wrapper_route_status.pb
INFO: [Vivado 12-24828] Executing command : report_power -file bd_0_wrapper_power_routed.rpt -pb bd_0_wrapper_power_summary_routed.pb -rpx bd_0_wrapper_power_routed.rpx
Command: report_power -file bd_0_wrapper_power_routed.rpt -pb bd_0_wrapper_power_summary_routed.pb -rpx bd_0_wrapper_power_routed.rpx
Running Vector-less Activity Propagation...

Finished Running Vector-less Activity Propagation
118 Infos, 111 Warnings, 0 Critical Warnings and 0 Errors encountered.
report_power completed successfully
report_power: Time (s): cpu = 00:00:18 ; elapsed = 00:00:15 . Memory (MB): peak = 3202.379 ; gain = 0.000
INFO: [Vivado 12-24828] Executing command : report_clock_utilization -file bd_0_wrapper_clock_utilization_routed.rpt
INFO: [Vivado 12-24828] Executing command : report_bus_skew -warn_on_violation -file bd_0_wrapper_bus_skew_routed.rpt -pb bd_0_wrapper_bus_skew_routed.pb -rpx bd_0_wrapper_bus_skew_routed.rpx
INFO: [Timing 38-91] UpdateTimingParams: Speed grade: -1, Delay Type: min_max.
INFO: [Timing 38-191] Multithreading enabled for timing update using a maximum of 2 CPUs
generate_parallel_reports: Time (s): cpu = 00:01:52 ; elapsed = 00:01:54 . Memory (MB): peak = 3202.379 ; gain = 0.000
INFO: [Timing 38-480] Writing timing data to binary archive.
Write ShapeDB Complete: Time (s): cpu = 00:00:02 ; elapsed = 00:00:00.951 . Memory (MB): peak = 3202.379 ; gain = 0.000
Wrote PlaceDB: Time (s): cpu = 00:00:14 ; elapsed = 00:00:13 . Memory (MB): peak = 3202.379 ; gain = 0.000
Wrote PulsedLatchDB: Time (s): cpu = 00:00:00 ; elapsed = 00:00:00.100 . Memory (MB): peak = 3202.379 ; gain = 0.000
Writing XDEF routing.
Writing XDEF routing logical nets.
Writing XDEF routing special nets.
Wrote RouteStorage: Time (s): cpu = 00:00:01 ; elapsed = 00:00:03 . Memory (MB): peak = 3202.379 ; gain = 0.000
Wrote Netlist Cache: Time (s): cpu = 00:00:00 ; elapsed = 00:00:00.866 . Memory (MB): peak = 3202.379 ; gain = 0.000
Wrote Device Cache: Time (s): cpu = 00:00:00 ; elapsed = 00:00:00.017 . Memory (MB): peak = 3202.379 ; gain = 0.000
Write Physdb Complete: Time (s): cpu = 00:00:15 ; elapsed = 00:00:21 . Memory (MB): peak = 3202.379 ; gain = 0.000
INFO: [Common 17-1381] The checkpoint 'C:/Users/seanr/vitis_projects/Lab3_MLP_optimization/baseline_blockedMM/baseline_blockedMM/hls/impl/verilog/project.runs/impl_1/bd_0_wrapper_routed.dcp' has been generated.
write_checkpoint: Time (s): cpu = 00:00:17 ; elapsed = 00:00:29 . Memory (MB): peak = 3202.379 ; gain = 0.000
INFO: [Common 17-206] Exiting Vivado at Fri Apr 10 13:52:44 2026...
[Fri Apr 10 13:52:51 2026] impl_1 finished
wait_on_runs: Time (s): cpu = 00:00:02 ; elapsed = 00:15:44 . Memory (MB): peak = 2184.070 ; gain = 0.000
TIMESTAMP: HLS-REPORT: implementation open_run: 2026-04-10 13:52:52 -0700
INFO: HLS-REPORT: Opening implementation design database: open_run impl_1
Netlist sorting complete. Time (s): cpu = 00:00:01 ; elapsed = 00:00:02 . Memory (MB): peak = 2184.070 ; gain = 0.000
INFO: [Netlist 29-17] Analyzing 3822 Unisim elements for replacement
INFO: [Netlist 29-28] Unisim Transformation completed in 0 CPU seconds
INFO: [Project 1-479] Netlist was created with Vivado 2025.1
INFO: [Project 1-570] Preparing netlist for logic optimization
Read ShapeDB Complete: Time (s): cpu = 00:00:00 ; elapsed = 00:00:00.630 . Memory (MB): peak = 2303.754 ; gain = 29.992
INFO: [Timing 38-478] Restoring timing data from binary archive.
INFO: [Timing 38-479] Binary timing data restore complete.
INFO: [Project 1-856] Restoring constraints from binary archive.
INFO: [Project 1-853] Binary constraint restore complete.
INFO: [Designutils 20-5722] Start Reading Physical Databases.
Reading placement.
Read Netlist Cache: Time (s): cpu = 00:00:00 ; elapsed = 00:00:00.239 . Memory (MB): peak = 2518.875 ; gain = 0.000
Reading placer database...
Read Device Cache: Time (s): cpu = 00:00:00 ; elapsed = 00:00:00.017 . Memory (MB): peak = 2518.875 ; gain = 0.000
Read PlaceDB: Time (s): cpu = 00:00:04 ; elapsed = 00:00:08 . Memory (MB): peak = 2564.578 ; gain = 45.703
Read PulsedLatchDB: Time (s): cpu = 00:00:00 ; elapsed = 00:00:00 . Memory (MB): peak = 2564.578 ; gain = 0.000
Reading routing.
Read RouteStorage: Time (s): cpu = 00:00:02 ; elapsed = 00:00:07 . Memory (MB): peak = 2591.699 ; gain = 27.121
Read Physdb Files: Time (s): cpu = 00:00:06 ; elapsed = 00:00:16 . Memory (MB): peak = 2591.699 ; gain = 72.824
Restored from archive | CPU: 6.000000 secs | Memory: 0.000000 MB |
Finished XDEF File Restore: Time (s): cpu = 00:00:06 ; elapsed = 00:00:16 . Memory (MB): peak = 2591.699 ; gain = 72.824
Netlist sorting complete. Time (s): cpu = 00:00:00 ; elapsed = 00:00:00.103 . Memory (MB): peak = 2591.699 ; gain = 0.000
INFO: [Project 1-111] Unisim Transformation Summary:
No Unisim elements were transformed.

open_run: Time (s): cpu = 00:00:18 ; elapsed = 00:00:44 . Memory (MB): peak = 2591.699 ; gain = 407.629
TIMESTAMP: HLS-REPORT: implementation generate_reports_vivado: 2026-04-10 13:53:35 -0700
INFO: HLS-REPORT: Running report: report_utilization -file ./report/MM_utilization_routed.rpt
INFO: HLS-REPORT: Running report: report_utilization -hierarchical -hierarchical_depth 6 -file ./report/MM_utilization_hierarchical_routed.rpt
report_utilization: Time (s): cpu = 00:00:03 ; elapsed = 00:00:06 . Memory (MB): peak = 2591.699 ; gain = 0.000
INFO: HLS-REPORT: Running report: report_timing_summary -file ./report/MM_timing_routed.rpt
INFO: [Timing 38-91] UpdateTimingParams: Speed grade: -1, Delay Type: min_max.
INFO: [Timing 38-191] Multithreading enabled for timing update using a maximum of 2 CPUs
WARNING: [Timing 38-242] The property HD.CLK_SRC of clock port "ap_clk" is not set. In out-of-context mode, this prevents timing estimation for clock delay/skew
Resolution: Set the HD.CLK_SRC property of the out-of-context port to the location of the clock buffer instance in the top-level design
report_timing_summary: Time (s): cpu = 00:00:27 ; elapsed = 00:00:37 . Memory (MB): peak = 2669.328 ; gain = 77.629
INFO: HLS-REPORT: Running report: report_power -file ./report/MM_power_routed.rpt -xpe ./MM_power.xpe
Command: report_power -file ./report/MM_power_routed.rpt -xpe ./MM_power.xpe
Running Vector-less Activity Propagation...

Finished Running Vector-less Activity Propagation
13 Infos, 2 Warnings, 0 Critical Warnings and 0 Errors encountered.
report_power completed successfully
report_power: Time (s): cpu = 00:00:28 ; elapsed = 00:00:21 . Memory (MB): peak = 2814.707 ; gain = 145.379
INFO: HLS-REPORT: Running report: report_route_status -file ./report/MM_status_routed.rpt
INFO: HLS-REPORT: Running report: report_timing -max_paths 10 -file ./report/MM_timing_paths_routed.rpt
INFO: [Timing 38-91] UpdateTimingParams: Speed grade: -1, Delay Type: max.
INFO: [Timing 38-191] Multithreading enabled for timing update using a maximum of 2 CPUs
INFO: [Timing 38-78] ReportTimingParams: -max_paths 10 -nworst 1 -delay_type max -sort_by slack.
INFO: HLS-REPORT: Running report: report_design_analysis -file ./report/MM_design_analysis_routed.rpt
INFO: HLS-REPORT: Running report: ::tclapp::xilinx::designutils::report_failfast -detailed_report impl -file ./report/MM_failfast_routed.rpt
 -I- design metrics completed in 5 seconds
 -I- DONT_TOUCH metric completed in 1 seconds
 -I- MARK_DEBUG metric completed in 1 seconds
 -I- utilization metrics completed in 3 seconds
 -I- control set metrics completed in 0 seconds
 -I- methodology check metrics completed in 21 seconds
 -I- average fanout metrics completed in 49 seconds (0 modules)
 -I- non-FD high fanout nets completed in 21 seconds
 -I- path budgeting metrics completed in 19 seconds
#  +-----------------------------------------------------------------------------------------+
#  | Design Summary                                                                          |
#  | impl_1                                                                                  |
#  | xc7z020clg400-1                                                                         |
#  +-----------------------------------------------------------+-----------+--------+--------+
#  | Criteria                                                  | Guideline | Actual | Status |
#  +-----------------------------------------------------------+-----------+--------+--------+
#  | LUT                                                       | 70%       | 48.21% | OK     |
#  | FD                                                        | 50%       | 31.16% | OK     |
#  | LUTRAM+SRL                                                | 25%       | 3.89%  | OK     |
#  | MUXF7                                                     | 15%       | 8.66%  | OK     |
#  | DSP                                                       | 80%       | 24.55% | OK     |
#  | RAMB/FIFO                                                 | 80%       | 5.36%  | OK     |
#  | DSP+RAMB+URAM (Avg)                                       | 70%       | 14.96% | OK     |
#  | BUFGCE* + BUFGCTRL                                        | 24        | 0      | OK     |
#  | DONT_TOUCH (cells/nets)                                   | 0         | 0      | OK     |
#  | MARK_DEBUG (nets)                                         | 0         | 0      | OK     |
#  | Control Sets                                              | 998       | 147    | OK     |
#  | Average Fanout for modules > 100k cells                   | 4         | 2.85   | OK     |
#  | Max Average Fanout for modules > 100k cells               | 4         | 0      | OK     |
#  | Non-FD high fanout nets > 10k loads                       | 0         | 0      | OK     |
#  +-----------------------------------------------------------+-----------+--------+--------+
#  | TIMING-6 (No common primary clock between related clocks) | 0         | 0      | OK     |
#  | TIMING-7 (No common node between related clocks)          | 0         | 0      | OK     |
#  | TIMING-8 (No common period between related clocks)        | 0         | 0      | OK     |
#  | TIMING-14 (LUT on the clock tree)                         | 0         | 0      | OK     |
#  | TIMING-35 (No common node in paths with the same clock)   | 0         | 0      | OK     |
#  +-----------------------------------------------------------+-----------+--------+--------+
#  | Number of paths above max LUT budgeting (0.575ns)         | 0         | 0      | OK     |
#  | Number of paths above max Net budgeting (0.403ns)         | 0         | 0      | OK     |
#  +-----------------------------------------------------------+-----------+--------+--------+
 -I- Generated file C:/Users/seanr/vitis_projects/Lab3_MLP_optimization/baseline_blockedMM/baseline_blockedMM/hls/impl/verilog/report/MM_failfast_routed.rpt
 -I- Number of criteria to review: 0
 -I- This report should be run before placing the design and uses conservative guidelines beyond which runtime and timing closure will likely be more challenging
 -I- report_failfast completed in 120 seconds
TIMESTAMP: HLS-REPORT: implementation gen_data_dict_vivado: 2026-04-10 13:56:46 -0700
TIMESTAMP: HLS-REPORT: impl extract_util_hier: 2026-04-10 13:56:46 -0700
TIMESTAMP: HLS-REPORT: impl get_cell_hier_data: 2026-04-10 13:56:46 -0700
TIMESTAMP: HLS-REPORT: impl get_timing_paths: 2026-04-10 13:56:48 -0700
TIMESTAMP: HLS-REPORT: impl process timing paths: 2026-04-10 13:56:51 -0700
TIMESTAMP: HLS-REPORT: impl get_all_vv_rpt_files: 2026-04-10 13:56:51 -0700
TIMESTAMP: HLS-REPORT: implementation write_reports_vivado: 2026-04-10 13:56:51 -0700
HLS EXTRACTION: impl area_totals:  13300 53200 106400 220 280 0 0
HLS EXTRACTION: impl area_current: 8389 25646 33152 54 15 0 677 0 0 0
HLS EXTRACTION: impl resources_dict: AVAIL_SLICE 13300 SLICE 8389 AVAIL_LUT 53200 LUT 25646 AVAIL_FF 106400 FF 33152 AVAIL_DSP 220 DSP 54 AVAIL_BRAM 280 BRAM 15 AVAIL_URAM 0 URAM 0 LATCH 0 SRL 677 AVAIL_CLB 0 CLB 0
INFO: HLS-REPORT: generated C:/Users/seanr/vitis_projects/Lab3_MLP_optimization/baseline_blockedMM/baseline_blockedMM/hls/impl/verilog/report/vivado_impl.xml
INFO: HLS-REPORT: generated C:/Users/seanr/vitis_projects/Lab3_MLP_optimization/baseline_blockedMM/baseline_blockedMM/hls/impl/report/verilog/MM_export.rpt


Implementation tool: Xilinx Vivado v.2025.1
Project:             baseline_blockedMM
Solution:            hls
Device target:       xc7z020-clg400-1
Report date:         Fri Apr 10 13:56:51 -0700 2026

#=== Post-Implementation Resource usage ===
SLICE:         8389
LUT:          25646
FF:           33152
DSP:             54
BRAM:            15
URAM:             0
LATCH:            0
SRL:            677
CLB:              0

#=== Final timing ===
CP required:                     15.000
CP achieved post-synthesis:      7.929
CP achieved post-implementation: 14.479
Timing met

TIMESTAMP: HLS-REPORT: implementation end: 2026-04-10 13:56:51 -0700
INFO: HLS-REPORT: impl run complete: worst setup slack (WNS)=0.521293, worst hold slack (WHS)=0.037418, total pulse width slack(TPWS)=0.000000, number of unrouted nets=0
# hls_vivado_reports_finalize $report_options
TIMESTAMP: HLS-REPORT: all reports complete: 2026-04-10 13:56:51 -0700
INFO: [Common 17-206] Exiting Vivado at Fri Apr 10 13:56:53 2026...
