

================================================================
== Vitis HLS Report for 'MM_Pipeline_VITIS_LOOP_65_8'
================================================================
* Date:           Mon Apr  6 18:33:52 2026

* Version:        2025.2 (Build 6295257 on Nov 14 2025)
* Project:        baseline_blockedMM
* Solution:       hls (Vivado IP Flow Target)
* Product family: zynq
* Target device:  xc7z020-clg400-1


================================================================
== Performance Estimates
================================================================
+ Timing: 
    * Summary: 
    +--------+----------+-----------+------------+
    |  Clock |  Target  | Estimated | Uncertainty|
    +--------+----------+-----------+------------+
    |ap_clk  |  15.00 ns|  10.950 ns|     4.05 ns|
    +--------+----------+-----------+------------+

+ Latency: 
    * Summary: 
    +---------+---------+----------+----------+-----+-----+-------------------+
    |  Latency (cycles) |  Latency (absolute) |  Interval |      Pipeline     |
    |   min   |   max   |    min   |    max   | min | max |        Type       |
    +---------+---------+----------+----------+-----+-----+-------------------+
    |       30|       30|  0.450 us|  0.450 us|    0|    0|  loop pipeline stp|
    +---------+---------+----------+----------+-----+-----+-------------------+

    + Detail: 
        * Instance: 
        N/A

        * Loop: 
        +-------------------+---------+---------+----------+-----------+-----------+------+----------+
        |                   |  Latency (cycles) | Iteration|  Initiation Interval  | Trip |          |
        |     Loop Name     |   min   |   max   |  Latency |  achieved |   target  | Count| Pipelined|
        +-------------------+---------+---------+----------+-----------+-----------+------+----------+
        |- VITIS_LOOP_65_8  |       28|       28|        14|          1|          1|    16|       yes|
        +-------------------+---------+---------+----------+-----------+-----------+------+----------+



================================================================
== Utilization Estimates
================================================================
* Summary: 
+-----------------+---------+-----+--------+-------+-----+
|       Name      | BRAM_18K| DSP |   FF   |  LUT  | URAM|
+-----------------+---------+-----+--------+-------+-----+
|DSP              |        -|    -|       -|      -|    -|
|Expression       |        -|    -|       0|    888|    -|
|FIFO             |        -|    -|       -|      -|    -|
|Instance         |        -|   52|       0|   1380|    -|
|Memory           |        -|    -|       -|      -|    -|
|Multiplexer      |        -|    -|       0|   2358|    -|
|Register         |        -|    -|    9156|     64|    -|
+-----------------+---------+-----+--------+-------+-----+
|Total            |        0|   52|    9156|   4690|    0|
+-----------------+---------+-----+--------+-------+-----+
|Available        |      280|  220|  106400|  53200|    0|
+-----------------+---------+-----+--------+-------+-----+
|Utilization (%)  |        0|   23|       8|      8|    0|
+-----------------+---------+-----+--------+-------+-----+

+ Detail: 
    * Instance: 
    +---------------------------+-----------------------+---------+----+---+----+-----+
    |          Instance         |         Module        | BRAM_18K| DSP| FF| LUT| URAM|
    +---------------------------+-----------------------+---------+----+---+----+-----+
    |mul_31ns_32s_62_1_1_U1     |mul_31ns_32s_62_1_1    |        0|   4|  0|  20|    0|
    |mul_32s_32s_32_1_1_U2      |mul_32s_32s_32_1_1     |        0|   3|  0|  20|    0|
    |mul_32s_32s_32_1_1_U3      |mul_32s_32s_32_1_1     |        0|   3|  0|  20|    0|
    |mul_32s_32s_32_1_1_U4      |mul_32s_32s_32_1_1     |        0|   3|  0|  20|    0|
    |mul_32s_32s_32_1_1_U5      |mul_32s_32s_32_1_1     |        0|   3|  0|  20|    0|
    |mul_32s_32s_32_1_1_U6      |mul_32s_32s_32_1_1     |        0|   3|  0|  20|    0|
    |mul_32s_32s_32_1_1_U7      |mul_32s_32s_32_1_1     |        0|   3|  0|  20|    0|
    |mul_32s_32s_32_1_1_U8      |mul_32s_32s_32_1_1     |        0|   3|  0|  20|    0|
    |mul_32s_32s_32_1_1_U9      |mul_32s_32s_32_1_1     |        0|   3|  0|  20|    0|
    |mul_32s_32s_32_1_1_U10     |mul_32s_32s_32_1_1     |        0|   3|  0|  20|    0|
    |mul_32s_32s_32_1_1_U11     |mul_32s_32s_32_1_1     |        0|   3|  0|  20|    0|
    |mul_32s_32s_32_1_1_U12     |mul_32s_32s_32_1_1     |        0|   3|  0|  20|    0|
    |mul_32s_32s_32_1_1_U13     |mul_32s_32s_32_1_1     |        0|   3|  0|  20|    0|
    |mul_32s_32s_32_1_1_U14     |mul_32s_32s_32_1_1     |        0|   3|  0|  20|    0|
    |mul_32s_32s_32_1_1_U15     |mul_32s_32s_32_1_1     |        0|   3|  0|  20|    0|
    |mul_32s_32s_32_1_1_U16     |mul_32s_32s_32_1_1     |        0|   3|  0|  20|    0|
    |mul_32s_32s_32_1_1_U17     |mul_32s_32s_32_1_1     |        0|   3|  0|  20|    0|
    |sparsemux_33_4_32_1_1_U18  |sparsemux_33_4_32_1_1  |        0|   0|  0|  65|    0|
    |sparsemux_33_4_32_1_1_U19  |sparsemux_33_4_32_1_1  |        0|   0|  0|  65|    0|
    |sparsemux_33_4_32_1_1_U20  |sparsemux_33_4_32_1_1  |        0|   0|  0|  65|    0|
    |sparsemux_33_4_32_1_1_U21  |sparsemux_33_4_32_1_1  |        0|   0|  0|  65|    0|
    |sparsemux_33_4_32_1_1_U22  |sparsemux_33_4_32_1_1  |        0|   0|  0|  65|    0|
    |sparsemux_33_4_32_1_1_U23  |sparsemux_33_4_32_1_1  |        0|   0|  0|  65|    0|
    |sparsemux_33_4_32_1_1_U24  |sparsemux_33_4_32_1_1  |        0|   0|  0|  65|    0|
    |sparsemux_33_4_32_1_1_U25  |sparsemux_33_4_32_1_1  |        0|   0|  0|  65|    0|
    |sparsemux_33_4_32_1_1_U26  |sparsemux_33_4_32_1_1  |        0|   0|  0|  65|    0|
    |sparsemux_33_4_32_1_1_U27  |sparsemux_33_4_32_1_1  |        0|   0|  0|  65|    0|
    |sparsemux_33_4_32_1_1_U28  |sparsemux_33_4_32_1_1  |        0|   0|  0|  65|    0|
    |sparsemux_33_4_32_1_1_U29  |sparsemux_33_4_32_1_1  |        0|   0|  0|  65|    0|
    |sparsemux_33_4_32_1_1_U30  |sparsemux_33_4_32_1_1  |        0|   0|  0|  65|    0|
    |sparsemux_33_4_32_1_1_U31  |sparsemux_33_4_32_1_1  |        0|   0|  0|  65|    0|
    |sparsemux_33_4_32_1_1_U32  |sparsemux_33_4_32_1_1  |        0|   0|  0|  65|    0|
    |sparsemux_33_4_32_1_1_U33  |sparsemux_33_4_32_1_1  |        0|   0|  0|  65|    0|
    +---------------------------+-----------------------+---------+----+---+----+-----+
    |Total                      |                       |        0|  52|  0|1380|    0|
    +---------------------------+-----------------------+---------+----+---+----+-----+

    * DSP: 
    N/A

    * Memory: 
    N/A

    * FIFO: 
    N/A

    * Expression: 
    +---------------------------+----------+----+---+----+------------+------------+
    |       Variable Name       | Operation| DSP| FF| LUT| Bitwidth P0| Bitwidth P1|
    +---------------------------+----------+----+---+----+------------+------------+
    |add_ln65_fu_7038_p2        |         +|   0|  0|  13|           5|           1|
    |add_ln67_1_fu_7101_p2      |         +|   0|  0|  62|          62|          62|
    |add_ln67_2_fu_7105_p2      |         +|   0|  0|  62|          62|          62|
    |add_ln67_3_fu_7118_p2      |         +|   0|  0|  71|          64|          64|
    |add_ln67_fu_7052_p2        |         +|   0|  0|  38|          31|          31|
    |add_ln70_10_fu_8742_p2     |         +|   0|  0|  39|          32|          32|
    |add_ln70_11_fu_8818_p2     |         +|   0|  0|  39|          32|          32|
    |add_ln70_12_fu_8894_p2     |         +|   0|  0|  39|          32|          32|
    |add_ln70_13_fu_8970_p2     |         +|   0|  0|  39|          32|          32|
    |add_ln70_14_fu_9046_p2     |         +|   0|  0|  39|          32|          32|
    |add_ln70_15_fu_9122_p2     |         +|   0|  0|  39|          32|          32|
    |add_ln70_1_fu_8058_p2      |         +|   0|  0|  39|          32|          32|
    |add_ln70_2_fu_8134_p2      |         +|   0|  0|  39|          32|          32|
    |add_ln70_3_fu_8210_p2      |         +|   0|  0|  39|          32|          32|
    |add_ln70_4_fu_8286_p2      |         +|   0|  0|  39|          32|          32|
    |add_ln70_5_fu_8362_p2      |         +|   0|  0|  39|          32|          32|
    |add_ln70_6_fu_8438_p2      |         +|   0|  0|  39|          32|          32|
    |add_ln70_7_fu_8514_p2      |         +|   0|  0|  39|          32|          32|
    |add_ln70_8_fu_8590_p2      |         +|   0|  0|  39|          32|          32|
    |add_ln70_9_fu_8666_p2      |         +|   0|  0|  39|          32|          32|
    |add_ln70_fu_7982_p2        |         +|   0|  0|  39|          32|          32|
    |icmp_ln65_fu_7032_p2       |      icmp|   0|  0|  14|           5|           6|
    |ap_block_pp0_stage0_11001  |        or|   0|  0|   2|           1|           1|
    |ap_enable_pp0              |       xor|   0|  0|   2|           1|           2|
    +---------------------------+----------+----+---+----+------------+------------+
    |Total                      |          |   0|  0| 888|         743|         741|
    +---------------------------+----------+----+---+----+------------+------------+

    * Multiplexer: 
    +----------------------------+----+-----------+-----+-----------+
    |            Name            | LUT| Input Size| Bits| Total Bits|
    +----------------------------+----+-----------+-----+-----------+
    |ap_done_int                 |   9|          2|    1|          2|
    |ap_enable_reg_pp0_iter1     |   9|          2|    1|          2|
    |ap_sig_allocacmp_i_1        |   9|          2|    5|         10|
    |gmem_blk_n_AR               |   9|          2|    1|          2|
    |gmem_blk_n_R                |   9|          2|    1|          2|
    |i_fu_1170                   |   9|          2|    5|         10|
    |mux_case_0294794_fu_1238    |   9|          2|   32|         64|
    |mux_case_0310826_fu_1302    |   9|          2|   32|         64|
    |mux_case_0326858_fu_1366    |   9|          2|   32|         64|
    |mux_case_0342890_fu_1430    |   9|          2|   32|         64|
    |mux_case_0358922_fu_1494    |   9|          2|   32|         64|
    |mux_case_0374954_fu_1558    |   9|          2|   32|         64|
    |mux_case_0390986_fu_1622    |   9|          2|   32|         64|
    |mux_case_04061018_fu_1686   |   9|          2|   32|         64|
    |mux_case_04221050_fu_1750   |   9|          2|   32|         64|
    |mux_case_04381082_fu_1814   |   9|          2|   32|         64|
    |mux_case_04541114_fu_1878   |   9|          2|   32|         64|
    |mux_case_04701146_fu_1942   |   9|          2|   32|         64|
    |mux_case_04861178_fu_2006   |   9|          2|   32|         64|
    |mux_case_05021210_fu_2070   |   9|          2|   32|         64|
    |mux_case_05181242_fu_2134   |   9|          2|   32|         64|
    |mux_case_0762_fu_1174       |   9|          2|   32|         64|
    |mux_case_10304814_fu_1278   |   9|          2|   32|         64|
    |mux_case_10320846_fu_1342   |   9|          2|   32|         64|
    |mux_case_10336878_fu_1406   |   9|          2|   32|         64|
    |mux_case_10352910_fu_1470   |   9|          2|   32|         64|
    |mux_case_10368942_fu_1534   |   9|          2|   32|         64|
    |mux_case_10384974_fu_1598   |   9|          2|   32|         64|
    |mux_case_104001006_fu_1662  |   9|          2|   32|         64|
    |mux_case_104161038_fu_1726  |   9|          2|   32|         64|
    |mux_case_104321070_fu_1790  |   9|          2|   32|         64|
    |mux_case_104481102_fu_1854  |   9|          2|   32|         64|
    |mux_case_104641134_fu_1918  |   9|          2|   32|         64|
    |mux_case_104801166_fu_1982  |   9|          2|   32|         64|
    |mux_case_104961198_fu_2046  |   9|          2|   32|         64|
    |mux_case_105121230_fu_2110  |   9|          2|   32|         64|
    |mux_case_105281262_fu_2174  |   9|          2|   32|         64|
    |mux_case_10782_fu_1214      |   9|          2|   32|         64|
    |mux_case_11305816_fu_1282   |   9|          2|   32|         64|
    |mux_case_11321848_fu_1346   |   9|          2|   32|         64|
    |mux_case_11337880_fu_1410   |   9|          2|   32|         64|
    |mux_case_11353912_fu_1474   |   9|          2|   32|         64|
    |mux_case_11369944_fu_1538   |   9|          2|   32|         64|
    |mux_case_11385976_fu_1602   |   9|          2|   32|         64|
    |mux_case_114011008_fu_1666  |   9|          2|   32|         64|
    |mux_case_114171040_fu_1730  |   9|          2|   32|         64|
    |mux_case_114331072_fu_1794  |   9|          2|   32|         64|
    |mux_case_114491104_fu_1858  |   9|          2|   32|         64|
    |mux_case_114651136_fu_1922  |   9|          2|   32|         64|
    |mux_case_114811168_fu_1986  |   9|          2|   32|         64|
    |mux_case_114971200_fu_2050  |   9|          2|   32|         64|
    |mux_case_115131232_fu_2114  |   9|          2|   32|         64|
    |mux_case_115291264_fu_2178  |   9|          2|   32|         64|
    |mux_case_11784_fu_1218      |   9|          2|   32|         64|
    |mux_case_12306818_fu_1286   |   9|          2|   32|         64|
    |mux_case_12322850_fu_1350   |   9|          2|   32|         64|
    |mux_case_12338882_fu_1414   |   9|          2|   32|         64|
    |mux_case_12354914_fu_1478   |   9|          2|   32|         64|
    |mux_case_12370946_fu_1542   |   9|          2|   32|         64|
    |mux_case_12386978_fu_1606   |   9|          2|   32|         64|
    |mux_case_124021010_fu_1670  |   9|          2|   32|         64|
    |mux_case_124181042_fu_1734  |   9|          2|   32|         64|
    |mux_case_124341074_fu_1798  |   9|          2|   32|         64|
    |mux_case_124501106_fu_1862  |   9|          2|   32|         64|
    |mux_case_124661138_fu_1926  |   9|          2|   32|         64|
    |mux_case_124821170_fu_1990  |   9|          2|   32|         64|
    |mux_case_124981202_fu_2054  |   9|          2|   32|         64|
    |mux_case_125141234_fu_2118  |   9|          2|   32|         64|
    |mux_case_125301266_fu_2182  |   9|          2|   32|         64|
    |mux_case_12786_fu_1222      |   9|          2|   32|         64|
    |mux_case_1295796_fu_1242    |   9|          2|   32|         64|
    |mux_case_1311828_fu_1306    |   9|          2|   32|         64|
    |mux_case_1327860_fu_1370    |   9|          2|   32|         64|
    |mux_case_13307820_fu_1290   |   9|          2|   32|         64|
    |mux_case_13323852_fu_1354   |   9|          2|   32|         64|
    |mux_case_13339884_fu_1418   |   9|          2|   32|         64|
    |mux_case_13355916_fu_1482   |   9|          2|   32|         64|
    |mux_case_13371948_fu_1546   |   9|          2|   32|         64|
    |mux_case_13387980_fu_1610   |   9|          2|   32|         64|
    |mux_case_134031012_fu_1674  |   9|          2|   32|         64|
    |mux_case_134191044_fu_1738  |   9|          2|   32|         64|
    |mux_case_134351076_fu_1802  |   9|          2|   32|         64|
    |mux_case_1343892_fu_1434    |   9|          2|   32|         64|
    |mux_case_134511108_fu_1866  |   9|          2|   32|         64|
    |mux_case_134671140_fu_1930  |   9|          2|   32|         64|
    |mux_case_134831172_fu_1994  |   9|          2|   32|         64|
    |mux_case_134991204_fu_2058  |   9|          2|   32|         64|
    |mux_case_135151236_fu_2122  |   9|          2|   32|         64|
    |mux_case_135311268_fu_2186  |   9|          2|   32|         64|
    |mux_case_1359924_fu_1498    |   9|          2|   32|         64|
    |mux_case_1375956_fu_1562    |   9|          2|   32|         64|
    |mux_case_13788_fu_1226      |   9|          2|   32|         64|
    |mux_case_1391988_fu_1626    |   9|          2|   32|         64|
    |mux_case_14071020_fu_1690   |   9|          2|   32|         64|
    |mux_case_14231052_fu_1754   |   9|          2|   32|         64|
    |mux_case_14308822_fu_1294   |   9|          2|   32|         64|
    |mux_case_14324854_fu_1358   |   9|          2|   32|         64|
    |mux_case_14340886_fu_1422   |   9|          2|   32|         64|
    |mux_case_14356918_fu_1486   |   9|          2|   32|         64|
    |mux_case_14372950_fu_1550   |   9|          2|   32|         64|
    |mux_case_14388982_fu_1614   |   9|          2|   32|         64|
    |mux_case_14391084_fu_1818   |   9|          2|   32|         64|
    |mux_case_144041014_fu_1678  |   9|          2|   32|         64|
    |mux_case_144201046_fu_1742  |   9|          2|   32|         64|
    |mux_case_144361078_fu_1806  |   9|          2|   32|         64|
    |mux_case_144521110_fu_1870  |   9|          2|   32|         64|
    |mux_case_144681142_fu_1934  |   9|          2|   32|         64|
    |mux_case_144841174_fu_1998  |   9|          2|   32|         64|
    |mux_case_145001206_fu_2062  |   9|          2|   32|         64|
    |mux_case_145161238_fu_2126  |   9|          2|   32|         64|
    |mux_case_145321270_fu_2190  |   9|          2|   32|         64|
    |mux_case_14551116_fu_1882   |   9|          2|   32|         64|
    |mux_case_14711148_fu_1946   |   9|          2|   32|         64|
    |mux_case_14790_fu_1230      |   9|          2|   32|         64|
    |mux_case_14871180_fu_2010   |   9|          2|   32|         64|
    |mux_case_15031212_fu_2074   |   9|          2|   32|         64|
    |mux_case_15191244_fu_2138   |   9|          2|   32|         64|
    |mux_case_15309824_fu_1298   |   9|          2|   32|         64|
    |mux_case_15325856_fu_1362   |   9|          2|   32|         64|
    |mux_case_15341888_fu_1426   |   9|          2|   32|         64|
    |mux_case_15357920_fu_1490   |   9|          2|   32|         64|
    |mux_case_15373952_fu_1554   |   9|          2|   32|         64|
    |mux_case_15389984_fu_1618   |   9|          2|   32|         64|
    |mux_case_154051016_fu_1682  |   9|          2|   32|         64|
    |mux_case_154211048_fu_1746  |   9|          2|   32|         64|
    |mux_case_154371080_fu_1810  |   9|          2|   32|         64|
    |mux_case_154531112_fu_1874  |   9|          2|   32|         64|
    |mux_case_154691144_fu_1938  |   9|          2|   32|         64|
    |mux_case_154851176_fu_2002  |   9|          2|   32|         64|
    |mux_case_155011208_fu_2066  |   9|          2|   32|         64|
    |mux_case_155171240_fu_2130  |   9|          2|   32|         64|
    |mux_case_155331272_fu_2194  |   9|          2|   32|         64|
    |mux_case_15792_fu_1234      |   9|          2|   32|         64|
    |mux_case_1764_fu_1178       |   9|          2|   32|         64|
    |mux_case_2296798_fu_1246    |   9|          2|   32|         64|
    |mux_case_2312830_fu_1310    |   9|          2|   32|         64|
    |mux_case_2328862_fu_1374    |   9|          2|   32|         64|
    |mux_case_2344894_fu_1438    |   9|          2|   32|         64|
    |mux_case_2360926_fu_1502    |   9|          2|   32|         64|
    |mux_case_2376958_fu_1566    |   9|          2|   32|         64|
    |mux_case_2392990_fu_1630    |   9|          2|   32|         64|
    |mux_case_24081022_fu_1694   |   9|          2|   32|         64|
    |mux_case_24241054_fu_1758   |   9|          2|   32|         64|
    |mux_case_24401086_fu_1822   |   9|          2|   32|         64|
    |mux_case_24561118_fu_1886   |   9|          2|   32|         64|
    |mux_case_24721150_fu_1950   |   9|          2|   32|         64|
    |mux_case_24881182_fu_2014   |   9|          2|   32|         64|
    |mux_case_25041214_fu_2078   |   9|          2|   32|         64|
    |mux_case_25201246_fu_2142   |   9|          2|   32|         64|
    |mux_case_2766_fu_1182       |   9|          2|   32|         64|
    |mux_case_3297800_fu_1250    |   9|          2|   32|         64|
    |mux_case_3313832_fu_1314    |   9|          2|   32|         64|
    |mux_case_3329864_fu_1378    |   9|          2|   32|         64|
    |mux_case_3345896_fu_1442    |   9|          2|   32|         64|
    |mux_case_3361928_fu_1506    |   9|          2|   32|         64|
    |mux_case_3377960_fu_1570    |   9|          2|   32|         64|
    |mux_case_3393992_fu_1634    |   9|          2|   32|         64|
    |mux_case_34091024_fu_1698   |   9|          2|   32|         64|
    |mux_case_34251056_fu_1762   |   9|          2|   32|         64|
    |mux_case_34411088_fu_1826   |   9|          2|   32|         64|
    |mux_case_34571120_fu_1890   |   9|          2|   32|         64|
    |mux_case_34731152_fu_1954   |   9|          2|   32|         64|
    |mux_case_34891184_fu_2018   |   9|          2|   32|         64|
    |mux_case_35051216_fu_2082   |   9|          2|   32|         64|
    |mux_case_35211248_fu_2146   |   9|          2|   32|         64|
    |mux_case_3768_fu_1186       |   9|          2|   32|         64|
    |mux_case_4298802_fu_1254    |   9|          2|   32|         64|
    |mux_case_4314834_fu_1318    |   9|          2|   32|         64|
    |mux_case_4330866_fu_1382    |   9|          2|   32|         64|
    |mux_case_4346898_fu_1446    |   9|          2|   32|         64|
    |mux_case_4362930_fu_1510    |   9|          2|   32|         64|
    |mux_case_4378962_fu_1574    |   9|          2|   32|         64|
    |mux_case_4394994_fu_1638    |   9|          2|   32|         64|
    |mux_case_44101026_fu_1702   |   9|          2|   32|         64|
    |mux_case_44261058_fu_1766   |   9|          2|   32|         64|
    |mux_case_44421090_fu_1830   |   9|          2|   32|         64|
    |mux_case_44581122_fu_1894   |   9|          2|   32|         64|
    |mux_case_44741154_fu_1958   |   9|          2|   32|         64|
    |mux_case_44901186_fu_2022   |   9|          2|   32|         64|
    |mux_case_45061218_fu_2086   |   9|          2|   32|         64|
    |mux_case_45221250_fu_2150   |   9|          2|   32|         64|
    |mux_case_4770_fu_1190       |   9|          2|   32|         64|
    |mux_case_5299804_fu_1258    |   9|          2|   32|         64|
    |mux_case_5315836_fu_1322    |   9|          2|   32|         64|
    |mux_case_5331868_fu_1386    |   9|          2|   32|         64|
    |mux_case_5347900_fu_1450    |   9|          2|   32|         64|
    |mux_case_5363932_fu_1514    |   9|          2|   32|         64|
    |mux_case_5379964_fu_1578    |   9|          2|   32|         64|
    |mux_case_5395996_fu_1642    |   9|          2|   32|         64|
    |mux_case_54111028_fu_1706   |   9|          2|   32|         64|
    |mux_case_54271060_fu_1770   |   9|          2|   32|         64|
    |mux_case_54431092_fu_1834   |   9|          2|   32|         64|
    |mux_case_54591124_fu_1898   |   9|          2|   32|         64|
    |mux_case_54751156_fu_1962   |   9|          2|   32|         64|
    |mux_case_54911188_fu_2026   |   9|          2|   32|         64|
    |mux_case_55071220_fu_2090   |   9|          2|   32|         64|
    |mux_case_55231252_fu_2154   |   9|          2|   32|         64|
    |mux_case_5772_fu_1194       |   9|          2|   32|         64|
    |mux_case_6300806_fu_1262    |   9|          2|   32|         64|
    |mux_case_6316838_fu_1326    |   9|          2|   32|         64|
    |mux_case_6332870_fu_1390    |   9|          2|   32|         64|
    |mux_case_6348902_fu_1454    |   9|          2|   32|         64|
    |mux_case_6364934_fu_1518    |   9|          2|   32|         64|
    |mux_case_6380966_fu_1582    |   9|          2|   32|         64|
    |mux_case_6396998_fu_1646    |   9|          2|   32|         64|
    |mux_case_64121030_fu_1710   |   9|          2|   32|         64|
    |mux_case_64281062_fu_1774   |   9|          2|   32|         64|
    |mux_case_64441094_fu_1838   |   9|          2|   32|         64|
    |mux_case_64601126_fu_1902   |   9|          2|   32|         64|
    |mux_case_64761158_fu_1966   |   9|          2|   32|         64|
    |mux_case_64921190_fu_2030   |   9|          2|   32|         64|
    |mux_case_65081222_fu_2094   |   9|          2|   32|         64|
    |mux_case_65241254_fu_2158   |   9|          2|   32|         64|
    |mux_case_6774_fu_1198       |   9|          2|   32|         64|
    |mux_case_7301808_fu_1266    |   9|          2|   32|         64|
    |mux_case_7317840_fu_1330    |   9|          2|   32|         64|
    |mux_case_7333872_fu_1394    |   9|          2|   32|         64|
    |mux_case_7349904_fu_1458    |   9|          2|   32|         64|
    |mux_case_7365936_fu_1522    |   9|          2|   32|         64|
    |mux_case_7381968_fu_1586    |   9|          2|   32|         64|
    |mux_case_73971000_fu_1650   |   9|          2|   32|         64|
    |mux_case_74131032_fu_1714   |   9|          2|   32|         64|
    |mux_case_74291064_fu_1778   |   9|          2|   32|         64|
    |mux_case_74451096_fu_1842   |   9|          2|   32|         64|
    |mux_case_74611128_fu_1906   |   9|          2|   32|         64|
    |mux_case_74771160_fu_1970   |   9|          2|   32|         64|
    |mux_case_74931192_fu_2034   |   9|          2|   32|         64|
    |mux_case_75091224_fu_2098   |   9|          2|   32|         64|
    |mux_case_75251256_fu_2162   |   9|          2|   32|         64|
    |mux_case_7776_fu_1202       |   9|          2|   32|         64|
    |mux_case_8302810_fu_1270    |   9|          2|   32|         64|
    |mux_case_8318842_fu_1334    |   9|          2|   32|         64|
    |mux_case_8334874_fu_1398    |   9|          2|   32|         64|
    |mux_case_8350906_fu_1462    |   9|          2|   32|         64|
    |mux_case_8366938_fu_1526    |   9|          2|   32|         64|
    |mux_case_8382970_fu_1590    |   9|          2|   32|         64|
    |mux_case_83981002_fu_1654   |   9|          2|   32|         64|
    |mux_case_84141034_fu_1718   |   9|          2|   32|         64|
    |mux_case_84301066_fu_1782   |   9|          2|   32|         64|
    |mux_case_84461098_fu_1846   |   9|          2|   32|         64|
    |mux_case_84621130_fu_1910   |   9|          2|   32|         64|
    |mux_case_84781162_fu_1974   |   9|          2|   32|         64|
    |mux_case_84941194_fu_2038   |   9|          2|   32|         64|
    |mux_case_85101226_fu_2102   |   9|          2|   32|         64|
    |mux_case_85261258_fu_2166   |   9|          2|   32|         64|
    |mux_case_8778_fu_1206       |   9|          2|   32|         64|
    |mux_case_9303812_fu_1274    |   9|          2|   32|         64|
    |mux_case_9319844_fu_1338    |   9|          2|   32|         64|
    |mux_case_9335876_fu_1402    |   9|          2|   32|         64|
    |mux_case_9351908_fu_1466    |   9|          2|   32|         64|
    |mux_case_9367940_fu_1530    |   9|          2|   32|         64|
    |mux_case_9383972_fu_1594    |   9|          2|   32|         64|
    |mux_case_93991004_fu_1658   |   9|          2|   32|         64|
    |mux_case_94151036_fu_1722   |   9|          2|   32|         64|
    |mux_case_94311068_fu_1786   |   9|          2|   32|         64|
    |mux_case_94471100_fu_1850   |   9|          2|   32|         64|
    |mux_case_94631132_fu_1914   |   9|          2|   32|         64|
    |mux_case_94791164_fu_1978   |   9|          2|   32|         64|
    |mux_case_94951196_fu_2042   |   9|          2|   32|         64|
    |mux_case_95111228_fu_2106   |   9|          2|   32|         64|
    |mux_case_95271260_fu_2170   |   9|          2|   32|         64|
    |mux_case_9780_fu_1210       |   9|          2|   32|         64|
    +----------------------------+----+-----------+-----+-----------+
    |Total                       |2358|        524| 8206|      16412|
    +----------------------------+----+-----------+-----+-----------+

    * Register: 
    +-------------------------------------------+----+----+-----+-----------+
    |                    Name                   | FF | LUT| Bits| Const Bits|
    +-------------------------------------------+----+----+-----+-----------+
    |Atemp_reg_13626                            |  32|   0|   32|          0|
    |add_ln67_reg_13610                         |  31|   0|   31|          0|
    |ap_CS_fsm                                  |   1|   0|    1|          0|
    |ap_block_pp0_stage0_subdone_grp0_done_reg  |   1|   0|    1|          0|
    |ap_done_reg                                |   1|   0|    1|          0|
    |ap_enable_reg_pp0_iter1                    |   1|   0|    1|          0|
    |ap_enable_reg_pp0_iter10                   |   1|   0|    1|          0|
    |ap_enable_reg_pp0_iter11                   |   1|   0|    1|          0|
    |ap_enable_reg_pp0_iter12                   |   1|   0|    1|          0|
    |ap_enable_reg_pp0_iter13                   |   1|   0|    1|          0|
    |ap_enable_reg_pp0_iter2                    |   1|   0|    1|          0|
    |ap_enable_reg_pp0_iter3                    |   1|   0|    1|          0|
    |ap_enable_reg_pp0_iter4                    |   1|   0|    1|          0|
    |ap_enable_reg_pp0_iter5                    |   1|   0|    1|          0|
    |ap_enable_reg_pp0_iter6                    |   1|   0|    1|          0|
    |ap_enable_reg_pp0_iter7                    |   1|   0|    1|          0|
    |ap_enable_reg_pp0_iter8                    |   1|   0|    1|          0|
    |ap_enable_reg_pp0_iter9                    |   1|   0|    1|          0|
    |ap_loop_exit_ready_pp0_iter10_reg          |   1|   0|    1|          0|
    |ap_loop_exit_ready_pp0_iter11_reg          |   1|   0|    1|          0|
    |ap_loop_exit_ready_pp0_iter12_reg          |   1|   0|    1|          0|
    |ap_loop_exit_ready_pp0_iter1_reg           |   1|   0|    1|          0|
    |ap_loop_exit_ready_pp0_iter2_reg           |   1|   0|    1|          0|
    |ap_loop_exit_ready_pp0_iter3_reg           |   1|   0|    1|          0|
    |ap_loop_exit_ready_pp0_iter4_reg           |   1|   0|    1|          0|
    |ap_loop_exit_ready_pp0_iter5_reg           |   1|   0|    1|          0|
    |ap_loop_exit_ready_pp0_iter6_reg           |   1|   0|    1|          0|
    |ap_loop_exit_ready_pp0_iter7_reg           |   1|   0|    1|          0|
    |ap_loop_exit_ready_pp0_iter8_reg           |   1|   0|    1|          0|
    |ap_loop_exit_ready_pp0_iter9_reg           |   1|   0|    1|          0|
    |gmem_addr_reg_13620                        |  64|   0|   64|          0|
    |i_fu_1170                                  |   5|   0|    5|          0|
    |icmp_ln65_reg_13586                        |   1|   0|    1|          0|
    |mul_ln67_reg_13615                         |  62|   0|   62|          0|
    |mul_ln70_10_reg_13696                      |  32|   0|   32|          0|
    |mul_ln70_11_reg_13701                      |  32|   0|   32|          0|
    |mul_ln70_12_reg_13706                      |  32|   0|   32|          0|
    |mul_ln70_13_reg_13711                      |  32|   0|   32|          0|
    |mul_ln70_14_reg_13716                      |  32|   0|   32|          0|
    |mul_ln70_15_reg_13721                      |  32|   0|   32|          0|
    |mul_ln70_1_reg_13651                       |  32|   0|   32|          0|
    |mul_ln70_2_reg_13656                       |  32|   0|   32|          0|
    |mul_ln70_3_reg_13661                       |  32|   0|   32|          0|
    |mul_ln70_4_reg_13666                       |  32|   0|   32|          0|
    |mul_ln70_5_reg_13671                       |  32|   0|   32|          0|
    |mul_ln70_6_reg_13676                       |  32|   0|   32|          0|
    |mul_ln70_7_reg_13681                       |  32|   0|   32|          0|
    |mul_ln70_8_reg_13686                       |  32|   0|   32|          0|
    |mul_ln70_9_reg_13691                       |  32|   0|   32|          0|
    |mul_ln70_reg_13646                         |  32|   0|   32|          0|
    |mux_case_0294794_fu_1238                   |  32|   0|   32|          0|
    |mux_case_0310826_fu_1302                   |  32|   0|   32|          0|
    |mux_case_0326858_fu_1366                   |  32|   0|   32|          0|
    |mux_case_0342890_fu_1430                   |  32|   0|   32|          0|
    |mux_case_0358922_fu_1494                   |  32|   0|   32|          0|
    |mux_case_0374954_fu_1558                   |  32|   0|   32|          0|
    |mux_case_0390986_fu_1622                   |  32|   0|   32|          0|
    |mux_case_04061018_fu_1686                  |  32|   0|   32|          0|
    |mux_case_04221050_fu_1750                  |  32|   0|   32|          0|
    |mux_case_04381082_fu_1814                  |  32|   0|   32|          0|
    |mux_case_04541114_fu_1878                  |  32|   0|   32|          0|
    |mux_case_04701146_fu_1942                  |  32|   0|   32|          0|
    |mux_case_04861178_fu_2006                  |  32|   0|   32|          0|
    |mux_case_05021210_fu_2070                  |  32|   0|   32|          0|
    |mux_case_05181242_fu_2134                  |  32|   0|   32|          0|
    |mux_case_0762_fu_1174                      |  32|   0|   32|          0|
    |mux_case_10304814_fu_1278                  |  32|   0|   32|          0|
    |mux_case_10320846_fu_1342                  |  32|   0|   32|          0|
    |mux_case_10336878_fu_1406                  |  32|   0|   32|          0|
    |mux_case_10352910_fu_1470                  |  32|   0|   32|          0|
    |mux_case_10368942_fu_1534                  |  32|   0|   32|          0|
    |mux_case_10384974_fu_1598                  |  32|   0|   32|          0|
    |mux_case_104001006_fu_1662                 |  32|   0|   32|          0|
    |mux_case_104161038_fu_1726                 |  32|   0|   32|          0|
    |mux_case_104321070_fu_1790                 |  32|   0|   32|          0|
    |mux_case_104481102_fu_1854                 |  32|   0|   32|          0|
    |mux_case_104641134_fu_1918                 |  32|   0|   32|          0|
    |mux_case_104801166_fu_1982                 |  32|   0|   32|          0|
    |mux_case_104961198_fu_2046                 |  32|   0|   32|          0|
    |mux_case_105121230_fu_2110                 |  32|   0|   32|          0|
    |mux_case_105281262_fu_2174                 |  32|   0|   32|          0|
    |mux_case_10782_fu_1214                     |  32|   0|   32|          0|
    |mux_case_11305816_fu_1282                  |  32|   0|   32|          0|
    |mux_case_11321848_fu_1346                  |  32|   0|   32|          0|
    |mux_case_11337880_fu_1410                  |  32|   0|   32|          0|
    |mux_case_11353912_fu_1474                  |  32|   0|   32|          0|
    |mux_case_11369944_fu_1538                  |  32|   0|   32|          0|
    |mux_case_11385976_fu_1602                  |  32|   0|   32|          0|
    |mux_case_114011008_fu_1666                 |  32|   0|   32|          0|
    |mux_case_114171040_fu_1730                 |  32|   0|   32|          0|
    |mux_case_114331072_fu_1794                 |  32|   0|   32|          0|
    |mux_case_114491104_fu_1858                 |  32|   0|   32|          0|
    |mux_case_114651136_fu_1922                 |  32|   0|   32|          0|
    |mux_case_114811168_fu_1986                 |  32|   0|   32|          0|
    |mux_case_114971200_fu_2050                 |  32|   0|   32|          0|
    |mux_case_115131232_fu_2114                 |  32|   0|   32|          0|
    |mux_case_115291264_fu_2178                 |  32|   0|   32|          0|
    |mux_case_11784_fu_1218                     |  32|   0|   32|          0|
    |mux_case_12306818_fu_1286                  |  32|   0|   32|          0|
    |mux_case_12322850_fu_1350                  |  32|   0|   32|          0|
    |mux_case_12338882_fu_1414                  |  32|   0|   32|          0|
    |mux_case_12354914_fu_1478                  |  32|   0|   32|          0|
    |mux_case_12370946_fu_1542                  |  32|   0|   32|          0|
    |mux_case_12386978_fu_1606                  |  32|   0|   32|          0|
    |mux_case_124021010_fu_1670                 |  32|   0|   32|          0|
    |mux_case_124181042_fu_1734                 |  32|   0|   32|          0|
    |mux_case_124341074_fu_1798                 |  32|   0|   32|          0|
    |mux_case_124501106_fu_1862                 |  32|   0|   32|          0|
    |mux_case_124661138_fu_1926                 |  32|   0|   32|          0|
    |mux_case_124821170_fu_1990                 |  32|   0|   32|          0|
    |mux_case_124981202_fu_2054                 |  32|   0|   32|          0|
    |mux_case_125141234_fu_2118                 |  32|   0|   32|          0|
    |mux_case_125301266_fu_2182                 |  32|   0|   32|          0|
    |mux_case_12786_fu_1222                     |  32|   0|   32|          0|
    |mux_case_1295796_fu_1242                   |  32|   0|   32|          0|
    |mux_case_1311828_fu_1306                   |  32|   0|   32|          0|
    |mux_case_1327860_fu_1370                   |  32|   0|   32|          0|
    |mux_case_13307820_fu_1290                  |  32|   0|   32|          0|
    |mux_case_13323852_fu_1354                  |  32|   0|   32|          0|
    |mux_case_13339884_fu_1418                  |  32|   0|   32|          0|
    |mux_case_13355916_fu_1482                  |  32|   0|   32|          0|
    |mux_case_13371948_fu_1546                  |  32|   0|   32|          0|
    |mux_case_13387980_fu_1610                  |  32|   0|   32|          0|
    |mux_case_134031012_fu_1674                 |  32|   0|   32|          0|
    |mux_case_134191044_fu_1738                 |  32|   0|   32|          0|
    |mux_case_134351076_fu_1802                 |  32|   0|   32|          0|
    |mux_case_1343892_fu_1434                   |  32|   0|   32|          0|
    |mux_case_134511108_fu_1866                 |  32|   0|   32|          0|
    |mux_case_134671140_fu_1930                 |  32|   0|   32|          0|
    |mux_case_134831172_fu_1994                 |  32|   0|   32|          0|
    |mux_case_134991204_fu_2058                 |  32|   0|   32|          0|
    |mux_case_135151236_fu_2122                 |  32|   0|   32|          0|
    |mux_case_135311268_fu_2186                 |  32|   0|   32|          0|
    |mux_case_1359924_fu_1498                   |  32|   0|   32|          0|
    |mux_case_1375956_fu_1562                   |  32|   0|   32|          0|
    |mux_case_13788_fu_1226                     |  32|   0|   32|          0|
    |mux_case_1391988_fu_1626                   |  32|   0|   32|          0|
    |mux_case_14071020_fu_1690                  |  32|   0|   32|          0|
    |mux_case_14231052_fu_1754                  |  32|   0|   32|          0|
    |mux_case_14308822_fu_1294                  |  32|   0|   32|          0|
    |mux_case_14324854_fu_1358                  |  32|   0|   32|          0|
    |mux_case_14340886_fu_1422                  |  32|   0|   32|          0|
    |mux_case_14356918_fu_1486                  |  32|   0|   32|          0|
    |mux_case_14372950_fu_1550                  |  32|   0|   32|          0|
    |mux_case_14388982_fu_1614                  |  32|   0|   32|          0|
    |mux_case_14391084_fu_1818                  |  32|   0|   32|          0|
    |mux_case_144041014_fu_1678                 |  32|   0|   32|          0|
    |mux_case_144201046_fu_1742                 |  32|   0|   32|          0|
    |mux_case_144361078_fu_1806                 |  32|   0|   32|          0|
    |mux_case_144521110_fu_1870                 |  32|   0|   32|          0|
    |mux_case_144681142_fu_1934                 |  32|   0|   32|          0|
    |mux_case_144841174_fu_1998                 |  32|   0|   32|          0|
    |mux_case_145001206_fu_2062                 |  32|   0|   32|          0|
    |mux_case_145161238_fu_2126                 |  32|   0|   32|          0|
    |mux_case_145321270_fu_2190                 |  32|   0|   32|          0|
    |mux_case_14551116_fu_1882                  |  32|   0|   32|          0|
    |mux_case_14711148_fu_1946                  |  32|   0|   32|          0|
    |mux_case_14790_fu_1230                     |  32|   0|   32|          0|
    |mux_case_14871180_fu_2010                  |  32|   0|   32|          0|
    |mux_case_15031212_fu_2074                  |  32|   0|   32|          0|
    |mux_case_15191244_fu_2138                  |  32|   0|   32|          0|
    |mux_case_15309824_fu_1298                  |  32|   0|   32|          0|
    |mux_case_15325856_fu_1362                  |  32|   0|   32|          0|
    |mux_case_15341888_fu_1426                  |  32|   0|   32|          0|
    |mux_case_15357920_fu_1490                  |  32|   0|   32|          0|
    |mux_case_15373952_fu_1554                  |  32|   0|   32|          0|
    |mux_case_15389984_fu_1618                  |  32|   0|   32|          0|
    |mux_case_154051016_fu_1682                 |  32|   0|   32|          0|
    |mux_case_154211048_fu_1746                 |  32|   0|   32|          0|
    |mux_case_154371080_fu_1810                 |  32|   0|   32|          0|
    |mux_case_154531112_fu_1874                 |  32|   0|   32|          0|
    |mux_case_154691144_fu_1938                 |  32|   0|   32|          0|
    |mux_case_154851176_fu_2002                 |  32|   0|   32|          0|
    |mux_case_155011208_fu_2066                 |  32|   0|   32|          0|
    |mux_case_155171240_fu_2130                 |  32|   0|   32|          0|
    |mux_case_155331272_fu_2194                 |  32|   0|   32|          0|
    |mux_case_15792_fu_1234                     |  32|   0|   32|          0|
    |mux_case_1764_fu_1178                      |  32|   0|   32|          0|
    |mux_case_2296798_fu_1246                   |  32|   0|   32|          0|
    |mux_case_2312830_fu_1310                   |  32|   0|   32|          0|
    |mux_case_2328862_fu_1374                   |  32|   0|   32|          0|
    |mux_case_2344894_fu_1438                   |  32|   0|   32|          0|
    |mux_case_2360926_fu_1502                   |  32|   0|   32|          0|
    |mux_case_2376958_fu_1566                   |  32|   0|   32|          0|
    |mux_case_2392990_fu_1630                   |  32|   0|   32|          0|
    |mux_case_24081022_fu_1694                  |  32|   0|   32|          0|
    |mux_case_24241054_fu_1758                  |  32|   0|   32|          0|
    |mux_case_24401086_fu_1822                  |  32|   0|   32|          0|
    |mux_case_24561118_fu_1886                  |  32|   0|   32|          0|
    |mux_case_24721150_fu_1950                  |  32|   0|   32|          0|
    |mux_case_24881182_fu_2014                  |  32|   0|   32|          0|
    |mux_case_25041214_fu_2078                  |  32|   0|   32|          0|
    |mux_case_25201246_fu_2142                  |  32|   0|   32|          0|
    |mux_case_2766_fu_1182                      |  32|   0|   32|          0|
    |mux_case_3297800_fu_1250                   |  32|   0|   32|          0|
    |mux_case_3313832_fu_1314                   |  32|   0|   32|          0|
    |mux_case_3329864_fu_1378                   |  32|   0|   32|          0|
    |mux_case_3345896_fu_1442                   |  32|   0|   32|          0|
    |mux_case_3361928_fu_1506                   |  32|   0|   32|          0|
    |mux_case_3377960_fu_1570                   |  32|   0|   32|          0|
    |mux_case_3393992_fu_1634                   |  32|   0|   32|          0|
    |mux_case_34091024_fu_1698                  |  32|   0|   32|          0|
    |mux_case_34251056_fu_1762                  |  32|   0|   32|          0|
    |mux_case_34411088_fu_1826                  |  32|   0|   32|          0|
    |mux_case_34571120_fu_1890                  |  32|   0|   32|          0|
    |mux_case_34731152_fu_1954                  |  32|   0|   32|          0|
    |mux_case_34891184_fu_2018                  |  32|   0|   32|          0|
    |mux_case_35051216_fu_2082                  |  32|   0|   32|          0|
    |mux_case_35211248_fu_2146                  |  32|   0|   32|          0|
    |mux_case_3768_fu_1186                      |  32|   0|   32|          0|
    |mux_case_4298802_fu_1254                   |  32|   0|   32|          0|
    |mux_case_4314834_fu_1318                   |  32|   0|   32|          0|
    |mux_case_4330866_fu_1382                   |  32|   0|   32|          0|
    |mux_case_4346898_fu_1446                   |  32|   0|   32|          0|
    |mux_case_4362930_fu_1510                   |  32|   0|   32|          0|
    |mux_case_4378962_fu_1574                   |  32|   0|   32|          0|
    |mux_case_4394994_fu_1638                   |  32|   0|   32|          0|
    |mux_case_44101026_fu_1702                  |  32|   0|   32|          0|
    |mux_case_44261058_fu_1766                  |  32|   0|   32|          0|
    |mux_case_44421090_fu_1830                  |  32|   0|   32|          0|
    |mux_case_44581122_fu_1894                  |  32|   0|   32|          0|
    |mux_case_44741154_fu_1958                  |  32|   0|   32|          0|
    |mux_case_44901186_fu_2022                  |  32|   0|   32|          0|
    |mux_case_45061218_fu_2086                  |  32|   0|   32|          0|
    |mux_case_45221250_fu_2150                  |  32|   0|   32|          0|
    |mux_case_4770_fu_1190                      |  32|   0|   32|          0|
    |mux_case_5299804_fu_1258                   |  32|   0|   32|          0|
    |mux_case_5315836_fu_1322                   |  32|   0|   32|          0|
    |mux_case_5331868_fu_1386                   |  32|   0|   32|          0|
    |mux_case_5347900_fu_1450                   |  32|   0|   32|          0|
    |mux_case_5363932_fu_1514                   |  32|   0|   32|          0|
    |mux_case_5379964_fu_1578                   |  32|   0|   32|          0|
    |mux_case_5395996_fu_1642                   |  32|   0|   32|          0|
    |mux_case_54111028_fu_1706                  |  32|   0|   32|          0|
    |mux_case_54271060_fu_1770                  |  32|   0|   32|          0|
    |mux_case_54431092_fu_1834                  |  32|   0|   32|          0|
    |mux_case_54591124_fu_1898                  |  32|   0|   32|          0|
    |mux_case_54751156_fu_1962                  |  32|   0|   32|          0|
    |mux_case_54911188_fu_2026                  |  32|   0|   32|          0|
    |mux_case_55071220_fu_2090                  |  32|   0|   32|          0|
    |mux_case_55231252_fu_2154                  |  32|   0|   32|          0|
    |mux_case_5772_fu_1194                      |  32|   0|   32|          0|
    |mux_case_6300806_fu_1262                   |  32|   0|   32|          0|
    |mux_case_6316838_fu_1326                   |  32|   0|   32|          0|
    |mux_case_6332870_fu_1390                   |  32|   0|   32|          0|
    |mux_case_6348902_fu_1454                   |  32|   0|   32|          0|
    |mux_case_6364934_fu_1518                   |  32|   0|   32|          0|
    |mux_case_6380966_fu_1582                   |  32|   0|   32|          0|
    |mux_case_6396998_fu_1646                   |  32|   0|   32|          0|
    |mux_case_64121030_fu_1710                  |  32|   0|   32|          0|
    |mux_case_64281062_fu_1774                  |  32|   0|   32|          0|
    |mux_case_64441094_fu_1838                  |  32|   0|   32|          0|
    |mux_case_64601126_fu_1902                  |  32|   0|   32|          0|
    |mux_case_64761158_fu_1966                  |  32|   0|   32|          0|
    |mux_case_64921190_fu_2030                  |  32|   0|   32|          0|
    |mux_case_65081222_fu_2094                  |  32|   0|   32|          0|
    |mux_case_65241254_fu_2158                  |  32|   0|   32|          0|
    |mux_case_6774_fu_1198                      |  32|   0|   32|          0|
    |mux_case_7301808_fu_1266                   |  32|   0|   32|          0|
    |mux_case_7317840_fu_1330                   |  32|   0|   32|          0|
    |mux_case_7333872_fu_1394                   |  32|   0|   32|          0|
    |mux_case_7349904_fu_1458                   |  32|   0|   32|          0|
    |mux_case_7365936_fu_1522                   |  32|   0|   32|          0|
    |mux_case_7381968_fu_1586                   |  32|   0|   32|          0|
    |mux_case_73971000_fu_1650                  |  32|   0|   32|          0|
    |mux_case_74131032_fu_1714                  |  32|   0|   32|          0|
    |mux_case_74291064_fu_1778                  |  32|   0|   32|          0|
    |mux_case_74451096_fu_1842                  |  32|   0|   32|          0|
    |mux_case_74611128_fu_1906                  |  32|   0|   32|          0|
    |mux_case_74771160_fu_1970                  |  32|   0|   32|          0|
    |mux_case_74931192_fu_2034                  |  32|   0|   32|          0|
    |mux_case_75091224_fu_2098                  |  32|   0|   32|          0|
    |mux_case_75251256_fu_2162                  |  32|   0|   32|          0|
    |mux_case_7776_fu_1202                      |  32|   0|   32|          0|
    |mux_case_8302810_fu_1270                   |  32|   0|   32|          0|
    |mux_case_8318842_fu_1334                   |  32|   0|   32|          0|
    |mux_case_8334874_fu_1398                   |  32|   0|   32|          0|
    |mux_case_8350906_fu_1462                   |  32|   0|   32|          0|
    |mux_case_8366938_fu_1526                   |  32|   0|   32|          0|
    |mux_case_8382970_fu_1590                   |  32|   0|   32|          0|
    |mux_case_83981002_fu_1654                  |  32|   0|   32|          0|
    |mux_case_84141034_fu_1718                  |  32|   0|   32|          0|
    |mux_case_84301066_fu_1782                  |  32|   0|   32|          0|
    |mux_case_84461098_fu_1846                  |  32|   0|   32|          0|
    |mux_case_84621130_fu_1910                  |  32|   0|   32|          0|
    |mux_case_84781162_fu_1974                  |  32|   0|   32|          0|
    |mux_case_84941194_fu_2038                  |  32|   0|   32|          0|
    |mux_case_85101226_fu_2102                  |  32|   0|   32|          0|
    |mux_case_85261258_fu_2166                  |  32|   0|   32|          0|
    |mux_case_8778_fu_1206                      |  32|   0|   32|          0|
    |mux_case_9303812_fu_1274                   |  32|   0|   32|          0|
    |mux_case_9319844_fu_1338                   |  32|   0|   32|          0|
    |mux_case_9335876_fu_1402                   |  32|   0|   32|          0|
    |mux_case_9351908_fu_1466                   |  32|   0|   32|          0|
    |mux_case_9367940_fu_1530                   |  32|   0|   32|          0|
    |mux_case_9383972_fu_1594                   |  32|   0|   32|          0|
    |mux_case_93991004_fu_1658                  |  32|   0|   32|          0|
    |mux_case_94151036_fu_1722                  |  32|   0|   32|          0|
    |mux_case_94311068_fu_1786                  |  32|   0|   32|          0|
    |mux_case_94471100_fu_1850                  |  32|   0|   32|          0|
    |mux_case_94631132_fu_1914                  |  32|   0|   32|          0|
    |mux_case_94791164_fu_1978                  |  32|   0|   32|          0|
    |mux_case_94951196_fu_2042                  |  32|   0|   32|          0|
    |mux_case_95111228_fu_2106                  |  32|   0|   32|          0|
    |mux_case_95271260_fu_2170                  |  32|   0|   32|          0|
    |mux_case_9780_fu_1210                      |  32|   0|   32|          0|
    |sext_ln49_cast_reg_13581                   |  62|   0|   62|          0|
    |trunc_ln65_reg_13590                       |   4|   0|    4|          0|
    |zext_ln60_1_cast_reg_13571                 |   4|   0|   62|         58|
    |zext_ln60_cast_reg_13576                   |  31|   0|   62|         31|
    |icmp_ln65_reg_13586                        |  64|  32|    1|          0|
    |trunc_ln65_reg_13590                       |  64|  32|    4|          0|
    +-------------------------------------------+----+----+-----+-----------+
    |Total                                      |9156|  64| 9122|         89|
    +-------------------------------------------+----+----+-----+-----------+



================================================================
== Interface
================================================================
* Summary: 
+-------------------------------+-----+-----+------------+------------------------------+--------------+
|           RTL Ports           | Dir | Bits|  Protocol  |         Source Object        |    C Type    |
+-------------------------------+-----+-----+------------+------------------------------+--------------+
|ap_clk                         |   in|    1|  ap_ctrl_hs|   MM_Pipeline_VITIS_LOOP_65_8|  return value|
|ap_rst                         |   in|    1|  ap_ctrl_hs|   MM_Pipeline_VITIS_LOOP_65_8|  return value|
|ap_start                       |   in|    1|  ap_ctrl_hs|   MM_Pipeline_VITIS_LOOP_65_8|  return value|
|ap_done                        |  out|    1|  ap_ctrl_hs|   MM_Pipeline_VITIS_LOOP_65_8|  return value|
|ap_idle                        |  out|    1|  ap_ctrl_hs|   MM_Pipeline_VITIS_LOOP_65_8|  return value|
|ap_ready                       |  out|    1|  ap_ctrl_hs|   MM_Pipeline_VITIS_LOOP_65_8|  return value|
|m_axi_gmem_0_AWVALID           |  out|    1|       m_axi|                          gmem|       pointer|
|m_axi_gmem_0_AWREADY           |   in|    1|       m_axi|                          gmem|       pointer|
|m_axi_gmem_0_AWADDR            |  out|   64|       m_axi|                          gmem|       pointer|
|m_axi_gmem_0_AWID              |  out|    1|       m_axi|                          gmem|       pointer|
|m_axi_gmem_0_AWLEN             |  out|   32|       m_axi|                          gmem|       pointer|
|m_axi_gmem_0_AWSIZE            |  out|    3|       m_axi|                          gmem|       pointer|
|m_axi_gmem_0_AWBURST           |  out|    2|       m_axi|                          gmem|       pointer|
|m_axi_gmem_0_AWLOCK            |  out|    2|       m_axi|                          gmem|       pointer|
|m_axi_gmem_0_AWCACHE           |  out|    4|       m_axi|                          gmem|       pointer|
|m_axi_gmem_0_AWPROT            |  out|    3|       m_axi|                          gmem|       pointer|
|m_axi_gmem_0_AWQOS             |  out|    4|       m_axi|                          gmem|       pointer|
|m_axi_gmem_0_AWREGION          |  out|    4|       m_axi|                          gmem|       pointer|
|m_axi_gmem_0_AWUSER            |  out|    1|       m_axi|                          gmem|       pointer|
|m_axi_gmem_0_WVALID            |  out|    1|       m_axi|                          gmem|       pointer|
|m_axi_gmem_0_WREADY            |   in|    1|       m_axi|                          gmem|       pointer|
|m_axi_gmem_0_WDATA             |  out|   32|       m_axi|                          gmem|       pointer|
|m_axi_gmem_0_WSTRB             |  out|    4|       m_axi|                          gmem|       pointer|
|m_axi_gmem_0_WLAST             |  out|    1|       m_axi|                          gmem|       pointer|
|m_axi_gmem_0_WID               |  out|    1|       m_axi|                          gmem|       pointer|
|m_axi_gmem_0_WUSER             |  out|    1|       m_axi|                          gmem|       pointer|
|m_axi_gmem_0_ARVALID           |  out|    1|       m_axi|                          gmem|       pointer|
|m_axi_gmem_0_ARREADY           |   in|    1|       m_axi|                          gmem|       pointer|
|m_axi_gmem_0_ARADDR            |  out|   64|       m_axi|                          gmem|       pointer|
|m_axi_gmem_0_ARID              |  out|    1|       m_axi|                          gmem|       pointer|
|m_axi_gmem_0_ARLEN             |  out|   32|       m_axi|                          gmem|       pointer|
|m_axi_gmem_0_ARSIZE            |  out|    3|       m_axi|                          gmem|       pointer|
|m_axi_gmem_0_ARBURST           |  out|    2|       m_axi|                          gmem|       pointer|
|m_axi_gmem_0_ARLOCK            |  out|    2|       m_axi|                          gmem|       pointer|
|m_axi_gmem_0_ARCACHE           |  out|    4|       m_axi|                          gmem|       pointer|
|m_axi_gmem_0_ARPROT            |  out|    3|       m_axi|                          gmem|       pointer|
|m_axi_gmem_0_ARQOS             |  out|    4|       m_axi|                          gmem|       pointer|
|m_axi_gmem_0_ARREGION          |  out|    4|       m_axi|                          gmem|       pointer|
|m_axi_gmem_0_ARUSER            |  out|    1|       m_axi|                          gmem|       pointer|
|m_axi_gmem_0_RVALID            |   in|    1|       m_axi|                          gmem|       pointer|
|m_axi_gmem_0_RREADY            |  out|    1|       m_axi|                          gmem|       pointer|
|m_axi_gmem_0_RDATA             |   in|   32|       m_axi|                          gmem|       pointer|
|m_axi_gmem_0_RLAST             |   in|    1|       m_axi|                          gmem|       pointer|
|m_axi_gmem_0_RID               |   in|    1|       m_axi|                          gmem|       pointer|
|m_axi_gmem_0_RFIFONUM          |   in|    9|       m_axi|                          gmem|       pointer|
|m_axi_gmem_0_RUSER             |   in|    1|       m_axi|                          gmem|       pointer|
|m_axi_gmem_0_RRESP             |   in|    2|       m_axi|                          gmem|       pointer|
|m_axi_gmem_0_BVALID            |   in|    1|       m_axi|                          gmem|       pointer|
|m_axi_gmem_0_BREADY            |  out|    1|       m_axi|                          gmem|       pointer|
|m_axi_gmem_0_BRESP             |   in|    2|       m_axi|                          gmem|       pointer|
|m_axi_gmem_0_BID               |   in|    1|       m_axi|                          gmem|       pointer|
|m_axi_gmem_0_BUSER             |   in|    1|       m_axi|                          gmem|       pointer|
|mux_case_155331271_lcssa1784   |   in|   32|     ap_none|  mux_case_155331271_lcssa1784|        scalar|
|mux_case_145321269_lcssa1782   |   in|   32|     ap_none|  mux_case_145321269_lcssa1782|        scalar|
|mux_case_135311267_lcssa1780   |   in|   32|     ap_none|  mux_case_135311267_lcssa1780|        scalar|
|mux_case_125301265_lcssa1778   |   in|   32|     ap_none|  mux_case_125301265_lcssa1778|        scalar|
|mux_case_115291263_lcssa1776   |   in|   32|     ap_none|  mux_case_115291263_lcssa1776|        scalar|
|mux_case_105281261_lcssa1774   |   in|   32|     ap_none|  mux_case_105281261_lcssa1774|        scalar|
|mux_case_95271259_lcssa1772    |   in|   32|     ap_none|   mux_case_95271259_lcssa1772|        scalar|
|mux_case_85261257_lcssa1770    |   in|   32|     ap_none|   mux_case_85261257_lcssa1770|        scalar|
|mux_case_75251255_lcssa1768    |   in|   32|     ap_none|   mux_case_75251255_lcssa1768|        scalar|
|mux_case_65241253_lcssa1766    |   in|   32|     ap_none|   mux_case_65241253_lcssa1766|        scalar|
|mux_case_55231251_lcssa1764    |   in|   32|     ap_none|   mux_case_55231251_lcssa1764|        scalar|
|mux_case_45221249_lcssa1762    |   in|   32|     ap_none|   mux_case_45221249_lcssa1762|        scalar|
|mux_case_35211247_lcssa1760    |   in|   32|     ap_none|   mux_case_35211247_lcssa1760|        scalar|
|mux_case_25201245_lcssa1758    |   in|   32|     ap_none|   mux_case_25201245_lcssa1758|        scalar|
|mux_case_15191243_lcssa1756    |   in|   32|     ap_none|   mux_case_15191243_lcssa1756|        scalar|
|mux_case_05181241_lcssa1754    |   in|   32|     ap_none|   mux_case_05181241_lcssa1754|        scalar|
|mux_case_155171239_lcssa1752   |   in|   32|     ap_none|  mux_case_155171239_lcssa1752|        scalar|
|mux_case_145161237_lcssa1750   |   in|   32|     ap_none|  mux_case_145161237_lcssa1750|        scalar|
|mux_case_135151235_lcssa1748   |   in|   32|     ap_none|  mux_case_135151235_lcssa1748|        scalar|
|mux_case_125141233_lcssa1746   |   in|   32|     ap_none|  mux_case_125141233_lcssa1746|        scalar|
|mux_case_115131231_lcssa1744   |   in|   32|     ap_none|  mux_case_115131231_lcssa1744|        scalar|
|mux_case_105121229_lcssa1742   |   in|   32|     ap_none|  mux_case_105121229_lcssa1742|        scalar|
|mux_case_95111227_lcssa1740    |   in|   32|     ap_none|   mux_case_95111227_lcssa1740|        scalar|
|mux_case_85101225_lcssa1738    |   in|   32|     ap_none|   mux_case_85101225_lcssa1738|        scalar|
|mux_case_75091223_lcssa1736    |   in|   32|     ap_none|   mux_case_75091223_lcssa1736|        scalar|
|mux_case_65081221_lcssa1734    |   in|   32|     ap_none|   mux_case_65081221_lcssa1734|        scalar|
|mux_case_55071219_lcssa1732    |   in|   32|     ap_none|   mux_case_55071219_lcssa1732|        scalar|
|mux_case_45061217_lcssa1730    |   in|   32|     ap_none|   mux_case_45061217_lcssa1730|        scalar|
|mux_case_35051215_lcssa1728    |   in|   32|     ap_none|   mux_case_35051215_lcssa1728|        scalar|
|mux_case_25041213_lcssa1726    |   in|   32|     ap_none|   mux_case_25041213_lcssa1726|        scalar|
|mux_case_15031211_lcssa1724    |   in|   32|     ap_none|   mux_case_15031211_lcssa1724|        scalar|
|mux_case_05021209_lcssa1722    |   in|   32|     ap_none|   mux_case_05021209_lcssa1722|        scalar|
|mux_case_155011207_lcssa1720   |   in|   32|     ap_none|  mux_case_155011207_lcssa1720|        scalar|
|mux_case_145001205_lcssa1718   |   in|   32|     ap_none|  mux_case_145001205_lcssa1718|        scalar|
|mux_case_134991203_lcssa1716   |   in|   32|     ap_none|  mux_case_134991203_lcssa1716|        scalar|
|mux_case_124981201_lcssa1714   |   in|   32|     ap_none|  mux_case_124981201_lcssa1714|        scalar|
|mux_case_114971199_lcssa1712   |   in|   32|     ap_none|  mux_case_114971199_lcssa1712|        scalar|
|mux_case_104961197_lcssa1710   |   in|   32|     ap_none|  mux_case_104961197_lcssa1710|        scalar|
|mux_case_94951195_lcssa1708    |   in|   32|     ap_none|   mux_case_94951195_lcssa1708|        scalar|
|mux_case_84941193_lcssa1706    |   in|   32|     ap_none|   mux_case_84941193_lcssa1706|        scalar|
|mux_case_74931191_lcssa1704    |   in|   32|     ap_none|   mux_case_74931191_lcssa1704|        scalar|
|mux_case_64921189_lcssa1702    |   in|   32|     ap_none|   mux_case_64921189_lcssa1702|        scalar|
|mux_case_54911187_lcssa1700    |   in|   32|     ap_none|   mux_case_54911187_lcssa1700|        scalar|
|mux_case_44901185_lcssa1698    |   in|   32|     ap_none|   mux_case_44901185_lcssa1698|        scalar|
|mux_case_34891183_lcssa1696    |   in|   32|     ap_none|   mux_case_34891183_lcssa1696|        scalar|
|mux_case_24881181_lcssa1694    |   in|   32|     ap_none|   mux_case_24881181_lcssa1694|        scalar|
|mux_case_14871179_lcssa1692    |   in|   32|     ap_none|   mux_case_14871179_lcssa1692|        scalar|
|mux_case_04861177_lcssa1690    |   in|   32|     ap_none|   mux_case_04861177_lcssa1690|        scalar|
|mux_case_154851175_lcssa1688   |   in|   32|     ap_none|  mux_case_154851175_lcssa1688|        scalar|
|mux_case_144841173_lcssa1686   |   in|   32|     ap_none|  mux_case_144841173_lcssa1686|        scalar|
|mux_case_134831171_lcssa1684   |   in|   32|     ap_none|  mux_case_134831171_lcssa1684|        scalar|
|mux_case_124821169_lcssa1682   |   in|   32|     ap_none|  mux_case_124821169_lcssa1682|        scalar|
|mux_case_114811167_lcssa1680   |   in|   32|     ap_none|  mux_case_114811167_lcssa1680|        scalar|
|mux_case_104801165_lcssa1678   |   in|   32|     ap_none|  mux_case_104801165_lcssa1678|        scalar|
|mux_case_94791163_lcssa1676    |   in|   32|     ap_none|   mux_case_94791163_lcssa1676|        scalar|
|mux_case_84781161_lcssa1674    |   in|   32|     ap_none|   mux_case_84781161_lcssa1674|        scalar|
|mux_case_74771159_lcssa1672    |   in|   32|     ap_none|   mux_case_74771159_lcssa1672|        scalar|
|mux_case_64761157_lcssa1670    |   in|   32|     ap_none|   mux_case_64761157_lcssa1670|        scalar|
|mux_case_54751155_lcssa1668    |   in|   32|     ap_none|   mux_case_54751155_lcssa1668|        scalar|
|mux_case_44741153_lcssa1666    |   in|   32|     ap_none|   mux_case_44741153_lcssa1666|        scalar|
|mux_case_34731151_lcssa1664    |   in|   32|     ap_none|   mux_case_34731151_lcssa1664|        scalar|
|mux_case_24721149_lcssa1662    |   in|   32|     ap_none|   mux_case_24721149_lcssa1662|        scalar|
|mux_case_14711147_lcssa1660    |   in|   32|     ap_none|   mux_case_14711147_lcssa1660|        scalar|
|mux_case_04701145_lcssa1658    |   in|   32|     ap_none|   mux_case_04701145_lcssa1658|        scalar|
|mux_case_154691143_lcssa1656   |   in|   32|     ap_none|  mux_case_154691143_lcssa1656|        scalar|
|mux_case_144681141_lcssa1654   |   in|   32|     ap_none|  mux_case_144681141_lcssa1654|        scalar|
|mux_case_134671139_lcssa1652   |   in|   32|     ap_none|  mux_case_134671139_lcssa1652|        scalar|
|mux_case_124661137_lcssa1650   |   in|   32|     ap_none|  mux_case_124661137_lcssa1650|        scalar|
|mux_case_114651135_lcssa1648   |   in|   32|     ap_none|  mux_case_114651135_lcssa1648|        scalar|
|mux_case_104641133_lcssa1646   |   in|   32|     ap_none|  mux_case_104641133_lcssa1646|        scalar|
|mux_case_94631131_lcssa1644    |   in|   32|     ap_none|   mux_case_94631131_lcssa1644|        scalar|
|mux_case_84621129_lcssa1642    |   in|   32|     ap_none|   mux_case_84621129_lcssa1642|        scalar|
|mux_case_74611127_lcssa1640    |   in|   32|     ap_none|   mux_case_74611127_lcssa1640|        scalar|
|mux_case_64601125_lcssa1638    |   in|   32|     ap_none|   mux_case_64601125_lcssa1638|        scalar|
|mux_case_54591123_lcssa1636    |   in|   32|     ap_none|   mux_case_54591123_lcssa1636|        scalar|
|mux_case_44581121_lcssa1634    |   in|   32|     ap_none|   mux_case_44581121_lcssa1634|        scalar|
|mux_case_34571119_lcssa1632    |   in|   32|     ap_none|   mux_case_34571119_lcssa1632|        scalar|
|mux_case_24561117_lcssa1630    |   in|   32|     ap_none|   mux_case_24561117_lcssa1630|        scalar|
|mux_case_14551115_lcssa1628    |   in|   32|     ap_none|   mux_case_14551115_lcssa1628|        scalar|
|mux_case_04541113_lcssa1626    |   in|   32|     ap_none|   mux_case_04541113_lcssa1626|        scalar|
|mux_case_154531111_lcssa1624   |   in|   32|     ap_none|  mux_case_154531111_lcssa1624|        scalar|
|mux_case_144521109_lcssa1622   |   in|   32|     ap_none|  mux_case_144521109_lcssa1622|        scalar|
|mux_case_134511107_lcssa1620   |   in|   32|     ap_none|  mux_case_134511107_lcssa1620|        scalar|
|mux_case_124501105_lcssa1618   |   in|   32|     ap_none|  mux_case_124501105_lcssa1618|        scalar|
|mux_case_114491103_lcssa1616   |   in|   32|     ap_none|  mux_case_114491103_lcssa1616|        scalar|
|mux_case_104481101_lcssa1614   |   in|   32|     ap_none|  mux_case_104481101_lcssa1614|        scalar|
|mux_case_94471099_lcssa1612    |   in|   32|     ap_none|   mux_case_94471099_lcssa1612|        scalar|
|mux_case_84461097_lcssa1610    |   in|   32|     ap_none|   mux_case_84461097_lcssa1610|        scalar|
|mux_case_74451095_lcssa1608    |   in|   32|     ap_none|   mux_case_74451095_lcssa1608|        scalar|
|mux_case_64441093_lcssa1606    |   in|   32|     ap_none|   mux_case_64441093_lcssa1606|        scalar|
|mux_case_54431091_lcssa1604    |   in|   32|     ap_none|   mux_case_54431091_lcssa1604|        scalar|
|mux_case_44421089_lcssa1602    |   in|   32|     ap_none|   mux_case_44421089_lcssa1602|        scalar|
|mux_case_34411087_lcssa1600    |   in|   32|     ap_none|   mux_case_34411087_lcssa1600|        scalar|
|mux_case_24401085_lcssa1598    |   in|   32|     ap_none|   mux_case_24401085_lcssa1598|        scalar|
|mux_case_14391083_lcssa1596    |   in|   32|     ap_none|   mux_case_14391083_lcssa1596|        scalar|
|mux_case_04381081_lcssa1594    |   in|   32|     ap_none|   mux_case_04381081_lcssa1594|        scalar|
|mux_case_154371079_lcssa1592   |   in|   32|     ap_none|  mux_case_154371079_lcssa1592|        scalar|
|mux_case_144361077_lcssa1590   |   in|   32|     ap_none|  mux_case_144361077_lcssa1590|        scalar|
|mux_case_134351075_lcssa1588   |   in|   32|     ap_none|  mux_case_134351075_lcssa1588|        scalar|
|mux_case_124341073_lcssa1586   |   in|   32|     ap_none|  mux_case_124341073_lcssa1586|        scalar|
|mux_case_114331071_lcssa1584   |   in|   32|     ap_none|  mux_case_114331071_lcssa1584|        scalar|
|mux_case_104321069_lcssa1582   |   in|   32|     ap_none|  mux_case_104321069_lcssa1582|        scalar|
|mux_case_94311067_lcssa1580    |   in|   32|     ap_none|   mux_case_94311067_lcssa1580|        scalar|
|mux_case_84301065_lcssa1578    |   in|   32|     ap_none|   mux_case_84301065_lcssa1578|        scalar|
|mux_case_74291063_lcssa1576    |   in|   32|     ap_none|   mux_case_74291063_lcssa1576|        scalar|
|mux_case_64281061_lcssa1574    |   in|   32|     ap_none|   mux_case_64281061_lcssa1574|        scalar|
|mux_case_54271059_lcssa1572    |   in|   32|     ap_none|   mux_case_54271059_lcssa1572|        scalar|
|mux_case_44261057_lcssa1570    |   in|   32|     ap_none|   mux_case_44261057_lcssa1570|        scalar|
|mux_case_34251055_lcssa1568    |   in|   32|     ap_none|   mux_case_34251055_lcssa1568|        scalar|
|mux_case_24241053_lcssa1566    |   in|   32|     ap_none|   mux_case_24241053_lcssa1566|        scalar|
|mux_case_14231051_lcssa1564    |   in|   32|     ap_none|   mux_case_14231051_lcssa1564|        scalar|
|mux_case_04221049_lcssa1562    |   in|   32|     ap_none|   mux_case_04221049_lcssa1562|        scalar|
|mux_case_154211047_lcssa1560   |   in|   32|     ap_none|  mux_case_154211047_lcssa1560|        scalar|
|mux_case_144201045_lcssa1558   |   in|   32|     ap_none|  mux_case_144201045_lcssa1558|        scalar|
|mux_case_134191043_lcssa1556   |   in|   32|     ap_none|  mux_case_134191043_lcssa1556|        scalar|
|mux_case_124181041_lcssa1554   |   in|   32|     ap_none|  mux_case_124181041_lcssa1554|        scalar|
|mux_case_114171039_lcssa1552   |   in|   32|     ap_none|  mux_case_114171039_lcssa1552|        scalar|
|mux_case_104161037_lcssa1550   |   in|   32|     ap_none|  mux_case_104161037_lcssa1550|        scalar|
|mux_case_94151035_lcssa1548    |   in|   32|     ap_none|   mux_case_94151035_lcssa1548|        scalar|
|mux_case_84141033_lcssa1546    |   in|   32|     ap_none|   mux_case_84141033_lcssa1546|        scalar|
|mux_case_74131031_lcssa1544    |   in|   32|     ap_none|   mux_case_74131031_lcssa1544|        scalar|
|mux_case_64121029_lcssa1542    |   in|   32|     ap_none|   mux_case_64121029_lcssa1542|        scalar|
|mux_case_54111027_lcssa1540    |   in|   32|     ap_none|   mux_case_54111027_lcssa1540|        scalar|
|mux_case_44101025_lcssa1538    |   in|   32|     ap_none|   mux_case_44101025_lcssa1538|        scalar|
|mux_case_34091023_lcssa1536    |   in|   32|     ap_none|   mux_case_34091023_lcssa1536|        scalar|
|mux_case_24081021_lcssa1534    |   in|   32|     ap_none|   mux_case_24081021_lcssa1534|        scalar|
|mux_case_14071019_lcssa1532    |   in|   32|     ap_none|   mux_case_14071019_lcssa1532|        scalar|
|mux_case_04061017_lcssa1530    |   in|   32|     ap_none|   mux_case_04061017_lcssa1530|        scalar|
|mux_case_154051015_lcssa1528   |   in|   32|     ap_none|  mux_case_154051015_lcssa1528|        scalar|
|mux_case_144041013_lcssa1526   |   in|   32|     ap_none|  mux_case_144041013_lcssa1526|        scalar|
|mux_case_134031011_lcssa1524   |   in|   32|     ap_none|  mux_case_134031011_lcssa1524|        scalar|
|mux_case_124021009_lcssa1522   |   in|   32|     ap_none|  mux_case_124021009_lcssa1522|        scalar|
|mux_case_114011007_lcssa1520   |   in|   32|     ap_none|  mux_case_114011007_lcssa1520|        scalar|
|mux_case_104001005_lcssa1518   |   in|   32|     ap_none|  mux_case_104001005_lcssa1518|        scalar|
|mux_case_93991003_lcssa1516    |   in|   32|     ap_none|   mux_case_93991003_lcssa1516|        scalar|
|mux_case_83981001_lcssa1514    |   in|   32|     ap_none|   mux_case_83981001_lcssa1514|        scalar|
|mux_case_7397999_lcssa1512     |   in|   32|     ap_none|    mux_case_7397999_lcssa1512|        scalar|
|mux_case_6396997_lcssa1510     |   in|   32|     ap_none|    mux_case_6396997_lcssa1510|        scalar|
|mux_case_5395995_lcssa1508     |   in|   32|     ap_none|    mux_case_5395995_lcssa1508|        scalar|
|mux_case_4394993_lcssa1506     |   in|   32|     ap_none|    mux_case_4394993_lcssa1506|        scalar|
|mux_case_3393991_lcssa1504     |   in|   32|     ap_none|    mux_case_3393991_lcssa1504|        scalar|
|mux_case_2392989_lcssa1502     |   in|   32|     ap_none|    mux_case_2392989_lcssa1502|        scalar|
|mux_case_1391987_lcssa1500     |   in|   32|     ap_none|    mux_case_1391987_lcssa1500|        scalar|
|mux_case_0390985_lcssa1498     |   in|   32|     ap_none|    mux_case_0390985_lcssa1498|        scalar|
|mux_case_15389983_lcssa1496    |   in|   32|     ap_none|   mux_case_15389983_lcssa1496|        scalar|
|mux_case_14388981_lcssa1494    |   in|   32|     ap_none|   mux_case_14388981_lcssa1494|        scalar|
|mux_case_13387979_lcssa1492    |   in|   32|     ap_none|   mux_case_13387979_lcssa1492|        scalar|
|mux_case_12386977_lcssa1490    |   in|   32|     ap_none|   mux_case_12386977_lcssa1490|        scalar|
|mux_case_11385975_lcssa1488    |   in|   32|     ap_none|   mux_case_11385975_lcssa1488|        scalar|
|mux_case_10384973_lcssa1486    |   in|   32|     ap_none|   mux_case_10384973_lcssa1486|        scalar|
|mux_case_9383971_lcssa1484     |   in|   32|     ap_none|    mux_case_9383971_lcssa1484|        scalar|
|mux_case_8382969_lcssa1482     |   in|   32|     ap_none|    mux_case_8382969_lcssa1482|        scalar|
|mux_case_7381967_lcssa1480     |   in|   32|     ap_none|    mux_case_7381967_lcssa1480|        scalar|
|mux_case_6380965_lcssa1478     |   in|   32|     ap_none|    mux_case_6380965_lcssa1478|        scalar|
|mux_case_5379963_lcssa1476     |   in|   32|     ap_none|    mux_case_5379963_lcssa1476|        scalar|
|mux_case_4378961_lcssa1474     |   in|   32|     ap_none|    mux_case_4378961_lcssa1474|        scalar|
|mux_case_3377959_lcssa1472     |   in|   32|     ap_none|    mux_case_3377959_lcssa1472|        scalar|
|mux_case_2376957_lcssa1470     |   in|   32|     ap_none|    mux_case_2376957_lcssa1470|        scalar|
|mux_case_1375955_lcssa1468     |   in|   32|     ap_none|    mux_case_1375955_lcssa1468|        scalar|
|mux_case_0374953_lcssa1466     |   in|   32|     ap_none|    mux_case_0374953_lcssa1466|        scalar|
|mux_case_15373951_lcssa1464    |   in|   32|     ap_none|   mux_case_15373951_lcssa1464|        scalar|
|mux_case_14372949_lcssa1462    |   in|   32|     ap_none|   mux_case_14372949_lcssa1462|        scalar|
|mux_case_13371947_lcssa1460    |   in|   32|     ap_none|   mux_case_13371947_lcssa1460|        scalar|
|mux_case_12370945_lcssa1458    |   in|   32|     ap_none|   mux_case_12370945_lcssa1458|        scalar|
|mux_case_11369943_lcssa1456    |   in|   32|     ap_none|   mux_case_11369943_lcssa1456|        scalar|
|mux_case_10368941_lcssa1454    |   in|   32|     ap_none|   mux_case_10368941_lcssa1454|        scalar|
|mux_case_9367939_lcssa1452     |   in|   32|     ap_none|    mux_case_9367939_lcssa1452|        scalar|
|mux_case_8366937_lcssa1450     |   in|   32|     ap_none|    mux_case_8366937_lcssa1450|        scalar|
|mux_case_7365935_lcssa1448     |   in|   32|     ap_none|    mux_case_7365935_lcssa1448|        scalar|
|mux_case_6364933_lcssa1446     |   in|   32|     ap_none|    mux_case_6364933_lcssa1446|        scalar|
|mux_case_5363931_lcssa1444     |   in|   32|     ap_none|    mux_case_5363931_lcssa1444|        scalar|
|mux_case_4362929_lcssa1442     |   in|   32|     ap_none|    mux_case_4362929_lcssa1442|        scalar|
|mux_case_3361927_lcssa1440     |   in|   32|     ap_none|    mux_case_3361927_lcssa1440|        scalar|
|mux_case_2360925_lcssa1438     |   in|   32|     ap_none|    mux_case_2360925_lcssa1438|        scalar|
|mux_case_1359923_lcssa1436     |   in|   32|     ap_none|    mux_case_1359923_lcssa1436|        scalar|
|mux_case_0358921_lcssa1434     |   in|   32|     ap_none|    mux_case_0358921_lcssa1434|        scalar|
|mux_case_15357919_lcssa1432    |   in|   32|     ap_none|   mux_case_15357919_lcssa1432|        scalar|
|mux_case_14356917_lcssa1430    |   in|   32|     ap_none|   mux_case_14356917_lcssa1430|        scalar|
|mux_case_13355915_lcssa1428    |   in|   32|     ap_none|   mux_case_13355915_lcssa1428|        scalar|
|mux_case_12354913_lcssa1426    |   in|   32|     ap_none|   mux_case_12354913_lcssa1426|        scalar|
|mux_case_11353911_lcssa1424    |   in|   32|     ap_none|   mux_case_11353911_lcssa1424|        scalar|
|mux_case_10352909_lcssa1422    |   in|   32|     ap_none|   mux_case_10352909_lcssa1422|        scalar|
|mux_case_9351907_lcssa1420     |   in|   32|     ap_none|    mux_case_9351907_lcssa1420|        scalar|
|mux_case_8350905_lcssa1418     |   in|   32|     ap_none|    mux_case_8350905_lcssa1418|        scalar|
|mux_case_7349903_lcssa1416     |   in|   32|     ap_none|    mux_case_7349903_lcssa1416|        scalar|
|mux_case_6348901_lcssa1414     |   in|   32|     ap_none|    mux_case_6348901_lcssa1414|        scalar|
|mux_case_5347899_lcssa1412     |   in|   32|     ap_none|    mux_case_5347899_lcssa1412|        scalar|
|mux_case_4346897_lcssa1410     |   in|   32|     ap_none|    mux_case_4346897_lcssa1410|        scalar|
|mux_case_3345895_lcssa1408     |   in|   32|     ap_none|    mux_case_3345895_lcssa1408|        scalar|
|mux_case_2344893_lcssa1406     |   in|   32|     ap_none|    mux_case_2344893_lcssa1406|        scalar|
|mux_case_1343891_lcssa1404     |   in|   32|     ap_none|    mux_case_1343891_lcssa1404|        scalar|
|mux_case_0342889_lcssa1402     |   in|   32|     ap_none|    mux_case_0342889_lcssa1402|        scalar|
|mux_case_15341887_lcssa1400    |   in|   32|     ap_none|   mux_case_15341887_lcssa1400|        scalar|
|mux_case_14340885_lcssa1398    |   in|   32|     ap_none|   mux_case_14340885_lcssa1398|        scalar|
|mux_case_13339883_lcssa1396    |   in|   32|     ap_none|   mux_case_13339883_lcssa1396|        scalar|
|mux_case_12338881_lcssa1394    |   in|   32|     ap_none|   mux_case_12338881_lcssa1394|        scalar|
|mux_case_11337879_lcssa1392    |   in|   32|     ap_none|   mux_case_11337879_lcssa1392|        scalar|
|mux_case_10336877_lcssa1390    |   in|   32|     ap_none|   mux_case_10336877_lcssa1390|        scalar|
|mux_case_9335875_lcssa1388     |   in|   32|     ap_none|    mux_case_9335875_lcssa1388|        scalar|
|mux_case_8334873_lcssa1386     |   in|   32|     ap_none|    mux_case_8334873_lcssa1386|        scalar|
|mux_case_7333871_lcssa1384     |   in|   32|     ap_none|    mux_case_7333871_lcssa1384|        scalar|
|mux_case_6332869_lcssa1382     |   in|   32|     ap_none|    mux_case_6332869_lcssa1382|        scalar|
|mux_case_5331867_lcssa1380     |   in|   32|     ap_none|    mux_case_5331867_lcssa1380|        scalar|
|mux_case_4330865_lcssa1378     |   in|   32|     ap_none|    mux_case_4330865_lcssa1378|        scalar|
|mux_case_3329863_lcssa1376     |   in|   32|     ap_none|    mux_case_3329863_lcssa1376|        scalar|
|mux_case_2328861_lcssa1374     |   in|   32|     ap_none|    mux_case_2328861_lcssa1374|        scalar|
|mux_case_1327859_lcssa1372     |   in|   32|     ap_none|    mux_case_1327859_lcssa1372|        scalar|
|mux_case_0326857_lcssa1370     |   in|   32|     ap_none|    mux_case_0326857_lcssa1370|        scalar|
|mux_case_15325855_lcssa1368    |   in|   32|     ap_none|   mux_case_15325855_lcssa1368|        scalar|
|mux_case_14324853_lcssa1366    |   in|   32|     ap_none|   mux_case_14324853_lcssa1366|        scalar|
|mux_case_13323851_lcssa1364    |   in|   32|     ap_none|   mux_case_13323851_lcssa1364|        scalar|
|mux_case_12322849_lcssa1362    |   in|   32|     ap_none|   mux_case_12322849_lcssa1362|        scalar|
|mux_case_11321847_lcssa1360    |   in|   32|     ap_none|   mux_case_11321847_lcssa1360|        scalar|
|mux_case_10320845_lcssa1358    |   in|   32|     ap_none|   mux_case_10320845_lcssa1358|        scalar|
|mux_case_9319843_lcssa1356     |   in|   32|     ap_none|    mux_case_9319843_lcssa1356|        scalar|
|mux_case_8318841_lcssa1354     |   in|   32|     ap_none|    mux_case_8318841_lcssa1354|        scalar|
|mux_case_7317839_lcssa1352     |   in|   32|     ap_none|    mux_case_7317839_lcssa1352|        scalar|
|mux_case_6316837_lcssa1350     |   in|   32|     ap_none|    mux_case_6316837_lcssa1350|        scalar|
|mux_case_5315835_lcssa1348     |   in|   32|     ap_none|    mux_case_5315835_lcssa1348|        scalar|
|mux_case_4314833_lcssa1346     |   in|   32|     ap_none|    mux_case_4314833_lcssa1346|        scalar|
|mux_case_3313831_lcssa1344     |   in|   32|     ap_none|    mux_case_3313831_lcssa1344|        scalar|
|mux_case_2312829_lcssa1342     |   in|   32|     ap_none|    mux_case_2312829_lcssa1342|        scalar|
|mux_case_1311827_lcssa1340     |   in|   32|     ap_none|    mux_case_1311827_lcssa1340|        scalar|
|mux_case_0310825_lcssa1338     |   in|   32|     ap_none|    mux_case_0310825_lcssa1338|        scalar|
|mux_case_15309823_lcssa1336    |   in|   32|     ap_none|   mux_case_15309823_lcssa1336|        scalar|
|mux_case_14308821_lcssa1334    |   in|   32|     ap_none|   mux_case_14308821_lcssa1334|        scalar|
|mux_case_13307819_lcssa1332    |   in|   32|     ap_none|   mux_case_13307819_lcssa1332|        scalar|
|mux_case_12306817_lcssa1330    |   in|   32|     ap_none|   mux_case_12306817_lcssa1330|        scalar|
|mux_case_11305815_lcssa1328    |   in|   32|     ap_none|   mux_case_11305815_lcssa1328|        scalar|
|mux_case_10304813_lcssa1326    |   in|   32|     ap_none|   mux_case_10304813_lcssa1326|        scalar|
|mux_case_9303811_lcssa1324     |   in|   32|     ap_none|    mux_case_9303811_lcssa1324|        scalar|
|mux_case_8302809_lcssa1322     |   in|   32|     ap_none|    mux_case_8302809_lcssa1322|        scalar|
|mux_case_7301807_lcssa1320     |   in|   32|     ap_none|    mux_case_7301807_lcssa1320|        scalar|
|mux_case_6300805_lcssa1318     |   in|   32|     ap_none|    mux_case_6300805_lcssa1318|        scalar|
|mux_case_5299803_lcssa1316     |   in|   32|     ap_none|    mux_case_5299803_lcssa1316|        scalar|
|mux_case_4298801_lcssa1314     |   in|   32|     ap_none|    mux_case_4298801_lcssa1314|        scalar|
|mux_case_3297799_lcssa1312     |   in|   32|     ap_none|    mux_case_3297799_lcssa1312|        scalar|
|mux_case_2296797_lcssa1310     |   in|   32|     ap_none|    mux_case_2296797_lcssa1310|        scalar|
|mux_case_1295795_lcssa1308     |   in|   32|     ap_none|    mux_case_1295795_lcssa1308|        scalar|
|mux_case_0294793_lcssa1306     |   in|   32|     ap_none|    mux_case_0294793_lcssa1306|        scalar|
|mux_case_15791_lcssa1304       |   in|   32|     ap_none|      mux_case_15791_lcssa1304|        scalar|
|mux_case_14789_lcssa1302       |   in|   32|     ap_none|      mux_case_14789_lcssa1302|        scalar|
|mux_case_13787_lcssa1300       |   in|   32|     ap_none|      mux_case_13787_lcssa1300|        scalar|
|mux_case_12785_lcssa1298       |   in|   32|     ap_none|      mux_case_12785_lcssa1298|        scalar|
|mux_case_11783_lcssa1296       |   in|   32|     ap_none|      mux_case_11783_lcssa1296|        scalar|
|mux_case_10781_lcssa1294       |   in|   32|     ap_none|      mux_case_10781_lcssa1294|        scalar|
|mux_case_9779_lcssa1292        |   in|   32|     ap_none|       mux_case_9779_lcssa1292|        scalar|
|mux_case_8777_lcssa1290        |   in|   32|     ap_none|       mux_case_8777_lcssa1290|        scalar|
|mux_case_7775_lcssa1288        |   in|   32|     ap_none|       mux_case_7775_lcssa1288|        scalar|
|mux_case_6773_lcssa1286        |   in|   32|     ap_none|       mux_case_6773_lcssa1286|        scalar|
|mux_case_5771_lcssa1284        |   in|   32|     ap_none|       mux_case_5771_lcssa1284|        scalar|
|mux_case_4769_lcssa1282        |   in|   32|     ap_none|       mux_case_4769_lcssa1282|        scalar|
|mux_case_3767_lcssa1280        |   in|   32|     ap_none|       mux_case_3767_lcssa1280|        scalar|
|mux_case_2765_lcssa1278        |   in|   32|     ap_none|       mux_case_2765_lcssa1278|        scalar|
|mux_case_1763_lcssa1276        |   in|   32|     ap_none|       mux_case_1763_lcssa1276|        scalar|
|mux_case_0761_lcssa1274        |   in|   32|     ap_none|       mux_case_0761_lcssa1274|        scalar|
|shl_ln56_3                     |   in|   31|     ap_none|                    shl_ln56_3|        scalar|
|sext_ln49                      |   in|   32|     ap_none|                     sext_ln49|        scalar|
|zext_ln60                      |   in|   31|     ap_none|                     zext_ln60|        scalar|
|zext_ln60_1                    |   in|    4|     ap_none|                   zext_ln60_1|        scalar|
|A                              |   in|   64|     ap_none|                             A|        scalar|
|gmem_addr_17_read              |   in|   32|     ap_none|             gmem_addr_17_read|        scalar|
|gmem_addr_17_read_1            |   in|   32|     ap_none|           gmem_addr_17_read_1|        scalar|
|gmem_addr_17_read_2            |   in|   32|     ap_none|           gmem_addr_17_read_2|        scalar|
|gmem_addr_17_read_3            |   in|   32|     ap_none|           gmem_addr_17_read_3|        scalar|
|gmem_addr_17_read_4            |   in|   32|     ap_none|           gmem_addr_17_read_4|        scalar|
|gmem_addr_17_read_5            |   in|   32|     ap_none|           gmem_addr_17_read_5|        scalar|
|gmem_addr_17_read_6            |   in|   32|     ap_none|           gmem_addr_17_read_6|        scalar|
|gmem_addr_17_read_7            |   in|   32|     ap_none|           gmem_addr_17_read_7|        scalar|
|gmem_addr_17_read_8            |   in|   32|     ap_none|           gmem_addr_17_read_8|        scalar|
|gmem_addr_17_read_9            |   in|   32|     ap_none|           gmem_addr_17_read_9|        scalar|
|gmem_addr_17_read_10           |   in|   32|     ap_none|          gmem_addr_17_read_10|        scalar|
|gmem_addr_17_read_11           |   in|   32|     ap_none|          gmem_addr_17_read_11|        scalar|
|gmem_addr_17_read_12           |   in|   32|     ap_none|          gmem_addr_17_read_12|        scalar|
|gmem_addr_17_read_13           |   in|   32|     ap_none|          gmem_addr_17_read_13|        scalar|
|gmem_addr_17_read_14           |   in|   32|     ap_none|          gmem_addr_17_read_14|        scalar|
|gmem_addr_17_read_15           |   in|   32|     ap_none|          gmem_addr_17_read_15|        scalar|
|mux_case_155331272_out         |  out|   32|      ap_vld|        mux_case_155331272_out|       pointer|
|mux_case_155331272_out_ap_vld  |  out|    1|      ap_vld|        mux_case_155331272_out|       pointer|
|mux_case_145321270_out         |  out|   32|      ap_vld|        mux_case_145321270_out|       pointer|
|mux_case_145321270_out_ap_vld  |  out|    1|      ap_vld|        mux_case_145321270_out|       pointer|
|mux_case_135311268_out         |  out|   32|      ap_vld|        mux_case_135311268_out|       pointer|
|mux_case_135311268_out_ap_vld  |  out|    1|      ap_vld|        mux_case_135311268_out|       pointer|
|mux_case_125301266_out         |  out|   32|      ap_vld|        mux_case_125301266_out|       pointer|
|mux_case_125301266_out_ap_vld  |  out|    1|      ap_vld|        mux_case_125301266_out|       pointer|
|mux_case_115291264_out         |  out|   32|      ap_vld|        mux_case_115291264_out|       pointer|
|mux_case_115291264_out_ap_vld  |  out|    1|      ap_vld|        mux_case_115291264_out|       pointer|
|mux_case_105281262_out         |  out|   32|      ap_vld|        mux_case_105281262_out|       pointer|
|mux_case_105281262_out_ap_vld  |  out|    1|      ap_vld|        mux_case_105281262_out|       pointer|
|mux_case_95271260_out          |  out|   32|      ap_vld|         mux_case_95271260_out|       pointer|
|mux_case_95271260_out_ap_vld   |  out|    1|      ap_vld|         mux_case_95271260_out|       pointer|
|mux_case_85261258_out          |  out|   32|      ap_vld|         mux_case_85261258_out|       pointer|
|mux_case_85261258_out_ap_vld   |  out|    1|      ap_vld|         mux_case_85261258_out|       pointer|
|mux_case_75251256_out          |  out|   32|      ap_vld|         mux_case_75251256_out|       pointer|
|mux_case_75251256_out_ap_vld   |  out|    1|      ap_vld|         mux_case_75251256_out|       pointer|
|mux_case_65241254_out          |  out|   32|      ap_vld|         mux_case_65241254_out|       pointer|
|mux_case_65241254_out_ap_vld   |  out|    1|      ap_vld|         mux_case_65241254_out|       pointer|
|mux_case_55231252_out          |  out|   32|      ap_vld|         mux_case_55231252_out|       pointer|
|mux_case_55231252_out_ap_vld   |  out|    1|      ap_vld|         mux_case_55231252_out|       pointer|
|mux_case_45221250_out          |  out|   32|      ap_vld|         mux_case_45221250_out|       pointer|
|mux_case_45221250_out_ap_vld   |  out|    1|      ap_vld|         mux_case_45221250_out|       pointer|
|mux_case_35211248_out          |  out|   32|      ap_vld|         mux_case_35211248_out|       pointer|
|mux_case_35211248_out_ap_vld   |  out|    1|      ap_vld|         mux_case_35211248_out|       pointer|
|mux_case_25201246_out          |  out|   32|      ap_vld|         mux_case_25201246_out|       pointer|
|mux_case_25201246_out_ap_vld   |  out|    1|      ap_vld|         mux_case_25201246_out|       pointer|
|mux_case_15191244_out          |  out|   32|      ap_vld|         mux_case_15191244_out|       pointer|
|mux_case_15191244_out_ap_vld   |  out|    1|      ap_vld|         mux_case_15191244_out|       pointer|
|mux_case_05181242_out          |  out|   32|      ap_vld|         mux_case_05181242_out|       pointer|
|mux_case_05181242_out_ap_vld   |  out|    1|      ap_vld|         mux_case_05181242_out|       pointer|
|mux_case_155171240_out         |  out|   32|      ap_vld|        mux_case_155171240_out|       pointer|
|mux_case_155171240_out_ap_vld  |  out|    1|      ap_vld|        mux_case_155171240_out|       pointer|
|mux_case_145161238_out         |  out|   32|      ap_vld|        mux_case_145161238_out|       pointer|
|mux_case_145161238_out_ap_vld  |  out|    1|      ap_vld|        mux_case_145161238_out|       pointer|
|mux_case_135151236_out         |  out|   32|      ap_vld|        mux_case_135151236_out|       pointer|
|mux_case_135151236_out_ap_vld  |  out|    1|      ap_vld|        mux_case_135151236_out|       pointer|
|mux_case_125141234_out         |  out|   32|      ap_vld|        mux_case_125141234_out|       pointer|
|mux_case_125141234_out_ap_vld  |  out|    1|      ap_vld|        mux_case_125141234_out|       pointer|
|mux_case_115131232_out         |  out|   32|      ap_vld|        mux_case_115131232_out|       pointer|
|mux_case_115131232_out_ap_vld  |  out|    1|      ap_vld|        mux_case_115131232_out|       pointer|
|mux_case_105121230_out         |  out|   32|      ap_vld|        mux_case_105121230_out|       pointer|
|mux_case_105121230_out_ap_vld  |  out|    1|      ap_vld|        mux_case_105121230_out|       pointer|
|mux_case_95111228_out          |  out|   32|      ap_vld|         mux_case_95111228_out|       pointer|
|mux_case_95111228_out_ap_vld   |  out|    1|      ap_vld|         mux_case_95111228_out|       pointer|
|mux_case_85101226_out          |  out|   32|      ap_vld|         mux_case_85101226_out|       pointer|
|mux_case_85101226_out_ap_vld   |  out|    1|      ap_vld|         mux_case_85101226_out|       pointer|
|mux_case_75091224_out          |  out|   32|      ap_vld|         mux_case_75091224_out|       pointer|
|mux_case_75091224_out_ap_vld   |  out|    1|      ap_vld|         mux_case_75091224_out|       pointer|
|mux_case_65081222_out          |  out|   32|      ap_vld|         mux_case_65081222_out|       pointer|
|mux_case_65081222_out_ap_vld   |  out|    1|      ap_vld|         mux_case_65081222_out|       pointer|
|mux_case_55071220_out          |  out|   32|      ap_vld|         mux_case_55071220_out|       pointer|
|mux_case_55071220_out_ap_vld   |  out|    1|      ap_vld|         mux_case_55071220_out|       pointer|
|mux_case_45061218_out          |  out|   32|      ap_vld|         mux_case_45061218_out|       pointer|
|mux_case_45061218_out_ap_vld   |  out|    1|      ap_vld|         mux_case_45061218_out|       pointer|
|mux_case_35051216_out          |  out|   32|      ap_vld|         mux_case_35051216_out|       pointer|
|mux_case_35051216_out_ap_vld   |  out|    1|      ap_vld|         mux_case_35051216_out|       pointer|
|mux_case_25041214_out          |  out|   32|      ap_vld|         mux_case_25041214_out|       pointer|
|mux_case_25041214_out_ap_vld   |  out|    1|      ap_vld|         mux_case_25041214_out|       pointer|
|mux_case_15031212_out          |  out|   32|      ap_vld|         mux_case_15031212_out|       pointer|
|mux_case_15031212_out_ap_vld   |  out|    1|      ap_vld|         mux_case_15031212_out|       pointer|
|mux_case_05021210_out          |  out|   32|      ap_vld|         mux_case_05021210_out|       pointer|
|mux_case_05021210_out_ap_vld   |  out|    1|      ap_vld|         mux_case_05021210_out|       pointer|
|mux_case_155011208_out         |  out|   32|      ap_vld|        mux_case_155011208_out|       pointer|
|mux_case_155011208_out_ap_vld  |  out|    1|      ap_vld|        mux_case_155011208_out|       pointer|
|mux_case_145001206_out         |  out|   32|      ap_vld|        mux_case_145001206_out|       pointer|
|mux_case_145001206_out_ap_vld  |  out|    1|      ap_vld|        mux_case_145001206_out|       pointer|
|mux_case_134991204_out         |  out|   32|      ap_vld|        mux_case_134991204_out|       pointer|
|mux_case_134991204_out_ap_vld  |  out|    1|      ap_vld|        mux_case_134991204_out|       pointer|
|mux_case_124981202_out         |  out|   32|      ap_vld|        mux_case_124981202_out|       pointer|
|mux_case_124981202_out_ap_vld  |  out|    1|      ap_vld|        mux_case_124981202_out|       pointer|
|mux_case_114971200_out         |  out|   32|      ap_vld|        mux_case_114971200_out|       pointer|
|mux_case_114971200_out_ap_vld  |  out|    1|      ap_vld|        mux_case_114971200_out|       pointer|
|mux_case_104961198_out         |  out|   32|      ap_vld|        mux_case_104961198_out|       pointer|
|mux_case_104961198_out_ap_vld  |  out|    1|      ap_vld|        mux_case_104961198_out|       pointer|
|mux_case_94951196_out          |  out|   32|      ap_vld|         mux_case_94951196_out|       pointer|
|mux_case_94951196_out_ap_vld   |  out|    1|      ap_vld|         mux_case_94951196_out|       pointer|
|mux_case_84941194_out          |  out|   32|      ap_vld|         mux_case_84941194_out|       pointer|
|mux_case_84941194_out_ap_vld   |  out|    1|      ap_vld|         mux_case_84941194_out|       pointer|
|mux_case_74931192_out          |  out|   32|      ap_vld|         mux_case_74931192_out|       pointer|
|mux_case_74931192_out_ap_vld   |  out|    1|      ap_vld|         mux_case_74931192_out|       pointer|
|mux_case_64921190_out          |  out|   32|      ap_vld|         mux_case_64921190_out|       pointer|
|mux_case_64921190_out_ap_vld   |  out|    1|      ap_vld|         mux_case_64921190_out|       pointer|
|mux_case_54911188_out          |  out|   32|      ap_vld|         mux_case_54911188_out|       pointer|
|mux_case_54911188_out_ap_vld   |  out|    1|      ap_vld|         mux_case_54911188_out|       pointer|
|mux_case_44901186_out          |  out|   32|      ap_vld|         mux_case_44901186_out|       pointer|
|mux_case_44901186_out_ap_vld   |  out|    1|      ap_vld|         mux_case_44901186_out|       pointer|
|mux_case_34891184_out          |  out|   32|      ap_vld|         mux_case_34891184_out|       pointer|
|mux_case_34891184_out_ap_vld   |  out|    1|      ap_vld|         mux_case_34891184_out|       pointer|
|mux_case_24881182_out          |  out|   32|      ap_vld|         mux_case_24881182_out|       pointer|
|mux_case_24881182_out_ap_vld   |  out|    1|      ap_vld|         mux_case_24881182_out|       pointer|
|mux_case_14871180_out          |  out|   32|      ap_vld|         mux_case_14871180_out|       pointer|
|mux_case_14871180_out_ap_vld   |  out|    1|      ap_vld|         mux_case_14871180_out|       pointer|
|mux_case_04861178_out          |  out|   32|      ap_vld|         mux_case_04861178_out|       pointer|
|mux_case_04861178_out_ap_vld   |  out|    1|      ap_vld|         mux_case_04861178_out|       pointer|
|mux_case_154851176_out         |  out|   32|      ap_vld|        mux_case_154851176_out|       pointer|
|mux_case_154851176_out_ap_vld  |  out|    1|      ap_vld|        mux_case_154851176_out|       pointer|
|mux_case_144841174_out         |  out|   32|      ap_vld|        mux_case_144841174_out|       pointer|
|mux_case_144841174_out_ap_vld  |  out|    1|      ap_vld|        mux_case_144841174_out|       pointer|
|mux_case_134831172_out         |  out|   32|      ap_vld|        mux_case_134831172_out|       pointer|
|mux_case_134831172_out_ap_vld  |  out|    1|      ap_vld|        mux_case_134831172_out|       pointer|
|mux_case_124821170_out         |  out|   32|      ap_vld|        mux_case_124821170_out|       pointer|
|mux_case_124821170_out_ap_vld  |  out|    1|      ap_vld|        mux_case_124821170_out|       pointer|
|mux_case_114811168_out         |  out|   32|      ap_vld|        mux_case_114811168_out|       pointer|
|mux_case_114811168_out_ap_vld  |  out|    1|      ap_vld|        mux_case_114811168_out|       pointer|
|mux_case_104801166_out         |  out|   32|      ap_vld|        mux_case_104801166_out|       pointer|
|mux_case_104801166_out_ap_vld  |  out|    1|      ap_vld|        mux_case_104801166_out|       pointer|
|mux_case_94791164_out          |  out|   32|      ap_vld|         mux_case_94791164_out|       pointer|
|mux_case_94791164_out_ap_vld   |  out|    1|      ap_vld|         mux_case_94791164_out|       pointer|
|mux_case_84781162_out          |  out|   32|      ap_vld|         mux_case_84781162_out|       pointer|
|mux_case_84781162_out_ap_vld   |  out|    1|      ap_vld|         mux_case_84781162_out|       pointer|
|mux_case_74771160_out          |  out|   32|      ap_vld|         mux_case_74771160_out|       pointer|
|mux_case_74771160_out_ap_vld   |  out|    1|      ap_vld|         mux_case_74771160_out|       pointer|
|mux_case_64761158_out          |  out|   32|      ap_vld|         mux_case_64761158_out|       pointer|
|mux_case_64761158_out_ap_vld   |  out|    1|      ap_vld|         mux_case_64761158_out|       pointer|
|mux_case_54751156_out          |  out|   32|      ap_vld|         mux_case_54751156_out|       pointer|
|mux_case_54751156_out_ap_vld   |  out|    1|      ap_vld|         mux_case_54751156_out|       pointer|
|mux_case_44741154_out          |  out|   32|      ap_vld|         mux_case_44741154_out|       pointer|
|mux_case_44741154_out_ap_vld   |  out|    1|      ap_vld|         mux_case_44741154_out|       pointer|
|mux_case_34731152_out          |  out|   32|      ap_vld|         mux_case_34731152_out|       pointer|
|mux_case_34731152_out_ap_vld   |  out|    1|      ap_vld|         mux_case_34731152_out|       pointer|
|mux_case_24721150_out          |  out|   32|      ap_vld|         mux_case_24721150_out|       pointer|
|mux_case_24721150_out_ap_vld   |  out|    1|      ap_vld|         mux_case_24721150_out|       pointer|
|mux_case_14711148_out          |  out|   32|      ap_vld|         mux_case_14711148_out|       pointer|
|mux_case_14711148_out_ap_vld   |  out|    1|      ap_vld|         mux_case_14711148_out|       pointer|
|mux_case_04701146_out          |  out|   32|      ap_vld|         mux_case_04701146_out|       pointer|
|mux_case_04701146_out_ap_vld   |  out|    1|      ap_vld|         mux_case_04701146_out|       pointer|
|mux_case_154691144_out         |  out|   32|      ap_vld|        mux_case_154691144_out|       pointer|
|mux_case_154691144_out_ap_vld  |  out|    1|      ap_vld|        mux_case_154691144_out|       pointer|
|mux_case_144681142_out         |  out|   32|      ap_vld|        mux_case_144681142_out|       pointer|
|mux_case_144681142_out_ap_vld  |  out|    1|      ap_vld|        mux_case_144681142_out|       pointer|
|mux_case_134671140_out         |  out|   32|      ap_vld|        mux_case_134671140_out|       pointer|
|mux_case_134671140_out_ap_vld  |  out|    1|      ap_vld|        mux_case_134671140_out|       pointer|
|mux_case_124661138_out         |  out|   32|      ap_vld|        mux_case_124661138_out|       pointer|
|mux_case_124661138_out_ap_vld  |  out|    1|      ap_vld|        mux_case_124661138_out|       pointer|
|mux_case_114651136_out         |  out|   32|      ap_vld|        mux_case_114651136_out|       pointer|
|mux_case_114651136_out_ap_vld  |  out|    1|      ap_vld|        mux_case_114651136_out|       pointer|
|mux_case_104641134_out         |  out|   32|      ap_vld|        mux_case_104641134_out|       pointer|
|mux_case_104641134_out_ap_vld  |  out|    1|      ap_vld|        mux_case_104641134_out|       pointer|
|mux_case_94631132_out          |  out|   32|      ap_vld|         mux_case_94631132_out|       pointer|
|mux_case_94631132_out_ap_vld   |  out|    1|      ap_vld|         mux_case_94631132_out|       pointer|
|mux_case_84621130_out          |  out|   32|      ap_vld|         mux_case_84621130_out|       pointer|
|mux_case_84621130_out_ap_vld   |  out|    1|      ap_vld|         mux_case_84621130_out|       pointer|
|mux_case_74611128_out          |  out|   32|      ap_vld|         mux_case_74611128_out|       pointer|
|mux_case_74611128_out_ap_vld   |  out|    1|      ap_vld|         mux_case_74611128_out|       pointer|
|mux_case_64601126_out          |  out|   32|      ap_vld|         mux_case_64601126_out|       pointer|
|mux_case_64601126_out_ap_vld   |  out|    1|      ap_vld|         mux_case_64601126_out|       pointer|
|mux_case_54591124_out          |  out|   32|      ap_vld|         mux_case_54591124_out|       pointer|
|mux_case_54591124_out_ap_vld   |  out|    1|      ap_vld|         mux_case_54591124_out|       pointer|
|mux_case_44581122_out          |  out|   32|      ap_vld|         mux_case_44581122_out|       pointer|
|mux_case_44581122_out_ap_vld   |  out|    1|      ap_vld|         mux_case_44581122_out|       pointer|
|mux_case_34571120_out          |  out|   32|      ap_vld|         mux_case_34571120_out|       pointer|
|mux_case_34571120_out_ap_vld   |  out|    1|      ap_vld|         mux_case_34571120_out|       pointer|
|mux_case_24561118_out          |  out|   32|      ap_vld|         mux_case_24561118_out|       pointer|
|mux_case_24561118_out_ap_vld   |  out|    1|      ap_vld|         mux_case_24561118_out|       pointer|
|mux_case_14551116_out          |  out|   32|      ap_vld|         mux_case_14551116_out|       pointer|
|mux_case_14551116_out_ap_vld   |  out|    1|      ap_vld|         mux_case_14551116_out|       pointer|
|mux_case_04541114_out          |  out|   32|      ap_vld|         mux_case_04541114_out|       pointer|
|mux_case_04541114_out_ap_vld   |  out|    1|      ap_vld|         mux_case_04541114_out|       pointer|
|mux_case_154531112_out         |  out|   32|      ap_vld|        mux_case_154531112_out|       pointer|
|mux_case_154531112_out_ap_vld  |  out|    1|      ap_vld|        mux_case_154531112_out|       pointer|
|mux_case_144521110_out         |  out|   32|      ap_vld|        mux_case_144521110_out|       pointer|
|mux_case_144521110_out_ap_vld  |  out|    1|      ap_vld|        mux_case_144521110_out|       pointer|
|mux_case_134511108_out         |  out|   32|      ap_vld|        mux_case_134511108_out|       pointer|
|mux_case_134511108_out_ap_vld  |  out|    1|      ap_vld|        mux_case_134511108_out|       pointer|
|mux_case_124501106_out         |  out|   32|      ap_vld|        mux_case_124501106_out|       pointer|
|mux_case_124501106_out_ap_vld  |  out|    1|      ap_vld|        mux_case_124501106_out|       pointer|
|mux_case_114491104_out         |  out|   32|      ap_vld|        mux_case_114491104_out|       pointer|
|mux_case_114491104_out_ap_vld  |  out|    1|      ap_vld|        mux_case_114491104_out|       pointer|
|mux_case_104481102_out         |  out|   32|      ap_vld|        mux_case_104481102_out|       pointer|
|mux_case_104481102_out_ap_vld  |  out|    1|      ap_vld|        mux_case_104481102_out|       pointer|
|mux_case_94471100_out          |  out|   32|      ap_vld|         mux_case_94471100_out|       pointer|
|mux_case_94471100_out_ap_vld   |  out|    1|      ap_vld|         mux_case_94471100_out|       pointer|
|mux_case_84461098_out          |  out|   32|      ap_vld|         mux_case_84461098_out|       pointer|
|mux_case_84461098_out_ap_vld   |  out|    1|      ap_vld|         mux_case_84461098_out|       pointer|
|mux_case_74451096_out          |  out|   32|      ap_vld|         mux_case_74451096_out|       pointer|
|mux_case_74451096_out_ap_vld   |  out|    1|      ap_vld|         mux_case_74451096_out|       pointer|
|mux_case_64441094_out          |  out|   32|      ap_vld|         mux_case_64441094_out|       pointer|
|mux_case_64441094_out_ap_vld   |  out|    1|      ap_vld|         mux_case_64441094_out|       pointer|
|mux_case_54431092_out          |  out|   32|      ap_vld|         mux_case_54431092_out|       pointer|
|mux_case_54431092_out_ap_vld   |  out|    1|      ap_vld|         mux_case_54431092_out|       pointer|
|mux_case_44421090_out          |  out|   32|      ap_vld|         mux_case_44421090_out|       pointer|
|mux_case_44421090_out_ap_vld   |  out|    1|      ap_vld|         mux_case_44421090_out|       pointer|
|mux_case_34411088_out          |  out|   32|      ap_vld|         mux_case_34411088_out|       pointer|
|mux_case_34411088_out_ap_vld   |  out|    1|      ap_vld|         mux_case_34411088_out|       pointer|
|mux_case_24401086_out          |  out|   32|      ap_vld|         mux_case_24401086_out|       pointer|
|mux_case_24401086_out_ap_vld   |  out|    1|      ap_vld|         mux_case_24401086_out|       pointer|
|mux_case_14391084_out          |  out|   32|      ap_vld|         mux_case_14391084_out|       pointer|
|mux_case_14391084_out_ap_vld   |  out|    1|      ap_vld|         mux_case_14391084_out|       pointer|
|mux_case_04381082_out          |  out|   32|      ap_vld|         mux_case_04381082_out|       pointer|
|mux_case_04381082_out_ap_vld   |  out|    1|      ap_vld|         mux_case_04381082_out|       pointer|
|mux_case_154371080_out         |  out|   32|      ap_vld|        mux_case_154371080_out|       pointer|
|mux_case_154371080_out_ap_vld  |  out|    1|      ap_vld|        mux_case_154371080_out|       pointer|
|mux_case_144361078_out         |  out|   32|      ap_vld|        mux_case_144361078_out|       pointer|
|mux_case_144361078_out_ap_vld  |  out|    1|      ap_vld|        mux_case_144361078_out|       pointer|
|mux_case_134351076_out         |  out|   32|      ap_vld|        mux_case_134351076_out|       pointer|
|mux_case_134351076_out_ap_vld  |  out|    1|      ap_vld|        mux_case_134351076_out|       pointer|
|mux_case_124341074_out         |  out|   32|      ap_vld|        mux_case_124341074_out|       pointer|
|mux_case_124341074_out_ap_vld  |  out|    1|      ap_vld|        mux_case_124341074_out|       pointer|
|mux_case_114331072_out         |  out|   32|      ap_vld|        mux_case_114331072_out|       pointer|
|mux_case_114331072_out_ap_vld  |  out|    1|      ap_vld|        mux_case_114331072_out|       pointer|
|mux_case_104321070_out         |  out|   32|      ap_vld|        mux_case_104321070_out|       pointer|
|mux_case_104321070_out_ap_vld  |  out|    1|      ap_vld|        mux_case_104321070_out|       pointer|
|mux_case_94311068_out          |  out|   32|      ap_vld|         mux_case_94311068_out|       pointer|
|mux_case_94311068_out_ap_vld   |  out|    1|      ap_vld|         mux_case_94311068_out|       pointer|
|mux_case_84301066_out          |  out|   32|      ap_vld|         mux_case_84301066_out|       pointer|
|mux_case_84301066_out_ap_vld   |  out|    1|      ap_vld|         mux_case_84301066_out|       pointer|
|mux_case_74291064_out          |  out|   32|      ap_vld|         mux_case_74291064_out|       pointer|
|mux_case_74291064_out_ap_vld   |  out|    1|      ap_vld|         mux_case_74291064_out|       pointer|
|mux_case_64281062_out          |  out|   32|      ap_vld|         mux_case_64281062_out|       pointer|
|mux_case_64281062_out_ap_vld   |  out|    1|      ap_vld|         mux_case_64281062_out|       pointer|
|mux_case_54271060_out          |  out|   32|      ap_vld|         mux_case_54271060_out|       pointer|
|mux_case_54271060_out_ap_vld   |  out|    1|      ap_vld|         mux_case_54271060_out|       pointer|
|mux_case_44261058_out          |  out|   32|      ap_vld|         mux_case_44261058_out|       pointer|
|mux_case_44261058_out_ap_vld   |  out|    1|      ap_vld|         mux_case_44261058_out|       pointer|
|mux_case_34251056_out          |  out|   32|      ap_vld|         mux_case_34251056_out|       pointer|
|mux_case_34251056_out_ap_vld   |  out|    1|      ap_vld|         mux_case_34251056_out|       pointer|
|mux_case_24241054_out          |  out|   32|      ap_vld|         mux_case_24241054_out|       pointer|
|mux_case_24241054_out_ap_vld   |  out|    1|      ap_vld|         mux_case_24241054_out|       pointer|
|mux_case_14231052_out          |  out|   32|      ap_vld|         mux_case_14231052_out|       pointer|
|mux_case_14231052_out_ap_vld   |  out|    1|      ap_vld|         mux_case_14231052_out|       pointer|
|mux_case_04221050_out          |  out|   32|      ap_vld|         mux_case_04221050_out|       pointer|
|mux_case_04221050_out_ap_vld   |  out|    1|      ap_vld|         mux_case_04221050_out|       pointer|
|mux_case_154211048_out         |  out|   32|      ap_vld|        mux_case_154211048_out|       pointer|
|mux_case_154211048_out_ap_vld  |  out|    1|      ap_vld|        mux_case_154211048_out|       pointer|
|mux_case_144201046_out         |  out|   32|      ap_vld|        mux_case_144201046_out|       pointer|
|mux_case_144201046_out_ap_vld  |  out|    1|      ap_vld|        mux_case_144201046_out|       pointer|
|mux_case_134191044_out         |  out|   32|      ap_vld|        mux_case_134191044_out|       pointer|
|mux_case_134191044_out_ap_vld  |  out|    1|      ap_vld|        mux_case_134191044_out|       pointer|
|mux_case_124181042_out         |  out|   32|      ap_vld|        mux_case_124181042_out|       pointer|
|mux_case_124181042_out_ap_vld  |  out|    1|      ap_vld|        mux_case_124181042_out|       pointer|
|mux_case_114171040_out         |  out|   32|      ap_vld|        mux_case_114171040_out|       pointer|
|mux_case_114171040_out_ap_vld  |  out|    1|      ap_vld|        mux_case_114171040_out|       pointer|
|mux_case_104161038_out         |  out|   32|      ap_vld|        mux_case_104161038_out|       pointer|
|mux_case_104161038_out_ap_vld  |  out|    1|      ap_vld|        mux_case_104161038_out|       pointer|
|mux_case_94151036_out          |  out|   32|      ap_vld|         mux_case_94151036_out|       pointer|
|mux_case_94151036_out_ap_vld   |  out|    1|      ap_vld|         mux_case_94151036_out|       pointer|
|mux_case_84141034_out          |  out|   32|      ap_vld|         mux_case_84141034_out|       pointer|
|mux_case_84141034_out_ap_vld   |  out|    1|      ap_vld|         mux_case_84141034_out|       pointer|
|mux_case_74131032_out          |  out|   32|      ap_vld|         mux_case_74131032_out|       pointer|
|mux_case_74131032_out_ap_vld   |  out|    1|      ap_vld|         mux_case_74131032_out|       pointer|
|mux_case_64121030_out          |  out|   32|      ap_vld|         mux_case_64121030_out|       pointer|
|mux_case_64121030_out_ap_vld   |  out|    1|      ap_vld|         mux_case_64121030_out|       pointer|
|mux_case_54111028_out          |  out|   32|      ap_vld|         mux_case_54111028_out|       pointer|
|mux_case_54111028_out_ap_vld   |  out|    1|      ap_vld|         mux_case_54111028_out|       pointer|
|mux_case_44101026_out          |  out|   32|      ap_vld|         mux_case_44101026_out|       pointer|
|mux_case_44101026_out_ap_vld   |  out|    1|      ap_vld|         mux_case_44101026_out|       pointer|
|mux_case_34091024_out          |  out|   32|      ap_vld|         mux_case_34091024_out|       pointer|
|mux_case_34091024_out_ap_vld   |  out|    1|      ap_vld|         mux_case_34091024_out|       pointer|
|mux_case_24081022_out          |  out|   32|      ap_vld|         mux_case_24081022_out|       pointer|
|mux_case_24081022_out_ap_vld   |  out|    1|      ap_vld|         mux_case_24081022_out|       pointer|
|mux_case_14071020_out          |  out|   32|      ap_vld|         mux_case_14071020_out|       pointer|
|mux_case_14071020_out_ap_vld   |  out|    1|      ap_vld|         mux_case_14071020_out|       pointer|
|mux_case_04061018_out          |  out|   32|      ap_vld|         mux_case_04061018_out|       pointer|
|mux_case_04061018_out_ap_vld   |  out|    1|      ap_vld|         mux_case_04061018_out|       pointer|
|mux_case_154051016_out         |  out|   32|      ap_vld|        mux_case_154051016_out|       pointer|
|mux_case_154051016_out_ap_vld  |  out|    1|      ap_vld|        mux_case_154051016_out|       pointer|
|mux_case_144041014_out         |  out|   32|      ap_vld|        mux_case_144041014_out|       pointer|
|mux_case_144041014_out_ap_vld  |  out|    1|      ap_vld|        mux_case_144041014_out|       pointer|
|mux_case_134031012_out         |  out|   32|      ap_vld|        mux_case_134031012_out|       pointer|
|mux_case_134031012_out_ap_vld  |  out|    1|      ap_vld|        mux_case_134031012_out|       pointer|
|mux_case_124021010_out         |  out|   32|      ap_vld|        mux_case_124021010_out|       pointer|
|mux_case_124021010_out_ap_vld  |  out|    1|      ap_vld|        mux_case_124021010_out|       pointer|
|mux_case_114011008_out         |  out|   32|      ap_vld|        mux_case_114011008_out|       pointer|
|mux_case_114011008_out_ap_vld  |  out|    1|      ap_vld|        mux_case_114011008_out|       pointer|
|mux_case_104001006_out         |  out|   32|      ap_vld|        mux_case_104001006_out|       pointer|
|mux_case_104001006_out_ap_vld  |  out|    1|      ap_vld|        mux_case_104001006_out|       pointer|
|mux_case_93991004_out          |  out|   32|      ap_vld|         mux_case_93991004_out|       pointer|
|mux_case_93991004_out_ap_vld   |  out|    1|      ap_vld|         mux_case_93991004_out|       pointer|
|mux_case_83981002_out          |  out|   32|      ap_vld|         mux_case_83981002_out|       pointer|
|mux_case_83981002_out_ap_vld   |  out|    1|      ap_vld|         mux_case_83981002_out|       pointer|
|mux_case_73971000_out          |  out|   32|      ap_vld|         mux_case_73971000_out|       pointer|
|mux_case_73971000_out_ap_vld   |  out|    1|      ap_vld|         mux_case_73971000_out|       pointer|
|mux_case_6396998_out           |  out|   32|      ap_vld|          mux_case_6396998_out|       pointer|
|mux_case_6396998_out_ap_vld    |  out|    1|      ap_vld|          mux_case_6396998_out|       pointer|
|mux_case_5395996_out           |  out|   32|      ap_vld|          mux_case_5395996_out|       pointer|
|mux_case_5395996_out_ap_vld    |  out|    1|      ap_vld|          mux_case_5395996_out|       pointer|
|mux_case_4394994_out           |  out|   32|      ap_vld|          mux_case_4394994_out|       pointer|
|mux_case_4394994_out_ap_vld    |  out|    1|      ap_vld|          mux_case_4394994_out|       pointer|
|mux_case_3393992_out           |  out|   32|      ap_vld|          mux_case_3393992_out|       pointer|
|mux_case_3393992_out_ap_vld    |  out|    1|      ap_vld|          mux_case_3393992_out|       pointer|
|mux_case_2392990_out           |  out|   32|      ap_vld|          mux_case_2392990_out|       pointer|
|mux_case_2392990_out_ap_vld    |  out|    1|      ap_vld|          mux_case_2392990_out|       pointer|
|mux_case_1391988_out           |  out|   32|      ap_vld|          mux_case_1391988_out|       pointer|
|mux_case_1391988_out_ap_vld    |  out|    1|      ap_vld|          mux_case_1391988_out|       pointer|
|mux_case_0390986_out           |  out|   32|      ap_vld|          mux_case_0390986_out|       pointer|
|mux_case_0390986_out_ap_vld    |  out|    1|      ap_vld|          mux_case_0390986_out|       pointer|
|mux_case_15389984_out          |  out|   32|      ap_vld|         mux_case_15389984_out|       pointer|
|mux_case_15389984_out_ap_vld   |  out|    1|      ap_vld|         mux_case_15389984_out|       pointer|
|mux_case_14388982_out          |  out|   32|      ap_vld|         mux_case_14388982_out|       pointer|
|mux_case_14388982_out_ap_vld   |  out|    1|      ap_vld|         mux_case_14388982_out|       pointer|
|mux_case_13387980_out          |  out|   32|      ap_vld|         mux_case_13387980_out|       pointer|
|mux_case_13387980_out_ap_vld   |  out|    1|      ap_vld|         mux_case_13387980_out|       pointer|
|mux_case_12386978_out          |  out|   32|      ap_vld|         mux_case_12386978_out|       pointer|
|mux_case_12386978_out_ap_vld   |  out|    1|      ap_vld|         mux_case_12386978_out|       pointer|
|mux_case_11385976_out          |  out|   32|      ap_vld|         mux_case_11385976_out|       pointer|
|mux_case_11385976_out_ap_vld   |  out|    1|      ap_vld|         mux_case_11385976_out|       pointer|
|mux_case_10384974_out          |  out|   32|      ap_vld|         mux_case_10384974_out|       pointer|
|mux_case_10384974_out_ap_vld   |  out|    1|      ap_vld|         mux_case_10384974_out|       pointer|
|mux_case_9383972_out           |  out|   32|      ap_vld|          mux_case_9383972_out|       pointer|
|mux_case_9383972_out_ap_vld    |  out|    1|      ap_vld|          mux_case_9383972_out|       pointer|
|mux_case_8382970_out           |  out|   32|      ap_vld|          mux_case_8382970_out|       pointer|
|mux_case_8382970_out_ap_vld    |  out|    1|      ap_vld|          mux_case_8382970_out|       pointer|
|mux_case_7381968_out           |  out|   32|      ap_vld|          mux_case_7381968_out|       pointer|
|mux_case_7381968_out_ap_vld    |  out|    1|      ap_vld|          mux_case_7381968_out|       pointer|
|mux_case_6380966_out           |  out|   32|      ap_vld|          mux_case_6380966_out|       pointer|
|mux_case_6380966_out_ap_vld    |  out|    1|      ap_vld|          mux_case_6380966_out|       pointer|
|mux_case_5379964_out           |  out|   32|      ap_vld|          mux_case_5379964_out|       pointer|
|mux_case_5379964_out_ap_vld    |  out|    1|      ap_vld|          mux_case_5379964_out|       pointer|
|mux_case_4378962_out           |  out|   32|      ap_vld|          mux_case_4378962_out|       pointer|
|mux_case_4378962_out_ap_vld    |  out|    1|      ap_vld|          mux_case_4378962_out|       pointer|
|mux_case_3377960_out           |  out|   32|      ap_vld|          mux_case_3377960_out|       pointer|
|mux_case_3377960_out_ap_vld    |  out|    1|      ap_vld|          mux_case_3377960_out|       pointer|
|mux_case_2376958_out           |  out|   32|      ap_vld|          mux_case_2376958_out|       pointer|
|mux_case_2376958_out_ap_vld    |  out|    1|      ap_vld|          mux_case_2376958_out|       pointer|
|mux_case_1375956_out           |  out|   32|      ap_vld|          mux_case_1375956_out|       pointer|
|mux_case_1375956_out_ap_vld    |  out|    1|      ap_vld|          mux_case_1375956_out|       pointer|
|mux_case_0374954_out           |  out|   32|      ap_vld|          mux_case_0374954_out|       pointer|
|mux_case_0374954_out_ap_vld    |  out|    1|      ap_vld|          mux_case_0374954_out|       pointer|
|mux_case_15373952_out          |  out|   32|      ap_vld|         mux_case_15373952_out|       pointer|
|mux_case_15373952_out_ap_vld   |  out|    1|      ap_vld|         mux_case_15373952_out|       pointer|
|mux_case_14372950_out          |  out|   32|      ap_vld|         mux_case_14372950_out|       pointer|
|mux_case_14372950_out_ap_vld   |  out|    1|      ap_vld|         mux_case_14372950_out|       pointer|
|mux_case_13371948_out          |  out|   32|      ap_vld|         mux_case_13371948_out|       pointer|
|mux_case_13371948_out_ap_vld   |  out|    1|      ap_vld|         mux_case_13371948_out|       pointer|
|mux_case_12370946_out          |  out|   32|      ap_vld|         mux_case_12370946_out|       pointer|
|mux_case_12370946_out_ap_vld   |  out|    1|      ap_vld|         mux_case_12370946_out|       pointer|
|mux_case_11369944_out          |  out|   32|      ap_vld|         mux_case_11369944_out|       pointer|
|mux_case_11369944_out_ap_vld   |  out|    1|      ap_vld|         mux_case_11369944_out|       pointer|
|mux_case_10368942_out          |  out|   32|      ap_vld|         mux_case_10368942_out|       pointer|
|mux_case_10368942_out_ap_vld   |  out|    1|      ap_vld|         mux_case_10368942_out|       pointer|
|mux_case_9367940_out           |  out|   32|      ap_vld|          mux_case_9367940_out|       pointer|
|mux_case_9367940_out_ap_vld    |  out|    1|      ap_vld|          mux_case_9367940_out|       pointer|
|mux_case_8366938_out           |  out|   32|      ap_vld|          mux_case_8366938_out|       pointer|
|mux_case_8366938_out_ap_vld    |  out|    1|      ap_vld|          mux_case_8366938_out|       pointer|
|mux_case_7365936_out           |  out|   32|      ap_vld|          mux_case_7365936_out|       pointer|
|mux_case_7365936_out_ap_vld    |  out|    1|      ap_vld|          mux_case_7365936_out|       pointer|
|mux_case_6364934_out           |  out|   32|      ap_vld|          mux_case_6364934_out|       pointer|
|mux_case_6364934_out_ap_vld    |  out|    1|      ap_vld|          mux_case_6364934_out|       pointer|
|mux_case_5363932_out           |  out|   32|      ap_vld|          mux_case_5363932_out|       pointer|
|mux_case_5363932_out_ap_vld    |  out|    1|      ap_vld|          mux_case_5363932_out|       pointer|
|mux_case_4362930_out           |  out|   32|      ap_vld|          mux_case_4362930_out|       pointer|
|mux_case_4362930_out_ap_vld    |  out|    1|      ap_vld|          mux_case_4362930_out|       pointer|
|mux_case_3361928_out           |  out|   32|      ap_vld|          mux_case_3361928_out|       pointer|
|mux_case_3361928_out_ap_vld    |  out|    1|      ap_vld|          mux_case_3361928_out|       pointer|
|mux_case_2360926_out           |  out|   32|      ap_vld|          mux_case_2360926_out|       pointer|
|mux_case_2360926_out_ap_vld    |  out|    1|      ap_vld|          mux_case_2360926_out|       pointer|
|mux_case_1359924_out           |  out|   32|      ap_vld|          mux_case_1359924_out|       pointer|
|mux_case_1359924_out_ap_vld    |  out|    1|      ap_vld|          mux_case_1359924_out|       pointer|
|mux_case_0358922_out           |  out|   32|      ap_vld|          mux_case_0358922_out|       pointer|
|mux_case_0358922_out_ap_vld    |  out|    1|      ap_vld|          mux_case_0358922_out|       pointer|
|mux_case_15357920_out          |  out|   32|      ap_vld|         mux_case_15357920_out|       pointer|
|mux_case_15357920_out_ap_vld   |  out|    1|      ap_vld|         mux_case_15357920_out|       pointer|
|mux_case_14356918_out          |  out|   32|      ap_vld|         mux_case_14356918_out|       pointer|
|mux_case_14356918_out_ap_vld   |  out|    1|      ap_vld|         mux_case_14356918_out|       pointer|
|mux_case_13355916_out          |  out|   32|      ap_vld|         mux_case_13355916_out|       pointer|
|mux_case_13355916_out_ap_vld   |  out|    1|      ap_vld|         mux_case_13355916_out|       pointer|
|mux_case_12354914_out          |  out|   32|      ap_vld|         mux_case_12354914_out|       pointer|
|mux_case_12354914_out_ap_vld   |  out|    1|      ap_vld|         mux_case_12354914_out|       pointer|
|mux_case_11353912_out          |  out|   32|      ap_vld|         mux_case_11353912_out|       pointer|
|mux_case_11353912_out_ap_vld   |  out|    1|      ap_vld|         mux_case_11353912_out|       pointer|
|mux_case_10352910_out          |  out|   32|      ap_vld|         mux_case_10352910_out|       pointer|
|mux_case_10352910_out_ap_vld   |  out|    1|      ap_vld|         mux_case_10352910_out|       pointer|
|mux_case_9351908_out           |  out|   32|      ap_vld|          mux_case_9351908_out|       pointer|
|mux_case_9351908_out_ap_vld    |  out|    1|      ap_vld|          mux_case_9351908_out|       pointer|
|mux_case_8350906_out           |  out|   32|      ap_vld|          mux_case_8350906_out|       pointer|
|mux_case_8350906_out_ap_vld    |  out|    1|      ap_vld|          mux_case_8350906_out|       pointer|
|mux_case_7349904_out           |  out|   32|      ap_vld|          mux_case_7349904_out|       pointer|
|mux_case_7349904_out_ap_vld    |  out|    1|      ap_vld|          mux_case_7349904_out|       pointer|
|mux_case_6348902_out           |  out|   32|      ap_vld|          mux_case_6348902_out|       pointer|
|mux_case_6348902_out_ap_vld    |  out|    1|      ap_vld|          mux_case_6348902_out|       pointer|
|mux_case_5347900_out           |  out|   32|      ap_vld|          mux_case_5347900_out|       pointer|
|mux_case_5347900_out_ap_vld    |  out|    1|      ap_vld|          mux_case_5347900_out|       pointer|
|mux_case_4346898_out           |  out|   32|      ap_vld|          mux_case_4346898_out|       pointer|
|mux_case_4346898_out_ap_vld    |  out|    1|      ap_vld|          mux_case_4346898_out|       pointer|
|mux_case_3345896_out           |  out|   32|      ap_vld|          mux_case_3345896_out|       pointer|
|mux_case_3345896_out_ap_vld    |  out|    1|      ap_vld|          mux_case_3345896_out|       pointer|
|mux_case_2344894_out           |  out|   32|      ap_vld|          mux_case_2344894_out|       pointer|
|mux_case_2344894_out_ap_vld    |  out|    1|      ap_vld|          mux_case_2344894_out|       pointer|
|mux_case_1343892_out           |  out|   32|      ap_vld|          mux_case_1343892_out|       pointer|
|mux_case_1343892_out_ap_vld    |  out|    1|      ap_vld|          mux_case_1343892_out|       pointer|
|mux_case_0342890_out           |  out|   32|      ap_vld|          mux_case_0342890_out|       pointer|
|mux_case_0342890_out_ap_vld    |  out|    1|      ap_vld|          mux_case_0342890_out|       pointer|
|mux_case_15341888_out          |  out|   32|      ap_vld|         mux_case_15341888_out|       pointer|
|mux_case_15341888_out_ap_vld   |  out|    1|      ap_vld|         mux_case_15341888_out|       pointer|
|mux_case_14340886_out          |  out|   32|      ap_vld|         mux_case_14340886_out|       pointer|
|mux_case_14340886_out_ap_vld   |  out|    1|      ap_vld|         mux_case_14340886_out|       pointer|
|mux_case_13339884_out          |  out|   32|      ap_vld|         mux_case_13339884_out|       pointer|
|mux_case_13339884_out_ap_vld   |  out|    1|      ap_vld|         mux_case_13339884_out|       pointer|
|mux_case_12338882_out          |  out|   32|      ap_vld|         mux_case_12338882_out|       pointer|
|mux_case_12338882_out_ap_vld   |  out|    1|      ap_vld|         mux_case_12338882_out|       pointer|
|mux_case_11337880_out          |  out|   32|      ap_vld|         mux_case_11337880_out|       pointer|
|mux_case_11337880_out_ap_vld   |  out|    1|      ap_vld|         mux_case_11337880_out|       pointer|
|mux_case_10336878_out          |  out|   32|      ap_vld|         mux_case_10336878_out|       pointer|
|mux_case_10336878_out_ap_vld   |  out|    1|      ap_vld|         mux_case_10336878_out|       pointer|
|mux_case_9335876_out           |  out|   32|      ap_vld|          mux_case_9335876_out|       pointer|
|mux_case_9335876_out_ap_vld    |  out|    1|      ap_vld|          mux_case_9335876_out|       pointer|
|mux_case_8334874_out           |  out|   32|      ap_vld|          mux_case_8334874_out|       pointer|
|mux_case_8334874_out_ap_vld    |  out|    1|      ap_vld|          mux_case_8334874_out|       pointer|
|mux_case_7333872_out           |  out|   32|      ap_vld|          mux_case_7333872_out|       pointer|
|mux_case_7333872_out_ap_vld    |  out|    1|      ap_vld|          mux_case_7333872_out|       pointer|
|mux_case_6332870_out           |  out|   32|      ap_vld|          mux_case_6332870_out|       pointer|
|mux_case_6332870_out_ap_vld    |  out|    1|      ap_vld|          mux_case_6332870_out|       pointer|
|mux_case_5331868_out           |  out|   32|      ap_vld|          mux_case_5331868_out|       pointer|
|mux_case_5331868_out_ap_vld    |  out|    1|      ap_vld|          mux_case_5331868_out|       pointer|
|mux_case_4330866_out           |  out|   32|      ap_vld|          mux_case_4330866_out|       pointer|
|mux_case_4330866_out_ap_vld    |  out|    1|      ap_vld|          mux_case_4330866_out|       pointer|
|mux_case_3329864_out           |  out|   32|      ap_vld|          mux_case_3329864_out|       pointer|
|mux_case_3329864_out_ap_vld    |  out|    1|      ap_vld|          mux_case_3329864_out|       pointer|
|mux_case_2328862_out           |  out|   32|      ap_vld|          mux_case_2328862_out|       pointer|
|mux_case_2328862_out_ap_vld    |  out|    1|      ap_vld|          mux_case_2328862_out|       pointer|
|mux_case_1327860_out           |  out|   32|      ap_vld|          mux_case_1327860_out|       pointer|
|mux_case_1327860_out_ap_vld    |  out|    1|      ap_vld|          mux_case_1327860_out|       pointer|
|mux_case_0326858_out           |  out|   32|      ap_vld|          mux_case_0326858_out|       pointer|
|mux_case_0326858_out_ap_vld    |  out|    1|      ap_vld|          mux_case_0326858_out|       pointer|
|mux_case_15325856_out          |  out|   32|      ap_vld|         mux_case_15325856_out|       pointer|
|mux_case_15325856_out_ap_vld   |  out|    1|      ap_vld|         mux_case_15325856_out|       pointer|
|mux_case_14324854_out          |  out|   32|      ap_vld|         mux_case_14324854_out|       pointer|
|mux_case_14324854_out_ap_vld   |  out|    1|      ap_vld|         mux_case_14324854_out|       pointer|
|mux_case_13323852_out          |  out|   32|      ap_vld|         mux_case_13323852_out|       pointer|
|mux_case_13323852_out_ap_vld   |  out|    1|      ap_vld|         mux_case_13323852_out|       pointer|
|mux_case_12322850_out          |  out|   32|      ap_vld|         mux_case_12322850_out|       pointer|
|mux_case_12322850_out_ap_vld   |  out|    1|      ap_vld|         mux_case_12322850_out|       pointer|
|mux_case_11321848_out          |  out|   32|      ap_vld|         mux_case_11321848_out|       pointer|
|mux_case_11321848_out_ap_vld   |  out|    1|      ap_vld|         mux_case_11321848_out|       pointer|
|mux_case_10320846_out          |  out|   32|      ap_vld|         mux_case_10320846_out|       pointer|
|mux_case_10320846_out_ap_vld   |  out|    1|      ap_vld|         mux_case_10320846_out|       pointer|
|mux_case_9319844_out           |  out|   32|      ap_vld|          mux_case_9319844_out|       pointer|
|mux_case_9319844_out_ap_vld    |  out|    1|      ap_vld|          mux_case_9319844_out|       pointer|
|mux_case_8318842_out           |  out|   32|      ap_vld|          mux_case_8318842_out|       pointer|
|mux_case_8318842_out_ap_vld    |  out|    1|      ap_vld|          mux_case_8318842_out|       pointer|
|mux_case_7317840_out           |  out|   32|      ap_vld|          mux_case_7317840_out|       pointer|
|mux_case_7317840_out_ap_vld    |  out|    1|      ap_vld|          mux_case_7317840_out|       pointer|
|mux_case_6316838_out           |  out|   32|      ap_vld|          mux_case_6316838_out|       pointer|
|mux_case_6316838_out_ap_vld    |  out|    1|      ap_vld|          mux_case_6316838_out|       pointer|
|mux_case_5315836_out           |  out|   32|      ap_vld|          mux_case_5315836_out|       pointer|
|mux_case_5315836_out_ap_vld    |  out|    1|      ap_vld|          mux_case_5315836_out|       pointer|
|mux_case_4314834_out           |  out|   32|      ap_vld|          mux_case_4314834_out|       pointer|
|mux_case_4314834_out_ap_vld    |  out|    1|      ap_vld|          mux_case_4314834_out|       pointer|
|mux_case_3313832_out           |  out|   32|      ap_vld|          mux_case_3313832_out|       pointer|
|mux_case_3313832_out_ap_vld    |  out|    1|      ap_vld|          mux_case_3313832_out|       pointer|
|mux_case_2312830_out           |  out|   32|      ap_vld|          mux_case_2312830_out|       pointer|
|mux_case_2312830_out_ap_vld    |  out|    1|      ap_vld|          mux_case_2312830_out|       pointer|
|mux_case_1311828_out           |  out|   32|      ap_vld|          mux_case_1311828_out|       pointer|
|mux_case_1311828_out_ap_vld    |  out|    1|      ap_vld|          mux_case_1311828_out|       pointer|
|mux_case_0310826_out           |  out|   32|      ap_vld|          mux_case_0310826_out|       pointer|
|mux_case_0310826_out_ap_vld    |  out|    1|      ap_vld|          mux_case_0310826_out|       pointer|
|mux_case_15309824_out          |  out|   32|      ap_vld|         mux_case_15309824_out|       pointer|
|mux_case_15309824_out_ap_vld   |  out|    1|      ap_vld|         mux_case_15309824_out|       pointer|
|mux_case_14308822_out          |  out|   32|      ap_vld|         mux_case_14308822_out|       pointer|
|mux_case_14308822_out_ap_vld   |  out|    1|      ap_vld|         mux_case_14308822_out|       pointer|
|mux_case_13307820_out          |  out|   32|      ap_vld|         mux_case_13307820_out|       pointer|
|mux_case_13307820_out_ap_vld   |  out|    1|      ap_vld|         mux_case_13307820_out|       pointer|
|mux_case_12306818_out          |  out|   32|      ap_vld|         mux_case_12306818_out|       pointer|
|mux_case_12306818_out_ap_vld   |  out|    1|      ap_vld|         mux_case_12306818_out|       pointer|
|mux_case_11305816_out          |  out|   32|      ap_vld|         mux_case_11305816_out|       pointer|
|mux_case_11305816_out_ap_vld   |  out|    1|      ap_vld|         mux_case_11305816_out|       pointer|
|mux_case_10304814_out          |  out|   32|      ap_vld|         mux_case_10304814_out|       pointer|
|mux_case_10304814_out_ap_vld   |  out|    1|      ap_vld|         mux_case_10304814_out|       pointer|
|mux_case_9303812_out           |  out|   32|      ap_vld|          mux_case_9303812_out|       pointer|
|mux_case_9303812_out_ap_vld    |  out|    1|      ap_vld|          mux_case_9303812_out|       pointer|
|mux_case_8302810_out           |  out|   32|      ap_vld|          mux_case_8302810_out|       pointer|
|mux_case_8302810_out_ap_vld    |  out|    1|      ap_vld|          mux_case_8302810_out|       pointer|
|mux_case_7301808_out           |  out|   32|      ap_vld|          mux_case_7301808_out|       pointer|
|mux_case_7301808_out_ap_vld    |  out|    1|      ap_vld|          mux_case_7301808_out|       pointer|
|mux_case_6300806_out           |  out|   32|      ap_vld|          mux_case_6300806_out|       pointer|
|mux_case_6300806_out_ap_vld    |  out|    1|      ap_vld|          mux_case_6300806_out|       pointer|
|mux_case_5299804_out           |  out|   32|      ap_vld|          mux_case_5299804_out|       pointer|
|mux_case_5299804_out_ap_vld    |  out|    1|      ap_vld|          mux_case_5299804_out|       pointer|
|mux_case_4298802_out           |  out|   32|      ap_vld|          mux_case_4298802_out|       pointer|
|mux_case_4298802_out_ap_vld    |  out|    1|      ap_vld|          mux_case_4298802_out|       pointer|
|mux_case_3297800_out           |  out|   32|      ap_vld|          mux_case_3297800_out|       pointer|
|mux_case_3297800_out_ap_vld    |  out|    1|      ap_vld|          mux_case_3297800_out|       pointer|
|mux_case_2296798_out           |  out|   32|      ap_vld|          mux_case_2296798_out|       pointer|
|mux_case_2296798_out_ap_vld    |  out|    1|      ap_vld|          mux_case_2296798_out|       pointer|
|mux_case_1295796_out           |  out|   32|      ap_vld|          mux_case_1295796_out|       pointer|
|mux_case_1295796_out_ap_vld    |  out|    1|      ap_vld|          mux_case_1295796_out|       pointer|
|mux_case_0294794_out           |  out|   32|      ap_vld|          mux_case_0294794_out|       pointer|
|mux_case_0294794_out_ap_vld    |  out|    1|      ap_vld|          mux_case_0294794_out|       pointer|
|mux_case_15792_out             |  out|   32|      ap_vld|            mux_case_15792_out|       pointer|
|mux_case_15792_out_ap_vld      |  out|    1|      ap_vld|            mux_case_15792_out|       pointer|
|mux_case_14790_out             |  out|   32|      ap_vld|            mux_case_14790_out|       pointer|
|mux_case_14790_out_ap_vld      |  out|    1|      ap_vld|            mux_case_14790_out|       pointer|
|mux_case_13788_out             |  out|   32|      ap_vld|            mux_case_13788_out|       pointer|
|mux_case_13788_out_ap_vld      |  out|    1|      ap_vld|            mux_case_13788_out|       pointer|
|mux_case_12786_out             |  out|   32|      ap_vld|            mux_case_12786_out|       pointer|
|mux_case_12786_out_ap_vld      |  out|    1|      ap_vld|            mux_case_12786_out|       pointer|
|mux_case_11784_out             |  out|   32|      ap_vld|            mux_case_11784_out|       pointer|
|mux_case_11784_out_ap_vld      |  out|    1|      ap_vld|            mux_case_11784_out|       pointer|
|mux_case_10782_out             |  out|   32|      ap_vld|            mux_case_10782_out|       pointer|
|mux_case_10782_out_ap_vld      |  out|    1|      ap_vld|            mux_case_10782_out|       pointer|
|mux_case_9780_out              |  out|   32|      ap_vld|             mux_case_9780_out|       pointer|
|mux_case_9780_out_ap_vld       |  out|    1|      ap_vld|             mux_case_9780_out|       pointer|
|mux_case_8778_out              |  out|   32|      ap_vld|             mux_case_8778_out|       pointer|
|mux_case_8778_out_ap_vld       |  out|    1|      ap_vld|             mux_case_8778_out|       pointer|
|mux_case_7776_out              |  out|   32|      ap_vld|             mux_case_7776_out|       pointer|
|mux_case_7776_out_ap_vld       |  out|    1|      ap_vld|             mux_case_7776_out|       pointer|
|mux_case_6774_out              |  out|   32|      ap_vld|             mux_case_6774_out|       pointer|
|mux_case_6774_out_ap_vld       |  out|    1|      ap_vld|             mux_case_6774_out|       pointer|
|mux_case_5772_out              |  out|   32|      ap_vld|             mux_case_5772_out|       pointer|
|mux_case_5772_out_ap_vld       |  out|    1|      ap_vld|             mux_case_5772_out|       pointer|
|mux_case_4770_out              |  out|   32|      ap_vld|             mux_case_4770_out|       pointer|
|mux_case_4770_out_ap_vld       |  out|    1|      ap_vld|             mux_case_4770_out|       pointer|
|mux_case_3768_out              |  out|   32|      ap_vld|             mux_case_3768_out|       pointer|
|mux_case_3768_out_ap_vld       |  out|    1|      ap_vld|             mux_case_3768_out|       pointer|
|mux_case_2766_out              |  out|   32|      ap_vld|             mux_case_2766_out|       pointer|
|mux_case_2766_out_ap_vld       |  out|    1|      ap_vld|             mux_case_2766_out|       pointer|
|mux_case_1764_out              |  out|   32|      ap_vld|             mux_case_1764_out|       pointer|
|mux_case_1764_out_ap_vld       |  out|    1|      ap_vld|             mux_case_1764_out|       pointer|
|mux_case_0762_out              |  out|   32|      ap_vld|             mux_case_0762_out|       pointer|
|mux_case_0762_out_ap_vld       |  out|    1|      ap_vld|             mux_case_0762_out|       pointer|
+-------------------------------+-----+-----+------------+------------------------------+--------------+

